rank,ticker,sector,industry,exchange,avg_vol_30d,price,rs_score,rs_delta,rs_delta_momentum,pct_from_52w_high,pct_from_52w_low,range_position,price_vs_sma10,price_vs_sma20,price_vs_sma50,price_vs_sma200,percentile,pct_1m,pct_3m,pct_6m,pct_12m,elite_rs,elite_1m,elite_3m,elite_6m,elite_12m,elite_count,market_cap,float_shares,short_float_pct,revenue_growth,avg_vol_10d,avg_vol_50d,tf_count_10,avg_pct,shape_score,date
1,SNDK,Technology,Computer Hardware,NASDAQ,12185536,1816.57,517.72,0,0,-22.84,1759.8,74.1,4.0,6.3,16.2,59.4,99,99,99,99,100.0,1,1,1,1,1,5,262356486507.5182,146419001.0,0.0643,3.716,9931440,14066744,4,99.2,-0.5,2026-09-25
2,AXTI,Technology,Semiconductor Equipment & Materials,NASDAQ,9289740,72.98,416.33,0,0,-49.02,1783.4,52.5,10.3,16.0,17.2,30.0,99,99,99,99,99.9,1,1,1,1,1,5,4592091956.314575,65573212.0,0.1464,1.648,9089200,10323108,4,99.2,-0.5,2026-09-25
3,MRNA,Healthcare,Biotechnology,NASDAQ,27642213,182.11,390.85,0,-4,3.09,771.3,100.0,19.9,27.4,81.4,207.3,99,99,95,94,99.7,1,1,0,0,1,3,61498293661.14327,399235889.0,0.119799994,0.021,15365310,18636262,4,96.9,1.0,2026-09-25
4,TXG,Healthcare,Medical Devices,NASDAQ,2859223,75.62,335.61,0,-2,-5.4,641.7,100.0,13.0,22.1,42.9,160.8,99,99,97,94,99.3,1,1,0,0,1,3,9980303269.991455,130291168.0,0.18190001,-0.127,2931970,2993302,4,97.3,1.1,2026-09-25
5,TWST,Healthcare,Biotechnology,NASDAQ,1727970,158.5,311.99,0,-1,-5.12,623.1,100.0,22.6,28.9,49.6,156.5,99,99,98,88,99.4,1,1,1,0,1,4,11071633410.463226,66301174.0,0.22950001,0.232,2054310,1665906,3,96.1,2.1,2026-09-25
6,MXL,Technology,Semiconductors,NASDAQ,2416133,84.32,295.7,0,0,-34.28,553.7,62.8,12.7,23.4,20.0,67.3,99,99,99,76,98.8,1,1,1,0,1,4,7357031903.016289,90693191.0,0.069299996,0.552,2959930,3077050,3,93.2,4.7,2026-09-25
7,WCT,Technology,Software - Application,NASDAQ,2242930,7.52,290.42,96,94,-69.92,934.7,35.4,2.7,67.4,222.1,88.1,99,3,1,2,6.0,1,0,0,0,0,1,436889132.70187473,56155414.0,0.0022,-0.879,756240,1381682,0,3.0,-1.1,2026-09-25
8,IOVA,Healthcare,Biotechnology,NASDAQ,15436383,10.19,289.8,0,-7,-7.19,496.7,100.0,8.9,17.9,48.2,145.4,99,99,92,88,99.0,1,1,0,0,1,3,4642957178.0,452971432.0,0.20809999,0.657,16695040,17430052,3,94.5,2.9,2026-09-25
9,SLS,Healthcare,Biotechnology,NASDAQ,7360390,11.52,278.23,0,0,-27.46,761.9,75.3,3.2,-5.8,-3.4,60.0,99,99,99,97,99.6,1,1,1,0,1,4,2259308230.2543755,196632574.0,0.288,,7532120,6977026,4,98.7,0.1,2026-09-25
10,MU,Technology,Semiconductors,NASDAQ,26659826,1071.88,267.51,0,0,-14.59,589.0,87.4,7.6,9.5,15.3,64.5,99,99,99,98,99.4,1,1,1,1,1,5,1147237548999.2625,1129393151.0,0.026400002,3.457,25248950,34056128,4,98.8,0.0,2026-09-25
11,QMCO,Technology,Computer Hardware,NASDAQ,2089216,25.97,265.03,0,-6,-6.58,584.2,100.0,18.9,21.3,55.8,175.2,99,99,93,10,94.1,1,1,0,0,0,2,988796931.1034888,39410001.0,0.0465,0.257,1332890,1627848,3,74.0,20.8,2026-09-25
12,ERAS,Healthcare,Biotechnology,NASDAQ,4137456,13.94,263.48,0,0,-42.59,720.3,61.6,-5.3,-10.8,-17.5,6.9,99,99,99,99,99.8,1,1,1,1,1,5,5165985417.058353,349762035.0,0.0988,,5312420,4261532,4,99.2,-0.4,2026-09-25
13,DELL,Technology,Computer Hardware,NYSE,8996673,549.83,255.22,0,-1,-7.67,382.6,89.0,-3.9,2.2,13.5,90.9,99,99,98,88,98.2,1,1,1,0,1,4,361179789212.7228,635812750.0,0.048800003,0.577,9935010,7916562,3,95.8,2.7,2026-09-25
14,NUAI,Technology,Software - Infrastructure,NASDAQ,7369886,6.99,248.65,0,0,-25.99,653.5,84.3,10.8,18.8,29.5,41.3,99,99,99,99,99.9,1,1,1,1,1,5,624437740.7672067,106559339.0,0.2577,-0.825,9226650,7111666,4,99.2,-0.4,2026-09-25
15,PURR,Financial Services,Capital Markets,NASDAQ,26313363,13.94,248.26,1,-2,-3.66,354.5,100.0,9.6,13.7,49.4,109.9,99,98,95,86,,1,1,0,0,0,2,2825942436.7935905,200563691.0,1.46,,26466780,18979100,2,93.0,,2026-09-25
16,ABCL,Healthcare,Biotechnology,NASDAQ,6758043,12.31,247.15,1,-2,-6.6,355.0,99.2,6.7,8.0,33.8,124.8,99,98,95,63,94.4,1,1,0,0,0,2,4092718231.7742777,324047363.0,0.1367,-0.763,4619460,6895082,3,87.6,9.1,2026-09-25
17,CDNA,Healthcare,Diagnostics & Research,NASDAQ,1080926,54.31,241.64,0,-8,-1.54,329.8,100.0,14.3,18.0,31.8,125.6,99,99,91,44,98.3,1,1,0,0,1,3,2784853318.8181915,51734223.0,0.1148,0.522,1094030,1206204,3,83.1,12.1,2026-09-25
18,BAND,Technology,Software - Infrastructure,NASDAQ,817480,59.13,235.34,1,2,-25.23,382.3,74.7,16.1,22.4,18.5,72.1,99,98,99,75,97.2,1,1,1,0,0,3,1616440966.5088043,32180788.0,0.147,0.222,1052860,1006262,3,92.3,4.9,2026-09-25
19,OMER,Healthcare,Biotechnology,NASDAQ,2163220,20.74,232.28,1,-14,5.55,391.0,96.3,9.1,7.8,29.1,58.6,99,98,83,94,98.6,1,1,0,0,1,3,1293579267.6706924,72388316.0,0.18270001,,1634380,1880492,3,93.4,2.0,2026-09-25
20,PLSE,Healthcare,Medical Instruments & Supplies,NASDAQ,599726,51.98,230.97,1,-6,-11.75,309.4,92.1,-1.9,-0.1,18.1,96.1,99,98,91,88,95.8,1,1,0,0,0,2,3842148762.909237,71322607.0,0.1463,,752660,519276,3,93.2,3.8,2026-09-25
21,SYRE,Healthcare,Biotechnology,NASDAQ,1191480,88.17,225.06,0,0,-19.97,457.9,76.6,-3.5,-3.2,-10.7,32.5,99,99,99,98,99.2,1,1,1,1,1,5,7957682020.5,88173762.0,0.1438,,1317510,1110334,4,98.8,0.1,2026-09-25
22,ORKA,Healthcare,Biotechnology,NASDAQ,891446,89.93,224.59,0,0,-22.15,468.0,71.9,-7.8,-8.1,-11.4,37.9,99,99,99,98,98.7,1,1,1,1,1,5,6287272956.42321,66209699.0,0.1714,,1031860,882976,4,98.7,0.3,2026-09-25
23,CPOP,Communication Services,Entertainment,NASDAQ,1539193,5.17,222.56,99,100,-80.19,2169.7,25.8,58.8,190.8,458.3,99.0,99,0,1,10,2.5,1,0,0,0,0,1,4144873.484647274,1008485.0,0.0484,0.648,1216100,4537234,0,3.4,-3.4,2026-09-25
24,AGEN,Healthcare,Biotechnology,NASDAQ,1031313,8.4,222.21,2,-75,-5.08,206.9,100.0,12.4,10.5,18.1,92.3,99,97,20,76,84.5,1,0,0,0,0,1,354521036.29302406,45161916.0,0.1504,0.344,1010630,1639836,1,69.4,18.2,2026-09-25
25,CLYM,Healthcare,Biotechnology,NASDAQ,1686570,12.52,218.25,0,0,-31.7,625.0,63.3,-13.8,-17.5,-16.3,25.9,99,99,99,99,98.9,1,1,1,1,1,5,806979393.7050962,57436255.0,0.17930001,,1858960,1422832,4,99.0,0.0,2026-09-25
26,ETON,Healthcare,Drug Manufacturers - Specialty & Generic,NASDAQ,612813,55.61,217.5,0,-5,-16.21,314.6,90.1,5.0,1.6,13.2,93.6,99,99,94,91,96.7,1,1,0,0,0,2,1586363992.5,28583135.0,0.0652,0.986,418840,591010,4,95.2,3.3,2026-09-25
27,INTC,Technology,Semiconductors,NASDAQ,104156266,122.6,215.26,2,5,-13.87,308.0,87.7,14.6,23.7,29.3,61.7,98,96,99,93,98.4,1,0,1,0,1,3,570641549791.2291,5254526315.0,0.028800001,0.254,119514950,109823416,4,96.6,-0.9,2026-09-25
28,AEHR,Technology,Semiconductor Equipment & Materials,NASDAQ,2744043,97.38,215.18,-1,-1,-33.93,402.2,61.8,6.6,10.7,3.5,45.6,98,99,99,98,96.0,1,1,1,1,0,4,3053340885.7716827,32659546.0,0.14039999,0.337,2738110,3042516,4,98.0,1.7,2026-09-25
29,HELP,Healthcare,Biotechnology,NASDAQ,1791453,13.02,214.81,0,-41,-14.06,225.3,85.9,-4.4,-1.7,15.1,75.2,98,98,57,15,89.2,1,1,0,0,0,2,903871784.79784,73069668.0,1.59,,2209620,1893790,1,64.8,25.1,2026-09-25
30,ANRO,Healthcare,Biotechnology,NYSE,545170,27.5,212.79,-1,-1,-26.63,615.3,71.2,-10.1,-17.5,-12.2,16.7,98,99,99,99,99.6,1,1,1,1,1,5,1187858506.0436096,39242104.0,0.1145,,679250,498742,4,99.1,-0.3,2026-09-25
31,AMD,Technology,Semiconductors,NASDAQ,20380776,614.61,211.38,2,4,5.11,294.6,100.0,12.1,20.9,25.3,73.5,98,96,98,86,98.0,1,0,1,0,1,3,913892189969.0444,1632475042.0,0.0257,0.501,24870180,24111106,3,94.5,0.8,2026-09-25
32,RNG,Technology,Software - Application,NYSE,1466796,79.23,211.05,1,-28,1.64,221.6,100.0,8.0,10.4,27.1,87.6,98,97,68,84,93.7,1,0,0,0,0,1,6000752852.288116,83506162.0,0.1433,0.059,1577350,1939632,2,85.7,7.1,2026-09-25
33,ABSI,Healthcare,Biotechnology,NASDAQ,3285640,9.74,209.59,-1,-1,-19.2,349.8,86.3,15.8,15.9,18.6,83.9,98,99,99,53,97.7,1,1,1,0,0,3,1656075131.0344503,171614010.0,0.2608,-0.464,4069620,3146940,3,87.2,9.8,2026-09-25
34,LITE,Technology,Communication Equipment,NASDAQ,4679836,937.0,206.35,-1,-1,-13.69,521.0,86.3,2.0,1.8,8.7,27.9,98,99,99,99,99.2,1,1,1,1,1,5,83502624591.06445,89700000.0,0.0866,1.093,4813600,4727646,4,99.0,-0.1,2026-09-25
35,BFLY,Healthcare,Medical Devices,NYSE,5170070,9.2,204.98,-1,-2,-8.46,395.3,93.5,14.3,17.7,16.2,71.4,98,99,98,93,98.5,1,1,1,0,1,4,2098327272.5139208,266285183.0,0.1592,0.395,6519840,6307304,4,97.1,1.5,2026-09-25
36,QTTB,Healthcare,Biotechnology,NASDAQ,533183,9.56,203.98,-1,-1,-59.44,409.4,37.9,-12.6,-24.2,-35.1,8.2,98,99,99,99,98.7,1,1,1,1,1,5,313770170.504385,29769466.0,0.1697,,777230,791684,4,98.9,0.2,2026-09-25
37,DRTS,Healthcare,Biotechnology,NASDAQ,621916,14.52,203.16,-1,-4,-8.04,325.6,93.9,-0.7,0.4,6.6,56.4,98,99,96,96,97.5,1,1,0,0,0,2,1376566329.5660477,90325876.0,0.0481,,537150,601298,4,97.1,1.7,2026-09-25
38,PAYS,Technology,Software - Infrastructure,NASDAQ,739263,12.67,201.69,-1,-15,-12.2,307.5,89.2,2.7,1.6,11.1,83.2,98,99,85,86,91.2,1,1,0,0,0,2,696743013.6554413,56462156.0,0.0361,0.481,799850,736362,2,90.3,7.9,2026-09-25
39,STX,Technology,Computer Hardware,NASDAQ,3849010,923.86,201.64,0,1,-19.31,328.1,78.7,7.6,7.6,7.3,44.0,98,98,99,98,98.1,1,1,1,1,1,5,195282841496.63147,227393014.0,0.0427,0.485,4189680,4594988,4,98.3,-0.1,2026-09-25
40,VICR,Technology,Electronic Components,NASDAQ,870120,283.16,201.25,5,11,-26.0,469.7,68.7,28.4,37.0,30.6,31.6,98,93,99,98,98.9,1,0,1,1,1,4,10268891407.322632,46106732.0,0.085,0.493,984520,871576,4,97.2,-4.5,2026-09-25
41,IMMX,Healthcare,Biotechnology,NASDAQ,1528733,11.92,200.49,-1,-3,-21.06,473.5,77.7,-4.4,-10.0,2.4,30.1,98,99,97,99,99.1,1,1,0,1,1,4,894241425.0,71539314.0,0.16239999,,1555490,1585422,4,98.5,0.2,2026-09-25
42,LIFE,Financial Services,Insurance Brokers,NASDAQ,1528803,33.91,199.81,0,-11,-20.31,258.5,79.1,-5.9,-7.1,13.1,,98,98,87,16,,1,1,0,0,0,2,2295340344.0,63759454.0,0.053400002,1.134,1904160,1397298,1,67.0,,2026-09-25
43,MRVL,Technology,Semiconductors,NASDAQ,22627536,260.9,199.09,0,0,-20.91,251.2,76.3,6.5,11.7,18.2,60.2,98,98,98,87,97.3,1,1,1,0,0,3,219508601725.25,898704613.0,0.0509,0.365,18472650,22968318,3,95.1,2.5,2026-09-25
44,UMC,Technology,Semiconductors,NYSE,11608463,24.68,197.53,2,4,-14.78,243.3,81.4,1.4,8.5,17.6,57.5,98,96,98,78,96.7,1,0,1,0,0,2,61719631684.50592,2507908580.0,0.014400001,0.17,13203950,13385648,3,92.2,3.0,2026-09-25
45,RVMD,Healthcare,Biotechnology,NASDAQ,1872266,190.74,196.71,-1,-2,-14.97,370.1,88.1,0.7,-2.3,0.1,41.2,98,99,98,96,98.4,1,1,1,0,1,4,40927538362.99716,214336418.0,0.0479,,2076700,1880340,4,97.9,1.0,2026-09-25
46,ASX,Technology,Semiconductors,NYSE,6757143,43.93,196.06,1,1,-3.49,292.6,95.2,7.6,10.7,13.9,46.7,98,97,97,95,97.6,1,0,0,0,0,1,108390592925.08469,2603665389.0,0.005,0.267,7561640,7712728,4,96.6,0.1,2026-09-25
47,FSLY,Technology,Software - Application,NASDAQ,6505413,29.65,195.36,2,-5,-14.85,239.4,73.4,5.0,12.5,12.7,36.7,98,96,89,99,96.3,1,0,0,1,0,2,3800898097.229004,159300000.0,0.1475,0.233,9784290,6589250,3,95.1,-0.1,2026-09-25
48,DFTX,Healthcare,Biotechnology,NASDAQ,2336596,37.65,194.1,-1,-1,-24.25,275.9,69.7,-4.0,-5.9,-12.5,38.5,98,99,99,97,97.8,1,1,1,0,0,3,5214781514.024925,134366950.0,0.073699996,,2801550,2095174,4,98.2,1.0,2026-09-25
49,CLMT,Basic Materials,Specialty Chemicals,NASDAQ,1302816,54.38,193.47,1,-6,-8.87,204.6,87.4,-5.5,-0.4,11.5,58.9,98,97,90,97,95.7,1,0,0,0,0,1,5185995806.0,87898234.0,0.0529,0.408,1609430,1316996,4,94.9,1.4,2026-09-25
50,AMLX,Healthcare,Drug Manufacturers - Specialty & Generic,NASDAQ,2996623,30.6,191.8,-1,-10,-25.62,164.9,66.3,-6.6,-9.8,8.9,67.9,98,99,90,96,91.4,1,1,0,0,0,2,4136376401.2057343,127626548.0,0.1478,,1636720,2623404,4,94.1,5.3,2026-09-25
51,OKTA,Technology,Software - Infrastructure,NASDAQ,4063760,205.36,190.94,6,1,6.63,228.4,100.0,10.0,16.9,32.2,91.2,98,92,87,28,91.2,1,0,0,0,0,1,31882091785.742188,174820928.0,0.0515,0.106,4365060,3509838,2,74.5,13.7,2026-09-25
52,ECO,Industrials,Marine Shipping,NYSE,650086,78.03,190.83,2,-5,-10.63,177.4,86.1,-3.0,5.1,18.6,51.6,98,96,89,96,94.5,1,0,0,0,0,1,3316843323.095169,39044655.0,0.0418,2.394,885470,595306,3,93.9,1.5,2026-09-25
53,BLZE,Technology,Software - Infrastructure,NASDAQ,2394616,14.06,188.88,-1,-2,-41.39,308.0,59.6,2.5,-0.4,-9.4,62.2,98,99,98,14,54.6,1,1,1,0,0,3,814603990.5548096,61900000.0,0.070700005,0.177,1816180,2609770,2,66.4,39.3,2026-09-25
54,APPS,Technology,Software - Application,NASDAQ,2711216,11.54,188.14,0,0,-24.77,285.8,69.7,-4.3,-1.8,1.5,60.0,98,98,98,14,87.5,1,1,1,0,0,3,1290033206.5343857,121016250.0,0.0871,0.268,2698380,3247580,2,74.4,22.1,2026-09-25
55,IBRX,Healthcare,Biotechnology,NASDAQ,9501973,8.63,187.0,1,1,-30.57,336.4,69.6,2.5,4.8,10.6,23.4,98,97,97,99,97.0,1,0,0,1,0,2,8987411109.885456,1059836273.0,0.3134,0.939,13345040,9340568,4,97.5,-0.4,2026-09-25
56,DOCN,Technology,Software - Infrastructure,NYSE,2639966,141.21,184.5,2,4,-24.69,314.4,73.0,8.2,15.0,15.1,38.4,98,96,98,98,97.7,1,0,1,1,0,3,15301802565.235138,117579550.0,0.0876,0.286,3478050,3062356,4,97.4,-1.4,2026-09-25
57,DMRA,Healthcare,Biotechnology,NASDAQ,566486,20.44,184.48,-1,-2,-46.67,475.9,54.7,-16.1,-23.4,-29.7,-23.2,98,99,98,99,99.5,1,1,1,1,1,5,1394605383.6300926,61735519.0,0.078099996,,1056440,514790,4,98.9,-0.2,2026-09-25
58,TWLO,Technology,Software - Infrastructure,NYSE,2096213,290.7,184.31,4,0,12.52,199.4,100.0,19.0,23.7,33.4,75.7,98,94,90,65,95.5,1,0,0,0,0,1,37447781082.39075,153575220.0,0.0378,0.22,2276720,2178432,3,86.1,5.4,2026-09-25
59,HPE,Technology,Communication Equipment,NYSE,23355990,62.33,183.58,1,-1,-2.99,217.6,100.0,5.8,11.6,18.5,77.9,98,97,95,73,94.0,1,0,0,0,0,1,80656757743.93445,1327464779.0,0.047399998,0.337,24196330,20576890,3,89.7,6.5,2026-09-25
60,SIMO,Technology,Semiconductors,NASDAQ,941303,276.53,182.22,1,2,-22.1,243.2,75.9,5.3,6.9,7.5,41.1,98,97,98,90,95.8,1,0,1,0,0,2,9226637355.804443,33907750.0,0.0558,1.27,802320,1021208,4,95.2,1.9,2026-09-25
61,BE,Industrials,Electrical Equipment & Parts,NYSE,14900180,275.19,182.19,1,3,-21.66,288.2,71.4,-1.2,5.4,16.9,32.0,98,97,99,99,97.2,1,0,1,1,0,3,78235300356.1018,294527346.0,0.0743,1.655,18523680,16009590,4,98.1,-0.7,2026-09-25
62,ACHV,Healthcare,Biotechnology,NASDAQ,1652470,7.83,181.66,1,-2,-9.38,195.5,88.1,3.1,-0.5,8.2,46.8,98,97,94,36,94.6,1,0,0,0,0,1,821161872.1627092,102902490.0,0.1607,,1806030,1424770,3,80.4,13.7,2026-09-25
63,PCLA,Communication Services,Telecom Services,NASDAQ,669173,7.25,181.6,79,152,-63.03,433.3,43.8,-7.7,-1.4,9.7,38.1,98,19,92,1,5.4,1,0,0,0,0,1,66815942.91631222,9613805.0,0.0191,-0.423,1346000,555010,1,29.4,3.1,2026-09-25
64,CRWD,Technology,Software - Infrastructure,NASDAQ,11317146,262.49,181.32,5,3,4.86,196.6,98.4,8.7,14.9,23.2,74.4,97,92,90,31,89.5,0,0,0,0,0,0,243338108951.6977,1023934842.0,0.0241,0.258,13267160,10110118,2,75.6,13.6,2026-09-25
65,RLAY,Healthcare,Biotechnology,NASDAQ,3033216,18.03,180.0,-2,-3,-15.23,304.8,81.6,-5.0,-5.6,-7.8,30.0,97,99,98,97,98.0,0,1,1,0,0,2,4128628361.478359,219141631.0,0.2314,-0.483,4139320,2697530,4,98.0,1.0,2026-09-25
66,PBF,Energy,Oil & Gas Refining & Marketing,NYSE,3367476,70.47,179.7,0,-16,-14.7,176.3,87.8,-3.6,-2.9,3.1,54.0,97,97,81,96,92.6,0,0,0,0,0,0,9149859663.706604,118536849.0,0.1275,0.562,4906030,3419358,3,91.6,4.0,2026-09-25
67,TEAM,Technology,Software - Application,NASDAQ,3931586,195.08,179.49,2,-77,-1.77,237.0,97.8,1.4,2.7,28.0,72.7,97,95,16,5,41.9,0,0,0,0,0,0,48607716337.8257,253138815.0,0.062800005,0.276,3386020,4453544,1,39.5,52.4,2026-09-25
68,WDC,Technology,Computer Hardware,NASDAQ,6691653,473.69,179.32,-1,0,-40.78,321.3,53.7,2.2,0.0,-5.0,14.9,97,98,99,99,98.2,0,1,1,1,1,4,159128345762.47852,360540944.0,0.0619,0.438,7416690,7413778,4,98.6,-0.4,2026-09-25
69,MANE,Healthcare,Biotechnology,NYSE,667863,115.78,178.26,1,3,-11.78,212.5,84.9,8.7,12.3,8.6,,97,96,98,93,,0,0,1,0,0,1,4459874837.25,41778687.0,0.1479,,791680,745318,3,95.7,,2026-09-25
70,EVC,Communication Services,Advertising Agencies,NYSE,1440676,7.88,177.43,-1,0,-42.65,293.9,50.6,-3.5,-4.3,-16.7,23.9,97,98,99,80,96.6,0,1,1,0,0,2,719848796.6025972,92288305.0,0.14130001,1.262,1069720,1464768,3,93.4,4.2,2026-09-25
71,ASST,Financial Services,Asset Management,NASDAQ,9760873,28.99,177.04,20,-43,-65.97,317.9,42.9,3.7,10.7,58.3,97.1,97,77,14,9,4.5,0,0,0,0,0,0,2857610123.2510834,94968764.0,0.2401,0.946,10410660,6934232,0,26.1,56.2,2026-09-25
72,CMPS,Healthcare,Medical Care Facilities,NASDAQ,2632406,13.75,174.22,0,1,-13.36,165.0,79.5,-8.3,-7.0,-1.3,34.9,97,97,98,82,94.3,0,0,1,0,0,1,2103462868.072813,138476822.0,0.1058,,3426540,3073538,3,92.8,4.3,2026-09-25
73,IRDM,Communication Services,Telecom Services,NASDAQ,1030176,48.3,173.98,2,1,-15.53,208.6,82.9,3.0,3.4,2.5,36.1,97,95,94,85,94.8,0,0,0,0,0,0,4956757235.554504,105981552.0,0.028199999,0.038,1345520,1175902,3,92.2,2.2,2026-09-25
74,AYA,Basic Materials,Silver,NASDAQ,1267966,28.19,173.57,0,-5,-7.27,202.1,90.6,0.2,-1.0,10.6,44.9,97,97,92,88,91.7,0,0,0,0,0,0,4099269209.4109497,144036168.0,7.53,1.507,1601050,1031708,3,92.2,5.0,2026-09-25
75,FIVN,Technology,Software - Infrastructure,NASDAQ,1987613,37.68,172.07,5,-25,6.71,169.4,95.8,8.4,9.5,18.9,65.9,97,92,62,15,61.7,0,0,0,0,0,0,2426273142.785248,74723531.0,0.1154,0.103,2531850,2664574,1,57.7,33.6,2026-09-25
76,COHU,Technology,Semiconductor Equipment & Materials,NASDAQ,1013866,64.48,171.85,2,4,-13.57,239.9,81.5,12.9,20.5,21.1,50.6,97,95,97,91,95.1,0,0,0,0,0,0,2733794505.75,47338433.0,0.2215,0.384,1121740,1018336,4,94.5,0.6,2026-09-25
77,MRVI,Healthcare,Biotechnology,NASDAQ,4020470,7.37,171.83,-1,-3,-21.76,184.4,78.6,8.0,5.7,9.2,61.8,97,98,96,55,95.3,0,1,0,0,0,1,1038457097.3907496,148989545.0,0.0872,0.085,2599080,3381484,3,86.1,10.2,2026-09-25
78,PSNL,Healthcare,Diagnostics & Research,NASDAQ,3275386,16.35,171.34,-1,-4,-13.45,228.8,86.4,1.8,0.0,9.9,61.2,97,98,95,65,94.8,0,1,0,0,0,1,1751517860.059082,106799872.0,0.122600004,0.3,2462900,3758892,3,88.2,8.5,2026-09-25
79,NEWP,Basic Materials,Silver,NYSE ARCA,807133,6.53,171.08,-1,-12,-13.51,225.0,85.5,9.9,4.6,13.4,40.6,97,98,87,97,93.8,0,1,0,0,0,1,1113551364.0,185591894.0,0.0326,,1141200,716466,3,93.9,3.4,2026-09-25
80,DK,Energy,Oil & Gas Refining & Marketing,NYSE,2142880,72.26,171.05,0,-10,-12.17,150.8,73.3,-11.5,-9.8,-2.5,41.8,97,97,87,96,88.6,0,0,0,0,0,0,4787782949.371262,61287542.0,0.111899994,0.478,3009690,1803672,2,92.2,5.4,2026-09-25
81,NESR,Energy,Oil & Gas Equipment & Services,NASDAQ,1788403,32.81,170.72,0,-1,-11.18,226.6,86.5,0.3,-2.5,3.3,33.4,97,97,96,97,96.5,0,0,0,0,0,0,3285750329.985077,100851754.0,0.052399997,0.591,1695130,1900862,4,96.6,0.3,2026-09-25
82,SDGR,Healthcare,Health Information Services,NASDAQ,1709663,29.23,170.1,13,-10,-3.88,166.0,95.9,16.0,29.5,53.1,89.6,97,84,61,12,72.1,0,0,0,0,0,0,2170859358.803299,74805628.0,0.2642,0.075,3049270,1447670,0,57.3,22.7,2026-09-25
83,ANDG,Consumer Cyclical,Personal Services,NYSE,542236,53.95,169.87,1,-8,-6.37,191.0,89.6,-1.9,-2.9,6.5,,97,96,87,71,,0,0,0,0,0,0,6425191817.016945,116842910.0,0.2116,0.237,430360,463362,1,84.7,,2026-09-25
84,QURE,Healthcare,Biotechnology,NASDAQ,1142643,42.76,169.46,0,0,-40.2,324.4,47.6,-11.5,-15.4,-13.8,30.6,97,97,97,31,95.1,0,0,0,0,0,0,3052122128.0,69366412.0,0.1443,0.11,1176270,1257754,3,80.0,14.1,2026-09-25
85,REPL,Healthcare,Biotechnology,NASDAQ,2604386,12.96,169.33,-1,-7,-20.64,641.2,76.3,-2.8,-11.0,-1.3,43.0,97,98,92,49,97.9,0,1,0,0,0,1,1231450587.6264496,94219634.0,0.4075,,2191410,4670116,3,84.2,10.5,2026-09-25
86,GH,Healthcare,Diagnostics & Research,NASDAQ,1965296,176.31,168.73,2,2,-3.92,206.0,94.7,2.4,5.1,8.9,45.4,97,95,95,89,95.9,0,0,0,0,0,0,24072109629.854736,134196170.0,0.0858,0.443,1772960,1990986,3,93.7,0.7,2026-09-25
87,DINO,Energy,Oil & Gas Refining & Marketing,NYSE,2632716,106.14,168.54,2,-13,-9.82,130.6,84.7,-4.0,-0.9,9.5,53.2,97,95,80,90,87.9,0,0,0,0,0,0,20605148370.376625,177783849.0,0.0641,0.532,3098000,2835058,2,88.2,6.0,2026-09-25
88,GTE,Energy,Oil & Gas E&P,NYSE ARCA,641526,9.97,168.52,2,-36,-13.45,196.8,89.1,-2.7,-1.3,12.7,37.8,97,95,57,96,93.6,0,0,0,0,0,0,364418425.4482813,35380429.0,0.0416,0.253,647000,1023754,3,85.4,4.3,2026-09-25
89,SMTC,Technology,Semiconductors,NASDAQ,3473333,169.33,168.38,9,17,-8.7,191.7,91.6,4.1,12.6,25.5,54.1,97,88,96,88,95.5,0,0,0,0,0,0,17265240810.0,93325626.0,0.0942,0.327,3744300,2975410,2,91.9,-4.5,2026-09-25
90,PENG,Technology,Information Technology Services,NASDAQ,1462583,53.88,168.04,1,3,-40.04,226.8,56.5,4.1,5.0,-1.6,37.8,97,96,98,30,85.9,0,0,1,0,0,1,2731235817.6049232,51242699.0,0.17969999,0.476,1367820,2198972,2,77.5,18.0,2026-09-25
91,ILMN,Healthcare,Diagnostics & Research,NASDAQ,2986210,255.38,167.91,2,-3,2.13,201.0,100.0,18.1,22.3,31.7,73.4,97,95,90,77,94.9,0,0,0,0,0,0,36182619262.69531,151000000.0,0.105399996,0.094,5574230,2617402,3,89.2,4.1,2026-09-25
92,TH,Industrials,Specialty Business Services,NASDAQ,1889183,21.2,167.58,1,1,-1.03,244.9,100.0,7.1,10.8,21.8,58.0,97,96,96,79,93.1,0,0,0,0,0,0,2075133022.8601685,97929824.0,0.1369,0.387,3146790,1546410,3,91.0,4.8,2026-09-25
93,VLO,Energy,Oil & Gas Refining & Marketing,NYSE,3042623,375.84,167.47,1,-10,-9.8,144.8,88.2,-2.8,1.0,11.6,51.6,97,96,85,93,92.1,0,0,0,0,0,0,118994660730.60603,287927461.0,0.0399,0.517,4492280,3000224,3,91.5,3.7,2026-09-25
94,ATRC,Healthcare,Medical Instruments & Supplies,NASDAQ,1188253,59.96,167.41,5,-59,0.13,135.0,100.0,6.1,12.6,32.2,69.9,97,92,28,25,78.8,0,0,0,0,0,0,2955331603.784195,50866294.0,0.0848,0.128,1998000,1090812,1,55.9,26.4,2026-09-25
95,ARM,Technology,Semiconductors,NASDAQ,4545180,332.56,167.35,10,20,-26.54,193.0,60.3,8.4,15.5,16.3,45.2,97,87,97,82,90.4,0,0,0,0,0,0,294351069957.5797,1067998569.0,0.115200005,0.224,6146370,5099818,2,89.1,-1.7,2026-09-25
96,XNCR,Healthcare,Biotechnology,NASDAQ,1469073,24.26,166.79,-1,-17,-20.74,131.4,71.4,-1.8,-6.7,2.9,53.0,97,98,82,62,92.0,0,1,0,0,0,1,1838015922.785574,74353397.0,0.2845,0.175,1613290,1328928,2,83.5,11.8,2026-09-25
97,VSTS,Industrials,Rental & Leasing Services,NYSE,1519413,13.87,166.61,2,3,-17.93,239.2,78.6,2.1,5.2,-0.5,32.6,97,95,96,80,97.0,0,0,0,0,0,0,1826452610.7679367,132160105.0,0.097399995,-0.018,1877190,1444062,3,92.0,1.9,2026-09-25
98,PANW,Technology,Software - Infrastructure,NASDAQ,6427000,393.3,166.07,1,-3,-1.4,175.2,97.6,5.7,8.4,9.6,60.2,97,96,92,29,85.4,0,0,0,0,0,0,297408429016.1133,818000000.0,0.026500002,0.345,6925050,6326176,2,75.6,19.1,2026-09-25
99,CRSR,Technology,Computer Hardware,NASDAQ,1408606,13.52,166.06,4,-10,-9.73,195.9,91.8,1.8,6.3,14.7,69.0,97,93,79,21,75.3,0,0,0,0,0,0,1447407723.7998705,108176959.0,0.2029,-0.018,1115050,1673286,1,67.1,24.7,2026-09-25
100,GRAL,Healthcare,Diagnostics & Research,NASDAQ,879966,108.52,165.53,11,-3,-8.68,191.0,100.0,41.8,48.9,63.8,72.9,97,86,72,59,95.4,0,0,0,0,0,0,3607691570.2384186,44666234.0,0.1936,0.257,1417630,792214,1,78.1,2.1,2026-09-25
101,MPC,Energy,Oil & Gas Refining & Marketing,NYSE,2874573,388.38,165.22,2,-16,-9.26,140.4,87.1,-3.2,-0.4,10.7,53.7,97,95,77,90,89.3,0,0,0,0,0,0,119319637664.714,280824763.0,0.031400003,0.537,3739330,2612480,2,87.8,5.7,2026-09-25
102,MAN,Industrials,Staffing & Employment Services,NYSE,809536,57.37,164.85,-1,-34,-10.19,121.4,84.1,-0.7,-3.6,0.5,53.7,96,97,64,25,72.5,0,0,0,0,0,0,2680581026.4152527,46505570.0,0.14039999,0.075,806500,1124662,1,64.6,29.9,2026-09-25
103,PUBM,Technology,Software - Application,NASDAQ,680170,17.45,163.21,0,-11,-9.07,195.4,100.0,8.0,10.0,18.7,70.4,96,96,85,31,90.0,0,0,0,0,0,0,799403535.7980614,45550061.0,0.0616,0.105,670500,671538,2,75.5,17.1,2026-09-25
104,TNGX,Healthcare,Biotechnology,NASDAQ,2460020,24.45,163.07,-1,1,-28.9,256.4,68.2,4.6,5.0,-3.3,20.6,96,97,99,99,96.9,0,0,1,1,0,2,3667275482.25,168610367.0,0.2557,,3249530,2384722,4,98.0,-0.5,2026-09-25
105,FTNT,Technology,Software - Infrastructure,NASDAQ,4421360,178.74,162.31,3,3,1.5,137.5,99.9,4.8,7.8,10.9,55.0,96,93,93,38,89.4,0,0,0,0,0,0,124613924138.58035,733713653.0,0.0223,0.256,4770440,4925872,2,78.3,12.8,2026-09-25
106,NAT,Energy,Oil & Gas Midstream,NYSE,4183840,7.62,162.13,1,-3,-8.52,148.7,88.6,-1.6,3.9,11.8,39.5,96,95,91,97,92.9,0,0,0,0,0,0,1746942969.75,211750663.0,0.081199996,0.975,5475280,3753182,4,94.0,1.1,2026-09-25
107,HZO,Consumer Cyclical,Specialty Retail,NYSE,796296,52.42,161.12,0,-9,-0.27,144.6,99.5,0.1,0.3,14.0,55.4,96,96,87,70,88.2,0,0,0,0,0,0,1160878821.9315147,22086735.0,0.1432,-0.07,786790,748374,1,85.3,10.0,2026-09-25
108,CADL,Healthcare,Biotechnology,NASDAQ,1357390,11.29,160.97,-2,-6,-19.36,161.3,76.4,4.1,-4.0,2.1,48.2,96,98,94,35,90.9,0,1,0,0,0,1,794982121.100378,73270239.0,0.2061,,1556490,1268992,3,79.5,16.6,2026-09-25
109,MEI,Technology,Electronic Components,NYSE,746926,14.83,160.24,3,8,-27.23,188.3,66.2,5.6,-4.4,-5.6,36.9,96,93,98,23,83.3,0,0,1,0,0,1,473009869.6270104,35645053.0,0.0934,0.104,657140,680540,2,74.3,18.3,2026-09-25
110,INSW,Energy,Oil & Gas Midstream,NYSE,670870,101.96,160.23,1,-3,-9.88,142.2,90.7,-1.7,1.2,7.4,35.7,96,95,91,95,91.0,0,0,0,0,0,0,5505405293.228783,49531311.0,0.0859,1.401,899550,603768,4,93.0,2.4,2026-09-25
111,NEO,Healthcare,Diagnostics & Research,NASDAQ,1791076,18.36,160.1,0,-3,-8.34,172.0,97.2,3.9,7.1,17.8,61.8,96,96,93,24,92.3,0,0,0,0,0,0,2557945990.796204,128475440.0,0.14479999,0.112,2002470,2322216,3,76.3,16.6,2026-09-25
112,UGP,Energy,Oil & Gas Refining & Marketing,NYSE,3406883,7.66,159.78,6,-14,0.39,106.3,95.8,-0.6,3.6,11.9,37.5,96,90,70,91,86.6,0,0,0,0,0,0,8077399715.779644,1065620026.0,0.0047,0.219,3618860,3794696,2,84.4,3.5,2026-09-25
113,FORM,Technology,Semiconductor Equipment & Materials,NASDAQ,1134560,131.26,159.48,2,5,-18.1,265.8,75.2,12.6,18.2,15.9,22.1,96,94,97,98,97.1,0,0,0,1,0,1,9247931210.93502,78120725.0,0.053600002,0.319,1246720,1242368,4,96.5,-2.7,2026-09-25
114,NTRA,Healthcare,Diagnostics & Research,NASDAQ,1371240,390.79,159.4,2,-7,5.71,155.2,100.0,13.6,18.8,31.3,68.3,96,94,85,72,91.6,0,0,0,0,0,0,53245417067.78687,144144170.0,0.0394,0.377,1677450,1312772,2,85.6,6.5,2026-09-25
115,FRO,Energy,Oil & Gas Midstream,NYSE,3139203,47.56,159.19,3,-1,-13.39,133.1,81.9,-4.9,0.8,11.6,36.5,96,93,89,96,88.9,0,0,0,0,0,0,11447268596.165314,222622890.0,0.0675,0.965,4671200,2621586,2,91.7,1.8,2026-09-25
116,CORT,Healthcare,Biotechnology,NASDAQ,1405133,112.94,159.18,-2,-11,-10.63,268.6,94.5,4.6,4.2,8.0,72.1,96,98,89,9,71.0,0,1,0,0,0,1,11922172304.097038,108098397.0,0.111999996,0.317,2616900,1392762,1,66.8,32.2,2026-09-25
117,AMBQ,Technology,Semiconductors,NYSE,532563,69.13,158.99,8,18,-24.54,202.8,68.2,7.4,12.4,7.1,38.0,96,88,98,23,90.2,0,0,1,0,0,1,1583119704.418396,24184536.0,0.079,0.897,731360,522386,2,74.8,10.9,2026-09-25
118,ICHR,Technology,Semiconductor Equipment & Materials,NASDAQ,659466,58.4,158.95,-1,1,-48.58,296.3,43.1,3.5,2.6,-14.5,-0.4,96,97,99,98,96.0,0,0,1,1,0,2,2052491720.624691,37454229.0,0.0775,0.227,714850,820022,4,97.5,0.1,2026-09-25
119,URGN,Healthcare,Biotechnology,NASDAQ,839240,41.63,158.8,-1,-3,-18.07,151.1,73.3,-3.1,-5.2,-6.0,40.8,96,97,95,68,91.9,0,0,0,0,0,0,2114084393.0,48880564.0,0.1304,1.992,764360,842772,3,88.0,8.6,2026-09-25
120,CVI,Energy,Oil & Gas Refining & Marketing,NYSE,1080143,51.8,158.29,11,-50,-5.2,147.6,91.5,-0.6,8.3,28.9,62.3,96,85,24,84,69.4,0,0,0,0,0,0,5397487722.252232,100530599.0,0.1825,0.555,1342250,1056386,0,65.6,14.1,2026-09-25
121,SLN,Healthcare,Biotechnology,NASDAQ,1109750,11.51,158.25,-2,-6,-34.51,160.9,62.2,-9.7,-15.1,-11.3,39.5,96,98,94,68,91.1,0,1,0,0,0,1,758279837.3450489,62154086.0,0.0481,,885200,1190488,3,87.8,9.9,2026-09-25
122,PGEN,Healthcare,Biotechnology,NASDAQ,4813750,7.44,157.71,1,1,-7.46,148.4,96.4,5.0,7.3,16.3,58.8,96,95,95,93,87.6,0,0,0,0,0,0,2785514296.7787843,358035247.0,0.2161,63.227,4959960,4905310,3,92.6,4.1,2026-09-25
123,FTK,Energy,Oil & Gas Equipment & Services,NYSE,619310,30.43,157.49,5,-4,-23.29,118.3,61.4,0.4,9.3,4.8,39.6,96,91,82,82,90.8,0,0,0,0,0,0,1137321456.7830029,36220429.0,0.24200001,0.703,485460,564566,2,86.5,2.8,2026-09-25
124,STLN,Healthcare,Medical Care Facilities,NASDAQ,1306520,6.82,156.5,2,1,-4.35,173.0,90.2,-0.7,2.5,9.5,51.3,96,94,93,85,86.1,0,0,0,0,0,0,709336164.2877913,101916115.0,0.0761,0.346,1573190,1554152,2,89.5,5.9,2026-09-25
125,HUT,Financial Services,Capital Markets,NASDAQ,4909910,102.46,156.45,2,7,-27.23,206.2,68.5,6.4,11.6,8.8,29.4,96,94,99,96,94.7,0,0,1,0,0,1,12170639607.009369,123259468.0,0.1319,0.814,4784930,4832858,4,95.9,-1.2,2026-09-25
126,VSXY,Consumer Cyclical,Apparel Retail,NYSE,1930880,83.34,156.35,-2,-2,-18.66,227.5,78.3,8.2,4.7,-1.4,28.5,96,98,98,93,96.8,0,1,1,0,0,2,6216011583.612053,79764039.0,0.16290002,0.104,1977470,1844560,4,96.5,1.6,2026-09-25
127,NEOG,Healthcare,Medical Devices,NASDAQ,2320330,13.57,156.05,4,-2,3.83,154.9,100.0,7.6,11.8,19.1,39.9,96,92,86,88,92.9,0,0,0,0,0,0,2835378065.0,218106005.0,0.0648,-0.001,3704860,2322798,2,89.7,0.9,2026-09-25
128,LQDA,Healthcare,Drug Manufacturers - Specialty & Generic,NASDAQ,1493210,67.49,154.46,0,2,-27.9,225.5,71.0,5.2,4.2,-6.6,32.5,96,96,98,96,96.2,0,0,1,0,0,1,5947511016.871681,88928099.0,0.16440001,18.427,1322780,1408268,4,96.5,-0.3,2026-09-25
129,SMWB,Technology,Software - Application,NYSE,937836,8.58,154.45,-1,-19,-13.07,223.2,69.8,-9.0,-12.0,-5.4,40.9,96,97,79,3,11.8,0,0,0,0,0,0,726286793.5229492,88248704.0,0.0119,0.088,544680,875290,1,47.7,63.2,2026-09-25
130,FGI,Consumer Cyclical,"Furnishings, Fixtures & Appliances",NASDAQ,3634900,8.41,154.37,10,-46,-57.8,138.3,56.0,-9.5,-0.6,19.9,37.0,96,86,30,25,39.2,0,0,0,0,0,0,17893226.47804928,1931271.0,0.0859,0.029,74560,2191354,0,45.1,41.2,2026-09-25
131,AUGO,Basic Materials,Gold,NASDAQ,1006450,85.34,154.17,0,-7,-22.64,175.2,67.0,-4.0,-3.4,11.8,16.3,96,96,89,98,93.2,0,0,0,1,0,1,7398601394.75,83836843.0,0.1467,0.764,1149170,947564,3,94.1,1.7,2026-09-25
132,VSAT,Technology,Communication Equipment,NASDAQ,1697270,73.68,153.42,1,3,-20.8,159.5,73.8,0.3,1.9,-1.9,23.7,95,94,96,98,93.6,0,0,0,1,0,1,10521788389.442368,137755810.0,0.0926,-0.012,1857530,1912268,4,95.4,-0.8,2026-09-25
133,PSX,Energy,Oil & Gas Refining & Marketing,NYSE,3109716,256.48,153.24,2,-24,-7.45,101.9,87.6,-2.6,-0.4,9.6,42.2,95,93,67,89,87.0,0,0,0,0,0,0,108984584735.42432,399020916.0,0.0161,0.531,3826880,2901470,1,84.0,6.4,2026-09-25
134,ADPT,Healthcare,Diagnostics & Research,NASDAQ,1989313,27.89,153.13,0,-5,-2.89,138.3,100.0,9.5,13.9,19.5,62.5,95,95,90,73,89.6,0,0,0,0,0,0,4566037137.029572,159595842.0,0.092700005,0.215,2310000,2319702,2,86.9,7.6,2026-09-25
135,CAKE,Consumer Cyclical,Restaurants,NASDAQ,1597980,104.41,153.09,-2,-12,-11.86,143.5,83.5,4.6,0.4,2.6,46.1,95,97,87,61,86.7,0,0,0,0,0,0,4802398893.640183,49760634.0,0.36180001,0.077,1441450,1704950,1,82.9,13.3,2026-09-25
136,AAOI,Technology,Communication Equipment,NASDAQ,8524113,101.06,153.07,-4,-4,-56.75,418.4,40.0,-0.4,-2.7,-9.5,-5.3,95,99,99,99,97.5,0,1,1,1,0,3,8929594258.661942,84906289.0,0.1475,0.864,7087520,9714208,4,98.6,0.7,2026-09-25
137,LPG,Energy,Oil & Gas Midstream,NYSE,573776,53.16,152.53,3,-10,-11.36,125.9,87.6,-3.5,0.5,10.4,42.0,95,92,79,89,81.5,0,0,0,0,0,0,2487812965.4311905,42782681.0,0.059699997,1.24,646580,597556,1,85.4,7.2,2026-09-25
138,PARR,Energy,Oil & Gas Refining & Marketing,NYSE,938243,76.97,152.09,0,-14,-12.25,130.7,81.7,-6.9,-5.5,-2.9,31.8,95,95,81,98,90.5,0,0,0,1,0,1,4226905667.5927353,50099627.0,0.1304,0.568,1058050,1006850,3,91.1,3.1,2026-09-25
139,ARCT,Healthcare,Biotechnology,NASDAQ,1300590,13.3,151.91,0,-77,-44.97,155.3,48.7,-6.2,-8.1,31.9,70.6,95,95,18,29,8.5,0,0,0,0,0,0,455621815.5865727,28423069.0,0.26680002,-0.895,837820,985508,1,37.6,64.2,2026-09-25
140,ALAB,Technology,Semiconductors,NASDAQ,3845946,360.46,151.87,4,12,-27.83,259.5,68.0,16.6,20.1,18.5,53.2,95,91,99,40,75.9,0,0,1,0,0,1,52609357788.0,173485104.0,0.0683,1.045,4477360,4233442,2,76.5,16.9,2026-09-25
141,UTZ,Consumer Defensive,Packaged Foods,NYSE,1896620,14.23,151.86,2,-70,-0.7,109.4,99.5,-0.0,0.1,4.5,44.9,95,93,21,16,40.8,0,0,0,0,0,0,2050021880.1696644,143962213.0,0.0908,0.014,1560950,3996396,1,42.7,48.7,2026-09-25
142,ELVN,Healthcare,Biotechnology,NASDAQ,1214250,46.09,151.75,-3,-5,-26.04,198.3,65.3,-11.0,-17.7,-19.3,14.4,95,98,96,97,91.4,0,1,0,0,0,1,3623239187.3511534,73270761.0,0.1691,,1950060,1128824,4,95.6,3.7,2026-09-25
143,SGMT,Healthcare,Biotechnology,NASDAQ,1112700,10.42,151.61,5,-20,-8.99,100.2,68.9,-14.3,-14.7,-3.3,29.2,95,90,65,41,61.6,0,0,0,0,0,0,689339471.2546577,62158653.0,0.1656,,955930,1118566,1,64.4,26.5,2026-09-25
144,SSL,Basic Materials,Specialty Chemicals,NYSE,1632853,14.29,151.61,8,2,-5.86,168.3,91.7,-0.1,6.9,16.6,34.0,95,87,81,98,91.9,0,0,0,1,0,1,8795037168.215528,641037682.0,0.0104,0.179,2265930,1427440,2,89.5,-4.1,2026-09-25
145,XMTR,Industrials,Industrial Distribution,NASDAQ,619960,105.01,151.47,8,17,-1.01,169.8,88.9,4.6,5.3,6.9,37.4,95,87,96,45,82.8,0,0,0,0,0,0,5570704841.633766,57323573.0,0.0809,0.411,946400,729820,1,77.7,9.6,2026-09-25
146,HNGE,Healthcare,Health Information Services,NYSE,1854430,92.28,151.12,-1,-3,-4.53,195.1,95.4,-0.7,0.1,5.9,54.5,95,96,94,31,77.0,0,0,0,0,0,0,7657900296.429909,80694417.0,0.088199995,0.53,2083280,1827750,2,74.5,22.7,2026-09-25
147,RBRK,Technology,Software - Infrastructure,NYSE,3705166,115.57,151.12,5,-22,6.03,159.8,97.5,9.3,15.4,25.0,60.5,95,90,63,15,66.6,0,0,0,0,0,0,22121455855.637123,207304433.0,0.0923,0.379,3631630,3304730,1,58.6,29.4,2026-09-25
148,TGB,Basic Materials,Copper,NYSE ARCA,5376846,9.06,150.81,0,-12,-7.74,139.8,88.0,7.2,4.2,9.5,23.2,95,95,83,94,92.8,0,0,0,0,0,0,3162441593.184133,366023318.0,1.18,1.848,5065360,5801890,3,91.2,2.5,2026-09-25
149,TVTX,Healthcare,Biotechnology,NASDAQ,1354156,59.83,150.65,-2,-2,-12.95,153.6,84.2,-4.7,-6.7,-2.0,37.3,95,97,97,84,93.0,0,0,0,0,0,0,5915825348.105904,94261082.0,0.1658,0.482,1610580,1478624,3,92.8,4.6,2026-09-25
150,AMPL,Technology,Software - Application,NASDAQ,1785936,13.76,150.5,1,-72,-6.78,144.0,93.0,2.6,2.3,16.0,51.3,95,94,21,12,39.9,0,0,0,0,0,0,1750574021.9048862,132619246.0,0.0866,0.212,1577260,1917406,1,41.7,50.7,2026-09-25
151,CMBT,Energy,Oil & Gas Midstream,NYSE,1092080,19.16,150.15,3,-5,-7.97,111.3,88.0,-2.9,-0.4,9.0,33.9,95,92,84,86,88.4,0,0,0,0,0,0,5887544878.668358,290169769.0,0.007900001,0.815,993660,966398,1,87.6,3.8,2026-09-25
152,SOPH,Healthcare,Health Information Services,NASDAQ,627540,8.08,150.08,-2,-13,-10.02,140.8,88.0,2.5,0.9,11.9,48.1,95,97,86,80,89.5,0,0,0,0,0,0,687102193.3361454,83895266.0,0.0137,0.272,825180,546072,1,88.1,8.3,2026-09-25
153,LFST,Healthcare,Medical Care Facilities,NASDAQ,5135216,12.08,149.6,-1,-5,-10.91,145.3,81.6,-7.0,-6.5,-1.1,37.0,95,96,92,59,90.6,0,0,0,0,0,0,4778537511.776161,380154147.0,0.0738,0.261,7862820,4563336,3,84.4,10.5,2026-09-25
154,OSCR,Healthcare,Healthcare Plans,NYSE,5330536,30.53,149.52,-2,-4,-11.46,166.1,78.5,-9.4,-8.3,-5.9,34.6,95,97,95,20,75.4,0,0,0,0,0,0,9916764179.668428,308645000.0,0.0647,0.704,6112170,5316918,2,71.9,26.4,2026-09-25
155,FOSL,Consumer Cyclical,Footwear & Accessories,NASDAQ,800606,6.17,149.46,1,-4,-1.28,226.8,92.7,9.3,11.6,14.4,32.2,95,94,89,97,86.9,0,0,0,0,0,0,323485132.0323429,59138052.0,0.1223,-0.049,812940,857048,2,91.7,3.4,2026-09-25
156,VREX,Healthcare,Medical Devices,NASDAQ,899193,18.45,149.13,1,-61,-0.97,98.2,98.8,-0.0,-0.1,16.3,44.8,95,94,32,41,73.2,0,0,0,0,0,0,779321243.7930298,42148256.0,0.0336,0.037,750460,934286,1,60.1,27.2,2026-09-25
157,NBIS,Communication Services,Internet Content & Information,NASDAQ,19836683,226.61,148.39,-2,-1,-24.43,229.6,79.7,9.0,10.1,13.6,49.0,95,97,98,96,91.3,0,0,1,0,0,1,60770513606.52017,271855218.0,0.1917,4.54,15839600,21499564,4,95.6,2.9,2026-09-25
158,UCTT,Technology,Semiconductor Equipment & Materials,NASDAQ,880470,77.29,148.25,-1,2,-46.41,253.4,45.4,8.0,8.2,-4.2,9.3,95,96,99,98,94.3,0,0,1,1,0,2,3198369300.9250946,45277029.0,0.107200004,0.243,754730,1110900,4,96.8,0.1,2026-09-25
159,BB,Technology,Software - Infrastructure,NYSE,10784896,8.38,148.11,2,7,-38.34,177.1,57.8,7.7,9.1,4.7,39.9,95,93,98,28,88.3,0,0,1,0,0,1,4682942309.542257,586100431.0,0.0619,0.256,13986930,12832322,2,76.8,14.9,2026-09-25
160,NRIX,Healthcare,Biotechnology,NASDAQ,1268780,23.88,148.08,0,-2,-15.41,187.0,78.8,-5.5,-7.5,-6.3,21.7,95,95,93,77,95.3,0,0,0,0,0,0,2640206070.9453983,103781683.0,0.1749,-0.795,1442890,1189140,3,90.1,3.6,2026-09-25
161,CGAU,Basic Materials,Gold,NYSE,1473746,22.61,147.88,-1,-14,-7.79,132.9,89.8,1.2,0.0,10.4,26.4,95,96,83,95,92.7,0,0,0,0,0,0,4502885683.362026,195607541.0,3.5,0.535,1272000,1517362,3,91.7,3.2,2026-09-25
162,HAE,Healthcare,Medical Devices,NYSE,722240,106.82,147.82,1,-16,-3.29,122.4,95.4,-0.0,1.2,11.6,42.8,95,94,77,28,88.8,0,0,0,0,0,0,4931880397.82299,45497051.0,0.0736,0.056,647480,729788,1,71.9,17.5,2026-09-25
163,TSEM,Technology,Semiconductors,NASDAQ,1677866,230.5,147.13,-1,1,-27.96,220.4,60.0,1.9,2.1,-3.8,12.7,95,96,98,98,96.5,0,0,1,1,0,2,25273785953.88794,113031240.0,0.0227,0.237,2330510,1931418,4,97.1,-0.8,2026-09-25
164,ACRS,Healthcare,Biotechnology,NASDAQ,2224326,5.26,147.01,-3,-6,-20.3,197.2,75.6,-1.1,-6.2,-6.8,22.7,95,98,95,96,95.2,0,1,0,0,0,1,809593911.5,147198893.0,0.1171,-0.083,3410190,2199250,4,96.0,2.1,2026-09-25
165,MRX,Financial Services,Capital Markets,NASDAQ,771260,71.59,146.55,0,-5,-9.51,157.4,88.8,0.1,-0.8,5.4,37.6,95,95,90,79,90.7,0,0,0,0,0,0,5350937375.396881,71930870.0,0.0381,0.321,755920,721292,3,88.7,5.9,2026-09-25
166,ZETA,Technology,Software - Infrastructure,NYSE,6385076,29.79,146.48,5,-19,-9.2,103.2,82.8,-2.8,-3.7,8.5,41.4,95,90,66,34,64.7,0,0,0,0,0,0,7588141164.24509,251013605.0,0.1097,0.435,5049100,7730238,1,63.7,26.3,2026-09-25
167,TRLV,Healthcare,Drug Manufacturers - Specialty & Generic,NYSE,1869963,12.54,146.44,2,0,-5.57,157.8,91.1,5.4,4.9,20.6,45.0,95,93,91,42,80.6,0,0,0,0,0,0,2131696882.35376,192565216.0,0.0087,-0.103,2943650,1432412,2,76.7,16.6,2026-09-25
168,NET,Technology,Software - Infrastructure,NYSE,3283696,352.33,146.28,6,-18,4.24,124.0,100.0,8.1,15.0,21.0,55.9,95,89,65,77,76.0,0,0,0,0,0,0,115227397947.3381,356079715.0,0.0239,0.359,3520330,3496438,0,76.7,11.3,2026-09-25
169,KNSA,Healthcare,Drug Manufacturers - Specialty & Generic,NASDAQ,509043,76.08,146.03,-2,-10,-8.27,112.2,87.7,-1.9,-3.2,0.2,37.0,94,96,88,90,89.3,0,0,0,0,0,0,6026574597.442726,78024013.0,0.094799995,0.554,598460,591038,2,90.8,5.3,2026-09-25
170,BVS,Healthcare,Medical Devices,NASDAQ,541190,13.61,145.93,-1,-19,-14.36,107.7,80.1,2.9,-0.1,0.8,34.4,94,95,77,80,86.6,0,0,0,0,0,0,881819385.7074623,68305143.0,0.055,0.038,477470,661344,1,84.7,9.0,2026-09-25
171,GTLB,Technology,Software - Infrastructure,NASDAQ,5270253,49.01,145.73,9,-42,-11.77,150.4,92.3,-0.4,2.0,17.8,51.9,94,85,34,9,25.2,0,0,0,0,0,0,8202456373.729706,166615000.0,0.0964,0.213,3828650,4813938,0,38.3,50.2,2026-09-25
172,HALO,Healthcare,Biotechnology,NASDAQ,2066056,112.44,145.0,2,-22,-0.2,87.0,100.0,4.9,5.8,17.3,50.4,94,92,68,51,70.4,0,0,0,0,0,0,12762849753.631592,113498000.0,0.1719,0.477,2549680,2101960,1,70.3,21.4,2026-09-25
173,FCEL,Industrials,Electrical Equipment & Parts,NASDAQ,7644103,17.18,143.97,-4,-3,-54.65,173.2,34.6,-1.9,-1.4,-13.7,16.5,94,98,99,57,83.4,0,1,1,0,0,2,1447970538.3601685,79954196.0,0.2517,-0.294,5593640,8097176,2,84.3,15.4,2026-09-25
174,SNOW,Technology,Software - Application,NYSE,4874646,334.81,143.63,-1,-16,-12.94,175.8,90.5,0.5,1.0,6.2,49.1,94,95,80,22,69.6,0,0,0,0,0,0,117281301416.01562,352800000.0,0.0525,0.351,4108170,4977104,1,66.7,28.8,2026-09-25
175,CYRX,Industrials,Integrated Freight & Logistics,NASDAQ,545970,17.49,143.28,1,2,1.69,125.4,97.8,4.9,7.2,9.6,41.8,94,93,94,55,81.9,0,0,0,0,0,0,862047705.185318,50649100.0,0.0645,0.077,616860,583780,2,81.0,13.0,2026-09-25
176,FDMT,Healthcare,Biotechnology,NASDAQ,1041620,15.0,143.06,-1,-6,-11.4,104.6,78.6,3.1,1.6,13.8,42.6,94,95,90,94,87.2,0,0,0,0,0,0,840816906.1717958,55244211.0,0.2505,251.067,877250,875146,3,91.6,4.6,2026-09-25
177,AVT,Technology,Electronics & Computer Distribution,NASDAQ,1246770,101.15,142.86,8,12,1.15,127.4,99.6,5.4,8.3,10.1,35.2,94,86,90,81,85.7,0,0,0,0,0,0,7888854966.900169,82072979.0,0.11229999,0.477,1532610,1222946,1,85.7,0.7,2026-09-25
178,HNST,Consumer Defensive,Household & Personal Products,NASDAQ,2209736,5.18,142.48,-2,-39,-13.81,151.4,82.6,-1.5,-4.3,7.9,51.6,94,96,59,26,64.8,0,0,0,0,0,0,571825731.8848515,107284379.0,0.1093,-0.109,1922920,2407580,1,61.5,33.3,2026-09-25
179,S,Technology,Software - Infrastructure,NYSE,8945173,24.1,142.28,13,-15,-0.64,100.8,99.0,5.9,11.0,15.0,46.4,94,81,53,22,53.8,0,0,0,0,0,0,7834585703.332121,348049117.0,0.0541,0.206,9420610,8036814,0,52.4,28.2,2026-09-25
180,DNTH,Healthcare,Biotechnology,NASDAQ,741140,93.44,142.22,-4,-5,-20.73,175.5,69.6,-9.6,-12.9,-14.8,14.1,94,98,97,99,93.1,0,1,0,1,0,2,5415006997.62146,55934378.0,0.1729,2.943,1055900,793212,4,96.8,2.4,2026-09-25
181,DDOG,Technology,Software - Application,NASDAQ,3763970,251.49,142.15,5,10,-14.09,150.4,83.2,9.2,11.8,5.8,42.2,94,89,94,37,84.7,0,0,0,0,0,0,82558528860.594,359075024.0,0.035099998,0.356,3288970,4300794,1,76.2,12.0,2026-09-25
182,WT,Financial Services,Asset Management,NYSE,2689713,23.72,142.14,1,-12,-8.45,123.6,92.7,3.4,0.7,7.5,35.4,94,93,80,82,79.7,0,0,0,0,0,0,3495384354.532173,151512111.0,0.1608,0.573,3623230,2685402,1,83.7,10.1,2026-09-25
183,TER,Technology,Semiconductor Equipment & Materials,NASDAQ,2546540,389.14,142.14,0,3,-20.24,193.5,72.7,6.6,7.6,5.8,18.3,94,94,97,98,95.6,0,0,0,1,0,1,58075898593.34564,156340750.0,0.0519,1.039,2939650,3039316,4,96.2,-1.9,2026-09-25
184,CODI,Industrials,Conglomerates,NYSE,688650,11.35,141.68,6,9,-14.34,141.9,81.9,1.1,-0.4,1.5,24.7,94,88,91,79,76.3,0,0,0,0,0,0,829852684.8898296,75235966.0,0.0688,-0.114,574280,642020,1,83.6,7.3,2026-09-25
185,AVAH,Healthcare,Medical Care Facilities,NASDAQ,3876846,12.79,141.51,-2,-19,-13.05,99.0,75.5,-9.7,-9.3,5.3,42.2,94,96,79,39,70.5,0,0,0,0,0,0,2984033653.2642574,218290683.0,0.0612,0.137,3470430,3051890,1,71.1,25.8,2026-09-25
186,BLFS,Healthcare,Medical Instruments & Supplies,NASDAQ,806573,37.74,141.18,2,-9,-0.94,112.6,100.0,5.7,6.4,12.3,47.9,94,92,81,25,73.6,0,0,0,0,0,0,1794997020.5840263,48923333.0,0.12560001,0.215,943540,1112962,1,67.9,23.7,2026-09-25
187,AMN,Healthcare,Medical Care Facilities,NYSE,599403,33.91,141.05,1,1,-8.89,128.9,90.5,1.3,1.4,1.6,36.9,94,93,93,41,83.5,0,0,0,0,0,0,1326889426.652996,38729991.0,0.1047,0.023,616780,669004,2,77.6,15.2,2026-09-25
188,VSTM,Healthcare,Biotechnology,NASDAQ,2182926,8.18,141.05,27,-28,-24.4,126.1,60.5,2.5,1.9,13.3,27.7,94,67,12,27,14.8,0,0,0,0,0,0,673792006.2220817,90563441.0,0.2032,17.754,2375270,2195488,0,30.2,39.6,2026-09-25
189,QLYS,Technology,Software - Infrastructure,NASDAQ,690040,184.79,141.0,1,-34,-8.31,140.1,89.2,4.2,3.7,7.7,44.5,94,93,58,15,62.0,0,0,0,0,0,0,6052741607.226242,34595001.0,0.1454,0.11,893690,749772,1,57.0,34.6,2026-09-25
190,NTAP,Technology,Software - Infrastructure,NASDAQ,2442750,196.33,140.17,1,-7,-6.09,109.6,91.3,1.7,3.7,6.0,45.5,94,93,85,45,76.5,0,0,0,0,0,0,38849713680.21889,196419005.0,0.054899998,0.299,2308300,2457192,1,74.9,18.7,2026-09-25
191,OBE,Energy,Oil & Gas E&P,NYSE ARCA,813996,11.21,139.93,5,-19,-23.17,103.8,64.1,-7.4,-6.0,2.2,18.7,94,89,65,91,82.6,0,0,0,0,0,0,818055503.472271,66725570.0,10.69,0.417,1136160,867160,1,81.9,5.2,2026-09-25
192,FROG,Technology,Software - Application,NASDAQ,1934243,92.33,139.79,0,-1,-12.7,171.1,85.8,2.2,1.7,6.0,39.5,94,94,93,48,85.5,0,0,0,0,0,0,11443594372.881409,123301311.0,0.0592,0.287,1614720,2096664,2,80.1,13.5,2026-09-25
193,STTK,Healthcare,Biotechnology,NASDAQ,1072346,6.36,139.47,-5,-7,-23.65,256.5,72.2,3.4,-3.7,-9.8,10.3,94,99,97,99,94.2,0,1,0,1,0,2,603183173.5013256,100363253.0,0.0575,,1601860,1134718,4,97.3,2.6,2026-09-25
194,ACVA,Consumer Cyclical,Auto & Truck Dealerships,NYSE,11198190,10.43,139.45,25,7,-1.14,152.0,99.7,3.3,21.9,30.2,53.6,94,69,51,5,28.2,0,0,0,0,0,0,1779587552.6680756,169807980.0,0.096099995,0.104,24178230,7968968,0,38.3,35.0,2026-09-25
195,PAYC,Technology,Software - Application,NYSE,739936,221.68,139.11,2,-68,-9.51,94.4,84.5,-1.1,-3.2,9.0,44.4,94,92,22,14,27.3,0,0,0,0,0,0,10198805892.300934,45071619.0,0.061,0.098,872820,837624,1,38.8,55.0,2026-09-25
196,CBZ,Industrials,Specialty Business Services,NYSE,1046433,54.66,138.85,4,-66,-3.99,117.5,93.3,0.1,0.1,4.7,37.3,94,90,20,7,28.3,0,0,0,0,0,0,2964435767.730076,54263879.0,0.043899998,-0.002,1143790,1452472,1,36.3,54.4,2026-09-25
197,ERO,Basic Materials,Copper,NYSE,1528053,36.48,138.75,0,-23,-10.65,113.9,85.7,7.7,3.7,13.3,25.2,94,94,71,87,90.1,0,0,0,0,0,0,3564020778.626175,104302633.0,3.97,0.739,1319540,1357048,2,85.5,5.6,2026-09-25
198,SENS,Healthcare,Medical Devices,NASDAQ,736383,9.98,138.31,7,-62,-13.82,112.8,85.1,10.7,10.2,35.1,50.7,93,86,17,32,41.7,0,0,0,0,0,0,506533423.7060299,52874053.0,0.1012,1.178,780980,682834,0,44.2,39.9,2026-09-25
199,NTSK,Technology,Software - Infrastructure,NASDAQ,6221583,18.57,138.27,46,20,-33.65,140.2,65.6,8.1,17.5,27.6,43.7,93,47,21,6,9.7,0,0,0,0,0,0,7146199619.001686,408587748.0,0.066199996,0.292,8601150,5676114,0,20.9,29.5,2026-09-25
200,TRMD,Energy,Oil & Gas Midstream,NASDAQ,1337776,34.42,138.25,12,9,-11.13,76.9,79.1,-4.0,-0.8,7.9,21.7,93,81,78,92,74.6,0,0,0,0,0,0,3920627445.294647,102553688.0,0.024600001,1.103,2448220,971836,1,81.4,1.3,2026-09-25
201,CRL,Healthcare,Diagnostics & Research,NYSE,938810,277.33,138.13,-3,-19,-8.57,102.3,97.3,5.9,3.9,10.4,42.6,93,96,80,54,86.3,0,0,0,0,0,0,13274270631.77002,47738872.0,0.0614,-0.027,1054320,931462,1,79.1,14.9,2026-09-25
202,PD,Technology,Software - Application,NYSE,1555780,14.83,138.11,6,-47,-12.3,160.9,84.6,3.6,6.9,22.6,54.7,93,87,34,5,19.2,0,0,0,0,0,0,1101098222.0,78649873.0,0.1252,0.008,1558660,1504626,0,36.3,55.6,2026-09-25
203,BNC,Industrials,Farm & Heavy Construction Machinery,NASDAQ,3694213,6.11,137.32,73,63,-49.08,214.6,45.5,11.0,35.2,80.0,66.1,93,20,10,4,12.0,0,0,0,0,0,0,246219623.7853289,41173850.0,0.024400001,-0.046,2925900,2286012,0,11.5,8.2,2026-09-25
204,ROIV,Healthcare,Biotechnology,NASDAQ,8958296,36.82,137.18,-2,-3,-13.36,145.8,79.0,-8.2,-4.7,-0.5,21.9,93,95,94,96,93.3,0,0,0,0,0,0,28726786637.20324,722323015.0,0.061100002,-0.335,10021660,7394366,4,94.6,0.8,2026-09-25
205,OII,Energy,Oil & Gas Equipment & Services,NYSE,906776,46.24,137.13,0,-6,-14.76,110.2,76.7,-1.5,-5.0,-4.9,23.1,93,93,87,91,86.2,0,0,0,0,0,0,4607227358.172112,99529645.0,0.0904,0.1,1083630,1016362,2,89.3,4.4,2026-09-25
206,OGN,Healthcare,Drug Manufacturers - General,NYSE,3081033,13.73,136.85,4,8,-0.4,140.7,99.3,0.3,0.0,0.5,28.7,93,89,93,15,57.7,0,0,0,0,0,0,3592497123.582039,262609433.0,0.0723,-0.023,2659810,2834644,1,63.7,30.1,2026-09-25
207,EQNR,Energy,Oil & Gas Integrated,NYSE,2841243,42.9,136.82,3,-32,-6.41,92.6,88.9,-2.2,-0.7,4.3,24.4,93,90,55,95,82.7,0,0,0,0,0,0,104535195341.1283,2370950215.0,0.0248,0.374,3594930,3285096,2,80.7,6.2,2026-09-25
208,RSKD,Technology,Software - Application,NYSE,2245380,7.14,136.75,12,-8,2.29,108.7,100.0,20.2,22.8,33.9,59.7,93,81,61,26,80.9,0,0,0,0,0,0,819954333.1768398,132037734.0,0.0172,0.218,1772080,1589940,0,62.2,13.0,2026-09-25
209,CHEF,Consumer Defensive,Food Distribution,NASDAQ,713933,108.89,136.57,-1,-6,-7.45,102.1,91.5,0.3,-0.9,2.2,37.1,93,94,89,46,84.1,0,0,0,0,0,0,4522245738.3001175,40796083.0,0.1626,0.129,594400,707140,1,78.3,15.1,2026-09-25
210,SNX,Technology,Electronics & Computer Distribution,NYSE,715066,287.89,136.51,6,11,-2.89,82.2,79.2,-2.7,-0.9,1.4,22.6,93,87,92,80,81.6,0,0,0,0,0,0,21281821725.13769,79958752.0,0.0232,0.31,1063610,706994,1,85.2,3.6,2026-09-25
211,EWTX,Healthcare,Biotechnology,NASDAQ,1288836,41.05,136.51,-3,-4,-15.38,180.0,78.6,-6.5,-5.3,-3.5,20.3,93,96,95,93,95.0,0,0,0,0,0,0,4921939093.13665,108604129.0,0.121300004,,1684340,1251034,4,94.7,1.2,2026-09-25
212,HAFN,Industrials,Marine Shipping,NYSE,1852950,9.1,136.35,15,9,-10.08,71.2,75.6,-5.9,-1.7,8.7,20.5,93,78,72,92,69.7,0,0,0,0,0,0,5057786749.404569,499781305.0,0.0202,0.472,2368320,1528852,1,77.9,2.0,2026-09-25
213,NEXA,Basic Materials,Other Industrial Metals & Mining,NYSE,816816,12.78,136.3,-2,-4,-24.33,153.8,65.2,-1.1,-5.2,-6.7,0.6,93,95,93,93,93.9,0,0,0,0,0,0,1723026359.4227924,132438611.0,0.0067000003,0.282,872210,732198,4,93.7,1.1,2026-09-25
214,VIA,Technology,Software - Application,NYSE,778686,29.54,136.24,7,-62,-46.49,125.2,41.0,9.3,9.1,23.4,45.1,93,86,17,5,7.0,0,0,0,0,0,0,2274658433.365704,81295871.0,0.1515,0.267,1141180,810768,0,28.7,62.6,2026-09-25
215,U,Technology,Software - Application,NYSE,9452210,44.1,136.23,-1,-41,-15.44,141.8,75.1,-2.9,-2.6,4.5,28.9,93,94,54,19,17.7,0,0,0,0,0,0,18219682497.72242,440088933.0,0.0796,0.239,8508190,10123436,1,46.2,57.1,2026-09-25
216,SB,Industrials,Marine Shipping,NYSE,1290736,8.37,136.05,1,-11,-10.1,99.3,81.5,-4.4,-4.9,1.9,24.6,93,92,80,91,84.4,0,0,0,0,0,0,1044991316.879219,113833473.0,0.0696,0.33,2242500,1152254,2,86.8,5.2,2026-09-25
217,CGEM,Healthcare,Biotechnology,NASDAQ,950456,16.87,136.0,-3,-4,-27.25,168.5,56.3,-22.5,-26.4,-21.4,1.5,93,96,95,95,93.4,0,0,0,0,0,0,1295535604.9911232,61458046.0,0.2244,,1384400,785728,4,94.9,1.6,2026-09-25
218,ACMR,Technology,Semiconductor Equipment & Materials,NASDAQ,966810,80.67,135.91,0,5,-36.58,156.8,47.8,7.9,5.3,-2.1,16.1,93,93,98,80,89.0,0,0,1,0,0,1,4771666566.746735,69649196.0,0.0733,0.36,1190610,1004784,2,90.0,4.1,2026-09-25
219,VIR,Healthcare,Biotechnology,NASDAQ,2034426,11.09,135.56,5,6,-7.12,109.4,86.0,0.1,-2.2,8.1,20.9,93,88,89,91,88.1,0,0,0,0,0,0,1793689219.3507652,169215958.0,0.1277,195.825,2404190,1858494,1,89.0,-0.8,2026-09-25
220,DHT,Energy,Oil & Gas Midstream,NYSE,3768273,21.28,135.22,4,-4,-9.49,93.6,86.8,-2.5,2.7,10.4,26.1,93,89,81,93,82.4,0,0,0,0,0,0,3751951857.517788,161235573.0,0.0971,0.955,4499660,3336114,1,86.4,3.3,2026-09-25
221,PACS,Healthcare,Medical Care Facilities,NYSE,689900,41.05,135.18,-2,-2,-17.05,291.9,81.5,-3.1,-3.6,-6.8,7.3,93,95,95,95,96.3,0,0,0,0,0,0,6669095808.319321,158335612.0,0.0689,0.091,815310,811882,4,95.3,-0.6,2026-09-25
222,P,Technology,Computer Hardware,NYSE,5822730,109.65,135.14,8,-22,-7.93,113.9,100.0,17.9,21.2,29.6,59.1,93,85,55,42,65.4,0,0,0,0,0,0,34702285715.75423,333227251.0,0.0322,0.377,10291160,4482856,0,61.8,21.4,2026-09-25
223,FWDI,Consumer Cyclical,Footwear & Accessories,NASDAQ,2224793,8.06,134.92,49,16,-75.58,135.9,16.5,18.4,24.4,57.1,57.5,93,44,11,15,1.8,0,0,0,0,0,0,568620985.0148249,73846883.0,0.096,3.321,2582060,1671394,0,18.0,30.2,2026-09-25
224,VCTR,Financial Services,Asset Management,NASDAQ,709223,106.31,134.9,1,-12,-13.95,74.6,75.1,-0.9,-4.7,-2.1,27.7,93,92,79,63,77.9,0,0,0,0,0,0,6554459842.1501465,61509572.0,0.0546,0.24,938640,659824,1,78.0,14.2,2026-09-25
225,CVE,Energy,Oil & Gas Integrated,NYSE,6616333,31.08,134.78,2,-10,-9.02,97.4,85.4,-3.9,-3.8,1.4,22.7,93,91,79,94,84.0,0,0,0,0,0,0,60159269930.13382,1844245000.0,6.46,0.415,7606530,6931570,2,87.0,4.1,2026-09-25
226,KYMR,Healthcare,Biotechnology,NASDAQ,751690,115.47,134.65,-2,-6,-11.21,127.7,85.0,-0.3,-1.4,1.1,25.7,93,95,91,94,91.5,0,0,0,0,0,0,9685830987.0,82257588.0,0.16049999,4.664,820690,666952,4,92.9,2.3,2026-09-25
227,APA,Energy,Oil & Gas E&P,NASDAQ,5626160,43.7,134.54,1,-19,-7.88,101.7,85.5,-2.5,-0.9,7.7,25.7,93,92,72,96,84.5,0,0,0,0,0,0,15720271879.484217,350351510.0,0.091000006,0.092,6679130,5610346,2,86.1,4.9,2026-09-25
228,PRCH,Financial Services,Insurance - Property & Casualty,NASDAQ,1279373,16.61,134.48,-1,-7,-14.54,157.3,84.6,1.2,-2.0,4.8,50.7,93,94,88,19,16.0,0,0,0,0,0,0,1804965349.0956192,113519836.0,0.22459999,0.117,1558480,1532146,1,54.2,54.6,2026-09-25
229,TBBB,Consumer Defensive,Discount Stores,NYSE,758606,51.73,134.26,1,-10,-0.94,119.8,100.0,3.2,4.9,14.6,36.1,93,92,81,78,88.3,0,0,0,0,0,0,6190898312.285805,120562775.0,0.0418,0.387,505150,650990,1,84.8,5.7,2026-09-25
230,CON,Healthcare,Medical Care Facilities,NYSE,938163,34.79,134.22,2,-3,-5.23,85.0,90.1,-1.7,-0.3,3.0,32.7,93,91,86,61,80.4,0,0,0,0,0,0,4523054251.581299,127517736.0,0.0395,0.1,1247640,935850,1,79.6,11.8,2026-09-25
231,PTEN,Energy,Oil & Gas Drilling,NASDAQ,7963273,11.07,134.17,0,-10,-17.33,115.8,75.3,-7.1,-9.1,-1.1,13.4,92,92,82,95,88.8,0,0,0,0,0,0,4492713713.879252,381384874.0,0.12020001,0.007,8878240,8522060,2,89.5,2.0,2026-09-25
232,HTFL,Healthcare,Health Information Services,NASDAQ,2441873,47.39,134.08,-4,-25,-9.25,137.5,93.1,-0.3,-0.4,25.8,56.7,92,96,75,24,74.8,0,0,0,0,0,0,4412896570.25,86953627.0,0.101,0.476,2373520,1869758,1,67.4,27.1,2026-09-25
233,UMAC,Technology,Computer Hardware,NYSE ARCA,3844443,22.69,133.99,-5,-9,-35.03,208.4,61.5,2.9,0.8,0.7,31.0,92,97,93,82,81.6,0,0,0,0,0,0,1157991801.1455154,49956505.0,0.1844,6.873,2398810,3787430,2,88.4,11.1,2026-09-25
234,RPD,Technology,Software - Infrastructure,NASDAQ,2153446,13.09,133.97,6,-60,-37.52,154.5,53.4,5.9,7.1,11.0,33.0,92,86,20,3,7.5,0,0,0,0,0,0,806785678.7979126,67400640.0,0.12149999,-0.015,2295110,2265708,0,29.1,62.5,2026-09-25
235,LIND,Consumer Cyclical,Travel Services,NASDAQ,822076,27.23,133.95,-4,-5,-22.2,140.9,70.0,2.6,2.0,-6.0,26.9,92,96,95,87,89.7,0,0,0,0,0,0,1807166295.13662,65619689.0,0.1074,0.186,856880,837850,2,91.9,5.1,2026-09-25
236,FTRE,Healthcare,Biotechnology,NASDAQ,1353373,19.52,133.83,-2,-1,-8.74,138.3,94.5,4.8,7.7,7.8,33.3,92,94,95,62,89.0,0,0,0,0,0,0,1895343029.0222168,95100000.0,0.14739999,-0.045,1755450,1473976,2,85.0,8.8,2026-09-25
237,ARW,Technology,Electronics & Computer Distribution,NYSE,558740,226.82,133.79,8,16,-4.43,123.2,94.4,3.9,6.1,6.9,29.1,92,84,92,81,84.9,0,0,0,0,0,0,11164068193.849182,50905423.0,0.0335,0.318,620770,567944,1,85.5,-0.7,2026-09-25
238,AVTR,Healthcare,Medical Instruments & Supplies,NYSE,7516236,14.76,133.73,2,-37,-8.04,107.6,94.3,0.8,2.6,11.5,45.2,92,90,51,13,52.4,0,0,0,0,0,0,10497089506.412506,676358840.0,0.090100005,0.005,9385950,9800020,1,51.6,38.1,2026-09-25
239,RVTY,Healthcare,Diagnostics & Research,NYSE,1827486,142.11,133.73,11,6,-4.96,83.2,100.0,8.7,12.9,23.2,44.2,92,81,76,34,82.1,0,0,0,0,0,0,16007068882.915327,111586401.0,0.0847,0.013,2375260,1715104,0,68.3,9.3,2026-09-25
240,GCT,Technology,Software - Infrastructure,NASDAQ,553706,52.5,133.53,3,-48,-6.7,111.7,100.0,2.4,4.1,12.3,29.2,92,89,38,95,83.1,0,0,0,0,0,0,1887643149.615799,35710237.0,0.1575,0.276,628400,635770,1,76.3,6.8,2026-09-25
241,ZBRA,Technology,Communication Equipment,NASDAQ,597863,371.02,133.42,4,-38,-3.94,83.2,90.2,4.0,3.5,8.8,38.5,92,88,46,22,45.1,0,0,0,0,0,0,16399294306.809082,47310660.0,0.0462,0.204,612550,707618,0,50.3,38.9,2026-09-25
242,SHAZ,Technology,Information Technology Services,NASDAQ,1685806,57.73,133.34,2,10,-40.78,221.9,51.7,1.0,1.0,-4.1,,92,90,98,19,,0,0,1,0,0,1,2060849796.968632,35803505.0,0.0907,4.123,1508900,1936666,2,69.0,,2026-09-25
243,PTGX,Healthcare,Biotechnology,NASDAQ,563310,138.7,133.07,-4,-11,-13.75,114.6,77.5,-4.3,-5.5,-4.8,25.4,92,96,89,93,89.9,0,0,0,0,0,0,9253284755.0,64708285.0,0.1385,37.492,703560,559300,2,92.0,4.4,2026-09-25
244,TNK,Energy,Oil & Gas Midstream,NYSE,528563,94.54,133.01,3,-15,-8.36,92.7,86.9,-4.8,-0.5,9.7,28.5,92,89,71,92,82.8,0,0,0,0,0,0,3499916839.5388184,34680112.0,0.0319,0.63,550350,443476,1,83.7,4.3,2026-09-25
245,MT,Basic Materials,Steel,NYSE,1269056,71.92,132.49,3,0,-9.74,99.1,82.7,-2.6,-4.2,-1.1,16.3,92,89,86,89,87.3,0,0,0,0,0,0,54574584122.75226,752441542.0,0.0036000002,0.052,1053030,1380896,0,87.8,1.1,2026-09-25
246,PBR,Energy,Oil & Gas Integrated,NYSE,21488043,21.14,132.34,16,-1,-4.95,80.6,88.7,-1.1,2.1,8.5,18.6,92,76,59,93,79.9,0,0,0,0,0,0,134042815808.13864,6444366381.0,1.75,0.423,21979110,18706274,1,77.0,-3.6,2026-09-25
247,APPN,Technology,Software - Infrastructure,NASDAQ,849656,37.96,132.13,2,-69,-17.58,100.9,70.2,1.0,-1.8,11.2,33.6,92,90,19,22,40.4,0,0,0,0,0,0,2687467472.228512,71627597.0,0.0917,0.191,900860,876518,1,42.9,45.5,2026-09-25
248,TGTX,Healthcare,Biotechnology,NASDAQ,1943116,56.0,131.95,-2,-5,-5.56,113.5,95.2,3.4,3.5,7.5,42.2,92,94,91,45,80.0,0,0,0,0,0,0,8705036880.614613,153069053.0,0.2845,0.703,2051410,2105366,2,77.5,17.1,2026-09-25
249,VSH,Technology,Semiconductors,NYSE,3485566,32.6,131.85,2,11,-53.07,169.0,37.6,-0.4,1.2,-5.2,6.1,92,90,99,77,88.7,0,0,1,0,0,1,4986356461.728161,153379167.0,0.1257,0.166,2950670,4381620,2,88.7,2.4,2026-09-25
250,CNC,Healthcare,Healthcare Plans,NYSE,4183780,62.08,131.8,-1,-1,-10.84,94.7,80.1,-5.6,-5.6,-5.0,19.1,92,93,93,20,85.8,0,0,0,0,0,0,32164014751.51062,493995000.0,0.0311,0.046,5110980,4664134,2,72.9,18.2,2026-09-25
251,SATL,Industrials,Aerospace & Defense,NASDAQ,4723396,5.51,131.74,-1,-3,-54.08,367.7,49.3,12.0,16.8,22.9,18.7,92,93,91,97,76.7,0,0,0,0,0,0,785610965.7364926,153739911.0,0.1527,2.585,5494790,5235956,3,89.4,7.5,2026-09-25
252,EC,Energy,Oil & Gas Integrated,NYSE,1583736,16.69,131.68,1,-7,-9.19,90.1,80.4,-6.0,-5.2,-3.5,15.8,92,91,83,92,83.7,0,0,0,0,0,0,36141574484.452255,2055834735.0,0.0301,0.355,1469580,1881236,2,87.4,4.3,2026-09-25
253,VIAV,Technology,Communication Equipment,NASDAQ,4628756,36.43,131.67,-2,2,-39.72,204.9,58.0,4.2,3.2,-2.0,3.2,92,94,98,98,96.1,0,0,1,1,0,2,8725074068.684143,246749828.0,0.0542,0.525,5630220,4916320,4,96.5,-2.3,2026-09-25
254,MRAM,Technology,Semiconductors,NASDAQ,1024276,17.09,131.66,4,13,-66.82,138.4,28.4,13.2,10.6,10.7,11.7,92,88,97,76,89.1,0,0,0,0,0,0,372068131.0178461,24350009.0,0.1693,0.419,896380,1132654,1,87.5,0.9,2026-09-25
255,DFDV,Financial Services,Asset Management,NASDAQ,2197306,5.77,131.28,73,59,-68.44,134.4,21.5,7.7,7.5,45.5,35.2,92,19,5,81,3.3,0,0,0,0,0,0,197681985.53342345,32620790.0,0.20040001,0.669,2829190,1546744,0,27.1,-3.1,2026-09-25
256,AMRX,Healthcare,Drug Manufacturers - Specialty & Generic,NASDAQ,2219846,19.33,131.21,2,2,0.36,106.3,96.6,8.7,10.5,10.0,34.4,92,90,90,80,87.1,0,0,0,0,0,0,6516618346.295464,348296027.0,0.0431,0.099,3109080,2051644,2,86.8,3.4,2026-09-25
257,SBLK,Industrials,Marine Shipping,NASDAQ,1709746,30.4,130.71,3,-9,-7.54,78.1,83.6,-3.9,-3.8,1.6,18.7,91,88,76,84,75.6,0,0,0,0,0,0,3769998564.146736,116071386.0,0.0174,0.445,1912300,1542990,0,80.9,8.2,2026-09-25
258,IMNM,Healthcare,Biotechnology,NASDAQ,1183353,24.24,130.4,-2,-10,-19.36,120.0,61.9,-7.4,-13.2,-11.8,-1.5,91,93,85,96,91.7,0,0,0,0,0,0,2714611866.4171257,113250394.0,0.161,,1390540,1130900,3,91.4,0.8,2026-09-25
259,SBET,Financial Services,Capital Markets,NASDAQ,9823506,9.81,130.16,40,-2,-49.8,118.2,36.7,8.2,12.2,33.1,33.8,91,51,9,25,6.7,0,0,0,0,0,0,2031040780.2642288,217223604.0,0.1617,15.539,10880270,8956128,0,22.9,31.5,2026-09-25
260,TIGO,Communication Services,Telecom Services,NASDAQ,905363,91.9,130.0,0,2,-14.22,98.6,77.2,-4.0,-3.8,-4.0,15.4,91,91,93,95,85.2,0,0,0,0,0,0,15808344958.267212,167710000.0,0.035,0.594,787060,1150130,3,91.0,1.9,2026-09-25
261,GEO,Industrials,Security & Protection Services,NYSE,2234213,30.62,129.88,-4,-8,-7.63,141.0,95.8,2.1,1.5,2.5,42.0,91,95,91,28,71.7,0,0,0,0,0,0,4180238017.965332,131619584.0,0.116000004,0.151,2241840,1962410,2,71.4,25.4,2026-09-25
262,ZIM,Industrials,Marine Shipping,NYSE,1804546,30.09,129.76,3,-4,-1.02,136.2,94.0,-1.4,1.5,8.0,16.1,91,88,81,93,87.7,0,0,0,0,0,0,3627641992.574604,120519666.0,0.024500001,0.089,1177160,1543474,1,87.4,-0.2,2026-09-25
263,CAI,Healthcare,Biotechnology,NASDAQ,5400880,31.65,129.7,8,-54,-5.96,121.8,96.3,12.6,19.6,43.9,52.9,91,83,21,15,24.7,0,0,0,0,0,0,8474767106.699047,282680695.0,0.1188,0.454,5726610,5166234,0,35.9,49.0,2026-09-25
264,WTTR,Energy,Oil & Gas Equipment & Services,NYSE,1371586,19.29,129.52,-1,-1,-14.46,107.8,78.8,-3.6,-2.7,-2.5,20.2,91,92,92,90,86.5,0,0,0,0,0,0,2679433384.2980576,128942892.0,0.042,0.087,1691870,1635480,3,90.1,3.1,2026-09-25
265,TX,Basic Materials,Steel,NYSE,518210,55.99,129.38,5,-5,-4.67,62.7,89.2,-2.5,-2.1,4.5,22.7,91,86,76,77,79.4,0,0,0,0,0,0,11234688322.077477,196307678.0,0.0073,0.1,407790,612864,0,79.6,6.1,2026-09-25
266,HUM,Healthcare,Healthcare Plans,NYSE,950883,374.78,129.31,-1,0,-12.61,132.4,88.0,-2.6,-3.3,-1.8,31.6,91,92,93,16,70.6,0,0,0,0,0,0,46377416702.34241,120080308.0,0.0294,0.262,943100,1194018,2,67.9,25.8,2026-09-25
267,SSRM,Basic Materials,Gold,NASDAQ,2505090,36.3,129.21,-2,-11,-7.96,83.9,82.8,-0.2,-2.5,9.7,23.5,91,93,84,95,74.3,0,0,0,0,0,0,7408025678.329102,203909312.0,0.0456,0.095,2452330,2844924,2,86.6,9.9,2026-09-25
268,DC,Basic Materials,Gold,NYSE ARCA,1400536,6.64,129.07,13,-37,-8.41,72.8,91.0,10.3,10.9,19.7,20.1,91,78,28,80,63.3,0,0,0,0,0,0,819796992.924027,134172991.0,0.061,,1712740,1364470,0,62.3,11.9,2026-09-25
269,AXGN,Healthcare,Medical Devices,NASDAQ,1104063,43.32,128.9,-4,-3,-18.13,177.9,76.7,-1.6,-7.2,-4.7,12.4,91,95,96,94,93.5,0,0,0,0,0,0,2595040993.132313,58671513.0,0.08189999,0.231,1689130,1119624,4,94.6,0.9,2026-09-25
270,ESTC,Technology,Software - Application,NYSE,2838346,91.28,128.63,7,-53,-15.48,110.8,84.8,4.9,2.8,16.3,41.4,91,84,24,13,29.8,0,0,0,0,0,0,9130041612.677612,104991280.0,0.0421,0.151,2096430,2418996,0,37.7,47.3,2026-09-25
271,HPQ,Technology,Computer Hardware,NYSE,16253550,32.16,128.52,11,-19,-11.23,71.1,74.9,-6.8,-3.6,5.2,33.0,91,80,50,24,39.3,0,0,0,0,0,0,31021610709.623817,901790969.0,0.1,0.125,18587440,15878004,0,48.3,34.6,2026-09-25
272,TENB,Technology,Software - Infrastructure,NASDAQ,4709830,36.23,128.48,4,-1,-17.04,123.7,74.6,2.1,1.9,1.7,35.0,91,87,82,12,47.1,0,0,0,0,0,0,3902259631.302056,110139983.0,0.1617,0.086,6662080,4350006,0,57.0,35.5,2026-09-25
273,CHPT,Consumer Cyclical,Specialty Retail,NYSE,2902343,9.23,128.41,75,78,-26.8,99.1,57.1,-2.8,10.2,33.5,37.0,91,16,19,9,13.4,0,0,0,0,0,0,277095335.4859314,26850324.0,0.19790001,0.177,1676950,1904172,0,14.3,2.4,2026-09-25
274,YPF,Energy,Oil & Gas Integrated,NYSE,1246550,53.93,128.37,9,2,-6.81,127.5,88.2,-2.6,0.0,3.6,20.9,91,82,75,89,87.4,0,0,0,0,0,0,21548444718.804565,392075056.0,4.47,0.722,1671820,1190434,0,83.4,-3.4,2026-09-25
275,MRK,Healthcare,Drug Manufacturers - General,NYSE,11005886,148.08,128.33,2,-6,-5.63,90.7,89.3,1.2,-0.0,6.1,22.1,91,89,81,85,84.2,0,0,0,0,0,0,362353486426.3235,2467171638.0,0.0123000005,0.051,10760990,10147710,0,84.8,4.0,2026-09-25
276,CGON,Healthcare,Biotechnology,NASDAQ,766220,73.36,128.22,-4,-7,-9.4,88.5,73.0,-6.5,-7.5,-7.2,9.3,91,95,92,97,84.7,0,0,0,0,0,0,6614345025.958061,88640375.0,0.1309,,940770,817852,3,92.2,5.1,2026-09-25
277,IQV,Healthcare,Diagnostics & Research,NYSE,1457470,267.86,128.12,1,-33,-2.2,75.6,100.0,2.9,3.9,12.2,34.6,91,90,56,32,69.9,0,0,0,0,0,0,43852734210.20508,164600000.0,0.026600001,0.087,1858300,1485516,1,62.0,25.1,2026-09-25
278,DAR,Consumer Defensive,Packaged Foods,NYSE,2543066,61.36,128.11,4,-9,-12.32,106.4,82.8,-4.5,-5.2,-3.1,11.6,91,87,74,95,87.1,0,0,0,0,0,0,10313998686.075256,157802916.0,0.0469,0.164,2298140,2410194,1,85.8,-0.3,2026-09-25
279,WHD,Energy,Oil & Gas Equipment & Services,NYSE,752230,66.03,128.04,6,-16,-10.85,95.2,78.8,-3.4,-5.1,-0.7,16.1,91,85,63,65,80.7,0,0,0,0,0,0,4649807663.520874,69733168.0,0.06,0.643,850110,799636,0,73.4,8.3,2026-09-25
280,TGT,Consumer Defensive,Discount Stores,NYSE,4334183,156.26,127.75,-2,-11,-8.49,86.6,84.1,-0.4,-2.3,2.0,23.3,91,93,84,82,83.3,0,0,0,0,0,0,71865201776.96289,454296736.0,0.0349,0.053,3504720,4013834,1,85.6,8.0,2026-09-25
281,FFIV,Technology,Software - Infrastructure,NASDAQ,518060,455.99,127.49,14,20,3.67,99.4,95.9,4.0,8.0,10.0,31.9,91,77,83,60,62.8,0,0,0,0,0,0,24464641370.335026,56627182.0,0.0367,0.109,643790,609624,0,70.7,9.9,2026-09-25
282,ATKR,Industrials,Electrical Equipment & Parts,NYSE,736420,94.51,127.36,5,-7,-0.13,71.0,100.0,0.2,0.5,6.7,27.2,91,86,74,37,75.5,0,0,0,0,0,0,3185475197.5332794,33773062.0,0.0387,0.081,811410,945074,0,68.1,16.3,2026-09-25
283,MGNI,Communication Services,Advertising Agencies,NASDAQ,2404383,24.06,127.32,-3,-26,-10.36,114.9,89.2,-0.9,0.2,6.6,45.4,91,94,71,18,26.6,0,0,0,0,0,0,3607117493.838026,143424157.0,0.0865,0.112,2273100,2489176,1,52.4,51.2,2026-09-25
284,SCCO,Basic Materials,Copper,NYSE,1123410,201.94,127.21,-1,-13,-8.53,89.9,84.0,3.4,0.3,4.1,12.3,90,91,79,90,85.6,0,0,0,0,0,0,165238056773.46756,844343686.0,0.1067,0.406,1128540,1161579,2,86.4,4.1,2026-09-25
285,LILAK,Communication Services,Telecom Services,NASDAQ,1365290,8.44,127.18,-1,-10,-5.33,81.9,92.8,-1.2,-0.5,3.3,36.2,90,91,82,81,71.6,0,0,0,0,0,0,1645559925.2700806,195900000.0,0.045500003,0.015,1371680,1339208,1,81.4,12.6,2026-09-25
286,BZH,Consumer Cyclical,Residential Construction,NYSE,703573,33.35,127.15,4,2,-3.45,85.0,95.6,0.1,0.3,0.7,28.7,90,86,84,33,63.2,0,0,0,0,0,0,888965030.2180252,26679623.0,0.083100006,-0.053,812180,698944,0,66.5,22.2,2026-09-25
287,SAIL,Technology,Software - Infrastructure,NASDAQ,4408563,21.41,126.87,31,-8,-10.79,110.9,88.5,9.1,12.8,21.3,37.7,90,59,20,15,25.8,0,0,0,0,0,0,11321177638.8329,570911633.0,0.2766,0.168,6237460,3967760,0,29.9,29.3,2026-09-25
288,HYMC,Basic Materials,Gold,NASDAQ,2060436,21.26,126.84,-8,-9,-63.8,244.7,29.9,-0.3,-6.1,-8.5,-31.6,90,98,97,99,96.4,0,1,0,1,0,2,1994087937.8540096,93181681.0,0.2469,,2363240,1881778,4,97.6,0.7,2026-09-25
289,ANF,Consumer Cyclical,Apparel Retail,NYSE,2035780,132.25,126.81,3,-48,-14.8,104.7,79.4,-2.8,-5.4,12.5,33.8,90,87,36,39,73.8,0,0,0,0,0,0,5760890788.421005,42434377.0,0.1363,0.048,1356670,1611950,0,58.9,21.3,2026-09-25
290,ITGR,Healthcare,Medical Devices,NYSE,792370,126.32,126.65,1,-46,-0.38,99.3,99.5,-0.0,0.2,6.2,34.0,90,89,42,36,51.3,0,0,0,0,0,0,4293149705.539673,33997068.0,0.090900004,-0.026,724500,1075134,0,54.6,34.1,2026-09-25
291,TDW,Energy,Oil & Gas Equipment & Services,NYSE,601503,85.91,126.61,4,-24,-15.43,83.6,74.1,-2.0,-4.8,0.3,15.1,90,86,58,94,76.7,0,0,0,0,0,0,4313367786.865173,49756231.0,0.15359999,0.003,602430,621886,1,78.7,5.9,2026-09-25
292,VEEV,Healthcare,Health Information Services,NYSE,1830443,270.75,126.55,11,-49,-12.8,81.5,79.7,3.7,2.1,15.2,37.7,90,79,19,19,24.3,0,0,0,0,0,0,42130300475.001526,161908850.0,0.0326,0.176,1636790,1751168,0,35.3,45.3,2026-09-25
293,SUNC,Energy,Oil & Gas Midstream,NYSE,505463,77.3,126.46,4,-6,-7.43,61.0,85.2,-3.4,-2.5,0.6,19.9,90,86,76,82,,0,0,0,0,0,0,4193499995.8090057,51517198.0,0.0325,1.645,554720,492102,0,81.3,,2026-09-25
294,VRNS,Technology,Software - Infrastructure,NASDAQ,1720456,48.35,126.44,7,1,-24.33,137.5,64.4,1.5,4.3,7.7,43.2,90,83,77,9,12.9,0,0,0,0,0,0,5462764824.336872,114860485.0,0.0718,0.183,1959050,1852462,0,45.5,50.5,2026-09-25
295,SM,Energy,Oil & Gas E&P,NYSE,3974200,34.31,126.17,0,-45,-17.44,99.8,73.9,-5.9,-5.8,1.9,26.0,90,90,45,87,63.0,0,0,0,0,0,0,8793465184.309204,237854068.0,0.0629,1.761,4781090,3826136,1,71.2,18.6,2026-09-25
296,ATI,Industrials,Metal Fabrication,NYSE,1825673,184.18,126.13,-5,-6,-24.38,141.8,70.6,-1.8,-6.2,-8.3,13.4,90,95,94,95,92.4,0,0,0,0,0,0,26094331159.18445,136170383.0,0.0414,0.106,1755880,1758142,4,94.1,1.4,2026-09-25
297,HBM,Basic Materials,Copper,NYSE,4271106,26.79,126.06,-2,-7,-16.67,97.0,70.8,0.9,-3.4,1.9,9.6,90,92,87,93,84.9,0,0,0,0,0,0,11947493874.57222,444144760.0,1.8,0.177,4108220,4538622,2,89.2,3.9,2026-09-25
298,GSAT,Communication Services,Telecom Services,NASDAQ,639240,82.5,126.04,-2,0,-2.77,141.2,96.1,0.1,0.5,0.8,12.2,90,92,94,96,91.8,0,0,0,0,0,0,10733030753.124697,129563390.0,0.0796,-0.035,605660,826026,4,93.5,-0.9,2026-09-25
299,ANET,Technology,Computer Hardware,NYSE,5549663,203.47,126.04,4,-5,-5.31,77.1,94.9,3.9,4.9,8.9,31.6,90,86,77,69,66.7,0,0,0,0,0,0,251475581794.9296,1261224648.0,0.0139,0.377,5302590,6490402,0,74.7,13.9,2026-09-25
300,STM,Technology,Semiconductors,NYSE,7796330,52.46,125.91,3,13,-35.57,143.3,51.7,3.1,2.3,-2.8,9.9,90,87,97,85,83.5,0,0,0,0,0,0,44756952731.63486,891928108.0,0.0219,0.261,8490950,9561086,1,88.1,1.1,2026-09-25
301,ONTO,Technology,Semiconductor Equipment & Materials,NYSE,958703,282.31,125.88,-3,0,-26.95,130.5,61.6,6.0,4.5,-0.4,12.5,90,93,96,92,90.2,0,0,0,0,0,0,16101746297.798584,61123436.0,0.0639,0.353,962600,1054228,4,92.8,1.3,2026-09-25
302,CXW,Industrials,Security & Protection Services,NYSE,1855080,32.28,125.87,-5,-12,-11.68,113.0,93.9,-0.0,0.8,4.9,42.7,90,95,88,39,79.1,0,0,0,0,0,0,3484017572.2001534,98893489.0,0.1775,0.273,2213620,1569572,1,75.3,19.9,2026-09-25
303,DT,Technology,Software - Application,NYSE,6919956,58.51,125.83,18,-12,2.24,81.3,100.0,6.5,9.3,18.7,39.4,90,72,42,23,50.2,0,0,0,0,0,0,15935577161.5271,289002128.0,0.047,0.162,7340630,6286096,0,46.8,23.7,2026-09-25
304,NUE,Basic Materials,Steel,NYSE,1366180,246.98,125.81,4,8,-11.83,88.2,81.3,-2.4,-2.7,-2.8,17.0,90,86,90,78,84.3,0,0,0,0,0,0,56351381512.67139,226875676.0,0.024,0.23,1313540,1385368,1,84.6,2.0,2026-09-25
305,CLBK,Financial Services,Banks - Regional,NASDAQ,4763286,11.18,125.75,0,-12,-6.83,80.4,90.0,-1.8,-2.4,-0.3,24.4,90,90,78,74,78.4,0,0,0,0,0,0,1204994353.3609867,104058235.0,0.7334,0.131,5872650,6944084,1,80.1,10.2,2026-09-25
306,AMCX,Communication Services,Entertainment,NASDAQ,578606,12.0,125.69,-1,-8,-7.19,84.5,87.0,0.1,-1.5,3.3,28.5,90,91,84,30,73.7,0,0,0,0,0,0,475199684.8027382,41249971.0,0.2332,-0.088,719310,693682,1,69.7,21.5,2026-09-25
307,FRNM,Healthcare,Diagnostics & Research,NASDAQ,1027080,15.7,125.6,14,-29,-9.01,60.3,84.6,3.2,3.6,19.8,29.8,90,76,33,41,72.8,0,0,0,0,0,0,1838415053.1203308,107446814.0,1.71,1.065,1173410,861330,0,55.7,12.9,2026-09-25
308,GPRK,Energy,Oil & Gas E&P,NYSE,893946,11.11,125.46,19,15,-15.38,90.3,89.5,-0.0,1.2,10.5,22.6,90,71,67,85,85.3,0,0,0,0,0,0,716449110.6444235,64895753.0,0.024,0.196,810850,689682,0,77.1,-9.6,2026-09-25
309,STGW,Communication Services,Advertising Agencies,NASDAQ,1166423,8.48,125.39,-2,-14,-11.2,88.9,79.0,-1.7,-3.2,-1.9,24.0,90,92,80,79,74.3,0,0,0,0,0,0,1985140634.142005,244475451.0,0.1026,0.112,1336700,1307238,1,81.3,12.6,2026-09-25
310,SFL,Industrials,Marine Shipping,NYSE,1407846,12.72,125.18,10,2,-9.01,89.8,88.9,-1.9,1.0,5.3,20.7,90,80,72,87,80.1,0,0,0,0,0,0,1890075959.5295544,138670282.0,0.0321,0.027,1615160,1373818,0,79.8,-0.6,2026-09-25
311,MANH,Technology,Software - Application,NASDAQ,743970,210.37,125.12,4,-59,-7.34,73.4,86.3,0.2,-1.6,6.7,30.8,90,86,23,20,23.4,0,0,0,0,0,0,12329169770.571838,58304972.0,0.0619,0.093,745540,839808,0,38.1,50.8,2026-09-25
312,TEVA,Healthcare,Drug Manufacturers - Specialty & Generic,NYSE,5157976,39.01,125.12,5,5,-1.74,119.3,100.0,3.8,6.4,12.3,20.7,90,85,85,88,90.0,0,0,0,0,0,0,45462086690.2536,1166292643.0,,-0.008,5027820,5310668,0,87.0,-3.1,2026-09-25
313,KLIC,Technology,Semiconductor Equipment & Materials,NASDAQ,709733,90.85,125.0,2,11,-33.1,150.7,54.0,5.9,7.2,-1.1,8.6,90,88,97,93,88.5,0,0,0,0,0,0,4350642589.160843,52329115.0,0.048800003,1.226,712490,846522,2,91.6,-2.1,2026-09-25
314,NTNX,Technology,Software - Infrastructure,NASDAQ,2696746,69.68,124.97,5,-46,-11.18,99.3,80.0,0.3,0.8,7.5,37.9,90,85,34,12,18.4,0,0,0,0,0,0,18885799319.914658,270570179.0,0.0581,0.159,2571130,2622626,0,37.3,53.0,2026-09-25
315,SN,Consumer Cyclical,"Furnishings, Fixtures & Appliances",NYSE,1906546,168.49,124.8,-4,-14,-13.39,109.2,85.3,5.6,1.6,3.3,33.5,90,94,84,61,78.4,0,0,0,0,0,0,23457002819.25,141520379.0,0.1041,0.222,2651830,1856410,1,79.4,15.4,2026-09-25
316,LRCX,Technology,Semiconductor Equipment & Materials,NASDAQ,8685193,307.28,124.78,-5,-2,-29.92,139.7,58.7,6.0,3.6,0.8,13.7,90,95,98,96,92.2,0,0,1,0,0,1,360518074980.10254,1251321000.0,0.0248,0.3,11136280,9658252,4,95.3,0.9,2026-09-25
317,CRGY,Energy,Oil & Gas E&P,NYSE,6119943,13.18,124.71,5,-42,-14.8,73.2,74.4,-5.0,-4.2,6.0,18.0,90,85,38,91,76.2,0,0,0,0,0,0,4592611248.360992,330403696.0,0.1027,0.553,7910470,6088714,1,72.5,7.9,2026-09-25
318,HIMX,Technology,Semiconductors,NASDAQ,998876,14.28,124.43,5,12,-43.08,103.8,41.7,1.5,2.1,3.0,16.1,90,85,92,41,77.2,0,0,0,0,0,0,2445451394.125847,174425914.0,0.0456,0.059,1102580,1241848,1,73.8,12.0,2026-09-25
319,TECK,Basic Materials,Copper,NYSE,2825343,66.8,124.37,1,-10,-7.94,74.0,83.8,1.0,-1.6,3.0,14.4,90,89,78,79,81.8,0,0,0,0,0,0,32144110353.08838,490600000.0,2.54,0.782,2683670,3130600,0,82.0,6.7,2026-09-25
320,KEYS,Technology,Scientific & Technical Instruments,NYSE,1326093,353.36,124.34,8,15,-5.76,124.2,92.6,7.2,8.7,9.0,20.3,90,82,89,92,87.8,0,0,0,0,0,0,57031989575.0,170244745.0,0.0195,0.365,1128620,1266694,1,87.7,-5.6,2026-09-25
321,AMAT,Technology,Semiconductor Equipment & Materials,NASDAQ,7151080,474.38,124.23,-4,0,-35.87,137.6,52.5,6.2,5.0,-3.6,12.8,90,94,98,94,92.7,0,0,1,0,0,1,352809621046.9913,793597443.0,0.0197,0.248,6946530,7244750,4,94.7,0.2,2026-09-25
322,ORIC,Healthcare,Biotechnology,NASDAQ,1232013,13.33,124.16,5,-53,-10.72,76.3,79.5,4.2,2.5,4.3,22.8,90,85,27,91,51.4,0,0,0,0,0,0,1325717466.285965,103652656.0,0.1683,,1583910,1451368,1,63.6,21.4,2026-09-25
323,ALVO,Healthcare,Drug Manufacturers - Specialty & Generic,NASDAQ,1168840,5.81,123.98,16,-39,-37.19,96.0,48.2,7.9,10.8,33.9,41.0,89,73,18,8,10.5,0,0,0,0,0,0,2094515972.2255304,356817038.0,0.0347,-0.389,1424740,1031668,0,27.4,49.7,2026-09-25
324,EGO,Basic Materials,Gold,NYSE,2956966,42.84,123.95,-2,-41,-16.26,69.0,69.4,-0.0,-2.9,8.5,14.6,89,91,52,86,70.7,0,0,0,0,0,0,11272222867.411987,260810332.0,5.13,0.079,3388710,2798522,1,74.9,15.0,2026-09-25
325,COHR,Technology,Scientific & Technical Instruments,NYSE,6939746,300.6,123.94,-3,2,-31.68,172.8,57.5,-2.1,0.1,-1.9,1.8,89,92,97,98,94.6,0,0,0,1,0,1,62149318721.923584,195832246.0,0.0644,0.337,7224450,6550124,4,95.4,-3.0,2026-09-25
326,ARX,Financial Services,Insurance Brokers,NYSE,5443950,19.72,123.6,6,-54,-0.9,110.9,98.7,-0.2,-0.2,16.9,36.5,89,83,23,19,52.0,0,0,0,0,0,0,4269926899.179657,217188552.0,0.0833,0.572,2270960,4155294,0,44.3,34.3,2026-09-25
327,IMAX,Communication Services,Entertainment,NYSE,1003253,53.3,123.54,-3,-24,-4.08,77.4,100.0,4.3,5.5,11.0,35.3,89,92,71,78,81.1,0,0,0,0,0,0,2894018380.8847275,54842114.0,0.1861,0.122,939360,1293716,1,80.5,10.4,2026-09-25
328,NMAX,Communication Services,Broadcasting,NYSE,1426566,10.9,123.47,4,-54,-19.85,112.8,73.1,1.4,2.1,13.6,39.2,89,85,27,6,15.9,0,0,0,0,0,0,1332937816.9832993,129160645.0,0.65849996,0.165,1644260,1126916,0,33.5,56.1,2026-09-25
329,SU,Energy,Oil & Gas Integrated,NYSE,4284286,67.98,123.33,6,-17,-5.66,79.9,90.4,-0.5,0.6,3.8,15.3,89,83,60,92,79.9,0,0,0,0,0,0,81955527892.50803,1180745189.0,6.68,0.459,4192580,4418812,1,78.7,2.0,2026-09-25
330,WKC,Energy,Oil & Gas Refining & Marketing,NYSE,1040396,36.04,123.27,3,0,-12.52,59.2,75.8,1.1,1.2,-1.7,23.2,89,86,83,34,65.0,0,0,0,0,0,0,1838900778.025589,51151620.0,0.24139999,0.503,1460500,1237402,0,67.0,21.2,2026-09-25
331,HP,Energy,Oil & Gas Drilling,NYSE,1295843,39.56,123.18,-1,-8,-17.87,82.7,69.7,-4.8,-7.3,-0.4,10.5,89,90,83,92,85.4,0,0,0,0,0,0,4088502224.700527,99938945.0,0.1041,-0.006,1198220,1248880,2,87.6,2.6,2026-09-25
332,RGEN,Healthcare,Medical Instruments & Supplies,NASDAQ,967400,184.53,123.03,1,-19,-2.23,85.3,100.0,8.5,9.3,16.7,33.7,89,88,68,27,73.1,0,0,0,0,0,0,9982896964.24443,56435621.0,0.1175,0.119,945350,1117564,0,64.0,21.6,2026-09-25
333,PLTR,Technology,Software - Infrastructure,NASDAQ,28923570,191.79,122.99,13,-46,-7.58,79.5,85.4,7.4,8.1,18.3,26.7,89,76,17,63,32.9,0,0,0,0,0,0,426879306920.4895,2403058480.0,0.030299999,0.928,26021940,35959688,0,47.2,30.1,2026-09-25
334,MDB,Technology,Software - Infrastructure,NASDAQ,1804763,428.36,122.75,2,-19,-9.46,86.5,79.3,7.9,6.3,10.2,22.3,89,87,66,35,58.0,0,0,0,0,0,0,30850469723.75299,80431927.0,0.0376,0.305,1452690,1657994,0,61.5,27.0,2026-09-25
335,SXC,Basic Materials,Coking Coal,NYSE,1087843,9.95,122.66,3,-15,-6.84,72.0,83.3,0.4,-2.2,3.3,23.1,89,86,68,29,53.1,0,0,0,0,0,0,805462307.0736885,84874850.0,0.0582,0.095,977780,1391886,0,59.0,29.6,2026-09-25
336,BRKR,Healthcare,Medical Devices,NASDAQ,2094573,59.67,122.61,3,8,-8.62,107.9,99.0,9.3,10.1,9.7,31.4,89,86,91,31,86.8,0,0,0,0,0,0,9353338316.247252,152359316.0,0.1519,0.052,2682650,2248308,1,73.7,10.1,2026-09-25
337,FA,Industrials,Specialty Business Services,NASDAQ,1912350,20.0,122.56,-3,-15,-20.48,122.6,72.3,-4.8,-4.4,-5.3,26.8,89,92,80,23,59.4,0,0,0,0,0,0,3558736359.5861,171753691.0,0.1331,0.149,1354460,1991814,1,63.6,31.3,2026-09-25
338,ROKU,Communication Services,Entertainment,NASDAQ,2173163,153.49,122.48,-2,-7,-4.0,84.9,91.6,-0.9,-1.5,0.9,26.1,89,91,86,55,74.7,0,0,0,0,0,0,22817173563.476303,148510633.0,0.069299996,0.219,2374120,2417262,1,76.7,15.9,2026-09-25
339,GKOS,Healthcare,Medical Devices,NYSE,707673,153.49,122.43,-6,-15,-19.9,107.4,69.8,-5.5,-9.9,-9.5,16.2,89,95,86,65,84.0,0,0,0,0,0,0,9662158575.966248,58983937.0,0.0785,0.495,831330,778442,1,82.5,12.4,2026-09-25
340,SWKS,Technology,Semiconductors,NASDAQ,7000770,91.45,122.21,58,83,-0.92,67.3,90.7,0.3,11.2,24.6,34.8,89,31,56,24,33.4,0,0,0,0,0,0,13355964451.764542,150472782.0,0.36380002,-0.031,9841880,6564790,0,36.1,-2.3,2026-09-25
341,PDFS,Technology,Software - Application,NASDAQ,624686,48.43,122.19,1,9,-32.45,99.7,51.1,5.9,6.3,1.4,13.1,89,88,96,85,89.8,0,0,0,0,0,0,1869821072.9331052,42227216.0,0.093,0.189,651750,576664,1,89.7,-1.1,2026-09-25
342,EAT,Consumer Cyclical,Restaurants,NYSE,1327513,210.8,122.1,-7,-36,-17.33,102.1,68.9,-0.1,-5.3,-4.9,23.2,89,96,67,43,71.7,0,0,0,0,0,0,8215595397.50473,41765010.0,0.1883,0.051,1999360,1224692,1,69.4,25.7,2026-09-25
343,BMNR,Financial Services,Capital Markets,NYSE,44772663,27.46,122.1,37,42,-58.14,110.6,29.5,8.0,10.9,31.6,27.6,89,52,57,39,5.7,0,0,0,0,0,0,15677853841.992435,603226394.0,0.0691,21.678,46517940,40210088,0,38.4,25.3,2026-09-25
344,VGNT,Consumer Cyclical,Auto Parts,NYSE,743233,46.2,121.98,2,-3,-9.22,67.9,78.5,-2.1,-3.6,0.3,,89,87,82,63,,0,0,0,0,0,0,3248505296.1344147,70835265.0,4.07,0.108,884680,849818,0,77.3,,2026-09-25
345,SUN,Energy,Oil & Gas Refining & Marketing,NYSE,533143,75.06,121.75,6,-7,-6.43,55.5,86.7,-2.0,-1.1,0.4,15.1,89,83,70,82,75.8,0,0,0,0,0,0,14671786939.124092,188413849.0,0.0325,1.645,784780,533694,0,77.7,5.1,2026-09-25
346,SKM,Communication Services,Telecom Services,NYSE,1616313,35.85,121.71,0,-10,-24.01,81.8,61.1,-0.9,-3.9,-0.1,11.5,89,89,79,86,79.5,0,0,0,0,0,0,13781653021.769714,383890040.0,0.0068,0.005,1028630,2055408,0,83.4,6.3,2026-09-25
347,SANM,Technology,Electronic Components,NASDAQ,589173,221.89,121.66,28,62,-23.14,96.1,64.1,8.2,10.3,10.8,19.0,88,60,94,75,85.7,0,0,0,0,0,0,10695888232.50708,53597356.0,0.0596,0.697,577660,704244,1,78.7,-19.2,2026-09-25
348,ARIS,Basic Materials,Gold,NYSE,1427220,18.89,121.61,-5,-19,-18.89,105.2,70.3,-1.5,-4.5,6.0,4.7,88,93,79,97,85.1,0,0,0,0,0,0,4004755365.45294,206430693.0,3.62,0.623,1523490,1516054,2,88.5,4.6,2026-09-25
349,SPHR,Communication Services,Entertainment,NYSE,640206,135.89,121.53,-9,-9,-25.18,140.5,68.1,-3.2,-3.1,-6.9,8.7,88,97,97,97,93.4,0,0,0,0,0,0,5214296688.009705,35913607.0,0.3118,0.11,537020,677194,4,96.1,1.8,2026-09-25
350,IMVT,Healthcare,Biotechnology,NASDAQ,1339130,34.54,121.44,-7,-8,-23.95,128.2,63.5,-7.2,-11.9,-14.9,8.3,88,95,94,83,90.5,0,0,0,0,0,0,7632121757.48719,206552682.0,0.1699,,1595150,1176422,3,90.6,4.7,2026-09-25
351,FLEX,Technology,Electronic Components,NASDAQ,3142690,112.3,121.44,-1,7,-32.7,106.2,53.8,2.0,1.9,-2.8,14.7,88,89,97,84,86.1,0,0,0,0,0,0,40083917931.9099,369402978.0,0.03,0.206,3662110,3876076,1,89.0,1.6,2026-09-25
352,LNTH,Healthcare,Drug Manufacturers - Specialty & Generic,NASDAQ,1227760,99.97,121.42,1,4,-10.63,97.0,81.4,-0.6,-0.8,-1.8,14.9,88,87,90,68,87.3,0,0,0,0,0,0,6565902630.529404,65299875.0,0.0863,0.027,925520,1424140,1,83.1,3.4,2026-09-25
353,TALO,Energy,Oil & Gas E&P,NYSE,1918143,16.56,121.36,1,-24,-11.56,88.1,85.9,-1.5,-0.9,6.2,20.1,88,87,62,92,83.8,0,0,0,0,0,0,2840082648.895363,166965468.0,0.0884,0.566,2366540,1975372,1,81.2,3.1,2026-09-25
354,ALM,Basic Materials,Other Industrial Metals & Mining,NASDAQ,6607466,13.62,121.32,-9,-12,-44.2,121.8,38.2,-13.2,-23.5,-17.7,-19.9,88,97,94,98,92.4,0,0,0,1,0,1,3992573624.018669,288480750.0,3.5,4.977,6302270,6633210,4,95.4,2.4,2026-09-25
355,ACHC,Healthcare,Medical Care Facilities,NASDAQ,1532606,28.51,121.29,-2,-11,-20.43,138.0,67.4,-1.5,-2.0,-7.5,17.3,88,90,81,76,50.3,0,0,0,0,0,0,2637530783.6470127,93100275.0,0.3726,-0.004,1514560,2100606,1,74.3,23.5,2026-09-25
356,FCX,Basic Materials,Copper,NYSE,13390113,72.58,121.25,-2,-12,-9.55,104.0,82.4,1.6,-1.5,4.3,14.9,88,90,80,85,77.3,0,0,0,0,0,0,102732694910.1333,1436017523.0,0.0215,-0.073,11804450,13742714,1,83.1,8.3,2026-09-25
357,ZD,Communication Services,Advertising Agencies,NASDAQ,651213,56.75,121.21,-5,-16,-6.17,113.0,91.6,-1.6,-0.2,2.8,26.8,88,93,82,76,72.2,0,0,0,0,0,0,1971171645.46994,34287208.0,0.24610001,-0.027,920450,641022,1,80.8,14.9,2026-09-25
358,VTRS,Healthcare,Drug Manufacturers - Specialty & Generic,NASDAQ,8347073,17.12,121.07,7,14,-6.91,83.6,94.7,3.1,3.6,3.3,15.4,88,81,88,85,83.0,0,0,0,0,0,0,19468616021.10529,1148590864.0,0.0337,0.049,8668140,9201376,0,84.2,-2.5,2026-09-25
359,OUST,Technology,Electronic Components,NASDAQ,2317106,39.38,121.06,5,17,-38.27,148.8,53.9,15.0,15.7,7.9,34.2,88,83,95,63,47.5,0,0,0,0,0,0,2527537216.632656,72112333.0,0.0987,0.559,2028430,2734914,1,72.1,20.6,2026-09-25
360,ASML,Technology,Semiconductor Equipment & Materials,NASDAQ,1260596,1744.61,120.72,-2,0,-12.77,84.0,74.7,3.5,2.2,0.2,13.4,88,90,92,90,83.2,0,0,0,0,0,0,645257288879.3945,384100000.0,0.004,0.213,1438840,1523042,3,88.8,3.2,2026-09-25
361,TK,Energy,Oil & Gas Midstream,NYSE,578276,13.52,120.54,5,-7,-9.44,72.9,84.6,-3.9,-0.3,9.0,16.9,88,83,71,92,76.9,0,0,0,0,0,0,1289940056.0451603,87691370.0,0.0589,0.435,639020,561416,1,80.7,2.5,2026-09-25
362,THC,Healthcare,Medical Care Facilities,NYSE,791313,256.44,120.53,-2,-56,-9.4,54.6,73.8,-4.4,-5.2,-1.4,18.0,88,90,36,62,56.8,0,0,0,0,0,0,21095172023.68164,80519000.0,0.0275,0.068,890690,1059816,1,61.2,27.6,2026-09-25
363,BBNX,Healthcare,Medical Devices,NASDAQ,1343550,22.19,120.51,3,-24,-32.16,145.6,55.8,8.5,10.5,21.5,34.8,88,85,58,9,21.8,0,0,0,0,0,0,1152330348.939957,52641863.0,0.20989999,0.378,2002170,1383022,0,43.4,49.5,2026-09-25
364,CBRL,Consumer Cyclical,Restaurants,NASDAQ,913843,47.52,120.44,-7,-12,-21.14,107.2,78.8,10.1,1.9,-3.8,35.7,88,95,90,26,48.1,0,0,0,0,0,0,1007156818.2950592,22351460.0,0.3831,-0.029,1272260,901932,2,64.8,37.8,2026-09-25
365,MITK,Technology,Software - Application,NASDAQ,676173,17.69,120.29,-1,2,-15.96,109.0,82.1,3.4,1.2,0.9,21.8,88,89,92,86,82.5,0,0,0,0,0,0,754897296.3646164,45122374.0,0.0907,0.182,674080,704038,1,87.4,3.5,2026-09-25
366,PR,Energy,Oil & Gas E&P,NYSE,10281000,21.68,119.91,-2,-25,-12.03,80.7,78.7,-5.1,-5.8,-0.9,14.1,88,90,67,92,79.6,0,0,0,0,0,0,19062798171.741592,837557029.0,0.0247,0.551,12242780,9754350,2,82.1,7.1,2026-09-25
367,MFG,Financial Services,Banks - Regional,NYSE,2964543,10.74,119.85,6,8,-6.53,73.4,83.4,-4.3,-3.5,-0.7,15.4,88,82,84,81,75.7,0,0,0,0,0,0,132407237095.96288,12103038590.0,0.0007,0.35,3182490,3306630,0,80.7,3.2,2026-09-25
368,RHI,Industrials,Staffing & Employment Services,NYSE,1934426,37.36,119.83,-6,-35,-20.0,63.7,59.3,-4.3,-11.0,-12.3,15.6,88,94,65,22,29.9,0,0,0,0,0,0,3826285239.974228,102361828.0,0.2565,-0.024,1913050,2183862,1,52.7,49.4,2026-09-25
369,EFXT,Energy,Oil & Gas Equipment & Services,NYSE,648296,23.11,119.81,16,38,-20.72,116.7,70.9,2.7,6.0,6.2,8.3,88,72,94,96,89.8,0,0,0,0,0,0,2776619531.472868,122102883.0,1.59,-0.054,417950,633630,2,88.0,-15.9,2026-09-25
370,FTI,Energy,Oil & Gas Equipment & Services,NYSE,2930556,71.24,119.78,-1,-9,-11.72,99.5,79.5,-2.9,-6.1,-4.9,7.3,88,89,81,95,83.9,0,0,0,0,0,0,28243677907.29019,392164388.0,0.0328,0.09,3537880,3117468,1,87.2,2.2,2026-09-25
371,CNH,Industrials,Farm & Heavy Construction Machinery,NYSE,22383320,13.75,119.65,29,16,-4.91,44.0,78.4,-2.3,0.5,13.1,20.8,88,59,46,56,50.2,0,0,0,0,0,0,21629734800.06806,1608158744.0,0.0694,0.02,18151480,19154878,0,52.8,6.3,2026-09-25
372,ING,Financial Services,Banks - Diversified,NYSE,1703523,35.92,119.47,6,0,-4.26,52.6,91.5,-1.4,-0.7,2.6,18.5,88,82,76,67,67.2,0,0,0,0,0,0,103704468264.86522,2849023734.0,0.0007,0.111,1893540,2014750,0,73.1,11.0,2026-09-25
373,ZLAB,Healthcare,Biotechnology,NASDAQ,1141390,26.44,119.45,13,-43,-23.85,55.1,49.5,0.3,-1.2,7.7,25.5,88,75,19,21,11.4,0,0,0,0,0,0,2885242145.2523346,112266228.0,0.0729,-0.033,955470,979032,0,31.6,48.2,2026-09-25
374,TRGP,Energy,Oil & Gas Midstream,NYSE,1214386,283.01,119.37,-1,-6,-8.1,93.5,87.8,-1.4,-2.3,0.4,15.6,87,88,83,87,81.7,0,0,0,0,0,0,62654600549.50324,214431021.0,0.0293,0.042,1243620,1213120,0,84.9,3.9,2026-09-25
375,TMO,Healthcare,Diagnostics & Research,NYSE,1958740,665.3,119.27,6,-20,0.26,54.8,100.0,5.5,7.8,13.2,25.8,87,81,55,43,67.7,0,0,0,0,0,0,240871873978.21667,369747286.0,0.0154,0.105,2589730,2107062,0,61.7,16.8,2026-09-25
376,DE,Industrials,Farm & Heavy Construction Machinery,NYSE,1339173,709.48,119.26,10,3,0.51,58.3,94.6,1.5,2.9,9.1,19.7,87,77,70,77,71.1,0,0,0,0,0,0,184421082920.8193,269625412.0,0.0195,0.049,1320910,1225630,0,73.8,3.7,2026-09-25
377,CRVS,Healthcare,Biotechnology,NASDAQ,974276,12.54,119.19,-2,2,-53.47,92.8,29.3,-6.4,-12.1,-14.8,-16.0,87,89,93,98,86.9,0,0,0,1,0,1,1056559091.9385529,84120944.0,0.257,,1477680,928836,2,91.7,-1.1,2026-09-25
378,STT,Financial Services,Asset Management,NYSE,1561076,179.95,119.14,-3,-8,-8.16,63.1,84.2,-2.2,-4.0,-3.2,18.2,87,90,85,73,77.4,0,0,0,0,0,0,50234710424.23279,274701765.0,0.0001,0.184,2124390,1843670,1,81.3,10.2,2026-09-25
379,SKE,Basic Materials,Other Industrial Metals & Mining,NYSE,507273,31.53,119.04,-4,-21,-18.67,102.3,70.4,0.7,-2.1,2.1,5.6,87,91,74,95,80.8,0,0,0,0,0,0,4029861950.591373,125462705.0,10.63,,412410,543410,2,85.2,6.0,2026-09-25
380,IAG,Basic Materials,Gold,NYSE,5536066,19.89,118.94,-4,-22,-20.02,76.6,61.7,-2.8,-4.4,6.8,6.6,87,91,73,95,78.7,0,0,0,0,0,0,11619850217.819214,571000000.0,1.21,0.475,6358230,5680248,2,84.4,7.1,2026-09-25
381,DIOD,Technology,Semiconductors,NASDAQ,641483,95.51,118.91,3,12,-24.19,123.7,65.1,2.9,4.1,3.1,14.7,87,84,93,86,82.0,0,0,0,0,0,0,4253796117.3347855,46051705.0,0.0825,0.217,518120,585420,1,86.3,-0.3,2026-09-25
382,CROX,Consumer Cyclical,Footwear & Accessories,NASDAQ,1058670,124.62,118.85,4,9,-11.79,68.2,73.8,4.9,4.8,-2.4,17.2,87,83,88,33,77.5,0,0,0,0,0,0,5860805865.57827,47945075.0,0.1284,0.026,1370500,1054728,0,70.4,12.2,2026-09-25
383,WST,Healthcare,Medical Instruments & Supplies,NYSE,537680,375.87,118.84,5,8,-2.62,61.8,98.4,3.4,6.3,6.7,25.0,87,82,85,50,71.0,0,0,0,0,0,0,25497842158.40417,70375762.0,0.0365,0.138,720690,647790,0,72.0,11.6,2026-09-25
384,ASC,Industrials,Marine Shipping,NYSE,597463,17.61,118.83,6,0,-12.08,70.6,80.0,-4.0,-1.8,2.2,15.0,87,81,75,90,67.3,0,0,0,0,0,0,778228092.3324966,40851870.0,0.0572,0.613,547420,579644,1,78.3,5.6,2026-09-25
385,FSM,Basic Materials,Gold,NYSE,4881893,11.66,118.8,4,-45,-15.81,46.7,62.9,-2.2,-4.4,8.0,12.4,87,83,34,81,62.8,0,0,0,0,0,0,3536690718.2006083,295957387.0,3.59,0.382,3648500,5227518,0,65.2,15.4,2026-09-25
386,SVM,Basic Materials,Silver,NYSE ARCA,2327723,11.51,118.6,-5,-8,-27.01,92.9,55.5,-2.9,-7.0,0.2,2.0,87,92,89,95,84.6,0,0,0,0,0,0,2641203236.638139,221206309.0,0.1284,0.705,1806200,2399992,2,90.1,3.4,2026-09-25
387,NEM,Basic Materials,Gold,NYSE,7941596,123.55,118.52,0,-27,-8.68,54.3,75.5,-2.0,-3.6,6.2,9.6,87,87,60,90,69.1,0,0,0,0,0,0,130036167022.84634,1053692271.0,0.0188,0.151,7650060,7895308,1,76.5,11.0,2026-09-25
388,NOK,Technology,Communication Equipment,NYSE,83953183,10.63,118.49,1,10,-39.08,123.8,47.3,-0.5,0.6,3.7,5.4,87,86,95,90,90.3,0,0,0,0,0,0,59793526015.21074,5598644598.0,0.0104,0.084,106246550,88120320,3,90.3,-3.9,2026-09-25
389,ELF,Consumer Defensive,Household & Personal Products,NYSE,1629990,100.78,118.48,-3,-73,-31.79,102.9,53.4,4.0,-0.8,7.7,29.9,87,90,20,18,10.4,0,0,0,0,0,0,5690731278.30249,59007996.0,0.0884,0.355,1509830,2077490,1,34.6,61.2,2026-09-25
390,QRVO,Technology,Semiconductors,NASDAQ,1230956,119.59,118.48,40,54,-0.97,53.0,92.5,0.4,8.2,18.1,29.8,87,47,61,37,50.6,0,0,0,0,0,0,10337810981.863106,88221633.0,0.0631,-0.042,1810340,1254514,0,48.9,-1.2,2026-09-25
391,VIST,Energy,Oil & Gas E&P,NYSE,1182183,70.25,118.43,8,1,-13.74,102.6,76.0,-7.5,-7.1,-2.1,6.3,87,79,72,94,85.2,0,0,0,0,0,0,7994319415.74472,110617404.0,0.0287,1.023,1274470,1075306,1,82.6,-5.4,2026-09-25
392,SLDE,Financial Services,Insurance - Property & Casualty,NASDAQ,1230383,22.96,118.35,-1,-37,-14.17,67.5,76.4,-5.2,-3.5,4.8,22.8,87,88,52,39,76.6,0,0,0,0,0,0,2914452478.170269,116811719.0,0.096499994,0.479,1746490,1167908,0,63.9,19.1,2026-09-25
393,MATV,Basic Materials,Specialty Chemicals,NYSE,561583,12.29,118.2,13,-32,-20.61,68.6,63.2,0.7,-0.3,10.3,17.2,87,74,29,44,26.7,0,0,0,0,0,0,661729262.387989,55190098.0,0.025,0.012,528560,559854,0,43.4,34.1,2026-09-25
394,FNKO,Consumer Cyclical,Leisure,NASDAQ,1132330,5.32,118.2,-8,-12,-27.62,94.0,61.5,1.2,-5.6,-7.7,15.6,87,95,91,23,63.0,0,0,0,0,0,0,301257227.48820686,55995766.0,0.1224,0.074,1165950,1173942,2,68.0,30.8,2026-09-25
395,PEB,Real Estate,REIT - Hotel & Motel,NYSE,2006683,18.22,118.19,-3,-2,-8.58,82.4,88.0,2.8,2.9,0.7,24.1,87,90,91,74,78.2,0,0,0,0,0,0,2035682699.950592,112842716.0,0.2218,-0.001,2226030,2131364,2,83.3,9.0,2026-09-25
396,EGY,Energy,Oil & Gas E&P,NYSE,1363780,5.84,118.13,4,-19,-13.1,76.3,77.9,-3.5,-1.9,3.6,11.9,87,83,60,94,68.6,0,0,0,0,0,0,637462168.6608782,105191778.0,0.0799,0.395,1673140,1281730,1,76.4,7.3,2026-09-25
397,BHP,Basic Materials,Other Industrial Metals & Mining,NYSE,2581573,84.95,117.92,-2,-9,-13.94,61.8,70.5,-0.7,-5.1,-3.7,8.5,87,89,82,86,77.6,0,0,0,0,0,0,219253203717.7008,2541476901.0,0.0073,0.183,2374750,2552430,0,83.6,7.0,2026-09-25
398,RIOT,Financial Services,Capital Markets,NASDAQ,17582750,24.69,117.89,11,31,-18.57,98.5,69.1,4.2,9.5,12.2,22.5,87,76,96,64,64.9,0,0,0,0,0,0,8912399706.25,375258935.0,0.15,0.139,16283680,19354670,1,75.2,6.0,2026-09-25
399,VELO,Technology,Computer Hardware,NASDAQ,1205223,10.97,117.87,-7,-4,-65.45,271.0,29.1,4.6,-1.3,-6.5,-22.1,87,94,97,96,97.4,0,0,0,0,0,0,340137665.98721695,32149118.0,0.2932,0.523,961390,1434156,4,96.1,-2.4,2026-09-25
400,ZS,Technology,Software - Infrastructure,NASDAQ,3150913,214.45,117.84,64,54,-36.36,81.8,44.3,10.9,16.2,25.0,27.9,87,23,13,11,10.6,0,0,0,0,0,0,32172322064.29724,163054698.0,0.0596,0.249,3611940,2796304,0,14.4,9.6,2026-09-25
401,RPRX,Healthcare,Biotechnology,NASDAQ,3024246,57.65,117.76,0,-2,-10.45,67.0,80.5,-0.4,-3.3,-1.9,15.7,87,87,85,86,79.3,0,0,0,0,0,0,26008649595.09607,445277344.0,0.0271,0.165,3333950,2975872,0,84.3,4.3,2026-09-25
402,CHYM,Technology,Software - Application,NASDAQ,8324656,26.46,117.67,-8,-72,-25.57,64.7,58.7,-12.4,-15.6,-6.5,15.5,86,94,30,17,36.3,0,0,0,0,0,0,11482486387.746248,378585111.0,0.0736,0.268,10483700,8272366,1,44.3,50.7,2026-09-25
403,SMCI,Technology,Computer Hardware,NASDAQ,47328793,41.44,117.65,35,16,-29.5,102.2,55.0,5.2,7.1,19.8,30.7,86,51,32,13,16.6,0,0,0,0,0,0,25680776960.80496,656965384.0,0.1848,0.932,40114260,48059558,0,28.2,26.7,2026-09-25
404,PAGP,Energy,Oil & Gas Midstream,NASDAQ,1674350,26.69,117.61,2,-14,-7.0,58.5,84.8,-3.1,-4.0,-0.0,13.2,86,84,68,84,70.5,0,0,0,0,0,0,5476007126.178886,197904124.0,0.0908,0.663,1604370,1602330,0,76.6,8.4,2026-09-25
405,MUFG,Financial Services,Banks - Diversified,NYSE,2742650,22.82,117.38,6,3,-5.94,54.4,83.6,-3.3,-3.0,-0.6,16.7,86,80,77,72,66.4,0,0,0,0,0,0,260345829406.3263,11255764758.0,0.00059999997,0.288,2920200,3026732,0,73.8,8.7,2026-09-25
406,GNK,Industrials,Marine Shipping,NYSE,685553,26.44,117.35,-1,-8,-6.97,69.8,86.6,-3.1,-1.8,0.9,13.2,86,87,80,89,66.9,0,0,0,0,0,0,1218681435.8952713,43586605.0,0.0239,0.685,612440,539336,0,80.7,10.4,2026-09-25
407,RUM,Communication Services,Internet Content & Information,NASDAQ,5812740,8.27,117.3,-1,-43,-21.94,84.2,70.7,1.6,1.0,13.4,27.6,86,87,45,18,43.3,0,0,0,0,0,0,2506512420.315185,275743936.0,0.1275,0.609,8288670,4431950,0,48.3,39.8,2026-09-25
408,AZTA,Healthcare,Medical Instruments & Supplies,NASDAQ,789610,34.09,117.27,3,-43,-18.31,113.5,72.7,4.2,5.6,9.0,21.3,86,83,37,15,37.6,0,0,0,0,0,0,1456191056.850933,43808393.0,0.199,0.12,828750,749422,0,43.1,40.9,2026-09-25
409,NE,Energy,Oil & Gas Drilling,NYSE,1122406,44.62,117.25,9,-3,-18.84,63.8,61.6,-2.1,-3.7,-0.4,2.5,86,77,65,95,75.3,0,0,0,0,0,0,7065764300.725838,159642218.0,0.0,-0.163,1189620,1352086,1,78.1,-1.6,2026-09-25
410,PK,Real Estate,REIT - Hotel & Motel,NYSE,3579856,15.07,117.25,-4,-8,-6.98,54.6,84.8,0.4,-0.5,0.4,21.1,86,90,86,60,58.7,0,0,0,0,0,0,3018061520.6173134,201338330.0,0.2275,0.01,3041050,3853054,1,73.7,22.1,2026-09-25
411,MGTX,Healthcare,Biotechnology,NASDAQ,777886,11.75,117.15,-9,-15,-23.45,58.1,50.9,-12.5,-16.7,-15.3,10.4,86,95,89,76,63.7,0,0,0,0,0,0,1272569697.0,96042996.0,0.0541,86.086,874390,670132,1,80.9,20.0,2026-09-25
412,MEOH,Basic Materials,Chemicals,NASDAQ,789320,59.15,117.1,2,-29,-11.39,76.4,81.3,-2.6,-1.0,4.1,11.4,86,84,53,92,73.3,0,0,0,0,0,0,4716899209.548798,77364263.0,3.24,0.752,1176960,850852,1,75.6,6.9,2026-09-25
413,JAZZ,Healthcare,Biotechnology,NASDAQ,935933,234.88,117.09,-2,-1,-11.83,86.0,81.2,-2.1,-3.1,-5.1,12.8,86,88,89,86,83.6,0,0,0,0,0,0,15627535623.566422,64914577.0,0.0733,0.155,772280,877190,0,86.7,2.5,2026-09-25
414,VOR,Healthcare,Biotechnology,NASDAQ,993230,19.37,117.09,-8,-72,-61.22,168.8,27.7,-14.2,-18.5,-15.8,11.9,86,94,30,54,8.3,0,0,0,0,0,0,1266073069.031376,59162294.0,0.1525,,1532270,932096,1,46.6,57.3,2026-09-25
415,ATRO,Industrials,Aerospace & Defense,NASDAQ,741400,69.14,116.99,-7,-4,-26.8,103.8,59.2,0.4,-4.1,-6.6,8.6,86,93,96,94,88.1,0,0,0,0,0,0,2826125556.064026,43009064.0,0.094799995,0.27,825530,637878,3,92.8,2.0,2026-09-25
416,RAL,Technology,Electronic Components,NYSE,1353233,69.99,116.88,7,19,-7.19,82.3,89.6,3.7,7.2,4.5,24.8,86,79,91,31,76.1,0,0,0,0,0,0,7519094842.386047,110640008.0,0.056700002,0.128,1839370,1563526,1,69.3,9.8,2026-09-25
417,ZBIO,Healthcare,Biotechnology,NASDAQ,746780,29.63,116.81,-4,-7,-33.57,80.9,44.0,-11.7,-13.7,-12.8,7.3,86,90,87,84,69.5,0,0,0,0,0,0,1988701375.5,63133377.0,0.2636,,753360,726450,1,82.6,11.8,2026-09-25
418,BBY,Consumer Cyclical,Specialty Retail,NYSE,3998720,90.8,116.78,1,-17,-5.27,63.9,90.3,-1.3,2.2,4.6,25.7,86,85,67,38,54.8,0,0,0,0,0,0,19473216439.28093,209727698.0,0.0797,0.036,3822860,3760348,0,61.2,26.3,2026-09-25
419,BBVA,Financial Services,Banks - Diversified,NYSE,1342796,28.09,116.77,0,-7,-5.23,57.8,89.9,-0.8,-1.5,1.5,16.9,86,86,79,80,73.1,0,0,0,0,0,0,156499141591.02625,5518305297.0,0.00029999999,0.202,1235540,1418552,0,79.5,8.4,2026-09-25
420,KOD,Healthcare,Biotechnology,NASDAQ,663760,31.52,116.77,-9,-6,-34.11,186.4,62.1,1.5,-4.5,-14.4,-1.7,86,95,98,99,91.0,0,0,1,1,0,2,2055805680.929604,62849457.0,0.2715,,822310,620668,4,95.7,0.9,2026-09-25
421,AIP,Technology,Semiconductors,NASDAQ,691046,24.19,116.77,1,15,-51.87,149.9,37.3,7.9,9.1,-7.7,-0.8,86,85,99,92,92.2,0,0,1,0,0,1,1096091837.0999222,49152102.0,0.062800005,0.462,696670,687640,3,92.0,-6.4,2026-09-25
422,EXPD,Industrials,Integrated Freight & Logistics,NYSE,871753,188.03,116.76,2,-11,-3.37,62.3,87.3,-3.5,-3.0,0.0,13.8,86,84,71,69,74.1,0,0,0,0,0,0,24820409682.03992,129990622.0,0.0381,0.321,1107480,1065810,0,74.5,9.2,2026-09-25
423,TEM,Healthcare,Health Information Services,NASDAQ,7651826,76.59,116.69,11,-13,-26.58,97.9,65.9,12.3,20.2,40.0,46.3,86,75,51,24,24.1,0,0,0,0,0,0,14045040746.268188,180434756.0,0.2917,0.216,7294720,6672910,0,43.5,38.1,2026-09-25
424,A,Healthcare,Diagnostics & Research,NYSE,2354090,165.32,116.69,8,-8,0.96,56.8,100.0,11.2,12.7,17.3,31.1,86,78,62,34,64.0,0,0,0,0,0,0,44119191104.30655,281965813.0,0.0229,0.081,2467790,2219116,0,59.5,17.4,2026-09-25
425,EOLS,Healthcare,Drug Manufacturers - Specialty & Generic,NASDAQ,967483,8.0,116.67,-3,-13,-14.07,99.5,73.1,-0.9,-6.9,3.9,28.2,86,89,79,10,53.3,0,0,0,0,0,0,519156467.2186852,66050440.0,0.08229999,0.212,787510,935968,0,57.8,34.7,2026-09-25
426,CTKB,Healthcare,Medical Devices,NASDAQ,994616,5.68,116.66,37,46,-8.09,70.8,94.1,12.4,17.3,22.7,25.1,86,49,58,64,71.4,0,0,0,0,0,0,688911265.692338,129983253.0,0.048,0.056,1479950,906176,0,60.6,-15.1,2026-09-25
427,PAA,Energy,Oil & Gas Midstream,NASDAQ,2522920,24.44,116.6,4,-12,-7.39,55.5,85.8,-2.9,-3.5,0.0,12.7,86,82,66,83,69.8,0,0,0,0,0,0,17900221682.334938,705566460.0,0.0226,0.663,2840600,2567318,0,75.2,7.5,2026-09-25
428,CNQ,Energy,Oil & Gas E&P,NYSE,6745403,47.64,116.58,3,-28,-8.93,60.2,82.3,-3.5,-4.4,-0.5,10.2,86,83,52,91,72.0,0,0,0,0,0,0,102332858741.76024,2061500000.0,18.61,0.695,7986120,6808018,1,74.5,7.0,2026-09-25
429,KN,Technology,Electronic Components,NYSE,741626,36.73,116.56,14,35,-14.44,77.8,72.7,2.9,4.2,1.6,17.8,86,72,93,84,78.1,0,0,0,0,0,0,3036337024.1370926,85410326.0,0.0715,0.143,726490,843722,1,81.8,-7.5,2026-09-25
430,NVT,Industrials,Electrical Equipment & Parts,NYSE,2377346,162.85,116.54,6,17,-11.8,71.5,76.0,4.9,5.5,4.0,17.6,86,80,91,90,79.2,0,0,0,0,0,0,25554132199.641968,161857939.0,0.024600001,0.528,2201590,2305066,2,85.0,-2.7,2026-09-25
431,GRDN,Healthcare,Medical Care Facilities,NYSE,580080,43.26,116.42,14,30,-10.49,78.5,74.7,-6.7,-0.7,2.7,13.8,86,72,88,90,80.1,0,0,0,0,0,0,2849770363.277954,63342304.0,0.081999995,0.022,944310,478438,1,82.5,-9.3,2026-09-25
432,TTMI,Technology,Electronic Components,NASDAQ,2136266,125.82,116.36,6,24,-43.79,137.0,43.7,6.0,5.5,1.7,2.9,86,80,98,98,92.5,0,0,1,1,0,2,12428005614.679688,105348864.0,0.0442,0.374,1734340,2519428,3,92.1,-11.7,2026-09-25
433,TSM,Technology,Semiconductors,NYSE,9793100,446.57,116.31,6,16,-6.77,65.1,87.1,3.9,5.2,7.6,18.0,86,80,90,87,77.2,0,0,0,0,0,0,2254404728873.305,5186474013.0,0.0062,0.36,10996630,11747678,1,83.6,-1.0,2026-09-25
434,LTH,Consumer Cyclical,Leisure,NYSE,3036730,39.67,116.3,-6,-10,-16.02,62.1,72.2,-2.2,-4.9,-7.6,19.7,86,92,88,41,66.4,0,0,0,0,0,0,9106074381.0,223461948.0,0.0529,0.137,3806560,3021384,1,71.9,23.4,2026-09-25
435,TECH,Healthcare,Biotechnology,NASDAQ,2727413,72.52,116.27,0,-5,-0.14,67.6,100.0,0.3,0.3,0.6,17.8,86,86,81,37,64.1,0,0,0,0,0,0,11348936314.774157,156818238.0,0.0428,0.013,3488230,3117050,0,67.0,21.3,2026-09-25
436,RLJ,Real Estate,REIT - Hotel & Motel,NYSE,1699616,10.91,116.14,-3,-1,-15.36,68.5,76.9,1.8,1.1,-2.9,19.1,86,89,91,58,71.3,0,0,0,0,0,0,1644135653.0673218,152375872.0,0.1019,0.056,1812700,1751674,1,77.3,14.8,2026-09-25
437,CIEN,Technology,Communication Equipment,NYSE,2578756,355.91,116.02,-9,-6,-44.17,161.3,45.2,3.8,1.7,-5.3,-7.2,85,94,97,99,94.1,0,0,0,1,0,1,49462811788.9389,141808525.0,0.037100002,0.37,2866180,2363184,4,96.0,-1.3,2026-09-25
438,DOCU,Technology,Software - Application,NASDAQ,3465540,69.49,115.92,17,-35,-19.45,65.2,63.2,-0.0,3.2,13.5,28.5,85,68,16,15,13.3,0,0,0,0,0,0,12909352302.601898,186902452.0,0.09810001,0.094,3543500,3325846,0,28.1,43.2,2026-09-25
439,MSTR,Technology,Software - Application,NASDAQ,27516756,162.2,115.75,70,62,-55.59,96.3,28.6,10.0,15.4,38.9,18.3,85,15,7,10,5.3,0,0,0,0,0,0,61149592379.755554,397281660.0,0.0865,0.069,25820880,22625902,0,9.3,6.6,2026-09-25
440,BTSG,Healthcare,Health Information Services,NASDAQ,2532930,55.78,115.71,-6,-1,-24.37,108.6,63.3,-2.7,-5.2,-10.1,8.7,85,91,96,92,88.0,0,0,0,0,0,0,11234731362.446505,197864241.0,0.0795,0.23,2983080,3422026,3,91.7,0.8,2026-09-25
441,RCUS,Healthcare,Biotechnology,NYSE,1484563,26.39,115.66,-9,-8,-16.84,102.6,66.1,-0.5,-8.7,-11.2,1.3,85,94,95,94,87.6,0,0,0,0,0,0,3174514580.092808,125773162.0,0.1676,-0.744,2202090,1340870,3,92.7,3.1,2026-09-25
442,SDRL,Energy,Oil & Gas Drilling,NYSE,585976,46.43,115.61,13,2,-16.3,63.7,68.5,-2.3,-3.4,0.9,7.8,85,72,61,91,70.9,0,0,0,0,0,0,2970093233.0437355,62541443.0,0.075100005,0.191,641250,640230,1,73.7,-2.1,2026-09-25
443,PTRN,Consumer Cyclical,Internet Retail,NASDAQ,1587053,19.36,115.61,-4,0,-35.03,87.1,42.2,-8.2,-10.5,-18.5,6.4,85,89,93,36,56.7,0,0,0,0,0,0,3471700117.5920944,177399089.0,0.12109999,0.466,1914210,1719072,1,68.7,26.4,2026-09-25
444,NWL,Consumer Defensive,Household & Personal Products,NASDAQ,6621773,5.68,115.6,-7,-11,-20.34,79.7,76.3,-1.5,-4.8,-3.2,21.1,85,92,88,21,28.6,0,0,0,0,0,0,2333932008.123398,425900000.0,0.1705,0.03,6273770,8176606,1,57.4,46.3,2026-09-25
445,BIIB,Healthcare,Drug Manufacturers - General,NASDAQ,826256,227.53,115.52,7,11,0.77,66.8,98.7,3.4,3.5,6.8,17.0,85,78,82,80,78.2,0,0,0,0,0,0,31840986569.0,147753998.0,0.0432,0.034,1059340,1005506,0,79.6,-0.9,2026-09-25
446,ARMK,Industrials,Specialty Business Services,NYSE,2493200,55.77,115.51,-1,-2,-10.98,50.7,69.4,-4.6,-5.1,-5.9,13.7,85,86,85,66,68.1,0,0,0,0,0,0,14843728888.417648,262953564.0,0.0336,0.093,2605180,2536858,0,76.3,13.0,2026-09-25
447,ASPN,Basic Materials,Specialty Chemicals,NYSE,763520,5.68,115.49,25,49,-39.24,106.2,43.7,4.5,5.8,2.2,21.4,85,60,84,23,10.2,0,0,0,0,0,0,420753149.1259689,82988784.0,0.1197,-0.361,700840,1143934,0,44.3,29.9,2026-09-25
448,WDS,Energy,Oil & Gas E&P,NYSE,555640,22.18,115.49,6,-22,-11.95,56.2,76.4,-4.0,-4.4,-2.9,6.7,85,79,51,92,70.8,0,0,0,0,0,0,44048490458.35243,1901100143.0,6.88,0.13,715940,637344,1,73.2,4.3,2026-09-25
449,MSM,Industrials,Industrial Distribution,NYSE,650733,124.1,115.47,5,7,-4.88,48.9,85.8,-0.2,0.4,-1.1,16.2,85,80,82,68,60.6,0,0,0,0,0,0,6824976027.451187,55846298.0,0.051,0.078,805450,654048,0,72.6,11.9,2026-09-25
450,XMAX,Consumer Cyclical,"Furnishings, Fixtures & Appliances",NASDAQ,556170,8.71,115.47,-12,-13,-7.34,72.2,86.2,0.4,-0.1,-0.3,16.5,85,97,96,99,81.3,0,0,0,1,0,1,560708544.864893,64523426.0,0.1446,0.071,598250,578416,3,93.3,7.5,2026-09-25
451,DXCM,Healthcare,Medical Devices,NASDAQ,4296466,87.73,115.28,4,-31,-5.25,59.5,87.0,0.8,-0.2,3.4,20.9,85,81,46,33,54.9,0,0,0,0,0,0,33717183776.94317,377360765.0,0.0539,0.131,4696440,4731486,0,53.7,26.1,2026-09-25
452,EPC,Consumer Defensive,Household & Personal Products,NYSE,553033,27.08,115.23,-5,-12,-9.58,71.8,83.1,1.3,-1.2,-2.4,21.4,85,90,83,59,64.4,0,0,0,0,0,0,1252696723.7652206,46088915.0,0.0979,0.017,694160,608374,1,74.1,19.7,2026-09-25
453,WDAY,Technology,Software - Application,NASDAQ,4257160,192.38,115.2,2,-67,-23.0,69.8,58.1,-0.1,-1.4,6.6,20.6,85,83,14,11,12.2,0,0,0,0,0,0,46722668823.24219,241000000.0,0.100200005,0.128,2946330,4344524,0,30.0,56.7,2026-09-25
454,VET,Energy,Oil & Gas E&P,NYSE,1347010,11.68,115.16,4,-42,-21.19,64.6,64.6,-6.3,-7.1,0.2,7.3,85,81,35,94,74.2,0,0,0,0,0,0,1913056069.946289,152800000.0,7.69,0.231,1612420,1472968,1,71.1,5.4,2026-09-25
455,PBI,Industrials,Integrated Freight & Logistics,NYSE,1623946,16.27,115.13,-2,2,-14.68,81.4,77.3,-3.4,-4.2,-5.4,17.0,85,87,91,65,65.4,0,0,0,0,0,0,2309970124.4957657,137090212.0,0.0002,-0.023,1998140,1666990,1,77.1,14.8,2026-09-25
456,BTG,Basic Materials,Gold,NYSE ARCA,26878440,5.35,114.89,5,-47,-14.94,45.8,65.2,-0.1,-2.3,9.6,11.8,85,80,28,74,40.6,0,0,0,0,0,0,7252678181.010899,1321070762.0,2.57,0.14,20012200,25300722,0,55.6,26.1,2026-09-25
457,OVV,Energy,Oil & Gas E&P,NYSE,3438113,59.73,114.86,-3,-27,-11.52,68.2,79.2,-3.7,-5.5,-3.4,11.9,85,88,64,90,70.0,0,0,0,0,0,0,17251541704.559326,276600000.0,0.0454,0.297,3591310,3467288,1,78.0,11.0,2026-09-25
458,NAVN,Technology,Software - Application,NASDAQ,3835033,19.66,114.86,-12,-22,-36.33,128.3,49.5,-8.2,-20.9,-26.0,5.8,85,97,87,18,,0,0,0,0,0,0,5562368289.421951,260410493.0,0.3336,0.354,7015080,3505804,1,67.3,,2026-09-25
459,STLD,Basic Materials,Steel,NASDAQ,1149000,234.29,114.75,6,17,-18.86,72.8,67.6,-0.7,-1.2,-3.6,9.5,85,79,90,81,81.2,0,0,0,0,0,0,33719365195.555298,143328088.0,0.0335,0.334,1073970,1165118,1,82.8,-2.6,2026-09-25
460,MMED,Healthcare,Medical Instruments & Supplies,NASDAQ,2114943,20.54,114.66,-1,-64,-15.92,89.3,73.9,-5.9,-6.2,3.2,,85,86,23,25,,0,0,0,0,0,0,6130615254.073555,281349931.0,0.2825,0.166,2603310,1741442,0,44.7,,2026-09-25
461,BWIN,Financial Services,Insurance Brokers,NASDAQ,3244170,31.85,114.61,-4,-52,-2.61,93.0,95.9,1.1,3.0,7.3,32.2,85,89,41,18,31.7,0,0,0,0,0,0,3092055633.512787,96838572.0,0.1366,0.301,7816300,2445406,0,44.9,47.7,2026-09-25
462,ENTG,Technology,Semiconductor Equipment & Materials,NASDAQ,2125183,150.93,114.6,2,10,-19.26,116.0,69.3,7.3,7.8,7.0,14.4,85,83,91,85,75.0,0,0,0,0,0,0,21735800000.0,152800000.0,0.0664,0.115,2260620,2428794,1,83.5,2.8,2026-09-25
463,DBX,Technology,Software - Infrastructure,NASDAQ,3979016,34.22,114.49,3,-33,-10.35,48.1,67.6,-9.3,-7.9,-3.5,16.5,85,82,46,26,33.1,0,0,0,0,0,0,7932306641.582668,217442619.0,0.3098,0.009,4772230,4086068,0,46.8,39.3,2026-09-25
464,AU,Basic Materials,Gold,NYSE,2772426,98.74,114.44,-5,-28,-23.54,54.8,54.0,-2.9,-7.5,1.4,2.2,85,90,67,94,67.1,0,0,0,0,0,0,52240906915.28558,505769256.0,0.014400001,0.27,2721120,2743694,2,79.5,12.9,2026-09-25
465,FRSH,Technology,Software - Application,NASDAQ,4972583,12.87,114.43,-1,-56,-8.01,86.2,84.2,2.6,0.1,5.6,25.5,85,86,31,13,24.5,0,0,0,0,0,0,3196279457.0,260920772.0,0.1015,0.16,4220040,7831232,0,38.6,50.8,2026-09-25
466,WEAV,Healthcare,Health Information Services,NYSE,4466996,7.36,114.42,7,-27,-5.76,68.0,92.2,0.2,0.3,7.4,20.2,85,78,44,12,21.3,0,0,0,0,0,0,583299877.2377195,80013701.0,0.0784,0.155,1756000,3166074,0,38.8,45.0,2026-09-25
467,WPM,Basic Materials,Gold,NYSE,2100150,145.45,114.35,-1,-46,-12.25,52.5,69.4,-3.5,-5.0,6.2,8.9,85,86,41,84,61.3,0,0,0,0,0,0,68582694272.90479,454159968.0,2.53,0.847,1502250,2017442,0,68.1,17.2,2026-09-25
468,KNTK,Energy,Oil & Gas Midstream,NYSE,1175273,52.92,114.28,-1,-20,-7.03,65.8,89.1,-2.3,-3.0,0.2,13.4,85,86,67,79,49.9,0,0,0,0,0,0,4303661070.5,80442263.0,0.0925,0.363,1553650,1113746,0,70.5,21.4,2026-09-25
469,AAPL,Technology,Consumer Electronics,NASDAQ,42341966,337.02,114.24,21,22,-2.19,37.0,95.6,0.2,2.4,4.4,16.9,85,64,65,62,59.7,0,0,0,0,0,0,4905541794660.645,14594180000.0,0.0095999995,0.164,45831430,47994128,0,62.7,2.4,2026-09-25
470,TTE,Energy,Oil & Gas Integrated,NYSE,1520346,91.67,114.2,10,-6,-2.65,60.1,95.3,0.7,1.8,4.4,11.8,84,74,58,89,71.9,0,0,0,0,0,0,200624561477.016,2209035038.0,0.0022,0.278,1359760,1581684,0,73.2,-0.4,2026-09-25
471,SMFG,Financial Services,Banks - Diversified,NYSE,1297740,25.85,114.16,5,6,-6.41,67.8,83.4,-3.8,-3.5,-1.6,12.7,84,79,80,75,71.8,0,0,0,0,0,0,166165235577.80197,6332516655.0,0.0016,0.248,1267520,1485370,0,76.5,4.3,2026-09-25
472,INCY,Healthcare,Biotechnology,NASDAQ,1352503,124.64,114.12,0,-4,-6.0,52.4,88.6,0.3,-0.5,1.3,17.4,84,84,80,77,70.2,0,0,0,0,0,0,25400054056.392456,202697746.0,0.0788,0.377,1652870,1599122,0,77.8,8.7,2026-09-25
473,CNK,Communication Services,Entertainment,NYSE,2108393,35.79,114.11,-4,-20,-8.18,68.6,91.4,5.2,4.4,4.3,26.1,84,88,72,71,59.8,0,0,0,0,0,0,4055756001.0042,115911855.0,0.123,0.155,2061490,2420404,0,72.7,19.1,2026-09-25
474,SPT,Technology,Software - Application,NASDAQ,1284446,9.95,114.02,4,-53,-30.97,94.8,51.7,-8.8,-10.5,-0.7,18.7,84,80,23,5,8.6,0,0,0,0,0,0,616222800.6628189,60592212.0,0.0837,0.108,1201160,1240460,0,29.2,56.4,2026-09-25
475,MTSI,Technology,Semiconductors,NASDAQ,1301566,275.84,114.02,11,34,-34.15,133.2,56.6,7.2,6.6,4.1,5.7,84,73,96,93,90.7,0,0,0,0,0,0,21067683906.94519,76370931.0,0.0435,0.358,1582280,1400334,3,88.2,-15.2,2026-09-25
476,TXN,Technology,Semiconductors,NASDAQ,5939273,272.62,114.01,15,34,-18.38,76.5,65.6,2.0,3.2,-0.4,10.3,84,69,88,65,72.4,0,0,0,0,0,0,243508376372.69165,913247686.0,0.026099999,0.228,6929310,6780704,0,73.6,-2.8,2026-09-25
477,VKTX,Healthcare,Biotechnology,NASDAQ,3812670,41.65,113.99,24,45,-3.48,46.5,68.4,11.1,10.7,8.5,10.3,84,60,81,72,70.3,0,0,0,0,0,0,3381768616.9302616,116652937.0,0.201,,7815530,3045520,0,70.8,-9.7,2026-09-25
478,GTX,Consumer Cyclical,Auto Parts,NASDAQ,2824673,25.5,113.97,2,17,-29.66,102.6,54.0,-3.6,-5.4,-11.4,3.5,84,82,97,89,85.0,0,0,0,0,0,0,4899182071.14991,186493414.0,0.025999999,0.069,2637040,2569774,1,88.3,-4.4,2026-09-25
479,VAL,Energy,Oil & Gas Drilling,NYSE,1209140,82.57,113.93,11,14,-27.65,75.0,52.6,-2.1,-4.0,-1.0,0.4,84,73,76,97,79.6,0,0,0,0,0,0,5815943342.650887,69435807.0,0.1216,-0.124,1462910,1106436,1,81.4,-8.4,2026-09-25
480,CHRD,Energy,Oil & Gas E&P,NASDAQ,686836,137.72,113.86,0,-32,-12.31,64.7,76.4,-4.6,-4.7,-0.6,12.7,84,84,52,89,65.9,0,0,0,0,0,0,7903295825.744385,54697872.0,0.0942,0.841,789740,732924,0,72.7,11.2,2026-09-25
481,VEEE,Consumer Cyclical,Recreational Vehicles,NASDAQ,1065836,12.78,113.85,65,47,-89.99,208.3,9.7,31.2,37.4,7.4,-39.5,84,19,1,1,1.0,0,0,0,0,0,0,5013474.135419846,584321.0,0.0493,-0.342,3040670,1804730,0,5.5,14.4,2026-09-25
482,INTA,Technology,Software - Application,NASDAQ,613463,36.46,113.68,-9,-87,-23.93,92.4,62.0,-0.6,-6.6,0.8,20.4,84,93,15,10,13.5,0,0,0,0,0,0,2770468599.031952,76511148.0,0.0656,0.13,655700,706112,1,32.9,64.2,2026-09-25
483,INVX,Energy,Oil & Gas Equipment & Services,NYSE,818843,28.42,113.67,15,19,-15.69,66.0,78.7,-1.7,-3.4,-0.9,8.1,84,69,73,83,80.5,0,0,0,0,0,0,2014151764.2431984,69935827.0,0.0633,0.092,983110,744486,0,76.4,-8.9,2026-09-25
484,DHC,Real Estate,REIT - Healthcare Facilities,NASDAQ,1676646,8.13,113.59,-4,2,-15.84,100.5,72.8,2.8,4.3,-2.7,9.6,84,88,94,95,82.9,0,0,0,0,0,0,1939453249.2989275,242128988.0,0.0594,-0.045,2273310,1717442,2,90.0,0.6,2026-09-25
485,GMAB,Healthcare,Biotechnology,NASDAQ,2428570,34.75,113.46,11,-26,-1.92,46.0,95.6,2.6,3.1,9.7,18.1,84,73,36,62,51.4,0,0,0,0,0,0,21361715271.693497,614902540.0,0.0112,0.249,2141930,2238422,0,55.6,16.7,2026-09-25
486,CTOS,Industrials,Rental & Leasing Services,NYSE,904903,9.51,113.27,-1,9,-22.24,72.8,58.7,0.8,0.4,-6.8,9.8,84,85,95,81,73.9,0,0,0,0,0,0,2122626624.192705,227505535.0,0.073699996,0.102,872420,1010902,1,83.7,5.3,2026-09-25
487,JNJ,Healthcare,Drug Manufacturers - General,NYSE,6318380,269.17,113.18,3,0,-4.23,53.3,92.4,0.9,0.5,2.5,13.0,84,81,78,86,75.1,0,0,0,0,0,0,650648498669.864,2409898597.0,0.01,0.066,6478210,7104422,0,80.0,2.3,2026-09-25
488,CF,Basic Materials,Agricultural Inputs,NYSE,2631770,120.64,113.16,-1,-34,-15.02,55.7,67.0,-8.2,-9.5,-5.5,6.6,84,85,52,92,65.2,0,0,0,0,0,0,19325878739.15268,151338130.0,0.0659,0.176,2660870,2481630,1,73.6,11.8,2026-09-25
489,CRM,Technology,Software - Application,NYSE,15471513,237.58,113.12,32,-5,-11.72,58.7,75.9,-2.7,-3.8,12.8,18.2,84,52,15,19,22.3,0,0,0,0,0,0,195808158493.042,823000000.0,0.040999997,0.108,12772400,14322494,0,27.1,25.2,2026-09-25
490,BNS,Financial Services,Banks - Diversified,NYSE,1910513,92.25,113.07,6,9,-3.24,45.7,90.3,-1.2,-1.0,2.1,15.5,84,78,81,73,67.9,0,0,0,0,0,0,114655337728.0426,1218830000.0,5.5,0.117,1732700,2084328,0,75.0,5.7,2026-09-25
491,VOD,Communication Services,Telecom Services,NASDAQ,3150340,16.35,112.98,10,-3,-7.68,47.6,81.7,-4.0,-1.7,1.7,10.1,84,74,61,85,69.0,0,0,0,0,0,0,39172016147.32848,2311033297.0,0.0039,,3447940,3757146,0,72.3,1.6,2026-09-25
492,CRCT,Technology,Computer Hardware,NASDAQ,739380,5.89,112.95,3,-42,-14.64,58.3,71.2,4.3,4.0,9.8,26.8,84,81,36,19,15.7,0,0,0,0,0,0,1181266478.2761536,209444416.0,0.087799996,-0.092,651440,754482,0,37.9,49.6,2026-09-25
493,HOOD,Financial Services,Capital Markets,NASDAQ,22570443,122.7,112.92,2,-10,-20.25,85.4,63.8,3.9,5.8,16.2,27.6,84,82,70,27,22.5,0,0,0,0,0,0,107728037676.48187,899082273.0,0.0454,0.323,24041120,21347032,0,50.4,42.0,2026-09-25
494,GRMN,Technology,Scientific & Technical Instruments,NYSE,836030,287.58,112.87,2,-28,-8.5,57.7,85.6,5.2,5.3,4.7,21.2,84,82,52,67,53.5,0,0,0,0,0,0,52853165545.32861,192852536.0,0.019199999,0.114,865650,954738,0,63.6,20.3,2026-09-25
495,BEN,Financial Services,Asset Management,NYSE,3296936,32.71,112.86,0,3,-9.84,53.7,77.9,-1.9,-3.3,-3.3,11.5,84,84,87,65,62.2,0,0,0,0,0,0,16771617946.309776,508076910.0,0.0421,0.143,3703370,3941054,0,74.5,14.4,2026-09-25
496,IFF,Basic Materials,Specialty Chemicals,NYSE,1510660,85.71,112.86,11,-1,-4.04,44.2,92.2,1.9,0.6,3.7,13.5,84,73,61,63,65.2,0,0,0,0,0,0,21167240696.883232,255149963.0,0.086899996,0.018,1783430,1629508,0,65.5,7.1,2026-09-25
497,NVAX,Healthcare,Biotechnology,NASDAQ,5433133,10.55,112.78,33,47,-11.86,70.4,88.1,7.5,7.9,21.5,21.2,83,50,64,75,48.8,0,0,0,0,0,0,1667601233.230379,164945726.0,0.29770002,-0.763,5789730,4517914,0,59.5,-5.8,2026-09-25
498,WEX,Technology,Software - Infrastructure,NYSE,521910,184.54,112.73,-2,-60,-9.53,46.2,76.7,-3.7,-3.8,-1.0,15.2,83,85,27,47,42.5,0,0,0,0,0,0,6597177690.891174,34081611.0,0.0937,0.142,556150,663952,0,50.4,34.7,2026-09-25
499,SHEL,Energy,Oil & Gas Integrated,NYSE,5874273,95.41,112.71,11,-26,-3.78,36.0,88.3,-0.0,1.3,4.4,13.1,83,72,35,83,61.4,0,0,0,0,0,0,269986214504.6321,2855788152.0,0.0154,0.447,5381913,6312934,0,62.9,6.8,2026-09-25
500,LXP,Real Estate,REIT - Industrial,NYSE,706380,60.88,112.7,1,-7,-1.18,38.3,98.7,0.1,0.2,0.6,15.0,83,82,74,62,59.1,0,0,0,0,0,0,3585191304.805481,58957264.0,0.0001,0.004,870620,826884,0,69.3,16.3,2026-09-25
501,AVBP,Healthcare,Biotechnology,NASDAQ,520936,30.3,112.66,9,25,-15.43,75.3,73.6,4.0,1.3,-0.2,10.8,83,74,90,75,78.7,0,0,0,0,0,0,1424993349.290594,49307729.0,0.187,,706920,507980,1,79.4,-4.1,2026-09-25
502,DRH,Real Estate,REIT - Hotel & Motel,NASDAQ,2683163,12.24,112.65,-2,0,-11.24,65.6,83.7,1.2,1.2,-1.0,15.3,83,85,87,74,73.6,0,0,0,0,0,0,2504373488.609476,204605681.0,0.09689999,0.041,3495140,2748248,0,79.9,7.7,2026-09-25
503,COP,Energy,Oil & Gas E&P,NYSE,6841426,128.09,112.64,1,-38,-9.55,51.0,78.6,-3.1,-3.2,2.2,12.0,83,82,43,87,66.3,0,0,0,0,0,0,160607701173.57294,1218294007.0,0.0139999995,0.355,7591230,6698988,0,69.6,10.8,2026-09-25
504,ACA,Industrials,Engineering & Construction,NYSE,609856,146.5,112.48,2,7,-0.29,64.4,100.0,0.6,0.7,0.9,16.4,83,81,86,72,73.9,0,0,0,0,0,0,7161736844.725494,49106809.0,0.0306,0.017,729050,672480,0,78.2,4.9,2026-09-25
505,HSBC,Financial Services,Banks - Diversified,NYSE,1176163,100.25,112.35,-2,-7,-7.11,52.5,81.8,-2.2,-3.3,-3.1,9.8,83,85,80,81,68.0,0,0,0,0,0,0,348479470750.1685,3422168953.0,4.41,0.254,1478690,1288188,0,78.5,9.8,2026-09-25
506,XERS,Healthcare,Drug Manufacturers - Specialty & Generic,NASDAQ,1809680,8.66,112.34,1,-3,-14.09,69.2,79.4,10.9,8.3,7.1,25.8,83,82,78,36,43.0,0,0,0,0,0,0,1495026474.4251614,182320306.0,0.0456,0.287,2471240,1737686,0,59.8,29.1,2026-09-25
507,EZPW,Financial Services,Credit Services,NASDAQ,964083,30.19,112.32,-8,-8,-18.69,74.0,70.8,-2.7,-5.6,-2.4,7.4,83,91,91,90,81.0,0,0,0,0,0,0,1886077702.2258875,61535978.0,0.276,0.347,723110,959758,3,88.2,5.2,2026-09-25
508,CERT,Healthcare,Health Information Services,NASDAQ,2459340,8.64,112.31,12,-44,-37.75,98.4,48.4,7.7,8.7,11.6,23.9,83,71,15,11,11.3,0,0,0,0,0,0,1284376539.237785,152538780.0,0.2975,0.01,2639640,3059806,0,27.1,47.4,2026-09-25
509,IVZ,Financial Services,Asset Management,NYSE,3820306,30.74,112.23,-1,-12,-8.67,38.3,76.4,-1.1,-3.5,-2.1,10.9,83,84,73,80,63.1,0,0,0,0,0,0,13478988586.55384,441499780.0,0.0404,0.205,4191210,4399786,0,75.0,12.3,2026-09-25
510,XOM,Energy,Oil & Gas Integrated,NYSE,14383783,161.23,112.16,4,-25,-8.6,46.5,84.7,-1.0,-0.1,2.1,9.9,83,79,50,90,69.0,0,0,0,0,0,0,672462054331.5692,4111911960.0,0.0108,0.441,15774970,14498496,1,72.0,5.7,2026-09-25
511,PRTH,Technology,Software - Infrastructure,NASDAQ,1149310,7.8,112.05,53,100,-1.39,67.9,99.7,20.3,30.9,29.4,34.5,83,30,77,21,32.2,0,0,0,0,0,0,480627362.4702988,82440372.0,0.0545,0.094,2575470,849852,0,40.0,-4.0,2026-09-25
512,VOYA,Financial Services,Financial Conglomerates,NYSE,1056700,97.37,111.99,-1,-6,-7.83,46.7,77.7,-4.6,-5.4,-4.2,15.2,83,84,79,40,54.7,0,0,0,0,0,0,9201871140.282188,90596349.0,0.0001,-0.043,1486490,1038554,0,64.4,24.0,2026-09-25
513,NOV,Energy,Oil & Gas Equipment & Services,NYSE,3153206,20.28,111.93,15,16,-7.52,61.7,80.7,-3.1,-4.7,-2.6,3.2,83,68,69,84,76.3,0,0,0,0,0,0,7154515859.96151,356478125.0,0.1288,-0.025,3367620,3321866,0,74.3,-7.4,2026-09-25
514,BETA,Industrials,Aerospace & Defense,NYSE,3407663,24.34,111.87,15,-36,-38.38,70.3,41.2,7.8,9.4,8.3,14.4,83,68,17,7,,0,0,0,0,0,0,4889368064.758568,233941060.0,0.0625,1.457,5497750,2608594,0,30.7,,2026-09-25
515,AMGN,Healthcare,Drug Manufacturers - General,NASDAQ,2780920,406.09,111.83,-2,-22,-9.16,49.7,78.0,5.1,-0.4,0.8,12.4,83,85,65,75,67.1,0,0,0,0,0,0,208494729428.4941,540632005.0,0.024,0.095,3381940,2752168,0,73.0,13.0,2026-09-25
516,PRGO,Healthcare,Drug Manufacturers - Specialty & Generic,NYSE,2513196,13.84,111.81,21,-24,-38.9,58.7,41.0,6.6,3.8,14.9,19.9,83,62,17,11,9.1,0,0,0,0,0,0,1881711020.4298923,138769245.0,0.2493,-0.032,2511520,2738980,0,24.8,41.1,2026-09-25
517,CVX,Energy,Oil & Gas Integrated,NYSE,9095096,205.51,111.79,9,-20,-5.63,40.1,82.9,-2.3,-1.6,2.7,11.3,83,74,45,86,59.2,0,0,0,0,0,0,410975491160.3314,1961603274.0,0.0105,0.535,12295670,8599982,0,66.1,7.9,2026-09-25
518,MSFT,Technology,Software - Infrastructure,NASDAQ,21735650,500.59,111.77,19,-22,-9.6,41.1,76.7,0.0,-0.3,5.2,15.3,83,64,23,24,24.5,0,0,0,0,0,0,3666585843481.593,7425545491.0,0.01,0.177,21459820,28904120,0,33.9,31.9,2026-09-25
519,SLB,Energy,Oil & Gas Equipment & Services,NYSE,12530490,51.87,111.74,9,0,-14.21,62.1,69.5,-3.0,-6.5,-2.0,2.7,83,74,65,87,73.4,0,0,0,0,0,0,75869400383.48401,1484143231.0,0.0425,0.05,14174620,12654808,0,74.8,-1.4,2026-09-25
520,EXEL,Healthcare,Biotechnology,NASDAQ,2166196,56.73,111.72,7,9,-5.01,67.8,95.2,1.3,1.5,4.5,19.5,83,76,78,57,69.8,0,0,0,0,0,0,14460539696.353945,247781692.0,0.15810001,0.106,2263870,2367360,0,70.2,6.7,2026-09-25
521,IBKR,Financial Services,Capital Markets,NASDAQ,3759776,91.56,111.7,0,3,-7.28,47.1,77.5,-0.3,-2.0,-1.7,11.6,83,83,86,75,66.1,0,0,0,0,0,0,41089660434.13788,453078171.0,0.026400002,0.263,3878200,4254394,0,77.5,9.8,2026-09-25
522,STNG,Energy,Oil & Gas Midstream,NYSE,841760,81.25,111.68,10,14,-9.78,63.5,82.0,-4.7,-1.7,1.7,11.4,83,73,77,93,66.1,0,0,0,0,0,0,4365090823.723389,50081352.0,0.044699997,0.775,1152640,789568,1,77.3,-1.0,2026-09-25
523,JXN,Financial Services,Insurance - Life,NYSE,750963,129.73,111.64,-1,-30,-7.93,43.6,79.0,-3.2,-3.7,-0.4,13.3,83,84,55,70,55.9,0,0,0,0,0,0,8985572342.464966,67728744.0,0.0502,,1156050,697346,0,66.2,19.7,2026-09-25
524,ADM,Consumer Defensive,Farm Products,NYSE,3779450,82.15,111.62,14,19,-7.44,46.2,80.6,-3.9,-2.8,-0.8,11.2,83,69,74,85,64.0,0,0,0,0,0,0,41053317427.02239,481959583.0,0.039300002,0.072,4280690,3845966,0,73.0,-1.2,2026-09-25
525,WLY,Communication Services,Publishing,NYSE,528087,47.75,111.61,-8,-22,-16.88,68.8,73.6,0.8,-1.7,-4.5,19.0,82,90,76,64,49.8,0,0,0,0,0,0,2437896955.6624603,50683930.0,0.1528,-0.026,533148,491920,1,69.9,26.7,2026-09-25
526,GOLD,Financial Services,Capital Markets,NYSE,661946,43.48,111.61,-2,-3,-34.81,75.8,47.6,-5.3,-4.7,-0.3,-1.1,82,84,83,90,77.8,0,0,0,0,0,0,1325375181.0680237,29154756.0,0.1583,0.992,729470,551908,1,83.7,2.0,2026-09-25
527,DV,Communication Services,Advertising Agencies,NYSE,3728993,13.4,111.59,2,-43,-1.83,55.3,96.9,-0.5,-0.2,5.5,21.5,82,80,35,22,36.5,0,0,0,0,0,0,2086132994.2323077,154987592.0,0.0672,0.025,5037610,3938114,0,43.4,37.9,2026-09-25
528,PFG,Financial Services,Asset Management,NASDAQ,1248753,113.92,111.57,5,6,-5.99,45.6,89.1,-1.7,-0.4,0.6,13.3,82,77,78,66,65.5,0,0,0,0,0,0,25193692714.432693,214104641.0,0.0543,0.064,1497420,1419842,0,71.6,7.8,2026-09-25
529,DSGN,Healthcare,Biotechnology,NASDAQ,710926,12.36,111.56,-13,-14,-28.35,121.3,64.5,-5.8,-13.2,-11.1,2.7,82,95,94,95,86.4,0,0,0,0,0,0,765999393.9161968,62581651.0,0.1173,,1011240,616688,3,92.6,4.4,2026-09-25
530,GPRE,Basic Materials,Chemicals,NASDAQ,1589893,15.11,111.48,5,16,-23.1,70.8,59.6,0.1,0.1,-5.0,2.6,82,77,88,97,77.7,0,0,0,0,0,0,1061944192.4607544,70095328.0,0.2151,-0.193,1661240,1578934,1,84.9,-5.4,2026-09-25
531,EMBJ,Industrials,Aerospace & Defense,NYSE,1251036,75.43,111.47,3,-19,-6.59,42.0,86.6,1.6,2.8,5.8,14.6,82,79,57,56,55.5,0,0,0,0,0,0,13359324647.141457,177958235.0,0.0128,0.104,1206340,1203142,0,61.9,18.6,2026-09-25
532,XP,Financial Services,Capital Markets,NASDAQ,6744473,20.88,111.31,49,43,-9.73,37.3,69.7,2.0,5.2,15.6,13.3,82,33,27,73,32.8,0,0,0,0,0,0,9918783506.69474,495691324.0,0.0476,0.106,8804010,5466614,0,41.4,-7.3,2026-09-25
533,SA,Basic Materials,Gold,NYSE,714950,31.2,111.31,2,-12,-22.12,41.4,48.4,-1.4,-4.2,0.4,-1.3,82,80,66,90,63.9,0,0,0,0,0,0,3338614217.4992065,107871216.0,0.0428,,480560,654948,1,75.0,7.5,2026-09-25
534,SEIC,Financial Services,Asset Management,NASDAQ,749100,104.83,111.18,0,-29,-6.53,39.4,81.2,-0.6,-2.8,-0.5,16.1,82,82,53,39,49.6,0,0,0,0,0,0,12626017580.130524,120019182.0,0.0186,0.147,985950,771166,0,55.9,27.7,2026-09-25
535,GBTG,Consumer Cyclical,Travel Services,NYSE,1759746,9.46,111.15,1,7,-1.05,90.5,99.1,0.1,0.0,0.2,20.0,82,81,87,22,46.4,0,0,0,0,0,0,4941652790.706965,522373443.0,0.028299998,0.379,1826550,1637560,0,59.1,28.5,2026-09-25
536,VG,Energy,Oil & Gas Midstream,NYSE,14474523,13.27,111.11,-4,-65,-24.69,123.5,63.0,-7.2,-8.8,-5.6,11.6,82,86,25,91,18.2,0,0,0,0,0,0,35051302915.47168,2500092851.0,0.78209996,0.476,16833100,14935430,1,55.0,39.0,2026-09-25
537,WAB,Industrials,Railroads,NYSE,832666,292.22,110.9,0,-10,-4.7,51.9,86.4,2.9,2.1,0.8,12.1,82,82,72,80,70.0,0,0,0,0,0,0,47333889631.44003,168910851.0,0.0255,0.175,789230,940316,0,76.0,7.4,2026-09-25
538,KRNY,Financial Services,Banks - Regional,NASDAQ,660863,9.34,110.88,-4,-8,-8.79,48.6,78.6,-3.4,-4.9,-3.8,10.4,82,86,82,73,67.6,0,0,0,0,0,0,603936535.5085611,63173275.0,0.048800003,0.149,499560,598544,0,77.2,12.2,2026-09-25
539,CBC,Financial Services,Banks - Regional,NASDAQ,1292680,31.37,110.81,1,-5,-7.24,40.0,85.8,0.3,-0.4,-1.0,16.8,82,81,75,54,,0,0,0,0,0,0,7628238577.413958,239505133.0,0.0695,0.137,2305320,1026950,0,70.0,,2026-09-25
540,WAT,Healthcare,Diagnostics & Research,NYSE,672223,420.57,110.81,6,-3,-2.6,51.9,100.0,2.9,3.7,7.2,18.9,82,76,67,28,67.4,0,0,0,0,0,0,41398102523.07312,98185855.0,0.0336,1.134,732970,777326,0,59.6,14.8,2026-09-25
541,MET,Financial Services,Insurance - Life,NYSE,2906076,97.2,110.8,5,-7,-3.7,43.6,91.6,-0.0,0.5,1.2,16.9,82,77,65,33,49.1,0,0,0,0,0,0,61666681577.8765,635476927.0,0.0187,0.105,3165410,3440950,0,56.0,23.9,2026-09-25
542,MKSI,Technology,Scientific & Technical Instruments,NASDAQ,1278480,262.72,110.78,-7,1,-41.31,112.7,42.3,3.0,1.1,-9.8,-3.9,82,89,97,96,87.8,0,0,0,0,0,0,17045034144.451448,67617558.0,0.105100006,0.283,1291480,1396180,2,92.5,-1.6,2026-09-25
543,ASH,Basic Materials,Specialty Chemicals,NYSE,593093,69.01,110.75,-2,-14,-11.81,45.5,74.6,-1.0,-3.7,-3.5,11.0,82,84,72,57,65.3,0,0,0,0,0,0,3162490020.3997803,45793370.0,0.118599996,0.073,705820,691640,0,69.6,15.9,2026-09-25
544,LSCC,Technology,Semiconductors,NASDAQ,1545873,121.66,110.74,4,20,-22.51,98.0,64.7,7.8,6.7,0.5,10.4,82,78,94,89,79.8,0,0,0,0,0,0,15759678851.087402,142030272.0,0.0773,0.622,1926040,1720796,1,85.2,-4.7,2026-09-25
545,NOW,Technology,Software - Application,NYSE,15863900,140.78,110.71,31,-6,-27.7,66.0,51.6,-0.4,-0.8,10.1,18.0,82,51,14,13,10.9,0,0,0,0,0,0,140057286402.03857,1033862000.0,0.0294,0.24,13057450,19565608,0,22.2,31.4,2026-09-25
546,GRPN,Communication Services,Internet Content & Information,NASDAQ,1195436,20.04,110.62,22,48,-32.98,116.7,59.4,7.1,8.6,-6.8,19.5,82,60,86,11,18.9,0,0,0,0,0,0,775893844.5774841,40665296.0,0.47259998,-0.008,1426620,1354596,0,44.0,27.7,2026-09-25
547,HRMY,Healthcare,Biotechnology,NASDAQ,911666,40.48,110.61,7,1,-6.92,58.9,90.0,-1.3,-0.5,6.1,18.9,82,75,69,29,55.8,0,0,0,0,0,0,2447093260.518505,58236393.0,0.1185,0.303,1323040,929074,0,57.2,19.4,2026-09-25
548,GILD,Healthcare,Drug Manufacturers - General,NASDAQ,5736986,151.37,110.57,16,2,-3.76,35.4,86.5,1.0,1.0,6.3,10.3,82,66,52,79,60.8,0,0,0,0,0,0,186129669073.85855,1239955155.0,0.0186,0.102,6545980,6238244,0,64.4,1.4,2026-09-25
549,ALKS,Healthcare,Drug Manufacturers - Specialty & Generic,NASDAQ,1675496,42.13,110.54,-8,-4,-24.32,50.4,48.6,-8.8,-11.2,-15.9,5.5,82,90,94,78,70.7,0,0,0,0,0,0,7279248269.685425,167763272.0,0.1216,0.27,2452130,1708216,2,83.2,11.7,2026-09-25
550,CVLT,Technology,Software - Application,NASDAQ,505046,149.43,110.54,15,23,-24.1,99.5,63.5,5.0,8.0,8.8,30.9,82,67,75,9,11.7,0,0,0,0,0,0,5990397002.306702,41444564.0,0.088,0.114,612250,597852,0,40.7,38.5,2026-09-25
551,SCZM,Basic Materials,Other Industrial Metals & Mining,NASDAQ,512793,8.88,110.52,-7,-36,-49.67,81.3,35.6,-1.5,-5.7,6.2,-0.9,81,88,59,97,50.0,0,0,0,0,0,0,886197381.6889153,92990284.0,5.07,0.548,517030,497388,1,73.5,20.1,2026-09-25
552,BDX,Healthcare,Medical Instruments & Supplies,NYSE,1787823,182.52,110.49,3,-22,-5.46,29.2,76.1,-1.0,-2.4,1.5,10.9,81,78,53,59,51.7,0,0,0,0,0,0,49285668257.00684,272386800.0,0.044699997,0.054,2101240,1835782,0,60.4,19.5,2026-09-25
553,MFC,Financial Services,Insurance - Life,NYSE,2486493,43.6,110.47,3,-3,-3.82,41.8,90.9,-0.8,-0.1,-0.4,11.6,81,78,72,61,64.5,0,0,0,0,0,0,73637487658.9895,1659249344.0,5.34,0.107,1682290,2288306,0,68.9,10.8,2026-09-25
554,TD,Financial Services,Banks - Diversified,NYSE,1807826,119.41,110.42,1,6,-4.83,52.6,88.1,-1.5,-1.4,-1.3,11.6,81,80,85,78,72.4,0,0,0,0,0,0,200425108009.9945,1638397000.0,4.6,0.115,1637530,2112982,0,78.8,3.7,2026-09-25
555,JHX,Basic Materials,Building Materials,NYSE,10046106,26.85,110.33,-8,-17,-14.57,56.4,65.4,-3.4,-7.7,-7.6,10.1,81,89,80,30,61.1,0,0,0,0,0,0,14989090462.998596,580522488.0,0.0178,0.639,17711270,9251678,0,65.0,26.7,2026-09-25
556,NVCR,Healthcare,Medical Devices,NASDAQ,1161603,16.25,110.29,6,1,-24.25,61.5,61.9,0.1,-3.7,-3.3,10.9,81,75,70,21,52.4,0,0,0,0,0,0,1943481131.788788,116445840.0,0.12529999,0.156,1115780,1409130,0,54.6,22.6,2026-09-25
557,BVN,Basic Materials,Other Precious Metals & Mining,NYSE,1202913,33.42,110.14,-1,-10,-25.18,55.2,51.9,-2.3,-4.0,-1.1,-2.5,81,82,73,94,73.5,0,0,0,0,0,0,8719369609.173843,253986867.0,0.0227,0.432,1312490,1078950,1,80.6,2.8,2026-09-25
558,FIVE,Consumer Cyclical,Specialty Retail,NASDAQ,1196420,227.41,110.1,-8,-43,-13.82,60.6,67.5,-6.0,-8.1,-3.9,4.3,81,89,54,94,68.8,0,0,0,0,0,0,12890351721.297684,55054035.0,0.0352,0.229,1187700,1140662,1,76.4,12.6,2026-09-25
559,DGX,Healthcare,Diagnostics & Research,NYSE,936993,233.0,109.95,0,-19,-6.31,36.4,85.3,-1.7,-1.5,0.9,15.8,81,81,62,70,56.6,0,0,0,0,0,0,27201514235.16724,110373360.0,0.0313,0.102,1112680,1015900,0,67.4,16.3,2026-09-25
560,MD,Healthcare,Medical Care Facilities,NYSE,745750,25.86,109.9,-2,-3,-7.44,62.4,85.1,-2.0,-3.1,-2.7,10.8,81,83,82,81,74.8,0,0,0,0,0,0,2106897341.8265305,81253271.0,0.0846,0.04,803290,786416,0,80.2,4.6,2026-09-25
561,INSP,Healthcare,Medical Devices,NYSE,683413,69.06,109.81,25,-20,-53.03,71.8,27.7,-5.2,1.8,13.7,8.2,81,56,11,8,16.2,0,0,0,0,0,0,2219738557.209015,28910375.0,0.1656,-0.076,1108500,754288,0,22.8,34.0,2026-09-25
562,BFH,Financial Services,Credit Services,NYSE,500010,99.19,109.77,-8,-7,-13.39,87.8,80.0,-4.5,-4.8,-4.9,15.1,81,89,90,80,78.9,0,0,0,0,0,0,4169643109.14148,38419268.0,0.0001,0.038,648200,539648,1,84.5,6.7,2026-09-25
563,META,Communication Services,Internet Content & Information,NASDAQ,19734373,744.1,109.71,57,59,-5.3,47.9,100.0,11.0,19.3,26.6,24.2,81,24,26,31,30.4,0,0,0,0,0,0,1696002269293.75,2547506225.0,0.013099999,0.28,24522280,18571626,0,27.8,-4.8,2026-09-25
564,KMX,Consumer Cyclical,Auto & Truck Dealerships,NYSE,1908843,57.46,109.66,-9,-33,-11.98,82.5,76.4,-4.4,-6.7,-5.2,18.3,81,90,66,28,23.3,0,0,0,0,0,0,8118733672.236511,141911096.0,0.089700006,0.055,2418170,2187412,1,51.8,48.2,2026-09-25
565,CEVA,Technology,Semiconductors,NASDAQ,794843,33.62,109.66,32,78,-34.84,100.2,52.5,14.5,20.2,8.8,17.9,81,49,95,25,58.4,0,0,0,0,0,0,852223772.3279114,28154072.0,0.1033,0.131,587990,782088,1,56.8,-4.5,2026-09-25
566,TS,Energy,Oil & Gas Equipment & Services,NYSE,1330833,55.77,109.64,19,37,-13.67,65.9,73.2,-0.7,-0.3,0.6,4.0,81,62,80,91,78.0,0,0,0,0,0,0,28396118137.5,504819878.0,0.0226,-0.039,1076330,1308080,1,77.8,-15.6,2026-09-25
567,SNEX,Financial Services,Capital Markets,NASDAQ,833213,67.78,109.62,1,16,-28.4,86.9,58.3,2.1,1.6,-0.6,9.3,81,80,95,84,81.1,0,0,0,0,0,0,8104516712.0,120962936.0,0.047399998,0.152,828720,947390,1,85.0,-2.9,2026-09-25
568,ZYME,Healthcare,Biotechnology,NASDAQ,730416,27.5,109.52,-3,-12,-12.25,65.9,71.5,0.4,-3.9,3.9,6.9,81,84,75,90,79.0,0,0,0,0,0,0,1900000511.5471115,71509241.0,0.1001,-0.906,761870,611414,1,82.0,2.2,2026-09-25
569,CSCO,Technology,Communication Equipment,NASDAQ,19263093,106.43,109.47,-1,7,-18.36,59.1,63.3,-2.0,-2.2,-4.9,10.5,81,82,90,71,76.5,0,0,0,0,0,0,431752696884.5042,3942586873.0,0.014099999,0.176,19894060,19554470,1,79.9,4.1,2026-09-25
570,SEI,Energy,Oil & Gas Equipment & Services,NYSE,2683230,67.43,109.47,18,48,-21.77,87.4,71.9,5.5,15.7,19.3,15.5,81,63,93,94,82.5,0,0,0,0,0,0,4585825317.4823,65831540.0,0.23799999,0.469,3231910,3202200,2,83.1,-18.9,2026-09-25
571,GLW,Technology,Electronic Components,NYSE,9051760,154.48,109.43,-2,13,-43.16,97.6,42.8,1.2,0.7,0.9,3.8,81,83,98,97,86.0,0,0,1,0,0,1,129320234339.02773,861388331.0,0.026300002,0.166,8903900,11197454,2,91.0,-5.8,2026-09-25
572,SLF,Financial Services,Insurance - Diversified,NYSE,960200,79.96,109.32,4,3,-5.24,37.9,82.5,-1.1,-0.4,-1.5,11.8,81,77,76,58,60.4,0,0,0,0,0,0,45188200758.4789,556025626.0,5.52,0.075,584710,836378,0,67.8,12.2,2026-09-25
573,FNV,Basic Materials,Gold,NYSE,796810,260.91,109.3,3,-28,-8.67,41.3,78.4,-1.0,-1.5,7.4,9.9,81,78,47,84,50.9,0,0,0,0,0,0,51286069680.38391,192855530.0,5.3,0.582,808960,786538,0,65.0,15.5,2026-09-25
574,BP,Energy,Oil & Gas Integrated,NYSE,9490403,44.49,109.29,14,-10,-7.83,35.5,78.3,-1.2,-0.1,1.9,7.4,81,67,43,87,56.4,0,0,0,0,0,0,114808763914.63255,2575342288.0,0.0029,0.482,9955970,8727668,0,63.3,3.7,2026-09-25
575,SAN,Financial Services,Banks - Diversified,NYSE,14464323,14.2,109.29,-2,-5,-5.65,48.0,85.7,-1.9,-2.4,-0.6,12.1,81,83,80,79,66.5,0,0,0,0,0,0,207619581936.19516,14508705510.0,0.0044,0.102,6737020,13373486,0,77.1,9.3,2026-09-25
576,NTCT,Technology,Software - Infrastructure,NASDAQ,649933,39.28,109.26,3,12,-13.25,54.1,71.1,2.0,2.6,0.2,13.0,81,78,87,82,72.9,0,0,0,0,0,0,2778146324.954468,72707312.0,0.076799996,0.127,688700,606888,0,80.0,0.9,2026-09-25
577,CRBG,Financial Services,Asset Management,NYSE,4123726,33.89,109.26,16,2,-4.91,52.9,92.7,-1.5,0.4,3.2,16.3,81,65,51,22,28.9,0,0,0,0,0,0,15517342102.9954,445772522.0,0.0463,0.259,4795740,4294622,0,41.7,28.0,2026-09-25
578,IMO,Energy,Oil & Gas Integrated,NYSE ARCA,573306,124.75,109.18,1,-17,-10.53,48.8,74.8,-3.7,-4.6,-3.8,5.0,81,80,62,92,62.5,0,0,0,0,0,0,64596186373.72983,497237969.0,0.2159,0.426,629090,544610,1,74.1,8.1,2026-09-25
579,OMDA,Healthcare,Health Information Services,NASDAQ,1312090,20.69,109.17,-10,-18,-23.13,80.3,55.4,-2.6,-9.1,-11.0,15.2,81,91,83,17,14.5,0,0,0,0,0,0,1250657260.9718552,61216703.0,0.0956,0.431,1750220,1430792,1,51.4,53.9,2026-09-25
580,HNI,Consumer Cyclical,"Furnishings, Fixtures & Appliances",NYSE,522976,47.16,109.16,-2,-48,-10.66,59.6,74.8,0.5,-1.8,0.2,13.1,81,83,37,22,29.7,0,0,0,0,0,0,3328302842.0562744,72181800.0,0.061,1.207,627490,571334,0,42.9,43.5,2026-09-25
581,VIRT,Financial Services,Capital Markets,NYSE,1313093,53.01,109.15,-11,-14,-22.91,62.6,57.0,-8.6,-13.9,-12.1,7.3,81,92,89,79,72.7,0,0,0,0,0,0,5099364154.5,88300678.0,0.0648,0.291,898470,1257598,1,83.2,12.5,2026-09-25
582,APLE,Real Estate,REIT - Hotel & Motel,NYSE,2404156,15.83,109.14,-3,1,-8.39,44.2,83.7,3.1,2.3,-0.4,15.2,81,84,88,46,58.9,0,0,0,0,0,0,3678168416.82832,236082698.0,0.1346,0.047,2890300,2742678,0,69.2,19.7,2026-09-25
583,NTR,Basic Materials,Agricultural Inputs,NYSE,2706843,75.13,108.97,10,-30,-11.98,37.9,67.1,-4.0,-4.3,2.6,5.7,80,70,30,84,57.5,0,0,0,0,0,0,36788122857.064514,477210074.0,0.0126,0.04,2694010,2579744,0,60.4,7.4,2026-09-25
584,KSPI,Technology,Software - Infrastructure,NASDAQ,649506,93.86,108.97,-4,-19,-14.63,34.8,60.0,-4.5,-8.6,-4.1,9.9,80,84,69,33,35.6,0,0,0,0,0,0,18533359021.013123,190027266.0,0.0117999995,0.136,756560,577044,0,55.4,35.9,2026-09-25
585,RGLD,Basic Materials,Gold,NASDAQ,699066,252.78,108.96,2,-42,-17.46,49.3,61.7,0.7,-1.6,8.2,5.2,80,78,34,84,59.4,0,0,0,0,0,0,21152308982.9122,84727857.0,0.0345,1.155,738320,706058,0,63.9,12.5,2026-09-25
586,NVDA,Technology,Semiconductors,NASDAQ,121942006,225.51,108.93,21,24,-4.66,36.0,84.2,1.9,1.2,4.2,12.7,80,59,62,70,55.0,0,0,0,0,0,0,5367153793167.114,24147000000.0,0.0128999995,1.059,109105680,123481272,0,61.5,-0.5,2026-09-25
587,BNY,Financial Services,Banks - Diversified,NYSE,3020123,149.51,108.91,-6,-12,-9.85,43.7,75.7,-3.2,-5.5,-5.6,10.7,80,86,80,76,64.6,0,0,0,0,0,0,104347147442.7933,678504142.0,0.01,0.131,4149250,3298912,0,76.6,13.3,2026-09-25
588,ADI,Technology,Semiconductors,NASDAQ,3618190,385.23,108.9,7,19,-13.61,69.9,71.5,3.0,4.2,2.6,7.7,80,73,85,84,74.5,0,0,0,0,0,0,182060937101.31055,484565465.0,0.0202,0.396,3621670,3747548,0,79.1,-4.1,2026-09-25
589,WBD,Communication Services,Entertainment,NASDAQ,29362460,30.76,108.86,-5,-10,2.53,80.4,100.0,6.8,7.6,11.8,11.7,80,85,80,93,76.0,0,0,0,0,0,0,69698398402.80649,2507136702.0,0.0275,-0.112,52044940,27472390,1,83.5,3.4,2026-09-25
590,XPRO,Energy,Oil & Gas Equipment & Services,NYSE,819603,16.51,108.84,5,-15,-14.14,40.9,68.4,-0.9,-4.0,-2.5,3.4,80,75,55,91,65.6,0,0,0,0,0,0,1849266889.681282,112349149.0,0.086,-0.07,827470,899298,1,71.6,3.5,2026-09-25
591,TRV,Financial Services,Insurance - Property & Casualty,NYSE,1565746,360.39,108.83,0,-13,-9.61,38.5,74.3,-2.7,-2.2,-2.4,14.2,80,80,67,63,58.9,0,0,0,0,0,0,78136373723.20728,208575022.0,0.0309,0.003,1606750,1821718,0,67.2,15.3,2026-09-25
592,ROST,Consumer Cyclical,Apparel Retail,NASDAQ,2566296,233.98,108.78,-1,-7,-8.96,61.6,81.9,2.6,2.5,-1.0,9.0,80,81,75,89,79.4,0,0,0,0,0,0,72391269452.0787,319453110.0,0.0312,0.133,2035450,2370646,0,81.1,-0.2,2026-09-25
593,REGN,Healthcare,Biotechnology,NASDAQ,692276,801.82,108.77,2,-42,-6.69,43.3,81.1,0.9,-0.9,3.1,8.3,80,78,34,78,61.5,0,0,0,0,0,0,80804219818.25049,102954988.0,0.026199998,0.167,770780,745278,0,62.9,12.7,2026-09-25
594,MPWR,Technology,Semiconductors,NASDAQ,656943,1355.47,108.76,16,37,-20.92,55.8,57.5,9.4,8.3,2.6,5.2,80,64,85,87,68.9,0,0,0,0,0,0,59846347799.56055,49143000.0,0.0547,0.476,802860,766082,0,76.2,-9.2,2026-09-25
595,DVN,Energy,Oil & Gas E&P,NYSE,11888406,48.04,108.73,5,-18,-8.86,54.1,84.4,-0.5,0.4,5.1,10.5,80,75,52,88,69.3,0,0,0,0,0,0,53471000671.38672,1100000000.0,0.026199998,0.642,15729290,11279852,0,71.1,2.5,2026-09-25
596,KNX,Industrials,Trucking,NYSE,3332386,67.17,108.62,1,11,-18.94,68.2,61.0,-2.6,-3.8,-6.7,1.3,80,79,89,81,80.4,0,0,0,0,0,0,10852570129.66919,162756000.0,0.0777,0.126,4216950,3632550,0,82.4,-2.1,2026-09-25
597,CNO,Financial Services,Insurance - Life,NYSE,975746,54.02,108.59,-1,-2,-6.2,39.0,82.3,-2.6,-2.9,-1.8,14.0,80,81,80,52,62.6,0,0,0,0,0,0,5108104808.204155,92521371.0,0.0001,0.116,1313680,858390,0,68.9,15.1,2026-09-25
598,BOX,Technology,Software - Infrastructure,NYSE,2971483,32.76,108.56,1,-47,-9.85,51.2,75.1,-4.7,-6.0,-1.4,17.0,80,79,31,21,26.6,0,0,0,0,0,0,4626410233.041412,137200773.0,0.1551,0.092,2731780,3009008,0,39.4,42.6,2026-09-25
599,NMR,Financial Services,Capital Markets,NYSE,686676,9.84,108.5,2,-8,-10.05,45.2,73.6,-5.4,-5.4,-2.1,10.2,80,78,68,67,58.4,0,0,0,0,0,0,29430497496.8858,2922591697.0,0.0005,0.312,798880,787094,0,67.9,13.0,2026-09-25
600,KLAC,Technology,Semiconductor Equipment & Materials,NASDAQ,9501523,187.86,108.46,-5,5,-38.88,90.4,43.7,5.9,5.1,-1.6,6.8,80,85,95,90,82.2,0,0,0,0,0,0,231245722300.24585,1306546783.0,0.0251,0.152,10236680,10581952,2,88.0,-0.6,2026-09-25
601,RIO,Basic Materials,Other Industrial Metals & Mining,NYSE,2020390,95.25,108.44,-2,-6,-15.39,48.6,63.8,-2.8,-5.8,-3.9,-0.5,80,82,78,88,71.4,0,0,0,0,0,0,158358627034.52972,1626359480.0,0.0094,0.155,1776010,2304104,0,79.8,4.5,2026-09-25
602,KO,Consumer Defensive,Beverages - Non-Alcoholic,NYSE,14939693,88.09,108.42,4,-6,-4.76,34.2,85.2,-0.1,-0.3,0.9,10.9,80,76,66,69,60.7,0,0,0,0,0,0,379699970694.75,4302549243.0,0.0092,0.067,15435150,16002468,0,67.9,10.0,2026-09-25
603,PCVX,Healthcare,Biotechnology,NASDAQ,1158416,56.49,108.33,-5,-8,-13.09,77.0,79.5,-3.0,-4.7,-2.6,4.0,80,85,82,90,81.3,0,0,0,0,0,0,8650050969.081184,148805278.0,0.1014,,1540620,1085514,1,84.6,1.2,2026-09-25
604,MTCH,Communication Services,Internet Content & Information,NASDAQ,3375060,40.48,108.31,3,-6,-9.91,41.2,76.8,-4.4,-3.3,1.5,15.8,80,77,68,40,41.2,0,0,0,0,0,0,10077114101.168236,233266526.0,0.059899997,-0.012,4014150,3268596,0,56.6,26.2,2026-09-25
605,YEXT,Technology,Software - Infrastructure,NYSE,1059843,6.44,108.28,3,-57,-28.68,93.7,56.6,1.6,0.2,7.7,17.2,80,77,17,8,10.5,0,0,0,0,0,0,607729229.3449173,98978704.0,0.0955,-0.018,1101310,1013314,0,28.1,53.1,2026-09-25
606,RAMP,Technology,Software - Infrastructure,NYSE,1155286,37.44,108.24,4,9,-2.07,67.2,96.6,-0.5,-0.6,-0.7,17.1,80,76,81,36,59.5,0,0,0,0,0,0,2289539012.843422,60794982.0,0.1254,0.098,1397260,1025894,0,63.1,15.7,2026-09-25
607,IEX,Industrials,Specialty Industrial Machinery,NYSE,555546,229.67,108.23,2,1,-5.8,43.5,85.2,2.1,1.3,-0.2,9.3,80,78,77,67,67.5,0,0,0,0,0,0,16492615223.110107,73719896.0,0.0294,0.064,590430,640752,0,72.4,7.6,2026-09-25
608,LTC,Real Estate,REIT - Healthcare Facilities,NYSE,575720,42.54,108.22,19,16,-2.43,27.6,98.5,1.1,3.0,5.5,12.9,80,61,58,68,52.2,0,0,0,0,0,0,2294220835.3080254,53905563.0,0.056199998,0.655,723130,585688,0,59.8,3.3,2026-09-25
609,CFFN,Financial Services,Banks - Regional,NASDAQ,847290,8.69,108.22,2,3,-6.16,43.9,83.3,-1.8,-1.2,-1.0,11.2,80,78,79,75,62.9,0,0,0,0,0,0,1097988022.3382912,123369446.0,0.0735,0.183,1005290,867560,0,73.7,8.1,2026-09-25
610,RYAM,Basic Materials,Chemicals,NYSE,776790,9.14,108.19,7,6,-22.87,58.5,51.8,3.2,3.1,2.3,2.2,80,73,72,96,54.1,0,0,0,0,0,0,564152705.041687,67644208.0,0.0748,0.106,805460,881390,1,73.8,5.0,2026-09-25
611,MICC,Consumer Defensive,Packaged Foods,NYSE,779406,19.06,108.14,-2,-18,-7.86,47.6,84.5,0.1,-1.3,0.6,,80,82,66,43,,0,0,0,0,0,0,11519449071.631474,606925677.0,14.01,0.042,834050,866086,0,63.7,,2026-09-25
612,TRIN,Financial Services,Asset Management,NYSE,894750,17.55,108.12,-1,-8,-7.12,23.3,72.7,-1.3,-3.2,-2.7,6.2,80,81,74,66,36.0,0,0,0,0,0,0,1669447630.14999,94693574.0,0.0573,0.193,912460,988370,0,64.2,26.2,2026-09-25
613,GENB,Healthcare,Biotechnology,NASDAQ,1409103,16.52,108.06,-7,-11,-27.13,42.6,52.1,-2.0,-0.6,4.5,,79,86,82,45,,0,0,0,0,0,0,2199960674.69989,128352436.0,0.099700004,-0.377,1308000,1040208,0,71.0,,2026-09-25
614,CSX,Industrials,Railroads,NASDAQ,10004026,47.19,108.05,-3,-5,-11.96,39.4,67.9,-1.9,-3.9,-6.0,6.8,79,82,80,79,66.6,0,0,0,0,0,0,87251565764.0476,1852474917.0,0.0222,0.101,11718850,11668944,0,76.9,8.5,2026-09-25
615,AUR,Consumer Cyclical,Auto Parts,NASDAQ,32514580,6.32,108.0,23,55,-26.21,60.7,49.5,-5.1,-2.5,-4.2,10.1,79,56,88,32,25.7,0,0,0,0,0,0,12646219626.401316,2004155268.0,0.1735,1.0,35677740,29483838,0,50.4,16.7,2026-09-25
616,AVNT,Basic Materials,Specialty Chemicals,NYSE,732040,40.97,107.95,-3,-22,-12.16,48.4,70.5,-0.4,-3.4,-1.2,9.3,79,82,63,70,46.6,0,0,0,0,0,0,3701801093.98117,91719550.0,0.055999998,0.058,688430,769292,0,65.4,22.0,2026-09-25
617,ABBV,Healthcare,Drug Manufacturers - General,NYSE,4358256,265.08,107.85,2,-3,-0.89,34.3,98.8,1.1,2.1,3.4,15.2,79,77,72,56,48.6,0,0,0,0,0,0,466448263448.7208,1767117285.0,0.0123000005,0.102,4390590,4895784,0,63.4,18.9,2026-09-25
618,SPSC,Technology,Software - Application,NASDAQ,543243,81.29,107.79,0,-62,-29.23,65.7,51.9,1.9,1.1,9.0,20.3,79,79,17,9,11.0,0,0,0,0,0,0,2870653797.8553314,36000174.0,0.109799996,0.056,651990,572022,0,29.0,54.2,2026-09-25
619,PWR,Industrials,Engineering & Construction,NYSE,988896,634.9,107.7,11,31,-19.51,65.2,64.2,2.2,3.1,0.4,7.5,79,68,88,90,79.2,0,0,0,0,0,0,95725145060.4737,150343393.0,0.0238,0.411,826500,1051924,1,81.3,-12.0,2026-09-25
620,SOLV,Healthcare,Medical Instruments & Supplies,NYSE,985366,88.37,107.68,5,-7,-6.15,41.8,87.1,-0.0,-1.4,2.1,14.0,79,74,62,29,49.2,0,0,0,0,0,0,15122675460.982086,170223729.0,0.0298,0.022,1002870,1092642,0,53.5,22.6,2026-09-25
621,AGRO,Consumer Defensive,Farm Products,NYSE,911493,10.85,107.53,11,-26,-31.72,49.1,43.1,-7.5,-7.8,-0.1,-0.9,79,68,31,94,57.6,0,0,0,0,0,0,1653769295.864912,144307966.0,0.039300002,0.39,787590,817534,1,62.6,3.7,2026-09-25
622,POWL,Industrials,Electrical Equipment & Parts,NASDAQ,526583,192.62,107.51,-2,14,-41.27,103.8,42.8,5.8,5.9,-4.6,-6.5,79,81,97,97,85.9,0,0,0,0,0,0,6702134718.043396,36432564.0,0.092,0.089,550990,657836,2,90.2,-7.2,2026-09-25
623,GDYN,Technology,Information Technology Services,NASDAQ,1146393,7.7,107.46,22,-19,-24.58,48.0,51.5,-2.4,-2.5,4.9,8.3,79,57,16,11,21.8,0,0,0,0,0,0,615753039.1689796,81126881.0,0.090100005,0.07,1011570,1489754,0,26.5,30.9,2026-09-25
624,AEM,Basic Materials,Gold,NYSE,2822626,195.57,107.31,0,-48,-23.38,42.2,49.7,-1.8,-3.5,7.0,2.9,79,79,31,88,49.5,0,0,0,0,0,0,101014729500.90527,506364864.0,0.0153,0.35,1777780,2840926,0,61.9,17.8,2026-09-25
625,AVR,Healthcare,Medical Devices,NASDAQ,715600,7.62,107.27,-14,-12,-31.07,126.3,59.4,-6.8,-9.6,-10.7,7.0,79,93,95,83,75.5,0,0,0,0,0,0,795261132.969017,97458474.0,0.1022,0.633,813110,829658,2,86.6,10.5,2026-09-25
626,BLSH,Technology,Software - Infrastructure,NYSE,1781746,40.11,107.17,60,47,-46.51,82.1,37.5,8.0,12.0,36.7,17.6,79,19,6,17,6.4,0,0,0,0,0,0,5814197608.779701,151648346.0,0.1706,0.688,1817370,1627832,0,12.1,8.0,2026-09-25
627,SPNT,Financial Services,Insurance - Reinsurance,NYSE,797136,25.42,107.14,13,12,-4.0,47.6,94.2,4.1,5.1,6.4,14.5,79,66,65,68,70.2,0,0,0,0,0,0,2875084146.0,116165016.0,0.0494,-0.005,1227900,756112,0,67.3,-2.4,2026-09-25
628,FDS,Financial Services,Financial Data & Stock Exchanges,NYSE,850556,279.43,107.03,3,-46,-12.81,42.7,65.7,-1.4,-5.9,-3.1,8.6,79,76,27,15,19.1,0,0,0,0,0,0,10094567592.125336,35565543.0,0.1446,0.064,870730,875920,0,34.3,45.6,2026-09-25
629,SJM,Consumer Defensive,Packaged Foods,NYSE,1386640,122.41,106.99,5,0,-9.92,35.9,75.1,-0.2,-3.1,-0.1,12.7,79,74,69,39,41.6,0,0,0,0,0,0,13133910023.851517,106823183.0,0.0432,0.05,1479780,1389722,0,55.9,23.7,2026-09-25
630,BLMN,Consumer Cyclical,Restaurants,NASDAQ,1939610,8.55,106.96,-15,-25,-32.3,54.4,43.4,-2.8,-11.7,-14.9,7.2,79,94,84,23,45.9,0,0,0,0,0,0,690960774.0605698,85620917.0,0.1169,0.013,2397710,2049714,1,61.7,39.2,2026-09-25
631,LNG,Energy,Oil & Gas Midstream,NYSE,1927583,273.61,106.93,1,-42,-9.07,46.3,80.9,1.1,-1.3,1.9,13.1,79,78,35,84,48.9,0,0,0,0,0,0,55421375201.36932,206534158.0,0.020299999,0.227,2085060,1859390,0,61.5,17.6,2026-09-25
632,LLY,Healthcare,Drug Manufacturers - General,NYSE,2394980,1150.99,106.89,-3,0,-10.96,65.4,82.6,3.2,2.6,0.4,10.6,79,82,85,61,75.8,0,0,0,0,0,0,1028115467115.8468,891741406.0,0.0089,0.477,2243770,2552788,0,75.9,7.0,2026-09-25
633,CLF,Basic Materials,Steel,NYSE,14317820,12.87,106.88,41,40,-22.93,59.8,56.0,1.7,3.0,6.9,9.4,79,38,37,23,37.2,0,0,0,0,0,0,7131750587.5,570540047.0,0.1409,0.059,14907660,19100624,0,33.8,3.5,2026-09-25
634,TAK,Healthcare,Drug Manufacturers - Specialty & Generic,NYSE,2281543,18.81,106.81,12,-20,-1.52,40.5,92.1,-0.4,0.7,4.4,9.2,79,67,35,79,52.6,0,0,0,0,0,0,60389138935.69013,3193502878.0,0.0013,0.102,2348570,3184382,0,58.4,8.0,2026-09-25
635,OXY,Energy,Oil & Gas E&P,NYSE,7875893,57.36,106.74,4,-31,-14.96,49.2,70.0,-2.9,-3.2,-0.4,8.5,79,75,40,90,55.5,0,0,0,0,0,0,58818663062.17256,999637371.0,0.0001,0.534,9673680,8190666,1,65.1,10.2,2026-09-25
636,PLGO,Financial Services,Insurance - Diversified,NYSE,537793,23.91,106.74,5,14,-9.23,38.4,77.1,-1.4,-2.3,-2.8,11.1,79,74,83,65,64.2,0,0,0,0,0,0,1947425034.560051,82728333.0,0.0416,0.103,539020,444676,0,71.5,5.8,2026-09-25
637,SWK,Industrials,Tools & Accessories,NYSE,1617283,91.76,106.74,-5,-9,-12.34,45.2,67.0,0.8,-3.0,-5.3,8.3,79,84,80,44,49.4,0,0,0,0,0,0,13528070977.299728,151016641.0,0.0531,0.004,1891480,1830208,0,64.3,25.7,2026-09-25
638,EQH,Financial Services,Asset Management,NYSE,2841650,52.27,106.67,13,-9,-5.22,48.9,92.4,-1.5,0.6,3.7,16.6,78,65,43,21,23.5,0,0,0,0,0,0,14715714416.75378,272765787.0,0.0,-0.298,3994840,2917256,0,38.1,31.7,2026-09-25
639,ARWR,Healthcare,Biotechnology,NASDAQ,1717796,66.96,106.6,-19,-20,-29.88,108.7,59.4,-8.1,-16.0,-19.7,-8.9,78,97,96,98,88.6,0,0,0,1,0,1,9390597440.341866,141254467.0,0.0928,1.71,2896330,1870680,3,94.9,4.1,2026-09-25
640,AG,Basic Materials,Silver,NYSE,9673880,19.05,106.54,-11,-28,-40.54,75.8,37.9,-2.3,-6.4,0.0,-6.7,78,89,72,97,76.8,0,0,0,0,0,0,9779262713.931543,492906383.0,2.19,0.573,9575210,10120932,1,83.7,6.2,2026-09-25
641,ELV,Healthcare,Healthcare Plans,NYSE,1049440,398.56,106.52,7,10,-8.64,41.9,80.5,-3.4,-2.1,0.6,9.4,78,71,74,26,54.3,0,0,0,0,0,0,89122437372.8302,216869290.0,0.028299998,0.014,1358740,1221742,0,56.3,17.0,2026-09-25
642,HL,Basic Materials,Other Precious Metals & Mining,NYSE,37462580,18.27,106.51,-13,-26,-46.53,63.8,33.5,-3.9,-8.4,-0.2,-6.6,78,91,78,97,78.0,0,0,0,0,0,0,12709858765.771864,671768431.0,0.0,0.524,43289820,39721514,2,86.0,6.6,2026-09-25
643,ETSY,Consumer Cyclical,Internet Retail,NYSE,3076743,73.7,106.45,-12,-15,-16.23,56.6,58.0,-5.2,-9.4,-13.8,6.0,78,90,87,36,40.7,0,0,0,0,0,0,6663354764.752167,91781748.0,0.1372,0.062,3434490,3068370,1,63.4,35.7,2026-09-25
644,BMY,Healthcare,Drug Manufacturers - General,NYSE,9350753,61.15,106.41,-3,-22,-10.91,44.4,74.1,-2.4,-5.1,-4.3,4.2,78,81,62,78,63.8,0,0,0,0,0,0,128813589012.60168,2042714656.0,0.0216,0.057,11821190,10789768,0,71.2,11.1,2026-09-25
645,CAT,Industrials,Farm & Heavy Construction Machinery,NYSE,2466323,812.02,106.37,0,16,-24.35,73.7,56.8,0.5,0.2,-3.3,2.3,78,78,94,92,81.4,0,0,0,0,0,0,371872383963.0974,459674889.0,0.0183,0.24,2474280,2746280,2,86.4,-6.1,2026-09-25
646,BMO,Financial Services,Banks - Diversified,NYSE,820940,170.37,106.37,-2,2,-9.0,42.6,77.6,-1.5,-1.2,-3.4,10.3,78,80,84,74,59.6,0,0,0,0,0,0,121286648252.3857,695092237.0,7.15,0.12,664100,787000,0,74.4,11.0,2026-09-25
647,UNM,Financial Services,Insurance - Life,NYSE,1698060,94.46,106.36,7,5,-2.39,28.9,78.9,-3.5,-3.0,0.2,10.9,78,71,69,38,49.0,0,0,0,0,0,0,15069224488.111206,158306798.0,0.035,0.003,2561230,1623006,0,56.8,17.8,2026-09-25
648,INOD,Technology,Information Technology Services,NASDAQ,1340180,71.99,106.23,30,74,-42.47,108.6,43.0,18.4,23.6,19.3,17.9,78,48,92,24,23.5,0,0,0,0,0,0,1964624657.1544952,34382651.0,0.145,0.578,1847550,1367800,1,46.9,12.7,2026-09-25
649,ETN,Industrials,Specialty Industrial Machinery,NYSE,1958363,438.76,106.22,16,18,-8.21,39.3,86.2,5.6,6.9,5.4,14.0,78,62,64,70,45.6,0,0,0,0,0,0,164980663732.91016,388400000.0,0.0186,0.214,2381980,2179560,0,60.4,6.4,2026-09-25
650,BAX,Healthcare,Medical Instruments & Supplies,NYSE,5884846,23.49,106.11,-6,-29,-21.7,48.6,61.2,-0.0,-4.4,-6.3,13.7,78,84,61,18,30.3,0,0,0,0,0,0,11787508382.763355,516995999.0,0.071100004,0.053,7561440,6607278,0,48.3,42.3,2026-09-25
651,PHVS,Healthcare,Biotechnology,NASDAQ,973053,33.07,106.03,-9,-12,-23.54,57.4,67.2,-10.0,-9.2,-6.6,9.3,78,87,84,85,59.6,0,0,0,0,0,0,2553337808.2334976,70204506.0,0.0374,,1080400,732560,0,78.9,14.4,2026-09-25
652,KODK,Industrials,Specialty Business Services,NYSE,882030,9.66,106.02,0,-3,-35.04,64.2,42.7,0.9,2.2,4.3,3.7,78,78,75,83,72.9,0,0,0,0,0,0,934945018.6729432,97900000.0,0.095699996,0.183,868810,887200,0,77.2,1.8,2026-09-25
653,WELL,Real Estate,REIT - Healthcare Facilities,NYSE,2741796,229.87,105.96,3,4,-9.93,40.8,78.6,0.3,-0.9,-1.6,9.8,78,75,76,75,65.9,0,0,0,0,0,0,164917312639.15198,720572011.0,0.029000001,0.391,2803210,2895366,0,73.0,4.5,2026-09-25
654,COKE,Consumer Defensive,Beverages - Non-Alcoholic,NASDAQ,517733,187.49,105.95,5,11,-14.64,66.5,73.5,-2.1,-2.1,0.2,4.6,78,73,79,89,80.2,0,0,0,0,0,0,12785669713.402864,66564294.0,0.0691,0.106,697670,504946,0,80.3,-7.4,2026-09-25
655,DVA,Healthcare,Medical Care Facilities,NYSE,710680,183.14,105.9,11,33,-26.0,68.2,51.6,-5.3,-4.1,-11.5,4.0,78,67,89,76,60.9,0,0,0,0,0,0,11730268038.94043,63800000.0,0.1441,0.052,862910,820484,0,73.2,-1.0,2026-09-25
656,JBHT,Industrials,Integrated Freight & Logistics,NASDAQ,1039033,234.63,105.87,-4,5,-21.73,73.6,58.4,-8.1,-11.0,-14.9,-5.4,78,82,91,84,82.3,0,0,0,0,0,0,21999574460.75,93914939.0,0.040700004,0.194,1469100,1043144,1,84.8,-1.5,2026-09-25
657,PFE,Healthcare,Drug Manufacturers - General,NYSE,34135566,28.18,105.84,14,-14,-3.53,20.4,88.7,2.3,1.3,5.8,8.0,78,64,36,74,47.6,0,0,0,0,0,0,157652970602.03882,5699673589.0,0.026600001,0.026,34570670,37314488,0,55.4,9.0,2026-09-25
658,ET,Energy,Oil & Gas Midstream,NYSE,7957373,20.49,105.74,5,-12,-6.18,25.4,74.6,-3.1,-4.3,-2.6,6.0,78,73,56,74,48.2,0,0,0,0,0,0,72791351463.51671,3443299601.0,0.0086,0.784,8344000,8764228,0,62.8,13.9,2026-09-25
659,AKAM,Technology,Software - Infrastructure,NASDAQ,3143120,118.44,105.7,37,69,-28.41,53.4,43.1,1.6,2.1,-2.6,-0.4,78,41,73,87,68.3,0,0,0,0,0,0,15021259490.232887,143716609.0,0.15560001,0.054,3739770,3395554,0,67.3,-26.1,2026-09-25
660,PCTY,Technology,Software - Application,NASDAQ,639823,143.58,105.64,0,-59,-15.32,51.0,68.8,-0.8,-3.6,-0.0,14.7,77,77,18,15,14.9,0,0,0,0,0,0,7957754943.450928,55366000.0,0.074200004,0.11,703680,704928,0,31.2,49.3,2026-09-25
661,WES,Energy,Oil & Gas Midstream,NYSE,794740,45.65,105.59,1,-15,-8.83,21.7,64.5,-3.8,-5.5,-4.8,4.4,77,76,60,68,47.8,0,0,0,0,0,0,19539026881.24264,413174593.0,0.0242,0.3,877020,810450,0,63.0,17.3,2026-09-25
662,AEG,Financial Services,Insurance - Diversified,NYSE,4204086,8.75,105.57,6,3,-8.95,29.7,73.7,-2.2,-3.0,-4.1,7.4,77,71,68,44,40.0,0,0,0,0,0,0,13379115274.902838,1479990634.0,0.0031,-0.082,4090650,4646354,0,55.8,21.2,2026-09-25
663,TAL,Consumer Defensive,Education & Training Services,NYSE,5049160,11.98,105.51,16,-21,-10.4,36.5,82.6,3.4,3.0,5.5,10.7,77,61,24,52,37.8,0,0,0,0,0,0,6551022042.501909,554701254.0,0.100600004,0.319,4444770,5143610,0,43.7,17.1,2026-09-25
664,COGT,Healthcare,Biotechnology,NASDAQ,1830703,31.41,105.48,-11,-3,-28.17,142.9,61.8,-3.5,-7.2,-15.2,-14.2,77,88,96,99,93.9,0,0,0,1,0,1,5466036933.0,173524982.0,0.1086,,2217600,1850288,3,94.2,-5.9,2026-09-25
665,DNOW,Industrials,Industrial Distribution,NYSE,2323093,15.71,105.48,7,-27,-8.98,43.1,83.3,1.2,0.3,3.7,15.2,77,70,36,26,30.7,0,0,0,0,0,0,2818452068.275738,180785891.0,0.074,1.081,2726850,2444076,0,40.7,31.9,2026-09-25
666,NTRS,Financial Services,Asset Management,NASDAQ,1001906,173.99,105.46,-6,-9,-11.13,42.2,75.3,-2.8,-4.4,-5.2,8.0,77,83,80,72,60.1,0,0,0,0,0,0,32545981000.50273,182955653.0,0.023599999,0.364,1084470,1071438,0,73.8,14.0,2026-09-25
667,RHP,Real Estate,REIT - Hotel & Motel,NYSE,814173,120.74,105.39,-5,-1,-12.16,42.0,72.0,0.5,-1.0,-3.4,11.3,77,82,86,50,57.7,0,0,0,0,0,0,8411944247.138672,68984288.0,0.055,0.136,635050,730972,0,68.9,18.1,2026-09-25
668,APH,Technology,Electronic Components,NYSE,11616300,82.19,105.37,7,20,-7.92,39.5,82.2,3.9,3.3,3.7,12.9,77,70,83,80,62.3,0,0,0,0,0,0,191235741706.2338,2465966914.0,0.0124,0.55,12642930,12586332,0,73.8,0.5,2026-09-25
669,JAN,Real Estate,REIT - Residential,NYSE,1935750,29.56,105.35,-3,-12,-9.96,32.0,82.4,-1.1,-1.6,-1.1,,77,80,71,48,,0,0,0,0,0,0,7110876734.402481,234372996.0,0.0791,0.454,2183730,1715282,0,66.3,,2026-09-25
670,NWG,Financial Services,Banks - Regional,NYSE,2707960,17.91,105.25,0,-7,-7.78,33.2,77.9,-2.3,-2.3,-2.3,6.5,77,77,70,64,57.4,0,0,0,0,0,0,74071868348.42068,3967427319.0,0.00029999999,0.145,3065060,3367988,0,67.1,13.1,2026-09-25
671,RDW,Industrials,Aerospace & Defense,NYSE,12792640,11.27,105.22,10,24,-57.7,129.2,31.4,4.3,6.3,6.9,6.0,77,67,81,51,54.8,0,0,0,0,0,0,2684920563.4412327,249992609.0,0.1866,0.896,13936690,15020850,0,63.5,7.9,2026-09-25
672,CLS,Technology,Electronic Components,NYSE,2254146,361.84,105.1,27,62,-23.67,59.9,58.6,10.8,15.8,15.3,13.4,77,50,85,94,70.1,0,0,0,0,0,0,41948341463.48694,126111117.0,0.032,0.624,2092290,2646800,1,74.8,-22.4,2026-09-25
673,HOPE,Financial Services,Banks - Regional,NASDAQ,870280,13.62,105.08,-1,-3,-6.65,39.4,83.3,-1.3,-1.3,-1.7,9.6,77,78,76,63,56.0,0,0,0,0,0,0,1783276035.4329643,127741836.0,0.0683,0.71,979590,956204,0,68.3,14.2,2026-09-25
674,SIBN,Healthcare,Medical Devices,NASDAQ,544520,18.6,105.08,0,-12,-15.03,59.5,70.6,0.6,-0.8,0.5,13.3,77,77,65,21,53.4,0,0,0,0,0,0,810768028.5887718,44818575.0,0.1463,0.152,584880,536742,0,54.1,24.2,2026-09-25
675,IDYA,Healthcare,Biotechnology,NASDAQ,788693,37.46,105.06,-8,-15,-12.23,43.1,65.9,-2.9,-5.7,-2.6,8.2,77,85,78,85,66.9,0,0,0,0,0,0,3706161065.716873,96489484.0,0.1216,,934370,785796,0,78.7,9.7,2026-09-25
676,EL,Consumer Defensive,Household & Personal Products,NYSE,3615156,98.83,104.95,11,-8,-18.75,41.9,53.7,-0.8,-3.9,3.6,3.1,77,66,47,27,38.2,0,0,0,0,0,0,33802840225.22216,361798567.0,0.031600002,0.063,2779820,3025064,0,44.5,23.6,2026-09-25
677,GLBE,Consumer Cyclical,Internet Retail,NASDAQ,1471740,41.24,104.9,0,-19,-6.25,48.4,90.0,6.8,7.0,4.7,15.0,77,77,58,29,37.1,0,0,0,0,0,0,6389479707.418739,167967391.0,0.0335,0.391,1735180,1486596,0,50.3,31.4,2026-09-25
678,TILE,Consumer Cyclical,"Furnishings, Fixtures & Appliances",NASDAQ,518180,34.94,104.87,-8,-8,-13.73,43.9,72.2,2.2,-1.6,-1.6,12.9,77,85,85,50,47.8,0,0,0,0,0,0,1980243662.583847,57800460.0,0.1089,0.054,548590,473310,0,66.9,25.6,2026-09-25
679,MMSI,Healthcare,Medical Instruments & Supplies,NASDAQ,669563,87.07,104.81,5,-39,-8.11,44.8,82.1,1.2,-0.7,2.1,13.9,77,72,28,22,32.2,0,0,0,0,0,0,5097478719.399567,59710420.0,0.08189999,0.095,514720,844198,0,38.6,34.3,2026-09-25
680,FBP,Financial Services,Banks - Regional,NYSE,1264713,26.69,104.75,-4,-10,-10.68,39.2,72.2,-2.7,-3.7,-5.4,10.7,77,81,75,60,51.1,0,0,0,0,0,0,4210590819.792336,152668268.0,0.0644,0.094,1666660,1412028,0,66.8,19.8,2026-09-25
681,SLDB,Healthcare,Biotechnology,NASDAQ,1048633,8.02,104.74,-15,-19,-29.96,90.3,49.2,-12.4,-19.1,-16.2,-0.7,77,92,88,88,68.8,0,0,0,0,0,0,955376854.2187272,107225238.0,0.1737,,1495470,1028782,1,84.2,12.8,2026-09-25
682,BLLN,Healthcare,Diagnostics & Research,NASDAQ,598933,114.42,104.71,15,36,-23.94,95.1,70.8,17.2,23.3,13.8,31.7,77,62,83,25,,0,0,0,0,0,0,4998050978.557953,47187038.0,0.08979999,0.644,618970,694314,0,56.7,,2026-09-25
683,EOG,Energy,Oil & Gas E&P,NYSE,3053643,141.84,104.7,0,-24,-7.99,40.4,79.1,-2.0,-2.0,-1.2,9.1,77,77,53,83,52.5,0,0,0,0,0,0,75652840813.44958,524529176.0,0.0315,0.587,3753510,3076398,0,66.4,13.4,2026-09-25
684,FLYW,Technology,Software - Infrastructure,NASDAQ,1391266,16.86,104.65,-13,-17,-14.55,60.6,72.5,-2.6,-5.2,-4.2,14.1,76,89,85,39,58.0,0,0,0,0,0,0,2109717485.7250135,121667674.0,0.105299994,0.272,1301010,1761366,0,67.7,25.9,2026-09-25
685,EFOR,Technology,Information Technology Services,NYSE,705426,33.15,104.65,13,-45,-39.66,90.1,42.4,-0.6,1.2,11.2,-3.4,76,63,5,21,7.9,0,0,0,0,0,0,1343159931.182861,41000000.0,0.1187,-0.013,791480,860672,0,24.2,41.7,2026-09-25
686,PAY,Technology,Software - Infrastructure,NYSE,1117606,29.95,104.61,-13,-82,-33.9,53.1,44.0,-11.3,-12.9,-13.8,7.7,76,89,20,28,18.7,0,0,0,0,0,0,4412925346.181191,125939647.0,0.0655,0.288,1076500,1160834,0,38.9,54.3,2026-09-25
687,CNI,Industrials,Railroads,NYSE,1285553,119.49,104.6,0,-4,-9.17,31.9,73.1,-0.3,-1.7,-4.3,6.6,76,76,72,62,58.2,0,0,0,0,0,0,71952853153.9917,604900000.0,5.7,0.113,1120120,1460468,0,67.1,12.1,2026-09-25
688,WBI,Energy,Oil & Gas Equipment & Services,NYSE,626896,28.86,104.57,1,3,-21.77,59.6,64.1,-3.3,-5.3,-7.9,7.7,76,75,77,79,60.5,0,0,0,0,0,0,1711283255.3258972,55453118.0,0.0913,1.28,930480,629860,0,72.9,6.3,2026-09-25
689,TKR,Industrials,Tools & Accessories,NYSE,907150,117.64,104.55,-3,9,-19.63,65.5,62.3,0.1,-1.9,-8.2,3.3,76,79,91,83,73.4,0,0,0,0,0,0,8117431678.164566,69296839.0,0.0619,0.075,1046720,926096,1,81.6,0.8,2026-09-25
690,CGNX,Technology,Scientific & Technical Instruments,NASDAQ,1791380,58.19,104.48,10,35,-20.16,65.8,60.9,-4.7,-5.3,-7.5,5.0,76,66,91,87,52.7,0,0,0,0,0,0,10355859944.54029,168223842.0,0.051599998,0.169,1514730,1911706,1,74.2,-0.1,2026-09-25
691,VRSN,Technology,Software - Infrastructure,NASDAQ,709123,293.28,104.46,15,-11,-6.14,38.0,81.6,-1.9,-0.6,1.7,10.4,76,61,35,41,30.7,0,0,0,0,0,0,27402047558.59375,90400000.0,0.018,0.06,768270,783256,0,41.9,21.7,2026-09-25
692,SNDR,Industrials,Trucking,NYSE,612566,32.22,104.46,-5,1,-17.95,56.2,61.5,-4.3,-6.2,-10.1,0.8,76,81,87,68,68.3,0,0,0,0,0,0,5716562423.385178,175300899.0,0.1109,0.104,719390,776870,0,76.1,8.4,2026-09-25
693,BGC,Financial Services,Capital Markets,NASDAQ,3251666,12.1,104.44,-1,-8,-6.13,46.5,88.9,-0.1,0.5,5.0,16.0,76,77,70,61,55.3,0,0,0,0,0,0,5810201025.803259,475466522.0,0.0404,0.083,4345970,2921320,0,65.8,14.8,2026-09-25
694,GO,Consumer Defensive,Grocery Stores,NASDAQ,2694543,11.16,104.42,2,-24,-34.31,95.2,51.6,-0.5,-3.2,5.5,21.8,76,74,48,11,9.9,0,0,0,0,0,0,1116682270.197281,99084492.0,0.36450002,0.011,2009070,2544764,0,35.7,47.3,2026-09-25
695,COLD,Real Estate,REIT - Industrial,NYSE,3504640,14.37,104.41,5,14,-14.87,41.9,69.2,-1.6,-1.5,-2.6,5.7,76,71,80,26,41.3,0,0,0,0,0,0,4113774696.349125,285480551.0,0.0929,0.018,4173390,3777590,0,54.6,23.0,2026-09-25
696,PAYO,Technology,Software - Infrastructure,NASDAQ,3201030,7.14,104.4,-8,-15,-0.56,67.0,98.3,0.0,0.0,0.1,20.3,76,84,77,23,33.7,0,0,0,0,0,0,2416006499.4584007,338850836.0,0.0482,0.052,3314860,3734390,0,54.4,38.0,2026-09-25
697,RIG,Energy,Oil & Gas Drilling,NYSE,42583263,5.47,104.4,1,1,-28.59,76.3,52.2,-2.6,-5.0,-2.2,-3.9,76,75,75,96,74.0,0,0,0,0,0,0,6299203530.28042,1116880085.0,0.2607,-0.022,46990350,42860582,1,80.0,-3.7,2026-09-25
698,STRC,Technology,Software - Application,NASDAQ,1461136,98.91,104.39,21,-15,-1.5,31.8,93.1,0.1,0.5,4.4,1.8,76,55,19,67,27.8,0,0,0,0,0,0,,,1.68,0.069,1476810,1381024,0,42.2,14.8,2026-09-25
699,HMC,Consumer Cyclical,Auto Manufacturers,NYSE,829653,32.15,104.32,12,-20,-5.88,37.0,83.7,-0.2,0.3,3.5,13.1,76,64,32,27,22.0,0,0,0,0,0,0,41785045636.845314,1297672194.0,0.0016,0.135,818450,983436,0,36.3,31.6,2026-09-25
700,TRVI,Healthcare,Biotechnology,NASDAQ,1516206,14.46,104.32,-17,-15,-28.49,75.1,56.6,-3.4,-9.0,-15.3,3.2,76,93,95,88,81.8,0,0,0,0,0,0,2130013795.77489,142475841.0,0.0936,,1677230,1802436,2,89.4,6.4,2026-09-25
701,WK,Technology,Software - Application,NYSE,881230,70.79,104.29,0,-62,-27.09,61.3,55.4,-1.8,-4.3,5.2,10.8,76,76,14,21,15.5,0,0,0,0,0,0,3982198608.446594,54416488.0,0.0853,0.186,1039180,845082,0,31.6,47.4,2026-09-25
702,QNRX,Healthcare,Biotechnology,NASDAQ,1123550,6.75,104.22,59,50,-83.85,96.3,16.4,-6.7,-4.5,15.8,-11.3,76,17,8,18,18.4,0,0,0,0,0,0,14179430.9650774,2008418.0,0.26319999,,39230,679788,0,15.4,-0.0,2026-09-25
703,NVTS,Technology,Semiconductors,NASDAQ,12197943,11.84,104.21,9,39,-65.35,84.1,21.3,3.2,2.9,-1.6,-9.7,76,67,97,95,82.0,0,0,0,0,0,0,2984298647.519409,261093488.0,0.1722,-0.273,11413500,13349268,2,85.2,-16.1,2026-09-25
704,NWBI,Financial Services,Banks - Regional,NASDAQ,945183,15.04,104.19,-1,-4,-6.93,34.3,82.4,-1.4,-1.4,-2.1,9.7,76,77,74,64,51.8,0,0,0,0,0,0,2264258031.706972,146459122.0,0.0694,0.232,1297100,1023020,0,66.7,15.5,2026-09-25
705,VRTX,Healthcare,Biotechnology,NASDAQ,1039686,516.34,104.16,-3,-20,-7.84,38.7,80.4,1.4,-1.4,1.9,10.9,76,79,62,50,63.6,0,0,0,0,0,0,128844325177.95836,253460924.0,0.0208,0.125,1040140,1181420,0,63.7,15.2,2026-09-25
706,CRDO,Technology,Semiconductors,NASDAQ,7614010,193.87,104.1,-15,-10,-37.19,123.2,50.4,12.7,7.7,-6.6,11.3,76,91,96,65,50.4,0,0,0,0,0,0,33058862742.303253,187951918.0,0.0398,1.147,8835530,6748378,2,75.6,25.0,2026-09-25
707,QCOM,Technology,Semiconductors,NASDAQ,12608623,197.24,104.1,50,101,-24.12,56.6,55.3,3.0,8.3,14.5,14.9,76,26,77,24,43.8,0,0,0,0,0,0,189815711053.4248,1068060487.0,0.0353,-0.04,17099040,12595644,0,42.7,-13.6,2026-09-25
708,TFSL,Financial Services,Banks - Regional,NASDAQ,763160,16.5,104.05,-3,-1,-15.34,32.0,68.2,-0.9,-2.8,-5.2,7.1,76,79,81,71,55.4,0,0,0,0,0,0,4739482452.519579,280442755.0,0.1503,0.152,715640,860242,0,71.6,13.2,2026-09-25
709,PM,Consumer Defensive,Tobacco,NYSE,4384426,190.84,104.04,14,10,-8.14,32.7,84.5,0.2,1.1,0.9,8.5,76,62,58,58,47.6,0,0,0,0,0,0,293985659253.7628,1558613439.0,0.0107,0.104,4780830,4753768,0,56.4,8.4,2026-09-25
710,BCAX,Healthcare,Biotechnology,NASDAQ,591640,20.49,104.01,-12,-5,-33.88,88.4,46.6,-10.6,-13.7,-20.4,-7.1,76,88,95,89,84.2,0,0,0,0,0,0,1487535486.1375427,65703866.0,0.2283,,629400,573734,1,89.0,1.0,2026-09-25
711,LIVN,Healthcare,Medical Devices,NASDAQ,617280,77.16,104.0,1,13,-10.03,52.2,72.4,-3.5,-4.9,-5.3,6.4,76,75,87,81,64.3,0,0,0,0,0,0,4285365416.7306976,54933538.0,0.103999995,0.108,656260,647840,0,76.8,2.9,2026-09-25
712,HIW,Real Estate,REIT - Office,NYSE,1053226,29.69,103.91,-3,-9,-16.22,45.8,68.2,-1.8,-2.3,-5.3,11.1,76,79,73,23,21.2,0,0,0,0,0,0,3355514947.035696,110306211.0,0.16700001,0.075,1232480,1233358,0,49.1,40.7,2026-09-25
713,RY,Financial Services,Banks - Diversified,NYSE,1225910,199.45,103.88,-4,-2,-8.75,38.9,75.3,-2.0,-2.8,-4.4,7.7,75,79,81,72,62.1,0,0,0,0,0,0,281454582361.6445,1384429799.0,3.86,0.089,993030,1292568,0,73.5,9.6,2026-09-25
714,DOC,Real Estate,REIT - Healthcare Facilities,NYSE,4617460,20.48,103.88,0,4,-10.76,28.5,63.8,-0.6,-1.8,-4.5,8.0,75,75,79,41,38.4,0,0,0,0,0,0,14018089143.193245,689527260.0,0.0456,0.111,5451710,5303906,0,58.3,24.7,2026-09-25
715,EHC,Healthcare,Medical Care Facilities,NYSE,843996,122.21,103.83,14,-18,-4.52,30.0,84.5,-0.1,0.3,2.6,13.3,75,61,29,31,23.0,0,0,0,0,0,0,12011049502.0,98653384.0,0.037,0.096,834720,887972,0,36.0,28.2,2026-09-25
716,RNW,Utilities,Utilities - Renewable,NASDAQ,3262456,6.84,103.8,22,28,-16.99,52.2,63.7,0.1,0.2,4.1,17.2,75,53,59,20,16.0,0,0,0,0,0,0,2493598362.667618,364561156.0,0.0251,0.143,1896540,2452132,0,37.0,24.5,2026-09-25
717,LTRX,Technology,Communication Equipment,NASDAQ,1233580,6.4,103.76,16,29,-26.86,47.3,53.4,15.9,19.5,16.6,9.3,75,59,72,87,62.0,0,0,0,0,0,0,272576551.1064229,46594283.0,0.070300005,0.08,1430100,1031350,0,70.0,-8.4,2026-09-25
718,ADAM,Real Estate,REIT - Mortgage,NASDAQ,998590,8.43,103.72,-9,-7,-18.63,23.7,42.7,-8.1,-12.3,-13.2,-4.3,75,84,86,73,41.4,0,0,0,0,0,0,800828879.545433,89879786.0,0.0419,1.298,1459350,947560,0,71.1,23.3,2026-09-25
719,PRU,Financial Services,Insurance - Life,NYSE,1564336,117.59,103.69,2,-14,-7.93,29.1,80.7,0.2,-0.3,-1.4,9.3,75,73,57,35,44.6,0,0,0,0,0,0,40848000526.42822,345000000.0,0.0448,0.141,1651200,1744386,0,52.4,23.4,2026-09-25
720,VVX,Industrials,Aerospace & Defense,NYSE,628660,74.94,103.69,3,5,-20.26,46.1,62.2,1.6,0.9,-3.8,6.1,75,72,74,83,61.1,0,0,0,0,0,0,2408577193.9298706,31345358.0,0.0722,0.165,956970,735442,0,72.5,3.0,2026-09-25
721,GEV,Industrials,Specialty Industrial Machinery,NYSE,2173823,951.82,103.67,0,14,-20.41,74.3,64.9,2.9,2.5,-2.2,5.3,75,75,89,94,71.2,0,0,0,0,0,0,250441460773.32928,266333581.0,0.032899998,0.219,2463610,2424498,1,82.3,-3.3,2026-09-25
722,CCXI,Financial Services,Shell Companies,NASDAQ,2325913,12.72,103.65,-13,-11,-35.4,21.2,23.8,-2.2,-5.9,-14.1,,75,88,90,46,,0,0,0,0,0,0,718529978.7521362,55700000.0,0.09,,2499150,2518944,1,74.7,,2026-09-25
723,DAN,Consumer Cyclical,Auto Parts,NYSE,1459056,29.7,103.62,10,15,-24.92,50.9,44.3,-8.7,-9.6,-6.6,-10.9,75,65,70,95,63.3,0,0,0,0,0,0,3206860743.537855,107576679.0,0.0657,0.039,1483910,1393360,1,73.3,-5.6,2026-09-25
724,SIG,Consumer Cyclical,Luxury Goods,NYSE,984650,100.12,103.61,45,59,-9.15,35.9,82.8,0.2,8.7,9.7,13.0,75,30,44,66,33.2,0,0,0,0,0,0,3846284747.098549,38317243.0,0.18270001,-0.005,1545020,862998,0,43.3,-10.2,2026-09-25
725,GFR,Energy,Oil & Gas E&P,NYSE,1280440,6.08,103.61,7,-9,-15.08,42.7,66.8,-4.7,-2.5,-2.9,5.4,75,68,52,84,55.6,0,0,0,0,0,0,1601155152.035782,240413692.0,0.0087,0.219,2051480,866266,0,64.9,4.6,2026-09-25
726,HST,Real Estate,REIT - Hotel & Motel,NASDAQ,8493316,22.15,103.61,-4,3,-13.85,40.4,65.7,0.5,0.5,-4.1,4.7,75,79,86,78,57.2,0,0,0,0,0,0,14963116978.701689,685124399.0,0.0804,0.036,8829860,9097346,0,75.0,10.4,2026-09-25
727,MGA,Consumer Cyclical,Auto Parts,NYSE,1133626,63.73,103.59,-2,2,-12.96,42.9,63.3,-2.8,-4.3,-7.6,1.6,75,77,81,83,61.8,0,0,0,0,0,0,16893878683.10289,267519846.0,0.031400003,0.033,1140750,1238506,0,75.7,6.0,2026-09-25
728,AME,Industrials,Specialty Industrial Machinery,NYSE,1395323,246.45,103.56,9,13,-5.63,38.2,86.4,3.9,4.2,2.3,8.4,75,66,70,72,59.0,0,0,0,0,0,0,54481641884.23004,229261244.0,0.0127,0.15,1448760,1313786,0,66.8,1.9,2026-09-25
729,VECO,Technology,Semiconductor Equipment & Materials,NASDAQ,555590,45.92,103.52,-10,2,-46.99,72.2,33.6,5.4,3.8,-5.5,1.6,75,85,97,85,75.1,0,0,0,0,0,0,2611458295.4211426,61129640.0,0.1533,0.165,566430,728424,1,85.5,3.7,2026-09-25
730,SBH,Consumer Cyclical,Specialty Retail,NYSE,1216140,16.75,103.46,0,-14,-6.53,43.8,100.0,5.6,4.6,6.3,14.6,75,75,61,73,42.4,0,0,0,0,0,0,1478295987.108593,93622292.0,0.3118,0.002,1404160,1326818,0,62.9,18.1,2026-09-25
731,OKE,Energy,Oil & Gas Midstream,NYSE,3653296,90.54,103.42,4,-8,-9.32,41.8,80.9,-2.7,-3.7,-1.8,5.7,75,71,59,76,56.1,0,0,0,0,0,0,58918043535.22314,630409203.0,0.0465,0.528,4212380,3730164,0,65.5,7.6,2026-09-25
732,LH,Healthcare,Diagnostics & Research,NYSE,686476,303.98,103.4,-5,-37,-11.06,25.3,67.2,-2.2,-4.4,-2.1,10.9,75,80,48,61,39.6,0,0,0,0,0,0,26009580307.00684,81100000.0,0.025999999,0.058,887240,741032,0,57.2,27.2,2026-09-25
733,AXSM,Healthcare,Biotechnology,NASDAQ,630980,193.45,103.35,-1,16,-25.65,69.0,57.5,-5.8,-5.3,-9.2,-1.2,75,76,93,85,80.6,0,0,0,0,0,0,10883686300.098572,52380818.0,0.0912,0.455,714540,665354,1,83.6,-5.8,2026-09-25
734,MKTX,Financial Services,Capital Markets,NASDAQ,997900,163.71,103.33,22,-21,-16.46,50.1,64.7,0.3,0.4,7.3,4.3,75,53,10,30,19.2,0,0,0,0,0,0,5751222182.779892,35192891.0,0.0665,-0.005,888470,1136508,0,28.1,25.8,2026-09-25
735,ZVRA,Healthcare,Biotechnology,NASDAQ,870373,11.32,103.27,0,12,-24.71,39.0,47.5,-4.0,-5.4,-2.5,7.5,75,75,87,66,66.8,0,0,0,0,0,0,689445677.0221968,59383781.0,0.0983,0.533,903030,1118108,0,73.7,4.7,2026-09-25
736,CM,Financial Services,Banks - Diversified,NYSE,1206576,111.45,103.24,-2,2,-10.74,40.0,72.1,-2.0,-2.9,-5.0,5.1,75,77,81,82,64.5,0,0,0,0,0,0,104294546141.90916,907935437.0,14.65,0.166,1353770,1102230,0,76.1,4.8,2026-09-25
737,EBAY,Consumer Cyclical,Internet Retail,NASDAQ,4962326,109.09,103.22,13,27,-8.57,35.8,71.9,-1.0,1.1,-0.2,7.6,75,62,76,72,48.5,0,0,0,0,0,0,49768798370.36133,445000000.0,0.040599998,0.148,6407490,4793840,0,64.6,3.4,2026-09-25
738,INGM,Technology,Information Technology Services,NYSE,1831526,27.31,103.21,-3,-4,-13.82,35.1,56.4,-1.6,-4.2,-6.5,2.8,75,78,77,72,53.7,0,0,0,0,0,0,6135084247.230423,230036904.0,0.1832,0.136,3627230,1492578,0,70.2,13.4,2026-09-25
739,SRRK,Healthcare,Biotechnology,NASDAQ,1677250,49.85,103.19,-9,-10,-19.28,74.1,64.4,-3.7,-9.5,-7.4,0.6,75,84,83,84,71.9,0,0,0,0,0,0,5681283591.129593,121785282.0,0.1846,,2885720,1426358,0,80.7,6.2,2026-09-25
740,EMR,Industrials,Specialty Industrial Machinery,NYSE,2232110,154.59,103.16,7,-2,-7.07,26.6,79.9,4.0,3.2,2.7,8.5,75,68,59,58,46.9,0,0,0,0,0,0,83625374978.6377,557800000.0,0.015800001,0.07,2392420,2608682,0,58.0,13.4,2026-09-25
741,ATEN,Technology,Software - Infrastructure,NYSE,1224953,26.75,103.06,0,19,-30.5,57.0,43.8,-0.3,1.3,-8.2,2.5,74,74,93,84,67.0,0,0,0,0,0,0,1898725871.4518569,72609021.0,0.17459999,0.155,1208690,1305544,1,79.5,-0.4,2026-09-25
742,VISN,Technology,Communication Equipment,NASDAQ,9216750,6.45,103.06,6,32,-68.61,4.8,2.0,-2.3,-5.0,-34.1,-56.4,74,68,94,94,3.5,0,0,0,0,0,0,1515215566.4296474,230626412.0,0.1259,-0.014,8889420,8642660,2,64.9,24.4,2026-09-25
743,KURA,Healthcare,Biotechnology,NASDAQ,2283373,11.04,103.05,-15,-20,-20.58,46.8,55.9,-4.8,-10.0,-2.8,10.7,74,89,84,62,59.3,0,0,0,0,0,0,1043508020.1470604,88960619.0,0.1548,0.365,1973850,1816256,0,73.6,20.8,2026-09-25
744,IOT,Technology,Software - Infrastructure,NYSE,6711106,39.08,102.97,-7,-61,-17.67,62.1,71.9,-1.2,-1.1,1.6,16.4,74,81,27,29,26.9,0,0,0,0,0,0,23160685569.16868,585605209.0,0.08930001,0.299,6809550,6252474,0,41.0,42.8,2026-09-25
745,HMY,Basic Materials,Gold,NYSE,4186573,18.73,102.94,-10,-60,-28.13,39.3,41.1,-4.9,-6.5,-1.7,0.8,74,84,34,39,30.1,0,0,0,0,0,0,12446713108.231129,624834993.0,0.0233,0.492,4635600,3629892,0,46.8,40.9,2026-09-25
746,BUSE,Financial Services,Banks - Regional,NASDAQ,691803,29.64,102.91,-2,-3,-6.5,35.3,83.2,-0.7,-0.9,-1.4,10.1,74,76,75,70,51.6,0,0,0,0,0,0,2503733280.719513,82576956.0,0.048,-0.009,839700,765790,0,68.1,13.5,2026-09-25
747,SHOO,Consumer Cyclical,Footwear & Accessories,NASDAQ,1009380,43.4,102.89,-5,-2,-12.68,41.0,72.7,4.5,3.3,-0.9,7.3,74,79,82,64,61.2,0,0,0,0,0,0,3077627754.56781,73085436.0,0.0876,0.191,1293640,1025830,0,71.6,11.6,2026-09-25
748,GPN,Industrials,Specialty Business Services,NYSE,2591923,84.0,102.86,-3,-50,-12.39,36.6,70.6,-1.7,-4.1,-2.6,11.7,74,77,30,26,24.9,0,0,0,0,0,0,22508439607.35901,264618390.0,0.0731,0.686,2593090,2938418,0,39.5,40.9,2026-09-25
749,UNP,Industrials,Railroads,NYSE,2440773,275.53,102.85,-5,-20,-12.8,26.7,61.2,-2.2,-4.8,-6.7,4.0,74,79,64,61,51.0,0,0,0,0,0,0,165966868975.50073,594075498.0,0.0519,0.115,2632320,2767588,0,63.7,19.1,2026-09-25
750,FDX,Industrials,Integrated Freight & Logistics,NYSE,1557043,291.5,102.77,-9,-7,-15.6,54.4,62.2,-7.5,-10.7,-11.8,-5.8,74,83,85,87,72.6,0,0,0,0,0,0,71864976143.2283,236670435.0,0.0199,0.125,1532540,1530250,0,81.9,4.2,2026-09-25
751,SONO,Technology,Consumer Electronics,NASDAQ,1723783,17.1,102.76,32,31,-13.72,40.5,79.6,11.9,14.2,14.8,16.5,74,42,41,41,44.0,0,0,0,0,0,0,1837105462.2821,118293979.0,0.1583,0.088,2315480,1925542,0,42.0,-0.7,2026-09-25
752,FCF,Financial Services,Banks - Regional,NYSE,789340,20.62,102.6,0,-3,-7.7,37.0,84.8,-1.0,-0.5,-1.2,10.3,74,74,71,66,50.1,0,0,0,0,0,0,2132280056.049776,101055925.0,0.045,0.096,1076510,853092,0,65.3,13.8,2026-09-25
753,GGN,Financial Services,Asset Management,NYSE ARCA,527150,5.46,102.56,5,-26,-7.14,15.9,61.7,-1.7,-3.0,1.6,2.1,74,69,38,73,34.6,0,0,0,0,0,0,867047453.3475084,156224761.0,0.0008,0.143,427782,544260,0,53.7,19.5,2026-09-25
754,SHC,Healthcare,Diagnostics & Research,NASDAQ,2380676,18.29,102.52,3,6,-7.86,40.5,82.6,-1.1,-1.9,-0.4,9.0,74,71,74,49,43.5,0,0,0,0,0,0,5345069779.715786,285374795.0,0.0484,0.092,2359260,2667670,0,59.4,17.9,2026-09-25
755,CFR,Financial Services,Banks - Regional,NYSE,502100,154.26,102.49,-4,-12,-9.68,30.3,72.4,-2.3,-2.9,-4.4,7.3,74,78,70,67,54.2,0,0,0,0,0,0,9931376032.66304,62148785.0,0.0004,0.061,568150,562492,0,67.3,14.9,2026-09-25
756,EQIX,Real Estate,REIT - Specialty,NASDAQ,520366,1037.66,102.44,4,14,-8.06,42.5,79.2,0.9,-0.1,-0.9,5.8,74,70,80,82,57.3,0,0,0,0,0,0,100777342429.11438,98671686.0,0.0191,0.167,515850,556848,0,72.3,2.9,2026-09-25
757,DBI,Consumer Cyclical,Footwear & Accessories,NYSE,668796,6.22,102.42,4,22,-32.17,97.2,52.1,2.0,9.1,6.0,-5.5,74,70,88,87,78.9,0,0,0,0,0,0,307762891.10489845,51123404.0,0.35599998,-0.012,1001820,564402,0,81.0,-9.6,2026-09-25
758,JCI,Industrials,Building Products & Equipment,NYSE,3132266,145.9,102.34,10,13,-7.11,37.7,80.9,1.9,2.1,0.4,6.5,74,64,67,81,60.6,0,0,0,0,0,0,86790637082.1695,605741470.0,0.0215,0.093,3831630,3322556,0,68.2,-2.0,2026-09-25
759,KDP,Consumer Defensive,Beverages - Non-Alcoholic,NASDAQ,10321540,31.76,102.3,15,29,-6.09,22.1,68.0,-1.5,-2.9,-0.9,5.2,74,59,73,35,48.4,0,0,0,0,0,0,42131172890.60655,1360826038.0,0.062,0.756,11421810,11256282,0,53.9,8.7,2026-09-25
760,RELY,Technology,Software - Infrastructure,NASDAQ,3848963,20.19,102.26,-18,-25,-26.53,73.4,60.9,-2.4,-11.1,-12.5,9.8,74,92,85,42,53.0,0,0,0,0,0,0,4642231368.820847,211684054.0,0.0847,0.202,4852210,3587632,1,68.0,30.2,2026-09-25
761,CDE,Basic Materials,Gold,NYSE,35985810,19.32,102.23,-6,-32,-30.43,37.0,38.4,-4.0,-7.4,2.6,-1.4,74,80,54,93,33.6,0,0,0,0,0,0,20311995795.75565,1027934998.0,0.0513,1.259,33909450,35572430,1,65.2,23.2,2026-09-25
762,SAP,Technology,Software - Application,NYSE,2179766,210.62,102.22,17,-25,-25.14,42.9,46.8,-1.0,-1.9,5.2,7.4,74,57,15,15,12.3,0,0,0,0,0,0,241748072870.04825,1154204232.0,0.0044,0.094,1801420,2769156,0,24.8,35.0,2026-09-25
763,FAST,Industrials,Industrial Distribution,NASDAQ,6307083,50.99,102.2,5,-10,-3.65,29.6,87.5,2.3,2.4,3.0,10.5,74,69,54,70,35.8,0,0,0,0,0,0,56238854126.69342,1147497573.0,0.0345,0.147,6668930,7455872,0,57.2,17.9,2026-09-25
764,PSO,Communication Services,Publishing,NYSE,653130,15.89,102.2,0,-10,-10.48,32.8,71.0,0.9,-0.3,-2.0,9.5,74,74,64,35,42.9,0,0,0,0,0,0,9441629399.206137,600994868.0,0.0049,0.033,741970,747160,0,54.0,24.4,2026-09-25
765,GRND,Technology,Software - Application,NYSE,1340436,15.44,102.14,1,-37,-16.54,61.1,74.4,2.2,2.4,0.1,17.5,73,72,34,22,25.3,0,0,0,0,0,0,2676837589.492693,173820627.0,0.1548,0.325,1436890,1498808,0,38.3,37.1,2026-09-25
766,BG,Consumer Defensive,Farm Products,NYSE,1693506,111.48,102.14,20,31,-17.34,40.5,60.0,-6.3,-6.7,-4.5,-4.7,73,53,64,91,67.8,0,0,0,0,0,0,22205128588.12062,192119123.0,0.0507,0.883,2252260,1582044,1,68.9,-16.1,2026-09-25
767,ADP,Technology,Software - Application,NASDAQ,2234566,263.68,102.09,-3,-50,-10.45,39.4,71.0,-2.6,-4.3,-2.4,10.6,73,76,29,20,17.2,0,0,0,0,0,0,107745600014.07986,397262737.0,0.030299999,0.068,2612190,2349140,0,35.6,45.3,2026-09-25
768,VRT,Industrials,Electrical Equipment & Parts,NYSE,4991420,248.78,102.09,-5,10,-34.52,77.0,44.9,0.0,-4.1,-8.4,-6.4,73,78,93,97,78.6,0,0,0,0,0,0,96012200229.49188,384988173.0,0.0358,0.241,6799020,5557246,2,86.6,-5.6,2026-09-25
769,GM,Consumer Cyclical,Auto Manufacturers,NYSE,6286336,83.77,102.02,-1,-6,-8.8,45.6,72.2,-4.7,-5.5,-5.4,-0.1,73,74,69,79,64.2,0,0,0,0,0,0,74345913910.03294,904451541.0,0.0248,0.019,8221750,6680484,0,71.6,4.4,2026-09-25
770,DHR,Healthcare,Diagnostics & Research,NYSE,3512590,221.56,102.02,12,-6,-8.75,38.2,77.2,6.2,6.2,9.1,10.9,73,61,43,34,46.9,0,0,0,0,0,0,148899474381.46545,702986054.0,0.0154,0.055,4349740,4851038,0,46.2,14.3,2026-09-25
771,IART,Healthcare,Medical Devices,NASDAQ,777520,15.53,101.95,-6,7,-24.21,78.4,63.7,1.9,-1.5,-7.7,13.7,73,79,92,15,39.4,0,0,0,0,0,0,1183697562.0874996,77772506.0,0.1216,0.008,1142760,862780,1,56.3,31.3,2026-09-25
772,CNNE,Consumer Cyclical,Restaurants,NYSE,545456,15.79,101.91,15,5,-17.46,46.0,59.9,1.0,0.2,2.4,9.3,73,58,48,15,13.4,0,0,0,0,0,0,648878437.5745955,43374227.0,0.1082,-0.073,626500,501216,0,33.6,31.9,2026-09-25
773,ASAN,Technology,Software - Application,NYSE,6921350,9.47,101.86,4,-49,-38.82,67.8,38.0,-2.5,-3.3,3.0,6.5,73,69,16,7,7.8,0,0,0,0,0,0,2177505865.0771008,228970117.0,0.2821,0.099,10049900,6322970,0,24.9,48.3,2026-09-25
774,RXO,Industrials,Trucking,NYSE,1616636,19.88,101.77,-8,5,-33.51,90.2,50.2,1.1,-1.6,-10.5,3.0,73,81,94,44,50.5,0,0,0,0,0,0,3341403391.028595,164926128.0,0.2543,0.25,2046290,1883100,1,67.4,21.3,2026-09-25
775,SFNC,Financial Services,Banks - Regional,NASDAQ,1240610,22.89,101.74,5,8,-5.88,33.6,84.5,0.3,0.6,-0.6,8.5,73,68,71,57,44.8,0,0,0,0,0,0,3307920542.005783,144513789.0,0.0482,0.143,1453680,1406768,0,60.2,13.5,2026-09-25
776,UBSI,Financial Services,Banks - Regional,NASDAQ,926930,46.22,101.73,0,-2,-6.85,35.6,81.1,-1.2,-1.4,-2.7,6.2,73,73,71,72,54.3,0,0,0,0,0,0,6415126036.29361,136173338.0,0.0423,0.062,1276120,959066,0,67.6,9.8,2026-09-25
777,SWBI,Industrials,Aerospace & Defense,NASDAQ,629720,13.98,101.7,-8,-4,-20.39,72.5,69.6,4.6,6.7,0.8,4.4,73,81,85,91,72.2,0,0,0,0,0,0,611613250.5944824,44839680.0,0.0584,0.323,629800,547476,1,82.3,2.0,2026-09-25
778,FTDR,Consumer Cyclical,Personal Services,NASDAQ,501036,73.95,101.69,-16,-27,-20.85,46.4,54.6,-8.4,-10.3,-9.5,8.3,73,89,78,43,33.0,0,0,0,0,0,0,5393657772.713715,68893316.0,0.0625,0.045,600830,510500,0,60.8,38.3,2026-09-25
779,ITT,Industrials,Specialty Industrial Machinery,NYSE,721990,211.94,101.66,16,17,-7.98,26.2,85.2,5.3,5.5,5.1,9.2,73,57,58,76,47.2,0,0,0,0,0,0,18369548922.947758,89839824.0,0.0804,0.515,909120,848234,0,59.6,1.0,2026-09-25
780,RDNT,Healthcare,Diagnostics & Research,NASDAQ,702170,73.21,101.64,3,-34,-14.71,37.5,59.6,-4.8,-4.5,0.2,8.6,73,70,33,32,21.3,0,0,0,0,0,0,5981029532.0,78697757.0,0.1494,0.25,914570,746238,0,39.1,35.6,2026-09-25
781,AVPT,Technology,Software - Infrastructure,NASDAQ,1679953,13.12,101.63,6,-37,-17.43,46.4,63.3,-0.6,-1.7,-0.2,12.4,73,67,24,14,14.1,0,0,0,0,0,0,2790547880.1636143,211565426.0,0.060100004,0.22,1939870,1913902,0,29.8,41.4,2026-09-25
782,ZGN,Consumer Cyclical,Apparel Manufacturing,NYSE,1174483,12.44,101.62,-8,-6,-22.01,43.5,57.6,3.7,-0.0,-7.9,3.3,73,81,83,74,59.9,0,0,0,0,0,0,3304650568.262684,268889388.0,0.0784,0.064,1410080,1138220,0,74.5,11.7,2026-09-25
783,ADEA,Technology,Software - Application,NASDAQ,875729,25.05,101.6,-16,-12,-27.05,113.0,60.6,-0.9,-2.1,-5.9,1.4,73,89,93,92,71.2,0,0,0,0,0,0,2735499154.404831,110280150.0,0.12109999,0.121,950253,1026063,2,86.3,7.9,2026-09-25
784,HRB,Consumer Cyclical,Personal Services,NYSE,2240483,42.54,101.54,-14,-70,-27.49,50.4,55.2,-4.3,-10.1,-9.3,9.7,73,87,31,15,14.7,0,0,0,0,0,0,5454517048.5,123265922.0,0.2224,0.03,2117700,2130918,0,36.9,56.2,2026-09-25
785,HOG,Consumer Cyclical,Recreational Vehicles,NYSE,1795340,25.98,101.44,-6,-20,-13.05,48.5,71.3,-4.4,-6.0,-4.8,10.0,73,79,65,31,16.8,0,0,0,0,0,0,2698600138.2704086,104072507.0,0.2308,-0.059,1772260,2140430,0,48.0,42.1,2026-09-25
786,LYB,Basic Materials,Specialty Chemicals,NYSE,3702610,59.97,101.41,2,-34,-28.56,42.3,44.6,-4.1,-5.3,-3.8,-2.2,73,71,35,92,47.1,0,0,0,0,0,0,20005740465.94336,323037952.0,0.0541,0.198,4151440,4069736,1,61.3,11.3,2026-09-25
787,BWA,Consumer Cyclical,Auto Parts,NYSE,1977836,60.55,101.39,-2,11,-23.18,42.8,48.6,-7.2,-8.7,-9.9,-0.6,73,75,88,88,62.3,0,0,0,0,0,0,12896153473.12596,203666354.0,0.048800003,0.003,2350030,2151472,0,78.3,2.5,2026-09-25
788,MAC,Real Estate,REIT - Retail,NYSE,3074896,22.67,101.34,-8,-1,-15.03,39.8,62.5,0.4,-1.8,-6.8,4.8,72,80,87,67,59.2,0,0,0,0,0,0,6416948418.277502,283559375.0,0.1494,0.012,3930400,3345042,0,73.3,12.3,2026-09-25
789,MCK,Healthcare,Medical Distribution,NYSE,945016,880.5,101.32,11,-18,-11.86,19.9,53.3,-1.8,-2.6,-0.2,2.9,72,61,32,73,53.4,0,0,0,0,0,0,101975763844.3944,116590363.0,0.024300002,0.077,1028350,981366,0,54.8,4.3,2026-09-25
790,KRP,Energy,Oil & Gas E&P,NYSE,989220,14.41,101.24,2,-5,-8.8,30.2,80.7,0.4,-0.5,-0.9,3.7,72,70,63,76,37.9,0,0,0,0,0,0,1475099274.533371,100895984.0,0.038399998,0.378,1024030,907172,0,61.7,15.6,2026-09-25
791,PATH,Technology,Software - Infrastructure,NYSE,63279490,13.04,101.24,-18,-85,-34.27,34.3,32.5,-7.3,-16.6,-12.8,-1.9,72,90,23,27,27.5,0,0,0,0,0,0,6978271105.43451,521155409.0,0.2556,0.134,53317650,70076674,1,41.9,50.6,2026-09-25
792,GPC,Consumer Cyclical,Auto Parts,NYSE,1078116,128.76,101.22,-4,-40,-15.05,39.8,64.8,-1.0,-3.3,-1.5,7.7,72,76,40,30,20.6,0,0,0,0,0,0,17657078057.068756,137859758.0,0.062,0.06,1114920,1298174,0,41.6,40.5,2026-09-25
793,TARS,Healthcare,Biotechnology,NASDAQ,737346,74.29,101.2,10,1,-18.84,37.5,58.3,-2.8,-3.3,8.7,10.5,72,62,53,78,63.7,0,0,0,0,0,0,3653962744.5637207,46791688.0,0.1415,0.694,577770,842000,0,64.2,-3.1,2026-09-25
794,BHVN,Healthcare,Biotechnology,NYSE,3432793,13.67,101.18,-5,5,-26.37,69.3,52.3,0.6,-8.3,-7.8,10.4,72,77,87,12,16.9,0,0,0,0,0,0,2057216279.934411,151043781.0,0.1609,,3928350,2781702,0,48.2,42.1,2026-09-25
795,RUSHA,Consumer Cyclical,Auto & Truck Dealerships,NASDAQ,626076,48.04,101.18,-7,-13,-13.81,54.2,70.1,-1.3,-3.0,-6.7,3.4,72,79,73,80,53.6,0,0,0,0,0,0,5710451688.060226,116730415.0,0.1195,-0.016,751360,683515,0,71.4,13.1,2026-09-25
796,LYG,Financial Services,Banks - Regional,NYSE,12459680,5.64,101.09,-3,-4,-11.04,28.7,66.7,-3.4,-4.4,-6.1,1.0,72,75,74,70,55.3,0,0,0,0,0,0,83912495778.57805,14442770500.0,0.00029999999,0.123,13379460,13995776,0,68.6,10.9,2026-09-25
797,FANG,Energy,Oil & Gas E&P,NASDAQ,2677763,185.65,101.07,-6,-25,-14.41,37.7,67.7,-4.3,-5.1,-5.2,2.9,72,78,59,85,63.5,0,0,0,0,0,0,53881407863.90845,280019792.0,0.0423,0.525,4472940,2387512,0,71.4,7.7,2026-09-25
798,WIX,Technology,Software - Infrastructure,NASDAQ,1542646,76.8,101.04,3,-62,-58.71,91.8,26.3,-2.4,-4.2,9.5,4.8,72,69,4,16,4.0,0,0,0,0,0,0,3284768028.9897995,41849511.0,0.17549999,0.149,1046340,1546350,0,23.2,49.6,2026-09-25
799,MH,Consumer Defensive,Education & Training Services,NYSE,635316,13.75,101.01,30,-1,-23.61,50.4,51.6,4.6,5.0,13.5,5.1,72,42,11,31,24.8,0,0,0,0,0,0,2460231282.359331,191308814.0,0.0917,0.026,517840,597104,0,27.2,13.9,2026-09-25
800,EPD,Energy,Oil & Gas Midstream,NYSE,2684740,37.57,100.98,8,2,-6.47,23.5,73.7,-3.1,-3.9,-3.1,1.6,72,64,58,79,48.1,0,0,0,0,0,0,83982065784.36974,2159477169.0,0.0309,0.608,2667780,2954202,0,62.3,5.5,2026-09-25
801,FLS,Industrials,Specialty Industrial Machinery,NYSE,1563143,77.18,100.95,3,-1,-16.48,54.9,62.7,3.1,-0.1,0.2,-0.3,72,69,65,83,61.6,0,0,0,0,0,0,9391091837.274324,127112780.0,0.063200004,-0.016,1615370,1731082,0,69.7,1.3,2026-09-25
802,B,Basic Materials,Gold,NYSE,9918053,42.49,100.93,-12,-35,-22.31,34.3,50.4,-1.5,-3.5,1.3,-1.1,72,84,61,90,51.7,0,0,0,0,0,0,71316174888.97438,1645884419.0,2.33,0.438,8404360,9935778,1,71.7,17.2,2026-09-25
803,WNC,Industrials,Farm & Heavy Construction Machinery,NYSE,695036,11.76,100.83,-14,-11,-18.73,73.0,65.5,-3.3,-8.5,-8.0,12.8,72,86,89,34,36.6,0,0,0,0,0,0,483142857.7940016,40737173.0,0.105100006,-0.091,649040,1082236,0,61.4,34.8,2026-09-25
804,BILL,Technology,Software - Application,NYSE,2220443,45.92,100.83,-2,-57,-19.73,40.7,53.4,-5.6,-6.8,-5.1,3.0,72,74,19,22,14.3,0,0,0,0,0,0,4056616493.715592,85276782.0,0.18110001,0.138,1904410,2277102,0,32.3,45.7,2026-09-25
805,EDU,Consumer Defensive,Education & Training Services,NYSE,694153,56.08,100.82,7,-34,-13.68,28.4,66.3,2.2,0.2,3.6,5.6,72,65,24,65,36.3,0,0,0,0,0,0,9275862978.36699,166712133.0,0.0247,0.23,577330,817352,0,47.6,18.4,2026-09-25
806,BRZE,Technology,Software - Application,NASDAQ,2862190,25.87,100.75,-12,-79,-30.69,56.2,43.5,-1.1,-13.1,-10.2,0.5,72,84,17,21,11.2,0,0,0,0,0,0,2774867586.273216,113584427.0,0.0971,0.262,3121300,2584968,0,33.3,55.7,2026-09-25
807,OUT,Real Estate,REIT - Specialty,NYSE,1656680,28.21,100.75,-4,10,-19.31,63.5,64.5,-1.1,-3.2,-8.0,-3.0,72,76,90,88,71.5,0,0,0,0,0,0,4928264242.351681,176135251.0,0.0932,0.135,1987240,1709918,1,81.4,-1.6,2026-09-25
808,GFI,Basic Materials,Gold,NYSE,3560936,40.82,100.73,-1,-45,-33.78,27.7,28.6,-6.6,-10.8,-1.2,-9.0,72,73,29,89,21.4,0,0,0,0,0,0,37872010164.99975,890896534.0,0.0098,0.789,2969470,3601754,0,53.1,27.0,2026-09-25
809,W,Consumer Cyclical,Internet Retail,NYSE,2388360,99.5,100.67,-12,-17,-17.07,70.2,65.3,-3.8,-2.9,-0.8,10.9,72,84,79,80,43.7,0,0,0,0,0,0,14033748326.801989,136968070.0,0.1117,0.075,2608810,3040998,0,71.7,21.4,2026-09-25
810,MARA,Financial Services,Capital Markets,NASDAQ,50567906,13.35,100.64,35,80,-43.07,92.0,38.4,4.3,9.5,14.7,17.8,72,37,82,16,10.2,0,0,0,0,0,0,5114602603.863108,386299297.0,0.3261,-0.267,52031540,49233748,0,36.3,13.1,2026-09-25
811,FOXA,Communication Services,Entertainment,NASDAQ,5282906,63.96,100.63,9,-34,-16.27,30.8,55.1,-2.6,-3.5,0.6,0.7,72,63,20,37,29.4,0,0,0,0,0,0,27176863651.05423,421673622.0,0.2685,0.281,5696700,5015146,0,37.3,26.3,2026-09-25
812,MUR,Energy,Oil & Gas E&P,NYSE,1669390,36.21,100.63,0,-13,-16.45,40.7,66.9,-1.4,0.1,1.3,4.4,72,72,59,90,65.1,0,0,0,0,0,0,5359840559.146362,143349576.0,0.1038,0.356,1869060,1677206,1,71.5,1.2,2026-09-25
813,DAL,Industrials,Airlines,NYSE,5880733,81.75,100.57,-4,8,-14.56,48.7,71.3,3.4,3.8,-1.6,10.0,72,76,88,78,66.2,0,0,0,0,0,0,52359947454.8156,657623030.0,0.038599998,0.187,8061860,5808072,0,77.1,3.3,2026-09-25
814,CCC,Technology,Software - Application,NASDAQ,10891320,6.66,100.53,-11,-82,-31.41,62.8,50.3,3.1,-1.5,2.2,11.4,72,83,12,18,10.0,0,0,0,0,0,0,3857915423.541824,588994704.0,0.0922,0.098,14353670,10593300,0,30.8,56.6,2026-09-25
815,SIRI,Communication Services,Entertainment,NASDAQ,3892096,26.28,100.48,-2,2,-19.53,33.7,53.0,-5.2,-6.2,-8.9,4.5,72,74,78,67,44.9,0,0,0,0,0,0,9205296613.19686,337066891.0,0.1576,0.01,4368070,3972000,0,66.0,15.5,2026-09-25
816,FLR,Industrials,Engineering & Construction,NYSE,2322423,53.06,100.44,7,11,-9.07,27.8,61.6,-5.6,-7.0,-3.9,4.2,71,64,68,72,42.5,0,0,0,0,0,0,7342384782.372673,133741067.0,0.104899995,0.088,2113680,2462450,0,61.6,8.7,2026-09-25
817,ARQT,Healthcare,Biotechnology,NASDAQ,2704090,26.38,100.44,5,22,-16.97,57.0,65.9,4.4,6.6,1.5,3.7,71,66,83,80,73.0,0,0,0,0,0,0,3190061864.6951084,125691961.0,0.14050001,0.593,4619000,2230366,0,75.5,-8.0,2026-09-25
818,MLKN,Consumer Cyclical,"Furnishings, Fixtures & Appliances",NASDAQ,613876,20.04,100.44,-15,-31,-18.9,43.4,56.8,-3.9,-8.1,-11.3,4.5,71,86,70,24,27.1,0,0,0,0,0,0,1420025071.092167,68733063.0,0.081199996,0.044,816810,647312,0,51.8,43.5,2026-09-25
819,AMZN,Consumer Cyclical,Internet Retail,NASDAQ,33893763,249.27,100.4,11,10,-13.21,25.4,59.4,-1.1,-2.1,-2.7,3.6,71,60,59,42,42.1,0,0,0,0,0,0,2736595688769.9966,10786313572.0,0.0094,0.196,36800060,40418736,0,50.8,12.6,2026-09-25
820,ICLR,Healthcare,Diagnostics & Research,NASDAQ,748636,163.9,100.39,-15,-24,-19.62,117.2,76.4,2.8,4.4,3.9,18.3,71,86,77,15,28.5,0,0,0,0,0,0,12661777286.081192,77154209.0,0.0349,0.012,1105060,791698,0,51.6,43.9,2026-09-25
821,HCC,Basic Materials,Coking Coal,NYSE,607583,90.24,100.37,-14,-36,-19.01,43.3,55.8,-4.0,-10.5,-4.6,-1.3,71,85,63,91,68.2,0,0,0,0,0,0,4642887526.023918,52802087.0,0.1047,0.713,741600,638612,1,76.8,9.4,2026-09-25
822,TTC,Industrials,Tools & Accessories,NYSE,889430,96.58,100.36,-1,-3,-8.19,42.4,85.4,3.4,1.6,1.0,4.6,71,72,70,81,54.1,0,0,0,0,0,0,8850079006.997208,94663378.0,0.0511,0.084,1074610,750086,0,69.3,7.3,2026-09-25
823,EXK,Basic Materials,Silver,NYSE,8862770,9.26,100.35,-11,-36,-38.88,29.6,29.6,-7.0,-12.1,-4.5,-7.8,71,82,57,88,46.3,0,0,0,0,0,0,3023635141.887016,296144479.0,2.49,1.394,8066890,8245338,0,68.3,19.2,2026-09-25
824,CP,Industrials,Railroads,NYSE,1983896,88.28,100.35,1,-6,-8.9,26.8,66.3,-1.1,-3.0,-4.4,3.7,71,70,63,63,46.0,0,0,0,0,0,0,76901853466.53058,879079224.0,0.0227,0.126,1959440,2380036,0,60.5,14.1,2026-09-25
825,MPLX,Energy,Oil & Gas Midstream,NYSE,1214420,58.81,100.34,10,4,-3.51,21.3,80.1,-1.5,-2.0,-1.3,2.2,71,61,55,73,45.2,0,0,0,0,0,0,60263733047.11757,1013858251.0,0.0201,0.106,1355010,1409938,0,58.6,6.1,2026-09-25
826,CAH,Healthcare,Medical Distribution,NYSE,1688970,221.27,100.33,-3,1,-14.34,49.4,73.9,-2.9,-5.2,-4.4,2.5,71,74,78,81,72.7,0,0,0,0,0,0,52417918712.26367,232575728.0,0.0334,0.058,1734510,1852872,0,76.4,-1.1,2026-09-25
827,DBRG,Financial Services,Asset Management,NYSE,4275296,15.99,100.33,-7,-14,0.06,74.3,99.9,0.4,0.3,0.5,3.1,71,78,71,84,57.5,0,0,0,0,0,0,2977425083.737132,187495281.0,0.0659,,5289690,3833688,0,72.6,9.8,2026-09-25
828,WSM,Consumer Cyclical,Specialty Retail,NYSE,1182696,227.83,100.3,-5,0,-10.62,35.6,72.2,1.8,0.9,-1.7,10.4,71,76,81,61,45.5,0,0,0,0,0,0,26406090227.16649,117779173.0,0.0468,0.067,1290980,1073684,0,65.9,17.7,2026-09-25
829,UNFI,Consumer Defensive,Food Distribution,NYSE,612876,43.74,100.27,-9,-1,-23.29,58.3,64.5,1.6,2.0,-2.2,4.9,71,80,88,90,77.5,0,0,0,0,0,0,2824045854.472687,60317084.0,0.0659,-0.007,677050,563904,1,83.9,-1.5,2026-09-25
830,MNST,Consumer Defensive,Beverages - Non-Alcoholic,NASDAQ,9836826,43.91,100.18,-8,-4,-12.48,32.4,58.8,-3.0,-4.1,-7.8,1.1,71,79,83,64,61.3,0,0,0,0,0,0,87589202574.87454,1959051764.0,0.0313,0.202,10194180,10699864,0,71.8,11.5,2026-09-25
831,PDM,Real Estate,REIT - Office,NYSE,1662960,9.15,100.13,-4,-1,-9.67,43.8,78.4,-1.4,-3.1,-4.1,8.1,71,75,78,26,31.8,0,0,0,0,0,0,1142462706.5703154,125132825.0,0.0753,0.027,2805380,1293274,0,52.7,31.1,2026-09-25
832,SHO,Real Estate,REIT - Hotel & Motel,NYSE,2230523,11.03,100.12,1,12,-8.62,27.6,75.5,1.0,0.8,-1.1,9.3,71,70,81,52,45.3,0,0,0,0,0,0,2052821101.5468016,185943941.0,0.0001,0.062,2047940,2313132,0,62.1,14.8,2026-09-25
833,NDAQ,Financial Services,Financial Data & Stock Exchanges,NASDAQ,2877416,95.44,100.03,8,-28,-6.24,23.0,73.4,2.5,-0.3,-0.3,4.3,71,63,27,41,32.6,0,0,0,0,0,0,52286743888.63907,558977372.0,0.016,0.149,3463080,3278742,0,40.9,23.2,2026-09-25
834,TTEK,Industrials,Engineering & Construction,NASDAQ,2456116,34.9,100.03,1,-42,-19.1,28.5,45.4,-6.1,-6.5,-3.4,1.8,71,70,27,35,22.3,0,0,0,0,0,0,9138225283.696487,256044428.0,0.0469,-0.039,2297470,2635908,0,38.6,35.1,2026-09-25
835,ITUB,Financial Services,Banks - Regional,NYSE,22690413,8.18,100.03,27,51,-14.79,23.1,50.4,-2.2,0.1,0.9,-0.7,71,44,68,85,44.3,0,0,0,0,0,0,90379352742.14464,11021872542.0,0.003,0.175,24472490,20972524,0,60.3,-10.8,2026-09-25
836,HTGC,Financial Services,Asset Management,NYSE,1524086,16.97,100.03,6,-19,-12.8,21.0,55.2,-3.3,-4.0,-0.8,2.2,71,65,40,28,16.3,0,0,0,0,0,0,3243552105.72052,187164000.0,0.0473,0.085,1271090,1546638,0,37.3,34.3,2026-09-25
837,KGS,Energy,Oil & Gas Equipment & Services,NYSE,1826296,53.3,99.99,-8,6,-31.39,60.3,45.8,-8.7,-11.2,-12.9,-8.0,71,79,93,93,75.2,0,0,0,0,0,0,5937839694.348248,101104031.0,0.103,0.211,2252550,1800102,2,85.0,-2.3,2026-09-25
838,GOOGL,Communication Services,Internet Content & Information,NASDAQ,24684550,337.83,99.94,5,24,-17.32,44.7,63.7,-1.0,0.1,-0.6,1.3,71,66,85,85,63.4,0,0,0,0,0,0,4274851525331.5776,12229934831.0,0.013200001,0.242,28760670,28104550,0,74.8,-4.4,2026-09-25
839,MSI,Technology,Communication Equipment,NYSE,959526,460.44,99.89,4,-31,-6.95,25.0,71.5,-1.7,-3.3,-0.1,6.3,71,67,32,62,22.9,0,0,0,0,0,0,75907037964.16663,165493788.0,0.023,0.133,945740,957196,0,46.0,26.6,2026-09-25
840,SW,Consumer Cyclical,Packaging & Containers,NYSE,4503526,46.49,99.84,-7,-18,-11.7,40.3,69.3,3.3,1.4,-1.3,7.0,71,78,67,41,33.4,0,0,0,0,0,0,23252101472.07013,524522908.0,0.048899997,0.011,4612340,4734126,0,54.8,30.8,2026-09-25
841,NEXN,Communication Services,Advertising Agencies,NASDAQ,504430,8.63,99.75,-14,-36,-23.63,55.8,60.6,-1.5,-5.3,-10.6,12.4,71,85,63,26,21.6,0,0,0,0,0,0,496046966.1825247,56951431.0,0.0477,0.105,449940,504330,0,48.9,45.7,2026-09-25
842,PKG,Consumer Cyclical,Packaging & Containers,NYSE,564700,240.98,99.71,0,-4,-7.31,24.2,70.6,1.4,1.2,-1.9,5.7,71,71,67,60,41.1,0,0,0,0,0,0,20739411438.899,89098299.0,0.0349,0.147,685120,633518,0,59.8,17.6,2026-09-25
843,HSIC,Healthcare,Medical Distribution,NASDAQ,1028676,85.05,99.69,-4,-11,-7.73,37.9,81.5,-1.1,-2.9,-2.6,7.0,70,74,67,56,55.1,0,0,0,0,0,0,9455124215.150574,111446542.0,0.0885,0.067,1289450,1196746,0,63.0,13.7,2026-09-25
844,SOBO,Energy,Oil & Gas Midstream,NYSE,557880,34.38,99.66,-4,-4,-11.89,35.9,67.6,-3.2,-5.9,-6.9,2.5,70,74,74,81,51.9,0,0,0,0,0,0,7484142219.556156,208588127.0,22.03,0.042,578460,550730,0,70.2,9.6,2026-09-25
845,CLPT,Healthcare,Medical Devices,NASDAQ,535210,14.97,99.66,-7,5,-50.27,68.7,28.4,5.6,2.0,-0.3,9.0,70,77,89,16,51.2,0,0,0,0,0,0,421873457.0827122,30504227.0,0.1421,0.181,532950,584664,0,58.3,23.9,2026-09-25
846,OGC,Basic Materials,Gold,NYSE,636450,27.95,99.63,-4,-21,-35.5,37.8,34.4,-2.8,-5.0,1.2,-8.3,70,74,57,95,60.2,0,0,0,0,0,0,6326407672.919794,222447523.0,4.58,0.497,792370,578828,1,71.6,4.4,2026-09-25
847,WSBC,Financial Services,Banks - Regional,NASDAQ,939960,38.09,99.58,-8,-16,-11.46,28.8,66.8,-2.7,-3.9,-5.9,4.9,70,78,70,67,49.0,0,0,0,0,0,0,3775814747.491459,95905889.0,0.0738,0.035,1167580,963008,0,66.0,17.5,2026-09-25
848,HESM,Energy,Oil & Gas Midstream,NYSE,1289363,38.78,99.55,14,8,-6.42,21.2,72.9,-3.0,-3.6,-3.8,1.1,70,56,50,70,38.3,0,0,0,0,0,0,5154571361.37521,128350881.0,0.066300005,-0.037,1168280,1208526,0,53.6,6.6,2026-09-25
849,FOX,Communication Services,Entertainment,NASDAQ,1152270,56.96,99.53,9,-31,-16.45,28.9,54.8,-2.3,-3.3,0.9,0.5,70,61,21,37,29.2,0,0,0,0,0,0,24347435642.045174,421673622.0,0.0771,0.281,1484570,1193810,0,37.0,24.7,2026-09-25
850,FIGS,Consumer Cyclical,Apparel Manufacturing,NYSE,2410463,11.97,99.53,-21,-37,-31.52,90.1,56.1,-4.0,-10.2,-2.8,-1.7,70,91,75,97,83.7,0,0,0,0,0,0,2169791630.23522,166140242.0,0.18530001,0.288,2639960,2888056,2,86.7,4.0,2026-09-25
851,IRM,Real Estate,REIT - Specialty,NYSE,1535436,115.09,99.51,1,16,-14.55,44.7,65.0,0.2,-1.0,-5.4,2.5,70,69,84,74,38.0,0,0,0,0,0,0,34039338433.85974,297702812.0,0.0295,0.185,1674030,1752386,0,66.3,13.0,2026-09-25
852,GLNG,Energy,Oil & Gas Midstream,NASDAQ,1354196,49.94,99.48,2,-6,-13.58,41.8,67.1,-2.1,-2.6,-1.4,4.0,70,68,60,88,53.9,0,0,0,0,0,0,5287603723.472595,102097000.0,0.08979999,0.724,1435770,1314654,0,67.5,3.9,2026-09-25
853,INDV,Healthcare,Drug Manufacturers - Specialty & Generic,NASDAQ,2054630,35.91,99.47,6,35,-16.12,58.4,69.5,2.8,2.9,-3.8,0.8,70,64,93,93,74.6,0,0,0,0,0,0,4116953983.991707,118031934.0,0.113800004,0.136,2169590,2151062,2,81.1,-14.0,2026-09-25
854,CECO,Industrials,Pollution & Treatment Controls,NASDAQ,776350,74.99,99.47,5,34,-25.93,53.6,48.7,1.1,0.4,-0.7,1.9,70,65,94,91,68.4,0,0,0,0,0,0,4069431985.01503,58569830.0,0.033299997,0.537,832650,852798,2,79.6,-9.8,2026-09-25
855,SHOP,Technology,Software - Application,NASDAQ,8937753,142.34,99.44,-9,-61,-21.87,52.2,59.5,7.3,4.9,5.5,11.7,70,79,27,34,23.1,0,0,0,0,0,0,165333745133.5,1286643931.0,0.0153,0.337,12422520,10117334,0,40.8,42.1,2026-09-25
856,BKR,Energy,Oil & Gas Equipment & Services,NASDAQ,7597103,58.03,99.34,9,10,-17.58,28.8,50.9,-0.4,-5.2,-5.5,-3.0,70,61,62,87,49.3,0,0,0,0,0,0,56830590564.75,992674071.0,0.0308,-0.024,10304600,8177884,0,64.8,0.5,2026-09-25
857,FFBC,Financial Services,Banks - Regional,NASDAQ,746450,31.22,99.31,-3,3,-13.88,35.6,64.2,-1.8,-2.6,-5.5,4.4,70,73,79,72,50.8,0,0,0,0,0,0,3368052753.2350845,104956458.0,0.061100002,0.165,971090,919196,0,68.7,10.7,2026-09-25
858,ULCC,Industrials,Airlines,NASDAQ,2418313,5.84,99.21,-8,9,-30.52,88.7,55.4,1.8,1.6,-6.0,9.5,70,78,95,25,37.3,0,0,0,0,0,0,1339855826.7391562,230215771.0,0.42150003,0.377,2562200,3146024,1,58.8,29.2,2026-09-25
859,HAL,Energy,Oil & Gas Equipment & Services,NYSE,10698476,33.01,99.2,6,12,-24.27,50.1,51.7,-4.7,-7.7,-4.4,-7.2,70,64,70,91,69.2,0,0,0,0,0,0,28026505037.37758,833130367.0,0.0557,0.037,10859260,11479976,1,73.5,-8.6,2026-09-25
860,GOOG,Communication Services,Internet Content & Information,NASDAQ,16576236,334.98,99.18,5,25,-17.18,42.7,62.8,-0.9,0.1,-0.9,0.7,70,65,85,84,62.4,0,0,0,0,0,0,4212111899932.069,12229934831.0,2.58,0.242,19197790,18694408,0,74.1,-4.5,2026-09-25
861,BUD,Consumer Defensive,Beverages - Brewers,NYSE,2276530,77.06,99.1,10,29,-11.02,32.3,67.6,-1.2,-1.8,-3.7,2.1,70,60,79,68,60.0,0,0,0,0,0,0,153060392587.1148,1969128856.0,0.0072000003,0.11,2073760,2068564,0,66.8,-3.5,2026-09-25
862,ABNB,Consumer Cyclical,Travel Services,NASDAQ,4983173,149.58,99.08,-21,-50,-22.68,35.7,50.5,-7.9,-12.7,-9.6,6.4,70,91,62,43,50.0,0,0,0,0,0,0,98000932781.74908,589585682.0,0.0344,0.165,4974300,4822552,1,61.5,33.0,2026-09-25
863,VTR,Real Estate,REIT - Healthcare Facilities,NYSE,3462916,86.64,99.07,0,2,-14.72,28.7,58.6,-1.5,-3.3,-5.8,1.3,69,69,71,75,57.1,0,0,0,0,0,0,44467321114.02045,512946359.0,0.0456,0.217,4369170,3428684,0,68.0,4.5,2026-09-25
864,WOLF,Technology,Semiconductors,NYSE,3220943,27.14,99.01,44,116,-66.42,77.7,19.6,3.9,0.3,-3.5,-9.9,69,25,97,24,,0,0,0,0,0,0,1354493268.786564,52930569.0,5.79,-0.241,2330310,3695470,1,48.7,,2026-09-25
865,PBA,Energy,Oil & Gas Midstream,NYSE,1016020,45.83,98.92,2,0,-11.15,24.4,60.1,-3.5,-5.1,-6.8,0.8,69,67,65,75,43.6,0,0,0,0,0,0,27635604840.24048,581435000.0,16.36,0.201,1255130,967878,0,62.7,10.3,2026-09-25
866,OIS,Energy,Oil & Gas Equipment & Services,NYSE,512646,8.31,98.9,12,7,-42.69,48.9,31.0,-1.6,-3.2,-2.6,-9.7,69,57,52,96,68.1,0,0,0,0,0,0,507313216.5854988,60322619.0,0.042,-0.053,540900,576320,1,68.3,-12.8,2026-09-25
867,CVBF,Financial Services,Banks - Regional,NASDAQ,1168096,22.01,98.89,3,4,-5.98,23.5,81.0,-1.1,-0.5,-1.3,7.2,69,66,67,59,42.8,0,0,0,0,0,0,3995141908.775387,175997435.0,0.0647,0.42,1708260,1297100,0,58.7,12.9,2026-09-25
868,CLSK,Financial Services,Capital Markets,NASDAQ,18775666,14.46,98.87,16,52,-38.75,74.3,40.5,2.7,8.8,8.9,13.2,69,53,89,27,29.8,0,0,0,0,0,0,3716143114.887557,256817073.0,0.4241,-0.305,18803070,20591490,0,49.7,13.2,2026-09-25
869,CSTM,Basic Materials,Aluminum,NYSE,1468253,24.96,98.84,-8,8,-32.52,70.9,47.0,-3.7,-6.3,-11.0,-9.4,69,77,93,94,78.5,0,0,0,0,0,0,3462733347.0005493,135527728.0,0.051799998,0.307,1584540,1577066,2,85.6,-5.8,2026-09-25
870,XHR,Real Estate,REIT - Hotel & Motel,NYSE,784210,17.82,98.77,-13,-7,-19.22,45.8,59.1,1.4,-0.9,-7.3,5.5,69,82,88,72,52.9,0,0,0,0,0,0,1634596132.8598118,92245835.0,0.0657,0.028,1087210,757522,0,73.7,16.0,2026-09-25
871,EQX,Basic Materials,Gold,NYSE ARCA,12828620,12.05,98.75,1,-36,-36.45,36.1,30.7,-2.7,-6.0,3.4,-11.2,69,68,31,92,35.0,0,0,0,0,0,0,14534874561.22471,1167459822.0,2.61,1.693,14540310,14106968,1,56.5,15.4,2026-09-25
872,AHR,Real Estate,REIT - Healthcare Facilities,NYSE,3403640,51.7,98.74,1,0,-11.93,30.2,69.2,-1.1,-3.6,-5.1,2.8,69,68,67,78,53.1,0,0,0,0,0,0,11368636448.889732,217998775.0,0.1102,0.247,3936050,2934648,0,66.5,5.6,2026-09-25
873,DXYZ,Financial Services,Asset Management,NYSE,1172136,29.73,98.73,34,22,-59.2,40.0,16.5,-5.7,-9.2,-0.8,-8.3,69,35,23,33,37.0,0,0,0,0,0,0,953879923.56958,30465664.0,0.0086,,776810,1108024,0,32.0,0.6,2026-09-25
874,CUZ,Real Estate,REIT - Office,NYSE,1352023,28.25,98.72,-3,-2,-14.26,33.5,65.2,0.9,-0.4,-4.5,7.0,69,72,73,27,25.7,0,0,0,0,0,0,4656592371.517685,164602058.0,0.097399995,0.116,1509230,1503742,0,49.4,32.1,2026-09-25
875,AMKR,Technology,Semiconductor Equipment & Materials,NASDAQ,4216280,53.32,98.71,-2,23,-44.85,86.4,37.4,5.9,7.3,-1.1,-7.5,69,71,96,94,83.0,0,0,0,0,0,0,12497159152.045809,248452472.0,0.1525,0.256,3919920,5016932,2,86.0,-13.1,2026-09-25
876,ENS,Industrials,Electrical Equipment & Parts,NYSE,598460,179.49,98.68,-2,19,-26.53,62.0,50.6,0.7,-1.5,-5.4,-6.0,69,71,92,91,76.4,0,0,0,0,0,0,6423937522.780273,36065224.0,0.070300005,0.048,623000,525118,2,82.6,-8.8,2026-09-25
877,Q,Technology,Semiconductor Equipment & Materials,NYSE,1699693,124.5,98.67,5,31,-29.77,66.3,47.8,1.7,1.3,-5.3,-1.5,69,64,90,83,,0,0,0,0,0,0,25115486225.60381,209208543.0,0.025,0.221,1690550,1797428,1,79.0,,2026-09-25
878,NATL,Technology,Software - Application,NYSE,686463,45.77,98.64,3,-2,-5.63,34.5,84.2,-0.3,-0.2,-1.3,5.7,69,66,61,84,45.8,0,0,0,0,0,0,3372656022.656891,73896934.0,0.0808,0.001,812510,664420,0,64.2,7.0,2026-09-25
879,UNH,Healthcare,Healthcare Plans,NYSE,4720213,371.29,98.61,-9,0,-19.57,44.8,65.4,-0.7,-3.2,-6.5,5.7,69,78,87,22,38.7,0,0,0,0,0,0,338303492355.8158,897594847.0,0.019,0.004,5584540,5024790,0,56.4,29.9,2026-09-25
880,CZR,Consumer Cyclical,Resorts & Casinos,NASDAQ,4228526,29.61,98.55,-7,-19,-4.11,63.3,93.6,-0.1,-0.2,-0.5,9.9,69,76,64,59,44.5,0,0,0,0,0,0,6039960737.104172,203777357.0,0.1145,0.03,5661800,3889538,0,60.9,20.4,2026-09-25
881,BMRN,Healthcare,Biotechnology,NASDAQ,2009020,62.21,98.55,0,-16,-12.36,23.5,56.8,-4.7,-5.5,-4.0,5.0,69,69,53,40,43.0,0,0,0,0,0,0,12377105884.626896,193573759.0,0.0512,0.199,2101820,2015028,0,51.2,20.4,2026-09-25
882,PGNY,Healthcare,Healthcare Plans,NASDAQ,1108613,25.83,98.52,13,41,-21.88,59.3,60.2,-3.9,-2.5,-7.7,7.3,69,56,84,20,46.5,0,0,0,0,0,0,2081597965.3483088,76726798.0,0.081999995,0.053,1201810,1124434,0,51.6,9.1,2026-09-25
883,MO,Consumer Defensive,Tobacco,NYSE,8849853,68.95,98.52,17,36,-10.52,25.9,70.1,-0.7,-0.3,-0.3,2.8,69,52,71,73,36.0,0,0,0,0,0,0,116080592130.30052,1669743926.0,0.0249,0.012,8768300,8997078,0,58.0,1.9,2026-09-25
884,CSWC,Financial Services,Asset Management,NASDAQ,609630,23.15,98.51,-5,-18,-10.1,18.3,58.5,-2.8,-5.2,-5.4,-1.0,69,74,61,65,28.3,0,0,0,0,0,0,1492647170.0025082,63733867.0,0.065799996,0.091,614520,653218,0,57.1,26.0,2026-09-25
885,C,Financial Services,Banks - Diversified,NYSE,9063963,131.93,98.46,-7,1,-10.83,40.6,73.8,-1.9,-1.9,-1.5,5.5,68,75,83,78,56.3,0,0,0,0,0,0,221035852062.6931,1677436783.0,0.00029999999,0.155,10771570,10384690,0,73.1,7.9,2026-09-25
886,PH,Industrials,Specialty Industrial Machinery,NYSE,607493,971.21,98.46,-3,-5,-11.7,36.0,72.3,3.4,1.6,-1.2,3.5,68,71,69,77,56.7,0,0,0,0,0,0,118992105278.07526,126112415.0,0.0105,0.098,601420,634140,0,68.4,6.1,2026-09-25
887,ZM,Technology,Software - Application,NASDAQ,3273113,91.9,98.41,-3,-21,-19.91,24.2,45.0,-2.4,-4.8,-6.9,-0.8,68,71,53,46,36.4,0,0,0,0,0,0,25901639045.97146,291783711.0,0.0271,0.049,3235110,3225768,0,51.6,24.1,2026-09-25
888,V,Financial Services,Credit Services,NYSE,6550263,361.52,98.26,-2,-23,-6.24,24.5,81.8,-0.5,-1.4,0.0,9.4,68,70,49,30,34.4,0,0,0,0,0,0,691411184378.964,1877355259.0,0.0119,0.144,6671420,6747402,0,45.9,27.9,2026-09-25
889,UNIT,Real Estate,REIT - Specialty,NASDAQ,1892430,9.16,98.26,-10,0,-29.2,66.6,48.3,-6.6,-8.9,-11.0,-6.4,68,78,88,85,64.7,0,0,0,0,0,0,2293752479.4538546,242725135.0,0.19530001,2.025,2200220,2094888,0,78.9,4.2,2026-09-25
890,UBS,Financial Services,Banks - Diversified,NYSE,1668006,47.74,98.18,-13,-15,-14.73,33.1,62.4,-5.4,-8.7,-8.7,3.6,68,81,79,56,43.5,0,0,0,0,0,0,155199705328.147,3061742149.0,0.0019,0.146,1853470,1775498,0,64.9,23.9,2026-09-25
891,FULT,Financial Services,Banks - Regional,NASDAQ,1520893,22.75,98.17,-4,1,-9.83,37.3,74.5,-1.5,-2.0,-4.1,5.0,68,72,77,68,49.8,0,0,0,0,0,0,4480187326.963425,191461000.0,0.056199998,0.137,1861710,1662318,0,66.7,11.4,2026-09-25
892,HWC,Financial Services,Banks - Regional,NASDAQ,718706,72.39,98.16,-2,-1,-9.66,34.2,73.9,-1.8,-2.0,-4.0,4.7,68,70,71,65,46.1,0,0,0,0,0,0,6012717952.278656,80223058.0,0.0928,0.076,936940,800746,0,63.0,12.9,2026-09-25
893,SQM,Basic Materials,Specialty Chemicals,NYSE,989106,69.08,98.15,-11,-13,-29.51,64.6,48.3,-3.5,-9.3,-7.6,-12.4,68,79,77,94,74.9,0,0,0,0,0,0,19343392706.438965,285637808.0,2.58,1.367,1130720,1012014,1,81.2,-0.8,2026-09-25
894,GEN,Technology,Software - Infrastructure,NASDAQ,6073243,26.23,98.14,1,-15,-17.12,29.0,38.3,-20.8,-22.5,-19.1,-6.9,68,67,51,17,12.7,0,0,0,0,0,0,17365009935.3257,598587032.0,0.0645,0.063,7380900,5542388,0,36.9,38.8,2026-09-25
895,SLE,Communication Services,Internet Content & Information,NASDAQ,2721460,5.26,98.14,51,38,-96.17,136.1,3.1,11.2,22.1,47.1,16.1,68,17,4,2,0.9,0,0,0,0,0,0,237428047.560215,46554520.0,0.0031,0.003,215200,1638680,0,6.0,12.3,2026-09-25
896,BBDC,Financial Services,Asset Management,NYSE,699476,8.66,98.13,2,-18,-9.22,7.9,43.2,-1.5,-3.7,-3.0,-1.4,68,66,46,42,21.7,0,0,0,0,0,0,915138142.1944962,104706884.0,0.0239,-0.124,543070,690822,0,43.9,29.0,2026-09-25
897,ROK,Industrials,Specialty Industrial Machinery,NYSE,698246,432.89,98.11,12,38,-12.96,29.7,61.5,2.7,1.9,-1.9,2.4,68,56,82,65,54.5,0,0,0,0,0,0,46154050176.89014,111048676.0,0.0375,0.079,779650,780208,0,64.4,-3.6,2026-09-25
898,AGCO,Industrials,Farm & Heavy Construction Machinery,NYSE,1153990,121.68,98.07,36,59,-15.37,18.0,42.2,-3.8,-4.1,2.4,0.1,68,32,55,72,33.9,0,0,0,0,0,0,8389100881.025963,70031729.0,0.0633,-0.01,1104570,1053862,0,48.2,-11.2,2026-09-25
899,JBL,Technology,Electronic Components,NYSE,1046953,308.75,98.06,0,20,-28.02,61.4,61.2,2.5,1.9,-2.2,4.0,68,68,88,85,61.0,0,0,0,0,0,0,31391069019.21356,104787089.0,0.034,0.118,1223130,1047390,0,75.5,-1.9,2026-09-25
900,SYNA,Technology,Semiconductors,NASDAQ,662800,98.1,98.05,13,50,-34.21,65.4,43.0,1.8,1.3,-6.1,-1.1,68,55,92,52,60.4,0,0,0,0,0,0,3695760598.6563263,39692413.0,0.105299994,0.089,640330,687282,1,64.9,-5.8,2026-09-25
901,XPO,Industrials,Trucking,NYSE,980870,179.92,98.04,3,19,-22.46,42.4,50.1,-0.9,-4.0,-10.2,-8.0,68,65,81,91,61.9,0,0,0,0,0,0,20402316526.25,117086465.0,0.0541,0.132,1153660,999252,1,74.7,-5.3,2026-09-25
902,LNC,Financial Services,Insurance - Life,NYSE,1955243,41.08,98.02,0,-28,-13.82,27.0,61.1,-2.8,-4.1,-4.8,4.7,68,68,40,36,28.1,0,0,0,0,0,0,8079077725.262726,191447336.0,0.0004,0.126,2200330,2029066,0,43.0,29.2,2026-09-25
903,IEP,Energy,Oil & Gas Refining & Marketing,NASDAQ,1156926,7.1,98.02,31,44,-23.82,4.7,12.4,-1.2,0.3,-3.6,-8.4,68,37,50,64,14.6,0,0,0,0,0,0,4955078049.054077,710915093.0,0.112799995,0.257,768450,1034498,0,41.4,4.5,2026-09-25
904,LAMR,Real Estate,REIT - Specialty,NASDAQ,517850,144.22,97.99,3,16,-13.29,23.8,57.2,-2.2,-3.4,-6.7,1.2,68,65,78,64,44.9,0,0,0,0,0,0,14908508860.115969,101549684.0,0.0747,0.065,531770,581180,0,63.0,9.0,2026-09-25
905,CALY,Consumer Cyclical,Leisure,NYSE,1859516,14.59,97.99,-13,-1,-28.06,69.8,52.0,-4.3,-6.7,-14.7,-6.2,68,81,93,90,74.4,0,0,0,0,0,0,2622319478.5840044,178510521.0,0.039,0.02,2423030,1943986,2,84.6,0.3,2026-09-25
906,EBC,Financial Services,Banks - Regional,NASDAQ,2119623,21.14,97.98,-7,-8,-11.08,27.4,66.2,-1.2,-2.2,-5.5,2.8,68,75,74,73,47.3,0,0,0,0,0,0,4935849610.370239,228511552.0,0.0694,0.276,2835710,2419308,0,67.3,14.4,2026-09-25
907,CTSH,Technology,Information Technology Services,NASDAQ,6503643,59.14,97.95,18,-23,-32.05,47.6,38.4,-5.5,-7.1,0.5,-7.5,68,50,9,24,14.2,0,0,0,0,0,0,26968094311.70368,450444209.0,0.0792,0.045,6777950,7784952,0,24.3,27.2,2026-09-25
908,VOYG,Industrials,Aerospace & Defense,NYSE,1755166,31.4,97.92,7,6,-40.08,72.9,38.8,-10.3,-9.1,-7.8,-2.0,68,61,60,20,24.0,0,0,0,0,0,0,2189112317.0139318,61029060.0,0.1873,0.155,2732760,1762806,0,41.2,26.8,2026-09-25
909,HTLD,Industrials,Trucking,NASDAQ,801230,11.68,97.9,-7,9,-29.81,60.6,46.9,-5.1,-6.3,-11.1,-6.2,68,75,91,75,62.7,0,0,0,0,0,0,917938083.719985,77332611.0,0.0748,-0.125,909840,767020,1,75.9,4.6,2026-09-25
910,ST,Technology,Scientific & Technical Instruments,NYSE,1399520,41.51,97.89,7,32,-22.97,43.9,50.1,-2.1,-2.1,-6.8,0.4,68,61,86,76,58.8,0,0,0,0,0,0,6105229521.935051,145535862.0,0.0482,0.05,1445120,1534930,0,70.4,-4.4,2026-09-25
911,NUVB,Healthcare,Biotechnology,NYSE,5173343,5.71,97.87,-22,-22,-41.44,90.4,41.7,-3.4,-9.7,-10.8,-2.4,68,90,90,85,82.3,0,0,0,0,0,0,2054070879.564279,351123233.0,0.2545,5.556,5257460,5508086,2,86.8,4.9,2026-09-25
912,HOS,Industrials,Marine Shipping,NYSE,2132856,8.35,97.76,-8,-17,-24.98,35.6,48.7,-3.3,-9.7,-13.2,-7.5,67,75,66,89,57.2,0,0,0,0,0,0,2750069950.10376,327000000.0,,-0.113,2497630,1855904,0,71.8,7.0,2026-09-25
913,USB,Financial Services,Banks - Regional,NYSE,6855813,58.48,97.72,-10,-14,-11.5,29.0,65.1,-3.9,-5.2,-7.1,1.6,67,77,73,69,47.4,0,0,0,0,0,0,93576571986.41806,1558051446.0,0.01,0.104,8750540,7467560,0,66.6,16.8,2026-09-25
914,DRI,Consumer Cyclical,Restaurants,NYSE,1088713,213.69,97.69,-1,-10,-6.99,22.5,65.0,-1.4,-2.6,-1.9,1.9,67,68,59,54,40.8,0,0,0,0,0,0,23762018557.079224,113541756.0,0.0787,0.137,1360030,1163346,0,55.5,17.3,2026-09-25
915,KGC,Basic Materials,Gold,NYSE,7766993,27.62,97.64,-11,-47,-29.38,8.7,12.5,-12.3,-16.9,-10.9,-17.4,67,78,42,91,27.9,0,0,0,0,0,0,33309641264.61701,1186240789.0,1.84,0.295,6612200,7777454,1,59.7,26.0,2026-09-25
916,IHS,Real Estate,Real Estate Services,NYSE,1092346,8.42,97.62,6,11,-5.92,34.9,87.6,-0.2,-0.1,1.1,3.7,67,61,66,82,50.7,0,0,0,0,0,0,2848829006.093349,338340734.0,0.0171,0.104,891030,1138582,0,64.9,0.4,2026-09-25
917,TFPM,Basic Materials,Other Precious Metals & Mining,NYSE,558483,32.52,97.62,5,-19,-22.01,19.3,35.8,-2.1,-4.1,1.1,-3.8,67,62,38,84,41.5,0,0,0,0,0,0,6826940321.605728,206003031.0,2.68,0.373,498970,534540,0,56.4,8.3,2026-09-25
918,LAND,Real Estate,REIT - Specialty,NASDAQ,763300,9.53,97.62,37,36,-26.69,17.7,32.2,0.1,0.6,7.3,-1.6,67,30,29,68,30.8,0,0,0,0,0,0,406777896.55423737,43136573.0,0.08189999,0.042,563110,707086,0,39.5,-7.9,2026-09-25
919,HXL,Industrials,Aerospace & Defense,NYSE,775920,86.12,97.6,-4,9,-22.93,39.9,49.5,-4.1,-6.0,-12.8,-4.5,67,71,84,83,64.9,0,0,0,0,0,0,6666207409.19223,75623452.0,0.0537,0.08,975030,934948,0,75.7,-0.7,2026-09-25
920,SBSW,Basic Materials,Other Precious Metals & Mining,NYSE,5323850,10.55,97.59,6,-33,-50.45,28.5,17.4,-11.5,-14.5,-4.0,-18.9,67,61,22,89,29.1,0,0,0,0,0,0,8434497972.402447,723370333.0,0.015,0.643,5197820,5198512,0,50.3,14.2,2026-09-25
921,AES,Utilities,Utilities - Diversified,NYSE,7176870,14.81,97.54,15,27,-16.09,14.0,42.8,0.2,0.4,0.5,1.4,67,52,64,71,42.3,0,0,0,0,0,0,10580294828.468952,713438630.0,0.024600001,0.199,7881010,7186050,0,57.3,-0.2,2026-09-25
922,MTDR,Energy,Oil & Gas E&P,NYSE,1903940,52.12,97.53,-6,-46,-22.02,42.4,55.8,-8.4,-8.9,-3.1,0.4,67,73,33,87,44.7,0,0,0,0,0,0,7030477180.910553,123754216.0,0.1172,0.268,1938900,2001506,0,59.4,15.3,2026-09-25
923,USFD,Consumer Defensive,Food Distribution,NYSE,2266506,93.93,97.51,-19,-36,-15.7,33.9,58.1,-0.0,-5.6,-7.8,2.5,67,86,69,81,51.2,0,0,0,0,0,0,20209615746.546616,216330723.0,0.0616,0.045,3264690,2337434,0,71.8,20.1,2026-09-25
924,SSNC,Technology,Software - Application,NASDAQ,1525270,79.72,97.51,2,-41,-11.64,26.5,59.7,-2.0,-3.5,-0.4,4.6,67,65,22,24,16.1,0,0,0,0,0,0,18755973901.89102,234654996.0,0.034,0.103,1591680,1748044,0,31.8,36.9,2026-09-25
925,CDW,Technology,Information Technology Services,NASDAQ,1616690,146.16,97.48,13,-8,-12.48,40.4,61.5,-5.7,-5.8,-1.8,5.6,67,54,33,24,14.6,0,0,0,0,0,0,18276297812.158325,125017426.0,0.0842,0.1,1535610,1821398,0,31.4,27.8,2026-09-25
926,MUX,Basic Materials,Other Precious Metals & Mining,NYSE,1144060,18.82,97.47,-4,-9,-36.63,28.4,28.4,-0.9,-4.8,-1.3,-12.0,67,71,66,92,53.2,0,0,0,0,0,0,1165812754.0,61358566.0,0.22629999,0.268,1208840,1027494,1,70.6,5.2,2026-09-25
927,J,Industrials,Engineering & Construction,NYSE,818476,141.12,97.41,-6,-48,-16.22,26.2,49.1,-4.9,-6.6,-4.8,1.7,67,73,31,41,17.5,0,0,0,0,0,0,16783336103.053007,117038611.0,0.033,0.345,804090,854032,0,40.6,38.3,2026-09-25
928,MMM,Industrials,Conglomerates,NYSE,2807960,170.3,97.41,2,-5,-7.9,18.6,61.8,1.5,-0.4,-3.2,4.3,67,65,58,39,37.5,0,0,0,0,0,0,85553191441.35802,515722417.0,0.0179,0.025,3166540,3240520,0,49.9,19.6,2026-09-25
929,MS,Financial Services,Capital Markets,NYSE,4364156,198.39,97.38,-12,-10,-14.58,29.3,58.0,-4.2,-6.4,-7.8,1.5,67,79,81,69,51.5,0,0,0,0,0,0,318165322309.1528,1570566292.0,0.0,0.28,5554590,5079664,0,70.1,15.5,2026-09-25
930,EWBC,Financial Services,Banks - Regional,NASDAQ,772220,124.49,97.32,-1,3,-9.44,33.2,74.0,-1.4,-2.0,-3.9,3.6,67,68,72,59,47.0,0,0,0,0,0,0,17389544512.6438,137011856.0,0.0304,0.163,983670,754302,0,61.5,11.9,2026-09-25
931,NWSA,Communication Services,Entertainment,NASDAQ,4058893,28.12,97.27,-5,-46,-11.18,27.0,68.7,-4.0,-5.5,-2.6,7.5,67,72,31,34,19.6,0,0,0,0,0,0,15963761717.10076,536056459.0,0.032,0.108,5044490,3972736,0,39.1,37.9,2026-09-25
932,CDP,Real Estate,REIT - Office,NYSE,808940,33.77,97.22,-10,-12,-13.19,23.8,58.8,-2.2,-4.1,-7.5,2.6,67,77,75,70,40.4,0,0,0,0,0,0,3899051667.175438,113410458.0,0.0841,0.039,981560,848310,0,65.6,19.9,2026-09-25
933,MOH,Healthcare,Healthcare Plans,NYSE,600273,189.37,97.18,-11,-7,-22.67,57.6,58.8,-4.0,-3.7,-4.8,7.0,67,78,82,13,34.0,0,0,0,0,0,0,10481237649.536133,52200000.0,0.0686,-0.057,655570,972738,0,51.7,34.6,2026-09-25
934,MAR,Consumer Cyclical,Lodging,NASDAQ,1547213,351.66,97.08,3,17,-14.43,35.7,64.4,3.5,3.4,-0.6,1.2,66,63,77,76,60.8,0,0,0,0,0,0,88378913830.46045,260766288.0,0.0304,0.111,1786920,1623872,0,69.2,-2.9,2026-09-25
935,GSBD,Financial Services,Asset Management,NYSE,853913,9.64,97.08,0,-19,-14.08,11.5,39.0,-1.7,-3.1,0.5,1.9,66,66,47,39,15.4,0,0,0,0,0,0,1091919928.4291544,112569067.0,0.056700002,-0.08,825330,855260,0,41.9,32.6,2026-09-25
936,CURB,Real Estate,REIT - Retail,NYSE,1504873,28.16,97.05,-3,9,-12.41,27.5,65.0,-1.3,-2.7,-5.0,3.1,66,69,81,72,55.2,0,0,0,0,0,0,3259027239.473295,115038025.0,0.2296,0.529,1674580,1440280,0,69.3,5.1,2026-09-25
937,CNR,Energy,Thermal Coal,NYSE,506406,92.15,97.03,-4,-47,-19.73,16.8,34.3,-5.3,-8.5,-3.1,-2.3,66,70,27,84,47.9,0,0,0,0,0,0,4520870378.446701,49636257.0,0.0636,0.035,535180,532290,0,57.2,12.5,2026-09-25
938,SLG,Real Estate,REIT - Office,NYSE,818126,49.98,97.02,-20,-38,-19.75,44.0,59.1,-1.9,-5.2,-6.3,9.7,66,86,68,19,13.9,0,0,0,0,0,0,3689863286.2900543,70849907.0,0.22690001,0.273,904650,927936,0,46.7,51.3,2026-09-25
939,HPP,Real Estate,REIT - Office,NYSE,610693,11.69,97.01,-21,-16,-41.81,112.5,44.4,-0.3,-4.9,-13.9,7.5,66,87,92,5,7.1,0,0,0,0,0,0,624633221.3311291,54268741.0,0.0119,-0.013,614210,686906,1,47.8,55.9,2026-09-25
940,TRNO,Real Estate,REIT - Industrial,NYSE,682843,66.02,96.94,4,4,-16.37,18.8,54.8,1.1,0.7,-3.4,2.0,66,62,62,63,42.0,0,0,0,0,0,0,7164797882.5,108970310.0,0.1067,0.111,785190,717124,0,57.2,9.8,2026-09-25
941,EXLS,Technology,Information Technology Services,NASDAQ,1897590,34.83,96.94,-1,-54,-21.41,39.4,52.8,-0.8,-3.0,2.6,5.8,66,67,14,17,13.0,0,0,0,0,0,0,5329179571.192314,151612499.0,0.0838,0.156,1735730,2226904,0,27.8,42.3,2026-09-25
942,PGY,Technology,Software - Infrastructure,NASDAQ,2327986,18.72,96.91,-21,-76,-55.66,75.9,29.9,-8.1,-12.0,-7.4,9.1,66,87,32,14,4.6,0,0,0,0,0,0,1703555720.4248867,83425843.0,0.1475,0.186,2683250,2623458,0,34.4,61.3,2026-09-25
943,NSC,Industrials,Railroads,NYSE,1168336,315.01,96.91,-4,-14,-12.16,12.6,46.8,-1.2,-4.2,-6.4,0.8,66,70,60,63,35.8,0,0,0,0,0,0,70562967284.22043,224608373.0,0.0256,0.114,1236980,1222506,0,57.2,19.5,2026-09-25
944,CTVA,Basic Materials,Agricultural Inputs,NYSE,4729950,80.42,96.91,3,0,-11.6,30.2,62.5,-2.7,-5.1,-3.9,1.4,66,63,60,81,43.1,0,0,0,0,0,0,53729293065.55176,667196000.0,0.0305,-0.012,4956000,4727306,0,61.8,6.6,2026-09-25
945,BSBR,Financial Services,Banks - Regional,NYSE,4382043,5.7,96.9,15,-5,-22.13,13.3,31.0,-2.4,-2.4,0.6,-3.2,66,51,31,66,32.4,0,0,0,0,0,0,43053282751.25,7487527435.0,0.92,0.288,3063010,3822664,0,45.1,8.3,2026-09-25
946,EPR,Real Estate,REIT - Specialty,NYSE,867250,56.92,96.89,4,9,-12.39,16.6,51.9,-1.7,-3.3,-6.1,0.2,66,62,67,42,27.8,0,0,0,0,0,0,4345258149.356751,76608922.0,0.122700006,0.106,1094640,804130,0,49.7,20.6,2026-09-25
947,FPI,Real Estate,REIT - Specialty,NYSE,546950,10.79,96.83,29,22,-18.41,14.4,36.6,-0.8,0.6,5.7,0.4,66,37,30,68,25.1,0,0,0,0,0,0,474265943.1468601,43630722.0,0.0958,-0.055,522820,498384,0,40.0,0.5,2026-09-25
948,MTG,Financial Services,Insurance - Specialty,NYSE,1830440,29.3,96.82,-4,-28,-8.12,15.6,58.5,-3.8,-5.6,-5.3,3.0,66,70,46,40,29.3,0,0,0,0,0,0,6090156609.148483,205124840.0,0.056599997,-0.029,2532100,1837168,0,46.3,28.8,2026-09-25
949,SEZL,Financial Services,Credit Services,NASDAQ,504523,106.89,96.76,-25,-20,-45.38,115.4,42.7,-5.2,-7.2,-19.3,7.9,66,91,96,45,48.6,0,0,0,0,0,0,3924822984.467987,33675014.0,0.2491,0.517,462700,635666,2,70.2,29.9,2026-09-25
950,WTRG,Utilities,Utilities - Regulated Water,NYSE,2290713,40.18,96.75,6,-12,-5.48,9.6,60.7,-3.2,-3.6,-1.7,1.6,66,60,42,63,35.1,0,0,0,0,0,0,11640297881.993752,283632983.0,0.0292,0.031,2667560,2229500,0,50.0,13.7,2026-09-25
951,AMCR,Consumer Cyclical,Packaging & Containers,NYSE,3682563,42.8,96.72,-3,-16,-15.98,14.7,38.9,-0.6,-4.4,-6.7,-1.6,66,69,56,38,29.0,0,0,0,0,0,0,19372285116.483536,462345690.0,0.044899996,0.259,3585040,3687246,0,48.0,27.5,2026-09-25
952,AGIO,Healthcare,Biotechnology,NASDAQ,911546,34.19,96.63,4,13,-25.67,47.3,45.6,-1.5,-2.1,-3.7,6.8,65,61,70,68,15.3,0,0,0,0,0,0,1974341219.5204315,59701882.0,0.1275,2.593,966690,1036228,0,53.6,20.5,2026-09-25
953,PAAS,Basic Materials,Gold,NYSE,4685646,48.11,96.63,-6,-22,-31.26,43.1,40.3,-3.0,-6.0,-1.9,-10.1,65,71,55,90,56.0,0,0,0,0,0,0,20726754515.922543,414618000.0,1.36,0.384,3391730,4330884,1,68.0,5.3,2026-09-25
954,NOG,Energy,Oil & Gas E&P,NYSE,2157503,23.14,96.62,-8,-66,-25.76,35.9,46.3,-6.5,-7.9,-1.1,-2.0,65,73,15,79,20.2,0,0,0,0,0,0,2669055575.1094666,106549128.0,0.24229999,0.16,2148940,2351114,0,46.8,31.0,2026-09-25
955,STRL,Industrials,Engineering & Construction,NASDAQ,561746,512.0,96.58,-1,30,-49.09,81.2,32.4,3.3,5.1,-5.7,-3.6,65,66,97,95,66.0,0,0,0,0,0,0,15865652292.203005,30588518.0,0.045700002,0.901,595610,698354,2,81.0,-8.9,2026-09-25
956,GNW,Financial Services,Insurance - Life,NYSE,3688073,9.63,96.56,0,-4,-9.92,19.0,56.8,-6.5,-6.7,-5.6,4.1,65,65,61,43,32.3,0,0,0,0,0,0,3797402993.919366,377851037.0,0.0378,0.053,5267520,3398150,0,50.3,21.2,2026-09-25
957,UMBF,Financial Services,Banks - Regional,NASDAQ,562306,133.85,96.55,-7,-1,-12.7,29.8,64.5,-0.9,-3.1,-5.8,4.3,65,72,78,55,42.0,0,0,0,0,0,0,10216798360.093536,75950030.0,0.0535,0.122,725110,587024,0,61.8,17.8,2026-09-25
958,BNTX,Healthcare,Biotechnology,NASDAQ,1434163,98.46,96.54,1,-29,-20.6,18.3,43.4,1.8,-1.3,1.7,1.7,65,64,34,36,27.4,0,0,0,0,0,0,24130690784.66809,251204366.0,0.0345,-0.595,865940,1247142,0,40.4,26.9,2026-09-25
959,DB,Financial Services,Banks - Regional,NYSE,1848626,35.87,96.51,-2,-13,-13.82,25.6,55.0,-7.2,-9.8,-6.2,0.9,65,67,56,39,24.4,0,0,0,0,0,0,71364419139.86206,1879000000.0,0.0034,0.087,2011010,1868324,0,46.6,28.0,2026-09-25
960,VZ,Communication Services,Telecom Services,NYSE,19577566,46.52,96.48,0,-23,-9.98,23.2,68.4,-2.9,-4.3,-1.5,2.3,65,65,42,77,38.0,0,0,0,0,0,0,199803140098.1484,4154775202.0,0.0198,-0.007,24391380,22230042,0,55.5,13.4,2026-09-25
961,JANX,Healthcare,Biotechnology,NASDAQ,914890,16.52,96.48,9,-19,-53.25,36.9,19.9,-1.0,-7.4,-1.6,11.5,65,56,28,21,9.3,0,0,0,0,0,0,1014259073.3987312,61136773.0,0.127,,1031390,841334,0,28.6,33.2,2026-09-25
962,ALSN,Consumer Cyclical,Auto Parts,NYSE,776663,114.59,96.47,-18,-32,-16.73,42.2,59.0,-6.2,-9.1,-7.9,-3.6,65,83,69,81,56.3,0,0,0,0,0,0,9669888123.795914,82578038.0,0.0465,0.924,886210,819958,0,72.3,15.2,2026-09-25
963,DNLI,Healthcare,Biotechnology,NASDAQ,1351493,20.46,96.46,-19,-13,-25.05,56.9,52.4,-0.3,-6.4,-11.8,-2.4,65,84,90,83,74.1,0,0,0,0,0,0,3152190677.401499,159847403.0,0.109799996,,1772170,1514412,1,82.8,4.6,2026-09-25
964,RTX,Industrials,Aerospace & Defense,NYSE,4086890,192.19,96.43,-8,-23,-15.29,20.1,46.2,-3.1,-5.6,-9.3,-3.0,65,73,58,79,47.7,0,0,0,0,0,0,261465079936.0,1347758144.0,0.0092,0.145,4197230,4580900,0,64.4,12.9,2026-09-25
965,FAF,Financial Services,Insurance - Specialty,NYSE,746756,68.09,96.41,4,3,-14.75,15.4,39.2,-6.9,-8.9,-10.0,-2.4,65,61,60,42,27.1,0,0,0,0,0,0,7105138626.098633,102100000.0,0.0682,0.15,905330,759034,0,47.5,20.8,2026-09-25
966,ASM,Basic Materials,Other Precious Metals & Mining,NYSE ARCA,4266376,6.04,96.4,-17,-31,-49.62,42.8,24.9,-5.8,-13.7,-10.1,-15.7,65,82,68,93,53.9,0,0,0,0,0,0,1083676648.4183931,169855271.0,0.039100002,0.228,3783170,3950880,1,74.2,13.2,2026-09-25
967,ESI,Basic Materials,Specialty Chemicals,NYSE,4704600,35.47,96.39,6,38,-27.98,50.1,44.1,3.4,0.2,-4.7,-3.2,65,59,91,88,58.5,0,0,0,0,0,0,7976003503.667152,243690914.0,0.0402,0.564,4988360,4820150,1,74.1,-8.8,2026-09-25
968,CCK,Consumer Cyclical,Packaging & Containers,NYSE,864273,109.73,96.39,-7,-21,-10.72,17.2,48.5,-4.5,-6.7,-9.2,-1.3,65,72,58,54,41.1,0,0,0,0,0,0,11876647469.28926,108760511.0,0.028199999,0.165,1080230,966736,0,56.3,20.4,2026-09-25
969,CME,Financial Services,Financial Data & Stock Exchanges,NASDAQ,1871850,270.8,96.38,27,8,-17.73,23.0,46.7,-1.9,-3.2,0.3,-3.5,65,38,19,70,30.5,0,0,0,0,0,0,99247475892.14624,359579263.0,0.0175,0.008,1793040,2089098,0,39.4,-0.7,2026-09-25
970,CB,Financial Services,Insurance - Property & Casualty,NYSE,1672240,335.21,96.38,2,1,-8.39,24.8,69.9,-1.3,-1.4,-3.0,1.8,65,63,62,68,51.9,0,0,0,0,0,0,131418869621.12512,385799859.0,0.0085,0.061,1630270,1801682,0,61.2,4.7,2026-09-25
971,GME,Consumer Cyclical,Specialty Retail,NYSE,7716210,24.2,96.35,45,57,-13.88,40.0,72.8,9.9,19.9,23.6,12.7,65,20,32,52,20.3,0,0,0,0,0,0,11421902105.677032,504500990.0,0.1391,-0.187,9532100,7175464,0,31.1,-7.7,2026-09-25
972,ARCC,Financial Services,Asset Management,NASDAQ,4176486,19.15,96.33,9,-11,-10.76,9.6,46.9,-1.8,-2.9,-2.0,-0.6,65,56,36,34,18.8,0,0,0,0,0,0,13929642919.096022,718022845.0,0.0577,0.031,4880090,4377794,0,36.2,25.0,2026-09-25
973,VALE,Basic Materials,Other Industrial Metals & Mining,NYSE,28453446,13.82,96.33,-2,6,-22.97,26.7,40.2,-5.8,-8.7,-7.4,-11.3,65,67,75,90,53.6,0,0,0,0,0,0,60474389649.81447,4255762807.0,0.010299999,0.064,30536080,25944446,1,71.4,1.3,2026-09-25
974,CFG,Financial Services,Banks - Regional,NYSE,3342500,64.61,96.28,-13,-11,-14.23,33.8,62.0,-4.6,-6.0,-8.7,-0.3,65,78,80,78,52.1,0,0,0,0,0,0,28235692253.118862,421176788.0,0.0001,0.147,4059280,3700376,0,72.0,12.8,2026-09-25
975,ACAD,Healthcare,Biotechnology,NASDAQ,1514870,25.43,96.26,-16,-36,-17.86,10.6,20.2,-16.7,-19.7,-19.5,-9.8,65,81,61,55,17.8,0,0,0,0,0,0,4702217743.970413,172305518.0,0.08930001,0.164,1707280,1609404,0,53.7,38.8,2026-09-25
976,ARHS,Consumer Cyclical,Specialty Retail,NASDAQ,1229366,9.02,96.2,-5,-28,-25.33,64.7,60.8,16.5,13.1,11.3,12.4,65,70,47,18,15.1,0,0,0,0,0,0,1102597093.160675,141540064.0,0.1205,0.074,1392790,1334200,0,37.5,40.2,2026-09-25
977,CCEP,Consumer Defensive,Beverages - Non-Alcoholic,NASDAQ,1725296,99.69,96.19,-5,-14,-12.3,17.4,56.6,-1.4,-4.1,-5.6,2.0,65,70,61,53,42.8,0,0,0,0,0,0,43946883570.761314,440481959.0,0.070300005,0.044,2070710,1850340,0,56.7,17.9,2026-09-25
978,REXR,Real Estate,REIT - Industrial,NYSE,2516393,38.15,96.16,22,13,-14.04,17.0,46.8,-0.7,0.9,1.7,3.2,65,43,34,30,17.6,0,0,0,0,0,0,8560513944.25885,222988124.0,0.0543,-0.016,3353820,2779188,0,31.1,16.2,2026-09-25
979,FRPT,Consumer Defensive,Packaged Foods,NASDAQ,1125680,59.21,96.13,-19,-68,-31.15,23.0,28.7,-5.8,-11.9,-11.3,-8.6,65,84,35,35,43.4,0,0,0,0,0,0,2952688000.5622787,48058074.0,0.19299999,0.155,1145910,1223962,0,49.3,35.0,2026-09-25
980,CBOE,Financial Services,Financial Data & Stock Exchanges,BATS,1000853,268.87,96.11,12,-9,-27.56,15.6,26.7,-2.4,-7.1,-7.5,-6.6,65,53,32,75,42.3,0,0,0,0,0,0,28495046314.588745,104431019.0,0.0298,0.229,1019000,1025892,0,50.6,3.1,2026-09-25
981,HASI,Financial Services,Asset Management,NYSE,1051450,36.21,96.1,-1,8,-17.95,30.5,54.2,-1.7,-5.2,-7.2,-3.9,65,66,75,81,54.0,0,0,0,0,0,0,4719650307.879295,128495790.0,0.1469,8.044,982700,995242,0,69.0,2.1,2026-09-25
982,ENR,Industrials,Electrical Equipment & Parts,NYSE,956353,22.0,96.09,5,14,-23.93,36.8,58.2,5.2,4.7,3.9,10.2,64,59,68,21,12.9,0,0,0,0,0,0,1464180101.5862446,68483637.0,0.106300004,0.012,982210,1035150,0,40.2,29.7,2026-09-25
983,SBRA,Real Estate,REIT - Healthcare Facilities,NASDAQ,2294296,19.69,96.09,11,10,-13.53,14.7,49.2,-1.9,-3.4,-4.5,-0.8,64,53,52,66,34.6,0,0,0,0,0,0,5042834744.969215,255462756.0,0.103999995,0.253,2752160,2665398,0,51.4,6.7,2026-09-25
984,IREN,Financial Services,Capital Markets,NASDAQ,42797333,47.05,96.06,25,77,-38.79,57.5,35.8,2.5,7.1,12.5,1.2,64,39,91,96,39.5,0,0,0,0,0,0,18394657902.25716,394058650.0,0.2446,-0.267,36159250,44442906,2,66.4,-16.9,2026-09-25
985,SCHW,Financial Services,Capital Markets,NYSE,8129960,99.5,96.01,-14,-60,-13.12,16.6,50.0,-4.7,-6.5,-6.8,1.3,64,78,32,55,33.6,0,0,0,0,0,0,182012583898.5,1729335714.0,0.01,0.209,9451130,8155766,0,49.6,31.4,2026-09-25
986,SPG,Real Estate,REIT - Retail,NYSE,1254356,204.16,95.99,-6,2,-14.4,18.1,49.5,0.1,-1.7,-6.2,0.8,64,70,78,66,42.2,0,0,0,0,0,0,66433241989.62067,323559515.0,0.0,0.195,1421770,1326902,0,64.0,13.9,2026-09-25
987,WERN,Industrials,Trucking,NASDAQ,857346,34.41,95.97,-8,8,-27.54,44.6,42.8,-7.3,-10.6,-13.9,-6.9,64,72,88,58,54.6,0,0,0,0,0,0,2139385044.6985476,59977156.0,0.122200005,0.24,963210,1091972,0,68.1,9.9,2026-09-25
988,AM,Energy,Oil & Gas Midstream,NYSE,2400090,21.38,95.89,-1,0,-10.3,23.8,63.3,-1.0,-3.5,-3.9,0.2,64,65,66,83,42.7,0,0,0,0,0,0,10058342313.503263,474674000.0,0.0336,0.083,2720210,2353564,0,64.2,7.5,2026-09-25
989,MA,Financial Services,Credit Services,NYSE,2689936,559.92,95.88,-4,-42,-6.87,20.0,73.7,-0.2,-1.7,-0.4,6.4,64,68,30,32,23.2,0,0,0,0,0,0,495155849930.8154,876009940.0,0.0087,0.141,2573560,2849286,0,38.3,33.4,2026-09-25
990,ICE,Financial Services,Financial Data & Stock Exchanges,NYSE,3215233,156.35,95.84,13,-21,-11.19,27.7,65.2,0.6,-0.8,2.1,1.1,64,51,17,38,19.5,0,0,0,0,0,0,87280001579.186,561394487.0,0.0107,0.048,2962110,3610636,0,31.4,21.7,2026-09-25
991,DLO,Technology,Software - Infrastructure,NASDAQ,2326063,14.06,95.83,-13,-51,-16.21,26.1,59.5,-3.7,-6.2,-5.6,2.7,64,77,39,69,18.6,0,0,0,0,0,0,4181564391.1554766,294269133.0,0.14220001,0.558,1386970,2041374,0,50.9,34.6,2026-09-25
992,FPS,Industrials,Electrical Equipment & Parts,NYSE,8391070,39.88,95.79,38,106,-39.58,39.3,30.0,8.4,17.1,10.9,,64,26,94,50,,0,0,0,0,0,0,10827348210.354408,274527094.0,0.2069,0.943,15123310,8607470,1,56.7,,2026-09-25
993,WFRD,Energy,Oil & Gas Equipment & Services,NASDAQ,959036,84.66,95.79,13,24,-25.18,36.9,45.4,-0.6,-5.9,-4.9,-9.6,64,51,62,90,58.6,0,0,0,0,0,0,5866137803.824951,71512104.0,0.0687,-0.082,1070460,1104032,1,65.4,-12.7,2026-09-25
994,JPM,Financial Services,Banks - Diversified,NYSE,6747253,337.53,95.78,-10,-25,-7.9,19.7,67.7,-2.6,-3.8,-4.2,5.4,64,74,59,53,36.7,0,0,0,0,0,0,929488002499.068,2658186195.0,0.01,0.304,9123990,7048620,0,55.7,24.4,2026-09-25
995,ABEO,Healthcare,Biotechnology,NASDAQ,1686326,5.53,95.78,1,-1,-27.71,30.2,38.3,-1.2,-5.0,-12.4,-2.1,64,63,61,30,26.0,0,0,0,0,0,0,318514984.5062871,57184017.0,0.2845,27.45,1935650,1443790,0,45.0,25.3,2026-09-25
996,PYPL,Financial Services,Credit Services,NASDAQ,12792670,52.51,95.76,-12,-69,-33.71,34.6,36.5,-0.8,-2.2,-7.4,4.2,64,76,19,18,11.9,0,0,0,0,0,0,44834704275.80703,855460874.0,0.0437,0.048,13179040,14961370,0,31.2,49.3,2026-09-25
997,GTES,Industrials,Specialty Industrial Machinery,NYSE,1715800,26.36,95.73,12,36,-13.12,24.8,59.3,2.0,2.0,-1.4,4.2,64,52,76,59,30.0,0,0,0,0,0,0,6483201618.211212,253151170.0,0.053200003,0.066,1996630,1889852,0,54.3,7.2,2026-09-25
998,NCNO,Technology,Software - Application,NASDAQ,2621993,19.23,95.71,-2,-50,-37.24,42.5,38.9,-5.2,-8.6,-0.7,5.5,64,66,18,10,8.2,0,0,0,0,0,0,2225746382.029701,105736174.0,0.1824,0.082,2401900,2381498,0,25.5,44.9,2026-09-25
999,FITB,Financial Services,Banks - Regional,NYSE,5317330,51.69,95.71,-8,-3,-13.13,27.5,58.4,-3.5,-4.5,-7.7,-0.1,64,72,77,66,43.7,0,0,0,0,0,0,47983685422.85918,906892564.0,0.0,0.518,6153520,5551708,0,64.7,14.9,2026-09-25
1000,APD,Basic Materials,Specialty Chemicals,NYSE,1045476,286.97,95.69,3,-13,-8.86,23.3,64.4,-0.9,-3.8,-4.5,0.0,64,61,45,68,25.9,0,0,0,0,0,0,63282772284.40247,222685530.0,0.0185,0.046,1281880,1070780,0,50.0,17.8,2026-09-25
1001,FHI,Financial Services,Asset Management,NYSE,623900,57.56,95.68,-12,-28,-14.35,21.3,55.7,-1.3,-5.1,-6.3,0.9,64,76,60,77,38.2,0,0,0,0,0,0,4263101931.177452,74660281.0,0.061,0.183,818600,593212,0,62.8,20.3,2026-09-25
1002,ASB,Financial Services,Banks - Regional,NYSE,1905150,28.68,95.68,-6,-1,-11.65,20.6,60.3,-2.1,-3.7,-5.6,2.7,64,70,75,63,41.6,0,0,0,0,0,0,5601280857.123829,188849659.0,0.0001,0.235,2577000,1892978,0,62.4,15.1,2026-09-25
1003,ONB,Financial Services,Banks - Regional,NASDAQ,3571106,24.74,95.65,-1,3,-9.58,28.0,71.4,-1.2,-1.8,-4.1,3.1,64,65,69,54,44.0,0,0,0,0,0,0,9667544075.126648,382570000.0,0.0583,0.288,4563680,4097026,0,58.0,12.3,2026-09-25
1004,LAUR,Consumer Defensive,Education & Training Services,NASDAQ,944193,36.72,95.64,-9,-12,-10.27,32.0,79.7,5.0,3.6,2.6,9.1,64,73,70,82,52.7,0,0,0,0,0,0,4976884523.93219,137749360.0,0.0355,0.175,926030,998180,0,69.4,8.7,2026-09-25
1005,XYZ,Technology,Software - Infrastructure,NYSE,4043510,74.68,95.63,-15,-21,-14.08,56.3,77.3,-1.0,-3.7,-4.5,10.1,64,79,73,38,26.1,0,0,0,0,0,0,45828641866.60767,600795000.0,0.0276,0.093,3838370,4566384,0,54.0,35.3,2026-09-25
1006,PFS,Financial Services,Banks - Regional,NYSE,795850,22.42,95.62,-4,0,-12.04,27.6,65.2,-1.7,-2.5,-5.1,1.4,64,68,72,74,44.2,0,0,0,0,0,0,3007545501.4268074,130422618.0,0.0587,0.038,951760,906166,0,64.6,10.3,2026-09-25
1007,OHI,Real Estate,REIT - Healthcare Facilities,NYSE,1932103,46.17,95.58,13,29,-11.87,17.6,56.2,-1.1,-0.9,-3.2,-0.3,64,51,67,70,41.8,0,0,0,0,0,0,14138586533.763884,303013000.0,0.0431,0.112,2451110,1943906,0,57.5,-0.8,2026-09-25
1008,CTAS,Industrials,Specialty Business Services,NASDAQ,1854816,191.97,95.55,1,-34,-12.41,20.9,64.4,-0.2,-1.1,-2.3,5.3,64,63,28,28,23.9,0,0,0,0,0,0,79089511791.79588,400169561.0,0.038900003,0.089,2223500,2179424,0,35.7,30.1,2026-09-25
1009,NWS,Communication Services,Entertainment,NASDAQ,1238506,31.22,95.54,-8,-49,-12.7,23.0,61.1,-3.9,-6.0,-4.2,4.9,64,72,31,34,19.7,0,0,0,0,0,0,17518325243.71145,536056459.0,0.1016,0.108,1438720,1183694,0,39.2,37.8,2026-09-25
1010,WMB,Energy,Oil & Gas Midstream,NYSE,7446563,71.11,95.53,8,21,-11.2,24.9,61.5,-1.6,-3.6,-3.0,-0.4,64,56,69,80,46.4,0,0,0,0,0,0,88129220090.41089,1223167472.0,0.0241,0.078,8275820,7193398,0,62.9,-1.3,2026-09-25
1011,M,Consumer Cyclical,Department Stores,NYSE,6336126,22.24,95.53,-15,-4,-16.36,35.1,59.8,1.7,0.8,-4.4,3.3,64,79,90,73,59.9,0,0,0,0,0,0,5730215752.723377,261176646.0,0.1379,0.012,8389460,5681212,1,75.5,9.7,2026-09-25
1012,ESNT,Financial Services,Insurance - Specialty,NYSE,673053,65.45,95.47,0,-13,-6.99,15.1,61.1,-4.4,-5.5,-4.9,2.0,64,64,51,39,26.3,0,0,0,0,0,0,6038768659.423828,89876000.0,0.038900003,0.136,848400,613266,0,45.1,25.2,2026-09-25
1013,ITW,Industrials,Specialty Industrial Machinery,NYSE,1128440,273.42,95.47,3,-6,-9.81,12.8,52.8,1.2,0.3,-2.8,1.4,64,61,52,61,32.1,0,0,0,0,0,0,76730819824.21875,284800000.0,0.0309,0.061,1399580,1282512,0,51.5,15.4,2026-09-25
1014,QGEN,Healthcare,Diagnostics & Research,NYSE,2615853,43.71,95.45,25,15,-24.4,36.6,51.8,3.0,2.9,4.5,4.8,63,38,28,34,23.7,0,0,0,0,0,0,8947428728.103638,206495000.0,0.041199997,0.003,1718420,2548334,0,30.9,8.9,2026-09-25
1015,TROW,Financial Services,Asset Management,NASDAQ,1397840,104.57,95.44,-3,-2,-14.29,21.0,50.9,-0.4,-3.0,-6.8,0.4,63,66,67,38,25.9,0,0,0,0,0,0,22218979717.18597,213315850.0,0.1427,0.107,1681820,1663196,0,49.2,25.5,2026-09-25
1016,HAS,Consumer Cyclical,Leisure,NASDAQ,1497026,86.52,95.43,-1,-11,-19.13,22.4,45.3,-2.4,-4.6,-5.0,-3.7,63,64,54,82,45.4,0,0,0,0,0,0,12351263932.146645,141044467.0,0.058000002,0.162,1598810,1885888,0,61.3,6.7,2026-09-25
1017,IT,Technology,Information Technology Services,NYSE,1218556,178.52,95.37,-2,-57,-32.85,42.6,38.7,-3.0,-4.0,2.3,2.6,63,65,10,9,9.0,0,0,0,0,0,0,11731816684.193848,63148976.0,0.17860001,-0.006,1208200,1345314,0,23.2,44.7,2026-09-25
1018,ACN,Technology,Information Technology Services,NYSE,5166603,183.52,95.34,35,15,-36.95,42.6,32.3,-4.5,-4.5,2.1,-10.8,63,28,8,19,10.7,0,0,0,0,0,0,110938980832.11195,611942109.0,0.0464,0.056,5125730,6096460,0,16.4,12.5,2026-09-25
1019,ACIW,Technology,Software - Infrastructure,NASDAQ,804480,49.22,95.3,-11,-28,-19.42,29.0,51.4,-2.6,-4.3,-7.9,6.6,63,74,57,27,20.9,0,0,0,0,0,0,5075020011.283642,100955241.0,0.09020001,0.073,799910,960852,0,44.7,37.6,2026-09-25
1020,DOW,Basic Materials,Chemicals,NYSE,8552713,28.65,95.27,-3,-21,-32.97,38.3,37.3,-1.9,-3.7,-5.3,-10.3,63,66,48,93,52.2,0,0,0,0,0,0,20752848296.368664,722340711.0,0.0579,0.197,9447390,9151870,1,64.8,3.3,2026-09-25
1021,HRI,Industrials,Rental & Leasing Services,NYSE,660190,137.23,95.25,-10,-6,-27.14,43.8,44.3,-5.7,-8.2,-14.5,-7.7,63,73,77,20,32.7,0,0,0,0,0,0,4521936931.795593,33431444.0,0.087299995,0.202,1173740,622288,0,50.7,30.3,2026-09-25
1022,FR,Real Estate,REIT - Industrial,NYSE,859683,61.07,95.25,4,13,-12.61,22.1,59.7,-0.2,-0.6,-3.6,0.0,63,59,68,69,47.3,0,0,0,0,0,0,8193007961.654869,132572946.0,0.0421,0.084,1099900,983814,0,60.8,2.9,2026-09-25
1023,ATHM,Communication Services,Internet Content & Information,NYSE,716116,21.35,95.23,1,-37,-27.63,30.0,38.0,-0.4,-1.9,-3.5,4.6,63,62,24,17,9.8,0,0,0,0,0,0,2416285660.058941,115170911.0,0.0551,-0.319,587830,744832,0,28.2,38.9,2026-09-25
1024,DD,Basic Materials,Specialty Chemicals,NYSE,1199050,130.88,95.2,5,21,-17.15,40.8,60.7,1.5,-0.5,-4.5,-5.2,63,58,74,85,60.3,0,0,0,0,0,0,17421893462.936783,135042975.0,0.040599998,0.04,1195080,1414022,0,69.3,-8.1,2026-09-25
1025,BALL,Consumer Cyclical,Packaging & Containers,NYSE,1788623,58.82,95.19,-6,-14,-13.87,22.1,48.0,-5.4,-7.6,-9.3,-5.2,63,69,61,71,45.7,0,0,0,0,0,0,15921907327.455269,264703357.0,0.0343,0.197,2119170,1884388,0,61.7,12.1,2026-09-25
1026,CRCL,Financial Services,Capital Markets,NYSE,15679796,91.72,95.19,28,8,-42.48,85.1,42.7,2.7,0.8,17.7,8.1,63,35,15,36,9.3,0,0,0,0,0,0,23300728048.27292,253875881.0,0.089499995,0.066,16904030,14108448,0,23.8,14.6,2026-09-25
1027,KMI,Energy,Oil & Gas Midstream,NYSE,12315436,31.37,95.19,10,17,-9.88,20.9,63.9,0.2,-0.7,-1.5,-0.3,63,53,60,79,44.4,0,0,0,0,0,0,70901378853.54303,2226802089.0,0.025,0.108,14986010,11407894,0,59.1,-1.6,2026-09-25
1028,HCSG,Healthcare,Medical Care Facilities,NASDAQ,646026,21.25,95.18,-12,-3,-17.48,38.1,57.2,-3.0,-4.1,-6.8,-0.2,63,75,84,78,57.9,0,0,0,0,0,0,1473533329.8140068,68632202.0,0.0507,0.027,660740,715720,0,73.7,7.1,2026-09-25
1029,OR,Basic Materials,Gold,NYSE,1008623,36.07,95.15,11,-9,-24.95,27.4,39.1,-0.7,-2.5,6.0,-3.3,63,52,32,82,22.8,0,0,0,0,0,0,6881536525.6029625,187303653.0,2.93,0.62,941970,1016114,0,47.2,10.6,2026-09-25
1030,UGI,Utilities,Utilities - Regulated Gas,NYSE,2515193,36.62,95.13,5,-14,-11.42,14.6,52.0,-3.2,-4.0,-1.7,-0.9,63,58,39,63,39.9,0,0,0,0,0,0,8077880424.490665,214494967.0,0.0633,-0.045,2403150,2016786,0,50.0,10.0,2026-09-25
1031,LYV,Communication Services,Entertainment,NYSE,1875870,169.03,95.12,-8,-10,-10.68,36.2,72.3,0.8,-1.4,-4.2,5.1,63,71,69,61,31.2,0,0,0,0,0,0,38932191338.10242,232959505.0,0.1534,0.094,2168160,1945900,0,58.0,22.1,2026-09-25
1032,OPLN,Consumer Cyclical,Auto & Truck Dealerships,NYSE,1437560,34.19,95.05,-4,19,-20.3,40.9,54.4,-0.7,-1.2,-5.7,3.8,63,67,90,71,48.8,0,0,0,0,0,0,4183334329.4291496,122069865.0,0.0328,0.151,1134240,1222644,1,69.2,6.0,2026-09-25
1033,RES,Energy,Oil & Gas Equipment & Services,NYSE,1625496,5.85,94.99,7,1,-28.31,39.5,44.3,-2.3,-5.6,-2.8,-6.9,63,56,50,86,58.2,0,0,0,0,0,0,1298910119.914404,221657012.0,0.2691,0.095,2095420,1532314,0,62.5,-6.5,2026-09-25
1034,COIN,Financial Services,Financial Data & Stock Exchanges,NASDAQ,10580580,198.13,94.99,36,22,-50.73,41.2,23.6,6.5,8.2,17.4,6.1,63,27,13,18,7.6,0,0,0,0,0,0,51250322292.75,263836923.0,0.1245,-0.173,11933390,9461386,0,16.4,12.9,2026-09-25
1035,SSB,Financial Services,Banks - Regional,NYSE,681393,101.62,94.86,-3,-11,-9.43,19.4,63.1,-2.1,-3.0,-3.9,2.5,62,65,57,44,28.6,0,0,0,0,0,0,10031046033.714231,96974534.0,0.033,-0.001,616680,776772,0,48.7,23.2,2026-09-25
1036,ULTA,Consumer Cyclical,Specialty Retail,NASDAQ,667023,543.81,94.86,25,18,-23.94,21.7,38.3,0.9,0.8,4.5,-1.6,62,37,30,60,33.5,0,0,0,0,0,0,23256356625.14502,42989311.0,0.0525,0.089,560140,629316,0,40.1,-2.1,2026-09-25
1037,TOWN,Financial Services,Banks - Regional,NASDAQ,508336,36.07,94.84,-2,-7,-7.58,13.7,65.0,-1.5,-1.8,-2.4,2.6,62,64,59,50,28.7,0,0,0,0,0,0,3427574326.2577057,92437275.0,4.95,1.178,525860,587450,0,50.4,21.0,2026-09-25
1038,INN,Real Estate,REIT - Hotel & Motel,NYSE,876440,5.67,94.72,-16,-6,-20.92,41.9,55.6,0.8,-0.5,-8.1,6.3,62,78,88,33,26.4,0,0,0,0,0,0,602900874.6271324,107853463.0,0.0001,0.032,809440,874088,0,56.4,33.8,2026-09-25
1039,BKH,Utilities,Utilities - Regulated Gas,NYSE,834036,70.51,94.69,11,30,-10.4,17.5,60.2,-1.3,-2.8,-4.1,-3.7,62,51,70,71,48.0,0,0,0,0,0,0,5372033550.743881,76253141.0,0.18100001,0.031,1036980,811186,0,60.0,-4.4,2026-09-25
1040,ALL,Financial Services,Insurance - Property & Casualty,NYSE,1775880,225.66,94.59,-16,-26,-18.6,19.6,43.7,-8.2,-10.2,-11.6,1.4,62,78,68,52,39.1,0,0,0,0,0,0,63171502111.496735,252857950.0,0.0,0.118,2184690,1739680,0,59.3,25.7,2026-09-25
1041,USA,Financial Services,Asset Management,NYSE,1179125,5.86,94.56,8,-7,-10.67,7.8,39.3,-0.7,-1.5,-1.4,-1.4,62,54,39,35,17.1,0,0,0,0,0,0,1800001068.550541,308219353.0,0.0002,-0.058,1350466,1298489,0,36.3,23.7,2026-09-25
1042,ECAT,Financial Services,Asset Management,NYSE,558513,14.27,94.55,1,4,-14.7,5.2,21.5,-1.8,-5.0,-7.1,-7.1,62,61,64,41,15.2,0,0,0,0,0,0,1428364854.370267,99468307.0,0.0018000001,,729601,538462,0,45.3,26.6,2026-09-25
1043,BEKE,Real Estate,Real Estate Services,NYSE,4733183,16.59,94.51,10,-18,-19.66,17.0,40.8,1.4,-2.2,-2.0,-0.5,62,52,24,30,15.5,0,0,0,0,0,0,17929996680.517784,1101351101.0,0.0515,-0.057,5008730,4120056,0,30.4,25.5,2026-09-25
1044,LMT,Industrials,Aerospace & Defense,NYSE,1108613,524.68,94.5,1,-25,-24.18,19.2,35.6,-1.4,-2.7,-6.0,-6.7,62,61,35,83,37.7,0,0,0,0,0,0,123099172962.04796,230790753.0,0.0139,0.105,1277970,1164422,0,54.2,9.9,2026-09-25
1045,ETD,Consumer Cyclical,"Furnishings, Fixtures & Appliances",NYSE,618193,21.02,94.49,5,-21,-29.01,12.7,22.0,-2.2,-5.6,-7.7,-6.4,62,57,31,32,10.1,0,0,0,0,0,0,539585585.3844032,25202503.0,0.154,-0.085,497000,559142,0,32.5,31.0,2026-09-25
1046,SRPT,Healthcare,Biotechnology,NASDAQ,3039723,18.95,94.45,15,-8,-25.16,23.8,36.8,-8.3,-11.7,-1.1,-4.4,62,47,24,39,25.4,0,0,0,0,0,0,2124159456.7796173,105627021.0,0.2794,-0.343,2981040,3133870,0,33.9,14.7,2026-09-25
1047,NCI,Consumer Cyclical,Apparel Manufacturing,NASDAQ,900456,14.6,94.39,-20,-94,-86.78,270.4,11.6,8.5,10.8,16.3,-14.2,62,82,8,72,19.8,0,0,0,0,0,0,35852018.816082,2579282.0,0.060399998,-0.508,959470,725530,0,45.4,40.5,2026-09-25
1048,MDLZ,Consumer Defensive,Confectioners,NASDAQ,7523353,61.44,94.37,3,-9,-7.82,18.2,69.4,-1.4,-1.7,-2.0,2.4,62,59,47,41,22.6,0,0,0,0,0,0,77663343320.95847,1276308057.0,0.028199999,0.041,8436750,8425742,0,42.4,23.0,2026-09-25
1049,BCAT,Financial Services,Asset Management,NYSE,925846,13.95,94.28,-10,-9,-13.89,0.3,1.7,-3.9,-8.7,-10.6,-8.3,61,71,72,68,21.0,0,0,0,0,0,0,1517820886.8107033,105845249.0,2.18,,1636380,856606,0,58.0,25.5,2026-09-25
1050,PLD,Real Estate,REIT - Industrial,NYSE,3190343,133.96,94.24,1,8,-12.64,20.3,58.2,-0.8,-2.3,-5.0,-2.9,61,60,67,73,46.8,0,0,0,0,0,0,128142948400.25523,950333372.0,0.021300001,0.123,3672130,4213740,0,61.7,3.3,2026-09-25
1051,ON,Technology,Semiconductors,NASDAQ,9220293,74.1,94.23,13,56,-45.08,62.9,31.7,2.3,1.3,-6.6,-8.2,61,48,91,81,67.3,0,0,0,0,0,0,27244517844.65673,389318613.0,0.1066,0.092,12801370,9702582,1,71.8,-20.5,2026-09-25
1052,DLR,Real Estate,REIT - Specialty,NYSE,2042746,181.45,94.2,4,11,-12.82,22.4,59.1,-1.0,-2.3,-3.7,0.3,61,57,64,74,31.2,0,0,0,0,0,0,67566286349.72278,370998727.0,0.0,0.299,2084530,2407598,0,56.6,8.8,2026-09-25
1053,BULL,Technology,Software - Application,NASDAQ,17534596,7.65,94.2,-13,-55,-52.31,56.8,24.1,-11.3,-17.7,-11.5,1.6,61,74,32,7,5.7,0,0,0,0,0,0,4451868300.0,539620400.0,0.0718,0.519,14737220,13978278,0,29.7,51.7,2026-09-25
1054,KHC,Consumer Defensive,Packaged Foods,NYSE,19989756,23.79,94.15,7,-1,-15.31,12.5,41.3,-2.2,-4.0,-5.9,-0.5,61,54,46,33,17.9,0,0,0,0,0,0,28969674769.82469,1185823758.0,0.1149,-0.014,29112430,18068008,0,37.7,23.1,2026-09-25
1055,SON,Consumer Cyclical,Packaging & Containers,NYSE,1071520,50.63,94.14,-15,-22,-16.55,27.2,50.2,2.2,-2.6,-9.1,-3.4,61,76,69,81,37.4,0,0,0,0,0,0,4829055161.607128,98875003.0,0.1311,-0.013,1349900,1135448,0,65.8,19.0,2026-09-25
1056,CHD,Consumer Defensive,Household & Personal Products,NYSE,1766323,96.02,94.1,3,2,-9.45,16.8,58.0,0.4,-1.9,-3.5,-0.3,61,58,57,56,38.9,0,0,0,0,0,0,22475070188.25,237203907.0,0.0571,0.016,1968150,1828280,0,52.5,10.0,2026-09-25
1057,DEC,Energy,Oil & Gas Integrated,NYSE,899196,13.89,94.09,9,-20,-26.51,12.9,27.5,-1.8,-4.7,-0.7,-2.7,61,52,23,83,27.6,0,0,0,0,0,0,948586295.3437538,69088589.0,0.0929,0.247,1007980,875850,0,46.4,8.9,2026-09-25
1058,RRC,Energy,Oil & Gas E&P,NYSE,2405766,38.77,94.06,2,-29,-19.75,17.1,40.2,-1.6,-4.2,-1.8,-0.5,61,59,28,78,41.3,0,0,0,0,0,0,8982640235.690022,233679515.0,0.1267,0.086,2899440,2738762,0,51.6,8.1,2026-09-25
1059,BXSL,Financial Services,Asset Management,NYSE,1318730,24.61,94.06,8,-12,-13.92,7.0,29.8,-0.6,-0.5,1.4,-0.0,61,53,33,34,17.7,0,0,0,0,0,0,5786976400.4684105,232970063.0,0.0475,-0.071,1302290,1452386,0,34.4,23.5,2026-09-25
1060,FIBK,Financial Services,Banks - Regional,NASDAQ,1054820,36.02,94.05,-3,5,-11.28,24.6,66.0,-1.2,-1.4,-3.3,0.7,61,64,72,66,40.3,0,0,0,0,0,0,3559626926.0267105,95304607.0,0.1551,0.074,1414190,1166348,0,60.6,10.7,2026-09-25
1061,BLK,Financial Services,Asset Management,NYSE,550430,1060.89,94.04,0,-30,-13.04,16.3,53.8,0.8,-2.3,-3.2,1.1,61,61,31,36,21.5,0,0,0,0,0,0,165676040430.20532,154869259.0,0.0126,0.306,552270,645560,0,37.4,27.8,2026-09-25
1062,URBN,Consumer Cyclical,Apparel Retail,NASDAQ,1239926,74.82,94.03,3,-1,-12.42,25.5,65.1,-1.5,-4.1,-2.1,3.4,61,58,54,37,31.4,0,0,0,0,0,0,6425370359.799889,85660181.0,0.121199995,0.104,1060590,1135374,0,45.1,17.9,2026-09-25
1063,SBCF,Financial Services,Banks - Regional,NASDAQ,818603,32.42,94.0,-3,-4,-10.61,14.0,54.8,-2.4,-3.2,-4.2,1.1,61,64,63,61,34.8,0,0,0,0,0,0,3262928400.1699333,96822799.0,0.0575,0.383,890130,909606,0,55.7,15.3,2026-09-25
1064,UMH,Real Estate,REIT - Residential,NYSE,745236,15.4,93.97,1,-9,-8.17,8.5,47.2,-1.7,-3.5,-3.4,-1.4,61,60,50,35,28.0,0,0,0,0,0,0,1336257563.8128424,85166195.0,0.0001,0.077,747670,662622,0,43.2,22.0,2026-09-25
1065,AEIS,Industrials,Electrical Equipment & Parts,NASDAQ,530566,279.43,93.95,-4,23,-29.69,67.0,50.1,4.7,2.2,-4.5,-8.2,61,65,92,97,77.0,0,0,0,0,0,0,10501226381.296995,40050442.0,0.059499998,0.3,596540,619086,2,82.8,-15.1,2026-09-25
1066,AVY,Consumer Cyclical,Packaging & Containers,NYSE,1034383,172.66,93.94,3,-20,-13.47,10.5,36.0,-0.7,-2.1,-1.8,-2.3,61,58,35,45,31.1,0,0,0,0,0,0,12710429803.65152,75788142.0,0.040999997,0.109,975700,968886,0,42.3,18.4,2026-09-25
1067,CLDX,Healthcare,Biotechnology,NASDAQ,1334530,31.12,93.93,-29,-33,-31.06,39.4,39.9,-13.6,-16.9,-18.7,-2.3,61,90,86,86,57.8,0,0,0,0,0,0,3002969435.489212,78529532.0,0.1306,-0.97,2570530,1187412,1,80.0,17.3,2026-09-25
1068,FSK,Financial Services,Asset Management,NYSE,1654193,11.17,93.92,22,7,-31.51,12.7,20.3,-3.8,-6.4,-4.1,-6.1,61,39,24,16,10.0,0,0,0,0,0,0,3119881750.658455,276340280.0,0.0468,-0.271,1919980,2086154,0,22.2,20.6,2026-09-25
1069,TBPH,Healthcare,Biotechnology,NASDAQ,739343,17.03,93.9,14,40,-19.02,0.0,,,,,,61,47,73,80,,0,0,0,0,0,0,883180656.8337021,51890754.0,0.0498,-0.209,1383520,694448,0,66.7,,2026-09-25
1070,HSLV,Basic Materials,Silver,NYSE ARCA,632350,5.45,93.89,39,34,-21.81,30.1,47.1,-3.3,-5.2,3.4,,61,22,17,32,,0,0,0,0,0,0,1119378799.0,203523418.0,4.49,,672670,534536,0,23.7,,2026-09-25
1071,AER,Industrials,Rental & Leasing Services,NYSE,1060183,144.76,93.87,1,5,-8.85,21.4,72.3,2.4,1.1,-1.5,0.9,61,60,64,71,48.3,0,0,0,0,0,0,22263550870.66246,157184065.0,0.0216,0.149,1143550,1058290,0,60.8,3.3,2026-09-25
1072,CGNT,Technology,Software - Infrastructure,NASDAQ,642416,8.73,93.85,23,19,-29.08,37.2,40.0,3.1,2.5,-0.2,-2.2,61,38,34,36,27.7,0,0,0,0,0,0,621038440.3121109,73845238.0,0.008,0.12,791100,585414,0,33.9,5.9,2026-09-25
1073,SFBS,Financial Services,Banks - Regional,NYSE,575930,41.17,93.83,-3,0,-10.58,21.8,62.0,-1.1,-2.3,-5.1,2.0,61,64,67,40,26.4,0,0,0,0,0,0,4532351162.42363,109345020.0,0.0594,0.301,813520,559582,0,49.3,23.3,2026-09-25
1074,GSK,Healthcare,Drug Manufacturers - General,NYSE,2923230,49.71,93.82,4,12,-19.43,25.6,46.8,-0.4,-0.7,-2.6,-5.3,61,57,65,84,51.0,0,0,0,0,0,0,100580900831.89108,2002805623.0,0.0068,0.053,2911790,3633828,0,64.3,-3.2,2026-09-25
1075,ALLE,Industrials,Security & Protection Services,NYSE,1306266,154.09,93.76,0,-32,-15.85,21.4,49.6,-0.4,-1.4,-2.4,1.3,60,60,28,40,15.1,0,0,0,0,0,0,12949401668.27533,85036786.0,0.0467,0.127,1193200,1346822,0,35.8,29.6,2026-09-25
1076,MHK,Consumer Cyclical,"Furnishings, Fixtures & Appliances",NYSE,981043,119.65,93.71,-12,-22,-14.72,26.7,54.9,-4.3,-6.1,-5.6,4.1,60,72,62,30,20.0,0,0,0,0,0,0,8541102454.985504,67738145.0,0.111999996,0.068,1153670,990898,0,46.0,35.4,2026-09-25
1077,BAC,Financial Services,Banks - Diversified,NYSE,34255410,56.0,93.68,-17,-28,-14.15,19.9,51.5,-3.7,-7.0,-9.1,1.3,60,77,66,51,36.8,0,0,0,0,0,0,403691359910.4238,6992748365.0,0.0,0.168,42829060,33140652,0,57.7,26.4,2026-09-25
1078,AFL,Financial Services,Insurance - Life,NYSE,2181723,115.23,93.67,7,15,-11.51,7.9,34.8,-1.6,-1.9,-5.2,-0.8,60,53,61,52,33.8,0,0,0,0,0,0,58321266774.327,501343298.0,0.028399998,-0.01,2396570,2167706,0,49.9,9.0,2026-09-25
1079,SKY,Consumer Cyclical,Residential Construction,NYSE,594693,85.46,93.64,-10,-8,-13.82,33.3,64.5,1.3,-0.4,-1.3,3.0,60,70,72,37,45.2,0,0,0,0,0,0,4591556336.280212,54280134.0,0.0585,0.013,615830,625240,0,56.0,18.8,2026-09-25
1080,PPTA,Basic Materials,Other Precious Metals & Mining,NASDAQ,1045450,23.32,93.61,3,-6,-37.6,38.6,32.1,0.9,-2.8,3.8,-11.8,60,57,48,94,52.9,0,0,0,0,0,0,2907226433.087843,125095803.0,0.1187,,911370,1130952,1,63.0,-4.5,2026-09-25
1081,PNC,Financial Services,Banks - Regional,NYSE,1546696,224.03,93.6,-12,-11,-13.49,25.2,57.2,-4.9,-6.4,-9.2,-1.8,60,72,73,65,38.9,0,0,0,0,0,0,93021694103.90231,398943667.0,0.0176,0.236,1839930,1645064,0,62.2,17.9,2026-09-25
1082,UHS,Healthcare,Medical Care Facilities,NYSE,718396,181.39,93.59,29,15,-26.36,25.4,34.8,0.0,1.5,4.8,-3.0,60,31,17,31,18.5,0,0,0,0,0,0,10413492979.237976,58936515.0,0.0623,0.083,903800,838384,0,24.4,7.6,2026-09-25
1083,CBSH,Financial Services,Banks - Regional,NASDAQ,970840,55.59,93.58,-2,-6,-8.75,17.4,64.4,-2.8,-3.4,-4.8,3.0,60,62,58,32,26.5,0,0,0,0,0,0,8188543063.906013,143432178.0,0.0466,0.142,1188300,1049316,0,44.6,24.1,2026-09-25
1084,MTB,Financial Services,Banks - Regional,NYSE,1024480,219.58,93.53,-13,-17,-14.21,22.4,53.0,-4.8,-6.4,-10.0,-2.1,60,73,69,65,38.8,0,0,0,0,0,0,32827260162.641235,144416262.0,0.044899996,0.062,1244050,1083422,0,61.4,19.1,2026-09-25
1085,TDC,Technology,Software - Infrastructure,NYSE,1957790,29.21,93.52,26,72,-30.09,44.3,51.8,1.8,3.0,2.4,-1.3,60,34,80,55,58.7,0,0,0,0,0,0,2686769943.2373047,93000000.0,0.2367,0.005,1705550,2562096,0,56.9,-21.2,2026-09-25
1086,BCS,Financial Services,Banks - Diversified,NYSE,3522896,24.29,93.52,-13,-8,-15.34,26.2,55.1,-3.8,-6.2,-9.6,-2.7,60,73,78,63,45.9,0,0,0,0,0,0,83283467214.0746,3348752087.0,1.76,0.156,4697970,4310344,0,65.0,15.1,2026-09-25
1087,SG,Consumer Cyclical,Restaurants,NYSE,5015650,7.71,93.41,30,83,-27.47,75.7,64.6,14.6,18.0,26.2,20.7,60,30,83,10,20.1,0,0,0,0,0,0,859478269.3241382,119041315.0,0.2591,0.038,5191850,5950858,0,35.8,3.6,2026-09-25
1088,CVS,Healthcare,Healthcare Plans,NYSE,6954966,85.86,93.38,-13,1,-22.43,21.4,36.9,-6.5,-8.7,-13.0,-2.7,60,73,87,45,42.6,0,0,0,0,0,0,113623722898.23062,1278970369.0,0.0143,0.071,7782040,7620858,0,61.9,19.4,2026-09-25
1089,TDAY,Communication Services,Publishing,NYSE,2545166,6.39,93.38,-6,19,-30.62,84.8,53.4,0.6,1.2,-10.9,-6.4,60,66,91,94,72.3,0,0,0,0,0,0,916143918.23604,146817941.0,0.18190001,-0.083,2096670,2349936,2,80.8,-11.2,2026-09-25
1090,MDT,Healthcare,Medical Devices,NYSE,8370946,89.3,93.34,4,-24,-16.02,20.0,46.7,-3.5,-3.6,-0.7,-0.6,60,56,28,39,20.5,0,0,0,0,0,0,117846970292.44286,1279137890.0,0.0095,0.137,8934260,7892494,0,35.9,24.0,2026-09-25
1091,GFL,Industrials,Waste Management,NYSE,2434616,41.9,93.34,21,5,-12.84,24.6,59.6,-1.1,-1.2,1.3,2.4,60,39,23,34,18.2,0,0,0,0,0,0,18543786826.71313,436016632.0,0.1447,0.163,2978240,2410882,0,28.6,13.0,2026-09-25
1092,VLTO,Industrials,Pollution & Treatment Controls,NYSE,1560450,95.88,93.33,6,-17,-11.14,17.0,56.1,1.0,-0.1,0.1,3.3,60,54,31,31,18.3,0,0,0,0,0,0,23036032553.76123,243793344.0,0.026500002,0.075,1733990,1635300,0,33.6,24.7,2026-09-25
1093,FIGR,Financial Services,Capital Markets,NASDAQ,4934100,34.66,93.29,-10,-62,-55.56,31.1,15.8,-5.5,-7.8,-0.1,-11.3,59,69,17,40,11.2,0,0,0,0,0,0,7963171053.890808,224377872.0,0.0653,1.208,5001800,4138078,0,34.3,39.9,2026-09-25
1094,UCB,Financial Services,Banks - Regional,NYSE,775233,33.51,93.29,-2,1,-9.87,17.1,60.6,-2.5,-3.0,-4.4,0.4,59,61,64,61,34.1,0,0,0,0,0,0,4154606994.159413,119763827.0,0.050100002,0.244,896030,846484,0,55.0,13.1,2026-09-25
1095,LOGI,Technology,Computer Hardware,NASDAQ,734280,104.65,93.29,30,44,-19.29,16.0,33.6,-2.1,-0.9,-2.2,-0.5,59,29,43,39,16.3,0,0,0,0,0,0,14490658761.42389,143188332.0,0.0926,0.069,727530,943882,0,31.8,2.9,2026-09-25
1096,GNL,Real Estate,REIT - Diversified,NYSE,2397690,8.67,93.27,-1,-1,-13.6,14.3,44.8,-2.7,-4.1,-4.0,-5.9,59,60,60,78,34.9,0,0,0,0,0,0,2028657711.778912,231317857.0,0.0,-0.1,2606400,2422712,0,58.2,8.9,2026-09-25
1097,QSR,Consumer Cyclical,Restaurants,NYSE,3018986,71.66,93.23,-13,-27,-12.57,10.6,38.6,-4.7,-7.3,-6.5,-3.7,59,72,58,71,38.4,0,0,0,0,0,0,25417486819.307365,348758065.0,0.0631,0.046,4144170,2784402,0,59.9,18.4,2026-09-25
1098,CRS,Industrials,Metal Fabrication,NYSE,761380,395.03,93.16,-27,-19,-36.9,72.5,43.5,-3.5,-9.7,-20.6,-8.6,59,86,94,91,80.3,0,0,0,0,0,0,20225841713.93481,49558566.0,0.0312,0.126,759770,744818,2,87.8,1.1,2026-09-25
1099,QNST,Communication Services,Advertising Agencies,NASDAQ,974843,14.28,93.16,-34,-82,-35.94,36.4,33.5,-16.7,-20.3,-20.2,0.5,59,93,45,23,15.3,0,0,0,0,0,0,1004270485.9420166,57223392.0,0.122600004,0.427,1021170,962630,1,44.1,57.7,2026-09-25
1100,EW,Healthcare,Medical Devices,NYSE,3032663,86.82,93.15,4,11,-9.83,18.0,58.1,-1.4,-2.9,-2.9,0.8,59,55,62,51,45.4,0,0,0,0,0,0,50873065231.32324,576400000.0,0.0178,0.136,3572410,3882304,0,53.4,4.9,2026-09-25
1101,NTWO,Financial Services,Shell Companies,NASDAQ,604706,10.9,93.15,0,-15,-10.21,5.0,39.5,-0.4,-0.8,-0.3,2.1,59,59,44,55,32.5,0,0,0,0,0,0,262868478.30033305,24116375.0,0.0011,,238610,363122,0,47.6,15.5,2026-09-25
1102,NLY,Real Estate,REIT - Mortgage,NYSE,7461683,21.04,93.1,-8,-8,-14.19,1.9,9.3,-3.6,-6.8,-9.0,-8.5,59,67,67,69,25.6,0,0,0,0,0,0,15865688429.061516,753714442.0,0.0,4.794,10771770,7572016,0,57.1,20.3,2026-09-25
1103,HOMB,Financial Services,Banks - Regional,NYSE,1421816,28.84,93.1,-2,-9,-9.02,12.8,56.6,-2.4,-2.4,-4.6,1.8,59,61,54,41,27.0,0,0,0,0,0,0,5959478660.850906,200049630.0,0.059499998,0.086,1668930,1600842,0,45.7,21.7,2026-09-25
1104,VCYT,Healthcare,Diagnostics & Research,NASDAQ,1324086,43.82,93.09,2,39,-28.06,61.7,60.8,16.4,13.6,3.6,14.3,59,57,94,39,67.8,0,0,0,0,0,0,3199148992.945175,80390731.0,0.1187,0.155,1485020,1333616,1,64.5,-5.5,2026-09-25
1105,WGS,Healthcare,Diagnostics & Research,NASDAQ,559973,85.2,93.07,-9,-53,-50.14,156.4,40.6,-4.7,-1.5,12.1,9.1,59,68,24,13,8.8,0,0,0,0,0,0,3015058849.5944138,29822541.0,0.3852,0.114,706830,693322,0,28.4,45.0,2026-09-25
1106,BRUN,Technology,Software - Infrastructure,NASDAQ,2530473,16.51,93.06,-20,-1,-60.69,57.1,21.3,4.0,-1.1,-13.2,-7.7,59,79,98,40,65.8,0,0,1,0,0,1,1372748142.4564629,79487441.0,1.89,2.697,2480420,2215644,1,70.7,12.5,2026-09-25
1107,T,Communication Services,Telecom Services,NYSE,35438846,25.3,93.06,20,0,-14.06,24.3,57.7,-1.1,-1.1,3.1,1.2,59,39,19,67,16.7,0,0,0,0,0,0,174050592896.0223,6852385650.0,0.0183,0.023,42712720,51115250,0,35.4,7.6,2026-09-25
1108,AUB,Financial Services,Banks - Regional,NYSE,1096526,38.25,93.05,-9,-4,-12.31,23.1,59.8,-1.7,-3.2,-6.7,-0.6,59,68,73,66,34.3,0,0,0,0,0,0,5574065216.54541,142814896.0,0.071,0.358,1427140,1099976,0,60.3,16.7,2026-09-25
1109,AUPH,Healthcare,Biotechnology,NASDAQ,940483,16.4,93.04,-8,7,-14.81,50.2,73.2,0.5,1.4,4.4,6.8,59,67,82,87,55.8,0,0,0,0,0,0,2248564688.445008,133051168.0,0.074499995,0.189,852690,1010708,0,73.0,0.1,2026-09-25
1110,DEO,Consumer Defensive,Beverages - Wineries & Distilleries,NYSE,984233,86.11,92.99,10,0,-16.19,19.8,48.4,0.1,-2.0,-2.8,1.5,59,49,39,25,18.0,0,0,0,0,0,0,47579547350.64047,555900799.0,0.0064,-0.017,1113560,1126198,0,32.8,21.3,2026-09-25
1111,BIP,Utilities,Utilities - Diversified,NYSE,738833,35.22,92.97,0,-2,-20.03,10.4,28.4,-3.5,-5.9,-10.6,-7.4,59,59,57,70,39.4,0,0,0,0,0,0,16596352526.544006,460115128.0,1.91,0.194,863770,921722,0,56.4,7.8,2026-09-25
1112,VLY,Financial Services,Banks - Regional,NASDAQ,6271033,12.87,92.97,-14,-5,-15.33,33.3,59.2,-4.2,-5.3,-8.9,-2.5,59,73,82,79,50.5,0,0,0,0,0,0,7509905105.660866,552605226.0,0.10479999,0.15,7418420,6749188,0,71.1,9.2,2026-09-25
1113,CRSP,Healthcare,Biotechnology,NASDAQ,1599576,55.76,92.96,1,-1,-28.95,25.6,35.0,2.3,0.2,4.4,4.4,59,58,56,44,17.4,0,0,0,0,0,0,5468936586.467152,96692653.0,0.2223,10.414,1929000,1593558,0,43.8,23.3,2026-09-25
1114,PVH,Consumer Cyclical,Apparel Manufacturing,NYSE,1024573,75.39,92.94,28,49,-25.17,24.5,39.3,4.1,3.5,-3.5,-0.5,59,31,52,45,17.0,0,0,0,0,0,0,3384209980.149254,46137833.0,0.1321,-0.032,1017510,964522,0,36.2,2.1,2026-09-25
1115,EXTR,Technology,Communication Equipment,NASDAQ,1392700,22.03,92.92,-6,23,-34.69,57.5,39.6,-1.6,-2.0,-13.4,1.9,59,65,94,33,23.6,0,0,0,0,0,0,2911246398.740473,130490653.0,0.0911,0.103,1352780,1595022,1,53.9,24.2,2026-09-25
1116,ZION,Financial Services,Banks - Regional,NASDAQ,1443040,62.65,92.9,-13,-10,-14.58,33.9,60.2,-5.0,-6.3,-8.9,-0.6,59,72,75,63,39.2,0,0,0,0,0,0,9520537836.60572,145953355.0,0.044099998,0.352,1796710,1551786,0,62.3,17.9,2026-09-25
1117,GWRE,Technology,Software - Application,NYSE,1465713,152.89,92.89,-16,-80,-40.25,47.0,31.9,2.6,-9.2,-8.1,-1.4,59,75,11,19,7.4,0,0,0,0,0,0,11830721659.52211,81992669.0,0.0554,0.153,1505860,1397286,0,28.1,51.4,2026-09-25
1118,MCHP,Technology,Semiconductors,NASDAQ,8311853,75.53,92.89,10,43,-28.68,52.4,47.6,2.7,2.2,-2.2,-4.9,59,49,82,64,43.3,0,0,0,0,0,0,39786244966.72588,543008691.0,0.0808,0.38,8786230,9651670,0,59.6,-3.4,2026-09-25
1119,JBIO,Healthcare,Biotechnology,NASDAQ,918956,14.71,92.86,-35,-33,-47.46,93.6,37.0,-13.1,-21.4,-27.4,-19.6,58,93,95,44,84.8,0,0,0,0,0,0,1077339769.744669,63597387.0,0.19229999,,1314280,892298,2,79.2,13.7,2026-09-25
1120,CXT,Industrials,Business Equipment & Supplies,NYSE,513156,48.42,92.83,9,0,-29.83,30.5,33.6,-1.6,-3.6,-6.7,-0.7,58,49,40,23,14.0,0,0,0,0,0,0,2625371110.572632,57561304.0,0.1928,0.22,635830,553310,0,31.5,23.6,2026-09-25
1121,SUZ,Basic Materials,Paper & Paper Products,NYSE,3449983,9.21,92.83,24,10,-20.16,14.5,29.3,-4.7,-3.8,1.7,-3.7,58,34,20,65,20.1,0,0,0,0,0,0,11441199060.399689,1231560722.0,0.011,-0.128,2631260,3032282,0,34.8,2.2,2026-09-25
1122,PAYX,Technology,Software - Application,NASDAQ,2752260,104.49,92.82,-21,-71,-20.16,18.7,36.6,-10.7,-14.3,-14.3,-2.5,58,79,29,20,11.9,0,0,0,0,0,0,41343571916.94676,355980473.0,0.0642,0.125,3774180,2932810,0,35.0,50.4,2026-09-25
1123,DSGX,Technology,Software - Application,NASDAQ,688040,80.24,92.82,7,-22,-23.17,27.6,45.8,2.4,2.0,4.5,6.6,58,51,22,22,11.7,0,0,0,0,0,0,6612903407.973465,85548553.0,7.46,0.118,888460,609400,0,26.7,28.3,2026-09-25
1124,MLI,Industrials,Metal Fabrication,NYSE,1551716,60.33,92.78,-1,16,-15.17,23.8,52.6,-0.4,-2.6,-5.4,-3.5,58,59,76,75,48.3,0,0,0,0,0,0,13286365909.660795,221181388.0,0.0223,0.255,2323630,1502620,0,64.6,0.4,2026-09-25
1125,AXTA,Basic Materials,Specialty Chemicals,NYSE,1827766,32.43,92.77,-11,-10,-16.01,26.8,53.5,-2.2,-6.4,-7.9,0.6,58,69,70,32,35.5,0,0,0,0,0,0,6891444066.684299,214019997.0,0.051599998,0.031,2343800,1747654,0,51.6,24.0,2026-09-25
1126,COR,Healthcare,Medical Distribution,NYSE,1275673,312.28,92.77,4,-22,-17.29,22.6,46.8,-2.2,-3.8,-2.3,-3.0,58,54,28,53,35.1,0,0,0,0,0,0,58923611775.75668,190827165.0,0.027,0.051,1290450,1359260,0,42.5,12.2,2026-09-25
1127,SRTA,Healthcare,Medical Care Facilities,NASDAQ,809493,5.38,92.75,-19,-28,-17.23,30.8,50.8,-0.5,-3.2,-4.3,2.2,58,77,68,56,17.5,0,0,0,0,0,0,472412757.5389633,88466806.0,0.0648,0.607,749420,949450,0,54.6,34.9,2026-09-25
1128,DG,Consumer Defensive,Discount Stores,NYSE,2554486,120.6,92.73,-7,-24,-23.78,27.7,44.1,-0.9,-2.5,-1.5,-3.6,58,65,48,65,49.5,0,0,0,0,0,0,27005702071.82281,220616790.0,0.030199999,0.052,2572020,2415180,0,56.9,9.4,2026-09-25
1129,ECL,Basic Materials,Specialty Chemicals,NYSE,1360270,276.72,92.72,3,2,-10.52,12.1,47.3,0.7,-0.8,-0.9,0.8,58,55,54,51,30.6,0,0,0,0,0,0,75537342968.99399,280328603.0,0.019299999,0.097,1218880,1321066,0,47.7,13.1,2026-09-25
1130,HCA,Healthcare,Medical Care Facilities,NYSE,1436720,436.48,92.69,21,10,-21.57,17.2,33.8,-0.8,0.8,3.6,-5.4,58,37,26,73,31.9,0,0,0,0,0,0,92599854715.0116,216501500.0,0.0436,0.087,1817250,1536712,0,42.0,-3.5,2026-09-25
1131,ASND,Healthcare,Biotechnology,NASDAQ,723543,223.13,92.64,-7,6,-20.92,21.6,46.8,-5.6,-8.7,-8.7,-1.8,58,65,78,80,46.7,0,0,0,0,0,0,15572239426.701963,65783370.0,0.0759,1.147,1078290,636520,0,67.4,4.8,2026-09-25
1132,KVUE,Consumer Defensive,Household & Personal Products,NYSE,24549283,17.67,92.57,-1,-3,-12.22,24.8,61.2,-1.0,-3.8,-6.5,-2.3,58,59,57,39,31.6,0,0,0,0,0,0,34208974421.4663,1920773467.0,0.0435,0.03,34559640,23078428,0,46.6,17.9,2026-09-25
1133,INFQ,Technology,Software - Infrastructure,NYSE,9531006,13.83,92.56,30,65,-35.01,62.3,49.6,6.3,7.8,18.7,,58,28,63,12,,0,0,0,0,0,0,2981473694.7997284,225357052.0,2.56,1.565,9102410,9326820,0,34.3,,2026-09-25
1134,ICL,Basic Materials,Agricultural Inputs,NYSE,1188263,5.3,92.42,22,13,-23.96,7.9,18.6,-5.2,-7.8,-4.7,-4.8,57,35,26,32,14.8,0,0,0,0,0,0,6918250587.289494,1290718361.0,0.0049,0.165,1332310,1175174,0,26.9,11.6,2026-09-25
1135,MCO,Financial Services,Financial Data & Stock Exchanges,NYSE,705630,473.85,92.42,-3,-29,-13.35,13.4,43.3,-0.4,-3.4,-4.0,-1.1,57,60,34,33,22.4,0,0,0,0,0,0,81150876658.3523,173180984.0,0.0171,0.151,761470,782878,0,37.4,26.8,2026-09-25
1136,TEL,Technology,Electronic Components,NYSE,2009736,214.39,92.41,27,32,-15.11,9.1,33.5,3.0,3.5,3.0,-0.7,57,30,35,69,24.0,0,0,0,0,0,0,59471806765.64545,289513228.0,0.0375,0.138,2095900,2326852,0,39.5,-5.3,2026-09-25
1137,PRM,Basic Materials,Specialty Chemicals,NYSE,1090090,28.28,92.41,-14,7,-25.91,35.6,43.1,-9.2,-9.7,-13.8,-5.4,57,71,92,87,56.5,0,0,0,0,0,0,5267445232.093285,163686923.0,0.0502,0.315,1155020,1364828,1,76.6,2.0,2026-09-25
1138,MOS,Basic Materials,Agricultural Inputs,NYSE,8205806,24.37,92.41,26,15,-34.12,19.5,24.0,-4.4,-4.9,0.5,-3.6,57,31,20,35,9.2,0,0,0,0,0,0,7782085268.558922,317895646.0,0.12060001,-0.06,8482060,7951624,0,23.8,11.2,2026-09-25
1139,SUNB,Industrials,Rental & Leasing Services,NYSE,6509470,73.78,92.4,12,17,-14.88,15.3,42.0,-0.4,1.4,-2.9,,57,45,50,32,,0,0,0,0,0,0,30154597269.62613,409764897.0,5.34,0.112,6340750,4637670,0,42.3,,2026-09-25
1140,RNST,Financial Services,Banks - Regional,NYSE,638386,39.7,92.37,-1,12,-10.87,19.9,61.0,-1.2,-1.6,-5.0,0.8,57,58,71,57,34.2,0,0,0,0,0,0,3712849270.6694975,91404465.0,0.056799997,0.453,805880,610348,0,55.1,10.8,2026-09-25
1141,EXPE,Consumer Cyclical,Travel Services,NASDAQ,1796570,259.04,92.33,-35,-57,-24.26,38.9,48.6,-6.2,-10.5,-12.1,0.6,57,92,70,67,46.2,0,0,0,0,0,0,33528167942.506622,120022077.0,0.0559,0.14,2342280,1740014,1,68.8,30.1,2026-09-25
1142,POET,Technology,Semiconductors,NASDAQ,8978566,7.8,92.32,-13,10,-62.52,85.9,21.8,0.1,0.6,-1.7,-6.9,57,70,93,60,57.0,0,0,0,0,0,0,1349853119.4082108,173058088.0,0.1286,1.123,8046880,10658148,1,70.0,6.2,2026-09-25
1143,CTNM,Healthcare,Biotechnology,NASDAQ,593456,12.51,92.28,-25,-17,-29.66,36.2,39.5,-8.9,-17.8,-17.2,-8.7,57,82,90,94,39.8,0,0,0,0,0,0,509013905.91407394,37621132.0,0.0714,,676370,460384,2,76.4,17.9,2026-09-25
1144,SONY,Technology,Consumer Electronics,NYSE,3876836,23.2,92.26,17,-2,-23.53,19.0,33.5,-2.8,-4.2,-1.1,2.2,57,40,21,24,11.5,0,0,0,0,0,0,137131509385.5777,5845333109.0,0.0019,0.082,3175960,4525590,0,24.1,19.3,2026-09-25
1145,AGNC,Real Estate,REIT - Mortgage,NASDAQ,26554290,9.91,92.25,-7,-2,-18.7,0.0,0.0,-3.3,-6.6,-9.5,-10.5,57,64,69,66,24.9,0,0,0,0,0,0,11700701746.222416,1185481447.0,0.089499995,,46563800,24345738,0,56.0,18.7,2026-09-25
1146,F,Consumer Cyclical,Auto Manufacturers,NYSE,45159763,12.94,92.22,10,36,-27.22,12.4,22.3,-5.5,-7.8,-10.1,-6.9,57,47,73,51,35.3,0,0,0,0,0,0,52676138913.1847,3987595667.0,0.0,-0.038,50597150,48808790,0,51.6,2.5,2026-09-25
1147,LGN,Industrials,Engineering & Construction,NASDAQ,990490,52.92,92.18,-4,30,-50.65,75.0,31.1,-2.9,-3.2,-13.6,-16.9,57,61,95,92,77.7,0,0,0,0,0,0,4291262448.12664,76904346.0,0.055999998,1.107,915440,1161344,2,81.4,-18.0,2026-09-25
1148,CL,Consumer Defensive,Household & Personal Products,NYSE,4666230,85.93,92.18,2,7,-13.49,13.8,42.8,-1.9,-3.5,-5.7,-3.3,57,55,60,56,35.4,0,0,0,0,0,0,69728708325.74136,797172829.0,0.024,0.049,6024160,4679442,0,51.6,9.1,2026-09-25
1149,MNTN,Technology,Software - Application,NYSE,935593,10.56,92.15,-12,-62,-48.84,40.2,28.7,-4.5,-10.1,-3.1,6.2,57,69,19,10,6.1,0,0,0,0,0,0,844527707.4164858,74803163.0,0.093,0.206,816270,980688,0,26.0,48.2,2026-09-25
1150,COLB,Financial Services,Banks - Regional,NASDAQ,2960326,28.85,92.1,-4,10,-14.34,21.2,53.6,-2.1,-2.7,-6.0,-2.1,57,61,75,66,40.6,0,0,0,0,0,0,8467264967.574921,282902268.0,0.038,0.351,3036910,2987682,0,60.7,7.8,2026-09-25
1151,AWK,Utilities,Utilities - Regulated Water,NYSE,2069873,133.06,92.09,-1,-23,-8.64,8.6,42.8,-3.6,-4.5,-3.4,-0.3,57,58,36,48,23.7,0,0,0,0,0,0,27007268392.15451,198728989.0,0.0753,0.062,1927830,2163406,0,41.4,21.4,2026-09-25
1152,CYTK,Healthcare,Biotechnology,NASDAQ,1866036,65.81,92.08,-24,-14,-25.48,37.3,45.2,-5.7,-8.5,-13.3,-6.2,56,80,90,87,63.5,0,0,0,0,0,0,9562030520.33368,139023418.0,0.1915,-0.571,2083860,1856984,1,80.1,5.9,2026-09-25
1153,KT,Communication Services,Telecom Services,NYSE,1307773,19.45,92.05,23,14,-20.87,13.2,31.2,-0.4,-0.6,3.1,-2.2,56,33,24,71,27.6,0,0,0,0,0,0,9229988478.383669,476263616.0,0.0098,-0.101,1358580,1424724,0,38.9,-4.0,2026-09-25
1154,GS,Financial Services,Capital Markets,NYSE,1992706,936.36,92.02,-18,-14,-18.86,24.0,43.9,-4.5,-7.5,-10.2,-3.7,56,74,78,74,43.9,0,0,0,0,0,0,274283466336.0,291171408.0,0.0241,0.425,2409090,2039808,0,67.5,14.7,2026-09-25
1155,TXNM,Utilities,Utilities - Regulated Electric,NYSE,1351510,58.32,92.01,20,22,-2.03,3.1,57.5,-0.1,0.3,0.7,-0.5,56,36,38,61,29.5,0,0,0,0,0,0,6022014585.327702,103046111.0,0.0705,0.092,1805130,1166680,0,41.1,-1.9,2026-09-25
1156,WTW,Financial Services,Insurance Brokers,NASDAQ,507320,298.99,91.94,-20,-72,-15.25,21.3,47.4,-5.6,-9.1,-9.2,-2.1,56,76,24,32,15.8,0,0,0,0,0,0,28788444051.581573,92871937.0,0.0299,0.091,572530,538620,0,37.0,44.1,2026-09-25
1157,QTWO,Technology,Software - Application,NYSE,638260,55.66,91.92,-15,-68,-29.89,34.1,41.4,-4.2,-7.8,-7.2,0.6,56,71,18,13,9.5,0,0,0,0,0,0,3662091208.806286,62354695.0,0.1173,0.126,698050,791678,0,27.9,47.6,2026-09-25
1158,PSA,Real Estate,REIT - Industrial,NYSE,791876,286.73,91.9,-9,-3,-14.55,10.1,36.3,-3.3,-5.1,-9.3,-4.9,56,65,71,45,28.4,0,0,0,0,0,0,55366203075.26764,186852295.0,0.0419,0.033,901190,1005006,0,52.4,21.7,2026-09-25
1159,FSCO,Financial Services,Asset Management,NYSE,865459,5.27,91.89,23,14,-28.93,11.0,19.0,-3.6,-3.3,-0.8,-5.3,56,33,24,26,8.9,0,0,0,0,0,0,1061915636.25,202269645.0,0.008,,909158,891651,0,23.0,14.3,2026-09-25
1160,NJR,Utilities,Utilities - Regulated Gas,NYSE,612213,52.22,91.87,5,22,-14.2,15.7,43.5,-3.5,-4.3,-7.8,-4.9,56,51,68,77,38.5,0,0,0,0,0,0,5410270849.75444,101467946.0,0.048800003,0.168,770710,636196,0,58.6,-0.7,2026-09-25
1161,OMC,Communication Services,Advertising Agencies,NYSE,2826883,75.49,91.86,-16,-51,-15.72,11.0,34.3,-4.2,-8.1,-9.7,-4.7,56,72,37,41,27.2,0,0,0,0,0,0,21006670609.46625,274345967.0,0.09819999,0.634,3953860,2989260,0,44.3,32.1,2026-09-25
1162,PUMP,Energy,Oil & Gas Equipment & Services,NYSE,3258423,9.8,91.85,-7,23,-47.03,89.5,34.2,-8.8,-12.6,-16.4,-25.4,56,63,93,96,86.4,0,0,0,0,0,0,1287194593.9356728,122823917.0,0.1552,-0.062,4340160,3720426,2,84.6,-21.3,2026-09-25
1163,CTRE,Real Estate,REIT - Healthcare Facilities,NYSE,2316896,37.17,91.83,5,22,-14.79,13.4,42.1,-1.7,-3.5,-6.8,-4.4,56,51,68,72,38.6,0,0,0,0,0,0,8870446906.792885,236293199.0,0.078,0.435,2437290,2242770,0,57.4,0.3,2026-09-25
1164,HQY,Healthcare,Health Information Services,NASDAQ,871060,90.39,91.82,-18,-59,-16.01,21.0,45.8,-6.0,-7.2,-10.8,-0.3,56,74,33,33,19.6,0,0,0,0,0,0,7869533210.95459,82715296.0,0.0725,0.076,843850,809790,0,39.9,39.5,2026-09-25
1165,FRT,Real Estate,REIT - Retail,NYSE,733326,109.39,91.76,-6,8,-14.68,16.3,48.0,-1.7,-3.7,-7.0,-1.6,56,62,76,68,39.7,0,0,0,0,0,0,9636874059.227509,86889133.0,0.00029999999,0.072,892830,824310,0,61.4,8.5,2026-09-25
1166,CUBE,Real Estate,REIT - Industrial,NYSE,2300410,38.14,91.74,-1,3,-11.84,6.4,31.5,-4.3,-4.8,-7.6,-4.2,55,56,60,40,21.1,0,0,0,0,0,0,8919382825.640602,225521694.0,0.0473,0.015,3108160,2346738,0,44.3,20.3,2026-09-25
1167,GD,Industrials,Aerospace & Defense,NYSE,1001496,343.33,91.74,-11,-25,-14.17,7.6,28.5,-4.7,-6.7,-10.2,-5.4,55,66,52,69,32.0,0,0,0,0,0,0,95520214392.04988,270557195.0,0.0114,0.081,1213170,1075924,0,54.8,17.8,2026-09-25
1168,GBDC,Financial Services,Asset Management,NASDAQ,1190960,12.45,91.73,2,-11,-13.6,3.7,18.3,-1.1,-2.8,-4.1,-4.6,55,53,40,41,16.7,0,0,0,0,0,0,3256030916.155078,259651589.0,0.047199998,-0.14,1414930,1142000,0,37.7,21.8,2026-09-25
1169,XIFR,Utilities,Utilities - Renewable,NYSE,699686,10.67,91.72,0,19,-19.47,18.6,40.5,-5.1,-8.7,-10.3,-4.0,55,55,74,71,34.8,0,0,0,0,0,0,1031641960.4301451,94300000.0,0.051599998,0.061,669800,856988,0,58.7,5.0,2026-09-25
1170,EMBC,Healthcare,Medical Instruments & Supplies,NASDAQ,1408210,5.58,91.69,33,14,-62.58,93.8,23.0,7.5,6.6,22.1,-22.2,55,22,3,21,3.4,0,0,0,0,0,0,299729276.5486078,56659599.0,0.133,-0.081,1207640,1452168,0,12.3,11.4,2026-09-25
1171,SCI,Consumer Cyclical,Personal Services,NYSE,796840,77.85,91.63,-2,-28,-14.44,13.1,47.4,-2.2,-3.8,-5.2,-2.7,55,57,31,60,21.9,0,0,0,0,0,0,10598034096.27024,136291587.0,0.0444,0.036,1010200,984958,0,42.5,19.5,2026-09-25
1172,BHC,Healthcare,Drug Manufacturers - Specialty & Generic,NYSE,2550593,5.71,91.56,-8,-52,-28.62,27.5,35.2,-1.8,-7.6,-4.8,-2.9,55,63,19,25,13.9,0,0,0,0,0,0,2120526509.4032156,373990561.0,0.0275,0.127,2193870,3645000,0,30.2,36.5,2026-09-25
1173,KMT,Industrials,Tools & Accessories,NYSE,1518843,29.94,91.52,21,66,-31.66,47.0,42.2,1.6,1.2,-4.9,-12.6,55,34,79,90,67.6,0,0,0,0,0,0,2274131257.838581,76390031.0,0.1305,0.426,1311430,1415020,1,67.6,-32.5,2026-09-25
1174,NVS,Healthcare,Drug Manufacturers - General,NYSE,2216486,142.71,91.48,-11,-10,-16.28,17.9,46.5,2.6,-2.3,-5.4,-4.5,54,65,66,81,45.7,0,0,0,0,0,0,266803332809.96585,1900714840.0,0.003,0.008,2247930,2016200,0,64.4,6.3,2026-09-25
1175,AVGO,Technology,Semiconductors,NASDAQ,25445773,354.99,91.44,14,45,-28.28,19.4,30.3,-0.5,-2.4,-7.1,-4.9,54,40,71,75,30.9,0,0,0,0,0,0,1707097706096.4312,4773629865.0,0.0108,0.855,26458580,22597812,0,54.2,-5.5,2026-09-25
1176,BAH,Industrials,Consulting Services,NYSE,1642163,75.65,91.42,27,15,-30.66,23.6,31.8,-4.4,-2.3,0.3,-6.0,54,27,15,27,10.7,0,0,0,0,0,0,9270362832.40194,120284973.0,0.0699,-0.042,1697990,1904070,0,19.9,9.3,2026-09-25
1177,BTGO,Financial Services,Capital Markets,NYSE,2322970,8.1,91.4,39,29,-66.94,69.9,23.8,5.3,7.5,27.9,,54,15,5,7,,0,0,0,0,0,0,876653125.4047494,115959409.0,0.0232,0.796,3106280,1791570,0,9.0,,2026-09-25
1178,ACGL,Financial Services,Insurance - Diversified,NASDAQ,3105253,95.16,91.39,-1,-6,-11.14,12.2,47.3,-1.4,-2.4,-4.0,-1.3,54,55,50,55,35.9,0,0,0,0,0,0,33061689809.87027,341229126.0,0.0253,-0.105,4413980,2596108,0,49.0,10.0,2026-09-25
1179,BNL,Real Estate,REIT - Diversified,NYSE,1981556,18.91,91.39,-11,-3,-18.14,9.5,29.4,-3.7,-6.8,-10.4,-4.6,54,65,73,69,31.0,0,0,0,0,0,0,3928331752.897873,204600604.0,0.1359,0.083,1975520,2029936,0,59.5,15.4,2026-09-25
1180,PCAR,Industrials,Farm & Heavy Construction Machinery,NASDAQ,2831190,112.09,91.36,-20,-29,-19.5,19.0,39.1,-6.2,-8.7,-12.8,-8.4,54,74,65,73,43.2,0,0,0,0,0,0,61089915160.109314,526364953.0,0.0276,0.005,3646520,3261600,0,63.8,16.5,2026-09-25
1181,FTV,Technology,Scientific & Technical Instruments,NYSE,2175390,56.26,91.35,-5,1,-12.86,16.3,47.3,0.3,-2.0,-6.2,-4.8,54,59,65,59,44.2,0,0,0,0,0,0,16610937860.0,302017052.0,0.0657,0.079,2256960,2508648,0,56.8,6.8,2026-09-25
1182,VNOM,Energy,Oil & Gas Midstream,NASDAQ,1591406,40.93,91.35,-7,-19,-19.95,16.2,38.4,-3.8,-5.4,-4.7,-4.8,54,61,49,79,40.2,0,0,0,0,0,0,8217501510.221569,194405049.0,0.0523,1.152,2068490,1596130,0,57.3,8.0,2026-09-25
1183,FLOC,Energy,Oil & Gas Equipment & Services,NYSE,585930,19.36,91.31,0,14,-31.49,36.8,37.9,-3.0,-5.9,-7.2,-10.6,54,54,68,70,56.2,0,0,0,0,0,0,890446952.25,43972689.0,0.0874,0.221,705460,537760,0,62.0,-5.7,2026-09-25
1184,TFX,Healthcare,Medical Instruments & Supplies,NYSE,678603,121.75,91.3,-13,-23,-16.03,19.7,47.4,-5.2,-9.6,-10.6,-3.2,54,67,57,42,24.2,0,0,0,0,0,0,5276210732.198677,42372397.0,0.1489,0.289,874660,625010,0,47.5,27.4,2026-09-25
1185,WLTH,Technology,Software - Application,NASDAQ,2663886,9.84,91.24,34,33,-33.29,41.5,44.3,-1.3,3.8,6.8,,53,19,18,16,,0,0,0,0,0,0,1577382103.576584,156176440.0,0.0669,0.008,5358330,1956224,0,17.7,,2026-09-25
1186,JFR,Financial Services,Asset Management,NYSE,651276,7.31,91.21,4,6,-11.29,1.0,6.8,-3.1,-4.1,-5.1,-5.2,53,49,51,45,16.5,0,0,0,0,0,0,1212084744.0223098,160967425.0,0.0031,0.043,699938,585269,0,40.4,16.9,2026-09-25
1187,LEA,Consumer Cyclical,Auto Parts,NYSE,608213,121.69,91.2,10,43,-19.05,22.2,41.4,-4.7,-5.9,-8.7,-7.8,53,43,76,77,44.1,0,0,0,0,0,0,8031579488.325989,66574764.0,0.063200004,0.03,725490,666328,0,60.0,-10.6,2026-09-25
1188,SBUX,Consumer Cyclical,Restaurants,NASDAQ,6213666,94.14,91.2,-16,-14,-14.81,19.4,50.5,-3.1,-7.3,-9.7,-4.8,53,69,71,55,38.7,0,0,0,0,0,0,109246202087.40234,1140000000.0,0.039,-0.014,7556270,6917144,0,58.4,17.8,2026-09-25
1189,AMBA,Technology,Semiconductor Equipment & Materials,NASDAQ,1608676,67.62,91.19,31,45,-30.07,43.6,45.3,4.9,4.2,-2.7,2.2,53,22,36,24,12.1,0,0,0,0,0,0,2919925299.003777,44140971.0,0.1195,0.132,2095630,1792200,0,23.5,3.2,2026-09-25
1190,MTN,Consumer Cyclical,Resorts & Casinos,NYSE,700290,140.05,91.19,-11,-27,-14.26,15.8,44.0,-0.7,-0.2,-4.8,-0.0,53,64,48,35,22.7,0,0,0,0,0,0,4981567043.544891,35633526.0,0.2708,-0.07,1026670,681212,0,42.4,28.1,2026-09-25
1191,CE,Basic Materials,Chemicals,NYSE,1649420,48.49,91.17,21,22,-31.41,33.9,35.7,2.6,4.2,4.8,-7.0,53,32,33,87,37.5,0,0,0,0,0,0,4983698712.913643,109748926.0,0.0934,0.087,2208530,1842496,0,47.4,-13.8,2026-09-25
1192,EMN,Basic Materials,Specialty Chemicals,NYSE,973476,66.8,91.16,-3,-7,-19.97,17.4,39.3,-0.4,-4.0,-6.0,-6.8,53,56,52,70,30.2,0,0,0,0,0,0,7510116143.987732,114326623.0,0.0631,0.099,1286030,1096386,0,52.1,10.5,2026-09-25
1193,AGI,Basic Materials,Gold,NYSE,3802563,34.49,91.14,2,-24,-37.75,22.5,22.8,-3.2,-5.3,2.1,-12.9,53,51,25,86,29.5,0,0,0,0,0,0,14952552000.79178,418604465.0,1.52,0.356,3763730,4315776,0,47.9,6.3,2026-09-25
1194,JKHY,Technology,Information Technology Services,NASDAQ,1051156,148.33,91.07,-13,-56,-23.3,19.7,35.2,-5.2,-8.4,-6.5,-7.1,52,65,22,35,23.8,0,0,0,0,0,0,10856937776.733398,70112608.0,0.0708,0.047,1253490,1010580,0,36.5,30.9,2026-09-25
1195,EVRG,Utilities,Utilities - Regulated Electric,NASDAQ,2095840,78.42,91.06,0,15,-11.51,7.4,33.8,-3.0,-3.8,-6.1,-4.0,52,52,67,75,35.5,0,0,0,0,0,0,18394648700.705933,230567172.0,0.0937,0.044,2326490,2040304,0,57.4,2.2,2026-09-25
1196,EFC,Real Estate,REIT - Mortgage,NYSE,1139333,12.41,91.03,-5,1,-12.11,9.5,39.5,-2.1,-5.0,-7.1,-6.0,52,57,63,40,22.1,0,0,0,0,0,0,1603359027.7567005,128887386.0,0.07,0.338,1483350,1181788,0,45.5,20.2,2026-09-25
1197,WWW,Consumer Cyclical,Footwear & Accessories,NYSE,782006,19.11,90.97,-16,-53,-36.81,31.7,32.4,-0.2,-1.5,-1.3,7.8,52,68,31,34,8.3,0,0,0,0,0,0,1553515822.314659,82066339.0,0.1182,0.068,656080,781668,0,35.3,40.3,2026-09-25
1198,DCI,Industrials,Specialty Industrial Machinery,NYSE,682060,86.74,90.93,-5,-5,-23.13,8.4,21.9,-0.5,-2.9,-5.9,-5.2,52,57,57,67,34.7,0,0,0,0,0,0,10019351963.625977,115911056.0,0.026700001,0.08,812950,692160,0,53.9,9.2,2026-09-25
1199,GSIT,Technology,Semiconductors,NASDAQ,502083,5.63,90.9,25,85,-68.98,49.7,19.7,5.2,2.1,-5.6,-21.3,52,27,87,87,68.5,0,0,0,0,0,0,204139434.9470029,38372073.0,0.1237,0.005,637010,575452,0,67.4,-38.7,2026-09-25
1200,RF,Financial Services,Banks - Regional,NYSE,7532576,27.39,90.78,-17,-16,-15.65,16.7,43.2,-5.5,-7.6,-10.7,-5.0,51,68,69,64,30.0,0,0,0,0,0,0,24279990921.0,851929506.0,0.0866,0.034,8511390,8491326,0,57.7,19.7,2026-09-25
1201,UL,Consumer Defensive,Household & Personal Products,NYSE,3411750,62.16,90.78,2,-14,-17.1,13.1,36.8,-0.0,-1.6,-1.4,-0.8,51,49,33,31,18.9,0,0,0,0,0,0,133114826558.79576,2153264756.0,1.11,0.005,2792660,4031124,0,33.0,20.3,2026-09-25
1202,FWONK,Communication Services,Entertainment,NASDAQ,1992363,93.25,90.75,-15,-45,-14.73,16.8,50.8,0.1,-1.8,-4.2,3.1,51,66,36,30,19.9,0,0,0,0,0,0,23701980401.430477,250708485.0,0.0374,0.183,2425260,2009932,0,38.0,33.3,2026-09-25
1203,FTS,Utilities,Utilities - Regulated Electric,NYSE,708630,53.3,90.63,1,14,-10.27,7.6,39.4,-1.5,-2.6,-5.2,-4.2,50,49,62,73,36.1,0,0,0,0,0,0,27639689220.428467,510900000.0,19.78,0.041,679250,756132,0,55.0,0.3,2026-09-25
1204,WAY,Healthcare,Health Information Services,NASDAQ,2261860,24.76,90.59,12,-14,-38.64,42.3,32.9,-2.2,-2.3,1.9,0.1,50,38,12,16,8.1,0,0,0,0,0,0,4920264325.301514,191748416.0,0.0846,0.181,2474160,2570934,0,18.5,22.0,2026-09-25
1205,AMH,Real Estate,REIT - Residential,NYSE,2407386,30.93,90.58,-11,-11,-11.8,12.0,44.3,-2.0,-4.7,-7.7,-3.2,50,61,61,28,19.4,0,0,0,0,0,0,11161462054.090244,359815019.0,0.0436,0.028,3416740,2334440,0,42.4,27.4,2026-09-25
1206,HTHT,Consumer Cyclical,Lodging,NASDAQ,1603400,42.78,90.55,-16,-41,-24.47,13.5,26.2,-2.3,-6.2,-4.5,-11.6,50,66,41,83,36.7,0,0,0,0,0,0,13358834275.040302,307523819.0,0.0469,0.108,1332120,1559834,0,56.7,13.7,2026-09-25
1207,RJF,Financial Services,Asset Management,NYSE,1203423,158.23,90.53,-17,-50,-13.41,12.7,44.4,-4.5,-7.5,-8.6,-1.4,50,67,34,37,18.1,0,0,0,0,0,0,31691591887.25,192361711.0,0.0463,0.151,1373230,1200442,0,39.0,33.8,2026-09-25
1208,TT,Industrials,Building Products & Equipment,NYSE,977833,437.09,90.52,1,18,-13.6,16.5,48.9,1.7,-0.2,-4.1,-1.6,50,49,66,64,35.7,0,0,0,0,0,0,94414142259.47424,220023177.0,0.0136,0.106,1117680,1123090,0,53.7,2.0,2026-09-25
1209,DNP,Financial Services,Asset Management,NYSE,666176,9.97,90.51,-8,-5,-10.66,0.2,1.6,-3.3,-6.2,-8.5,-6.2,50,58,61,66,26.2,0,0,0,0,0,0,3822118443.150692,378802615.0,0.0028,0.043,910679,638259,0,52.8,14.0,2026-09-25
1210,STAG,Real Estate,REIT - Industrial,NYSE,1446006,36.83,90.51,14,37,-13.56,8.0,36.8,0.3,-0.0,-2.0,-2.0,50,36,59,54,34.5,0,0,0,0,0,0,7249592876.197838,192808329.0,0.0444,0.081,1394000,1621856,0,45.9,-5.1,2026-09-25
1211,DLTR,Consumer Defensive,Discount Stores,NASDAQ,2749233,113.16,90.48,-33,-50,-20.53,33.5,50.7,-1.0,-6.5,-9.6,-3.6,50,83,66,68,49.3,0,0,0,0,0,0,21007088104.25933,187630299.0,0.0494,0.07,3598490,2607582,0,66.6,21.6,2026-09-25
1212,VIK,Consumer Cyclical,Travel Services,NYSE,4113043,80.3,90.48,-29,-18,-27.06,39.3,43.8,-5.4,-7.0,-15.8,-4.9,50,79,90,83,55.7,0,0,0,0,0,0,37584598816.11569,446638124.0,0.0335,0.165,4178530,3234858,1,76.9,9.8,2026-09-25
1213,TREX,Industrials,Building Products & Equipment,NYSE,1457856,43.62,90.46,-18,-15,-19.67,43.4,55.8,-0.6,-2.5,-4.9,3.5,50,68,71,25,13.8,0,0,0,0,0,0,4348624821.20945,101865190.0,0.1037,0.078,1627650,1902678,0,44.4,35.4,2026-09-25
1214,AVO,Consumer Defensive,Food Distribution,NASDAQ,690946,12.7,90.43,-5,-27,-18.22,28.2,54.5,1.5,1.3,0.7,0.5,50,55,33,77,31.0,0,0,0,0,0,0,1131051378.1533432,87678404.0,0.0846,0.258,1033200,758668,0,49.0,9.8,2026-09-25
1215,PAGS,Technology,Software - Infrastructure,NYSE,2972703,9.09,90.43,21,24,-26.22,6.9,16.3,-5.7,-4.8,-2.8,-7.8,50,29,32,68,16.5,0,0,0,0,0,0,2588349143.1168995,279519339.0,0.1229,-0.002,3221530,2828986,0,36.4,-1.9,2026-09-25
1216,CNXC,Technology,Information Technology Services,NASDAQ,1438050,30.21,90.37,27,18,-47.27,40.2,24.3,2.7,0.2,10.2,-2.8,49,22,13,12,5.9,0,0,0,0,0,0,1700581465.7086372,61018350.0,0.18049999,0.019,1849450,1359484,0,13.2,11.0,2026-09-25
1217,SWIM,Industrials,Building Products & Equipment,NASDAQ,828520,6.34,90.33,-14,-26,-29.29,30.9,45.7,-1.1,-5.8,-4.8,0.7,49,63,51,26,13.2,0,0,0,0,0,0,729405710.7607899,117646086.0,0.0602,0.144,880490,853116,0,38.3,33.5,2026-09-25
1218,PG,Consumer Defensive,Household & Personal Products,NYSE,8881726,147.39,90.32,14,23,-11.87,5.5,26.2,-0.3,-0.0,-0.3,-1.2,49,35,44,40,22.0,0,0,0,0,0,0,340015998336.0333,2322672312.0,0.0121,0.015,8826320,8603574,0,35.2,4.6,2026-09-25
1219,LXU,Basic Materials,Chemicals,NYSE,772220,10.27,90.3,-3,-2,-40.36,30.0,25.5,-8.2,-8.3,-6.8,-13.1,49,52,53,96,52.8,0,0,0,0,0,0,794852441.4135132,71997504.0,0.0627,0.111,950480,833090,1,63.4,-9.3,2026-09-25
1220,VRDN,Healthcare,Biotechnology,NASDAQ,1538346,21.43,90.28,-17,-64,-37.5,55.3,35.9,-5.1,-8.1,-5.0,-11.1,49,66,19,47,33.1,0,0,0,0,0,0,2492429918.0,113292269.0,0.1785,2.787,1926810,1668728,0,41.3,24.9,2026-09-25
1221,LPTH,Technology,Electronic Components,NASDAQ,3477203,9.81,90.26,-44,-42,-48.2,62.8,32.4,4.0,-1.5,-12.0,-16.5,49,93,95,97,68.7,0,0,0,0,0,0,693358868.0832901,70036252.0,0.15439999,0.733,3374430,3110940,3,88.4,11.2,2026-09-25
1222,SGML,Basic Materials,Other Industrial Metals & Mining,NASDAQ,2009726,10.14,90.16,-21,-5,-58.58,113.2,27.9,4.2,-7.9,-7.8,-25.7,49,70,86,91,77.1,0,0,0,0,0,0,1122306110.6689825,112568313.0,0.045300003,2.239,2357250,1846046,1,81.0,-9.4,2026-09-25
1223,HLT,Consumer Cyclical,Lodging,NYSE,1821756,307.22,90.15,-12,-5,-14.18,21.6,59.2,1.6,0.2,-2.0,-0.8,49,61,68,74,46.1,0,0,0,0,0,0,68809097406.93695,225064910.0,0.026199998,0.025,1804690,1940638,0,62.3,4.1,2026-09-25
1224,KRG,Real Estate,REIT - Retail,NYSE,2038456,24.69,90.1,-8,12,-17.48,15.8,39.8,-3.0,-4.1,-8.3,-4.9,49,57,77,69,41.0,0,0,0,0,0,0,5094822567.331032,200346933.0,0.0951,-0.08,2265580,2456170,0,61.0,3.6,2026-09-25
1225,AR,Energy,Oil & Gas E&P,NYSE,3667550,35.65,90.07,-14,-51,-22.08,20.2,40.1,-1.5,-4.7,-1.4,-0.8,49,63,26,75,39.6,0,0,0,0,0,0,10717323727.645874,307439000.0,0.0481,0.126,4345300,4058950,0,50.9,13.0,2026-09-25
1226,DIS,Communication Services,Entertainment,NYSE,8032950,103.46,89.97,-4,-26,-11.64,14.2,54.2,-0.0,-0.6,2.3,1.5,48,52,30,30,20.8,0,0,0,0,0,0,177278941066.68185,1726686902.0,0.012,0.068,9041560,9586626,0,33.2,22.2,2026-09-25
1227,TFC,Financial Services,Banks - Regional,NYSE,6668343,47.0,89.96,-12,-11,-16.37,14.8,41.4,-3.7,-5.2,-7.7,-5.4,48,60,61,58,31.7,0,0,0,0,0,0,59322169366.92827,1221626188.0,0.021,0.082,8717360,7109038,0,52.7,14.4,2026-09-25
1228,TRI,Industrials,Specialty Business Services,NASDAQ,1664060,98.45,89.96,-7,-48,-40.08,31.1,27.4,1.2,-1.5,-0.5,0.6,48,55,14,12,7.3,0,0,0,0,0,0,40894597682.54434,433251382.0,6.04,0.095,1704210,2015110,0,22.1,36.6,2026-09-25
1229,OBDC,Financial Services,Asset Management,NYSE,3158203,10.95,89.92,5,-8,-21.45,1.1,4.2,-2.6,-3.6,-3.6,-6.1,48,43,30,33,12.4,0,0,0,0,0,0,5508402533.353792,493142569.0,0.041199997,-0.174,2840040,3606422,0,29.6,18.6,2026-09-25
1230,ODFL,Industrials,Trucking,NASDAQ,1719646,177.72,89.91,-19,-6,-29.48,38.5,39.7,-1.4,-5.1,-14.4,-12.1,48,67,80,81,55.1,0,0,0,0,0,0,35872695606.0,207356622.0,0.0461,0.104,1849970,1708414,0,70.8,1.9,2026-09-25
1231,CENX,Basic Materials,Aluminum,NASDAQ,1874233,38.82,89.9,-19,1,-44.88,47.5,28.6,-5.9,-12.5,-14.9,-24.2,48,67,87,97,65.7,0,0,0,0,0,0,3861728271.793041,98993295.0,0.14819999,0.197,1806430,1914082,1,79.2,-7.4,2026-09-25
1232,BBT,Financial Services,Banks - Regional,NYSE,904463,27.91,89.85,-21,-22,-14.99,21.1,51.4,-7.6,-9.1,-9.9,-5.8,48,69,68,77,40.9,0,0,0,0,0,0,2584049924.98534,83816086.0,0.048299998,1.445,1244730,856906,0,63.7,12.5,2026-09-25
1233,KSS,Consumer Cyclical,Department Stores,NYSE,4397063,17.04,89.85,-33,-26,-32.43,47.1,42.5,2.0,-2.1,-5.4,1.0,48,81,88,60,29.0,0,0,0,0,0,0,1876380078.250637,113376445.0,0.3199,-0.009,3754970,3917814,0,64.5,29.5,2026-09-25
1234,FNB,Financial Services,Banks - Regional,NYSE,3541746,17.3,89.82,-13,-3,-11.69,19.0,57.6,-2.9,-3.9,-6.6,-2.4,48,61,71,66,36.9,0,0,0,0,0,0,6382433714.201576,355963949.0,0.0939,0.068,4246060,4580372,0,58.7,10.1,2026-09-25
1235,CIFR,Technology,Information Technology Services,NASDAQ,35750806,18.35,89.82,-22,5,-39.12,57.8,37.4,4.0,7.2,-0.6,-1.5,48,70,97,96,56.5,0,0,0,0,0,0,7611663504.808662,415030722.0,0.20989999,-0.43,38901860,34580568,2,79.9,-1.2,2026-09-25
1236,HR,Real Estate,REIT - Healthcare Facilities,NYSE,3485720,17.96,89.81,-6,15,-18.51,9.1,26.9,-3.4,-5.2,-9.6,-5.0,48,54,75,59,26.8,0,0,0,0,0,0,6258062896.042328,342719760.0,0.090299994,-0.043,4409540,3695366,0,53.7,10.5,2026-09-25
1237,LAR,Basic Materials,Other Industrial Metals & Mining,NYSE,2018173,5.78,89.79,-15,16,-52.03,77.5,28.9,-2.7,-10.0,-10.5,-23.8,48,63,94,97,80.8,0,0,0,0,0,0,946856996.8700408,164100000.0,0.0317,,1891770,1998312,2,83.7,-18.8,2026-09-25
1238,SMMT,Healthcare,Biotechnology,NASDAQ,6449266,16.45,89.78,33,35,-43.72,31.8,28.3,-5.4,-0.8,10.8,-0.1,48,15,17,45,15.0,0,0,0,0,0,0,14239830700.017324,797749602.0,0.2642,,6091460,5385328,0,23.0,-6.2,2026-09-25
1239,OMF,Financial Services,Credit Services,NYSE,886566,57.25,89.77,-21,-32,-20.41,15.0,33.5,-6.5,-8.4,-9.3,-5.5,48,69,58,39,20.8,0,0,0,0,0,0,6995671887.875416,115041469.0,0.0342,-0.027,940350,951134,0,46.7,31.2,2026-09-25
1240,ZBH,Healthcare,Medical Devices,NYSE,1908273,90.88,89.76,-12,-26,-14.97,12.7,41.4,-4.8,-7.0,-6.6,-1.9,48,60,46,38,16.4,0,0,0,0,0,0,18188746139.457047,190737689.0,0.0608,0.048,2357220,2204854,0,40.1,27.6,2026-09-25
1241,TOST,Technology,Software - Infrastructure,NYSE,8482636,29.81,89.75,-35,-96,-27.2,34.8,46.6,-3.0,-7.8,-8.6,0.5,48,83,22,19,11.6,0,0,0,0,0,0,17189719867.7063,578000000.0,0.056500003,0.231,8354250,9243068,0,33.9,54.6,2026-09-25
1242,TRP,Energy,Oil & Gas Midstream,NYSE,2255716,60.2,89.71,-2,22,-15.77,19.8,46.7,-2.2,-3.6,-7.1,-5.2,48,50,74,79,41.8,0,0,0,0,0,0,64110335733.60608,1041766896.0,11.82,0.057,3029080,2364208,0,61.2,-4.1,2026-09-25
1243,REG,Real Estate,REIT - Retail,NASDAQ,1225586,72.73,89.69,-3,11,-13.06,8.6,37.1,-1.0,-2.3,-5.6,-4.2,48,51,65,67,30.5,0,0,0,0,0,0,13358643344.81044,183120547.0,0.044699997,0.089,1552890,1330346,0,53.4,5.6,2026-09-25
1244,SPIR,Industrials,Specialty Business Services,NYSE,626380,12.21,89.69,-26,-12,-52.91,74.6,28.4,4.7,1.1,-2.3,-10.3,48,74,88,88,35.3,0,0,0,0,0,0,445911509.4787941,39115046.0,0.0999,-0.059,759700,681628,0,71.3,15.1,2026-09-25
1245,PNFP,Financial Services,Banks - Regional,NYSE,945103,93.4,89.67,-9,-10,-15.34,14.3,43.7,-3.3,-4.9,-7.7,-3.2,48,57,56,30,25.5,0,0,0,0,0,0,14620147920.0,151112640.0,0.0345,1.37,1079270,1103882,0,42.1,21.2,2026-09-25
1246,DXC,Technology,Information Technology Services,NYSE,2526600,10.88,89.65,16,-4,-30.61,31.5,35.9,-4.3,-4.0,-0.0,-8.4,48,32,12,27,11.1,0,0,0,0,0,0,1722414224.754487,159778689.0,0.1997,-0.051,2844680,3164280,0,20.5,13.5,2026-09-25
1247,UPS,Industrials,Integrated Freight & Logistics,NYSE,4397660,95.82,89.62,-10,-1,-21.72,11.5,25.3,-6.2,-8.3,-12.0,-12.5,48,58,67,57,37.7,0,0,0,0,0,0,84278421435.81653,850781582.0,0.033800002,0.076,5020980,4953292,0,54.9,9.4,2026-09-25
1248,KIM,Real Estate,REIT - Retail,NYSE,5004580,22.21,89.62,-11,3,-16.66,12.5,37.4,-2.1,-4.5,-8.6,-4.1,48,59,73,69,29.3,0,0,0,0,0,0,15112885034.28451,670789373.0,0.0575,0.049,6485490,4885468,0,57.6,11.4,2026-09-25
1249,BTU,Energy,Thermal Coal,NYSE,2423140,26.41,89.59,-20,-57,-35.8,23.3,26.0,-4.3,-7.9,0.5,-11.4,48,68,31,93,40.1,0,0,0,0,0,0,3074317916.2979126,121900000.0,0.1382,0.127,2984530,2453720,1,58.0,12.6,2026-09-25
1250,WULF,Financial Services,Capital Markets,NASDAQ,29986043,16.35,89.56,-9,32,-45.21,50.4,30.1,-0.1,0.8,-3.6,-9.8,48,57,98,98,69.3,0,0,1,1,0,2,8487457309.974867,498968677.0,0.2882,-0.06,30005080,31221312,2,80.6,-18.4,2026-09-25
1251,BBIO,Healthcare,Biotechnology,NASDAQ,2366383,65.71,89.55,-35,-50,-29.66,35.3,42.0,-3.5,-8.7,-15.5,-10.2,47,82,67,89,56.9,0,0,0,0,0,0,13021788649.489456,195492997.0,0.1248,1.204,3106040,2243480,0,73.7,12.7,2026-09-25
1252,ELAN,Healthcare,Drug Manufacturers - Specialty & Generic,NYSE,5414576,22.57,89.53,-15,-4,-19.34,20.6,45.9,-1.8,-4.9,-7.6,-6.0,47,62,73,89,46.6,0,0,0,0,0,0,11197659688.96498,499449583.0,0.098400004,0.102,5591670,6407014,0,67.7,1.2,2026-09-25
1253,EXR,Real Estate,REIT - Industrial,NYSE,1182176,133.84,89.51,-7,1,-15.76,4.4,21.2,-3.2,-4.6,-8.3,-6.7,47,54,62,41,22.2,0,0,0,0,0,0,28882662692.615757,211269558.0,0.029000001,0.038,1783000,1251066,0,44.8,17.7,2026-09-25
1254,ED,Utilities,Utilities - Regulated Electric,NYSE,2070886,102.61,89.51,-3,4,-11.72,7.7,36.4,-2.3,-3.5,-5.1,-4.6,47,50,57,71,34.1,0,0,0,0,0,0,38991032890.05274,369828633.0,0.0341,0.132,1906360,2155750,0,53.0,3.1,2026-09-25
1255,SHW,Basic Materials,Specialty Chemicals,NYSE,1615930,326.46,89.49,-3,-2,-13.58,9.4,34.4,-0.5,-2.5,-5.4,-3.9,47,50,51,39,19.9,0,0,0,0,0,0,77859824437.2507,242758151.0,0.0291,0.075,1802000,1824748,0,40.0,17.1,2026-09-25
1256,WPC,Real Estate,REIT - Diversified,NYSE,1321983,66.49,89.48,-3,11,-13.9,2.9,14.7,-2.2,-4.3,-7.6,-7.1,47,50,64,67,25.2,0,0,0,0,0,0,15095146889.209358,227816879.0,0.0502,0.184,1754310,1334926,0,51.6,7.6,2026-09-25
1257,FFIN,Financial Services,Banks - Regional,NASDAQ,678483,31.92,89.47,-4,6,-12.6,12.5,45.3,-2.2,-2.6,-5.7,-1.1,47,51,61,34,20.7,0,0,0,0,0,0,4702575701.500378,143327507.0,0.0789,0.098,840780,718104,0,41.7,17.5,2026-09-25
1258,CART,Consumer Cyclical,Internet Retail,NASDAQ,4048990,42.96,89.44,-34,-52,-18.45,31.4,54.8,-5.7,-9.6,-9.0,1.5,47,81,63,35,28.8,0,0,0,0,0,0,10503157792.521252,231500067.0,0.1091,0.141,4771990,4123442,0,51.9,37.1,2026-09-25
1259,PCRX,Healthcare,Drug Manufacturers - Specialty & Generic,NASDAQ,545910,24.63,89.43,-1,0,-10.95,33.4,75.7,3.2,0.5,0.9,6.9,47,48,49,34,23.0,0,0,0,0,0,0,984189986.628544,39861886.0,0.2643,0.062,574570,602066,0,38.5,15.2,2026-09-25
1260,RMD,Healthcare,Medical Instruments & Supplies,NYSE,1390286,222.3,89.43,12,-1,-21.96,21.4,38.9,-0.9,-2.5,0.9,-2.2,47,35,22,35,13.1,0,0,0,0,0,0,32455327119.341583,144252306.0,0.104499996,0.086,1419140,1401196,0,26.3,12.2,2026-09-25
1261,ALV,Consumer Cyclical,Auto Parts,NYSE,598113,115.4,89.41,4,16,-12.69,13.5,43.3,-3.0,-4.8,-5.8,-4.4,47,43,55,40,18.0,0,0,0,0,0,0,8567289890.512474,73237217.0,0.0761,0.033,713640,670166,0,39.0,11.9,2026-09-25
1262,AROC,Energy,Oil & Gas Equipment & Services,NYSE,1850800,30.84,89.38,-2,36,-26.97,33.2,40.4,-1.8,-3.3,-8.5,-8.6,47,49,87,86,54.4,0,0,0,0,0,0,5533673024.959307,175338185.0,0.0583,-0.031,2064870,1836812,0,69.1,-13.9,2026-09-25
1263,AI,Technology,Software - Infrastructure,NYSE,5201926,10.86,89.37,22,14,-46.29,38.7,25.2,0.3,1.6,8.3,3.2,47,25,17,8,6.6,0,0,0,0,0,0,1684972817.2808228,160779856.0,0.3149,-0.255,4854760,5130100,0,14.1,13.4,2026-09-25
1264,GDDY,Technology,Software - Infrastructure,NYSE,2028086,96.38,89.37,14,-2,-34.96,34.4,37.8,1.0,1.8,4.9,6.7,47,33,17,11,8.8,0,0,0,0,0,0,12343085115.890564,126647704.0,0.0643,0.066,2435660,2060066,0,17.5,18.1,2026-09-25
1265,ARR,Real Estate,REIT - Mortgage,NYSE,3795676,14.6,89.36,-11,-1,-24.39,0.0,0.0,-5.9,-9.6,-12.6,-17.4,47,58,68,69,27.3,0,0,0,0,0,0,2077998758.4785612,141553046.0,0.0,,4905960,3901114,0,55.6,12.1,2026-09-25
1266,WMG,Communication Services,Entertainment,NASDAQ,2004716,27.16,89.36,22,37,-23.32,15.4,32.9,-2.8,-3.2,-0.5,-4.6,47,25,40,29,13.6,0,0,0,0,0,0,14657535966.840649,523109769.0,0.090500005,0.104,2339580,2060398,0,26.9,3.4,2026-09-25
1267,LW,Consumer Defensive,Packaged Foods,NYSE,1324546,45.04,89.34,-21,-51,-32.85,15.3,21.0,-5.2,-10.4,-12.7,-4.4,47,68,38,32,12.8,0,0,0,0,0,0,6416338732.120819,137483158.0,0.0523,0.056,1501120,1609818,0,37.7,37.8,2026-09-25
1268,NTST,Real Estate,REIT - Retail,NYSE,1718526,18.37,89.31,-13,-2,-18.25,7.8,26.0,-1.7,-5.7,-10.0,-6.9,47,60,71,71,31.3,0,0,0,0,0,0,1844763731.4059715,101527998.0,0.16299999,0.269,1524910,1553054,0,58.3,11.0,2026-09-25
1269,CRC,Energy,Oil & Gas E&P,NYSE,868076,52.1,89.28,13,16,-27.62,20.4,33.4,-4.1,-3.3,-1.5,-6.5,47,34,37,90,22.5,0,0,0,0,0,0,4802491587.40432,88819893.0,0.0647,0.33,1010880,845624,1,45.9,-5.8,2026-09-25
1270,LTM,Industrials,Airlines,NYSE,780016,52.46,89.27,-4,21,-25.5,24.2,37.5,0.7,0.7,-1.3,-3.6,47,51,76,74,37.0,0,0,0,0,0,0,14973852926.5418,292743939.0,0.0117,0.272,727970,758396,0,59.5,-0.1,2026-09-25
1271,BXP,Real Estate,REIT - Office,NYSE,1314163,62.36,89.25,-17,-21,-19.3,22.1,44.5,-2.2,-5.2,-8.1,-1.4,47,64,60,23,13.6,0,0,0,0,0,0,10085820200.17096,159661556.0,0.0935,0.037,1621420,1398920,0,40.2,33.8,2026-09-25
1272,MRTN,Industrials,Trucking,NASDAQ,623573,13.17,89.25,-16,7,-28.73,36.5,38.7,-5.3,-7.6,-13.8,-10.7,47,63,86,69,44.7,0,0,0,0,0,0,1102432531.5,81661669.0,0.0923,-0.028,898070,666138,0,65.7,5.7,2026-09-25
1273,RLI,Financial Services,Insurance - Property & Casualty,NYSE,594383,56.85,89.21,-26,-65,-15.3,17.5,44.5,-5.8,-8.6,-9.9,-5.0,47,73,34,29,15.6,0,0,0,0,0,0,5450396632.286224,91772970.0,0.103999995,0.152,710340,732048,0,37.9,41.4,2026-09-25
1274,RITM,Real Estate,REIT - Mortgage,NYSE,4550080,9.42,89.2,-6,-28,-22.47,4.0,10.6,-4.2,-6.6,-7.1,-8.9,47,53,31,31,11.4,0,0,0,0,0,0,5221105952.865377,558407031.0,0.0546,0.097,5455300,5410108,0,31.6,27.4,2026-09-25
1275,AAUC,Basic Materials,Gold,NYSE,522576,22.38,89.19,-16,-23,-30.5,50.4,42.6,0.1,-3.1,1.0,-17.0,47,63,56,96,60.1,0,0,0,0,0,0,3192460207.367199,139347893.0,0.031,0.454,488440,747614,1,68.8,-4.5,2026-09-25
1276,OC,Industrials,Building Products & Equipment,NYSE,989036,122.88,89.19,-29,-41,-23.16,22.8,37.0,-4.0,-8.1,-14.2,-4.1,47,76,64,29,14.3,0,0,0,0,0,0,9794131944.318718,79048683.0,0.0335,0.003,1237790,969986,0,45.8,41.5,2026-09-25
1277,VNO,Real Estate,REIT - Office,NYSE,1218826,34.16,89.16,-26,-23,-18.99,39.1,56.9,-1.2,-4.2,-9.5,3.0,47,73,76,20,13.7,0,0,0,0,0,0,6516546816.81292,186720531.0,0.0001,0.05,1510610,1453320,0,45.7,39.9,2026-09-25
1278,BTI,Consumer Defensive,Tobacco,NYSE,5096660,55.85,89.15,15,50,-17.01,11.2,34.5,0.1,0.3,-3.1,-5.2,47,32,67,78,31.9,0,0,0,0,0,0,120193425711.87971,2152846530.0,0.0016,0.014,6304640,4741274,0,52.2,-12.7,2026-09-25
1279,SVRA,Healthcare,Biotechnology,NASDAQ,1539696,5.0,89.14,-29,-16,-28.62,50.4,47.6,-3.7,-5.1,-7.2,-9.1,46,75,88,92,69.5,0,0,0,0,0,0,1100459104.9879415,204927212.0,0.2357,,1549850,1593294,1,81.1,-2.0,2026-09-25
1280,GE,Industrials,Aerospace & Defense,NYSE,4063183,319.8,89.11,-18,-4,-17.76,17.0,43.1,0.8,-2.2,-7.6,-1.0,46,64,78,64,33.9,0,0,0,0,0,0,326074759561.5078,1037562513.0,0.0154,0.211,5187070,4008882,0,60.0,13.6,2026-09-25
1281,LUV,Industrials,Airlines,NYSE,5062713,41.04,89.1,-9,23,-25.53,40.0,47.3,3.5,4.9,-3.5,-4.3,46,55,87,63,57.0,0,0,0,0,0,0,20047751853.038258,489208201.0,0.0761,0.164,6798280,5308148,0,65.5,-5.8,2026-09-25
1282,ETR,Utilities,Utilities - Regulated Electric,NYSE,2515800,99.23,89.08,-7,12,-16.23,8.7,28.4,-4.2,-6.3,-8.7,-7.4,46,53,72,83,39.0,0,0,0,0,0,0,48738081959.462814,477777482.0,0.0496,0.059,3203330,2601594,0,61.8,-0.9,2026-09-25
1283,JD,Consumer Cyclical,Internet Retail,NASDAQ,7747480,27.16,89.03,5,-13,-26.32,6.2,14.2,-1.0,-2.9,-9.3,-7.7,46,41,23,35,12.4,0,0,0,0,0,0,36355460103.03497,1350500000.0,0.0179,-0.029,5886850,7539014,0,27.8,17.3,2026-09-25
1284,DUOL,Technology,Software - Application,NASDAQ,1178443,145.98,89.03,-11,-50,-58.65,64.1,22.4,0.2,-0.5,5.3,14.2,46,57,18,5,5.1,0,0,0,0,0,0,6611563017.918182,46593117.0,0.2157,0.183,1173060,1217036,0,21.3,40.3,2026-09-25
1285,SMA,Real Estate,REIT - Industrial,NYSE,723330,31.68,89.01,-10,-16,-18.12,5.5,18.4,-2.8,-3.8,-6.7,-3.5,46,56,50,36,14.4,0,0,0,0,0,0,1803365153.812752,55368903.0,0.0924,0.114,827790,758696,0,39.1,25.4,2026-09-25
1286,COCO,Consumer Defensive,Beverages - Non-Alcoholic,NASDAQ,1266110,57.98,89.0,-25,-4,-32.45,51.7,44.8,6.3,4.5,-5.9,-3.4,46,71,92,74,68.6,0,0,0,0,0,0,3229977002.801262,57864153.0,0.12529999,0.281,1917580,1226430,1,76.4,-1.5,2026-09-25
1287,YETI,Consumer Cyclical,Leisure,NYSE,2049570,41.86,89.0,-5,30,-22.47,30.8,48.0,2.3,2.2,-8.2,-5.6,46,51,86,47,49.7,0,0,0,0,0,0,3080857012.336761,72988796.0,0.141,0.085,2077860,1703354,0,58.4,-2.0,2026-09-25
1288,RSG,Industrials,Waste Management,NYSE,1584946,213.1,88.99,-3,-18,-8.71,7.6,43.4,-2.8,-3.6,-2.4,-1.2,46,49,34,42,21.1,0,0,0,0,0,0,66775866355.23084,306212978.0,0.0216,0.046,1855760,1525568,0,36.5,16.8,2026-09-25
1289,SWX,Utilities,Utilities - Regulated Gas,NYSE,591750,82.34,88.99,-10,-4,-12.84,5.4,24.7,-4.7,-6.6,-9.3,-7.0,46,56,62,73,31.4,0,0,0,0,0,0,6219476369.506401,72445853.0,0.0346,-0.096,950310,550612,0,55.6,8.3,2026-09-25
1290,DX,Real Estate,REIT - Mortgage,NYSE,5533413,11.73,88.93,-10,-4,-21.43,0.0,0.0,-6.3,-9.0,-11.1,-14.7,46,56,62,64,20.6,0,0,0,0,0,0,3022673124.794533,248166917.0,0.052699998,,7737220,5797550,0,50.7,15.5,2026-09-25
1291,MRCY,Industrials,Aerospace & Defense,NASDAQ,808283,82.72,88.91,-14,16,-35.6,25.8,28.4,-0.9,-1.7,-12.5,-9.1,46,60,90,78,37.2,0,0,0,0,0,0,5190446539.78363,60863586.0,0.1009,0.061,726140,733030,1,66.3,4.8,2026-09-25
1292,MSCI,Financial Services,Financial Data & Stock Exchanges,NYSE,549060,555.7,88.91,6,7,-13.81,8.6,33.5,0.8,-0.4,-2.2,-2.9,46,40,41,39,24.6,0,0,0,0,0,0,40193648645.01953,72700000.0,0.019299999,0.122,599170,648944,0,36.1,7.8,2026-09-25
1293,NVST,Healthcare,Medical Instruments & Supplies,NYSE,2622650,23.82,88.91,-26,-26,-21.7,27.0,45.3,-1.9,-6.9,-10.2,-5.9,46,72,72,82,44.5,0,0,0,0,0,0,3750423566.4207935,160617709.0,0.0795,0.071,3511010,2798904,0,67.6,11.7,2026-09-25
1294,CAG,Consumer Defensive,Packaged Foods,NYSE,10472053,14.78,88.89,-11,-45,-27.26,16.6,28.1,-1.5,-4.4,-3.8,-6.7,46,57,23,27,12.7,0,0,0,0,0,0,7263423160.669379,480067621.0,0.1261,0.036,11963070,12378908,0,29.9,31.5,2026-09-25
1295,AVTX,Healthcare,Biotechnology,NASDAQ,926660,15.3,88.89,-38,-29,-36.96,45.6,40.8,-3.3,-11.8,-15.4,-6.7,46,84,93,91,62.5,0,0,0,0,0,0,888648901.3634262,53629989.0,0.2313,,1319920,899912,2,82.6,8.5,2026-09-25
1296,OGE,Utilities,Utilities - Regulated Electric,NYSE,1479020,44.71,88.88,8,29,-11.62,5.0,27.2,-3.1,-3.9,-5.8,-5.0,46,38,59,69,26.9,0,0,0,0,0,0,9401514024.630169,206581287.0,0.0679,-0.04,1581050,1441394,0,48.2,-2.7,2026-09-25
1297,VMRK,Real Estate,REIT - Residential,NYSE,6516816,61.29,88.88,-13,-12,-14.28,5.3,25.2,-3.6,-5.2,-7.5,-4.7,46,59,60,37,20.4,0,0,0,0,0,0,47370758670.95459,773779120.0,0.0249,0.033,7438620,5073030,0,44.1,23.6,2026-09-25
1298,MAS,Industrials,Building Products & Equipment,NYSE,2134296,68.16,88.81,-10,10,-18.51,14.9,36.0,-1.3,-3.8,-8.5,-3.8,46,56,76,35,21.6,0,0,0,0,0,0,13420576004.385376,197187430.0,0.048699997,-0.029,2806870,2453314,0,47.1,19.4,2026-09-25
1299,ARE,Real Estate,REIT - Office,NYSE,1990116,51.86,88.8,-2,-8,-40.76,24.9,21.6,-3.7,-3.2,-1.2,0.6,46,48,42,21,6.9,0,0,0,0,0,0,9172678132.801723,172095277.0,0.059,-0.119,2137210,1929244,0,29.5,26.6,2026-09-25
1300,D,Utilities,Utilities - Regulated Electric,NYSE,4192943,61.17,88.79,-8,7,-16.19,5.8,22.7,-4.7,-6.7,-10.3,-6.0,46,54,69,66,28.1,0,0,0,0,0,0,55920261447.88011,879525949.0,0.0309,0.176,5201470,4051982,0,54.3,9.0,2026-09-25
1301,TPG,Financial Services,Asset Management,NASDAQ,2882566,44.93,88.73,-20,-65,-36.16,15.0,18.0,-6.0,-11.8,-9.7,-10.1,46,66,21,20,8.6,0,0,0,0,0,0,7747247229.379547,166715021.0,0.071,1.102,2932360,2714274,0,28.9,42.4,2026-09-25
1302,RKLB,Industrials,Aerospace & Defense,NASDAQ,17921803,70.31,88.71,11,70,-53.44,86.4,30.8,9.7,12.3,6.1,-9.1,46,35,94,94,65.7,0,0,0,0,0,0,41279712640.140594,639301732.0,0.0763,0.62,20848040,18898162,2,72.2,-33.0,2026-09-25
1303,ARCO,Consumer Cyclical,Restaurants,NYSE,1124336,7.41,88.7,-2,9,-24.0,8.9,20.6,-5.9,-8.3,-10.1,-11.7,46,48,59,72,31.5,0,0,0,0,0,0,1586292863.4088683,210663057.0,0.0275,0.143,1105400,1076582,0,52.6,2.3,2026-09-25
1304,COLM,Consumer Cyclical,Apparel Manufacturing,NASDAQ,687176,56.78,88.65,-2,18,-17.78,16.4,42.5,0.1,-0.3,-3.3,-4.0,45,47,67,37,35.2,0,0,0,0,0,0,2909821154.771461,51193194.0,0.1714,0.015,749980,691312,0,46.5,5.9,2026-09-25
1305,SKT,Real Estate,REIT - Retail,NYSE,834176,35.13,88.64,-21,-13,-17.4,10.7,32.3,-2.4,-4.6,-9.5,-4.0,45,66,74,60,32.7,0,0,0,0,0,0,4112667718.554287,114878989.0,0.0962,0.115,921890,887860,0,58.2,17.1,2026-09-25
1306,NXPI,Technology,Semiconductors,NASDAQ,3336846,235.44,88.64,20,75,-30.74,25.0,31.0,0.7,1.5,-3.1,-6.2,45,25,80,37,28.8,0,0,0,0,0,0,57490911415.43918,252164174.0,0.038,0.195,3955340,3821958,0,42.7,-9.8,2026-09-25
1307,PTC,Technology,Software - Application,NASDAQ,1477640,140.4,88.63,14,-3,-32.33,22.3,26.8,2.3,-2.6,-1.5,-6.1,45,31,14,26,8.4,0,0,0,0,0,0,14744915741.063034,108506261.0,0.088199995,-0.068,2076440,1553064,0,19.9,14.0,2026-09-25
1308,AIG,Financial Services,Insurance - Diversified,NYSE,3736996,75.58,88.59,7,3,-13.42,4.1,19.9,-0.9,-1.3,-3.1,-3.2,45,38,34,34,24.2,0,0,0,0,0,0,39389543378.21599,522893169.0,0.019299999,0.005,4975950,3614854,0,32.6,8.1,2026-09-25
1309,MOD,Consumer Cyclical,Auto Parts,NYSE,1245986,193.11,88.59,14,75,-40.26,64.6,41.3,5.2,5.8,-1.5,-7.4,45,31,92,96,58.1,0,0,0,0,0,0,10023430318.594849,53112708.0,0.063200004,0.28,1143030,1388146,2,69.3,-32.6,2026-09-25
1310,LIN,Basic Materials,Specialty Chemicals,NASDAQ,1984303,469.72,88.57,-2,10,-14.32,20.2,50.1,1.1,-1.0,-3.7,-3.2,45,47,59,69,24.7,0,0,0,0,0,0,212235264231.6004,460980163.0,0.0117,0.093,2090170,2068846,0,49.9,5.5,2026-09-25
1311,DTM,Energy,Oil & Gas Midstream,NYSE,987473,125.83,88.55,7,44,-17.69,18.1,42.1,-1.2,-2.8,-6.5,-7.1,45,38,75,81,45.0,0,0,0,0,0,0,12839645216.825195,102015296.0,0.068,0.11,1010940,944324,0,59.8,-15.8,2026-09-25
1312,HWM,Industrials,Aerospace & Defense,NYSE,3381896,228.78,88.54,-26,-18,-26.2,24.6,41.7,0.7,-4.8,-13.4,-7.2,45,71,79,83,48.7,0,0,0,0,0,0,91592716578.10284,398801399.0,0.0215,0.241,3659500,2886148,0,70.4,8.0,2026-09-25
1313,NNN,Real Estate,REIT - Retail,NYSE,1536230,41.33,88.52,-15,-9,-17.34,5.5,20.2,-2.8,-5.8,-10.3,-6.8,45,60,66,60,25.4,0,0,0,0,0,0,7904811609.20216,190248177.0,0.0563,0.077,2075340,1512494,0,52.8,16.7,2026-09-25
1314,PCOR,Technology,Software - Application,NYSE,2715916,51.06,88.49,-19,-72,-37.97,29.2,27.1,-5.4,-11.8,-9.5,-11.2,45,64,11,25,9.0,0,0,0,0,0,0,7790750248.8196335,151955338.0,0.119799994,0.158,2408660,3180516,0,27.3,40.6,2026-09-25
1315,L,Financial Services,Insurance - Property & Casualty,NYSE,828060,105.04,88.47,-8,0,-13.2,7.4,33.7,-2.5,-3.2,-6.2,-3.5,45,53,61,66,36.2,0,0,0,0,0,0,22031174698.14972,204427720.0,0.0307,0.039,1125360,803050,0,54.0,5.0,2026-09-25
1316,PB,Financial Services,Banks - Regional,NYSE,923106,67.27,88.46,-11,-7,-12.86,8.7,38.3,-3.9,-5.3,-7.4,-4.9,45,56,60,43,30.2,0,0,0,0,0,0,8414777101.99456,120176771.0,0.039300002,0.259,1221300,946212,0,47.3,15.1,2026-09-25
1317,SE,Consumer Cyclical,Internet Retail,NYSE,4152750,103.29,88.45,-5,-34,-47.16,28.9,19.7,-3.0,-7.6,-9.5,-3.0,45,50,21,12,5.8,0,0,0,0,0,0,62344800055.12633,612484522.0,0.0334,0.481,3414740,4245434,0,22.2,32.6,2026-09-25
1318,KEY,Financial Services,Banks - Regional,NYSE,12026050,20.24,88.44,-18,-8,-15.91,20.7,48.1,-4.0,-5.7,-9.0,-6.3,45,63,73,69,36.5,0,0,0,0,0,0,22206944638.831867,1067128554.0,0.0,0.101,17088870,11372456,0,60.4,11.0,2026-09-25
1319,MIRM,Healthcare,Biotechnology,NASDAQ,605573,89.32,88.43,-18,10,-31.29,39.4,39.2,-5.8,-7.9,-12.7,-8.4,45,63,91,90,50.7,0,0,0,0,0,0,5962724320.384415,64932203.0,0.1224,0.379,813790,655506,2,73.7,-2.0,2026-09-25
1320,DLB,Industrials,Specialty Business Services,NYSE,966800,58.03,88.43,-9,-42,-20.52,18.7,37.5,-3.4,-5.5,-2.2,-4.1,45,54,21,29,12.6,0,0,0,0,0,0,5400006174.677238,93668795.0,0.1252,-0.033,1123110,969480,0,29.1,29.0,2026-09-25
1321,ABT,Healthcare,Medical Devices,NYSE,8368330,103.49,88.42,-18,-62,-24.73,22.4,34.7,-1.4,-4.7,-5.2,-3.6,45,63,19,24,10.8,0,0,0,0,0,0,177554631058.70215,1730383296.0,0.0143,0.13,9585300,9806646,0,29.2,38.3,2026-09-25
1322,BEP,Utilities,Utilities - Renewable,NYSE,959866,29.08,88.4,-8,15,-23.71,12.1,25.2,-4.1,-7.5,-11.6,-11.4,45,53,76,84,40.1,0,0,0,0,0,0,8952329780.6833,300111626.0,0.0061000003,0.011,1290620,1013062,0,63.3,-2.0,2026-09-25
1323,AFRM,Financial Services,Credit Services,NASDAQ,5045400,68.09,88.35,-29,-19,-25.24,68.3,67.1,1.0,-1.0,-3.5,7.3,45,74,84,19,12.5,0,0,0,0,0,0,24027767330.841614,337421256.0,0.053200003,0.33,4311030,4375148,0,47.4,40.7,2026-09-25
1324,IE,Basic Materials,Copper,NYSE ARCA,2130533,10.4,88.33,18,9,-51.74,23.6,16.1,2.1,-2.8,-0.7,-23.3,45,27,18,74,33.3,0,0,0,0,0,0,1517703399.6173117,159590259.0,0.083000004,-0.322,2697100,2136798,0,38.1,-11.6,2026-09-25
1325,NG,Basic Materials,Gold,NYSE ARCA,5631303,7.26,88.32,-21,-60,-49.58,37.8,21.7,-2.2,-9.3,-2.1,-17.8,45,66,27,93,20.4,0,0,0,0,0,0,3189935055.410924,438780614.0,0.0904,,7168050,5707708,1,51.6,21.3,2026-09-25
1326,WRB,Financial Services,Insurance - Property & Casualty,NYSE,2819546,67.67,88.32,7,18,-14.3,5.9,25.1,-3.3,-2.7,-4.7,-2.3,45,38,49,37,19.0,0,0,0,0,0,0,25982213961.68244,371227529.0,0.00029999999,0.012,5114630,2514742,0,35.8,8.6,2026-09-25
1327,GGG,Industrials,Specialty Industrial Machinery,NYSE,2205853,78.37,88.31,10,2,-18.1,5.5,18.5,0.5,-0.3,-2.2,-5.9,45,35,27,52,18.7,0,0,0,0,0,0,12350598964.210691,161953824.0,0.0508,0.033,1633480,1924052,0,33.2,5.5,2026-09-25
1328,OSK,Industrials,Farm & Heavy Construction Machinery,NYSE,526340,135.49,88.27,-22,-22,-24.93,9.8,19.5,-8.7,-12.3,-13.2,-11.3,45,67,67,82,25.0,0,0,0,0,0,0,9051664638.572952,61739749.0,0.0348,0.067,621000,709736,0,60.3,18.0,2026-09-25
1329,NOMD,Consumer Defensive,Packaged Foods,NYSE,1801796,10.71,88.26,-8,-28,-20.96,17.4,36.9,-1.5,-5.2,-8.0,-4.0,44,52,32,17,13.1,0,0,0,0,0,0,1490173840.2095604,139791169.0,0.0214,-0.031,1373540,1602804,0,28.5,28.5,2026-09-25
1330,AMT,Real Estate,REIT - Specialty,NYSE,2169113,170.78,88.26,12,15,-13.49,3.2,15.9,-4.1,-4.4,-3.3,-5.7,44,32,35,33,15.8,0,0,0,0,0,0,81067727160.2439,465960048.0,0.0147,0.047,2618850,2557970,0,28.9,7.6,2026-09-25
1331,CMC,Industrials,Metal Fabrication,NYSE,1086813,64.66,88.24,10,44,-23.81,16.0,31.8,-1.8,-4.3,-6.3,-8.3,44,34,68,66,40.5,0,0,0,0,0,0,7135269607.5,110624335.0,0.0727,0.229,1186790,1107972,0,52.1,-13.0,2026-09-25
1332,MELI,Consumer Cyclical,Internet Retail,NASDAQ,524616,1799.24,88.24,-6,-33,-29.4,13.4,21.5,-4.5,-7.4,-6.4,-5.1,44,50,23,25,9.4,0,0,0,0,0,0,90614957669.40894,50696802.0,0.0163,0.498,717400,480054,0,26.8,28.0,2026-09-25
1333,LINE,Real Estate,REIT - Industrial,NASDAQ,793020,36.32,88.24,-14,4,-20.61,13.8,32.9,-3.5,-5.2,-10.9,-6.7,44,58,76,28,17.2,0,0,0,0,0,0,8380693688.31316,227674365.0,0.0765,0.008,926840,902542,0,44.8,24.6,2026-09-25
1334,HLN,Healthcare,Drug Manufacturers - Specialty & Generic,NYSE,13986483,9.11,88.23,-9,-30,-19.24,6.0,20.2,-0.4,-3.4,-5.7,-6.1,44,53,32,53,29.6,0,0,0,0,0,0,40809953183.4676,4397624392.0,0.0034999999,0.022,23119210,12843602,0,41.9,13.8,2026-09-25
1335,HLF,Consumer Defensive,Packaged Foods,NYSE,1642593,11.99,88.2,-10,-6,-41.23,57.5,36.5,1.9,1.2,0.3,-13.4,44,54,58,89,61.8,0,0,0,0,0,0,1246112224.181385,104803380.0,0.097200006,0.054,1448600,1620250,0,65.7,-11.3,2026-09-25
1336,UAL,Industrials,Airlines,NASDAQ,3417633,110.72,88.19,-17,9,-20.21,30.5,51.0,1.9,1.8,-4.6,2.1,44,61,87,55,34.3,0,0,0,0,0,0,35283974833.72754,324569728.0,0.0541,0.16,4052840,3707340,0,59.3,12.0,2026-09-25
1337,INVH,Real Estate,REIT - Residential,NYSE,4410383,26.93,88.18,-15,-12,-12.83,8.7,34.0,-2.6,-5.5,-9.4,-4.9,44,59,62,28,17.0,0,0,0,0,0,0,15893670921.538048,590623226.0,0.0327,0.101,6336640,4374804,0,41.5,26.9,2026-09-25
1338,PNW,Utilities,Utilities - Regulated Electric,NYSE,992060,92.05,88.17,-4,17,-17.19,5.8,21.5,-3.5,-5.2,-8.7,-7.9,44,48,69,72,32.9,0,0,0,0,0,0,11417991304.180618,121197234.0,0.104399994,0.071,1096560,1119036,0,55.5,0.6,2026-09-25
1339,CINF,Financial Services,Insurance - Property & Casualty,NASDAQ,546073,162.57,88.15,-11,4,-16.55,7.2,26.9,-3.6,-4.4,-6.5,-3.1,44,55,70,55,32.4,0,0,0,0,0,0,25937789605.0,153478045.0,0.0275,0.316,771620,656034,0,53.1,9.8,2026-09-25
1340,RQI,Financial Services,Asset Management,NYSE,570633,11.35,88.14,-2,9,-16.36,0.0,0.0,-3.0,-5.7,-8.6,-10.4,44,46,57,61,17.3,0,0,0,0,0,0,1529464448.515689,134517543.0,0.001,0.043,709409,658801,0,45.3,10.2,2026-09-25
1341,SNAP,Communication Services,Internet Content & Information,NYSE,35768336,5.29,88.13,12,-3,-43.0,38.2,29.1,-3.5,-2.1,3.5,-4.7,44,32,17,12,8.0,0,0,0,0,0,0,9352323702.1874,1691197712.0,0.0939,0.189,35744820,37873914,0,17.2,17.5,2026-09-25
1342,SYY,Consumer Defensive,Food Distribution,NYSE,3497873,77.14,88.13,-13,-17,-16.02,12.8,40.7,-2.2,-3.1,-5.0,-1.9,44,57,53,39,22.8,0,0,0,0,0,0,37909874076.57625,479568281.0,0.028900001,0.047,5781480,3540000,0,42.9,21.1,2026-09-25
1343,APAM,Financial Services,Asset Management,NYSE,788823,35.62,88.12,-18,-50,-23.45,5.3,14.8,-3.2,-9.4,-11.6,-9.1,44,62,30,36,12.2,0,0,0,0,0,0,2604149184.106392,70996433.0,0.0624,0.089,831980,859010,0,35.1,33.3,2026-09-25
1344,DUOT,Technology,Software - Application,NASDAQ,1139246,8.98,88.07,-14,15,-41.23,51.7,39.0,11.8,8.0,6.7,1.6,44,58,87,29,52.3,0,0,0,0,0,0,268775140.25941944,31472499.0,0.22559999,0.295,658390,974410,0,56.6,5.8,2026-09-25
1345,POR,Utilities,Utilities - Regulated Electric,NYSE,1047106,46.92,88.07,-7,6,-14.1,9.1,33.8,-2.1,-3.8,-6.2,-7.7,44,51,64,78,38.1,0,0,0,0,0,0,5555789835.000687,117607740.0,0.0692,0.009,1203760,1060766,0,57.8,-0.2,2026-09-25
1346,RDN,Financial Services,Insurance - Specialty,NYSE,1005190,34.54,88.04,-11,-10,-15.86,5.9,23.3,-4.3,-6.1,-9.4,-5.4,44,55,56,39,19.3,0,0,0,0,0,0,4631868921.116631,132301318.0,0.048,0.935,1344810,1184210,0,42.3,21.0,2026-09-25
1347,CI,Healthcare,Healthcare Plans,NYSE,1430330,268.27,88.03,5,9,-14.96,8.6,31.7,-4.5,-4.9,-5.5,-5.1,44,39,43,34,19.4,0,0,0,0,0,0,72740120663.52081,264240486.0,0.026500002,0.067,1489930,1678774,0,33.8,10.4,2026-09-25
1348,APO,Financial Services,Asset Management,NYSE,2892483,124.36,88.0,-9,-32,-18.87,20.3,38.9,-4.3,-7.0,-6.4,-5.4,44,53,30,25,14.1,0,0,0,0,0,0,74355291312.32364,590543159.0,0.0433,0.638,2815430,3365344,0,30.5,27.3,2026-09-25
1349,PAYP,Technology,Software - Infrastructure,NASDAQ,770120,16.42,87.98,25,21,-34.03,34.0,34.5,-6.5,-2.0,3.7,,44,19,15,76,,0,0,0,0,0,0,11992204300.906944,677143135.0,0.0198,0.27,794780,814232,0,36.7,,2026-09-25
1350,ITRI,Technology,Scientific & Technical Instruments,NASDAQ,549326,91.32,87.98,-5,-33,-35.69,17.3,22.4,-0.6,-3.1,-4.3,-0.6,44,49,21,27,10.3,0,0,0,0,0,0,3960074048.221253,43786753.0,0.2034,-0.072,624700,787446,0,26.8,26.5,2026-09-25
1351,PECO,Real Estate,REIT - Retail,NASDAQ,878643,36.72,87.96,-11,4,-17.25,,,,,,,44,55,70,65,,0,0,0,0,0,0,4782491980.361938,128700000.0,0.0446,0.067,1112970,884232,0,63.3,,2026-09-25
1352,PPG,Basic Materials,Specialty Chemicals,NYSE,1479206,107.2,87.96,-7,9,-19.66,12.7,32.2,0.9,-2.0,-5.5,-4.9,44,51,67,52,23.3,0,0,0,0,0,0,23234795253.753662,222300000.0,0.030299999,0.072,1887950,1659818,0,48.3,12.0,2026-09-25
1353,AEP,Utilities,Utilities - Regulated Electric,NASDAQ,3578196,118.4,87.93,8,43,-15.78,,,,,,,44,36,71,77,,0,0,0,0,0,0,65327682240.0,544397352.0,0.044699997,0.07,4495210,3803936,0,61.3,,2026-09-25
1354,ZWS,Industrials,Pollution & Treatment Controls,NYSE,827420,46.78,87.92,-3,16,-14.95,6.6,30.6,1.0,-0.6,-4.2,-3.5,44,47,66,67,26.1,0,0,0,0,0,0,7641358898.172295,165864097.0,0.0376,0.105,974830,918508,0,51.5,4.5,2026-09-25
1355,SBS,Utilities,Utilities - Regulated Water,NYSE,10526183,5.17,87.9,20,59,-27.77,,,,,,,44,24,63,87,,0,0,0,0,0,0,18673109866.008923,3516593233.0,0.0074,0.139,6792920,8637580,0,58.0,,2026-09-25
1356,SLM,Financial Services,Credit Services,NASDAQ,1819666,23.61,87.89,-18,-34,-23.99,,,,,,,44,62,46,22,,0,0,0,0,0,0,4718800071.716309,188000000.0,0.1067,0.081,1925640,2225708,0,43.3,,2026-09-25
1357,TIC,Industrials,Specialty Business Services,NYSE,1712456,8.93,87.88,-1,-16,-40.24,,,,,,,44,45,30,12,,0,0,0,0,0,0,1977076516.9289052,218220356.0,0.0979,0.861,1686710,1989756,0,29.0,,2026-09-25
1358,LPLA,Financial Services,Capital Markets,NASDAQ,585153,302.47,87.82,-25,-74,-24.41,,,,,,,44,69,20,30,,0,0,0,0,0,0,25834557637.73712,78742290.0,0.024300002,0.364,604780,651374,0,39.7,,2026-09-25
1359,SGHC,Consumer Cyclical,Gambling,NYSE,2294753,12.03,87.8,-27,-24,-24.15,,,,,,,43,70,73,65,,0,0,0,0,0,0,6442413826.892731,508076788.0,0.18090001,0.181,2542240,2397414,0,69.3,,2026-09-25
1360,SPGI,Financial Services,Financial Data & Stock Exchanges,NYSE,1802146,406.5,87.79,-4,-26,-22.2,,,,,,,43,47,25,27,,0,0,0,0,0,0,119488338159.17969,294800000.0,0.0238,0.104,1714940,1896814,0,33.0,,2026-09-25
1361,BRX,Real Estate,REIT - Retail,NYSE,2697780,27.64,87.79,-8,12,-15.89,,,,,,,43,51,71,70,,0,0,0,0,0,0,8601631228.192497,306872316.0,0.081199996,0.043,3606250,2542342,0,64.0,,2026-09-25
1362,WMT,Consumer Defensive,Discount Stores,NASDAQ,26123933,110.53,87.78,13,31,-18.22,,,,,,,43,30,48,80,,0,0,0,0,0,0,846768762934.9893,7933746241.0,0.019299999,0.059,22319310,24504208,0,52.7,,2026-09-25
1363,NEXT,Energy,Oil & Gas Equipment & Services,NASDAQ,2434376,6.68,87.76,-10,-21,-27.71,,,,,,,43,53,42,72,,0,0,0,0,0,0,1828693894.2474947,266185433.0,0.1463,,2694340,2637338,0,55.7,,2026-09-25
1364,RYTM,Healthcare,Biotechnology,NASDAQ,561616,98.24,87.67,-25,-12,-19.61,,,,,,,43,68,81,68,,0,0,0,0,0,0,6727536869.184036,68852082.0,0.1508,0.469,715310,623458,0,72.3,,2026-09-25
1365,ELS,Real Estate,REIT - Residential,NYSE,1426643,59.68,87.63,-11,-13,-13.51,,,,,,,43,54,52,56,,0,0,0,0,0,0,11721503283.719109,194064619.0,0.061100002,0.064,1759580,1547734,0,54.0,,2026-09-25
1366,HEI,Industrials,Aerospace & Defense,NYSE,503043,310.57,87.62,-20,-21,-17.59,,,,,,,43,63,62,32,,0,0,0,0,0,0,41672579450.33826,139737708.0,0.0139,0.231,477610,473876,0,52.3,,2026-09-25
1367,TYRA,Healthcare,Biotechnology,NASDAQ,992330,23.23,87.62,-25,-1,-42.85,,,,,,,43,68,92,98,,0,0,0,1,0,1,1769090278.996029,68755939.0,0.2916,,1911450,854334,2,86.0,,2026-09-25
1368,POWI,Technology,Semiconductors,NASDAQ,759386,51.05,87.61,-10,30,-44.01,,,,,,,43,53,93,79,,0,0,0,0,0,0,2815455452.1176453,55873298.0,0.1439,0.027,770560,742728,1,75.0,,2026-09-25
1369,IVT,Real Estate,REIT - Retail,NYSE,604226,30.34,87.6,-15,2,-18.48,,,,,,,43,58,75,68,,0,0,0,0,0,0,2403295219.6228714,77978431.0,0.0983,0.126,718440,621242,0,67.0,,2026-09-25
1370,OCUL,Healthcare,Biotechnology,NASDAQ,2698013,10.0,87.6,-20,-34,-39.17,,,,,,,43,63,49,28,,0,0,0,0,0,0,2193962471.053917,219615868.0,0.1508,0.001,2553550,2401004,0,46.7,,2026-09-25
1371,DASH,Consumer Cyclical,Internet Retail,NASDAQ,3979166,189.27,87.57,-40,-92,-33.71,,,,,,,43,83,31,16,,0,0,0,0,0,0,83600064540.61072,433295654.0,0.0448,0.356,3936140,4040480,0,43.3,,2026-09-25
1372,MRSH,Financial Services,Insurance Brokers,NYSE,2285563,170.38,87.57,-19,-53,-18.02,,,,,,,43,62,28,29,,0,0,0,0,0,0,83516741391.28021,477211268.0,0.0139,0.062,2949380,2450828,0,39.7,,2026-09-25
1373,NAVI,Financial Services,Credit Services,NASDAQ,1311963,9.16,87.53,5,-10,-32.15,,,,,,,43,38,23,14,,0,0,0,0,0,0,893839377.1824703,93989417.0,0.2723,0.042,1692350,1220386,0,25.0,,2026-09-25
1374,NXE,Energy,Uranium,NYSE,4795856,9.63,87.47,-25,-42,-31.02,,,,,,,43,68,51,92,,0,0,0,0,0,0,6269232300.127779,670506101.0,8.23,,3934280,4809456,1,70.3,,2026-09-25
1375,COMP,Real Estate,Real Estate Services,NYSE,11883956,9.16,87.47,-39,-33,-34.36,,,,,,,43,82,88,30,,0,0,0,0,0,0,7737857811.833363,767644630.0,0.0541,1.09,15904430,12032416,0,66.7,,2026-09-25
1376,NGG,Utilities,Utilities - Regulated Electric,NYSE,856590,75.25,87.47,2,20,-20.49,,,,,,,43,41,59,75,,0,0,0,0,0,0,77212176072.9361,1005366836.0,0.0011999999,0.02,982430,818166,0,58.3,,2026-09-25
1377,WFC,Financial Services,Banks - Diversified,NYSE,13092496,81.9,87.45,-12,-21,-16.22,,,,,,,43,55,46,41,,0,0,0,0,0,0,260426831121.98224,3023999336.0,0.0,0.095,14778400,14453752,0,47.3,,2026-09-25
1378,HLIT,Technology,Communication Equipment,NASDAQ,1739983,10.99,87.43,-9,28,-37.84,,,,,,,43,52,89,35,,0,0,0,0,0,0,1210637581.105547,109066445.0,0.0752,0.535,1769020,1563596,0,58.7,,2026-09-25
1379,GTY,Real Estate,REIT - Retail,NYSE,624090,28.91,87.41,-20,-11,-21.5,,,,,,,42,62,71,76,,0,0,0,0,0,0,1835685160.5592804,61932699.0,0.1509,0.109,856780,565394,0,69.7,,2026-09-25
1380,ERIC,Technology,Communication Equipment,NASDAQ,8096493,9.73,87.37,9,43,-29.34,,,,,,,42,33,67,83,,0,0,0,0,0,0,33193182591.2507,3263833072.0,0.021300001,-0.061,7656000,11059476,0,61.0,,2026-09-25
1381,FHN,Financial Services,Banks - Regional,NYSE,4629120,23.02,87.37,-13,-4,-13.33,,,,,,,42,55,64,61,,0,0,0,0,0,0,11342225415.5443,473777158.0,0.0001,0.09,5485160,5394928,0,60.0,,2026-09-25
1382,GAB,Financial Services,Asset Management,NYSE,776438,5.32,87.36,-6,-7,-15.65,,,,,,,42,48,47,51,,0,0,0,0,0,0,1857682609.8044584,343379420.0,0.01,0.366,1117964,817270,0,48.7,,2026-09-25
1383,GNRC,Industrials,Specialty Industrial Machinery,NYSE,1282823,199.42,87.32,9,68,-32.73,,,,,,,42,33,92,86,,0,0,0,0,0,0,12252222820.59906,59063935.0,0.045700002,0.106,1911190,1261032,1,70.3,,2026-09-25
1384,EPAM,Technology,Information Technology Services,NYSE,1187113,110.06,87.31,19,2,-50.54,,,,,,,42,23,6,22,,0,0,0,0,0,0,5880915834.0,51586981.0,0.2043,0.045,1238530,1424474,0,17.0,,2026-09-25
1385,SPOT,Communication Services,Internet Content & Information,NYSE,1565460,510.4,87.3,8,-7,-31.05,,,,,,,42,34,19,24,,0,0,0,0,0,0,104734875746.8228,205584205.0,0.0388,0.139,1487100,1747736,0,25.7,,2026-09-25
1386,CAL,Consumer Cyclical,Apparel Retail,NYSE,556266,12.36,87.24,-16,-10,-17.82,,,,,,,42,58,64,23,,0,0,0,0,0,0,405088422.0824375,34504977.0,0.1166,0.056,712110,534282,0,48.3,,2026-09-25
1387,BKSY,Industrials,Specialty Business Services,NYSE,920250,22.25,87.23,-19,-17,-57.92,,,,,,,42,61,63,93,,0,0,0,0,0,0,886841415.942318,40924846.0,0.1735,0.501,1012200,1011148,1,72.3,,2026-09-25
1388,BJ,Consumer Defensive,Discount Stores,NYSE,1835443,89.98,87.23,-16,-49,-14.94,,,,,,,42,58,25,50,,0,0,0,0,0,0,11624740950.56726,126314692.0,0.0728,0.157,1584340,1699604,0,44.3,,2026-09-25
1389,BKU,Financial Services,Banks - Regional,NYSE,802166,43.36,87.23,-14,1,-16.79,,,,,,,42,56,71,75,,0,0,0,0,0,0,3189067820.337536,71232249.0,0.056700002,0.042,1218900,887984,0,67.3,,2026-09-25
1390,CHH,Consumer Cyclical,Lodging,NYSE,509866,101.64,87.21,-8,-4,-17.91,,,,,,,42,50,54,39,,0,0,0,0,0,0,4359084972.022293,45008622.0,0.3034,0.071,610030,544766,0,47.7,,2026-09-25
1391,OXLC,Financial Services,Asset Management,NASDAQ,906124,8.8,87.2,5,-14,-49.63,,,,,,,42,37,18,17,,0,0,0,0,0,0,891094951.0982285,98030246.0,0.0558,-0.102,869584,909420,0,24.0,,2026-09-25
1392,GLXY,Financial Services,Capital Markets,NASDAQ,5704210,25.79,87.15,17,74,-43.84,,,,,,,42,25,82,22,,0,0,0,0,0,0,4797079262.243332,194292392.0,0.1774,-0.038,5213510,6032408,0,43.0,,2026-09-25
1393,PRMB,Consumer Defensive,Beverages - Non-Alcoholic,NYSE,4275643,19.75,87.14,-23,-14,-24.65,,,,,,,42,65,74,31,,0,0,0,0,0,0,7427084992.284679,361943705.0,0.3148,0.038,4101830,4100394,0,56.7,,2026-09-25
1394,SR,Utilities,Utilities - Regulated Gas,NYSE,517460,77.39,87.12,6,6,-18.8,,,,,,,42,36,36,75,,0,0,0,0,0,0,4683507897.047768,59112807.0,0.0616,0.192,622030,482808,0,49.0,,2026-09-25
1395,ABVX,Healthcare,Biotechnology,NASDAQ,1051316,94.13,87.11,-8,41,-36.75,,,,,,,42,50,99,99,,0,0,1,1,0,2,9155356751.557976,87160669.0,0.080699995,0.352,1385930,1026932,2,82.7,,2026-09-25
1396,ECHO,Communication Services,Telecom Services,NASDAQ,2978913,92.72,87.11,-38,-29,-37.03,,,,,,,42,80,89,98,,0,0,0,1,0,1,27149261303.727814,290490708.0,0.24540001,-0.04,3511000,4038692,1,89.0,,2026-09-25
1397,TEX,Industrials,Farm & Heavy Construction Machinery,NYSE,954366,58.21,87.06,-33,-26,-22.06,,,,,,,42,75,82,80,,0,0,0,0,0,0,6748272104.644775,114300000.0,0.0664,0.505,988570,1146764,0,79.0,,2026-09-25
1398,CARS,Communication Services,Internet Content & Information,NYSE,555623,10.35,87.06,-25,-39,-24.4,,,,,,,42,67,53,17,,0,0,0,0,0,0,596354452.3389988,53532714.0,0.1609,0.007,642820,633610,0,45.7,,2026-09-25
1399,IBN,Financial Services,Banks - Regional,NYSE,4734623,27.91,87.03,-5,-5,-15.5,,,,,,,42,47,47,28,,0,0,0,0,0,0,101027074617.04951,3588883694.0,0.0112,0.114,4229130,5387126,0,40.7,,2026-09-25
1400,VTS,Energy,Oil & Gas E&P,NYSE,524073,16.78,86.97,18,14,-31.68,,,,,,,42,24,20,32,,0,0,0,0,0,0,737246600.3069134,42104317.0,0.175,0.092,652400,497908,0,25.3,,2026-09-25
1401,TNDM,Healthcare,Medical Devices,NASDAQ,1738430,16.38,86.97,-44,-104,-44.76,,,,,,,42,86,26,66,,0,0,0,0,0,0,1173792845.4827747,69578707.0,0.22620001,0.058,2280500,1947684,0,59.3,,2026-09-25
1402,G,Technology,Information Technology Services,NYSE,2330126,33.85,86.95,-5,-38,-30.41,,,,,,,42,47,14,26,,0,0,0,0,0,0,5736694552.419937,168034407.0,0.077800006,0.071,2019480,2253198,0,29.0,,2026-09-25
1403,COST,Consumer Defensive,Discount Stores,NASDAQ,1972833,904.7,86.94,3,2,-17.49,,,,,,,42,39,38,68,,0,0,0,0,0,0,397051006926.5281,443478804.0,0.0171,0.116,2300750,1997200,0,48.3,,2026-09-25
1404,AJG,Financial Services,Insurance Brokers,NYSE,1354960,229.64,86.92,-30,-75,-26.76,,,,,,,42,72,27,21,,0,0,0,0,0,0,61388541584.79309,256341000.0,0.026400002,0.309,1358690,1359590,0,40.0,,2026-09-25
1405,ADBE,Technology,Software - Application,NASDAQ,5175483,240.69,86.9,5,-19,-34.72,,,,,,,41,36,12,16,,0,0,0,0,0,0,98945699272.15576,397500000.0,0.048899997,0.129,6796320,5273306,0,21.3,,2026-09-25
1406,KRC,Real Estate,REIT - Office,NYSE,1276043,34.04,86.9,-14,-2,-24.41,,,,,,,41,55,67,25,,0,0,0,0,0,0,3981256605.9979706,116308988.0,0.1104,-0.06,1630000,1305680,0,49.0,,2026-09-25
1407,BCRX,Healthcare,Drug Manufacturers - Specialty & Generic,NASDAQ,4125066,8.57,86.89,-33,-44,-23.62,,,,,,,41,74,63,79,,0,0,0,0,0,0,2218044789.3831253,255535105.0,0.13430001,0.336,6069780,3827214,0,72.0,,2026-09-25
1408,FMS,Healthcare,Medical Care Facilities,NYSE,650953,22.41,86.84,-13,-30,-18.92,,,,,,,41,54,37,33,,0,0,0,0,0,0,11815270420.051155,532219370.0,3.52,0.014,638000,702270,0,41.3,,2026-09-25
1409,SNY,Healthcare,Drug Manufacturers - General,NASDAQ,2323553,41.66,86.83,2,-5,-20.92,,,,,,,41,39,32,43,,0,0,0,0,0,0,103149852222.37917,2428198054.0,0.0039,0.146,2523750,2753462,0,38.0,,2026-09-25
1410,ROP,Technology,Software - Application,NASDAQ,767190,366.36,86.76,-21,-64,-29.72,,,,,,,41,62,19,18,,0,0,0,0,0,0,36864310808.93115,98900874.0,0.0647,0.085,984570,807304,0,33.0,,2026-09-25
1411,ORI,Financial Services,Insurance - Property & Casualty,NYSE,1199026,38.26,86.75,-13,-15,-18.18,,,,,,,41,54,52,54,,0,0,0,0,0,0,9645245418.0987,241432922.0,0.055999998,0.134,1522300,1221504,0,53.3,,2026-09-25
1412,UTHR,Healthcare,Drug Manufacturers - Specialty & Generic,NASDAQ,621230,489.42,86.63,-21,-8,-19.68,,,,,,,41,62,75,91,,0,0,0,0,0,0,21215023193.387207,42890692.0,0.0561,-0.019,899980,582026,1,76.0,,2026-09-25
1413,GRRR,Technology,Software - Infrastructure,NASDAQ,903506,14.07,86.6,-15,12,-40.1,,,,,,,41,56,83,16,,0,0,0,0,0,0,354597838.25464725,27509529.0,0.19,1.38,462500,1085500,0,51.7,,2026-09-25
1414,WWD,Industrials,Aerospace & Defense,NASDAQ,660856,326.23,86.59,-14,18,-27.65,,,,,,,41,55,87,89,,0,0,0,0,0,0,18997401550.180664,59045820.0,0.021,0.212,927570,666268,0,77.0,,2026-09-25
1415,ARLO,Industrials,Building Products & Equipment,NYSE,1284226,13.66,86.58,8,-3,-31.49,,,,,,,41,33,22,59,,0,0,0,0,0,0,1424800120.3292694,107613304.0,0.12979999,0.205,1297510,1275618,0,38.0,,2026-09-25
1416,ES,Utilities,Utilities - Regulated Electric,NYSE,2115150,64.91,86.51,-12,-4,-15.23,,,,,,,41,53,61,65,,0,0,0,0,0,0,25508414800.68805,376674754.0,0.0321,0.023,2647240,2199700,0,59.7,,2026-09-25
1417,RMBS,Technology,Semiconductors,NASDAQ,2361636,103.47,86.49,20,80,-40.57,,,,,,,41,21,81,72,,0,0,0,0,0,0,9501236257.300728,108461603.0,0.0757,0.204,3204560,2536922,0,58.0,,2026-09-25
1418,NFG,Energy,Oil & Gas Integrated,NYSE,612676,78.61,86.46,1,-14,-19.01,,,,,,,41,40,25,73,,0,0,0,0,0,0,7691049237.047226,95045099.0,0.0608,0.011,952010,659092,0,46.0,,2026-09-25
1419,MGY,Energy,Oil & Gas E&P,NYSE,3700880,24.42,86.45,-15,-23,-25.46,,,,,,,41,56,48,87,,0,0,0,0,0,0,6777740768.704651,269171592.0,0.1244,0.501,4772150,5141880,0,63.7,,2026-09-25
1420,NU,Financial Services,Banks - Regional,NYSE,72890226,13.62,86.42,-9,-32,-28.24,,,,,,,41,50,27,53,,0,0,0,0,0,0,65938898352.58852,4830688659.0,0.040799998,0.521,68845270,80995166,0,43.3,,2026-09-25
1421,FE,Utilities,Utilities - Regulated Electric,NYSE,3896256,43.65,86.4,-3,8,-16.6,,,,,,,41,44,55,78,,0,0,0,0,0,0,26189242351.092087,578639932.0,0.067,0.088,4074990,4337918,0,59.0,,2026-09-25
1422,MDA,Industrials,Aerospace & Defense,NYSE,1178783,31.59,86.37,20,74,-36.01,,,,,,,41,21,75,27,,0,0,0,0,0,0,4873246568.962173,162063406.0,2.37,0.336,1233750,1323586,0,41.0,,2026-09-25
1423,FERG,Industrials,Industrial Distribution,NYSE,1435736,221.17,86.34,-2,9,-18.58,,,,,,,40,42,53,72,,0,0,0,0,0,0,41482064689.41998,193452717.0,0.0321,0.046,1400190,2562460,0,55.7,,2026-09-25
1424,GMED,Healthcare,Medical Devices,NYSE,1312963,73.96,86.33,-12,6,-27.06,,,,,,,40,52,70,79,,0,0,0,0,0,0,9946122834.960909,134261914.0,0.0596,0.059,1676910,1456826,0,67.0,,2026-09-25
1425,OZK,Financial Services,Banks - Regional,NASDAQ,1038926,46.09,86.3,-12,-3,-13.67,,,,,,,40,52,61,46,,0,0,0,0,0,0,5220721266.304741,109037618.0,0.1602,-0.021,1154060,1106816,0,53.0,,2026-09-25
1426,AOSL,Technology,Semiconductors,NASDAQ,625800,27.71,86.3,13,80,-49.01,,,,,,,40,27,94,39,,0,0,0,0,0,0,768426188.4593964,30253000.0,0.12189999,-0.035,621460,616752,1,53.3,,2026-09-25
1427,SF,Financial Services,Capital Markets,NYSE,1070776,71.93,86.25,-19,-47,-19.92,,,,,,,40,59,31,49,,0,0,0,0,0,0,11444421558.106216,151001734.0,0.0,0.127,1208580,1115228,0,46.3,,2026-09-25
1428,AMX,Communication Services,Telecom Services,NYSE,2944426,22.08,86.25,0,33,-22.42,,,,,,,40,40,73,87,,0,0,0,0,0,0,67087794462.77618,2990985000.0,0.0054,0.031,2667780,2672490,0,66.7,,2026-09-25
1429,JLHL,Industrials,Building Products & Equipment,NASDAQ,530696,5.63,86.09,-17,24,-90.28,,,,,,,40,57,98,90,,0,0,1,0,0,1,117752984.77079771,21448632.0,0.0533,0.216,75390,1411182,2,81.7,,2026-09-25
1430,ABX,Financial Services,Insurance - Life,NYSE,572096,7.82,86.05,-40,-35,-37.14,,,,,,,40,80,85,77,,0,0,0,0,0,0,857638068.495739,97792249.0,0.1698,0.299,680370,576310,0,80.7,,2026-09-25
1431,HON,Industrials,Conglomerates,NASDAQ,3087830,212.57,85.99,10,40,-18.33,,,,,,,40,30,60,72,,0,0,0,0,0,0,65435436592.49313,316940010.0,0.020299999,0.043,3524150,3189878,0,54.0,,2026-09-25
1432,IDA,Utilities,Utilities - Regulated Electric,NYSE,530893,128.66,85.97,-8,13,-16.95,,,,,,,40,48,69,76,,0,0,0,0,0,0,7610856123.851944,57842043.0,0.1019,0.042,642510,510542,0,64.3,,2026-09-25
1433,GFS,Technology,Semiconductors,NASDAQ,3862636,46.42,85.94,9,73,-49.84,,,,,,,40,31,95,78,,0,0,0,0,0,0,26655757425.349342,557418603.0,0.1494,0.058,4085280,4191486,1,68.0,,2026-09-25
1434,DSL,Financial Services,Asset Management,NYSE,573495,9.97,85.84,2,6,-19.53,,,,,,,40,38,42,42,,0,0,0,0,0,0,1168625147.147298,114571095.0,0.001,,638297,592475,0,40.7,,2026-09-25
1435,BR,Technology,Information Technology Services,NYSE,1165156,163.45,85.83,-9,-43,-32.53,,,,,,,39,48,14,18,,0,0,0,0,0,0,18600376464.48706,114021798.0,0.0294,0.075,1132440,1171084,0,26.7,,2026-09-25
1436,AEE,Utilities,Utilities - Regulated Electric,NYSE,1448460,99.74,85.82,-2,23,-15.7,,,,,,,39,41,66,70,,0,0,0,0,0,0,28301686479.07441,276843251.0,0.051,-0.062,1645830,1501616,0,59.0,,2026-09-25
1437,O,Real Estate,REIT - Retail,NYSE,6614286,55.61,85.81,-15,-12,-18.15,,,,,,,39,54,57,67,,0,0,0,0,0,0,53612713605.39859,946218033.0,0.0493,0.096,9246960,5965800,0,59.3,,2026-09-25
1438,ODD,Consumer Defensive,Household & Personal Products,NASDAQ,1519740,17.83,85.8,28,26,-71.95,,,,,,,39,11,9,2,,0,0,0,0,0,0,835315701.0921936,46124554.0,0.335,-0.251,2948860,1207600,0,7.3,,2026-09-25
1439,ARES,Financial Services,Asset Management,NYSE,2126146,121.48,85.78,-14,-47,-34.99,,,,,,,39,53,20,18,,0,0,0,0,0,0,28158020135.515152,227447653.0,0.14479999,0.058,2394770,2180368,0,30.3,,2026-09-25
1440,NKTR,Healthcare,Biotechnology,NASDAQ,787200,57.66,85.77,-51,-62,-47.1,,,,,,,39,90,79,98,,0,0,0,1,0,1,2290994845.3019257,34142994.0,0.19590001,-0.093,1249900,753292,2,89.0,,2026-09-25
1441,ALGM,Technology,Semiconductors,NASDAQ,2062633,35.11,85.74,2,59,-51.08,,,,,,,39,37,94,71,,0,0,0,0,0,0,6356309484.17305,186402046.0,0.1303,0.275,2155630,2169526,1,67.3,,2026-09-25
1442,UE,Real Estate,REIT - Retail,NYSE,775613,19.78,85.73,-14,4,-17.96,,,,,,,39,53,71,62,,0,0,0,0,0,0,2526151793.555065,126244466.0,0.0495,0.076,781530,796100,0,62.0,,2026-09-25
1443,ARI,Real Estate,REIT - Mortgage,NYSE,2815623,6.26,85.69,-12,-4,-44.31,,,,,,,39,51,59,73,,0,0,0,0,0,0,825254756.0671558,128544353.0,0.0512,5.249,2520200,4029394,0,61.0,,2026-09-25
1444,HIG,Financial Services,Insurance - Diversified,NYSE,1474180,126.59,85.68,-9,-12,-13.34,,,,,,,39,48,45,59,,0,0,0,0,0,0,35725308178.45285,270872002.0,0.0002,0.081,1869460,1576672,0,50.7,,2026-09-25
1445,BAM,Financial Services,Asset Management,NYSE,2485866,45.26,85.65,-12,-36,-27.67,,,,,,,39,51,27,30,,0,0,0,0,0,0,73569412409.47131,1597251633.0,0.0585,0.608,2900640,2496380,0,36.0,,2026-09-25
1446,TWI,Industrials,Farm & Heavy Construction Machinery,NYSE,582660,7.24,85.65,16,40,-38.12,,,,,,,39,23,47,27,,0,0,0,0,0,0,451796464.0,64542352.0,0.049200002,0.052,491430,547500,0,32.3,,2026-09-25
1447,BANC,Financial Services,Banks - Regional,NYSE,2368290,17.72,85.63,-12,12,-19.2,,,,,,,39,51,75,67,,0,0,0,0,0,0,2902398163.651657,158427850.0,0.076,,2946170,3013048,0,64.3,,2026-09-25
1448,H,Consumer Cyclical,Lodging,NYSE,734730,157.28,85.62,-23,-3,-23.97,,,,,,,39,62,82,45,,0,0,0,0,0,0,14610462916.74707,94236736.0,0.2869,-0.066,830550,802128,0,63.0,,2026-09-25
1449,PRDO,Consumer Defensive,Education & Training Services,NASDAQ,630240,31.44,85.61,-8,-21,-18.34,,,,,,,39,47,34,80,,0,0,0,0,0,0,2036883092.507496,62577055.0,0.084,0.018,730040,728918,0,53.7,,2026-09-25
1450,CNX,Energy,Oil & Gas E&P,NYSE,1636546,33.0,85.6,-16,-43,-24.35,,,,,,,39,55,28,72,,0,0,0,0,0,0,4865866130.63237,147943637.0,0.13939999,-0.181,2252520,1657526,0,51.7,,2026-09-25
1451,CMI,Industrials,Specialty Industrial Machinery,NYSE,1019750,524.65,85.55,-17,16,-28.89,,,,,,,39,56,89,86,,0,0,0,0,0,0,73269167227.25049,137664487.0,0.0269,0.094,1235090,1028886,0,77.0,,2026-09-25
1452,TW,Financial Services,Capital Markets,NASDAQ,1198456,100.23,85.55,5,-10,-21.51,,,,,,,39,34,19,44,,0,0,0,0,0,0,21934696091.71344,210971394.0,0.034,0.09,1302270,1417294,0,32.3,,2026-09-25
1453,EQT,Energy,Oil & Gas E&P,NYSE,6849030,51.06,85.54,6,-2,-25.18,,,,,,,39,33,25,76,,0,0,0,0,0,0,31275800000.0,625516000.0,0.0373,-0.039,8263530,6979476,0,44.7,,2026-09-25
1454,RELX,Industrials,Specialty Business Services,NYSE,2045140,33.22,85.51,-9,-37,-30.75,,,,,,,39,48,20,19,,0,0,0,0,0,0,58109388969.90673,1739281330.0,0.0034999999,0.027,2293010,2367538,0,29.0,,2026-09-25
1455,ASO,Consumer Cyclical,Specialty Retail,NASDAQ,2159080,48.31,85.5,15,24,-22.64,,,,,,,39,24,33,76,,0,0,0,0,0,0,2973644702.7671585,61578891.0,0.233,0.03,2768760,1736140,0,44.3,,2026-09-25
1456,PLAB,Technology,Semiconductor Equipment & Materials,NASDAQ,1372276,30.35,85.43,10,34,-45.8,,,,,,,39,29,53,93,,0,0,0,0,0,0,1717407567.379013,58997167.0,0.1116,0.027,867280,1177262,1,58.3,,2026-09-25
1457,TRU,Financial Services,Financial Data & Stock Exchanges,NYSE,2141076,70.95,85.43,-24,-59,-20.5,,,,,,,39,63,28,25,,0,0,0,0,0,0,13877588058.47168,191600000.0,0.05,0.149,2634270,2178102,0,38.7,,2026-09-25
1458,TXRH,Consumer Cyclical,Restaurants,NASDAQ,854200,164.84,85.41,-30,-32,-23.79,,,,,,,39,69,67,43,,0,0,0,0,0,0,10998793400.303831,65640926.0,0.030299999,0.111,1226100,876794,0,59.7,,2026-09-25
1459,CELC,Healthcare,Biotechnology,NASDAQ,846396,79.99,85.41,4,66,-47.03,,,,,,,39,35,97,99,,0,0,0,1,0,1,3944401133.7456665,48931908.0,0.32770002,,942540,1176132,2,77.0,,2026-09-25
1460,IR,Industrials,Specialty Industrial Machinery,NYSE,3936456,76.22,85.41,-8,-18,-24.5,,,,,,,39,47,37,44,,0,0,0,0,0,0,27869999695.518173,387999429.0,0.0388,0.085,5396530,4231314,0,42.7,,2026-09-25
1461,LUNR,Industrials,Aerospace & Defense,NASDAQ,8608300,15.24,85.35,-26,-2,-67.4,,,,,,,39,65,89,95,,0,0,0,0,0,0,2233496153.52154,160452309.0,0.2708,3.098,8024200,8924202,1,83.0,,2026-09-25
1462,FCPT,Real Estate,REIT - Retail,NYSE,868566,22.24,85.35,-14,-13,-17.2,,,,,,,39,53,54,43,,0,0,0,0,0,0,2482689995.8312416,109756406.0,0.045,0.077,1236490,820902,0,50.0,,2026-09-25
1463,CRML,Basic Materials,Other Industrial Metals & Mining,NASDAQ,9720913,7.72,85.33,12,78,-75.99,,,,,,,39,27,93,98,,0,0,0,1,0,1,988561310.4916806,146888753.0,0.3261,0.578,13764070,8336616,2,72.7,,2026-09-25
1464,WM,Industrials,Waste Management,NYSE,2142390,207.88,85.25,-11,-17,-16.22,,,,,,,38,49,43,58,,0,0,0,0,0,0,84379877782.06787,399715184.0,0.0145000005,0.04,2348720,2077930,0,50.0,,2026-09-25
1465,FHB,Financial Services,Banks - Regional,NASDAQ,1899880,24.78,85.22,-10,13,-18.97,,,,,,,38,48,71,48,,0,0,0,0,0,0,3134511655.3706512,121681352.0,0.1574,0.059,2314520,2156608,0,55.7,,2026-09-25
1466,APG,Industrials,Engineering & Construction,NYSE,3284323,37.82,85.19,-5,10,-24.34,,,,,,,38,43,58,81,,0,0,0,0,0,0,16158473241.060287,432160297.0,0.0287,0.133,4502050,3116594,0,60.7,,2026-09-25
1467,CBRE,Real Estate,Real Estate Services,NYSE,1621816,136.41,85.18,-16,-38,-21.72,,,,,,,38,54,32,34,,0,0,0,0,0,0,40395754071.0,289575298.0,0.016900001,0.155,2067550,1697566,0,40.0,,2026-09-25
1468,HYT,Financial Services,Asset Management,NYSE,942580,7.83,85.16,3,8,-18.27,,,,,,,38,35,40,42,,0,0,0,0,0,0,1565260608.0,195657576.0,0.0014,0.041,1182921,892068,0,39.0,,2026-09-25
1469,IMTX,Healthcare,Biotechnology,NASDAQ,587213,8.6,85.15,6,43,-30.7,,,,,,,38,32,69,88,,0,0,0,0,0,0,1312180146.3192225,152225077.0,0.0442,0.93,497550,514930,0,63.0,,2026-09-25
1470,OSS,Technology,Computer Hardware,NASDAQ,747010,9.18,85.15,-49,-39,-56.03,,,,,,,38,87,97,94,,0,0,0,0,0,0,225753956.15791705,24945188.0,0.19129999,0.623,685600,905882,2,92.7,,2026-09-25
1471,NAC,Financial Services,Asset Management,NYSE,813628,10.68,85.15,-13,-7,-12.82,,,,,,,38,51,57,62,,0,0,0,0,0,0,1663316120.3905125,156326698.0,0.0056,-0.005,1474645,652049,0,56.7,,2026-09-25
1472,WAL,Financial Services,Banks - Regional,NYSE,1063636,75.6,85.08,5,26,-22.25,,,,,,,38,33,54,31,,0,0,0,0,0,0,8568781958.444824,109100864.0,0.0,0.136,1225140,1041480,0,39.3,,2026-09-25
1473,MGM,Consumer Cyclical,Resorts & Casinos,NYSE,2201046,37.85,85.06,-37,-29,-26.63,,,,,,,38,75,83,64,,0,0,0,0,0,0,9673735546.708202,255851235.0,0.1576,0.01,2923190,2356256,0,74.0,,2026-09-25
1474,BX,Financial Services,Asset Management,NYSE,3626476,119.27,85.05,-27,-67,-37.19,,,,,,,38,65,25,22,,0,0,0,0,0,0,93798113558.22218,750625114.0,0.028800001,0.286,3954060,4268500,0,37.3,,2026-09-25
1475,ORC,Real Estate,REIT - Mortgage,NYSE,4297326,5.94,85.04,-15,-11,-29.29,,,,,,,38,53,57,68,,0,0,0,0,0,0,1192340175.0695086,197407315.0,0.103199996,,5210810,4764288,0,59.3,,2026-09-25
1476,ENB,Energy,Oil & Gas Midstream,NYSE,5861453,47.85,85.01,3,31,-18.14,,,,,,,38,35,63,76,,0,0,0,0,0,0,106431612978.6644,2184108639.0,0.016900001,0.971,6706490,5146696,0,58.0,,2026-09-25
1477,GEMI,Financial Services,Capital Markets,NASDAQ,3331380,5.63,84.94,27,24,-78.95,,,,,,,38,11,8,2,,0,0,0,0,0,0,753279286.2012415,129652202.0,0.1842,0.366,3782760,2438958,0,7.0,,2026-09-25
1478,DNA,Healthcare,Biotechnology,NYSE,1251706,8.58,84.94,23,87,-51.19,,,,,,,38,15,79,19,,0,0,0,0,0,0,530641390.4664831,67340277.0,0.128,-0.485,1315790,1132288,0,37.7,,2026-09-25
1479,MDU,Utilities,Utilities - Regulated Gas,NYSE,1655046,18.39,84.92,-1,28,-19.97,,,,,,,38,39,68,75,,0,0,0,0,0,0,3904085791.021271,210349456.0,0.0995,0.069,2063810,1600584,0,60.7,,2026-09-25
1480,DCH,Consumer Cyclical,Auto Parts,NYSE,2671440,5.68,84.91,3,-1,-38.59,,,,,,,38,35,31,74,,0,0,0,0,0,0,1399491074.056363,237604602.0,0.0885,0.924,3133240,2950082,0,46.7,,2026-09-25
1481,COF,Financial Services,Credit Services,NYSE,3318183,196.1,84.91,-22,-41,-24.47,,,,,,,38,60,41,29,,0,0,0,0,0,0,124187730858.18286,613484836.0,0.0201,11.11,3969730,3705220,0,43.3,,2026-09-25
1482,TRMB,Technology,Scientific & Technical Instruments,NASDAQ,3534016,59.32,84.87,10,-4,-29.73,,,,,,,38,28,14,30,,0,0,0,0,0,0,13417899353.769957,233111519.0,0.0624,0.11,2398160,3116818,0,24.0,,2026-09-25
1483,AKR,Real Estate,REIT - Retail,NYSE,1426733,19.11,84.86,-13,-1,-17.02,,,,,,,38,51,63,42,,0,0,0,0,0,0,2647774974.4588966,137332722.0,0.1998,0.134,1434090,1435922,0,52.0,,2026-09-25
1484,UDR,Real Estate,REIT - Residential,NYSE,3444003,33.79,84.81,-15,-5,-19.55,,,,,,,37,52,62,32,,0,0,0,0,0,0,10890857616.0103,321264222.0,0.0398,-0.001,4993480,3473518,0,48.7,,2026-09-25
1485,PRG,Industrials,Rental & Leasing Services,NYSE,569553,32.27,84.74,-35,-18,-32.39,,,,,,,37,72,89,43,,0,0,0,0,0,0,1413226320.6065254,39831633.0,0.098400004,0.223,725370,555804,0,68.0,,2026-09-25
1486,SGRY,Healthcare,Medical Care Facilities,NASDAQ,2539370,14.56,84.71,12,36,-37.88,,,,,,,37,25,49,13,,0,0,0,0,0,0,1734666945.0,130918260.0,0.19610001,0.027,2439900,2214678,0,29.0,,2026-09-25
1487,CMG,Consumer Cyclical,Restaurants,NYSE,13816440,32.71,84.71,-18,-48,-23.61,,,,,,,37,55,25,22,,0,0,0,0,0,0,42383824726.91345,1267838000.0,0.0356,0.093,13457330,16211022,0,34.0,,2026-09-25
1488,KBR,Industrials,Engineering & Construction,NYSE,1203203,35.34,84.7,2,-13,-32.34,,,,,,,37,35,20,27,,0,0,0,0,0,0,4480448128.118477,126067755.0,0.0832,0.016,1325820,1426414,0,27.3,,2026-09-25
1489,DUK,Utilities,Utilities - Regulated Electric,NYSE,3910790,114.17,84.68,0,15,-15.11,,,,,,,37,37,52,70,,0,0,0,0,0,0,91638397791.5051,779702193.0,0.024400001,0.011,4328710,4156112,0,53.0,,2026-09-25
1490,BCE,Communication Services,Telecom Services,NYSE,3326563,21.61,84.67,1,2,-18.51,,,,,,,37,36,37,71,,0,0,0,0,0,0,20571519024.99748,932525817.0,9.71,0.015,4640390,3700614,0,48.0,,2026-09-25
1491,NZF,Financial Services,Asset Management,NYSE,749376,11.24,84.65,-9,1,-13.67,,,,,,,37,46,56,57,,0,0,0,0,0,0,2246667037.432741,196386986.0,0.005,-0.018,1167138,667271,0,53.0,,2026-09-25
1492,SYF,Financial Services,Credit Services,NYSE,3169173,70.67,84.62,-26,-29,-20.39,,,,,,,37,63,60,44,,0,0,0,0,0,0,24415828131.4859,325370840.0,0.0729,0.006,3134180,3365134,0,55.7,,2026-09-25
1493,MRP,Real Estate,REIT - Residential,NYSE,1269736,26.81,84.57,-21,-22,-23.62,,,,,,,37,58,57,48,,0,0,0,0,0,0,4793803791.842966,166047927.0,0.0545,0.321,1842610,1233146,0,54.3,,2026-09-25
1494,TDS,Communication Services,Telecom Services,NYSE,1247960,36.43,84.56,16,30,-25.83,,,,,,,37,21,35,66,,0,0,0,0,0,0,4132664575.653076,115116000.0,0.0005,0.036,1561070,1238660,0,40.7,,2026-09-25
1495,INVA,Healthcare,Biotechnology,NASDAQ,820160,20.24,84.55,5,35,-19.52,,,,,,,37,32,62,79,,0,0,0,0,0,0,1527269508.804855,72245485.0,0.1304,0.193,1252240,781848,0,57.7,,2026-09-25
1496,TKO,Communication Services,Entertainment,NYSE,1099613,189.08,84.52,-11,2,-16.68,,,,,,,37,48,61,66,,0,0,0,0,0,0,13837006005.868744,73111098.0,0.1121,0.182,1240540,1100574,0,58.3,,2026-09-25
1497,NEE,Utilities,Utilities - Regulated Electric,NYSE,10724010,77.02,84.51,0,21,-22.01,,,,,,,37,37,58,81,,0,0,0,0,0,0,167858669024.59012,2085978209.0,0.0,0.124,11741510,10760126,0,58.7,,2026-09-25
1498,ORLY,Consumer Cyclical,Auto Parts,NASDAQ,5644250,85.9,84.48,6,7,-20.99,,,,,,,37,31,32,43,,0,0,0,0,0,0,68527067949.69428,808960792.0,0.033,0.081,7273600,6484400,0,35.3,,2026-09-25
1499,NTES,Communication Services,Electronic Gaming & Multimedia,NASDAQ,795550,117.02,84.47,0,-1,-25.2,,,,,,,37,37,36,30,,0,0,0,0,0,0,74390671836.35083,640250196.0,0.0076,0.079,627340,803272,0,34.3,,2026-09-25
1500,BKD,Healthcare,Medical Care Facilities,NYSE,4843376,11.17,84.46,-17,18,-34.64,,,,,,,37,54,89,93,,0,0,0,0,0,0,2734457489.849224,238817252.0,0.172,-0.089,4270460,4879324,1,78.7,,2026-09-25
1501,BTDR,Technology,Software - Application,NASDAQ,12898150,12.31,84.43,9,71,-55.72,,,,,,,37,28,90,23,,0,0,0,0,0,0,3525015790.223689,271782245.0,0.3032,0.471,9467540,12260034,1,47.0,,2026-09-25
1502,REYN,Consumer Cyclical,Packaging & Containers,NASDAQ,1499783,21.94,84.41,-26,-15,-19.69,,,,,,,37,63,74,38,,0,0,0,0,0,0,4662696698.742832,210790982.0,0.115200005,0.006,1578580,1372664,0,58.3,,2026-09-25
1503,KMB,Consumer Defensive,Household & Personal Products,NASDAQ,3931033,97.7,84.39,-17,-23,-22.04,,,,,,,37,54,48,28,,0,0,0,0,0,0,32546184861.67013,332579038.0,0.172,0.006,5851790,3857412,0,43.3,,2026-09-25
1504,PDO,Financial Services,Asset Management,NYSE,1069700,11.68,84.34,0,14,-18.04,,,,,,,37,37,51,46,,0,0,0,0,0,0,1736523656.8508148,144831000.0,0.16,,1414692,861546,0,44.7,,2026-09-25
1505,AHRT,Real Estate,REIT - Diversified,NYSE,648023,5.95,84.33,-20,-3,-19.38,,,,,,,37,57,74,28,,0,0,0,0,0,0,463968394.58976746,74592992.0,0.0517,0.039,837100,661180,0,53.0,,2026-09-25
1506,NVG,Financial Services,Asset Management,NYSE,712179,11.19,84.26,-6,8,-17.66,,,,,,,37,43,57,60,,0,0,0,0,0,0,2477629952.0447884,215821433.0,0.0037,-0.023,1021638,610749,0,53.3,,2026-09-25
1507,RPM,Basic Materials,Specialty Chemicals,NYSE,1386563,100.06,84.22,3,24,-18.52,,,,,,,37,34,55,34,,0,0,0,0,0,0,12556242260.58197,127643000.0,0.040900003,0.072,1002050,1267158,0,41.0,,2026-09-25
1508,ECVT,Basic Materials,Specialty Chemicals,NYSE,1333170,10.33,84.2,9,49,-31.52,,,,,,,37,28,68,91,,0,0,0,0,0,0,1142850029.1852322,109468398.0,0.0477,0.42,1506850,1312648,1,62.3,,2026-09-25
1509,OTF,Financial Services,Asset Management,NYSE,2433680,10.39,84.18,-1,-17,-30.73,,,,,,,36,37,21,33,,0,0,0,0,0,0,4852183339.423542,458185389.0,0.0111,0.058,2058580,2542586,0,30.3,,2026-09-25
1510,PGR,Financial Services,Insurance - Property & Casualty,NYSE,2380690,203.13,84.18,-19,-26,-18.15,,,,,,,36,55,48,29,,0,0,0,0,0,0,123903789520.26369,580400000.0,0.0104,0.073,2634540,2591974,0,44.0,,2026-09-25
1511,MFA,Real Estate,REIT - Mortgage,NYSE,1469143,8.32,84.17,-6,11,-20.23,,,,,,,36,42,59,68,,0,0,0,0,0,0,845095126.9742107,101087938.0,0.0465,0.202,1836640,1506706,0,56.3,,2026-09-25
1512,CHKP,Technology,Software - Infrastructure,NASDAQ,1059876,141.16,84.16,14,9,-32.99,,,,,,,36,22,17,18,,0,0,0,0,0,0,13549775823.630096,102100634.0,0.0754,0.013,1360170,1184020,0,19.0,,2026-09-25
1513,AA,Basic Materials,Aluminum,NYSE,4399396,44.02,84.16,-8,25,-47.83,,,,,,,36,44,77,95,,0,0,0,0,0,0,11725496721.888771,263909445.0,0.0463,0.314,4055100,4758152,1,72.0,,2026-09-25
1514,PHM,Consumer Cyclical,Residential Construction,NYSE,1454173,118.71,84.12,-16,0,-17.85,,,,,,,36,52,68,57,,0,0,0,0,0,0,22336430159.70275,190486353.0,0.0573,-0.096,1921260,1618990,0,59.0,,2026-09-25
1515,SBAC,Real Estate,REIT - Specialty,NASDAQ,849813,170.53,84.1,9,17,-24.03,,,,,,,36,27,35,29,,0,0,0,0,0,0,18946275176.393738,106088110.0,0.048899997,0.023,1086210,961254,0,30.3,,2026-09-25
1516,MLYS,Healthcare,Biotechnology,NASDAQ,1205126,26.89,84.09,3,29,-43.57,,,,,,,36,33,59,76,,0,0,0,0,0,0,2477160958.1694603,88406885.0,0.12640001,,1604570,972254,0,56.0,,2026-09-25
1517,NBIX,Healthcare,Drug Manufacturers - Specialty & Generic,NASDAQ,1196886,139.49,84.07,-20,-1,-25.05,,,,,,,36,56,75,51,,0,0,0,0,0,0,14864159303.337845,101649181.0,0.0646,0.395,1309650,1257250,0,60.7,,2026-09-25
1518,BW,Industrials,Specialty Industrial Machinery,NYSE,5509990,6.64,84.06,-54,-45,-69.86,,,,,,,36,90,99,99,,0,0,1,1,0,2,1096382905.648982,148965066.0,0.18200001,1.303,4524250,4615610,3,96.0,,2026-09-25
1519,TSLA,Consumer Cyclical,Auto Manufacturers,NASDAQ,37944216,380.12,84.03,13,44,-23.8,,,,,,,36,23,54,58,,0,0,0,0,0,0,1438701585821.3564,3949547394.0,0.021,0.255,34389580,38366414,0,45.0,,2026-09-25
1520,RCI,Communication Services,Telecom Services,NYSE,1038503,33.28,84.02,-1,-1,-19.11,,,,,,,36,37,37,77,,0,0,0,0,0,0,18951103741.422028,540225278.0,17.55,0.077,1185480,1230640,0,50.3,,2026-09-25
1521,BA,Industrials,Aerospace & Defense,NYSE,5824136,199.93,84.01,2,17,-21.4,,,,,,,36,34,49,55,,0,0,0,0,0,0,156651335551.98212,790370020.0,0.0001,0.08,7443320,5998616,0,46.0,,2026-09-25
1522,IP,Consumer Cyclical,Packaging & Containers,NYSE,4501846,35.7,83.98,-28,-56,-28.96,,,,,,,36,64,36,26,,0,0,0,0,0,0,18286047827.90237,529569895.0,0.1549,-0.022,5721280,4927024,0,42.0,,2026-09-25
1523,XEL,Utilities,Utilities - Regulated Electric,NASDAQ,5313713,70.66,83.97,1,25,-16.11,,,,,,,36,35,59,69,,0,0,0,0,0,0,45161062230.03262,624634306.0,0.0747,-0.051,6296710,5246936,0,54.3,,2026-09-25
1524,AAL,Industrials,Airlines,NASDAQ,65811600,13.35,83.97,-7,39,-28.95,,,,,,,36,43,89,33,,0,0,0,0,0,0,8579130590.21215,661969951.0,0.1148,0.163,77529620,75576486,0,55.0,,2026-09-25
1525,DOX,Technology,Software - Infrastructure,NASDAQ,1025066,58.36,83.94,10,-3,-31.85,,,,,,,36,26,13,23,,0,0,0,0,0,0,6191809420.337677,104415000.0,0.1038,0.027,943570,1170074,0,20.7,,2026-09-25
1526,JACK,Consumer Cyclical,Restaurants,NASDAQ,724383,13.46,83.88,-45,-84,-43.59,,,,,,,36,81,42,7,,0,0,0,0,0,0,249101432.9636078,19073616.0,0.3123,-0.018,567520,728204,0,43.3,,2026-09-25
1527,RYN,Real Estate,REIT - Specialty,NYSE,3366243,19.86,83.85,-2,8,-26.61,,,,,,,36,38,48,36,,0,0,0,0,0,0,6057048887.658463,300747223.0,0.0437,2.721,3384990,3109304,0,40.7,,2026-09-25
1528,AZ,Technology,Software - Application,NASDAQ,592243,5.75,83.83,-26,-74,-36.95,,,,,,,36,62,14,35,,0,0,0,0,0,0,248749542.74869108,44026467.0,0.0994,4.09,352680,433838,0,37.0,,2026-09-25
1529,AURA,Healthcare,Biotechnology,NASDAQ,947706,6.02,83.79,-41,-56,-36.86,,,,,,,36,77,62,73,,0,0,0,0,0,0,667858975.8940368,103704809.0,0.0602,,1110550,724002,0,70.7,,2026-09-25
1530,NUV,Financial Services,Asset Management,NYSE,570176,8.24,83.78,-9,-2,-11.02,,,,,,,36,45,52,59,,0,0,0,0,0,0,1766179020.9525013,207541595.0,0.0015,0.062,777308,539167,0,52.0,,2026-09-25
1531,PFLT,Financial Services,Asset Management,NYSE,786066,7.02,83.78,8,7,-28.0,,,,,,,36,28,27,33,,0,0,0,0,0,0,695517473.6691742,99217896.0,0.038900003,0.041,734400,943594,0,29.3,,2026-09-25
1532,RL,Consumer Cyclical,Apparel Manufacturing,NYSE,641510,337.47,83.77,-21,1,-19.95,,,,,,,36,57,79,76,,0,0,0,0,0,0,19966008652.561127,59582239.0,0.0896,0.14,695620,629806,0,70.7,,2026-09-25
1533,LBRT,Energy,Oil & Gas Equipment & Services,NYSE,3373370,18.27,83.77,8,69,-47.01,,,,,,,36,28,89,96,,0,0,0,0,0,0,3154490058.829483,163191416.0,0.1292,0.14,3555790,4455808,1,71.0,,2026-09-25
1534,STE,Healthcare,Medical Devices,NYSE,655280,209.98,83.76,-5,-18,-22.07,,,,,,,36,41,28,34,,0,0,0,0,0,0,19991421899.79721,97500110.0,0.0251,0.073,777480,704902,0,34.3,,2026-09-25
1535,AVA,Utilities,Utilities - Diversified,NYSE,689016,35.45,83.76,4,30,-18.51,,,,,,,36,32,58,63,,0,0,0,0,0,0,3036040087.5,83752830.0,0.0722,0.005,771030,658666,0,51.0,,2026-09-25
1536,OCFC,Financial Services,Banks - Regional,NASDAQ,1000956,17.0,83.75,-16,-10,-17.52,,,,,,,36,52,58,59,,0,0,0,0,0,0,1727050144.6378956,96645219.0,0.0499,0.322,1140460,964326,0,56.3,,2026-09-25
1537,OGS,Utilities,Utilities - Regulated Gas,NYSE,509226,72.29,83.72,-3,3,-20.37,,,,,,,36,39,45,73,,0,0,0,0,0,0,4726163094.75769,62856270.0,0.075100005,-0.029,677000,510836,0,52.3,,2026-09-25
1538,DOV,Industrials,Specialty Industrial Machinery,NYSE,1186346,189.03,83.7,-5,22,-20.42,,,,,,,36,41,68,73,,0,0,0,0,0,0,25241767522.893143,134680225.0,0.0433,0.069,1354880,1209260,0,60.7,,2026-09-25
1539,ACHR,Industrials,Aerospace & Defense,NYSE,28050486,5.71,83.67,15,8,-60.94,,,,,,,35,20,13,14,,0,0,0,0,0,0,4050341144.245148,770026800.0,0.146,,26076500,33456478,0,15.7,,2026-09-25
1540,ADC,Real Estate,REIT - Retail,NYSE,1563580,67.12,83.66,-7,5,-18.23,,,,,,,35,42,54,62,,0,0,0,0,0,0,8464012425.075531,124379310.0,0.0,0.168,1680680,1455102,0,52.7,,2026-09-25
1541,GBCI,Financial Services,Banks - Regional,NYSE,945516,44.13,83.62,-10,11,-19.15,,,,,,,35,45,66,47,,0,0,0,0,0,0,5816567702.084793,130211953.0,0.0764,0.415,1099200,1075750,0,52.7,,2026-09-25
1542,CPT,Real Estate,REIT - Residential,NYSE,944970,97.68,83.61,-15,-3,-18.47,,,,,,,35,50,62,33,,0,0,0,0,0,0,11471413449.22902,115732578.0,0.044499997,-0.008,1127110,989476,0,48.3,,2026-09-25
1543,WCN,Industrials,Waste Management,NYSE,1029210,155.41,83.6,-12,-22,-13.54,,,,,,,35,47,37,33,,0,0,0,0,0,0,39076251131.15704,251569244.0,0.0175,0.064,1165500,1168732,0,39.0,,2026-09-25
1544,PFGC,Consumer Defensive,Food Distribution,NYSE,1739903,90.79,83.6,-25,-12,-22.72,,,,,,,35,60,73,41,,0,0,0,0,0,0,14439671203.80471,157072459.0,0.0438,0.073,1751020,1694748,0,58.0,,2026-09-25
1545,LNT,Utilities,Utilities - Regulated Electric,NASDAQ,2279873,63.69,83.58,0,32,-19.19,,,,,,,35,35,67,72,,0,0,0,0,0,0,17011669259.64482,259284699.0,0.1094,0.01,2302340,2406586,0,58.0,,2026-09-25
1546,GEHC,Healthcare,Medical Devices,NASDAQ,3002853,66.09,83.54,-14,-37,-26.38,,,,,,,35,49,26,34,,0,0,0,0,0,0,28966638100.166656,451686252.0,0.0476,0.058,3889770,4209410,0,36.3,,2026-09-25
1547,TYL,Technology,Software - Application,NYSE,922603,332.53,83.54,3,-16,-38.29,,,,,,,35,32,13,16,,0,0,0,0,0,0,13821392475.0,40952274.0,0.1089,0.082,817500,898710,0,20.3,,2026-09-25
1548,AXS,Financial Services,Insurance - Specialty,NYSE,609303,95.31,83.52,-3,14,-20.57,,,,,,,35,38,55,46,,0,0,0,0,0,0,7238258423.724472,72966317.0,0.0292,0.074,741570,679828,0,46.3,,2026-09-25
1549,OWL,Financial Services,Asset Management,NYSE,18373723,9.6,83.48,-7,-35,-49.43,,,,,,,35,42,14,10,,0,0,0,0,0,0,6729660688.99617,683908596.0,0.16360001,0.071,17071470,19018950,0,22.0,,2026-09-25
1550,TOL,Consumer Cyclical,Residential Construction,NYSE,996756,135.27,83.48,-19,3,-19.65,,,,,,,35,54,76,68,,0,0,0,0,0,0,12261079595.031738,92147000.0,0.0525,-0.097,1208090,935268,0,66.0,,2026-09-25
1551,LWLG,Basic Materials,Specialty Chemicals,NASDAQ,2621363,5.27,83.46,-42,-21,-71.83,,,,,,,35,77,98,99,,0,0,1,1,0,2,786252985.7974648,154167255.0,0.1579,0.279,2638270,2856092,2,91.3,,2026-09-25
1552,BLBD,Industrials,Farm & Heavy Construction Machinery,NASDAQ,559883,58.09,83.46,1,55,-30.34,,,,,,,35,34,88,83,,0,0,0,0,0,0,1912403382.9277723,31646589.0,0.1442,0.299,503560,554230,0,68.3,,2026-09-25
1553,PTY,Financial Services,Asset Management,NYSE,1463093,10.86,83.45,-1,-2,-26.07,,,,,,,35,36,35,38,,0,0,0,0,0,0,2456245189.928055,218139000.0,0.44,0.072,2063739,1356785,0,36.3,,2026-09-25
1554,KR,Consumer Defensive,Grocery Stores,NYSE,6781363,57.64,83.45,10,7,-24.73,,,,,,,35,25,22,69,,0,0,0,0,0,0,35760000000.0,596000000.0,0.0469,0.02,8900810,6730196,0,38.7,,2026-09-25
1555,GAP,Consumer Cyclical,Apparel Retail,NYSE,7832840,21.28,83.43,11,10,-27.52,,,,,,,35,24,23,64,,0,0,0,0,0,0,7215088935.577415,351270137.0,0.15560001,-0.02,6412320,7146568,0,37.0,,2026-09-25
1556,OSW,Consumer Cyclical,Leisure,NASDAQ,946120,22.26,83.33,-37,-30,-23.89,,,,,,,35,72,79,74,,0,0,0,0,0,0,2219776916.621109,101498712.0,0.076,0.085,1005240,944642,0,75.0,,2026-09-25
1557,CSL,Industrials,Building Products & Equipment,NYSE,598143,323.96,83.3,-15,-1,-25.17,,,,,,,35,50,64,45,,0,0,0,0,0,0,12498038139.891665,39714133.0,0.0731,0.083,600170,547704,0,53.0,,2026-09-25
1558,RIVN,Consumer Cyclical,Auto Manufacturers,NASDAQ,21513640,15.02,83.29,-33,-46,-33.8,,,,,,,35,68,55,42,,0,0,0,0,0,0,21703430512.311,1447860630.0,0.1409,0.272,22811620,22889588,0,55.0,,2026-09-25
1559,NOC,Industrials,Aerospace & Defense,NYSE,760270,514.42,83.26,6,-1,-33.54,,,,,,,35,29,22,81,,0,0,0,0,0,0,74922621363.14136,142063026.0,0.0168,0.051,870410,815066,0,44.0,,2026-09-25
1560,LSPD,Technology,Software - Application,NYSE,568600,9.59,83.24,-22,-43,-30.08,,,,,,,35,57,36,26,,0,0,0,0,0,0,1216709140.990448,129299592.0,0.0454,0.058,468680,692922,0,39.7,,2026-09-25
1561,PHG,Healthcare,Medical Devices,NYSE,729760,24.45,83.24,-4,10,-26.88,,,,,,,35,39,53,62,,0,0,0,0,0,0,24122910307.247192,977427472.0,3.02,0.005,789440,997928,0,51.3,,2026-09-25
1562,CHA,Consumer Cyclical,Restaurants,NASDAQ,1114083,11.28,83.23,7,11,-36.27,,,,,,,35,28,32,11,,0,0,0,0,0,0,2292975265.8445206,190763326.0,0.0367,0.025,1183440,846090,0,23.7,,2026-09-25
1563,SVV,Consumer Cyclical,Specialty Retail,NYSE,1808770,9.01,83.21,-41,-56,-35.13,,,,,,,35,76,61,24,,0,0,0,0,0,0,1385240371.3545656,153234555.0,0.2025,0.074,1339510,1505182,0,53.7,,2026-09-25
1564,GDS,Technology,Information Technology Services,NASDAQ,1508010,33.11,83.17,8,0,-31.89,,,,,,,34,26,18,82,,0,0,0,0,0,0,6570382113.721184,200377613.0,0.1162,0.065,1210810,1552192,0,42.0,,2026-09-25
1565,KYTX,Healthcare,Biotechnology,NASDAQ,756650,7.07,83.16,-43,-38,-48.28,,,,,,,34,77,82,97,,0,0,0,0,0,0,440943762.7974205,61843444.0,0.16049999,,801670,804386,1,85.3,,2026-09-25
1566,AZN,Healthcare,Drug Manufacturers - General,NYSE,3254616,163.33,83.13,7,42,-23.21,,,,,,,34,27,62,81,,0,0,0,0,0,0,257572796236.89523,1550895914.0,0.0019,0.064,3109500,3516476,0,56.7,,2026-09-25
1567,CHRW,Industrials,Integrated Freight & Logistics,NASDAQ,1325480,149.67,83.11,8,62,-28.84,,,,,,,34,26,80,85,,0,0,0,0,0,0,17877074603.30313,116851258.0,0.0456,0.193,1506200,1830082,0,63.7,,2026-09-25
1568,INSM,Healthcare,Biotechnology,NASDAQ,1947346,118.34,83.11,6,-6,-44.38,,,,,,,34,28,16,86,,0,0,0,0,0,0,26205780360.0,218381503.0,0.059,2.961,2231160,2453046,0,43.3,,2026-09-25
1569,OTEX,Technology,Software - Application,NASDAQ,1389423,23.08,83.09,4,-5,-42.16,,,,,,,34,30,21,20,,0,0,0,0,0,0,5479316070.286331,242662360.0,0.071100004,0.029,1271940,1551280,0,23.7,,2026-09-25
1570,ALGN,Healthcare,Medical Instruments & Supplies,NASDAQ,869613,148.17,83.08,-10,7,-26.08,,,,,,,34,44,61,69,,0,0,0,0,0,0,10486192597.079285,71039852.0,0.062,0.043,985060,905822,0,58.0,,2026-09-25
1571,GIS,Consumer Defensive,Packaged Foods,NYSE,9043250,35.82,83.07,-6,-23,-30.22,,,,,,,34,40,23,21,,0,0,0,0,0,0,19384288779.845123,533708396.0,0.111999996,0.012,10109750,9080116,0,28.0,,2026-09-25
1572,MNDY,Technology,Software - Application,NASDAQ,1227746,86.46,83.07,0,-23,-60.84,,,,,,,34,34,11,4,,0,0,0,0,0,0,3598795634.3606644,42274119.0,0.1634,0.219,1241150,1478000,0,16.3,,2026-09-25
1573,CLM,Financial Services,Asset Management,NYSE ARCA,2632165,6.37,83.05,3,26,-25.32,,,,,,,34,31,54,50,,0,0,0,0,0,0,1966496253.43641,312142253.0,12.48,-0.338,2458867,2256559,0,45.0,,2026-09-25
1574,YUM,Consumer Cyclical,Restaurants,NYSE,2395720,140.63,83.04,-14,-14,-17.34,,,,,,,34,48,48,58,,0,0,0,0,0,0,37657622218.24043,272901085.0,0.0372,0.122,2649820,2559734,0,51.3,,2026-09-25
1575,WEC,Utilities,Utilities - Regulated Electric,NYSE,2529436,101.17,83.04,0,23,-15.63,,,,,,,34,34,57,68,,0,0,0,0,0,0,33617880247.46196,325849383.0,0.052699998,0.026,2804380,2355218,0,53.0,,2026-09-25
1576,ATO,Utilities,Utilities - Regulated Gas,NYSE,1017473,156.24,83.03,1,16,-18.84,,,,,,,34,33,48,74,,0,0,0,0,0,0,27088865561.612137,168988553.0,0.0297,0.048,1144000,1018826,0,51.7,,2026-09-25
1577,YUMC,Consumer Cyclical,Restaurants,NYSE,1424200,40.85,83.02,-18,-45,-30.04,,,,,,,34,52,25,61,,0,0,0,0,0,0,13945132972.167282,339132620.0,0.0152,0.126,1313270,1524824,0,46.0,,2026-09-25
1578,MQY,Financial Services,Asset Management,NYSE,651018,10.21,83.02,-6,7,-14.49,,,,,,,34,40,53,47,,0,0,0,0,0,0,743477963.3523502,71833617.0,0.0007,0.071,1028126,539407,0,46.7,,2026-09-25
1579,CRF,Financial Services,Asset Management,NYSE ARCA,1858817,6.1,83.01,3,25,-26.06,,,,,,,34,31,53,46,,0,0,0,0,0,0,1035203112.7699128,170263672.0,0.0963,-0.324,1722833,1562002,0,43.3,,2026-09-25
1580,BKKT,Technology,Software - Infrastructure,NYSE,1554546,8.81,83.0,19,25,-82.31,,,,,,,34,15,21,13,,0,0,0,0,0,0,388048017.9066296,45069458.0,0.255,-0.701,1495910,1300062,0,16.3,,2026-09-25
1581,SUI,Real Estate,REIT - Residential,NYSE,1800670,112.32,82.96,-3,-6,-18.52,,,,,,,34,37,34,55,,0,0,0,0,0,0,13854858858.75,121800957.0,0.066199996,0.002,1170720,1843812,0,42.0,,2026-09-25
1582,BOBS,Consumer Cyclical,Specialty Retail,NYSE,842910,13.57,82.95,-35,-35,-42.23,,,,,,,34,69,69,17,,0,0,0,0,0,0,1942009904.4921527,130687076.0,0.1591,0.088,1113850,967512,0,51.7,,2026-09-25
1583,BABA,Consumer Cyclical,Internet Retail,NYSE,11688850,110.8,82.89,10,1,-42.49,,,,,,,34,24,15,33,,0,0,0,0,0,0,281472012852.7351,2485623615.0,0.0173,0.086,9308890,11004772,0,24.0,,2026-09-25
1584,MIDD,Industrials,Specialty Industrial Machinery,NASDAQ,671490,111.24,82.89,-12,18,-25.12,,,,,,,34,46,76,34,,0,0,0,0,0,0,5077565290.516937,45222349.0,0.0465,0.099,781160,603438,0,52.0,,2026-09-25
1585,DOCS,Healthcare,Health Information Services,NYSE,3100160,26.57,82.88,7,-12,-65.27,,,,,,,34,27,8,6,,0,0,0,0,0,0,4654002646.592712,178245980.0,0.11270001,0.073,3023390,4866082,0,13.7,,2026-09-25
1586,BSY,Technology,Software - Application,NASDAQ,2580563,32.72,82.86,-12,-43,-42.85,,,,,,,34,46,15,26,,0,0,0,0,0,0,9842186876.7686,302092889.0,0.082200006,0.128,3350580,2687042,0,29.0,,2026-09-25
1587,RPC,Financial Services,Asset Management,NYSE,583633,7.72,82.83,-1,-10,-36.36,,,,,,,34,35,26,18,,0,0,0,0,0,0,867576510.1842117,110238440.0,0.0581,0.113,602480,563646,0,26.3,,2026-09-25
1588,BBAR,Financial Services,Banks - Regional,NYSE,752243,13.67,82.79,3,56,-39.16,,,,,,,34,31,84,71,,0,0,0,0,0,0,2910372875.25,204236693.0,0.0301,0.051,342720,634956,0,62.0,,2026-09-25
1589,GGAL,Financial Services,Banks - Regional,NASDAQ,825916,39.99,82.73,3,42,-36.04,,,,,,,34,31,70,64,,0,0,0,0,0,0,7076375578.778019,169453445.0,0.17549999,-0.079,639340,836498,0,55.0,,2026-09-25
1590,KKR,Financial Services,Asset Management,NYSE,3973090,97.21,82.72,-9,-33,-36.09,,,,,,,34,43,19,20,,0,0,0,0,0,0,88695371543.31683,897635601.0,0.0198,0.078,3676870,4260652,0,27.3,,2026-09-25
1591,CCJ,Energy,Uranium,NYSE,2779390,90.8,82.67,-21,-13,-32.86,,,,,,,34,55,63,91,,0,0,0,0,0,0,39903532732.207054,435532979.0,2.87,-0.072,3008350,3204980,1,69.7,,2026-09-25
1592,STEP,Financial Services,Asset Management,NASDAQ,1072646,45.03,82.66,5,-8,-42.12,,,,,,,34,29,16,25,,0,0,0,0,0,0,3810799396.1766167,82288907.0,0.0865,0.04,1273910,1232446,0,23.3,,2026-09-25
1593,NTLA,Healthcare,Biotechnology,NASDAQ,3633713,12.33,82.62,-32,-12,-56.35,,,,,,,33,65,85,85,,0,0,0,0,0,0,1701138101.128682,140126693.0,0.39490002,-0.462,4587430,3731718,0,78.3,,2026-09-25
1594,VIV,Communication Services,Telecom Services,NYSE,1672646,11.65,82.62,10,43,-32.5,,,,,,,33,23,56,88,,0,0,0,0,0,0,19093747648.44323,1597803176.0,0.007900001,0.076,1614340,1541130,0,55.7,,2026-09-25
1595,CNP,Utilities,Utilities - Regulated Electric,NYSE,5957633,37.16,82.61,1,33,-17.9,,,,,,,33,32,64,74,,0,0,0,0,0,0,25176290211.461918,658720288.0,0.0858,0.107,7102200,6315714,0,56.7,,2026-09-25
1596,NEA,Financial Services,Asset Management,NYSE,1438577,10.09,82.59,-11,0,-15.21,,,,,,,33,44,55,58,,0,0,0,0,0,0,3114934703.3277464,302127505.0,0.0075,-0.014,2343703,1165222,0,52.3,,2026-09-25
1597,INGR,Consumer Defensive,Packaged Foods,NYSE,596643,96.82,82.54,0,-11,-21.6,,,,,,,33,33,22,38,,0,0,0,0,0,0,6138017191.543594,63063979.0,0.0747,0.009,645110,632336,0,31.0,,2026-09-25
1598,PEP,Consumer Defensive,Beverages - Non-Alcoholic,NASDAQ,7975463,130.18,82.53,-1,5,-24.08,,,,,,,33,34,40,70,,0,0,0,0,0,0,177094679650.5,1364891558.0,0.0174,0.064,10368160,7914056,0,48.0,,2026-09-25
1599,SO,Utilities,Utilities - Regulated Electric,NYSE,5819713,83.47,82.5,-2,16,-17.23,,,,,,,33,35,53,66,,0,0,0,0,0,0,98379036990.62791,1150362966.0,0.0306,0.001,6464560,5641630,0,51.3,,2026-09-25
1600,HBAN,Financial Services,Banks - Regional,NASDAQ,24742276,15.38,82.49,-22,-18,-20.97,,,,,,,33,55,59,40,,0,0,0,0,0,0,32084187668.09813,2020414826.0,0.0256,0.476,34175130,26001766,0,51.3,,2026-09-25
1601,SSYS,Technology,Computer Hardware,NASDAQ,814846,8.03,82.49,15,23,-37.31,,,,,,,33,18,26,24,,0,0,0,0,0,0,700696000.0,87587000.0,0.04,-0.003,674850,652578,0,22.7,,2026-09-25
1602,PUK,Financial Services,Insurance - Life,NYSE,991940,25.26,82.41,-3,-7,-25.77,,,,,,,33,36,32,66,,0,0,0,0,0,0,32237692031.24279,1235634030.0,0.0005,-0.018,921410,1041208,0,44.7,,2026-09-25
1603,CORZ,Technology,Software - Infrastructure,NASDAQ,11246423,18.1,82.4,4,67,-40.58,,,,,,,33,29,92,75,,0,0,0,0,0,0,5780914460.04101,321340441.0,0.22790001,1.088,11241220,12161308,1,65.3,,2026-09-25
1604,YMM,Technology,Software - Application,NYSE,6515606,8.34,82.38,9,3,-40.72,,,,,,,33,24,18,18,,0,0,0,0,0,0,8503119916.913092,1045894194.0,0.026099999,0.044,4169370,6585846,0,20.0,,2026-09-25
1605,MIAX,Financial Services,Capital Markets,NYSE,1470306,35.89,82.36,-19,-35,-37.19,,,,,,,33,52,36,60,,0,0,0,0,0,0,3849166624.268601,99230898.0,0.086,0.183,1835940,1388156,0,49.3,,2026-09-25
1606,AESI,Energy,Oil & Gas Equipment & Services,NYSE,2928790,11.52,82.35,2,55,-42.77,,,,,,,33,31,84,71,,0,0,0,0,0,0,1692470687.0238495,124905584.0,0.2731,0.016,2867570,3281434,0,62.0,,2026-09-25
1607,DOLE,Consumer Defensive,Farm Products,NYSE,1065446,12.92,82.34,5,13,-22.03,,,,,,,33,28,36,49,,0,0,0,0,0,0,1230798229.9867773,94458807.0,0.0476,0.029,1048040,1035820,0,37.7,,2026-09-25
1608,LYFT,Technology,Software - Application,NASDAQ,10205926,14.77,82.32,-36,-79,-42.17,,,,,,,33,69,26,24,,0,0,0,0,0,0,5715957904.301645,378540249.0,0.18270001,0.161,10492970,11195188,0,39.7,,2026-09-25
1609,NAD,Financial Services,Asset Management,NYSE,1017923,10.39,82.3,-15,-7,-15.6,,,,,,,33,48,56,56,,0,0,0,0,0,0,2484629300.9591303,233737467.0,0.0047,-0.006,1761829,833313,0,53.3,,2026-09-25
1610,BZ,Communication Services,Internet Content & Information,NASDAQ,8704390,14.41,82.25,3,-8,-41.73,,,,,,,33,30,19,16,,0,0,0,0,0,0,6495301643.308139,438871727.0,0.0633,0.141,10974950,6424286,0,21.7,,2026-09-25
1611,WAFD,Financial Services,Banks - Regional,NASDAQ,922320,30.7,82.23,-29,-18,-22.26,,,,,,,33,62,73,60,,0,0,0,0,0,0,2397233087.626953,74011520.0,0.072399996,0.056,1573570,804918,0,65.0,,2026-09-25
1612,ALH,Consumer Cyclical,"Furnishings, Fixtures & Appliances",NYSE,1693796,21.07,82.17,-3,31,-25.36,,,,,,,33,36,70,33,,0,0,0,0,0,0,4289868676.513596,198789096.0,0.083000004,0.066,968970,1238746,0,46.3,,2026-09-25
1613,NMZ,Financial Services,Asset Management,NYSE,900945,9.08,82.1,-11,-2,-15.69,,,,,,,33,44,53,58,,0,0,0,0,0,0,2030917608.7450104,215367714.0,0.0004,-0.013,1280765,799413,0,51.7,,2026-09-25
1614,ZTO,Industrials,Integrated Freight & Logistics,NYSE,2309466,19.61,82.06,-5,8,-25.15,,,,,,,33,38,51,83,,0,0,0,0,0,0,15787989966.224678,753243829.0,0.023599999,0.23,3223080,2129970,0,57.3,,2026-09-25
1615,CAE,Industrials,Aerospace & Defense,NASDAQ,907210,24.41,81.99,1,-2,-28.71,,,,,,,33,32,29,35,,0,0,0,0,0,0,7585982740.949455,321849081.0,8.81,0.068,1016430,773084,0,32.0,,2026-09-25
1616,SUPN,Healthcare,Drug Manufacturers - Specialty & Generic,NASDAQ,605900,43.39,81.98,2,22,-27.3,,,,,,,33,31,51,82,,0,0,0,0,0,0,2445414006.0,58224143.0,0.0987,0.324,707200,766956,0,54.7,,2026-09-25
1617,TRN,Industrials,Railroads,NYSE,578616,28.05,81.88,-5,34,-26.78,,,,,,,32,37,76,77,,0,0,0,0,0,0,2230745608.0,79669486.0,0.0876,-0.042,703760,671514,0,63.3,,2026-09-25
1618,IRT,Real Estate,REIT - Residential,NYSE,3095396,14.58,81.88,-15,-8,-18.04,,,,,,,32,47,54,29,,0,0,0,0,0,0,3486662136.9370584,235744567.0,0.077800006,0.03,4937860,3034424,0,43.3,,2026-09-25
1619,GNTX,Consumer Cyclical,Auto Parts,NASDAQ,2299843,22.18,81.86,-4,20,-23.54,,,,,,,32,36,60,36,,0,0,0,0,0,0,4685597233.218412,210683331.0,0.0806,-0.01,2042050,2383712,0,44.0,,2026-09-25
1620,IVR,Real Estate,REIT - Mortgage,NYSE,2791553,6.46,81.84,-19,-8,-32.0,,,,,,,32,51,62,74,,0,0,0,0,0,0,703049979.2098999,109000000.0,0.082399994,,3625390,2838698,0,62.3,,2026-09-25
1621,ATAT,Consumer Cyclical,Lodging,NASDAQ,1021710,32.27,81.82,-7,-20,-25.25,,,,,,,32,39,26,64,,0,0,0,0,0,0,4442678567.655029,138185952.0,0.0319,0.414,866390,924080,0,43.0,,2026-09-25
1622,MKC,Consumer Defensive,Packaged Foods,NYSE,2852850,49.09,81.81,-2,-15,-32.21,,,,,,,32,34,21,19,,0,0,0,0,0,0,13098447941.62793,268851552.0,0.0,0.167,3750340,2995446,0,24.7,,2026-09-25
1623,EXC,Utilities,Utilities - Regulated Electric,NASDAQ,6714346,40.69,81.81,-2,17,-19.66,,,,,,,32,34,53,71,,0,0,0,0,0,0,43342784077.28144,1030253967.0,0.0354,0.099,7119650,7473156,0,52.7,,2026-09-25
1624,LEVI,Consumer Cyclical,Apparel Manufacturing,NYSE,2296806,19.63,81.79,-8,28,-23.62,,,,,,,32,40,76,41,,0,0,0,0,0,0,7627738021.392929,384850562.0,0.0712,0.08,2545390,2219114,0,52.3,,2026-09-25
1625,CDNS,Technology,Software - Application,NASDAQ,2462256,309.09,81.78,3,48,-25.82,,,,,,,32,29,74,35,,0,0,0,0,0,0,77908678019.13452,275393000.0,0.0212,0.242,2637880,2464952,0,46.0,,2026-09-25
1626,LOAR,Industrials,Aerospace & Defense,NYSE,681983,63.65,81.76,-30,-25,-23.71,,,,,,,32,62,67,23,,0,0,0,0,0,0,6036348215.121452,93688471.0,0.13859999,0.394,737660,658780,0,50.7,,2026-09-25
1627,ADSK,Technology,Software - Application,NASDAQ,2185230,217.15,81.75,-9,-35,-33.49,,,,,,,32,41,15,25,,0,0,0,0,0,0,45342549362.18262,209000000.0,0.044899996,0.161,2371020,2188896,0,27.0,,2026-09-25
1628,MC,Financial Services,Capital Markets,NYSE,771163,58.18,81.75,-24,-29,-25.62,,,,,,,32,56,51,32,,0,0,0,0,0,0,4424851704.978458,74080893.0,0.0801,0.12,987620,848328,0,46.3,,2026-09-25
1629,BKV,Energy,Oil & Gas E&P,NYSE,1916733,23.27,81.74,4,9,-29.08,,,,,,,32,28,33,76,,0,0,0,0,0,0,2513786879.9550056,109437830.0,0.1425,0.188,3899110,1496194,0,45.7,,2026-09-25
1630,JPC,Financial Services,Asset Management,NYSE,1565053,6.84,81.73,-4,10,-17.59,,,,,,,32,36,50,44,,0,0,0,0,0,0,2667860436.658142,375226496.0,0.0049,,2169170,1275412,0,43.3,,2026-09-25
1631,GENI,Communication Services,Internet Content & Information,NYSE,5467180,6.12,81.72,-39,-83,-55.3,,,,,,,32,71,27,5,,0,0,0,0,0,0,1509416001.7479465,267626957.0,0.147,0.647,7406850,6295052,0,34.3,,2026-09-25
1632,FIG,Technology,Software - Application,NYSE,14881386,21.76,81.57,4,-15,-69.56,,,,,,,32,28,9,5,,0,0,0,0,0,0,12093994166.88798,533009867.0,0.19569999,0.482,14496490,18574284,0,14.0,,2026-09-25
1633,MAA,Real Estate,REIT - Residential,NYSE,964863,117.78,81.57,-14,-4,-18.44,,,,,,,32,46,56,29,,0,0,0,0,0,0,13798491381.417091,116021957.0,0.0357,0.01,1352150,1039146,0,43.7,,2026-09-25
1634,TSN,Consumer Defensive,Farm Products,NYSE,3503633,51.36,81.55,-2,6,-26.08,,,,,,,32,34,42,70,,0,0,0,0,0,0,18564565949.28195,351801512.0,0.031400003,-0.001,4096000,3383086,0,48.7,,2026-09-25
1635,TNL,Consumer Cyclical,Travel Services,NYSE,651533,63.09,81.54,-32,-21,-22.11,,,,,,,32,64,75,78,,0,0,0,0,0,0,3869963761.259041,61282085.0,0.1479,0.044,793090,752482,0,72.3,,2026-09-25
1636,GRFS,Healthcare,Drug Manufacturers - General,NASDAQ,504553,7.2,81.53,3,-1,-29.62,,,,,,,32,29,25,36,,0,0,0,0,0,0,4975043467.226872,680580507.0,8.66,-0.009,791010,598928,0,30.0,,2026-09-25
1637,PPL,Utilities,Utilities - Regulated Electric,NYSE,7225733,32.25,81.52,-2,13,-19.6,,,,,,,32,34,49,68,,0,0,0,0,0,0,25089845113.76923,752544841.0,0.056900002,0.042,5963640,7473938,0,50.3,,2026-09-25
1638,LDOS,Technology,Information Technology Services,NYSE,1303493,124.69,81.49,7,-8,-39.4,,,,,,,32,25,10,38,,0,0,0,0,0,0,16024100473.587463,125492209.0,0.033099998,0.072,1444100,1427900,0,24.3,,2026-09-25
1639,MAZE,Healthcare,Biotechnology,NASDAQ,518670,28.09,81.48,-39,-44,-47.64,,,,,,,32,71,66,92,,0,0,0,0,0,0,1250967288.788391,55549168.0,0.12,,812670,459418,1,76.3,,2026-09-25
1640,PPLI,Communication Services,Internet Content & Information,NASDAQ,960993,35.97,81.39,-18,0,-25.56,,,,,,,32,50,68,63,,0,0,0,0,0,0,2694849343.489361,74463925.0,0.17909999,-0.015,1075180,981308,0,60.3,,2026-09-25
1641,KTB,Consumer Cyclical,Apparel Manufacturing,NYSE,796366,65.69,81.39,-40,-38,-26.16,,,,,,,32,72,74,64,,0,0,0,0,0,0,3626814256.5579214,54653620.0,0.14060001,0.186,884090,742650,0,70.0,,2026-09-25
1642,SNDX,Healthcare,Biotechnology,NASDAQ,1511536,17.64,81.38,-21,4,-31.07,,,,,,,32,53,78,93,,0,0,0,0,0,0,1573414730.261097,89297086.0,0.24700001,0.918,2071680,1514462,1,74.7,,2026-09-25
1643,GLUE,Healthcare,Biotechnology,NASDAQ,1102643,11.89,81.38,-42,-19,-53.86,,,,,,,32,74,97,97,,0,0,0,0,0,0,1034851563.893344,85313401.0,0.2152,-0.613,1322290,1285488,2,89.3,,2026-09-25
1644,TAC,Utilities,Utilities - Independent Power Producers,NYSE,2018300,11.95,81.37,6,39,-33.17,,,,,,,32,26,59,73,,0,0,0,0,0,0,3865186084.461212,316300000.0,0.0368,0.125,2028010,1843018,0,52.7,,2026-09-25
1645,DHI,Consumer Cyclical,Residential Construction,NYSE,2304403,140.17,81.35,-5,27,-20.46,,,,,,,31,36,68,42,,0,0,0,0,0,0,38604370066.35274,279701267.0,0.0475,0.0,3246640,2468074,0,48.7,,2026-09-25
1646,DYN,Healthcare,Biotechnology,NASDAQ,2784006,16.23,81.32,-61,-67,-40.56,,,,,,,31,92,86,88,,0,0,0,0,0,0,3195231548.390976,186746431.0,0.1424,,3556080,2757862,1,88.7,,2026-09-25
1647,PERI,Communication Services,Internet Content & Information,NASDAQ,538446,8.64,81.29,-30,-62,-23.34,,,,,,,31,61,29,62,,0,0,0,0,0,0,357683012.4376793,41302889.0,0.0353,-0.046,853470,450594,0,50.7,,2026-09-25
1648,DRS,Industrials,Aerospace & Defense,NASDAQ,923133,37.41,81.28,1,15,-26.05,,,,,,,31,30,44,77,,0,0,0,0,0,0,9925695076.33028,266891515.0,0.0117,0.101,1142500,912858,0,50.3,,2026-09-25
1649,ALGT,Industrials,Airlines,NASDAQ,538600,77.26,81.27,-24,12,-37.51,,,,,,,31,55,91,80,,0,0,0,0,0,0,2136719030.9138489,27337755.0,0.0885,0.369,545040,509992,1,75.3,,2026-09-25
1650,CASY,Consumer Cyclical,Specialty Retail,NASDAQ,563813,597.31,81.25,-53,-59,-35.62,,,,,,,31,84,78,87,,0,0,0,0,0,0,22082959857.28174,36960167.0,0.042,0.243,988120,459944,0,83.0,,2026-09-25
1651,FLG,Financial Services,Banks - Regional,NYSE,4075010,12.3,81.24,-19,5,-20.34,,,,,,,31,50,74,70,,0,0,0,0,0,0,5209415170.972675,415092836.0,0.0,0.153,4662640,4287640,0,64.7,,2026-09-25
1652,SHLS,Technology,Solar,NASDAQ,4610736,7.71,81.2,10,70,-41.5,,,,,,,31,21,81,72,,0,0,0,0,0,0,1279079603.949666,168299950.0,0.1097,0.474,4531400,5257246,0,58.0,,2026-09-25
1653,CWEN,Utilities,Utilities - Renewable,NYSE,1199143,30.12,81.15,5,38,-27.84,,,,,,,31,26,59,83,,0,0,0,0,0,0,6326570875.995087,205274852.0,0.0833,0.227,1395020,1199710,0,56.0,,2026-09-25
1654,DJT,Communication Services,Internet Content & Information,NASDAQ,3716930,9.06,81.12,5,-11,-49.58,,,,,,,31,26,10,13,,0,0,0,0,0,0,2459780380.926182,277941274.0,0.0866,0.89,2994340,4205954,0,16.3,,2026-09-25
1655,BIPC,Utilities,Utilities - Regulated Gas,NYSE,1078623,35.48,81.09,3,10,-31.4,,,,,,,31,28,35,42,,0,0,0,0,0,0,4476537499.747238,123015597.0,9.23,0.085,1225030,1115266,0,35.0,,2026-09-25
1656,RYAN,Financial Services,Insurance Brokers,NYSE,1707486,36.17,81.02,-28,-61,-38.89,,,,,,,31,59,26,11,,0,0,0,0,0,0,4916069115.422737,122077702.0,0.1275,0.074,2402310,1943954,0,32.0,,2026-09-25
1657,MNR,Energy,Oil & Gas E&P,NYSE,959043,10.48,80.94,-19,-23,-30.23,,,,,,,31,50,46,75,,0,0,0,0,0,0,1858132305.325693,166948094.0,0.019199999,0.636,2150180,679038,0,57.0,,2026-09-25
1658,EPRT,Real Estate,REIT - Retail,NYSE,2051030,26.87,80.94,-7,1,-22.63,,,,,,,31,38,46,52,,0,0,0,0,0,0,5785302857.0,216273004.0,0.088599995,0.181,3092590,1852138,0,45.3,,2026-09-25
1659,PDYN,Technology,Software - Infrastructure,NASDAQ,835570,5.44,80.92,9,13,-49.29,,,,,,,31,22,26,64,,0,0,0,0,0,0,280242728.33048344,49338510.0,0.17629999,4.698,881190,843710,0,37.3,,2026-09-25
1660,NYT,Communication Services,Publishing,NYSE,2579176,61.89,80.9,-6,6,-28.94,,,,,,,31,37,49,89,,0,0,0,0,0,0,11323720425.400469,161283586.0,0.0798,0.113,4114650,2447326,0,58.3,,2026-09-25
1661,LADR,Real Estate,REIT - Mortgage,NYSE,1083806,9.07,80.84,-7,2,-20.99,,,,,,,31,38,47,37,,0,0,0,0,0,0,1196339846.006218,126865303.0,0.051799998,0.022,1416670,1162716,0,40.7,,2026-09-25
1662,GIII,Consumer Cyclical,Apparel Manufacturing,NASDAQ,750716,26.94,80.83,-36,-25,-28.24,,,,,,,31,67,78,58,,0,0,0,0,0,0,1182105312.4751282,42876508.0,0.28280002,-0.096,949720,615752,0,67.7,,2026-09-25
1663,AOS,Industrials,Specialty Industrial Machinery,NYSE,1328393,57.74,80.82,-2,-5,-29.47,,,,,,,31,33,30,43,,0,0,0,0,0,0,7739993336.040012,135908573.0,0.1101,-0.007,1494820,1529890,0,35.3,,2026-09-25
1664,SOLS,Basic Materials,Specialty Chemicals,NASDAQ,2728676,57.98,80.81,7,69,-36.15,,,,,,,31,24,86,91,,0,0,0,0,0,0,9103542935.533665,158847369.0,0.081099994,0.111,2123330,3039302,1,67.0,,2026-09-25
1665,OLLI,Consumer Defensive,Discount Stores,NASDAQ,1758466,82.61,80.8,15,11,-39.44,,,,,,,31,16,12,23,,0,0,0,0,0,0,4505078025.981903,59402403.0,0.15,0.091,1798780,1650876,0,17.0,,2026-09-25
1666,MTH,Consumer Cyclical,Residential Construction,NYSE,732496,63.86,80.79,-21,7,-25.2,,,,,,,31,52,80,34,,0,0,0,0,0,0,4122261382.25,65174093.0,0.0999,-0.138,1027670,802362,0,55.3,,2026-09-25
1667,SYM,Industrials,Specialty Industrial Machinery,NASDAQ,1661566,43.69,80.77,14,19,-50.28,,,,,,,31,17,22,85,,0,0,0,0,0,0,5440395850.821579,129873381.0,0.30290002,0.217,1909200,1668864,0,41.3,,2026-09-25
1668,GLPI,Real Estate,REIT - Specialty,NASDAQ,3988016,39.25,80.77,-2,16,-21.42,,,,,,,31,33,51,44,,0,0,0,0,0,0,11517524546.760876,290920043.0,0.0399,0.09,3715850,3246710,0,42.7,,2026-09-25
1669,EXE,Energy,Oil & Gas E&P,NASDAQ,2871523,87.04,80.76,-3,-18,-31.26,,,,,,,31,34,19,52,,0,0,0,0,0,0,20254266005.064552,231503789.0,0.0364,-0.106,3817830,3183244,0,35.0,,2026-09-25
1670,USAR,Basic Materials,Other Industrial Metals & Mining,NASDAQ,13098403,15.83,80.73,-20,17,-64.01,,,,,,,31,51,88,87,,0,0,0,0,0,0,5769786278.619711,375392734.0,0.1263,,13804000,12588168,0,75.3,,2026-09-25
1671,PIPR,Financial Services,Capital Markets,NYSE,549246,72.42,80.67,1,8,-23.82,,,,,,,31,30,37,55,,0,0,0,0,0,0,5113702299.893723,70670291.0,0.042,0.249,668970,563406,0,40.7,,2026-09-25
1672,LRN,Consumer Defensive,Education & Training Services,NYSE,716773,78.53,80.58,1,-2,-49.36,,,,,,,31,30,27,36,,0,0,0,0,0,0,3279071833.915291,41559845.0,0.2593,-0.027,795590,914914,0,31.0,,2026-09-25
1673,STOK,Healthcare,Biotechnology,NASDAQ,844443,26.11,80.57,-37,-21,-35.08,,,,,,,31,68,84,97,,0,0,0,0,0,0,1834481079.7518463,64526242.0,0.18030001,-0.325,829950,810422,1,83.0,,2026-09-25
1674,MQ,Technology,Software - Infrastructure,NASDAQ,741280,16.1,80.57,2,-2,-30.42,,,,,,,31,29,25,28,,0,0,0,0,0,0,1620818813.611557,104098834.0,0.0624,0.17,695070,918738,0,27.3,,2026-09-25
1675,CXM,Technology,Software - Application,NYSE,3716716,5.43,80.53,-46,-107,-34.38,,,,,,,30,76,15,21,,0,0,0,0,0,0,1237473224.4867325,232171340.0,0.0883,0.008,3112030,3426084,0,37.3,,2026-09-25
1676,ADT,Industrials,Security & Protection Services,NYSE,7207296,6.34,80.47,-6,-18,-28.65,,,,,,,30,36,24,25,,0,0,0,0,0,0,5040858880.871559,730559248.0,0.059699997,0.02,8586630,7581782,0,28.3,,2026-09-25
1677,NI,Utilities,Utilities - Regulated Gas,NYSE,5459683,39.25,80.45,3,40,-20.24,,,,,,,30,27,64,73,,0,0,0,0,0,0,19460549736.10077,479560100.0,0.0392,0.046,5592870,5594876,0,54.7,,2026-09-25
1678,ALOY,Basic Materials,Other Industrial Metals & Mining,NASDAQ,2250740,8.67,80.45,-59,-54,-67.77,,,,,,,30,89,94,91,,0,0,0,0,0,0,573400385.9487324,69418931.0,2.76,0.827,2391120,2633912,2,91.3,,2026-09-25
1679,PENN,Consumer Cyclical,Resorts & Casinos,NASDAQ,2684986,15.56,80.45,-39,-24,-30.41,,,,,,,30,69,84,35,,0,0,0,0,0,0,2207022758.3101616,134165511.0,0.14850001,0.052,3221100,2685758,0,62.7,,2026-09-25
1680,TTWO,Communication Services,Electronic Gaming & Multimedia,NASDAQ,2585476,206.32,80.44,-23,-21,-22.42,,,,,,,30,53,55,26,,0,0,0,0,0,0,38415131443.73097,186980443.0,0.045700002,0.02,2630150,2390068,0,44.7,,2026-09-25
1681,WMS,Industrials,Building Products & Equipment,NYSE,722480,129.74,80.42,-2,31,-27.65,,,,,,,30,32,65,63,,0,0,0,0,0,0,9504843589.218842,75405342.0,0.0398,0.206,915240,705156,0,53.3,,2026-09-25
1682,VNT,Technology,Scientific & Technical Instruments,NYSE,1364376,31.32,80.39,-2,-15,-35.02,,,,,,,30,32,19,40,,0,0,0,0,0,0,4239872082.5195312,135200000.0,0.102299996,-0.022,1418090,1451940,0,30.3,,2026-09-25
1683,ALC,Healthcare,Medical Instruments & Supplies,NYSE,1591923,65.39,80.39,-6,-17,-25.39,,,,,,,30,36,25,35,,0,0,0,0,0,0,31440336442.56592,483400000.0,8.6,0.087,1853280,1864560,0,32.0,,2026-09-25
1684,DPRO,Industrials,Aerospace & Defense,NASDAQ,1509063,5.36,80.38,17,57,-62.78,,,,,,,30,13,53,65,,0,0,0,0,0,0,207282096.09908292,36882936.0,0.1013,0.26,1013030,1201830,0,43.7,,2026-09-25
1685,AXP,Financial Services,Credit Services,NYSE,2620786,301.96,80.35,-23,-24,-22.07,,,,,,,30,53,52,37,,0,0,0,0,0,0,210399529920.77435,675309833.0,0.0199,0.128,3254640,2760470,0,47.3,,2026-09-25
1686,OPCH,Healthcare,Medical Care Facilities,NASDAQ,2002180,23.34,80.3,3,-8,-36.58,,,,,,,30,27,16,29,,0,0,0,0,0,0,3639781290.6229286,149785243.0,0.1179,0.019,2644290,2297388,0,24.0,,2026-09-25
1687,CVNA,Consumer Cyclical,Auto & Truck Dealerships,NYSE,7625776,63.95,80.3,-25,-52,-34.33,,,,,,,30,55,28,39,,0,0,0,0,0,0,46873758220.05211,719916415.0,0.1232,0.524,7616400,8868838,0,40.7,,2026-09-25
1688,CMCSA,Communication Services,Telecom Services,NASDAQ,26094770,22.55,80.23,-12,-32,-31.38,,,,,,,30,42,22,40,,0,0,0,0,0,0,80695994857.80154,3548636573.0,0.026400002,-0.012,34353040,28812574,0,34.7,,2026-09-25
1689,ALLY,Financial Services,Credit Services,NYSE,3185800,38.58,80.23,-23,-8,-18.42,,,,,,,30,53,68,43,,0,0,0,0,0,0,12167987720.0,304199693.0,0.0458,0.11,4066400,3256738,0,54.7,,2026-09-25
1690,PSKY,Communication Services,Entertainment,NASDAQ,17566986,9.96,80.19,5,3,-52.25,,,,,,,30,25,23,17,,0,0,0,0,0,0,11455066446.388836,1121945779.0,0.14140001,0.009,31568960,15387376,0,21.7,,2026-09-25
1691,SNPS,Technology,Software - Infrastructure,NASDAQ,1841820,413.06,80.18,11,40,-23.43,,,,,,,30,19,48,27,,0,0,0,0,0,0,73774359844.55145,191636646.0,0.0273,0.424,1936300,1906156,0,31.3,,2026-09-25
1692,HUBS,Technology,Software - Application,NYSE,1671266,226.03,80.11,0,-22,-56.99,,,,,,,30,30,8,9,,0,0,0,0,0,0,10777083116.63269,49866201.0,0.0725,0.198,2173570,1871572,0,15.7,,2026-09-25
1693,CRBP,Healthcare,Biotechnology,NASDAQ,1096576,7.74,80.09,-46,-89,-62.35,,,,,,,30,76,33,80,,0,0,0,0,0,0,144672872.0089059,19341293.0,0.1329,,2080500,759406,0,63.0,,2026-09-25
1694,SRE,Utilities,Utilities - Diversified,NYSE,3911993,79.0,80.08,-1,24,-21.81,,,,,,,30,31,56,78,,0,0,0,0,0,0,53168635699.4436,653900348.0,0.018,-0.001,3425100,3734314,0,55.0,,2026-09-25
1695,HSY,Consumer Defensive,Confectioners,NYSE,1303706,168.45,80.08,-7,-13,-29.66,,,,,,,30,37,31,76,,0,0,0,0,0,0,34115165953.041824,200925657.0,0.0733,0.066,1629090,1428744,0,48.0,,2026-09-25
1696,WEN,Consumer Cyclical,Restaurants,NASDAQ,8356750,6.73,80.0,-39,-60,-33.5,,,,,,,30,69,48,19,,0,0,0,0,0,0,1285115284.5591164,190669930.0,0.35259998,0.017,6357040,8222034,0,45.3,,2026-09-25
1697,WRBY,Healthcare,Medical Instruments & Supplies,NYSE,2498270,23.35,79.94,-37,-27,-24.68,,,,,,,30,67,77,41,,0,0,0,0,0,0,2781181215.0,123608054.0,0.1874,0.098,3071310,2661452,0,61.7,,2026-09-25
1698,SLGN,Consumer Cyclical,Packaging & Containers,NYSE,1039163,37.15,79.89,-19,-9,-25.03,,,,,,,30,49,59,30,,0,0,0,0,0,0,3930314178.667832,105682020.0,0.1091,0.068,1146690,1292310,0,46.0,,2026-09-25
1699,HLNE,Financial Services,Asset Management,NASDAQ,574766,85.7,79.88,-7,-32,-44.94,,,,,,,30,37,12,19,,0,0,0,0,0,0,4841985917.690804,55185617.0,0.1096,0.565,624530,656750,0,22.7,,2026-09-25
1700,NVMI,Technology,Semiconductor Equipment & Materials,NASDAQ,565846,365.73,79.82,-5,44,-40.63,,,,,,,30,35,84,92,,0,0,0,0,0,0,11326491527.799438,31806161.0,0.066300005,0.159,731600,578558,1,70.3,,2026-09-25
1701,DRVN,Consumer Cyclical,Auto & Truck Dealerships,NASDAQ,1105273,12.34,79.75,7,17,-28.67,,,,,,,30,23,33,23,,0,0,0,0,0,0,2025952096.4256363,164979816.0,0.1532,0.068,1437210,942856,0,26.3,,2026-09-25
1702,SHEN,Communication Services,Telecom Services,NASDAQ,792243,12.09,79.74,1,36,-30.32,,,,,,,29,28,63,80,,0,0,0,0,0,0,640569330.7040405,55364680.0,0.0746,0.055,1548350,693270,0,57.0,,2026-09-25
1703,CX,Basic Materials,Building Materials,NYSE,6230256,9.76,79.74,-5,39,-28.6,,,,,,,29,34,78,87,,0,0,0,0,0,0,14516102282.666946,1442952453.0,1.63,0.122,7219600,6692620,0,66.3,,2026-09-25
1704,GXO,Industrials,Integrated Freight & Logistics,NYSE,1284816,45.23,79.73,2,10,-32.34,,,,,,,29,27,35,64,,0,0,0,0,0,0,5266315657.686264,114684579.0,0.0704,0.043,1502870,1455630,0,42.0,,2026-09-25
1705,CWK,Real Estate,Real Estate Services,NYSE,1690003,12.33,79.72,-25,-29,-29.14,,,,,,,29,54,50,35,,0,0,0,0,0,0,2910449889.663826,234713708.0,0.0654,0.112,1721460,1869944,0,46.3,,2026-09-25
1706,CRWV,Technology,Software - Infrastructure,NASDAQ,30045493,86.9,79.69,-2,21,-43.28,,,,,,,29,31,54,40,,0,0,0,0,0,0,44873018275.35123,551536602.0,0.1784,1.125,35051980,29165960,0,41.7,,2026-09-25
1707,DEI,Real Estate,REIT - Office,NYSE,1617313,9.89,79.64,-23,-21,-39.95,,,,,,,29,52,54,20,,0,0,0,0,0,0,1716723986.75,167485267.0,0.26709998,0.016,2244120,1782230,0,42.0,,2026-09-25
1708,CARG,Communication Services,Internet Content & Information,NASDAQ,934573,30.57,79.63,-47,-94,-25.84,,,,,,,29,76,29,43,,0,0,0,0,0,0,2958130122.830796,89073478.0,0.1506,0.131,1241830,975774,0,49.3,,2026-09-25
1709,UBER,Technology,Software - Application,NYSE,17542850,69.42,79.61,-20,-40,-31.93,,,,,,,29,49,29,29,,0,0,0,0,0,0,144000488530.5,2042560121.0,0.0229,0.122,21505750,18966496,0,35.7,,2026-09-25
1710,WY,Real Estate,REIT - Specialty,NYSE,5469353,21.17,79.59,-20,-18,-23.71,,,,,,,29,49,51,43,,0,0,0,0,0,0,15300523667.879332,721042609.0,0.0461,-0.009,6989430,5496160,0,47.7,,2026-09-25
1711,DTE,Utilities,Utilities - Regulated Electric,NYSE,1446576,122.89,79.59,-4,26,-21.1,,,,,,,29,33,63,70,,0,0,0,0,0,0,26743479516.928143,208088069.0,0.0271,-0.015,1955050,1409484,0,55.3,,2026-09-25
1712,EEFT,Technology,Software - Infrastructure,NASDAQ,594636,64.64,79.58,-3,-8,-28.62,,,,,,,29,32,27,22,,0,0,0,0,0,0,2469759332.1913147,37403595.0,0.1354,0.032,580850,652994,0,27.0,,2026-09-25
1713,IBM,Technology,Information Technology Services,NYSE,5379956,232.76,79.57,0,17,-29.99,,,,,,,29,29,46,30,,0,0,0,0,0,0,216266952099.666,942134390.0,0.025899999,0.011,6683960,8858940,0,35.0,,2026-09-25
1714,BC,Consumer Cyclical,Recreational Vehicles,NYSE,736300,66.23,79.47,-34,-17,-26.61,,,,,,,29,63,80,74,,0,0,0,0,0,0,4377066459.146057,64797428.0,0.0002,0.077,846230,736716,0,72.3,,2026-09-25
1715,MAMA,Consumer Defensive,Packaged Foods,NASDAQ,737603,13.3,79.47,-57,-52,-36.67,,,,,,,29,86,91,91,,0,0,0,0,0,0,622818067.2885332,47147469.0,0.073,0.55,1047010,639814,2,89.3,,2026-09-25
1716,MFIC,Financial Services,Asset Management,NASDAQ,508636,8.9,79.42,2,3,-28.8,,,,,,,29,27,28,48,,0,0,0,0,0,0,743001142.2671967,82372628.0,0.0339,-0.16,504370,533366,0,34.3,,2026-09-25
1717,HHH,Real Estate,Real Estate - Development,NYSE,577153,63.75,79.34,-1,18,-30.0,,,,,,,29,30,49,27,,0,0,0,0,0,0,3596306074.539734,59719462.0,0.113400005,3.302,851170,503212,0,35.3,,2026-09-25
1718,QUBT,Technology,Computer Hardware,NASDAQ,7247090,9.12,79.34,12,40,-64.71,,,,,,,29,17,45,11,,0,0,0,0,0,0,1969217647.5277624,226346861.0,0.3231,90.0,7417300,7871594,0,24.3,,2026-09-25
1719,RYAAY,Industrials,Airlines,NASDAQ,1364210,54.69,79.31,3,30,-26.33,,,,,,,29,26,53,46,,0,0,0,0,0,0,27727723334.384823,518178363.0,0.0046,0.011,1840110,1388382,0,41.7,,2026-09-25
1720,XYL,Industrials,Specialty Industrial Machinery,NYSE,2246173,108.64,79.3,2,3,-29.58,,,,,,,29,27,28,34,,0,0,0,0,0,0,25113840928.68384,233486812.0,0.044499997,0.015,3119210,2156176,0,29.7,,2026-09-25
1721,ISRG,Healthcare,Medical Instruments & Supplies,NASDAQ,2443770,398.3,79.29,11,14,-34.04,,,,,,,29,18,21,32,,0,0,0,0,0,0,140921495875.67767,358278038.0,0.022,0.185,2766950,3207808,0,23.7,,2026-09-25
1722,GVA,Industrials,Engineering & Construction,NYSE,500416,112.65,79.28,-14,29,-30.5,,,,,,,29,43,86,78,,0,0,0,0,0,0,5152186835.442047,44426893.0,0.1247,0.293,621580,736442,0,69.0,,2026-09-25
1723,TMDX,Healthcare,Medical Devices,NASDAQ,705430,87.0,79.28,-5,-30,-44.23,,,,,,,29,34,9,40,,0,0,0,0,0,0,2996625967.407913,34675145.0,0.36270002,0.207,819210,832352,0,27.7,,2026-09-25
1724,ARVN,Healthcare,Biotechnology,NASDAQ,748773,7.83,79.26,-8,-22,-46.04,,,,,,,29,37,23,77,,0,0,0,0,0,0,534880728.9587116,64521198.0,0.084,10.147,1086870,808748,0,45.7,,2026-09-25
1725,VERA,Healthcare,Biotechnology,NASDAQ,2498593,33.05,79.25,-30,-13,-41.03,,,,,,,29,59,76,83,,0,0,0,0,0,0,2450153390.0,72063335.0,0.3139,,3419440,2269354,0,72.7,,2026-09-25
1726,HIMS,Healthcare,Drug Manufacturers - Specialty & Generic,NYSE,10888226,28.39,79.24,-48,-61,-56.52,,,,,,,29,77,64,9,,0,0,0,0,0,0,6530442376.468798,233313413.0,0.2831,0.382,9670950,12684624,0,50.0,,2026-09-25
1727,VICI,Real Estate,REIT - Diversified,NYSE,9749380,23.7,79.24,0,5,-28.19,,,,,,,29,29,34,36,,0,0,0,0,0,0,26117559014.59004,1101077562.0,0.035,0.057,11115660,9535420,0,33.0,,2026-09-25
1728,GLAS,Healthcare,Drug Manufacturers - Specialty & Generic,NYSE,561316,7.85,79.16,-42,-22,-43.65,,,,,,,29,71,91,76,,0,0,0,0,0,0,751112745.0771356,94242505.0,0.46,-0.012,702430,484982,1,79.3,,2026-09-25
1729,CARR,Industrials,Building Products & Equipment,NYSE,6188070,55.1,79.06,-6,36,-28.22,,,,,,,29,35,77,39,,0,0,0,0,0,0,44414634951.63416,824325057.0,0.0225,0.039,8462580,6663582,0,50.3,,2026-09-25
1730,XXI,Consumer Defensive,Education & Training Services,NYSE,2278023,6.8,79.04,16,10,-73.47,,,,,,,29,13,7,8,,0,0,0,0,0,0,2013956366.075317,346636211.0,0.15689999,,3854370,2081596,0,9.3,,2026-09-25
1731,TXT,Industrials,Aerospace & Defense,NYSE,1673890,76.81,79.04,1,25,-24.38,,,,,,,29,28,52,64,,0,0,0,0,0,0,13705637835.619934,171986917.0,0.051,0.03,2122650,1736614,0,48.0,,2026-09-25
1732,AEVA,Technology,Software - Infrastructure,NASDAQ,1500406,15.22,78.98,-21,10,-51.37,,,,,,,29,50,81,62,,0,0,0,0,0,0,1031645231.6953182,69705758.0,0.1267,0.113,1446420,1645544,0,64.3,,2026-09-25
1733,STWD,Real Estate,REIT - Mortgage,NYSE,4076826,14.7,78.97,-4,-4,-27.26,,,,,,,28,32,32,40,,0,0,0,0,0,0,5530323957.670927,370168950.0,0.051999997,0.134,4609990,4286974,0,34.7,,2026-09-25
1734,ALB,Basic Materials,Specialty Chemicals,NYSE,2284066,113.47,78.92,-28,-13,-48.66,,,,,,,28,56,71,96,,0,0,0,0,0,0,13087941304.017426,118005057.0,0.00059999997,0.311,2541640,2343402,1,74.3,,2026-09-25
1735,NPKI,Industrials,Building Products & Equipment,NYSE,770936,11.71,78.72,-10,31,-29.03,,,,,,,28,38,79,91,,0,0,0,0,0,0,1080902911.7513351,84909894.0,0.0394,0.196,783170,806220,1,69.3,,2026-09-25
1736,ONDS,Technology,Communication Equipment,NASDAQ,66432046,7.4,78.67,-24,15,-51.57,,,,,,,28,52,91,99,,0,0,0,1,0,1,4303129421.995782,582290866.0,0.3989,12.354,63192740,82572096,2,80.7,,2026-09-25
1737,TAP,Consumer Defensive,Beverages - Brewers,NYSE,4372626,36.62,78.65,-4,-6,-33.2,,,,,,,28,32,30,33,,0,0,0,0,0,0,6997615877.885101,186453933.0,0.2733,-0.033,7984700,3852762,0,31.7,,2026-09-25
1738,BRO,Financial Services,Insurance Brokers,NYSE,1923643,61.7,78.65,-30,-68,-36.1,,,,,,,28,58,20,18,,0,0,0,0,0,0,21756364288.87525,334610357.0,0.055,0.324,2401720,2323576,0,32.0,,2026-09-25
1739,CHDN,Consumer Cyclical,Gambling,NASDAQ,990083,80.46,78.63,-6,-10,-32.02,,,,,,,28,34,30,28,,0,0,0,0,0,0,5709147159.379913,69700243.0,0.063200004,0.049,1264550,1027894,0,30.7,,2026-09-25
1740,CEG,Utilities,Utilities - Independent Power Producers,NASDAQ,2766260,263.88,78.62,5,2,-36.06,,,,,,,28,23,20,39,,0,0,0,0,0,0,90245634883.86269,354307379.0,0.0365,0.23,3205880,2789926,0,27.3,,2026-09-25
1741,FUTU,Financial Services,Capital Markets,NASDAQ,1204963,109.99,78.6,5,-6,-45.69,,,,,,,28,23,12,44,,0,0,0,0,0,0,15703184900.367737,140194488.0,0.0844,0.356,766870,1255560,0,26.3,,2026-09-25
1742,MDLN,Healthcare,Medical Instruments & Supplies,NASDAQ,7404793,34.3,78.59,6,13,-32.58,,,,,,,28,22,29,65,,0,0,0,0,0,0,27759392002.027317,877351218.0,0.0937,0.116,8784200,7341730,0,38.7,,2026-09-25
1743,DAKT,Technology,Electronic Components,NASDAQ,663966,17.65,78.53,-3,17,-37.57,,,,,,,28,31,51,75,,0,0,0,0,0,0,837293029.161644,48092650.0,0.0541,0.071,645150,571774,0,52.3,,2026-09-25
1744,OMCL,Healthcare,Health Information Services,NASDAQ,622210,32.99,78.53,3,48,-40.02,,,,,,,28,25,70,37,,0,0,0,0,0,0,1465785216.2514076,45478909.0,0.0876,0.075,516680,716850,0,44.0,,2026-09-25
1745,CMS,Utilities,Utilities - Regulated Electric,NYSE,3308810,63.15,78.52,-1,28,-21.42,,,,,,,28,29,58,69,,0,0,0,0,0,0,20489128917.88623,313577136.0,0.0001,-0.005,3223360,3519782,0,52.0,,2026-09-25
1746,APLD,Technology,Information Technology Services,NASDAQ,15877010,27.23,78.5,-27,14,-46.32,,,,,,,28,55,96,95,,0,0,0,0,0,0,7994623432.037254,284303812.0,0.2232,4.066,16254830,17766294,2,82.0,,2026-09-25
1747,IDXX,Healthcare,Diagnostics & Research,NASDAQ,511503,522.02,78.47,2,6,-32.2,,,,,,,28,26,30,44,,0,0,0,0,0,0,40308357520.55823,78781116.0,0.0304,0.097,527540,570504,0,33.3,,2026-09-25
1748,BEAM,Healthcare,Biotechnology,NASDAQ,1883056,24.37,78.45,-42,-23,-36.3,,,,,,,28,70,89,63,,0,0,0,0,0,0,2577027320.552234,103287665.0,0.38619998,-0.942,2018400,1888030,0,74.0,,2026-09-25
1749,IONQ,Technology,Computer Hardware,NYSE,20363540,42.54,78.43,0,59,-49.74,,,,,,,28,28,87,18,,0,0,0,0,0,0,15852958652.011566,405135656.0,0.1018,2.868,23029740,20860178,0,44.3,,2026-09-25
1750,PEGA,Technology,Software - Application,NASDAQ,2170193,35.18,78.43,8,-2,-48.34,,,,,,,28,20,10,28,,0,0,0,0,0,0,5762393196.818981,164404945.0,0.123,0.094,2452480,2820304,0,19.3,,2026-09-25
1751,JBS,Consumer Defensive,Packaged Foods,NYSE,5531776,11.51,78.41,-19,-44,-38.28,,,,,,,28,47,22,81,,0,0,0,0,0,0,39340789905.71927,3289363694.0,0.16770001,0.138,4923030,5400748,0,50.0,,2026-09-25
1752,RDY,Healthcare,Drug Manufacturers - Specialty & Generic,NYSE,2633070,12.39,78.33,5,38,-20.93,,,,,,,28,23,56,46,,0,0,0,0,0,0,10154130989.214062,832988625.0,0.0348,-0.056,2956330,2715004,0,41.7,,2026-09-25
1753,CIM,Real Estate,REIT - Mortgage,NYSE,961726,10.75,78.33,-2,28,-24.19,,,,,,,28,30,60,60,,0,0,0,0,0,0,909947452.0799428,83711818.0,0.0294,0.081,1446800,880876,0,50.0,,2026-09-25
1754,RRX,Industrials,Specialty Industrial Machinery,NYSE,1254886,152.42,78.33,0,56,-38.49,,,,,,,28,28,84,86,,0,0,0,0,0,0,9858926112.57225,66591867.0,0.0539,0.042,1318110,1247768,0,66.0,,2026-09-25
1755,WGO,Consumer Cyclical,Recreational Vehicles,NYSE,537146,27.43,78.27,-6,-6,-45.31,,,,,,,28,34,34,32,,0,0,0,0,0,0,747146850.6169815,28268893.0,0.1076,-0.099,671550,522792,0,33.3,,2026-09-25
1756,OTIS,Industrials,Specialty Industrial Machinery,NYSE,4035663,68.32,78.23,3,2,-27.75,,,,,,,28,25,24,27,,0,0,0,0,0,0,26083461830.398308,380669339.0,0.045700002,0.073,5478550,3994554,0,25.3,,2026-09-25
1757,ATMU,Consumer Cyclical,Auto Parts,NYSE,724656,44.94,78.21,-4,22,-32.42,,,,,,,28,32,58,84,,0,0,0,0,0,0,3581227630.2280426,81595527.0,0.0523,0.164,848880,684652,0,58.0,,2026-09-25
1758,RVLV,Consumer Cyclical,Internet Retail,NYSE,853503,20.72,78.21,-33,-46,-34.6,,,,,,,28,61,48,37,,0,0,0,0,0,0,1468624766.3532257,71085420.0,0.1402,0.124,912890,874540,0,48.7,,2026-09-25
1759,SUPV,Financial Services,Banks - Regional,NYSE,584276,7.61,78.2,0,32,-43.84,,,,,,,28,28,60,57,,0,0,0,0,0,0,755640980.2947493,93985197.0,0.0482,0.023,438980,535902,0,48.3,,2026-09-25
1760,XRAY,Healthcare,Medical Instruments & Supplies,NASDAQ,4173506,9.78,78.18,-6,-13,-33.74,,,,,,,28,34,27,34,,0,0,0,0,0,0,1901835969.435253,199353876.0,0.1236,-0.041,5132930,4639132,0,31.7,,2026-09-25
1761,CRMD,Healthcare,Biotechnology,NASDAQ,1278596,7.69,77.99,-1,-7,-40.94,,,,,,,27,28,22,16,,0,0,0,0,0,0,605648582.0601382,78451891.0,0.2084,1.565,871760,1115718,0,22.0,,2026-09-25
1762,FNF,Financial Services,Insurance - Specialty,NYSE,2112553,41.85,77.93,-1,0,-28.55,,,,,,,27,28,29,27,,0,0,0,0,0,0,11398195147.5,268192827.0,0.0279,0.105,2890320,1913924,0,28.0,,2026-09-25
1763,PDI,Financial Services,Asset Management,NYSE,4428376,13.86,77.73,-4,5,-30.56,,,,,,,27,31,40,50,,0,0,0,0,0,0,6802658317.966461,472079000.0,0.14,,5401009,3672099,0,40.3,,2026-09-25
1764,TKC,Communication Services,Telecom Services,NYSE,2117423,5.16,77.66,0,19,-28.13,,,,,,,27,27,46,60,,0,0,0,0,0,0,4439942729.175305,870577022.0,0.0053,0.025,1978350,2302554,0,44.3,,2026-09-25
1765,ORA,Utilities,Utilities - Renewable,NYSE,878616,95.83,77.63,1,37,-34.54,,,,,,,27,26,62,79,,0,0,0,0,0,0,5986112011.731476,61496941.0,0.10560001,0.106,1322820,889090,0,55.7,,2026-09-25
1766,FWRD,Industrials,Integrated Freight & Logistics,NASDAQ,512193,15.06,77.58,-40,-93,-51.7,,,,,,,27,67,14,18,,0,0,0,0,0,0,500970180.8827248,33780862.0,0.094,0.088,504010,627514,0,33.0,,2026-09-25
1767,CALM,Consumer Defensive,Farm Products,NASDAQ,907203,71.73,77.58,-10,-16,-29.58,,,,,,,27,37,31,36,,0,0,0,0,0,0,3404399801.262924,46705993.0,0.1236,-0.499,1012530,947458,0,34.7,,2026-09-25
1768,AQN,Utilities,Utilities - Diversified,NYSE,4094430,5.06,77.58,-4,12,-28.83,,,,,,,27,31,47,67,,0,0,0,0,0,0,4118975064.8264337,769901895.0,4.51,0.031,5493370,3982530,0,48.3,,2026-09-25
1769,HUN,Basic Materials,Chemicals,NYSE,2364730,9.1,77.55,6,40,-43.44,,,,,,,27,21,55,82,,0,0,0,0,0,0,1594191646.200653,175378616.0,0.0808,0.141,2898960,2974502,0,52.7,,2026-09-25
1770,RILY,Financial Services,Financial Conglomerates,NASDAQ,533796,5.78,77.53,-28,5,-48.58,,,,,,,27,55,88,94,,0,0,0,0,0,0,240394535.66674948,40199755.0,0.1673,0.104,607120,541628,1,79.0,,2026-09-25
1771,DPZ,Consumer Cyclical,Restaurants,NASDAQ,807413,296.43,77.52,-5,-20,-32.99,,,,,,,27,32,17,27,,0,0,0,0,0,0,9732646840.829773,33081735.0,0.099700004,0.043,822400,895084,0,25.3,,2026-09-25
1772,JMIA,Consumer Cyclical,Internet Retail,NYSE,1842440,6.94,77.49,7,20,-52.85,,,,,,,27,20,33,83,,0,0,0,0,0,0,928699569.4628936,133625841.0,0.0432,0.139,1439100,1767586,0,45.3,,2026-09-25
1773,MNRO,Consumer Cyclical,Auto Parts,NASDAQ,1109423,14.02,77.46,12,52,-41.36,,,,,,,27,15,55,40,,0,0,0,0,0,0,378295137.9262924,31264060.0,0.4095,-0.046,1159790,1071528,0,36.7,,2026-09-25
1774,MBLY,Consumer Cyclical,Auto Parts,NASDAQ,4367906,7.61,77.44,7,11,-51.87,,,,,,,27,20,24,11,,0,0,0,0,0,0,6818504925.144997,850187598.0,0.207,0.004,6198360,5664144,0,18.3,,2026-09-25
1775,YOU,Technology,Software - Application,NYSE,1927923,38.9,77.41,-29,2,-43.68,,,,,,,27,56,87,92,,0,0,0,0,0,0,3920910809.870201,102911049.0,0.1745,0.266,2380160,1722030,1,78.3,,2026-09-25
1776,CRUS,Technology,Semiconductors,NASDAQ,906353,120.45,77.38,9,55,-33.24,,,,,,,27,18,64,82,,0,0,0,0,0,0,5954968582.725334,50117561.0,0.088599995,0.129,1014900,857334,0,54.7,,2026-09-25
1777,KVYO,Technology,Software - Application,NYSE,6370770,16.78,77.37,-6,-30,-53.68,,,,,,,27,33,9,14,,0,0,0,0,0,0,4614894739.293238,299279813.0,0.1698,0.264,7329810,6147164,0,18.7,,2026-09-25
1778,VRSK,Industrials,Consulting Services,NASDAQ,1188170,171.8,77.27,-4,-13,-32.19,,,,,,,27,31,22,21,,0,0,0,0,0,0,22830666541.56555,130156012.0,0.0301,0.044,1299920,1425860,0,24.7,,2026-09-25
1779,BPRE,Financial Services,Asset Management,NYSE,874022,12.37,77.27,7,11,-32.27,,,,,,,27,20,24,73,,0,0,0,0,0,0,,,0.21,,941306,901943,0,39.0,,2026-09-25
1780,ATEC,Healthcare,Medical Devices,NASDAQ,2026516,10.03,77.24,8,3,-56.93,,,,,,,27,19,14,23,,0,0,0,0,0,0,1572312000.8147278,154451076.0,0.1022,0.151,3052990,2207530,0,18.7,,2026-09-25
1781,AXON,Industrials,Aerospace & Defense,NASDAQ,935270,450.61,77.16,-53,-112,-43.12,,,,,,,27,80,21,17,,0,0,0,0,0,0,36374865733.73413,81237415.0,0.052800003,0.353,1219490,916752,0,39.3,,2026-09-25
1782,TDOC,Healthcare,Health Information Services,NYSE,3415026,6.13,77.12,-10,31,-38.0,,,,,,,27,37,78,19,,0,0,0,0,0,0,1144609366.953477,181684021.0,0.1402,-0.04,3263260,4479924,0,44.7,,2026-09-25
1783,CNM,Industrials,Industrial Distribution,NYSE,2555410,42.76,77.12,5,14,-28.33,,,,,,,27,22,31,37,,0,0,0,0,0,0,7859137647.575378,184443500.0,0.0612,0.025,3659030,2269784,0,30.0,,2026-09-25
1784,AEMD,Healthcare,Medical Devices,NASDAQ,5395546,6.81,77.09,26,27,-83.59,,,,,,,27,1,2,6,,0,0,0,0,0,0,4487268.119308472,711136.0,0.6504,,9733660,3257131,0,3.0,,2026-09-25
1785,WH,Consumer Cyclical,Lodging,NYSE,1254566,69.31,77.06,-2,28,-23.29,,,,,,,27,29,59,54,,0,0,0,0,0,0,5050808782.140503,74211122.0,0.105100006,-0.055,1545020,1304274,0,47.3,,2026-09-25
1786,LPX,Industrials,Building Products & Equipment,NYSE,1079713,68.02,77.05,0,23,-32.21,,,,,,,27,27,50,28,,0,0,0,0,0,0,4567397119.861069,69923410.0,0.1091,-0.121,1175920,1160436,0,35.0,,2026-09-25
1787,FBRT,Real Estate,REIT - Mortgage,NYSE,2215203,7.46,76.94,-6,-12,-34.24,,,,,,,26,32,26,28,,0,0,0,0,0,0,620349240.0963783,83045416.0,0.104899995,0.142,3142500,1842934,0,28.7,,2026-09-25
1788,CCI,Real Estate,REIT - Specialty,NYSE,2905296,70.23,76.87,4,15,-30.12,,,,,,,26,22,33,31,,0,0,0,0,0,0,31083773334.630432,425455439.0,0.0273,-0.049,3865680,3559404,0,28.7,,2026-09-25
1789,FER,Industrials,Engineering & Construction,NASDAQ,1327963,55.28,76.84,-7,25,-26.09,,,,,,,26,33,65,75,,0,0,0,0,0,0,39661943270.93098,720602155.0,0.0097,0.052,1619100,1433576,0,57.7,,2026-09-25
1790,CC,Basic Materials,Specialty Chemicals,NYSE,1936866,14.74,76.83,-5,46,-48.59,,,,,,,26,31,82,94,,0,0,0,0,0,0,2156416370.0058174,150377709.0,0.1381,-0.015,1859440,2320432,1,69.0,,2026-09-25
1791,GPCR,Healthcare,Biotechnology,NASDAQ,1026566,35.95,76.83,-62,-64,-62.12,,,,,,,26,88,86,93,,0,0,0,0,0,0,2495844995.0,71309857.0,0.112399995,,1336020,828680,1,89.0,,2026-09-25
1792,JEF,Financial Services,Capital Markets,NYSE,2018493,46.98,76.82,-9,-9,-33.87,,,,,,,26,35,35,18,,0,0,0,0,0,0,11043454132.694847,230552271.0,0.0425,0.35,2726070,1988926,0,29.3,,2026-09-25
1793,BN,Financial Services,Asset Management,NYSE,4413690,37.09,76.69,-3,13,-25.18,,,,,,,26,29,45,41,,0,0,0,0,0,0,83735499180.08221,2232351451.0,5.2,0.085,5332310,4327068,0,38.3,,2026-09-25
1794,HD,Consumer Cyclical,Home Improvement Retail,NYSE,4062213,296.72,76.69,-10,-6,-28.48,,,,,,,26,36,40,35,,0,0,0,0,0,0,299286944968.4256,997689626.0,0.0099,0.057,4645070,3965320,0,37.0,,2026-09-25
1795,RSI,Consumer Cyclical,Gambling,NYSE,2564613,20.56,76.69,-52,-39,-40.46,,,,,,,26,78,91,85,,0,0,0,0,0,0,2694093796.884098,115626347.0,0.0686,0.463,3627690,2789572,1,84.7,,2026-09-25
1796,VYX,Technology,Information Technology Services,NYSE,2853730,7.13,76.66,-3,-4,-46.19,,,,,,,26,29,28,11,,0,0,0,0,0,0,930591080.9183084,138069898.0,0.3845,-0.208,3546630,2499428,0,22.7,,2026-09-25
1797,FBIN,Industrials,Building Products & Equipment,NYSE,2267040,39.03,76.65,-10,-1,-39.81,,,,,,,26,36,45,20,,0,0,0,0,0,0,4700160811.827309,119293417.0,0.059499998,-0.041,2336790,2338906,0,33.7,,2026-09-25
1798,FTAI,Industrials,Aerospace & Defense,NASDAQ,1321890,186.01,76.57,-7,47,-42.5,,,,,,,26,33,87,93,,0,0,0,0,0,0,19590351101.5269,102707091.0,0.1043,0.409,1553770,1507590,1,71.0,,2026-09-25
1799,CPB,Consumer Defensive,Packaged Foods,NASDAQ,7673860,20.34,76.55,-10,-21,-40.47,,,,,,,26,36,25,20,,0,0,0,0,0,0,6169887326.929316,298206243.0,0.2557,-0.079,7208920,6801974,0,27.0,,2026-09-25
1800,ADNT,Consumer Cyclical,Auto Parts,NYSE,951046,17.88,76.5,4,15,-34.55,,,,,,,26,22,33,67,,0,0,0,0,0,0,1363073781.2881165,77096932.0,0.1001,0.05,1090920,948304,0,40.7,,2026-09-25
1801,GLOB,Technology,Information Technology Services,NYSE,1517880,34.45,76.47,5,-9,-52.22,,,,,,,26,21,7,13,,0,0,0,0,0,0,1536760404.6286774,43179556.0,0.1891,0.0,1062580,1553082,0,13.7,,2026-09-25
1802,PTCT,Healthcare,Biotechnology,NASDAQ,985703,62.34,76.47,-33,-10,-31.4,,,,,,,26,59,82,71,,0,0,0,0,0,0,5455832855.971939,83460802.0,0.1596,1.015,1348490,1124980,0,70.7,,2026-09-25
1803,VNDA,Healthcare,Biotechnology,NASDAQ,812290,5.04,76.37,-1,15,-49.3,,,,,,,26,27,43,82,,0,0,0,0,0,0,310173591.2294054,60462687.0,0.13340001,-0.039,853610,894438,0,50.7,,2026-09-25
1804,BHF,Financial Services,Insurance - Life,NASDAQ,1087270,51.99,76.35,2,32,-22.17,,,,,,,26,24,54,57,,0,0,0,0,0,0,2872702615.7278404,57511563.0,0.1277,0.867,1182370,939062,0,45.0,,2026-09-25
1805,KREF,Real Estate,REIT - Mortgage,NYSE,649686,6.06,76.35,-30,-43,-36.88,,,,,,,26,56,43,21,,0,0,0,0,0,0,436599828.97713375,64300417.0,0.1375,,792390,900116,0,40.0,,2026-09-25
1806,LKQ,Consumer Cyclical,Auto Parts,NASDAQ,3268586,23.43,76.29,1,2,-36.9,,,,,,,26,25,26,32,,0,0,0,0,0,0,5894948410.774727,253002086.0,0.0806,-0.03,3719470,3392080,0,27.7,,2026-09-25
1807,RDDT,Communication Services,Internet Content & Information,NYSE,6556710,151.98,76.27,-4,19,-42.32,,,,,,,26,30,53,23,,0,0,0,0,0,0,29023014707.795105,192396510.0,0.1396,0.611,5602230,6370756,0,35.3,,2026-09-25
1808,WLK,Basic Materials,Specialty Chemicals,NYSE,702733,68.42,76.27,-4,-8,-44.92,,,,,,,26,30,26,89,,0,0,0,0,0,0,8826907531.359589,127796548.0,0.1744,0.108,693850,890922,0,48.3,,2026-09-25
1809,TJX,Consumer Cyclical,Apparel Retail,NYSE,8554406,131.59,76.26,-3,22,-22.59,,,,,,,26,29,54,74,,0,0,0,0,0,0,139960697171.8419,1099974061.0,0.0198,0.054,10058200,7177262,0,52.3,,2026-09-25
1810,PAX,Financial Services,Asset Management,NASDAQ,1140263,10.24,76.26,-3,-10,-42.47,,,,,,,26,29,22,35,,0,0,0,0,0,0,1613938470.0,161393847.0,0.1037,0.349,1206520,1130652,0,28.7,,2026-09-25
1811,CRI,Consumer Cyclical,Apparel Retail,NYSE,1414190,29.77,76.18,-22,13,-33.01,,,,,,,26,48,83,71,,0,0,0,0,0,0,1088119500.9932709,36711185.0,0.15100001,0.052,1800600,1282228,0,67.3,,2026-09-25
1812,LASR,Technology,Semiconductors,NASDAQ,1223736,40.98,76.15,-10,46,-52.87,,,,,,,26,36,92,99,,0,0,0,1,0,1,2298377457.282825,57690197.0,0.0641,0.338,867020,1234048,2,75.7,,2026-09-25
1813,SMG,Basic Materials,Agricultural Inputs,NYSE,847076,52.83,76.11,-23,-4,-29.88,,,,,,,26,49,68,64,,0,0,0,0,0,0,3048413582.174835,58220274.0,0.103599995,0.011,925020,973552,0,60.3,,2026-09-25
1814,ASTS,Technology,Communication Equipment,NASDAQ,9702580,59.98,76.11,5,68,-55.19,,,,,,,26,21,84,96,,0,0,0,0,0,0,17543670265.832653,299789305.0,0.2146,26.266,9673360,12390412,1,67.0,,2026-09-25
1815,LAZ,Financial Services,Capital Markets,NYSE,1612213,36.82,76.09,0,1,-37.33,,,,,,,26,26,27,33,,0,0,0,0,0,0,3483857949.0,97450572.0,0.1094,0.001,2455190,1708704,0,28.7,,2026-09-25
1816,PDD,Consumer Cyclical,Internet Retail,NASDAQ,7006816,79.2,76.06,7,1,-43.19,,,,,,,26,19,13,32,,0,0,0,0,0,0,112305983023.73064,1423396462.0,0.0369,0.081,7016890,6653344,0,21.3,,2026-09-25
1817,THO,Consumer Cyclical,Recreational Vehicles,NYSE,682466,72.31,76.0,2,4,-41.13,,,,,,,25,23,25,30,,0,0,0,0,0,0,3527927993.456856,52057373.0,0.131,-0.039,953940,643960,0,26.0,,2026-09-25
1818,BURL,Consumer Cyclical,Apparel Retail,NYSE,1606220,257.33,75.98,-33,-27,-31.98,,,,,,,25,58,64,81,,0,0,0,0,0,0,14924855579.38501,62942206.0,0.0582,0.11,1617870,1228292,0,67.7,,2026-09-25
1819,PII,Consumer Cyclical,Recreational Vehicles,NYSE,803723,52.94,75.97,-25,9,-32.11,,,,,,,25,50,84,64,,0,0,0,0,0,0,3076773525.3144226,56903524.0,0.1434,0.088,880380,824446,0,66.0,,2026-09-25
1820,NVO,Healthcare,Drug Manufacturers - General,NYSE,12595263,38.17,75.96,-36,-45,-40.51,,,,,,,25,61,52,15,,0,0,0,0,0,0,191028927777.01672,4417875124.0,0.01,0.021,16012780,12702488,0,42.7,,2026-09-25
1821,MEC,Industrials,Metal Fabrication,NYSE,517450,17.45,75.96,-34,3,-54.98,,,,,,,25,59,96,71,,0,0,0,0,0,0,438605712.6552086,25500331.0,0.089700006,0.232,570690,590910,1,75.3,,2026-09-25
1822,CLX,Consumer Defensive,Household & Personal Products,NYSE,3072136,83.94,75.95,-23,-42,-34.88,,,,,,,25,48,29,35,,0,0,0,0,0,0,10049366330.97393,120931005.0,0.1017,-0.02,3534040,2921924,0,37.3,,2026-09-25
1823,PEG,Utilities,Utilities - Regulated Electric,NYSE,2898740,67.31,75.86,-2,20,-23.19,,,,,,,25,27,49,50,,0,0,0,0,0,0,34774763819.93706,498420030.0,0.0241,-0.089,3603840,2955600,0,42.0,,2026-09-25
1824,KC,Technology,Software - Application,NASDAQ,1380120,9.68,75.85,7,0,-47.73,,,,,,,25,18,11,68,,0,0,0,0,0,0,2969747099.640093,299369665.0,0.0335,0.308,1345280,1465340,0,32.3,,2026-09-25
1825,EFX,Industrials,Consulting Services,NYSE,1251453,155.32,75.83,-22,-52,-39.9,,,,,,,25,47,17,22,,0,0,0,0,0,0,18664824853.86328,117484896.0,0.077,0.106,1589740,1475554,0,28.7,,2026-09-25
1826,HAPN,Financial Services,Banks - Regional,NASDAQ,1186550,15.15,75.78,-42,-27,-30.09,,,,,,,25,67,82,47,,0,0,0,0,0,0,1867292802.739563,115407464.0,0.0575,0.065,1542080,1368466,0,65.3,,2026-09-25
1827,AAON,Industrials,Building Products & Equipment,NASDAQ,1179256,82.36,75.78,11,87,-45.26,,,,,,,25,14,90,59,,0,0,0,0,0,0,6329141505.779976,82453639.0,0.0683,1.012,1177480,1188098,1,54.3,,2026-09-25
1828,MP,Basic Materials,Other Industrial Metals & Mining,NYSE,5530553,48.89,75.76,-7,27,-51.23,,,,,,,25,32,66,78,,0,0,0,0,0,0,8417080749.942398,178101588.0,0.19610001,1.197,5319860,6180250,0,58.7,,2026-09-25
1829,HLI,Financial Services,Capital Markets,NYSE,788326,129.94,75.72,7,11,-38.64,,,,,,,25,18,22,26,,0,0,0,0,0,0,9123682788.276672,69886500.0,0.0469,-0.155,976070,882658,0,22.0,,2026-09-25
1830,HRL,Consumer Defensive,Packaged Foods,NYSE,5255373,19.92,75.7,-28,-24,-25.11,,,,,,,25,53,57,32,,0,0,0,0,0,0,11463807122.011566,550350800.0,0.071100004,-0.024,4706960,4520648,0,47.3,,2026-09-25
1831,AEO,Consumer Cyclical,Apparel Retail,NYSE,6768776,15.92,75.69,-14,12,-44.06,,,,,,,25,39,65,67,,0,0,0,0,0,0,2523654465.296569,167573333.0,0.1363,0.075,10051700,5711576,0,57.0,,2026-09-25
1832,AMTM,Industrials,Specialty Business Services,NYSE,2298436,19.71,75.64,6,6,-48.28,,,,,,,25,19,19,66,,0,0,0,0,0,0,4788669074.800625,244319846.0,0.078600004,-0.02,1743370,2072804,0,34.7,,2026-09-25
1833,BYD,Consumer Cyclical,Resorts & Casinos,NYSE,900416,71.74,75.62,-12,9,-21.52,,,,,,,25,37,58,59,,0,0,0,0,0,0,5301665648.270691,72655414.0,0.0806,0.0,1103080,955756,0,51.3,,2026-09-25
1834,MAX,Communication Services,Internet Content & Information,NYSE,629050,9.39,75.57,-60,-85,-36.12,,,,,,,25,85,60,27,,0,0,0,0,0,0,555715196.264822,52975711.0,0.104499996,0.259,837430,823010,0,57.3,,2026-09-25
1835,CRNC,Technology,Software - Application,NASDAQ,683983,8.07,75.56,9,71,-41.26,,,,,,,25,16,78,14,,0,0,0,0,0,0,349629887.4726987,45230257.0,0.1368,0.118,655680,715278,0,36.0,,2026-09-25
1836,AON,Financial Services,Insurance Brokers,NYSE,1546203,281.6,75.53,-32,-55,-26.35,,,,,,,25,57,34,33,,0,0,0,0,0,0,62712766415.06616,212125434.0,0.018,0.022,2501520,1498006,0,41.3,,2026-09-25
1837,RRR,Consumer Cyclical,Resorts & Casinos,NASDAQ,927766,50.9,75.52,-29,-11,-26.22,,,,,,,25,54,72,46,,0,0,0,0,0,0,3010327891.3274198,59130385.0,0.1177,-0.03,1199320,850568,0,57.3,,2026-09-25
1838,TRTX,Real Estate,REIT - Mortgage,NYSE,860886,6.82,75.47,-8,18,-27.21,,,,,,,25,33,59,47,,0,0,0,0,0,0,551201471.4417262,76769009.0,0.0657,-0.116,1012370,844588,0,46.3,,2026-09-25
1839,TMUS,Communication Services,Telecom Services,NASDAQ,4522133,165.66,75.45,2,2,-31.65,,,,,,,25,23,23,37,,0,0,0,0,0,0,180401904017.8585,1072671613.0,0.0358,0.079,5811670,4741070,0,27.7,,2026-09-25
1840,TIMB,Communication Services,Telecom Services,NYSE,522903,18.34,75.42,6,24,-35.01,,,,,,,25,19,37,87,,0,0,0,0,0,0,8978502614.98164,475053058.0,0.0162,0.055,489250,542998,0,47.7,,2026-09-25
1841,FUL,Basic Materials,Specialty Chemicals,NYSE,683110,50.21,75.42,-7,14,-26.84,,,,,,,25,32,53,61,,0,0,0,0,0,0,2657635969.3026924,53787411.0,0.0774,0.058,899720,679576,0,48.7,,2026-09-25
1842,SNN,Healthcare,Medical Devices,NYSE,1652203,26.82,75.39,-1,3,-28.5,,,,,,,25,26,30,53,,0,0,0,0,0,0,11534308122.5682,418516268.0,0.0149,0.046,1437950,1751140,0,36.3,,2026-09-25
1843,STZ,Consumer Defensive,Beverages - Brewers,NYSE,2147906,116.57,75.35,-4,7,-30.86,,,,,,,25,29,40,52,,0,0,0,0,0,0,20317510501.449768,170778434.0,0.0546,-0.033,2596000,2036250,0,40.3,,2026-09-25
1844,HAYW,Industrials,Electrical Equipment & Parts,NYSE,2425736,12.75,75.27,-8,25,-28.09,,,,,,,25,33,66,34,,0,0,0,0,0,0,2755433321.6296806,212119582.0,0.049000002,0.063,3841980,2781036,0,44.3,,2026-09-25
1845,EIX,Utilities,Utilities - Regulated Electric,NYSE,5992430,53.51,75.26,-45,-36,-34.44,,,,,,,24,69,78,84,,0,0,0,0,0,0,21284061706.95158,384813979.0,0.052800003,-0.041,5046100,4853086,0,77.0,,2026-09-25
1846,MWA,Industrials,Specialty Industrial Machinery,NYSE,1200966,21.72,75.25,-8,10,-29.94,,,,,,,24,32,50,70,,0,0,0,0,0,0,3419152310.54278,156125679.0,0.052199997,0.041,1756050,1179382,0,50.7,,2026-09-25
1847,ADMA,Healthcare,Biotechnology,NASDAQ,2411523,9.7,75.14,4,-4,-52.59,,,,,,,24,20,12,9,,0,0,0,0,0,0,2040500357.9009628,223984680.0,0.1313,0.02,3588460,2545566,0,13.7,,2026-09-25
1848,RDAC,Financial Services,Shell Companies,NASDAQ,1485160,5.54,75.1,11,13,-76.91,,,,,,,24,13,15,7,,0,0,0,0,0,0,33563808.405451775,5951030.0,0.0101,,118960,898796,0,11.7,,2026-09-25
1849,UPBD,Technology,Software - Application,NASDAQ,800186,15.99,75.02,-25,-20,-39.43,,,,,,,24,49,54,31,,0,0,0,0,0,0,998668758.7231922,58299405.0,0.1537,0.005,857010,946366,0,44.7,,2026-09-25
1850,VMC,Basic Materials,Building Materials,NYSE,985466,244.4,75.01,-9,21,-26.18,,,,,,,24,33,63,47,,0,0,0,0,0,0,31206447950.63576,129578739.0,0.05,0.025,1186190,1023092,0,47.7,,2026-09-25
1851,MAT,Consumer Cyclical,Leisure,NASDAQ,3639066,13.08,74.97,0,-2,-41.81,,,,,,,24,24,22,22,,0,0,0,0,0,0,3788382065.391541,285700000.0,0.141,0.105,4417130,4073390,0,22.7,,2026-09-25
1852,IRTC,Healthcare,Medical Devices,NASDAQ,563930,111.75,74.93,-3,-9,-47.29,,,,,,,24,27,21,24,,0,0,0,0,0,0,3603845178.347061,32963003.0,0.0854,0.201,643330,594336,0,24.0,,2026-09-25
1853,AVAV,Industrials,Aerospace & Defense,NASDAQ,1911846,155.94,74.87,12,9,-62.68,,,,,,,24,12,9,31,,0,0,0,0,0,0,8128771129.807526,50820702.0,0.1121,0.057,3189460,1682724,0,17.3,,2026-09-25
1854,NN,Technology,Software - Infrastructure,NASDAQ,2713426,14.39,74.78,-6,10,-41.07,,,,,,,24,30,46,66,,0,0,0,0,0,0,1940133309.0125933,136436939.0,0.1232,-0.043,2467320,2758192,0,47.3,,2026-09-25
1855,MCD,Consumer Cyclical,Restaurants,NYSE,5052703,238.32,74.74,-1,-1,-30.26,,,,,,,24,25,25,57,,0,0,0,0,0,0,175664937542.63104,707641531.0,0.0194,0.037,6697220,4923672,0,35.7,,2026-09-25
1856,PPC,Consumer Defensive,Packaged Foods,NASDAQ,1517843,27.63,74.68,-2,-13,-38.38,,,,,,,24,26,15,34,,0,0,0,0,0,0,7107539532.231194,238108524.0,0.030199999,-0.028,1443490,1544016,0,25.0,,2026-09-25
1857,HLMN,Industrials,Tools & Accessories,NASDAQ,1637320,7.14,74.64,-17,-12,-34.19,,,,,,,24,41,46,43,,0,0,0,0,0,0,1387105865.1339085,194544999.0,0.0249,0.098,2525720,1555532,0,43.3,,2026-09-25
1858,LUMN,Communication Services,Telecom Services,NYSE,12689740,6.13,74.62,7,70,-48.7,,,,,,,24,17,80,81,,0,0,0,0,0,0,6601250683.966299,1031445404.0,0.0801,-0.093,14539580,12928636,0,59.3,,2026-09-25
1859,CPRT,Industrials,Specialty Business Services,NASDAQ,10848386,28.87,74.55,0,-5,-37.17,,,,,,,24,24,19,20,,0,0,0,0,0,0,27107760828.66429,925811482.0,0.0509,0.024,12797730,11092758,0,21.0,,2026-09-25
1860,WYFI,Technology,Information Technology Services,NASDAQ,2504120,19.05,74.47,-11,51,-59.36,,,,,,,24,35,97,17,,0,0,0,0,0,0,736948771.7851143,38848118.0,0.45740002,0.557,1256520,2381966,1,49.7,,2026-09-25
1861,PBH,Healthcare,Drug Manufacturers - Specialty & Generic,NYSE,538446,45.92,74.43,-3,-13,-35.39,,,,,,,24,27,17,30,,0,0,0,0,0,0,2130432312.170227,47374522.0,0.1168,0.065,705480,543976,0,24.7,,2026-09-25
1862,JBTM,Industrials,Specialty Industrial Machinery,NYSE,589843,113.28,74.4,5,38,-33.44,,,,,,,24,19,52,38,,0,0,0,0,0,0,5706449870.0,51876817.0,0.0774,0.049,627700,583010,0,36.3,,2026-09-25
1863,LBTYA,Communication Services,Telecom Services,NASDAQ,2213703,9.48,74.37,-2,14,-29.88,,,,,,,24,26,42,67,,0,0,0,0,0,0,3366534237.385626,341087566.0,0.08180001,-0.077,2634850,2376224,0,45.0,,2026-09-25
1864,VSNT,Communication Services,Entertainment,NASDAQ,1597090,33.04,74.3,-13,-25,-44.0,,,,,,,24,37,25,25,,0,0,0,0,0,0,4896003386.511337,139170078.0,0.0479,-0.037,1876870,1703870,0,29.0,,2026-09-25
1865,PMT,Real Estate,REIT - Mortgage,NYSE,1455993,8.73,74.3,0,8,-36.78,,,,,,,24,24,32,40,,0,0,0,0,0,0,767380802.2325306,87202362.0,0.1277,0.061,2083700,1453840,0,32.0,,2026-09-25
1866,NFLX,Communication Services,Entertainment,NASDAQ,31201446,71.36,74.25,1,-8,-42.85,,,,,,,24,23,14,37,,0,0,0,0,0,0,298929233152.2406,4163939676.0,0.0221,0.134,37329380,37352314,0,24.7,,2026-09-25
1867,HSAI,Consumer Cyclical,Auto Parts,NASDAQ,1547460,16.31,74.24,1,-10,-47.13,,,,,,,24,23,12,35,,0,0,0,0,0,0,20767915181.231964,1257137688.0,0.0652,0.219,1131200,1529320,0,23.3,,2026-09-25
1868,FSLR,Technology,Solar,NASDAQ,2018976,191.97,74.23,2,49,-40.19,,,,,,,24,22,69,59,,0,0,0,0,0,0,21059780378.017883,107469788.0,0.114700004,-0.037,2298130,2240574,0,50.0,,2026-09-25
1869,EVER,Communication Services,Internet Content & Information,NASDAQ,632256,17.63,74.21,-62,-81,-38.64,,,,,,,23,85,66,13,,0,0,0,0,0,0,815447816.6313629,35239751.0,0.277,0.246,920240,691928,0,54.7,,2026-09-25
1870,UEC,Energy,Uranium,NYSE ARCA,8368083,9.95,74.21,-31,-47,-51.08,,,,,,,23,54,38,93,,0,0,0,0,0,0,4854698118.116709,494872366.0,0.14729999,,9034770,8369606,1,61.7,,2026-09-25
1871,SARO,Industrials,Aerospace & Defense,NYSE,3527323,22.58,74.13,-3,17,-34.51,,,,,,,23,26,46,35,,0,0,0,0,0,0,7379503058.82851,330919431.0,0.0799,0.046,4066670,3468344,0,35.7,,2026-09-25
1872,BKNG,Consumer Cyclical,Travel Services,NASDAQ,6925010,155.9,74.11,-48,-89,-30.71,,,,,,,23,71,30,25,,0,0,0,0,0,0,126156781363.93738,751380500.0,0.0269,0.081,9664270,6689150,0,42.0,,2026-09-25
1873,TPR,Consumer Cyclical,Luxury Goods,NYSE,3786613,110.51,74.05,-34,-16,-32.94,,,,,,,23,57,75,88,,0,0,0,0,0,0,22930042970.0,199391678.0,0.0881,0.089,3498360,3118594,0,73.3,,2026-09-25
1874,TLK,Communication Services,Telecom Services,NYSE,635360,13.47,74.04,0,-2,-42.73,,,,,,,23,23,21,61,,0,0,0,0,0,0,13968919386.57129,985809408.0,0.0054,0.064,814760,708190,0,35.0,,2026-09-25
1875,LOW,Consumer Cyclical,Home Improvement Retail,NYSE,3151026,191.36,73.99,-6,-4,-34.7,,,,,,,23,29,31,47,,0,0,0,0,0,0,107930501402.14577,560707041.0,0.0182,0.083,3237360,3118582,0,35.7,,2026-09-25
1876,VERX,Technology,Software - Application,NASDAQ,1562220,11.72,73.98,0,-11,-55.84,,,,,,,23,23,12,7,,0,0,0,0,0,0,1940127046.9881248,162217980.0,0.0646,0.105,1375570,1986720,0,14.0,,2026-09-25
1877,BBWI,Consumer Cyclical,Specialty Retail,NYSE,6883356,17.02,73.79,-13,12,-37.88,,,,,,,23,36,61,22,,0,0,0,0,0,0,3508628369.2784176,201645313.0,0.086,-0.023,6767310,6043040,0,39.7,,2026-09-25
1878,CELH,Consumer Defensive,Beverages - Non-Alcoholic,NASDAQ,8533766,29.18,73.76,-1,-10,-56.28,,,,,,,23,24,15,22,,0,0,0,0,0,0,7090042132.770252,253035047.0,0.1162,0.106,7745320,9986720,0,20.3,,2026-09-25
1879,PRVA,Healthcare,Health Information Services,NASDAQ,1142676,19.1,73.74,-8,27,-33.73,,,,,,,23,31,66,32,,0,0,0,0,0,0,2535524057.676733,127734207.0,0.0633,0.214,1310190,1227800,0,43.0,,2026-09-25
1880,NMRK,Real Estate,Real Estate Services,NASDAQ,1687446,13.13,73.73,-30,-39,-33.8,,,,,,,23,53,44,48,,0,0,0,0,0,0,2526326984.3334417,181228627.0,0.0388,0.17,2212930,1578696,0,48.3,,2026-09-25
1881,LBTYK,Communication Services,Telecom Services,NASDAQ,1565546,9.24,73.71,-2,7,-29.57,,,,,,,23,25,34,60,,0,0,0,0,0,0,3291494881.7854195,341087566.0,0.0849,-0.077,2396360,1539420,0,39.7,,2026-09-25
1882,LEN,Consumer Cyclical,Residential Construction,NYSE,3555683,81.52,73.69,2,9,-39.06,,,,,,,23,21,28,23,,0,0,0,0,0,0,18411615776.575363,240895142.0,0.0023999999,-0.087,5759520,3104062,0,24.0,,2026-09-25
1883,CG,Financial Services,Asset Management,NASDAQ,3643950,39.92,73.68,-12,-28,-42.3,,,,,,,23,35,19,33,,0,0,0,0,0,0,14288944656.0793,356332798.0,0.067600004,-0.329,3864040,3638712,0,29.0,,2026-09-25
1884,ORCL,Technology,Software - Infrastructure,NYSE,28508910,144.56,73.61,6,9,-56.13,,,,,,,23,17,20,20,,0,0,0,0,0,0,446333672805.542,3023736000.0,0.025999999,0.296,38869500,31015790,0,19.0,,2026-09-25
1885,GIL,Consumer Cyclical,Apparel Manufacturing,NYSE,1073730,46.19,73.57,-5,0,-37.33,,,,,,,23,28,33,58,,0,0,0,0,0,0,8679941717.953766,185191848.0,0.0716,0.723,1251040,1283030,0,39.7,,2026-09-25
1886,NXT,Technology,Solar,NASDAQ,2081733,81.81,73.56,2,54,-49.85,,,,,,,23,21,73,95,,0,0,0,0,0,0,12209674659.6167,151729520.0,0.08140001,0.082,2375940,2557640,1,63.0,,2026-09-25
1887,VST,Utilities,Utilities - Independent Power Producers,NYSE,4235413,137.97,73.55,3,16,-37.24,,,,,,,23,20,33,40,,0,0,0,0,0,0,47213802266.0836,335635195.0,0.0372,-0.055,4526920,4524742,0,31.0,,2026-09-25
1888,ELVA,Industrials,Electrical Equipment & Parts,NASDAQ,524233,6.45,73.47,-7,54,-49.53,,,,,,,23,30,91,95,,0,0,0,0,0,0,327244449.4099617,49507480.0,6.77,0.034,325930,1209828,2,72.0,,2026-09-25
1889,GOF,Financial Services,Asset Management,NYSE,3500883,8.54,73.46,-1,5,-43.48,,,,,,,23,24,30,29,,0,0,0,0,0,0,1832052629.599228,212043120.0,0.68,,3298401,2622594,0,27.7,,2026-09-25
1890,TSCO,Consumer Cyclical,Specialty Retail,NASDAQ,9639530,32.29,73.46,-1,-15,-45.86,,,,,,,23,24,10,30,,0,0,0,0,0,0,16782702335.743507,521040137.0,0.0952,0.023,9800980,10487158,0,21.3,,2026-09-25
1891,PINS,Communication Services,Internet Content & Information,NYSE,12700296,18.45,73.43,-35,-69,-48.96,,,,,,,23,58,24,13,,0,0,0,0,0,0,10533422518.231276,566313027.0,0.1296,0.182,18186720,12461376,0,31.7,,2026-09-25
1892,SYK,Healthcare,Medical Devices,NYSE,2817256,273.4,73.41,-7,-6,-30.35,,,,,,,23,30,31,34,,0,0,0,0,0,0,105528614542.60474,383573046.0,0.0208,0.094,3514600,2665372,0,31.7,,2026-09-25
1893,KBH,Consumer Cyclical,Residential Construction,NYSE,1358366,47.15,73.37,-20,1,-30.22,,,,,,,23,43,64,33,,0,0,0,0,0,0,2888914317.874145,61309728.0,0.2056,-0.273,2462490,1210500,0,46.7,,2026-09-25
1894,SOFI,Financial Services,Credit Services,NASDAQ,44635006,16.55,73.35,-10,-11,-49.43,,,,,,,22,32,31,24,,0,0,0,0,0,0,21905031512.57205,1291570324.0,0.1393,0.426,49647410,57146066,0,29.0,,2026-09-25
1895,BRSL,Consumer Cyclical,Gambling,NYSE,1915100,10.26,73.31,-8,-17,-44.75,,,,,,,22,30,21,32,,0,0,0,0,0,0,1860317229.668541,182742355.0,0.0464,-0.074,2227870,1918770,0,27.7,,2026-09-25
1896,GPK,Consumer Cyclical,Packaging & Containers,NYSE,5422803,9.66,73.19,-4,-7,-51.21,,,,,,,22,26,23,10,,0,0,0,0,0,0,2756426468.866576,296071573.0,0.0883,-0.007,8091370,5388422,0,19.7,,2026-09-25
1897,VFC,Consumer Cyclical,Apparel Manufacturing,NYSE,6313423,13.52,73.16,-4,35,-39.29,,,,,,,22,26,65,71,,0,0,0,0,0,0,5028191135.303106,393134570.0,0.093,-0.052,7073850,7284498,0,54.0,,2026-09-25
1898,LZB,Consumer Cyclical,"Furnishings, Fixtures & Appliances",NYSE,832210,30.01,73.06,-3,41,-33.16,,,,,,,22,25,69,31,,0,0,0,0,0,0,1195174692.7515678,40052771.0,0.0583,-0.034,847080,644714,0,41.7,,2026-09-25
1899,BFAM,Consumer Cyclical,Personal Services,NYSE,835940,66.51,72.89,-7,-20,-39.71,,,,,,,22,29,16,21,,0,0,0,0,0,0,3193880455.966095,48635306.0,0.0538,0.065,1190310,831658,0,22.0,,2026-09-25
1900,ALK,Industrials,Airlines,NYSE,2413483,39.7,72.86,-3,44,-34.52,,,,,,,22,25,72,21,,0,0,0,0,0,0,4524390586.975708,111603120.0,0.1137,0.097,2725610,2643416,0,39.3,,2026-09-25
1901,LHX,Industrials,Aerospace & Defense,NYSE,1650870,239.21,72.83,-1,10,-36.92,,,,,,,22,23,34,84,,0,0,0,0,0,0,46049011140.4198,186214616.0,0.024400001,0.084,1746740,1624636,0,47.0,,2026-09-25
1902,VIPS,Consumer Cyclical,Internet Retail,NYSE,3125530,12.37,72.8,-3,-8,-41.32,,,,,,,22,25,20,37,,0,0,0,0,0,0,5853405199.5277405,475500000.0,0.0217,-0.043,2944990,2624960,0,27.3,,2026-09-25
1903,SEDG,Technology,Solar,NASDAQ,3089336,33.35,72.74,10,86,-58.95,,,,,,,22,12,88,97,,0,0,0,0,0,0,2133712959.416168,61525748.0,0.255,0.196,3835180,3307070,1,65.7,,2026-09-25
1904,ENPH,Technology,Solar,NASDAQ,4095610,33.07,72.7,1,60,-55.15,,,,,,,22,21,80,47,,0,0,0,0,0,0,4577490526.065308,132144648.0,0.21290001,-0.196,4396810,4366154,0,49.3,,2026-09-25
1905,SHAK,Consumer Cyclical,Restaurants,NYSE,1172016,58.47,72.68,-13,-38,-45.59,,,,,,,22,35,10,41,,0,0,0,0,0,0,2217599260.2805595,40408149.0,0.1093,0.172,1467350,1565236,0,28.7,,2026-09-25
1906,SFD,Consumer Defensive,Packaged Foods,NASDAQ,2048283,18.93,72.66,-6,17,-36.49,,,,,,,22,28,51,82,,0,0,0,0,0,0,7804470362.251717,393767431.0,0.098900005,-0.023,2750560,1700798,0,53.7,,2026-09-25
1907,PRKS,Consumer Cyclical,Leisure,NYSE,642106,32.81,72.65,-51,-47,-41.11,,,,,,,22,73,77,22,,0,0,0,0,0,0,1550219292.4431877,45341309.0,0.347,-0.014,871090,670492,0,57.3,,2026-09-25
1908,AIRO,Industrials,Aerospace & Defense,NASDAQ,560346,7.16,72.46,-3,-19,-68.14,,,,,,,22,25,9,12,,0,0,0,0,0,0,220891419.0,31555917.0,0.1224,0.759,459620,484346,0,15.3,,2026-09-25
1909,LZ,Industrials,Specialty Business Services,NASDAQ,2592273,5.79,72.45,3,4,-53.31,,,,,,,22,19,20,12,,0,0,0,0,0,0,1012175012.7870636,171264812.0,0.1084,0.066,2520710,2749858,0,17.0,,2026-09-25
1910,KMPR,Financial Services,Insurance - Property & Casualty,NYSE,878346,25.85,72.44,1,-7,-50.7,,,,,,,22,21,13,13,,0,0,0,0,0,0,1558989636.4095154,58874232.0,0.102299996,-0.091,886620,866642,0,15.7,,2026-09-25
1911,VVV,Consumer Cyclical,Auto & Truck Dealerships,NYSE,2328940,28.75,72.24,-10,26,-30.01,,,,,,,21,31,67,52,,0,0,0,0,0,0,3412865503.230692,127536079.0,0.115600005,0.241,3236770,2282344,0,50.0,,2026-09-25
1912,WRD,Technology,Software - Application,NASDAQ,2597086,5.85,72.24,4,-1,-53.39,,,,,,,21,17,12,30,,0,0,0,0,0,0,1810659790.5,329210871.0,0.039100002,0.822,2686600,2375294,0,19.7,,2026-09-25
1913,HNRG,Utilities,Utilities - Independent Power Producers,NASDAQ,707353,14.51,72.15,-2,11,-41.26,,,,,,,21,23,36,45,,0,0,0,0,0,0,712807552.444871,47143357.0,0.0911,-0.013,764140,751862,0,34.7,,2026-09-25
1914,MLM,Basic Materials,Building Materials,NYSE,716073,490.45,72.15,-4,22,-31.02,,,,,,,21,25,51,56,,0,0,0,0,0,0,34844950624.80298,71019382.0,0.042600002,0.21,892120,667392,0,44.0,,2026-09-25
1915,CRK,Energy,Oil & Gas E&P,NYSE,2577660,13.45,72.05,-4,-19,-52.14,,,,,,,21,25,10,39,,0,0,0,0,0,0,3770087881.12294,293620548.0,0.32189998,-0.252,2610580,2511486,0,24.7,,2026-09-25
1916,MIR,Industrials,Specialty Industrial Machinery,NYSE,3518290,16.38,72.04,6,18,-45.9,,,,,,,21,15,27,35,,0,0,0,0,0,0,3834062785.601936,243278092.0,0.21290001,0.197,3691340,3885724,0,25.7,,2026-09-25
1917,IPGP,Technology,Semiconductor Equipment & Materials,NASDAQ,538086,77.18,72.02,7,66,-50.47,,,,,,,21,14,73,92,,0,0,0,0,0,0,3256019090.255112,42534539.0,0.2159,0.111,432610,487108,1,59.7,,2026-09-25
1918,WU,Financial Services,Credit Services,NYSE,8473046,6.09,72.0,-6,-4,-41.16,,,,,,,21,27,29,54,,0,0,0,0,0,0,1927412049.042425,311878981.0,0.1711,-0.013,9867870,10546050,0,36.7,,2026-09-25
1919,BEPC,Utilities,Utilities - Renewable,NYSE,1698450,29.22,71.99,-1,27,-35.33,,,,,,,21,22,50,78,,0,0,0,0,0,0,5556292682.183723,185642921.0,7.3,0.13,1891550,1828518,0,50.0,,2026-09-25
1920,WSC,Industrials,Rental & Leasing Services,NASDAQ,2926523,17.9,71.91,-20,25,-39.87,,,,,,,21,41,86,23,,0,0,0,0,0,0,3292239720.683773,181190958.0,0.1184,0.039,2598800,2740634,0,50.0,,2026-09-25
1921,FLY,Industrials,Aerospace & Defense,NASDAQ,2835050,21.9,71.91,5,11,-64.77,,,,,,,21,16,22,32,,0,0,0,0,0,0,3510475290.7023525,167404645.0,0.1067,6.569,3096950,3067280,0,23.3,,2026-09-25
1922,MWH,Utilities,Utilities - Renewable,NASDAQ,1715970,25.45,71.82,1,50,-47.42,,,,,,,21,20,69,43,,0,0,0,0,0,0,5355152478.829422,202386722.0,0.19469999,0.775,1397970,1875412,0,44.0,,2026-09-25
1923,INFY,Technology,Information Technology Services,NYSE,15139866,10.75,71.79,-1,-9,-64.17,,,,,,,21,22,14,22,,0,0,0,0,0,0,43824716072.31324,4050343559.0,0.037,0.029,15586480,19709472,0,19.3,,2026-09-25
1924,KD,Technology,Information Technology Services,NYSE,3693926,12.11,71.67,0,-13,-62.25,,,,,,,21,21,8,6,,0,0,0,0,0,0,2629066367.9371414,217818263.0,0.1415,-0.033,3776440,4072170,0,11.7,,2026-09-25
1925,TSSI,Technology,Information Technology Services,NASDAQ,1002693,9.28,71.6,4,13,-57.37,,,,,,,21,17,26,84,,0,0,0,0,0,0,238733333.2764721,28219070.0,0.15630001,-0.201,888770,883934,0,42.3,,2026-09-25
1926,MMYT,Consumer Cyclical,Travel Services,NASDAQ,582586,46.79,71.5,-34,-60,-54.68,,,,,,,21,55,29,6,,0,0,0,0,0,0,4507290910.813446,94058662.0,0.1402,0.062,942000,693210,0,30.0,,2026-09-25
1927,HROW,Healthcare,Drug Manufacturers - Specialty & Generic,NASDAQ,603653,33.6,71.47,-27,-16,-38.74,,,,,,,21,48,59,37,,0,0,0,0,0,0,1240098146.6423037,37487850.0,0.20120001,0.109,681790,568948,0,48.0,,2026-09-25
1928,ULS,Industrials,Specialty Business Services,NYSE,703573,65.38,71.43,-3,50,-39.2,,,,,,,21,24,77,80,,0,0,0,0,0,0,12927539770.73227,201898173.0,0.0718,0.052,1045360,839796,0,60.3,,2026-09-25
1929,STNE,Technology,Software - Infrastructure,NASDAQ,6182160,9.49,71.4,4,13,-52.43,,,,,,,21,17,26,42,,0,0,0,0,0,0,2197576311.384323,230595632.0,0.1274,0.016,4646410,5037124,0,28.3,,2026-09-25
1930,HDB,Financial Services,Banks - Regional,NYSE,10281580,22.79,71.35,4,9,-39.15,,,,,,,21,17,22,18,,0,0,0,0,0,0,119015995518.9122,5138859944.0,0.0070999996,0.166,10819590,9908066,0,19.0,,2026-09-25
1931,IMXI,Technology,Software - Infrastructure,NASDAQ,710473,11.43,71.29,-8,10,-28.34,,,,,,,21,29,47,77,,0,0,0,0,0,0,364654328.6701431,30211627.0,0.070700005,-0.186,563410,586066,0,51.0,,2026-09-25
1932,TTAN,Technology,Software - Application,NASDAQ,3092736,61.65,71.27,-62,-123,-46.82,,,,,,,21,83,22,13,,0,0,0,0,0,0,5309593469.439003,96467903.0,0.1266,0.209,6594500,2391794,0,39.3,,2026-09-25
1933,HUBG,Industrials,Integrated Freight & Logistics,NASDAQ,1478453,31.4,71.25,-25,-1,-41.04,,,,,,,21,46,70,40,,0,0,0,0,0,0,2000942921.8502808,61153510.0,0.0829,-0.053,1538810,1199016,0,52.0,,2026-09-25
1934,AAP,Consumer Cyclical,Auto Parts,NYSE,2316896,41.1,71.24,1,57,-36.96,,,,,,,21,20,76,78,,0,0,0,0,0,0,2570019953.918457,60400000.0,0.2635,-0.005,1712910,1977270,0,58.0,,2026-09-25
1935,FG,Financial Services,Insurance - Life,NYSE,677220,21.69,71.23,0,12,-38.61,,,,,,,21,21,33,24,,0,0,0,0,0,0,3024603377.8478184,130935209.0,0.1047,0.042,906170,681996,0,26.0,,2026-09-25
1936,ALKT,Technology,Software - Application,NASDAQ,1600593,14.6,71.16,-40,-80,-44.74,,,,,,,20,60,20,13,,0,0,0,0,0,0,2045799987.6507187,106941980.0,0.0865,0.159,2357480,1492986,0,31.0,,2026-09-25
1937,VNET,Technology,Information Technology Services,NASDAQ,4700563,6.92,71.13,8,25,-52.21,,,,,,,20,12,29,55,,0,0,0,0,0,0,1856189506.9299376,284691643.0,0.2492,0.142,3834930,4324510,0,32.0,,2026-09-25
1938,MMS,Industrials,Specialty Business Services,NYSE,588240,53.79,70.97,0,-4,-46.21,,,,,,,20,20,16,26,,0,0,0,0,0,0,2928893190.3175545,52357763.0,0.1097,-0.051,776700,627914,0,20.7,,2026-09-25
1939,NRDS,Communication Services,Internet Content & Information,NASDAQ,670316,8.1,70.96,-32,-63,-50.12,,,,,,,20,52,21,34,,0,0,0,0,0,0,578504736.8923779,63923174.0,0.14739999,0.056,743620,677600,0,35.7,,2026-09-25
1940,FN,Technology,Electronic Components,NYSE,957653,400.85,70.9,-5,43,-46.47,,,,,,,20,25,73,92,,0,0,0,0,0,0,13923635969.762695,35834864.0,0.0561,0.446,760260,889446,1,63.3,,2026-09-25
1941,AMPX,Industrials,Electrical Equipment & Parts,NYSE,4679866,9.73,70.88,-3,60,-59.83,,,,,,,20,23,86,99,,0,0,0,1,0,1,1387765871.0,146080618.0,0.1609,1.259,4512650,5342048,1,69.3,,2026-09-25
1942,POST,Consumer Defensive,Packaged Foods,NYSE,952456,75.81,70.87,2,9,-35.36,,,,,,,20,18,25,37,,0,0,0,0,0,0,3470350396.1886444,45322586.0,0.1545,-0.018,1081080,989976,0,26.7,,2026-09-25
1943,AMSC,Industrials,Specialty Industrial Machinery,NASDAQ,668106,31.05,70.85,6,50,-55.95,,,,,,,20,14,58,67,,0,0,0,0,0,0,1462468323.0408957,48442143.0,0.078200005,0.3,730860,727352,0,46.3,,2026-09-25
1944,RBLX,Communication Services,Electronic Gaming & Multimedia,NYSE,10358436,48.99,70.8,10,15,-65.5,,,,,,,20,10,15,16,,0,0,0,0,0,0,34161457280.609764,714375941.0,0.036199998,0.359,10246450,12179142,0,13.7,,2026-09-25
1945,KEP,Utilities,Utilities - Regulated Electric,NYSE,1045526,10.89,70.79,6,12,-53.48,,,,,,,20,14,20,74,,0,0,0,0,0,0,14136049269.407831,1283928154.0,0.0041,-0.001,999900,1078304,0,36.0,,2026-09-25
1946,SGI,Consumer Cyclical,"Furnishings, Fixtures & Appliances",NYSE,3648003,62.87,70.76,0,29,-36.21,,,,,,,20,20,49,42,,0,0,0,0,0,0,13328757638.156906,210365491.0,0.08939999,-0.03,3433590,3227304,0,37.0,,2026-09-25
1947,CDNL,Industrials,Engineering & Construction,NASDAQ,784596,28.68,70.69,-59,-40,-70.25,,,,,,,20,79,98,93,,0,0,1,0,0,1,630631207.8443718,20428610.0,0.1347,1.139,625080,698762,2,90.0,,2026-09-25
1948,STAA,Healthcare,Medical Instruments & Supplies,NASDAQ,1059843,19.8,70.67,-2,62,-44.8,,,,,,,20,22,86,33,,0,0,0,0,0,0,1043997731.5772704,50143984.0,0.17729999,1.11,1307350,1059910,0,47.0,,2026-09-25
1949,TLN,Utilities,Utilities - Independent Power Producers,NASDAQ,837033,300.34,70.65,1,49,-33.45,,,,,,,20,19,67,59,,0,0,0,0,0,0,14005337320.809143,47914259.0,0.056900002,1.112,820370,799560,0,48.3,,2026-09-25
1950,GILT,Technology,Communication Equipment,NASDAQ,541470,9.98,70.6,4,35,-52.32,,,,,,,20,16,47,92,,0,0,0,0,0,0,756431208.2324142,77029657.0,0.0339,0.169,526150,564168,1,51.7,,2026-09-25
1951,DKNG,Consumer Cyclical,Gambling,NASDAQ,10517886,21.25,70.57,-7,-9,-51.94,,,,,,,20,27,25,14,,0,0,0,0,0,0,10797875544.0,496454048.0,0.0789,-0.046,13456710,12026594,0,22.0,,2026-09-25
1952,FND,Consumer Cyclical,Home Improvement Retail,NYSE,2340516,47.39,70.57,-8,-2,-43.51,,,,,,,20,28,34,19,,0,0,0,0,0,0,5034845415.207367,106489965.0,0.1333,0.03,2689480,2457796,0,27.0,,2026-09-25
1953,COO,Healthcare,Medical Instruments & Supplies,NASDAQ,3537050,56.07,70.48,-38,-60,-37.58,,,,,,,20,58,36,36,,0,0,0,0,0,0,10513686379.352371,190155294.0,0.0529,0.006,7262350,2910414,0,43.3,,2026-09-25
1954,AMRC,Industrials,Engineering & Construction,NYSE,704800,22.73,70.34,8,50,-49.41,,,,,,,20,12,54,81,,0,0,0,0,0,0,1260322511.25,53066211.0,0.1839,0.091,659140,704364,0,49.0,,2026-09-25
1955,TBBK,Financial Services,Banks - Regional,NASDAQ,510123,49.54,70.32,-43,-58,-39.33,,,,,,,20,63,48,29,,0,0,0,0,0,0,2048721397.3992803,40786809.0,0.1224,0.004,987840,486846,0,46.7,,2026-09-25
1956,PSN,Technology,Information Technology Services,NYSE,1097706,43.82,70.28,5,10,-51.04,,,,,,,20,15,20,26,,0,0,0,0,0,0,4787017726.48558,106805394.0,0.1462,-0.005,1231630,1460394,0,20.3,,2026-09-25
1957,ONT,Industrials,Waste Management,NYSE,606750,17.02,70.17,4,11,-44.92,,,,,,,20,16,23,52,,0,0,0,0,0,0,635976570.0739746,35117424.0,0.121700004,-0.204,521350,666748,0,30.3,,2026-09-25
1958,MATW,Industrials,Conglomerates,NASDAQ,1030066,19.71,70.12,-1,37,-36.28,,,,,,,20,21,59,65,,0,0,0,0,0,0,639245768.7517433,31213173.0,0.1855,-0.296,1487380,780484,0,48.3,,2026-09-25
1959,REAL,Consumer Cyclical,Luxury Goods,NASDAQ,2594053,9.15,70.0,-45,-24,-47.39,,,,,,,20,65,86,69,,0,0,0,0,0,0,1149792013.5430765,121671115.0,0.1529,0.166,2338550,2954494,0,73.3,,2026-09-25
1960,RGTI,Technology,Computer Hardware,NASDAQ,16859350,16.0,69.99,-1,52,-72.48,,,,,,,20,21,74,33,,0,0,0,0,0,0,5260195529.113604,333768747.0,0.17719999,1.853,16469730,18820966,0,42.7,,2026-09-25
1961,ROAD,Industrials,Engineering & Construction,NASDAQ,560650,93.44,69.64,-10,16,-38.12,,,,,,,19,29,55,69,,0,0,0,0,0,0,5353751607.072525,56755555.0,0.0743,0.282,535580,902690,0,51.0,,2026-09-25
1962,AORT,Healthcare,Medical Devices,NYSE,694280,23.53,69.51,-3,-15,-51.23,,,,,,,19,22,10,58,,0,0,0,0,0,0,1138457778.9490223,48756221.0,0.0721,0.113,758790,677962,0,30.0,,2026-09-25
1963,RBA,Industrials,Specialty Business Services,NYSE,1996343,82.83,69.45,0,43,-30.59,,,,,,,19,19,62,36,,0,0,0,0,0,0,15408639434.814451,185200000.0,0.105399996,0.111,2025180,1784110,0,39.0,,2026-09-25
1964,BV,Industrials,Specialty Business Services,NYSE,899610,10.14,69.43,-2,39,-32.4,,,,,,,19,21,62,31,,0,0,0,0,0,0,986189964.6759032,92600000.0,0.30200002,0.013,1007030,1080432,0,38.0,,2026-09-25
1965,WB,Communication Services,Internet Content & Information,NASDAQ,1269290,6.56,69.41,2,4,-49.38,,,,,,,19,17,19,32,,0,0,0,0,0,0,1606698611.508335,245672572.0,0.1745,0.02,1082120,1066854,0,22.7,,2026-09-25
1966,HDSN,Basic Materials,Specialty Chemicals,NASDAQ,601130,5.14,69.36,-4,-8,-48.91,,,,,,,19,23,19,24,,0,0,0,0,0,0,217597791.2011013,42088547.0,0.0761,0.075,454110,546582,0,22.0,,2026-09-25
1967,RH,Consumer Cyclical,Specialty Retail,NYSE,777660,124.59,69.28,-5,5,-47.96,,,,,,,19,24,34,18,,0,0,0,0,0,0,2395801957.193825,18933159.0,0.5211,0.026,1089250,774210,0,25.3,,2026-09-25
1968,CLBT,Technology,Software - Infrastructure,NASDAQ,4510643,11.5,69.28,0,6,-42.44,,,,,,,19,19,25,23,,0,0,0,0,0,0,2920583088.4362984,251341060.0,0.0586,0.158,2926840,3141640,0,22.3,,2026-09-25
1969,FWRG,Consumer Cyclical,Restaurants,NASDAQ,1117053,10.2,69.22,-16,-18,-45.81,,,,,,,19,35,33,15,,0,0,0,0,0,0,628232607.1331406,61712435.0,0.123500004,0.152,1414720,1135296,0,27.7,,2026-09-25
1970,NXRT,Real Estate,REIT - Residential,NYSE,581036,20.74,69.19,-3,25,-37.79,,,,,,,19,22,50,24,,0,0,0,0,0,0,537568088.9115524,25549813.0,0.108100004,0.024,994950,456284,0,32.0,,2026-09-25
1971,PL,Industrials,Aerospace & Defense,NYSE,9399143,16.38,69.16,-66,-55,-68.35,,,,,,,19,85,96,99,,0,0,0,1,0,1,5974384007.139399,363847989.0,0.0967,0.581,9591390,8575660,2,93.3,,2026-09-25
1972,PHR,Healthcare,Health Information Services,NYSE,785903,9.68,69.15,-9,-26,-61.28,,,,,,,19,28,11,5,,0,0,0,0,0,0,623192275.3921814,62070944.0,0.058000002,0.104,765020,764742,0,14.7,,2026-09-25
1973,BIDU,Communication Services,Internet Content & Information,NASDAQ,3132796,89.78,69.01,0,12,-45.69,,,,,,,19,19,31,51,,0,0,0,0,0,0,30666001953.814507,340998575.0,0.0402,-0.042,2347570,2707240,0,33.7,,2026-09-25
1974,ALMU,Technology,Semiconductors,NASDAQ,588016,13.18,69.0,4,73,-58.54,,,,,,,19,15,84,45,,0,0,0,0,0,0,245155670.82427025,19265671.0,0.2775,-0.558,872050,564968,0,48.0,,2026-09-25
1975,INTR,Financial Services,Banks - Regional,NASDAQ,4416993,5.24,68.93,3,-1,-49.42,,,,,,,19,16,12,65,,0,0,0,0,0,0,2362097033.093994,441513472.0,0.033,0.238,4040380,4751348,0,31.0,,2026-09-25
1976,CPRI,Consumer Cyclical,Luxury Goods,NYSE,5332393,15.43,68.89,7,40,-45.42,,,,,,,19,12,45,28,,0,0,0,0,0,0,1693242563.5,114796106.0,0.103,-0.035,7404980,4744798,0,28.3,,2026-09-25
1977,PWP,Financial Services,Capital Markets,NASDAQ,1143256,13.39,68.88,-4,0,-48.35,,,,,,,19,23,27,43,,0,0,0,0,0,0,1001950977.6691818,77311032.0,0.1398,0.008,1730770,1191410,0,31.0,,2026-09-25
1978,REZI,Industrials,Industrial Distribution,NYSE,2749736,18.68,68.84,-5,4,-40.73,,,,,,,19,24,33,78,,0,0,0,0,0,0,2789436461.295391,151847378.0,0.0797,0.02,2607680,2577431,0,45.0,,2026-09-25
1979,BL,Technology,Software - Application,NASDAQ,995176,28.13,68.79,-5,-19,-52.78,,,,,,,19,24,10,17,,0,0,0,0,0,0,1635645062.3231506,58125270.0,0.1508,0.092,899110,1019344,0,17.0,,2026-09-25
1980,OLN,Basic Materials,Chemicals,NYSE,2610500,16.77,68.75,2,14,-44.94,,,,,,,19,17,29,85,,0,0,0,0,0,0,1919465148.992348,113982490.0,0.1176,-0.009,2581560,2926352,0,43.7,,2026-09-25
1981,MTZ,Industrials,Engineering & Construction,NYSE,1563496,217.52,68.71,-18,37,-50.72,,,,,,,19,37,92,95,,0,0,0,0,0,0,17215775144.354004,80304948.0,0.0837,0.234,1566300,1558982,2,74.7,,2026-09-25
1982,RTO,Industrials,Specialty Business Services,NYSE,1473546,21.41,68.65,-4,26,-38.25,,,,,,,18,22,52,79,,0,0,0,0,0,0,10744344500.923868,503247977.0,0.0053,0.067,1540040,1531012,0,51.0,,2026-09-25
1983,GRML,Basic Materials,Other Precious Metals & Mining,NASDAQ,13102988,11.19,68.52,13,22,-69.76,,,,,,,18,5,14,63,,0,0,0,0,0,0,9054486.74701643,3177013.0,0.2199,,37879100,7935072,0,27.3,,2026-09-25
1984,AS,Consumer Cyclical,Leisure,NYSE,8211986,26.9,68.42,-3,12,-37.09,,,,,,,18,21,36,41,,0,0,0,0,0,0,15552102435.183014,581822024.0,0.0757,0.321,7906340,6613194,0,32.7,,2026-09-25
1985,XENE,Healthcare,Biotechnology,NASDAQ,1459200,36.56,68.35,-66,-66,-49.68,,,,,,,18,84,84,91,,0,0,0,0,0,0,3849407172.0,96840432.0,0.0656,,3047430,1160680,1,86.3,,2026-09-25
1986,PCG,Utilities,Utilities - Regulated Electric,NYSE,47953013,12.41,68.34,-46,-54,-35.23,,,,,,,18,64,56,72,,0,0,0,0,0,0,39631242586.54396,3002366906.0,0.0,0.001,38232080,38548862,0,64.0,,2026-09-25
1987,RGNX,Healthcare,Biotechnology,NASDAQ,1328470,7.5,68.32,-32,-19,-53.68,,,,,,,18,50,63,29,,0,0,0,0,0,0,530085914.132576,66013192.0,0.12020001,4.057,1453670,1469032,0,47.3,,2026-09-25
1988,CCL,Consumer Cyclical,Travel Services,NYSE,20043253,21.8,68.31,-9,20,-35.94,,,,,,,18,27,56,46,,0,0,0,0,0,0,29913136967.95187,1369649119.0,0.033800002,0.053,23246830,19605142,0,43.0,,2026-09-25
1989,CHWY,Consumer Cyclical,Internet Retail,NYSE,8828896,18.55,68.19,-10,-29,-54.25,,,,,,,18,28,9,21,,0,0,0,0,0,0,8287740211.690771,401927249.0,0.104499996,0.073,11396120,8296058,0,19.3,,2026-09-25
1990,ONON,Consumer Cyclical,Footwear & Accessories,NYSE,10425136,30.16,68.04,6,20,-40.96,,,,,,,18,12,26,22,,0,0,0,0,0,0,9110692880.275677,334214703.0,0.0913,0.135,14684910,8767490,0,20.0,,2026-09-25
1991,OLED,Technology,Electronic Components,NASDAQ,798556,76.71,67.94,-1,-3,-49.99,,,,,,,18,19,17,17,,0,0,0,0,0,0,3599203320.779648,45966835.0,0.0896,-0.114,967690,777572,0,17.7,,2026-09-25
1992,SFM,Consumer Defensive,Grocery Stores,NASDAQ,1721130,66.07,67.89,-15,-23,-45.42,,,,,,,18,33,25,20,,0,0,0,0,0,0,6600999459.12075,93247625.0,0.1511,0.047,2047220,1891702,0,26.0,,2026-09-25
1993,SITE,Industrials,Industrial Distribution,NYSE,863493,93.77,67.84,3,16,-44.37,,,,,,,18,15,28,63,,0,0,0,0,0,0,3949503186.590271,43655390.0,0.0797,0.047,1263970,898232,0,35.3,,2026-09-25
1994,DY,Industrials,Engineering & Construction,NYSE,695370,280.94,67.81,-38,-4,-50.41,,,,,,,18,56,90,85,,0,0,0,0,0,0,8800966884.424255,30160957.0,0.0618,0.456,700590,590814,1,77.0,,2026-09-25
1995,CRH,Basic Materials,Building Materials,NYSE,4495880,85.23,67.8,-6,24,-35.21,,,,,,,18,24,54,44,,0,0,0,0,0,0,57314261637.7936,665284511.0,0.0217,0.056,4751430,4488266,0,40.7,,2026-09-25
1996,ENOV,Healthcare,Medical Devices,NYSE,1618083,18.24,67.78,-17,-28,-46.79,,,,,,,18,35,24,21,,0,0,0,0,0,0,1040357724.5579988,57669494.0,0.188,0.032,2272780,1458088,0,26.7,,2026-09-25
1997,ACI,Consumer Defensive,Grocery Stores,NYSE,7129600,11.7,67.76,3,5,-41.5,,,,,,,18,15,17,36,,0,0,0,0,0,0,5993772370.187056,485325683.0,0.16610001,0.002,9482280,8543366,0,22.7,,2026-09-25
1998,GT,Consumer Cyclical,Auto Parts,NASDAQ,9122936,5.34,67.72,-2,3,-49.72,,,,,,,18,20,25,21,,0,0,0,0,0,0,1453888676.7623262,287898737.0,0.1735,-0.048,11282310,9130180,0,22.0,,2026-09-25
1999,ETOR,Financial Services,Capital Markets,NASDAQ,1422400,27.18,67.63,1,42,-41.27,,,,,,,18,17,58,18,,0,0,0,0,0,0,2233120681.1325645,79527090.0,0.0546,-0.246,1098450,1129994,0,31.0,,2026-09-25
2000,EBS,Healthcare,Drug Manufacturers - Specialty & Generic,NYSE,1261773,6.67,67.62,10,42,-52.56,,,,,,,18,8,40,62,,0,0,0,0,0,0,348658694.57961273,51273336.0,0.2148,0.663,1400330,1202604,0,36.7,,2026-09-25
2001,RCL,Consumer Cyclical,Travel Services,NYSE,2249543,230.3,67.56,-24,-5,-35.38,,,,,,,18,42,61,60,,0,0,0,0,0,0,65742396115.08081,267452084.0,0.06,0.065,3331170,2260358,0,54.3,,2026-09-25
2002,HGV,Consumer Cyclical,Resorts & Casinos,NYSE,1030303,35.6,67.53,-19,25,-35.74,,,,,,,18,37,81,37,,0,0,0,0,0,0,2766202332.409764,77724145.0,0.1531,0.062,1219280,1100408,0,51.7,,2026-09-25
2003,SDOT,Consumer Defensive,Farm Products,NASDAQ,1927160,11.09,67.52,-81,-175,-95.74,,,,,,,18,99,5,11,,0,1,0,0,0,1,16352266.387016296,1454828.0,0.0844,,102050,1894634,1,38.3,,2026-09-25
2004,FUBO,Communication Services,Broadcasting,NYSE,1373293,9.63,67.33,3,-3,-83.0,,,,,,,17,14,8,2,,0,0,0,0,0,0,303250939.9277983,30204277.0,0.2282,0.38,1426360,1451868,0,8.0,,2026-09-25
2005,DECK,Consumer Cyclical,Footwear & Accessories,NYSE,3113506,78.59,67.24,-7,19,-35.73,,,,,,,17,24,50,39,,0,0,0,0,0,0,10680743086.069405,136181857.0,0.0735,0.057,3880170,2790960,0,37.7,,2026-09-25
2006,RKT,Financial Services,Mortgage Finance,NYSE,28737983,12.15,67.22,-7,5,-50.12,,,,,,,17,24,36,31,,0,0,0,0,0,0,34800885246.07141,2831642421.0,0.0577,0.919,39283700,29424632,0,30.3,,2026-09-25
2007,POOL,Industrials,Industrial Distribution,NASDAQ,701680,166.61,67.18,-7,-5,-47.28,,,,,,,17,24,26,21,,0,0,0,0,0,0,6103792110.106949,36340747.0,0.11270001,0.022,936570,787212,0,23.7,,2026-09-25
2008,SHOE,Consumer Cyclical,Apparel Retail,NASDAQ,1151883,13.11,67.13,-6,-2,-42.4,,,,,,,17,23,27,26,,0,0,0,0,0,0,355292453.754158,27183815.0,0.39490002,-0.072,1894480,1000750,0,25.3,,2026-09-25
2009,SOUN,Technology,Software - Application,NASDAQ,22890746,6.01,66.93,1,1,-72.89,,,,,,,17,16,16,14,,0,0,0,0,0,0,2633585038.493095,444112161.0,0.3845,0.45,19108080,29678754,0,15.3,,2026-09-25
2010,LVS,Consumer Cyclical,Resorts & Casinos,NYSE,5138230,39.19,66.89,-7,-4,-44.37,,,,,,,17,24,27,62,,0,0,0,0,0,0,25895093039.825928,647701184.0,0.13939999,-0.007,6351700,5433148,0,37.7,,2026-09-25
2011,CSIQ,Technology,Solar,NASDAQ,1879266,11.34,66.82,-3,33,-67.22,,,,,,,17,20,56,53,,0,0,0,0,0,0,774022912.6994457,67896749.0,0.33,-0.287,1792900,1957794,0,43.0,,2026-09-25
2012,LEGN,Healthcare,Biotechnology,NASDAQ,2230100,18.45,66.74,0,59,-50.8,,,,,,,17,17,76,15,,0,0,0,0,0,0,3424941071.636307,194488413.0,0.20030001,0.519,2783920,2468670,0,36.0,,2026-09-25
2013,CALX,Technology,Software - Infrastructure,NYSE,922076,34.54,66.66,-3,-11,-51.5,,,,,,,17,20,12,46,,0,0,0,0,0,0,2218851078.042965,62963989.0,0.1037,0.213,1151990,1119866,0,26.0,,2026-09-25
2014,LINC,Consumer Defensive,Education & Training Services,NASDAQ,958693,24.09,66.61,-4,68,-57.24,,,,,,,17,21,93,95,,0,0,0,0,0,0,804773948.8517246,31721479.0,0.0783,0.224,717290,934342,2,69.7,,2026-09-25
2015,INTU,Technology,Software - Application,NASDAQ,3911776,286.8,66.58,-11,-33,-59.32,,,,,,,17,28,6,14,,0,0,0,0,0,0,81023283492.43164,267236000.0,0.0342,0.137,3465370,3892402,0,16.0,,2026-09-25
2016,QBTS,Technology,Computer Hardware,NASDAQ,15710206,16.81,66.51,-11,47,-64.04,,,,,,,17,28,86,30,,0,0,0,0,0,0,6495411836.785706,379626628.0,0.2185,-0.006,15987500,17094912,0,48.0,,2026-09-25
2017,LI,Consumer Cyclical,Auto Manufacturers,NASDAQ,2917860,11.7,66.33,4,0,-56.83,,,,,,,17,13,9,27,,0,0,0,0,0,0,11864112437.740562,977274473.0,0.0557,-0.151,3106730,3191996,0,16.3,,2026-09-25
2018,UUUU,Energy,Uranium,NYSE ARCA,6841643,11.6,66.26,-31,-5,-58.42,,,,,,,17,48,74,97,,0,0,0,0,0,0,3097850741.898449,264773572.0,0.2062,4.961,7969830,7072308,1,73.0,,2026-09-25
2019,COUR,Consumer Defensive,Education & Training Services,NYSE,4499006,5.12,66.19,-9,-16,-58.44,,,,,,,17,26,19,20,,0,0,0,0,0,0,1443247494.356285,286358632.0,0.0853,0.596,5034080,5642640,0,21.7,,2026-09-25
2020,PSQL,Technology,Computer Hardware,NASDAQ,894226,7.47,66.19,-29,-28,-69.74,,,,,,,17,46,47,51,,0,0,0,0,0,0,1621923770.8957343,212293691.0,0.05,,529350,601676,0,48.0,,2026-09-25
2021,TME,Communication Services,Internet Content & Information,NYSE,10482296,8.22,66.18,5,3,-67.17,,,,,,,17,12,10,9,,0,0,0,0,0,0,12646977494.703629,1629765093.0,0.0577,0.058,7435090,9002388,0,10.3,,2026-09-25
2022,PICS,Technology,Software - Infrastructure,NASDAQ,573770,9.3,66.17,1,1,-53.38,,,,,,,17,16,16,10,,0,0,0,0,0,0,1202572364.4363928,129587543.0,0.0363,0.67,337510,436368,0,14.0,,2026-09-25
2023,KTOS,Industrials,Aerospace & Defense,NASDAQ,3497136,46.16,66.16,-1,-4,-65.55,,,,,,,17,18,15,83,,0,0,0,0,0,0,8909254007.555992,187721327.0,0.059499998,0.305,4084560,3715726,0,38.7,,2026-09-25
2024,LIF,Technology,Software - Application,NASDAQ,879100,40.75,66.11,-5,9,-63.79,,,,,,,16,21,35,15,,0,0,0,0,0,0,3228252132.7495766,81480369.0,0.1279,0.378,652670,769634,0,23.7,,2026-09-25
2025,BWXT,Industrials,Aerospace & Defense,NYSE,1089353,141.81,66.11,-2,40,-41.36,,,,,,,16,18,60,87,,0,0,0,0,0,0,13516074881.05133,91621980.0,0.040999997,0.18,1080730,1029728,0,55.0,,2026-09-25
2026,BIRK,Consumer Cyclical,Footwear & Accessories,NYSE,3046743,31.42,65.81,-3,36,-38.06,,,,,,,16,19,58,26,,0,0,0,0,0,0,5046256706.053093,165126204.0,0.1541,0.133,2370960,2409144,0,34.3,,2026-09-25
2027,CTRI,Utilities,Utilities - Regulated Gas,NYSE,1561783,20.17,65.81,-4,47,-53.08,,,,,,,16,20,71,86,,0,0,0,0,0,0,1953635114.064348,100963053.0,0.045300003,0.329,1853980,1838092,0,59.0,,2026-09-25
2028,WYNN,Consumer Cyclical,Resorts & Casinos,NASDAQ,1770290,81.45,65.76,-13,-10,-39.54,,,,,,,16,29,32,39,,0,0,0,0,0,0,8410907448.305138,102973891.0,0.103,0.069,2274020,1690094,0,33.3,,2026-09-25
2029,CAVA,Consumer Cyclical,Restaurants,NYSE,3593993,53.1,65.75,-45,-38,-46.25,,,,,,,16,61,68,78,,0,0,0,0,0,0,6031871993.427155,116806198.0,0.1193,0.313,4552530,3537362,0,69.0,,2026-09-25
2030,TTI,Energy,Oil & Gas Equipment & Services,NYSE,1893080,5.97,65.64,-7,62,-52.39,,,,,,,16,23,92,93,,0,0,0,0,0,0,900282485.0229435,148072779.0,0.0688,0.068,1964150,1858676,2,69.3,,2026-09-25
2031,NKE,Consumer Cyclical,Footwear & Accessories,NYSE,31122440,36.05,65.45,3,3,-53.16,,,,,,,16,13,13,16,,0,0,0,0,0,0,52679036453.52669,1483498703.0,0.0792,-0.011,35252920,26415648,0,14.0,,2026-09-25
2032,EYE,Consumer Cyclical,Specialty Retail,NASDAQ,2425650,16.36,65.32,-7,-15,-45.5,,,,,,,16,23,15,77,,0,0,0,0,0,0,1334294656.875,79069313.0,0.2523,0.025,2565230,2175386,0,38.3,,2026-09-25
2033,FIS,Technology,Information Technology Services,NYSE,5666170,34.67,65.23,-4,-12,-49.86,,,,,,,16,20,12,16,,0,0,0,0,0,0,18369444212.706654,515705917.0,0.0382,0.291,6340020,6119126,0,16.0,,2026-09-25
2034,TCOM,Consumer Cyclical,Travel Services,NASDAQ,3408656,40.63,65.21,-5,-13,-48.56,,,,,,,16,21,13,20,,0,0,0,0,0,0,25616408623.130783,629705222.0,0.0197,0.055,5250140,3291814,0,18.0,,2026-09-25
2035,ALNY,Healthcare,Biotechnology,NASDAQ,1642933,246.51,65.15,4,13,-50.26,,,,,,,16,12,21,37,,0,0,0,0,0,0,32055311981.397583,133809118.0,0.0631,0.669,1465140,1866572,0,23.3,,2026-09-25
2036,NAMS,Healthcare,Biotechnology,NASDAQ,1500390,22.68,65.13,-3,51,-46.26,,,,,,,16,19,73,82,,0,0,0,0,0,0,2629170460.9528027,116903979.0,0.1311,-0.807,2087540,1319930,0,58.0,,2026-09-25
2037,HE,Utilities,Utilities - Regulated Electric,NYSE,2537466,9.22,65.05,-7,27,-46.95,,,,,,,16,23,57,83,,0,0,0,0,0,0,1692734472.1452522,172728004.0,0.141,0.259,3173150,2240498,0,54.3,,2026-09-25
2038,BILI,Communication Services,Internet Content & Information,NASDAQ,3513756,15.01,65.03,0,-2,-58.76,,,,,,,16,16,14,43,,0,0,0,0,0,0,6137759837.761099,411930201.0,0.075500004,0.082,3299240,2961496,0,24.3,,2026-09-25
2039,LEU,Energy,Uranium,NYSE,692890,151.31,64.85,-9,-16,-67.41,,,,,,,16,25,18,74,,0,0,0,0,0,0,2970404787.454895,20453108.0,0.2854,0.14,911660,703128,0,39.0,,2026-09-25
2040,PAR,Technology,Software - Application,NYSE,915183,14.68,64.74,-13,-25,-65.75,,,,,,,15,28,16,3,,0,0,0,0,0,0,630781297.0,41362708.0,0.2575,0.187,1058690,905144,0,15.7,,2026-09-25
2041,EQPT,Industrials,Rental & Leasing Services,NASDAQ,2756096,18.08,64.63,2,7,-49.07,,,,,,,15,13,18,14,,0,0,0,0,0,0,4568368786.869467,253375963.0,0.108100004,0.263,3501870,2991458,0,15.0,,2026-09-25
2042,MBC,Consumer Cyclical,"Furnishings, Fixtures & Appliances",NYSE,2381063,7.21,64.61,-17,-14,-48.33,,,,,,,15,32,35,18,,0,0,0,0,0,0,1347107020.5123615,203490490.0,0.0924,0.115,3942790,2229388,0,28.3,,2026-09-25
2043,BXMT,Real Estate,REIT - Mortgage,NYSE,2254023,12.57,64.56,-3,11,-39.19,,,,,,,15,18,32,61,,0,0,0,0,0,0,2236573529.723133,168543591.0,0.0871,-0.731,2917120,2359434,0,37.0,,2026-09-25
2044,OLMA,Healthcare,Biotechnology,NASDAQ,1134920,8.83,64.53,-7,39,-75.65,,,,,,,15,22,68,96,,0,0,0,0,0,0,859226474.0378494,87497607.0,0.2174,,1465650,1028128,1,62.0,,2026-09-25
2045,BSX,Healthcare,Medical Devices,NYSE,20961346,44.62,64.4,3,-3,-57.77,,,,,,,15,12,6,14,,0,0,0,0,0,0,62809607877.97488,1449229526.0,0.033299997,0.075,23805860,20748846,0,10.7,,2026-09-25
2046,ACM,Industrials,Engineering & Construction,NYSE,2317163,61.45,64.17,0,-1,-54.66,,,,,,,15,15,14,26,,0,0,0,0,0,0,7977891601.762676,128696425.0,0.056399997,-0.142,1516510,2020818,0,18.3,,2026-09-25
2047,ZTS,Healthcare,Drug Manufacturers - Specialty & Generic,NYSE,4885043,71.61,64.06,0,-6,-51.87,,,,,,,15,15,9,28,,0,0,0,0,0,0,29504165813.329178,413223602.0,0.053200003,-0.002,5021930,5735076,0,17.3,,2026-09-25
2048,BOOT,Consumer Cyclical,Apparel Retail,NYSE,650756,124.49,63.82,-14,14,-40.79,,,,,,,15,29,57,42,,0,0,0,0,0,0,3722612969.0267935,30284844.0,0.119799994,0.177,826060,695244,0,42.7,,2026-09-25
2049,GPGI,Industrials,Metal Fabrication,NYSE,1636286,12.04,63.81,-4,2,-55.04,,,,,,,15,19,25,66,,0,0,0,0,0,0,3472883049.658852,289890082.0,0.1874,,1454170,1495478,0,36.7,,2026-09-25
2050,AMRZ,Basic Materials,Building Materials,NYSE,4133340,37.9,63.78,-8,25,-42.52,,,,,,,15,23,56,66,,0,0,0,0,0,0,20531589176.485386,546925644.0,0.016900001,0.086,4328150,3813222,0,48.3,,2026-09-25
2051,UPWK,Communication Services,Internet Content & Information,NASDAQ,3276023,8.18,63.61,0,-6,-64.19,,,,,,,15,15,9,16,,0,0,0,0,0,0,1042943145.3968524,124903365.0,0.23709999,-0.017,2794370,3386894,0,13.3,,2026-09-25
2052,AMSF,Financial Services,Insurance - Specialty,NASDAQ,544136,24.37,63.57,-1,12,-45.43,,,,,,,15,16,29,26,,0,0,0,0,0,0,456357763.51607895,18536058.0,0.0596,0.134,753860,433300,0,23.7,,2026-09-25
2053,LULU,Consumer Cyclical,Apparel Retail,NASDAQ,6429516,102.28,63.56,-1,-6,-54.74,,,,,,,15,16,11,20,,0,0,0,0,0,0,10856224781.211851,110710025.0,0.1278,-0.043,5576150,4809032,0,15.7,,2026-09-25
2054,FOUR,Technology,Software - Infrastructure,NYSE,1971996,38.46,63.2,-9,-14,-55.81,,,,,,,14,23,18,11,,0,0,0,0,0,0,3077865441.454925,78960120.0,0.1761,0.341,2209440,1782612,0,17.3,,2026-09-25
2055,LMND,Financial Services,Insurance - Property & Casualty,NYSE,986596,44.36,62.99,-15,3,-55.6,,,,,,,14,29,47,82,,0,0,0,0,0,0,3644606612.159786,77396615.0,0.1438,0.794,1103440,1242052,0,52.7,,2026-09-25
2056,EIKN,Healthcare,Biotechnology,NASDAQ,621476,8.13,62.95,-11,-8,-53.28,,,,,,,14,25,28,19,,0,0,0,0,0,0,484777008.1688404,54165030.0,0.1295,,904740,492040,0,24.0,,2026-09-25
2057,TU,Communication Services,Telecom Services,NYSE,5973756,8.5,62.76,-2,3,-46.61,,,,,,,14,16,21,36,,0,0,0,0,0,0,13781250000.0,1575000000.0,8.78,-0.022,7095980,7528540,0,24.3,,2026-09-25
2058,PRCT,Healthcare,Medical Devices,NASDAQ,1106713,18.09,62.65,0,-2,-54.76,,,,,,,14,14,12,14,,0,0,0,0,0,0,1098533645.7743683,56918844.0,0.1302,0.193,1296520,1450162,0,13.3,,2026-09-25
2059,SRAD,Technology,Software - Application,NASDAQ,2029463,13.17,62.52,-2,-6,-57.76,,,,,,,14,16,12,17,,0,0,0,0,0,0,3586934109.57102,295951662.0,0.1288,0.189,2378260,2422996,0,15.0,,2026-09-25
2060,FMC,Basic Materials,Agricultural Inputs,NYSE,3203303,9.9,62.49,-2,-9,-72.64,,,,,,,14,16,9,23,,0,0,0,0,0,0,1263538824.6180992,125226839.0,0.3123,-0.175,3737020,3498076,0,16.0,,2026-09-25
2061,PONY,Technology,Information Technology Services,NASDAQ,3864606,7.26,62.3,2,-3,-70.87,,,,,,,14,12,7,18,,0,0,0,0,0,0,2956184575.5029607,434413615.0,0.066300005,0.688,3699170,3691996,0,12.3,,2026-09-25
2062,PATK,Consumer Cyclical,Recreational Vehicles,NASDAQ,506626,69.18,62.24,-6,3,-53.41,,,,,,,14,20,29,71,,0,0,0,0,0,0,2206845890.034851,32118264.0,0.1933,-0.006,723830,534374,0,40.0,,2026-09-25
2063,CPNG,Consumer Cyclical,Internet Retail,NYSE,15304423,14.28,61.68,-7,-11,-56.92,,,,,,,14,21,17,20,,0,0,0,0,0,0,25686442153.01037,1797511702.0,0.0558,0.039,16880390,17637508,0,19.3,,2026-09-25
2064,SVC,Real Estate,REIT - Hotel & Motel,NASDAQ,1504686,6.55,61.44,-7,-5,-54.83,,,,,,,14,21,23,14,,0,0,0,0,0,0,839221484.7101974,129509488.0,0.0394,-0.164,1706540,1618028,0,19.3,,2026-09-25
2065,GOOS,Consumer Cyclical,Apparel Manufacturing,NYSE,820296,7.52,61.21,-3,2,-48.81,,,,,,,13,16,21,42,,0,0,0,0,0,0,728548146.8654566,97660609.0,0.1181,0.103,981590,825396,0,26.3,,2026-09-25
2066,PFSI,Financial Services,Mortgage Finance,NYSE,515020,65.61,61.07,-4,1,-59.09,,,,,,,13,17,22,22,,0,0,0,0,0,0,3447506349.628723,51951572.0,0.0991,0.018,626080,589192,0,20.3,,2026-09-25
2067,ZG,Communication Services,Internet Content & Information,NASDAQ,955330,29.35,60.71,-5,-15,-64.0,,,,,,,13,18,8,12,,0,0,0,0,0,0,6802467358.5,224874954.0,0.19309999,0.179,994760,1132976,0,12.7,,2026-09-25
2068,YELP,Communication Services,Internet Content & Information,NYSE,1188620,17.73,60.63,-20,-31,-48.59,0.0,0.0,-12.9,-17.0,-25.3,-29.9,13,33,22,22,6.2,0,0,0,0,0,0,1065194834.6901568,54263621.0,0.2798,0.014,1451140,1133138,0,20.8,16.7,2026-09-25
2069,ALMS,Healthcare,Biotechnology,NASDAQ,3569680,7.44,60.54,-85,-84,-76.27,,,,,,,13,98,99,99,,0,1,1,1,0,3,1005711804.5612189,129435239.0,0.0727,-0.377,3989540,2535054,3,98.7,,2026-09-25
2070,OPFI,Financial Services,Credit Services,NYSE,1215856,6.28,59.96,-5,6,-49.56,0.0,0.0,-12.1,-12.3,-21.8,-29.3,13,18,29,19,6.1,0,0,0,0,0,0,556409870.7874017,85208247.0,0.0379,-0.139,1251680,917860,0,18.0,4.7,2026-09-25
2071,NRG,Utilities,Utilities - Independent Power Producers,NYSE,2623073,100.72,59.94,-2,15,-46.98,0.0,0.0,-6.4,-9.0,-16.2,-29.8,13,15,32,61,7.2,0,0,0,0,0,0,21790419437.59378,210210483.0,0.0381,0.11,2955890,2887754,0,28.8,-7.0,2026-09-25
2072,CSGP,Real Estate,Real Estate Services,NASDAQ,6729570,28.26,59.91,-1,-8,-67.51,4.1,1.9,-5.4,-8.2,-7.2,-32.1,13,14,7,9,2.4,0,0,0,0,0,0,11787197896.748243,405197588.0,0.047,0.184,6981170,7318848,0,8.1,7.5,2026-09-25
2073,WSHP,Communication Services,Internet Content & Information,NASDAQ,525980,5.78,59.77,9,17,-97.69,28.2,0.6,6.4,8.4,13.3,-78.3,13,4,12,1,,0,0,0,0,0,0,63624030.178620815,11717133.0,0.2631,-0.807,77610,342674,0,5.7,,2026-09-25
2074,FLO,Consumer Defensive,Packaged Foods,NYSE,7590510,5.81,59.76,-5,-4,-56.25,0.0,0.0,-4.0,-9.4,-18.4,-33.1,12,17,18,14,4.3,0,0,0,0,0,0,1259621075.0540228,212057418.0,0.229,,8505600,6545324,0,13.3,6.8,2026-09-25
2075,PODD,Healthcare,Medical Devices,NASDAQ,1656060,136.49,59.54,0,-2,-61.54,3.4,2.1,-1.2,-3.9,-8.8,-31.7,12,12,10,20,3.9,0,0,0,0,0,0,9751200802.704435,69354199.0,0.072399996,0.235,1692040,1701220,0,11.5,2.7,2026-09-25
2076,CHTR,Communication Services,Telecom Services,NASDAQ,2860533,116.61,59.54,-7,-19,-59.2,0.0,0.0,-13.1,-18.4,-18.4,-34.7,12,19,7,24,4.4,0,0,0,0,0,0,14670029997.91188,114457597.0,0.3362,-0.017,3204030,2958420,0,13.6,7.5,2026-09-25
2077,BIOA,Healthcare,Drug Manufacturers - Specialty & Generic,NASDAQ,615230,7.89,59.48,-18,50,-69.6,59.7,14.6,-4.8,-12.2,-39.3,-53.3,12,30,98,98,78.3,0,0,1,1,0,2,369929105.7991095,45896909.0,0.066700004,0.016,743040,913160,2,76.1,-44.6,2026-09-25
2078,JBGS,Real Estate,REIT - Diversified,NYSE,960673,10.65,59.46,-6,3,-55.35,0.0,0.0,-4.9,-8.1,-15.2,-28.2,12,18,27,28,4.5,0,0,0,0,0,0,657804758.5161858,58575671.0,0.2823,0.01,1255900,888336,0,19.4,3.8,2026-09-25
2079,UPST,Financial Services,Credit Services,NASDAQ,4270243,24.45,59.36,-10,-5,-63.36,0.9,0.6,-3.2,-9.6,-14.0,-26.4,12,22,27,9,2.9,0,0,0,0,0,0,2432826150.0,97313046.0,0.305,0.423,4527970,4279674,0,15.2,11.7,2026-09-25
2080,ESAB,Industrials,Metal Fabrication,NYSE,874006,67.33,59.28,-4,13,-51.0,3.7,3.4,-1.0,-6.9,-16.5,-32.6,12,16,33,28,7.1,0,0,0,0,0,0,4035109848.679138,62135967.0,0.103199996,0.129,1051260,776352,0,21.0,0.3,2026-09-25
2081,DFH,Consumer Cyclical,Residential Construction,NYSE,747386,11.63,59.25,-8,6,-57.71,2.5,1.8,-3.5,-11.1,-17.9,-26.9,12,20,34,15,4.0,0,0,0,0,0,0,1027573623.8364068,90535118.0,0.45880002,-0.076,1137730,725208,0,18.3,7.6,2026-09-25
2082,ANGI,Communication Services,Internet Content & Information,NASDAQ,826286,5.05,59.23,2,1,-71.93,16.6,5.6,0.1,2.3,-2.9,-34.8,12,10,9,7,1.7,0,0,0,0,0,0,214948138.035491,40556251.0,0.1021,-0.109,856310,784456,0,6.9,4.9,2026-09-25
2083,SWMR,Technology,Software - Infrastructure,NASDAQ,707303,22.74,59.22,-52,-41,-72.7,0.0,0.0,-20.3,-27.2,-37.6,,12,64,75,91,,0,0,0,0,0,0,382168797.08462906,15936981.0,0.0884,0.566,1440010,521744,1,76.7,,2026-09-25
2084,FUN,Consumer Cyclical,Leisure,NYSE,1903686,12.43,58.92,-13,15,-54.59,1.7,1.4,-2.0,-11.4,-21.9,-29.6,12,25,53,27,6.5,0,0,0,0,0,0,1250305359.961403,102316312.0,0.231,-0.07,2211900,2150382,0,27.9,6.0,2026-09-25
2085,Z,Communication Services,Internet Content & Information,NASDAQ,3537073,28.65,58.82,-5,-14,-66.29,0.0,0.0,-8.2,-13.1,-14.6,-35.7,12,17,8,11,2.5,0,0,0,0,0,0,6703522258.643818,224874954.0,0.0719,0.179,3929470,3669880,0,9.6,9.4,2026-09-25
2086,MLTX,Healthcare,Biotechnology,NASDAQ,1524670,12.9,58.51,-6,2,-79.44,106.6,11.9,1.6,-7.5,-21.1,-23.6,12,18,26,82,1.4,0,0,0,0,0,0,1054471856.3690616,85106685.0,0.1157,,1934920,1320960,0,31.9,-5.3,2026-09-25
2087,PRIM,Industrials,Engineering & Construction,NYSE,1177216,74.12,58.46,3,12,-63.93,2.8,1.5,-1.8,-1.2,-7.6,-38.8,12,9,18,91,6.4,0,0,0,0,0,0,4184682987.5343695,54254935.0,0.1293,-0.107,1389120,1285246,1,31.1,-16.0,2026-09-25
2088,APTV,Consumer Cyclical,Auto Parts,NYSE,4645926,45.17,58.11,-2,6,-49.21,4.2,4.0,1.8,0.1,-9.5,-30.2,11,13,21,40,5.9,0,0,0,0,0,0,9050736929.972332,207633331.0,0.0705,0.023,4524660,4342352,0,20.0,-2.7,2026-09-25
2089,XPEV,Consumer Cyclical,Auto Manufacturers,NYSE,7611440,10.29,58.03,1,3,-63.56,0.6,0.3,-1.6,-4.9,-12.6,-35.2,11,10,12,29,5.2,0,0,0,0,0,0,10159024124.30655,956593619.0,0.0596,0.08,6787610,7282718,0,14.0,-1.6,2026-09-25
2090,FLUT,Consumer Cyclical,Gambling,NYSE,2685830,85.89,57.93,-7,-14,-70.12,0.0,0.0,-9.7,-11.9,-14.1,-31.8,11,18,11,6,2.0,0,0,0,0,0,0,15542161551.440552,173539102.0,0.0744,0.033,3013550,3019502,0,9.2,11.1,2026-09-25
2091,FVRR,Communication Services,Internet Content & Information,NYSE,568663,8.52,57.86,-2,0,-67.96,0.2,0.1,-3.9,-6.5,-10.8,-30.5,11,13,15,6,2.3,0,0,0,0,0,0,305581188.0,35950728.0,0.0953,-0.1,577760,722462,0,9.1,6.6,2026-09-25
2092,SUPX,Technology,Software - Infrastructure,NASDAQ,672543,7.29,57.84,-2,-5,-90.47,25.5,2.1,-7.2,-13.2,-4.2,-29.9,11,13,10,11,0.8,0,0,0,0,0,0,316077606.5358405,43239071.0,0.020299999,2.838,956330,472458,0,8.7,6.8,2026-09-25
2093,WHR,Consumer Cyclical,"Furnishings, Fixtures & Appliances",NYSE,2437120,32.93,57.81,-2,-6,-65.27,3.0,1.6,-2.6,-10.1,-14.7,-40.4,11,13,9,17,3.7,0,0,0,0,0,0,2084424069.89114,65199378.0,0.0001,-0.068,3268230,2446132,0,10.7,4.2,2026-09-25
2094,ROL,Consumer Cyclical,Personal Services,NYSE,5334233,32.49,57.81,0,7,-50.88,0.4,0.4,-3.5,-6.7,-13.1,-36.1,11,11,18,37,6.8,0,0,0,0,0,0,15603545598.553925,481145404.0,0.0521,0.079,7001280,5789916,0,18.2,-3.8,2026-09-25
2095,IIIV,Technology,Software - Infrastructure,NASDAQ,601030,15.1,57.76,-4,3,-55.55,2.7,2.1,-0.1,-4.3,-15.5,-29.0,11,15,22,27,4.9,0,0,0,0,0,0,266331870.62820816,18019748.0,0.56810004,0.022,811730,511338,0,17.2,2.0,2026-09-25
2096,PCT,Industrials,Pollution & Treatment Controls,NASDAQ,3642773,5.15,57.63,1,26,-66.75,1.8,0.9,-10.1,-15.7,-20.1,-36.2,11,10,35,10,3.3,0,0,0,0,0,0,1149175471.0484934,200904810.0,0.3806,1.735,4266860,3926204,0,14.6,0.8,2026-09-25
2097,SMR,Industrials,Specialty Industrial Machinery,NYSE,37707663,8.68,57.49,1,2,-84.88,14.4,2.4,-1.1,-6.4,-4.1,-29.9,11,10,11,10,1.1,0,0,0,0,0,0,3393921534.8014145,410389522.0,0.176,-0.991,45059780,34818438,0,8.0,4.4,2026-09-25
2098,NCLH,Consumer Cyclical,Travel Services,NYSE,15845320,14.18,57.28,-11,21,-45.65,0.4,0.5,-1.6,-6.4,-18.7,-27.7,11,22,54,33,6.3,0,0,0,0,0,0,6483732332.970121,459187846.0,0.2133,0.049,19001540,15494480,0,28.8,2.5,2026-09-25
2099,RCAT,Industrials,Aerospace & Defense,NASDAQ,8602103,6.59,56.88,-20,5,-64.91,7.3,4.0,-10.0,-17.0,-22.1,-40.1,11,31,56,91,6.6,0,0,0,0,0,0,1030821943.5,152714362.0,0.2307,5.272,11338850,8762692,1,46.2,-2.3,2026-09-25
2100,PNR,Industrials,Specialty Industrial Machinery,NYSE,3444943,55.25,56.79,-3,2,-51.51,0.0,0.0,-1.8,-5.7,-12.0,-33.5,11,14,19,30,5.5,0,0,0,0,0,0,8924831707.763672,159600000.0,0.0612,-0.17,2701430,3648132,0,17.1,0.5,2026-09-25
2101,BROS,Consumer Cyclical,Restaurants,NYSE,4194336,38.43,56.76,-21,26,-48.08,0.0,0.0,-7.9,-14.8,-28.1,-31.9,11,32,79,28,8.1,0,0,0,0,0,0,5521769975.555237,137940798.0,0.41529998,0.325,4626500,3973304,0,36.8,8.0,2026-09-25
2102,ERII,Industrials,Pollution & Treatment Controls,NASDAQ,1058210,6.8,56.67,-1,3,-62.88,0.0,0.0,-4.7,-8.6,-14.9,-36.1,11,12,16,19,4.8,0,0,0,0,0,0,356803664.5667553,51044875.0,0.0747,-0.572,1124290,976310,0,13.0,1.8,2026-09-25
2103,DQ,Technology,Semiconductor Equipment & Materials,NYSE,934083,11.91,56.5,0,-2,-67.45,5.8,2.7,1.5,-4.1,-7.5,-39.9,11,11,9,40,4.2,0,0,0,0,0,0,816730252.9399338,67666137.0,0.1168,-0.167,751300,926274,0,16.1,-2.2,2026-09-25
2104,NNE,Industrials,Specialty Industrial Machinery,NASDAQ,1886506,17.01,56.47,0,4,-72.06,14.3,5.1,2.4,-2.5,-3.4,-29.7,11,11,15,19,3.1,0,0,0,0,0,0,844671811.9989395,53698146.0,0.3478,,2202670,1958556,0,12.0,1.9,2026-09-25
2105,BLDR,Industrials,Building Products & Equipment,NYSE,3040723,59.16,56.46,-5,7,-55.01,2.6,2.1,-0.5,-5.5,-13.4,-32.5,11,16,28,19,5.0,0,0,0,0,0,0,6253505965.914585,107596457.0,0.086899996,-0.088,5231840,2782242,0,17.0,3.7,2026-09-25
2106,VITL,Consumer Defensive,Farm Products,NASDAQ,1486413,10.31,56.43,0,-4,-77.17,24.5,5.6,-2.5,-1.9,-11.0,-40.0,11,11,7,5,1.3,0,0,0,0,0,0,514748938.9537544,42931522.0,0.3209,-0.101,1931960,1548250,0,6.1,6.5,2026-09-25
2107,QXO,Industrials,Industrial Distribution,NYSE,16763293,12.28,56.41,-3,11,-55.52,9.0,6.4,2.6,-3.0,-10.2,-34.6,11,14,28,63,7.3,0,0,0,0,0,0,11806644387.15139,1037490709.0,0.1149,0.703,20645570,18137044,0,28.1,-7.9,2026-09-25
2108,ADTN,Technology,Communication Equipment,NASDAQ,1729363,7.11,56.37,-3,62,-64.41,1.0,0.6,-0.9,-3.8,-15.8,-37.5,11,14,79,87,11.0,0,0,0,0,0,0,586666114.858655,81481407.0,0.18030001,0.061,1737620,2065474,0,47.7,-19.6,2026-09-25
2109,BBW,Consumer Cyclical,Specialty Retail,NYSE,844916,25.96,55.91,-13,-27,-65.1,6.2,3.1,-0.9,-8.3,-21.1,-37.9,11,24,10,18,3.0,0,0,0,0,0,0,301084553.9792347,12319335.0,0.2523,-0.072,659660,618008,0,13.8,13.1,2026-09-25
2110,KNF,Basic Materials,Building Materials,NYSE,903680,51.43,55.85,-8,42,-46.58,0.0,0.0,-7.7,-13.7,-23.7,-33.5,11,19,69,61,8.7,0,0,0,0,0,0,3090200506.8473053,56763420.0,0.0959,0.126,1161020,837608,0,39.4,-8.2,2026-09-25
2111,DKS,Consumer Cyclical,Specialty Retail,NYSE,4619516,132.36,55.34,-10,39,-45.84,9.3,9.5,3.3,1.1,-23.9,-34.8,10,20,69,44,6.9,0,0,0,0,0,0,10773452395.091156,88926556.0,0.1668,0.532,3272870,3280318,0,35.0,-3.2,2026-09-25
2112,CWH,Consumer Cyclical,Auto & Truck Dealerships,NYSE,1679843,5.36,55.28,-2,3,-70.17,0.0,0.0,-7.6,-13.5,-14.3,-34.6,10,12,17,9,2.3,0,0,0,0,0,0,357436525.1128921,63827952.0,0.1878,-0.021,2091690,2018534,0,10.1,4.9,2026-09-25
2113,KLAR,Financial Services,Credit Services,NYSE,7674936,12.94,55.24,-3,19,-71.08,5.5,2.1,-6.4,-8.1,-22.5,-31.1,10,13,35,5,1.9,0,0,0,0,0,0,5232408983.119043,379160066.0,0.1267,0.266,4988860,5922962,0,13.7,4.9,2026-09-25
2114,TRIP,Consumer Cyclical,Travel Services,NASDAQ,3711490,8.04,55.2,-14,20,-58.66,0.0,0.0,-9.1,-12.8,-28.6,-32.0,10,24,58,20,4.2,0,0,0,0,0,0,1036042201.1632004,117199342.0,0.2991,-0.072,5159710,3648070,0,26.5,7.3,2026-09-25
2115,METC,Basic Materials,Coking Coal,NASDAQ,2142933,9.28,55.08,-4,-2,-83.94,4.3,0.8,-9.8,-21.5,-17.8,-37.3,10,14,16,72,2.0,0,0,0,0,0,0,587159766.4052677,63683270.0,0.67010003,-0.053,2071020,2132172,0,26.0,-5.8,2026-09-25
2116,SMPL,Consumer Defensive,Packaged Foods,NASDAQ,2164790,9.59,54.96,-3,-4,-63.68,0.0,0.0,-4.3,-8.9,-11.3,-32.2,10,13,12,11,3.0,0,0,0,0,0,0,895909437.0312929,88441207.0,0.13319999,-0.063,2665080,2272476,0,9.7,5.5,2026-09-25
2117,QDEL,Healthcare,Medical Devices,NASDAQ,1418156,10.34,54.8,-12,-22,-70.94,3.8,1.5,-7.7,-19.0,-29.4,-44.7,10,22,12,10,2.8,0,0,0,0,0,0,728271026.8921652,68575427.0,0.2809,0.028,1725790,1426294,0,11.7,13.0,2026-09-25
2118,IONS,Healthcare,Biotechnology,NASDAQ,3362326,43.93,54.68,-19,31,-49.35,0.0,0.0,-10.2,-19.7,-20.8,-38.8,10,29,79,90,9.6,0,0,0,0,0,0,7385231041.460564,166184322.0,0.1667,-0.407,4851790,3308320,1,51.9,-7.5,2026-09-25
2119,UTI,Consumer Defensive,Education & Training Services,NYSE,1839540,20.42,54.52,-3,60,-60.23,0.5,0.4,-1.5,-3.5,-28.7,-38.4,10,13,76,82,9.8,0,0,0,0,0,0,1182894571.7391071,55095231.0,0.1103,0.072,2024830,1677714,0,45.2,-18.5,2026-09-25
2120,COLL,Healthcare,Drug Manufacturers - Specialty & Generic,NASDAQ,941220,22.45,54.32,-4,32,-55.8,2.8,2.2,-0.9,-5.8,-22.3,-39.0,10,14,50,35,7.7,0,0,0,0,0,0,705851638.8003044,30999193.0,0.2225,0.063,1006720,764496,0,26.7,-4.7,2026-09-25
2121,REAX,Real Estate,Real Estate Services,NASDAQ,975185,15.13,54.28,-22,-46,-70.68,0.0,0.0,-17.8,-23.7,-26.0,-39.9,10,32,8,15,2.1,0,0,0,0,0,0,360261678.38503647,21794414.0,1.99,0.296,904900,766214,0,14.3,20.7,2026-09-25
2122,APP,Communication Services,Advertising Agencies,NASDAQ,5313190,315.25,53.95,0,40,-57.72,5.6,3.8,-1.8,-0.7,-10.2,-33.2,10,10,50,32,5.2,0,0,0,0,0,0,103489528019.09515,335939521.0,0.0363,0.528,5590510,6012292,0,24.3,-6.0,2026-09-25
2123,PHAT,Healthcare,Biotechnology,NASDAQ,1187286,6.99,53.92,-4,11,-61.82,0.0,0.0,-12.2,-18.5,-25.2,-40.3,10,14,29,63,7.6,0,0,0,0,0,0,605138987.8630629,80900934.0,0.1408,0.88,1384950,1349126,0,28.4,-8.1,2026-09-25
2124,MNSO,Consumer Cyclical,Specialty Retail,NYSE,987970,8.98,53.62,-1,-1,-64.11,4.4,2.4,0.5,-5.6,-19.1,-40.4,10,11,11,28,2.8,0,0,0,0,0,0,2541618562.1384296,295537029.0,0.024,0.17,836630,858934,0,13.2,0.7,2026-09-25
2125,OKLO,Utilities,Utilities - Independent Power Producers,NYSE,9932256,38.82,53.15,0,15,-79.97,9.0,2.3,1.9,-1.8,-6.4,-37.0,10,10,25,42,1.6,0,0,0,0,0,0,7068670700.0,186017650.0,0.19639999,,11841190,9914406,0,19.7,-3.7,2026-09-25
2126,ABTC,Financial Services,Capital Markets,NASDAQ,1860203,9.91,52.8,5,6,-91.19,90.9,4.6,12.1,15.5,35.6,-35.5,9,4,5,8,0.6,0,0,0,0,0,0,735479129.078516,72819713.0,0.18190001,1.213,1797720,1678580,0,4.4,0.8,2026-09-25
2127,LTBR,Industrials,Electrical Equipment & Parts,NASDAQ,735800,6.72,52.22,0,2,-78.56,3.9,1.2,-1.9,-8.0,-14.4,-41.3,9,9,11,33,3.2,0,0,0,0,0,0,229744730.76790905,35236922.0,0.1339,,1077660,837832,0,14.0,-2.1,2026-09-25
2128,JOBY,Industrials,Airports & Air Services,NYSE,25155900,6.25,52.09,-1,11,-68.72,2.8,1.3,-0.2,-4.7,-13.3,-36.8,9,10,22,24,3.6,0,0,0,0,0,0,6082511489.660096,993874445.0,0.1713,2574.933,26444180,33953496,0,14.9,-0.8,2026-09-25
2129,AHCO,Healthcare,Medical Devices,NASDAQ,2926100,5.7,51.13,0,35,-57.56,9.2,5.9,-2.0,-2.7,-22.2,-41.7,9,9,44,78,7.8,0,0,0,0,0,0,761766314.3991556,133409161.0,0.1037,0.127,3085100,3129160,0,34.7,-16.7,2026-09-25
2130,PLNT,Consumer Cyclical,Leisure,NYSE,1999550,41.0,50.94,-6,-13,-64.12,0.0,0.0,-16.3,-18.6,-21.1,-41.8,9,15,8,19,3.8,0,0,0,0,0,0,3738132899.3497887,75533093.0,0.1279,0.045,2479740,2070316,0,11.5,5.5,2026-09-25
2131,XNDU,Technology,Software - Infrastructure,NASDAQ,3226320,5.33,50.23,-42,-10,-87.44,0.0,0.0,-28.4,-39.0,-46.2,,9,51,83,38,,0,0,0,0,0,0,2258598309.223366,304393300.0,0.1508,0.43,6784740,2341718,0,57.3,,2026-09-25
2132,RUN,Technology,Solar,NASDAQ,7356703,8.35,50.04,1,49,-62.79,1.0,0.6,-2.2,-4.1,-13.1,-39.9,9,8,56,79,4.9,0,0,0,0,0,0,2034825354.410468,238549287.0,0.34080002,0.528,7756540,8384034,0,37.0,-17.5,2026-09-25
2133,KRMN,Industrials,Aerospace & Defense,NYSE,3194710,33.05,49.38,-12,-22,-72.08,0.0,0.0,-6.5,-16.0,-30.4,-52.9,9,21,11,90,5.4,0,0,0,0,0,0,4738080061.0,132533708.0,0.1148,0.582,4863700,3597200,1,31.8,-5.0,2026-09-25
2134,UPB,Healthcare,Biotechnology,NASDAQ,601143,5.19,49.13,-1,-3,-84.59,0.0,0.0,-6.1,-14.2,-20.5,-59.2,9,10,8,17,2.2,0,0,0,0,0,0,292477367.2973976,54771041.0,0.1149,-0.175,565130,591856,0,9.3,2.7,2026-09-25
2135,RARE,Healthcare,Biotechnology,NASDAQ,5139653,14.88,48.8,-38,-16,-62.7,15.5,8.5,4.5,-16.8,-35.8,-40.1,8,46,68,21,5.6,0,0,0,0,0,0,1430524569.7952025,98588873.0,0.17979999,0.281,6839180,3885478,0,35.1,23.0,2026-09-25
2136,OI,Consumer Cyclical,Packaging & Containers,NYSE,3096160,6.07,48.76,-3,4,-64.1,0.0,0.0,-3.8,-10.0,-17.6,-43.5,8,11,18,22,4.7,0,0,0,0,0,0,932714690.6674438,153659747.0,0.1361,-0.022,3951360,3578318,0,13.9,0.2,2026-09-25
2137,PZZA,Consumer Cyclical,Restaurants,NASDAQ,1357303,20.15,47.9,-4,19,-63.85,1.9,1.0,-2.5,-8.0,-21.5,-38.8,8,12,35,23,4.1,0,0,0,0,0,0,650801859.5120201,32902014.0,0.2489,-0.088,1713880,1480056,0,18.5,-0.5,2026-09-25
2138,TTD,Communication Services,Advertising Agencies,NASDAQ,23541200,12.68,47.58,2,4,-77.51,0.0,0.0,-9.9,-9.5,-17.5,-46.1,8,6,8,7,1.6,0,0,0,0,0,0,6581307883.751404,472795104.0,0.24120001,0.03,32472330,25349780,0,5.6,1.8,2026-09-25
2139,CAPR,Healthcare,Biotechnology,NASDAQ,8741526,8.67,47.08,-1,84,-78.52,125.2,15.3,-0.7,-4.8,-8.4,-63.0,8,9,94,98,58.3,0,0,0,1,0,1,526739264.73609066,58138989.0,0.42130002,,2793270,7665762,2,64.8,-51.0,2026-09-25
2140,WING,Consumer Cyclical,Restaurants,NASDAQ,1243283,97.88,46.62,-1,9,-67.68,0.0,0.0,-8.3,-10.1,-18.5,-46.3,8,9,19,13,3.5,0,0,0,0,0,0,2835404237.562592,27242546.0,0.1612,0.064,1532030,1272216,0,11.1,1.0,2026-09-25
2141,PLAY,Communication Services,Entertainment,NASDAQ,2559530,6.81,44.44,-7,0,-69.19,4.1,1.8,-7.4,-17.5,-28.1,-47.8,7,14,21,12,2.6,0,0,0,0,0,0,234410234.7843418,34830644.0,0.32029998,-0.024,4776350,2150490,0,12.4,5.4,2026-09-25
2142,BRBR,Consumer Defensive,Packaged Foods,NYSE,2881080,8.44,44.35,-9,-19,-77.35,6.8,1.9,-7.0,-13.7,-23.7,-47.5,7,16,6,6,1.3,0,0,0,0,0,0,1044178128.892067,116278194.0,0.114300005,0.042,2891020,3446784,0,7.3,10.3,2026-09-25
2143,MPLT,Healthcare,Biotechnology,NASDAQ,605663,10.77,43.94,-2,82,-73.36,8.7,2.9,-11.0,-14.4,-35.8,-50.8,7,9,93,71,,0,0,0,0,0,0,506445928.9783478,46377832.0,0.1488,,613520,970626,1,57.7,,2026-09-25
2144,STUB,Communication Services,Internet Content & Information,NYSE,7501046,5.31,43.77,-3,57,-75.29,0.0,0.0,-10.0,-14.0,-29.5,-44.5,7,10,70,4,1.8,0,0,0,0,0,0,2222588850.563593,375437301.0,0.0937,0.332,7166730,6571748,0,21.4,-0.7,2026-09-25
2145,QFIN,Financial Services,Credit Services,NASDAQ,2714873,7.61,43.61,-7,4,-76.72,0.0,0.0,-7.4,-12.1,-31.8,-46.6,7,14,25,7,1.5,0,0,0,0,0,0,983605210.3320694,121582842.0,0.026300002,-0.316,1783080,2038326,0,11.9,6.6,2026-09-25
2146,JKS,Technology,Solar,NYSE,764766,9.91,42.78,-7,-6,-68.91,0.0,0.0,-9.3,-17.3,-31.2,-54.1,7,14,15,73,3.7,0,0,0,0,0,0,544126271.2998772,52370188.0,0.0933,-0.313,799490,730974,0,26.4,-6.7,2026-09-25
2147,FLNC,Utilities,Utilities - Renewable,NASDAQ,7562886,7.58,42.33,-12,62,-77.38,4.3,1.2,-10.4,-20.8,-35.8,-56.7,6,18,92,85,9.5,0,0,0,0,0,0,1047957488.7356586,143163588.0,0.3401,0.079,10930540,7901706,1,51.1,-16.5,2026-09-25
2148,CCOI,Communication Services,Telecom Services,NASDAQ,2069120,8.13,40.02,0,2,-82.21,0.0,0.0,-10.3,-13.6,-24.2,-54.1,6,6,8,12,1.2,0,0,0,0,0,0,461453793.0823517,51215736.0,0.19409999,-0.042,2660500,1825020,0,6.8,1.0,2026-09-25
2149,EVMN,Healthcare,Biotechnology,NYSE,617133,8.77,37.25,-5,58,-73.58,0.0,0.0,-11.4,-23.3,-28.4,-54.8,5,10,73,78,,0,0,0,0,0,0,350218876.6056576,36292113.0,0.17799999,,988170,601786,0,53.7,,2026-09-25
2150,ALHC,Healthcare,Healthcare Plans,NASDAQ,8064480,7.86,35.71,-14,51,-68.71,0.0,0.0,-20.3,-32.8,-45.2,-57.3,5,19,84,59,4.7,0,0,0,0,0,0,1732083573.2802296,207435149.0,0.11310001,0.316,15787420,7097086,0,41.7,-7.3,2026-09-25
2151,BETR,Financial Services,Mortgage Finance,NASDAQ,611603,12.16,35.28,-1,28,-87.07,4.8,0.8,-3.9,-6.6,-26.3,-57.8,4,5,34,95,2.7,0,0,0,0,0,0,229122870.712121,18998579.0,0.2922,0.282,381020,588216,1,34.2,-19.7,2026-09-25
2152,BIAF,Healthcare,Diagnostics & Research,NASDAQ,6579185,7.94,34.44,2,2,-92.74,74.1,4.5,0.1,-2.4,-3.2,-62.8,4,2,2,94,0.7,0,0,0,0,0,0,5664940.663330078,600736.0,0.075,0.19,4024680,3954160,1,24.7,-17.8,2026-09-25
2153,BYND,Consumer Defensive,Packaged Foods,NASDAQ,1705826,10.03,33.85,-3,0,-95.65,0.4,0.0,-7.1,-14.9,-29.8,-54.3,4,7,10,8,0.8,0,0,0,0,0,0,197902541.08538628,17193965.0,0.2751,-0.082,1351130,1417654,0,6.4,2.6,2026-09-25
2154,YSS,Industrials,Aerospace & Defense,NYSE,4029230,9.61,32.38,1,29,-78.42,29.0,6.0,14.7,10.9,-19.8,,4,3,31,15,,0,0,0,0,0,0,1174407548.948884,137357605.0,0.102,0.104,5284940,3215344,0,16.3,,2026-09-25
2155,ARTL,Healthcare,Biotechnology,NASDAQ,938861,7.31,31.96,1,-2,-95.92,94.9,2.3,50.8,32.6,7.8,-73.1,4,3,0,70,0.6,0,0,0,0,0,0,2158229.59134388,547774.0,0.0656,,2601390,570700,0,18.4,-11.9,2026-09-25
2156,VCX,Financial Services,Asset Management,NYSE,806972,30.6,29.31,-2,29,-94.68,0.0,0.0,-3.6,-11.8,-22.8,,3,5,36,90,,0,0,0,0,0,0,1124388099.1177902,35797138.0,0.61,,499166,577431,1,43.7,,2026-09-25
2157,AEHL,Industrials,Building Products & Equipment,NASDAQ,3212806,8.23,24.55,2,5,-98.03,132.5,1.1,3.3,16.9,8.4,-84.0,3,1,4,0,0.4,0,0,0,0,0,0,9541371.896884918,1134527.0,0.36900002,-0.386,1443380,2198117,0,1.4,0.2,2026-09-25
2158,DFNS,Industrials,Aerospace & Defense,NASDAQ,1029143,7.87,14.66,1,1,-99.6,101.8,0.2,-8.4,-20.3,-61.0,-95.2,1,0,0,1,0.3,0,0,0,0,0,0,7740391.545810699,1010495.0,0.3863,,514180,4509214,0,0.3,-0.3,2026-09-25
2159,SION,Healthcare,Biotechnology,NASDAQ,2065550,5.51,13.32,0,87,-89.98,22.4,2.2,-19.4,-18.3,-73.7,-84.3,1,1,88,96,1.1,0,0,0,0,0,0,269095968.5223484,45150330.0,0.1542,,1914090,2545726,1,46.5,-27.8,2026-09-25
2160,JAGX,Healthcare,Biotechnology,NASDAQ,1371625,8.91,8.95,-1,-2,-99.3,233.7,0.5,22.6,1.0,-30.2,-95.5,0,1,0,2,0.2,0,0,0,0,0,0,1176492.3165607452,434130.0,0.0468,-0.589,4062546,826051,0,0.8,0.3,2026-09-25
2161,DBGI,Consumer Cyclical,Apparel Retail,NASDAQ,1424393,5.71,8.76,-3,-5,-99.21,57.3,0.3,15.5,8.1,-52.8,-95.8,0,3,1,1,0.4,0,0,0,0,0,0,2568636.20943594,574639.0,0.24450001,-0.463,3686820,931557,0,1.3,1.9,2026-09-25
2162,NCT,Industrials,Marine Shipping,NASDAQ,624123,5.43,5.09,-30,-36,-99.47,0.0,0.0,-28.0,-87.1,-92.2,-94.2,0,30,24,2,0.1,0,0,0,0,0,0,6287988.607390404,1025773.0,0.0025,-0.06,1563046,390818,0,14.0,21.1,2026-09-25
2163,VWAV,Industrials,Aerospace & Defense,NASDAQ,752019,5.72,4.16,-1,12,-63.8,1417.2,1.9,5.8,-45.0,-80.9,-95.1,0,1,14,32,0.5,0,0,0,0,0,0,7943699.159659386,30204178.0,0.1083,,1949756,465277,0,11.9,-7.2,2026-09-25
2164,WHLR,Real Estate,REIT - Retail,NASDAQ,4659538,5.44,0.62,0,0,-99.95,1449.9,0.0,134.8,22.8,-72.3,-99.9,0,0,0,0,0.1,0,0,0,0,0,0,1000765.0889284612,3734198.0,0.17889999,-0.139,13208643,2802676,0,0.0,-0.0,2026-09-25
