rank,ticker,sector,industry,exchange,avg_vol_30d,price,rs_score,rs_delta,rs_delta_momentum,pct_from_52w_high,pct_from_52w_low,range_position,price_vs_sma10,price_vs_sma20,price_vs_sma50,price_vs_sma200,percentile,pct_1m,pct_3m,pct_6m,pct_12m,elite_rs,elite_1m,elite_3m,elite_6m,elite_12m,elite_count,market_cap,float_shares,short_float_pct,revenue_growth,avg_vol_10d,avg_vol_50d,tf_count_10,avg_pct,shape_score,date
1,TNON,Healthcare,Medical Devices,NASDAQ,14633730,6.05,570.54,86,93,247.7,4587.0,100.0,349.8,686.1,939.8,639.5,99,13,20,21,97.0,1,0,0,0,0,1,65035.73463881016,496456.0,0.0301,0.899,708218,8814805,1,37.8,-44.3,2026-08-11
2,DBGI,Consumer Cyclical,Apparel Retail,NASDAQ,541279,17.05,474.98,98,98,-44.88,5348.3,72.7,-1.6,40.9,218.1,180.8,99,1,1,72,67.2,1,0,0,0,0,1,8820708.869207382,574639.0,0.1104,-0.297,338516,4995913,0,35.3,-47.3,2026-08-11
3,QTTB,Healthcare,Biotechnology,NASDAQ,1925562,15.67,466.76,0,-2,-33.52,828.3,69.7,-1.6,-0.4,9.6,123.3,99,99,97,96,99.8,1,1,0,0,1,3,464318395.75406456,29763999.0,0.1522,,546457,1384811,4,97.9,0.4,2026-08-11
4,ERAS,Healthcare,Biotechnology,NASDAQ,4511313,18.12,464.0,0,0,-25.37,1180.4,80.2,0.3,-2.4,8.4,59.8,99,99,99,99,99.9,1,1,1,1,1,5,6390615362.622562,347127399.0,0.09819999,,3293441,5258102,4,99.2,-0.5,2026-08-11
5,FBRX,Healthcare,Biotechnology,NASDAQ,1836886,76.82,405.89,1,-4,-0.49,646.3,99.8,0.2,15.8,94.0,168.2,99,98,93,98,99.4,1,1,0,1,1,4,1573426581.2291489,20489993.0,0.1013,,1971110,1266812,4,97.1,-0.2,2026-08-11
6,SLS,Healthcare,Biotechnology,NASDAQ,8843224,11.04,372.91,0,-1,-30.48,695.0,68.7,-0.5,-4.3,1.4,92.7,99,99,98,98,99.1,1,1,1,1,1,5,2361557258.7456245,196632574.0,0.2823,,5685333,8939790,4,98.5,0.2,2026-08-11
7,CLYM,Healthcare,Biotechnology,NASDAQ,1176350,13.54,351.23,0,0,-6.81,760.2,98.8,7.9,8.2,11.5,85.7,99,99,99,99,99.6,1,1,1,1,1,5,804107570.0,57436255.0,0.1694,,1039710,1353114,4,99.2,-0.3,2026-08-11
8,BFLY,Healthcare,Medical Devices,NYSE,8319929,9.7,341.35,1,-5,0.1,589.0,96.0,11.5,22.9,31.7,104.4,99,98,92,84,99.2,1,1,0,0,1,3,2351298145.574053,266285183.0,0.1509,0.395,8269199,9278883,3,93.3,2.8,2026-08-11
9,TXG,Healthcare,Health Information Services,NASDAQ,3048138,58.57,323.66,1,-10,12.16,415.7,99.8,17.0,22.0,45.7,136.7,99,98,87,87,97.5,1,1,0,0,0,2,6605530358.694183,126956189.0,0.1901,-0.127,3236005,3292611,2,92.4,3.6,2026-08-11
10,ORKA,Healthcare,Biotechnology,NASDAQ,1118743,105.14,323.09,0,-1,4.78,702.1,99.5,6.9,11.0,25.2,103.1,99,99,98,96,99.6,1,1,1,0,1,4,5960041802.414207,60312101.0,0.2232,,772191,1314834,4,98.1,0.4,2026-08-11
11,NUAI,Technology,Software - Infrastructure,NASDAQ,7720941,5.38,319.28,0,0,-43.04,1489.7,63.4,4.3,5.9,1.1,9.0,99,99,99,99,100.0,1,1,1,1,1,5,534816121.0916824,101290928.0,0.2364,1.458,5131535,8476873,4,99.2,-0.5,2026-08-11
12,AEHL,Industrials,Building Products & Equipment,NASDAQ,515605,5.71,317.08,97,95,-88.7,1698.3,19.8,273.7,404.1,414.8,7.6,99,2,0,3,0.1,1,0,0,0,0,1,1059091.842084527,3530306.0,0.0018000001,-0.386,1026197,11596399,0,1.3,1.0,2026-08-11
13,SYRE,Healthcare,Biotechnology,NASDAQ,1099780,105.33,312.34,0,-1,-2.6,593.3,97.1,0.9,1.9,11.9,86.1,99,99,98,94,99.0,1,1,1,0,1,4,9250309694.32196,88173762.0,0.1542,,877410,1368996,4,97.5,1.1,2026-08-11
14,STTK,Healthcare,Biotechnology,NASDAQ,1273240,7.14,301.82,0,0,-14.29,871.6,89.7,-0.8,0.3,15.1,43.6,99,99,99,98,99.9,1,1,1,1,1,5,694344357.7283263,95508165.0,0.0848,,878790,1481286,4,99.0,-0.2,2026-08-11
15,AEHR,Technology,Semiconductor Equipment & Materials,NASDAQ,2948013,106.2,288.95,1,2,-16.13,574.2,100.0,23.5,31.4,27.2,110.0,99,98,99,95,98.9,1,1,1,0,1,4,3362189771.5450287,32620450.0,0.15619999,0.337,2396789,2486737,4,97.7,0.1,2026-08-11
16,APPS,Technology,Software - Application,NASDAQ,4318353,14.39,286.75,1,-66,-6.19,362.4,88.3,16.3,31.5,29.3,119.7,99,98,31,24,91.7,1,1,0,0,0,2,1735373043.4656143,121016250.0,0.091400005,0.268,5632819,5658827,2,61.2,24.6,2026-08-11
17,TWST,Healthcare,Diagnostics & Research,NASDAQ,1572244,124.88,285.79,1,-9,5.54,409.6,98.3,16.5,25.0,36.0,122.1,99,98,88,93,97.5,1,1,0,0,0,2,7253367619.259277,62707424.0,0.2908,0.232,1931282,1839900,3,94.1,2.2,2026-08-11
18,EVC,Communication Services,Advertising Agencies,NYSE,1647267,11.7,284.14,0,0,-14.85,366.2,63.0,-17.9,-16.2,-14.6,69.6,99,99,99,76,95.6,1,1,1,0,0,3,1101709009.1771126,92039180.0,0.1302,1.144,1553833,1858504,3,92.4,6.3,2026-08-11
19,BLZE,Technology,Software - Infrastructure,NASDAQ,2982817,19.27,283.14,0,-13,-19.67,465.3,93.4,12.3,25.8,44.2,164.0,99,99,86,16,88.8,1,1,0,0,0,2,1164957981.1096191,61900000.0,0.0454,0.177,3916582,3655454,1,72.5,23.0,2026-08-11
20,ANRO,Healthcare,Biotechnology,NYSE,522422,28.29,280.83,0,0,-4.07,840.5,100.0,2.7,4.3,14.8,42.0,99,99,99,99,99.7,1,1,1,1,1,5,1114413682.8855743,38870376.0,0.0935,,357887,538779,4,99.2,-0.4,2026-08-11
21,ALMS,Healthcare,Biotechnology,NASDAQ,1274124,27.53,278.56,0,0,-12.19,542.3,81.3,-6.8,-8.4,-1.2,22.2,99,99,99,99,98.7,1,1,1,1,1,5,3518778696.6343307,127491980.0,0.094399996,-0.9,864082,1411978,4,98.9,0.2,2026-08-11
22,DFTX,Healthcare,Biotechnology,NASDAQ,2126404,45.15,274.47,0,-4,-9.15,360.7,80.9,-6.4,-6.3,7.0,84.3,99,99,95,94,96.6,1,1,0,0,0,2,6124773658.539948,132743254.0,0.080699995,,1944834,3139092,4,96.2,2.6,2026-08-11
23,MU,Technology,Semiconductors,NASDAQ,45300656,861.0,272.59,0,0,-31.39,650.1,68.6,1.7,-1.2,-10.2,60.3,99,99,99,98,99.3,1,1,1,1,1,5,991121555794.9924,1129393151.0,0.0321,3.457,45971860,50434718,4,98.8,0.0,2026-08-11
24,AAOI,Technology,Communication Equipment,NASDAQ,10558798,132.81,266.21,1,2,-43.16,589.2,56.4,16.0,22.1,-2.0,43.8,99,98,99,95,98.8,1,1,1,0,1,4,11470126027.245728,84569237.0,0.1286,0.864,14676876,12289895,4,97.7,0.1,2026-08-11
25,RLAY,Healthcare,Biotechnology,NASDAQ,2767426,19.94,261.41,1,0,-4.09,515.1,95.7,3.0,3.8,12.2,69.3,99,98,97,97,98.7,1,1,0,0,1,3,4332430145.185078,219141631.0,0.22760001,-0.609,2110780,3601418,4,97.7,-0.1,2026-08-11
26,RVMD,Healthcare,Biotechnology,NASDAQ,2102612,206.97,255.02,1,0,0.52,492.4,99.2,5.4,8.3,15.6,70.5,99,98,97,96,98.6,1,1,0,0,1,3,43971114844.49432,214336418.0,0.0696,,1860688,2721239,4,97.4,0.2,2026-08-11
27,MXL,Technology,Semiconductors,NASDAQ,3958047,68.44,251.16,0,0,-46.66,428.9,48.7,1.4,-4.8,-17.2,61.4,99,99,99,85,97.3,1,1,1,0,0,3,6800175765.63102,90693191.0,0.059699997,0.552,3013231,4089196,3,95.1,3.6,2026-08-11
28,DELL,Technology,Computer Hardware,NYSE,6594788,457.88,249.46,0,-4,-5.73,297.0,92.6,1.9,4.3,5.2,96.1,99,99,95,32,93.4,1,1,0,0,0,2,293200042454.8273,646142428.0,0.0433,0.875,6187126,8722053,3,79.9,16.6,2026-08-11
29,CDNA,Healthcare,Diagnostics & Research,NASDAQ,1184102,47.07,245.59,5,-10,-5.41,308.2,98.3,6.5,15.9,48.6,114.0,99,94,79,71,96.1,1,0,0,0,0,1,2415470800.8238564,51734223.0,0.1225,0.522,1488337,1108511,2,85.0,5.1,2026-08-11
30,DNTH,Healthcare,Biotechnology,NASDAQ,957375,111.8,244.66,1,1,-2.4,474.3,95.6,-0.6,2.5,13.5,56.7,99,98,98,94,98.4,1,1,1,0,1,4,5954245998.263138,54666233.0,0.1942,2.943,840325,1174435,4,97.1,0.6,2026-08-11
31,BAND,Technology,Software - Infrastructure,NASDAQ,1278482,52.71,244.65,0,0,-33.35,302.7,59.1,14.9,-5.5,-13.6,68.8,99,99,99,26,95.8,1,1,1,0,0,3,1607752139.0176086,32180788.0,0.121700004,0.222,1597617,1443959,3,79.9,16.2,2026-08-11
32,HYMC,Basic Materials,Gold,NASDAQ,1605784,27.29,242.76,3,6,-53.53,686.6,46.0,19.0,27.4,16.7,-2.9,99,96,99,99,99.5,1,0,1,1,1,4,2473041899.050377,93181681.0,0.22489999,,1716953,2053078,4,98.4,-2.6,2026-08-11
33,LQDA,Healthcare,Drug Manufacturers - Specialty & Generic,NASDAQ,1381502,91.03,242.25,0,-4,-0.59,315.3,95.7,0.3,3.5,14.3,86.4,99,99,95,89,96.9,1,1,0,0,0,2,8023093200.334808,88928099.0,0.1723,41.585,1095118,1933853,3,95.0,3.4,2026-08-11
34,VSXY,Consumer Cyclical,Apparel Retail,NYSE,1675754,99.97,239.85,2,-12,0.64,341.7,92.6,2.3,6.3,14.3,61.5,99,97,83,96,97.1,1,0,0,0,0,1,7833114161.576843,79491720.0,0.1898,0.153,1662173,2237716,3,93.3,1.6,2026-08-11
35,LITE,Technology,Communication Equipment,NASDAQ,4532031,813.51,238.05,-1,-1,-25.07,615.9,75.2,4.8,6.5,0.5,31.4,98,99,99,99,99.3,1,1,1,1,1,5,69255224670.41016,77800000.0,0.125,0.901,5246614,5220352,4,99.1,-0.1,2026-08-11
36,REPL,Healthcare,Biotechnology,NASDAQ,6136263,13.67,236.54,-1,-84,-1.65,702.9,99.8,24.2,32.7,33.1,69.6,98,99,16,28,88.5,1,1,0,0,0,2,1013354451.5187426,84026071.0,0.4984,,11767151,6361398,1,57.9,27.8,2026-08-11
37,MBX,Healthcare,Biotechnology,NASDAQ,734918,66.15,235.48,-1,-5,-8.93,577.4,92.3,-0.9,3.7,24.9,79.3,98,99,95,98,98.1,1,1,0,1,1,4,3266217696.022705,48160096.0,0.1703,,526346,852653,4,97.5,1.1,2026-08-11
38,SLN,Healthcare,Biotechnology,NASDAQ,1061027,15.43,235.09,6,-2,25.4,242.3,93.6,22.1,27.1,53.8,108.9,98,92,84,31,91.1,1,0,0,0,0,1,564453616.3407125,47234613.0,0.044099998,1.972,2135021,818572,2,74.5,13.4,2026-08-11
39,NESR,Energy,Oil & Gas Equipment & Services,NASDAQ,2172866,35.79,228.1,1,1,18.08,433.5,100.0,23.2,26.5,32.5,67.5,98,97,97,98,98.0,1,0,0,1,0,2,2926587386.2642097,100847255.0,0.062,0.335,2401789,2273419,4,97.5,-0.7,2026-08-11
40,PACS,Healthcare,Medical Care Facilities,NYSE,976823,48.45,223.64,1,1,-2.1,483.0,91.4,-2.9,-2.4,7.0,28.7,98,97,97,99,96.4,1,0,0,1,0,2,7669776827.839127,158335612.0,0.0938,0.091,1077769,958541,4,97.3,-0.1,2026-08-11
41,FSLY,Technology,Software - Application,NASDAQ,5747778,27.75,223.27,3,0,-20.3,327.0,82.4,19.4,29.6,43.6,66.1,98,95,92,96,96.5,1,0,0,0,0,1,3657527854.156494,159300000.0,0.1902,0.233,8017955,6302943,4,94.9,-0.7,2026-08-11
42,FCEL,Industrials,Electrical Equipment & Parts,NASDAQ,11564328,19.83,220.52,-1,-1,-47.65,389.8,47.6,-7.7,-7.2,-11.5,54.6,98,99,99,80,97.2,1,1,1,0,0,3,1633464248.6800842,79954196.0,0.1891,-0.049,8198476,11866527,3,93.8,4.7,2026-08-11
43,TSEM,Technology,Semiconductors,NASDAQ,2080745,252.55,216.71,0,1,-21.06,441.4,75.2,9.3,7.2,2.0,43.7,98,98,99,97,97.8,1,1,1,0,0,3,28539258408.499146,113031240.0,0.024400001,0.237,2725686,2043501,4,98.0,0.2,2026-08-11
44,TNGX,Healthcare,Biotechnology,NASDAQ,2673308,27.67,216.62,-1,-1,-19.54,314.2,75.3,-4.6,-5.0,-7.3,45.3,98,99,99,99,96.1,1,1,1,1,0,4,4407392498.742912,162814649.0,0.26540002,,2464524,4187740,4,98.3,1.4,2026-08-11
45,PSNL,Healthcare,Diagnostics & Research,NASDAQ,4591179,14.5,215.88,1,-58,-11.53,211.6,84.3,5.7,5.2,12.4,52.4,98,97,38,87,92.8,1,0,0,0,0,1,1511592458.6711082,106750881.0,0.1674,0.3,2747528,4211285,2,78.7,10.0,2026-08-11
46,MNST,Consumer Defensive,Beverages - Non-Alcoholic,NASDAQ,11318348,91.43,215.43,12,1,-8.88,47.5,76.8,-3.2,-4.2,-3.3,11.9,98,86,75,81,49.7,1,0,0,0,0,1,88509959295.37515,979525882.0,0.026700001,0.202,11654265,11873563,0,72.9,20.2,2026-08-11
47,STX,Technology,Computer Hardware,NASDAQ,5301033,800.99,215.31,-1,-1,-30.04,440.9,71.0,-0.8,-0.9,-7.7,52.0,98,99,99,98,98.2,1,1,1,1,1,5,184496522216.79688,227000000.0,0.037,0.485,6191150,4989860,4,98.6,0.6,2026-08-11
48,ABSI,Healthcare,Biotechnology,NASDAQ,3729474,9.01,215.2,-1,-6,-25.26,309.1,76.3,13.7,14.7,10.0,96.6,98,99,94,25,93.8,1,1,0,0,0,2,1512745025.386879,169400333.0,0.2575,-0.818,2541643,5507666,3,78.0,17.9,2026-08-11
49,KOD,Healthcare,Biotechnology,NASDAQ,657030,43.4,214.51,-1,-1,-9.28,424.4,88.7,-1.3,-0.1,9.4,34.5,98,99,99,98,97.9,1,1,1,1,0,4,2839183801.329014,62578441.0,0.2641,,581370,737304,4,98.5,0.7,2026-08-11
50,DRTS,Healthcare,Biotechnology,NASDAQ,726038,13.6,213.72,0,-2,-3.61,366.3,100.0,12.3,12.2,23.1,82.0,98,98,96,97,96.7,1,1,0,0,0,2,1186882041.6509285,90325876.0,0.048,,499966,823867,4,96.9,1.0,2026-08-11
51,PAYS,Technology,Software - Infrastructure,NASDAQ,644973,12.53,212.04,6,2,-2.49,297.2,100.0,19.7,30.7,48.7,113.6,98,92,88,25,84.1,1,0,0,0,0,1,704647681.0336761,56462156.0,0.0353,0.481,912180,652562,1,72.3,17.7,2026-08-11
52,WDC,Technology,Computer Hardware,NASDAQ,8154035,438.34,210.13,-1,-1,-45.2,486.7,54.1,-10.6,-12.3,-21.4,27.2,98,99,99,99,98.5,1,1,1,1,1,5,149695445285.75446,344682131.0,0.0761,0.438,9779365,8970763,4,98.9,0.2,2026-08-11
53,IOVA,Healthcare,Biotechnology,NASDAQ,18191528,6.4,209.14,6,3,-7.51,258.6,100.0,25.3,27.8,44.4,90.2,98,92,89,51,92.2,1,0,0,0,0,1,2871838947.997956,452971432.0,0.2395,0.657,21916486,16611995,2,81.0,8.4,2026-08-11
54,ELVN,Healthcare,Biotechnology,NASDAQ,1054279,59.42,209.13,3,2,-4.65,288.2,94.9,1.4,6.1,19.7,72.1,98,95,94,79,93.9,1,0,0,0,0,1,4429950142.978615,73270761.0,0.1765,,1292489,1600833,3,90.5,3.9,2026-08-11
55,APGE,Healthcare,Biotechnology,NASDAQ,1606567,134.65,206.98,1,-6,-0.17,288.7,99.9,0.2,0.3,12.0,57.1,98,97,90,89,95.5,1,0,0,0,0,1,10137771855.269012,75183715.0,0.0704,,1348821,3120428,3,92.9,3.0,2026-08-11
56,ICHR,Technology,Semiconductor Equipment & Materials,NASDAQ,1155419,64.77,206.71,-1,-2,-42.97,373.8,54.3,-2.9,-13.3,-19.7,33.5,98,99,98,98,95.8,1,1,1,1,0,4,2558872913.8498764,37454229.0,0.0643,0.227,1263247,1212883,4,97.7,1.9,2026-08-11
57,CRNX,Healthcare,Biotechnology,NASDAQ,6489512,84.15,205.18,1,-51,-0.18,208.1,100.0,0.5,0.6,38.9,77.7,98,97,45,75,93.0,1,0,0,0,0,1,8920485030.666122,106095205.0,0.0687,23.363,2132096,4421669,2,77.5,11.6,2026-08-11
58,ARWR,Healthcare,Biotechnology,NASDAQ,2097816,88.33,201.43,2,3,-7.5,418.5,99.5,2.4,7.0,11.3,33.3,98,96,97,98,98.1,1,0,0,1,1,3,12380954248.087212,141254467.0,0.0953,1.71,1437520,2290234,4,97.3,-1.6,2026-08-11
59,IMMX,Healthcare,Biotechnology,NASDAQ,1803268,10.13,199.82,0,0,-16.56,486.2,94.7,22.6,23.0,21.8,50.3,98,98,98,99,97.6,1,1,1,1,0,4,691966342.7297678,71189951.0,0.1444,,1517076,1865757,4,98.2,-0.0,2026-08-11
60,OPTX,Technology,Electronic Components,NASDAQ,504910,7.58,196.14,0,0,-49.2,609.6,59.3,21.5,19.6,-8.4,33.9,98,98,98,99,98.3,1,1,1,1,1,5,313780248.0834446,40279878.0,0.2343,-0.079,452780,752170,4,98.3,-0.3,2026-08-11
61,INTC,Technology,Semiconductors,NASDAQ,111923585,97.52,195.41,0,1,-31.49,373.2,64.1,2.5,1.6,-11.0,41.2,98,98,99,93,97.7,1,1,1,0,0,3,512722607696.5332,5044000000.0,0.024,0.254,111712305,121689185,4,96.9,1.1,2026-08-11
62,HPE,Technology,Communication Equipment,NYSE,17545500,54.68,194.73,1,-8,-14.89,171.9,95.1,6.6,11.3,13.0,78.4,98,97,88,52,88.8,1,0,0,0,0,1,70474113004.07938,1324203521.0,0.055999998,0.4,17799222,28390676,1,81.4,14.0,2026-08-11
63,MANE,Healthcare,Biotechnology,NYSE,741744,110.75,194.55,-1,-2,-15.61,194.2,77.6,0.8,-0.7,0.4,,97,98,97,76,,0,1,0,0,0,1,4779063980.430313,41778687.0,0.1447,,999082,748512,2,90.3,,2026-08-11
64,UPC,Healthcare,Drug Manufacturers - Specialty & Generic,NASDAQ,3535354,7.09,194.41,31,-18,-60.52,164.4,37.2,9.2,25.4,33.1,59.4,97,66,17,13,66.5,0,0,0,0,0,0,3601979.2429304123,647838.0,0.024600001,-0.013,4148184,2617096,0,40.6,15.3,2026-08-11
65,SMJF,Consumer Cyclical,Textile Manufacturing,NYSE ARCA,919098,8.83,193.27,18,-46,1.49,594.7,100.0,31.2,47.9,62.4,,97,79,15,7,,0,0,0,0,0,0,231336760.5686188,27705000.0,0.0299,-0.014,939905,860797,0,33.7,,2026-08-11
66,ABCL,Healthcare,Biotechnology,NASDAQ,7427193,9.34,191.19,6,4,10.66,251.1,100.0,45.3,55.4,54.1,115.3,97,91,89,38,84.7,0,0,0,0,0,0,2116251421.06884,305375393.0,0.19139999,0.963,9407141,7409626,1,75.7,13.9,2026-08-11
67,ETON,Healthcare,Drug Manufacturers - Specialty & Generic,NASDAQ,509225,43.67,190.95,1,-2,-12.97,193.0,79.9,-8.0,-4.3,11.6,71.2,97,96,93,42,86.8,0,0,0,0,0,0,1221699125.0025787,27392358.0,0.0629,0.404,504867,465801,2,79.5,15.7,2026-08-11
68,UMAC,Technology,Computer Hardware,NYSE ARCA,3863947,27.14,190.89,18,29,-21.01,234.7,71.0,9.2,21.4,15.3,61.8,97,79,90,86,88.3,0,0,0,0,0,0,1304364376.041031,49956505.0,0.1966,6.873,3862491,5291744,1,85.8,-7.2,2026-08-11
69,CLRO,Technology,Communication Equipment,NASDAQ,9340296,8.98,190.81,9,-71,-45.58,133.5,32.6,5.7,2.7,19.3,29.4,97,88,8,60,46.7,0,0,0,0,0,0,27208940.244117737,2675412.0,0.1618,,8712318,5613481,0,50.7,34.3,2026-08-11
70,PGEN,Healthcare,Biotechnology,NASDAQ,4982752,7.0,188.84,4,1,-3.58,294.3,93.3,4.4,15.8,29.5,56.3,97,93,90,96,95.7,0,0,0,0,0,0,2588594842.6389804,358035247.0,0.21180001,63.227,6656588,5372927,4,93.7,-1.6,2026-08-11
71,NEWP,Basic Materials,Silver,NYSE ARCA,546614,6.25,187.97,16,33,-1.88,317.3,100.0,19.0,33.0,44.1,58.9,97,81,98,96,96.2,0,0,1,0,0,1,1171492168.0302906,185069855.0,0.0424,,576382,786150,3,92.8,-12.3,2026-08-11
72,SPHR,Communication Services,Entertainment,NYSE,713924,162.49,187.82,1,0,-6.94,319.6,92.1,5.7,10.8,8.2,39.9,97,96,95,97,96.3,0,0,0,0,0,0,5729656619.660812,35913607.0,0.33200002,0.11,901853,744706,4,96.1,-0.2,2026-08-11
73,LIND,Consumer Cyclical,Travel Services,NASDAQ,843120,33.04,186.48,3,-10,-5.46,186.8,94.4,1.3,9.2,21.6,71.0,97,94,81,92,89.3,0,0,0,0,0,0,2227788491.6138496,65619689.0,0.1161,0.186,964290,947230,2,89.1,4.1,2026-08-11
74,XMAX,Consumer Cyclical,"Furnishings, Fixtures & Appliances",NASDAQ,840154,9.2,186.31,3,7,-1.18,462.7,100.0,4.3,6.9,8.1,33.0,97,94,98,99,97.8,0,0,1,1,0,2,578145153.0449448,63602326.0,0.1584,-0.324,636304,1143252,4,97.2,-3.3,2026-08-11
75,MEI,Technology,Electronic Components,NYSE,654403,16.37,186.01,-1,-6,-19.68,231.7,81.4,9.2,8.4,13.7,78.5,97,98,93,71,88.5,0,1,0,0,0,1,591700685.8480492,35494942.0,0.0779,0.159,560691,763046,2,87.6,10.6,2026-08-11
76,VSTS,Industrials,Rental & Leasing Services,NYSE,1273192,13.87,185.62,0,-4,-17.93,241.9,78.9,-2.4,-7.6,-2.1,49.1,97,97,93,75,90.8,0,0,0,0,0,0,1877213220.259409,132105082.0,0.0888,-0.009,1254357,1368001,3,89.0,7.9,2026-08-11
77,CORT,Healthcare,Biotechnology,NASDAQ,1263059,114.23,184.99,3,-33,-6.53,247.9,92.5,1.3,10.3,23.7,77.5,97,94,58,9,60.2,0,0,0,0,0,0,11974059072.81086,108098397.0,0.112799995,0.317,1529218,1164485,1,55.3,37.5,2026-08-11
78,PENG,Technology,Information Technology Services,NASDAQ,4133867,55.18,184.88,-2,-5,-38.59,253.0,63.1,5.9,2.0,-8.9,69.9,97,99,96,34,87.1,0,1,0,0,0,1,2994110918.2080307,51242699.0,0.2694,0.476,2310923,3809686,2,79.0,19.2,2026-08-11
79,PUBM,Technology,Software - Application,NASDAQ,605353,17.76,184.26,7,-13,-3.69,181.1,98.9,21.5,28.5,37.3,82.5,97,90,70,12,64.3,0,0,0,0,0,0,809880115.8567448,45550061.0,0.078200005,0.105,849970,621392,1,59.1,30.4,2026-08-11
80,BW,Industrials,Specialty Industrial Machinery,NYSE,3448229,8.88,184.15,-2,-2,-59.69,623.6,38.5,-0.9,-5.4,-27.7,-18.4,97,99,99,99,99.0,0,1,1,1,1,4,1394626388.4366674,148839531.0,0.1296,0.443,3413928,3647833,4,99.0,-0.0,2026-08-11
81,AYA,Basic Materials,Silver,NASDAQ,622352,27.92,184.15,9,15,2.16,234.2,99.6,18.1,29.1,38.5,66.0,97,88,94,94,92.6,0,0,0,0,0,0,3887804289.293055,142986547.0,15.85,2.466,824968,589953,3,92.1,-4.1,2026-08-11
82,DOCN,Technology,Software - Infrastructure,NYSE,3601465,129.73,183.36,-1,0,-30.81,308.9,60.2,-1.1,-1.9,-15.6,33.7,97,98,99,93,95.3,0,1,1,0,0,2,14514140296.787598,116908096.0,0.14220001,0.286,3921476,3621221,4,96.3,2.2,2026-08-11
83,TVTX,Healthcare,Biotechnology,NASDAQ,1624867,60.89,182.78,0,-5,-8.08,249.4,94.4,2.5,4.6,9.3,52.4,97,97,92,75,94.9,0,0,0,0,0,0,5780089519.473801,94261082.0,0.169,0.482,2154241,1957924,3,89.7,6.0,2026-08-11
84,QURE,Healthcare,Biotechnology,NASDAQ,1528840,46.06,182.72,1,-6,-35.58,398.3,58.4,2.1,7.8,14.0,60.8,97,96,89,71,94.3,0,0,0,0,0,0,3219988718.026306,69366412.0,0.1515,0.11,1786220,2154774,2,87.6,6.6,2026-08-11
85,UCTT,Technology,Semiconductor Equipment & Materials,NASDAQ,1561447,82.27,182.66,-1,-1,-42.96,297.5,53.3,3.8,-2.9,-13.2,37.2,97,98,98,97,95.5,0,1,1,0,0,2,3950420780.25,45277029.0,0.1069,0.243,1652141,1519176,4,97.1,1.5,2026-08-11
86,ACRS,Healthcare,Biotechnology,NASDAQ,2031712,5.9,181.97,0,0,-9.44,261.0,90.7,3.3,5.5,14.6,52.8,97,97,97,92,95.2,0,0,0,0,0,0,868555326.3751221,146963680.0,0.1093,0.372,2327928,1973985,4,95.3,1.9,2026-08-11
87,EWTX,Healthcare,Biotechnology,NASDAQ,1216513,44.58,181.55,1,-4,-7.89,241.1,88.6,4.5,7.8,11.6,44.3,97,96,91,91,94.6,0,0,0,0,0,0,4726451743.795025,108604129.0,0.1325,,1494140,1517550,4,93.1,2.2,2026-08-11
88,ASX,Technology,Semiconductors,NYSE,10127979,37.59,180.94,-1,-2,-17.42,301.3,81.8,6.2,3.5,-0.3,48.5,97,98,97,96,95.9,0,1,0,0,0,1,82213706052.65959,2198815389.0,0.0058,0.267,9529688,11195603,4,96.7,1.5,2026-08-11
89,COGT,Healthcare,Biotechnology,NASDAQ,2244716,41.53,180.89,2,4,-5.03,254.1,87.0,-5.2,-3.6,3.1,8.6,97,95,97,99,94.7,0,0,0,1,0,1,7243094585.270447,170868004.0,0.0975,,1825020,2604862,4,96.4,-0.9,2026-08-11
90,CMPS,Healthcare,Medical Care Facilities,NASDAQ,4194129,13.18,180.51,-1,-3,-14.42,227.9,84.6,7.8,10.1,6.2,58.3,97,98,96,92,91.9,0,1,0,0,0,1,1827213787.652092,134949320.0,0.0964,,3083208,3980111,4,94.5,4.5,2026-08-11
91,BE,Industrials,Electrical Equipment & Parts,NYSE,16501037,210.63,180.23,-2,-2,-40.04,461.0,56.3,-0.7,0.9,-15.7,15.6,97,99,99,99,98.4,0,1,1,1,1,4,64601626993.048645,294527346.0,0.074499995,1.655,21744961,15417604,4,98.8,0.3,2026-08-11
92,CLMT,Basic Materials,Specialty Chemicals,NASDAQ,1182664,45.47,179.69,2,-2,0.6,248.0,100.0,7.7,8.3,19.8,59.0,97,95,91,94,93.4,0,0,0,0,0,0,3440569323.667202,87147147.0,0.0533,0.036,1367513,1080248,4,93.3,1.4,2026-08-11
93,PANW,Technology,Software - Infrastructure,NASDAQ,6788135,385.04,179.27,2,-15,2.14,170.9,99.5,8.4,10.9,19.7,74.6,97,95,78,25,84.8,0,0,0,0,0,0,296545888061.52344,815000000.0,0.0252,0.311,6180547,7736637,1,70.7,20.8,2026-08-11
94,FOSL,Consumer Cyclical,Footwear & Accessories,NASDAQ,889810,5.36,178.9,12,21,-12.99,204.7,80.5,-2.8,10.0,19.0,31.7,97,85,94,95,92.9,0,0,0,0,0,0,317966604.0036411,59101598.0,0.1117,-0.037,1230311,927616,3,91.7,-6.9,2026-08-11
95,ATI,Industrials,Metal Fabrication,NYSE,1507339,228.19,178.55,5,4,-3.71,222.5,100.0,12.0,15.7,18.7,55.5,97,92,91,94,93.1,0,0,0,0,0,0,31025059564.049164,136170383.0,0.0416,0.106,1836727,1738991,4,92.5,-0.9,2026-08-11
96,PBF,Energy,Oil & Gas Refining & Marketing,NYSE,3286330,66.29,178.39,2,-7,-11.31,216.7,92.7,4.7,7.8,31.8,69.1,96,94,85,76,93.1,0,0,0,0,0,0,7314908843.2662735,118536849.0,0.1401,0.562,3898860,3014986,2,87.0,5.0,2026-08-11
97,AGEN,Healthcare,Biotechnology,NASDAQ,7739512,7.0,177.03,11,-28,-20.9,146.6,73.4,-8.0,4.9,47.8,75.3,96,85,46,20,50.9,0,0,0,0,0,0,289831321.3485327,41642431.0,0.1717,0.344,1983767,4977191,0,50.5,33.9,2026-08-11
98,MRVL,Technology,Semiconductors,NASDAQ,25506453,208.56,176.9,-2,-4,-36.78,240.7,59.0,5.7,6.9,-11.9,52.3,96,98,96,36,89.8,0,1,0,0,0,1,196310917294.19528,897544423.0,0.0434,0.276,24025880,44044680,2,79.9,16.7,2026-08-11
99,HNGE,Healthcare,Health Information Services,NYSE,1847794,91.57,176.37,-1,-20,0.08,185.6,95.8,9.7,9.7,15.9,68.1,96,97,78,32,61.7,0,0,0,0,0,0,7208432418.36589,80694417.0,0.1157,0.53,1994263,2095630,1,67.2,32.5,2026-08-11
100,RNG,Technology,Software - Application,NYSE,2288893,64.1,176.02,11,9,-0.9,155.6,98.3,6.0,22.3,42.4,74.9,96,85,83,39,83.3,0,0,0,0,0,0,5283930497.286118,83858604.0,0.2024,0.059,2281480,2011902,0,72.6,10.2,2026-08-11
101,GH,Healthcare,Diagnostics & Research,NASDAQ,2414090,167.21,175.98,-1,-14,-5.31,201.3,95.1,3.3,6.2,11.8,49.2,96,97,84,93,91.8,0,0,0,0,0,0,22609370148.252106,134196170.0,0.089099996,0.443,2344351,2711870,3,91.5,4.7,2026-08-11
102,VSAT,Technology,Communication Equipment,NASDAQ,2657587,84.82,175.8,-1,0,-8.83,230.8,91.8,5.0,10.6,16.2,56.9,96,97,98,98,93.7,0,0,1,1,0,2,11072811629.442368,137755810.0,0.1158,-0.012,2530841,2874852,4,96.7,1.3,2026-08-11
103,AMPG,Technology,Communication Equipment,NASDAQ,2452623,5.69,175.79,-2,-65,-43.72,252.8,56.0,17.2,9.8,-3.6,62.8,96,98,35,47,82.0,0,1,0,0,0,1,146965039.03299236,25338799.0,0.3031,0.486,1707099,4239521,1,65.5,24.5,2026-08-11
104,CRSR,Technology,Computer Hardware,NASDAQ,1873162,13.71,175.25,9,-3,-5.97,180.1,84.4,10.2,18.7,30.3,79.1,96,87,75,18,50.8,0,0,0,0,0,0,1552339402.916235,108176959.0,0.2194,-0.018,2688267,2406941,0,57.7,33.1,2026-08-11
105,UMC,Technology,Semiconductors,NYSE,16301903,18.79,175.03,-3,-8,-35.12,187.8,57.7,0.0,-4.7,-14.4,43.5,96,99,94,89,90.5,0,1,0,0,0,1,46948046895.55584,2507908580.0,0.0088,0.17,17494450,17679886,3,93.1,6.8,2026-08-11
106,RUSHA,Consumer Cyclical,Auto & Truck Dealerships,NASDAQ,729392,80.2,174.93,16,9,-4.08,162.2,100.0,44.1,51.3,63.5,85.7,96,80,73,82,83.5,0,0,0,0,0,0,6223318603.658157,77713767.0,0.1924,-0.016,851710,815792,0,79.6,-1.4,2026-08-11
107,IRDM,Communication Services,Telecom Services,NASDAQ,2229155,49.32,174.76,0,-2,-13.75,211.7,84.1,2.3,4.0,3.1,57.7,96,96,94,61,80.9,0,0,0,0,0,0,5290601955.526543,105960383.0,0.0312,0.038,1256906,2481749,2,83.0,14.8,2026-08-11
108,NEO,Healthcare,Diagnostics & Research,NASDAQ,2903050,16.63,174.31,3,-58,0.18,184.0,99.1,3.6,9.9,22.1,49.6,96,93,32,76,90.7,0,0,0,0,0,0,2157609154.8625183,130211780.0,0.1271,0.112,3170112,3117540,2,72.9,10.7,2026-08-11
109,BB,Technology,Software - Infrastructure,NYSE,21664632,8.83,173.76,-2,-10,-35.03,185.1,60.4,3.9,2.2,-6.8,58.4,96,98,90,22,87.6,0,1,0,0,0,1,5263181602.084515,586100431.0,0.0722,0.256,13363507,31002133,2,74.4,21.2,2026-08-11
110,XNCR,Healthcare,Biotechnology,NASDAQ,1054531,21.58,173.2,15,10,-1.73,215.7,100.0,7.9,13.4,38.0,57.5,96,81,76,48,92.0,0,0,0,0,0,0,1547294151.861002,74353397.0,0.2077,0.175,1062674,998556,1,74.2,1.6,2026-08-11
111,CAKE,Consumer Cyclical,Restaurants,NASDAQ,1704815,111.19,172.49,8,-28,3.0,162.1,100.0,6.8,18.3,36.0,79.2,96,88,52,74,74.2,0,0,0,0,0,0,5326876021.557404,49760634.0,0.3423,0.077,2222365,1577821,0,72.0,13.3,2026-08-11
112,URGN,Healthcare,Biotechnology,NASDAQ,837757,46.31,172.1,-1,-5,-3.9,186.9,100.0,9.4,11.7,27.7,81.0,96,97,93,89,89.2,0,0,0,0,0,0,2287971034.3539505,48721701.0,0.1191,1.992,936361,776408,2,92.1,5.9,2026-08-11
113,ACMR,Technology,Semiconductor Equipment & Materials,NASDAQ,1257103,79.41,171.4,-1,-5,-37.57,234.1,54.4,1.7,-2.4,-12.3,34.2,96,97,93,98,94.0,0,0,0,1,0,1,5791375221.505417,69109487.0,0.0729,0.342,1195831,1498744,4,95.5,1.7,2026-08-11
114,HUT,Financial Services,Capital Markets,NASDAQ,4459969,85.66,170.53,-1,1,-39.16,331.6,60.7,-7.9,-11.4,-18.5,23.9,96,97,99,96,97.4,0,0,1,0,0,1,10919555818.730349,123259468.0,0.1158,0.814,5020367,4378669,4,97.3,-0.2,2026-08-11
115,IBRX,Healthcare,Biotechnology,NASDAQ,10301398,7.49,170.0,-2,-3,-39.74,283.8,58.7,4.3,3.2,-0.3,24.9,96,98,97,97,92.9,0,1,0,0,0,1,8097148984.216591,1059836273.0,0.346,0.939,10349714,11579172,4,96.2,2.9,2026-08-11
116,PTGX,Healthcare,Biotechnology,NASDAQ,658611,150.0,169.75,2,-3,1.35,175.9,98.2,5.6,7.3,18.3,48.9,96,94,89,88,91.1,0,0,0,0,0,0,9438997216.991575,64708285.0,0.15,37.492,516893,744742,2,90.5,3.2,2026-08-11
117,LFST,Healthcare,Medical Care Facilities,NASDAQ,3749522,11.9,169.06,1,-14,1.19,151.6,94.5,6.3,4.7,14.9,51.0,96,95,80,62,88.9,0,0,0,0,0,0,4141482859.85706,382055609.0,0.0513,0.261,4419508,3662403,1,81.5,11.1,2026-08-11
118,VICR,Technology,Electronic Components,NASDAQ,833491,208.81,168.58,-3,-3,-45.43,355.7,49.4,-0.3,-3.0,-22.4,9.8,96,99,99,98,97.2,0,1,1,1,0,3,10198808977.69342,46106732.0,0.0615,0.493,724324,850464,4,98.3,1.1,2026-08-11
119,ANAB,Healthcare,Biotechnology,NASDAQ,721049,55.47,168.28,-2,-2,-23.34,347.4,79.0,5.4,6.3,1.0,33.4,96,98,98,97,96.6,0,1,1,0,0,2,1676136127.4815826,29608481.0,0.3758,-0.08,488778,664779,4,97.4,0.9,2026-08-11
120,HZO,Consumer Cyclical,Specialty Retail,NYSE,528125,52.12,168.27,16,16,36.65,144.8,100.0,35.9,43.3,47.6,78.0,96,80,80,71,85.4,0,0,0,0,0,0,785964541.4424591,22028154.0,0.16229999,-0.07,1018396,436049,0,79.1,-0.9,2026-08-11
121,AMLX,Healthcare,Drug Manufacturers - Specialty & Generic,NASDAQ,1900468,22.67,168.17,9,12,-7.85,202.2,96.6,8.4,18.4,34.2,56.6,96,87,90,96,92.4,0,0,0,0,0,0,2542673921.3563843,111423048.0,0.1428,,2525346,1827621,3,91.4,-4.8,2026-08-11
122,NRIX,Healthcare,Biotechnology,NASDAQ,1224674,25.88,168.13,4,-8,-0.04,215.0,100.0,5.5,8.0,20.9,47.4,96,92,80,80,89.0,0,0,0,0,0,0,2639950476.893137,103405813.0,0.1752,-0.795,1063452,2242696,1,85.2,5.1,2026-08-11
123,RCEL,Healthcare,Medical Devices,NASDAQ,524010,7.6,167.29,72,83,-5.82,150.8,100.0,48.1,57.8,77.9,94.5,96,24,35,24,76.9,0,0,0,0,0,0,240301600.6001172,30926847.0,0.0859,0.04,940281,445948,0,40.0,-27.6,2026-08-11
124,MRVI,Healthcare,Biotechnology,NASDAQ,2649590,6.07,167.18,-1,-9,-18.41,182.0,72.4,-8.5,-12.9,-3.1,40.7,96,97,89,36,89.1,0,0,0,0,0,0,918963404.5334568,147506164.0,0.0746,0.085,1933112,2926370,1,77.8,17.0,2026-08-11
125,CDNL,Industrials,Engineering & Construction,NASDAQ,671997,60.0,167.1,-1,-2,-37.76,73.7,22.5,-36.1,-40.4,-44.7,,96,97,96,53,,0,0,0,0,0,0,1273349376.0,19896084.0,0.115200005,1.048,416751,692846,2,82.0,,2026-08-11
126,NEXA,Basic Materials,Other Industrial Metals & Mining,NYSE,679749,14.86,166.92,1,2,-12.02,203.6,81.0,6.0,9.1,7.4,26.5,96,95,96,96,91.6,0,0,0,0,0,0,1867384465.6213207,132438611.0,0.0031,0.282,713129,768723,4,94.6,1.4,2026-08-11
127,CRWD,Technology,Software - Infrastructure,NASDAQ,9042950,225.16,166.64,1,-15,2.65,153.4,97.6,8.4,11.8,18.1,63.4,95,94,78,28,81.3,0,0,0,0,0,0,218335152953.1116,1018259280.0,0.0274,0.256,7929890,11269354,1,70.3,21.1,2026-08-11
128,SNOW,Technology,Software - Application,NYSE,5143625,334.7,166.44,4,-66,1.0,175.9,99.7,6.7,14.6,25.8,56.6,95,91,21,25,70.8,0,0,0,0,0,0,114547830615.23438,346600000.0,0.0642,0.335,6206867,6796319,1,52.0,30.3,2026-08-11
129,AXGN,Healthcare,Medical Devices,NASDAQ,1272612,48.22,165.26,0,0,2.71,246.0,100.0,7.9,14.3,13.4,38.1,95,95,95,95,94.5,0,0,0,0,0,0,2496147064.996712,53761513.0,0.1173,0.231,1223138,1333797,4,94.9,0.3,2026-08-11
130,MAN,Industrials,Staffing & Employment Services,NYSE,1442831,56.52,164.75,16,-42,-2.45,118.4,98.8,2.6,6.3,33.8,72.5,95,79,21,22,47.9,0,0,0,0,0,0,2632315486.235428,46507342.0,0.1844,0.075,1146404,1364674,0,42.5,32.8,2026-08-11
131,WYHG,Consumer Defensive,Packaged Foods,NASDAQ,2379570,5.72,163.88,2,-51,-78.14,364.2,70.4,52.1,70.3,71.4,143.2,95,93,40,4,56.4,0,0,0,0,0,0,55741500.6000309,12582732.0,0.0095,-0.068,7023970,1587897,1,48.4,41.4,2026-08-11
132,TWLO,Technology,Software - Infrastructure,NYSE,2099851,250.06,163.25,0,-4,-1.74,176.9,100.0,21.8,25.6,24.3,66.8,95,95,91,31,88.6,0,0,0,0,0,0,36619996755.529175,151773860.0,0.036,0.22,2845154,2403562,2,76.4,16.4,2026-08-11
133,HNST,Consumer Defensive,Household & Personal Products,NASDAQ,2106549,5.23,162.67,22,22,-10.45,148.1,92.6,18.9,26.5,36.0,67.9,95,73,73,12,40.4,0,0,0,0,0,0,585772713.4325743,107284379.0,0.0942,-0.109,3905439,1881105,0,49.6,28.5,2026-08-11
134,ADPT,Healthcare,Diagnostics & Research,NASDAQ,2805487,25.45,162.06,5,-41,1.96,109.0,99.5,5.4,9.2,23.0,50.6,95,90,44,86,81.1,0,0,0,0,0,0,3965356425.001144,159059622.0,0.09060001,0.215,2872761,3229476,1,75.3,9.9,2026-08-11
135,FIRY,Communication Services,Electronic Gaming & Multimedia,NYSE,881943,10.48,162.05,-2,-18,-47.6,348.2,78.1,3.5,11.2,12.1,71.9,95,97,81,10,43.3,0,0,0,0,0,0,163098967.67309475,15607557.0,0.2116,0.329,2450951,623898,1,57.8,45.9,2026-08-11
136,AVR,Healthcare,Medical Instruments & Supplies,NASDAQ,1151096,8.96,161.4,-1,-12,-18.95,171.3,80.5,9.2,9.7,0.6,41.9,95,96,85,81,87.9,0,0,0,0,0,0,867319013.8767586,97342203.0,0.1185,-0.112,1070358,1266697,1,87.5,8.1,2026-08-11
137,AMAT,Technology,Semiconductor Equipment & Materials,NASDAQ,8866090,522.12,161.09,-2,-5,-29.41,236.4,65.2,1.9,-0.5,-5.5,36.8,95,97,94,95,90.5,0,0,0,0,0,0,428055298720.4651,793959430.0,0.0211,0.114,7467250,10020716,4,94.1,3.9,2026-08-11
138,CGEM,Healthcare,Biotechnology,NASDAQ,602988,18.28,160.9,0,-2,-5.92,241.4,100.0,11.4,12.0,17.6,46.6,95,95,93,87,89.4,0,0,0,0,0,0,1089651127.4467392,61458046.0,0.2375,,557056,981803,2,91.1,4.6,2026-08-11
139,DK,Energy,Oil & Gas Refining & Marketing,NYSE,1256270,60.81,160.65,1,-2,-11.78,209.0,91.7,0.8,0.5,16.5,51.3,95,94,91,86,92.5,0,0,0,0,0,0,3582869649.2095795,61287542.0,0.1216,0.478,1307212,1220898,3,90.9,2.7,2026-08-11
140,FTNT,Technology,Software - Infrastructure,NASDAQ,5426350,164.21,160.58,-1,-14,-4.58,117.1,93.2,0.5,1.9,5.1,56.7,95,96,83,30,82.7,0,0,0,0,0,0,117130047117.09673,733713653.0,0.0239,0.256,6643070,6163030,1,72.9,21.1,2026-08-11
141,NTAP,Technology,Software - Infrastructure,NASDAQ,2688641,198.72,160.39,3,-18,1.54,110.9,99.8,6.5,12.8,17.7,60.7,95,92,71,33,75.2,0,0,0,0,0,0,37130745402.10024,195919927.0,0.0758,0.125,2787244,3216818,1,67.8,22.3,2026-08-11
142,SIMO,Technology,Semiconductors,NASDAQ,1011139,230.61,159.93,-4,-5,-35.04,204.1,57.1,-9.1,-12.7,-20.9,31.5,95,99,98,94,91.2,0,1,1,0,0,2,8684474534.6344,33907835.0,0.0242,1.27,1521998,1018413,4,95.6,5.0,2026-08-11
143,AMD,Technology,Semiconductors,NASDAQ,28955336,469.56,159.01,-3,-4,-19.7,213.8,75.2,-1.0,-4.5,-7.4,47.9,95,98,97,77,89.9,0,1,0,0,0,1,789073112387.9114,1632475042.0,0.024500001,0.501,32519330,30209786,2,90.5,8.4,2026-08-11
144,OII,Energy,Oil & Gas Equipment & Services,NYSE,1111847,51.12,158.6,4,2,-5.3,137.3,93.7,3.7,6.9,19.7,49.4,95,91,89,85,85.9,0,0,0,0,0,0,4774437192.146149,99529645.0,0.0917,0.1,908723,1142062,1,87.7,4.0,2026-08-11
145,BCAX,Healthcare,Biotechnology,NASDAQ,673576,27.73,158.6,1,-4,-10.52,137.8,67.5,-10.0,-12.0,-7.4,17.4,95,94,89,48,85.3,0,0,0,0,0,0,1843650444.87035,65703866.0,0.1981,,675159,748855,1,79.1,14.0,2026-08-11
146,ATAI,Healthcare,Biotechnology,NASDAQ,16638374,7.25,158.0,10,11,0.0,115.2,99.0,0.1,1.6,29.1,61.8,95,85,86,83,71.1,0,0,0,0,0,0,2682169632.0,369954432.0,0.1205,-0.387,10453082,13482582,0,81.3,7.2,2026-08-11
147,ZURA,Healthcare,Biotechnology,NASDAQ,909741,5.63,157.88,3,5,-24.33,294.3,73.7,-0.7,1.2,14.5,9.8,95,92,94,99,96.0,0,0,0,1,0,1,566661354.6455002,94997710.0,0.1446,,644974,1158882,4,95.2,-3.6,2026-08-11
148,ATRO,Industrials,Aerospace & Defense,NASDAQ,614031,75.46,157.36,2,1,-14.95,198.0,80.3,2.5,5.3,2.2,28.5,95,93,92,97,92.3,0,0,0,0,0,0,3836838722.0,49348408.0,0.0802,0.12,505194,704486,4,93.6,-0.3,2026-08-11
149,NAVN,Technology,Software - Application,NASDAQ,3646167,28.68,157.25,3,-10,-2.52,240.0,99.3,4.3,9.2,18.9,,95,92,79,9,,0,0,0,0,0,0,7395953079.556065,254331262.0,0.3436,0.399,2427483,4524220,1,60.0,,2026-08-11
150,OKTA,Technology,Software - Infrastructure,NASDAQ,2810350,150.77,157.04,0,-70,-3.97,138.9,95.3,3.8,4.7,11.6,56.5,95,95,25,28,66.1,0,0,0,0,0,0,26007385413.39569,175346441.0,0.0511,0.112,2415511,3678396,1,53.5,34.8,2026-08-11
151,AMBQ,Technology,Semiconductors,NYSE,517807,63.92,156.26,-3,-5,-30.23,186.9,62.8,1.8,-4.9,-15.2,45.9,95,98,96,33,66.6,0,1,0,0,0,1,1629575559.0397797,24145438.0,0.077199996,0.593,563041,631362,2,73.4,28.9,2026-08-11
152,CGON,Healthcare,Biotechnology,NASDAQ,933475,76.56,155.5,3,6,-0.57,221.7,100.0,5.5,6.8,14.0,33.1,95,92,95,93,92.6,0,0,0,0,0,0,6656892027.245522,88640375.0,0.1397,,821267,1058667,4,93.2,-0.8,2026-08-11
153,KNSA,Healthcare,Drug Manufacturers - Specialty & Generic,NASDAQ,762319,76.53,155.35,4,3,-7.73,137.6,93.5,1.3,10.2,25.1,57.8,95,91,90,89,86.3,0,0,0,0,0,0,5934506238.291687,78024013.0,0.1129,0.554,902578,820265,2,89.1,2.9,2026-08-11
154,FORM,Technology,Semiconductor Equipment & Materials,NASDAQ,1550150,112.47,154.84,0,2,-29.82,334.7,70.6,9.6,11.6,-0.5,25.5,95,95,97,98,96.8,0,0,0,1,0,1,9151110637.500183,77954772.0,0.0507,0.319,1669770,1725838,4,96.7,-1.7,2026-08-11
155,CIEN,Technology,Communication Equipment,NYSE,2034385,387.7,154.74,-4,-3,-39.19,347.3,55.7,-0.2,-0.3,-11.6,7.8,94,98,99,98,96.4,0,1,1,1,0,3,58375011577.10913,141552922.0,0.0444,0.395,2156767,2922627,4,97.9,0.7,2026-08-11
156,SITM,Technology,Semiconductors,NASDAQ,508728,689.96,154.68,-2,0,-23.49,228.5,66.4,11.7,15.2,4.7,41.8,94,96,98,94,94.1,0,0,1,0,0,1,21809921871.067383,30071036.0,0.0495,1.265,631085,582129,4,95.5,1.1,2026-08-11
157,LIFE,Financial Services,Insurance Brokers,NASDAQ,968984,32.43,154.66,17,33,-0.22,239.6,100.0,25.7,47.4,69.3,,94,77,93,12,,0,0,0,0,0,0,2015436379.8556824,63759454.0,0.082200006,1.134,2031634,760846,1,60.7,,2026-08-11
158,SN,Consumer Cyclical,"Furnishings, Fixtures & Appliances",NYSE,1738399,186.17,154.31,8,-46,-0.78,121.9,100.0,8.2,15.5,26.9,56.6,94,86,32,81,64.6,0,0,0,0,0,0,26254861316.72029,141520379.0,0.133,0.222,2046977,1876695,0,65.9,17.1,2026-08-11
159,DSGN,Healthcare,Biotechnology,NASDAQ,675318,14.33,154.31,-1,1,-16.93,205.2,89.4,9.9,14.8,14.8,34.2,94,95,97,95,94.3,0,0,0,0,0,0,875517283.1661968,62581651.0,0.120299995,,469854,772404,4,95.3,0.1,2026-08-11
160,GKOS,Healthcare,Medical Devices,NYSE,873310,181.42,154.18,6,3,-1.4,143.7,100.0,5.6,11.6,24.7,51.1,94,88,85,56,82.4,0,0,0,0,0,0,10618288590.746569,58983937.0,0.0968,0.495,1232830,973946,0,77.8,9.5,2026-08-11
161,CXW,Industrials,Security & Protection Services,NYSE,1227219,33.0,154.15,2,-27,-2.94,110.3,100.0,8.5,8.4,15.5,56.5,94,92,63,38,66.8,0,0,0,0,0,0,3191292935.299846,98893489.0,0.026600001,0.273,1276968,1330059,1,64.9,26.3,2026-08-11
162,BTSG,Healthcare,Health Information Services,NASDAQ,4145236,61.45,153.75,-3,-6,-16.68,180.2,71.3,-8.2,-13.4,-12.6,21.3,94,97,94,88,90.2,0,0,0,0,0,0,12352664626.013374,197864241.0,0.0792,0.23,3355240,4166444,3,92.3,5.5,2026-08-11
163,VREX,Healthcare,Medical Devices,NASDAQ,818557,18.46,153.74,54,46,26.74,99.4,100.0,41.2,55.2,67.6,58.3,94,40,32,76,77.7,0,0,0,0,0,0,523037872.4189568,42146485.0,0.0324,0.015,1590782,665480,0,56.4,-25.2,2026-08-11
164,ROIV,Healthcare,Biotechnology,NASDAQ,5189510,35.78,153.72,-1,-4,-3.3,215.6,93.9,1.8,1.8,6.1,30.4,94,95,92,96,92.1,0,0,0,0,0,0,26249218475.317745,722323015.0,0.0669,-0.335,5983290,5589868,4,93.8,1.5,2026-08-11
165,JBIO,Healthcare,Biotechnology,NASDAQ,924717,21.73,153.03,1,5,-22.39,230.1,77.6,6.6,8.4,12.9,32.0,94,93,97,80,91.7,0,0,0,0,0,0,1336482799.2811203,60859875.0,0.1529,,826342,1236438,3,90.4,2.9,2026-08-11
166,TER,Technology,Semiconductor Equipment & Materials,NASDAQ,3950250,365.1,152.57,-2,-2,-25.17,262.6,72.5,2.0,6.0,-0.7,27.4,94,96,96,98,94.8,0,0,0,1,0,1,59301609500.80872,156340750.0,0.0539,1.039,4486560,4492242,4,96.2,0.2,2026-08-11
167,OMER,Healthcare,Biotechnology,NASDAQ,1475451,13.62,152.1,4,10,-22.83,237.5,72.8,6.9,19.2,28.8,21.9,94,90,96,96,94.2,0,0,0,0,0,0,956230372.5,72168330.0,0.21620001,,1418723,1867432,4,94.0,-3.9,2026-08-11
168,NKTR,Healthcare,Biotechnology,NASDAQ,855134,74.86,152.08,4,11,-31.32,236.0,68.1,3.5,6.5,13.0,18.8,94,90,97,99,93.7,0,0,0,1,0,1,2583955840.777466,33786032.0,0.2227,0.038,657004,1006104,4,94.9,-4.3,2026-08-11
169,OUST,Technology,Electronic Components,NASDAQ,4278014,42.13,152.04,1,1,-33.96,171.4,62.1,8.1,15.3,5.9,55.3,94,93,93,68,71.3,0,0,0,0,0,0,2920595507.683754,67294825.0,0.093100004,0.559,3194373,4438652,2,81.3,15.8,2026-08-11
170,TIGO,Communication Services,Telecom Services,NASDAQ,1503505,95.88,151.87,-1,-4,-10.5,123.4,85.0,-0.6,-1.0,2.8,31.5,94,95,92,94,84.2,0,0,0,0,0,0,16284640744.094849,167710000.0,0.051599998,0.594,1736346,1896117,3,91.3,5.9,2026-08-11
171,CNC,Healthcare,Healthcare Plans,NYSE,4976135,66.57,151.76,-1,-7,-4.02,157.0,91.2,1.2,0.4,0.5,36.2,94,95,89,45,88.0,0,0,0,0,0,0,32490049491.69159,493995000.0,0.0311,0.046,6331927,5336073,1,79.3,14.1,2026-08-11
172,MYE,Consumer Cyclical,Packaging & Containers,NYSE,525124,33.16,151.73,1,-11,-11.46,105.6,78.8,-6.0,-1.8,7.2,41.8,94,93,81,89,79.8,0,0,0,0,0,0,1292933025.7195663,37618070.0,0.0306,0.098,556492,501710,1,85.7,8.6,2026-08-11
173,HELP,Healthcare,Biotechnology,NASDAQ,1810963,10.01,151.66,38,4,-13.86,160.7,80.4,6.7,19.4,54.1,62.0,94,56,22,39,44.5,0,0,0,0,0,0,719635124.2994556,61984078.0,2.16,,2034569,1550251,0,40.4,12.6,2026-08-11
174,QLYS,Technology,Software - Infrastructure,NASDAQ,867203,185.8,151.12,6,-68,-7.81,147.1,100.0,13.4,20.8,36.2,56.2,94,88,14,19,54.7,0,0,0,0,0,0,6461616293.896713,35217007.0,0.1498,0.11,960530,828080,0,43.9,37.9,2026-08-11
175,FNKO,Consumer Cyclical,Leisure,NASDAQ,1026980,6.19,151.1,2,-5,-12.07,123.8,88.6,1.3,1.1,5.6,37.9,94,92,85,33,86.2,0,0,0,0,0,0,328336760.31033325,55839584.0,0.1096,0.074,1817000,889208,1,74.0,15.4,2026-08-11
176,ALAB,Technology,Semiconductors,NASDAQ,4977066,317.23,151.05,-4,-10,-36.49,211.1,55.3,-1.2,-0.2,-12.5,46.1,94,98,92,48,70.7,0,1,0,0,0,1,57973519533.191895,173485104.0,0.0732,1.045,5709088,5578061,2,77.2,24.3,2026-08-11
177,IMVT,Healthcare,Biotechnology,NASDAQ,1015905,39.89,150.94,-1,-9,-3.25,178.6,99.4,3.8,3.7,9.6,42.1,94,95,87,85,89.1,0,0,0,0,0,0,8251779803.48719,206552682.0,0.19559999,,994377,1323223,1,89.0,5.7,2026-08-11
178,MRNA,Healthcare,Biotechnology,NASDAQ,6653751,59.81,150.48,-1,-5,-30.13,170.9,64.3,6.4,4.2,1.3,31.9,94,95,91,92,85.1,0,0,0,0,0,0,23622786821.10725,399235889.0,0.16149999,0.021,5503294,7322942,3,90.8,5.9,2026-08-11
179,ONTO,Technology,Semiconductor Equipment & Materials,NYSE,1308434,291.35,150.39,-1,-2,-24.61,213.7,78.8,16.4,15.1,7.9,41.1,94,95,94,94,92.7,0,0,0,0,0,0,15335941098.878723,49743567.0,0.0684,0.353,1439894,1329420,4,93.9,1.4,2026-08-11
180,WTTR,Energy,Oil & Gas Equipment & Services,NYSE,1903739,20.89,150.34,0,-1,-7.36,166.9,92.0,7.4,6.4,9.9,42.2,94,94,93,85,87.9,0,0,0,0,0,0,2608514646.1346283,128942892.0,0.0497,0.087,2260338,1879777,2,90.0,5.0,2026-08-11
181,FTRE,Healthcare,Biotechnology,NASDAQ,1460679,18.99,150.18,-2,-6,-11.22,205.5,91.8,3.1,3.9,10.9,40.0,94,96,92,70,91.5,0,0,0,0,0,0,1752693029.0222168,95100000.0,0.1267,-0.045,2078947,1534681,3,87.4,7.8,2026-08-11
182,KYMR,Healthcare,Biotechnology,NASDAQ,652853,108.58,150.0,0,-3,-16.51,190.9,88.1,3.6,0.9,7.9,30.8,94,94,91,95,89.4,0,0,0,0,0,0,8844335585.62674,82257588.0,0.15529999,4.664,536681,879506,3,92.4,2.4,2026-08-11
183,NTRA,Healthcare,Diagnostics & Research,NASDAQ,1325462,318.35,149.98,6,-22,-1.44,99.1,94.3,10.5,14.1,21.9,39.4,94,88,60,71,80.4,0,0,0,0,0,0,46428838036.786194,144144170.0,0.0357,0.377,1580367,1454157,0,74.9,10.0,2026-08-11
184,MGNI,Communication Services,Advertising Agencies,NASDAQ,2698353,24.21,149.86,10,-43,-9.16,117.0,85.5,11.9,19.1,28.6,58.8,94,84,31,16,16.0,0,0,0,0,0,0,3545445062.558447,143424157.0,0.1073,0.112,3108609,3044489,0,36.8,52.9,2026-08-11
185,GPCR,Healthcare,Biotechnology,NASDAQ,617466,53.81,149.77,6,-13,-43.3,197.7,45.4,3.2,5.1,9.1,-1.2,94,88,69,98,93.3,0,0,0,1,0,1,3776899736.859558,71074516.0,0.1197,,470948,724543,2,87.1,-2.7,2026-08-11
186,CGAU,Basic Materials,Gold,NYSE,1529325,21.33,149.49,15,29,-0.7,209.3,100.0,13.0,23.6,29.5,32.1,94,79,93,97,92.3,0,0,0,0,0,0,4154704126.068987,195607541.0,3.45,0.535,1966006,1616821,3,90.3,-11.7,2026-08-11
187,VLO,Energy,Oil & Gas Refining & Marketing,NYSE,2779417,314.95,149.45,2,-3,-1.65,145.8,100.0,5.0,5.5,16.0,44.7,94,92,87,82,86.6,0,0,0,0,0,0,85891640187.9621,287927461.0,0.0442,0.517,2839461,3019138,1,86.9,5.2,2026-08-11
188,AEVA,Technology,Software - Infrastructure,NASDAQ,2008529,23.69,149.32,30,55,-24.31,161.8,74.0,16.8,30.1,11.6,44.1,94,64,89,87,74.0,0,0,0,0,0,0,1855567336.4594,69705758.0,0.1022,0.113,2443317,2112053,0,78.5,-12.1,2026-08-11
189,AMN,Healthcare,Medical Care Facilities,NYSE,819388,36.6,149.18,-1,-4,-0.71,119.3,83.8,-2.2,-2.1,1.6,45.2,94,95,92,27,76.8,0,0,0,0,0,0,1396297872.0,38786052.0,0.1105,0.023,856414,943002,2,72.7,23.0,2026-08-11
190,LWLG,Basic Materials,Specialty Chemicals,NASDAQ,3395661,7.61,149.08,0,5,-59.33,268.8,34.1,6.8,12.6,-6.9,6.6,94,94,99,90,95.2,0,0,1,0,0,1,1249585762.6209564,154079632.0,0.1471,0.273,3345954,4528804,4,94.6,-0.3,2026-08-11
191,TH,Industrials,Specialty Business Services,NASDAQ,1148868,16.07,148.86,0,3,-22.93,167.2,72.7,6.0,3.8,-4.8,40.3,94,94,97,38,78.0,0,0,0,0,0,0,1644156066.4533043,99585466.0,0.1234,0.041,1288666,1293607,2,76.8,18.9,2026-08-11
192,LRCX,Technology,Semiconductor Equipment & Materials,NASDAQ,11995326,306.4,148.66,-2,-3,-30.13,220.9,63.7,3.9,2.1,-7.7,26.1,94,96,95,97,92.0,0,0,0,0,0,0,389585412937.1948,1251278000.0,0.026400002,0.3,12308638,12405441,4,95.0,1.9,2026-08-11
193,QNST,Communication Services,Advertising Agencies,NASDAQ,853321,22.02,148.62,12,-39,3.48,97.9,90.2,20.8,24.7,38.9,53.5,93,81,30,17,46.5,0,0,0,0,0,0,1210948395.217266,57445370.0,0.113400005,0.427,1111904,800804,0,43.6,35.2,2026-08-11
194,CLDX,Healthcare,Biotechnology,NASDAQ,1020173,42.97,148.44,7,6,0.12,121.5,100.0,10.2,16.8,24.8,47.1,93,86,85,37,82.2,0,0,0,0,0,0,3275466707.824066,78529532.0,0.1159,-0.978,951460,1085216,0,72.6,11.8,2026-08-11
195,NBIS,Communication Services,Internet Content & Information,NASDAQ,21422029,184.11,148.41,-4,-3,-38.6,201.6,58.0,-0.4,-0.2,-12.9,34.0,93,97,98,93,90.4,0,0,1,0,0,1,47725243836.11432,253898194.0,0.28,6.839,26654348,20033313,4,94.6,4.0,2026-08-11
196,EAT,Consumer Cyclical,Restaurants,NYSE,1047051,227.54,148.24,13,-39,-1.07,116.4,95.1,0.6,8.1,23.2,45.1,93,80,28,73,54.1,0,0,0,0,0,0,9658330177.116852,42887790.0,0.1865,0.032,1051105,998693,0,58.8,19.6,2026-08-11
197,RCUS,Healthcare,Biotechnology,NYSE,1120627,28.72,148.19,-1,-2,-9.5,213.8,89.3,2.1,1.9,4.8,21.4,93,94,93,88,93.2,0,0,0,0,0,0,3599628001.993038,125773162.0,0.16430001,-0.744,1193732,1354554,3,92.1,1.7,2026-08-11
198,PARR,Energy,Oil & Gas Refining & Marketing,NYSE,1042684,71.67,148.09,1,3,-17.65,177.2,82.0,-2.4,-2.4,15.2,43.4,93,92,94,92,90.0,0,0,0,0,0,0,3321104319.6975784,50099627.0,0.1266,0.568,1212832,980984,4,92.0,0.8,2026-08-11
199,AUGO,Basic Materials,Gold,NASDAQ,933846,76.25,148.05,23,49,-30.88,186.2,59.9,19.2,29.4,24.9,18.8,93,70,96,97,91.0,0,0,0,0,0,0,6189854770.6604,83500000.0,0.1402,0.764,977029,1119733,3,88.5,-18.5,2026-08-11
200,ARM,Technology,Semiconductors,NASDAQ,6167896,267.85,147.97,-4,-10,-40.83,157.2,49.1,3.2,1.3,-15.7,39.0,93,97,91,29,77.1,0,0,0,0,0,0,301784363464.58514,1067998569.0,0.12020001,0.224,6705178,8857333,2,73.5,24.1,2026-08-11
201,DCTH,Healthcare,Medical Devices,NASDAQ,532052,16.67,147.78,18,11,1.8,110.3,100.0,23.8,30.4,37.4,62.7,93,75,68,24,69.8,0,0,0,0,0,0,524298780.5371141,34698795.0,0.085,0.206,870058,564059,0,59.2,13.5,2026-08-11
202,CRL,Healthcare,Diagnostics & Research,NYSE,896502,277.0,147.4,12,-16,3.36,93.7,100.0,11.9,18.0,29.5,48.4,93,81,53,44,76.3,0,0,0,0,0,0,12769670405.080078,47738872.0,0.0801,-0.027,1002808,872123,0,63.6,12.5,2026-08-11
203,BVS,Healthcare,Medical Devices,NASDAQ,832659,13.96,147.38,2,-6,-12.16,112.7,83.9,0.7,7.4,26.1,52.5,93,91,83,59,78.8,0,0,0,0,0,0,1187797805.0,84091880.0,0.0589,0.038,1109629,782787,1,77.9,13.3,2026-08-11
204,DYN,Healthcare,Biotechnology,NASDAQ,2528053,26.5,147.36,0,-15,-2.18,137.6,100.0,3.2,6.9,20.3,37.3,93,93,78,52,85.9,0,0,0,0,0,0,4902093813.75,186746431.0,0.172,,2108729,2374427,1,77.2,13.2,2026-08-11
205,FIVN,Technology,Software - Infrastructure,NASDAQ,3154407,34.48,147.32,6,-29,1.11,139.8,91.1,8.7,19.2,33.6,60.9,93,87,52,14,42.1,0,0,0,0,0,0,2539852944.1109657,74723531.0,0.1031,0.103,4990642,3132106,0,48.8,40.6,2026-08-11
206,VSH,Technology,Semiconductors,NYSE,6716370,33.14,147.09,-5,-7,-52.3,181.6,40.4,-2.1,-7.6,-29.7,21.6,93,98,96,78,84.5,0,1,0,0,0,1,5431156280.066196,153379167.0,0.1249,0.166,6242022,7678738,2,89.1,10.9,2026-08-11
207,VIAV,Technology,Communication Equipment,NASDAQ,5224423,37.2,146.73,-5,-4,-38.44,264.0,62.2,2.0,-0.4,-12.6,17.0,93,98,99,96,94.6,0,1,1,0,0,2,9655276073.01503,246685647.0,0.0678,0.525,6590850,7064622,4,96.9,2.0,2026-08-11
208,DDOG,Technology,Software - Application,NASDAQ,4949472,260.78,146.69,-4,-13,-10.91,140.5,77.7,-5.7,-4.3,-1.2,44.4,93,97,88,26,75.9,0,0,0,0,0,0,83998417734.37598,359075024.0,0.0435,0.356,6790347,5389487,1,71.7,25.6,2026-08-11
209,GEO,Industrials,Security & Protection Services,NYSE,1681054,30.66,146.25,1,-8,-4.93,139.4,100.0,2.8,3.3,8.2,57.4,93,92,83,19,56.3,0,0,0,0,0,0,4039405103.2524414,131619584.0,0.111,0.151,1579472,1969340,1,62.6,33.4,2026-08-11
210,LPTH,Technology,Electronic Components,NASDAQ,2655487,12.57,145.96,6,15,-33.63,283.9,65.7,12.4,14.6,-0.5,14.2,93,87,96,98,95.0,0,0,0,1,0,1,820029681.7674837,62789407.0,0.1535,1.089,2368622,3230648,3,94.0,-7.1,2026-08-11
211,GTE,Energy,Oil & Gas E&P,NYSE ARCA,1158847,8.95,145.89,17,35,-22.31,177.8,100.0,17.6,27.5,31.9,46.5,93,76,94,71,88.1,0,0,0,0,0,0,317008645.18965626,35380429.0,0.078,0.273,2928262,821052,1,82.3,-6.8,2026-08-11
212,CRS,Industrials,Metal Fabrication,NYSE,689902,559.98,145.87,-1,-8,-10.54,131.3,78.9,-1.6,-4.3,-4.4,29.1,93,94,87,88,82.5,0,0,0,0,0,0,28353590009.5896,49685612.0,0.0387,0.126,841887,789157,1,87.9,7.6,2026-08-11
213,SMWB,Technology,Software - Application,NYSE,856556,7.42,145.85,-1,-89,-30.98,211.2,61.0,-1.0,3.2,20.8,37.7,93,94,6,8,10.3,0,0,0,0,0,0,657880082.9601727,87600541.0,0.014199999,0.101,502900,894488,1,29.6,67.9,2026-08-11
214,COHU,Technology,Semiconductor Equipment & Materials,NASDAQ,1156233,49.47,145.73,-3,-4,-33.69,181.9,61.8,6.9,4.6,-6.0,40.1,93,96,95,88,89.7,0,0,0,0,0,0,2503256387.602901,47338433.0,0.2034,0.384,1296401,1373592,2,92.2,4.9,2026-08-11
215,FA,Industrials,Specialty Business Services,NASDAQ,1957111,23.59,145.7,3,-13,-6.2,136.5,80.6,-1.9,-0.3,11.3,45.2,93,90,74,13,35.8,0,0,0,0,0,0,4123806160.2213,171753691.0,0.18450001,0.149,2116693,2005986,1,53.2,44.1,2026-08-11
216,OSCR,Healthcare,Healthcare Plans,NYSE,5334155,27.67,145.59,-3,-9,-16.4,157.8,80.3,-5.0,-5.1,-3.0,45.6,93,96,90,29,73.6,0,0,0,0,0,0,8610888482.265472,308634000.0,0.0798,0.704,6661906,6319655,2,72.1,25.2,2026-08-11
217,FROG,Technology,Software - Application,NASDAQ,2441426,88.15,145.57,-3,-19,-11.16,147.8,81.1,3.6,2.9,1.2,38.7,93,96,80,39,78.1,0,0,0,0,0,0,10842637285.88913,121119724.0,0.1022,0.287,2696379,2926847,1,73.3,21.9,2026-08-11
218,AIP,Technology,Semiconductors,NASDAQ,821040,27.13,145.5,-5,-5,-46.02,219.6,47.2,-7.0,-10.2,-22.6,19.4,93,98,98,84,91.4,0,1,1,0,0,2,1375001655.663784,46171982.0,0.0733,0.387,776001,930166,3,92.8,6.1,2026-08-11
219,TGB,Basic Materials,Copper,NYSE ARCA,6025802,8.77,145.46,10,21,-5.19,186.4,99.0,13.5,18.1,22.0,32.3,93,83,94,98,90.2,0,0,0,1,0,1,3045313894.058548,366023318.0,1.81,1.848,7390117,5717413,3,91.3,-7.7,2026-08-11
220,GSAT,Communication Services,Telecom Services,NASDAQ,1028810,83.82,145.24,0,3,-1.21,235.3,98.5,1.0,3.0,3.3,20.3,93,93,96,95,91.3,0,0,0,0,0,0,10805586923.698044,129563390.0,0.0626,-0.035,1200541,1315482,4,93.8,0.2,2026-08-11
221,NUVB,Healthcare,Biotechnology,NYSE,6762022,6.6,144.98,4,-4,-32.31,184.4,56.6,-0.9,0.2,9.9,10.0,93,89,81,95,90.1,0,0,0,0,0,0,2317413304.314279,351123233.0,0.2647,5.556,5724336,7099675,2,88.8,-0.9,2026-08-11
222,ACHC,Healthcare,Medical Care Facilities,NASDAQ,2960674,31.78,144.8,6,5,-11.3,166.3,81.2,2.1,-3.4,6.7,40.4,93,87,86,20,64.6,0,0,0,0,0,0,2935451734.6768856,93100275.0,0.37330002,-0.004,2994273,3096862,0,64.4,24.7,2026-08-11
223,CBRL,Consumer Cyclical,Restaurants,NASDAQ,940850,56.1,144.8,2,-69,-11.81,123.9,82.6,-2.0,1.8,13.6,61.0,93,91,20,22,8.3,0,0,0,0,0,0,1291690893.8633728,22351460.0,0.4193,-0.029,808711,1284044,1,35.3,62.2,2026-08-11
224,NAT,Energy,Oil & Gas Midstream,NYSE,3244789,6.28,144.05,0,-2,-6.69,120.4,87.3,-3.2,-2.7,3.4,24.3,93,93,91,89,82.3,0,0,0,0,0,0,1367909291.0576468,211750663.0,0.0817,1.043,3061739,4065657,2,88.8,6.4,2026-08-11
225,JAZZ,Healthcare,Biotechnology,NASDAQ,811847,256.52,143.9,2,3,-3.22,123.9,91.0,-3.1,-1.9,2.5,26.8,93,91,92,81,83.8,0,0,0,0,0,0,16654483716.637146,64914577.0,0.0624,0.155,964493,878702,2,86.9,5.5,2026-08-11
226,EC,Energy,Oil & Gas Integrated,NYSE,2325132,17.05,143.86,2,-7,-3.94,99.4,95.6,1.4,3.5,7.4,30.7,93,91,82,77,78.6,0,0,0,0,0,0,34496908264.92969,2055834735.0,0.039100002,0.355,2331408,2827661,1,82.1,9.9,2026-08-11
227,CADL,Healthcare,Biotechnology,NASDAQ,1303299,10.5,143.81,-1,-5,-7.57,141.0,100.0,3.8,6.0,12.0,58.7,93,94,90,43,72.2,0,0,0,0,0,0,775931842.1901512,73270239.0,0.23040001,,1054458,1662803,2,74.8,21.5,2026-08-11
228,OMDA,Healthcare,Health Information Services,NASDAQ,1479345,24.99,143.61,2,-38,-7.15,119.5,82.5,13.7,10.7,16.9,41.7,93,91,51,9,34.4,0,0,0,0,0,0,1407146165.2255611,59448507.0,0.1369,0.431,1945475,1332503,1,46.4,48.7,2026-08-11
229,TE,Industrials,Electrical Equipment & Parts,NYSE,40760802,5.31,143.5,-3,-3,-57.49,341.1,39.2,9.0,2.7,-26.3,-15.0,93,96,96,99,96.9,0,0,0,1,0,1,1633737546.3666058,279271380.0,0.235,2.323,49992126,39416175,4,97.0,-1.0,2026-08-11
230,INSW,Energy,Oil & Gas Midstream,NYSE,513315,90.4,143.48,-2,-3,-7.97,114.6,87.0,-4.2,-2.6,3.3,27.6,92,94,93,89,81.0,0,0,0,0,0,0,4574729138.651611,49504696.0,0.062,0.785,499596,558021,2,89.3,7.6,2026-08-11
231,TNDM,Healthcare,Medical Devices,NASDAQ,1990918,22.81,143.39,62,56,-23.07,131.7,73.4,14.7,25.1,35.6,21.9,92,30,24,48,81.2,0,0,0,0,0,0,1557171404.2672253,69578707.0,0.2576,0.058,2876156,2260427,0,45.8,-28.6,2026-08-11
232,TRVI,Healthcare,Biotechnology,NASDAQ,2438336,17.8,142.91,-1,-3,-11.97,153.9,86.4,-2.5,-1.3,4.8,32.6,92,93,91,87,86.0,0,0,0,0,0,0,2637227849.520132,142475841.0,0.099,,1638189,2283063,2,89.3,4.9,2026-08-11
233,ACHV,Healthcare,Biotechnology,NASDAQ,1413909,6.67,142.74,-3,-6,-6.19,177.5,100.0,4.2,6.4,13.2,39.3,92,95,92,75,89.5,0,0,0,0,0,0,682682738.8403306,102659057.0,0.1443,,982569,1851135,2,87.9,7.0,2026-08-11
234,CROX,Consumer Cyclical,Footwear & Accessories,NASDAQ,1041562,138.19,142.6,5,-26,-2.19,79.5,86.0,-1.7,-2.2,2.7,32.6,92,87,56,65,71.5,0,0,0,0,0,0,6550255912.393188,47945075.0,0.1381,0.026,1259226,1128173,0,69.9,15.3,2026-08-11
235,IMAX,Communication Services,Entertainment,NYSE,1482649,51.21,142.55,22,15,-0.76,100.0,97.4,1.8,11.2,18.6,32.9,92,70,63,79,80.1,0,0,0,0,0,0,2659294199.9106674,54842114.0,0.18,0.122,1607289,1284605,0,73.0,-6.2,2026-08-11
236,STM,Technology,Semiconductors,NYSE,11817577,54.35,142.47,-5,-6,-33.25,159.6,57.6,3.5,-2.2,-17.4,28.4,92,97,96,83,82.9,0,0,0,0,0,0,50022759410.91755,891671315.0,0.0187,0.261,10271113,12637974,2,89.7,9.9,2026-08-11
237,ERO,Basic Materials,Copper,NYSE,1092775,36.54,142.3,45,88,-8.19,167.7,92.9,19.3,29.3,30.7,31.6,92,47,90,94,88.7,0,0,0,0,0,0,3578623481.467869,104302633.0,3.96,0.739,1380606,1213881,2,79.9,-34.5,2026-08-11
238,FIGS,Consumer Cyclical,Apparel Manufacturing,NYSE,3431998,14.39,142.3,35,68,-17.68,127.6,73.7,20.4,30.6,29.1,19.5,92,57,90,90,84.7,0,0,0,0,0,0,2369159888.946484,166140242.0,0.2141,0.28,4525826,3259129,2,80.4,-23.7,2026-08-11
239,RHI,Industrials,Staffing & Employment Services,NYSE,2390147,42.68,141.65,14,-39,-3.4,92.8,97.1,4.4,5.4,20.0,46.3,92,78,25,18,31.9,0,0,0,0,0,0,4374944700.53093,102361828.0,0.26700002,-0.024,2182811,2443756,0,38.2,40.4,2026-08-11
240,AMCX,Communication Services,Entertainment,NASDAQ,714222,11.85,141.63,7,-5,-5.35,80.8,95.6,4.5,9.2,15.0,34.9,92,85,73,61,73.3,0,0,0,0,0,0,489224641.8979464,41249971.0,0.21149999,-0.088,1159956,663107,0,73.1,11.8,2026-08-11
241,ILMN,Healthcare,Diagnostics & Research,NASDAQ,2031987,191.79,141.62,-1,-10,-7.35,111.9,89.3,-2.2,-0.5,6.1,34.7,92,93,84,64,79.9,0,0,0,0,0,0,28381961013.793945,151000000.0,0.0946,0.094,2642881,2077264,1,80.2,13.3,2026-08-11
242,HBM,Basic Materials,Copper,NYSE,4796625,27.91,141.6,20,42,-13.19,189.7,81.2,10.2,17.5,12.3,23.4,92,72,94,97,90.8,0,0,0,0,0,0,12262837094.684448,444144760.0,2.08,0.177,5272447,5339209,3,88.4,-16.6,2026-08-11
243,MITK,Technology,Software - Application,NASDAQ,810256,18.55,141.33,-2,-14,-11.88,114.1,85.9,6.0,4.9,4.5,37.2,92,94,82,86,74.9,0,0,0,0,0,0,834312684.9323082,45122374.0,0.077,0.182,791748,956305,1,84.2,12.3,2026-08-11
244,STGW,Communication Services,Advertising Agencies,NASDAQ,1533004,9.09,141.24,4,-14,-3.3,110.9,100.0,5.2,13.9,23.9,50.6,92,88,70,28,70.0,0,0,0,0,0,0,2241839904.3219967,244475451.0,0.089099996,0.112,2210143,1534962,0,64.0,22.8,2026-08-11
245,COHR,Technology,Scientific & Technical Instruments,NYSE,5429972,325.15,141.12,-4,-2,-26.1,279.6,71.1,8.0,11.0,-3.7,25.2,92,96,98,96,90.6,0,0,1,0,0,1,74172736726.00012,195639321.0,0.0521,0.205,7394806,5873565,4,95.2,2.5,2026-08-11
246,NET,Technology,Software - Infrastructure,NYSE,3539856,310.59,140.75,4,-32,-4.35,91.6,97.6,5.4,9.6,18.1,42.0,92,88,52,48,57.3,0,0,0,0,0,0,106920052111.0414,356079715.0,0.0347,0.359,4655268,3767239,0,61.3,27.0,2026-08-11
247,HUM,Healthcare,Healthcare Plans,NYSE,1481477,385.7,140.73,-2,-11,-10.07,127.8,85.1,0.6,-2.6,-1.1,38.8,92,94,85,19,48.5,0,0,0,0,0,0,46230918580.0,120080308.0,0.0402,0.262,1842282,1510182,1,61.6,38.6,2026-08-11
248,LILA,Communication Services,Telecom Services,NASDAQ,658580,8.51,140.52,2,-27,-4.17,84.4,96.8,1.7,7.4,23.0,47.8,92,90,61,59,64.9,0,0,0,0,0,0,1667109044.8379517,195900000.0,0.025899999,0.015,693921,863511,1,68.7,21.7,2026-08-11
249,SMTC,Technology,Semiconductors,NASDAQ,2505573,131.27,140.24,-3,-2,-25.98,170.6,65.5,5.6,3.8,-7.9,29.2,92,95,96,93,88.4,0,0,0,0,0,0,12987135671.995115,93151168.0,0.08140001,0.159,2249171,3358692,3,93.1,3.6,2026-08-11
250,NEOG,Healthcare,Medical Devices,NASDAQ,2096663,11.4,140.22,12,4,-11.28,124.9,92.1,1.0,8.6,17.6,29.5,92,80,72,92,84.3,0,0,0,0,0,0,2501102561.747238,218056016.0,0.0661,-0.001,3071311,2176868,1,82.1,-3.7,2026-08-11
251,AVT,Technology,Electronics & Computer Distribution,NASDAQ,1152363,97.4,140.18,3,3,-2.6,116.3,97.3,3.8,6.6,8.2,41.3,92,89,89,82,74.5,0,0,0,0,0,0,7917784438.802948,82024081.0,0.092,0.477,1454419,1338431,0,83.6,8.6,2026-08-11
252,CCXI,Financial Services,Shell Companies,NASDAQ,4076343,16.1,140.06,5,-39,-18.23,62.2,69.7,6.5,9.6,20.0,,92,87,43,40,,0,0,0,0,0,0,925734046.7453004,55700000.0,0.024400001,,3146571,2922870,0,56.7,,2026-08-11
253,MKSI,Technology,Scientific & Technical Instruments,NASDAQ,1559000,292.35,139.95,-5,-6,-34.69,199.9,56.6,-1.1,-6.2,-14.4,17.5,92,97,96,97,91.4,0,0,0,0,0,0,20622678354.092285,67617558.0,0.0868,0.283,2041811,1456242,4,95.4,2.9,2026-08-11
254,MPC,Energy,Oil & Gas Refining & Marketing,NYSE,2069205,320.32,139.93,1,-7,-2.02,112.1,100.0,8.1,8.2,19.2,48.7,92,91,83,68,81.4,0,0,0,0,0,0,87055508120.67963,291936635.0,0.0254,0.537,2065397,2291667,1,80.8,10.2,2026-08-11
255,ZETA,Technology,Software - Infrastructure,NYSE,9168398,27.54,139.77,12,-29,-3.37,100.3,100.0,17.6,27.5,34.5,52.6,92,80,39,25,60.6,0,0,0,0,0,0,6687002283.993454,251013605.0,0.1426,0.435,11960625,9682531,0,51.2,24.8,2026-08-11
256,UTZ,Consumer Defensive,Packaged Foods,NYSE,5340423,14.11,139.27,70,60,-0.56,107.5,99.2,-0.1,10.6,47.9,52.6,92,22,12,20,18.5,0,0,0,0,0,0,2031306776.0044968,143962213.0,0.1149,0.014,3308469,3909313,0,18.1,3.2,2026-08-11
257,AMPL,Technology,Software - Application,NASDAQ,2379521,12.19,139.17,25,-28,-1.93,126.2,100.0,23.6,31.3,48.8,47.7,92,67,14,10,17.9,0,0,0,0,0,0,1493292740.3141365,132619246.0,0.0983,0.212,2460564,2517146,0,27.2,41.2,2026-08-11
258,MT,Basic Materials,Steel,NYSE,1658052,73.9,138.92,4,5,-2.33,127.2,96.2,2.1,6.3,10.1,31.2,92,88,89,95,83.1,0,0,0,0,0,0,55263716736.76579,754041698.0,0.0056,0.052,1476328,1760931,1,88.8,1.0,2026-08-11
259,ZIP,Communication Services,Internet Content & Information,NYSE,632511,5.04,138.51,9,12,-10.16,191.1,85.0,9.8,15.5,27.4,44.1,91,82,85,4,31.9,0,0,0,0,0,0,422642466.8416228,82226163.0,0.0618,0.052,919264,729786,0,50.7,40.3,2026-08-11
260,CHEF,Consumer Defensive,Food Distribution,NASDAQ,584009,108.83,138.5,-1,-15,-7.24,100.2,90.1,-0.7,5.7,13.9,50.0,91,92,78,61,70.6,0,0,0,0,0,0,4495728222.100235,40796083.0,0.1594,0.129,719178,575185,1,75.4,18.3,2026-08-11
261,ALOY,Basic Materials,Other Industrial Metals & Mining,NASDAQ,2844434,12.98,138.29,33,58,-51.75,123.3,34.9,22.3,35.0,4.1,17.4,91,58,83,96,77.4,0,0,0,0,0,0,837194867.4936905,68231038.0,2.03,,4132024,3158106,1,78.6,-19.8,2026-08-11
262,DHC,Real Estate,REIT - Healthcare Facilities,NASDAQ,1637319,8.41,138.26,-3,-2,-12.94,142.1,76.4,-6.9,-9.4,-8.9,18.3,91,94,95,95,86.5,0,0,0,0,0,0,2135577600.268097,242128988.0,0.0575,-0.045,2246309,1903799,3,92.6,3.4,2026-08-11
263,GCT,Technology,Software - Infrastructure,NASDAQ,702522,51.65,138.22,32,55,-8.21,102.5,93.8,8.7,20.8,38.9,32.8,91,59,82,84,72.4,0,0,0,0,0,0,1901570120.25,35710237.0,0.19870001,0.276,902616,734565,0,74.4,-14.0,2026-08-11
264,ZBIO,Healthcare,Biotechnology,NASDAQ,835466,31.99,137.91,-1,-30,-28.27,117.6,62.0,1.9,3.6,24.9,24.9,91,92,63,95,83.4,0,0,0,0,0,0,2047415435.3767776,63133377.0,0.2874,,515298,847003,2,83.3,6.6,2026-08-11
265,FLEX,Technology,Electronic Components,NASDAQ,4840567,119.7,137.89,-6,-6,-28.26,149.8,64.9,3.7,2.0,-10.3,35.6,91,97,97,80,86.7,0,0,0,0,0,0,44827050816.63579,369402978.0,0.0234,0.206,5805801,6962434,2,90.2,8.6,2026-08-11
266,TENB,Technology,Software - Infrastructure,NASDAQ,3990107,36.7,137.86,-3,-77,-15.96,135.9,81.9,7.9,7.7,13.7,49.0,91,94,20,18,38.7,0,0,0,0,0,0,4011694495.5231743,110271973.0,0.113000005,0.086,3979452,3683766,1,42.7,50.2,2026-08-11
267,NUE,Basic Materials,Steel,NYSE,1444536,274.61,137.74,2,1,-1.96,106.4,98.0,1.8,7.0,9.9,38.7,91,89,88,82,77.6,0,0,0,0,0,0,62087569735.71045,227735644.0,0.0234,0.23,1618709,1627495,0,84.1,7.2,2026-08-11
268,HAE,Healthcare,Medical Devices,NYSE,703280,86.61,137.56,15,-28,-2.24,83.0,98.5,1.6,6.1,12.6,26.6,91,76,33,29,64.4,0,0,0,0,0,0,3996460793.224823,45497051.0,0.0806,0.056,889290,849460,0,50.6,19.5,2026-08-11
269,CYRX,Industrials,Integrated Freight & Logistics,NASDAQ,666203,14.82,137.55,-3,-7,-12.26,93.7,81.7,-0.9,-3.7,-3.4,33.2,91,94,90,58,78.3,0,0,0,0,0,0,762082966.791913,50402313.0,0.0602,0.077,541691,781410,2,80.1,15.4,2026-08-11
270,TTMI,Technology,Electronic Components,NASDAQ,2976308,130.08,137.46,-5,-3,-41.88,226.4,50.0,4.4,0.9,-18.1,13.7,91,96,98,97,90.9,0,0,1,0,0,1,14454918336.73828,105348864.0,0.0327,0.374,4295825,2989451,4,95.5,2.1,2026-08-11
271,VELO,Technology,Computer Hardware,NASDAQ,1927717,12.95,137.34,5,16,-59.21,360.9,38.8,14.0,22.5,-14.4,4.5,91,86,97,88,83.7,0,0,0,0,0,0,421982183.772728,29801002.0,0.35099998,0.482,1803172,3371462,1,88.7,-0.3,2026-08-11
272,ALM,Basic Materials,Other Industrial Metals & Mining,NASDAQ,6423216,13.7,137.28,0,7,-43.88,227.3,47.7,4.3,0.4,-14.4,-5.2,91,91,98,98,93.5,0,0,1,1,0,2,4023459505.411141,283741849.0,3.15,2.212,8216708,6351051,4,95.1,-3.4,2026-08-11
273,CRDO,Technology,Semiconductors,NASDAQ,6151938,239.93,137.24,-4,-6,-22.27,182.1,74.5,10.9,12.9,4.6,46.2,91,95,93,81,80.3,0,0,0,0,0,0,46598961817.40292,186477898.0,0.036199998,1.57,5519425,8413403,2,87.3,10.3,2026-08-11
274,LILAK,Communication Services,Telecom Services,NASDAQ,1461059,8.43,136.71,2,-25,-4.63,80.2,97.7,1.9,7.3,22.4,44.9,91,89,62,58,61.4,0,0,0,0,0,0,1643601067.2569275,195900000.0,0.0336,0.015,1346819,1743021,0,67.6,22.7,2026-08-11
275,APA,Energy,Oil & Gas E&P,NASDAQ,5471667,41.02,136.66,9,18,-10.16,103.9,84.6,8.8,11.9,14.6,27.5,91,82,91,79,79.4,0,0,0,0,0,0,13183727695.515783,350351510.0,0.12,0.092,6199473,5590878,1,82.9,1.0,2026-08-11
276,AMRX,Healthcare,Drug Manufacturers - Specialty & Generic,NASDAQ,1850435,17.88,136.58,0,-22,-7.17,93.4,80.5,-6.5,-5.5,1.6,24.2,91,91,69,92,78.9,0,0,0,0,0,0,5792670421.535614,319331346.0,0.0375,0.099,1852127,2062125,2,82.7,8.1,2026-08-11
277,CON,Healthcare,Medical Care Facilities,NYSE,974601,34.1,136.43,1,-17,-2.99,76.5,93.0,3.2,3.9,10.3,38.5,91,90,72,62,58.8,0,0,0,0,0,0,4358378402.528763,127961780.0,0.047399998,0.1,969175,991935,1,70.7,23.0,2026-08-11
278,SATL,Industrials,Aerospace & Defense,NASDAQ,5976659,5.33,135.87,51,109,-55.58,352.8,47.3,27.0,39.7,9.7,29.3,91,40,98,71,67.8,0,0,1,0,0,1,848644305.7876439,153739911.0,0.1714,2.585,6955039,7355917,1,69.2,-25.9,2026-08-11
279,ALKS,Healthcare,Drug Manufacturers - Specialty & Generic,NASDAQ,1813845,49.4,135.78,-2,-19,-11.26,85.6,79.1,-0.0,-3.1,-0.1,36.2,91,93,76,57,74.3,0,0,0,0,0,0,8248919777.056274,167763272.0,0.1243,0.27,2011797,2215123,1,75.1,18.2,2026-08-11
280,ZBRA,Technology,Communication Equipment,NASDAQ,814675,378.08,135.67,45,26,-1.45,92.2,100.0,12.8,26.8,41.8,54.0,91,46,27,33,28.8,0,0,0,0,0,0,17933495288.910156,47633392.0,0.077199996,0.204,1140696,943171,0,33.7,13.1,2026-08-11
281,MAMA,Consumer Defensive,Packaged Foods,NASDAQ,679889,17.67,135.65,-1,-10,-15.86,123.1,77.5,-2.5,-0.2,2.5,20.5,91,92,83,94,83.6,0,0,0,0,0,0,832766474.7150764,46497291.0,0.07,0.497,495767,681777,2,88.2,4.7,2026-08-11
282,KLIC,Technology,Semiconductor Equipment & Materials,NASDAQ,1079599,86.5,135.64,-6,-7,-36.3,159.6,56.7,1.4,-4.8,-15.1,21.8,91,97,96,95,88.2,0,0,0,0,0,0,4778171362.893372,52329115.0,0.060900003,1.226,1283368,1146571,3,94.1,4.9,2026-08-11
283,VCTR,Financial Services,Asset Management,NASDAQ,523658,111.44,135.59,5,-2,1.37,87.0,100.0,9.1,12.2,22.4,50.5,91,86,79,67,64.2,0,0,0,0,0,0,6652875532.77478,61509572.0,0.0588,0.24,639465,534161,0,74.0,15.4,2026-08-11
284,WNC,Industrials,Farm & Heavy Construction Machinery,NYSE,1350230,12.53,135.57,5,-67,-12.5,83.0,77.2,-1.2,-3.9,5.2,27.5,91,86,14,80,33.8,0,0,0,0,0,0,526731659.3219986,40737173.0,0.095699996,-0.091,1338691,1215312,0,53.5,34.5,2026-08-11
285,LSCC,Technology,Semiconductors,NASDAQ,1941039,128.32,135.47,-2,-3,-18.27,108.2,69.2,-0.6,-1.4,-7.7,22.1,91,93,92,90,80.2,0,0,0,0,0,0,18431649473.236298,141749209.0,0.0688,0.622,2290039,1970875,3,88.8,7.1,2026-08-11
286,STLD,Basic Materials,Steel,NASDAQ,1194754,268.6,135.46,3,3,-6.98,115.4,88.1,1.4,5.3,5.2,30.1,91,88,88,84,82.1,0,0,0,0,0,0,37616458445.21045,143328088.0,0.0312,0.334,1155743,1266252,0,85.5,3.7,2026-08-11
287,NWL,Consumer Defensive,Household & Personal Products,NASDAQ,10665538,5.9,135.43,16,-26,-17.25,97.7,92.7,4.8,11.0,19.0,43.7,91,75,33,47,34.3,0,0,0,0,0,0,2559659097.480774,425900000.0,0.22690001,0.03,13915095,12747169,0,47.3,30.1,2026-08-11
288,IMNM,Healthcare,Biotechnology,NASDAQ,1228817,25.69,135.41,2,4,-7.09,192.0,96.0,7.0,11.6,21.1,23.3,91,89,91,95,89.6,0,0,0,0,0,0,2834657439.5828743,113250394.0,0.17809999,,1052143,1454558,2,91.1,-1.7,2026-08-11
289,OSS,Technology,Computer Hardware,NASDAQ,1148171,12.65,135.24,-5,-3,-39.42,193.1,53.7,-0.2,-0.2,-15.5,20.7,91,96,98,96,85.3,0,0,1,0,0,1,327941779.4108219,24769017.0,0.1397,0.623,1171495,1263055,3,93.8,5.2,2026-08-11
290,BLMN,Consumer Cyclical,Restaurants,NASDAQ,2175361,11.02,135.15,14,13,-12.75,111.4,88.9,11.1,20.8,30.3,55.8,90,76,75,25,67.8,0,0,0,0,0,0,937549024.819106,85620917.0,0.1108,0.013,2822455,2247985,0,61.0,14.4,2026-08-11
291,ANGO,Healthcare,Medical Instruments & Supplies,NASDAQ,518985,15.75,135.13,10,-17,0.13,86.4,100.0,3.7,8.3,18.6,32.3,90,80,53,58,74.7,0,0,0,0,0,0,648505166.0662394,41332389.0,0.0339,0.08,500336,465185,0,66.4,9.8,2026-08-11
292,PRCH,Financial Services,Insurance - Property & Casualty,NASDAQ,1988017,15.43,134.95,1,-45,-20.61,146.2,74.1,3.7,12.5,20.6,55.2,90,89,43,38,18.9,0,0,0,0,0,0,1799289443.9043808,113519836.0,0.2092,0.117,2447441,1974232,0,47.2,49.8,2026-08-11
293,VIK,Consumer Cyclical,Travel Services,NYSE,2036515,103.8,134.83,1,-6,-5.71,77.9,86.9,-3.4,-0.9,2.6,27.8,90,89,82,85,73.0,0,0,0,0,0,0,47198962556.42905,446157124.0,0.0358,0.175,1973256,2368137,0,82.2,9.5,2026-08-11
294,BFH,Financial Services,Credit Services,NYSE,640554,108.41,134.69,3,-4,-5.0,99.7,92.4,-1.4,2.0,5.9,32.0,90,87,80,74,74.8,0,0,0,0,0,0,4376893268.468742,40407065.0,0.00029999999,0.038,484124,704380,0,78.9,9.4,2026-08-11
295,ASML,Technology,Semiconductor Equipment & Materials,NASDAQ,1916559,1733.48,134.56,-1,-2,-13.32,149.5,85.0,6.8,4.8,1.8,27.0,90,91,90,93,87.6,0,0,0,0,0,0,668714255249.0234,384100000.0,0.0033000002,0.213,1673699,2027275,3,90.4,1.4,2026-08-11
296,MGTX,Healthcare,Biotechnology,NASDAQ,744644,13.02,134.44,2,-2,-15.18,86.7,79.0,5.2,6.0,11.1,41.4,90,88,84,59,66.9,0,0,0,0,0,0,1210406345.8578186,92609516.0,0.0645,-0.848,449603,895184,0,74.5,16.8,2026-08-11
297,AIRJ,Industrials,Building Products & Equipment,NASDAQ,1679131,5.93,134.43,39,30,-12.15,155.0,95.3,20.0,35.9,36.0,65.7,90,51,42,15,51.5,0,0,0,0,0,0,428611486.4837265,72400588.0,0.12109999,,2105894,1850988,0,39.9,7.8,2026-08-11
298,CHYM,Technology,Software - Application,NASDAQ,7112437,30.85,134.41,62,51,-7.66,93.0,100.0,19.3,31.1,51.0,47.4,90,28,17,20,17.6,0,0,0,0,0,0,11016826874.51876,378585111.0,0.0785,0.268,10913501,6518632,0,20.7,7.9,2026-08-11
299,GTX,Consumer Cyclical,Auto Parts,NASDAQ,2351869,29.01,134.41,-7,-9,-19.97,133.5,70.1,-3.8,-5.7,-9.7,27.1,90,97,95,91,85.0,0,0,0,0,0,0,5566828479.041592,186493414.0,0.0295,0.069,2443449,2659131,3,92.0,7.4,2026-08-11
300,ULCC,Industrials,Airlines,NASDAQ,4125818,6.78,134.4,-2,-42,-19.33,123.1,76.9,-4.6,3.4,2.1,36.6,90,92,52,66,80.8,0,0,0,0,0,0,1698992416.3261042,230215771.0,0.4047,0.377,4494124,4291428,1,72.7,14.8,2026-08-11
301,PL,Industrials,Aerospace & Defense,NYSE,8140376,23.1,134.3,-4,1,-55.37,271.5,38.5,7.6,7.3,-14.6,-9.4,90,94,99,99,95.4,0,0,1,1,0,2,8528712555.945419,356402526.0,0.11,0.421,6113718,12341119,4,96.8,-2.2,2026-08-11
302,BLFS,Healthcare,Medical Instruments & Supplies,NASDAQ,1360554,34.64,134.29,11,-38,-0.35,91.8,100.0,5.2,10.3,20.5,41.5,90,79,30,30,59.3,0,0,0,0,0,0,1695106353.1774292,48906704.0,0.0915,0.215,830722,1217524,0,49.6,24.5,2026-08-11
303,RAL,Technology,Electronic Components,NYSE,1718030,69.39,134.22,2,-3,-7.98,86.3,94.0,6.4,4.8,5.6,34.7,90,88,83,35,63.0,0,0,0,0,0,0,7462668201.953491,110640008.0,0.091000006,0.128,2263120,1705470,0,67.2,23.6,2026-08-11
304,HP,Energy,Oil & Gas Drilling,NYSE,1180063,41.87,133.93,7,14,0.12,142.8,100.0,17.5,20.9,20.5,26.6,90,83,90,89,87.0,0,0,0,0,0,0,3707734707.005272,99938945.0,0.1259,-0.006,1374670,1231736,1,87.2,-3.9,2026-08-11
305,SSL,Basic Materials,Specialty Chemicals,NYSE,1239355,11.51,133.77,1,8,-19.9,139.8,70.7,1.3,1.2,1.2,18.3,90,89,96,87,85.6,0,0,0,0,0,0,7096286944.110825,641037682.0,0.0088,0.002,1139485,1463581,1,89.4,1.4,2026-08-11
306,HALO,Healthcare,Biotechnology,NASDAQ,2091780,102.62,133.74,20,8,-0.66,66.5,98.8,15.0,21.8,32.2,45.1,90,70,58,78,65.5,0,0,0,0,0,0,12231372885.780334,118613000.0,0.145,0.477,2749271,2010476,0,67.9,1.8,2026-08-11
307,DINO,Energy,Oil & Gas Refining & Marketing,NYSE,2883957,85.22,133.62,-2,-8,-9.55,97.8,86.0,-1.5,-2.7,9.5,38.6,90,92,86,81,78.0,0,0,0,0,0,0,14473383798.1539,177783849.0,0.051799998,0.532,3119501,2678642,1,84.2,9.8,2026-08-11
308,PEB,Real Estate,REIT - Hotel & Motel,NYSE,2278560,17.72,133.59,-1,-14,-11.09,89.5,81.1,-4.8,-6.1,-3.4,28.0,90,91,78,69,76.1,0,0,0,0,0,0,2051480611.316864,112842716.0,0.1889,-0.001,2372790,2724044,1,78.5,13.2,2026-08-11
309,SVM,Basic Materials,Silver,NYSE ARCA,2647447,12.21,133.47,22,51,-22.57,193.3,72.8,19.2,26.3,20.7,22.4,90,68,97,97,90.3,0,0,0,0,0,0,2532768983.5589647,221202535.0,0.1275,0.962,2495092,3289622,3,88.1,-19.9,2026-08-11
310,VOYG,Industrials,Aerospace & Defense,NYSE,1737658,43.0,133.27,60,99,-17.94,138.5,73.7,28.7,44.7,26.1,43.4,90,30,69,29,48.1,0,0,0,0,0,0,2480120761.52314,59262147.0,0.2165,0.155,1947336,2229185,0,44.0,-12.8,2026-08-11
311,VPG,Technology,Scientific & Technical Instruments,NYSE,621623,64.88,133.27,-8,-8,-57.25,156.1,33.1,-15.7,-27.1,-41.0,2.3,90,98,98,91,87.2,0,1,1,0,0,2,913648244.9191284,13320430.0,0.1104,0.117,822561,604952,3,93.5,6.8,2026-08-11
312,ITGR,Healthcare,Medical Devices,NYSE,1156026,125.08,133.14,45,40,-0.84,97.5,98.4,4.4,15.1,26.6,45.9,90,45,40,33,25.2,0,0,0,0,0,0,4258183738.850952,33992048.0,0.1525,-0.026,2557148,872419,0,35.8,12.8,2026-08-11
313,RBRK,Technology,Software - Infrastructure,NYSE,2915979,97.91,132.89,7,-47,-1.84,121.3,97.1,17.4,22.3,24.1,45.0,90,83,29,16,18.8,0,0,0,0,0,0,18538978876.806107,205828566.0,0.0862,0.39,3109298,3719663,0,36.7,50.9,2026-08-11
314,FRO,Energy,Oil & Gas Midstream,NYSE,2115237,38.45,132.61,-1,-1,-10.79,106.4,80.6,-2.3,-1.0,0.9,19.6,90,91,91,90,78.7,0,0,0,0,0,0,8847034022.26513,222622890.0,0.0497,0.669,1895051,2699184,3,87.7,6.3,2026-08-11
315,PDFS,Technology,Software - Application,NASDAQ,597669,47.63,132.54,-4,-3,-33.56,159.1,58.2,3.7,-0.0,-11.3,24.5,90,94,95,89,87.7,0,0,0,0,0,0,2070358785.9425356,41867720.0,0.0792,0.189,574547,696385,2,91.4,4.0,2026-08-11
316,ZD,Communication Services,Advertising Agencies,NASDAQ,652925,54.31,132.46,5,-3,-6.46,101.8,93.5,0.0,0.7,6.1,30.3,90,85,77,26,54.4,0,0,0,0,0,0,1984322958.655548,36835400.0,0.1825,-0.186,702317,660469,0,60.6,27.9,2026-08-11
317,XENE,Healthcare,Biotechnology,NASDAQ,1116774,64.23,132.27,-1,-5,-11.6,85.3,79.0,-0.6,-2.7,4.5,24.2,90,91,87,62,76.2,0,0,0,0,0,0,6124729306.9999695,96665550.0,0.0656,,590762,1377686,1,79.0,13.6,2026-08-11
318,CTOS,Industrials,Rental & Leasing Services,NYSE,1132760,10.65,132.22,-4,-7,-12.92,99.3,79.9,1.1,1.2,0.6,35.1,90,94,91,81,75.0,0,0,0,0,0,0,2370607692.057295,227505535.0,0.0543,0.102,1528381,1103342,2,85.2,12.4,2026-08-11
319,CSCO,Technology,Communication Equipment,NASDAQ,21315602,122.57,132.2,-3,-10,-5.98,81.9,85.0,1.5,4.2,2.1,31.9,90,93,86,62,67.9,0,0,0,0,0,0,478608412573.7804,3941434665.0,0.0164,0.12,20905436,23637165,1,77.2,19.4,2026-08-11
320,SEZL,Financial Services,Credit Services,NASDAQ,762296,118.0,132.11,-7,-18,-39.71,151.7,56.2,-15.6,-20.2,-17.3,38.0,90,97,86,37,49.1,0,0,0,0,0,0,3968660669.49633,33627019.0,0.2318,0.517,1047460,718838,1,67.3,37.0,2026-08-11
321,ANF,Consumer Cyclical,Apparel Retail,NYSE,1003064,118.53,131.91,51,36,-10.95,79.8,81.5,8.2,15.1,26.9,27.8,90,39,24,65,22.6,0,0,0,0,0,0,5003899302.235336,44431710.0,0.1415,0.015,967404,1168096,0,37.6,4.5,2026-08-11
322,KRYS,Healthcare,Biotechnology,NASDAQ,518984,331.59,131.74,-5,-8,-13.32,137.9,78.8,-2.1,-3.6,-3.8,18.2,89,94,91,93,85.7,0,0,0,0,0,0,9662540373.513916,29598836.0,0.19469999,0.241,411592,467106,3,90.9,4.6,2026-08-11
323,DIOD,Technology,Semiconductors,NASDAQ,503635,100.94,131.74,1,6,-19.88,143.5,75.6,14.1,14.6,3.9,35.9,89,88,93,85,79.3,0,0,0,0,0,0,4843257730.52681,46051705.0,0.0729,0.217,571545,597947,1,86.3,4.4,2026-08-11
324,QMCO,Technology,Computer Hardware,NASDAQ,882151,11.78,131.39,11,8,-36.26,350.1,100.0,60.6,68.4,60.9,131.5,89,78,75,12,87.5,0,0,0,0,0,0,474068978.497982,39374500.0,0.0583,0.273,1019754,1245516,0,63.1,8.8,2026-08-11
325,FTDR,Consumer Cyclical,Personal Services,NASDAQ,586528,83.91,131.38,10,-2,-10.19,70.2,82.6,4.7,9.0,14.0,33.4,89,79,67,51,58.5,0,0,0,0,0,0,6257580018.427429,68893316.0,0.0623,0.045,621164,627500,0,63.9,17.0,2026-08-11
326,ROKU,Communication Services,Entertainment,NASDAQ,3024949,151.84,131.28,1,-1,-1.11,84.1,96.9,1.9,3.5,8.7,33.5,89,88,86,37,73.8,0,0,0,0,0,0,22724428434.17775,148418969.0,0.0718,0.219,3244588,4927527,0,71.2,17.5,2026-08-11
327,CRVS,Healthcare,Biotechnology,NASDAQ,1079981,13.74,131.22,-7,-8,-49.02,237.1,49.0,7.5,6.5,9.6,11.6,89,96,95,99,94.4,0,0,0,1,0,1,1170963546.8979187,84120944.0,0.2442,,818534,1244504,4,96.1,0.3,2026-08-11
328,PESI,Industrials,Waste Management,NASDAQ,500688,17.77,131.13,15,-42,-3.42,113.1,93.6,1.1,4.3,26.5,32.9,89,74,17,81,61.3,0,0,0,0,0,0,383360218.54229736,21203552.0,0.1166,-0.201,382106,408165,0,58.3,10.7,2026-08-11
329,LNTH,Healthcare,Drug Manufacturers - Specialty & Generic,NASDAQ,1448358,100.98,130.96,-1,-3,-9.73,100.9,83.1,-0.1,-2.3,-3.0,25.7,89,90,88,66,71.9,0,0,0,0,0,0,6589245451.354538,65272369.0,0.1309,0.027,2700774,1271806,1,79.0,14.0,2026-08-11
330,RLJ,Real Estate,REIT - Hotel & Motel,NYSE,1924779,10.99,130.88,-2,-19,-14.74,64.1,71.9,-8.9,-9.8,-5.8,23.6,89,91,74,62,60.9,0,0,0,0,0,0,1690977867.7669773,151929726.0,0.1009,0.036,2002998,2006069,1,72.0,22.5,2026-08-11
331,PSX,Energy,Oil & Gas Refining & Marketing,NYSE,2592522,215.52,130.82,2,-7,-0.26,89.5,100.0,7.2,7.9,17.8,37.7,89,87,78,74,75.8,0,0,0,0,0,0,81364356442.81824,399020916.0,0.0227,0.531,2570786,2622077,0,78.7,9.1,2026-08-11
332,CMBT,Energy,Oil & Gas Midstream,NYSE,897031,16.1,130.74,-1,-5,-9.14,106.1,89.7,1.3,3.5,6.7,26.2,89,90,86,85,73.1,0,0,0,0,0,0,4726865802.668358,290169769.0,0.0121,1.211,845575,1083645,1,83.5,9.8,2026-08-11
333,LTH,Consumer Cyclical,Leisure,NYSE,2860990,42.46,130.66,-1,-17,-10.11,78.2,91.0,-1.1,0.7,10.2,42.6,89,90,74,50,65.2,0,0,0,0,0,0,9789868248.758286,223461948.0,0.0617,0.137,3543261,2885750,1,69.8,22.0,2026-08-11
334,MRX,Financial Services,Capital Markets,NASDAQ,747577,60.55,130.46,-3,-8,-14.93,112.2,75.4,-4.9,-5.7,-4.4,27.8,89,92,87,67,68.5,0,0,0,0,0,0,4374116303.4820175,71930870.0,0.0507,0.551,606001,863846,1,78.6,17.2,2026-08-11
335,WT,Financial Services,Asset Management,NYSE,2755981,22.19,130.41,5,8,-4.15,105.0,96.7,5.4,7.8,15.3,38.4,89,84,87,89,68.1,0,0,0,0,0,0,3219632358.75,151512111.0,0.1741,0.573,3210093,3077880,0,82.0,6.7,2026-08-11
336,NSP,Industrials,Staffing & Employment Services,NYSE,667572,51.22,130.38,5,-54,-10.49,154.7,86.2,-2.7,-0.5,15.0,40.5,89,84,25,9,6.9,0,0,0,0,0,0,2006015597.884407,38195270.0,0.124,0.017,725616,746949,0,31.2,59.4,2026-08-11
337,OGN,Healthcare,Drug Manufacturers - General,NYSE,2447883,13.62,130.32,-2,-1,0.07,139.5,100.0,0.6,0.8,1.2,40.7,89,91,92,23,55.8,0,0,0,0,0,0,3571488388.9775486,262609433.0,0.070300005,-0.023,2153129,2537109,2,65.5,31.1,2026-08-11
338,WHD,Energy,Oil & Gas Equipment & Services,NYSE,822595,71.07,130.19,21,27,3.14,115.7,100.0,9.8,20.1,26.6,38.3,89,68,74,80,75.4,0,0,0,0,0,0,5444182536.644081,80179417.0,0.060599998,0.643,1008866,820733,0,74.3,-6.7,2026-08-11
339,DAR,Consumer Defensive,Packaged Foods,NYSE,2356667,62.83,129.98,0,0,-4.83,109.7,92.9,3.4,1.8,6.0,23.1,89,89,89,87,79.6,0,0,0,0,0,0,9441874611.579609,158927363.0,0.0517,0.164,2556852,2303806,0,86.1,5.1,2026-08-11
340,HIMX,Technology,Semiconductors,NASDAQ,1887194,14.73,129.85,-4,0,-41.29,116.2,46.6,10.9,12.9,-3.9,32.8,89,93,97,33,80.6,0,0,0,0,0,0,2548362543.655615,174425914.0,0.066599995,0.059,1940173,2779232,2,75.9,17.8,2026-08-11
341,ABNB,Consumer Cyclical,Travel Services,NASDAQ,4121779,184.7,129.79,25,22,3.48,65.8,100.0,15.0,20.9,27.1,38.1,89,64,61,33,58.9,0,0,0,0,0,0,106625770779.37732,598785682.0,0.0339,0.165,5800539,4083721,0,54.2,9.1,2026-08-11
342,ONDS,Technology,Communication Equipment,NASDAQ,97875028,9.31,129.73,16,41,-39.07,184.0,59.6,14.8,22.3,13.3,4.3,89,73,98,99,89.7,0,0,1,1,0,2,5191412761.774534,569858722.0,0.4053,10.799,70302666,86091579,2,89.9,-16.1,2026-08-11
343,DNLI,Healthcare,Biotechnology,NASDAQ,1697729,25.0,129.63,-2,-20,-8.42,93.6,82.6,1.9,3.8,4.8,22.7,89,91,73,68,72.2,0,0,0,0,0,0,3969011004.294611,159847403.0,0.1066,,1569068,1842217,1,76.0,15.8,2026-08-11
344,M,Consumer Cyclical,Department Stores,NYSE,4771672,24.9,129.53,5,-12,-6.36,102.5,88.0,-2.7,-0.3,2.2,15.2,89,84,67,88,79.4,0,0,0,0,0,0,6681163931.258984,263037954.0,0.1297,0.021,4666356,6014519,0,79.6,3.2,2026-08-11
345,TGTX,Healthcare,Biotechnology,NASDAQ,2269536,49.16,129.49,-4,-12,-17.1,89.1,72.0,-0.6,-5.1,-2.8,34.2,89,93,85,33,75.1,0,0,0,0,0,0,7616715820.358677,153069053.0,0.2897,0.703,2770068,2585159,1,71.5,21.7,2026-08-11
346,CVE,Energy,Oil & Gas Integrated,NYSE,7359073,29.56,129.42,0,3,-7.83,105.8,88.7,2.4,3.8,8.6,28.1,89,89,92,84,79.0,0,0,0,0,0,0,52099921250.0,1844245000.0,4.13,0.415,8152719,7973437,1,86.0,5.7,2026-08-11
347,ZGN,Consumer Cyclical,Apparel Manufacturing,NYSE,1150290,14.8,129.4,8,8,-7.21,83.5,85.4,-4.8,-2.6,0.2,21.2,89,81,81,81,73.2,0,0,0,0,0,0,4000532624.5588303,268312050.0,0.0718,0.003,923860,1327264,0,79.0,3.9,2026-08-11
348,SKE,Basic Materials,Other Industrial Metals & Mining,NYSE,617874,33.06,129.4,24,52,-14.73,125.4,79.4,12.6,18.7,19.9,20.9,89,65,93,97,82.7,0,0,0,0,0,0,4037706001.502648,124084385.0,5.45,,580112,843778,2,84.4,-18.0,2026-08-11
349,STT,Financial Services,Asset Management,NYSE,2200111,186.68,129.32,1,-6,-3.03,70.5,100.0,1.6,1.6,6.7,31.5,89,88,81,72,68.3,0,0,0,0,0,0,50731919948.22418,274701765.0,0.0001,-0.028,1680624,2364934,0,77.3,13.8,2026-08-11
350,KMX,Consumer Cyclical,Auto & Truck Dealerships,NYSE,2649738,58.78,129.26,26,-15,-6.04,88.4,87.2,0.2,0.3,8.6,31.5,89,63,22,26,13.4,0,0,0,0,0,0,8256387608.58783,141911096.0,0.0924,0.055,2191246,3296597,0,31.1,36.3,2026-08-11
351,BRKR,Healthcare,Medical Devices,NASDAQ,2366026,56.32,129.21,1,-16,-13.75,94.3,79.1,-0.7,-2.7,-2.3,22.9,89,88,71,34,75.3,0,0,0,0,0,0,8137511044.311813,152359316.0,0.18540001,0.052,3156909,2582219,0,67.1,18.9,2026-08-11
352,EXPE,Consumer Cyclical,Travel Services,NASDAQ,1577568,314.01,129.04,19,-2,-5.22,70.3,100.0,4.4,11.4,21.9,27.9,89,70,49,33,66.3,0,0,0,0,0,0,37288458003.29205,120022077.0,0.091000006,0.14,1944785,1642003,0,54.6,11.4,2026-08-11
353,WPP,Communication Services,Advertising Agencies,NYSE,528750,26.69,128.91,57,46,-3.92,79.0,95.9,17.0,28.2,41.7,41.4,89,32,21,16,17.1,0,0,0,0,0,0,5942670023.280216,215704907.0,0.0116,-0.044,771730,555368,0,21.5,11.7,2026-08-11
354,MLKN,Consumer Cyclical,"Furnishings, Fixtures & Appliances",NASDAQ,739486,24.08,128.86,15,-38,-2.55,71.5,93.5,0.6,4.4,20.9,32.0,89,74,21,76,26.8,0,0,0,0,0,0,1668338083.0278282,68123238.0,0.0796,0.044,655209,883731,0,49.5,28.5,2026-08-11
355,EQNR,Energy,Oil & Gas Integrated,NYSE,3804077,40.99,128.83,8,16,-5.68,82.6,92.6,2.3,4.7,12.8,28.6,89,81,89,70,67.6,0,0,0,0,0,0,92449646422.91583,2375376433.0,0.0292,0.374,3442431,3824978,0,76.9,8.1,2026-08-11
356,TSHA,Healthcare,Biotechnology,NASDAQ,3019508,6.37,128.73,4,14,-12.74,142.0,92.9,8.2,12.2,10.4,26.0,88,84,94,92,86.9,0,0,0,0,0,0,1885088274.7570703,287361020.0,0.16049999,,2503005,3213695,2,89.2,-4.0,2026-08-11
357,DAVE,Technology,Software - Application,NASDAQ,502264,308.82,128.64,-8,-26,-32.61,98.8,53.8,-16.0,-21.9,-12.6,24.4,88,96,78,43,68.6,0,0,0,0,0,0,4055358247.085877,12755507.0,0.21020001,0.296,506453,603362,1,71.4,26.1,2026-08-11
358,FTI,Energy,Oil & Gas Equipment & Services,NYSE,3884617,74.13,128.55,-2,-1,-4.86,116.7,96.0,6.2,4.0,7.8,23.1,88,90,91,93,82.4,0,0,0,0,0,0,27302485769.67166,392164388.0,0.0436,0.09,3981143,4898970,3,89.1,3.1,2026-08-11
359,OPRT,Financial Services,Credit Services,NASDAQ,545746,7.74,128.46,35,20,-6.75,84.0,87.6,14.8,22.6,33.1,42.3,88,53,38,27,37.1,0,0,0,0,0,0,372036883.78709793,45987253.0,0.0398,0.094,702208,536423,0,38.8,14.7,2026-08-11
360,TGT,Consumer Defensive,Discount Stores,NYSE,3864320,152.02,128.42,6,-1,1.3,82.0,100.0,2.8,6.1,12.1,30.9,88,82,75,70,52.9,0,0,0,0,0,0,67992408080.318726,454191112.0,0.044299997,0.067,3554142,4215316,0,70.0,17.6,2026-08-11
361,GLUE,Healthcare,Biotechnology,NASDAQ,1557102,15.82,128.38,-9,-9,-38.61,276.1,54.8,-7.8,-21.9,-22.4,-14.1,88,97,97,98,94.9,0,0,0,1,0,1,1354776817.643344,85313401.0,0.2068,-0.613,2178778,1550453,4,96.7,0.8,2026-08-11
362,ADEA,Technology,Software - Application,NASDAQ,1374886,27.86,128.38,0,7,-18.87,136.1,73.0,0.3,2.5,-5.0,21.9,88,88,95,85,77.3,0,0,0,0,0,0,3111002930.535507,110280150.0,0.1306,0.121,1349977,1843650,1,86.3,5.3,2026-08-11
363,LPG,Energy,Oil & Gas Midstream,NYSE,651701,44.46,128.24,1,1,-7.61,79.9,80.3,-4.3,-2.7,3.2,25.7,88,87,87,85,48.9,0,0,0,0,0,0,1957735410.7506905,42782681.0,0.0725,1.24,640214,707334,0,77.0,19.4,2026-08-11
364,PBI,Industrials,Integrated Freight & Logistics,NYSE,1987991,16.97,128.2,-5,-10,-11.01,83.4,79.2,-6.5,-7.8,-5.7,27.8,88,93,88,53,55.8,0,0,0,0,0,0,2388111503.499153,137090212.0,0.0002,-0.023,2132493,2496154,1,72.4,27.1,2026-08-11
365,BAX,Healthcare,Medical Instruments & Supplies,NYSE,7060367,27.78,128.09,28,-9,-7.4,74.7,94.1,1.7,11.0,23.0,39.8,88,60,23,29,24.6,0,0,0,0,0,0,14243239378.013355,516995999.0,0.112399995,0.053,10083911,7092944,0,34.1,27.6,2026-08-11
366,S,Technology,Software - Infrastructure,NYSE,6964322,22.23,127.72,9,-22,3.37,88.1,100.0,9.6,14.6,26.8,43.6,88,79,48,18,49.0,0,0,0,0,0,0,7307716766.934917,341482098.0,0.0641,0.208,5678337,7453779,0,48.5,30.3,2026-08-11
367,PTEN,Energy,Oil & Gas Drilling,NASDAQ,9627150,10.99,127.69,5,15,-15.98,113.5,76.7,8.9,9.8,8.2,23.6,88,83,93,80,79.7,0,0,0,0,0,0,3746826191.6662073,379617653.0,0.08979999,0.007,10040511,9715226,1,83.9,1.3,2026-08-11
368,KLAC,Technology,Semiconductor Equipment & Materials,NASDAQ,13275954,192.74,127.69,-6,-9,-37.29,137.6,53.4,6.1,0.0,-9.5,21.2,88,94,91,91,83.0,0,0,0,0,0,0,258839983977.5829,1306546783.0,0.0239,0.152,13322243,13673458,3,89.8,6.4,2026-08-11
369,CNK,Communication Services,Entertainment,NYSE,2712164,37.75,127.69,31,13,-3.16,67.2,91.3,-1.2,6.1,11.7,30.5,88,57,39,26,55.5,0,0,0,0,0,0,4316557674.7542,115911855.0,0.1241,0.155,3166624,2637098,0,44.4,8.7,2026-08-11
370,MDB,Technology,Software - Infrastructure,NASDAQ,1442806,416.67,127.64,7,-9,-6.31,118.5,99.4,17.9,28.2,27.2,30.8,88,81,65,82,81.5,0,0,0,0,0,0,32076251505.764957,80431927.0,0.036199998,0.252,1593769,1841793,0,77.4,1.1,2026-08-11
371,U,Technology,Software - Application,NYSE,9749613,43.1,127.52,35,41,-17.35,156.1,82.7,17.9,30.7,42.7,39.2,88,53,59,13,40.0,0,0,0,0,0,0,18923824119.0,440088933.0,0.078,0.239,15573391,9225382,0,41.2,13.9,2026-08-11
372,EPC,Consumer Defensive,Household & Personal Products,NYSE,725488,27.99,127.38,7,-50,-6.54,79.8,92.4,1.8,1.8,11.8,35.7,88,81,24,39,37.7,0,0,0,0,0,0,1308003369.0206432,46088915.0,0.108,0.017,653894,912150,0,45.4,35.8,2026-08-11
373,SHOO,Consumer Cyclical,Footwear & Accessories,NASDAQ,1065816,48.88,127.31,10,4,-1.65,96.2,96.8,1.3,6.2,9.9,19.7,88,78,72,74,76.4,0,0,0,0,0,0,3554943409.091263,73177095.0,0.090299994,0.191,1350118,1128837,0,75.1,2.2,2026-08-11
374,KN,Technology,Electronic Components,NYSE,969909,38.26,127.26,-2,-2,-10.88,95.8,81.7,1.5,3.5,0.9,31.8,88,90,90,84,77.0,0,0,0,0,0,0,3337835696.470978,85410326.0,0.08229999,0.143,911099,1098711,2,85.2,7.7,2026-08-11
375,MRCY,Industrials,Aerospace & Defense,NASDAQ,613702,108.64,127.25,5,5,-15.42,103.7,76.5,4.5,6.8,0.5,22.8,88,83,83,87,80.7,0,0,0,0,0,0,6523102228.472488,60043283.0,0.0928,0.115,541187,729319,0,83.4,0.3,2026-08-11
376,FIX,Industrials,Engineering & Construction,NYSE,503037,1674.84,127.22,-7,-5,-19.25,147.9,72.7,-0.7,-1.5,-6.2,18.1,88,95,97,97,86.7,0,0,0,0,0,0,59638551925.423096,35194329.0,0.0275,0.01,484833,525178,3,93.9,3.5,2026-08-11
377,XMTR,Industrials,Industrial Distribution,NASDAQ,880556,90.53,127.22,-9,-13,-14.66,153.3,80.5,3.3,0.3,1.0,39.0,88,97,93,75,83.2,0,0,0,0,0,0,5339404014.653572,57323573.0,0.0695,0.411,796139,876013,2,87.0,11.7,2026-08-11
378,MTSI,Technology,Semiconductors,NASDAQ,1676361,297.03,126.99,-5,-2,-29.09,153.4,62.3,9.8,9.8,-7.1,18.7,88,93,96,94,87.3,0,0,0,0,0,0,23737613332.777405,76370931.0,0.0301,0.358,1848015,1765957,3,92.6,2.3,2026-08-11
379,ATKR,Industrials,Electrical Equipment & Parts,NYSE,930529,93.75,126.91,33,50,-0.09,74.3,100.0,7.8,16.3,19.5,33.8,88,55,72,48,69.4,0,0,0,0,0,0,3164825629.580307,33772550.0,0.0425,0.081,2208859,723359,0,61.1,-7.5,2026-08-11
380,JHX,Basic Materials,Building Materials,NYSE,7191075,30.43,126.9,31,-2,-1.01,86.2,100.0,9.8,14.5,21.4,39.8,88,57,24,64,18.0,0,0,0,0,0,0,17549194546.497894,580522488.0,0.0336,0.639,8418305,7669611,0,40.8,21.4,2026-08-11
381,RDW,Industrials,Aerospace & Defense,NYSE,18666660,13.12,126.85,61,118,-50.75,167.0,40.5,25.2,37.5,10.3,33.2,88,27,84,36,57.6,0,0,0,0,0,0,3245636474.991856,238825345.0,0.2101,0.896,20816680,29447472,0,51.1,-22.8,2026-08-11
382,AZTA,Healthcare,Medical Instruments & Supplies,NASDAQ,647927,33.33,126.79,58,36,-20.13,108.4,69.5,8.9,15.4,28.5,19.1,88,30,8,30,23.1,0,0,0,0,0,0,1476813482.3592224,46092804.0,0.2061,0.12,787953,766612,0,22.8,5.7,2026-08-11
383,KEYS,Technology,Scientific & Technical Instruments,NYSE,1272311,335.41,126.62,-1,4,-10.55,116.8,86.2,4.6,6.3,3.5,25.0,88,89,94,83,81.2,0,0,0,0,0,0,58270193835.57251,170895368.0,0.0209,0.315,1087513,1456510,1,86.8,4.6,2026-08-11
384,CALY,Consumer Cyclical,Leisure,NYSE,1967029,17.05,126.31,-5,-11,-15.93,105.6,75.6,-7.3,-8.5,-5.3,16.8,88,93,87,88,77.8,0,0,0,0,0,0,3161935560.5988274,179757563.0,0.0626,0.02,2201097,2208365,1,86.5,9.2,2026-08-11
385,TX,Basic Materials,Steel,NYSE,692013,54.8,126.31,14,18,0.77,72.2,99.5,6.1,12.0,15.9,29.2,88,74,78,83,69.5,0,0,0,0,0,0,10580984143.741743,196307678.0,0.0125,0.1,821240,609688,0,76.1,0.0,2026-08-11
386,SNX,Technology,Electronics & Computer Distribution,NYSE,795274,253.74,126.27,-2,-3,-14.41,78.3,75.5,-0.6,1.3,-2.8,29.9,88,90,89,63,70.3,0,0,0,0,0,0,20183188033.431152,79958752.0,0.0242,0.31,700844,893230,1,78.1,15.4,2026-08-11
387,AVTR,Healthcare,Medical Instruments & Supplies,NYSE,11377214,13.73,126.2,47,21,-13.81,85.8,77.7,0.5,10.1,26.4,35.1,88,41,15,16,27.6,0,0,0,0,0,0,9191716738.804169,676358840.0,0.1005,0.005,14373034,10680918,0,24.9,14.3,2026-08-11
388,PK,Real Estate,REIT - Hotel & Motel,NYSE,4228075,14.51,126.16,4,-30,-6.27,45.7,82.1,-3.4,-3.4,-0.9,21.2,88,84,50,58,50.0,0,0,0,0,0,0,2972100730.6880665,201361835.0,0.2544,-0.011,4592307,5249137,0,60.5,25.6,2026-08-11
389,WKC,Energy,Oil & Gas Refining & Marketing,NYSE,1314912,37.03,126.05,-2,-32,-10.12,63.1,80.7,-4.1,-2.7,7.0,33.7,87,89,59,50,53.2,0,0,0,0,0,0,1863453532.210236,51151620.0,0.1894,0.503,1387217,1226843,0,62.8,28.7,2026-08-11
390,ROST,Consumer Cyclical,Apparel Retail,NASDAQ,2269398,254.82,126.05,7,5,-0.85,74.1,96.9,-0.4,2.9,8.1,22.3,87,80,78,81,70.4,0,0,0,0,0,0,81872952656.95538,320781076.0,0.0373,0.206,2101636,2955559,0,77.4,4.8,2026-08-11
391,ASH,Basic Materials,Specialty Chemicals,NYSE,771263,75.4,125.96,11,-12,-3.64,57.0,93.5,1.8,5.7,12.3,26.2,87,76,53,63,52.3,0,0,0,0,0,0,3500902996.7497253,45793370.0,0.1401,0.073,1074111,993908,0,61.1,16.8,2026-08-11
392,CBZ,Industrials,Specialty Business Services,NYSE,1601549,54.43,125.93,50,26,-19.05,117.2,71.1,-0.4,12.5,37.0,38.6,87,37,13,7,4.4,0,0,0,0,0,0,2957955072.5,54274405.0,0.0837,-0.002,3426908,1285807,0,15.3,24.7,2026-08-11
393,GRMN,Technology,Scientific & Technical Instruments,NYSE,969941,313.16,125.8,38,56,0.15,65.5,97.2,2.0,13.0,22.5,33.8,87,49,67,53,41.5,0,0,0,0,0,0,59955927742.02832,192852536.0,0.0239,0.114,1276584,955686,0,52.6,1.2,2026-08-11
394,JLHL,Industrials,Building Products & Equipment,NASDAQ,5535999,8.33,125.64,-7,-2,-85.63,169.5,12.4,11.1,9.4,-46.0,-10.0,87,94,99,76,80.6,0,0,1,0,0,1,189820401.38200375,21448632.0,0.2174,0.854,3585199,3342893,2,87.4,9.8,2026-08-11
395,LLY,Healthcare,Drug Manufacturers - General,NYSE,2775641,1231.94,125.56,4,-6,-1.4,91.3,96.6,3.4,3.2,4.6,17.1,87,83,73,74,77.2,0,0,0,0,0,0,1057346667674.6112,891741406.0,0.0115,0.477,3326055,3040699,0,76.8,5.7,2026-08-11
396,ATOM,Technology,Semiconductor Equipment & Materials,NASDAQ,709955,5.37,125.49,-4,3,-56.57,179.9,35.4,5.8,3.1,-20.0,10.7,87,91,98,93,62.2,0,0,1,0,0,1,213851750.90432453,39024042.0,0.16479999,,697167,906719,3,86.0,13.3,2026-08-11
397,BHVN,Healthcare,Biotechnology,NYSE,2180296,14.54,125.42,7,-56,-21.68,86.0,64.9,3.8,1.2,3.9,26.1,87,80,17,29,8.9,0,0,0,0,0,0,2207224090.426216,150560990.0,0.16450001,,1732809,2940565,0,33.7,52.0,2026-08-11
398,TEAM,Technology,Software - Application,NASDAQ,4597217,151.87,125.22,47,18,-17.46,169.6,77.4,28.8,46.1,60.8,42.8,87,40,11,7,5.8,0,0,0,0,0,0,37829177046.99133,253767862.0,0.1108,0.276,6744223,5090494,0,16.0,26.6,2026-08-11
399,TALK,Healthcare,Health Information Services,NASDAQ,1873646,5.24,125.19,-1,0,-0.19,113.0,100.0,0.5,0.5,0.5,16.3,87,88,89,73,81.5,0,0,0,0,0,0,874415559.374465,167512566.0,0.0337,0.136,1956529,2123993,0,82.9,6.2,2026-08-11
400,APPN,Technology,Software - Infrastructure,NASDAQ,863763,35.58,125.15,46,17,-22.75,89.7,62.4,16.6,28.0,40.6,26.3,87,41,12,14,30.7,0,0,0,0,0,0,2481179916.3619843,71627597.0,0.1507,0.191,1056279,952323,0,24.4,13.5,2026-08-11
401,VECO,Technology,Semiconductor Equipment & Materials,NASDAQ,1128001,49.34,125.07,-8,-7,-43.05,112.6,44.7,-0.3,-2.4,-16.9,18.8,87,95,96,84,81.9,0,0,0,0,0,0,3227033751.565857,61129640.0,0.1929,0.165,1081215,1441581,2,89.2,8.6,2026-08-11
402,PAYC,Technology,Software - Application,NYSE,942709,213.45,124.85,51,39,-9.02,86.8,82.0,13.5,27.0,43.7,46.5,87,36,24,13,6.2,0,0,0,0,0,0,9687693897.898132,45071619.0,0.08930001,0.098,1294489,1008729,0,19.8,20.7,2026-08-11
403,SVV,Consumer Cyclical,Specialty Retail,NYSE,909563,12.29,124.72,45,18,-11.52,66.2,71.1,7.2,14.2,18.6,26.4,87,42,15,64,13.3,0,0,0,0,0,0,1881710891.8787403,153986158.0,0.2042,0.074,1326641,939776,0,33.6,12.6,2026-08-11
404,CSTM,Basic Materials,Aluminum,NYSE,1706854,29.38,124.71,-2,4,-20.57,128.7,73.0,3.5,3.5,-4.0,17.0,87,89,95,94,83.5,0,0,0,0,0,0,3989936384.699616,135527728.0,0.048800003,0.307,1706503,1875316,2,90.4,1.1,2026-08-11
405,CLBK,Financial Services,Banks - Regional,NASDAQ,7110984,10.81,124.45,3,-8,-7.93,77.7,99.1,2.3,2.5,11.5,32.6,87,84,73,73,69.0,0,0,0,0,0,0,1127991283.2780266,104058235.0,0.1691,0.131,4952370,4647243,0,74.8,10.8,2026-08-11
406,ANET,Technology,Computer Hardware,NYSE,8293101,191.52,124.22,3,-15,-10.88,70.4,100.0,6.8,10.8,15.0,34.1,87,84,66,72,50.9,0,0,0,0,0,0,237955252028.7887,1261224648.0,0.0191,0.377,9460273,8374400,0,68.2,20.8,2026-08-11
407,ABEO,Healthcare,Biotechnology,NASDAQ,1303946,7.45,124.2,4,-14,-1.19,77.5,98.5,8.6,10.9,18.6,37.7,87,83,65,32,26.1,0,0,0,0,0,0,412644829.5148468,56995144.0,0.2493,,1034570,1238768,0,51.5,40.5,2026-08-11
408,KSS,Consumer Cyclical,Department Stores,NYSE,3472612,19.03,124.17,9,-41,-24.54,57.8,52.1,-4.1,-0.9,4.7,8.1,87,78,28,90,67.2,0,0,0,0,0,0,2188619778.382672,113399993.0,0.3166,-0.02,3458346,4483705,1,65.8,8.0,2026-08-11
409,GLW,Technology,Electronic Components,NYSE,14546585,157.76,124.17,-9,-8,-41.95,146.7,49.5,6.1,5.1,-10.7,15.5,87,96,97,96,86.4,0,0,0,0,0,0,142424788549.82452,859637825.0,0.0252,0.166,17692766,15272129,3,93.8,4.7,2026-08-11
410,BBIO,Healthcare,Biotechnology,NASDAQ,3066089,84.67,124.09,5,0,-9.36,77.0,84.9,1.4,1.3,9.9,15.7,87,82,77,92,73.0,0,0,0,0,0,0,16546358381.653185,195861242.0,0.1468,0.668,2099059,3504187,1,81.0,3.0,2026-08-11
411,DAL,Industrials,Airlines,NYSE,6397078,89.21,124.04,2,-12,-6.76,69.0,91.9,0.2,3.0,4.5,25.6,87,85,71,73,68.4,0,0,0,0,0,0,60067285151.91254,657623030.0,0.0385,0.187,5050266,7085025,0,74.3,12.1,2026-08-11
412,W,Consumer Cyclical,Internet Retail,NYSE,3561415,103.26,123.98,18,-24,-13.94,79.8,74.3,3.8,9.8,17.6,17.1,86,68,26,81,51.2,0,0,0,0,0,0,14070826591.989326,131996499.0,0.1807,0.075,5010157,3619349,0,56.6,10.0,2026-08-11
413,SHAZ,Technology,Information Technology Services,NASDAQ,2300614,52.7,123.9,-11,-16,-45.94,222.9,52.0,10.2,-2.1,-17.9,,86,97,92,40,,0,0,0,0,0,0,1782656546.7290878,35803505.0,0.1003,4.123,2735904,1817574,2,76.3,,2026-08-11
414,PHVS,Healthcare,Biotechnology,NASDAQ,507141,34.84,123.9,1,3,-4.81,65.2,89.8,2.1,1.5,3.4,21.3,86,85,87,81,69.7,0,0,0,0,0,0,2439501223.9972,69879726.0,0.0198,,441864,450980,0,80.7,8.3,2026-08-11
415,SVRA,Healthcare,Biotechnology,NASDAQ,1692465,5.73,123.86,-1,-6,-18.2,115.9,68.6,0.5,0.1,-0.8,1.8,86,87,82,92,81.8,0,0,0,0,0,0,1194725630.3252945,204927212.0,0.19479999,,1364666,1862897,1,85.7,2.1,2026-08-11
416,VIR,Healthcare,Biotechnology,NASDAQ,1609898,8.89,123.77,-2,0,-23.76,108.6,68.3,0.6,-1.3,-3.6,9.3,86,88,90,83,80.9,0,0,0,0,0,0,1492484697.9193878,169215958.0,0.1108,195.825,1521404,1940950,1,85.5,4.3,2026-08-11
417,AXSM,Healthcare,Biotechnology,NASDAQ,788662,220.89,123.77,-6,-6,-15.1,107.6,73.9,-0.8,-4.8,-8.5,14.7,86,92,92,88,80.5,0,0,0,0,0,0,10947550901.516935,51459766.0,0.092,0.574,734498,923289,2,88.1,6.6,2026-08-11
418,SB,Industrials,Marine Shipping,NYSE,861893,7.5,123.52,0,3,-6.83,77.1,83.7,-4.5,-2.2,4.9,20.7,86,86,89,87,71.4,0,0,0,0,0,0,773934385.0884032,101833473.0,0.0617,0.33,740241,888002,0,83.4,6.8,2026-08-11
419,ANNX,Healthcare,Biotechnology,NASDAQ,3820613,5.39,123.51,0,7,-24.93,160.5,67.0,0.9,-1.0,-0.4,2.6,86,86,93,95,84.4,0,0,0,0,0,0,886388105.5796127,163842538.0,0.19450001,,2542409,3828245,2,89.6,-1.7,2026-08-11
420,SCCO,Basic Materials,Copper,NYSE,1164028,200.11,123.33,10,22,-9.73,115.8,84.2,3.0,5.9,7.9,15.2,86,76,88,94,80.0,0,0,0,0,0,0,166082067359.41736,834331706.0,0.23030001,0.406,1081947,1305514,1,84.5,-6.8,2026-08-11
421,SWK,Industrials,Tools & Accessories,NYSE,1895317,102.64,123.3,11,-15,-1.69,67.4,100.0,4.2,9.5,16.4,31.3,86,75,49,79,57.2,0,0,0,0,0,0,15689118741.316755,151016641.0,0.0477,0.004,2794342,1811448,0,65.0,10.7,2026-08-11
422,SIBN,Healthcare,Medical Devices,NASDAQ,592158,18.84,123.28,22,-15,-13.93,61.9,73.4,2.4,6.0,12.5,16.7,86,64,27,28,27.9,0,0,0,0,0,0,825340183.6986542,44349283.0,0.1449,0.152,590544,563936,0,36.7,28.9,2026-08-11
423,ELF,Consumer Defensive,Household & Personal Products,NYSE,2982111,95.24,123.27,59,44,-36.92,91.6,46.8,7.5,14.0,31.3,24.8,86,27,12,56,6.3,0,0,0,0,0,0,5811697399.985321,59007996.0,0.1529,0.355,3246913,3332856,0,25.3,6.0,2026-08-11
424,JBHT,Industrials,Integrated Freight & Logistics,NASDAQ,1001422,266.14,123.2,-5,-13,-11.22,103.1,80.3,-1.7,-4.8,-5.2,16.3,86,91,83,86,76.5,0,0,0,0,0,0,25214026968.38379,93900000.0,0.0332,0.194,848247,1023899,1,84.1,9.0,2026-08-11
425,CODI,Industrials,Conglomerates,NYSE,660666,11.08,123.14,2,11,-12.34,164.9,98.0,14.3,17.7,18.4,49.1,86,84,93,30,73.9,0,0,0,0,0,0,827595626.0,75235966.0,0.0684,-0.059,578438,814831,1,70.2,15.0,2026-08-11
426,THC,Healthcare,Medical Care Facilities,NYSE,1333510,259.93,123.11,40,41,-2.03,60.8,96.9,1.0,10.9,27.8,28.2,86,46,47,85,61.5,0,0,0,0,0,0,21106445863.15918,80519000.0,0.0434,0.068,1069090,1377712,0,59.9,-15.7,2026-08-11
427,PTRN,Technology,Software - Application,NASDAQ,2125533,21.12,123.05,-11,-32,-29.13,133.2,64.5,-2.5,-8.1,-5.3,37.6,86,97,76,14,,0,0,0,0,0,0,3911649777.105236,177399089.0,0.097799994,0.466,1885281,2237766,1,62.3,,2026-08-11
428,BWA,Consumer Cyclical,Auto Parts,NYSE,2373284,69.28,122.99,-2,-5,-12.1,81.0,80.9,6.1,7.9,3.0,25.2,86,88,85,92,73.4,0,0,0,0,0,0,13934851567.755768,203666354.0,0.0513,0.003,2520594,2802208,1,84.6,6.8,2026-08-11
429,INTA,Technology,Software - Application,NASDAQ,798172,38.74,122.97,52,29,-19.17,108.5,72.8,13.3,25.4,44.5,29.7,86,34,11,8,15.9,0,0,0,0,0,0,2907533944.0740013,77061595.0,0.0971,0.13,984196,945705,0,17.2,16.6,2026-08-11
430,MAX,Communication Services,Internet Content & Information,NYSE,1063567,13.54,122.94,1,-53,-7.89,82.8,83.7,1.2,-1.9,9.3,20.2,86,85,31,14,27.6,0,0,0,0,0,0,820937281.8296471,61263978.0,0.089899994,0.259,1065133,908144,0,39.4,48.3,2026-08-11
431,ADAM,Real Estate,REIT - Mortgage,NASDAQ,840745,9.79,122.9,2,-2,-1.31,55.5,100.0,8.4,11.8,11.8,25.7,86,84,80,78,59.8,0,0,0,0,0,0,882619471.0908661,89879786.0,0.0401,1.298,992267,872139,0,75.4,13.7,2026-08-11
432,OVV,Energy,Oil & Gas E&P,NYSE,3153838,63.56,122.84,6,10,-1.63,76.4,99.6,3.6,5.4,10.8,26.2,86,80,84,70,63.1,0,0,0,0,0,0,16418976168.823242,276600000.0,0.057600003,0.297,2955396,3226895,0,74.3,10.0,2026-08-11
433,RAMP,Technology,Software - Infrastructure,NYSE,844165,37.75,122.77,1,-22,-1.26,68.4,98.4,-0.1,-0.1,0.2,23.1,86,85,62,24,51.5,0,0,0,0,0,0,2298658352.9092026,60794982.0,0.088,0.098,738466,1262169,0,55.6,31.3,2026-08-11
434,ETSY,Consumer Cyclical,Internet Retail,NYSE,2940656,80.4,122.74,1,-22,-8.61,80.4,83.5,-4.6,-4.5,2.4,27.6,86,85,62,22,38.6,0,0,0,0,0,0,7851928821.495666,91781748.0,0.1712,0.062,3522398,3015871,0,51.9,38.1,2026-08-11
435,STOK,Healthcare,Biotechnology,NASDAQ,857145,32.23,122.67,11,28,-19.87,150.5,78.6,5.9,9.4,8.1,4.4,86,75,92,96,87.8,0,0,0,0,0,0,2110653316.744461,64526242.0,0.26209998,-0.325,979266,841403,2,87.7,-12.3,2026-08-11
436,VG,Energy,Oil & Gas Midstream,NYSE,14164250,14.26,122.66,17,30,-19.07,123.3,62.9,-0.1,-1.8,5.3,21.8,86,69,82,27,14.8,0,0,0,0,0,0,32942588046.424427,2484358030.0,1.0785,0.589,11606380,14174096,0,48.2,34.2,2026-08-11
437,ARMK,Industrials,Specialty Business Services,NYSE,2534863,55.71,122.57,-1,-8,-5.06,67.8,100.0,6.1,6.2,8.4,35.2,86,87,80,47,58.7,0,0,0,0,0,0,14712252106.417648,262953564.0,0.039300002,0.147,2501219,2532509,0,68.2,22.9,2026-08-11
438,SLDB,Healthcare,Biotechnology,NASDAQ,1274705,8.56,122.52,-4,-5,-25.24,125.2,68.1,4.8,5.0,3.8,28.5,86,90,89,84,49.6,0,0,0,0,0,0,899619783.632864,107225238.0,0.2065,,938935,1808069,1,78.1,21.5,2026-08-11
439,TECK,Basic Materials,Copper,NYSE,3383926,66.87,122.44,10,22,-6.15,111.5,88.8,3.9,9.1,7.7,21.7,86,76,88,89,78.9,0,0,0,0,0,0,32610182598.876957,490600000.0,3.46,0.782,3354040,3306176,0,83.0,-5.3,2026-08-11
440,ORIC,Healthcare,Biotechnology,NASDAQ,1741915,13.62,122.38,49,49,-8.77,83.7,90.2,10.0,16.2,33.4,29.8,86,37,37,72,56.1,0,0,0,0,0,0,1399310856.0,103652656.0,0.21530001,,1925925,1890595,0,50.5,-16.6,2026-08-11
441,AVTX,Healthcare,Biotechnology,NASDAQ,1058232,19.77,122.36,-9,-8,-18.54,118.9,75.7,3.4,4.0,12.0,17.0,86,95,96,95,82.9,0,0,0,0,0,0,982501382.1134262,53629989.0,0.2401,,821686,1458611,3,92.2,6.0,2026-08-11
442,BZH,Consumer Cyclical,Residential Construction,NYSE,629926,33.06,122.35,-1,-52,-4.28,84.0,94.4,0.4,0.5,10.8,36.6,86,87,36,71,51.1,0,0,0,0,0,0,906936321.8416214,27333825.0,0.0986,-0.275,1035579,570063,0,61.3,26.3,2026-08-11
443,CYTK,Healthcare,Biotechnology,NASDAQ,1978198,77.49,122.34,-3,-2,-12.25,130.1,80.0,-2.2,-3.8,-2.8,11.5,86,89,90,87,83.9,0,0,0,0,0,0,10421751008.717278,135770593.0,0.1942,-0.571,2179285,2133853,1,87.5,2.8,2026-08-11
444,TDW,Energy,Oil & Gas Equipment & Services,NYSE,703689,89.63,122.19,14,27,-3.76,92.9,100.0,14.0,16.6,23.6,30.9,86,72,85,80,62.9,0,0,0,0,0,0,4121805993.82724,49756231.0,0.1588,-0.431,779027,757061,0,75.0,1.6,2026-08-11
445,FCX,Basic Materials,Copper,NYSE,14557668,70.51,122.17,23,45,-2.45,94.9,92.2,3.8,7.8,7.2,18.7,86,63,85,90,66.4,0,0,0,0,0,0,97468003845.21484,1400000000.0,0.02,-0.073,13858246,14771395,1,76.1,-9.3,2026-08-11
446,IART,Healthcare,Medical Devices,NASDAQ,952412,17.07,122.08,-5,-20,-16.69,95.2,77.4,0.7,-4.8,-2.8,29.5,86,91,76,23,42.5,0,0,0,0,0,0,1341575728.5,77772506.0,0.11,0.008,1084226,969087,1,58.1,39.3,2026-08-11
447,TECH,Healthcare,Biotechnology,NASDAQ,5094028,72.12,121.95,10,-45,-0.35,66.6,99.5,0.1,0.3,10.0,20.3,86,76,21,49,51.9,0,0,0,0,0,0,11263552175.728912,155810652.0,0.0888,-0.015,4345704,5379466,0,49.5,23.0,2026-08-11
448,TALO,Energy,Oil & Gas E&P,NYSE,2050301,15.59,121.8,7,16,-8.56,98.6,88.3,5.9,6.6,8.7,17.9,85,78,87,82,78.6,0,0,0,0,0,0,2400963448.9476814,166965468.0,0.0856,0.566,2346115,2035303,0,81.4,-2.0,2026-08-11
449,DXCM,Healthcare,Medical Devices,NASDAQ,5011895,87.65,121.76,21,-18,-0.23,63.3,100.0,7.2,13.7,19.2,30.9,85,64,25,38,21.7,0,0,0,0,0,0,31981324833.75,377360765.0,0.0571,0.131,6487216,5247807,0,37.2,30.3,2026-08-11
450,YETI,Consumer Cyclical,Leisure,NYSE,1069364,52.68,121.58,2,-42,-2.43,59.4,90.9,-0.8,-0.4,2.3,16.1,85,83,39,82,60.5,0,0,0,0,0,0,3951208170.149666,75693642.0,0.13939999,0.083,1104913,1204208,0,66.1,15.9,2026-08-11
451,BMO,Financial Services,Banks - Diversified,NYSE,752103,181.91,121.44,-1,-10,-1.25,61.0,96.5,0.7,0.7,3.6,22.9,85,86,77,78,63.7,0,0,0,0,0,0,127160639316.95187,700416619.0,7.63,0.158,861889,747169,0,76.2,13.6,2026-08-11
452,HELE,Consumer Defensive,Household & Personal Products,NASDAQ,526803,29.21,121.43,-4,-30,-4.79,111.0,96.4,1.8,3.0,5.6,36.3,85,89,63,17,43.1,0,0,0,0,0,0,693404666.6322594,23292061.0,0.1167,0.082,368531,535358,0,53.0,39.9,2026-08-11
453,ATRC,Healthcare,Medical Instruments & Supplies,NASDAQ,968155,41.64,121.22,28,-7,-3.57,66.1,100.0,7.0,13.9,31.2,29.1,85,57,22,34,30.2,0,0,0,0,0,0,2105355877.613678,50866294.0,0.0996,0.128,923995,943485,0,35.8,21.5,2026-08-11
454,IAG,Basic Materials,Gold,NYSE,5308606,18.43,121.21,20,46,-25.89,140.5,62.3,14.2,19.2,14.9,6.0,85,65,91,97,86.4,0,0,0,0,0,0,10460719825.744629,571000000.0,1.0,0.475,6742900,5637948,2,84.9,-19.7,2026-08-11
455,KRNY,Financial Services,Banks - Regional,NASDAQ,530258,9.46,121.2,2,-9,-3.67,60.4,94.5,-0.8,-0.1,4.4,19.8,85,83,72,80,64.0,0,0,0,0,0,0,599109984.1678543,62931718.0,0.0292,0.149,501876,567595,0,74.8,11.2,2026-08-11
456,BBVA,Financial Services,Banks - Diversified,NYSE,1428830,28.35,121.1,3,-10,-1.05,58.7,100.0,2.1,6.2,12.7,23.2,85,82,69,85,59.1,0,0,0,0,0,0,156443957275.01642,5518305297.0,0.0002,0.202,2024681,1587370,0,73.8,12.1,2026-08-11
457,DRH,Real Estate,REIT - Hotel & Motel,NASDAQ,2684126,12.13,121.09,0,-10,-12.04,60.1,76.7,-6.6,-6.1,-1.9,17.7,85,85,75,73,62.4,0,0,0,0,0,0,2563709128.294389,204605681.0,0.090500005,0.041,3095380,2479068,0,73.8,14.7,2026-08-11
458,ABX,Financial Services,Insurance - Life,NYSE,648234,9.52,121.07,-7,-22,-23.47,77.7,55.9,-12.1,-13.3,-12.0,2.9,85,92,77,75,57.3,0,0,0,0,0,0,913180977.7497748,95922367.0,0.2068,0.299,505352,621452,1,75.3,22.2,2026-08-11
459,SKWD,Financial Services,Insurance - Property & Casualty,NASDAQ,576234,62.0,121.01,6,-43,-5.62,49.4,83.7,-0.7,1.3,9.6,26.2,85,79,30,30,34.9,0,0,0,0,0,0,2581376874.313431,40543065.0,0.055999998,0.53,497682,562686,0,43.5,36.7,2026-08-11
460,ENTG,Technology,Semiconductor Equipment & Materials,NASDAQ,3111428,144.21,120.95,5,12,-22.86,118.3,70.7,11.5,12.1,4.1,24.1,85,80,87,90,80.3,0,0,0,0,0,0,23161784278.86963,152300000.0,0.0715,0.115,3267366,3311583,1,84.3,-2.8,2026-08-11
461,ARW,Technology,Electronics & Computer Distribution,NYSE,607041,202.57,120.91,-4,-3,-14.65,102.7,78.7,-3.5,-2.8,-4.1,28.4,85,89,90,82,69.5,0,0,0,0,0,0,10359762355.09816,50905423.0,0.0332,0.318,696193,606448,1,82.6,11.1,2026-08-11
462,CIFR,Technology,Information Technology Services,NASDAQ,29208313,16.33,120.85,-7,-1,-45.82,264.6,51.1,-11.7,-15.8,-24.0,-7.7,85,92,98,97,95.1,0,0,1,0,0,1,7130227930.617325,415030722.0,0.1674,-0.43,36904800,27608420,4,95.5,-3.1,2026-08-11
463,TPC,Industrials,Engineering & Construction,NYSE,922644,98.52,120.79,21,40,-3.7,74.2,96.3,9.5,13.1,21.4,27.9,85,64,83,95,70.1,0,0,0,0,0,0,5214643246.443466,52614703.0,0.0586,0.192,686234,795416,1,78.0,-11.2,2026-08-11
464,COMP,Real Estate,Real Estate Services,NYSE,13161469,12.4,120.75,-5,-63,-11.14,90.0,87.1,4.6,6.6,17.0,28.9,85,90,32,75,60.8,0,0,0,0,0,0,9656969386.833364,767644630.0,0.066700004,1.09,12394959,14100529,1,64.5,23.4,2026-08-11
465,BHP,Basic Materials,Other Industrial Metals & Mining,NYSE,2428162,90.61,120.69,3,9,-3.43,72.7,92.4,3.1,5.7,5.8,23.0,85,82,88,85,69.1,0,0,0,0,0,0,229672609070.7416,2540345092.0,0.0062,0.108,2529056,2723685,0,81.0,5.3,2026-08-11
466,TPR,Consumer Cyclical,Luxury Goods,NYSE,2198902,164.78,120.63,25,36,0.51,67.8,93.9,1.9,6.7,9.6,17.7,85,60,71,92,55.0,0,0,0,0,0,0,32803979888.358307,202044714.0,0.098900005,0.212,1941718,2530843,1,69.5,-5.0,2026-08-11
467,ADVB,Healthcare,Diagnostics & Research,NASDAQ,3540381,7.91,120.56,73,74,-67.35,109.4,26.6,-5.3,-16.7,18.9,24.2,85,12,13,5,10.9,0,0,0,0,0,0,10524087.020928385,1652133.0,0.0121,,179325,2139667,0,10.2,1.9,2026-08-11
468,PURR,Financial Services,Capital Markets,NASDAQ,8870622,6.6,120.51,-7,-12,-43.2,111.9,44.1,0.6,-0.9,-16.2,,85,92,87,57,,0,0,0,0,0,0,1365838724.2336535,200563691.0,1.62,,7292448,13733001,1,78.7,,2026-08-11
469,PR,Energy,Oil & Gas E&P,NYSE,8795295,21.23,120.49,4,7,-6.37,77.5,89.8,3.5,4.1,9.0,21.2,85,81,84,78,64.8,0,0,0,0,0,0,16876773814.84735,837557029.0,0.0305,0.551,9005757,9980877,0,76.9,8.4,2026-08-11
470,TYRA,Healthcare,Biotechnology,NASDAQ,664162,26.25,120.48,-9,-7,-35.42,149.3,51.1,-13.5,-16.7,-15.8,-14.2,85,94,96,97,86.1,0,0,0,0,0,0,1576559813.92169,59470381.0,0.3087,,813526,886437,3,93.3,3.2,2026-08-11
471,PRM,Basic Materials,Specialty Chemicals,NYSE,1649431,34.54,120.46,-4,-2,-9.51,93.9,83.7,0.7,0.8,1.2,20.1,85,89,91,91,76.7,0,0,0,0,0,0,5771600630.236935,163686923.0,0.0383,0.315,2256773,1776610,2,86.9,5.6,2026-08-11
472,TEVA,Healthcare,Drug Manufacturers - Specialty & Generic,NYSE,5322268,36.14,120.41,1,6,-3.24,122.2,100.0,3.8,9.8,9.2,16.7,85,84,89,93,83.8,0,0,0,0,0,0,41204870241.480286,1165296084.0,0.028199999,-0.008,6524744,5966510,1,87.5,-2.2,2026-08-11
473,HPQ,Technology,Computer Hardware,NYSE,14855467,29.8,120.34,16,-18,-0.86,59.7,91.7,2.3,8.5,15.1,29.2,85,69,35,16,19.2,0,0,0,0,0,0,27481406136.77456,914522690.0,0.1148,0.09,16639261,17573752,0,34.8,38.9,2026-08-11
474,MRK,Healthcare,Drug Manufacturers - General,NYSE,8773682,130.92,120.18,6,4,-3.06,68.1,97.4,0.9,1.3,4.9,15.3,84,78,76,87,64.5,0,0,0,0,0,0,317570027803.0836,2469824415.0,0.0119,0.051,8506156,10489759,0,76.4,5.2,2026-08-11
475,BNY,Financial Services,Banks - Diversified,NYSE,3576196,159.43,120.18,-1,-6,-2.65,58.7,96.7,1.9,1.4,6.4,25.1,84,85,80,73,60.5,0,0,0,0,0,0,106939038234.74606,678504142.0,0.0,0.131,2813148,3897669,0,74.6,15.1,2026-08-11
476,VRNS,Technology,Software - Infrastructure,NASDAQ,2034084,42.44,120.17,-3,-69,-33.58,108.6,50.8,0.5,-4.5,4.0,30.2,84,87,21,12,2.5,0,0,0,0,0,0,4998728359.778957,114860485.0,0.0715,0.183,2300112,2159316,0,30.6,63.8,2026-08-11
477,TD,Financial Services,Banks - Diversified,NYSE,2919224,121.08,120.08,-2,-6,-3.04,66.6,93.4,0.9,0.4,1.9,20.1,84,86,82,83,66.9,0,0,0,0,0,0,200410302776.6724,1652051000.0,3.33,-0.315,2354012,2730196,0,79.5,10.5,2026-08-11
478,NVCR,Healthcare,Medical Devices,NASDAQ,1711891,17.31,120.04,7,14,-19.3,76.1,76.6,10.4,8.1,7.9,27.3,84,77,84,22,62.8,0,0,0,0,0,0,1908547246.5271,116445840.0,0.1331,0.156,1363294,1753730,0,61.4,17.4,2026-08-11
479,AVNT,Basic Materials,Specialty Chemicals,NYSE,867339,45.65,120.02,33,16,-1.89,65.5,98.8,13.1,18.0,22.2,28.4,84,51,34,78,47.5,0,0,0,0,0,0,4190666113.542366,91719550.0,0.0612,0.058,970227,919673,0,52.6,-2.0,2026-08-11
480,RELY,Technology,Software - Infrastructure,NASDAQ,3069686,23.14,119.94,-5,-5,-14.77,93.5,83.1,-1.3,-0.8,6.0,33.4,84,89,89,20,33.0,0,0,0,0,0,0,5141901565.244535,210561079.0,0.0763,0.202,3593340,3799576,0,57.7,41.8,2026-08-11
481,CENX,Basic Materials,Aluminum,NASDAQ,1990443,51.88,119.93,10,32,-26.34,141.1,65.0,10.6,14.3,4.9,8.8,84,74,96,96,84.4,0,0,0,0,0,0,5071426457.534466,98993295.0,0.1423,0.197,2170550,2243692,2,87.6,-11.8,2026-08-11
482,PAY,Technology,Software - Infrastructure,NYSE,1185572,38.99,119.92,34,7,-13.95,100.9,83.6,6.0,18.9,46.2,43.6,84,50,23,14,27.7,0,0,0,0,0,0,4857492146.35627,125939647.0,0.0908,0.288,1681837,1292507,0,28.7,21.1,2026-08-11
483,FIVE,Consumer Cyclical,Specialty Retail,NASDAQ,1085436,235.36,119.77,23,47,-6.47,77.5,88.4,3.9,9.5,16.8,17.0,84,61,85,93,71.6,0,0,0,0,0,0,13512524653.873169,55295351.0,0.041500002,0.325,929280,1315318,1,77.6,-14.1,2026-08-11
484,WULF,Financial Services,Capital Markets,NASDAQ,36183378,16.2,119.77,-12,-10,-45.71,219.7,48.5,-3.7,-7.3,-24.6,-5.2,84,96,98,97,94.0,0,0,1,0,0,1,8522384965.091711,498968677.0,0.248,-0.06,36221974,33031510,4,96.2,0.6,2026-08-11
485,AVAH,Healthcare,Medical Care Facilities,NASDAQ,1940049,9.46,119.69,-7,-66,-8.33,43.9,67.4,-5.1,-6.0,3.5,10.8,84,91,32,68,54.1,0,0,0,0,0,0,2064170296.245901,217510047.0,0.0507,0.159,1543348,2103117,1,61.3,28.9,2026-08-11
486,ECHO,Communication Services,Telecom Services,NASDAQ,5557505,89.15,119.66,2,18,-39.46,220.2,52.9,0.7,-1.3,-12.5,-17.2,84,82,98,99,93.6,0,0,1,1,0,2,26155783614.272182,290490708.0,0.2762,-0.04,5879365,8902127,3,93.1,-10.8,2026-08-11
487,TKR,Industrials,Tools & Accessories,NYSE,928852,126.57,119.55,-8,-18,-13.53,81.6,77.5,-3.0,-5.4,-6.3,20.2,84,92,82,84,70.1,0,0,0,0,0,0,9057219615.548248,69494510.0,0.0482,0.075,1214236,1002191,1,82.0,13.6,2026-08-11
488,VOYA,Financial Services,Financial Conglomerates,NYSE,1012821,100.23,119.53,-1,-17,-3.49,49.9,90.9,-1.9,-1.3,4.0,24.3,84,85,69,52,47.3,0,0,0,0,0,0,9193564479.345818,90666315.0,0.0001,-0.043,1095565,1160407,0,63.3,27.1,2026-08-11
489,WEST,Consumer Defensive,Packaged Foods,NASDAQ,536089,8.16,119.49,-7,-10,-19.92,122.8,75.7,1.2,4.5,2.0,44.4,84,91,88,32,26.2,0,0,0,0,0,0,802901982.6015091,97557962.0,0.1418,0.088,466379,652139,1,59.3,44.5,2026-08-11
490,VVX,Industrials,Aerospace & Defense,NYSE,755509,82.92,119.47,7,4,-11.77,54.4,73.4,-4.0,-2.1,-0.7,17.4,84,77,74,79,62.6,0,0,0,0,0,0,2645861783.5701294,31345358.0,0.0563,0.165,889899,713769,0,73.2,7.1,2026-08-11
491,MRAM,Technology,Semiconductors,NASDAQ,1307131,15.93,119.46,-10,-5,-69.07,176.8,27.6,5.7,6.6,-18.0,10.7,84,94,99,91,89.9,0,0,1,0,0,1,405184134.897934,24350009.0,0.16530001,0.419,1446093,1836106,3,93.5,2.1,2026-08-11
492,PATH,Technology,Software - Infrastructure,NYSE,77760453,15.59,119.32,51,38,-21.42,67.6,64.0,13.1,23.3,33.6,23.4,84,33,20,24,55.3,0,0,0,0,0,0,7797710102.123598,518120266.0,0.2811,0.173,60163440,67022722,0,33.1,-8.1,2026-08-11
493,OUT,Real Estate,REIT - Specialty,NYSE,1685331,30.04,119.3,-7,-8,-14.07,77.3,76.6,-4.9,-6.5,-6.5,8.8,84,91,90,82,72.5,0,0,0,0,0,0,5497181022.4533615,176135251.0,0.0583,0.135,2298443,1900216,2,83.9,11.1,2026-08-11
494,FFIV,Technology,Software - Infrastructure,NASDAQ,688423,409.99,119.26,-4,-11,-5.75,84.8,91.7,2.3,2.3,2.4,31.6,84,88,81,40,36.7,0,0,0,0,0,0,22663897673.9848,56627182.0,0.030199999,0.109,862121,676194,0,61.4,35.9,2026-08-11
495,USFD,Consumer Defensive,Food Distribution,NYSE,2592748,108.63,119.19,7,-21,-1.32,57.8,100.0,6.5,9.9,14.1,26.7,84,77,49,81,47.0,0,0,0,0,0,0,23977733300.42316,220221656.0,0.0535,0.045,2658485,2797793,0,63.5,17.0,2026-08-11
496,SM,Energy,Oil & Gas E&P,NYSE,3792189,31.76,119.11,7,15,-11.48,85.0,86.7,5.0,4.1,8.4,28.6,84,77,85,33,32.7,0,0,0,0,0,0,6869225284.224922,237854068.0,0.0739,1.934,3886339,3881253,0,56.9,30.2,2026-08-11
497,MGA,Consumer Cyclical,Auto Parts,NYSE,1380563,69.89,119.09,3,3,-2.88,66.2,94.9,1.0,3.0,5.7,20.2,84,81,81,90,66.7,0,0,0,0,0,0,18822696527.84116,267519846.0,0.027999999,0.033,1611350,1296670,1,79.7,5.3,2026-08-11
498,SSRM,Basic Materials,Gold,NASDAQ,3243249,31.4,119.06,3,16,-14.02,105.5,81.3,12.6,16.5,13.2,19.2,84,81,94,94,81.8,0,0,0,0,0,0,6594066378.852812,207491071.0,0.0423,0.095,3745478,3352737,2,87.7,-4.3,2026-08-11
499,ARIS,Basic Materials,Gold,NYSE,1604925,17.08,119.04,19,49,-26.66,157.3,66.5,12.8,16.5,13.0,4.4,84,65,95,98,85.2,0,0,0,1,0,1,3591893979.45294,206430693.0,2.1,0.623,1937177,1574359,2,85.8,-19.7,2026-08-11
500,MFG,Financial Services,Banks - Regional,NYSE,3974342,10.46,119.01,-5,-17,-3.68,71.4,94.2,0.2,0.6,3.9,22.2,84,89,77,89,67.5,0,0,0,0,0,0,130471286155.96378,12182192875.0,0.0011,0.35,3858008,4020487,0,80.6,12.0,2026-08-11
501,SNDR,Industrials,Trucking,NYSE,933212,35.26,118.98,-2,-18,-10.21,72.3,79.1,-1.4,-4.3,-4.5,18.0,84,86,70,75,53.8,0,0,0,0,0,0,6245971218.611561,175300899.0,0.1084,0.104,842776,1006437,0,71.2,19.9,2026-08-11
502,HSBC,Financial Services,Banks - Diversified,NYSE,1378189,103.32,118.93,0,-3,-4.26,61.7,89.4,-1.3,0.1,5.3,19.6,83,83,80,84,64.9,0,0,0,0,0,0,355747513187.5107,3429552701.0,4.87,0.254,1546739,1526819,0,78.0,9.1,2026-08-11
503,LAR,Basic Materials,Other Industrial Metals & Mining,NYSE,1716385,7.1,118.91,-4,7,-41.08,120.2,41.4,4.3,5.8,-13.2,-7.5,83,87,98,97,85.8,0,0,1,0,0,1,1137007969.374657,163834000.0,0.0355,,2004437,1845773,2,91.9,-2.5,2026-08-11
504,APH,Technology,Electronic Components,NYSE,7081645,167.7,118.9,7,-14,-6.06,53.9,86.6,1.2,5.1,5.6,16.4,83,76,55,88,58.4,0,0,0,0,0,0,208596132224.61945,1232983457.0,0.0150999995,0.55,7900995,8207645,0,69.3,8.5,2026-08-11
505,FBP,Financial Services,Banks - Regional,NYSE,1472146,28.93,118.83,7,-6,-1.67,50.9,97.5,0.3,1.6,8.5,26.5,83,76,63,61,49.5,0,0,0,0,0,0,4377175231.668133,152674406.0,0.0672,0.094,1494318,1636709,0,62.4,17.5,2026-08-11
506,CNO,Financial Services,Insurance - Life,NYSE,728868,55.29,118.73,1,-13,-3.99,47.5,94.4,-0.4,1.2,5.1,22.0,83,82,68,58,56.8,0,0,0,0,0,0,5103478810.242359,92521371.0,0.0002,0.116,705426,819619,0,66.2,18.8,2026-08-11
507,SRRK,Healthcare,Biotechnology,NASDAQ,1139503,51.89,118.73,3,7,-11.28,86.5,80.4,4.9,4.1,3.9,14.7,83,80,84,83,65.5,0,0,0,0,0,0,6444876900.444489,121785282.0,0.184,,1101739,1398441,0,78.1,6.3,2026-08-11
508,KGS,Energy,Oil & Gas Equipment & Services,NYSE,1752223,61.5,118.67,-10,-9,-20.83,85.4,65.0,4.1,-0.0,-7.2,14.0,83,93,94,86,75.6,0,0,0,0,0,0,6045043102.590042,100918914.0,0.0947,0.211,1821240,1844632,2,87.1,10.0,2026-08-11
509,RY,Financial Services,Banks - Diversified,NYSE,1410648,210.79,118.61,-2,-10,-3.56,57.6,91.0,0.1,-0.4,2.3,19.1,83,85,77,78,62.5,0,0,0,0,0,0,293329928216.3477,1389662335.0,4.98,0.161,1134426,1608791,0,75.6,13.4,2026-08-11
510,TRV,Financial Services,Insurance - Property & Casualty,NYSE,1937414,375.62,118.59,6,-14,-5.79,43.6,84.1,-1.0,0.3,10.4,23.5,83,77,57,63,50.5,0,0,0,0,0,0,80157466195.60364,208575022.0,0.0353,0.003,1983834,2051986,0,61.9,18.1,2026-08-11
511,KNX,Industrials,Trucking,NYSE,3869726,68.67,118.55,-4,-16,-17.13,76.0,68.0,-1.8,-4.8,-8.7,12.3,83,87,75,82,67.4,0,0,0,0,0,0,11396174573.638916,162756000.0,0.0637,0.126,3834270,4215024,0,77.8,12.0,2026-08-11
512,ATEN,Technology,Software - Infrastructure,NYSE,1328148,28.33,118.46,-12,-20,-26.4,64.2,49.3,-6.2,-15.0,-18.5,12.9,83,95,87,61,61.2,0,0,0,0,0,0,1948826134.719257,72609021.0,0.1354,0.155,1690424,1346220,1,76.1,24.5,2026-08-11
513,FDX,Industrials,Integrated Freight & Logistics,NYSE,1634062,325.08,118.35,-1,-4,-5.87,78.5,89.7,2.7,2.7,0.9,14.9,83,84,81,89,71.6,0,0,0,0,0,0,75367670793.93237,236581188.0,0.0249,0.125,1387806,1957401,0,81.4,5.5,2026-08-11
514,ASPN,Basic Materials,Specialty Chemicals,NYSE,1554339,6.29,118.32,10,16,-32.71,138.9,57.1,14.6,18.4,11.2,42.3,83,73,79,20,2.8,0,0,0,0,0,0,517984081.25,82877453.0,0.1174,-0.361,2533237,1531979,0,43.7,45.1,2026-08-11
515,SBLK,Industrials,Marine Shipping,NASDAQ,1266829,28.42,118.29,-1,-2,-3.66,64.8,88.0,-2.5,0.4,3.1,18.1,83,84,83,85,54.8,0,0,0,0,0,0,3223243718.854328,111530926.0,0.0112,0.445,1437118,1283855,0,76.7,14.5,2026-08-11
516,SAN,Financial Services,Banks - Diversified,NYSE,10645607,14.69,118.2,1,-7,-1.61,57.8,100.0,2.2,5.0,8.7,21.5,83,82,74,87,62.1,0,0,0,0,0,0,209718788811.46497,14266584458.0,0.0074,,13591771,9809014,0,76.3,9.8,2026-08-11
517,YOU,Technology,Software - Application,NYSE,1388128,51.21,118.11,-6,-3,-25.86,63.1,57.0,-10.7,-10.9,-10.7,6.4,83,89,92,62,57.6,0,0,0,0,0,0,5278307797.427879,102911049.0,0.1761,0.266,1868715,1460807,1,75.2,20.8,2026-08-11
518,WBD,Communication Services,Entertainment,NASDAQ,22118972,26.87,118.11,-2,4,-10.43,151.1,84.8,3.2,3.3,2.1,1.3,83,85,91,96,87.4,0,0,0,0,0,0,67141122601.07416,2507136702.0,0.025999999,-0.112,21291607,23268901,2,89.9,-4.0,2026-08-11
519,NVT,Industrials,Electrical Equipment & Parts,NYSE,2151344,162.33,118.1,-8,-6,-12.08,89.9,82.2,6.2,7.3,3.5,27.6,83,91,93,84,75.9,0,0,0,0,0,0,26656384369.070984,161857939.0,0.028199999,0.528,2718552,2155070,2,86.0,8.8,2026-08-11
520,CBC,Financial Services,Banks - Regional,NASDAQ,670306,33.04,118.08,1,-12,-2.3,44.4,95.1,-0.3,1.7,7.7,,83,82,69,51,,0,0,0,0,0,0,8034630706.177101,239768162.0,0.0691,0.137,723588,757377,0,67.3,,2026-08-11
521,OBE,Energy,Oil & Gas E&P,NYSE ARCA,829441,10.47,118.08,4,20,-28.24,92.8,57.3,6.3,7.5,9.4,23.5,83,79,95,81,74.2,0,0,0,0,0,0,661757760.6906738,66776768.0,9.83,0.417,796974,790950,1,82.3,0.4,2026-08-11
522,SGML,Basic Materials,Other Industrial Metals & Mining,NASDAQ,1585460,11.76,118.04,13,39,-51.96,153.0,37.7,10.6,13.4,-2.8,-8.3,83,70,96,94,82.8,0,0,0,0,0,0,1275295684.304781,112064646.0,0.0337,-0.112,1669631,1947138,2,85.7,-13.8,2026-08-11
523,WSM,Consumer Cyclical,Specialty Retail,NYSE,949737,250.82,118.01,14,-27,-0.86,48.6,98.6,3.0,6.7,10.6,25.0,83,69,28,63,34.0,0,0,0,0,0,0,29646241573.846344,117746611.0,0.0545,0.044,931563,1089196,0,48.5,22.8,2026-08-11
524,CGNX,Technology,Scientific & Technical Instruments,NASDAQ,2300445,64.36,117.95,-6,-9,-11.69,80.7,74.7,-4.2,-2.0,-3.0,21.6,83,89,86,91,59.6,0,0,0,0,0,0,11252492688.704315,168223842.0,0.056399997,0.169,2444887,2260799,1,81.4,14.6,2026-08-11
525,POWL,Industrials,Electrical Equipment & Parts,NASDAQ,817110,207.22,117.93,-12,-10,-36.82,153.6,52.6,0.3,-5.3,-17.9,7.4,83,95,97,97,88.2,0,0,0,0,0,0,7707673150.893311,36432564.0,0.09729999,0.089,966722,807864,3,94.3,2.8,2026-08-11
526,ALL,Financial Services,Insurance - Property & Casualty,NYSE,1661998,269.67,117.93,5,-15,-2.72,38.0,84.9,-1.7,0.8,8.0,21.2,83,78,58,50,35.1,0,0,0,0,0,0,67513072650.0,252857950.0,0.0005,0.118,1767354,1782846,0,55.3,29.0,2026-08-11
527,UNH,Healthcare,Healthcare Plans,NYSE,5258014,408.74,117.92,-1,-2,-11.46,59.4,81.4,-2.2,-3.8,-2.8,16.1,83,84,83,27,63.7,0,0,0,0,0,0,369687411785.99817,908144404.0,0.021300001,0.004,4358734,6168540,0,64.4,21.7,2026-08-11
528,MSM,Industrials,Industrial Distribution,NYSE,792354,122.93,117.86,-4,-14,-5.77,48.1,84.4,-2.6,-3.5,-0.5,21.5,83,87,77,64,48.3,0,0,0,0,0,0,6864626847.902374,55846298.0,0.0512,0.078,616753,786560,0,69.1,24.9,2026-08-11
529,MUFG,Financial Services,Banks - Diversified,NYSE,3340547,22.24,117.8,-2,-17,-4.34,52.7,88.6,-0.8,-0.9,4.5,21.6,83,85,70,81,58.2,0,0,0,0,0,0,253616859764.00876,11276872492.0,0.0007,0.288,3426921,3313914,0,73.6,15.7,2026-08-11
530,RPRX,Healthcare,Biotechnology,NASDAQ,2864573,57.97,117.77,-4,-8,-4.09,65.6,91.3,-0.2,-0.6,2.2,22.5,83,87,83,78,59.6,0,0,0,0,0,0,25278395022.711792,445277344.0,0.0278,0.165,3156930,3643360,0,76.9,15.9,2026-08-11
531,INVX,Energy,Oil & Gas Equipment & Services,NYSE,534094,29.17,117.76,9,19,-13.47,90.9,90.6,4.3,9.4,12.5,19.8,83,74,84,84,74.8,0,0,0,0,0,0,1961952957.5343647,69820389.0,0.0719,0.092,921744,516666,0,79.2,-3.4,2026-08-11
532,UGP,Energy,Oil & Gas Refining & Marketing,NYSE,4038195,6.01,117.61,-4,-4,-8.8,98.0,83.1,-5.0,-5.3,6.9,18.8,82,86,86,88,77.9,0,0,0,0,0,0,6541185780.803118,1068821226.0,0.0014,0.103,2730097,3599697,0,84.5,3.7,2026-08-11
533,ZIM,Industrials,Marine Shipping,NYSE,1219956,25.21,117.58,2,8,-15.88,97.2,71.8,-4.7,-2.7,-2.2,4.4,82,80,86,93,62.2,0,0,0,0,0,0,3241978969.425396,120519666.0,0.0253,-0.304,1485999,1194649,1,80.3,5.7,2026-08-11
534,SLF,Financial Services,Insurance - Diversified,NYSE,582346,82.63,117.56,3,-7,-2.07,41.7,87.2,-2.0,-1.7,2.1,18.5,82,79,69,67,51.2,0,0,0,0,0,0,45356754999.2124,553738896.0,5.09,0.075,708818,591775,0,66.5,17.3,2026-08-11
535,NTRS,Financial Services,Asset Management,NASDAQ,1051624,187.86,117.51,-1,-5,-1.95,53.0,95.1,2.2,2.4,5.2,22.6,82,83,79,76,56.6,0,0,0,0,0,0,33938273631.5,182955653.0,0.020399999,0.364,1036612,1126036,0,73.6,15.0,2026-08-11
536,SGMT,Healthcare,Biotechnology,NASDAQ,1098600,9.57,117.47,24,50,-4.89,109.2,98.8,15.9,22.3,29.7,43.8,82,58,84,36,16.9,0,0,0,0,0,0,559471397.3320894,61751807.0,0.16059999,,1307261,1193162,0,48.7,22.3,2026-08-11
537,TRGP,Energy,Oil & Gas Midstream,NYSE,1239045,266.21,117.46,-7,-11,-8.53,81.4,85.5,0.3,-2.3,-1.4,17.2,82,89,85,80,63.9,0,0,0,0,0,0,55080895317.24353,214431021.0,0.0227,0.042,1290885,1241979,0,79.5,14.8,2026-08-11
538,XHR,Real Estate,REIT - Hotel & Motel,NYSE,725400,18.89,117.18,-5,-18,-14.37,51.6,66.7,-7.0,-9.6,-6.6,14.9,82,87,74,72,56.2,0,0,0,0,0,0,1790491643.2744026,92245835.0,0.0678,0.028,863442,868266,0,72.3,19.7,2026-08-11
539,IDYA,Healthcare,Biotechnology,NASDAQ,929354,36.74,117.15,5,-6,-9.46,61.3,79.2,1.8,2.1,6.9,11.6,82,77,66,77,63.4,0,0,0,0,0,0,3564093214.111107,96274802.0,0.1155,,733893,1191150,0,70.8,7.9,2026-08-11
540,APLE,Real Estate,REIT - Hotel & Motel,NYSE,3133023,15.71,117.08,-5,-20,-9.09,39.4,74.6,-4.5,-6.0,-4.9,16.7,82,87,72,47,40.8,0,0,0,0,0,0,3819818125.686722,236082698.0,0.0951,0.047,4050740,3190616,0,61.7,32.6,2026-08-11
541,SAIL,Technology,Software - Infrastructure,NASDAQ,3859485,19.41,117.04,53,36,-19.13,81.7,65.2,8.2,16.3,21.9,17.9,82,29,12,20,9.5,0,0,0,0,0,0,10583634637.474745,567182997.0,0.2758,0.216,3175207,4740539,0,17.6,13.2,2026-08-11
542,VIRT,Financial Services,Capital Markets,NYSE,1149822,55.67,117.03,-10,-18,-18.16,70.1,65.9,-3.8,-4.8,-5.9,22.1,82,92,84,52,37.5,0,0,0,0,0,0,4931592731.563858,88300678.0,0.0581,0.291,1066876,1261367,1,66.4,36.0,2026-08-11
543,SMFG,Financial Services,Banks - Diversified,NYSE,1800562,25.32,117.0,-6,-18,-5.06,65.5,88.1,-1.0,-1.8,1.6,18.3,82,88,76,86,62.5,0,0,0,0,0,0,163534832230.9171,6353334642.0,0.0019,0.248,1801237,1916109,0,78.1,14.4,2026-08-11
544,PCVX,Healthcare,Biotechnology,NASDAQ,1157271,58.29,116.93,7,13,-10.32,99.6,88.6,5.4,5.7,9.7,12.7,82,75,81,75,78.4,0,0,0,0,0,0,8641122448.048233,148805278.0,0.0991,,1004633,1434852,0,77.4,-2.3,2026-08-11
545,BRZE,Technology,Software - Application,NASDAQ,2245025,28.75,116.88,22,-13,-22.98,78.7,60.9,6.8,11.1,18.8,15.5,82,60,25,9,19.4,0,0,0,0,0,0,2989244598.3773727,112631669.0,0.1248,0.302,2131266,2493479,0,28.4,34.0,2026-08-11
546,WSBC,Financial Services,Banks - Regional,NASDAQ,998847,41.72,116.82,12,-9,-1.84,42.8,99.1,0.8,2.1,8.7,19.8,82,70,49,67,51.7,0,0,0,0,0,0,3998316380.703304,95905889.0,0.0735,0.035,764963,1460014,0,59.4,11.9,2026-08-11
547,CRI,Consumer Cyclical,Apparel Retail,NYSE,995283,40.38,116.75,10,-15,-9.14,65.4,77.2,0.6,1.9,-0.4,10.1,82,72,47,73,61.6,0,0,0,0,0,0,1466978918.9899063,36711185.0,0.1225,0.052,1308451,977908,0,63.4,7.5,2026-08-11
548,RGEN,Healthcare,Medical Instruments & Supplies,NASDAQ,1192299,163.17,116.69,26,-9,-7.17,60.2,89.2,7.5,11.9,18.1,17.8,82,56,21,37,55.6,0,0,0,0,0,0,9249797937.444304,56435621.0,0.1033,0.119,1236428,1140817,0,42.4,7.5,2026-08-11
549,PRG,Industrials,Rental & Leasing Services,NYSE,554306,42.2,116.68,-8,-36,-11.59,59.0,72.3,-4.8,-6.4,-1.1,22.0,82,90,62,58,40.5,0,0,0,0,0,0,1706785413.2717514,39831633.0,0.104399994,0.223,675689,567839,1,62.6,33.9,2026-08-11
550,IQV,Healthcare,Diagnostics & Research,NYSE,1442662,241.99,116.62,18,-7,-3.73,55.6,95.9,2.7,9.0,20.1,22.9,82,64,39,27,44.6,0,0,0,0,0,0,39290019497.68066,164600000.0,0.037100002,0.087,1844256,1546917,0,43.7,19.6,2026-08-11
551,AOSL,Technology,Semiconductors,NASDAQ,604139,34.56,116.55,-1,10,-36.4,99.4,48.5,6.5,7.2,-10.3,19.1,82,83,94,39,44.2,0,0,0,0,0,0,1079859229.042694,29929578.0,0.120799996,-0.005,509498,751315,1,65.0,27.1,2026-08-11
552,SXC,Basic Materials,Coking Coal,NYSE,1592325,9.41,116.48,11,-13,-5.14,63.3,90.9,1.9,4.0,5.9,23.6,82,71,47,32,32.2,0,0,0,0,0,0,796974870.6394672,84874850.0,0.0602,0.095,2434486,1603023,0,45.5,29.6,2026-08-11
553,LXP,Real Estate,REIT - Industrial,NYSE,816642,60.72,116.38,8,7,-1.44,50.5,97.6,0.1,0.7,7.8,18.9,82,74,73,66,57.7,0,0,0,0,0,0,3570451988.805481,58957264.0,0.0001,0.004,851028,726749,0,67.7,9.8,2026-08-11
554,PGNY,Healthcare,Healthcare Plans,NASDAQ,1196677,27.85,116.33,-10,-43,-15.77,63.0,63.9,-11.8,-13.8,-8.5,12.2,82,92,59,27,24.2,0,0,0,0,0,0,2201139626.881428,78332370.0,0.0828,0.053,1317563,1309570,1,50.5,50.2,2026-08-11
555,AMGN,Healthcare,Drug Manufacturers - General,NASDAQ,2510676,417.2,116.28,14,6,-0.29,52.8,98.0,4.0,7.7,13.5,19.2,81,67,59,76,52.7,0,0,0,0,0,0,221793121788.53577,539708274.0,0.0238,0.095,3027520,2792250,0,63.7,6.1,2026-08-11
556,EOLS,Healthcare,Drug Manufacturers - Specialty & Generic,NASDAQ,851405,7.57,116.27,9,8,-4.78,111.7,100.0,24.2,32.3,27.4,41.4,81,72,71,9,50.2,0,0,0,0,0,0,501322849.6784973,66050440.0,0.0908,0.212,1080886,831841,0,50.5,23.6,2026-08-11
557,BBY,Consumer Cyclical,Specialty Retail,NYSE,3530575,82.43,116.25,2,-55,-9.69,50.0,80.1,-1.8,-2.6,3.9,17.4,81,79,22,28,29.0,0,0,0,0,0,0,17282904332.0,210767126.0,0.09729999,0.019,3622455,3941553,0,39.5,40.9,2026-08-11
558,PD,Technology,Software - Application,NYSE,1518633,11.88,116.24,10,-50,-31.29,107.2,53.7,6.1,13.1,20.3,20.1,81,71,11,6,2.2,0,0,0,0,0,0,896031500.5966301,76649404.0,0.1117,0.01,1240319,1974493,0,22.5,53.4,2026-08-11
559,CFFN,Financial Services,Banks - Regional,NASDAQ,827679,8.77,116.21,0,-8,-5.29,50.6,88.6,-1.3,0.3,4.4,18.5,81,81,73,80,57.0,0,0,0,0,0,0,1095614822.5997255,123380046.0,0.069,0.183,1005137,831823,0,72.7,13.0,2026-08-11
560,ACAD,Healthcare,Biotechnology,NASDAQ,1699762,29.39,116.2,12,-4,-0.31,46.6,100.0,6.3,10.9,19.5,23.1,81,69,53,40,27.2,0,0,0,0,0,0,5033044023.029587,172305518.0,0.1022,0.164,2138847,1679649,0,47.3,28.3,2026-08-11
561,DHT,Energy,Oil & Gas Midstream,NYSE,2940590,18.33,116.14,-2,-1,-10.8,69.8,81.0,-1.0,-0.4,2.2,13.1,81,83,84,83,63.2,0,0,0,0,0,0,3021141146.979505,161041637.0,0.0708,0.955,3015851,3242180,0,78.3,9.8,2026-08-11
562,UBS,Financial Services,Banks - Diversified,NYSE,1800395,53.96,116.08,-1,-7,-2.16,47.5,92.6,0.9,1.5,5.3,20.5,81,82,76,68,45.0,0,0,0,0,0,0,176214800114.95288,3277805164.0,0.0019,0.146,1896005,1962985,0,67.8,21.9,2026-08-11
563,CM,Financial Services,Banks - Diversified,NYSE,1121511,119.29,116.05,-3,-4,-2.62,63.9,95.3,0.4,0.3,3.2,17.5,81,84,83,81,65.9,0,0,0,0,0,0,108349437218.1534,912800674.0,6.39,0.153,776733,1377576,0,78.5,9.8,2026-08-11
564,BWIN,Financial Services,Insurance Brokers,NASDAQ,1285271,28.85,116.04,32,8,-17.07,80.4,75.0,3.9,7.5,20.1,27.7,81,49,25,9,6.1,0,0,0,0,0,0,2860611505.5383606,96838572.0,0.1382,0.301,1239775,1652425,0,22.3,31.8,2026-08-11
565,MAC,Real Estate,REIT - Retail,NYSE,3435944,24.33,116.0,-4,-10,-8.81,51.4,80.8,-2.3,-3.5,-1.2,18.7,81,85,79,59,55.0,0,0,0,0,0,0,6918848641.830683,283559375.0,0.111099996,0.012,5179222,3841362,0,69.5,20.8,2026-08-11
566,DGX,Healthcare,Diagnostics & Research,NYSE,1010239,237.63,115.9,12,-9,-1.04,36.9,98.5,0.8,5.0,11.6,21.3,81,69,48,67,43.0,0,0,0,0,0,0,26307491029.665527,110373360.0,0.0319,0.102,869499,969601,0,56.7,15.5,2026-08-11
567,MD,Healthcare,Medical Care Facilities,NYSE,814962,26.08,115.86,-7,-15,-6.66,85.1,90.6,-0.4,-0.1,4.1,16.6,81,88,80,76,73.9,0,0,0,0,0,0,2200338572.4808674,81253271.0,0.0849,0.04,878636,811767,0,79.5,10.2,2026-08-11
568,DBX,Technology,Software - Infrastructure,NASDAQ,3914646,34.59,115.83,11,-22,-3.16,54.5,92.9,0.7,6.7,16.1,25.3,81,70,37,23,35.1,0,0,0,0,0,0,8121195912.079685,233300649.0,0.2904,0.009,4898819,4071553,0,41.3,30.2,2026-08-11
569,ESTA,Healthcare,Medical Devices,NASDAQ,557721,75.06,115.81,-12,-24,-23.09,120.9,65.5,-13.9,-16.9,-13.6,3.3,81,93,81,92,82.1,0,0,0,0,0,0,2278500739.9113464,29430390.0,0.191,0.317,652873,659034,2,87.0,6.9,2026-08-11
570,TXN,Technology,Semiconductors,NASDAQ,8092144,280.44,115.8,-9,-9,-16.04,83.4,71.5,1.1,-0.4,-4.3,22.2,81,90,90,80,57.5,0,0,0,0,0,0,261261885748.03265,913247686.0,0.019199999,0.228,7857522,9149980,2,79.4,18.3,2026-08-11
571,CHRD,Energy,Oil & Gas E&P,NASDAQ,827033,138.52,115.72,14,34,-8.84,63.8,83.9,2.2,4.0,8.0,19.9,81,67,87,50,46.8,0,0,0,0,0,0,7394898030.672943,56299183.0,0.0762,0.841,862499,835795,0,62.7,11.5,2026-08-11
572,CFG,Financial Services,Banks - Regional,NYSE,4517709,72.67,115.63,2,-6,-2.72,55.5,94.9,0.6,0.9,4.9,17.3,81,79,71,84,59.9,0,0,0,0,0,0,30606916412.762268,421176788.0,0.0001,0.147,3360428,4686385,0,73.5,9.3,2026-08-11
573,TRLV,Healthcare,Drug Manufacturers - Specialty & Generic,NYSE,903687,9.08,115.6,-5,-10,-31.63,95.4,55.1,6.5,7.4,0.4,20.4,81,86,81,73,65.1,0,0,0,0,0,0,1682686766.25,192307059.0,0.0105,-0.103,883111,1300998,0,76.3,13.6,2026-08-11
574,YPF,Energy,Oil & Gas Integrated,NYSE,1229718,50.94,115.56,-7,-21,-11.39,108.5,78.0,-2.3,-2.7,-2.2,17.5,81,88,74,42,52.3,0,0,0,0,0,0,19276956672.72619,392126866.0,0.0015,0.428,1056956,1491191,0,64.1,28.4,2026-08-11
575,TSM,Technology,Semiconductors,NYSE,14648952,418.47,115.32,-5,-5,-12.64,85.7,77.8,3.0,3.1,-0.9,16.8,81,86,86,90,71.0,0,0,0,0,0,0,2178526588738.5352,5186474013.0,0.0069,0.36,14032596,14503827,1,83.3,6.7,2026-08-11
576,CNQ,Energy,Oil & Gas E&P,NYSE,7358527,47.25,115.3,8,19,-7.97,62.4,86.2,2.5,4.5,8.5,16.4,81,73,84,80,61.8,0,0,0,0,0,0,93818861539.8407,2061500000.0,4.42,0.695,6449073,8449222,0,74.7,3.1,2026-08-11
577,HXL,Industrials,Aerospace & Defense,NYSE,1095982,100.83,115.28,-5,-10,-9.76,67.0,80.5,-2.4,-4.2,0.8,16.5,81,86,81,85,67.3,0,0,0,0,0,0,7821733663.438446,75623452.0,0.0637,0.08,1136997,1058877,0,79.8,10.0,2026-08-11
578,WCC,Industrials,Industrial Distribution,NYSE,769193,366.55,115.26,-2,3,-4.88,79.9,95.1,2.5,6.5,6.3,21.7,81,83,88,86,72.8,0,0,0,0,0,0,17726087838.053223,48732854.0,0.029000001,0.13,755739,670373,0,82.5,4.0,2026-08-11
579,IVZ,Financial Services,Asset Management,NYSE,4946841,31.74,115.25,2,3,-2.49,53.3,94.4,1.7,3.1,9.0,18.6,81,79,80,83,58.0,0,0,0,0,0,0,13942569966.316223,441500000.0,0.0636,0.205,5412294,5396992,0,75.0,9.6,2026-08-11
580,JNJ,Healthcare,Drug Manufacturers - General,NYSE,7834715,261.81,115.24,-1,-8,-4.76,50.4,92.1,0.6,1.0,4.3,13.6,81,82,75,86,57.0,0,0,0,0,0,0,624742088752.114,2409898597.0,0.0127,0.066,7289835,8409683,0,75.0,12.4,2026-08-11
581,BURL,Consumer Cyclical,Apparel Retail,NYSE,632417,371.5,115.2,16,-3,-1.81,48.0,89.7,-2.7,-0.5,5.7,16.0,81,65,46,67,40.2,0,0,0,0,0,0,23181856251.280243,62830271.0,0.0775,0.141,656281,733106,0,54.6,13.9,2026-08-11
582,EFXT,Energy,Oil & Gas Equipment & Services,NYSE,514422,20.51,115.19,-14,-13,-29.64,127.0,60.6,-2.5,-6.6,-11.6,3.0,81,95,96,95,84.6,0,0,0,0,0,0,2436456290.084366,122066954.0,2.53,-0.054,746358,511759,3,92.6,5.1,2026-08-11
583,JXN,Financial Services,Insurance - Life,NYSE,640141,130.4,115.13,5,-6,-5.5,42.5,87.7,0.8,3.0,12.1,18.3,81,76,65,78,51.3,0,0,0,0,0,0,8802028024.961792,67728744.0,0.0552,,635415,662857,0,67.6,13.0,2026-08-11
584,LIVN,Healthcare,Medical Devices,NASDAQ,660438,76.48,115.13,-8,-16,-10.82,58.6,81.1,-1.2,-1.4,-1.2,16.7,81,89,81,81,64.0,0,0,0,0,0,0,4187034333.4175415,54933538.0,0.0855,0.108,814615,732597,0,78.7,14.9,2026-08-11
585,PFG,Financial Services,Asset Management,NASDAQ,1516772,113.81,115.13,-2,-10,-2.4,47.8,93.9,-1.0,0.3,2.4,17.5,81,83,75,64,55.4,0,0,0,0,0,0,24279466616.097755,214104641.0,0.0462,0.064,1585958,1497105,0,69.3,18.4,2026-08-11
586,HNI,Consumer Cyclical,"Furnishings, Fixtures & Appliances",NYSE,633450,48.99,115.12,42,16,-7.2,69.3,87.0,4.7,11.3,26.1,23.1,81,39,13,68,22.3,0,0,0,0,0,0,3587435515.070343,72181800.0,0.0584,1.207,711222,726496,0,35.6,5.2,2026-08-11
587,CRCT,Technology,Computer Hardware,NASDAQ,664644,5.9,115.09,42,25,-14.86,59.6,71.9,11.2,20.4,29.4,31.2,80,38,21,31,12.7,0,0,0,0,0,0,1223155421.3986816,209444416.0,0.111099996,-0.092,1088853,637816,0,25.7,15.7,2026-08-11
588,CAT,Industrials,Farm & Heavy Construction Machinery,NYSE,3110447,837.58,115.08,-13,-14,-21.97,106.8,66.3,0.8,-1.8,-7.9,12.5,80,93,92,94,79.2,0,0,0,0,0,0,387133595889.1632,459674889.0,0.0195,0.24,3545963,3434892,3,89.6,6.8,2026-08-11
589,ELVA,Industrials,Electrical Equipment & Parts,NASDAQ,1605820,9.28,115.03,7,29,-27.39,73.3,38.6,-16.1,-18.5,-23.0,-13.0,80,73,95,96,62.7,0,0,0,0,0,0,480717632.6885605,49507480.0,1.32,0.202,530930,1117590,2,81.7,-1.6,2026-08-11
590,ASTH,Healthcare,Medical Care Facilities,NASDAQ,649638,37.47,115.0,-14,-16,-27.38,89.9,51.6,-3.7,-12.1,-16.0,13.0,80,94,92,18,31.4,0,0,0,0,0,0,1773102944.4558792,49583418.0,0.103,0.485,582466,650725,2,58.9,46.7,2026-08-11
591,EGO,Basic Materials,Gold,NYSE,2400493,39.1,114.95,43,86,-23.57,77.4,61.6,12.7,20.1,22.8,13.4,80,37,80,97,70.2,0,0,0,0,0,0,9889927311.88202,260810332.0,4.67,0.079,3227869,2725219,1,71.1,-32.9,2026-08-11
592,ACLS,Technology,Semiconductor Equipment & Materials,NASDAQ,508781,132.65,114.95,-10,-6,-31.55,82.6,52.1,2.5,1.0,-10.5,19.9,80,90,94,84,69.2,0,0,0,0,0,0,4331746593.969955,30881489.0,0.0832,0.106,496575,575583,2,84.3,11.2,2026-08-11
593,ZYME,Healthcare,Biotechnology,NASDAQ,522531,24.16,114.94,0,6,-18.79,95.5,73.7,5.8,4.4,1.4,0.7,80,80,86,89,79.2,0,0,0,0,0,0,1670380598.1051254,70959241.0,0.0833,-0.911,484753,603614,0,83.5,-2.0,2026-08-11
594,CZR,Consumer Cyclical,Resorts & Casinos,NASDAQ,3679795,30.07,114.91,13,22,-2.62,63.9,94.5,-0.6,-0.6,-0.1,16.0,80,67,76,19,32.3,0,0,0,0,0,0,6142169138.086845,203720372.0,0.1191,0.03,3417185,5229217,0,48.6,26.0,2026-08-11
595,BCRX,Healthcare,Drug Manufacturers - Specialty & Generic,NASDAQ,4134330,9.84,114.89,7,11,-12.3,65.7,84.2,10.6,10.4,10.5,24.2,80,73,77,26,33.1,0,0,0,0,0,0,2396919314.143672,255535105.0,0.1237,0.336,3483331,4699244,0,52.3,28.9,2026-08-11
596,RTX,Industrials,Aerospace & Defense,NYSE,4952076,224.12,114.8,16,11,-0.68,47.5,99.6,1.9,6.1,13.9,17.9,80,64,59,84,53.1,0,0,0,0,0,0,300590497211.1074,1347758144.0,0.0127,0.145,5337189,5288331,0,65.0,2.0,2026-08-11
597,IOT,Technology,Software - Infrastructure,NYSE,5484799,39.86,114.76,11,-34,-16.03,66.3,76.6,4.6,8.5,14.1,20.0,80,69,24,13,27.0,0,0,0,0,0,0,23821188774.56152,582710082.0,0.1263,0.305,5488879,6482825,0,33.2,36.7,2026-08-11
598,RXO,Industrials,Trucking,NYSE,1915469,21.33,114.66,-13,-21,-28.66,105.0,58.4,1.4,-11.2,-17.1,17.4,80,93,85,53,55.2,0,0,0,0,0,0,3578897103.42865,164926128.0,0.2566,0.25,2524858,2032537,1,71.6,27.7,2026-08-11
599,ING,Financial Services,Banks - Diversified,NYSE,2603423,35.24,114.66,0,-6,-2.76,49.4,95.4,0.7,4.0,9.5,22.4,80,80,74,80,53.2,0,0,0,0,0,0,101958075137.34096,2857569346.0,0.00029999999,0.111,2800889,3476317,0,71.8,14.0,2026-08-11
600,MET,Financial Services,Insurance - Life,NYSE,3868328,97.03,114.62,4,-23,-3.86,43.0,90.2,-0.3,1.4,7.0,20.5,80,76,49,42,35.4,0,0,0,0,0,0,62130577019.53616,635476927.0,0.0199,0.105,4704064,4001738,0,50.6,29.8,2026-08-11
601,BNS,Financial Services,Banks - Diversified,NYSE,2582317,88.56,114.61,-4,-13,-2.11,58.5,95.8,1.0,1.0,3.3,16.8,80,84,75,81,62.8,0,0,0,0,0,0,108316454193.21095,1219093484.0,3.55,0.126,2012562,2646240,0,75.7,12.1,2026-08-11
602,GPRE,Basic Materials,Chemicals,NASDAQ,1355397,15.09,114.61,-12,-11,-23.21,104.2,68.4,-3.4,-6.7,-2.4,12.1,80,92,93,93,81.7,0,0,0,0,0,0,1026896528.4607544,70095328.0,0.2151,-0.193,1536611,1453296,3,89.9,4.9,2026-08-11
603,XPRO,Energy,Oil & Gas Equipment & Services,NYSE,1093794,17.85,114.6,11,20,-4.7,84.6,98.5,10.7,12.3,17.6,17.1,80,69,78,85,72.4,0,0,0,0,0,0,1923197311.2227936,113396074.0,0.0941,-0.07,881003,1182066,0,76.1,-5.8,2026-08-11
604,AEIS,Industrials,Electrical Equipment & Parts,NASDAQ,766089,314.49,114.6,-5,2,-20.87,125.5,74.8,6.6,8.6,2.5,12.4,80,85,92,96,82.6,0,0,0,0,0,0,13017194218.832705,40050442.0,0.061300002,0.3,931978,918213,2,88.9,-1.7,2026-08-11
605,NOVT,Technology,Scientific & Technical Instruments,NASDAQ,505778,163.86,114.56,5,6,-7.1,69.0,98.7,8.8,12.2,8.6,24.5,80,75,76,74,53.5,0,0,0,0,0,0,6291742210.24292,37817770.0,0.1723,0.103,546854,547486,0,69.6,10.9,2026-08-11
606,GEV,Industrials,Specialty Industrial Machinery,NYSE,2774420,990.85,114.51,-9,-6,-17.15,84.7,74.0,2.1,0.2,-1.0,19.0,80,89,92,92,61.0,0,0,0,0,0,0,263755473886.6054,266333581.0,0.038,0.219,2480882,3010112,2,83.5,13.1,2026-08-11
607,NTCT,Technology,Software - Infrastructure,NASDAQ,574295,38.64,114.5,-12,-17,-14.66,76.0,72.8,-3.4,-4.3,-6.2,16.8,80,92,87,70,72.6,0,0,0,0,0,0,2794868973.4317017,72707312.0,0.0553,0.127,543795,653319,1,80.4,14.6,2026-08-11
608,ADI,Technology,Semiconductors,NASDAQ,4105177,383.92,114.49,-5,1,-13.9,72.0,72.8,2.9,2.4,-2.1,14.7,80,85,91,88,69.9,0,0,0,0,0,0,189929845939.668,487087040.0,0.024,0.372,4129253,4726238,1,83.5,6.3,2026-08-11
609,FLYW,Technology,Software - Infrastructure,NASDAQ,2279758,17.38,114.32,-8,-13,-8.43,64.2,83.9,1.4,1.4,4.7,22.3,80,88,83,21,55.9,0,0,0,0,0,0,2163251327.262562,121667674.0,0.111499995,0.272,2662485,2415317,0,62.0,29.9,2026-08-11
610,WBI,Energy,Oil & Gas Equipment & Services,NYSE,802022,32.2,114.3,-9,-23,-12.71,72.2,77.6,-2.0,-4.4,-0.5,21.5,80,89,75,53,,0,0,0,0,0,0,1504513888.0,47016059.0,0.1339,1.053,650588,1316359,0,72.3,,2026-08-11
611,GRAL,Healthcare,Diagnostics & Research,NASDAQ,605806,74.84,114.23,-2,-31,-37.02,140.2,52.1,7.3,7.5,12.6,2.1,80,82,53,95,84.9,0,0,0,0,0,0,3103410088.2615814,44666234.0,0.1832,0.257,874339,725347,1,78.7,-1.1,2026-08-11
612,TDAY,Communication Services,Publishing,NYSE,1840220,7.12,114.2,-14,-20,-22.69,96.0,60.5,-16.7,-18.1,-17.0,3.2,80,94,88,83,71.8,0,0,0,0,0,0,1064430072.25,146817941.0,0.1384,-0.083,2596431,1783442,1,84.2,13.9,2026-08-11
613,GL,Financial Services,Insurance - Life,NYSE,665874,183.26,114.18,-3,-18,-4.33,38.9,91.1,-1.1,-0.3,3.6,20.5,80,83,68,65,36.8,0,0,0,0,0,0,14274989783.756012,77644761.0,0.00090000004,0.08,659393,663666,0,63.2,28.2,2026-08-11
614,VTRS,Healthcare,Drug Manufacturers - Specialty & Generic,NASDAQ,10138601,16.28,114.18,-9,-10,-11.47,71.5,81.1,-5.0,-5.4,-1.6,14.8,80,89,88,90,68.0,0,0,0,0,0,0,18871348246.042114,1148590864.0,0.040700004,0.049,11685633,10209418,1,83.7,10.4,2026-08-11
615,LGN,Industrials,Engineering & Construction,NASDAQ,1502629,64.16,114.17,-13,-9,-40.17,118.6,48.6,2.9,-2.0,-13.6,7.2,80,93,97,85,,0,0,0,0,0,0,10567676728.46808,164247394.0,0.0877,1.051,1390499,1466773,2,91.7,,2026-08-11
616,COKE,Consumer Defensive,Beverages - Non-Alcoholic,NASDAQ,546244,185.55,114.12,5,4,-15.52,62.4,66.5,-2.6,-1.8,-0.9,4.0,80,75,74,74,63.3,0,0,0,0,0,0,12846243464.708588,66564294.0,0.082399994,0.083,524133,536890,0,71.6,6.2,2026-08-11
617,MCHB,Financial Services,Banks - Regional,NASDAQ,660252,16.71,114.11,3,-12,-2.79,34.2,100.0,2.5,4.8,8.6,15.2,80,77,62,76,44.7,0,0,0,0,0,0,3684519669.012619,221425469.0,0.0858,0.363,630777,606977,0,64.9,17.9,2026-08-11
618,GRPN,Communication Services,Internet Content & Information,NASDAQ,1638853,22.95,114.07,-8,-36,-34.76,126.9,55.5,-15.9,-17.7,-4.8,26.4,80,88,60,14,0.6,0,0,0,0,0,0,1017852386.8026428,40665296.0,0.5991,-0.008,1681261,1653928,0,40.6,61.3,2026-08-11
619,WAB,Industrials,Railroads,NYSE,979095,294.16,114.07,14,23,-4.07,60.5,93.5,1.2,3.7,8.7,21.0,80,66,75,81,60.8,0,0,0,0,0,0,49289875017.92999,168910851.0,0.025899999,0.175,919605,942281,0,70.7,-1.3,2026-08-11
620,VCYT,Healthcare,Diagnostics & Research,NASDAQ,1261484,46.27,114.0,-15,-42,-24.04,65.8,56.7,-4.4,-12.7,-13.1,9.8,79,94,67,48,68.7,0,0,0,0,0,0,3796050415.953217,80390731.0,0.099,0.155,1690904,1375338,1,69.4,24.6,2026-08-11
621,HLX,Energy,Oil & Gas Equipment & Services,NYSE,1416172,10.0,113.97,1,8,-6.98,78.8,92.6,6.6,6.6,9.4,19.2,79,78,85,76,71.0,0,0,0,0,0,0,1414871547.4219418,147382447.0,0.0629,0.006,1686427,1501257,0,77.5,3.2,2026-08-11
622,CAH,Healthcare,Medical Distribution,NYSE,2190427,237.18,113.97,-1,-27,-3.14,64.5,100.0,2.4,4.1,5.9,13.6,79,80,54,85,58.7,0,0,0,0,0,0,55366262692.520905,234205855.0,0.033299997,0.11,2157333,2326322,0,69.4,12.2,2026-08-11
623,EGY,Energy,Oil & Gas E&P,NYSE,1232273,5.81,113.89,-1,7,-13.54,71.8,73.3,7.7,7.8,8.4,16.5,79,80,88,81,60.0,0,0,0,0,0,0,593917475.1109486,107012154.0,0.0722,0.395,1219680,1326504,0,77.3,9.0,2026-08-11
624,ST,Technology,Scientific & Technical Instruments,NYSE,1702246,45.79,113.85,-2,4,-15.03,62.0,70.7,-1.3,0.1,-2.7,17.9,79,81,87,76,61.7,0,0,0,0,0,0,6792158413.055878,145535862.0,0.059899997,0.05,1942438,1910345,0,76.4,10.1,2026-08-11
625,GM,Consumer Cyclical,Auto Manufacturers,NYSE,6919237,87.96,113.82,10,13,-4.24,65.4,97.4,1.1,5.5,9.5,14.0,79,69,72,86,67.5,0,0,0,0,0,0,79211867616.88023,904451541.0,0.0279,0.019,6332843,8012132,0,73.6,-3.0,2026-08-11
626,BKD,Healthcare,Medical Care Facilities,NYSE,4896991,13.69,113.8,-7,-13,-19.89,74.5,55.9,-11.6,-14.0,-12.0,-4.1,79,86,80,97,70.7,0,0,0,0,0,0,3396002333.27148,238818725.0,0.1582,-0.067,4698213,5080970,1,83.4,6.0,2026-08-11
627,HST,Real Estate,REIT - Hotel & Motel,NASDAQ,10016655,22.67,113.76,-6,-13,-11.82,45.6,68.2,-8.1,-8.3,-7.8,9.2,79,85,78,76,53.7,0,0,0,0,0,0,15950839081.515709,684879281.0,0.081599995,0.036,11410445,9987721,0,73.2,18.2,2026-08-11
628,RYAM,Basic Materials,Chemicals,NYSE,974749,8.77,113.76,38,87,-25.99,95.1,58.4,-2.4,0.6,5.3,5.8,79,41,90,87,76.6,0,0,0,0,0,0,610150787.125061,67644208.0,0.0644,0.106,1142578,995461,1,73.7,-31.9,2026-08-11
629,AXTA,Basic Materials,Specialty Chemicals,NYSE,1536722,37.44,113.75,18,-15,-3.03,46.5,92.9,1.0,6.9,10.1,19.7,79,61,28,62,39.5,0,0,0,0,0,0,8173423391.518261,214019997.0,0.0509,0.031,1653226,2091171,0,47.6,13.8,2026-08-11
630,PAGP,Energy,Oil & Gas Midstream,NASDAQ,1384616,25.15,113.75,-3,-7,-6.09,49.0,84.2,-2.1,-2.7,0.8,13.3,79,82,78,73,38.6,0,0,0,0,0,0,4896147982.463341,197904124.0,0.0845,0.087,1820348,1405641,0,67.9,23.9,2026-08-11
631,CART,Consumer Cyclical,Internet Retail,NASDAQ,4276143,50.56,113.69,9,-6,-3.35,50.0,87.4,5.9,7.7,9.4,19.7,79,70,55,24,7.4,0,0,0,0,0,0,11791445338.027555,235029814.0,0.111999996,0.141,4431689,4297955,0,39.1,42.0,2026-08-11
632,NOV,Energy,Oil & Gas Equipment & Services,NYSE,3436718,20.7,113.67,5,14,-3.94,76.9,95.5,6.1,5.7,7.1,14.1,79,74,83,83,72.1,0,0,0,0,0,0,7004795020.264387,356478125.0,0.13340001,-0.025,3614624,3936862,0,78.0,-1.7,2026-08-11
633,BRUN,Technology,Software - Infrastructure,NASDAQ,1654985,17.5,113.64,-18,-21,-58.33,81.4,28.9,-2.4,-11.3,-33.8,8.1,79,97,94,44,73.7,0,0,0,0,0,0,1118001913.666359,61428674.0,1.97,1.646,2013477,1837367,2,77.2,22.5,2026-08-11
634,SHOP,Technology,Software - Application,NASDAQ,10259326,155.18,113.61,43,26,-14.83,60.0,68.4,12.2,18.3,26.4,15.1,79,36,19,26,10.6,0,0,0,0,0,0,195016630045.3316,1286643931.0,0.0218,0.337,15482850,9806702,0,22.9,16.4,2026-08-11
635,BMY,Healthcare,Drug Manufacturers - General,NYSE,11943882,64.84,113.49,8,3,-4.79,49.3,90.2,-1.5,1.2,7.8,13.0,79,71,66,79,47.6,0,0,0,0,0,0,132204495029.86816,2042714656.0,0.022,0.057,15200316,13148643,0,65.9,10.6,2026-08-11
636,CSX,Industrials,Railroads,NASDAQ,12941392,50.12,113.46,-5,-12,-6.49,55.8,84.5,-1.0,-1.5,2.4,19.5,79,84,77,73,49.9,0,0,0,0,0,0,93123914925.58572,1852474917.0,0.02,0.101,12551666,13096775,0,71.0,20.0,2026-08-11
637,ACA,Industrials,Engineering & Construction,NYSE,746750,144.73,113.42,-8,-20,-1.49,62.5,99.2,-0.1,-0.1,3.5,21.6,79,87,75,79,57.8,0,0,0,0,0,0,7112630035.725494,49106809.0,0.024300002,0.017,636180,797912,0,74.7,17.4,2026-08-11
638,CFR,Financial Services,Banks - Regional,NYSE,603646,165.65,113.41,8,-11,-2.72,38.5,94.0,-0.1,1.0,7.1,18.8,79,71,52,65,43.9,0,0,0,0,0,0,10223475132.5,62148785.0,0.00029999999,0.061,661868,630701,0,58.0,16.6,2026-08-11
639,USB,Financial Services,Banks - Regional,NYSE,7960911,64.19,113.4,3,-12,-1.28,44.3,99.1,0.9,0.9,5.5,16.3,79,76,61,78,52.2,0,0,0,0,0,0,99621807317.58194,1558051446.0,0.0,0.104,7260815,8993197,0,66.8,13.0,2026-08-11
640,SFL,Industrials,Marine Shipping,NYSE,1345426,11.89,113.39,-1,2,-8.11,68.9,79.0,-4.3,-2.3,2.1,15.2,79,80,83,73,34.1,0,0,0,0,0,0,1605222862.2938232,132992784.0,0.0305,-0.067,1245648,1501667,0,67.5,24.0,2026-08-11
641,TFSL,Financial Services,Banks - Regional,NASDAQ,929713,17.21,113.38,-5,-23,-11.7,36.1,76.9,-4.2,-4.8,-1.1,14.3,79,84,66,71,44.8,0,0,0,0,0,0,4933576154.53727,280476186.0,0.1517,0.152,1281661,949908,0,66.4,24.0,2026-08-11
642,PAYO,Technology,Software - Infrastructure,NASDAQ,4160800,7.09,113.34,-4,-64,-1.25,66.0,97.2,-0.4,-0.4,3.8,24.2,79,83,23,22,14.6,0,0,0,0,0,0,2405840903.284666,338850836.0,0.0541,0.052,6508212,7946932,0,35.6,52.4,2026-08-11
643,HOPE,Financial Services,Banks - Regional,NASDAQ,1115640,14.0,113.31,7,0,-3.31,44.7,97.3,0.9,2.4,6.0,18.7,79,72,65,70,51.7,0,0,0,0,0,0,1787108256.402214,127741836.0,0.0621,0.795,1133321,1121440,0,64.7,11.2,2026-08-11
644,WST,Healthcare,Medical Instruments & Supplies,NYSE,771993,352.13,113.3,-8,-18,-8.77,52.1,89.3,1.2,0.8,2.4,22.1,79,87,77,47,54.2,0,0,0,0,0,0,24917946566.78748,70375762.0,0.0392,0.138,647389,798221,0,66.3,25.4,2026-08-11
645,BUSE,Financial Services,Banks - Regional,NASDAQ,875070,30.82,113.19,4,-8,-2.78,40.2,94.7,-0.1,2.0,5.8,18.9,79,75,63,68,48.2,0,0,0,0,0,0,2558234059.0792694,82576956.0,0.0454,-0.009,889910,886536,0,63.5,16.0,2026-08-11
646,GLBE,Consumer Cyclical,Internet Retail,NASDAQ,1439596,41.15,113.15,11,-36,-3.2,48.4,90.1,0.1,4.9,12.9,16.0,79,68,21,22,25.7,0,0,0,0,0,0,7108379935.86042,167967391.0,0.031400003,0.328,1461050,1635846,0,34.2,35.1,2026-08-11
647,TBBB,Consumer Defensive,Discount Stores,NYSE,534712,40.65,113.14,-8,-26,-8.82,71.8,92.5,0.7,1.7,1.1,15.3,79,87,69,85,63.8,0,0,0,0,0,0,4918961128.017902,120562775.0,0.0533,0.334,463346,734211,0,76.2,13.8,2026-08-11
648,BMRN,Healthcare,Biotechnology,NASDAQ,1864932,68.88,113.12,24,1,3.92,40.0,100.0,11.0,13.8,18.5,22.8,79,55,32,49,29.6,0,0,0,0,0,0,12351941827.623104,193573759.0,0.0743,0.199,2494087,2086105,0,41.4,16.2,2026-08-11
649,MS,Financial Services,Capital Markets,NYSE,5573174,215.33,113.04,-5,-10,-7.29,49.5,84.1,0.9,0.2,-0.5,15.4,79,84,79,70,57.4,0,0,0,0,0,0,340070762878.418,1572000000.0,0.0,0.28,5355543,6022992,0,72.6,16.6,2026-08-11
650,KNTK,Energy,Oil & Gas Midstream,NYSE,914124,51.27,112.97,-1,-2,-2.42,61.3,97.0,2.4,2.0,5.4,17.4,79,80,79,49,32.4,0,0,0,0,0,0,7981914049.530029,162300000.0,0.099700004,0.363,1142922,1032566,0,60.1,30.1,2026-08-11
651,GTLB,Technology,Software - Infrastructure,NASDAQ,4182306,40.73,112.97,9,-53,-22.24,116.8,71.8,14.4,21.9,31.9,32.2,79,70,8,11,12.1,0,0,0,0,0,0,6582033206.176758,168900000.0,0.114700004,0.231,4354190,5610212,0,25.3,47.0,2026-08-11
652,MOH,Healthcare,Healthcare Plans,NYSE,1325100,198.84,112.83,-7,-17,-18.8,58.6,59.8,-0.4,-5.4,-6.8,12.6,79,86,76,19,32.8,0,0,0,0,0,0,10254689840.698242,52200000.0,0.0747,-0.057,752572,1229720,0,53.5,41.0,2026-08-11
653,BVN,Basic Materials,Other Precious Metals & Mining,NYSE,883913,34.58,112.78,13,40,-22.59,91.6,65.2,7.3,9.9,10.4,8.7,78,65,92,96,76.5,0,0,0,0,0,0,8673651895.603203,253986867.0,0.0233,0.432,853050,1144232,2,82.4,-14.6,2026-08-11
654,VLY,Financial Services,Banks - Regional,NASDAQ,6754654,14.65,112.75,-3,-10,-3.62,58.5,92.8,1.5,1.2,2.3,15.0,78,81,74,84,61.9,0,0,0,0,0,0,8040406143.701082,552605226.0,0.105399996,0.15,6381382,6901942,0,75.2,9.7,2026-08-11
655,NMR,Financial Services,Capital Markets,NYSE,1012012,9.82,112.75,0,-18,-2.39,45.3,92.1,0.2,0.4,5.8,16.0,78,78,60,84,47.4,0,0,0,0,0,0,29079792320.109768,2922592249.0,0.00059999997,0.312,969627,1209849,0,67.4,15.9,2026-08-11
656,BAC,Financial Services,Banks - Diversified,NYSE,31909338,63.86,112.73,7,-16,-0.17,38.6,100.0,2.0,3.0,8.7,18.6,78,71,48,59,48.0,0,0,0,0,0,0,441731901412.9453,6992748365.0,0.0,0.168,26546816,35046501,0,56.5,16.2,2026-08-11
657,OC,Industrials,Building Products & Equipment,NYSE,1191858,153.8,112.72,13,-21,-3.82,61.7,99.9,7.7,9.7,15.7,30.2,78,65,31,52,18.4,0,0,0,0,0,0,12418548581.774872,79048683.0,0.0497,0.003,973586,1156385,0,41.6,29.3,2026-08-11
658,AG,Basic Materials,Silver,NYSE,10480840,18.85,112.7,19,56,-41.17,126.8,44.8,12.0,14.1,10.4,-0.0,78,59,96,98,83.2,0,0,0,1,0,1,9069477259.171137,492906383.0,1.56,0.573,12289520,11343354,2,84.1,-23.6,2026-08-11
659,SDGR,Healthcare,Health Information Services,NASDAQ,1168058,18.77,112.64,21,-13,-18.46,68.5,66.2,12.1,16.8,18.2,23.3,78,57,23,11,7.8,0,0,0,0,0,0,1358470193.065567,74805628.0,0.2527,0.075,1227645,1299149,0,24.7,37.2,2026-08-11
660,SKY,Consumer Cyclical,Residential Construction,NYSE,669315,92.99,112.6,23,-12,-6.23,46.5,90.1,8.5,11.2,14.4,15.3,78,55,20,64,51.6,0,0,0,0,0,0,5138157683.219788,54280134.0,0.0992,0.013,782565,762355,0,47.7,3.4,2026-08-11
661,PAA,Energy,Oil & Gas Midstream,NASDAQ,2356174,23.26,112.57,-3,-6,-7.07,46.1,80.8,-2.7,-3.5,0.5,12.1,78,81,78,73,37.5,0,0,0,0,0,0,16093177335.24543,705531684.0,0.0214,0.663,3200382,2414750,0,67.4,23.7,2026-08-11
662,MATV,Basic Materials,Specialty Chemicals,NYSE,538282,12.8,112.57,55,55,-17.31,77.3,71.3,23.1,38.3,52.9,23.8,78,23,23,89,45.6,0,0,0,0,0,0,710554875.4854965,55124504.0,0.0251,0.012,688687,549451,0,45.2,-24.5,2026-08-11
663,RDNT,Healthcare,Diagnostics & Research,NASDAQ,830204,77.28,112.56,33,9,-9.97,47.2,75.0,11.1,17.2,24.0,15.1,78,45,21,53,51.8,0,0,0,0,0,0,5691939340.840851,78634236.0,0.15100001,0.221,981324,904900,0,42.7,-2.6,2026-08-11
664,ASM,Basic Materials,Other Precious Metals & Mining,NYSE ARCA,3289437,7.31,112.52,34,82,-39.03,100.0,48.9,19.0,23.7,19.8,10.4,78,44,92,99,77.1,0,0,0,1,0,1,1205864658.2981768,175271023.0,0.041199997,1.093,3775543,3720410,2,78.0,-32.3,2026-08-11
665,INN,Real Estate,REIT - Hotel & Motel,NYSE,1227806,6.21,112.51,-7,-26,-13.39,49.9,66.1,-9.7,-10.7,-8.0,14.1,78,85,66,27,28.1,0,0,0,0,0,0,699968950.1843014,107853463.0,0.00029999999,0.032,887609,1641253,0,51.5,41.9,2026-08-11
666,DLTR,Consumer Defensive,Discount Stores,NASDAQ,2904189,129.37,112.51,3,-51,-9.15,50.6,76.6,-0.8,0.9,6.2,11.7,78,75,21,84,18.2,0,0,0,0,0,0,25155652396.2594,192174588.0,0.0725,0.072,1836877,3158927,0,49.5,32.0,2026-08-11
667,SIRI,Communication Services,Entertainment,NASDAQ,4156937,28.78,112.5,-7,-15,-11.88,43.1,67.8,-5.6,-6.2,-3.1,16.8,78,85,77,33,41.2,0,0,0,0,0,0,10081670658.377674,337066891.0,0.1826,0.01,5069013,5126330,0,59.0,33.1,2026-08-11
668,UAL,Industrials,Airlines,NASDAQ,4248784,123.76,112.48,1,-38,-10.82,48.2,80.7,-0.3,3.0,4.0,18.5,78,77,38,73,50.3,0,0,0,0,0,0,42051253167.27344,324569728.0,0.0677,0.16,3312734,4906986,0,59.6,18.1,2026-08-11
669,NWBI,Financial Services,Banks - Regional,NASDAQ,1113967,15.49,112.45,4,-4,-4.15,38.3,91.9,-0.8,0.2,3.7,17.5,78,74,66,60,45.1,0,0,0,0,0,0,2277439375.0348606,146459122.0,0.0652,0.232,1194811,1210596,0,61.3,18.0,2026-08-11
670,VIST,Energy,Oil & Gas E&P,NYSE,917883,68.36,112.41,-5,-5,-16.06,96.2,71.2,-1.3,-0.4,-2.0,8.9,78,83,83,63,61.1,0,0,0,0,0,0,7316111866.292084,110917404.0,0.025999999,1.023,790309,871409,0,72.5,15.0,2026-08-11
671,EXPD,Industrials,Integrated Freight & Logistics,NYSE,1272954,179.0,112.41,-6,-16,-4.66,56.6,92.0,1.1,0.6,4.8,15.4,78,84,74,71,57.9,0,0,0,0,0,0,23230624930.35977,129990622.0,0.0423,0.321,1328022,1351158,0,71.7,16.6,2026-08-11
672,HRI,Industrials,Rental & Leasing Services,NYSE,534480,169.76,112.39,3,-39,-9.87,87.9,88.8,5.6,8.5,14.8,22.6,78,75,33,55,60.3,0,0,0,0,0,0,5613139243.550659,33431444.0,0.089499995,0.202,592341,581724,0,55.8,15.5,2026-08-11
673,CF,Basic Materials,Agricultural Inputs,NYSE,2386913,121.48,112.37,1,9,-14.43,54.8,67.8,-2.0,-3.0,2.7,13.0,78,77,85,62,53.8,0,0,0,0,0,0,17305514934.57634,151338130.0,0.0719,0.176,2281191,2617756,0,69.5,13.8,2026-08-11
674,ODFL,Industrials,Trucking,NASDAQ,1648897,212.55,112.37,-6,-20,-15.66,65.8,67.9,-2.3,-6.0,-7.4,9.8,78,84,70,77,53.4,0,0,0,0,0,0,44863678862.48044,207356622.0,0.0521,0.104,2020881,1881040,0,71.1,18.1,2026-08-11
675,EBC,Financial Services,Banks - Regional,NASDAQ,2696251,22.94,112.37,4,-8,-3.41,51.6,94.9,0.3,0.5,5.5,15.2,78,74,62,79,58.1,0,0,0,0,0,0,5228076034.927368,228900000.0,0.084300004,0.276,3003205,3682407,0,68.3,8.2,2026-08-11
676,BEN,Financial Services,Asset Management,NYSE,4720116,33.52,112.34,-7,-10,-7.61,57.5,83.5,-1.9,-0.1,1.1,21.3,78,85,82,77,41.8,0,0,0,0,0,0,17157757483.279152,508076910.0,0.0513,0.143,5508799,4720853,0,71.5,23.5,2026-08-11
677,FCF,Financial Services,Banks - Regional,NYSE,822817,21.43,112.31,6,-5,-4.07,40.9,93.8,-0.4,1.2,5.5,18.3,78,72,61,66,40.9,0,0,0,0,0,0,2187232650.3237247,101684455.0,0.0442,0.096,1027173,820596,0,60.0,17.9,2026-08-11
678,AUR,Consumer Cyclical,Auto Parts,NASDAQ,24283949,6.98,112.24,-2,9,-18.51,84.4,68.7,3.5,8.1,7.8,33.2,78,80,91,23,20.9,0,0,0,0,0,0,13846093696.11906,1961203089.0,0.1674,1.0,26992917,27744221,1,53.7,39.8,2026-08-11
679,KODK,Industrials,Specialty Business Services,NYSE,844115,9.99,112.24,41,92,-32.82,85.6,51.2,9.8,17.4,12.7,14.2,78,37,88,62,52.0,0,0,0,0,0,0,982915996.2654114,97900000.0,0.10609999,0.183,1055545,953629,0,59.7,-17.6,2026-08-11
680,MTB,Financial Services,Banks - Regional,NYSE,1108526,251.13,112.22,5,-18,-1.52,41.2,97.5,0.8,0.9,5.7,17.0,78,73,50,74,44.0,0,0,0,0,0,0,36298469407.69959,144933000.0,0.0454,0.062,995970,1154256,0,60.3,16.6,2026-08-11
681,HWM,Industrials,Aerospace & Defense,NYSE,2249452,283.71,112.22,-2,1,-8.48,64.5,91.6,-0.8,-0.2,3.0,17.4,78,80,83,88,60.7,0,0,0,0,0,0,112414140297.39246,398801399.0,0.0198,0.241,2341668,2842403,0,77.9,7.8,2026-08-11
682,FDMT,Healthcare,Biotechnology,NASDAQ,770096,11.14,112.21,-13,-14,-20.43,107.4,76.4,9.9,8.2,7.0,17.3,78,91,90,90,79.7,0,0,0,0,0,0,561969730.5,52276254.0,0.25129998,216.643,555758,911591,3,87.7,5.9,2026-08-11
683,P,Technology,Computer Hardware,NYSE,2480857,97.98,112.11,12,24,-2.59,97.0,100.0,28.1,38.6,42.6,47.3,78,66,78,54,75.1,0,0,0,0,0,0,29933065141.01935,332404932.0,0.044299997,,2720692,2988574,0,68.3,-3.3,2026-08-11
684,NWG,Financial Services,Banks - Regional,NYSE,4000453,19.18,112.09,8,-6,-1.24,39.9,93.6,0.6,3.3,8.5,14.7,78,70,56,74,43.4,0,0,0,0,0,0,76373920971.80583,3979881128.0,0.00029999999,0.145,4583281,4769598,0,60.9,13.9,2026-08-11
685,VOR,Healthcare,Biotechnology,NASDAQ,1208621,23.37,112.03,48,112,-53.45,243.9,40.0,5.9,14.8,32.1,54.1,78,30,94,86,0.3,0,0,0,0,0,0,1282576398.9240437,54185737.0,0.1609,,809204,1251416,1,52.6,-2.7,2026-08-11
686,RL,Consumer Cyclical,Apparel Manufacturing,NYSE,615632,406.89,112.03,16,8,-3.49,39.4,87.2,2.6,3.7,2.4,9.6,78,62,54,76,46.9,0,0,0,0,0,0,23566562918.93777,59582239.0,0.0995,0.14,712526,671513,0,59.7,5.5,2026-08-11
687,FFBC,Financial Services,Banks - Regional,NASDAQ,1123695,33.61,112.02,-4,-18,-7.28,46.2,83.1,0.1,-0.9,2.2,17.5,78,82,68,75,52.6,0,0,0,0,0,0,3533254504.383011,104968940.0,0.0552,0.165,811345,1100803,0,69.4,17.5,2026-08-11
688,BBNX,Healthcare,Medical Devices,NASDAQ,1229075,16.4,112.02,1,-66,-49.86,98.9,37.9,18.9,12.0,15.1,1.5,78,77,10,16,27.0,0,0,0,0,0,0,715336022.037796,44989688.0,0.1476,0.378,1777305,1179309,0,32.5,43.9,2026-08-11
689,BCS,Financial Services,Banks - Diversified,NYSE,5009690,27.98,111.96,-1,-20,-2.47,43.8,92.2,0.3,0.1,3.7,14.1,78,79,60,85,48.5,0,0,0,0,0,0,94111268366.36217,3369540542.0,0.93,0.156,4798290,5078858,0,68.1,16.0,2026-08-11
690,REAL,Consumer Cyclical,Luxury Goods,NASDAQ,3224419,11.91,111.91,9,-3,-31.52,79.9,50.7,-3.6,-0.5,4.7,-3.0,78,69,57,77,74.5,0,0,0,0,0,0,1496554737.7069235,121671115.0,0.1713,0.166,4124497,3322859,0,69.4,-3.1,2026-08-11
691,MFC,Financial Services,Insurance - Life,NYSE,1714398,44.15,111.77,2,1,-2.6,46.6,93.6,-1.2,-0.1,5.2,16.8,78,76,75,68,53.9,0,0,0,0,0,0,73655480842.42786,1661901655.0,3.26,0.107,2250355,1884817,0,68.2,12.7,2026-08-11
692,TROX,Basic Materials,Chemicals,NYSE,2712968,6.22,111.71,22,58,-41.27,121.9,46.2,3.5,3.6,-4.2,-2.5,78,56,92,93,79.5,0,0,0,0,0,0,1039647225.3424358,159700029.0,0.2159,0.187,3446896,2756849,2,80.1,-22.8,2026-08-11
693,HQY,Healthcare,Health Information Services,NASDAQ,762398,106.79,111.7,18,-5,0.35,44.2,96.4,1.5,4.9,12.3,18.7,78,60,37,19,21.6,0,0,0,0,0,0,8747293457.289818,83602157.0,0.0797,0.072,669964,913642,0,34.4,29.7,2026-08-11
694,PH,Industrials,Specialty Industrial Machinery,NYSE,617577,1060.5,111.68,12,6,-3.59,48.1,96.5,4.6,7.0,11.2,15.7,77,65,59,83,54.3,0,0,0,0,0,0,135400389939.7738,126086389.0,0.0116,0.098,764653,704394,0,65.3,2.4,2026-08-11
695,HASI,Financial Services,Asset Management,NYSE,869726,40.57,111.66,6,16,-8.07,60.1,87.4,5.4,6.2,6.4,12.6,77,71,81,83,63.5,0,0,0,0,0,0,5198947403.88179,127801066.0,0.116000004,8.044,1006049,1016935,0,74.6,0.3,2026-08-11
696,VCEL,Healthcare,Biotechnology,NASDAQ,519707,43.95,111.61,-7,-64,-10.89,51.2,79.1,-2.8,-3.2,2.9,17.5,77,84,27,28,31.0,0,0,0,0,0,0,2308906233.073509,51206614.0,0.1159,0.225,505031,603550,0,42.5,43.4,2026-08-11
697,ADUR,Industrials,Pollution & Treatment Controls,NASDAQ,559972,15.56,111.57,-3,-2,-14.46,70.7,79.3,5.5,10.7,5.5,21.4,77,80,81,81,46.8,0,0,0,0,0,0,570639139.9205933,35443424.0,4.59,,435178,590271,0,72.2,16.3,2026-08-11
698,GCMG,Financial Services,Asset Management,NASDAQ,514075,13.82,111.54,-3,-50,-3.86,47.9,100.0,5.8,8.1,12.6,22.8,77,80,33,35,19.1,0,0,0,0,0,0,820003376.0931301,60383165.0,0.0387,-0.012,396925,536743,0,41.8,44.2,2026-08-11
699,ZION,Financial Services,Banks - Regional,NASDAQ,1642270,70.62,111.52,1,-11,-3.71,51.3,91.2,0.7,0.7,3.6,16.7,77,76,64,72,46.1,0,0,0,0,0,0,10263439879.05857,145953355.0,0.0563,0.352,1396522,1723670,0,64.5,17.0,2026-08-11
700,BOX,Technology,Software - Infrastructure,NYSE,2789852,33.6,111.47,18,-14,-0.83,53.6,93.7,1.9,5.5,14.9,20.6,77,59,27,16,11.5,0,0,0,0,0,0,4602064304.823025,138449581.0,0.1318,0.136,2975077,2612959,0,28.4,35.5,2026-08-11
701,LNC,Financial Services,Insurance - Life,NYSE,2031797,45.68,111.46,11,-26,-4.17,36.3,82.2,-2.5,1.9,12.0,13.5,77,66,29,59,24.4,0,0,0,0,0,0,8812320642.379639,191447336.0,0.0005,0.126,2590783,1938310,0,44.6,25.9,2026-08-11
702,CATY,Financial Services,Banks - Regional,NASDAQ,509974,63.37,111.43,0,-7,-2.34,41.0,96.6,0.2,1.0,3.7,18.7,77,77,70,69,49.3,0,0,0,0,0,0,4237396511.273258,66825367.0,0.059499998,0.138,428254,523306,0,66.3,16.2,2026-08-11
703,HSIC,Healthcare,Medical Distribution,NASDAQ,1387599,88.08,111.41,6,-31,-4.45,43.8,98.5,1.9,2.7,6.5,15.6,77,71,34,57,44.3,0,0,0,0,0,0,10039483481.528282,113916757.0,0.0692,0.067,1536548,1407463,0,51.6,19.8,2026-08-11
704,COCO,Consumer Defensive,Beverages - Non-Alcoholic,NASDAQ,1207484,62.78,111.38,-16,-17,-26.86,99.1,62.1,-0.3,-5.5,-11.2,8.9,77,93,92,87,78.5,0,0,0,0,0,0,3602043524.25,57864153.0,0.117,0.281,1011373,1156694,2,87.6,8.6,2026-08-11
705,INCY,Healthcare,Biotechnology,NASDAQ,1879587,121.55,111.38,-5,-20,-8.33,52.9,82.5,0.1,1.3,7.8,18.2,77,82,67,75,60.2,0,0,0,0,0,0,24437239762.892456,202697746.0,0.089700006,0.377,2386343,2059284,0,71.0,13.8,2026-08-11
706,CPAY,Technology,Software - Infrastructure,NYSE,551273,400.88,111.38,9,-5,-1.25,59.3,100.0,3.1,6.4,12.0,25.1,77,68,54,58,43.8,0,0,0,0,0,0,25683312611.435,65361919.0,0.0396,0.215,672111,642698,0,55.9,15.5,2026-08-11
707,TRIN,Financial Services,Asset Management,NYSE,1139384,18.43,111.37,-2,-8,1.01,28.3,94.4,2.2,2.6,4.5,14.0,77,79,73,62,22.9,0,0,0,0,0,0,1709218938.4545364,94693574.0,0.0594,0.193,1317142,1109770,0,59.2,32.0,2026-08-11
708,NTNX,Technology,Software - Infrastructure,NASDAQ,3127446,64.46,111.34,14,-28,-21.79,86.9,64.0,4.9,10.5,18.9,31.2,77,63,21,11,5.4,0,0,0,0,0,0,16940985804.058365,270320509.0,0.1312,0.1,2564249,3552789,0,25.1,43.4,2026-08-11
709,SU,Energy,Oil & Gas Integrated,NYSE,4355971,62.73,111.33,-3,4,-10.76,65.8,79.6,-1.2,-0.7,4.1,13.4,77,80,87,84,64.3,0,0,0,0,0,0,70962784057.22583,1180745189.0,1.85,0.459,5001434,4799648,0,78.8,6.4,2026-08-11
710,LH,Healthcare,Diagnostics & Research,NYSE,740839,321.31,111.3,20,-2,0.43,30.7,100.0,2.5,7.0,14.3,19.7,77,57,35,56,29.6,0,0,0,0,0,0,25884688088.989258,81100000.0,0.033800002,0.058,809727,698013,0,44.4,16.1,2026-08-11
711,OXY,Energy,Oil & Gas E&P,NYSE,9168096,58.65,111.2,11,24,-13.05,51.7,73.7,4.9,5.6,8.3,16.4,77,66,79,53,41.5,0,0,0,0,0,0,55889725260.07744,999637371.0,0.0001,0.534,8824470,9558554,0,59.9,13.5,2026-08-11
712,FITB,Financial Services,Banks - Regional,NYSE,6109224,57.13,111.1,-1,-22,-3.98,42.7,90.7,0.9,0.3,3.6,15.9,77,78,57,78,47.4,0,0,0,0,0,0,51756252708.33206,906573000.0,0.0,0.518,5456494,7039108,0,65.1,17.4,2026-08-11
713,MANH,Technology,Software - Application,NASDAQ,885424,195.69,111.06,36,12,-11.34,61.5,74.8,1.0,11.1,23.9,25.6,77,41,17,19,7.0,0,0,0,0,0,0,11382879434.454285,58304972.0,0.0637,0.093,1237133,787892,0,21.0,23.8,2026-08-11
714,SON,Consumer Cyclical,Packaging & Containers,NYSE,1187450,57.87,111.02,9,5,-4.62,47.2,87.0,0.3,1.3,6.7,16.1,77,68,64,80,35.7,0,0,0,0,0,0,5736727719.321384,98875003.0,0.1371,-0.013,1118812,1258520,0,61.9,14.2,2026-08-11
715,FRSH,Technology,Software - Application,NASDAQ,17563707,11.98,111.01,20,-13,-14.79,74.0,71.8,2.4,7.2,15.8,19.2,77,57,24,9,6.9,0,0,0,0,0,0,3272980579.4605064,276434167.0,0.0825,0.16,9031061,18508220,0,24.2,38.0,2026-08-11
716,SDRL,Energy,Oil & Gas Drilling,NYSE,780782,46.76,110.97,10,32,-15.7,64.4,69.3,7.2,7.4,10.2,15.1,77,67,89,88,63.6,0,0,0,0,0,0,2703819270.875381,62530508.0,0.077800006,0.088,795378,861685,0,76.9,-4.7,2026-08-11
717,IEX,Industrials,Specialty Industrial Machinery,NYSE,705908,233.27,110.92,3,-2,-4.32,50.6,99.3,1.4,3.7,5.9,18.6,77,74,69,73,57.1,0,0,0,0,0,0,17284367311.10559,73719896.0,0.0364,0.064,827235,717835,0,68.3,9.1,2026-08-11
718,RIO,Basic Materials,Other Industrial Metals & Mining,NYSE,2757680,101.91,110.9,5,22,-9.48,67.3,78.6,2.2,6.3,4.1,11.6,77,72,89,89,65.6,0,0,0,0,0,0,164479946725.8422,1626903553.0,0.0086,0.155,2640711,2759212,0,78.9,-1.9,2026-08-11
719,SBH,Consumer Cyclical,Specialty Retail,NYSE,1429546,16.75,110.9,15,-14,-6.53,42.5,96.9,4.8,8.8,17.1,15.1,77,62,33,83,52.9,0,0,0,0,0,0,1575663167.217186,93622292.0,0.3013,0.002,1708999,1510085,0,57.7,3.3,2026-08-11
720,CNI,Industrials,Railroads,NYSE,1575537,125.14,110.88,1,-9,-4.87,38.9,89.2,-0.5,-1.0,2.8,16.8,77,76,66,61,45.8,0,0,0,0,0,0,76580339076.99585,604900000.0,1.97,0.113,1589301,1679900,0,62.2,19.1,2026-08-11
721,VRT,Industrials,Electrical Equipment & Parts,NYSE,6073959,270.1,110.87,-16,-13,-28.91,131.3,62.9,8.3,1.7,-5.8,12.9,77,93,96,94,79.1,0,0,0,0,0,0,104870775975.41869,384988173.0,0.0292,0.241,8786918,6530459,3,90.5,6.5,2026-08-11
722,GBTG,Consumer Cyclical,Travel Services,NYSE,1541392,9.45,110.75,-12,-13,-0.94,89.9,98.5,0.1,0.2,0.5,23.9,76,88,87,19,34.2,0,0,0,0,0,0,4941652790.706965,522373443.0,0.032,0.379,1548567,2543753,0,57.0,40.8,2026-08-11
723,VRTX,Healthcare,Biotechnology,NASDAQ,1524987,523.91,110.74,17,12,-1.83,41.4,100.0,7.9,9.1,11.2,16.2,76,59,54,61,53.0,0,0,0,0,0,0,125734362425.08324,253460924.0,0.0222,0.125,1495623,1642660,0,56.8,3.1,2026-08-11
724,AMKR,Technology,Semiconductor Equipment & Materials,NASDAQ,5770884,52.87,110.72,-18,-16,-45.31,136.1,44.4,4.8,-5.1,-21.3,-0.4,76,94,96,95,85.6,0,0,0,0,0,0,13731968241.172516,248452472.0,0.142,0.256,7305213,6074154,3,92.7,3.8,2026-08-11
725,PNC,Financial Services,Banks - Regional,NYSE,1867257,251.76,110.69,-1,-19,-2.47,42.5,98.5,0.9,1.0,4.2,16.1,76,77,59,77,42.4,0,0,0,0,0,0,101419162477.5376,401564632.0,0.0168,0.236,1480833,2121728,0,63.9,19.1,2026-08-11
726,ABVX,Healthcare,Biotechnology,NASDAQ,1575295,127.5,110.55,-23,-23,-14.33,83.9,75.8,0.7,-1.5,6.9,7.4,76,99,99,99,73.5,0,1,1,1,0,3,11411945753.786194,87160669.0,0.0467,0.352,1004977,2331545,3,92.6,12.8,2026-08-11
727,WEX,Technology,Software - Infrastructure,NYSE,782547,186.45,110.55,35,23,-3.08,49.0,99.2,0.7,6.5,20.8,22.7,76,41,29,52,20.5,0,0,0,0,0,0,6312596031.023529,34081611.0,0.0953,0.142,780651,717294,0,35.6,9.3,2026-08-11
728,RHP,Real Estate,REIT - Hotel & Motel,NYSE,589120,119.95,110.54,-6,-22,-12.74,42.1,72.2,-4.4,-5.2,-2.9,16.7,76,82,66,57,40.1,0,0,0,0,0,0,7626124197.366943,63109272.0,0.048299998,0.132,693441,624284,0,61.3,27.5,2026-08-11
729,WAT,Healthcare,Diagnostics & Research,NYSE,885070,411.77,110.5,16,1,-0.57,48.6,100.0,5.3,8.2,10.7,16.4,76,60,45,31,55.5,0,0,0,0,0,0,39947895527.03064,98185855.0,0.0373,1.133,980930,959774,0,47.9,9.6,2026-08-11
730,ARQT,Healthcare,Biotechnology,NASDAQ,1517099,25.92,110.46,-4,-20,-18.41,84.8,70.8,-1.3,-3.6,0.7,2.9,76,80,64,89,72.3,0,0,0,0,0,0,3178749808.764427,125691961.0,0.1157,0.593,1862378,1685407,0,76.3,3.6,2026-08-11
731,XOM,Energy,Oil & Gas Integrated,NYSE,14755475,159.79,110.43,9,19,-9.42,51.0,82.2,2.6,4.1,8.7,13.6,76,67,77,82,56.7,0,0,0,0,0,0,634342685843.8552,4144947162.0,0.0115,0.441,14326485,16223137,0,70.7,1.1,2026-08-11
732,FULT,Financial Services,Banks - Regional,NASDAQ,1902398,24.01,110.4,-1,-17,-4.84,44.6,89.0,-0.6,-1.0,2.1,15.2,76,77,61,74,45.9,0,0,0,0,0,0,4641014596.178055,191461000.0,0.059299998,0.137,1777894,2041648,0,64.5,17.7,2026-08-11
733,EVER,Communication Services,Internet Content & Information,NASDAQ,733056,25.55,110.31,-6,-50,-11.07,75.8,79.6,0.8,-1.4,7.7,18.3,76,82,38,12,13.2,0,0,0,0,0,0,909446944.9947968,35373278.0,0.2178,0.246,889749,751185,0,36.3,52.8,2026-08-11
734,PWR,Industrials,Engineering & Construction,NYSE,1123840,660.86,110.28,-10,-3,-16.21,80.0,72.2,1.4,3.8,-0.5,17.7,76,86,93,86,70.5,0,0,0,0,0,0,101009709818.6842,150343393.0,0.0242,0.411,1402841,1282480,1,83.9,7.0,2026-08-11
735,POWI,Technology,Semiconductors,NASDAQ,743872,61.97,110.26,-14,-15,-32.04,104.6,57.3,3.1,-2.7,-13.2,15.3,76,90,89,54,52.1,0,0,0,0,0,0,3608856113.205872,55873298.0,0.13939999,0.027,712048,923117,1,71.3,26.2,2026-08-11
736,RYTM,Healthcare,Biotechnology,NASDAQ,734825,115.48,110.26,5,-2,-5.5,48.8,88.6,3.8,5.3,9.7,13.9,76,71,64,81,31.3,0,0,0,0,0,0,7961366052.552109,68852082.0,0.1407,0.469,870655,833287,0,61.8,18.6,2026-08-11
737,RPD,Technology,Software - Infrastructure,NASDAQ,2723387,11.61,110.23,-7,-83,-46.69,165.0,50.8,24.7,24.7,43.0,31.1,76,83,7,5,1.6,0,0,0,0,0,0,773230229.864914,66830618.0,0.1333,-0.003,2331872,2513692,0,24.2,63.9,2026-08-11
738,ESTC,Technology,Software - Application,NYSE,1726768,76.32,110.23,33,2,-20.56,76.3,64.6,8.8,16.7,22.3,19.3,76,43,12,15,11.0,0,0,0,0,0,0,7867882975.635223,104751470.0,0.0779,0.16,2022844,2039634,0,20.3,24.7,2026-08-11
739,JBL,Technology,Electronic Components,NYSE,1131171,336.63,110.22,-7,1,-21.52,85.3,85.0,8.5,11.3,3.5,26.1,76,83,91,83,63.1,0,0,0,0,0,0,35755450636.49393,104787089.0,0.037100002,0.118,1105604,1341878,1,80.0,9.2,2026-08-11
740,VAL,Energy,Oil & Gas Drilling,NYSE,963539,85.55,110.2,-3,9,-25.04,96.2,61.5,10.0,11.1,7.9,12.7,76,79,91,95,74.4,0,0,0,0,0,0,5470152790.699493,69435807.0,0.123,-0.124,1092289,952725,2,84.8,-2.1,2026-08-11
741,OIS,Energy,Oil & Gas Equipment & Services,NYSE,669752,8.85,110.15,18,44,-38.97,76.8,40.7,6.9,5.4,6.9,-0.4,76,58,84,93,71.7,0,0,0,0,0,0,491026139.3701277,60322619.0,0.0433,-0.053,767578,746567,1,76.7,-16.5,2026-08-11
742,MICC,Consumer Defensive,Packaged Foods,NYSE,1075793,19.2,110.12,-3,-46,-3.66,48.8,93.5,3.4,4.8,8.1,,76,79,36,55,,0,0,0,0,0,0,11809372103.224585,612837147.0,7.77,0.042,790379,1232791,0,56.7,,2026-08-11
743,MMSI,Healthcare,Medical Instruments & Supplies,NASDAQ,959021,89.75,110.11,45,30,-5.28,51.1,93.7,5.3,13.1,24.7,19.5,76,31,16,29,14.2,0,0,0,0,0,0,5316615851.466522,59710420.0,0.0779,0.095,1499594,933044,0,22.6,10.3,2026-08-11
744,ALGT,Industrials,Airlines,NASDAQ,513392,89.54,110.07,-13,-58,-27.57,80.1,56.0,-9.5,-11.0,-11.8,0.8,76,89,44,93,73.3,0,0,0,0,0,0,2569757791.404724,26877500.0,0.072,0.369,508728,573757,1,74.8,11.6,2026-08-11
745,PGY,Technology,Software - Infrastructure,NASDAQ,3376353,21.6,110.06,39,21,-51.99,99.2,31.8,3.6,13.3,23.1,19.6,76,37,19,12,1.3,0,0,0,0,0,0,1775301996.3239803,83425843.0,0.1714,0.186,4032969,3789355,0,17.3,24.6,2026-08-11
746,A,Healthcare,Diagnostics & Research,NYSE,2055756,148.72,110.01,22,-2,-7.21,35.6,83.6,5.1,7.6,10.8,14.1,76,54,30,35,38.3,0,0,0,0,0,0,41226591210.44556,282431944.0,0.030299999,0.1,1655909,2253155,0,39.3,14.0,2026-08-11
747,BDX,Healthcare,Medical Instruments & Supplies,NYSE,1861272,179.63,109.99,25,7,-4.12,30.8,91.5,5.1,10.1,16.6,16.3,76,51,33,69,26.7,0,0,0,0,0,0,48174329614.25171,272386800.0,0.0429,-0.095,2140577,2321495,0,44.9,10.4,2026-08-11
748,SLB,Energy,Oil & Gas Equipment & Services,NYSE,12385101,53.2,109.98,10,28,-9.55,69.2,83.5,6.0,8.5,7.1,13.3,76,66,84,85,65.7,0,0,0,0,0,0,74993755650.73172,1484143231.0,0.048800003,0.05,11703484,14631738,0,75.2,-5.4,2026-08-11
749,MEOH,Basic Materials,Chemicals,NASDAQ,1010228,55.23,109.94,8,30,-17.26,67.2,65.6,0.1,-0.6,1.1,8.1,76,68,90,80,66.0,0,0,0,0,0,0,4121194325.424549,77364263.0,1.47,0.752,975896,944007,1,76.0,-3.6,2026-08-11
750,HUBG,Industrials,Integrated Freight & Logistics,NASDAQ,744743,47.35,109.9,-2,-30,-11.1,14.7,25.1,-17.5,-20.6,-17.4,-9.8,76,78,50,58,17.9,0,0,0,0,0,0,2923137731.3435745,61153510.0,0.0913,-0.053,779261,762162,0,51.0,36.9,2026-08-11
751,CDP,Real Estate,REIT - Office,NYSE,927380,36.47,109.89,-3,-18,-6.25,33.2,82.2,-2.8,-3.0,1.5,13.9,76,79,64,67,39.3,0,0,0,0,0,0,4212064340.8997498,113410458.0,0.082399994,0.039,899230,1056728,0,62.3,23.7,2026-08-11
752,SRTA,Healthcare,Medical Care Facilities,NASDAQ,1187037,5.94,109.76,13,30,-8.62,51.1,82.3,9.0,13.0,10.2,20.4,75,62,79,57,59.0,0,0,0,0,0,0,512222803.3652592,88466806.0,0.0638,0.607,1396903,1218372,0,64.3,0.8,2026-08-11
753,PENN,Consumer Cyclical,Resorts & Casinos,NASDAQ,2795289,18.85,109.69,-7,-27,-15.7,62.7,71.6,-4.4,-6.6,-7.5,16.8,75,82,62,17,20.8,0,0,0,0,0,0,2705463847.2938766,134066591.0,0.1603,0.052,2701279,3414769,0,45.5,45.6,2026-08-11
754,GE,Industrials,Aerospace & Defense,NYSE,3907052,366.7,109.67,2,-14,-5.69,38.4,88.6,0.2,2.5,4.1,15.9,75,73,57,78,42.1,0,0,0,0,0,0,383981120878.92615,1037562513.0,0.014400001,0.211,3346097,4494959,0,62.5,16.0,2026-08-11
755,WDS,Energy,Oil & Gas E&P,NYSE,734125,23.07,109.64,5,17,-8.42,63.2,85.9,1.9,4.2,9.4,17.2,75,70,82,64,42.0,0,0,0,0,0,0,42622665351.10243,1901100143.0,4.03,-0.111,800605,919557,0,64.5,14.0,2026-08-11
756,SA,Basic Materials,Gold,NYSE,565586,31.25,109.59,33,82,-21.99,97.8,68.4,12.7,18.5,15.7,9.2,75,42,91,96,77.5,0,0,0,0,0,0,3342527096.6788387,107373183.0,0.0401,,656269,774805,2,76.6,-33.5,2026-08-11
757,CVLT,Technology,Software - Application,NASDAQ,736315,139.43,109.57,-4,-60,-29.64,85.5,53.4,7.9,2.4,3.3,22.8,75,79,23,11,1.9,0,0,0,0,0,0,5606206349.350281,41444564.0,0.0996,0.114,911976,815567,0,28.7,57.7,2026-08-11
758,AEG,Financial Services,Insurance - Diversified,NYSE,5192845,9.45,109.43,3,0,-1.66,38.3,94.9,-0.2,1.5,6.6,17.7,75,72,69,57,35.7,0,0,0,0,0,0,14091209132.166958,1478615900.0,0.0034,-0.137,5195957,5254447,0,58.4,21.4,2026-08-11
759,NOK,Technology,Communication Equipment,NYSE,87446821,9.13,109.37,-19,-16,-47.68,130.2,41.9,1.7,-2.0,-22.1,1.5,75,94,97,83,85.0,0,0,0,0,0,0,52252517923.949,5582534171.0,0.009,0.084,76986264,102125270,2,89.8,6.4,2026-08-11
760,PRU,Financial Services,Insurance - Life,NYSE,1883792,122.11,109.35,7,-19,-4.39,33.0,95.0,0.1,1.4,7.9,14.9,75,68,42,40,26.4,0,0,0,0,0,0,41841599578.85742,345000000.0,0.0403,0.141,2299867,1955141,0,44.1,29.0,2026-08-11
761,NVST,Healthcare,Medical Instruments & Supplies,NYSE,3005173,28.19,109.34,9,-1,-7.33,50.5,84.6,2.0,4.4,9.3,15.8,75,66,56,86,49.8,0,0,0,0,0,0,4521388447.079206,160617709.0,0.0645,0.071,4004880,2898094,0,64.5,5.1,2026-08-11
762,INGM,Technology,Information Technology Services,NYSE,1085793,27.73,109.34,-3,-3,-12.5,47.0,68.8,-3.7,-4.6,-3.9,11.9,75,78,78,52,55.1,0,0,0,0,0,0,6550797985.609467,230661904.0,0.16530001,0.136,1102081,1312988,0,65.8,16.6,2026-08-11
763,FANG,Energy,Oil & Gas E&P,NASDAQ,2071613,198.97,109.33,-1,4,-7.24,49.9,84.9,3.1,2.7,5.4,14.9,75,76,81,67,50.6,0,0,0,0,0,0,52654919807.66431,280019792.0,0.0469,0.525,2093291,2400210,0,68.7,14.0,2026-08-11
764,ADM,Consumer Defensive,Farm Products,NYSE,3582411,80.49,109.31,-9,-9,-9.01,43.7,78.1,1.7,-1.9,0.3,14.7,75,84,84,80,48.0,0,0,0,0,0,0,36913048637.95248,481956527.0,0.0456,0.072,4576945,3680073,0,74.0,18.8,2026-08-11
765,UBSI,Financial Services,Banks - Regional,NASDAQ,996059,48.05,109.22,5,-3,-3.16,41.4,94.2,-0.3,0.8,4.7,15.1,75,70,62,74,44.8,0,0,0,0,0,0,6617044597.888573,136942149.0,0.044099998,0.062,850849,1044895,0,62.7,12.6,2026-08-11
766,WBS,Financial Services,Banks - Regional,NYSE,4228244,78.7,109.21,1,0,-1.3,45.6,98.5,0.9,2.1,3.9,14.2,75,74,73,79,50.0,0,0,0,0,0,0,12805503197.645264,162033448.0,0.0,0.058,4825024,3998530,0,69.0,11.1,2026-08-11
767,AXON,Industrials,Aerospace & Defense,NASDAQ,1028905,596.33,109.21,16,-30,-29.36,83.9,61.4,11.6,16.8,22.8,24.4,75,59,13,15,1.8,0,0,0,0,0,0,46387377132.48413,81237415.0,0.0547,0.353,1114965,1078661,0,22.2,42.0,2026-08-11
768,TMO,Healthcare,Diagnostics & Research,NYSE,2138293,599.69,109.17,26,7,-6.88,38.0,82.9,3.9,7.2,15.9,13.7,75,49,30,38,39.6,0,0,0,0,0,0,219629887884.0,369747286.0,0.0143,0.105,2031559,2239401,0,39.2,8.8,2026-08-11
769,CVS,Healthcare,Healthcare Plans,NYSE,7833373,95.67,109.16,-13,-17,-13.56,44.1,62.6,-7.0,-10.2,-8.3,9.8,75,88,84,64,51.4,0,0,0,0,0,0,122397460410.19218,1278970369.0,0.0154,0.071,8897830,8298520,0,71.8,23.5,2026-08-11
770,OLMA,Healthcare,Biotechnology,NASDAQ,1097350,11.94,109.11,11,38,-67.07,128.2,18.7,-9.5,-9.8,-7.4,-40.5,75,64,91,99,84.0,0,0,0,1,0,1,1052537042.210208,87347471.0,0.2101,,804610,1477944,2,84.5,-19.7,2026-08-11
771,PCAR,Industrials,Farm & Heavy Construction Machinery,NASDAQ,3610052,131.24,109.08,9,1,-5.75,42.5,87.4,-0.4,1.1,6.8,13.1,75,66,58,81,45.4,0,0,0,0,0,0,70064439215.09767,526364953.0,0.0327,0.005,4332296,3594199,0,62.6,8.1,2026-08-11
772,RVTY,Healthcare,Diagnostics & Research,NYSE,1476869,116.02,109.07,6,-17,-1.93,40.7,94.3,1.4,3.1,6.8,16.1,75,69,46,39,41.6,0,0,0,0,0,0,12791443980.72409,111559773.0,0.0999,0.013,1790119,1491919,0,48.9,22.0,2026-08-11
773,C,Financial Services,Banks - Diversified,NYSE,12234591,135.22,109.04,-8,-11,-8.61,47.1,81.4,1.3,2.1,-0.6,13.0,75,83,80,79,54.5,0,0,0,0,0,0,226453965705.0,1677436783.0,0.0004,0.155,9876025,12951047,0,74.1,15.3,2026-08-11
774,SOBO,Energy,Oil & Gas Midstream,NYSE,699660,35.92,109.03,-8,-10,-7.76,43.7,82.3,0.0,-2.0,-1.0,13.5,75,83,81,65,40.4,0,0,0,0,0,0,7429908860.943844,208588127.0,8.29,0.042,545132,853362,0,67.4,25.1,2026-08-11
775,DVA,Healthcare,Medical Care Facilities,NYSE,926347,183.69,109.01,-19,-28,-25.78,71.7,54.3,-14.9,-19.8,-17.8,12.1,75,94,85,62,46.6,0,0,0,0,0,0,11724526272.583008,63800000.0,0.137,0.052,1353983,895902,1,71.9,31.0,2026-08-11
776,IMO,Energy,Oil & Gas Integrated,NYSE ARCA,523721,128.79,108.96,-4,2,-7.64,56.9,84.3,1.5,2.8,6.8,14.6,75,79,85,87,58.2,0,0,0,0,0,0,62129882709.10014,497237969.0,0.22219999,0.426,561753,564880,0,77.3,8.2,2026-08-11
777,MHK,Consumer Cyclical,"Furnishings, Fixtures & Appliances",NYSE,897304,135.65,108.94,39,24,-5.23,44.9,93.2,5.0,12.8,18.9,22.0,75,36,21,68,21.4,0,0,0,0,0,0,9216451843.32367,67738145.0,0.1302,0.068,1292314,835580,0,36.6,2.4,2026-08-11
778,UNM,Financial Services,Insurance - Life,NYSE,1493432,91.39,108.91,6,2,-1.96,31.0,88.1,1.1,1.6,1.2,12.8,75,69,65,37,37.3,0,0,0,0,0,0,14469335451.5213,159776235.0,0.0248,0.003,1690916,1530037,0,52.1,22.6,2026-08-11
779,COP,Energy,Oil & Gas E&P,NYSE,6559815,123.03,108.88,13,27,-9.45,47.0,83.6,5.5,7.0,10.6,15.7,74,61,75,71,42.7,0,0,0,0,0,0,143283558906.85767,1218294007.0,0.017,0.355,6873726,7264329,0,62.4,5.7,2026-08-11
780,DT,Technology,Software - Application,NYSE,5263167,50.57,108.87,13,-26,-5.1,53.5,93.1,5.3,9.8,13.4,20.3,74,61,22,18,15.2,0,0,0,0,0,0,14152434560.9458,289002128.0,0.0437,0.162,6661623,5514724,0,29.0,35.4,2026-08-11
781,TTE,Energy,Oil & Gas Integrated,NYSE,1657513,87.96,108.86,5,21,-6.59,53.2,84.4,1.5,3.6,5.5,12.5,74,69,85,77,52.4,0,0,0,0,0,0,190442658461.0092,2218835540.0,0.0026,0.278,1249980,1641694,0,70.9,5.1,2026-08-11
782,GS,Financial Services,Capital Markets,NYSE,1961921,1034.51,108.85,-6,-9,-10.35,44.5,73.0,0.4,-1.8,-2.0,11.7,74,80,77,80,52.5,0,0,0,0,0,0,302704703205.6738,291171408.0,0.0215,0.425,1960025,2174693,0,72.4,14.1,2026-08-11
783,HWC,Financial Services,Banks - Regional,NASDAQ,919648,77.43,108.85,0,-18,-2.43,43.5,96.2,0.9,1.3,5.3,16.1,74,74,56,74,43.2,0,0,0,0,0,0,6244549477.210999,80471000.0,0.0999,0.078,791654,973014,0,61.8,17.2,2026-08-11
784,SPT,Technology,Software - Application,NASDAQ,1152442,10.05,108.81,21,-22,-37.31,98.5,45.3,9.7,14.9,24.7,21.7,74,53,10,7,1.0,0,0,0,0,0,0,621491272.0913773,60105538.0,0.0955,0.108,1431307,1323737,0,17.7,39.5,2026-08-11
785,MGM,Consumer Cyclical,Resorts & Casinos,NYSE,2707580,43.36,108.8,-10,-32,-15.95,43.7,67.2,-1.4,-2.8,-5.5,14.2,74,84,62,38,37.2,0,0,0,0,0,0,11377704732.768402,255851235.0,0.1607,0.01,2989862,3774606,0,55.3,34.8,2026-08-11
786,UNP,Industrials,Railroads,NYSE,2928162,292.24,108.8,-3,-13,-7.52,36.3,84.4,-0.1,-0.8,4.2,15.7,74,77,67,68,39.9,0,0,0,0,0,0,174141353629.49927,594075498.0,0.0529,0.115,2833027,2926093,0,63.0,21.3,2026-08-11
787,OPLN,Consumer Cyclical,Auto & Truck Dealerships,NYSE,868336,37.27,108.77,-12,-15,-13.12,49.0,65.2,-6.1,-7.2,-6.7,14.5,74,86,83,72,38.4,0,0,0,0,0,0,4541049829.687786,122797455.0,0.0291,0.151,953610,1035708,0,69.9,26.9,2026-08-11
788,XPO,Industrials,Trucking,NYSE,993646,200.48,108.76,-8,-9,-13.6,70.9,77.2,1.6,-1.3,-2.7,11.0,74,82,81,89,68.4,0,0,0,0,0,0,23719376294.09172,117086465.0,0.0495,0.132,1084888,1432565,0,80.1,5.5,2026-08-11
789,ECG,Industrials,Engineering & Construction,NYSE,624326,131.89,108.74,-13,-6,-23.13,89.7,64.7,2.7,2.1,-5.4,13.8,74,87,94,88,75.7,0,0,0,0,0,0,6987085414.186676,51041606.0,0.0448,0.337,697798,630767,1,86.2,4.7,2026-08-11
790,GMED,Healthcare,Medical Devices,NYSE,1760580,86.15,108.73,19,15,-15.04,54.5,72.0,4.0,6.9,7.0,0.5,74,55,51,74,53.6,0,0,0,0,0,0,11178569743.97014,135744626.0,0.062800005,0.059,1602852,1781202,0,58.4,-2.7,2026-08-11
791,LMT,Industrials,Aerospace & Defense,NYSE,1162228,603.16,108.69,37,52,-12.84,40.2,68.5,2.2,6.4,11.3,9.0,74,37,52,87,49.4,0,0,0,0,0,0,135693426043.61992,230790753.0,0.0162,0.105,1185624,1272258,0,56.3,-17.7,2026-08-11
792,LUV,Industrials,Airlines,NYSE,5510551,44.9,108.67,-7,-28,-18.53,56.6,63.9,-1.9,-2.8,-3.1,7.8,74,81,60,93,59.4,0,0,0,0,0,0,23017245483.813763,489208201.0,0.0855,0.164,5123344,6089596,1,73.4,10.5,2026-08-11
793,PBR,Energy,Oil & Gas Integrated,NYSE,15125200,18.33,108.66,-3,6,-17.58,55.4,60.9,-3.6,-2.8,1.1,8.7,74,77,86,71,55.7,0,0,0,0,0,0,115740814302.76636,6444366381.0,2.75,0.004,15272061,14982184,0,72.4,11.0,2026-08-11
794,SHC,Healthcare,Diagnostics & Research,NASDAQ,2987902,18.97,108.65,1,-32,-4.43,45.5,96.1,4.3,6.4,11.0,15.4,74,73,40,69,46.2,0,0,0,0,0,0,5382168807.878952,285374795.0,0.0641,0.092,3213956,2858979,0,57.0,17.5,2026-08-11
795,WGS,Healthcare,Diagnostics & Research,NASDAQ,823842,77.88,108.6,55,40,-54.42,136.9,35.5,14.7,22.6,28.7,-8.5,74,19,4,33,2.2,0,0,0,0,0,0,2298721514.8867035,29822541.0,0.3775,0.114,1133718,963811,0,14.6,7.1,2026-08-11
796,KURA,Healthcare,Biotechnology,NASDAQ,1369654,9.85,108.57,-8,-11,-21.14,79.2,66.5,5.9,-0.3,-1.3,3.1,74,82,79,45,72.7,0,0,0,0,0,0,849570645.9582138,88774365.0,0.1588,0.295,1255992,1601014,0,69.7,12.3,2026-08-11
797,ALSN,Consumer Cyclical,Auto Parts,NYSE,1369428,124.52,108.51,9,20,-9.52,57.7,80.6,5.4,5.8,6.5,12.9,74,65,76,79,51.0,0,0,0,0,0,0,9816876930.632645,82578038.0,0.0657,0.924,973005,1173745,0,67.8,3.1,2026-08-11
798,WTW,Financial Services,Insurance Brokers,NASDAQ,585442,343.01,108.49,38,24,-2.77,41.4,93.0,1.4,8.3,19.2,14.6,74,36,22,32,12.3,0,0,0,0,0,0,32024101996.554382,92871937.0,0.045500003,0.091,671768,643213,0,25.6,14.1,2026-08-11
799,WELL,Real Estate,REIT - Healthcare Facilities,NYSE,3046894,235.04,108.47,-8,-13,-7.9,39.6,71.1,-3.7,-5.7,-0.3,9.6,74,82,77,80,43.6,0,0,0,0,0,0,170717919526.71326,720572011.0,0.0301,0.391,3433423,3508272,0,70.6,20.1,2026-08-11
800,SNEX,Financial Services,Capital Markets,NASDAQ,1240944,64.72,108.47,-16,-15,-31.63,77.3,51.9,-8.0,-9.2,-16.1,11.1,74,90,91,87,67.1,0,0,0,0,0,0,7964199263.260498,120962936.0,0.0708,0.152,1076134,1375457,2,83.8,12.0,2026-08-11
801,LYG,Financial Services,Banks - Regional,NYSE,16660793,6.12,108.42,-2,-16,-3.47,42.9,91.0,-1.2,0.0,4.5,12.5,74,76,62,85,47.7,0,0,0,0,0,0,91332776672.53416,14543435290.0,0.0002,0.123,15977490,21527350,0,67.7,13.7,2026-08-11
802,PRGS,Technology,Software - Infrastructure,NASDAQ,742899,43.29,108.42,20,-24,-8.61,72.0,82.9,2.7,6.4,18.7,17.0,74,54,10,18,8.9,0,0,0,0,0,0,1756994441.5380783,41012942.0,0.15010001,0.068,535789,778145,0,22.7,34.2,2026-08-11
803,NE,Energy,Oil & Gas Drilling,NYSE,1609405,43.55,108.4,-2,13,-20.79,69.5,64.8,7.1,6.8,5.9,10.2,74,76,91,91,67.0,0,0,0,0,0,0,6508613300.938408,159642218.0,0.1193,-0.163,1781587,1621371,2,81.3,-0.0,2026-08-11
804,INDV,Healthcare,Drug Manufacturers - Specialty & Generic,NASDAQ,2073227,38.47,108.32,-18,-18,-10.14,72.4,82.6,-0.8,-2.9,-2.1,10.0,74,92,92,96,71.2,0,0,0,0,0,0,4581289818.165092,118013649.0,0.113299996,0.136,3065001,2034668,3,87.8,9.6,2026-08-11
805,NEM,Basic Materials,Gold,NYSE,7517594,117.26,108.32,25,63,-13.06,74.0,77.2,13.7,19.8,18.9,11.9,74,49,87,95,68.9,0,0,0,0,0,0,119046156314.75496,1053692271.0,0.0216,0.151,7405724,8357482,1,75.0,-22.9,2026-08-11
806,EOG,Energy,Oil & Gas E&P,NYSE,3116419,142.22,108.3,3,5,-6.35,40.9,86.5,1.0,1.1,4.1,14.6,74,71,73,52,32.0,0,0,0,0,0,0,71766371058.0159,532628530.0,0.0365,0.587,3248327,3637517,0,57.0,23.1,2026-08-11
807,UMBF,Financial Services,Banks - Regional,NASDAQ,647281,146.11,108.27,-3,-19,-2.59,41.9,98.2,0.6,1.8,5.0,18.5,74,77,61,68,42.3,0,0,0,0,0,0,11058324831.562197,75950030.0,0.0639,0.122,645604,692064,0,62.1,20.8,2026-08-11
808,BIIB,Healthcare,Drug Manufacturers - General,NASDAQ,1316888,207.13,108.24,-8,-10,-5.73,59.3,85.6,-1.1,-0.1,0.8,9.9,74,82,80,83,61.1,0,0,0,0,0,0,30723966704.84753,147753998.0,0.045300003,0.034,1162745,1265523,0,76.5,10.4,2026-08-11
809,SXT,Basic Materials,Specialty Chemicals,NYSE,543031,129.36,108.24,1,-1,-2.24,59.0,100.0,3.6,8.5,10.4,27.8,74,73,71,45,21.2,0,0,0,0,0,0,5527632056.743774,42562811.0,0.051999997,0.116,324934,533056,0,52.6,31.7,2026-08-11
810,WES,Energy,Oil & Gas Midstream,NYSE,785629,47.4,108.2,0,-1,-2.53,29.1,100.0,2.4,2.8,6.7,14.6,74,74,73,69,34.6,0,0,0,0,0,0,19262199084.341923,413174593.0,0.0287,0.3,920498,896859,0,62.7,20.8,2026-08-11
811,IFF,Basic Materials,Specialty Chemicals,NYSE,1939603,85.09,108.19,12,10,-4.74,42.7,89.2,2.6,6.5,9.0,16.8,73,61,59,69,41.9,0,0,0,0,0,0,21928015140.145126,255303473.0,0.0808,0.018,1882551,2030326,0,57.7,8.1,2026-08-11
812,CARG,Consumer Cyclical,Auto & Truck Dealerships,NASDAQ,1160211,37.59,108.19,38,54,-8.81,34.2,76.4,-1.9,0.9,9.6,6.8,73,35,51,22,33.1,0,0,0,0,0,0,3472529594.1961365,89073478.0,0.17,0.072,1094395,1304217,0,35.3,2.0,2026-08-11
813,TRMD,Energy,Oil & Gas Midstream,NASDAQ,518218,29.19,108.18,-10,-3,-17.38,54.3,61.8,-3.1,-3.2,-1.1,8.1,73,83,90,82,56.4,0,0,0,0,0,0,3018806286.390026,102367118.0,0.0107,0.222,406726,718937,1,77.8,12.8,2026-08-11
814,RIG,Energy,Oil & Gas Drilling,NYSE,42064493,5.72,108.1,-8,2,-25.33,107.5,63.0,10.0,10.9,7.5,7.8,73,81,91,94,75.4,0,0,0,0,0,0,5821559473.397331,1106760308.0,0.2409,-0.022,44548480,37696216,2,85.4,-0.8,2026-08-11
815,AKAM,Technology,Software - Infrastructure,NASDAQ,3835979,117.65,108.09,-16,-12,-28.89,65.2,50.9,0.3,-0.8,-6.4,9.4,73,89,93,78,66.6,0,0,0,0,0,0,15917760131.835938,144000000.0,0.159,0.054,4252627,3988907,1,81.7,13.0,2026-08-11
816,SFNC,Financial Services,Banks - Regional,NASDAQ,1484836,23.53,108.09,0,-17,-3.25,37.3,93.9,0.1,1.4,4.4,15.7,73,73,56,62,33.6,0,0,0,0,0,0,3390293357.6336746,144513789.0,0.0498,0.143,1329109,1562753,0,56.1,23.6,2026-08-11
817,LYV,Communication Services,Entertainment,NYSE,2184440,184.64,108.09,0,-7,-1.79,46.0,94.7,0.7,1.6,3.7,16.7,73,73,66,56,27.5,0,0,0,0,0,0,42086465026.42319,232959505.0,0.16,0.094,2513662,2400276,0,55.6,26.9,2026-08-11
818,NVTS,Technology,Semiconductors,NASDAQ,15606129,13.17,108.08,-18,-10,-61.46,145.5,30.7,12.2,13.8,-19.4,6.7,73,91,99,95,80.0,0,0,1,0,0,1,3626588637.9593353,261093488.0,0.1696,-0.273,16402667,22311583,3,91.3,3.9,2026-08-11
819,PFS,Financial Services,Banks - Regional,NYSE,1015261,24.34,108.05,0,-8,-4.51,39.2,92.8,-0.0,1.5,4.8,14.4,73,73,65,79,45.2,0,0,0,0,0,0,3190147708.0541306,130423051.0,0.0646,0.038,1110553,1062410,0,65.5,13.5,2026-08-11
820,RF,Financial Services,Banks - Regional,NYSE,9619050,31.46,108.02,0,-19,-3.11,35.3,91.2,0.7,1.0,4.8,13.3,73,73,54,76,35.2,0,0,0,0,0,0,26776144633.568253,851929506.0,0.0864,0.034,8063432,10460880,0,59.6,20.2,2026-08-11
821,TTAN,Technology,Software - Application,NASDAQ,1346119,86.89,108.01,28,-3,-27.59,59.9,51.5,4.0,10.8,17.7,12.7,73,45,14,12,4.3,0,0,0,0,0,0,8187974380.248184,95397579.0,0.2034,0.246,1299987,1719047,0,18.8,30.0,2026-08-11
822,DBRG,Financial Services,Asset Management,NYSE,3475711,15.93,108.0,2,12,-0.13,73.8,100.0,0.3,0.5,1.0,8.4,73,71,81,88,58.3,0,0,0,0,0,0,2946995953.181032,184880554.0,0.098500006,,3819323,3010852,0,74.6,1.9,2026-08-11
823,CRGY,Energy,Oil & Gas E&P,NYSE,5968543,12.21,107.98,25,58,-14.56,60.3,75.7,8.1,11.6,14.8,16.6,73,48,81,45,43.7,0,0,0,0,0,0,3822770661.888794,330403696.0,0.1475,0.553,6154160,6122528,0,54.4,-0.6,2026-08-11
824,BKNG,Consumer Cyclical,Travel Services,NASDAQ,6524601,212.88,107.98,45,40,-8.16,38.1,78.6,4.9,10.5,17.7,14.8,73,28,23,22,9.1,0,0,0,0,0,0,166149432828.2752,774878436.0,0.0295,0.081,7442985,7432987,0,20.5,11.2,2026-08-11
825,SLG,Real Estate,REIT - Office,NYSE,1053535,55.05,107.94,21,4,-16.96,57.8,67.3,1.9,4.4,8.9,22.7,73,52,35,19,12.2,0,0,0,0,0,0,3993250099.404968,70852556.0,0.2178,0.273,868317,1133587,0,29.6,28.2,2026-08-11
826,GRND,Technology,Software - Application,NYSE,1810028,16.35,107.94,7,4,-11.62,64.8,78.9,-5.3,-0.1,11.2,22.6,73,66,63,13,11.8,0,0,0,0,0,0,2946696685.100584,177725977.0,0.1815,0.325,1938536,1822525,0,38.5,38.0,2026-08-11
827,KYTX,Healthcare,Biotechnology,NASDAQ,1023779,7.89,107.93,8,40,-42.28,165.6,60.8,5.0,6.0,-0.2,-3.3,73,65,97,96,87.3,0,0,0,0,0,0,483929889.8391533,60795212.0,0.152,,675237,1058247,2,86.3,-20.5,2026-08-11
828,CURB,Real Estate,REIT - Retail,NYSE,1510006,29.9,107.87,-6,-14,-7.0,35.1,78.1,-1.7,-3.6,-2.6,10.8,73,79,71,69,42.7,0,0,0,0,0,0,3407426397.0437527,115038025.0,0.2945,0.529,1182788,1354241,0,65.4,21.0,2026-08-11
829,PSO,Communication Services,Publishing,NYSE,834669,16.44,107.86,-8,-24,-7.38,34.0,73.5,-3.6,-3.1,0.2,13.5,73,81,65,27,19.7,0,0,0,0,0,0,9903291544.72557,601658086.0,0.0061000003,0.033,854017,829645,0,48.2,43.1,2026-08-11
830,FHI,Financial Services,Asset Management,NYSE,594441,63.14,107.83,8,10,-6.04,33.2,88.9,0.8,4.0,7.2,14.5,73,65,67,73,31.6,0,0,0,0,0,0,4715543336.567745,74660281.0,0.0545,0.183,620335,639075,0,59.2,14.9,2026-08-11
831,LAUR,Consumer Defensive,Education & Training Services,NASDAQ,1070105,37.26,107.8,-11,-27,-8.96,43.2,74.5,-3.0,-1.6,-0.8,8.1,73,84,68,84,54.6,0,0,0,0,0,0,5281310483.418884,137749360.0,0.039300002,0.175,992795,1253803,0,72.6,16.3,2026-08-11
832,VISN,Technology,Communication Equipment,NASDAQ,7088306,11.42,107.8,-22,-23,-44.43,18.2,16.9,0.8,-1.0,-4.0,-26.7,73,95,94,96,1.7,0,0,0,0,0,0,2523052850.5053062,230626412.0,0.078600004,-0.014,9613970,6496086,3,71.7,46.5,2026-08-11
833,GSHD,Financial Services,Insurance Brokers,NASDAQ,615201,64.55,107.77,39,12,-28.9,90.0,54.9,-1.0,6.5,29.2,17.2,73,34,7,11,1.9,0,0,0,0,0,0,1551955527.3590088,23803000.0,0.1137,0.207,604454,607374,0,13.5,23.4,2026-08-11
834,ABBV,Healthcare,Drug Manufacturers - General,NYSE,6158644,247.97,107.75,-2,-34,-7.29,26.7,80.0,0.2,-0.9,3.2,11.0,73,75,43,65,34.5,0,0,0,0,0,0,434781524937.2092,1767117285.0,0.014199999,0.102,6064672,7155052,0,54.4,25.4,2026-08-11
835,DV,Communication Services,Advertising Agencies,NYSE,3661081,13.22,107.75,17,-19,-19.59,53.9,60.6,9.6,13.8,19.3,24.8,73,56,20,16,5.1,0,0,0,0,0,0,2027261942.5441945,153464189.0,0.0922,0.025,6550525,3769549,0,24.3,37.0,2026-08-11
836,HL,Basic Materials,Other Precious Metals & Mining,NYSE,37542443,17.55,107.74,1,24,-48.64,138.7,42.3,12.7,15.6,14.1,-3.4,73,72,95,98,85.5,0,0,0,1,0,1,11319298318.60932,671768431.0,0.0,0.524,34302351,34585614,2,87.6,-14.2,2026-08-11
837,EXEL,Healthcare,Biotechnology,NASDAQ,2631459,52.96,107.7,-9,-13,-8.01,48.6,74.4,-5.4,-6.7,-5.1,10.7,73,82,78,60,45.3,0,0,0,0,0,0,13397556010.823029,247781692.0,0.1672,0.106,3275818,2711937,0,66.3,23.2,2026-08-11
838,HBNC,Financial Services,Banks - Regional,NASDAQ,663536,20.22,107.7,-2,-15,-3.9,35.5,92.7,-0.8,-0.1,2.8,13.9,73,75,62,65,42.2,0,0,0,0,0,0,1043320044.0580902,51093048.0,0.0297,0.169,592619,710079,0,61.1,19.7,2026-08-11
839,HRMY,Healthcare,Biotechnology,NASDAQ,899704,39.0,107.69,5,-35,-4.58,52.6,93.2,5.3,8.9,11.8,18.1,73,68,28,49,23.8,0,0,0,0,0,0,2236859846.243832,58236393.0,0.1182,0.303,909944,883902,0,42.2,29.9,2026-08-11
840,PKG,Consumer Cyclical,Packaging & Containers,NYSE,671717,254.75,107.65,13,7,-1.57,34.3,100.0,1.9,5.0,9.2,17.5,72,59,53,74,39.4,0,0,0,0,0,0,22812818339.220978,89098647.0,0.0466,0.147,615012,676994,0,56.3,7.4,2026-08-11
841,HIW,Real Estate,REIT - Office,NYSE,1507330,30.91,107.64,-6,-30,-12.78,49.9,74.3,-5.0,-6.0,-0.4,15.9,72,78,54,24,15.3,0,0,0,0,0,0,3468076404.781391,110272697.0,0.1468,0.075,1521322,1915910,0,42.8,44.5,2026-08-11
842,SEIC,Financial Services,Asset Management,NASDAQ,747898,104.72,107.64,3,2,-2.13,39.2,99.6,0.5,2.8,10.2,21.3,72,69,68,34,27.3,0,0,0,0,0,0,12566007989.130524,120019182.0,0.020599999,0.147,628924,719962,0,49.6,28.0,2026-08-11
843,PFGC,Consumer Defensive,Food Distribution,NYSE,1566941,113.79,107.57,-5,-40,-3.14,40.6,92.4,-0.2,0.9,4.8,18.0,72,77,42,54,25.4,0,0,0,0,0,0,18049624119.60009,157089851.0,0.0463,0.064,1418144,1558698,0,49.6,33.9,2026-08-11
844,SPG,Real Estate,REIT - Retail,NYSE,1592940,220.55,107.56,-5,-13,-7.53,32.9,76.0,-2.9,-3.4,-0.6,10.6,72,77,69,69,41.3,0,0,0,0,0,0,72287465471.50513,324289912.0,0.0,0.193,1485531,2061450,0,64.1,20.3,2026-08-11
845,WOLF,Technology,Semiconductors,NYSE,4326835,29.3,107.55,-16,-6,-63.75,103.6,26.1,14.2,10.6,-22.7,6.2,72,88,98,35,,0,0,1,0,0,1,1708322904.3578072,51972101.0,4.77,-0.19,5021347,5547613,1,73.7,,2026-08-11
846,AU,Basic Materials,Gold,NYSE,2673453,97.25,107.54,16,49,-24.69,86.8,59.5,12.0,17.8,16.1,6.2,72,56,89,96,68.7,0,0,0,0,0,0,48665118429.71411,505769256.0,0.013200001,0.27,3244980,3271254,1,77.4,-17.7,2026-08-11
847,MLI,Industrials,Metal Fabrication,NYSE,1583237,68.9,107.52,18,48,-3.12,52.2,92.3,0.9,5.7,6.7,12.5,72,54,84,80,59.5,0,0,0,0,0,0,15228338226.303986,221181388.0,0.0187,0.255,1153611,1512070,0,69.4,-10.9,2026-08-11
848,SYNA,Technology,Semiconductors,NASDAQ,973970,104.71,107.52,-21,-22,-29.78,82.7,54.4,1.6,-3.4,-12.8,14.5,72,93,92,78,68.1,0,0,0,0,0,0,4148065659.807861,39062676.0,0.1496,0.089,795302,1046444,2,82.8,15.5,2026-08-11
849,VET,Energy,Oil & Gas E&P,NYSE,1519765,11.46,107.5,19,53,-22.67,60.5,58.2,1.3,5.2,8.7,8.8,72,53,87,76,57.9,0,0,0,0,0,0,1659407947.5402832,152800000.0,9.97,0.231,1591197,1519695,0,68.5,-10.4,2026-08-11
850,CRBG,Financial Services,Asset Management,NYSE,4129391,34.49,107.46,13,-20,-2.06,49.7,87.5,2.1,3.8,11.0,16.0,72,59,26,39,10.0,0,0,0,0,0,0,15013618676.998978,445772522.0,0.078099996,0.259,5128045,4761033,0,33.5,31.8,2026-08-11
851,RLI,Financial Services,Insurance - Property & Casualty,NYSE,936714,63.58,107.45,18,-19,-8.11,33.8,77.8,1.5,2.9,9.5,8.4,72,54,17,32,7.4,0,0,0,0,0,0,5894580098.075867,91773000.0,0.0943,0.152,895793,973652,0,27.6,31.4,2026-08-11
852,ON,Technology,Semiconductors,NASDAQ,11451930,79.78,107.42,-17,-11,-40.87,80.6,40.7,1.0,-4.1,-18.6,6.8,72,89,95,88,69.0,0,0,0,0,0,0,31600431680.71895,389311721.0,0.1105,0.092,12557120,12352952,1,85.2,9.6,2026-08-11
853,CNMD,Healthcare,Medical Devices,NYSE,725223,49.46,107.41,32,9,-12.68,54.4,73.7,2.0,8.3,26.1,23.8,72,40,17,25,5.5,0,0,0,0,0,0,1471205269.7686155,29951248.0,0.0923,0.003,641790,683394,0,21.9,22.5,2026-08-11
854,EQH,Financial Services,Asset Management,NYSE,2860616,52.67,107.37,13,-18,-4.65,45.3,82.1,2.7,4.1,11.1,15.9,72,59,28,31,9.2,0,0,0,0,0,0,14066771413.625576,273035157.0,0.0001,-0.298,3607659,3927645,0,31.8,33.6,2026-08-11
855,BTX,Financial Services,Asset Management,NYSE,651302,8.58,107.3,-7,-5,-9.06,38.5,74.5,3.4,4.2,-0.5,15.9,72,79,81,38,23.7,0,0,0,0,0,0,1001374356.5157108,116710299.0,0.37,,514978,713989,0,55.4,35.7,2026-08-11
856,AUB,Financial Services,Banks - Regional,NYSE,1125848,41.65,107.21,0,-15,-4.52,34.7,89.8,-0.7,-0.8,2.6,11.9,72,72,57,76,39.7,0,0,0,0,0,0,5966806180.54541,142814896.0,0.0713,0.358,818644,1184612,0,61.2,16.9,2026-08-11
857,REGN,Healthcare,Biotechnology,NASDAQ,810051,808.05,107.14,32,55,-1.59,46.0,94.3,4.2,11.2,20.0,11.2,72,40,63,75,50.3,0,0,0,0,0,0,80753772879.5503,102954988.0,0.0359,0.167,933693,957316,0,57.1,-14.5,2026-08-11
858,TOST,Technology,Software - Infrastructure,NYSE,12739882,35.69,107.13,42,24,-21.8,56.2,55.1,2.9,8.9,21.2,15.2,72,30,12,17,2.7,0,0,0,0,0,0,19929439735.4126,578000000.0,0.08,0.231,11242186,12143683,0,15.4,18.1,2026-08-11
859,BOBS,Consumer Cyclical,Specialty Retail,NYSE,1069285,18.39,107.07,9,-41,-21.71,86.3,67.0,3.4,9.0,19.8,,72,63,13,70,,0,0,0,0,0,0,2335378157.796959,130687076.0,0.24440001,0.088,1442446,1052559,0,48.7,,2026-08-11
860,DOC,Real Estate,REIT - Healthcare Facilities,NYSE,6315245,20.9,107.03,-11,-20,-8.93,30.0,67.2,-4.8,-6.5,-3.3,11.9,72,83,74,42,29.0,0,0,0,0,0,0,14762778531.38649,689527260.0,0.0452,0.111,6535887,7771451,0,57.0,36.1,2026-08-11
861,BIOA,Healthcare,Drug Manufacturers - Specialty & Generic,NASDAQ,1107246,11.45,106.96,-26,-27,-55.89,145.9,30.5,-20.5,-39.9,-45.5,-36.2,72,98,97,99,87.0,0,1,0,1,0,2,537911785.7357969,45896909.0,0.0623,0.016,2170728,911289,3,95.3,5.4,2026-08-11
862,MPWR,Technology,Semiconductors,NASDAQ,971497,1381.1,106.89,-8,4,-19.43,75.8,67.8,3.4,3.9,-0.8,14.6,72,80,92,87,70.9,0,0,0,0,0,0,68875882139.64844,49143000.0,0.0673,0.476,1033041,1021764,1,82.5,2.0,2026-08-11
863,LAMR,Real Estate,REIT - Specialty,NASDAQ,628697,154.64,106.85,-8,-14,-7.03,33.8,78.7,-3.2,-3.7,-1.6,11.2,72,80,74,58,41.4,0,0,0,0,0,0,16342389902.3479,101549684.0,0.0919,0.065,872732,650616,0,63.3,24.3,2026-08-11
864,FRPT,Consumer Defensive,Packaged Foods,NASDAQ,1465487,67.77,106.85,44,32,-21.2,51.4,63.9,10.6,17.0,26.4,16.2,72,28,16,50,22.5,0,0,0,0,0,0,3215565907.333924,48058074.0,0.2029,0.155,1793591,1470388,0,29.1,-0.4,2026-08-11
865,TEX,Industrials,Farm & Heavy Construction Machinery,NYSE,1381276,66.34,106.83,5,10,-11.18,62.1,79.1,3.7,2.6,2.6,13.3,72,67,72,88,48.3,0,0,0,0,0,0,7741539383.69751,114300000.0,0.060500003,0.505,1622690,1419944,0,68.8,4.7,2026-08-11
866,ACIW,Technology,Software - Infrastructure,NASDAQ,1141688,52.85,106.83,-8,-55,-13.47,35.8,63.4,-7.0,-7.7,1.4,13.9,72,80,33,25,25.1,0,0,0,0,0,0,5418267599.615433,100955241.0,0.0671,0.073,1300255,1108927,0,40.8,43.2,2026-08-11
867,ASB,Financial Services,Banks - Regional,NYSE,1967399,31.35,106.78,0,-11,-2.03,33.3,100.0,1.9,2.5,5.7,15.9,71,71,60,66,40.7,0,0,0,0,0,0,5907217463.19277,188849659.0,0.0,0.235,1492789,2086675,0,59.4,17.3,2026-08-11
868,EXTR,Technology,Communication Equipment,NASDAQ,1918076,23.54,106.77,-25,-37,-30.21,73.9,50.9,-12.5,-16.7,-20.3,16.2,71,96,84,23,27.8,0,0,0,0,0,0,3134750679.5618134,130778088.0,0.081499994,0.103,2106059,2107607,1,57.7,49.9,2026-08-11
869,ELV,Healthcare,Healthcare Plans,NYSE,1442579,397.7,106.75,-9,-13,-8.83,39.1,75.1,1.3,1.7,-1.5,10.7,71,80,76,42,40.6,0,0,0,0,0,0,85489876765.3302,216869290.0,0.0311,0.014,1063549,1613481,0,59.6,27.7,2026-08-11
870,GOOGL,Communication Services,Internet Content & Information,NASDAQ,30257760,357.52,106.72,-13,-6,-12.5,72.5,71.1,-3.2,-1.3,-3.2,4.1,71,84,91,86,69.3,0,0,0,0,0,0,4333065761332.104,12229934831.0,0.0134000005,0.242,31893720,34618272,1,82.6,6.2,2026-08-11
871,CMCO,Industrials,Farm & Heavy Construction Machinery,NASDAQ,733821,19.31,106.71,50,54,-20.86,61.3,66.6,-1.0,11.8,27.2,17.9,71,21,25,75,49.4,0,0,0,0,0,0,583634993.8604965,28864244.0,0.2809,1.253,1103284,763728,0,42.6,-25.4,2026-08-11
872,GEN,Technology,Software - Infrastructure,NASDAQ,4806882,29.29,106.7,4,-35,-9.09,62.2,77.9,2.8,6.2,11.1,19.2,71,67,28,24,7.1,0,0,0,0,0,0,17460493031.717804,598577065.0,0.060399998,0.063,5471998,6015145,0,31.5,42.5,2026-08-11
873,IBKR,Financial Services,Capital Markets,NASDAQ,4840385,90.66,106.67,-14,-19,-7.34,49.2,79.5,1.5,-0.8,-1.4,17.0,71,85,80,73,45.5,0,0,0,0,0,0,39793856588.54091,453078171.0,0.024,0.263,5698027,4944569,0,70.9,22.7,2026-08-11
874,CCK,Consumer Cyclical,Packaging & Containers,NYSE,1059112,120.31,106.65,14,-6,-2.12,33.0,93.3,-0.1,1.3,9.4,14.9,71,57,37,66,26.3,0,0,0,0,0,0,13126306338.118591,108760511.0,0.0436,0.165,856628,1133701,0,46.6,15.6,2026-08-11
875,RSI,Consumer Cyclical,Gambling,NYSE,2864908,24.72,106.65,-24,-27,-28.41,58.3,49.7,-5.7,-14.7,-15.2,10.2,71,95,92,50,44.4,0,0,0,0,0,0,2876783416.322508,115626347.0,0.0964,0.463,3736675,3051665,2,70.3,34.6,2026-08-11
876,SKM,Communication Services,Telecom Services,NYSE,2514622,33.29,106.58,-7,6,-29.44,71.1,53.2,1.5,1.9,-3.0,14.2,71,78,91,91,56.1,0,0,0,0,0,0,13152006620.936523,383888128.0,0.0147,0.005,2294768,2852743,2,79.0,7.1,2026-08-11
877,LSTR,Industrials,Integrated Freight & Logistics,NASDAQ,512831,178.35,106.55,-17,-25,-21.93,47.3,54.5,0.1,-7.1,-12.9,6.4,71,88,80,57,48.6,0,0,0,0,0,0,6210118092.171097,33936925.0,0.0537,0.181,686053,507270,0,68.4,26.7,2026-08-11
878,GENI,Communication Services,Internet Content & Information,NYSE,6227902,7.56,106.52,30,-5,-44.94,98.5,40.1,3.1,9.8,17.5,6.4,71,41,6,10,0.4,0,0,0,0,0,0,2107188645.992512,277626957.0,0.13520001,0.647,9450538,6882755,0,14.4,30.0,2026-08-11
879,WERN,Industrials,Trucking,NASDAQ,1246129,36.68,106.51,-18,-32,-22.76,57.4,55.0,-2.0,-10.3,-13.3,6.6,71,89,75,76,46.2,0,0,0,0,0,0,2249743020.890335,59977156.0,0.1009,0.24,1545218,1177137,0,71.6,25.4,2026-08-11
880,JPM,Financial Services,Banks - Diversified,NYSE,8702464,359.79,106.51,10,2,-0.88,28.0,100.0,1.9,3.0,7.9,15.3,71,61,53,57,34.0,0,0,0,0,0,0,950354699232.6942,2658186195.0,0.0111,0.304,6303483,9298898,0,51.2,15.1,2026-08-11
881,HTLD,Industrials,Trucking,NASDAQ,629601,11.75,106.5,-19,-27,-29.39,66.7,51.6,-4.6,-12.8,-19.0,3.1,71,90,82,84,59.7,0,0,0,0,0,0,956065204.6220398,77476920.0,0.0466,-0.125,693455,666427,1,78.9,17.1,2026-08-11
882,EZPW,Financial Services,Credit Services,NASDAQ,1016486,27.18,106.5,-20,-18,-26.8,73.2,56.9,-7.1,-10.8,-14.6,2.9,71,91,93,90,72.0,0,0,0,0,0,0,1716853762.7258873,61535978.0,0.2498,0.347,1002818,1045195,3,86.5,9.5,2026-08-11
883,MMM,Industrials,Conglomerates,NYSE,3489583,182.04,106.47,23,5,-1.55,29.7,100.0,1.7,5.1,11.2,14.5,71,48,30,56,26.7,0,0,0,0,0,0,94325626921.58015,515722417.0,0.0212,0.025,3047390,3761360,0,40.2,10.8,2026-08-11
884,FAST,Industrials,Industrial Distribution,NASDAQ,8760537,52.15,106.41,14,2,0.48,33.8,100.0,5.4,9.3,11.3,17.6,71,57,45,62,17.0,0,0,0,0,0,0,59486274359.41423,1147497573.0,0.0313,0.147,8944361,8209454,0,45.2,20.2,2026-08-11
885,BCAT,Financial Services,Asset Management,NYSE,757967,16.08,106.33,-4,-7,-0.62,16.4,99.6,1.5,2.7,2.2,7.5,71,75,72,64,14.7,0,0,0,0,0,0,1680595442.7646255,104775271.0,2.56,,633991,718220,0,56.4,32.6,2026-08-11
886,UNFI,Consumer Defensive,Food Distribution,NYSE,518496,46.3,106.32,-14,-11,-18.8,88.7,72.9,-2.2,-3.3,-4.1,10.8,71,85,88,70,73.6,0,0,0,0,0,0,2848030811.510391,60519140.0,0.0619,-0.042,466339,659833,0,79.2,8.4,2026-08-11
887,HCC,Basic Materials,Coking Coal,NYSE,677292,95.37,106.23,8,21,-13.61,77.3,77.3,13.7,17.6,12.3,13.4,71,63,76,86,64.1,0,0,0,0,0,0,4856208005.845673,52802087.0,0.1014,0.713,794467,774791,0,72.3,-6.5,2026-08-11
888,XERS,Healthcare,Drug Manufacturers - Specialty & Generic,NASDAQ,1929575,7.99,106.22,-9,-49,-20.73,58.6,67.2,3.6,1.0,8.9,19.1,71,80,40,76,31.2,0,0,0,0,0,0,1445799995.2826452,182320306.0,0.060399998,0.287,1758566,1964873,0,56.8,29.2,2026-08-11
889,GOOG,Communication Services,Internet Content & Information,NASDAQ,20162113,355.84,106.22,-13,-6,-12.02,71.3,71.8,-3.2,-1.3,-3.0,4.2,71,84,91,86,68.8,0,0,0,0,0,0,4322915079642.6895,12229934831.0,2.47,0.242,20887591,23658360,1,82.5,6.5,2026-08-11
890,AME,Industrials,Specialty Industrial Machinery,NYSE,1097305,252.88,106.21,5,8,-1.97,43.0,100.0,3.2,5.3,8.2,15.7,71,66,69,76,49.7,0,0,0,0,0,0,58154407992.61975,229261244.0,0.015800001,0.15,1364126,1194967,0,65.2,5.9,2026-08-11
891,VNO,Real Estate,REIT - Office,NYSE,1723936,38.89,106.2,-1,-41,-10.33,57.0,77.2,-2.3,-2.3,0.6,16.6,71,72,32,22,12.8,0,0,0,0,0,0,7429861362.0,188097756.0,0.0001,0.05,1817679,1770735,0,34.7,43.6,2026-08-11
892,ASC,Industrials,Marine Shipping,NYSE,616210,16.39,106.18,-11,-3,-18.17,58.0,63.2,-3.8,-1.7,-0.2,10.4,71,82,90,76,59.3,0,0,0,0,0,0,681811642.5840912,40802614.0,0.0616,0.613,615990,618468,1,76.8,11.8,2026-08-11
893,ICLR,Healthcare,Diagnostics & Research,NASDAQ,820646,166.05,106.16,-2,-23,-18.57,106.8,69.6,0.8,-0.9,3.1,12.4,71,73,52,10,12.4,0,0,0,0,0,0,12692638498.769272,77154209.0,0.038,0.012,1024458,975447,0,36.9,45.0,2026-08-11
894,BKR,Energy,Oil & Gas Equipment & Services,NASDAQ,9418737,64.07,106.15,5,21,-9.0,52.5,82.1,5.1,9.2,9.1,13.5,71,66,82,83,56.9,0,0,0,0,0,0,61099088312.69978,992674071.0,0.0306,-0.024,8497221,8896740,0,72.0,-0.4,2026-08-11
895,ARHS,Consumer Cyclical,Specialty Retail,NASDAQ,1414462,9.44,106.1,38,16,-26.99,71.1,58.0,15.3,21.3,27.7,14.7,71,33,11,29,4.8,0,0,0,0,0,0,1358784668.3932495,141540064.0,0.0865,0.074,2017486,1346177,0,19.4,17.1,2026-08-11
896,EWBC,Financial Services,Banks - Regional,NASDAQ,819353,131.85,106.08,-2,-8,-3.22,41.1,92.6,0.8,0.6,2.3,13.4,71,73,67,73,43.0,0,0,0,0,0,0,18042407287.320587,136996262.0,0.0361,0.163,588580,911814,0,64.0,15.6,2026-08-11
897,MIRM,Healthcare,Biotechnology,NASDAQ,752848,98.7,106.03,-20,-22,-24.08,53.2,52.9,-4.9,-10.4,-10.4,5.1,71,91,89,93,66.0,0,0,0,0,0,0,6137760590.599968,60981227.0,0.15640001,0.379,893716,876337,2,84.7,12.3,2026-08-11
898,CNA,Financial Services,Insurance - Property & Casualty,NYSE,501855,51.27,106.03,-1,-38,-7.97,21.4,66.9,-3.4,-3.4,3.4,7.8,71,72,35,56,16.1,0,0,0,0,0,0,14076660398.431274,270600928.0,0.1467,0.03,505755,551801,0,44.8,34.9,2026-08-11
899,GPN,Industrials,Specialty Business Services,NYSE,3357044,86.13,105.95,22,3,-5.2,37.4,84.9,-1.0,2.5,13.5,15.3,70,48,29,25,13.6,0,0,0,0,0,0,22788936473.596115,264618390.0,0.0875,0.686,3559393,3879186,0,28.9,23.7,2026-08-11
900,SW,Consumer Cyclical,Packaging & Containers,NYSE,5245236,47.59,105.95,26,13,-9.61,51.3,88.3,3.8,6.2,10.4,19.7,70,44,31,76,21.9,0,0,0,0,0,0,25323965357.953247,524522908.0,0.0554,0.011,4994099,5701289,0,43.2,6.0,2026-08-11
901,EXK,Basic Materials,Silver,NYSE,6444521,10.24,105.9,36,94,-32.41,99.4,59.9,21.6,28.1,26.7,10.6,70,34,92,97,77.4,0,0,0,0,0,0,2825218318.3629847,296144479.0,3.47,1.394,8132223,6736580,2,75.1,-40.1,2026-08-11
902,BKSY,Industrials,Specialty Business Services,NYSE,1250792,28.61,105.87,40,107,-45.9,127.5,43.5,16.7,24.5,7.8,13.0,70,30,97,89,71.3,0,0,0,0,0,0,1193368503.115364,40924846.0,0.19629999,0.501,1102337,1692605,1,71.8,-39.1,2026-08-11
903,SQM,Basic Materials,Specialty Chemicals,NYSE,959069,72.84,105.81,-9,5,-25.67,77.1,57.7,3.4,4.3,-1.8,-1.8,70,79,93,91,69.6,0,0,0,0,0,0,20551639413.902588,285637808.0,2.25,0.698,1076378,1068595,2,83.2,0.9,2026-08-11
904,CMI,Industrials,Specialty Industrial Machinery,NYSE,968996,634.82,105.74,-16,-13,-13.95,63.0,72.1,-0.5,-2.0,-5.0,7.8,70,86,89,89,65.8,0,0,0,0,0,0,88691723738.99976,137664487.0,0.0196,0.094,1233230,1077034,0,82.5,9.2,2026-08-11
905,ZM,Technology,Software - Application,NASDAQ,3194903,107.2,105.72,4,13,-6.57,52.0,86.2,6.0,11.7,13.6,19.4,70,66,75,57,56.0,0,0,0,0,0,0,30642766781.0,293232218.0,0.027,0.055,3227491,3722694,0,63.5,5.9,2026-08-11
906,DC,Basic Materials,Gold,NYSE ARCA,1357247,6.13,105.72,46,110,-15.45,68.0,78.5,19.2,29.0,31.5,18.4,70,24,88,91,60.1,0,0,0,0,0,0,803568582.0,133928097.0,0.0572,,1427412,1614614,1,65.8,-37.8,2026-08-11
907,PAYX,Technology,Software - Application,NASDAQ,3165535,121.18,105.67,17,-13,-14.41,41.8,64.7,1.7,4.2,12.8,17.4,70,53,23,18,4.1,0,0,0,0,0,0,42696170840.03738,355682860.0,0.060599998,0.125,3239016,3460541,0,24.5,34.5,2026-08-11
908,AHR,Real Estate,REIT - Healthcare Facilities,NYSE,2666592,55.47,105.63,-10,-18,-5.5,31.1,71.3,-4.8,-6.1,0.7,5.6,70,80,72,85,38.0,0,0,0,0,0,0,10935064079.397997,192722308.0,0.13149999,0.209,2214858,3279045,0,68.7,20.8,2026-08-11
909,SWIM,Industrials,Building Products & Equipment,NASDAQ,829188,7.31,105.59,38,20,-18.47,59.5,81.1,17.5,23.8,27.7,22.2,70,32,14,38,11.3,0,0,0,0,0,0,879992725.523921,117646086.0,0.0727,0.144,1122485,858095,0,23.8,10.9,2026-08-11
910,FSM,Basic Materials,Gold,NYSE,5250691,10.73,105.58,39,90,-22.53,60.7,59.1,14.7,21.5,22.4,11.1,70,31,82,90,66.2,0,0,0,0,0,0,3074997352.538905,295957387.0,3.62,0.382,6105063,5315094,1,67.3,-34.5,2026-08-11
911,MUR,Energy,Oil & Gas E&P,NYSE,1675197,35.49,105.5,9,33,-18.11,61.4,65.9,-2.8,-3.4,-1.4,2.9,70,61,85,77,59.2,0,0,0,0,0,0,4783575198.006134,143349576.0,0.096,0.356,1881502,1849188,0,70.5,-4.7,2026-08-11
912,TXRH,Consumer Cyclical,Restaurants,NASDAQ,913661,207.46,105.47,5,-11,-2.72,34.6,98.4,0.7,3.9,11.3,18.7,70,65,49,57,29.9,0,0,0,0,0,0,13671759920.0,65729615.0,0.0404,0.111,1001594,1062068,0,50.2,20.8,2026-08-11
913,ASND,Healthcare,Biotechnology,NASDAQ,550535,255.62,105.44,-8,-9,-9.4,34.2,74.1,2.0,0.7,3.4,11.8,70,78,77,77,41.0,0,0,0,0,0,0,16753064950.508118,65592830.0,0.0561,1.443,546627,712357,0,68.2,18.8,2026-08-11
914,RIVN,Consumer Cyclical,Auto Manufacturers,NASDAQ,36085525,16.39,105.43,2,-25,-27.77,37.1,42.1,2.8,-0.6,-1.4,1.2,70,68,41,65,47.8,0,0,0,0,0,0,23165770080.0,1447860630.0,0.123900004,0.272,22852017,35033413,0,55.5,13.4,2026-08-11
915,TWO,Real Estate,REIT - Mortgage,NYSE,3001755,12.03,105.43,-4,0,-15.1,34.6,59.3,-0.6,-0.7,-1.7,6.2,70,74,78,62,30.4,0,0,0,0,0,0,1274233279.1682816,105134760.0,0.0506,6.202,4615687,2326253,0,61.1,23.8,2026-08-11
916,IMMR,Technology,Software - Application,NASDAQ,684928,7.74,105.41,12,-9,-3.85,37.0,88.6,-0.8,4.4,9.1,15.1,70,58,37,25,13.8,0,0,0,0,0,0,252258444.43457365,33191901.0,0.122600004,-0.052,756275,676979,0,33.5,30.8,2026-08-11
917,CSWC,Financial Services,Asset Management,NASDAQ,671437,25.14,105.41,5,8,-0.4,28.7,98.4,2.7,3.9,5.7,10.2,70,65,68,64,17.3,0,0,0,0,0,0,1601632024.2224102,63733867.0,0.0866,-0.04,701061,684656,0,53.6,23.7,2026-08-11
918,FDS,Financial Services,Financial Data & Stock Exchanges,NYSE,968063,284.12,105.4,35,18,-26.73,48.9,47.0,2.6,6.3,12.5,14.4,70,35,18,10,1.4,0,0,0,0,0,0,10156452374.999817,35565543.0,0.1625,0.064,930731,987448,0,16.1,23.5,2026-08-11
919,ET,Energy,Oil & Gas Midstream,NYSE,9306460,20.59,105.38,-3,-3,-1.06,28.2,100.0,1.9,2.3,5.5,12.4,70,73,73,58,28.3,0,0,0,0,0,0,69313618078.39798,3443299601.0,0.0109,0.784,11135862,9102072,0,58.1,25.4,2026-08-11
920,KO,Consumer Defensive,Beverages - Non-Alcoholic,NYSE,16967518,86.87,105.34,-4,-13,-4.45,31.7,88.9,-0.9,1.5,4.4,12.7,70,74,65,66,31.7,0,0,0,0,0,0,374536924733.4883,4302549243.0,0.0112,0.067,17975015,18735485,0,59.2,23.6,2026-08-11
921,EMBJ,Industrials,Aerospace & Defense,NYSE,1036418,73.8,105.31,24,12,-8.61,32.6,67.4,0.8,4.5,11.7,9.8,70,46,34,82,30.9,0,0,0,0,0,0,12992731117.509804,177958235.0,0.012999999,0.184,1323916,1183449,0,48.2,1.5,2026-08-11
922,OMC,Communication Services,Advertising Agencies,NYSE,3480690,84.65,105.26,6,0,-3.16,27.8,98.6,4.6,5.1,9.5,11.7,69,63,57,31,25.8,0,0,0,0,0,0,24293927538.20108,285006196.0,0.097600006,0.634,3617652,4063422,0,44.2,25.6,2026-08-11
923,NMAX,Communication Services,Broadcasting,NYSE,823544,8.77,105.22,26,7,-44.98,69.2,34.1,5.5,6.9,5.8,14.6,69,43,24,6,1.3,0,0,0,0,0,0,1158571020.1396132,129160645.0,0.95989996,0.14,826703,1125134,0,18.6,30.2,2026-08-11
924,JCI,Industrials,Building Products & Equipment,NYSE,4021470,150.7,105.21,-6,-5,-4.05,49.5,100.0,3.5,6.2,7.3,17.1,69,75,76,83,54.7,0,0,0,0,0,0,92199913215.56778,605741470.0,0.0202,0.093,4347662,4371326,0,72.2,8.4,2026-08-11
925,HAFN,Industrials,Marine Shipping,NYSE,1287109,7.49,105.15,-8,4,-21.45,40.5,49.6,-2.6,-2.4,-0.6,4.0,69,77,89,75,40.7,0,0,0,0,0,0,3753357714.940863,499781305.0,0.026300002,0.225,956138,1589769,0,70.4,17.3,2026-08-11
926,RVLV,Consumer Cyclical,Internet Retail,NYSE,842132,24.29,105.14,28,7,-23.33,35.9,45.1,-5.2,-5.8,3.1,-2.7,69,41,20,59,29.5,0,0,0,0,0,0,1725243175.9403229,71085420.0,0.1351,0.124,1102897,937747,0,37.4,4.3,2026-08-11
927,FLR,Industrials,Engineering & Construction,NYSE,2419925,52.25,105.14,16,17,-9.37,33.6,76.7,3.8,4.0,4.2,12.1,69,53,54,68,34.8,0,0,0,0,0,0,7961184072.0,139669896.0,0.0947,0.088,3325945,2637395,0,52.4,6.0,2026-08-11
928,BUD,Consumer Defensive,Beverages - Brewers,NYSE,1904836,83.09,105.08,-3,-3,-4.05,39.2,79.4,-4.3,-2.7,-1.3,10.0,69,72,72,79,37.9,0,0,0,0,0,0,164933289775.6889,1969117545.0,0.0075,0.11,2025259,2027277,0,65.2,15.6,2026-08-11
929,VOD,Communication Services,Telecom Services,NASDAQ,5014424,15.75,105.08,-7,-4,-5.18,42.3,90.6,0.3,1.4,6.9,11.2,69,76,79,89,48.8,0,0,0,0,0,0,37415133392.968544,2311002604.0,0.0039,,5233693,4313856,0,73.2,10.7,2026-08-11
930,LNG,Energy,Oil & Gas Midstream,NYSE,1835217,265.68,105.05,3,-1,-11.7,40.6,70.9,2.0,1.6,6.3,13.3,69,66,62,39,23.0,0,0,0,0,0,0,52901662255.52271,206534158.0,0.020299999,0.227,1694262,2069106,0,47.5,27.3,2026-08-11
931,REYN,Consumer Cyclical,Packaging & Containers,NASDAQ,1235603,26.13,105.04,-4,-43,-4.36,27.1,84.1,0.8,0.8,4.1,11.3,69,73,34,46,22.4,0,0,0,0,0,0,5590176939.132454,210790982.0,0.1469,0.006,1348759,1211141,0,43.9,34.6,2026-08-11
932,Q,Technology,Semiconductor Equipment & Materials,NYSE,2017028,134.37,105.03,-14,-7,-24.2,88.0,63.4,3.2,2.5,-4.8,,69,83,90,76,,0,0,0,0,0,0,28870778934.0,209208543.0,0.0242,0.221,2327125,2056641,1,83.0,,2026-08-11
933,PUMP,Energy,Oil & Gas Equipment & Services,NYSE,4485065,11.61,105.02,-22,-18,-37.24,157.7,52.1,5.1,-1.0,-12.7,-7.3,69,91,95,92,86.2,0,0,0,0,0,0,1348606552.4356728,122823917.0,0.16399999,-0.062,4628707,4653673,3,91.1,1.8,2026-08-11
934,SNDX,Healthcare,Biotechnology,NASDAQ,1805303,20.37,104.98,-16,-19,-20.4,62.2,61.6,3.1,-2.2,-0.6,-1.2,69,85,82,87,65.4,0,0,0,0,0,0,1807644516.9979568,88610027.0,0.239,0.918,1613650,1971776,0,79.8,9.7,2026-08-11
935,PBA,Energy,Oil & Gas Midstream,NYSE,915290,47.84,104.96,-11,-16,-7.25,36.5,82.9,0.3,-1.9,0.5,11.8,69,80,75,68,46.3,0,0,0,0,0,0,27623862500.0,581555000.0,7.71,0.201,875490,1165884,0,67.3,19.7,2026-08-11
936,FLS,Industrials,Specialty Industrial Machinery,NYSE,1885957,79.49,104.96,17,11,-13.98,64.7,74.0,4.3,9.7,8.7,8.2,69,52,46,89,60.4,0,0,0,0,0,0,10162666373.08258,127112780.0,0.0738,-0.016,2133473,1933866,0,61.8,-11.0,2026-08-11
937,GD,Industrials,Aerospace & Defense,NYSE,1150754,395.97,104.94,4,-1,-1.01,25.4,95.1,1.4,2.7,7.1,11.5,69,65,60,67,33.3,0,0,0,0,0,0,106071944997.04988,270557195.0,0.012,0.081,1210124,1256620,0,56.3,16.0,2026-08-11
938,STNG,Energy,Oil & Gas Midstream,NYSE,808062,76.44,104.89,-14,-9,-12.53,68.3,70.8,-2.8,-4.2,-3.3,6.6,69,83,88,86,65.2,0,0,0,0,0,0,3810189351.8616943,50081352.0,0.0478,0.775,951068,806899,0,80.5,7.8,2026-08-11
939,SLDE,Financial Services,Insurance - Property & Casualty,NASDAQ,1270607,20.66,104.87,-6,-21,-10.17,61.9,83.8,-0.9,-0.0,6.9,14.2,69,75,60,38,28.6,0,0,0,0,0,0,2468231524.437704,116811719.0,0.11350001,0.479,1148393,1199402,0,50.4,32.1,2026-08-11
940,ONB,Financial Services,Banks - Regional,NASDAQ,4691515,26.52,104.83,0,-13,-3.07,36.9,94.1,0.4,0.8,4.2,13.7,69,69,56,67,37.2,0,0,0,0,0,0,10161058995.685575,382570000.0,0.0626,0.288,4115587,4472671,0,57.3,17.6,2026-08-11
941,WDAY,Technology,Software - Application,NASDAQ,4333528,184.19,104.8,42,25,-26.28,61.1,50.9,6.1,15.8,27.1,11.0,69,27,10,11,2.8,0,0,0,0,0,0,44366315616.81935,246973479.0,0.15630001,0.135,4634894,4956714,0,12.7,17.0,2026-08-11
942,EW,Healthcare,Medical Devices,NYSE,4706545,92.03,104.78,-1,-16,-4.42,28.9,93.3,5.1,7.7,6.1,11.2,69,70,55,36,27.1,0,0,0,0,0,0,51660776702.88086,575800000.0,0.0224,0.136,3962876,4994631,0,47.0,29.7,2026-08-11
943,GMAB,Healthcare,Biotechnology,NASDAQ,2143030,30.87,104.69,20,26,-12.87,46.3,68.5,4.3,5.7,12.3,6.4,69,49,55,75,52.8,0,0,0,0,0,0,19485391250.0,623532520.0,0.0125,0.249,2263610,1944220,0,57.9,-7.7,2026-08-11
944,TS,Energy,Oil & Gas Equipment & Services,NYSE,1206958,54.26,104.57,-12,-4,-16.01,58.6,65.1,-3.9,-4.9,-7.2,3.9,69,81,89,81,56.7,0,0,0,0,0,0,26775646791.2964,504819878.0,0.028199999,-0.039,1548294,1210170,0,76.9,11.4,2026-08-11
945,DNOW,Industrials,Industrial Distribution,NYSE,2476649,16.65,104.57,30,19,-3.53,49.8,96.3,11.6,14.9,21.1,23.5,69,39,28,64,19.1,0,0,0,0,0,0,2988646465.774391,180910798.0,0.1313,1.081,2881258,2871181,0,37.5,6.0,2026-08-11
946,ADP,Technology,Software - Application,NASDAQ,2432066,273.67,104.54,13,-18,-11.74,43.6,68.4,0.3,3.9,11.7,15.1,69,56,25,20,5.0,0,0,0,0,0,0,107785328712.4792,397262737.0,0.0405,0.068,2783359,2721211,0,26.5,35.8,2026-08-11
947,HCSG,Healthcare,Medical Care Facilities,NASDAQ,741674,21.79,104.53,-18,-29,-15.38,44.9,59.9,-7.4,-10.1,-8.8,2.5,69,87,76,86,54.0,0,0,0,0,0,0,1525693819.0426712,68632202.0,0.0403,0.027,773403,765138,0,75.7,17.8,2026-08-11
948,VTR,Real Estate,REIT - Healthcare Facilities,NYSE,3592291,91.95,104.51,-10,-13,-9.5,29.5,59.4,-5.7,-8.1,-2.9,4.0,69,79,76,76,35.3,0,0,0,0,0,0,47888672389.31761,512946359.0,0.0553,0.217,3844225,3849289,0,66.6,22.8,2026-08-11
949,NP,Financial Services,Insurance Brokers,NYSE,790565,31.17,104.51,-9,-6,-11.32,82.4,78.6,-2.9,-0.7,4.2,18.7,69,78,81,21,,0,0,0,0,0,0,4394203604.620323,137233090.0,0.0763,0.328,836886,867831,0,60.0,,2026-08-11
950,OKE,Energy,Oil & Gas Midstream,NYSE,3706534,90.34,104.48,-6,-11,-5.96,42.3,88.0,2.9,1.2,2.7,10.9,69,75,70,63,31.6,0,0,0,0,0,0,54447437916.21539,630032852.0,0.0464,0.528,4195994,3812862,0,59.9,24.6,2026-08-11
951,VEEV,Healthcare,Health Information Services,NYSE,1825415,234.69,104.44,36,18,-24.42,56.2,55.0,9.3,15.9,27.0,17.4,69,33,15,15,3.5,0,0,0,0,0,0,37438305475.06503,162443291.0,0.0533,0.163,1897977,2340777,0,16.6,20.2,2026-08-11
952,PYPL,Financial Services,Credit Services,NASDAQ,16792539,59.07,104.43,46,49,-25.43,51.0,53.8,0.9,2.8,20.2,13.9,69,23,26,12,4.6,0,0,0,0,0,0,50532073566.11406,855460874.0,0.071100004,0.048,11723717,17107389,0,16.4,11.1,2026-08-11
953,SHEL,Energy,Oil & Gas Integrated,NYSE,6771521,89.95,104.42,10,22,-5.22,28.7,84.7,0.8,2.5,7.1,10.9,69,59,71,61,34.7,0,0,0,0,0,0,244581573511.5,2763633599.0,0.0182,0.447,7362201,6724094,0,56.4,10.6,2026-08-11
954,TREX,Industrials,Building Products & Equipment,NYSE,2245119,48.17,104.42,29,12,-27.08,65.1,54.9,6.6,10.1,9.2,22.6,69,40,23,32,3.4,0,0,0,0,0,0,5108700314.685745,103898729.0,0.1153,0.078,2700787,2147067,0,24.6,21.6,2026-08-11
955,DAN,Consumer Cyclical,Auto Parts,NYSE,1479455,29.84,104.41,3,25,-24.57,70.6,59.6,8.6,10.1,4.7,3.8,69,66,88,94,70.4,0,0,0,0,0,0,3059480808.212145,107576679.0,0.056599997,0.039,1433956,1726667,1,79.6,-10.0,2026-08-11
956,NATL,Technology,Software - Application,NYSE,612186,46.4,104.36,-2,4,-4.33,37.3,90.9,0.1,-0.4,3.4,11.6,69,71,77,79,34.5,0,0,0,0,0,0,3442119321.0293274,73896934.0,0.0623,0.001,685590,663482,0,65.4,16.1,2026-08-11
957,TNL,Consumer Cyclical,Travel Services,NYSE,802287,73.4,104.33,7,-4,-9.38,27.3,76.3,-3.3,-2.3,-1.1,4.3,68,61,50,78,33.9,0,0,0,0,0,0,4700335732.481918,61282085.0,0.13229999,0.044,809491,835324,0,55.7,11.3,2026-08-11
958,SPIR,Industrials,Specialty Business Services,NYSE,809982,14.03,104.33,34,94,-45.89,111.1,42.3,15.3,20.7,-3.9,13.2,68,34,94,39,59.9,0,0,0,0,0,0,554736494.2165432,38711549.0,0.1181,-0.337,580896,1124443,1,56.7,-19.9,2026-08-11
959,BBT,Financial Services,Banks - Regional,NYSE,737167,31.54,104.32,4,-5,-3.93,37.2,91.7,1.0,2.8,4.8,10.1,68,64,55,71,38.0,0,0,0,0,0,0,2658332756.139555,84364733.0,0.045100003,1.445,823211,840640,0,57.0,12.5,2026-08-11
960,NVS,Healthcare,Drug Manufacturers - General,NYSE,1705654,156.79,104.3,3,9,-8.02,30.4,72.0,-0.7,-0.2,1.0,5.1,68,65,71,85,40.3,0,0,0,0,0,0,297138754417.5128,1900714840.0,0.003,0.008,1473202,1975894,0,65.3,7.8,2026-08-11
961,HAPN,Financial Services,Banks - Regional,NASDAQ,1893077,19.44,104.29,-11,-37,-10.29,44.4,71.5,-2.1,-0.5,0.9,9.2,68,79,53,55,36.4,0,0,0,0,0,0,2235442674.533798,115407464.0,0.052600004,0.065,1693951,2097478,0,55.9,28.7,2026-08-11
962,ESI,Basic Materials,Specialty Chemicals,NYSE,6055508,37.27,104.28,-16,-10,-24.32,63.8,56.2,0.9,0.3,-8.0,9.9,68,84,90,80,62.0,0,0,0,0,0,0,9230828591.884804,243686070.0,0.0529,0.564,4386816,5028069,1,79.0,11.2,2026-08-11
963,CVX,Energy,Oil & Gas Integrated,NYSE,8215002,194.91,104.18,6,16,-9.22,34.0,77.5,2.5,3.2,7.2,11.3,68,62,72,73,35.4,0,0,0,0,0,0,365956702008.3695,1961603274.0,0.010299999,0.535,7973487,8631531,0,60.6,10.1,2026-08-11
964,MRTN,Industrials,Trucking,NASDAQ,685312,14.68,104.17,-17,-26,-20.56,54.2,57.5,-2.3,-8.6,-13.7,5.5,68,85,76,68,30.8,0,0,0,0,0,0,1220841935.9742727,81661669.0,0.0968,-0.028,779637,808983,0,65.0,31.4,2026-08-11
965,SOLV,Healthcare,Medical Instruments & Supplies,NYSE,1163046,85.21,104.12,12,-2,-5.32,34.6,82.9,-2.2,1.4,5.5,11.1,68,56,42,39,22.7,0,0,0,0,0,0,14125165603.849754,170223729.0,0.0292,0.022,1547810,1627734,0,39.9,21.4,2026-08-11
966,CVBF,Financial Services,Banks - Regional,NASDAQ,1511603,22.55,104.09,0,-21,-3.51,26.4,90.9,0.3,0.6,3.7,12.6,68,68,47,59,29.3,0,0,0,0,0,0,3993760052.206821,176247135.0,0.0644,0.42,1407101,1626554,0,50.8,23.2,2026-08-11
967,DVN,Energy,Oil & Gas E&P,NYSE,11265011,45.36,104.08,0,10,-13.94,43.0,67.2,2.9,3.2,4.1,7.5,68,68,78,79,45.9,0,0,0,0,0,0,47277999496.45996,1100000000.0,0.0286,0.642,10452924,13154422,0,67.7,7.9,2026-08-11
968,HPP,Real Estate,REIT - Office,NYSE,795188,13.64,104.02,-25,-45,-37.14,142.3,49.1,-4.7,-8.0,-9.3,19.5,68,93,73,5,2.1,0,0,0,0,0,0,778915446.017479,54242024.0,0.0116,-0.013,938345,969717,1,43.3,65.1,2026-08-11
969,SSB,Financial Services,Banks - Regional,NYSE,883259,108.56,103.99,16,1,-1.73,29.4,100.0,2.4,4.5,9.3,14.1,68,52,37,64,27.4,0,0,0,0,0,0,10484886882.428513,96974534.0,0.0346,-0.001,900417,858559,0,45.1,11.4,2026-08-11
970,EQIX,Real Estate,REIT - Specialty,NASDAQ,601448,1043.38,103.97,-7,-5,-7.56,42.2,78.6,-0.6,-0.3,-1.7,9.9,68,75,77,68,41.1,0,0,0,0,0,0,102877072775.52466,98671686.0,0.0218,0.167,686445,615669,0,65.3,18.1,2026-08-11
971,FMX,Consumer Defensive,Beverages - Brewers,NYSE,531516,119.92,103.97,-10,-11,-15.23,41.3,69.8,-4.3,-6.5,-6.4,5.4,68,78,77,76,45.3,0,0,0,0,0,0,41719852259.3768,340681468.0,3.34,0.093,635648,544651,0,69.1,16.8,2026-08-11
972,WAFD,Financial Services,Banks - Regional,NASDAQ,613887,37.33,103.97,-9,-19,-5.47,36.8,89.0,2.1,2.1,2.5,12.9,68,77,67,63,36.0,0,0,0,0,0,0,2749663032.7892227,73995238.0,0.0654,0.056,582273,616074,0,60.8,24.3,2026-08-11
973,KEY,Financial Services,Banks - Regional,NYSE,10339098,22.68,103.94,-5,-12,-5.77,35.2,82.0,-0.1,-0.9,-0.2,8.0,68,73,66,77,36.9,0,0,0,0,0,0,24367355059.26132,1072035000.0,0.0,0.101,9024284,11531150,0,63.2,18.0,2026-08-11
974,RKLB,Industrials,Aerospace & Defense,NASDAQ,20769129,80.04,103.88,-10,10,-46.99,102.7,36.6,10.1,13.7,-9.0,2.4,68,78,98,95,72.7,0,0,1,0,0,1,51753736135.827255,624818725.0,0.0797,0.635,19369979,24318375,2,85.9,-2.7,2026-08-11
975,PCTY,Technology,Software - Application,NASDAQ,788796,145.65,103.87,31,13,-20.34,52.5,57.3,0.5,7.2,20.3,16.4,68,37,19,13,3.2,0,0,0,0,0,0,8328153618.621826,55366000.0,0.0691,0.11,1040300,799664,0,18.1,23.5,2026-08-11
976,SIGI,Financial Services,Insurance - Property & Casualty,NASDAQ,559609,94.94,103.84,-5,-28,-5.44,27.5,76.8,-1.7,-1.8,-0.3,10.9,68,73,50,58,28.4,0,0,0,0,0,0,5732336521.339577,59569119.0,0.0378,0.045,544057,595457,0,52.3,27.6,2026-08-11
977,TTC,Industrials,Tools & Accessories,NYSE,547151,98.66,103.83,6,9,-6.21,45.3,91.3,2.5,3.7,5.3,11.0,68,62,65,83,42.4,0,0,0,0,0,0,9488670709.636503,95229534.0,0.0596,0.081,500623,817534,0,63.1,5.3,2026-08-11
978,JBLU,Industrials,Airlines,NASDAQ,35382279,5.64,103.8,-5,-45,-14.8,44.2,73.3,-4.0,1.2,4.9,15.2,68,73,33,75,42.9,0,0,0,0,0,0,2290285003.4399285,377312181.0,0.2628,0.145,41557309,32156193,0,56.0,18.7,2026-08-11
979,MPLX,Energy,Oil & Gas Midstream,NYSE,1506617,58.7,103.64,1,-3,-3.69,24.1,90.5,0.5,1.9,3.7,6.4,68,67,63,65,25.6,0,0,0,0,0,0,59665556524.32508,1013858251.0,0.0194,0.169,1814803,1525514,0,55.2,21.5,2026-08-11
980,F,Consumer Cyclical,Auto Manufacturers,NYSE,52299257,14.0,103.63,-1,-4,-21.26,25.5,45.1,-2.5,-2.5,-2.6,4.2,68,69,66,78,32.1,0,0,0,0,0,0,55746585599.28357,3987595667.0,0.0,-0.038,55770323,56519698,0,61.3,17.0,2026-08-11
981,SHO,Real Estate,REIT - Hotel & Motel,NYSE,2529728,10.8,103.61,-10,-20,-10.52,23.3,61.1,-6.7,-8.0,-7.6,7.3,68,78,68,40,30.8,0,0,0,0,0,0,2060258852.0936031,185943941.0,0.00029999999,0.067,2400856,2736315,0,54.2,32.2,2026-08-11
982,LYB,Basic Materials,Specialty Chemicals,NYSE,4996099,62.65,103.6,25,67,-25.36,51.3,54.1,4.6,5.8,6.7,8.9,68,43,85,59,38.3,0,0,0,0,0,0,19249831608.97168,323037952.0,0.048600003,0.198,4746209,5192685,0,56.3,-5.0,2026-08-11
983,AMP,Financial Services,Asset Management,NYSE,596230,557.53,103.58,10,-10,-1.33,30.8,100.0,1.8,3.9,12.9,17.5,68,58,38,34,19.4,0,0,0,0,0,0,48758168498.36182,88333219.0,0.0496,0.116,456191,675410,0,37.3,26.1,2026-08-11
984,AEO,Consumer Cyclical,Apparel Retail,NYSE,4219373,18.32,103.55,17,-1,-35.63,42.5,32.4,-2.0,-1.3,0.1,-12.3,67,50,32,93,48.4,0,0,0,0,0,0,3011292678.946524,167573333.0,0.1328,0.097,3836931,4960844,1,55.8,-6.0,2026-08-11
985,CEVA,Technology,Semiconductors,NASDAQ,743943,31.92,103.55,-28,-33,-38.14,79.1,41.5,-8.3,-13.7,-25.7,8.1,67,95,90,23,50.6,0,0,0,0,0,0,1077321748.2179718,27859369.0,0.0735,0.115,956581,865642,2,64.6,37.1,2026-08-11
986,MEC,Industrials,Metal Fabrication,NYSE,624003,22.89,103.52,-29,-39,-40.94,79.1,39.8,-10.4,-19.0,-28.9,-0.4,67,96,86,85,66.3,0,0,0,0,0,0,616598011.3620834,25500331.0,0.0675,0.232,833739,662139,1,83.3,18.0,2026-08-11
987,EDD,Financial Services,Asset Management,NYSE,513535,5.97,103.52,-1,-8,-3.4,16.8,77.3,0.3,0.6,2.8,5.1,67,68,61,77,20.1,0,0,0,0,0,0,385447162.28940153,64456047.0,1.49,,322726,452139,0,56.5,22.8,2026-08-11
988,HRB,Consumer Cyclical,Personal Services,NYSE,1983221,45.93,103.48,15,-2,-17.91,64.7,70.2,2.0,7.0,16.4,21.4,67,52,35,13,3.6,0,0,0,0,0,0,5855053787.251347,126760207.0,0.2252,0.053,2278563,2118226,0,25.9,33.7,2026-08-11
989,SJM,Consumer Defensive,Packaged Foods,NYSE,1427363,118.07,103.46,-3,-40,-7.5,31.1,75.5,-2.1,-0.5,3.3,11.8,67,70,33,40,13.5,0,0,0,0,0,0,12842784101.808777,106880690.0,0.053400002,0.058,1187689,1585569,0,39.1,38.0,2026-08-11
990,TTI,Industrials,Conglomerates,NYSE,1743053,8.65,103.44,-22,-17,-31.02,125.0,58.3,7.4,4.6,-6.1,-5.3,67,89,94,97,84.1,0,0,0,0,0,0,1260099383.1811695,148072779.0,0.0715,0.068,2129569,1871151,2,91.0,0.4,2026-08-11
991,LASR,Technology,Semiconductors,NASDAQ,1297797,51.01,103.42,-29,-27,-41.33,89.6,39.4,-24.1,-26.6,-26.7,-12.3,67,96,98,98,75.7,0,0,1,1,0,2,3167630985.0367126,56408709.0,0.052199997,0.338,1637162,1307936,3,91.9,9.6,2026-08-11
992,AVGO,Technology,Semiconductors,NASDAQ,20705380,422.4,103.41,0,16,-14.67,43.7,65.9,2.4,5.3,5.5,13.0,67,67,83,71,46.0,0,0,0,0,0,0,2035102551957.224,4757580198.0,0.0147,0.479,19184731,27718388,0,66.8,8.1,2026-08-11
993,UNIT,Real Estate,REIT - Specialty,NASDAQ,2424019,9.39,103.35,-18,-15,-27.42,72.9,52.9,-4.0,-10.0,-15.6,3.0,67,85,88,70,54.4,0,0,0,0,0,0,2315597778.640771,242725135.0,0.1514,2.025,2918249,2496777,0,74.4,18.0,2026-08-11
994,CP,Industrials,Railroads,NYSE,2759207,90.51,103.35,-4,-11,-3.66,33.4,92.8,1.5,0.8,2.6,13.1,67,71,64,63,31.1,0,0,0,0,0,0,80541240917.3432,879079224.0,0.0217,0.126,3431973,2757682,0,57.3,22.2,2026-08-11
995,AMZN,Consumer Cyclical,Internet Retail,NASDAQ,48722974,278.09,103.33,13,37,-3.17,37.0,86.2,2.2,7.0,10.0,14.8,67,54,78,29,31.0,0,0,0,0,0,0,2960627467744.54,10786313572.0,0.0109,0.196,62510874,53728344,0,48.0,14.1,2026-08-11
996,CAMT,Technology,Semiconductor Equipment & Materials,NASDAQ,577301,158.1,103.3,10,43,-26.8,114.3,67.1,12.4,11.1,3.6,10.4,67,57,90,94,78.3,0,0,0,0,0,0,7248090822.118805,46656521.0,0.0866,0.025,694703,544772,2,79.8,-21.3,2026-08-11
997,CB,Financial Services,Insurance - Property & Casualty,NYSE,1887761,348.3,103.21,-4,-18,-4.81,29.4,82.8,-1.2,-1.3,1.6,8.0,67,71,57,69,36.3,0,0,0,0,0,0,135149547664.3958,385799859.0,0.0108,0.061,1547523,1877176,0,58.3,19.2,2026-08-11
998,IRM,Real Estate,REIT - Specialty,NYSE,2084775,121.56,103.19,-9,-6,-9.74,55.2,80.3,-0.6,-1.3,-1.9,13.6,67,76,79,70,45.0,0,0,0,0,0,0,36066696128.05844,297702812.0,0.0377,0.185,2154995,1893995,0,67.5,16.4,2026-08-11
999,CUZ,Real Estate,REIT - Office,NYSE,1607167,29.37,103.19,-10,-24,-10.86,37.5,73.0,-4.4,-6.0,-2.1,12.2,67,77,63,27,17.8,0,0,0,0,0,0,4875513096.099545,164602058.0,0.0911,0.116,2071421,1728438,0,46.2,41.0,2026-08-11
1000,LTRX,Technology,Communication Equipment,NASDAQ,859521,5.73,103.18,10,44,-34.51,104.5,54.3,4.0,6.3,-0.9,-0.2,67,57,91,91,78.2,0,0,0,0,0,0,266313314.73074389,44608597.0,0.0641,0.059,631223,1183292,2,79.3,-20.8,2026-08-11
1001,TK,Energy,Oil & Gas Midstream,NYSE,530599,11.18,103.12,-9,1,-22.25,52.5,57.7,-0.3,0.9,0.2,1.5,67,76,86,87,58.5,0,0,0,0,0,0,984973787.1660995,87011821.0,0.061300002,0.435,490407,561511,0,76.9,5.6,2026-08-11
1002,CLF,Basic Materials,Steel,NYSE,24266329,12.49,103.12,37,73,-25.21,58.7,54.9,3.3,11.0,8.7,8.8,67,30,66,52,37.6,0,0,0,0,0,0,6994821106.806253,570540047.0,0.1479,0.059,21106099,22482871,0,46.4,-11.8,2026-08-11
1003,MIDD,Industrials,Specialty Industrial Machinery,NASDAQ,593260,130.3,103.11,-3,-26,-12.29,33.5,55.5,-9.6,-9.8,-9.8,0.5,67,70,47,73,33.2,0,0,0,0,0,0,6081349712.0,45214496.0,0.0494,0.15,451484,724152,0,55.8,20.1,2026-08-11
1004,ITW,Industrials,Specialty Industrial Machinery,NYSE,1427917,294.52,103.11,13,-7,-2.85,21.6,89.0,0.3,2.7,7.9,11.2,67,54,34,72,22.2,0,0,0,0,0,0,84488769042.96875,284800000.0,0.033299997,0.061,1455403,1471070,0,45.5,14.3,2026-08-11
1005,POET,Technology,Semiconductors,NASDAQ,13480215,8.56,103.07,12,55,-58.87,106.0,27.0,8.4,11.3,-11.4,8.2,67,55,98,70,61.4,0,0,1,0,0,1,1537776873.664856,172590000.0,0.158,2.019,13664945,20528165,1,71.1,-10.5,2026-08-11
1006,AAL,Industrials,Airlines,NASDAQ,109530852,15.0,103.06,-17,-65,-20.17,50.2,64.1,-2.6,-0.3,-2.4,10.3,67,84,36,59,39.8,0,0,0,0,0,0,10551800741.166355,661969951.0,0.096599996,0.163,54128248,118369687,0,54.7,31.9,2026-08-11
1007,CCEP,Consumer Defensive,Beverages - Non-Alcoholic,NASDAQ,2020348,106.03,103.04,-2,-31,-6.72,24.7,80.2,-1.8,-0.7,3.7,10.8,67,69,40,71,20.6,0,0,0,0,0,0,47879155720.59969,442138289.0,0.0444,0.044,2365706,2054963,0,50.1,26.7,2026-08-11
1008,AM,Energy,Oil & Gas Midstream,NYSE,2264598,21.94,103.02,-8,-13,-7.95,28.9,76.7,1.9,-0.0,0.3,7.6,67,75,70,75,27.8,0,0,0,0,0,0,10096316197.288511,474674000.0,0.0301,0.083,2723155,2351705,0,62.0,24.1,2026-08-11
1009,GPC,Consumer Cyclical,Auto Parts,NYSE,1824871,134.54,103.02,13,-24,-11.24,46.1,75.0,3.2,6.2,14.9,13.4,67,54,17,39,10.4,0,0,0,0,0,0,18697919650.68335,137859758.0,0.0758,0.06,1156375,1839191,0,30.1,28.5,2026-08-11
1010,AURA,Healthcare,Biotechnology,NASDAQ,516077,7.7,103.01,1,19,-19.24,61.8,78.1,8.7,11.5,15.5,25.1,67,66,84,25,26.1,0,0,0,0,0,0,826456940.1652832,103436416.0,0.0546,,413693,552758,0,50.3,26.3,2026-08-11
1011,SKT,Real Estate,REIT - Retail,NYSE,933184,38.65,102.99,-6,-17,-9.12,22.0,66.2,-3.9,-5.6,-3.1,7.5,67,73,62,56,30.5,0,0,0,0,0,0,4515769860.567974,114875851.0,0.082200006,0.115,1072954,1075426,0,55.4,25.7,2026-08-11
1012,SBCF,Financial Services,Banks - Regional,NASDAQ,1036207,34.82,102.98,11,-1,-2.3,29.0,99.9,1.6,3.5,8.1,10.8,67,56,44,70,36.3,0,0,0,0,0,0,3345234576.1299133,96823000.0,0.0639,0.383,1069541,1046428,0,51.6,8.2,2026-08-11
1013,FRT,Real Estate,REIT - Retail,NYSE,884832,117.13,102.98,-9,-13,-8.64,27.7,70.9,-3.7,-5.3,-4.9,6.7,67,76,72,61,36.0,0,0,0,0,0,0,10253534002.841124,86389197.0,0.00029999999,0.072,1067148,964137,0,61.2,23.4,2026-08-11
1014,EHC,Healthcare,Medical Care Facilities,NYSE,959540,125.81,102.95,27,21,-1.7,33.6,94.5,7.1,9.2,16.2,17.2,67,40,34,36,14.3,0,0,0,0,0,0,12422701121.404724,99199080.0,0.044499997,0.096,1017710,1028296,0,31.1,14.3,2026-08-11
1015,AFRM,Financial Services,Credit Services,NASDAQ,3482975,75.54,102.86,-16,-37,-24.46,80.4,68.8,2.1,2.3,2.2,15.7,66,82,61,19,13.7,0,0,0,0,0,0,25201117016.25,334898565.0,0.0573,0.326,2913837,4039767,0,43.9,48.8,2026-08-11
1016,SEI,Energy,Oil & Gas Equipment & Services,NYSE,3492220,58.6,102.75,-21,-13,-32.01,135.9,58.4,7.4,3.2,-12.1,-0.4,66,87,95,93,77.7,0,0,0,0,0,0,3815595998.129425,65831540.0,0.26049998,0.469,4130072,3009278,2,88.2,2.6,2026-08-11
1017,GTES,Industrials,Specialty Industrial Machinery,NYSE,2049281,28.4,102.72,10,4,-6.39,35.2,84.1,1.3,3.8,4.9,15.3,66,56,50,72,28.5,0,0,0,0,0,0,7151520552.5,253151170.0,0.0577,0.066,2520035,2095415,0,51.6,11.1,2026-08-11
1018,FIBK,Financial Services,Banks - Regional,NASDAQ,1206443,37.38,102.71,-8,-22,-7.93,31.8,80.7,0.2,-0.8,0.8,7.3,66,74,60,79,37.8,0,0,0,0,0,0,3576781784.3713684,95304607.0,0.1459,0.074,1243180,1145068,0,62.7,18.5,2026-08-11
1019,NBIX,Healthcare,Drug Manufacturers - Specialty & Generic,NASDAQ,1282393,164.92,102.68,-17,-22,-11.39,31.6,62.2,-3.4,-5.4,-3.8,10.4,66,83,78,37,37.4,0,0,0,0,0,0,16610493039.46042,101649181.0,0.0691,0.395,1643761,1277422,0,58.8,32.5,2026-08-11
1020,EBAY,Consumer Cyclical,Internet Retail,NASDAQ,3796815,107.71,102.65,-15,-12,-9.72,33.5,67.3,-4.2,-4.9,-4.4,9.1,66,81,84,41,22.0,0,0,0,0,0,0,49831101493.83545,445000000.0,0.0317,0.148,4940276,3944841,0,57.0,37.2,2026-08-11
1021,SCHW,Financial Services,Capital Markets,NYSE,8413570,107.99,102.64,8,-10,-0.97,26.2,98.6,1.1,3.1,10.1,12.2,66,58,40,50,18.8,0,0,0,0,0,0,187130977899.4898,1739135507.0,0.0,0.209,7327932,10222432,0,41.7,23.0,2026-08-11
1022,URBN,Consumer Cyclical,Apparel Retail,NASDAQ,1033913,79.49,102.61,28,32,-5.76,33.3,85.9,2.7,5.6,8.3,12.3,66,38,42,64,12.0,0,0,0,0,0,0,6587050427.55748,85635083.0,0.113199994,0.114,824939,1092745,0,39.0,7.4,2026-08-11
1023,CCC,Technology,Software - Application,NASDAQ,10599435,6.97,102.61,37,19,-31.23,62.8,45.6,6.4,10.4,25.0,9.4,66,29,11,11,1.0,0,0,0,0,0,0,4075843396.6167297,588994704.0,0.0892,0.098,10533677,10381857,0,13.0,19.4,2026-08-11
1024,OMF,Financial Services,Credit Services,NYSE,1099692,63.16,102.59,13,-2,-12.19,29.3,65.2,-0.7,2.2,6.8,7.0,66,53,38,49,22.0,0,0,0,0,0,0,7471943060.471298,115041469.0,0.0513,-0.027,1082507,1102791,0,40.5,17.8,2026-08-11
1025,PVH,Consumer Cyclical,Apparel Manufacturing,NYSE,908029,87.13,102.54,27,51,-13.52,39.4,63.2,-2.8,1.4,4.9,10.5,66,39,63,28,24.3,0,0,0,0,0,0,4038146781.786438,46108092.0,0.15720001,0.021,914437,1137647,0,38.6,7.1,2026-08-11
1026,ETN,Industrials,Specialty Industrial Machinery,NYSE,2339762,444.96,102.53,5,10,-2.8,45.4,100.0,6.9,10.4,11.8,21.9,66,61,66,68,35.0,0,0,0,0,0,0,174222441156.00586,388300000.0,0.020599999,0.214,2924107,2439891,0,57.5,11.1,2026-08-11
1027,RH,Consumer Cyclical,Specialty Retail,NYSE,756726,183.57,102.45,26,-3,-28.57,62.0,50.7,0.7,1.0,10.1,11.8,66,40,11,52,3.7,0,0,0,0,0,0,3712378133.6335135,18926221.0,0.6239,-0.017,767778,891673,0,26.7,18.6,2026-08-11
1028,MTG,Financial Services,Insurance - Specialty,NYSE,1810355,30.27,102.42,11,-9,-5.08,22.1,90.1,-0.3,1.5,8.3,10.4,66,55,35,43,19.5,0,0,0,0,0,0,6252205029.3013,205124840.0,0.0656,-0.029,1795336,1887635,0,38.1,22.1,2026-08-11
1029,SANM,Technology,Electronic Components,NASDAQ,826553,199.15,102.39,-24,-20,-31.01,85.0,53.8,4.3,1.6,-9.8,13.0,66,90,94,79,67.7,0,0,0,0,0,0,10865791752.88739,53597356.0,0.0456,0.697,1024639,1160655,2,82.7,13.0,2026-08-11
1030,XYZ,Technology,Software - Infrastructure,NYSE,5207608,78.98,102.38,-3,2,-8.96,61.1,84.3,-2.7,-1.9,3.0,16.6,66,69,74,20,15.6,0,0,0,0,0,0,47462805000.0,600795000.0,0.0346,0.093,5695845,5638381,0,44.7,36.0,2026-08-11
1031,LIF,Technology,Software - Application,NASDAQ,657273,64.61,102.34,32,10,-42.59,27.6,14.4,-16.6,-13.0,-7.5,-13.5,66,34,12,21,0.5,0,0,0,0,0,0,5120797688.01609,81031691.0,0.1302,0.381,663990,697614,0,16.9,21.5,2026-08-11
1032,COLB,Financial Services,Banks - Regional,NASDAQ,2859862,31.26,102.32,-9,-26,-7.19,31.7,80.1,1.3,-0.4,1.2,8.4,66,75,58,74,39.8,0,0,0,0,0,0,8837866787.56881,282902268.0,0.0342,0.351,2655118,2984451,0,61.7,19.5,2026-08-11
1033,CLBT,Technology,Software - Infrastructure,NASDAQ,1441356,15.9,102.31,3,-38,-20.42,45.3,58.6,3.9,5.7,9.6,5.6,66,63,22,22,26.0,0,0,0,0,0,0,3993531527.2622433,249439817.0,0.0502,0.193,899980,1770018,0,33.2,30.8,2026-08-11
1034,DD,Basic Materials,Specialty Chemicals,NYSE,1598167,141.55,102.27,-1,15,-10.4,64.7,84.9,1.9,3.5,3.4,7.6,66,67,83,89,65.7,0,0,0,0,0,0,19239572813.09738,135042975.0,0.0354,0.04,2283721,1516282,0,76.2,-5.4,2026-08-11
1035,PRKS,Consumer Cyclical,Leisure,NYSE,682984,44.02,102.26,-1,-36,-22.7,48.5,56.6,-2.3,-2.8,-2.6,14.9,66,67,32,25,5.7,0,0,0,0,0,0,2122512768.3015137,47135528.0,0.2942,-0.014,826394,796302,0,32.4,42.6,2026-08-11
1036,DB,Financial Services,Banks - Regional,NYSE,1950378,38.27,102.23,6,-21,-5.34,34.8,82.4,2.2,5.1,9.4,9.9,66,60,33,73,13.1,0,0,0,0,0,0,71514742580.41382,1879000000.0,0.0019,0.087,1885626,2400097,0,44.8,23.5,2026-08-11
1037,WFRD,Energy,Oil & Gas Equipment & Services,NASDAQ,1376120,92.9,102.19,15,53,-17.9,75.6,70.5,6.9,9.9,5.9,4.3,66,51,89,92,69.2,0,0,0,0,0,0,6223730139.383339,71685443.0,0.0936,-0.082,887031,1348788,1,75.3,-21.1,2026-08-11
1038,FWRD,Industrials,Integrated Freight & Logistics,NASDAQ,773282,18.77,102.18,57,51,-41.34,123.8,43.9,14.3,20.6,34.7,-5.1,66,9,3,68,0.4,0,0,0,0,0,0,653659692.5863762,33780862.0,0.1149,0.088,748486,1041487,0,20.1,-6.9,2026-08-11
1039,FNB,Financial Services,Banks - Regional,NYSE,5760076,18.95,102.13,-2,-9,-3.27,30.4,92.1,0.2,0.3,2.2,9.1,65,67,60,71,36.1,0,0,0,0,0,0,6752635868.108953,355963949.0,0.1154,0.068,4090350,5449060,0,58.5,15.3,2026-08-11
1040,CERT,Healthcare,Health Information Services,NASDAQ,4087643,8.07,102.13,41,25,-41.86,81.5,40.0,1.0,6.5,22.5,9.4,65,24,8,13,1.5,0,0,0,0,0,0,1250817966.905537,152538780.0,0.29610002,0.01,4747811,4393508,0,11.6,15.1,2026-08-11
1041,AAPL,Technology,Consumer Electronics,NASDAQ,54893962,308.26,102.12,-17,-24,-10.54,35.6,69.5,-3.0,-5.4,-1.5,8.9,65,82,75,58,41.0,0,0,0,0,0,0,4572794223433.228,14594180000.0,0.01,0.164,63168718,59729771,0,64.0,26.0,2026-08-11
1042,VRSN,Technology,Software - Infrastructure,NASDAQ,803234,293.34,102.11,18,47,-6.13,36.0,77.3,-1.7,1.7,4.5,11.5,65,47,76,26,13.3,0,0,0,0,0,0,26628223779.296875,90400000.0,0.020399999,0.06,804132,853590,0,40.6,18.2,2026-08-11
1043,PLTR,Technology,Software - Infrastructure,NASDAQ,45792482,175.23,102.11,39,42,-15.56,63.1,67.7,17.2,25.5,30.9,14.9,65,26,29,28,6.5,0,0,0,0,0,0,413350075944.4055,2403058480.0,0.0364,0.928,61791207,45545535,0,22.4,9.1,2026-08-11
1044,OSW,Consumer Cyclical,Leisure,NASDAQ,904755,25.8,102.1,-4,-12,-11.79,34.2,71.1,-0.7,-1.3,-1.1,12.8,65,69,61,62,30.5,0,0,0,0,0,0,2660281148.595154,101498712.0,0.0627,0.085,1176017,918427,0,55.6,21.5,2026-08-11
1045,PAAS,Basic Materials,Gold,NYSE,3922955,51.8,102.09,29,85,-25.99,69.0,55.6,10.3,14.5,11.7,1.6,65,36,92,95,65.0,0,0,0,0,0,0,21581547514.34326,421350000.0,0.99,0.493,3926556,4428127,2,72.0,-31.9,2026-08-11
1046,EMR,Industrials,Specialty Industrial Machinery,NYSE,2822296,158.71,102.07,28,44,-3.9,33.3,100.0,5.5,10.2,13.5,16.9,65,37,53,71,32.5,0,0,0,0,0,0,88277424935.91309,557800000.0,0.0211,0.07,3593049,2861719,0,48.4,-6.2,2026-08-11
1047,CAI,Healthcare,Biotechnology,NASDAQ,4275575,23.4,102.07,49,42,-44.94,59.0,34.7,24.7,34.1,32.9,8.9,65,16,9,20,2.4,0,0,0,0,0,0,6428158939.599524,282680695.0,0.1018,0.454,5981627,3711383,0,11.8,6.7,2026-08-11
1048,DLO,Technology,Software - Infrastructure,NASDAQ,2326249,14.37,101.99,-2,-15,-14.36,32.5,66.8,-4.7,-4.1,3.1,5.4,65,67,54,29,36.6,0,0,0,0,0,0,4238946782.286664,294269133.0,0.1285,0.549,1511298,2449327,0,46.7,24.1,2026-08-11
1049,TARS,Healthcare,Biotechnology,NASDAQ,1241764,67.76,101.99,30,63,-20.52,40.7,60.6,10.6,14.8,12.8,1.5,65,35,68,61,53.5,0,0,0,0,0,0,2843179351.016083,43882996.0,0.1369,0.694,778902,1023804,0,54.4,-17.8,2026-08-11
1050,EPD,Energy,Oil & Gas Midstream,NYSE,3081043,37.99,101.98,-7,-5,-5.43,25.4,79.8,-0.4,-0.9,0.7,6.3,65,72,74,70,28.7,0,0,0,0,0,0,81672814730.25,2163518271.0,0.0234,0.608,3659140,3001976,0,61.2,21.9,2026-08-11
1051,LEVI,Consumer Cyclical,Apparel Manufacturing,NYSE,2850259,23.61,101.98,5,2,-8.13,27.0,63.4,-6.3,-6.9,-5.4,4.0,65,60,57,62,21.8,0,0,0,0,0,0,9394202159.696465,384850562.0,0.0752,0.08,1952607,2658143,0,50.2,19.0,2026-08-11
1052,COO,Healthcare,Medical Instruments & Supplies,NASDAQ,2270272,76.32,101.97,29,11,-15.04,30.2,70.4,3.5,5.7,9.9,5.0,65,36,18,54,17.2,0,0,0,0,0,0,14477124319.604874,195030630.0,0.0463,0.079,1958696,2964475,0,31.3,7.6,2026-08-11
1053,TROW,Financial Services,Asset Management,NASDAQ,2169691,113.77,101.95,-5,-15,-6.75,32.0,77.7,-1.0,-2.2,0.8,10.6,65,70,60,33,16.2,0,0,0,0,0,0,24322272500.912857,213315850.0,0.1447,0.107,2483655,2238491,0,44.8,35.3,2026-08-11
1054,KTB,Consumer Cyclical,Apparel Manufacturing,NYSE,705379,77.17,101.9,-12,-54,-13.25,30.4,57.0,-7.7,-10.0,-7.1,4.2,65,77,35,31,18.7,0,0,0,0,0,0,4258735429.627853,55272359.0,0.1293,0.45,627447,799411,0,40.4,42.6,2026-08-11
1055,SGHC,Consumer Cyclical,Gambling,NYSE,2709001,12.9,101.82,-20,-23,-18.66,52.2,62.9,-4.4,-8.6,-7.1,8.8,65,85,82,32,29.1,0,0,0,0,0,0,6630402180.307957,508076788.0,0.1228,0.181,2765623,3171480,0,57.0,38.8,2026-08-11
1056,HMY,Basic Materials,Gold,NYSE,3058183,19.9,101.8,36,62,-23.64,54.7,51.4,10.8,18.6,21.3,8.7,65,29,55,82,32.5,0,0,0,0,0,0,12438287739.708632,631385140.0,0.0221,0.195,2799851,3595452,0,49.6,-14.9,2026-08-11
1057,RNST,Financial Services,Banks - Regional,NYSE,657591,42.7,101.8,-1,-11,-4.13,28.5,87.4,-1.3,-1.3,0.8,10.8,65,66,56,65,28.2,0,0,0,0,0,0,3905712747.608357,91404465.0,0.052800003,0.453,553274,712000,0,53.8,20.1,2026-08-11
1058,ALGM,Technology,Semiconductors,NASDAQ,2899222,42.46,101.79,-25,-30,-40.84,86.5,42.1,0.6,-5.4,-15.9,10.4,65,90,85,90,47.1,0,0,0,0,0,0,8158817638.748085,186402046.0,0.1278,0.275,2765817,3018875,2,78.0,22.0,2026-08-11
1059,VRDN,Healthcare,Biotechnology,NASDAQ,2170644,23.06,101.75,15,-13,-32.75,72.7,47.2,8.3,14.3,23.6,-4.1,65,50,22,88,48.8,0,0,0,0,0,0,2672564642.9970284,113292269.0,0.1778,2.787,1933784,2072058,0,52.2,-4.2,2026-08-11
1060,IVT,Real Estate,REIT - Retail,NYSE,667620,32.85,101.73,-12,-27,-11.74,20.3,58.3,-3.9,-6.8,-6.2,4.8,65,77,62,61,29.9,0,0,0,0,0,0,2591223226.434307,77978431.0,0.089499995,0.126,699340,1090338,0,57.5,28.2,2026-08-11
1061,CHD,Consumer Defensive,Household & Personal Products,NYSE,1833482,103.3,101.71,9,2,-2.58,26.0,89.5,1.2,3.1,4.9,9.8,65,56,49,59,21.1,0,0,0,0,0,0,24488930851.957787,237203907.0,0.0511,0.016,2265437,1985447,0,46.3,17.6,2026-08-11
1062,FNV,Basic Materials,Gold,NYSE,724969,240.9,101.68,32,75,-15.67,38.8,62.7,6.5,11.0,11.5,6.1,65,33,76,87,49.2,0,0,0,0,0,0,46024971057.40326,192855530.0,3.83,0.777,807179,873709,0,61.3,-23.2,2026-08-11
1063,AROC,Energy,Oil & Gas Equipment & Services,NYSE,1813674,33.13,101.68,-21,-24,-21.55,43.2,52.6,-4.0,-7.6,-9.9,1.8,65,86,83,82,50.7,0,0,0,0,0,0,5800187480.853806,175338185.0,0.0594,-0.031,1988324,2007154,0,75.4,18.7,2026-08-11
1064,HOMB,Financial Services,Banks - Regional,NYSE,1866178,30.76,101.68,13,-8,-2.97,20.8,91.9,-0.3,0.5,6.3,10.5,65,52,31,52,20.0,0,0,0,0,0,0,6205547455.063627,201413423.0,0.0682,0.086,1406175,1899601,0,38.7,18.1,2026-08-11
1065,TTWO,Communication Services,Electronic Gaming & Multimedia,NASDAQ,2149362,253.57,101.63,7,7,-4.65,32.1,83.8,2.7,3.9,5.9,9.3,65,58,58,26,23.3,0,0,0,0,0,0,46090679199.5,186980443.0,0.045900002,0.02,2616266,2561183,0,41.3,23.7,2026-08-11
1066,WTFC,Financial Services,Banks - Regional,NASDAQ,664178,159.2,101.62,-5,-13,-4.8,34.8,89.7,1.1,0.8,2.1,10.7,65,70,62,73,39.0,0,0,0,0,0,0,10710222261.25,67465967.0,0.038900003,0.102,607314,610116,0,61.0,15.7,2026-08-11
1067,RIOT,Financial Services,Capital Markets,NASDAQ,17938492,19.4,101.62,-13,3,-36.02,82.2,51.9,-1.9,-3.1,-14.4,9.2,65,78,94,73,74.1,0,0,0,0,0,0,7759663412.703896,378151230.0,0.1532,0.036,19550038,17095533,1,79.8,1.4,2026-08-11
1068,B,Basic Materials,Gold,NYSE,9163348,40.88,101.61,10,43,-25.25,75.7,57.4,2.0,6.1,4.5,-3.4,65,55,88,95,69.8,0,0,0,0,0,0,73362238261.35445,1679538410.0,1.7,0.667,11371194,10808124,1,76.9,-18.7,2026-08-11
1069,MCK,Healthcare,Medical Distribution,NYSE,1048326,879.87,101.57,18,4,-11.92,36.8,72.1,4.0,5.9,12.0,7.5,65,47,33,81,44.1,0,0,0,0,0,0,101384649850.05109,116590363.0,0.033099998,0.077,1170419,1073363,0,51.3,-3.9,2026-08-11
1070,MSI,Technology,Communication Equipment,NYSE,942900,461.98,101.51,26,19,-6.4,28.3,81.5,4.0,8.1,11.4,12.1,65,39,32,61,11.5,0,0,0,0,0,0,77376618559.21216,165493788.0,0.0242,0.133,1041600,1042524,0,35.9,10.1,2026-08-11
1071,PSA,Real Estate,REIT - Industrial,NYSE,1150668,325.71,101.48,-1,-7,-2.93,25.8,92.5,-0.2,0.9,1.7,10.3,65,66,60,57,23.6,0,0,0,0,0,0,61327302503.39441,186745748.0,0.0499,0.033,1151654,1107232,0,51.7,23.6,2026-08-11
1072,MSFT,Technology,Software - Infrastructure,NASDAQ,38609898,506.06,101.47,38,41,-8.61,42.8,79.8,5.3,15.7,23.0,16.4,65,27,30,25,7.5,0,0,0,0,0,0,3712698417529.997,7425545491.0,0.0124,0.177,49758654,43191800,0,22.4,9.8,2026-08-11
1073,TFX,Healthcare,Medical Instruments & Supplies,NYSE,508104,133.0,101.45,-3,-1,-8.28,33.1,83.5,-1.9,-0.9,1.3,9.9,65,68,70,27,20.8,0,0,0,0,0,0,5975592891.637253,44270211.0,0.0963,0.289,666323,515476,0,46.4,31.6,2026-08-11
1074,BATRK,Communication Services,Entertainment,NASDAQ,511690,50.04,101.39,-12,-12,-6.03,34.0,87.1,1.0,0.6,0.1,13.9,64,76,76,56,24.5,0,0,0,0,0,0,3212245011.9411964,64167897.0,0.0418,-0.023,616041,566160,0,58.1,29.8,2026-08-11
1075,ZVRA,Healthcare,Biotechnology,NASDAQ,1521166,11.48,101.38,-19,-23,-23.64,56.8,54.7,6.7,1.8,-7.3,12.2,64,83,79,38,6.8,0,0,0,0,0,0,686476533.2784262,59383781.0,0.13340001,0.533,1380108,1718665,0,51.7,47.5,2026-08-11
1076,DRS,Industrials,Aerospace & Defense,NASDAQ,1057512,45.05,101.33,28,57,-10.95,37.2,70.7,-1.6,-2.3,-1.9,7.4,64,36,65,59,15.5,0,0,0,0,0,0,11956739668.377934,266891515.0,0.0108,0.101,909666,1025777,0,43.9,2.8,2026-08-11
1077,PII,Consumer Cyclical,Recreational Vehicles,NYSE,820296,69.77,101.32,-8,-10,-10.53,46.4,82.8,-0.1,-2.1,0.8,7.7,64,72,70,81,45.6,0,0,0,0,0,0,4072585195.314423,56903524.0,0.1078,0.088,952398,849019,0,67.1,11.6,2026-08-11
1078,EPR,Real Estate,REIT - Specialty,NYSE,675185,60.4,101.26,-1,0,-7.03,22.7,70.9,-3.2,-3.7,-0.3,7.7,64,65,66,70,19.0,0,0,0,0,0,0,4765075006.847969,76608922.0,0.14039999,0.106,772575,669813,0,55.0,21.9,2026-08-11
1079,NSC,Industrials,Railroads,NYSE,1128465,333.95,101.23,-4,-8,-6.87,22.9,79.5,-0.7,-0.9,3.6,10.2,64,68,64,71,26.9,0,0,0,0,0,0,75100052306.11829,224608373.0,0.0368,0.114,1248915,1142791,0,57.5,20.4,2026-08-11
1080,DASH,Consumer Cyclical,Internet Retail,NASDAQ,4178017,209.86,101.18,30,16,-26.49,44.6,48.4,3.5,9.1,16.6,12.1,64,34,20,20,3.1,0,0,0,0,0,0,94228528426.24556,435718722.0,0.045900002,0.356,4811503,4637468,0,19.3,19.7,2026-08-11
1081,KRG,Real Estate,REIT - Retail,NYSE,2942736,26.41,101.15,-14,-21,-11.73,24.7,58.6,-5.0,-8.0,-7.8,2.8,64,78,71,71,33.5,0,0,0,0,0,0,5432030239.25,203066551.0,0.0942,-0.08,3459228,2667843,0,63.4,24.3,2026-08-11
1082,ECAT,Financial Services,Asset Management,NYSE,512068,15.83,101.11,-3,-7,-7.64,18.4,67.0,3.0,3.1,2.3,3.5,64,67,63,52,7.2,0,0,0,0,0,0,1563641812.6009035,99468307.0,0.0042,,549124,503530,0,47.3,33.3,2026-08-11
1083,ZBH,Healthcare,Medical Devices,NYSE,2511503,97.78,101.11,23,9,-9.71,22.2,62.7,0.7,3.6,7.4,6.9,64,41,27,46,8.5,0,0,0,0,0,0,18415724455.035236,190737689.0,0.08189999,0.048,3074929,2401935,0,30.6,16.7,2026-08-11
1084,VSTM,Healthcare,Biotechnology,NASDAQ,2504015,6.79,101.09,38,25,-39.64,104.3,49.2,14.1,16.1,42.0,10.9,64,26,13,23,12.5,0,0,0,0,0,0,610397571.6116734,90563441.0,0.23020001,,2026806,2667255,0,18.6,8.6,2026-08-11
1085,BDC,Technology,Communication Equipment,NYSE,545213,135.15,101.08,40,40,-15.53,35.3,68.3,7.4,18.0,18.8,13.1,64,24,24,78,21.3,0,0,0,0,0,0,5190365614.837219,39078191.0,0.123500004,0.116,548249,584695,0,36.8,-9.4,2026-08-11
1086,BC,Consumer Cyclical,Recreational Vehicles,NYSE,692778,80.43,101.08,4,15,-10.88,43.6,76.0,0.5,0.8,0.4,4.8,64,60,71,87,52.0,0,0,0,0,0,0,5284230451.146057,64797428.0,0.0002,0.077,785974,682114,0,67.5,-2.5,2026-08-11
1087,BNL,Real Estate,REIT - Diversified,NYSE,2191200,20.46,101.06,-14,-22,-11.43,24.4,64.9,-2.5,-5.5,-3.1,6.3,64,78,70,74,31.5,0,0,0,0,0,0,4016319941.5910873,191892971.0,0.0868,0.083,2834870,2062834,0,63.4,24.9,2026-08-11
1088,BILL,Technology,Software - Application,NYSE,2309931,49.26,101.03,25,14,-13.9,54.8,72.0,4.0,7.9,23.4,13.0,64,39,28,32,30.0,0,0,0,0,0,0,4779647095.899799,99596727.0,0.1673,0.135,2266435,2576061,0,32.3,7.0,2026-08-11
1089,OSK,Industrials,Farm & Heavy Construction Machinery,NYSE,880136,155.39,101.01,12,-6,-13.91,31.4,62.7,3.4,4.1,8.3,8.8,64,52,34,87,24.1,0,0,0,0,0,0,9585713090.59343,61739749.0,0.0612,0.067,1016719,796933,0,49.3,8.8,2026-08-11
1090,HMC,Consumer Cyclical,Auto Manufacturers,NYSE,1382860,31.72,100.99,22,0,-9.09,35.0,72.3,3.0,6.8,12.8,12.5,64,42,20,49,8.0,0,0,0,0,0,0,41287302825.50624,1297526814.0,0.0016,0.135,1457680,1675988,0,29.8,17.8,2026-08-11
1091,BDJ,Financial Services,Asset Management,NYSE,506876,9.88,100.96,1,-4,0.2,17.4,100.0,1.4,2.2,4.1,6.9,64,63,58,64,19.6,0,0,0,0,0,0,1726980205.1394253,176944689.0,0.0014,-0.04,494828,526203,0,51.1,22.0,2026-08-11
1092,RSKD,Technology,Software - Application,NYSE,742963,5.32,100.95,-4,-27,-3.01,39.1,93.1,0.2,1.2,3.7,11.7,64,68,45,32,12.7,0,0,0,0,0,0,715850686.3894687,133803869.0,0.0194,0.071,645941,926592,0,39.4,37.2,2026-08-11
1093,DCI,Industrials,Specialty Industrial Machinery,NYSE,696176,96.74,100.92,7,-13,-14.27,33.9,64.2,0.8,3.3,8.1,6.8,64,57,37,86,43.3,0,0,0,0,0,0,11429989302.906494,115911056.0,0.040900003,0.058,695308,828669,0,55.8,3.0,2026-08-11
1094,PDM,Real Estate,REIT - Office,NYSE,821849,9.3,100.92,-12,-30,-8.19,46.3,82.9,-3.0,-3.3,0.1,12.4,64,76,58,55,32.6,0,0,0,0,0,0,1186259123.7187386,125132825.0,0.0387,0.027,881549,1086615,0,55.4,27.7,2026-08-11
1095,KIM,Real Estate,REIT - Retail,NYSE,4301523,24.11,100.89,-8,-17,-9.53,21.2,63.5,-3.8,-5.9,-4.7,5.3,64,72,63,63,23.2,0,0,0,0,0,0,16407507449.453987,670789373.0,0.0621,0.049,5323711,5099304,0,55.3,27.1,2026-08-11
1096,TRNO,Real Estate,REIT - Industrial,NYSE,884166,68.36,100.86,-7,-12,-13.4,28.8,69.1,-2.6,-4.9,-0.3,6.3,64,71,66,63,35.5,0,0,0,0,0,0,7492798748.385696,108970310.0,0.1106,0.111,673678,940571,0,58.9,19.8,2026-08-11
1097,FAF,Financial Services,Insurance - Specialty,NYSE,823098,72.21,100.84,-7,-20,-9.59,26.1,66.5,-4.2,-2.9,2.2,8.8,64,71,58,59,22.3,0,0,0,0,0,0,7577862124.633789,102100000.0,0.0747,0.15,662104,963654,0,52.6,28.0,2026-08-11
1098,BP,Energy,Oil & Gas Integrated,NYSE,9152330,42.88,100.76,0,17,-11.17,31.7,69.9,0.2,1.0,4.6,7.7,63,63,80,63,34.8,0,0,0,0,0,0,107211502200.20232,2575342288.0,0.0049,0.482,9190190,8958640,0,60.2,12.4,2026-08-11
1099,PNFP,Financial Services,Banks - Regional,NYSE,1233420,104.55,100.75,12,2,-5.24,28.7,87.6,-0.3,2.2,5.7,11.1,63,51,41,37,25.3,0,0,0,0,0,0,15818471201.315918,151112640.0,0.044299997,1.37,1145052,1359034,0,38.6,16.6,2026-08-11
1100,RJF,Financial Services,Asset Management,NYSE,1211059,179.09,100.69,6,-12,-1.99,27.8,98.7,1.3,3.6,10.3,13.4,63,57,39,41,17.1,0,0,0,0,0,0,33963383224.52692,192361711.0,0.056599997,0.151,932218,1373897,0,38.5,25.0,2026-08-11
1101,FR,Real Estate,REIT - Industrial,NYSE,1264471,63.03,100.59,-10,-12,-9.8,32.4,72.4,-2.2,-4.4,-1.6,4.2,63,73,71,66,39.5,0,0,0,0,0,0,8435456220.7204895,132570424.0,0.0452,0.084,1011684,1208558,0,62.4,18.4,2026-08-11
1102,UCB,Financial Services,Banks - Regional,NYSE,936818,35.4,100.58,1,-10,-4.79,24.9,88.3,1.2,1.2,3.7,9.7,63,62,51,66,30.3,0,0,0,0,0,0,4252813295.750393,119763827.0,0.0456,0.244,847834,1037006,0,52.3,16.1,2026-08-11
1103,AJG,Financial Services,Insurance Brokers,NYSE,1516065,252.43,100.57,18,-8,-19.49,32.0,51.9,0.3,0.6,6.9,8.4,63,45,19,19,4.7,0,0,0,0,0,0,63603327668.33496,256341000.0,0.0315,0.309,1403625,1682917,0,21.9,28.0,2026-08-11
1104,TAK,Healthcare,Drug Manufacturers - Specialty & Generic,NYSE,3899302,17.55,100.56,13,22,-7.14,32.1,76.3,1.8,2.2,6.6,6.7,63,50,59,79,29.3,0,0,0,0,0,0,55726627657.54934,3193502878.0,0.0011999999,0.102,4501977,3531225,0,54.3,3.7,2026-08-11
1105,RACE,Consumer Cyclical,Auto Manufacturers,NYSE,516622,406.77,100.54,27,12,-19.37,30.4,50.5,1.9,5.7,10.0,12.7,63,36,21,24,6.3,0,0,0,0,0,0,72460811356.77344,175764832.0,0.0286,0.084,685688,530921,0,21.8,18.8,2026-08-11
1106,YEXT,Technology,Software - Infrastructure,NYSE,1053684,5.76,100.51,22,-12,-37.39,71.0,40.7,0.9,4.3,18.5,-2.2,63,41,7,17,1.1,0,0,0,0,0,0,574421706.5920811,100248116.0,0.08930001,-0.014,754324,1341910,0,16.5,28.1,2026-08-11
1107,HESM,Energy,Oil & Gas Midstream,NYSE,947842,40.62,100.49,-4,-8,-3.79,27.7,84.6,0.4,0.7,3.9,9.3,63,67,63,50,8.0,0,0,0,0,0,0,5108364965.876049,128350881.0,0.0678,-0.037,1346687,1072147,0,47.0,33.3,2026-08-11
1108,MAR,Consumer Cyclical,Lodging,NASDAQ,1654276,348.44,100.46,-7,-7,-15.22,35.5,63.3,-2.8,-4.4,-7.0,3.4,63,70,70,80,43.5,0,0,0,0,0,0,92287797941.03468,260766288.0,0.0214,0.111,2180238,1652733,0,65.9,11.3,2026-08-11
1109,CXM,Technology,Software - Application,NYSE,3137264,6.93,100.44,38,29,-21.65,41.9,51.9,3.8,10.4,20.7,10.3,63,25,16,16,3.6,0,0,0,0,0,0,1606809338.5929136,234228762.0,0.1296,0.068,2842763,3576126,0,15.2,13.4,2026-08-11
1110,DRI,Consumer Cyclical,Restaurants,NYSE,1380232,217.97,100.43,16,8,-1.21,29.4,100.0,4.0,7.2,7.0,10.8,63,47,39,69,16.4,0,0,0,0,0,0,24483001612.12044,114535003.0,0.0678,0.137,1226656,1409433,0,42.8,11.7,2026-08-11
1111,KRP,Energy,Oil & Gas E&P,NYSE,687887,15.09,100.41,-8,-9,-4.49,34.2,91.3,2.9,2.6,2.3,9.0,63,71,70,52,13.0,0,0,0,0,0,0,1477810929.4805756,98652268.0,0.0252,0.457,975801,741286,0,51.5,32.9,2026-08-11
1112,NLY,Real Estate,REIT - Mortgage,NYSE,7774474,22.91,100.4,-2,-2,-6.57,14.5,69.9,1.1,1.3,3.1,3.3,63,65,65,70,20.3,0,0,0,0,0,0,17365581433.72618,753714442.0,0.0,4.794,8188644,8291966,0,55.1,21.3,2026-08-11
1113,ALGN,Healthcare,Medical Instruments & Supplies,NASDAQ,987363,176.04,100.39,7,-12,-12.17,38.5,66.2,-0.3,-0.5,-1.0,2.9,63,56,37,70,32.2,0,0,0,0,0,0,12336780958.475708,71039852.0,0.0769,0.043,1099019,1016485,0,48.8,11.0,2026-08-11
1114,LYFT,Technology,Software - Application,NASDAQ,12244523,17.26,100.38,23,11,-32.42,38.7,41.0,6.3,10.7,16.5,7.4,63,40,28,20,38.8,0,0,0,0,0,0,6629256661.11026,379682532.0,0.23809999,0.161,12515020,13001448,0,31.7,5.8,2026-08-11
1115,WWD,Industrials,Aerospace & Defense,NASDAQ,681903,356.11,100.33,-18,-18,-21.03,50.2,59.9,-2.4,-7.5,-9.5,1.3,63,81,81,93,52.6,0,0,0,0,0,0,21427138484.729004,59045820.0,0.026600001,0.212,854389,797623,1,76.9,11.8,2026-08-11
1116,PRMB,Consumer Defensive,Beverages - Non-Alcoholic,NYSE,3561390,23.51,100.31,-5,-4,-10.3,63.3,83.0,0.9,-0.1,-1.3,15.9,63,68,69,24,9.9,0,0,0,0,0,0,8540684730.068321,362354045.0,0.32669997,0.038,5298381,3462706,0,42.7,37.7,2026-08-11
1117,DE,Industrials,Farm & Heavy Construction Machinery,NYSE,1095775,609.28,100.3,-2,-3,-9.63,40.7,80.1,1.3,1.6,3.1,11.7,63,65,64,75,29.4,0,0,0,0,0,0,167690708500.15125,270107282.0,0.0247,-0.111,1055665,1257853,0,58.4,15.9,2026-08-11
1118,PTCT,Healthcare,Biotechnology,NASDAQ,1706168,74.63,100.27,-16,-19,-17.87,70.2,65.7,2.8,-1.4,-4.6,0.6,63,79,76,73,65.3,0,0,0,0,0,0,6118511190.858276,83460802.0,0.1601,1.015,1494394,1904968,0,73.3,8.3,2026-08-11
1119,WRBY,Healthcare,Medical Instruments & Supplies,NYSE,2701136,26.41,100.26,-10,0,-14.81,51.8,61.7,-7.6,-4.9,-5.7,3.3,63,73,83,60,15.1,0,0,0,0,0,0,3265851847.000122,123426000.0,0.2082,0.098,3060570,3191484,0,57.8,30.5,2026-08-11
1120,JD,Consumer Cyclical,Internet Retail,NASDAQ,7459890,33.47,100.17,26,57,-9.2,26.7,61.3,-2.5,1.3,9.4,8.5,63,37,68,25,10.3,0,0,0,0,0,0,44525986648.55957,1350500000.0,0.024,0.049,7631542,7840682,0,35.1,12.6,2026-08-11
1121,HRL,Consumer Defensive,Packaged Foods,NYSE,3616417,24.7,100.13,3,-35,-15.84,23.1,47.9,-3.2,-3.7,-2.0,4.0,63,60,22,32,3.9,0,0,0,0,0,0,13768111111.04012,550284207.0,0.0695,-0.029,3515053,4704394,0,29.5,37.5,2026-08-11
1122,AER,Industrials,Rental & Leasing Services,NYSE,1085833,149.58,100.1,-1,0,-5.81,35.3,86.8,-1.9,-1.1,1.8,5.1,63,64,65,79,44.5,0,0,0,0,0,0,23847966533.67508,157184065.0,0.0083,0.149,1234109,1176737,0,63.1,6.6,2026-08-11
1123,EIX,Utilities,Utilities - Regulated Electric,NYSE,2754322,67.83,100.09,-20,-28,-16.9,34.1,62.9,-2.2,-6.9,-5.5,3.6,62,82,74,81,37.8,0,0,0,0,0,0,26405936295.90316,384813979.0,0.051999997,-0.041,3838286,2704681,0,68.7,23.1,2026-08-11
1124,GNL,Real Estate,REIT - Diversified,NYSE,2517065,9.25,100.09,1,7,-7.82,22.3,64.7,2.0,1.0,-0.3,0.6,62,61,67,83,25.9,0,0,0,0,0,0,1946884726.443863,210930100.0,0.0001,-0.1,2498055,2723429,0,59.2,12.5,2026-08-11
1125,CMC,Industrials,Metal Fabrication,NYSE,1252730,73.21,100.06,12,30,-13.74,35.9,63.0,0.4,3.3,2.9,4.5,62,50,68,87,41.7,0,0,0,0,0,0,8311205984.711189,110624335.0,0.056500003,0.229,1116392,1319924,0,61.7,-5.0,2026-08-11
1126,TRP,Energy,Oil & Gas Midstream,NYSE,2577407,63.33,100.05,-17,-19,-11.39,27.8,65.6,-2.4,-5.3,-6.2,3.5,62,79,77,74,37.0,0,0,0,0,0,0,65870920357.19696,1041766896.0,8.09,0.057,2427051,2517330,0,66.8,22.2,2026-08-11
1127,ORI,Financial Services,Insurance - Property & Casualty,NYSE,1415489,42.47,99.98,5,-7,-9.17,15.7,57.9,-2.0,-0.6,3.9,2.4,62,57,45,65,21.7,0,0,0,0,0,0,10388858338.942078,241432922.0,0.0508,0.134,1224818,1488173,0,47.2,17.2,2026-08-11
1128,BALL,Consumer Cyclical,Packaging & Containers,NYSE,1964281,62.58,99.95,3,-11,-8.36,35.5,77.2,-1.8,-1.1,3.9,8.9,62,59,45,82,24.3,0,0,0,0,0,0,16795428203.602634,264703357.0,0.0336,0.197,2107213,2684646,0,52.6,14.2,2026-08-11
1129,FTV,Technology,Scientific & Technical Instruments,NYSE,2770187,61.75,99.87,-5,-6,-4.35,32.0,86.1,2.0,1.0,0.9,7.7,62,67,66,56,39.2,0,0,0,0,0,0,18812973326.8014,304861021.0,0.060900003,0.079,3373912,3102376,0,57.1,16.2,2026-08-11
1130,JACK,Consumer Cyclical,Restaurants,NASDAQ,1109112,17.84,99.86,26,2,-25.23,90.0,59.9,3.5,10.6,21.9,12.8,62,36,12,58,8.7,0,0,0,0,0,0,335833481.02254486,19103156.0,0.36830002,-0.043,784288,958935,0,28.7,11.6,2026-08-11
1131,CECO,Industrials,Pollution & Treatment Controls,NASDAQ,903491,70.38,99.81,-31,-32,-30.48,66.5,53.5,8.3,1.1,-9.8,8.4,62,93,92,97,68.2,0,0,0,0,0,0,4141942851.580856,58403031.0,0.0353,0.165,1216944,974288,3,87.6,11.7,2026-08-11
1132,BTG,Basic Materials,Gold,NYSE ARCA,22910559,5.06,99.79,37,93,-19.55,40.8,56.3,19.5,26.1,24.5,10.3,62,25,81,90,50.4,0,0,0,0,0,0,6644986210.031676,1321070762.0,2.6,1.177,28959108,23397927,1,61.6,-31.3,2026-08-11
1133,DOCU,Technology,Software - Application,NASDAQ,3124959,59.64,99.76,37,31,-31.17,42.1,40.7,3.5,9.1,19.2,9.3,62,25,19,12,4.0,0,0,0,0,0,0,11506321757.585815,190944608.0,0.1159,0.087,3232948,4022993,0,15.0,13.7,2026-08-11
1134,CBSH,Financial Services,Banks - Regional,NASDAQ,1178028,58.65,99.74,2,-27,-3.73,24.3,89.8,-0.7,-0.3,3.2,11.3,62,60,31,34,11.1,0,0,0,0,0,0,8501265109.39801,143894124.0,0.0484,0.142,1036964,1266794,0,34.0,32.6,2026-08-11
1135,COLD,Real Estate,REIT - Industrial,NYSE,4278255,14.59,99.73,-14,-20,-13.57,43.1,71.1,0.5,-2.0,-3.3,10.3,62,76,70,30,9.8,0,0,0,0,0,0,4270789053.850219,285480551.0,0.0825,0.018,3921515,4528905,0,46.5,42.9,2026-08-11
1136,TFC,Financial Services,Banks - Regional,NYSE,7515150,51.86,99.69,-1,-12,-7.72,27.3,76.2,0.1,0.3,3.0,6.6,62,63,52,72,30.1,0,0,0,0,0,0,63952129077.74637,1221626188.0,0.024600001,0.082,7073782,9424734,0,54.3,15.8,2026-08-11
1137,GNW,Financial Services,Insurance - Life,NYSE,2816777,9.8,99.66,-5,-9,-3.92,23.3,84.5,-0.3,-1.1,4.0,10.6,62,67,63,64,25.8,0,0,0,0,0,0,3711359529.92292,383009256.0,0.0339,0.058,2657031,2985350,0,54.9,21.6,2026-08-11
1138,STRL,Industrials,Engineering & Construction,NASDAQ,816620,528.51,99.64,-34,-32,-47.45,94.6,36.0,-3.2,-11.7,-27.1,4.4,62,96,98,95,71.9,0,0,1,0,0,1,16733754582.401,30588518.0,0.0484,0.901,1165110,861866,3,90.2,12.1,2026-08-11
1139,MTN,Consumer Cyclical,Resorts & Casinos,NYSE,671836,146.26,99.61,-1,-38,-11.63,24.1,63.6,-1.7,-0.9,3.3,6.8,62,63,26,33,9.5,0,0,0,0,0,0,5303337739.826935,35633526.0,0.3194,-0.07,580840,788056,0,32.9,36.5,2026-08-11
1140,EDU,Consumer Defensive,Education & Training Services,NYSE,841469,58.05,99.58,34,44,-10.65,25.0,58.3,-3.1,4.1,12.6,3.1,62,28,38,65,30.6,0,0,0,0,0,0,9407565716.066504,166712133.0,0.0297,0.23,1266149,696671,0,40.4,-9.7,2026-08-11
1141,AAUC,Basic Materials,Gold,NYSE,857447,22.22,99.56,8,46,-30.99,91.6,51.9,12.3,8.7,-3.1,-13.8,62,54,92,97,76.2,0,0,0,0,0,0,2756213196.4335423,126547893.0,0.028800001,0.454,1530551,758308,2,79.8,-23.5,2026-08-11
1142,GSK,Healthcare,Drug Manufacturers - General,NYSE,4223492,52.16,99.54,0,5,-15.46,35.0,56.2,-2.1,-1.6,-1.7,-1.9,62,62,67,89,43.9,0,0,0,0,0,0,106068583960.4567,2002805623.0,0.0069,0.053,4413148,4136825,0,65.5,3.2,2026-08-11
1143,GLNG,Energy,Oil & Gas Midstream,NASDAQ,1158296,50.7,99.5,-9,4,-12.27,43.9,70.4,2.4,2.5,1.4,10.0,62,71,84,64,34.3,0,0,0,0,0,0,5132753580.010719,101779765.0,0.0795,1.201,1157889,1210755,0,63.3,18.5,2026-08-11
1144,BBDC,Financial Services,Asset Management,NYSE,651614,9.36,99.49,13,10,-5.65,16.5,69.1,6.6,8.7,9.9,6.8,62,49,46,50,7.7,0,0,0,0,0,0,965397498.4397544,104706884.0,0.0299,-0.124,829193,732996,0,38.2,20.7,2026-08-11
1145,QTWO,Technology,Software - Application,NYSE,916649,63.48,99.46,35,21,-25.48,50.5,50.5,1.6,7.9,22.0,11.1,62,27,13,15,4.2,0,0,0,0,0,0,3916498478.5811424,62354695.0,0.0936,0.126,1152678,875543,0,14.8,15.2,2026-08-11
1146,IRON,Healthcare,Biotechnology,NASDAQ,506748,78.28,99.44,-4,-7,-21.33,45.1,66.2,4.5,6.4,10.0,8.8,61,65,62,48,48.7,0,0,0,0,0,0,2973141933.0925293,38392844.0,0.2217,,341445,564313,0,55.9,11.9,2026-08-11
1147,WMB,Energy,Oil & Gas Midstream,NYSE,7083498,71.85,99.44,-11,-7,-10.28,28.0,69.0,1.5,-0.1,-1.0,5.1,61,72,76,76,33.4,0,0,0,0,0,0,86110991895.20544,1223167472.0,0.0189,0.078,6971185,7197139,0,64.3,18.1,2026-08-11
1148,WK,Technology,Software - Application,NYSE,806054,67.32,99.35,40,29,-30.67,55.8,50.5,10.0,17.3,29.2,3.4,61,21,10,17,6.6,0,0,0,0,0,0,3544689995.1068115,54416488.0,0.116000004,0.186,836352,934062,0,13.7,9.1,2026-08-11
1149,AMCR,Consumer Cyclical,Packaging & Containers,NYSE,3473963,47.11,99.34,12,-12,-7.52,29.2,77.1,1.7,4.5,10.6,12.2,61,49,25,62,8.6,0,0,0,0,0,0,22127865005.59341,462345690.0,0.069,0.774,3816979,3554389,0,36.1,20.0,2026-08-11
1150,RRR,Consumer Cyclical,Resorts & Casinos,NASDAQ,716652,61.29,99.28,-6,-42,-11.16,23.5,74.0,-0.7,-1.7,0.3,5.8,61,67,31,69,19.8,0,0,0,0,0,0,3617853494.3680334,58465634.0,0.1142,-0.03,869658,765903,0,46.7,26.8,2026-08-11
1151,GWRE,Technology,Software - Application,NYSE,1266421,172.94,99.24,36,29,-36.56,72.0,46.5,8.3,14.9,27.3,9.8,61,25,18,10,3.3,0,0,0,0,0,0,14197707651.288696,83256364.0,0.0686,0.269,1160305,1702387,0,14.1,14.6,2026-08-11
1152,ENPH,Technology,Solar,NASDAQ,5291921,40.92,99.2,-16,-31,-44.51,61.9,35.0,7.1,7.0,-9.3,5.3,61,77,62,73,38.2,0,0,0,0,0,0,5518391330.624313,131798220.0,0.2087,-0.196,5970554,6112856,0,62.5,21.7,2026-08-11
1153,NNN,Real Estate,REIT - Retail,NYSE,1459036,45.86,99.2,-7,-14,-8.28,16.2,60.0,-3.8,-5.6,-3.2,4.0,61,68,61,63,16.5,0,0,0,0,0,0,8911224639.709568,190248177.0,0.0515,0.077,1422870,1684330,0,52.1,27.5,2026-08-11
1154,L,Financial Services,Insurance - Property & Casualty,NYSE,756503,113.8,99.2,-5,-18,-5.96,20.8,75.7,-2.3,-2.2,0.5,4.8,61,66,53,69,28.9,0,0,0,0,0,0,23617534242.054443,204427720.0,0.026500002,0.039,734850,878356,0,54.2,19.3,2026-08-11
1155,IP,Consumer Cyclical,Packaging & Containers,NYSE,5292737,41.34,99.2,32,18,-17.73,42.3,61.2,0.0,3.6,10.2,8.7,61,29,15,62,4.8,0,0,0,0,0,0,22019517203.77144,529569895.0,0.1785,-0.022,5075742,5840402,0,27.7,6.9,2026-08-11
1156,PECO,Real Estate,REIT - Retail,NASDAQ,895040,40.01,99.18,-14,-23,-9.84,19.3,59.6,-4.3,-6.4,-5.0,3.7,61,75,66,62,28.1,0,0,0,0,0,0,5244525000.0,128700000.0,0.0446,0.067,889772,1039084,0,57.8,27.0,2026-08-11
1157,DG,Consumer Defensive,Discount Stores,NYSE,2294938,122.42,99.15,4,-24,-22.63,25.2,40.0,-4.8,-3.4,1.8,-3.2,61,57,29,91,11.6,0,0,0,0,0,0,27924062835.91757,220586647.0,0.041500002,0.034,1835084,2958110,1,47.2,18.7,2026-08-11
1158,HOG,Consumer Cyclical,Recreational Vehicles,NYSE,2498714,26.09,99.11,0,7,-16.51,55.4,68.9,4.2,2.4,4.9,16.8,61,61,68,23,18.2,0,0,0,0,0,0,2706925930.8903065,104072507.0,0.22,-0.059,2045922,2693686,0,42.6,28.3,2026-08-11
1159,MRSH,Financial Services,Insurance Brokers,NYSE,2530888,190.79,99.1,24,12,-10.76,21.6,63.0,-0.5,2.4,8.8,7.9,61,37,25,27,6.7,0,0,0,0,0,0,91457536599.53355,477211268.0,0.014199999,0.062,2733734,2714172,0,23.9,18.3,2026-08-11
1160,SYY,Consumer Defensive,Food Distribution,NYSE,3528813,83.87,99.09,-4,-37,-8.69,21.6,68.4,-0.2,1.1,3.5,7.0,61,65,32,74,12.4,0,0,0,0,0,0,40353023022.579865,478740332.0,0.0387,0.047,4584861,3577408,0,45.8,27.8,2026-08-11
1161,AA,Basic Materials,Aluminum,NYSE,5976666,51.63,99.04,20,71,-38.81,84.4,45.4,13.7,16.7,-1.1,-4.3,61,41,92,93,72.9,0,0,0,0,0,0,13240336372.417374,263909445.0,0.0341,0.314,4852240,5881180,2,74.7,-31.4,2026-08-11
1162,ITT,Industrials,Specialty Industrial Machinery,NYSE,1017546,211.92,99.01,8,23,-7.99,31.5,91.5,6.1,8.7,11.2,12.6,61,53,68,76,39.1,0,0,0,0,0,0,19147562127.791016,89839824.0,0.0868,0.515,1184309,999621,0,59.0,0.9,2026-08-11
1163,TOL,Consumer Cyclical,Residential Construction,NYSE,880417,150.0,99.01,-1,-25,-10.91,23.2,68.5,1.0,1.3,1.7,6.6,61,62,38,82,30.2,0,0,0,0,0,0,14496417047.698977,93471000.0,0.0641,-0.076,762123,1024086,0,53.0,14.3,2026-08-11
1164,MLYS,Healthcare,Biotechnology,NASDAQ,829790,27.38,99.01,0,16,-42.54,107.2,41.4,2.7,1.8,3.0,-11.7,61,61,77,90,81.6,0,0,0,0,0,0,2411134434.279791,88158479.0,0.12979999,,612432,1432442,1,77.4,-17.7,2026-08-11
1165,H,Consumer Cyclical,Lodging,NYSE,817112,170.08,99.0,-12,-23,-17.78,27.9,56.1,-1.9,-5.3,-8.6,3.5,61,73,62,69,35.6,0,0,0,0,0,0,16746810987.25293,94236736.0,0.26459998,-0.066,1102017,892993,0,59.9,20.6,2026-08-11
1166,OHI,Real Estate,REIT - Healthcare Facilities,NYSE,1851015,47.39,99.0,-12,-14,-9.54,15.6,50.0,-6.8,-8.3,-4.7,-0.9,61,73,71,75,22.1,0,0,0,0,0,0,14494918786.1557,299111000.0,0.0444,0.112,2040216,2197891,0,60.3,25.2,2026-08-11
1167,HAL,Energy,Oil & Gas Equipment & Services,NYSE,11582850,33.64,98.96,-14,0,-22.83,64.9,59.2,4.6,2.5,-3.6,-0.8,61,75,89,85,64.7,0,0,0,0,0,0,26568526895.12758,833130367.0,0.0561,0.037,10859872,12243602,0,78.4,1.7,2026-08-11
1168,D,Utilities,Utilities - Regulated Electric,NYSE,4447317,67.15,98.95,-14,-32,-8.0,19.3,75.4,-0.6,-2.3,-1.0,7.2,61,75,57,66,18.1,0,0,0,0,0,0,59271253166.28996,879525949.0,0.0357,0.176,3896091,5739886,0,54.0,32.1,2026-08-11
1169,CLPT,Healthcare,Medical Devices,NASDAQ,627325,14.57,98.92,-20,-72,-51.59,72.1,29.8,4.8,2.3,-3.4,7.8,61,81,29,34,46.5,0,0,0,0,0,0,433465066.8336439,30504227.0,0.1275,0.181,810996,807347,0,47.6,31.8,2026-08-11
1170,AGNC,Real Estate,REIT - Mortgage,NASDAQ,19553078,10.76,98.92,-7,-8,-11.73,16.7,54.9,1.3,0.5,1.8,1.7,61,68,67,75,23.2,0,0,0,0,0,0,12850619066.370111,1185481447.0,0.0933,,21466076,17551267,0,58.3,21.1,2026-08-11
1171,ESNT,Financial Services,Insurance - Specialty,NYSE,587314,67.61,98.91,1,-23,-3.41,21.1,91.5,0.9,1.9,7.3,9.1,61,60,36,50,20.2,0,0,0,0,0,0,6332744651.691284,92152860.0,0.040799998,0.136,549352,790518,0,41.5,24.3,2026-08-11
1172,OZK,Financial Services,Banks - Regional,NASDAQ,1287290,51.59,98.91,7,-6,-3.86,21.6,87.9,0.6,0.9,2.2,8.3,61,54,41,56,15.9,0,0,0,0,0,0,5605623924.74218,109037618.0,0.15609999,-0.021,958610,1210208,0,41.7,19.9,2026-08-11
1173,VLRS,Industrials,Airlines,NYSE,594566,8.06,98.9,-6,-11,-25.37,39.6,45.0,-1.7,-0.3,-4.2,-1.6,61,67,62,92,50.1,0,0,0,0,0,0,939152701.6700937,114951370.0,0.0224,0.239,429940,618904,1,67.8,3.9,2026-08-11
1174,RGLD,Basic Materials,Gold,NASDAQ,709384,234.13,98.87,32,77,-23.55,40.1,48.6,9.3,14.2,13.6,1.5,61,29,74,92,47.1,0,0,0,0,0,0,19480628726.29866,84727857.0,0.0382,1.155,807804,741964,1,60.5,-26.2,2026-08-11
1175,SPNT,Financial Services,Insurance - Reinsurance,NYSE,717750,22.68,98.87,-17,-28,-14.35,29.0,57.4,-4.5,-7.2,-4.7,3.1,61,78,67,67,32.8,0,0,0,0,0,0,2675280398.2441864,116165016.0,0.040599998,-0.005,712030,790174,0,61.2,25.9,2026-08-11
1176,DHR,Healthcare,Diagnostics & Research,NYSE,5731089,209.37,98.84,24,8,-13.77,28.1,56.8,3.7,5.0,8.4,2.0,61,37,21,38,11.8,0,0,0,0,0,0,143943420555.42227,702986054.0,0.0161,0.055,4975868,5215241,0,26.9,14.0,2026-08-11
1177,LPLA,Financial Services,Capital Markets,NASDAQ,793851,372.11,98.76,27,19,-7.01,39.6,82.7,4.0,8.1,18.5,12.2,61,34,26,27,10.1,0,0,0,0,0,0,28554317007.18384,78742290.0,0.060900003,0.364,865195,949423,0,24.3,14.2,2026-08-11
1178,CTRE,Real Estate,REIT - Healthcare Facilities,NYSE,2213173,40.42,98.74,-9,-1,-7.34,17.7,55.2,-5.8,-7.4,-3.6,0.1,60,69,77,81,25.5,0,0,0,0,0,0,9740005951.223846,236293199.0,0.1205,0.032,1825209,2751599,0,63.1,18.6,2026-08-11
1179,MTDR,Energy,Oil & Gas E&P,NYSE,2019643,52.23,98.69,4,27,-21.86,41.5,54.6,6.5,4.0,2.1,4.8,60,56,79,52,21.1,0,0,0,0,0,0,6092183987.152843,124178227.0,0.114700004,0.363,2434541,1935078,0,52.0,15.9,2026-08-11
1180,QGEN,Healthcare,Diagnostics & Research,NYSE,2866669,43.85,98.67,28,10,-24.16,30.7,43.5,1.1,2.3,7.7,-0.7,60,32,14,62,5.1,0,0,0,0,0,0,8724374842.643738,206250000.0,0.0435,0.003,2582637,2737125,0,28.3,9.3,2026-08-11
1181,IHS,Real Estate,Real Estate Services,NYSE,1192537,8.3,98.65,-7,-4,-7.26,33.2,83.1,0.7,1.0,0.9,5.7,60,67,70,86,33.4,0,0,0,0,0,0,2811202978.4297943,336671000.0,0.0104,0.059,1894313,1306470,0,64.1,12.7,2026-08-11
1182,MNTN,Technology,Software - Application,NYSE,1098285,11.55,98.6,34,15,-51.59,46.7,23.7,10.7,17.7,18.7,7.5,60,26,7,10,0.1,0,0,0,0,0,0,821296570.0801792,73924086.0,0.0876,0.206,1183607,1292803,0,10.8,18.0,2026-08-11
1183,SBUX,Consumer Cyclical,Restaurants,NASDAQ,7560101,104.65,98.55,-14,-16,-4.19,35.9,94.3,1.4,1.7,3.8,11.5,60,74,72,54,23.9,0,0,0,0,0,0,120361202087.40234,1140000000.0,0.045700002,-0.014,9897554,7855828,0,56.0,29.2,2026-08-11
1184,SENS,Healthcare,Medical Devices,NASDAQ,624780,7.54,98.55,46,44,-34.89,61.9,46.7,34.9,45.2,33.0,22.0,60,14,12,25,2.5,0,0,0,0,0,0,366464813.30430746,52202965.0,0.1262,0.872,765492,718408,0,13.4,3.8,2026-08-11
1185,CTAS,Industrials,Specialty Business Services,NASDAQ,2422743,202.71,98.53,22,6,-10.57,25.5,67.8,0.1,0.3,9.6,10.7,60,38,22,36,5.6,0,0,0,0,0,0,81254430582.27058,400169561.0,0.040700004,0.089,2402110,2409932,0,25.4,18.2,2026-08-11
1186,CNR,Energy,Thermal Coal,NYSE,567837,94.16,98.53,26,34,-17.98,35.1,55.6,10.1,10.8,9.8,5.9,60,34,42,62,31.8,0,0,0,0,0,0,4447408551.461082,49636257.0,0.0573,0.035,634761,642092,0,42.4,-5.3,2026-08-11
1187,SYF,Financial Services,Credit Services,NYSE,3731872,78.19,98.5,21,29,-11.92,23.0,59.5,0.9,3.6,5.2,5.2,60,39,47,55,21.0,0,0,0,0,0,0,25570893124.0564,325370840.0,0.0793,0.006,3086457,3736087,0,40.5,5.0,2026-08-11
1188,BXP,Real Estate,REIT - Office,NYSE,1399198,67.9,98.5,-2,-30,-14.41,32.3,59.0,-3.6,-2.8,0.6,5.7,60,62,34,30,14.4,0,0,0,0,0,0,11130006922.58548,159661556.0,0.0921,0.037,1644926,1491789,0,35.1,33.0,2026-08-11
1189,LW,Consumer Defensive,Packaged Foods,NYSE,1848237,51.81,98.48,15,-9,-22.75,36.7,50.2,-0.4,3.5,11.8,9.9,60,45,21,27,10.7,0,0,0,0,0,0,7186244731.594795,137483158.0,0.056500003,0.056,1516262,1676378,0,25.9,23.1,2026-08-11
1190,AVPT,Technology,Software - Infrastructure,NASDAQ,2338774,12.99,98.47,10,-23,-22.54,46.1,54.3,0.4,1.6,10.3,12.1,60,50,17,15,5.7,0,0,0,0,0,0,2705921790.4694195,211565426.0,0.0706,0.26,2330922,2485978,0,21.9,32.4,2026-08-11
1191,TBPH,Healthcare,Biotechnology,NASDAQ,822786,16.91,98.45,-4,3,-19.59,48.4,59.1,0.2,0.2,0.9,-1.4,60,64,71,89,54.9,0,0,0,0,0,0,877452356.0367279,51828254.0,0.1328,0.15,608229,700981,0,69.7,-1.1,2026-08-11
1192,HR,Real Estate,REIT - Healthcare Facilities,NYSE,3829252,19.64,98.43,-19,-20,-10.89,17.4,51.1,-6.4,-8.3,-6.7,2.8,60,79,78,64,22.9,0,0,0,0,0,0,6920035674.722515,346521578.0,0.098500006,-0.043,4431968,4075931,0,61.0,31.2,2026-08-11
1193,HAS,Consumer Cyclical,Leisure,NASDAQ,2265562,94.49,98.41,23,56,-11.68,36.8,74.6,3.8,7.8,13.5,10.2,60,37,70,87,33.7,0,0,0,0,0,0,13190478080.36309,141044467.0,0.0584,0.162,1946928,2148023,0,56.9,-11.7,2026-08-11
1194,WFC,Financial Services,Banks - Diversified,NYSE,15261783,87.52,98.4,10,-9,-10.47,19.1,61.1,0.4,0.4,2.9,3.0,60,50,31,60,20.4,0,0,0,0,0,0,263843942066.0,3023999336.0,0.0,0.095,13144190,15661416,0,40.4,14.7,2026-08-11
1195,CL,Consumer Defensive,Household & Personal Products,NYSE,4581866,93.15,98.39,-7,-29,-6.22,23.1,71.7,-0.1,0.2,1.3,6.7,60,67,45,68,16.8,0,0,0,0,0,0,74352307084.77374,797172829.0,0.0233,0.049,5235700,5130798,0,49.2,27.1,2026-08-11
1196,IMCR,Healthcare,Biotechnology,NASDAQ,573521,33.98,98.38,21,13,-16.54,23.0,51.4,1.5,0.1,7.5,5.1,60,39,31,39,14.7,0,0,0,0,0,0,1729429516.0,50865574.0,0.19559999,0.183,446553,573102,0,30.9,13.0,2026-08-11
1197,RCL,Consumer Cyclical,Travel Services,NYSE,2259967,308.0,98.38,24,19,-15.96,24.5,50.7,-3.9,0.1,2.1,7.1,60,36,31,73,10.5,0,0,0,0,0,0,85584666880.0,267452084.0,0.0715,0.065,1949292,2496338,0,37.6,5.9,2026-08-11
1198,FHN,Financial Services,Banks - Regional,NYSE,5584150,25.23,98.37,-3,-8,-5.01,27.5,87.3,-0.9,-0.6,0.6,6.2,60,63,58,69,26.5,0,0,0,0,0,0,12062366008.924055,473777158.0,0.0001,0.089,5223831,5300134,0,54.1,17.5,2026-08-11
1199,NWSA,Communication Services,Entertainment,NASDAQ,4269097,28.49,98.37,5,7,-9.87,27.8,72.2,0.3,1.9,6.0,10.7,60,55,57,25,10.2,0,0,0,0,0,0,15420627294.47062,540695198.0,0.0342,0.108,4518652,5193222,0,36.8,28.2,2026-08-11
1200,KREF,Real Estate,REIT - Mortgage,NYSE,1164519,7.65,98.35,13,-9,-23.37,28.7,42.4,3.3,3.0,5.4,2.9,60,47,25,22,3.1,0,0,0,0,0,0,498971250.6371975,64300417.0,0.129,,956468,1162517,0,24.3,29.1,2026-08-11
1201,WPM,Basic Materials,Gold,NYSE,1774501,133.39,98.35,29,80,-19.53,47.7,58.1,11.2,17.2,16.1,7.6,60,31,82,92,41.8,0,0,0,0,0,0,60948266319.61377,454159968.0,1.5,0.847,2138645,2075903,1,61.7,-22.7,2026-08-11
1202,NTSK,Technology,Software - Infrastructure,NASDAQ,4656030,15.67,98.34,26,4,-44.02,99.1,42.4,12.1,17.0,32.4,12.3,60,34,12,9,,0,0,0,0,0,0,6006344614.404607,403923649.0,0.0866,0.278,4068322,6345328,0,18.3,,2026-08-11
1203,DOW,Basic Materials,Chemicals,NYSE,10541731,30.58,98.33,7,40,-28.45,51.4,50.0,3.4,3.9,1.7,1.5,60,53,86,75,55.2,0,0,0,0,0,0,21193476570.960445,722340711.0,0.0529,0.197,9686594,11519452,0,67.3,-8.8,2026-08-11
1204,ATHM,Communication Services,Internet Content & Information,NYSE,764539,23.49,98.3,23,7,-21.49,40.5,49.0,0.1,3.3,14.8,10.9,60,37,21,22,2.6,0,0,0,0,0,0,2616683018.838412,115170911.0,0.0507,-0.279,883358,825777,0,20.7,21.8,2026-08-11
1205,V,Financial Services,Credit Services,NYSE,7793673,361.32,98.29,1,-22,-3.38,22.8,89.8,-0.9,0.1,4.9,9.6,60,59,36,33,15.6,0,0,0,0,0,0,676804631387.5,1867047259.0,0.0139,0.144,7533601,8327232,0,35.9,29.2,2026-08-11
1206,UPS,Industrials,Integrated Freight & Logistics,NYSE,5040783,104.72,98.29,-12,-42,-14.45,26.5,58.4,-1.0,-4.9,-4.4,0.4,60,72,42,75,28.7,0,0,0,0,0,0,88906675319.0,850781582.0,0.0327,0.076,6375329,5383155,0,54.4,24.0,2026-08-11
1207,PFE,Healthcare,Drug Manufacturers - General,NYSE,42847411,27.05,98.28,22,42,-5.91,12.8,61.0,3.2,5.0,6.0,2.8,59,37,57,66,16.3,0,0,0,0,0,0,152523266546.19174,5699673589.0,0.0287,0.026,45704643,44447764,0,44.1,2.5,2026-08-11
1208,GSBD,Financial Services,Asset Management,NYSE,998946,9.75,98.28,20,17,-16.09,13.5,39.1,6.6,8.5,6.8,3.8,59,39,36,32,4.2,0,0,0,0,0,0,1097548403.25,112569067.0,0.065,-0.187,1134398,968071,0,27.8,19.1,2026-08-11
1209,TOWN,Financial Services,Banks - Regional,NASDAQ,684669,37.23,98.24,3,-11,-4.61,16.9,80.4,-1.4,0.2,3.7,7.4,59,56,42,54,13.8,0,0,0,0,0,0,3420025056.714134,91298055.0,3.48,1.207,653167,679525,0,41.4,22.9,2026-08-11
1210,DNP,Financial Services,Asset Management,NYSE,672627,10.86,98.24,-9,-12,-2.69,11.2,82.7,0.5,-0.4,0.3,4.3,59,68,65,60,18.6,0,0,0,0,0,0,4088510359.045887,376821218.0,0.0018000001,0.043,646822,672054,0,52.9,26.6,2026-08-11
1211,MCHP,Technology,Semiconductors,NASDAQ,11573139,81.39,98.24,-13,1,-23.15,65.3,59.4,4.4,2.1,-6.6,6.7,59,72,86,85,39.2,0,0,0,0,0,0,45987407366.49481,543008691.0,0.0868,0.38,13228338,12330465,0,70.5,12.4,2026-08-11
1212,PM,Consumer Defensive,Tobacco,NYSE,5161694,186.0,98.22,-5,-3,-10.47,29.0,75.0,-1.7,-2.3,1.1,8.9,59,64,66,69,17.4,0,0,0,0,0,0,295466361046.8558,1558613439.0,0.0112,0.104,5172624,5118558,0,54.1,22.1,2026-08-11
1213,BIP,Utilities,Utilities - Diversified,NYSE,1045468,37.98,98.2,-4,0,-13.76,32.1,74.7,-2.0,-1.8,1.9,6.8,59,63,67,70,38.9,0,0,0,0,0,0,17958697398.429543,460007607.0,1.74,0.194,1186756,915821,0,59.7,10.3,2026-08-11
1214,AFL,Financial Services,Insurance - Life,NYSE,2000021,121.94,98.17,-9,-20,-6.36,16.9,67.4,-3.5,-3.2,0.2,6.3,59,68,57,56,24.9,0,0,0,0,0,0,62586245076.55335,502257000.0,0.031600002,-0.01,2213484,2485848,0,51.5,25.1,2026-08-11
1215,TJX,Consumer Cyclical,Apparel Retail,NYSE,5170126,158.82,98.13,8,10,-6.58,17.6,64.8,-2.1,-0.9,-1.3,0.5,59,51,53,67,26.4,0,0,0,0,0,0,178255110080.81808,1104704446.0,0.0163,0.092,5243328,5762409,0,49.4,8.9,2026-08-11
1216,LTC,Real Estate,REIT - Healthcare Facilities,NYSE,552764,39.42,98.12,-6,-10,-8.33,12.2,46.8,-3.6,-6.3,-1.7,1.5,59,65,61,67,14.1,0,0,0,0,0,0,2148136603.2966385,53905563.0,0.0626,-0.19,484782,591216,0,51.8,25.5,2026-08-11
1217,VALE,Basic Materials,Other Industrial Metals & Mining,NYSE,21719422,14.89,98.11,-3,19,-17.0,47.5,56.8,-3.0,-2.3,-4.5,-4.1,59,62,84,91,49.1,0,0,0,0,0,0,62602271053.31447,4255762807.0,0.0137,0.064,23681698,22704725,1,71.5,-1.5,2026-08-11
1218,SIG,Consumer Cyclical,Luxury Goods,NYSE,700271,94.48,98.09,24,21,-14.26,28.1,64.8,-1.0,1.2,6.6,5.1,59,35,32,77,35.9,0,0,0,0,0,0,3811449414.559967,39329783.0,0.1958,0.008,643653,858482,0,45.0,-8.5,2026-08-11
1219,FWONK,Communication Services,Entertainment,NASDAQ,2061510,102.73,98.06,6,-7,-6.07,25.7,77.9,2.6,3.1,7.7,11.4,59,53,40,28,14.4,0,0,0,0,0,0,25785367299.69921,250708485.0,0.0372,0.183,2316461,2061130,0,33.8,25.6,2026-08-11
1220,GFS,Technology,Semiconductors,NASDAQ,4117310,50.05,98.05,-32,-30,-45.92,60.7,32.9,0.9,-4.8,-25.3,-2.5,59,91,93,82,62.0,0,0,0,0,0,0,29594146019.72554,548751082.0,0.15630001,0.058,5516021,3999884,2,82.0,16.1,2026-08-11
1221,AUPH,Healthcare,Biotechnology,NASDAQ,1441129,15.45,98.02,-20,-18,-19.74,39.1,57.1,0.8,-0.0,-3.5,0.6,59,79,81,81,44.2,0,0,0,0,0,0,2108861063.554993,133051168.0,0.0837,0.189,1357078,1554089,0,71.3,16.8,2026-08-11
1222,MAS,Industrials,Building Products & Equipment,NYSE,2692747,74.72,98.0,-11,-45,-10.66,29.9,72.6,1.6,-1.0,0.3,10.7,59,70,36,64,17.7,0,0,0,0,0,0,15283998120.537796,197187430.0,0.0508,-0.029,3718021,2568588,0,46.9,30.7,2026-08-11
1223,AMBA,Technology,Semiconductor Equipment & Materials,NASDAQ,2174745,82.04,97.96,-6,2,-15.15,70.4,73.1,2.1,11.5,14.3,17.6,59,65,73,27,36.5,0,0,0,0,0,0,3806881040.7499695,43868185.0,0.1089,0.169,2525507,2015881,0,50.4,21.1,2026-08-11
1224,KEX,Industrials,Marine Shipping,NYSE,640351,132.49,97.93,-18,-15,-15.98,65.9,72.5,0.6,-4.5,-4.9,2.9,59,77,80,71,41.3,0,0,0,0,0,0,6932111645.5078125,52800000.0,0.0377,0.078,688075,614601,0,67.3,18.7,2026-08-11
1225,BRX,Real Estate,REIT - Retail,NYSE,2258564,29.81,97.92,-12,-20,-9.28,20.0,61.6,-3.9,-6.1,-5.8,2.4,59,71,63,64,24.0,0,0,0,0,0,0,9319712494.457497,306872316.0,0.08270001,0.043,2578942,2419524,0,55.5,25.7,2026-08-11
1226,CELC,Healthcare,Biotechnology,NASDAQ,1482824,90.79,97.91,-39,-38,-39.88,94.8,43.0,-1.6,-0.4,-6.5,-16.0,59,98,99,99,76.8,0,1,1,1,0,3,4524536141.11084,48766288.0,0.3436,,905144,1687844,3,93.2,10.3,2026-08-11
1227,FLG,Financial Services,Banks - Regional,NYSE,4540273,14.01,97.89,-11,-17,-9.26,32.4,74.8,0.2,-1.4,-2.5,6.0,59,70,64,70,31.3,0,0,0,0,0,0,5817414579.859943,417018972.0,0.0,0.153,4484560,4963382,0,58.8,19.9,2026-08-11
1228,PPLI,Communication Services,Internet Content & Information,NASDAQ,976233,40.66,97.85,-14,-18,-15.85,26.7,52.3,-5.5,-7.0,-8.5,0.6,59,73,69,36,24.8,0,0,0,0,0,0,3096210137.847519,74463925.0,0.1616,-0.015,1256329,1019075,0,50.7,31.9,2026-08-11
1229,NOW,Technology,Software - Application,NYSE,23218185,127.44,97.84,30,11,-34.55,53.7,40.8,7.7,15.7,18.4,3.9,59,29,10,11,1.2,0,0,0,0,0,0,129108683720.4132,1033862000.0,0.054,0.24,24153755,26667295,0,12.8,19.4,2026-08-11
1230,ROK,Industrials,Specialty Industrial Machinery,NYSE,851238,435.22,97.81,-17,-14,-12.49,35.6,70.9,-1.8,-2.7,-3.6,7.7,59,76,79,68,42.8,0,0,0,0,0,0,48976909011.94226,111048676.0,0.0388,0.079,1127346,862749,0,66.5,17.9,2026-08-11
1231,FMS,Healthcare,Medical Care Facilities,NYSE,733802,24.35,97.81,10,-13,-11.9,18.2,51.0,-3.0,-2.6,1.1,2.5,59,49,26,43,9.4,0,0,0,0,0,0,12916964353.530691,532219370.0,4.51,0.014,1017008,726955,0,31.8,23.3,2026-08-11
1232,AON,Financial Services,Insurance Brokers,NYSE,1337078,356.97,97.8,1,-25,-6.64,15.6,66.0,-1.3,-1.6,3.1,5.8,59,58,32,30,7.9,0,0,0,0,0,0,76004540412.7782,212125434.0,0.0217,0.022,1559975,1588393,0,32.0,33.3,2026-08-11
1233,EFOR,Technology,Information Technology Services,NYSE,1066147,32.45,97.79,54,52,-40.94,92.4,42.4,9.2,32.0,52.7,-7.3,59,5,3,22,0.7,0,0,0,0,0,0,1321020050.048828,41000000.0,0.123,-0.013,1255133,1077788,0,7.7,-1.1,2026-08-11
1234,NVDA,Technology,Semiconductors,NASDAQ,130565805,217.55,97.78,-4,13,-8.03,31.7,74.2,3.5,4.7,5.4,11.9,59,63,80,64,26.6,0,0,0,0,0,0,5424535322616.577,24221000000.0,0.0139,0.852,129983007,146307573,0,58.4,16.3,2026-08-11
1235,BHC,Healthcare,Drug Manufacturers - Specialty & Generic,NYSE,4331113,6.35,97.76,40,51,-26.93,40.9,46.3,0.5,15.2,21.3,6.7,59,19,30,37,16.6,0,0,0,0,0,0,2337441006.25,373990561.0,0.024600001,0.127,8758860,3752690,0,25.7,-3.5,2026-08-11
1236,J,Industrials,Engineering & Construction,NYSE,929559,147.33,97.75,26,13,-12.53,37.6,70.6,4.4,7.8,14.0,10.6,59,33,20,36,9.8,0,0,0,0,0,0,17129993981.380188,118080879.0,0.069699995,0.345,1003087,1131463,0,24.7,12.3,2026-08-11
1237,ALLE,Industrials,Security & Protection Services,NYSE,1367811,165.53,97.73,31,24,-9.6,34.1,79.1,2.7,8.8,18.2,11.1,59,28,21,55,11.4,0,0,0,0,0,0,14366114834.44934,85036786.0,0.054899998,0.127,1164143,1283540,0,28.8,3.6,2026-08-11
1238,ALLY,Financial Services,Credit Services,NYSE,3046646,43.79,97.73,-2,-2,-7.4,22.2,70.8,0.1,-0.9,-1.3,3.4,59,61,61,60,25.2,0,0,0,0,0,0,13299610949.297516,304199693.0,0.0433,0.11,2567060,3214400,0,51.8,18.1,2026-08-11
1239,HBAN,Financial Services,Banks - Regional,NASDAQ,24570057,17.6,97.71,0,-23,-9.56,18.3,64.7,2.3,0.8,2.1,5.5,58,58,35,60,18.3,0,0,0,0,0,0,35458278654.84582,2020414826.0,0.0295,0.476,24880823,24659146,0,42.8,21.7,2026-08-11
1240,EMN,Basic Materials,Specialty Chemicals,NYSE,1293087,73.42,97.67,21,39,-12.04,32.6,73.6,3.6,6.4,5.8,7.5,58,37,55,65,29.7,0,0,0,0,0,0,8419012447.940567,114326623.0,0.062800005,0.099,1270932,1233728,0,46.7,-3.8,2026-08-11
1241,SHW,Basic Materials,Specialty Chemicals,NYSE,2137959,362.71,97.59,21,9,-4.46,24.4,86.9,1.9,6.4,10.1,9.2,58,37,25,53,11.9,0,0,0,0,0,0,89754973836.2507,242758151.0,0.027999999,0.075,2181007,2412773,0,31.7,10.5,2026-08-11
1242,COF,Financial Services,Credit Services,NYSE,4095684,218.97,97.59,22,13,-15.66,24.4,52.6,1.2,3.6,8.7,5.6,58,36,27,41,13.0,0,0,0,0,0,0,133595756629.94383,613500000.0,0.023599999,11.11,3584644,4640262,0,29.2,11.4,2026-08-11
1243,CDW,Technology,Information Technology Services,NASDAQ,2030851,136.43,97.58,12,-21,-20.47,36.3,50.5,-5.5,-2.1,-0.6,2.2,58,46,13,20,3.4,0,0,0,0,0,0,16978616319.841677,125017426.0,0.0884,0.1,2391924,2148842,0,20.6,29.8,2026-08-11
1244,SLM,Financial Services,Credit Services,NASDAQ,2994946,27.32,97.57,19,-1,-17.64,44.9,58.7,0.9,4.4,10.4,10.5,58,39,19,23,3.8,0,0,0,0,0,0,5145560157.775879,188000000.0,0.1169,0.081,2491308,3014461,0,21.2,22.8,2026-08-11
1245,BLBD,Industrials,Farm & Heavy Construction Machinery,NASDAQ,504403,65.33,97.56,-29,-32,-21.66,42.0,56.1,-7.7,-11.5,-11.5,8.8,58,87,84,80,27.3,0,0,0,0,0,0,2176019527.244408,31646589.0,0.144,0.299,649140,475444,0,69.6,31.5,2026-08-11
1246,FERG,Industrials,Industrial Distribution,NYSE,3243025,263.78,97.55,20,30,-2.89,18.9,71.1,1.7,5.2,7.3,4.5,58,38,48,74,20.7,0,0,0,0,0,0,49781901029.42102,193937826.0,0.0173,0.036,7382146,2527353,0,45.2,0.5,2026-08-11
1247,PLD,Real Estate,REIT - Industrial,NYSE,4929454,138.76,97.52,-12,-8,-9.51,34.0,77.0,-1.6,-3.5,-2.6,2.7,58,70,74,76,40.1,0,0,0,0,0,0,133198728899.74477,950333372.0,0.0165,0.123,6289324,4705480,0,65.0,13.4,2026-08-11
1248,LINE,Real Estate,REIT - Industrial,NASDAQ,1063605,41.35,97.51,-16,-34,-9.62,31.4,75.2,-0.6,-1.7,-2.6,9.1,58,74,56,34,10.1,0,0,0,0,0,0,9644286240.361404,227674365.0,0.0983,0.008,1243475,1031541,0,43.5,41.7,2026-08-11
1249,NWS,Communication Services,Entertainment,NASDAQ,1335485,32.5,97.49,6,11,-7.96,27.4,73.7,0.6,2.3,6.5,10.8,58,52,57,24,9.3,0,0,0,0,0,0,17545559587.6177,540695198.0,0.1342,0.108,1189797,1613571,0,35.6,26.4,2026-08-11
1250,HON,Industrials,Conglomerates,NASDAQ,3895052,242.93,97.48,18,27,-6.67,16.6,52.2,-5.3,-3.6,-1.8,0.6,58,40,49,74,15.4,0,0,0,0,0,0,78033801989.99313,316940010.0,0.030199999,0.043,3145618,4638952,0,44.6,4.6,2026-08-11
1251,SBRA,Real Estate,REIT - Healthcare Facilities,NASDAQ,3045366,20.67,97.47,1,13,-9.22,15.2,50.8,-5.2,-6.0,-0.1,1.0,58,57,69,71,13.6,0,0,0,0,0,0,5374936620.123138,255462756.0,0.1365,0.253,2837290,3403902,0,52.7,17.7,2026-08-11
1252,LTM,Industrials,Airlines,NYSE,713791,53.74,97.45,-4,-19,-23.69,27.5,42.5,-3.2,-0.8,-1.5,0.6,58,62,47,89,29.8,0,0,0,0,0,0,16604436577.43344,292743939.0,0.0114,0.272,738693,764976,0,56.9,12.2,2026-08-11
1253,FPS,Industrials,Electrical Equipment & Parts,NYSE,10205336,37.6,97.45,-29,-28,-43.03,34.9,26.6,4.3,1.3,-21.1,,58,87,88,68,,0,0,0,0,0,0,10063483713.979286,259971169.0,0.23120001,1.034,9013990,9157912,0,81.0,,2026-08-11
1254,COR,Healthcare,Medical Distribution,NYSE,1499300,325.0,97.44,21,5,-13.92,32.1,66.5,5.0,6.9,13.0,2.9,58,37,21,71,25.0,0,0,0,0,0,0,61152471665.29678,190827165.0,0.0343,0.051,1631881,1559386,0,38.5,0.8,2026-08-11
1255,VZ,Communication Services,Telecom Services,NYSE,31680956,47.03,97.44,5,15,-9.0,23.1,68.3,0.7,3.1,4.3,5.4,58,53,63,72,17.5,0,0,0,0,0,0,195523726711.83545,4154775202.0,0.020499999,-0.007,26311288,29805619,0,51.4,13.0,2026-08-11
1256,CINF,Financial Services,Insurance - Property & Casualty,NASDAQ,862417,173.86,97.43,-12,-28,-10.75,15.6,55.4,-2.2,-3.0,-1.6,4.2,58,70,54,60,23.5,0,0,0,0,0,0,27144127132.375565,153478045.0,0.025999999,0.316,778391,881306,0,51.9,26.8,2026-08-11
1257,IR,Industrials,Specialty Industrial Machinery,NYSE,4227088,86.63,97.39,27,20,-14.19,24.0,54.5,-1.9,0.2,6.3,3.8,58,31,24,75,20.0,0,0,0,0,0,0,33744310813.762115,387999429.0,0.040799998,0.085,4865136,4354539,0,37.5,-2.6,2026-08-11
1258,QRVO,Technology,Semiconductors,NASDAQ,1199601,97.0,97.35,15,35,-11.41,27.2,64.1,3.0,6.8,4.0,10.9,58,43,63,45,17.6,0,0,0,0,0,0,8740999559.178635,88221633.0,0.0896,-0.042,1547913,1318690,0,42.1,10.3,2026-08-11
1259,BKH,Utilities,Utilities - Regulated Gas,NYSE,785348,73.7,97.33,-14,-18,-6.34,25.6,80.7,0.9,-0.6,-0.2,1.6,58,72,68,72,28.4,0,0,0,0,0,0,5692297092.003059,76253141.0,0.1657,0.031,890494,967664,0,60.1,22.2,2026-08-11
1260,SPSC,Technology,Software - Application,NASDAQ,582094,74.75,97.31,35,20,-36.31,50.1,37.9,3.2,9.9,21.6,7.5,58,23,8,10,0.9,0,0,0,0,0,0,2641692669.242569,36000174.0,0.0967,0.056,694653,707668,0,10.5,15.2,2026-08-11
1261,UE,Real Estate,REIT - Retail,NYSE,830831,21.79,97.3,-13,-19,-9.62,16.9,57.7,-2.6,-4.9,-5.3,3.5,58,71,65,60,19.9,0,0,0,0,0,0,2730667693.631428,126244466.0,0.0508,0.054,837865,966447,0,54.0,28.4,2026-08-11
1262,INSM,Healthcare,Biotechnology,NASDAQ,3039033,134.75,97.23,39,62,-36.66,44.3,34.0,17.3,20.4,24.7,-9.2,58,19,42,84,29.2,0,0,0,0,0,0,28629816376.19492,218381503.0,0.060500003,2.961,4371311,3898100,0,43.5,-20.4,2026-08-11
1263,ECL,Basic Materials,Specialty Chemicals,NYSE,1226860,284.4,97.22,16,5,-8.04,15.8,62.1,0.7,2.9,4.5,5.0,58,42,31,67,12.1,0,0,0,0,0,0,79941311481.68802,280328603.0,0.0134000005,0.097,1340342,1529872,0,38.0,11.0,2026-08-11
1264,KMI,Energy,Oil & Gas Midstream,NYSE,9745091,31.39,97.16,-8,-3,-9.82,21.8,66.6,0.1,-1.3,-1.4,2.9,58,66,71,73,24.9,0,0,0,0,0,0,68696845295.10758,2226802089.0,0.0233,0.108,9652604,9976752,0,58.7,18.6,2026-08-11
1265,KVUE,Consumer Defensive,Household & Personal Products,NYSE,20198882,19.03,97.15,-5,-37,-13.32,35.0,63.4,-1.3,-0.9,1.5,7.9,58,63,31,35,5.2,0,0,0,0,0,0,36921765806.72978,1920008668.0,0.0372,0.03,24263038,21332695,0,33.6,37.7,2026-08-11
1266,NTES,Communication Services,Electronic Gaming & Multimedia,NASDAQ,881253,133.41,97.15,5,-7,-16.38,17.1,37.2,-2.3,-0.7,1.1,1.0,58,53,41,36,9.6,0,0,0,0,0,0,84653881696.67542,640250196.0,0.0073,0.061,609830,909276,0,34.9,26.3,2026-08-11
1267,BEAM,Healthcare,Biotechnology,NASDAQ,2181351,27.28,97.13,-11,6,-28.7,67.7,49.5,0.1,-0.1,-11.4,-4.4,58,69,86,80,58.6,0,0,0,0,0,0,2838344986.918659,103287665.0,0.3496,-0.942,1564353,2249688,0,73.4,1.3,2026-08-11
1268,PB,Financial Services,Banks - Regional,NYSE,1335553,73.34,97.1,2,-19,-5.0,19.0,83.1,-1.0,-0.2,1.9,5.2,58,56,35,53,19.3,0,0,0,0,0,0,8887071848.6996,120176771.0,0.044,0.259,1030050,1231456,0,40.8,21.1,2026-08-11
1269,CDE,Basic Materials,Gold,NYSE,31337132,18.15,97.08,24,77,-34.64,65.0,46.1,13.4,18.0,13.2,0.2,58,34,87,97,63.4,0,0,0,0,0,0,17875788987.818268,1027934998.0,0.0582,1.259,38685017,38026919,1,70.4,-32.6,2026-08-11
1270,GGN,Financial Services,Asset Management,NYSE ARCA,528230,5.36,97.07,18,48,-8.84,18.1,62.1,5.4,7.7,8.3,3.2,57,39,69,77,24.7,0,0,0,0,0,0,818617711.8829899,156224761.0,0.002,0.12,461982,596548,0,52.4,-3.5,2026-08-11
1271,DTM,Energy,Oil & Gas Midstream,NYSE,800573,134.18,97.05,-22,-22,-12.23,33.7,67.5,0.0,-3.2,-5.2,2.1,57,79,79,77,36.9,0,0,0,0,0,0,13408890755.30078,102015296.0,0.0531,0.11,1016591,767132,0,68.0,21.4,2026-08-11
1272,APD,Basic Materials,Specialty Chemicals,NYSE,1265422,308.18,96.98,-3,1,-2.12,34.0,94.2,3.3,4.0,6.2,11.3,57,60,64,43,14.9,0,0,0,0,0,0,67571697766.865845,222685530.0,0.019199999,0.046,1133557,1347233,0,45.5,25.6,2026-08-11
1273,FLOC,Energy,Oil & Gas Equipment & Services,NYSE,557481,22.33,96.98,-2,23,-20.98,63.2,65.1,11.2,13.4,8.5,10.2,57,59,84,72,53.3,0,0,0,0,0,0,911348528.271164,41824162.0,0.0929,0.089,524494,705300,0,67.1,-2.3,2026-08-11
1274,RPM,Basic Materials,Specialty Chemicals,NYSE,999717,115.93,96.97,24,15,-10.22,25.1,66.9,3.0,6.6,8.0,9.4,57,33,24,49,8.1,0,0,0,0,0,0,14980182557.907104,127643000.0,0.0376,0.072,972761,908600,0,28.5,10.1,2026-08-11
1275,PCRX,Healthcare,Drug Manufacturers - Specialty & Generic,NASDAQ,606542,24.43,96.97,-3,-19,-11.68,27.2,61.7,-5.7,-5.7,-1.3,3.4,57,60,44,31,7.7,0,0,0,0,0,0,997344405.9673232,39861886.0,0.2558,0.062,826657,553765,0,35.7,33.6,2026-08-11
1276,BKU,Financial Services,Banks - Regional,NYSE,1009133,46.26,96.89,-10,-10,-11.23,32.9,74.8,0.5,-0.3,-1.5,2.4,57,67,67,79,38.1,0,0,0,0,0,0,3357967517.6288605,72276530.0,0.060900003,0.042,640080,988208,0,62.8,12.0,2026-08-11
1277,LINC,Consumer Defensive,Education & Training Services,NASDAQ,751135,30.77,96.84,-39,-39,-45.39,70.7,33.2,-23.7,-25.5,-34.3,-14.0,57,96,96,89,36.2,0,0,0,0,0,0,1300232693.9621887,31720728.0,0.11229999,0.225,1041296,670829,2,79.3,31.3,2026-08-11
1278,SF,Financial Services,Capital Markets,NYSE,1221237,83.68,96.83,20,23,-6.84,24.2,78.8,1.2,3.5,11.0,7.6,57,37,40,54,21.5,0,0,0,0,0,0,12595529454.864502,151589000.0,0.0001,0.127,1076611,1326962,0,38.1,4.0,2026-08-11
1279,ALKT,Technology,Software - Application,NASDAQ,1666157,19.62,96.77,31,29,-27.04,35.9,43.9,4.5,8.9,15.0,6.9,57,26,24,15,9.2,0,0,0,0,0,0,2109965216.4458463,106941980.0,0.1038,0.159,1620122,1804920,0,18.5,10.8,2026-08-11
1280,PHM,Consumer Cyclical,Residential Construction,NYSE,1721949,130.05,96.72,11,-5,-10.0,20.3,68.8,1.4,2.7,4.2,6.4,57,46,30,75,16.8,0,0,0,0,0,0,25315635151.06357,190486353.0,0.0639,-0.096,1553818,1777651,0,41.9,10.4,2026-08-11
1281,DEO,Consumer Defensive,Beverages - Wineries & Distilleries,NYSE,1207766,97.11,96.72,22,8,-16.58,31.0,52.4,4.1,8.1,13.5,10.6,57,35,21,34,4.5,0,0,0,0,0,0,53560958948.864,555899946.0,0.0072000003,,1740998,1240009,0,23.6,16.9,2026-08-11
1282,FHB,Financial Services,Banks - Regional,NASDAQ,2619213,27.27,96.7,-11,-21,-10.82,20.6,62.1,-1.0,-2.7,-3.5,3.7,57,68,58,59,22.8,0,0,0,0,0,0,3345000600.809513,121680634.0,0.1423,0.059,1878890,2190848,0,51.9,25.4,2026-08-11
1283,ASAN,Technology,Software - Application,NYSE,5435867,9.23,96.69,31,12,-41.25,69.4,39.0,5.9,14.6,20.6,0.9,57,26,7,8,0.8,0,0,0,0,0,0,2197984360.488152,237363316.0,0.38810003,0.095,5536251,6048264,0,10.5,18.1,2026-08-11
1284,AMH,Real Estate,REIT - Residential,NYSE,2108646,34.13,96.68,-4,-28,-4.8,23.7,76.9,-0.7,0.1,1.5,7.3,57,61,37,33,9.0,0,0,0,0,0,0,12460394492.293903,359815019.0,0.0437,0.028,2392420,2411930,0,35.0,34.0,2026-08-11
1285,CSL,Industrials,Building Products & Equipment,NYSE,558180,385.25,96.67,24,21,-11.01,32.0,76.7,3.9,9.4,10.3,12.0,57,33,30,70,14.1,0,0,0,0,0,0,15388829008.33667,39714133.0,0.081199996,0.083,498091,491124,0,36.8,2.3,2026-08-11
1286,BEP,Utilities,Utilities - Renewable,NYSE,952224,32.66,96.64,-6,9,-14.32,40.7,76.3,3.9,5.0,0.9,8.3,57,63,78,77,46.4,0,0,0,0,0,0,10068762269.3812,303275965.0,0.004,0.011,922684,904988,0,66.1,4.0,2026-08-11
1287,IT,Technology,Information Technology Services,NYSE,1430265,193.17,96.64,43,42,-27.34,48.9,44.5,7.4,19.0,25.9,2.9,57,14,13,9,3.0,0,0,0,0,0,0,11720450331.030762,63148976.0,0.2374,-0.006,1822847,1622727,0,9.7,6.6,2026-08-11
1288,FSS,Industrials,Farm & Heavy Construction Machinery,NYSE,534323,126.77,96.59,13,16,-5.75,22.9,82.3,1.8,5.6,8.3,12.1,57,44,47,61,11.2,0,0,0,0,0,0,7826145356.135269,61041611.0,0.09729999,0.187,482789,571537,0,40.8,12.7,2026-08-11
1289,TDOC,Healthcare,Health Information Services,NYSE,5472899,7.08,96.58,-32,-52,-28.39,52.3,44.6,-3.4,-16.5,-16.2,-0.2,57,89,69,11,8.4,0,0,0,0,0,0,1295407090.522086,181684021.0,0.1552,-0.04,7984498,5084385,0,44.4,57.9,2026-08-11
1290,CUBE,Real Estate,REIT - Industrial,NYSE,2175609,40.99,96.55,2,3,-5.25,15.5,76.8,-1.9,-1.8,-0.3,5.0,57,55,56,45,12.9,0,0,0,0,0,0,9420041261.61564,225521694.0,0.0539,0.015,2479838,2163017,0,42.2,23.0,2026-08-11
1291,EFC,Real Estate,REIT - Mortgage,NYSE,1241006,13.47,96.52,-4,-4,-4.6,20.4,84.6,1.6,1.2,0.8,3.0,57,61,61,44,12.6,0,0,0,0,0,0,1705353334.2338717,125393624.0,0.0625,0.28,1359378,1288137,0,44.6,27.6,2026-08-11
1292,CARS,Communication Services,Internet Content & Information,NYSE,704757,12.19,96.48,12,-1,-12.74,56.5,68.9,-1.7,-1.0,8.3,9.8,56,44,31,29,7.1,0,0,0,0,0,0,659523020.1431122,53532714.0,0.1456,0.007,791962,744472,0,27.8,22.7,2026-08-11
1293,SHLS,Technology,Solar,NASDAQ,5875936,8.56,96.48,-27,-32,-35.05,95.7,51.4,-0.4,-6.9,-12.5,-1.1,56,83,78,94,74.6,0,0,0,0,0,0,1502918604.8610687,168299950.0,0.114300005,0.474,6659229,5803873,1,82.4,2.5,2026-08-11
1294,DLR,Real Estate,REIT - Specialty,NYSE,3509815,191.3,96.47,7,26,-8.09,29.0,76.6,-0.5,1.9,3.0,7.9,56,49,68,63,20.3,0,0,0,0,0,0,71713012038.06079,370036176.0,0.0001,0.299,2279916,3241125,0,50.1,9.7,2026-08-11
1295,HIG,Financial Services,Insurance - Diversified,NYSE,1645877,141.15,96.46,-2,-18,-3.37,13.7,71.7,-2.6,-1.6,2.3,2.8,56,58,42,64,16.5,0,0,0,0,0,0,39277463554.96765,274130820.0,0.0002,0.081,1602803,1813170,0,45.1,21.1,2026-08-11
1296,NDAQ,Financial Services,Financial Data & Stock Exchanges,NASDAQ,4021825,95.62,96.4,15,35,-6.06,23.6,75.3,0.3,1.6,7.3,6.3,56,41,61,33,8.6,0,0,0,0,0,0,52873667570.443726,558977372.0,0.023599999,0.149,3400686,4298553,0,35.9,15.8,2026-08-11
1297,NJR,Utilities,Utilities - Regulated Gas,NYSE,644435,53.68,96.4,-20,-23,-11.8,24.0,66.6,-3.1,-5.2,-3.5,4.2,56,76,73,71,24.6,0,0,0,0,0,0,5552704992.65823,100921573.0,0.0517,0.168,762857,713291,0,61.2,27.0,2026-08-11
1298,EXR,Real Estate,REIT - Industrial,NYSE,1177140,146.66,96.38,3,3,-7.69,15.7,75.9,-1.7,-1.2,-0.3,4.2,56,53,53,56,15.3,0,0,0,0,0,0,31593248284.884247,211269558.0,0.0297,0.038,1440992,1231854,0,44.3,18.3,2026-08-11
1299,PPG,Basic Materials,Specialty Chemicals,NYSE,1940136,115.48,96.35,0,-23,-13.45,23.1,58.6,0.7,0.1,-0.8,5.6,56,56,33,74,16.7,0,0,0,0,0,0,26613756271.362305,222300000.0,0.0327,0.072,2258400,1979024,0,44.9,18.4,2026-08-11
1300,BANC,Financial Services,Banks - Regional,NYSE,3369994,18.95,96.33,-15,-25,-13.59,34.6,68.2,2.1,-3.3,-3.0,2.3,56,71,61,78,42.6,0,0,0,0,0,0,2967441027.075348,158432520.0,0.0714,,4789652,3254260,0,63.1,13.8,2026-08-11
1301,INVH,Real Estate,REIT - Residential,NYSE,4147278,29.89,96.28,-8,-29,-4.74,22.1,78.3,-1.2,-0.7,0.1,7.3,56,64,43,31,9.7,0,0,0,0,0,0,18041054702.25985,594041956.0,0.0301,0.101,4689676,5265111,0,36.9,35.9,2026-08-11
1302,TCBI,Financial Services,Banks - Regional,NASDAQ,501224,99.28,96.23,-4,-3,-8.85,30.2,75.9,0.6,-0.6,-1.0,3.4,56,60,61,77,33.7,0,0,0,0,0,0,4318309152.373947,43474369.0,0.1308,0.086,406924,538268,0,57.9,9.7,2026-08-11
1303,HUBB,Industrials,Electrical Equipment & Parts,NYSE,588755,504.9,96.22,10,23,-10.72,27.6,74.6,5.1,6.1,5.5,7.5,56,46,59,78,32.9,0,0,0,0,0,0,27155412652.346924,52832571.0,0.059699997,0.153,734373,623787,0,54.0,-1.2,2026-08-11
1304,MTCH,Communication Services,Internet Content & Information,NASDAQ,3197925,36.73,96.16,-18,-22,-11.28,27.3,64.0,-4.5,-4.9,-1.4,8.3,56,74,70,32,10.6,0,0,0,0,0,0,8691510367.229881,233266526.0,0.0716,-0.012,3575435,3357955,0,46.6,40.5,2026-08-11
1305,ES,Utilities,Utilities - Regulated Electric,NYSE,2281692,71.17,96.16,-8,-21,-7.05,13.2,61.9,-1.8,-3.1,-1.3,1.1,56,64,51,62,17.3,0,0,0,0,0,0,27201868896.873093,376080025.0,0.0477,0.023,2712668,2663111,0,48.6,25.1,2026-08-11
1306,ZTO,Industrials,Integrated Freight & Logistics,NYSE,1687034,23.93,96.12,-9,0,-8.66,29.5,65.9,-3.1,-3.5,-0.1,1.5,56,65,74,80,20.6,0,0,0,0,0,0,17948194174.114094,760516690.0,0.029000001,0.22,2390854,1599138,0,59.9,18.3,2026-08-11
1307,MTH,Consumer Cyclical,Residential Construction,NYSE,876775,71.97,96.05,-2,-35,-15.71,25.6,57.0,1.5,1.1,-0.7,5.4,56,58,25,66,10.9,0,0,0,0,0,0,4861335358.195343,65174093.0,0.0758,-0.138,911525,965165,0,40.0,25.2,2026-08-11
1308,FFIN,Financial Services,Banks - Regional,NASDAQ,797387,34.37,95.97,-2,-26,-9.84,21.7,66.1,-0.6,-0.6,1.6,8.2,56,58,34,39,10.8,0,0,0,0,0,0,4969164405.249496,143327507.0,0.0795,0.098,709312,948722,0,35.4,29.8,2026-08-11
1309,RES,Energy,Oil & Gas Equipment & Services,NYSE,1383803,6.15,95.95,5,36,-24.63,49.6,55.7,9.4,9.7,3.6,2.2,56,51,82,64,47.2,0,0,0,0,0,0,1301126635.073368,221657012.0,0.3039,0.095,1482079,1609781,0,61.1,-3.8,2026-08-11
1310,RRC,Energy,Oil & Gas E&P,NYSE,3086778,40.29,95.92,22,54,-16.6,24.0,53.0,2.8,5.4,7.0,4.5,56,34,66,38,25.5,0,0,0,0,0,0,8945251548.946686,233679515.0,0.1148,0.086,2669915,3216199,0,40.9,0.2,2026-08-11
1311,HLIT,Technology,Communication Equipment,NASDAQ,1516830,11.6,95.91,-31,-36,-34.39,30.9,32.3,-1.4,-2.6,-14.8,2.3,56,87,82,63,36.6,0,0,0,0,0,0,1284372468.072338,108477403.0,0.0642,0.434,1148522,2312968,0,67.1,30.5,2026-08-11
1312,ZLAB,Healthcare,Biotechnology,NASDAQ,785255,23.57,95.91,33,38,-35.9,59.5,49.9,27.7,29.1,36.9,32.2,56,23,28,19,1.6,0,0,0,0,0,0,2618048402.699066,112266228.0,0.0574,-0.033,834316,906361,0,17.9,11.0,2026-08-11
1313,OCSL,Financial Services,Asset Management,NASDAQ,536292,12.73,95.88,13,9,-11.04,18.8,59.4,4.5,5.7,6.9,3.5,56,43,39,30,7.3,0,0,0,0,0,0,1141588381.440196,88085523.0,0.0418,-0.078,643577,569091,0,29.8,20.9,2026-08-11
1314,LOAR,Industrials,Aerospace & Defense,NYSE,671085,70.64,95.88,16,2,-15.33,35.6,68.0,2.2,2.8,2.4,7.5,56,40,26,30,15.7,0,0,0,0,0,0,6639702197.093071,93688471.0,0.1365,0.394,622876,731277,0,27.9,15.5,2026-08-11
1315,AR,Energy,Oil & Gas E&P,NYSE,4541080,37.07,95.87,17,35,-18.97,26.6,52.1,5.8,8.3,8.5,5.6,56,39,57,34,23.4,0,0,0,0,0,0,10671207408.531187,307439000.0,0.0401,0.126,4915950,4801002,0,38.3,7.0,2026-08-11
1316,PNW,Utilities,Utilities - Regulated Electric,NYSE,1215224,99.23,95.79,-15,-24,-10.73,16.5,60.3,-0.9,-3.5,-4.0,2.4,56,71,62,63,15.8,0,0,0,0,0,0,12244556403.074158,121197234.0,0.097799994,0.071,1362344,1266502,0,52.9,30.1,2026-08-11
1317,BG,Consumer Defensive,Farm Products,NYSE,1477174,112.65,95.7,-21,-18,-16.48,44.7,63.5,3.4,-1.9,-3.8,-0.7,56,77,80,88,43.6,0,0,0,0,0,0,20821870023.06907,192119123.0,0.0477,0.883,1854543,1653284,0,72.2,14.2,2026-08-11
1318,TAL,Consumer Defensive,Education & Training Services,NYSE,4476658,12.5,95.66,21,38,-6.51,35.9,81.1,0.2,8.1,18.3,10.5,55,34,51,34,14.0,0,0,0,0,0,0,6867201588.000521,554701254.0,0.0876,0.319,7353095,4279715,0,33.2,8.3,2026-08-11
1319,ARR,Real Estate,REIT - Mortgage,NYSE,4086304,16.54,95.65,-4,4,-14.34,18.6,51.7,1.0,0.9,-1.0,-3.1,55,59,67,69,14.5,0,0,0,0,0,0,2361104850.4785614,141553046.0,0.0001,,3159842,3856580,0,52.4,19.4,2026-08-11
1320,HROW,Healthcare,Drug Manufacturers - Specialty & Generic,NASDAQ,546879,40.7,95.63,-3,-40,-25.8,35.8,40.3,-0.3,-3.6,-2.0,-4.1,55,58,21,87,22.6,0,0,0,0,0,0,1507405275.8904305,37275107.0,0.2044,-0.076,388168,668629,0,47.2,15.6,2026-08-11
1321,XIFR,Utilities,Utilities - Renewable,NYSE,1091442,11.38,95.58,-19,-22,-14.11,29.7,64.7,-1.1,-4.3,-4.3,7.9,55,74,71,65,23.8,0,0,0,0,0,0,1078791960.4301453,94300000.0,0.048499998,0.061,1321487,1019959,0,58.5,27.2,2026-08-11
1322,PCG,Utilities,Utilities - Regulated Electric,NYSE,20735785,17.04,95.56,-5,-23,-11.06,19.8,61.2,-0.4,-1.1,1.0,3.4,55,60,42,62,23.5,0,0,0,0,0,0,38453324162.43288,2202366906.0,0.0,0.001,28795667,20470025,0,46.9,19.7,2026-08-11
1323,EVRG,Utilities,Utilities - Regulated Electric,NASDAQ,2048055,82.09,95.53,-14,-16,-7.37,15.9,64.9,-1.3,-2.9,-2.9,2.3,55,69,67,68,21.4,0,0,0,0,0,0,19224690168.08835,230567172.0,0.0938,0.044,2017266,2089825,0,56.3,24.2,2026-08-11
1324,MUX,Basic Materials,Other Precious Metals & Mining,NYSE,868033,19.19,95.53,18,75,-35.39,93.7,48.3,4.2,7.6,4.2,-8.5,55,37,94,97,75.5,0,0,0,0,0,0,1177470914.3090096,61358566.0,0.2387,0.268,881779,1138873,2,75.9,-37.0,2026-08-11
1325,GBCI,Financial Services,Banks - Regional,NYSE,1224658,48.76,95.52,-7,-26,-10.66,22.2,62.3,-0.5,-2.7,-1.8,4.3,55,62,43,67,19.7,0,0,0,0,0,0,6347832708.75,130211953.0,0.0705,0.415,1111504,1244738,0,47.9,22.0,2026-08-11
1326,ABT,Healthcare,Medical Devices,NYSE,11560042,108.62,95.5,34,27,-21.0,32.9,50.2,2.4,5.6,14.1,2.0,55,21,14,27,2.9,0,0,0,0,0,0,186552618917.1914,1730383296.0,0.0161,0.13,8942856,12843719,0,16.2,8.5,2026-08-11
1327,BX,Financial Services,Asset Management,NYSE,4858950,141.66,95.39,28,26,-25.48,44.1,52.0,8.8,12.0,18.4,12.2,55,27,25,28,4.5,0,0,0,0,0,0,109695032724.20056,799934579.0,0.031600002,0.286,5060391,5271734,0,21.1,11.2,2026-08-11
1328,FN,Technology,Electronic Components,NYSE,790088,527.07,95.39,-1,37,-29.62,89.8,53.0,6.1,7.0,-2.4,-1.6,55,56,94,92,59.0,0,0,0,0,0,0,20149929356.149902,35829740.0,0.0738,0.393,840375,996517,2,75.2,-12.5,2026-08-11
1329,USAS,Basic Materials,Other Industrial Metals & Mining,NYSE ARCA,4093783,5.13,95.38,23,87,-51.14,136.3,37.7,15.1,22.0,9.5,-10.4,55,32,96,99,76.0,0,0,0,1,0,1,1691089440.1274128,337542787.0,0.038399998,1.879,4881049,4147693,2,75.8,-41.8,2026-08-11
1330,BRO,Financial Services,Insurance Brokers,NYSE,2676595,71.6,95.36,29,15,-27.16,31.4,40.1,-0.2,2.1,9.3,1.7,55,26,12,19,2.0,0,0,0,0,0,0,23901217902.624977,334610357.0,0.0756,0.324,2715765,2955173,0,14.8,14.8,2026-08-11
1331,USA,Financial Services,Asset Management,NYSE,1633310,6.03,95.31,11,6,-9.32,12.0,53.3,2.2,3.6,4.1,1.9,55,44,39,37,6.4,0,0,0,0,0,0,1852398382.0758116,308219353.0,0.0001,-0.098,1423381,1575808,0,31.6,20.7,2026-08-11
1332,ACGL,Financial Services,Insurance - Diversified,NASDAQ,1770693,98.25,95.29,-7,-29,-8.25,16.0,62.2,-1.8,-2.5,1.0,3.3,55,62,40,57,18.5,0,0,0,0,0,0,33604245473.96352,341229126.0,0.0304,-0.105,1760569,2090905,0,44.4,24.9,2026-08-11
1333,RILY,Financial Services,Financial Conglomerates,NASDAQ,633436,7.27,95.29,-14,6,-35.32,95.4,51.0,0.6,2.8,-7.0,2.6,55,69,89,87,47.7,0,0,0,0,0,0,288634233.9992547,40199755.0,0.1681,0.104,671010,827824,0,73.2,5.1,2026-08-11
1334,SYK,Healthcare,Medical Devices,NYSE,2465181,345.81,95.26,24,16,-12.86,23.2,58.7,2.1,4.6,8.4,1.8,55,31,23,38,6.0,0,0,0,0,0,0,130042769317.15118,383573046.0,0.0191,0.094,2504914,2599836,0,24.5,11.9,2026-08-11
1335,WWW,Consumer Cyclical,Footwear & Accessories,NYSE,787061,18.92,95.25,20,10,-42.32,24.2,20.0,-6.1,-5.0,1.6,2.9,55,35,25,45,0.7,0,0,0,0,0,0,1552062036.1512222,81989541.0,0.1225,0.11,833174,899554,0,26.4,16.2,2026-08-11
1336,INMD,Healthcare,Medical Devices,NASDAQ,601042,15.19,95.24,3,-12,-9.26,18.7,61.7,-0.4,-0.9,4.0,5.5,55,52,37,35,15.0,0,0,0,0,0,0,880030643.4398918,57480772.0,0.059,-0.0,524827,681639,0,34.8,23.4,2026-08-11
1337,RGNX,Healthcare,Biotechnology,NASDAQ,2044523,10.42,95.22,-23,-34,-35.64,88.5,48.4,3.1,3.0,6.3,1.3,55,78,67,27,44.9,0,0,0,0,0,0,707661435.867424,66013192.0,0.17950001,4.057,1223170,2135996,0,54.2,27.9,2026-08-11
1338,ACVA,Consumer Cyclical,Auto & Truck Dealerships,NYSE,3068949,7.26,95.22,15,-10,-47.77,74.9,33.8,-5.1,-5.5,3.7,8.5,55,40,15,15,0.2,0,0,0,0,0,0,1302403315.8998852,174584894.0,0.08930001,0.118,3084367,3224837,0,17.6,27.4,2026-08-11
1339,CPT,Real Estate,REIT - Residential,NYSE,961158,109.08,95.21,-8,-30,-8.96,11.7,54.9,-2.8,-3.5,-3.9,1.4,55,63,41,43,11.2,0,0,0,0,0,0,11253369476.182177,100539350.0,0.0608,-0.008,1095976,1116497,0,39.5,32.1,2026-08-11
1340,MAIN,Financial Services,Asset Management,NYSE,648658,58.52,95.2,20,14,-13.65,18.9,52.5,4.4,6.6,11.3,4.6,55,35,29,48,5.4,0,0,0,0,0,0,5480820924.017891,92989838.0,0.1104,0.039,683046,655361,0,29.4,12.8,2026-08-11
1341,KMT,Industrials,Tools & Accessories,NYSE,1124695,31.59,95.18,-16,-8,-27.89,48.7,43.2,-9.7,-11.4,-11.6,-10.4,55,71,79,92,56.5,0,0,0,0,0,0,2524840793.791172,76210103.0,0.12550001,0.426,1664286,1204983,1,74.6,2.2,2026-08-11
1342,HTGC,Financial Services,Asset Management,NYSE,1515394,17.17,95.12,12,5,-12.71,20.0,49.3,-0.1,2.0,4.8,0.9,54,42,35,28,3.9,0,0,0,0,0,0,3228579000.0,187164000.0,0.0629,0.085,1791854,1457606,0,27.2,22.5,2026-08-11
1343,MA,Financial Services,Credit Services,NYSE,3204062,563.17,95.1,13,1,-6.41,19.1,70.6,-1.3,1.0,7.1,6.3,54,41,29,32,8.3,0,0,0,0,0,0,493149806416.4807,876009940.0,0.0104,0.141,3374106,3686453,0,27.6,19.4,2026-08-11
1344,AAP,Consumer Cyclical,Auto Parts,NYSE,1547254,55.73,95.09,-1,-13,-14.54,36.6,55.9,-6.9,-5.1,-7.8,0.6,54,55,43,75,5.3,0,0,0,0,0,0,3487028176.372467,60329208.0,0.2895,0.012,1099264,1659516,0,44.6,22.1,2026-08-11
1345,SSNC,Technology,Software - Application,NASDAQ,1964178,79.77,95.04,26,22,-12.41,28.7,63.2,1.0,6.6,14.3,5.7,54,28,24,26,6.0,0,0,0,0,0,0,18591716120.80124,234654996.0,0.044099998,0.103,2144106,2146365,0,21.0,11.8,2026-08-11
1346,ARCC,Financial Services,Asset Management,NASDAQ,4844487,19.98,95.03,13,8,-12.21,14.4,48.1,2.9,4.2,6.2,3.4,54,41,36,33,4.9,0,0,0,0,0,0,14367637292.792389,718022845.0,0.0634,0.031,4959733,5053788,0,28.7,20.1,2026-08-11
1347,MDT,Healthcare,Medical Devices,NYSE,7415934,89.41,95.01,22,13,-15.91,23.0,53.6,4.1,6.6,10.2,1.0,54,32,23,53,8.2,0,0,0,0,0,0,111568743448.06548,1280045190.0,0.0149,0.099,7426263,9404888,0,29.0,8.6,2026-08-11
1348,WYFI,Technology,Information Technology Services,NASDAQ,2520261,23.62,95.01,-43,-54,-49.61,124.7,39.5,-1.7,-4.3,-19.2,9.4,54,97,86,54,62.3,0,0,0,0,0,0,951068107.6736604,38614216.0,0.5159,0.306,1569284,2405262,1,74.8,27.0,2026-08-11
1349,ENR,Industrials,Electrical Equipment & Parts,NYSE,1053567,21.92,95.01,12,-14,-27.63,37.9,45.8,3.1,5.6,7.7,11.1,54,42,16,31,2.3,0,0,0,0,0,0,1545675666.1904526,68483637.0,0.1017,0.012,1227492,1074338,0,22.8,24.6,2026-08-11
1350,JFR,Financial Services,Asset Management,NYSE,502211,7.81,95.0,2,-3,-8.65,9.2,49.3,1.3,1.7,2.0,1.9,54,52,47,42,5.9,0,0,0,0,0,0,1252326600.2723098,160967425.0,0.0055,0.043,512025,560021,0,36.7,25.6,2026-08-11
1351,HLT,Consumer Cyclical,Lodging,NYSE,2030260,311.0,95.0,-6,-4,-13.13,22.6,62.0,-1.1,-2.0,-5.1,2.3,54,60,62,71,28.0,0,0,0,0,0,0,71480616789.6872,225064910.0,0.025999999,0.025,2201411,2181096,0,55.2,13.6,2026-08-11
1352,WTRG,Utilities,Utilities - Regulated Water,NYSE,2117483,39.78,94.96,11,12,-6.11,10.6,67.4,0.5,1.1,4.0,3.0,54,43,44,53,11.7,0,0,0,0,0,0,11356664898.993752,283632983.0,0.020399999,0.031,2214241,2119286,0,37.9,13.6,2026-08-11
1353,FE,Utilities,Utilities - Regulated Electric,NYSE,4455239,46.76,94.92,-3,-20,-10.66,9.4,44.2,-2.2,-3.4,-1.8,-1.4,54,57,40,68,16.2,0,0,0,0,0,0,27458128583.342743,578431175.0,0.0655,0.088,5655959,4598747,0,45.3,19.9,2026-08-11
1354,OCFC,Financial Services,Banks - Regional,NASDAQ,937939,19.0,94.92,-3,-12,-7.81,15.9,66.5,-2.2,-2.8,0.3,1.8,54,57,48,64,24.1,0,0,0,0,0,0,1911242514.40856,98416195.0,0.052699998,0.322,960608,1101593,0,48.3,15.9,2026-08-11
1355,ELAN,Healthcare,Drug Manufacturers - Specialty & Generic,NYSE,6562286,22.28,94.91,-23,-33,-20.37,32.9,57.8,-8.4,-9.4,-7.6,-3.5,54,77,67,90,45.7,0,0,0,0,0,0,11047825195.11477,499449583.0,0.11399999,0.102,11225428,6253171,1,69.9,14.0,2026-08-11
1356,AHRT,Real Estate,REIT - Diversified,NYSE,697203,6.74,94.82,-17,-49,-12.58,30.5,65.1,-3.1,-3.8,-3.1,3.0,54,71,39,32,7.6,0,0,0,0,0,0,516929421.7552643,74592992.0,0.057800002,-0.476,768889,832399,0,37.4,42.7,2026-08-11
1357,CVI,Energy,Oil & Gas Refining & Marketing,NYSE,971537,32.42,94.75,-10,7,-22.2,64.3,69.1,1.7,0.7,7.4,11.7,54,64,81,25,38.9,0,0,0,0,0,0,3131528120.50062,100530599.0,0.17940001,0.555,1143601,1007332,0,52.2,18.6,2026-08-11
1358,WY,Real Estate,REIT - Specialty,NYSE,5464863,25.29,94.69,20,17,-8.86,17.2,63.8,-0.4,1.8,2.8,3.5,54,34,31,60,8.8,0,0,0,0,0,0,18436426825.012207,720736000.0,0.0454,-0.009,6308639,5683495,0,33.4,7.7,2026-08-11
1359,BETA,Industrials,Aerospace & Defense,NYSE,1355354,23.76,94.65,37,36,-39.85,80.9,47.4,16.2,24.2,35.9,,54,17,16,10,,0,0,0,0,0,0,5425074059.505861,230756019.0,0.0464,0.056,1486884,1475318,0,14.3,,2026-08-11
1360,AWK,Utilities,Utilities - Regulated Water,NYSE,2260441,135.45,94.64,15,14,-8.4,12.3,59.6,0.8,1.2,4.1,3.9,54,39,38,42,6.6,0,0,0,0,0,0,26890019016.411804,198728989.0,0.0712,0.062,2716794,2374108,0,31.4,15.7,2026-08-11
1361,FSLR,Technology,Solar,NASDAQ,2316833,239.33,94.63,-6,-2,-25.43,33.8,44.0,4.6,9.8,-0.0,2.7,54,60,64,60,38.5,0,0,0,0,0,0,26872820817.371765,107469788.0,0.120299995,-0.037,3398520,2418900,0,55.6,10.4,2026-08-11
1362,SMG,Basic Materials,Agricultural Inputs,NYSE,1036854,62.27,94.63,0,-17,-17.35,18.4,45.8,-5.2,-8.3,-4.8,-0.1,54,54,37,70,13.9,0,0,0,0,0,0,3662637428.456291,58220274.0,0.1166,0.011,1267362,998928,0,43.7,18.5,2026-08-11
1363,NTST,Real Estate,REIT - Retail,NYSE,1481620,20.03,94.58,-20,-25,-10.86,16.0,53.7,-5.4,-7.3,-4.9,1.5,54,74,69,77,15.0,0,0,0,0,0,0,2012322010.772768,97260607.0,0.3973,0.269,1050620,2017884,0,58.7,29.4,2026-08-11
1364,LIN,Basic Materials,Specialty Chemicals,NASDAQ,2184757,492.46,94.53,-9,-5,-10.17,,,,,,,54,63,67,58,,0,0,0,0,0,0,225871065331.21933,460980163.0,0.014199999,0.093,2561343,2410412,0,62.7,,2026-08-11
1365,EQR,Real Estate,REIT - Residential,NYSE,2836102,65.83,94.52,-15,-25,-7.93,,,,,,,53,68,58,42,,0,0,0,0,0,0,25145930966.303284,374920696.0,0.0308,0.021,2688838,3092489,0,56.0,,2026-08-11
1366,SMA,Real Estate,REIT - Industrial,NYSE,732061,33.99,94.5,6,-7,-14.53,,,,,,,53,47,34,50,,0,0,0,0,0,0,1899583347.4826624,55365295.0,0.0834,0.114,707435,732461,0,43.7,,2026-08-11
1367,RDN,Financial Services,Insurance - Specialty,NYSE,1260841,36.5,94.48,-12,-17,-11.08,,,,,,,53,65,60,36,,0,0,0,0,0,0,4929551939.620972,133556000.0,0.0543,,1174945,1354829,0,53.7,,2026-08-11
1368,O,Real Estate,REIT - Retail,NYSE,5277496,61.89,94.48,-9,-12,-8.9,,,,,,,53,62,59,73,,0,0,0,0,0,0,59147085431.83136,946202000.0,0.048899997,0.096,5413068,5995837,0,64.7,,2026-08-11
1369,KHC,Consumer Defensive,Packaged Foods,NASDAQ,14248143,24.93,94.47,-8,-35,-11.28,,,,,,,53,61,34,32,,0,0,0,0,0,0,30025057190.67531,1185823758.0,0.1076,-0.014,17459551,14419744,0,42.3,,2026-08-11
1370,ROP,Technology,Software - Application,NASDAQ,895858,403.89,94.44,29,24,-25.88,,,,,,,53,24,19,13,,0,0,0,0,0,0,39782876566.5,98900874.0,0.0686,0.085,889706,1069315,0,18.7,,2026-08-11
1371,VERA,Healthcare,Biotechnology,NASDAQ,2367837,31.58,94.42,-18,-7,-43.66,,,,,,,53,71,82,93,,0,0,0,0,0,0,2360939668.7471924,71782904.0,0.2393,,2260482,2045758,1,82.0,,2026-08-11
1372,KMB,Consumer Defensive,Household & Personal Products,NASDAQ,3957743,108.02,94.39,-3,-33,-20.78,,,,,,,53,56,26,31,,0,0,0,0,0,0,36477268989.33507,332579038.0,0.1487,0.006,4479060,4546540,0,37.7,,2026-08-11
1373,AVY,Consumer Cyclical,Packaging & Containers,NYSE,793856,178.35,94.36,21,16,-10.62,,,,,,,53,32,27,62,,0,0,0,0,0,0,13428142444.47107,75788142.0,0.0417,0.109,996400,797296,0,40.3,,2026-08-11
1374,LBRT,Energy,Oil & Gas Equipment & Services,NYSE,5043743,21.13,94.35,-36,-30,-38.71,,,,,,,53,89,95,95,,0,0,0,0,0,0,3254036922.193619,163191416.0,0.1282,0.14,6119521,4652120,2,93.0,,2026-08-11
1375,GEHC,Healthcare,Medical Devices,NASDAQ,5378932,72.94,94.34,28,26,-18.75,,,,,,,53,25,23,55,,0,0,0,0,0,0,32417520789.759247,451686252.0,0.0463,0.058,5703968,5243223,0,34.3,,2026-08-11
1376,SE,Consumer Cyclical,Internet Retail,NYSE,4726461,114.8,94.27,19,-1,-42.4,,,,,,,53,34,14,18,,0,0,0,0,0,0,69474119517.37544,612484522.0,0.059,0.466,4339365,4264767,0,22.0,,2026-08-11
1377,APAM,Financial Services,Asset Management,NYSE,932310,42.2,94.26,20,15,-12.92,,,,,,,53,33,28,49,,0,0,0,0,0,0,3020898169.98402,70996433.0,0.0783,0.089,959940,878378,0,36.7,,2026-08-11
1378,MO,Consumer Defensive,Tobacco,NYSE,8157219,65.54,94.22,-20,-20,-14.95,,,,,,,53,73,73,70,,0,0,0,0,0,0,114126994794.27296,1669743926.0,0.0319,0.012,11212417,8511507,0,72.0,,2026-08-11
1379,ITRI,Technology,Scientific & Technical Instruments,NASDAQ,945689,102.63,94.19,33,32,-27.73,,,,,,,53,20,19,30,,0,0,0,0,0,0,4542875623.75,43786753.0,0.2,-0.072,1610779,847669,0,23.0,,2026-08-11
1380,HII,Industrials,Aerospace & Defense,NYSE,514050,330.81,94.17,27,64,-28.08,,,,,,,53,26,63,93,,0,0,0,0,0,0,12786004391.951843,39404598.0,0.0297,0.109,700250,537186,1,60.7,,2026-08-11
1381,ETR,Utilities,Utilities - Regulated Electric,NYSE,2742125,105.65,94.09,-19,-16,-10.81,,,,,,,53,72,75,72,,0,0,0,0,0,0,50013564098.04463,466631498.0,0.0555,0.059,2864366,3114587,0,73.0,,2026-08-11
1382,CLX,Consumer Defensive,Household & Personal Products,NYSE,2498454,107.7,94.07,26,18,-16.45,,,,,,,53,27,19,52,,0,0,0,0,0,0,12714880242.16134,120921351.0,0.1112,-0.02,3025752,2600912,0,32.7,,2026-08-11
1383,NXE,Energy,Uranium,NYSE,4623601,10.3,94.06,19,72,-26.22,,,,,,,53,34,87,93,,0,0,0,0,0,0,6993378838.052223,670506101.0,8.03,,4984223,5450596,1,71.3,,2026-08-11
1384,TTEK,Industrials,Engineering & Construction,NASDAQ,2792493,35.04,94.05,21,8,-18.78,,,,,,,53,32,19,48,,0,0,0,0,0,0,9074214176.696487,256044428.0,0.053400002,-0.039,3528119,3378245,0,33.0,,2026-08-11
1385,SCI,Consumer Cyclical,Personal Services,NYSE,1207554,83.4,94.05,14,15,-8.34,,,,,,,53,39,40,47,,0,0,0,0,0,0,11586148102.02024,136291587.0,0.0612,0.036,1330353,1543560,0,42.0,,2026-08-11
1386,AES,Utilities,Utilities - Diversified,NYSE,7951930,14.73,94.04,-6,-11,-16.54,,,,,,,53,59,54,83,,0,0,0,0,0,0,10504812786.032309,713157713.0,0.0323,0.199,7167760,8041566,0,65.3,,2026-08-11
1387,NXT,Technology,Solar,NASDAQ,3112309,102.91,94.03,-14,11,-36.92,,,,,,,53,67,92,94,,0,0,0,0,0,0,15667590559.329224,151729520.0,0.0654,0.082,3606469,3333951,2,84.3,,2026-08-11
1388,ITUB,Financial Services,Banks - Regional,NYSE,19194392,7.88,94.03,-19,-30,-17.92,,,,,,,53,72,61,89,,0,0,0,0,0,0,87513668614.1566,11021872542.0,0.005,0.175,17160837,20935113,0,74.0,,2026-08-11
1389,STE,Healthcare,Medical Devices,NYSE,766429,238.91,93.98,20,13,-11.33,,,,,,,53,33,26,42,,0,0,0,0,0,0,23143275388.56689,97457680.0,0.0251,0.073,881769,819227,0,33.7,,2026-08-11
1390,KRC,Real Estate,REIT - Office,NYSE,1301769,37.15,93.97,-19,-34,-17.5,,,,,,,53,72,57,28,,0,0,0,0,0,0,4416252416.338745,116308988.0,0.1017,-0.06,1354648,1464185,0,52.3,,2026-08-11
1391,HLN,Healthcare,Drug Manufacturers - Specialty & Generic,NYSE,9844761,9.93,93.94,4,-17,-11.97,,,,,,,53,49,28,65,,0,0,0,0,0,0,44170747833.37163,4403863311.0,0.0029,0.022,11920765,10160809,0,47.3,,2026-08-11
1392,TT,Industrials,Building Products & Equipment,NYSE,1224113,476.99,93.93,-11,-13,-5.71,,,,,,,52,63,61,66,,0,0,0,0,0,0,106119377961.70404,220023177.0,0.0191,0.106,1557191,1354926,0,63.3,,2026-08-11
1393,BLK,Financial Services,Asset Management,NYSE,777542,1131.4,93.93,15,34,-7.26,,,,,,,52,37,56,51,,0,0,0,0,0,0,175991879503.60266,154869259.0,0.0138,0.306,724727,821873,0,48.0,,2026-08-11
1394,APG,Industrials,Engineering & Construction,NYSE,2865109,42.32,93.9,-1,15,-15.34,,,,,,,52,53,69,84,,0,0,0,0,0,0,18029728118.379425,432160297.0,0.0312,0.133,3139468,3017083,0,68.7,,2026-08-11
1395,DOV,Industrials,Specialty Industrial Machinery,NYSE,1203756,210.1,93.86,-10,-11,-11.55,,,,,,,52,62,61,77,,0,0,0,0,0,0,28435036561.868286,134680225.0,0.028399998,0.069,1088989,1141863,0,66.7,,2026-08-11
1396,NTR,Basic Materials,Agricultural Inputs,NYSE,2649846,66.31,93.85,-2,14,-22.32,,,,,,,52,54,70,76,,0,0,0,0,0,0,30741872093.282257,477210074.0,0.0116,0.04,2775238,2809377,0,66.7,,2026-08-11
1397,ALB,Basic Materials,Specialty Chemicals,NYSE,2322716,131.21,93.82,-2,39,-40.63,,,,,,,52,54,95,95,,0,0,0,0,0,0,15471643095.29457,118005057.0,0.0007,0.311,2611110,2413406,2,81.3,,2026-08-11
1398,AGIO,Healthcare,Biotechnology,NASDAQ,1178892,32.59,93.79,-19,-60,-29.15,,,,,,,52,71,30,20,,0,0,0,0,0,0,1926579759.4693527,59701882.0,0.112399995,2.593,1404277,1203461,0,40.3,,2026-08-11
1399,ALK,Industrials,Airlines,NYSE,3053769,47.26,93.78,4,-28,-28.26,,,,,,,52,48,16,61,,0,0,0,0,0,0,5573885719.057388,111566970.0,0.1105,0.097,2421079,3204689,0,41.7,,2026-08-11
1400,DX,Real Estate,REIT - Mortgage,NYSE,5881196,12.78,93.77,-6,-3,-14.4,,,,,,,52,58,61,66,,0,0,0,0,0,0,3204212638.2565584,247429551.0,0.0471,,5383209,5357553,0,61.7,,2026-08-11
1401,ELS,Real Estate,REIT - Residential,NYSE,1570705,64.58,93.76,-3,-14,-6.41,,,,,,,52,55,44,60,,0,0,0,0,0,0,12647190864.88707,194064619.0,0.053400002,0.064,1519226,1603255,0,53.0,,2026-08-11
1402,IBN,Financial Services,Banks - Regional,NYSE,6994363,30.08,93.76,14,-2,-9.91,,,,,,,52,38,22,37,,0,0,0,0,0,0,108388212433.0708,3586638481.0,0.0139999995,0.114,6523369,7272887,0,32.3,,2026-08-11
1403,EYPT,Healthcare,Biotechnology,NASDAQ,1675774,13.07,93.75,-2,26,-31.61,,,,,,,52,54,82,93,,0,0,0,0,0,0,1197486626.4185886,86212138.0,0.2065,1.617,1951562,1510516,1,76.3,,2026-08-11
1404,MFA,Real Estate,REIT - Mortgage,NYSE,1597859,9.09,93.69,-4,0,-14.0,,,,,,,52,56,60,61,,0,0,0,0,0,0,933041621.4656144,101087938.0,0.0342,0.202,1729129,1648367,0,59.0,,2026-08-11
1405,ENSG,Healthcare,Medical Care Facilities,NASDAQ,503079,183.94,93.64,17,23,-15.62,,,,,,,52,35,41,83,,0,0,0,0,0,0,10663937020.12555,58282434.0,0.044099998,0.173,422018,861783,0,53.0,,2026-08-11
1406,FTS,Utilities,Utilities - Regulated Electric,NYSE,755976,55.39,93.62,-12,-12,-6.75,,,,,,,52,64,64,69,,0,0,0,0,0,0,28661489220.428467,510900000.0,16.05,0.041,831900,765140,0,65.7,,2026-08-11
1407,PGR,Financial Services,Insurance - Property & Casualty,NYSE,2852349,213.95,93.6,-9,-41,-16.07,,,,,,,52,61,29,29,,0,0,0,0,0,0,125186784298.6235,581371770.0,0.0166,0.073,2166057,3278901,0,39.7,,2026-08-11
1408,CRF,Financial Services,Asset Management,NYSE ARCA,1123978,7.22,93.59,0,9,-12.48,,,,,,,52,52,61,45,,0,0,0,0,0,0,1167838277.06285,162199765.0,0.115600005,12.282,999356,1120351,0,52.7,,2026-08-11
1409,ALH,Consumer Cyclical,"Furnishings, Fixtures & Appliances",NYSE,533946,26.39,93.58,-6,-13,-6.52,,,,,,,52,58,51,32,,0,0,0,0,0,0,5515362356.955826,198608652.0,0.0813,0.096,570188,610331,0,47.0,,2026-08-11
1410,WM,Industrials,Waste Management,NYSE,1884441,226.6,93.56,-4,-21,-8.68,,,,,,,52,56,39,57,,0,0,0,0,0,0,91007150165.51855,399715184.0,0.0156,0.04,2312954,2178330,0,50.7,,2026-08-11
1411,FTAI,Industrials,Aerospace & Defense,NASDAQ,1591229,215.0,93.55,-13,11,-33.54,,,,,,,52,65,89,96,,0,0,0,0,0,0,22209381922.0269,102707091.0,0.10569999,0.409,2203667,1373813,1,83.3,,2026-08-11
1412,SONO,Technology,Consumer Electronics,NASDAQ,2151608,15.44,93.54,-8,-20,-22.1,,,,,,,52,60,48,63,,0,0,0,0,0,0,1850117872.1730144,118293979.0,0.15640001,0.088,2315014,2122194,0,57.0,,2026-08-11
1413,ARCO,Consumer Cyclical,Restaurants,NYSE,1269530,8.07,93.53,-6,2,-17.23,,,,,,,52,58,66,63,,0,0,0,0,0,0,1735863541.4630527,210663057.0,0.0322,0.129,968080,1248730,0,62.3,,2026-08-11
1414,NPKI,Industrials,Building Products & Equipment,NYSE,906913,13.53,93.51,-23,-15,-18.0,,,,,,,52,75,83,90,,0,0,0,0,0,0,1144585332.2513351,84909894.0,0.03,0.196,1046629,1049135,1,82.7,,2026-08-11
1415,IDA,Utilities,Utilities - Regulated Electric,NYSE,547195,139.69,93.49,-16,-18,-9.83,,,,,,,52,68,66,72,,0,0,0,0,0,0,8204315167.296112,57842043.0,0.1042,0.042,481035,575115,0,68.7,,2026-08-11
1416,REG,Real Estate,REIT - Retail,NASDAQ,1393032,76.11,93.47,-13,-18,-9.02,,,,,,,51,64,59,61,,0,0,0,0,0,0,14122257087.595604,183120547.0,0.044899996,0.089,1638227,1541095,0,61.3,,2026-08-11
1417,KYIV,Communication Services,Telecom Services,NASDAQ,603794,13.18,93.46,-30,-40,-20.36,,,,,,,51,81,71,53,,0,0,0,0,0,0,3089222915.542534,230883624.0,0.0559,0.194,540113,592828,0,68.3,,2026-08-11
1418,DAKT,Technology,Electronic Components,NASDAQ,515521,21.28,93.39,-4,-11,-24.73,,,,,,,51,55,48,91,,0,0,0,0,0,0,1035193865.9217682,48305826.0,0.0579,0.209,431623,513458,1,64.7,,2026-08-11
1419,PFN,Financial Services,Asset Management,NYSE,573254,7.17,93.38,-1,-9,-6.52,,,,,,,51,52,44,52,,0,0,0,0,0,0,703018759.9338865,98600105.0,1.34,-0.034,314654,480810,0,49.3,,2026-08-11
1420,KLC,Consumer Defensive,Education & Training Services,NYSE,570254,5.03,93.36,-21,-80,-49.29,,,,,,,51,72,13,15,,0,0,0,0,0,0,612274314.8653622,118428299.0,0.1339,0.006,450393,622472,0,33.3,,2026-08-11
1421,NOG,Energy,Oil & Gas E&P,NYSE,3141543,23.49,93.31,28,41,-24.64,,,,,,,51,23,36,49,,0,0,0,0,0,0,2349737767.897861,108784154.0,0.21069999,0.16,2460559,3188901,0,36.0,,2026-08-11
1422,ZWS,Industrials,Pollution & Treatment Controls,NYSE,1005741,51.06,93.27,0,8,-7.16,,,,,,,51,51,59,75,,0,0,0,0,0,0,8528731564.033768,165864097.0,0.0461,0.105,1098643,1022546,0,61.7,,2026-08-11
1423,KBH,Consumer Cyclical,Residential Construction,NYSE,1039693,56.52,93.26,10,-12,-17.74,,,,,,,51,41,19,60,,0,0,0,0,0,0,3591567009.3536377,61300000.0,0.2016,-0.273,978361,1282708,0,40.0,,2026-08-11
1424,SPOT,Communication Services,Internet Content & Information,NYSE,1852185,511.82,93.23,27,23,-31.6,,,,,,,51,24,20,17,,0,0,0,0,0,0,100371379588.5526,205620061.0,0.041500002,0.139,2519837,1897803,0,20.3,,2026-08-11
1425,GDYN,Technology,Information Technology Services,NASDAQ,2362349,7.66,93.22,29,26,-24.98,,,,,,,51,22,19,14,,0,0,0,0,0,0,614941751.7905102,81126881.0,0.0971,0.07,2683667,2372799,0,18.3,,2026-08-11
1426,UDR,Real Estate,REIT - Residential,NYSE,3256246,37.66,93.18,-15,-34,-10.33,,,,,,,51,66,47,45,,0,0,0,0,0,0,12339758717.99897,321264222.0,0.047199998,-0.001,4173558,4405453,0,52.7,,2026-08-11
1427,FBIN,Industrials,Building Products & Equipment,NYSE,2807895,47.99,93.17,-6,-53,-25.99,,,,,,,51,57,10,36,,0,0,0,0,0,0,6057719569.638153,119293417.0,0.097399995,-0.041,2916216,2620731,0,34.3,,2026-08-11
1428,DUOT,Technology,Software - Application,NASDAQ,737173,8.9,93.1,-13,-21,-41.75,,,,,,,51,64,56,63,,0,0,0,0,0,0,290257923.85009,31413196.0,0.1901,-0.45,783741,756094,0,61.0,,2026-08-11
1429,UPBD,Technology,Software - Application,NASDAQ,1084090,19.22,93.1,-7,-38,-31.43,,,,,,,51,58,27,37,,0,0,0,0,0,0,1156077196.7021084,58299405.0,0.1276,0.005,1406192,1071256,0,40.7,,2026-08-11
1430,CLM,Financial Services,Asset Management,NYSE ARCA,1625124,7.51,93.09,-2,7,-11.96,,,,,,,51,53,62,54,,0,0,0,0,0,0,2249311028.4741087,297921983.0,21.99,1.473,1594522,1635724,0,56.3,,2026-08-11
1431,GAB,Financial Services,Asset Management,NYSE,840487,5.74,93.08,1,-9,-8.99,,,,,,,51,50,40,66,,0,0,0,0,0,0,1786268998.2527275,311196702.0,0.01,0.194,724211,1003522,0,52.0,,2026-08-11
1432,FOXF,Consumer Cyclical,Auto Parts,NASDAQ,621668,21.03,93.06,25,20,-31.6,,,,,,,51,26,21,36,,0,0,0,0,0,0,886110455.0957966,41936133.0,0.115100004,-0.045,766896,608177,0,27.7,,2026-08-11
1433,ENB,Energy,Oil & Gas Midstream,NYSE,4139936,51.39,93.05,-18,-16,-12.08,,,,,,,51,69,71,65,,0,0,0,0,0,0,111999902235.4,2184085509.0,0.0105,0.971,5228930,4017320,0,68.3,,2026-08-11
1434,POR,Utilities,Utilities - Regulated Electric,NYSE,1082504,48.11,93.05,-17,-30,-11.92,,,,,,,51,68,55,72,,0,0,0,0,0,0,5768659557.272415,117607740.0,0.0775,0.009,1186842,1188366,0,65.0,,2026-08-11
1435,TRU,Financial Services,Financial Data & Stock Exchanges,NYSE,2360387,79.14,93.01,15,3,-17.14,,,,,,,51,36,24,27,,0,0,0,0,0,0,15331831356.811523,191600000.0,0.056700002,0.149,2361062,2516408,0,29.0,,2026-08-11
1436,REZI,Industrials,Industrial Distribution,NYSE,2305313,24.21,92.94,2,-4,-23.18,,,,,,,51,49,43,83,,0,0,0,0,0,0,3949196849.247093,151426260.0,0.0469,0.08,1945427,2157595,0,58.3,,2026-08-11
1437,TKO,Communication Services,Entertainment,NYSE,1219934,189.42,92.93,15,21,-16.53,,,,,,,51,36,42,71,,0,0,0,0,0,0,13639606264.386108,73111098.0,0.1216,0.182,1161253,1365722,0,49.7,,2026-08-11
1438,AXP,Financial Services,Credit Services,NYSE,2967331,338.86,92.92,-7,-31,-12.55,,,,,,,51,58,34,55,,0,0,0,0,0,0,230219877641.08847,675309833.0,0.022,0.128,2580594,3084806,0,49.0,,2026-08-11
1439,NOMD,Consumer Defensive,Packaged Foods,NYSE,1311976,11.65,92.87,6,-25,-28.04,,,,,,,50,44,13,29,,0,0,0,0,0,0,1676096084.3143406,139791169.0,0.0235,-0.059,1248500,1269132,0,28.7,,2026-08-11
1440,ED,Utilities,Utilities - Regulated Electric,NYSE,2168224,106.3,92.85,-10,-17,-8.54,,,,,,,50,60,53,66,,0,0,0,0,0,0,39934097032.83016,369828633.0,0.048299998,0.132,2360933,2429314,0,59.7,,2026-08-11
1441,GVA,Industrials,Engineering & Construction,NYSE,999843,125.97,92.85,-4,23,-22.28,,,,,,,50,54,81,82,,0,0,0,0,0,0,5615862243.740845,43764510.0,0.14829999,0.293,1340110,989768,0,72.3,,2026-08-11
1442,MDLZ,Consumer Defensive,Confectioners,NASDAQ,9452355,61.53,92.84,1,2,-7.68,,,,,,,50,49,50,44,,0,0,0,0,0,0,80369312632.73764,1283649766.0,0.0295,0.041,10287896,9559871,0,47.7,,2026-08-11
1443,CNX,Energy,Oil & Gas E&P,NYSE,1746985,35.97,92.81,20,37,-17.54,,,,,,,50,30,47,74,,0,0,0,0,0,0,5198739313.88237,147943637.0,0.1427,-0.181,1691836,1881825,0,50.3,,2026-08-11
1444,HLMN,Industrials,Tools & Accessories,NASDAQ,1379932,9.08,92.81,21,13,-16.31,,,,,,,50,29,21,44,,0,0,0,0,0,0,1793704942.7291193,194544999.0,0.024400001,0.098,1796657,1662093,0,31.3,,2026-08-11
1445,AS,Consumer Cyclical,Leisure,NYSE,3846381,36.17,92.81,15,14,-15.41,,,,,,,50,35,34,77,,0,0,0,0,0,0,21434323452.938995,581822024.0,0.0913,0.321,4092315,3911019,0,48.7,,2026-08-11
1446,CTVA,Basic Materials,Agricultural Inputs,NYSE,4196459,76.47,92.8,-22,-21,-15.94,,,,,,,50,72,73,64,,0,0,0,0,0,0,51260669901.67236,667196000.0,0.0313,-0.012,6084567,4418851,0,69.7,,2026-08-11
1447,HIMS,Healthcare,Drug Manufacturers - Specialty & Generic,NYSE,14387753,31.77,92.77,-16,-51,-51.35,,,,,,,50,66,31,4,,0,0,0,0,0,0,7311748620.367641,231457695.0,0.3194,0.038,13923609,16364633,0,33.7,,2026-08-11
1448,NAD,Financial Services,Asset Management,NYSE,578595,11.84,92.75,-5,-4,-3.82,,,,,,,50,55,56,58,,0,0,0,0,0,0,2779138562.877391,233737467.0,0.0023999999,-0.006,569107,580605,0,56.3,,2026-08-11
1449,VLTO,Industrials,Pollution & Treatment Controls,NYSE,1795461,97.11,92.65,15,8,-11.81,,,,,,,50,35,28,31,,0,0,0,0,0,0,23974636556.16211,243793344.0,0.0327,0.075,1779205,2156719,0,31.3,,2026-08-11
1450,AWI,Industrials,Building Products & Equipment,NYSE,550768,183.35,92.65,25,26,-11.03,,,,,,,50,25,26,66,,0,0,0,0,0,0,7840599660.086273,42262826.0,0.0519,0.112,641716,505047,0,39.0,,2026-08-11
1451,QSR,Consumer Cyclical,Restaurants,NYSE,2682564,72.86,92.65,-9,3,-11.1,,,,,,,50,59,71,48,,0,0,0,0,0,0,25769733209.98497,348758065.0,0.063,0.046,2503393,3108300,0,59.3,,2026-08-11
1452,GBDC,Financial Services,Asset Management,NASDAQ,1137733,13.13,92.62,6,9,-12.06,,,,,,,50,44,47,28,,0,0,0,0,0,0,3419611446.939844,259651589.0,0.0513,-0.14,1245879,1152113,0,39.7,,2026-08-11
1453,MGY,Energy,Oil & Gas E&P,NYSE,5721814,26.01,92.62,-6,12,-20.6,,,,,,,50,56,74,65,,0,0,0,0,0,0,5943172269.280731,236968592.0,0.1555,0.501,4479733,4666418,0,65.0,,2026-08-11
1454,WPC,Real Estate,REIT - Diversified,NYSE,1445031,70.66,92.6,-13,-9,-8.5,,,,,,,50,63,67,72,,0,0,0,0,0,0,16358838138.139954,227807251.0,0.0514,0.184,1381003,1579032,0,67.3,,2026-08-11
1455,CVNA,Consumer Cyclical,Auto & Truck Dealerships,NYSE,10373575,74.16,92.6,23,54,-23.84,,,,,,,50,27,58,62,,0,0,0,0,0,0,77901344572.258,1099525000.0,0.1427,0.524,13154107,11035587,0,49.0,,2026-08-11
1456,WRB,Financial Services,Insurance - Property & Casualty,NYSE,1959812,70.82,92.58,-9,-36,-10.31,,,,,,,50,59,32,46,,0,0,0,0,0,0,26579890509.951744,371227529.0,0.0002,0.012,1830767,2190177,0,45.7,,2026-08-11
1457,VNOM,Energy,Oil & Gas Midstream,NASDAQ,1704532,42.37,92.57,-12,0,-17.13,,,,,,,50,62,74,61,,0,0,0,0,0,0,14695411705.115135,360005189.0,0.044299997,1.152,1861998,1855373,0,65.7,,2026-08-11
1458,RYAN,Financial Services,Insurance - Specialty,NYSE,2259040,42.45,92.55,19,-4,-30.47,,,,,,,50,31,8,14,,0,0,0,0,0,0,10959105428.434238,255814785.0,0.14850001,0.074,2761831,2481054,0,17.7,,2026-08-11
1459,AMX,Communication Services,Telecom Services,NYSE,1965890,23.89,92.55,-23,-16,-16.06,,,,,,,50,73,80,79,,0,0,0,0,0,0,71241687500.0,2999650000.0,0.0049,0.031,2716451,1677672,0,77.3,,2026-08-11
1460,AVO,Consumer Defensive,Food Distribution,NASDAQ,1068454,13.15,92.54,2,-5,-15.33,,,,,,,50,48,41,72,,0,0,0,0,0,0,1166583590.3433208,88377546.0,0.0874,-0.235,891334,1465064,0,53.7,,2026-08-11
1461,AXS,Financial Services,Insurance - Specialty,NYSE,746345,101.79,92.52,-20,-51,-15.17,,,,,,,50,70,39,55,,0,0,0,0,0,0,7629617536.150177,73723236.0,0.0277,0.074,921827,745089,0,54.7,,2026-08-11
1462,EXLS,Technology,Information Technology Services,NASDAQ,2687883,35.07,92.52,30,27,-22.2,,,,,,,50,20,17,16,,0,0,0,0,0,0,5289759997.573074,151612499.0,0.0917,0.156,3458580,2790326,0,17.7,,2026-08-11
1463,AEM,Basic Materials,Gold,NYSE,2779245,180.48,92.5,26,81,-29.29,,,,,,,50,24,79,92,,0,0,0,0,0,0,90548168689.20705,506364864.0,0.0087,0.35,3229296,2941993,1,65.0,,2026-08-11
1464,UMH,Real Estate,REIT - Residential,NYSE,514011,15.68,92.42,1,-8,-5.83,,,,,,,49,48,39,50,,0,0,0,0,0,0,1354142468.011675,85166195.0,0.0002,0.077,611313,603198,0,45.7,,2026-08-11
1465,VKTX,Healthcare,Biotechnology,NASDAQ,2184004,34.44,92.4,-18,-49,-20.19,,,,,,,49,67,36,27,,0,0,0,0,0,0,3996529425.821919,116652937.0,0.20979999,,2017293,2389258,0,43.3,,2026-08-11
1466,PINS,Communication Services,Internet Content & Information,NYSE,11799027,24.37,92.38,16,3,-36.82,,,,,,,49,33,20,8,,0,0,0,0,0,0,13410292652.18502,566313027.0,0.1593,0.182,14510231,16468294,0,20.3,,2026-08-11
1467,ALC,Healthcare,Medical Instruments & Supplies,NYSE,2243337,73.63,92.34,23,16,-18.56,,,,,,,49,26,19,35,,0,0,0,0,0,0,35021735809.32617,487700000.0,6.05,0.094,2337033,2087742,0,26.7,,2026-08-11
1468,ALV,Consumer Cyclical,Auto Parts,NYSE,720326,121.74,92.29,-7,-8,-7.89,,,,,,,49,56,55,65,,0,0,0,0,0,0,8997924525.32045,73237217.0,0.054,0.033,565468,735555,0,58.7,,2026-08-11
1469,BHF,Financial Services,Insurance - Life,NASDAQ,632816,60.09,92.29,-24,-44,-10.04,,,,,,,49,73,53,58,,0,0,0,0,0,0,3496702986.52216,57511563.0,0.1062,0.886,846199,589469,0,61.3,,2026-08-11
1470,FUL,Basic Materials,Specialty Chemicals,NYSE,776203,61.25,92.25,20,29,-10.75,,,,,,,49,29,38,67,,0,0,0,0,0,0,3284797173.355385,53787411.0,0.060599998,0.058,680460,816580,0,44.7,,2026-08-11
1471,IRT,Real Estate,REIT - Residential,NYSE,2791403,16.73,92.23,-6,-21,-7.98,,,,,,,49,55,40,33,,0,0,0,0,0,0,4068435465.270809,235714682.0,0.059,0.03,3576689,3060845,0,42.7,,2026-08-11
1472,NRDS,Communication Services,Internet Content & Information,NASDAQ,683729,9.8,92.19,24,15,-39.66,,,,,,,49,25,16,21,,0,0,0,0,0,0,652065929.4899025,65798783.0,0.1338,0.056,849589,751129,0,20.7,,2026-08-11
1473,AVB,Real Estate,REIT - Residential,NYSE,776702,183.84,92.17,-13,-22,-7.45,,,,,,,49,62,53,33,,0,0,0,0,0,0,26781758396.4348,142797963.0,0.031,0.023,615097,983837,0,49.3,,2026-08-11
1474,EMA,Utilities,Utilities - Regulated Electric,NYSE,548846,50.73,92.06,-13,-9,-8.58,,,,,,,49,62,66,67,,0,0,0,0,0,0,15609362906.26526,307150000.0,15.09,0.012,807489,523321,0,65.0,,2026-08-11
1475,NMZ,Financial Services,Asset Management,NYSE,632028,10.23,92.04,-3,-5,-5.01,,,,,,,49,52,50,51,,0,0,0,0,0,0,2216133768.8443737,215367714.0,0.0008,-0.013,675155,662929,0,51.0,,2026-08-11
1476,OGE,Utilities,Utilities - Regulated Electric,NYSE,1383423,46.18,92.02,-13,-15,-8.72,,,,,,,48,61,59,57,,0,0,0,0,0,0,9703720667.890669,206374321.0,0.059299998,-0.04,1465619,1414969,0,59.0,,2026-08-11
1477,NEA,Financial Services,Asset Management,NYSE,746619,11.4,92.01,-6,-3,-4.2,,,,,,,48,54,57,58,,0,0,0,0,0,0,3418049374.020355,299041932.0,0.0043,-0.014,745057,744567,0,56.3,,2026-08-11
1478,AEE,Utilities,Utilities - Regulated Electric,NYSE,1636158,107.0,91.98,-15,-19,-9.57,,,,,,,48,63,59,61,,0,0,0,0,0,0,30131618425.00973,276843251.0,0.056599997,-0.062,1707926,1754417,0,61.0,,2026-08-11
1479,AIG,Financial Services,Insurance - Diversified,NYSE,3420951,77.61,91.97,0,-11,-11.09,,,,,,,48,48,37,46,,0,0,0,0,0,0,41335865359.49707,524700000.0,0.020399999,0.006,3130095,3960859,0,43.7,,2026-08-11
1480,TIC,Industrials,Specialty Business Services,NYSE,2206301,10.33,91.91,30,41,-30.88,,,,,,,48,18,29,30,,0,0,0,0,0,0,2195296872.928905,218220356.0,0.10560001,0.861,2590483,2122818,0,25.7,,2026-08-11
1481,OBDC,Financial Services,Asset Management,NYSE,4027799,11.55,91.9,13,11,-20.01,,,,,,,48,35,33,30,,0,0,0,0,0,0,5740179672.467065,493142569.0,0.04,-0.174,5352719,3945391,0,32.7,,2026-08-11
1482,BLKB,Technology,Software - Application,NASDAQ,720114,45.96,91.88,36,32,-35.0,,,,,,,48,12,8,18,,0,0,0,0,0,0,2082043700.908146,45390097.0,0.16520001,0.03,891682,874272,0,12.7,,2026-08-11
1483,DEC,Energy,Oil & Gas Integrated,NYSE,932470,14.34,91.88,9,41,-24.13,,,,,,,48,39,71,30,,0,0,0,0,0,0,956876984.0052052,69088589.0,0.0696,0.247,893402,1077692,0,46.7,,2026-08-11
1484,TXT,Industrials,Aerospace & Defense,NYSE,1653941,89.2,91.87,7,24,-12.18,,,,,,,48,41,58,79,,0,0,0,0,0,0,15380790039.796242,171986917.0,0.043899998,0.03,2111394,1659472,0,59.3,,2026-08-11
1485,MRP,Real Estate,REIT - Residential,NYSE,1249329,28.8,91.84,12,8,-20.0,,,,,,,48,36,32,67,,0,0,0,0,0,0,4812068848.449291,166047927.0,0.0596,0.321,1170978,1548397,0,45.0,,2026-08-11
1486,BAM,Financial Services,Asset Management,NYSE,2375121,52.84,91.78,17,14,-16.62,,,,,,,48,31,28,33,,0,0,0,0,0,0,83815322653.30301,1596786435.0,0.049099997,0.608,2744685,2754133,0,30.7,,2026-08-11
1487,ARDT,Healthcare,Medical Care Facilities,NYSE,543855,11.06,91.78,14,6,-28.55,,,,,,,48,34,26,26,,0,0,0,0,0,0,1655692885.3918486,143350031.0,0.1385,-0.014,555966,611709,0,28.7,,2026-08-11
1488,PCOR,Technology,Software - Application,NYSE,3505465,58.19,91.77,32,35,-29.31,,,,,,,48,16,19,17,,0,0,0,0,0,0,8670571794.9589,151955338.0,0.1099,0.158,4870257,3371825,0,17.3,,2026-08-11
1489,MAA,Real Estate,REIT - Residential,NYSE,1094437,132.34,91.76,-4,-20,-9.61,,,,,,,48,52,36,35,,0,0,0,0,0,0,15658324095.67601,116021957.0,0.0394,0.01,1244921,1110600,0,41.0,,2026-08-11
1490,CRC,Energy,Oil & Gas E&P,NYSE,786918,53.75,91.76,6,39,-25.33,,,,,,,48,42,75,74,,0,0,0,0,0,0,4624438606.66832,88794901.0,0.0661,0.067,845476,827795,0,63.7,,2026-08-11
1491,COLM,Consumer Cyclical,Apparel Manufacturing,NASDAQ,615530,57.02,91.73,-19,-44,-17.43,,,,,,,48,67,42,55,,0,0,0,0,0,0,2936441639.085846,51193194.0,0.1456,0.015,821381,583932,0,54.7,,2026-08-11
1492,MTZ,Industrials,Engineering & Construction,NYSE,1400830,268.28,91.7,-42,-37,-39.22,,,,,,,48,90,95,91,,0,0,0,0,0,0,21879885445.880493,80304948.0,0.0681,0.234,1825042,1391114,3,92.0,,2026-08-11
1493,NZF,Financial Services,Asset Management,NYSE,554984,12.37,91.7,-6,-4,-4.99,,,,,,,48,54,56,59,,0,0,0,0,0,0,2446981853.051569,196386986.0,0.003,-0.018,625174,538360,0,56.3,,2026-08-11
1494,RQI,Financial Services,Asset Management,NYSE,800211,12.43,91.69,-5,8,-8.4,,,,,,,48,53,66,66,,0,0,0,0,0,0,1692472917.6411972,135181538.0,0.0367,-0.052,520365,861689,0,61.7,,2026-08-11
1495,KGC,Basic Materials,Gold,NYSE,7912106,27.4,91.69,16,69,-29.94,,,,,,,48,32,85,95,,0,0,0,0,0,0,32787694683.93608,1186240789.0,1.97,0.295,8892400,8663650,1,70.7,,2026-08-11
1496,MCO,Financial Services,Financial Data & Stock Exchanges,NYSE,851458,478.14,91.69,-5,-22,-12.57,,,,,,,48,53,36,26,,0,0,0,0,0,0,82737215106.0,173180984.0,0.0215,0.151,764496,974599,0,38.3,,2026-08-11
1497,SFD,Consumer Defensive,Packaged Foods,NASDAQ,1236657,24.44,91.64,-2,11,-18.0,,,,,,,47,49,62,63,,0,0,0,0,0,0,9994322330.100336,393477263.0,0.126,0.008,1201731,1245676,0,58.0,,2026-08-11
1498,GILD,Healthcare,Drug Manufacturers - General,NASDAQ,7115112,133.06,91.62,-11,-10,-15.4,,,,,,,47,58,59,84,,0,0,0,0,0,0,165174434522.4442,1239955155.0,0.020399999,0.102,8056717,8248413,0,67.0,,2026-08-11
1499,HTHT,Consumer Cyclical,Lodging,NASDAQ,1502796,43.01,91.62,10,41,-24.06,,,,,,,47,37,68,86,,0,0,0,0,0,0,13029783882.559124,307523819.0,0.048299998,0.111,1371058,1953199,0,63.7,,2026-08-11
1500,BSBR,Financial Services,Banks - Regional,NYSE,2634187,5.76,91.6,14,14,-21.31,,,,,,,47,33,33,73,,0,0,0,0,0,0,21751266981.55012,3743763717.0,3.96,0.288,4598972,2304812,0,46.3,,2026-08-11
1501,SWKS,Technology,Semiconductors,NASDAQ,5635910,68.79,91.57,14,36,-24.32,,,,,,,47,33,55,31,,0,0,0,0,0,0,10626388278.12584,150472782.0,0.3458,-0.031,6832731,5642798,0,39.7,,2026-08-11
1502,EQX,Basic Materials,Gold,NYSE ARCA,14388456,11.59,91.53,22,85,-38.87,,,,,,,47,25,88,94,,0,0,0,0,0,0,13519184649.689884,1167459822.0,3.29,1.693,20174740,15015358,1,69.0,,2026-08-11
1503,CCL,Consumer Cyclical,Travel Services,NYSE,18595413,27.75,91.49,15,11,-18.45,,,,,,,47,32,28,76,,0,0,0,0,0,0,39706127646.3222,1369649119.0,0.026500002,0.053,19362539,22046417,0,45.3,,2026-08-11
1504,RSG,Industrials,Waste Management,NYSE,1341390,214.62,91.39,0,-15,-10.06,,,,,,,47,47,32,38,,0,0,0,0,0,0,65701055812.08972,306212978.0,0.0177,0.046,1516401,1552644,0,39.0,,2026-08-11
1505,INSP,Healthcare,Medical Devices,NYSE,925322,59.72,91.38,33,26,-59.38,,,,,,,47,14,7,10,,0,0,0,0,0,0,1739248155.5886269,28910375.0,0.1976,-0.076,991378,1006883,0,10.3,,2026-08-11
1506,CGNT,Technology,Software - Infrastructure,NASDAQ,554556,9.33,91.38,-1,26,-24.21,,,,,,,47,48,75,20,,0,0,0,0,0,0,679883491.1046209,73900381.0,0.0114,0.104,530000,733530,0,47.7,,2026-08-11
1507,YUMC,Consumer Cyclical,Restaurants,NYSE,1630198,48.19,91.33,12,16,-17.47,,,,,,,46,34,38,72,,0,0,0,0,0,0,16341982413.55664,342455616.0,0.014099999,0.126,1763145,1755883,0,48.0,,2026-08-11
1508,PDO,Financial Services,Asset Management,NYSE,545283,13.11,91.32,-4,-13,-8.0,,,,,,,46,50,41,59,,0,0,0,0,0,0,1863711166.2492144,142485564.0,0.52,,586460,569624,0,50.0,,2026-08-11
1509,GGG,Industrials,Specialty Industrial Machinery,NYSE,1399715,83.38,91.31,20,22,-12.86,,,,,,,46,26,28,64,,0,0,0,0,0,0,13529622605.233154,161953824.0,0.051799998,0.033,1374656,1421923,0,39.3,,2026-08-11
1510,KDP,Consumer Defensive,Beverages - Non-Alcoholic,NASDAQ,13409461,29.3,91.3,-23,-54,-18.48,,,,,,,46,69,38,36,,0,0,0,0,0,0,40830390036.11735,1360559471.0,0.051599998,0.756,14086703,14776674,0,47.7,,2026-08-11
1511,SARO,Industrials,Aerospace & Defense,NYSE,3482630,28.33,91.21,10,6,-17.84,,,,,,,46,36,32,67,,0,0,0,0,0,0,9704857040.23919,332471972.0,0.0908,0.046,3369462,3874598,0,45.0,,2026-08-11
1512,MDU,Utilities,Utilities - Regulated Gas,NYSE,1513066,20.41,91.21,-17,-6,-11.18,,,,,,,46,63,74,65,,0,0,0,0,0,0,4322681160.316101,210349456.0,0.079,0.068,1799430,1589098,0,67.3,,2026-08-11
1513,STAA,Healthcare,Medical Instruments & Supplies,NASDAQ,949350,25.12,91.2,-28,-16,-29.97,,,,,,,46,74,86,19,,0,0,0,0,0,0,1205374576.3674543,49788295.0,0.2151,1.196,1032032,822686,0,59.7,,2026-08-11
1514,ULTA,Consumer Cyclical,Specialty Retail,NASDAQ,585240,548.66,91.12,19,23,-23.26,,,,,,,46,27,31,89,,0,0,0,0,0,0,24295410161.19373,42989311.0,0.0572,0.111,565072,753838,0,49.0,,2026-08-11
1515,BA,Industrials,Aerospace & Defense,NYSE,5889845,232.79,91.09,10,37,-8.48,,,,,,,46,36,63,73,,0,0,0,0,0,0,185278538641.18927,790370020.0,0.0002,0.08,7208257,6073423,0,57.3,,2026-08-11
1516,NVO,Healthcare,Drug Manufacturers - General,NYSE,11642992,47.73,91.02,1,-10,-25.61,,,,,,,46,45,34,28,,0,0,0,0,0,0,208924662155.11703,4420750520.0,0.0098,0.021,17175026,12545243,0,35.7,,2026-08-11
1517,HD,Consumer Cyclical,Home Improvement Retail,NYSE,3814303,350.78,91.01,12,-1,-17.8,,,,,,,46,34,21,45,,0,0,0,0,0,0,354594629584.1062,997116682.0,0.0143,0.048,3831641,4452300,0,33.3,,2026-08-11
1518,ARLO,Industrials,Building Products & Equipment,NYSE,1276107,14.73,90.95,16,22,-26.13,,,,,,,45,29,35,25,,0,0,0,0,0,0,1654127463.1923714,108609817.0,0.1377,0.205,1564421,1267250,0,29.7,,2026-08-11
1519,JEF,Financial Services,Capital Markets,NYSE,1960136,55.31,90.9,-5,-18,-22.14,,,,,,,45,50,37,30,,0,0,0,0,0,0,13053869337.763609,230552271.0,0.028299998,0.35,2108818,2194883,0,39.0,,2026-08-11
1520,DCH,Consumer Cyclical,Auto Parts,NYSE,3592727,6.64,90.89,18,41,-28.22,,,,,,,45,27,50,82,,0,0,0,0,0,0,1507278725.5629444,237366732.0,0.0988,0.924,3808531,3772870,0,53.0,,2026-08-11
1521,UGI,Utilities,Utilities - Regulated Gas,NYSE,1248333,33.99,90.89,-7,-25,-17.78,,,,,,,45,52,34,66,,0,0,0,0,0,0,7331438037.518669,214494967.0,0.073699996,-0.045,1420499,1467313,0,50.7,,2026-08-11
1522,IVR,Real Estate,REIT - Mortgage,NYSE,2722693,7.39,90.87,-13,-5,-22.21,,,,,,,45,58,66,75,,0,0,0,0,0,0,805150321.213078,107640417.0,0.0855,,2725349,2657551,0,66.3,,2026-08-11
1523,ONON,Consumer Cyclical,Footwear & Accessories,NYSE,4269056,38.78,90.87,14,4,-25.71,,,,,,,45,31,21,37,,0,0,0,0,0,0,12516531370.039593,333329737.0,0.0849,0.145,4330640,4602148,0,29.7,,2026-08-11
1524,FCPT,Real Estate,REIT - Retail,NYSE,765075,24.49,90.86,-9,-18,-8.82,,,,,,,45,54,45,42,,0,0,0,0,0,0,2754885832.468746,109756406.0,0.0427,0.069,800825,850517,0,47.0,,2026-08-11
1525,STRC,Technology,Software - Application,NASDAQ,1735928,94.35,90.85,11,37,-6.04,,,,,,,45,34,60,57,,0,0,0,0,0,0,,,0.96,0.069,1420825,2840765,0,50.3,,2026-08-11
1526,FER,Industrials,Engineering & Construction,NASDAQ,1555817,65.43,90.8,-1,20,-12.52,,,,,,,45,46,67,82,,0,0,0,0,0,0,47947203869.06315,720902155.0,0.0077,0.052,1936343,1670428,0,65.0,,2026-08-11
1527,ARI,Real Estate,REIT - Mortgage,NYSE,5925909,6.65,90.8,-5,13,-40.84,,,,,,,45,50,68,64,,0,0,0,0,0,0,885203446.7314472,130947251.0,0.044099998,0.002,2961018,4439071,0,60.7,,2026-08-11
1528,JPC,Financial Services,Asset Management,NYSE,852693,7.8,90.79,-4,0,-6.02,,,,,,,45,49,53,57,,0,0,0,0,0,0,2900500821.236877,375226496.0,0.0073,,892039,881463,0,53.0,,2026-08-11
1529,MKTX,Financial Services,Capital Markets,NASDAQ,1105114,162.5,90.77,31,36,-17.08,,,,,,,44,13,18,35,,0,0,0,0,0,0,5719900531.269928,35192891.0,0.0766,-0.005,2256243,1009694,0,22.0,,2026-08-11
1530,BGC,Financial Services,Capital Markets,NASDAQ,2717528,10.29,90.75,-17,-6,-20.17,,,,,,,44,61,72,47,,0,0,0,0,0,0,4892295343.365217,472685523.0,0.04,0.083,2689814,3252262,0,60.0,,2026-08-11
1531,RYN,Real Estate,REIT - Specialty,NYSE,2529925,21.69,90.71,6,-2,-20.67,,,,,,,44,38,30,53,,0,0,0,0,0,0,6553282264.512306,300747223.0,0.0428,2.722,3178646,2639479,0,40.3,,2026-08-11
1532,FSK,Financial Services,Asset Management,NYSE,2695002,12.19,90.71,16,5,-33.21,,,,,,,44,28,17,22,,0,0,0,0,0,0,3437672967.243004,276340280.0,0.0537,-0.271,3226057,2792921,0,22.3,,2026-08-11
1533,FRNM,Healthcare,Diagnostics & Research,NASDAQ,520670,11.62,90.69,5,3,-19.7,,,,,,,44,39,37,82,,0,0,0,0,0,0,1183002348.8764937,106098869.0,,9.716,751980,377116,0,52.7,,2026-08-11
1534,WCN,Industrials,Waste Management,NYSE,1321471,166.22,90.66,-3,-20,-12.97,,,,,,,44,47,30,29,,0,0,0,0,0,0,42019179171.94708,252049532.0,0.0139999995,0.064,1451594,1649026,0,35.3,,2026-08-11
1535,VATE,Industrials,Engineering & Construction,NYSE,645376,7.13,90.65,-48,-44,-66.53,,,,,,,44,92,96,28,,0,0,0,0,0,0,165202992.576437,13641866.0,0.077,0.742,1736029,434151,2,72.0,,2026-08-11
1536,BXSL,Financial Services,Asset Management,NYSE,1702817,24.31,90.65,7,3,-20.79,,,,,,,44,37,33,27,,0,0,0,0,0,0,5717085559.310463,232970063.0,0.0543,-0.071,1768761,1709524,0,32.3,,2026-08-11
1537,MMYT,Consumer Cyclical,Travel Services,NASDAQ,935331,60.91,90.62,13,-10,-41.67,,,,,,,44,31,8,13,,0,0,0,0,0,0,5644460148.745659,94058662.0,0.122600004,0.062,882405,1054437,0,17.3,,2026-08-11
1538,EXC,Utilities,Utilities - Regulated Electric,NASDAQ,8927962,44.5,90.62,-10,-24,-12.14,,,,,,,44,54,40,59,,0,0,0,0,0,0,46989884063.68712,1030253967.0,0.0399,0.099,9056498,9059361,0,51.0,,2026-08-11
1539,AEP,Utilities,Utilities - Regulated Electric,NASDAQ,4561456,122.84,90.58,-24,-26,-12.62,,,,,,,44,68,66,71,,0,0,0,0,0,0,68447080894.46576,544397352.0,0.060500003,0.07,4779388,5028519,0,68.3,,2026-08-11
1540,GRNT,Energy,Oil & Gas E&P,NYSE,811692,5.08,90.56,11,32,-17.33,,,,,,,43,32,53,34,,0,0,0,0,0,0,643652446.2942982,131895990.0,0.1043,0.373,747118,913407,0,39.7,,2026-08-11
1541,UA,Consumer Cyclical,Apparel Manufacturing,NYSE,2795692,5.68,90.55,-28,-70,-28.16,,,,,,,43,71,29,87,,0,0,0,0,0,0,2528106536.376482,426324892.0,7.04,-0.032,3069137,3225252,0,62.3,,2026-08-11
1542,ADC,Real Estate,REIT - Retail,NYSE,1219490,74.14,90.55,-18,-26,-9.67,,,,,,,43,61,53,61,,0,0,0,0,0,0,9406806873.682022,124379310.0,0.0002,0.168,1478321,1236444,0,58.3,,2026-08-11
1543,LEA,Consumer Cyclical,Auto Parts,NYSE,646861,120.87,90.55,-32,-31,-19.6,,,,,,,43,75,76,84,,0,0,0,0,0,0,8178043765.955933,66574764.0,0.0638,0.03,1035684,691220,0,78.3,,2026-08-11
1544,TFPM,Basic Materials,Other Precious Metals & Mining,NYSE,611864,32.0,90.54,15,66,-23.26,,,,,,,43,28,79,89,,0,0,0,0,0,0,6719818651.185024,206003031.0,2.23,0.373,557233,659292,0,65.3,,2026-08-11
1545,CLS,Technology,Electronic Components,NYSE,2677987,314.59,90.53,-39,-28,-33.64,,,,,,,43,82,93,91,,0,0,0,0,0,0,36544754849.43109,114982086.0,0.026500002,0.624,4077472,2503400,2,88.7,,2026-08-11
1546,SBGI,Communication Services,Broadcasting,NASDAQ,584232,13.76,90.53,-4,-15,-23.04,,,,,,,43,47,36,47,,0,0,0,0,0,0,1026916438.2064248,72318060.0,0.31,0.071,649938,561049,0,43.3,,2026-08-11
1547,NFG,Energy,Oil & Gas Integrated,NYSE,707937,81.82,90.5,7,10,-15.7,,,,,,,43,36,39,61,,0,0,0,0,0,0,7654932360.476387,95045099.0,0.0618,0.011,823033,720212,0,45.3,,2026-08-11
1548,PHG,Healthcare,Medical Devices,NYSE,1212176,26.94,90.49,-7,-23,-19.44,,,,,,,43,50,34,66,,0,0,0,0,0,0,26126635879.12921,977427472.0,1.87,0.005,1322860,1197300,0,50.0,,2026-08-11
1549,DKS,Consumer Cyclical,Specialty Retail,NYSE,1206793,214.1,90.45,-5,0,-12.39,,,,,,,43,48,53,37,,0,0,0,0,0,0,18691709499.31192,89502537.0,0.1458,0.627,1493150,1220034,0,46.0,,2026-08-11
1550,MIAX,Financial Services,Capital Markets,NYSE,1476400,43.59,90.44,-14,15,-23.71,,,,,,,43,57,86,62,,0,0,0,0,0,0,4280961502.8936768,96788640.0,0.0991,0.183,1377800,2056234,0,68.3,,2026-08-11
1551,SPXC,Industrials,Building Products & Equipment,NYSE,581158,212.35,90.39,-15,-26,-15.43,,,,,,,43,58,47,83,,0,0,0,0,0,0,10802517917.960203,50085860.0,0.0291,0.229,581496,773133,0,62.7,,2026-08-11
1552,LOGI,Technology,Computer Hardware,NASDAQ,1218952,104.87,90.37,-12,-2,-19.12,,,,,,,43,55,65,28,,0,0,0,0,0,0,15225215603.745668,143188332.0,0.096099995,0.069,1479876,1181635,0,49.3,,2026-08-11
1553,PPTA,Basic Materials,Other Precious Metals & Mining,NASDAQ,1198375,24.89,90.36,23,93,-33.4,,,,,,,43,20,90,95,,0,0,0,0,0,0,3092336028.264421,125094503.0,0.1278,,1440437,1598069,2,68.3,,2026-08-11
1554,BZ,Communication Services,Internet Content & Information,NASDAQ,3011316,17.46,90.33,16,9,-30.88,,,,,,,42,26,19,30,,0,0,0,0,0,0,7360225700.897169,446886825.0,0.0502,0.076,3003260,3423932,0,25.0,,2026-08-11
1555,EXPO,Industrials,Engineering & Construction,NASDAQ,544642,67.52,90.26,10,-3,-17.61,,,,,,,42,32,19,32,,0,0,0,0,0,0,3240091745.323723,48511629.0,0.0801,0.12,574666,604617,0,27.7,,2026-08-11
1556,SFM,Consumer Defensive,Grocery Stores,NASDAQ,2127720,85.33,90.2,15,27,-43.95,,,,,,,42,27,39,11,,0,0,0,0,0,0,8006241139.413834,93247625.0,0.1513,0.047,2233302,2154428,0,25.7,,2026-08-11
1557,HAYW,Industrials,Electrical Equipment & Parts,NYSE,3187209,15.43,90.18,-7,-30,-12.97,,,,,,,42,49,26,58,,0,0,0,0,0,0,3355731722.506241,212119582.0,0.0584,0.063,3479567,2865945,0,44.3,,2026-08-11
1558,LSPD,Technology,Software - Application,NYSE,879703,10.49,90.15,2,-13,-23.51,,,,,,,42,40,25,19,,0,0,0,0,0,0,1352473737.252388,129299592.0,0.0456,0.058,1048970,1144502,0,28.0,,2026-08-11
1559,UAA,Consumer Cyclical,Apparel Manufacturing,NYSE,8113263,5.87,90.14,-27,-68,-27.98,,,,,,,42,69,28,86,,0,0,0,0,0,0,2604845147.040514,426324892.0,0.3759,-0.032,8959030,8346358,0,61.0,,2026-08-11
1560,AKR,Real Estate,REIT - Retail,NYSE,1401824,20.26,90.11,-19,-18,-12.03,,,,,,,41,60,61,46,,0,0,0,0,0,0,2835920656.911724,137332722.0,0.2848,0.134,1508824,1630748,0,55.7,,2026-08-11
1561,LNT,Utilities,Utilities - Regulated Electric,NASDAQ,2460100,68.21,90.06,-28,-32,-13.45,,,,,,,41,69,65,63,,0,0,0,0,0,0,17986580281.776695,259284699.0,0.124,0.01,2789120,2541054,0,65.7,,2026-08-11
1562,RITM,Real Estate,REIT - Mortgage,NYSE,6267535,10.11,90.04,13,12,-20.64,,,,,,,41,28,27,35,,0,0,0,0,0,0,5690167411.573085,558407031.0,0.0747,0.097,7314857,5808413,0,30.0,,2026-08-11
1563,DECK,Consumer Cyclical,Footwear & Accessories,NYSE,2195121,97.44,90.02,-10,-33,-22.33,,,,,,,41,51,28,63,,0,0,0,0,0,0,13272283658.541786,136181857.0,0.0614,0.057,1953675,2173693,0,47.3,,2026-08-11
1564,GNTX,Consumer Cyclical,Auto Parts,NASDAQ,2641182,23.85,90.01,-9,-24,-18.82,,,,,,,41,50,35,49,,0,0,0,0,0,0,5073254594.406137,210683331.0,0.070199996,-0.01,2368748,2646639,0,44.7,,2026-08-11
1565,FND,Consumer Cyclical,Home Improvement Retail,NYSE,2550439,59.17,89.98,13,-5,-35.97,,,,,,,41,28,10,34,,0,0,0,0,0,0,6675855759.608288,106489965.0,0.14899999,0.03,3143459,2630245,0,24.0,,2026-08-11
1566,APLD,Technology,Information Technology Services,NASDAQ,19667561,29.06,89.98,-46,-35,-42.71,,,,,,,41,87,98,98,,0,0,1,1,0,2,8411958681.986017,287883603.0,0.2633,4.066,21838045,20225077,2,94.3,,2026-08-11
1567,LUNR,Industrials,Aerospace & Defense,NASDAQ,9849719,15.78,89.97,9,75,-66.25,,,,,,,41,32,98,88,,0,0,1,0,0,1,2631417806.3923016,160452309.0,0.288,1.987,10016258,11631983,1,72.7,,2026-08-11
1568,NGG,Utilities,Utilities - Regulated Electric,NYSE,807739,79.48,89.97,-18,-10,-16.02,,,,,,,41,59,67,82,,0,0,0,0,0,0,81313520266.45609,1005360077.0,0.0008,0.02,755309,982931,0,69.3,,2026-08-11
1569,BJ,Consumer Defensive,Discount Stores,NYSE,1606787,96.2,89.95,5,3,-11.62,,,,,,,41,36,34,36,,0,0,0,0,0,0,12319916294.420237,127693987.0,0.0647,0.099,1336093,1916036,0,35.3,,2026-08-11
1570,SO,Utilities,Utilities - Regulated Electric,NYSE,5164007,91.34,89.95,-13,-13,-9.42,,,,,,,41,54,54,52,,0,0,0,0,0,0,106627146127.04332,1150362966.0,0.0318,0.001,6343943,6111110,0,53.3,,2026-08-11
1571,UL,Consumer Defensive,Household & Personal Products,NYSE,4582705,62.86,89.94,0,-18,-16.16,,,,,,,41,41,23,63,,0,0,0,0,0,0,135636447605.8944,2154327344.0,0.28,0.005,6134175,4463485,0,42.3,,2026-08-11
1572,FOXA,Communication Services,Entertainment,NASDAQ,5674661,63.42,89.94,11,50,-16.98,,,,,,,41,30,69,34,,0,0,0,0,0,0,26886238234.98596,419900652.0,0.28530002,0.281,4989154,6969538,0,44.3,,2026-08-11
1573,CORZ,Technology,Software - Infrastructure,NASDAQ,13040712,19.44,89.82,-46,-42,-36.18,,,,,,,40,86,90,79,,0,0,0,0,0,0,6714522943.147659,319587000.0,0.2243,1.088,18296308,12864209,1,85.0,,2026-08-11
1574,ADT,Industrials,Security & Protection Services,NYSE,8260649,7.51,89.78,11,8,-15.95,,,,,,,40,29,26,35,,0,0,0,0,0,0,5581472557.179817,730559248.0,0.0854,0.02,9371149,8821597,0,30.0,,2026-08-11
1575,CI,Healthcare,Healthcare Plans,NYSE,1834226,278.4,89.78,-18,-17,-11.75,,,,,,,40,58,59,45,,0,0,0,0,0,0,74645292309.6665,264240486.0,0.026099999,0.067,2357259,1768763,0,54.0,,2026-08-11
1576,SHEN,Communication Services,Telecom Services,NASDAQ,501783,13.31,89.69,9,58,-23.29,,,,,,,40,31,80,67,,0,0,0,0,0,0,746315861.0560608,55364680.0,0.061300002,0.055,620321,474618,0,59.3,,2026-08-11
1577,WAL,Financial Services,Banks - Regional,NYSE,1022845,80.48,89.64,-1,-14,-17.23,,,,,,,40,41,28,69,,0,0,0,0,0,0,8873173468.889648,109100864.0,0.0001,0.136,824637,1016281,0,46.0,,2026-08-11
1578,BTI,Consumer Defensive,Tobacco,NYSE,4301904,57.05,89.63,-23,-8,-15.23,,,,,,,40,63,78,77,,0,0,0,0,0,0,127949278435.45688,2156569602.0,0.004,0.014,3986593,4277632,0,72.7,,2026-08-11
1579,TSLX,Financial Services,Asset Management,NYSE,552572,18.8,89.62,12,10,-24.16,,,,,,,39,27,25,28,,0,0,0,0,0,0,1814874396.2471008,95019600.0,0.0733,-0.149,558567,644201,0,26.7,,2026-08-11
1580,PLAB,Technology,Semiconductor Equipment & Materials,NASDAQ,1017879,32.08,89.61,4,64,-42.71,,,,,,,39,35,95,94,,0,0,0,0,0,0,1925164829.671463,58963698.0,0.100600004,-0.005,898199,1489919,2,74.7,,2026-08-11
1581,SONY,Technology,Consumer Electronics,NYSE,5294115,23.82,89.61,13,18,-21.49,,,,,,,39,26,31,25,,0,0,0,0,0,0,137767954785.8004,5872462070.0,0.0025,0.082,6733387,5552745,0,27.3,,2026-08-11
1582,SAP,Technology,Software - Application,NYSE,3196694,208.55,89.59,21,16,-28.21,,,,,,,39,18,13,19,,0,0,0,0,0,0,237950748695.9421,1154204232.0,0.0083,0.094,3473242,3143228,0,16.7,,2026-08-11
1583,CX,Basic Materials,Building Materials,NYSE,6569437,11.3,89.59,-38,-32,-17.34,,,,,,,39,77,83,89,,0,0,0,0,0,0,16348651182.401464,1442952453.0,2.07,0.122,7649161,5623876,0,83.0,,2026-08-11
1584,CARR,Industrials,Building Products & Equipment,NYSE,6568997,63.44,89.56,-22,-35,-17.35,,,,,,,39,61,48,57,,0,0,0,0,0,0,53165454650.54121,830580423.0,0.0232,0.039,8507812,6582988,0,55.3,,2026-08-11
1585,PRVA,Healthcare,Health Information Services,NASDAQ,1274072,22.37,89.54,-38,-69,-22.38,,,,,,,39,77,46,33,,0,0,0,0,0,0,2867633044.603466,127734207.0,0.0436,0.214,1479026,1245689,0,52.0,,2026-08-11
1586,TDC,Technology,Software - Infrastructure,NYSE,3246092,27.69,89.54,-47,-58,-33.72,,,,,,,39,86,75,82,,0,0,0,0,0,0,2547269943.2373047,93000000.0,0.2566,0.005,3974636,3313399,0,81.0,,2026-08-11
1587,DTE,Utilities,Utilities - Regulated Electric,NYSE,1302650,136.78,89.51,-23,-31,-12.18,,,,,,,39,62,54,58,,0,0,0,0,0,0,29105277194.974976,208088069.0,0.0326,-0.015,1402122,1396508,0,58.0,,2026-08-11
1588,GNRC,Industrials,Specialty Industrial Machinery,NYSE,1118231,206.09,89.51,-44,-40,-30.48,,,,,,,39,83,87,89,,0,0,0,0,0,0,12522176780.608368,59005639.0,0.0332,0.106,1513764,1068934,0,86.3,,2026-08-11
1589,NEE,Utilities,Utilities - Regulated Electric,NYSE,10920200,84.7,89.5,-18,-3,-14.23,,,,,,,39,57,72,74,,0,0,0,0,0,0,176546496737.08124,2085605358.0,0.01,0.124,11776262,11575478,0,67.7,,2026-08-11
1590,JKHY,Technology,Information Technology Services,NASDAQ,1125135,155.08,89.48,6,0,-19.81,,,,,,,39,33,27,35,,0,0,0,0,0,0,11080368924.170227,71050780.0,0.0789,0.087,875885,1521213,0,31.7,,2026-08-11
1591,ORC,Real Estate,REIT - Mortgage,NYSE,5323583,6.5,89.4,-10,-2,-22.62,,,,,,,39,49,57,62,,0,0,0,0,0,0,1309398541.8585997,199603438.0,0.067600004,,5669240,5272668,0,56.0,,2026-08-11
1592,BCO,Industrials,Security & Protection Services,NYSE,581492,110.51,89.36,-2,-9,-18.96,,,,,,,39,41,34,79,,0,0,0,0,0,0,4620099631.859619,41181028.0,0.1832,0.071,568917,531707,0,51.3,,2026-08-11
1593,GFI,Basic Materials,Gold,NYSE,3703796,41.1,89.36,11,64,-33.32,,,,,,,39,28,81,95,,0,0,0,0,0,0,36510164529.84512,894418540.0,0.0073,0.714,4036299,3927799,1,68.0,,2026-08-11
1594,PG,Consumer Defensive,Household & Personal Products,NYSE,8598655,146.44,89.35,-9,-25,-12.44,,,,,,,39,48,32,51,,0,0,0,0,0,0,339486429368.7157,2328598978.0,0.0099,0.015,9283687,9039643,0,43.7,,2026-08-11
1595,EPRT,Real Estate,REIT - Retail,NYSE,1594445,30.18,89.34,-13,-20,-13.1,,,,,,,39,52,45,56,,0,0,0,0,0,0,6624441931.016472,216273004.0,0.115600005,0.181,1253895,1930053,0,51.0,,2026-08-11
1596,CNP,Utilities,Utilities - Regulated Electric,NYSE,6755874,40.03,89.32,-28,-33,-11.56,,,,,,,38,66,61,66,,0,0,0,0,0,0,26796741516.86548,658720288.0,0.086899996,0.107,7319193,6611322,0,64.3,,2026-08-11
1597,OEC,Basic Materials,Specialty Chemicals,NYSE,644539,6.88,89.31,15,30,-36.82,,,,,,,38,23,38,21,,0,0,0,0,0,0,409224327.8229809,56522699.0,0.025899999,0.074,450757,630407,0,27.3,,2026-08-11
1598,APO,Financial Services,Asset Management,NYSE,4383097,132.02,89.31,3,10,-13.88,,,,,,,38,35,42,29,,0,0,0,0,0,0,73401841481.06104,575971752.0,0.0552,0.638,3947843,4320306,0,35.3,,2026-08-11
1599,PRTA,Healthcare,Biotechnology,NASDAQ,530873,9.12,89.3,-1,25,-22.71,,,,,,,38,39,65,34,,0,0,0,0,0,0,449711903.99010086,51336974.0,0.1878,17.064,547279,577249,0,46.0,,2026-08-11
1600,RELX,Industrials,Specialty Business Services,NYSE,2928747,35.62,89.29,14,16,-27.28,,,,,,,38,24,26,14,,0,0,0,0,0,0,61963193820.31008,1744459263.0,0.0026,0.027,3025253,2844518,0,21.3,,2026-08-11
1601,TXNM,Utilities,Utilities - Regulated Electric,NYSE,1202780,57.36,89.27,-3,13,-3.65,,,,,,,38,41,57,60,,0,0,0,0,0,0,5935455836.364113,103046111.0,0.0623,0.092,883631,1547728,0,52.7,,2026-08-11
1602,TEL,Technology,Electronic Components,NYSE,2571037,214.28,89.22,7,19,-15.16,,,,,,,38,31,43,75,,0,0,0,0,0,0,62722866104.65723,289940672.0,0.032899998,0.138,2495511,2601650,0,49.7,,2026-08-11
1603,HOOD,Financial Services,Capital Markets,NASDAQ,21061099,94.52,89.19,-33,-70,-38.57,,,,,,,38,71,34,26,,0,0,0,0,0,0,83875386071.30441,899082273.0,0.048699997,0.323,19390498,27385683,0,43.7,,2026-08-11
1604,XEL,Utilities,Utilities - Regulated Electric,NASDAQ,5124136,76.87,89.18,-19,-16,-8.74,,,,,,,38,57,60,60,,0,0,0,0,0,0,48765200078.79674,624634306.0,0.0779,-0.051,5551760,5793520,0,59.0,,2026-08-11
1605,RARE,Healthcare,Biotechnology,NASDAQ,2249042,26.8,89.17,-44,-92,-32.82,,,,,,,38,82,34,11,,0,0,0,0,0,0,2554437684.386532,98588873.0,0.14109999,0.281,2334746,2437219,0,42.3,,2026-08-11
1606,OMCL,Healthcare,Health Information Services,NASDAQ,770072,37.31,89.17,-47,-52,-32.16,,,,,,,38,85,80,62,,0,0,0,0,0,0,1674078702.7457771,45478909.0,0.0958,0.075,1001527,781395,0,75.7,,2026-08-11
1607,REXR,Real Estate,REIT - Industrial,NYSE,2841212,36.47,89.16,3,5,-17.82,,,,,,,38,35,37,38,,0,0,0,0,0,0,8192584050.038162,222988124.0,0.0556,-0.016,2604078,2826395,0,36.7,,2026-08-11
1608,RRX,Industrials,Specialty Industrial Machinery,NYSE,1260523,173.42,89.09,-40,-40,-30.02,,,,,,,38,78,78,90,,0,0,0,0,0,0,11853352326.0,66591867.0,0.047399998,0.042,1715790,1162136,1,82.0,,2026-08-11
1609,IEP,Energy,Oil & Gas Refining & Marketing,NASDAQ,806372,7.43,89.06,-18,-18,-21.95,,,,,,,38,56,56,37,,0,0,0,0,0,0,5303426620.899259,710915093.0,0.1369,0.282,1090637,790327,0,49.7,,2026-08-11
1610,NHI,Real Estate,REIT - Healthcare Facilities,NYSE,665089,74.15,89.05,-3,-8,-18.86,,,,,,,38,41,36,77,,0,0,0,0,0,0,3649872396.621994,48471079.0,0.044299997,-0.026,341088,637839,0,51.3,,2026-08-11
1611,ORA,Utilities,Utilities - Renewable,NYSE,909421,111.7,89.05,-6,32,-23.7,,,,,,,38,44,82,87,,0,0,0,0,0,0,6647204127.481476,61496941.0,0.097799994,0.106,1038944,909228,0,71.0,,2026-08-11
1612,DSL,Financial Services,Asset Management,NYSE,563740,10.74,89.02,-6,-8,-15.23,,,,,,,38,44,42,47,,0,0,0,0,0,0,1241950687.2821617,114571095.0,0.0047,,475041,512532,0,44.3,,2026-08-11
1613,BYD,Consumer Cyclical,Resorts & Casinos,NYSE,948904,81.46,88.99,-9,-13,-10.89,,,,,,,38,47,43,53,,0,0,0,0,0,0,6060914502.843964,72655414.0,0.074200004,0.0,858793,1024124,0,47.7,,2026-08-11
1614,XRAY,Healthcare,Medical Instruments & Supplies,NASDAQ,5180096,11.66,88.95,-3,-22,-21.53,,,,,,,38,41,22,35,,0,0,0,0,0,0,2427959375.0344305,200326683.0,0.1666,-0.041,5292559,5583659,0,32.7,,2026-08-11
1615,OPCH,Healthcare,Medical Care Facilities,NASDAQ,2529773,24.5,88.91,20,13,-33.42,,,,,,,38,18,11,70,,0,0,0,0,0,0,3735684463.9229736,157027504.0,0.1254,0.019,3464180,2705488,0,33.0,,2026-08-11
1616,LXU,Basic Materials,Chemicals,NYSE,840649,10.09,88.91,-20,13,-41.41,,,,,,,38,58,91,67,,0,0,0,0,0,0,692615980.2405396,71997504.0,0.059,0.111,1123578,890985,1,72.0,,2026-08-11
1617,NOC,Industrials,Aerospace & Defense,NYSE,916180,577.89,88.9,10,17,-25.34,,,,,,,38,28,35,84,,0,0,0,0,0,0,81200386828.91492,142063026.0,0.0164,0.051,692532,1005856,0,49.0,,2026-08-11
1618,EL,Consumer Defensive,Household & Personal Products,NYSE,2309747,87.19,88.86,4,3,-28.32,,,,,,,37,33,32,87,,0,0,0,0,0,0,31964580188.19477,361794915.0,0.0363,0.046,2127022,2989238,0,50.7,,2026-08-11
1619,MWA,Industrials,Specialty Industrial Machinery,NYSE,1136041,26.08,88.84,6,10,-15.87,,,,,,,37,31,35,73,,0,0,0,0,0,0,4160749285.79278,156125679.0,0.0482,0.041,1175334,1230928,0,46.3,,2026-08-11
1620,CXT,Industrials,Specialty Industrial Machinery,NYSE,688525,51.49,88.83,-1,-23,-25.38,,,,,,,37,38,16,31,,0,0,0,0,0,0,3069744447.7178955,57561304.0,0.198,0.22,635705,975739,0,28.3,,2026-08-11
1621,GSIT,Technology,Semiconductors,NASDAQ,808438,6.64,88.81,-18,24,-63.42,,,,,,,37,55,97,89,,0,0,0,0,0,0,257860322.5092187,38372073.0,0.1365,0.005,733654,1070764,1,80.3,,2026-08-11
1622,RNW,Utilities,Utilities - Renewable,NASDAQ,1185253,6.13,88.76,-18,-47,-25.61,,,,,,,37,55,26,20,,0,0,0,0,0,0,2248364625.101719,364402690.0,0.0223,0.095,981371,1318310,0,33.7,,2026-08-11
1623,CRSP,Healthcare,Biotechnology,NASDAQ,1634433,53.51,88.76,10,46,-31.82,,,,,,,37,27,63,56,,0,0,0,0,0,0,5174990832.822384,96692653.0,0.2297,10.414,1504430,1676750,0,48.7,,2026-08-11
1624,ADSK,Technology,Software - Application,NASDAQ,2157261,256.07,88.73,15,22,-22.19,,,,,,,37,22,29,20,,0,0,0,0,0,0,52592059505.6985,211145251.0,0.0461,0.184,2130975,2807685,0,23.7,,2026-08-11
1625,DUK,Utilities,Utilities - Regulated Electric,NYSE,4123538,121.19,88.72,-16,-17,-9.89,,,,,,,37,53,52,58,,0,0,0,0,0,0,97345817606.31888,779702193.0,0.0253,0.011,5150746,3986941,0,54.3,,2026-08-11
1626,BKV,Energy,Oil & Gas E&P,NYSE,847470,25.66,88.71,-13,-2,-21.79,,,,,,,37,50,61,75,,0,0,0,0,0,0,2676849221.606674,109437830.0,0.1489,0.188,1065851,855776,0,62.0,,2026-08-11
1627,MSCI,Financial Services,Financial Data & Stock Exchanges,NYSE,718886,563.08,88.69,-26,-34,-12.67,,,,,,,37,63,55,32,,0,0,0,0,0,0,40942457757.56836,72700000.0,0.020499999,0.122,648519,728925,0,50.0,,2026-08-11
1628,GIL,Consumer Cyclical,Apparel Manufacturing,NYSE,1430661,57.49,88.68,8,15,-21.99,,,,,,,37,29,36,82,,0,0,0,0,0,0,10648531260.0,185191848.0,0.0513,0.723,1767575,1793303,0,49.0,,2026-08-11
1629,TASK,Technology,Information Technology Services,NASDAQ,882168,7.1,88.64,22,21,-61.39,,,,,,,37,15,14,18,,0,0,0,0,0,0,669315270.7879114,91687021.0,0.1311,0.05,1053526,767825,0,15.7,,2026-08-11
1630,BOOT,Consumer Cyclical,Apparel Retail,NYSE,702085,168.59,88.61,-1,-13,-19.81,,,,,,,37,38,26,75,,0,0,0,0,0,0,4954600663.244019,30284844.0,0.1084,0.177,886205,710727,0,46.3,,2026-08-11
1631,STAG,Real Estate,REIT - Industrial,NYSE,1757497,36.77,88.59,-21,-20,-13.71,,,,,,,37,58,59,56,,0,0,0,0,0,0,7191561973.102776,192803274.0,0.0533,0.081,1872062,1641898,0,57.7,,2026-08-11
1632,BEKE,Real Estate,Real Estate Services,NYSE,3304460,17.65,88.52,2,32,-15.87,,,,,,,37,35,65,34,,0,0,0,0,0,0,18810545294.89538,1103905181.0,0.0508,-0.19,2397442,3821714,0,44.7,,2026-08-11
1633,SUPN,Healthcare,Drug Manufacturers - Specialty & Generic,NASDAQ,1018247,47.07,88.5,-15,7,-21.13,,,,,,,37,52,74,78,,0,0,0,0,0,0,2771123532.1370697,58168001.0,0.1027,0.324,1475231,920876,0,68.0,,2026-08-11
1634,DHI,Consumer Cyclical,Residential Construction,NYSE,2468542,146.66,88.49,-11,-25,-20.53,,,,,,,37,48,34,71,,0,0,0,0,0,0,42257267930.50832,279701267.0,0.056599997,0.0,2327717,2457493,0,51.0,,2026-08-11
1635,DLB,Industrials,Specialty Business Services,NYSE,973508,62.1,88.48,19,22,-17.92,,,,,,,37,18,21,29,,0,0,0,0,0,0,5785921510.028172,93668795.0,0.1529,-0.033,1105205,943271,0,22.7,,2026-08-11
1636,GFL,Industrials,Waste Management,NYSE,2795923,41.18,88.48,5,-5,-20.05,,,,,,,37,32,22,32,,0,0,0,0,0,0,14911988160.185013,360890326.0,0.105399996,0.163,2649271,3083060,0,28.7,,2026-08-11
1637,TPG,Financial Services,Asset Management,NASDAQ,2210480,49.4,88.47,10,6,-29.81,,,,,,,37,27,23,24,,0,0,0,0,0,0,7860936502.156811,160460017.0,0.0848,1.102,3279170,2407928,0,24.7,,2026-08-11
1638,WSC,Industrials,Rental & Leasing Services,NASDAQ,2258006,23.09,88.47,-38,-43,-22.44,,,,,,,37,75,70,32,,0,0,0,0,0,0,4410840479.12678,180994679.0,0.16510001,0.039,2843039,2176783,0,59.0,,2026-08-11
1639,CWST,Industrials,Waste Management,NASDAQ,681107,89.99,88.47,-18,-48,-16.65,,,,,,,37,55,25,51,,0,0,0,0,0,0,5687365057.756561,63609941.0,0.104899995,0.169,679762,719092,0,43.7,,2026-08-11
1640,KBR,Industrials,Engineering & Construction,NYSE,1850466,38.29,88.4,11,-2,-26.69,,,,,,,37,26,13,27,,0,0,0,0,0,0,4795617515.618477,126067755.0,0.0797,0.016,2055949,1857719,0,22.0,,2026-08-11
1641,MLTX,Healthcare,Biotechnology,NASDAQ,1131550,17.33,88.38,-37,-75,-72.38,,,,,,,36,73,35,22,,0,0,0,0,0,0,1553226387.5690746,85061685.0,0.1027,,1087460,1194310,0,43.3,,2026-08-11
1642,ARES,Financial Services,Asset Management,NYSE,2186252,137.66,88.36,6,-1,-29.5,,,,,,,36,30,23,22,,0,0,0,0,0,0,30862185110.654663,225518332.0,0.1575,0.058,2607936,2424919,0,25.0,,2026-08-11
1643,FOX,Communication Services,Entertainment,NASDAQ,1477178,56.33,88.31,6,43,-17.37,,,,,,,36,30,67,34,,0,0,0,0,0,0,23946933670.98596,419900652.0,0.0854,0.281,1164966,1957953,0,43.7,,2026-08-11
1644,HLF,Consumer Defensive,Packaged Foods,NYSE,1548725,11.52,88.29,-20,2,-43.53,,,,,,,36,56,78,96,,0,0,0,0,0,0,1294321782.9793167,104803380.0,0.105100006,0.054,1655746,1671811,1,76.7,,2026-08-11
1645,CGBD,Financial Services,Asset Management,NASDAQ,607344,11.14,88.26,3,4,-20.63,,,,,,,36,33,34,32,,0,0,0,0,0,0,758226514.1162376,68804581.0,0.060599998,0.168,551782,583628,0,33.0,,2026-08-11
1646,LEG,Consumer Cyclical,"Furnishings, Fixtures & Appliances",NYSE,2111507,9.46,88.23,-11,-23,-27.23,,,,,,,36,47,35,77,,0,0,0,0,0,0,1313986116.26863,136588995.0,0.19129999,-0.055,1862092,2455800,0,53.0,,2026-08-11
1647,SLGN,Consumer Cyclical,Packaging & Containers,NYSE,1420114,41.15,88.18,-13,-37,-16.95,,,,,,,36,49,25,57,,0,0,0,0,0,0,4407902609.427292,105679758.0,0.1018,0.068,1637143,1241856,0,43.7,,2026-08-11
1648,NVMI,Technology,Semiconductor Equipment & Materials,NASDAQ,584762,384.8,88.15,-37,-20,-37.53,,,,,,,36,73,90,93,,0,0,0,0,0,0,12500457046.78708,31806161.0,0.041300002,0.159,682178,559731,2,85.3,,2026-08-11
1649,TRI,Industrials,Specialty Business Services,NASDAQ,2253850,104.36,88.15,13,5,-42.02,,,,,,,36,23,15,9,,0,0,0,0,0,0,44115259570.99789,433224578.0,6.52,0.095,2894731,2165732,0,15.7,,2026-08-11
1650,DEI,Real Estate,REIT - Office,NYSE,2073884,11.54,88.12,-23,-32,-32.08,,,,,,,36,59,50,19,,0,0,0,0,0,0,1957902700.950385,167485267.0,0.2574,0.016,2081214,2240346,0,42.7,,2026-08-11
1651,BTU,Energy,Thermal Coal,NYSE,2533870,24.65,88.12,3,21,-40.08,,,,,,,36,33,51,92,,0,0,0,0,0,0,2902438934.8983765,121900000.0,0.144,0.127,2918650,2965476,1,58.7,,2026-08-11
1652,SOLS,Basic Materials,Specialty Chemicals,NASDAQ,4160703,60.32,88.1,-15,23,-33.57,,,,,,,36,51,89,93,,0,0,0,0,0,0,9683335468.81089,158847369.0,0.091400005,0.111,3331670,3239806,1,77.7,,2026-08-11
1653,WAY,Healthcare,Health Information Services,NASDAQ,2989927,24.7,88.09,15,5,-40.44,,,,,,,36,21,11,14,,0,0,0,0,0,0,4646064031.904541,191748416.0,0.08140001,0.181,3804902,2859344,0,15.3,,2026-08-11
1654,KRMN,Industrials,Aerospace & Defense,NYSE,3651047,62.16,88.08,26,84,-47.49,,,,,,,36,10,68,91,,0,0,0,0,0,0,7717006330.104275,132526299.0,0.089499995,0.582,2935122,3943410,1,56.3,,2026-08-11
1655,INOD,Technology,Information Technology Services,NASDAQ,1309469,62.22,87.94,-48,-37,-50.28,,,,,,,36,84,95,31,,0,0,0,0,0,0,2035408523.9337463,32655358.0,0.1458,0.578,1959127,1466045,1,70.0,,2026-08-11
1656,EQT,Energy,Oil & Gas E&P,NYSE,7359770,54.08,87.94,6,19,-20.75,,,,,,,36,30,43,51,,0,0,0,0,0,0,32332921180.984497,625516000.0,0.0378,-0.039,6114371,7490586,0,41.3,,2026-08-11
1657,CIM,Real Estate,REIT - Mortgage,NYSE,717091,11.71,87.93,-16,-5,-21.3,,,,,,,36,52,63,61,,0,0,0,0,0,0,1002030483.813467,83711818.0,0.0211,0.081,908455,754429,0,58.7,,2026-08-11
1658,OGS,Utilities,Utilities - Regulated Gas,NYSE,552651,78.87,87.92,-8,8,-13.12,,,,,,,36,44,60,65,,0,0,0,0,0,0,5042330056.128845,62856270.0,0.0713,-0.029,540845,661707,0,56.3,,2026-08-11
1659,CDNS,Technology,Software - Application,NASDAQ,2248775,331.91,87.92,-39,-45,-20.35,,,,,,,36,75,69,28,,0,0,0,0,0,0,93424318630.61523,275393000.0,0.0226,0.242,2400245,2486557,0,57.3,,2026-08-11
1660,INVA,Healthcare,Biotechnology,NASDAQ,783893,20.68,87.85,-24,-20,-17.77,,,,,,,36,60,64,70,,0,0,0,0,0,0,1481754913.8856792,72245485.0,0.12810001,0.193,753951,857168,0,64.7,,2026-08-11
1661,VIPS,Consumer Cyclical,Internet Retail,NYSE,2150341,15.41,87.84,9,14,-26.9,,,,,,,36,27,32,50,,0,0,0,0,0,0,7530642213.766937,480270540.0,0.0187,0.012,1775445,2407631,0,36.3,,2026-08-11
1662,IREN,Financial Services,Capital Markets,NASDAQ,44323370,38.74,87.81,-30,1,-49.6,,,,,,,36,66,97,97,,0,0,0,0,0,0,14734722565.425026,357378674.0,0.2709,-0.0,47138300,44523760,2,86.7,,2026-08-11
1663,PPL,Utilities,Utilities - Regulated Electric,NYSE,7623016,34.99,87.71,-5,-1,-12.76,,,,,,,36,41,45,56,,0,0,0,0,0,0,26678343147.72267,752350362.0,0.0617,0.042,8214699,9226619,0,47.3,,2026-08-11
1664,CBOE,Financial Services,Financial Data & Stock Exchanges,BATS,1190598,285.02,87.69,-18,14,-23.21,,,,,,,36,54,86,73,,0,0,0,0,0,0,29927840022.748016,104431019.0,0.0298,0.229,1124144,1601386,0,71.0,,2026-08-11
1665,HYT,Financial Services,Asset Management,NYSE,800630,8.42,87.68,-4,-5,-14.78,,,,,,,36,40,39,37,,0,0,0,0,0,0,1371233486.920853,163047980.0,0.0007,0.041,891321,778988,0,38.7,,2026-08-11
1666,GIB,Technology,Information Technology Services,NYSE,500068,75.25,87.66,14,8,-22.86,,,,,,,35,21,15,19,,0,0,0,0,0,0,15476815476.819206,207075407.0,11.76,0.025,633424,514142,0,18.3,,2026-08-11
1667,CION,Financial Services,Asset Management,NYSE,582948,7.48,87.66,12,9,-31.56,,,,,,,35,23,20,30,,0,0,0,0,0,0,373916978.4958458,49789210.0,0.0385,-0.047,754986,591573,0,24.3,,2026-08-11
1668,CRM,Technology,Software - Application,NYSE,12314281,197.51,87.65,14,10,-26.61,,,,,,,35,21,17,16,,0,0,0,0,0,0,157854064498.90137,819000000.0,0.0656,0.133,12025243,15090582,0,18.0,,2026-08-11
1669,YUM,Consumer Cyclical,Restaurants,NYSE,2690097,145.33,87.65,-21,-37,-14.58,,,,,,,35,56,40,59,,0,0,0,0,0,0,41142566075.50957,272901085.0,0.0355,0.122,2478491,2587266,0,51.7,,2026-08-11
1670,OFRM,Consumer Defensive,Packaged Foods,NYSE,536647,18.01,87.65,-5,-24,-33.3,,,,,,,35,40,21,65,,0,0,0,0,0,0,752892421.1045303,41990653.0,0.2653,0.423,506963,552970,0,42.0,,2026-08-11
1671,SGRY,Healthcare,Medical Care Facilities,NASDAQ,1561673,15.95,87.6,-4,-22,-33.82,,,,,,,35,39,21,22,,0,0,0,0,0,0,2031140120.935793,130788162.0,0.2245,0.045,1909381,1496928,0,27.3,,2026-08-11
1672,IDXX,Healthcare,Diagnostics & Research,NASDAQ,672174,595.76,87.6,1,-7,-22.63,,,,,,,35,34,26,57,,0,0,0,0,0,0,46218515977.36304,78781116.0,0.0304,0.097,756713,683258,0,39.0,,2026-08-11
1673,AVA,Utilities,Utilities - Diversified,NYSE,597769,38.21,87.59,-27,-35,-12.16,,,,,,,35,62,54,63,,0,0,0,0,0,0,3243747067.560997,83752830.0,0.0674,0.005,762947,776137,0,59.7,,2026-08-11
1674,ASO,Consumer Cyclical,Specialty Retail,NASDAQ,1288556,49.89,87.59,9,21,-20.11,,,,,,,35,26,38,76,,0,0,0,0,0,0,2984944262.472767,62018371.0,0.19129999,0.067,991380,1526850,0,46.7,,2026-08-11
1675,OTF,Financial Services,Asset Management,NYSE,2524750,11.39,87.52,12,13,-28.0,,,,,,,35,23,24,29,,0,0,0,0,0,0,5360768963.908072,458185389.0,0.012,0.058,3175051,2558052,0,25.3,,2026-08-11
1676,ERIC,Technology,Communication Equipment,NASDAQ,14404679,9.98,87.52,-43,-38,-27.52,,,,,,,35,78,83,81,,0,0,0,0,0,0,33293850301.559708,3280182419.0,0.0212,-0.061,13005509,12867215,0,80.7,,2026-08-11
1677,CAR,Industrials,Rental & Leasing Services,NASDAQ,567420,138.61,87.49,15,68,-83.65,,,,,,,35,20,73,40,,0,0,0,0,0,0,5022615444.98645,35325754.0,0.565,-0.013,550851,654000,0,44.3,,2026-08-11
1678,TEM,Healthcare,Health Information Services,NASDAQ,5287047,55.06,87.48,-1,-19,-47.22,,,,,,,35,36,18,18,,0,0,0,0,0,0,9391628912.139206,180434756.0,0.3045,0.216,5387912,6271490,0,24.0,,2026-08-11
1679,VMC,Basic Materials,Building Materials,NYSE,1115108,285.34,87.46,-6,-15,-13.82,,,,,,,35,41,32,58,,0,0,0,0,0,0,36889771522.26434,129578739.0,0.0585,0.025,1318104,1201792,0,43.7,,2026-08-11
1680,CALM,Consumer Defensive,Farm Products,NASDAQ,954042,81.98,87.39,-15,-36,-30.2,,,,,,,35,50,29,27,,0,0,0,0,0,0,3991705252.3077393,46917080.0,0.153,-0.499,894748,899219,0,35.3,,2026-08-11
1681,BIRK,Consumer Cyclical,Footwear & Accessories,NYSE,1463524,39.72,87.38,-20,-57,-25.8,,,,,,,35,55,18,27,,0,0,0,0,0,0,7071187993.509186,183906056.0,0.1672,0.077,1577802,1901302,0,33.3,,2026-08-11
1682,EXE,Energy,Oil & Gas E&P,NASDAQ,3954562,97.56,87.37,8,12,-22.95,,,,,,,35,27,31,35,,0,0,0,0,0,0,22210005465.07779,239228849.0,0.036199998,-0.106,3426188,3905629,0,31.0,,2026-08-11
1683,SNY,Healthcare,Drug Manufacturers - General,NASDAQ,3346577,43.48,87.36,-1,-5,-17.46,,,,,,,35,36,32,30,,0,0,0,0,0,0,105529485203.75829,2428198054.0,0.0034999999,0.146,3698732,3600890,0,32.7,,2026-08-11
1684,MOD,Consumer Cyclical,Auto Parts,NYSE,1537960,191.01,87.34,-57,-56,-40.91,,,,,,,35,92,93,94,,0,0,0,0,0,0,10388846008.974243,53112708.0,0.0499,0.28,2127370,1610608,3,93.0,,2026-08-11
1685,YMM,Technology,Software - Application,NYSE,6583645,9.7,87.3,10,11,-31.06,,,,,,,35,25,26,22,,0,0,0,0,0,0,10071961207.913092,1045894194.0,0.0209,0.055,6608506,8509375,0,24.3,,2026-08-11
1686,STWD,Real Estate,REIT - Mortgage,NYSE,4334480,16.65,87.25,2,6,-20.11,,,,,,,35,33,37,41,,0,0,0,0,0,0,6089279509.916496,370168950.0,0.0561,0.134,5808310,4026724,0,37.0,,2026-08-11
1687,NN,Technology,Software - Infrastructure,NASDAQ,2454665,15.43,87.18,-10,31,-36.81,,,,,,,35,45,86,72,,0,0,0,0,0,0,2225286402.224813,136436939.0,0.1594,-0.353,2938715,2566543,0,67.7,,2026-08-11
1688,NEXT,Energy,Oil & Gas Equipment & Services,NASDAQ,2602073,6.98,87.17,-35,-24,-38.07,,,,,,,35,70,81,17,,0,0,0,0,0,0,1783442350.3291578,266185433.0,0.1309,,2954579,2820699,0,56.0,,2026-08-11
1689,HSY,Consumer Defensive,Confectioners,NYSE,1811468,182.75,87.15,0,21,-23.69,,,,,,,35,35,56,81,,0,0,0,0,0,0,36638794780.30289,200925657.0,0.0727,0.066,1685724,2044232,0,57.3,,2026-08-11
1690,SBS,Utilities,Utilities - Regulated Water,NYSE,5737092,5.21,87.13,-34,-30,-27.21,,,,,,,35,69,73,81,,0,0,0,0,0,0,18673707241.002483,3516705733.0,0.0062,0.183,6503358,6432501,0,74.3,,2026-08-11
1691,GBX,Industrials,Railroads,NYSE,529630,46.13,87.08,-2,13,-22.06,,,,,,,35,37,52,75,,0,0,0,0,0,0,1460972010.6881714,30939686.0,0.14130001,-0.316,356361,506908,0,54.7,,2026-08-11
1692,PRDO,Consumer Defensive,Education & Training Services,NASDAQ,790322,31.43,87.07,-29,-25,-18.36,,,,,,,35,64,68,51,,0,0,0,0,0,0,2118233216.264992,62577055.0,0.0673,0.041,788907,741189,0,61.0,,2026-08-11
1693,COST,Consumer Defensive,Discount Stores,NASDAQ,2216651,952.75,87.05,-3,18,-13.11,,,,,,,34,37,58,49,,0,0,0,0,0,0,420338083255.4158,443478804.0,0.015700001,0.215,1988835,2443523,0,48.0,,2026-08-11
1694,TMDX,Healthcare,Medical Devices,NASDAQ,999619,88.41,87.01,22,16,-43.33,,,,,,,34,12,6,77,,0,0,0,0,0,0,2908897892.885971,34675145.0,0.3482,0.207,1271277,1073691,0,31.7,,2026-08-11
1695,ORLY,Consumer Cyclical,Auto Parts,NASDAQ,8109938,92.23,87.0,2,4,-15.17,,,,,,,34,32,34,36,,0,0,0,0,0,0,76335987493.59384,816165813.0,0.028299998,0.081,6929396,8364317,0,34.0,,2026-08-11
1696,LHX,Industrials,Aerospace & Defense,NYSE,1473976,289.72,86.99,3,33,-23.6,,,,,,,34,31,61,85,,0,0,0,0,0,0,53382146469.1604,186214616.0,0.019,1.9,1896250,1464572,0,59.0,,2026-08-11
1697,GGAL,Financial Services,Banks - Regional,NASDAQ,904710,46.42,86.98,-35,-79,-25.75,,,,,,,34,69,25,25,,0,0,0,0,0,0,7825360141.813087,169453445.0,0.2047,-0.147,691492,1071704,0,39.7,,2026-08-11
1698,ADBE,Technology,Software - Application,NASDAQ,5576932,272.96,86.95,14,12,-26.4,,,,,,,34,20,18,17,,0,0,0,0,0,0,105420971603.39355,397500000.0,0.056999996,0.127,5661506,6972637,0,18.3,,2026-08-11
1699,GAP,Consumer Cyclical,Apparel Retail,NYSE,7136752,21.51,86.92,10,13,-26.74,,,,,,,34,24,27,70,,0,0,0,0,0,0,7368768511.332083,359978933.0,0.1532,0.01,5055178,7829785,0,40.3,,2026-08-11
1700,RCI,Communication Services,Telecom Services,NYSE,1460995,34.62,86.89,-6,14,-15.85,,,,,,,34,40,60,73,,0,0,0,0,0,0,18621565992.114685,540225278.0,12.67,0.077,1415935,1340379,0,57.7,,2026-08-11
1701,BN,Financial Services,Asset Management,NYSE,3818948,44.28,86.85,-4,5,-10.67,,,,,,,34,38,47,64,,0,0,0,0,0,0,98456900782.6358,2233595660.0,4.31,0.079,4646355,4044081,0,49.7,,2026-08-11
1702,ASTS,Technology,Communication Equipment,NASDAQ,15991474,68.76,86.82,8,68,-48.63,,,,,,,34,26,86,96,,0,0,0,0,0,0,21491815522.381287,298746383.0,0.1993,19.522,13391163,20012372,1,69.3,,2026-08-11
1703,ARVN,Healthcare,Biotechnology,NASDAQ,818605,8.99,86.8,12,54,-38.04,,,,,,,34,22,64,75,,0,0,0,0,0,0,564560482.5,64521198.0,0.0721,10.147,1230777,841085,0,53.7,,2026-08-11
1704,ATO,Utilities,Utilities - Regulated Gas,NYSE,1049919,167.92,86.74,-20,-14,-12.77,,,,,,,34,54,60,62,,0,0,0,0,0,0,28760162247.63971,168988553.0,0.0238,0.048,1016779,1386881,0,58.7,,2026-08-11
1705,MC,Financial Services,Capital Markets,NYSE,939334,63.69,86.74,-2,6,-18.57,,,,,,,34,36,44,36,,0,0,0,0,0,0,4936009697.12075,74080893.0,0.0668,0.12,1137254,968104,0,38.7,,2026-08-11
1706,PACK,Consumer Cyclical,Packaging & Containers,NYSE,544802,5.2,86.72,-59,-72,-33.42,,,,,,,34,93,80,70,,0,0,0,0,0,0,472528192.0185146,85758289.0,0.0583,0.14,699896,548381,1,81.0,,2026-08-11
1707,LADR,Real Estate,REIT - Mortgage,NYSE,1185370,9.63,86.7,-2,2,-19.21,,,,,,,34,36,40,40,,0,0,0,0,0,0,1238205386.3171637,126865303.0,0.0379,0.022,1502011,1144202,0,38.7,,2026-08-11
1708,NYT,Communication Services,Publishing,NYSE,2028063,64.8,86.7,-33,-25,-25.6,,,,,,,34,67,75,79,,0,0,0,0,0,0,10247959202.099531,161283586.0,0.0871,0.113,3062860,1971090,0,73.7,,2026-08-11
1709,MH,Consumer Defensive,Education & Training Services,NYSE,716586,11.62,86.62,17,23,-35.44,,,,,,,34,17,23,27,,0,0,0,0,0,0,2218803621.7660675,191276168.0,0.083500005,-0.02,480520,801954,0,22.3,,2026-08-11
1710,WMT,Consumer Defensive,Discount Stores,NASDAQ,22360639,112.66,86.55,-19,1,-16.65,,,,,,,34,53,73,78,,0,0,0,0,0,0,890111141343.6849,7958079155.0,0.0168,0.073,23508887,23642571,0,68.0,,2026-08-11
1711,NXPI,Technology,Semiconductors,NASDAQ,4367023,233.43,86.54,-47,-46,-31.33,,,,,,,34,81,82,69,,0,0,0,0,0,0,60446275842.53677,252164174.0,0.038599998,0.195,5512400,4439812,0,77.3,,2026-08-11
1712,PTON,Consumer Cyclical,Leisure,NASDAQ,8864625,5.51,86.54,-20,-42,-40.11,,,,,,,34,54,32,10,,0,0,0,0,0,0,2492791754.3426623,438871801.0,0.15,0.001,11563675,9539533,0,32.0,,2026-08-11
1713,DXC,Technology,Information Technology Services,NYSE,4383109,10.91,86.5,18,11,-30.42,,,,,,,34,16,9,31,,0,0,0,0,0,0,1732001013.1402931,159778689.0,0.2328,-0.051,4894047,5130849,0,18.7,,2026-08-11
1714,PTY,Financial Services,Asset Management,NYSE,1129542,11.87,86.49,-3,-5,-19.2,,,,,,,34,37,35,39,,0,0,0,0,0,0,2509865929.6258736,211981917.0,0.51,0.072,1278037,1092393,0,37.0,,2026-08-11
1715,WMS,Industrials,Building Products & Equipment,NYSE,674782,141.67,86.49,-17,-34,-20.99,,,,,,,34,51,34,77,,0,0,0,0,0,0,10854598750.781158,75405342.0,0.038399998,0.206,764977,858853,0,54.0,,2026-08-11
1716,VNT,Technology,Scientific & Technical Instruments,NYSE,1586323,34.24,86.45,15,12,-28.96,,,,,,,34,19,16,56,,0,0,0,0,0,0,4744168020.629883,135200000.0,0.1047,-0.022,1843889,1710253,0,30.3,,2026-08-11
1717,CTSH,Technology,Information Technology Services,NASDAQ,9893917,58.31,86.43,21,20,-33.0,,,,,,,34,13,12,26,,0,0,0,0,0,0,27277909133.911133,473000000.0,0.1265,0.045,11551861,11628198,0,17.0,,2026-08-11
1718,RYAAY,Industrials,Airlines,NASDAQ,1595881,59.51,86.43,-17,-38,-19.84,,,,,,,34,51,30,72,,0,0,0,0,0,0,31262235547.042908,519392528.0,0.0055,0.011,969334,1360888,0,51.0,,2026-08-11
1719,JBS,Consumer Defensive,Packaged Foods,NYSE,5193207,13.41,86.42,9,30,-28.1,,,,,,,34,25,46,68,,0,0,0,0,0,0,46803116770.504425,3289045557.0,0.1348,0.107,5973681,6798744,0,46.3,,2026-08-11
1720,TRTX,Real Estate,REIT - Mortgage,NYSE,764838,7.92,86.41,-22,-32,-19.59,,,,,,,34,56,46,56,,0,0,0,0,0,0,617990537.0925264,76769009.0,0.0481,-0.116,1024204,753016,0,52.7,,2026-08-11
1721,WEC,Utilities,Utilities - Regulated Electric,NYSE,1984117,106.12,86.4,-22,-25,-11.5,,,,,,,34,56,53,59,,0,0,0,0,0,0,35071168197.31794,325849383.0,0.0478,0.026,2303843,2168516,0,56.0,,2026-08-11
1722,DUOL,Technology,Software - Application,NASDAQ,1211460,137.19,86.36,8,-9,-63.27,,,,,,,34,26,9,5,,0,0,0,0,0,0,6099038730.918182,46593117.0,0.21440001,0.183,1637980,1386964,0,13.3,,2026-08-11
1723,ATMU,Consumer Cyclical,Auto Parts,NYSE,636318,49.62,86.36,-11,6,-25.38,,,,,,,34,45,62,88,,0,0,0,0,0,0,4179177991.213318,81672428.0,0.040599998,0.146,666865,782629,0,65.0,,2026-08-11
1724,UAMY,Basic Materials,Other Industrial Metals & Mining,NYSE,5504670,6.67,86.34,-2,57,-66.16,,,,,,,34,36,95,96,,0,0,0,0,0,0,1015071496.5679178,148185622.0,0.2167,-0.031,5303600,6853840,2,75.7,,2026-08-11
1725,NU,Financial Services,Banks - Regional,NYSE,87261529,13.86,86.32,3,-2,-26.98,,,,,,,34,31,26,70,,0,0,0,0,0,0,66853907185.87345,4830484570.0,0.041100003,0.437,49060567,78126883,0,42.3,,2026-08-11
1726,NCLH,Consumer Cyclical,Travel Services,NYSE,15099214,18.55,86.32,6,-5,-31.75,,,,,,,34,28,17,67,,0,0,0,0,0,0,8839366035.5,459187846.0,0.2017,0.049,18465222,17124076,0,37.3,,2026-08-11
1727,AQN,Utilities,Utilities - Diversified,NYSE,4349565,5.66,86.25,-2,1,-20.39,,,,,,,33,35,38,73,,0,0,0,0,0,0,4419236701.083441,769901895.0,2.52,0.031,3896636,4320419,0,48.7,,2026-08-11
1728,JANX,Healthcare,Biotechnology,NASDAQ,851719,16.41,86.23,2,-9,-53.57,,,,,,,33,31,20,7,,0,0,0,0,0,0,966602034.1636848,60984354.0,0.1356,,612787,1039251,0,19.3,,2026-08-11
1729,DIS,Communication Services,Entertainment,NYSE,11427954,103.18,86.23,5,14,-13.86,,,,,,,33,28,37,36,,0,0,0,0,0,0,181146729212.1363,1726686902.0,0.012999999,0.068,13567113,11303840,0,33.7,,2026-08-11
1730,VIA,Technology,Software - Application,NYSE,882616,23.31,86.17,14,0,-58.6,,,,,,,33,19,5,4,,0,0,0,0,0,0,1805581220.4814072,81295871.0,0.1725,0.267,922029,1094669,0,9.3,,2026-08-11
1731,HTFL,Healthcare,Health Information Services,NASDAQ,1264762,29.35,86.13,6,47,-28.8,,,,,,,33,27,68,20,,0,0,0,0,0,0,2485460636.641388,86240828.0,0.098900005,0.413,853696,1521081,0,38.3,,2026-08-11
1732,CAE,Industrials,Aerospace & Defense,NASDAQ,597700,26.86,86.13,7,13,-21.55,,,,,,,33,26,32,65,,0,0,0,0,0,0,8743751834.08208,321579686.0,6.78,0.04,527112,643304,0,41.0,,2026-08-11
1733,CHH,Consumer Cyclical,Lodging,NYSE,611755,102.75,86.12,-3,-3,-17.43,,,,,,,33,36,36,36,,0,0,0,0,0,0,4800619787.346497,45008622.0,0.3157,0.071,602436,647285,0,36.0,,2026-08-11
1734,CMS,Utilities,Utilities - Regulated Electric,NYSE,3526477,69.06,86.09,-20,-25,-14.06,,,,,,,33,53,48,56,,0,0,0,0,0,0,21942558952.96088,308919602.0,0.0,-0.005,3782491,3719014,0,52.3,,2026-08-11
1735,VC,Consumer Cyclical,Auto Parts,NASDAQ,564755,104.79,86.05,-16,3,-18.83,,,,,,,33,49,68,54,,0,0,0,0,0,0,2779794948.4488144,26695429.0,0.1325,-0.009,470465,593827,0,57.0,,2026-08-11
1736,SUI,Real Estate,REIT - Residential,NYSE,1616075,118.57,86.04,-4,2,-13.99,,,,,,,33,37,43,56,,0,0,0,0,0,0,14669707558.445618,121800957.0,0.0375,0.002,1722505,1508585,0,45.3,,2026-08-11
1737,UBER,Technology,Software - Application,NYSE,19172019,78.03,86.04,4,6,-23.49,,,,,,,33,29,31,22,,0,0,0,0,0,0,153232853420.6813,2042560121.0,0.026400002,0.122,23036899,21345131,0,27.3,,2026-08-11
1738,SDOT,Consumer Defensive,Farm Products,NASDAQ,2543525,12.51,86.03,30,27,-95.2,,,,,,,33,3,0,3,,0,0,0,0,0,0,12680185.60003662,1048816.0,0.060700003,,224136,4141745,0,2.0,,2026-08-11
1739,VVV,Consumer Cyclical,Auto & Truck Dealerships,NYSE,2161604,33.72,86.01,-33,-70,-18.41,,,,,,,33,66,29,60,,0,0,0,0,0,0,4507125051.320461,127536079.0,0.1172,0.241,2563344,2189526,0,51.7,,2026-08-11
1740,WGO,Consumer Cyclical,Recreational Vehicles,NYSE,618727,32.05,85.99,5,-5,-36.1,,,,,,,33,28,18,81,,0,0,0,0,0,0,909127594.5665092,28268893.0,0.1285,-0.099,459191,742602,0,42.3,,2026-08-11
1741,LUMN,Communication Services,Telecom Services,NYSE,12944327,6.64,85.97,-4,47,-44.44,,,,,,,33,37,88,88,,0,0,0,0,0,0,6429140840.980511,1030311070.0,0.073,-0.093,16629242,13903586,0,71.0,,2026-08-11
1742,DPZ,Consumer Cyclical,Restaurants,NASDAQ,954928,347.85,85.93,13,10,-25.83,,,,,,,33,20,17,25,,0,0,0,0,0,0,11610035302.079773,33081735.0,0.1125,0.043,868045,955561,0,20.7,,2026-08-11
1743,WEN,Consumer Cyclical,Restaurants,NASDAQ,12134464,7.3,85.89,-3,-3,-32.66,,,,,,,33,36,36,16,,0,0,0,0,0,0,1464796132.4993896,190480640.0,0.42349997,0.017,8380662,18062934,0,29.3,,2026-08-11
1744,AOS,Industrials,Specialty Industrial Machinery,NYSE,1745528,62.41,85.85,6,-1,-23.77,,,,,,,33,27,20,71,,0,0,0,0,0,0,8695430438.325993,135908573.0,0.1016,-0.007,1951776,1821193,0,39.3,,2026-08-11
1745,AGRO,Consumer Defensive,Farm Products,NYSE,691156,9.66,85.81,-18,20,-39.21,,,,,,,33,51,89,46,,0,0,0,0,0,0,1363714976.1753445,144308466.0,0.0363,0.225,713629,810053,0,62.0,,2026-08-11
1746,EPAC,Industrials,Specialty Industrial Machinery,NYSE,569291,36.93,85.81,3,-5,-17.93,,,,,,,33,30,22,45,,0,0,0,0,0,0,1928912069.5438845,51137646.0,0.0446,0.056,411383,564806,0,32.3,,2026-08-11
1747,GO,Consumer Defensive,Grocery Stores,NASDAQ,2196761,9.83,85.71,-21,-64,-48.88,,,,,,,33,54,11,18,,0,0,0,0,0,0,980323664.425598,98922672.0,0.33540002,0.036,2446094,2454756,0,27.7,,2026-08-11
1748,TRN,Industrials,Railroads,NYSE,781004,28.84,85.71,-44,-42,-24.72,,,,,,,33,77,79,79,,0,0,0,0,0,0,2382117601.008503,79669486.0,0.1089,-0.042,984973,792062,0,78.3,,2026-08-11
1749,AMTM,Industrials,Specialty Business Services,NYSE,1841592,24.44,85.69,14,25,-35.87,,,,,,,33,19,30,83,,0,0,0,0,0,0,6046117932.615692,244090344.0,0.0875,-0.004,1724388,1890547,0,44.0,,2026-08-11
1750,MB,Consumer Cyclical,Restaurants,NASDAQ,1084503,6.8,85.67,25,98,-65.57,,,,,,,33,8,81,27,,0,0,0,0,0,0,153022601.30882263,17155000.0,0.001,-0.12,3245521,657444,0,38.7,,2026-08-11
1751,TAP,Consumer Defensive,Beverages - Brewers,NYSE,3151597,42.52,85.66,6,1,-22.44,,,,,,,33,27,22,42,,0,0,0,0,0,0,8086506875.055714,186453933.0,0.2583,-0.033,3410071,3279012,0,30.3,,2026-08-11
1752,GLPI,Real Estate,REIT - Specialty,NASDAQ,2553947,42.81,85.59,-7,11,-14.29,,,,,,,33,40,58,53,,0,0,0,0,0,0,12841210520.456495,290920043.0,0.0402,0.09,2389071,2535986,0,50.3,,2026-08-11
1753,CRNC,Technology,Software - Application,NASDAQ,709353,8.9,85.58,-30,-25,-35.22,,,,,,,33,63,68,25,,0,0,0,0,0,0,413630720.9697685,45230257.0,0.1369,0.118,694169,871011,0,52.0,,2026-08-11
1754,HGV,Consumer Cyclical,Resorts & Casinos,NYSE,1163770,42.53,85.58,-25,-28,-23.23,,,,,,,33,58,55,66,,0,0,0,0,0,0,3548884448.8402367,77724145.0,0.1168,0.062,1422391,1301570,0,59.7,,2026-08-11
1755,CHRW,Industrials,Integrated Freight & Logistics,NASDAQ,2147717,148.29,85.57,-55,-67,-29.5,,,,,,,33,88,76,88,,0,0,0,0,0,0,17451736095.50348,116851258.0,0.0726,0.193,2997241,1891864,0,84.0,,2026-08-11
1756,SRE,Utilities,Utilities - Diversified,NYSE,3445198,84.31,85.56,-26,-24,-16.56,,,,,,,33,59,61,61,,0,0,0,0,0,0,54849159394.249054,653900348.0,0.023699999,-0.001,4266384,3891106,0,60.3,,2026-08-11
1757,AMPX,Industrials,Electrical Equipment & Parts,NYSE,6535959,11.81,85.54,-7,50,-51.25,,,,,,,33,40,97,95,,0,0,0,0,0,0,1731055379.0253334,146080618.0,0.201,1.259,7153298,7069447,2,77.3,,2026-08-11
1758,PUK,Financial Services,Insurance - Life,NYSE,980116,28.22,85.39,-8,23,-17.07,,,,,,,33,41,72,77,,0,0,0,0,0,0,35166568233.29309,1243513698.0,0.0007,0.188,1315240,1243240,0,63.3,,2026-08-11
1759,BR,Technology,Information Technology Services,NYSE,1148975,173.4,85.38,12,7,-34.9,,,,,,,32,20,15,19,,0,0,0,0,0,0,19257106450.5,115658297.0,0.0397,0.075,1487765,1411067,0,18.0,,2026-08-11
1760,OWL,Financial Services,Asset Management,NYSE,19062417,11.65,85.36,11,3,-43.39,,,,,,,32,21,13,16,,0,0,0,0,0,0,18506424508.586056,1559092223.0,0.2207,0.071,25768122,22154932,0,16.7,,2026-08-11
1761,EYE,Consumer Cyclical,Specialty Retail,NASDAQ,1776753,22.43,85.36,14,11,-25.28,,,,,,,32,18,15,86,,0,0,0,0,0,0,1806630734.6258357,80116665.0,0.2933,0.066,1737950,2067278,0,39.7,,2026-08-11
1762,PDI,Financial Services,Asset Management,NYSE,2506895,16.15,85.25,-6,-3,-19.93,,,,,,,32,38,41,56,,0,0,0,0,0,0,7421955741.90543,461564414.0,0.19,,2572745,2691829,0,45.0,,2026-08-11
1763,HUN,Basic Materials,Chemicals,NYSE,4303002,10.36,85.23,-13,22,-35.61,,,,,,,32,45,80,70,,0,0,0,0,0,0,1774831573.8495102,175378616.0,0.108500004,0.141,4245258,5781657,0,65.0,,2026-08-11
1764,TSN,Consumer Defensive,Farm Products,NYSE,3094397,57.16,85.23,-13,13,-17.73,,,,,,,32,45,71,67,,0,0,0,0,0,0,20418560078.563904,351801512.0,0.0346,-0.001,3603423,3513942,0,61.0,,2026-08-11
1765,ULS,Industrials,Specialty Business Services,NYSE,1090944,78.05,85.23,-31,-11,-27.42,,,,,,,32,63,83,38,,0,0,0,0,0,0,15764251039.613457,201563115.0,0.0637,0.052,1339893,1115416,0,61.3,,2026-08-11
1766,ROAD,Industrials,Engineering & Construction,NASDAQ,1206851,118.16,85.22,10,48,-21.75,,,,,,,32,22,60,84,,0,0,0,0,0,0,6769469886.308762,56534742.0,0.055999998,0.282,935754,989638,0,55.3,,2026-08-11
1767,RXST,Healthcare,Medical Devices,NASDAQ,1288476,6.57,85.22,19,16,-50.3,,,,,,,32,13,10,19,,0,0,0,0,0,0,260373792.0799408,41593256.0,0.098000005,0.003,914988,1224623,0,14.0,,2026-08-11
1768,CCJ,Energy,Uranium,NYSE,3655608,97.31,85.16,-1,50,-28.05,,,,,,,32,33,84,93,,0,0,0,0,0,0,42416556558.981766,435532979.0,2.29,-0.072,3408924,3546838,1,70.0,,2026-08-11
1769,NCNO,Technology,Software - Application,NASDAQ,2376826,18.97,85.12,11,7,-44.07,,,,,,,32,21,17,12,,0,0,0,0,0,0,2100130059.8582268,109552950.0,0.1712,0.106,2020728,3204679,0,16.7,,2026-08-11
1770,T,Communication Services,Telecom Services,NYSE,79938317,24.05,85.12,6,13,-19.27,,,,,,,32,26,33,60,,0,0,0,0,0,0,163018260887.04645,6852385650.0,0.015700001,0.023,53816702,71001826,0,39.7,,2026-08-11
1771,CMCSA,Communication Services,Telecom Services,NASDAQ,38011941,25.2,85.08,7,7,-23.31,,,,,,,32,25,25,59,,0,0,0,0,0,0,89993425657.19588,3548636573.0,0.0271,-0.012,30061234,37206874,0,36.3,,2026-08-11
1772,BCE,Communication Services,Telecom Services,NYSE,4274363,22.54,85.07,-1,19,-15.01,,,,,,,32,33,53,66,,0,0,0,0,0,0,21214962336.75,932525817.0,6.77,0.015,4698991,4287014,0,50.7,,2026-08-11
1773,EEFT,Technology,Software - Infrastructure,NASDAQ,711072,70.89,85.03,-6,-16,-28.05,,,,,,,32,38,28,23,,0,0,0,0,0,0,2744452845.23758,38075094.0,0.1377,0.032,899327,737109,0,29.7,,2026-08-11
1774,ATAT,Consumer Cyclical,Lodging,NASDAQ,834544,35.62,85.0,6,32,-17.49,,,,,,,32,26,52,68,,0,0,0,0,0,0,4879346154.889526,138185952.0,0.0248,0.475,756193,870334,0,48.7,,2026-08-11
1775,WYNN,Consumer Cyclical,Resorts & Casinos,NASDAQ,1502142,102.5,84.97,5,7,-23.92,,,,,,,32,27,29,58,,0,0,0,0,0,0,10558942877.415413,102973891.0,0.1031,0.069,1715548,1522797,0,38.0,,2026-08-11
1776,G,Technology,Information Technology Services,NYSE,2236405,34.13,84.92,13,10,-29.83,,,,,,,32,19,16,24,,0,0,0,0,0,0,5761707877.2849655,168028805.0,0.1047,0.071,2461247,2494251,0,19.7,,2026-08-11
1777,HCA,Healthcare,Medical Care Facilities,NYSE,1602848,414.03,84.84,5,14,-25.6,,,,,,,32,27,36,82,,0,0,0,0,0,0,89493056868.59131,216501500.0,0.040999997,0.087,1364544,1692628,0,48.3,,2026-08-11
1778,FIZZ,Consumer Defensive,Beverages - Non-Alcoholic,NASDAQ,567995,31.04,84.82,-2,-5,-33.94,,,,,,,32,34,31,35,,0,0,0,0,0,0,3007756937.2485123,93612102.0,0.1583,-0.053,360877,512127,0,33.3,,2026-08-11
1779,PAGS,Technology,Software - Infrastructure,NYSE,2736028,9.08,84.78,-4,-11,-26.3,,,,,,,32,36,29,68,,0,0,0,0,0,0,2554806854.425349,279519339.0,0.13340001,0.015,2429265,3026061,0,44.3,,2026-08-11
1780,PRGO,Healthcare,Drug Manufacturers - Specialty & Generic,NYSE,3210577,12.64,84.77,17,13,-48.64,,,,,,,32,15,11,21,,0,0,0,0,0,0,1781797126.9745064,138769245.0,0.2546,-0.032,3446673,3648892,0,15.7,,2026-08-11
1781,NI,Utilities,Utilities - Regulated Gas,NYSE,5440543,41.78,84.75,-29,-24,-15.1,,,,,,,32,61,66,66,,0,0,0,0,0,0,20434056153.700256,479560100.0,0.0309,0.046,6692811,4893698,0,64.3,,2026-08-11
1782,VSNT,Communication Services,Entertainment,NASDAQ,1851689,36.76,84.75,4,44,-37.69,,,,,,,32,28,68,14,,0,0,0,0,0,0,5381706661.431976,139170078.0,0.032,-0.037,2049777,1997195,0,36.7,,2026-08-11
1783,MBC,Consumer Cyclical,"Furnishings, Fixtures & Appliances",NYSE,2018621,9.06,84.71,9,-5,-36.29,,,,,,,32,23,9,38,,0,0,0,0,0,0,1906705868.0123613,203490490.0,0.1593,0.115,2247215,2874667,0,23.3,,2026-08-11
1784,ENOV,Healthcare,Medical Devices,NYSE,1288018,24.24,84.65,1,5,-29.29,,,,,,,32,31,35,14,,0,0,0,0,0,0,1534585270.5386658,57669494.0,0.1728,0.032,1514195,1220497,0,26.7,,2026-08-11
1785,AMT,Real Estate,REIT - Specialty,NYSE,3278542,169.11,84.63,-1,-2,-21.27,,,,,,,32,33,32,44,,0,0,0,0,0,0,80396743553.52612,465960048.0,0.0189,0.047,3481126,3386539,0,36.3,,2026-08-11
1786,NG,Basic Materials,Gold,NYSE ARCA,5174671,7.64,84.63,16,84,-46.94,,,,,,,32,16,84,96,,0,0,0,0,0,0,3330344927.2126083,438780614.0,0.0833,,5123123,4821078,1,65.3,,2026-08-11
1787,NMFC,Financial Services,Asset Management,NASDAQ,623047,7.69,84.61,8,17,-28.2,,,,,,,32,24,33,26,,0,0,0,0,0,0,732006022.5,94452390.0,0.0416,-0.264,690082,660714,0,27.7,,2026-08-11
1788,BLLN,Healthcare,Diagnostics & Research,NASDAQ,781014,98.65,84.57,-54,-109,-34.43,,,,,,,32,86,31,32,,0,0,0,0,0,0,4406797450.019318,47187038.0,0.096499994,0.644,1105354,804734,0,49.7,,2026-08-11
1789,AZN,Healthcare,Drug Manufacturers - General,NYSE,3593495,161.91,84.54,-4,25,-23.88,,,,,,,32,36,65,82,,0,0,0,0,0,0,250343989775.8832,1550885842.0,0.0016,0.064,5215385,2969489,0,61.0,,2026-08-11
1790,RCAT,Industrials,Aerospace & Defense,NASDAQ,9409312,10.0,84.53,16,56,-46.75,,,,,,,32,16,56,88,,0,0,0,0,0,0,1383977099.7023058,150268957.0,0.2358,8.491,9904608,11697403,0,53.3,,2026-08-11
1791,WLK,Basic Materials,Specialty Chemicals,NYSE,1195286,79.09,84.53,10,53,-36.34,,,,,,,32,22,65,79,,0,0,0,0,0,0,9900398729.561646,127796548.0,0.1604,0.108,1492448,1143847,0,55.3,,2026-08-11
1792,CWEN,Utilities,Utilities - Renewable,NYSE,1257085,33.05,84.51,-8,22,-20.82,,,,,,,31,39,69,83,,0,0,0,0,0,0,6702224231.024567,205274852.0,0.0752,0.227,1318757,1398117,0,63.7,,2026-08-11
1793,EFX,Industrials,Consulting Services,NYSE,1700377,181.04,84.45,9,3,-33.4,,,,,,,31,22,16,24,,0,0,0,0,0,0,21448042326.93164,117484896.0,0.0654,0.106,1385921,1803936,0,20.7,,2026-08-11
1794,CME,Financial Services,Financial Data & Stock Exchanges,NASDAQ,2825376,263.65,84.44,2,34,-19.9,,,,,,,31,29,61,63,,0,0,0,0,0,0,94806669799.3986,359579263.0,0.018099999,0.008,2134770,3560218,0,51.0,,2026-08-11
1795,VFC,Consumer Cyclical,Apparel Manufacturing,NYSE,7707461,14.9,84.4,-26,-22,-33.09,,,,,,,31,57,61,79,,0,0,0,0,0,0,5893087114.318638,393134570.0,0.0796,-0.052,11085113,7476800,0,65.7,,2026-08-11
1796,SNN,Healthcare,Medical Devices,NYSE,1821957,30.08,84.39,-2,-4,-22.45,,,,,,,31,33,31,69,,0,0,0,0,0,0,12616701699.5197,419020307.0,0.0107,0.046,2004361,1577100,0,44.3,,2026-08-11
1797,SPGI,Financial Services,Financial Data & Stock Exchanges,NYSE,2184245,410.94,84.36,-6,-15,-24.99,,,,,,,31,37,28,22,,0,0,0,0,0,0,120334412719.72656,294800000.0,0.0172,0.104,2435646,2345815,0,29.0,,2026-08-11
1798,VRSK,Industrials,Consulting Services,NASDAQ,1863672,181.18,84.28,-1,-16,-34.4,,,,,,,31,32,17,17,,0,0,0,0,0,0,24966527175.131104,130156012.0,0.0556,0.044,2008946,2440447,0,22.0,,2026-08-11
1799,CRTO,Communication Services,Advertising Agencies,NASDAQ,569813,17.95,84.25,-38,-90,-29.02,,,,,,,31,69,17,15,,0,0,0,0,0,0,923494364.0931149,50244527.0,,-0.113,757781,460768,0,33.7,,2026-08-11
1800,NB,Basic Materials,Other Industrial Metals & Mining,NASDAQ,3427160,5.45,84.23,7,66,-56.68,,,,,,,31,24,83,91,,0,0,0,0,0,0,780346596.717968,145587048.0,0.075500004,,4519340,3494300,1,66.0,,2026-08-11
1801,NTLA,Healthcare,Biotechnology,NASDAQ,4212486,12.02,84.18,-3,46,-57.45,,,,,,,31,34,83,80,,0,0,0,0,0,0,1668283928.7501993,139722277.0,0.413,-0.462,3879679,5280535,0,65.7,,2026-08-11
1802,XYL,Industrials,Specialty Industrial Machinery,NYSE,1918930,121.19,84.16,1,-6,-21.44,,,,,,,31,30,23,34,,0,0,0,0,0,0,28093133148.58548,233486812.0,0.042600002,0.015,1959702,1960610,0,29.0,,2026-08-11
1803,FG,Financial Services,Insurance - Life,NYSE,613066,27.08,84.14,-35,-68,-24.48,,,,,,,31,66,33,25,,0,0,0,0,0,0,3622977243.019564,130935209.0,0.1355,0.042,585808,656561,0,41.3,,2026-08-11
1804,LCII,Consumer Cyclical,Recreational Vehicles,NYSE,538422,104.85,84.06,-3,0,-34.33,,,,,,,31,34,37,89,,0,0,0,0,0,0,2645092035.7928314,24311507.0,0.1369,-0.125,281038,496045,0,53.3,,2026-08-11
1805,MOS,Basic Materials,Agricultural Inputs,NYSE,7991057,23.47,84.06,9,6,-36.55,,,,,,,31,22,19,48,,0,0,0,0,0,0,7330673426.985409,317895646.0,0.1238,-0.06,8331393,8842368,0,29.7,,2026-08-11
1806,KLAR,Financial Services,Credit Services,NYSE,3816408,19.62,84.04,6,-13,-58.68,,,,,,,31,25,6,8,,0,0,0,0,0,0,7524458227.161152,378113486.0,0.1193,0.444,2948474,4384510,0,13.0,,2026-08-11
1807,GRRR,Technology,Software - Infrastructure,NASDAQ,1303575,13.49,84.04,-39,-73,-42.57,,,,,,,31,70,36,18,,0,0,0,0,0,0,365010772.511364,27757474.0,0.1424,0.546,945715,1613427,0,41.3,,2026-08-11
1808,RDDT,Communication Services,Internet Content & Information,NYSE,5443149,158.72,84.03,-40,-60,-43.91,,,,,,,31,71,51,22,,0,0,0,0,0,0,31110515079.852448,192396510.0,0.1174,0.611,8067499,5183091,0,48.0,,2026-08-11
1809,FNF,Financial Services,Insurance - Specialty,NYSE,1580589,47.99,84.03,-13,-31,-18.95,,,,,,,31,44,26,51,,0,0,0,0,0,0,13506325439.340364,269157540.0,0.0279,0.108,1663999,1639693,0,40.3,,2026-08-11
1810,MCD,Consumer Cyclical,Restaurants,NYSE,4706377,273.72,84.02,0,-2,-19.91,,,,,,,31,31,29,55,,0,0,0,0,0,0,195019655984.1705,710505859.0,0.018,0.038,5129831,4756990,0,38.3,,2026-08-11
1811,CAG,Consumer Defensive,Packaged Foods,NYSE,19920877,14.77,83.95,1,-12,-27.31,,,,,,,31,30,17,38,,0,0,0,0,0,0,7231126686.317526,478565642.0,0.13340001,0.036,12831182,18520416,0,28.3,,2026-08-11
1812,OR,Basic Materials,Gold,NYSE,1063859,33.74,83.94,10,65,-29.8,,,,,,,31,21,76,91,,0,0,0,0,0,0,6196005184.203232,187303653.0,1.96,0.62,1105188,1060429,1,62.7,,2026-08-11
1813,MKC,Consumer Defensive,Packaged Foods,NYSE,3447675,53.13,83.94,3,-13,-26.8,,,,,,,31,28,12,41,,0,0,0,0,0,0,14238377947.779053,268851552.0,0.0,0.167,3084817,4265635,0,27.0,,2026-08-11
1814,ECVT,Basic Materials,Specialty Chemicals,NYSE,1415554,10.08,83.85,-34,-9,-33.18,,,,,,,30,64,89,85,,0,0,0,0,0,0,1136281983.767664,109468398.0,0.0422,,1257682,1642932,0,79.3,,2026-08-11
1815,CBRE,Real Estate,Real Estate Services,NYSE,1735427,143.94,83.8,-2,6,-17.4,,,,,,,30,32,40,35,,0,0,0,0,0,0,42909265536.72717,289575298.0,0.0187,0.155,2004783,2056192,0,35.7,,2026-08-11
1816,GRFS,Healthcare,Drug Manufacturers - General,NASDAQ,768845,8.05,83.79,8,12,-25.74,,,,,,,30,22,26,64,,0,0,0,0,0,0,5403800530.523066,680579407.0,8.92,-0.009,726276,712049,0,37.3,,2026-08-11
1817,PEP,Consumer Defensive,Beverages - Non-Alcoholic,NASDAQ,8824799,137.73,83.73,-7,4,-19.68,,,,,,,30,37,48,67,,0,0,0,0,0,0,189747230224.60587,1364891558.0,0.026600001,0.064,7741468,9155741,0,50.7,,2026-08-11
1818,RMD,Healthcare,Medical Instruments & Supplies,NYSE,1508599,220.05,83.72,9,9,-25.1,,,,,,,30,21,21,47,,0,0,0,0,0,0,30743250379.10156,145056384.0,0.1076,0.086,1650439,1588251,0,29.7,,2026-08-11
1819,GIS,Consumer Defensive,Packaged Foods,NYSE,10305608,37.26,83.63,0,-16,-27.41,,,,,,,30,30,14,30,,0,0,0,0,0,0,19688502402.690247,533708396.0,0.1328,0.022,8214855,10509537,0,24.7,,2026-08-11
1820,INGR,Consumer Defensive,Packaged Foods,NYSE,717585,103.48,83.61,5,9,-20.69,,,,,,,30,25,29,37,,0,0,0,0,0,0,6578951949.594589,63059061.0,0.081,0.009,739895,882749,0,30.3,,2026-08-11
1821,IBM,Technology,Information Technology Services,NYSE,11608990,236.31,83.59,-32,-71,-28.92,,,,,,,30,62,23,35,,0,0,0,0,0,0,223549646909.1336,942134390.0,0.039,0.011,7566611,11668674,0,40.0,,2026-08-11
1822,CHDN,Consumer Cyclical,Gambling,NASDAQ,1034502,86.37,83.45,3,5,-27.02,,,,,,,30,27,29,26,,0,0,0,0,0,0,6123863392.521652,69700243.0,0.059499998,0.049,1462527,1038377,0,27.3,,2026-08-11
1823,PEG,Utilities,Utilities - Regulated Electric,NYSE,3072277,74.56,83.41,-15,-26,-15.89,,,,,,,30,45,34,56,,0,0,0,0,0,0,37702999100.22748,498321402.0,0.0256,-0.089,3306301,3038000,0,45.0,,2026-08-11
1824,GOF,Financial Services,Asset Management,NYSE,1256475,10.68,83.34,-2,-1,-29.55,,,,,,,30,32,33,33,,0,0,0,0,0,0,2260379626.844788,212043120.0,0.3,,1100976,1367179,0,32.7,,2026-08-11
1825,KKR,Financial Services,Asset Management,NYSE,4190608,103.83,83.32,6,6,-31.74,,,,,,,30,24,24,22,,0,0,0,0,0,0,92285913947.31683,897635601.0,0.0221,0.022,5053956,4518153,0,23.3,,2026-08-11
1826,BABA,Consumer Cyclical,Internet Retail,NYSE,11814473,132.32,83.31,5,24,-31.32,,,,,,,30,25,44,69,,0,0,0,0,0,0,307782549679.7633,2396873615.0,0.0179,0.029,9475969,12154965,0,46.0,,2026-08-11
1827,NICE,Technology,Software - Application,NASDAQ,589369,102.57,83.25,4,-9,-33.26,,,,,,,30,26,13,14,,0,0,0,0,0,0,5952418136.773079,58442987.0,0.044899996,0.076,715337,670801,0,17.7,,2026-08-11
1828,CNH,Industrials,Farm & Heavy Construction Machinery,NYSE,12723690,10.48,83.25,-2,-5,-21.26,,,,,,,30,32,29,65,,0,0,0,0,0,0,17545011651.65445,1608158744.0,0.0872,0.02,17464090,12226806,0,42.0,,2026-08-11
1829,TAC,Utilities,Utilities - Independent Power Producers,NYSE,1608642,12.26,83.23,-25,-26,-31.43,,,,,,,30,55,54,65,,0,0,0,0,0,0,3931609096.5271,316300000.0,0.0208,0.125,2024307,1799911,0,58.0,,2026-08-11
1830,CLSK,Financial Services,Capital Markets,NASDAQ,22693314,11.59,83.15,-10,30,-50.91,,,,,,,30,40,80,29,,0,0,0,0,0,0,3156285902.7442074,256608606.0,0.42540002,-0.305,22299133,22561452,0,49.7,,2026-08-11
1831,KTOS,Industrials,Aerospace & Defense,NASDAQ,4311341,62.42,83.15,19,33,-53.42,,,,,,,30,11,25,95,,0,0,0,0,0,0,11395589513.519836,187519984.0,0.0636,0.305,4553444,4856420,1,43.7,,2026-08-11
1832,ICE,Financial Services,Financial Data & Stock Exchanges,NYSE,4506553,150.54,83.08,7,22,-19.54,,,,,,,30,23,38,33,,0,0,0,0,0,0,84377593109.34001,561394487.0,0.018099999,0.048,4919339,4882551,0,31.3,,2026-08-11
1833,ARE,Real Estate,REIT - Office,NYSE,1763880,48.35,83.05,1,-4,-45.21,,,,,,,30,29,24,25,,0,0,0,0,0,0,8560019366.836208,172095277.0,0.0622,-0.119,2239730,1944614,0,26.0,,2026-08-11
1834,CMG,Consumer Cyclical,Restaurants,NYSE,18697915,32.14,82.99,-1,-7,-27.4,,,,,,,30,31,25,32,,0,0,0,0,0,0,41493057378.52478,1265418000.0,0.045300003,0.093,22707446,21022817,0,29.3,,2026-08-11
1835,BROS,Consumer Cyclical,Restaurants,NYSE,3421423,51.29,82.91,-44,-94,-31.29,,,,,,,30,74,24,25,,0,0,0,0,0,0,9259877471.96254,174681716.0,0.34669998,0.325,4870819,3533759,0,41.0,,2026-08-11
1836,UHS,Healthcare,Medical Care Facilities,NYSE,959531,172.74,82.8,9,11,-29.87,,,,,,,30,21,23,70,,0,0,0,0,0,0,10505477946.10698,60536351.0,0.0792,0.083,1037595,1068179,0,38.0,,2026-08-11
1837,PHR,Healthcare,Health Information Services,NYSE,788024,12.44,82.71,6,-10,-62.03,,,,,,,29,23,7,7,,0,0,0,0,0,0,772796382.0390129,61774290.0,0.070199996,0.129,791222,1053018,0,12.3,,2026-08-11
1838,AGI,Basic Materials,Gold,NYSE,4775040,33.19,82.68,10,74,-40.1,,,,,,,29,19,83,91,,0,0,0,0,0,0,13876738653.489723,418604465.0,1.38,0.356,6259632,5043592,1,64.3,,2026-08-11
1839,USAR,Basic Materials,Other Industrial Metals & Mining,NASDAQ,11037693,19.04,82.67,-23,16,-56.71,,,,,,,29,52,91,88,,0,0,0,0,0,0,4730439494.999338,244720099.0,0.1511,,12952360,13258396,1,77.0,,2026-08-11
1840,LOW,Consumer Cyclical,Home Improvement Retail,NYSE,2901029,218.88,82.67,3,4,-25.31,,,,,,,29,26,27,71,,0,0,0,0,0,0,125299353424.07228,561000000.0,0.022,0.103,2658249,3030959,0,41.3,,2026-08-11
1841,AMIX,Healthcare,Medical Devices,NASDAQ,7819432,9.29,82.59,23,23,-71.46,,,,,,,29,6,6,4,,0,0,0,0,0,0,5451719.979286194,543000.0,0.1173,,22167687,4698281,0,5.3,,2026-08-11
1842,BAH,Industrials,Consulting Services,NYSE,2318044,77.9,82.53,13,17,-30.58,,,,,,,29,16,20,20,,0,0,0,0,0,0,9147672563.730606,120284973.0,0.0856,-0.042,2045122,2370626,0,18.7,,2026-08-11
1843,BSY,Technology,Software - Application,NASDAQ,2822009,35.31,82.52,9,7,-38.32,,,,,,,29,20,18,17,,0,0,0,0,0,0,10636690345.1157,302092889.0,0.08189999,0.128,3135549,3191167,0,18.3,,2026-08-11
1844,SRPT,Healthcare,Biotechnology,NASDAQ,3265499,17.18,82.51,2,8,-32.15,,,,,,,29,27,33,16,,0,0,0,0,0,0,1772421484.9083197,105627021.0,0.32349998,-0.343,3337069,3496885,0,25.3,,2026-08-11
1845,QCOM,Technology,Semiconductors,NASDAQ,13964511,162.17,82.45,-49,-42,-37.61,,,,,,,29,78,85,27,,0,0,0,0,0,0,176253000640.86914,1050000000.0,0.0383,-0.04,13951093,17518212,0,63.3,,2026-08-11
1846,ZS,Technology,Software - Infrastructure,NASDAQ,2466022,176.68,82.45,9,2,-47.57,,,,,,,29,20,13,14,,0,0,0,0,0,0,27277161492.604065,161709525.0,0.0765,0.254,2421936,3649875,0,15.7,,2026-08-11
1847,PTC,Technology,Software - Application,NASDAQ,1650921,151.02,82.39,10,15,-30.61,,,,,,,29,19,24,25,,0,0,0,0,0,0,16027460540.806623,108506261.0,0.083100006,-0.068,1869383,1925062,0,22.7,,2026-08-11
1848,LPX,Industrials,Building Products & Equipment,NYSE,1237142,74.39,82.29,3,-4,-27.68,,,,,,,29,26,19,41,,0,0,0,0,0,0,5489687068.472519,69923410.0,0.100600004,-0.121,1438646,1185013,0,28.7,,2026-08-11
1849,META,Communication Services,Internet Content & Information,NASDAQ,19223771,594.92,82.2,-9,-14,-25.28,,,,,,,29,38,33,35,,0,0,0,0,0,0,1508378373627.524,2547506225.0,0.0172,0.28,19706335,19212177,0,35.3,,2026-08-11
1850,VNDA,Healthcare,Biotechnology,NASDAQ,949078,5.02,82.11,-8,36,-49.5,,,,,,,29,37,81,86,,0,0,0,0,0,0,302313435.0,60462687.0,0.12550001,-0.039,1152624,943652,0,68.0,,2026-08-11
1851,OCUL,Healthcare,Biotechnology,NASDAQ,2061958,9.24,82.0,-7,-3,-43.8,,,,,,,29,36,40,19,,0,0,0,0,0,0,2018269734.7655144,219615868.0,0.1458,0.001,2129215,2520341,0,31.7,,2026-08-11
1852,BIPC,Utilities,Utilities - Regulated Gas,NYSE,999941,38.28,81.92,-5,-6,-25.99,,,,,,,29,34,33,72,,0,0,0,0,0,0,4853211646.67868,122990668.0,9.39,0.085,1302745,1041067,0,46.3,,2026-08-11
1853,OPFI,Financial Services,Credit Services,NYSE,593106,8.77,81.9,-6,-12,-29.56,,,,,,,29,35,29,24,,0,0,0,0,0,0,802696498.625061,85393248.0,0.0306,-0.022,494278,685831,0,29.3,,2026-08-11
1854,FSCO,Financial Services,Asset Management,NYSE,885366,5.01,81.9,3,2,-33.47,,,,,,,29,26,25,31,,0,0,0,0,0,0,1017416356.7878604,202269645.0,0.0069999998,,877740,1039858,0,27.3,,2026-08-11
1855,OTEX,Technology,Software - Application,NASDAQ,1630756,24.72,81.82,2,0,-38.05,,,,,,,29,27,25,23,,0,0,0,0,0,0,6051999387.995682,242662360.0,0.052600004,0.029,2228198,2159111,0,25.0,,2026-08-11
1856,STZ,Consumer Defensive,Beverages - Brewers,NYSE,2210184,133.39,81.78,3,6,-22.21,,,,,,,29,26,29,44,,0,0,0,0,0,0,23184879261.726044,170778434.0,0.0551,-0.033,1865192,2238536,0,33.0,,2026-08-11
1857,PIPR,Financial Services,Capital Markets,NYSE,619172,74.87,81.74,1,30,-21.24,,,,,,,28,27,56,51,,0,0,0,0,0,0,5285431128.590584,70670291.0,0.0558,0.249,618857,617635,0,44.7,,2026-08-11
1858,PBH,Healthcare,Drug Manufacturers - Specialty & Generic,NYSE,543780,53.0,81.62,8,6,-25.43,,,,,,,28,20,18,34,,0,0,0,0,0,0,2598363232.815811,47372166.0,0.078600004,0.065,605921,632630,0,24.0,,2026-08-11
1859,CWK,Real Estate,Real Estate Services,NYSE,2067279,13.28,81.61,-7,1,-23.68,,,,,,,28,35,43,30,,0,0,0,0,0,0,3246090563.732765,234713708.0,0.069,0.112,1892378,2192435,0,36.0,,2026-08-11
1860,TLN,Utilities,Utilities - Independent Power Producers,NASDAQ,751132,343.19,81.44,-42,-56,-23.95,,,,,,,28,70,56,78,,0,0,0,0,0,0,16660266587.4664,47914259.0,0.059,1.112,876896,838277,0,68.0,,2026-08-11
1861,SOFI,Financial Services,Credit Services,NASDAQ,79648380,18.12,81.42,3,-4,-44.64,,,,,,,28,25,18,35,,0,0,0,0,0,0,23739061471.191048,1291570324.0,0.1461,0.426,75270140,82914674,0,26.0,,2026-08-11
1862,ETOR,Financial Services,Capital Markets,NASDAQ,709688,34.0,81.4,-21,-1,-42.2,,,,,,,28,49,69,16,,0,0,0,0,0,0,2802534785.08358,79527090.0,0.0583,-0.356,787896,762935,0,44.7,,2026-08-11
1863,VIV,Communication Services,Telecom Services,NYSE,1255195,11.93,81.35,-26,-16,-30.88,,,,,,,28,54,64,85,,0,0,0,0,0,0,19189616509.468124,1597803176.0,0.0116,0.076,1560065,1204299,0,67.7,,2026-08-11
1864,BNTX,Healthcare,Biotechnology,NASDAQ,905717,92.8,81.31,0,0,-25.16,,,,,,,28,28,28,44,,0,0,0,0,0,0,23530312503.25107,251204366.0,0.0332,-0.595,1184072,977108,0,33.3,,2026-08-11
1865,GPK,Consumer Cyclical,Packaging & Containers,NYSE,4832262,11.91,81.29,9,0,-49.25,,,,,,,28,19,10,13,,0,0,0,0,0,0,3580237495.5720806,295887387.0,0.1086,-0.007,5894067,5793775,0,14.0,,2026-08-11
1866,FIG,Technology,Software - Application,NYSE,24420072,25.39,81.29,11,0,-72.1,,,,,,,28,17,6,5,,0,0,0,0,0,0,12413800290.415108,533009867.0,0.3475,0.482,29701668,22582501,0,9.3,,2026-08-11
1867,SHOE,Consumer Cyclical,Apparel Retail,NASDAQ,704248,16.11,81.28,5,7,-39.37,,,,,,,28,23,25,52,,0,0,0,0,0,0,427633101.0,27151308.0,0.2367,-0.025,517454,676522,0,33.3,,2026-08-11
1868,KD,Technology,Information Technology Services,NYSE,4344625,13.63,81.25,17,15,-59.79,,,,,,,28,11,9,6,,0,0,0,0,0,0,3053812146.969288,217818263.0,0.1489,-0.033,5129245,4422349,0,8.7,,2026-08-11
1869,NVAX,Healthcare,Biotechnology,NASDAQ,3440887,7.89,81.16,-41,-36,-34.09,,,,,,,28,69,74,65,,0,0,0,0,0,0,1311318490.2390995,164945726.0,0.2682,-0.763,3475982,3973430,0,69.3,,2026-08-11
1870,WH,Consumer Cyclical,Lodging,NYSE,1382440,71.35,81.09,-4,13,-21.97,,,,,,,28,32,49,36,,0,0,0,0,0,0,5477522733.640503,74211122.0,0.11310001,-0.055,1229240,1415966,0,39.0,,2026-08-11
1871,QBTS,Technology,Computer Hardware,NASDAQ,19221295,20.19,80.95,-13,22,-56.81,,,,,,,28,41,76,86,,0,0,0,0,0,0,7731853094.324736,372439933.0,0.2002,-0.006,19975207,25264687,0,67.7,,2026-08-11
1872,ATEC,Healthcare,Medical Devices,NASDAQ,2596829,9.49,80.95,10,-2,-59.25,,,,,,,28,18,6,30,,0,0,0,0,0,0,1431778494.0825603,153789305.0,0.103199996,0.151,3025879,2810341,0,18.0,,2026-08-11
1873,SEDG,Technology,Solar,NASDAQ,3218530,32.21,80.92,-62,-65,-60.36,,,,,,,28,90,87,87,,0,0,0,0,0,0,1954057770.5621264,61525748.0,0.2011,0.196,5251891,3057288,1,88.0,,2026-08-11
1874,TW,Financial Services,Capital Markets,NASDAQ,1751109,103.7,80.82,4,11,-24.27,,,,,,,28,24,31,33,,0,0,0,0,0,0,21854895065.79725,212969153.0,0.0365,0.09,2294007,1804831,0,29.3,,2026-08-11
1875,CPB,Consumer Defensive,Packaged Foods,NASDAQ,5998870,22.42,80.82,-4,-23,-34.39,,,,,,,28,32,13,26,,0,0,0,0,0,0,6873653673.636692,298206243.0,0.2758,-0.044,5413062,8807932,0,23.7,,2026-08-11
1876,CTRI,Utilities,Utilities - Regulated Gas,NYSE,2026220,23.76,80.77,-13,27,-44.72,,,,,,,28,41,81,89,,0,0,0,0,0,0,2407968852.564348,100963053.0,0.0378,0.329,3011281,1736622,0,70.3,,2026-08-11
1877,VICI,Real Estate,REIT - Diversified,NYSE,9672952,26.07,80.68,-5,-1,-23.13,,,,,,,27,32,36,39,,0,0,0,0,0,0,29442813755.863342,1101077562.0,0.028399998,0.057,11881357,10100937,0,35.7,,2026-08-11
1878,OXLC,Financial Services,Asset Management,NASDAQ,854135,9.27,80.67,5,8,-51.34,,,,,,,27,22,25,12,,0,0,0,0,0,0,898376742.9748077,97649648.0,0.0461,-0.102,856647,993539,0,19.7,,2026-08-11
1879,RDY,Healthcare,Drug Manufacturers - Specialty & Generic,NYSE,2996098,12.15,80.63,-7,-9,-22.46,,,,,,,27,34,32,48,,0,0,0,0,0,0,10179261114.495018,833000073.0,0.0306,-0.056,2718636,2656553,0,38.0,,2026-08-11
1880,YELP,Communication Services,Internet Content & Information,NYSE,1095370,24.55,80.56,-3,-11,-28.82,,,,,,,27,30,22,14,,0,0,0,0,0,0,1405562364.8717957,54990704.0,0.26950002,0.014,1167891,1235264,0,22.0,,2026-08-11
1881,RMBS,Technology,Semiconductors,NASDAQ,2896588,95.89,80.39,-37,-10,-44.92,,,,,,,27,64,91,84,,0,0,0,0,0,0,11011021572.4616,108461603.0,0.0573,0.204,2785066,3182865,1,79.7,,2026-08-11
1882,GXO,Industrials,Integrated Freight & Logistics,NYSE,1534099,46.96,80.38,-1,5,-29.75,,,,,,,27,28,34,86,,0,0,0,0,0,0,5548793394.804935,115048589.0,0.0738,0.043,2125187,1448135,0,49.3,,2026-08-11
1883,HLNE,Financial Services,Asset Management,NASDAQ,786775,100.36,80.31,12,7,-37.71,,,,,,,27,15,10,24,,0,0,0,0,0,0,5567827689.866272,55110638.0,0.1234,0.565,871366,925861,0,16.3,,2026-08-11
1884,MOMO,Communication Services,Internet Content & Information,NASDAQ,524811,5.89,80.18,-6,-3,-31.46,,,,,,,27,33,36,32,,0,0,0,0,0,0,865799789.5864062,147747401.0,0.0247,-0.054,473603,727034,0,33.7,,2026-08-11
1885,AMRZ,Basic Materials,Building Materials,NYSE,3107099,46.29,80.1,-3,3,-29.8,,,,,,,27,30,36,65,,0,0,0,0,0,0,25816947105.908066,553536609.0,0.0150999995,0.085,3965747,3342037,0,43.7,,2026-08-11
1886,SBSW,Basic Materials,Other Precious Metals & Mining,NYSE,5164554,10.67,80.05,10,81,-49.88,,,,,,,27,17,88,98,,0,0,0,1,0,1,7696660591.469495,723370333.0,0.019199999,0.316,5361802,5396810,1,67.7,,2026-08-11
1887,ICL,Basic Materials,Agricultural Inputs,NYSE,1184636,5.34,80.03,3,49,-23.39,,,,,,,27,24,70,37,,0,0,0,0,0,0,6853714423.054503,1290718361.0,0.0053,0.165,1139340,1359736,0,43.7,,2026-08-11
1888,CG,Financial Services,Asset Management,NASDAQ,3462548,47.8,79.97,5,15,-31.57,,,,,,,27,22,32,49,,0,0,0,0,0,0,17194842329.40674,359800000.0,0.060300004,-0.329,4586805,3650783,0,34.3,,2026-08-11
1889,MLM,Basic Materials,Building Materials,NYSE,645351,549.54,79.94,-4,-1,-22.71,,,,,,,27,31,34,67,,0,0,0,0,0,0,32950317740.165344,60065839.0,0.0465,0.21,698265,619307,0,44.0,,2026-08-11
1890,CLB,Energy,Oil & Gas Equipment & Services,NYSE,1063117,12.22,79.92,7,18,-39.98,,,,,,,27,20,31,84,,0,0,0,0,0,0,520789569.2035637,45884542.0,0.21020001,-0.043,728873,930246,0,45.0,,2026-08-11
1891,INFY,Technology,Information Technology Services,NYSE,25005045,12.56,79.92,10,11,-58.13,,,,,,,27,17,18,25,,0,0,0,0,0,0,50748047350.84032,4050123578.0,0.0475,0.029,24368055,23872603,0,20.0,,2026-08-11
1892,BBWI,Consumer Cyclical,Specialty Retail,NYSE,5028281,19.32,79.86,-4,-18,-40.22,,,,,,,27,31,17,30,,0,0,0,0,0,0,4103798615.343567,201561812.0,0.0813,-0.032,4689063,5311552,0,26.0,,2026-08-11
1893,KT,Communication Services,Telecom Services,NYSE,1521848,18.3,79.84,3,19,-25.55,,,,,,,27,24,40,79,,0,0,0,0,0,0,8810876896.0,476263616.0,0.0126,-0.01,1924604,1770478,0,47.7,,2026-08-11
1894,CRUS,Technology,Semiconductors,NASDAQ,724628,121.84,79.77,-38,-21,-32.47,,,,,,,27,65,82,78,,0,0,0,0,0,0,6260685628.352005,50117561.0,0.0753,0.129,910484,667388,0,75.0,,2026-08-11
1895,THO,Consumer Cyclical,Recreational Vehicles,NYSE,638269,79.51,79.7,6,2,-35.27,,,,,,,27,21,17,71,,0,0,0,0,0,0,4141164181.016495,52057373.0,0.1377,-0.039,517989,763143,0,36.3,,2026-08-11
1896,OTIS,Industrials,Specialty Industrial Machinery,NYSE,3620991,72.87,79.69,3,1,-22.94,,,,,,,27,24,22,44,,0,0,0,0,0,0,28165723579.41256,380669339.0,0.043,0.073,3026145,3730125,0,30.0,,2026-08-11
1897,IRTC,Healthcare,Medical Devices,NASDAQ,630890,124.78,79.67,3,-4,-41.14,,,,,,,27,24,17,43,,0,0,0,0,0,0,4201130118.374268,32862408.0,0.105399996,0.201,856450,619514,0,28.0,,2026-08-11
1898,RWAY,Financial Services,Asset Management,NASDAQ,665979,6.63,79.67,12,13,-40.48,,,,,,,27,15,16,28,,0,0,0,0,0,0,286663749.75494385,41909904.0,0.0951,0.053,711008,630299,0,19.7,,2026-08-11
1899,CE,Basic Materials,Chemicals,NYSE,2079465,44.46,79.63,0,48,-37.11,,,,,,,27,27,75,72,,0,0,0,0,0,0,4816880295.154572,109748926.0,0.1125,0.087,2591146,1886565,0,58.0,,2026-08-11
1900,HE,Utilities,Utilities - Regulated Electric,NYSE,1702400,11.68,79.6,-24,-20,-32.8,,,,,,,27,51,55,88,,0,0,0,0,0,0,2140681671.744736,172635624.0,0.1295,0.259,2041772,1787422,0,64.7,,2026-08-11
1901,SBAC,Real Estate,REIT - Specialty,NASDAQ,1128098,181.05,79.48,-4,11,-19.65,,,,,,,27,31,46,37,,0,0,0,0,0,0,19523394753.797916,106088110.0,0.0387,0.023,1491455,1099455,0,38.0,,2026-08-11
1902,PDYN,Technology,Software - Infrastructure,NASDAQ,1194006,6.19,79.45,10,42,-42.3,,,,,,,26,16,48,31,,0,0,0,0,0,0,295537663.60731125,49338510.0,0.221,1.069,904048,1771213,0,31.7,,2026-08-11
1903,QDEL,Healthcare,Medical Devices,NASDAQ,1576347,13.75,79.42,5,-11,-61.35,,,,,,,26,21,5,27,,0,0,0,0,0,0,838067252.2087202,68190989.0,0.2364,0.028,1835562,1632010,0,17.7,,2026-08-11
1904,IONQ,Technology,Computer Hardware,NYSE,20029829,42.53,79.39,-10,41,-49.75,,,,,,,26,36,87,23,,0,0,0,0,0,0,16584383903.552948,373269948.0,0.1267,2.868,23466429,23656015,0,48.7,,2026-08-11
1905,NAVI,Financial Services,Credit Services,NASDAQ,1017623,8.47,79.38,3,-4,-38.93,,,,,,,26,23,16,20,,0,0,0,0,0,0,853423899.1891766,93989417.0,0.24540001,0.042,1436829,1209667,0,19.7,,2026-08-11
1906,DOLE,Consumer Defensive,Farm Products,NYSE,950373,12.98,79.37,-14,-12,-21.67,,,,,,,26,40,42,64,,0,0,0,0,0,0,1316048271.2399485,95158950.0,0.0512,0.116,1275871,1149336,0,48.7,,2026-08-11
1907,TSSI,Technology,Information Technology Services,NASDAQ,678673,11.59,79.35,6,51,-46.76,,,,,,,26,20,65,15,,0,0,0,0,0,0,316112750.9856186,28073956.0,0.17629999,-0.441,603169,1019081,0,33.3,,2026-08-11
1908,HDSN,Basic Materials,Specialty Chemicals,NASDAQ,548837,5.7,79.33,0,-15,-45.82,,,,,,,26,26,11,43,,0,0,0,0,0,0,235585208.7880077,42068788.0,0.05,0.075,563781,514822,0,26.7,,2026-08-11
1909,MFIC,Financial Services,Asset Management,NASDAQ,545289,9.68,79.23,-1,11,-27.44,,,,,,,26,27,39,32,,0,0,0,0,0,0,803956868.1335983,82372628.0,0.0358,-0.16,766808,569649,0,32.7,,2026-08-11
1910,POOL,Industrials,Industrial Distribution,NASDAQ,829429,199.98,79.22,1,-14,-40.51,,,,,,,26,25,10,29,,0,0,0,0,0,0,7497459424.847473,36340747.0,0.113400005,0.022,807717,1021999,0,21.3,,2026-08-11
1911,CAVA,Consumer Cyclical,Restaurants,NYSE,3273940,61.58,79.11,-6,26,-37.67,,,,,,,26,32,64,34,,0,0,0,0,0,0,7270297878.25,116473856.0,0.12189999,0.321,3154851,3170586,0,43.3,,2026-08-11
1912,LBTYA,Communication Services,Telecom Services,NASDAQ,2404132,10.15,79.02,-12,13,-24.93,,,,,,,26,38,63,50,,0,0,0,0,0,0,3598473886.3572903,341087566.0,0.0614,-0.077,2738966,2260469,0,50.3,,2026-08-11
1913,TMUS,Communication Services,Telecom Services,NASDAQ,5313683,178.2,79.01,-5,-10,-31.87,,,,,,,26,31,26,32,,0,0,0,0,0,0,190066685726.2972,1072671613.0,0.047,0.079,5457150,5652646,0,29.7,,2026-08-11
1914,EVLV,Industrials,Security & Protection Services,NASDAQ,1921164,5.86,78.98,-4,15,-34.23,,,,,,,26,30,49,41,,0,0,0,0,0,0,1102611763.8846493,179871410.0,0.0515,0.447,1863722,2208770,0,40.0,,2026-08-11
1915,RPC,Financial Services,Asset Management,NYSE,506864,8.61,78.96,0,-2,-33.26,,,,,,,26,26,24,20,,0,0,0,0,0,0,990943959.150959,110227362.0,0.0591,0.113,522412,474116,0,23.3,,2026-08-11
1916,LRN,Consumer Defensive,Education & Training Services,NYSE,992952,80.23,78.96,-6,-7,-53.13,,,,,,,26,32,31,26,,0,0,0,0,0,0,3429102899.731407,41559845.0,0.2251,-0.027,1651767,998231,0,29.7,,2026-08-11
1917,CC,Basic Materials,Specialty Chemicals,NYSE,2804524,14.59,78.88,-37,-9,-49.11,,,,,,,26,63,91,91,,0,0,0,0,0,0,2368448916.75,150377709.0,0.1089,-0.015,3518283,2686404,2,81.7,,2026-08-11
1918,LDOS,Technology,Information Technology Services,NYSE,1623971,139.1,78.88,15,19,-32.4,,,,,,,26,11,15,36,,0,0,0,0,0,0,17304307478.90027,125785466.0,0.0584,0.072,1790835,1740625,0,20.7,,2026-08-11
1919,LAND,Real Estate,REIT - Specialty,NASDAQ,622798,8.13,78.85,-3,7,-37.46,,,,,,,26,29,39,72,,0,0,0,0,0,0,359759025.4021187,43136573.0,0.071,-0.018,691596,660047,0,46.7,,2026-08-11
1920,IQMX,Technology,Computer Hardware,NASDAQ,574313,9.46,78.83,-41,-44,-37.35,,,,,,,26,67,64,43,,0,0,0,0,0,0,4432164608.177439,474028281.0,0.77,0.277,279040,626768,0,58.0,,2026-08-11
1921,LMND,Financial Services,Insurance - Property & Casualty,NYSE,1620285,52.68,78.74,-56,-99,-47.27,,,,,,,26,82,39,82,,0,0,0,0,0,0,4097376691.811924,77396615.0,0.1435,0.794,2151825,1585027,0,67.7,,2026-08-11
1922,UTI,Consumer Defensive,Education & Training Services,NYSE,1227913,26.72,78.7,-65,-72,-47.95,,,,,,,26,91,84,53,,0,0,0,0,0,0,1594027021.9585,55061381.0,0.0925,0.072,1754099,1233931,1,76.0,,2026-08-11
1923,WB,Communication Services,Internet Content & Information,NASDAQ,825334,7.98,78.69,3,15,-38.43,,,,,,,26,23,35,39,,0,0,0,0,0,0,1950640235.737497,245672572.0,0.2018,0.062,727912,1093058,0,32.3,,2026-08-11
1924,ALMU,Technology,Semiconductors,NASDAQ,526115,17.25,78.61,-11,47,-45.74,,,,,,,26,37,95,86,,0,0,0,0,0,0,334987616.5341377,18305335.0,0.2681,-0.026,577445,734961,1,72.7,,2026-08-11
1925,XP,Financial Services,Capital Markets,NASDAQ,4728409,16.2,78.59,-4,-2,-29.96,,,,,,,26,30,32,64,,0,0,0,0,0,0,8390841344.941921,516677430.0,0.047199998,0.097,3273489,5270995,0,42.0,,2026-08-11
1926,SHAK,Consumer Cyclical,Restaurants,NYSE,2081035,71.45,78.57,15,16,-35.44,,,,,,,26,11,12,30,,0,0,0,0,0,0,2874231527.385704,40408149.0,0.1228,0.172,2571675,2231551,0,17.7,,2026-08-11
1927,RBA,Industrials,Specialty Business Services,NYSE,1344262,93.82,78.54,-25,-38,-21.54,,,,,,,26,51,38,40,,0,0,0,0,0,0,17646336227.416992,186300000.0,0.095,0.111,2021058,1272829,0,43.0,,2026-08-11
1928,PMT,Real Estate,REIT - Mortgage,NYSE,1583031,9.38,78.53,-4,-3,-32.08,,,,,,,25,29,30,52,,0,0,0,0,0,0,841502760.0349388,87202362.0,0.106000006,0.061,1400353,1531278,0,37.0,,2026-08-11
1929,CRH,Basic Materials,Building Materials,NYSE,4253053,100.6,78.53,-5,2,-23.53,,,,,,,25,30,37,65,,0,0,0,0,0,0,66847789898.59592,665284511.0,0.0238,0.056,5176331,4526660,0,44.0,,2026-08-11
1930,LAZ,Financial Services,Capital Markets,NYSE,1772450,42.67,78.32,1,7,-27.37,,,,,,,25,24,30,51,,0,0,0,0,0,0,4307315356.748886,97450572.0,0.1268,0.001,1657650,2376862,0,35.0,,2026-08-11
1931,CRMD,Healthcare,Biotechnology,NASDAQ,924440,7.53,78.25,-12,-28,-49.67,,,,,,,25,37,21,13,,0,0,0,0,0,0,583682073.5290532,78451891.0,0.1983,2.261,883221,1180722,0,23.7,,2026-08-11
1932,CEG,Utilities,Utilities - Independent Power Producers,NASDAQ,3161864,270.43,78.24,4,15,-34.47,,,,,,,25,21,32,34,,0,0,0,0,0,0,95624023708.3595,354307379.0,0.033299997,0.23,2958954,3651694,0,29.0,,2026-08-11
1933,GDDY,Technology,Software - Infrastructure,NYSE,1986344,91.49,78.21,0,-9,-39.2,,,,,,,25,25,16,12,,0,0,0,0,0,0,11533806364.630188,126647704.0,0.0668,0.066,2699262,2679382,0,17.7,,2026-08-11
1934,KVYO,Technology,Software - Application,NYSE,5424384,17.87,78.18,6,-5,-50.67,,,,,,,25,19,8,9,,0,0,0,0,0,0,4974030743.225615,299279813.0,0.1733,0.264,7899514,5908926,0,12.0,,2026-08-11
1935,YXT,Technology,Software - Application,NASDAQ,2212147,5.65,78.18,16,19,-82.42,,,,,,,25,9,12,12,,0,0,0,0,0,0,356423907.9368305,59602660.0,1.01,0.047,6625818,1356982,0,11.0,,2026-08-11
1936,SUZ,Basic Materials,Paper & Paper Products,NYSE,2718820,8.12,78.17,-2,-4,-29.61,,,,,,,25,27,25,67,,0,0,0,0,0,0,10147481184.48352,1234486722.0,0.0077,-0.051,2578421,3003450,0,39.7,,2026-08-11
1937,AMRC,Industrials,Engineering & Construction,NYSE,625059,25.28,78.17,-7,35,-43.73,,,,,,,25,32,74,87,,0,0,0,0,0,0,1361148291.906847,53066211.0,0.15609999,0.091,918649,633919,0,64.3,,2026-08-11
1938,RGTI,Technology,Computer Hardware,NASDAQ,22229729,17.65,78.15,0,49,-69.65,,,,,,,25,25,74,35,,0,0,0,0,0,0,5987811499.431742,333768747.0,0.18540001,1.989,21506447,31377409,0,44.7,,2026-08-11
1939,CHKP,Technology,Software - Infrastructure,NASDAQ,1291190,131.14,78.1,5,-5,-37.75,,,,,,,25,20,10,23,,0,0,0,0,0,0,13050503006.72136,102100634.0,0.069699995,0.013,1413062,1330784,0,17.7,,2026-08-11
1940,ACN,Technology,Information Technology Services,NYSE,8263590,178.25,78.06,14,15,-38.76,,,,,,,25,11,12,22,,0,0,0,0,0,0,107530468140.47964,611942109.0,0.0612,0.056,6899671,9298196,0,15.0,,2026-08-11
1941,LBTYK,Communication Services,Telecom Services,NASDAQ,1353370,9.99,78.06,-10,12,-23.86,,,,,,,25,35,57,44,,0,0,0,0,0,0,3492736597.771252,341087566.0,0.0723,-0.077,1583381,1357484,0,45.3,,2026-08-11
1942,BEPC,Utilities,Utilities - Renewable,NYSE,1738273,33.22,78.03,-6,12,-26.47,,,,,,,25,31,49,82,,0,0,0,0,0,0,6262119343.922195,185599260.0,6.99,0.13,2084310,1674526,0,54.0,,2026-08-11
1943,TRIP,Consumer Cyclical,Travel Services,NASDAQ,3354292,10.78,77.99,-30,-69,-46.53,,,,,,,25,55,16,15,,0,0,0,0,0,0,1263408875.464399,117199342.0,0.33290002,-0.072,4553567,3910083,0,28.7,,2026-08-11
1944,JBTM,Industrials,Specialty Industrial Machinery,NYSE,547599,122.41,77.98,-19,-36,-28.07,,,,,,,25,44,27,77,,0,0,0,0,0,0,6387073851.523933,51876817.0,0.0828,0.049,680587,553435,0,49.3,,2026-08-11
1945,UNCY,Healthcare,Biotechnology,NASDAQ,1894263,5.02,77.97,-4,56,-42.56,,,,,,,25,29,89,68,,0,0,0,0,0,0,138882651.59232473,27393027.0,0.1846,,795019,1705061,0,62.0,,2026-08-11
1946,BIDU,Communication Services,Internet Content & Information,NASDAQ,2261911,109.5,77.82,-15,26,-33.76,,,,,,,25,40,81,84,,0,0,0,0,0,0,37212154005.47546,339186531.0,0.0368,-0.012,2024814,2266196,0,68.3,,2026-08-11
1947,BULL,Technology,Software - Application,NASDAQ,8355887,7.26,77.78,-10,-22,-57.49,,,,,,,25,35,23,10,,0,0,0,0,0,0,3892912719.092724,531818665.0,0.060599998,0.363,6959902,10644056,0,22.7,,2026-08-11
1948,RUM,Communication Services,Internet Content & Information,NASDAQ,2298302,6.21,77.73,-6,36,-41.08,,,,,,,25,31,73,20,,0,0,0,0,0,0,1760625094.4727783,275743936.0,0.1557,0.074,2237396,3140069,0,41.3,,2026-08-11
1949,PAX,Financial Services,Asset Management,NASDAQ,982550,11.2,77.71,3,5,-37.08,,,,,,,25,22,24,45,,0,0,0,0,0,0,1860871012.813193,161393847.0,0.1278,0.349,1382590,981942,0,30.3,,2026-08-11
1950,UUUU,Energy,Uranium,NYSE ARCA,7136289,14.29,77.71,-9,51,-48.78,,,,,,,25,34,94,98,,0,0,0,1,0,1,3534505185.818672,249965000.0,0.19790001,1.121,7946949,9111017,2,75.3,,2026-08-11
1951,ADMA,Healthcare,Biotechnology,NASDAQ,2795914,9.75,77.69,12,5,-52.34,,,,,,,25,13,6,35,,0,0,0,0,0,0,2217448246.5566254,223984680.0,0.1268,0.159,2729132,3168062,0,18.0,,2026-08-11
1952,AGCO,Industrials,Farm & Heavy Construction Machinery,NYSE,825821,100.87,77.63,-16,-19,-29.84,,,,,,,25,41,38,81,,0,0,0,0,0,0,7201362821.301926,70031729.0,0.0484,-0.01,1078023,809500,0,53.3,,2026-08-11
1953,TLK,Communication Services,Telecom Services,NYSE,833354,14.95,77.63,2,7,-36.44,,,,,,,25,23,28,70,,0,0,0,0,0,0,14885722436.856443,985809408.0,0.0064999997,0.064,797634,1036704,0,40.3,,2026-08-11
1954,ORN,Industrials,Engineering & Construction,NYSE,630510,9.79,77.54,-59,-54,-43.74,,,,,,,25,84,89,91,,0,0,0,0,0,0,417506456.8924999,40495290.0,0.0637,0.081,1022142,560638,1,88.0,,2026-08-11
1955,CNM,Industrials,Industrial Distribution,NYSE,2037156,46.3,77.4,2,4,-31.08,,,,,,,24,22,24,58,,0,0,0,0,0,0,8713826140.233204,187192831.0,0.0555,-0.001,1774728,2462535,0,34.7,,2026-08-11
1956,BFAM,Consumer Cyclical,Personal Services,NYSE,835825,72.48,77.19,4,-2,-41.67,,,,,,,24,20,14,12,,0,0,0,0,0,0,3860277667.011452,52606675.0,0.0571,0.065,801207,974839,0,15.3,,2026-08-11
1957,TRMB,Technology,Scientific & Technical Instruments,NASDAQ,2614548,58.44,77.16,8,10,-30.95,,,,,,,24,16,18,26,,0,0,0,0,0,0,13872466104.420055,233111519.0,0.061300002,0.118,2469804,3004690,0,20.0,,2026-08-11
1958,IONS,Healthcare,Biotechnology,NASDAQ,3898650,56.94,77.02,-3,55,-34.36,,,,,,,24,27,85,94,,0,0,0,0,0,0,9399385480.539436,166184322.0,0.1604,-0.407,2612151,3120780,1,68.7,,2026-08-11
1959,AESI,Energy,Oil & Gas Equipment & Services,NYSE,3451405,11.78,77.01,-56,-45,-41.48,,,,,,,24,80,91,48,,0,0,0,0,0,0,1407685988.8572388,124905584.0,0.256,0.016,4420095,3153223,1,73.0,,2026-08-11
1960,CXDO,Communication Services,Telecom Services,NASDAQ,501459,6.3,76.86,-60,-57,-43.9,,,,,,,24,84,87,35,,0,0,0,0,0,0,221802781.83706284,33253790.0,0.0514,0.489,470339,681519,0,68.7,,2026-08-11
1961,VST,Utilities,Utilities - Independent Power Producers,NYSE,4543810,142.87,76.81,-6,-12,-35.01,,,,,,,24,30,24,41,,0,0,0,0,0,0,47404481941.32092,337182468.0,0.0432,-0.055,5847732,4506160,0,31.7,,2026-08-11
1962,DKNG,Consumer Cyclical,Gambling,NASDAQ,12959147,24.27,76.8,-5,-12,-50.25,,,,,,,24,29,22,12,,0,0,0,0,0,0,11921975813.174623,496128817.0,0.081599995,-0.046,17132613,13599844,0,21.0,,2026-08-11
1963,AVAV,Industrials,Aerospace & Defense,NASDAQ,1899967,189.15,76.75,15,20,-54.73,,,,,,,24,9,14,75,,0,0,0,0,0,0,9450037225.679169,50608030.0,0.100600004,1.333,1244372,1729396,0,32.7,,2026-08-11
1964,PFLT,Financial Services,Asset Management,NYSE,1252102,7.4,76.73,0,15,-30.19,,,,,,,24,24,39,32,,0,0,0,0,0,0,746118576.0275688,99217896.0,0.0434,0.065,1097667,1210717,0,31.7,,2026-08-11
1965,MAT,Consumer Cyclical,Leisure,NASDAQ,4918535,14.74,76.72,3,7,-34.43,,,,,,,24,21,25,26,,0,0,0,0,0,0,4225502989.10141,285700000.0,0.14479999,0.105,4292977,4688547,0,24.0,,2026-08-11
1966,SMCI,Technology,Computer Hardware,NASDAQ,44626289,31.46,76.71,2,9,-46.48,,,,,,,24,22,29,18,,0,0,0,0,0,0,20137156787.632557,646873027.0,0.19610001,1.227,38020749,57088293,0,23.0,,2026-08-11
1967,WEAV,Healthcare,Health Information Services,NYSE,1173423,5.33,76.7,-50,-106,-34.28,,,,,,,24,74,18,16,,0,0,0,0,0,0,423195336.4582758,79999119.0,0.075500004,0.155,1257029,1111375,0,36.0,,2026-08-11
1968,TKC,Communication Services,Telecom Services,NYSE,2580726,5.5,76.69,-12,-7,-23.4,,,,,,,24,36,41,70,,0,0,0,0,0,0,4788173621.0,870577022.0,0.0033000002,0.089,3029239,2400801,0,49.0,,2026-08-11
1969,SVC,Real Estate,REIT - Hotel & Motel,NASDAQ,1947336,8.09,76.65,-14,-34,-46.25,,,,,,,24,38,18,55,,0,0,0,0,0,0,1066031840.7058716,129530000.0,0.0347,-0.164,1896782,1910872,0,37.0,,2026-08-11
1970,ARX,Financial Services,Insurance Brokers,NYSE,2142616,12.04,76.63,-2,-4,-60.49,,,,,,,24,26,24,10,,0,0,0,0,0,0,2718788704.723721,218201340.0,0.119899996,0.597,3214288,2098083,0,20.0,,2026-08-11
1971,MNDY,Technology,Software - Application,NASDAQ,1504082,88.62,76.57,2,-12,-59.86,,,,,,,24,22,8,4,,0,0,0,0,0,0,3936988586.360664,42274119.0,0.19469999,0.245,1830167,1635105,0,11.3,,2026-08-11
1972,PWP,Financial Services,Capital Markets,NASDAQ,1198227,17.03,76.52,6,15,-34.31,,,,,,,24,18,27,50,,0,0,0,0,0,0,1276416207.5,72938069.0,0.13319999,0.008,1539511,1396184,0,31.7,,2026-08-11
1973,FBRT,Real Estate,REIT - Mortgage,NYSE,1227657,7.81,76.45,-4,6,-34.04,,,,,,,23,27,37,27,,0,0,0,0,0,0,656889227.8882751,83045416.0,0.0968,0.142,1482721,1260240,0,30.3,,2026-08-11
1974,DRVN,Consumer Cyclical,Auto & Truck Dealerships,NASDAQ,805835,12.53,76.38,-32,-67,-36.52,,,,,,,23,55,20,57,,0,0,0,0,0,0,2198862987.5348587,164955964.0,0.1342,0.068,728715,913589,0,44.0,,2026-08-11
1975,SNAP,Communication Services,Internet Content & Information,NYSE,39245483,5.35,76.37,8,20,-42.35,,,,,,,23,15,27,10,,0,0,0,0,0,0,9014083675.931854,1691197712.0,0.083000004,0.189,48236121,43606350,0,17.3,,2026-08-11
1976,MP,Basic Materials,Other Industrial Metals & Mining,NYSE,6038366,54.66,76.34,-3,56,-45.48,,,,,,,23,26,85,90,,0,0,0,0,0,0,9098714648.436129,178022198.0,0.1736,1.197,8497379,5947023,1,67.0,,2026-08-11
1977,WMG,Communication Services,Entertainment,NASDAQ,2205625,26.41,76.21,-14,17,-25.44,,,,,,,23,37,68,35,,0,0,0,0,0,0,13804866484.629135,523109769.0,0.0979,0.104,2616736,2215229,0,46.7,,2026-08-11
1978,NMRK,Real Estate,Real Estate Services,NASDAQ,1325248,14.19,76.14,-16,6,-28.46,,,,,,,23,39,61,37,,0,0,0,0,0,0,2629185563.2635946,177527717.0,0.0382,0.17,1671636,1402595,0,45.7,,2026-08-11
1979,BWXT,Industrials,Aerospace & Defense,NYSE,891459,168.88,76.0,-9,37,-30.16,,,,,,,23,32,78,86,,0,0,0,0,0,0,15566573842.783812,91621980.0,0.041300002,0.18,964458,993785,0,65.3,,2026-08-11
1980,BV,Industrials,Specialty Business Services,NYSE,1200314,11.28,75.99,-40,-72,-26.94,,,,,,,23,63,31,38,,0,0,0,0,0,0,1067139982.2235107,93200000.0,0.3418,0.013,1743652,1000566,0,44.0,,2026-08-11
1981,PDD,Consumer Cyclical,Internet Retail,NASDAQ,6430920,93.0,75.94,4,13,-33.29,,,,,,,23,19,28,24,,0,0,0,0,0,0,130610862393.82288,1423396462.0,0.038,0.11,5649761,7988776,0,23.7,,2026-08-11
1982,RKT,Financial Services,Mortgage Finance,NYSE,30253165,13.76,75.94,-2,-3,-43.51,,,,,,,23,25,24,73,,0,0,0,0,0,0,38850134772.2501,2831642421.0,0.1409,0.919,30259236,31447699,0,40.7,,2026-08-11
1983,KC,Technology,Software - Application,NASDAQ,1552376,11.96,75.92,4,65,-35.42,,,,,,,23,19,80,51,,0,0,0,0,0,0,3691227946.609907,299369665.0,0.0401,0.372,1967548,1556307,0,50.0,,2026-08-11
1984,BPRE,Financial Services,Asset Management,NYSE,948281,12.84,75.89,-4,27,-29.7,,,,,,,23,27,58,70,,0,0,0,0,0,0,,,0.23,,953505,868639,0,51.7,,2026-08-11
1985,MQ,Technology,Software - Infrastructure,NASDAQ,1186290,15.6,75.8,-5,-10,-40.46,,,,,,,23,28,23,25,,0,0,0,0,0,0,1661417394.6110554,104098834.0,0.0539,0.17,1342434,1277153,0,25.3,,2026-08-11
1986,KR,Consumer Defensive,Grocery Stores,NYSE,7326327,56.48,75.76,-7,2,-26.25,,,,,,,23,30,39,51,,0,0,0,0,0,0,34755480027.41233,612647282.0,0.0481,0.022,6349121,8295102,0,40.0,,2026-08-11
1987,ADNT,Consumer Cyclical,Auto Parts,NYSE,1005629,18.71,75.76,-6,12,-31.52,,,,,,,23,29,47,84,,0,0,0,0,0,0,1497222425.322029,77096932.0,0.0951,0.05,1078308,1052611,0,53.3,,2026-08-11
1988,AI,Technology,Software - Infrastructure,NYSE,4960343,10.4,75.68,6,-1,-48.57,,,,,,,23,17,10,10,,0,0,0,0,0,0,1588691652.4494352,155449277.0,0.31059998,-0.525,4553789,6575723,0,12.3,,2026-08-11
1989,HSAI,Consumer Cyclical,Auto Parts,NASDAQ,1824433,19.3,75.63,11,61,-37.44,,,,,,,23,12,62,83,,0,0,0,0,0,0,24162185500.152054,1257137688.0,0.0721,0.296,1780201,1827008,0,52.3,,2026-08-11
1990,SNPS,Technology,Software - Infrastructure,NASDAQ,1847869,411.68,75.57,-8,25,-34.54,,,,,,,23,31,64,29,,0,0,0,0,0,0,79653482536.83472,191479325.0,0.0294,0.419,1736917,2015035,0,41.3,,2026-08-11
1991,FLY,Industrials,Aerospace & Defense,NASDAQ,3673385,25.76,75.56,13,91,-58.57,,,,,,,23,10,88,11,,0,0,0,0,0,0,4386722495.708168,164235217.0,0.121700004,0.448,3354906,5758463,0,36.3,,2026-08-11
1992,CSIQ,Technology,Solar,NASDAQ,2190714,15.6,75.54,-27,2,-54.9,,,,,,,23,50,79,75,,0,0,0,0,0,0,1080237266.2297783,67896749.0,0.3064,-0.099,1849723,2448450,0,68.0,,2026-08-11
1993,ACDC,Energy,Oil & Gas Equipment & Services,NASDAQ,1686564,5.1,75.53,-17,31,-37.96,,,,,,,23,40,88,68,,0,0,0,0,0,0,786770363.1034441,182122762.0,0.054,-0.008,2310142,1626168,0,65.3,,2026-08-11
1994,VYX,Technology,Information Technology Services,NYSE,2119186,7.93,75.47,-6,-23,-42.62,,,,,,,23,29,12,23,,0,0,0,0,0,0,1139076658.5,138069898.0,0.3545,-0.208,2191179,2386283,0,21.3,,2026-08-11
1995,SGI,Consumer Cyclical,"Furnishings, Fixtures & Appliances",NYSE,2437020,64.82,75.44,-5,-13,-34.23,,,,,,,23,28,20,65,,0,0,0,0,0,0,13726348287.75,210365491.0,0.0857,-0.03,3302711,2709926,0,37.7,,2026-08-11
1996,ISRG,Healthcare,Medical Instruments & Supplies,NASDAQ,3673294,393.38,75.38,-1,0,-34.86,,,,,,,23,24,25,30,,0,0,0,0,0,0,135719302700.07776,358278038.0,0.019,0.185,3105873,3276448,0,26.3,,2026-08-11
1997,STNE,Technology,Software - Infrastructure,NASDAQ,3538480,10.37,75.32,-5,-16,-48.02,,,,,,,22,27,16,71,,0,0,0,0,0,0,2578219288.384205,243228226.0,0.1035,0.043,3097001,4005888,0,38.0,,2026-08-11
1998,TSCO,Consumer Cyclical,Specialty Retail,NASDAQ,10594115,34.62,75.25,11,7,-44.95,,,,,,,22,11,7,34,,0,0,0,0,0,0,18007147850.25974,521040137.0,0.0654,0.023,11611277,12340665,0,17.3,,2026-08-11
1999,GPGI,Industrials,Metal Fabrication,NYSE,1320112,14.35,75.25,0,-11,-46.42,,,,,,,22,22,11,88,,0,0,0,0,0,0,4345452262.829426,289890082.0,0.2206,,1223097,1635855,0,40.3,,2026-08-11
2000,HUBS,Technology,Software - Application,NYSE,1877421,215.91,75.24,6,-3,-58.91,,,,,,,22,16,7,8,,0,0,0,0,0,0,10494341848.270432,49866201.0,0.1294,0.198,2731663,2018570,0,10.3,,2026-08-11
2001,LKQ,Consumer Cyclical,Auto Parts,NASDAQ,3206427,24.57,75.23,0,-1,-33.83,,,,,,,22,22,21,36,,0,0,0,0,0,0,6289632012.3802185,253002086.0,0.0656,-0.03,4454703,3059590,0,26.3,,2026-08-11
2002,DJT,Communication Services,Internet Content & Information,NASDAQ,4580202,9.39,75.22,9,7,-50.5,,,,,,,22,13,11,12,,0,0,0,0,0,0,2827698594.44495,276953828.0,0.102299996,0.061,4939367,4933119,0,12.0,,2026-08-11
2003,FCUV,Technology,Scientific & Technical Instruments,NASDAQ,4001559,6.44,75.09,22,22,-96.93,,,,,,,22,0,0,1,,0,0,0,0,0,0,3654617.06594944,702811.0,0.044699997,-0.748,11892327,4583292,0,0.3,,2026-08-11
2004,LULU,Consumer Cyclical,Apparel Retail,NASDAQ,2543939,127.8,75.03,9,6,-43.45,,,,,,,22,13,10,22,,0,0,0,0,0,0,14600762984.363434,113553918.0,0.0923,0.043,2334257,3500175,0,15.0,,2026-08-11
2005,COUR,Consumer Defensive,Education & Training Services,NYSE,6766157,5.76,74.9,1,-6,-53.25,,,,,,,22,21,14,15,,0,0,0,0,0,0,1663743635.5344276,286358632.0,0.082200006,0.596,9367592,7377618,0,16.7,,2026-08-11
2006,MBLY,Consumer Cyclical,Auto Parts,NASDAQ,7845289,8.75,74.87,-11,-15,-44.66,,,,,,,22,33,29,14,,0,0,0,0,0,0,2203622844.041485,252419583.0,0.1884,0.004,5660609,7011381,0,25.3,,2026-08-11
2007,CNXC,Technology,Information Technology Services,NASDAQ,1753669,25.5,74.84,8,5,-55.94,,,,,,,22,14,11,19,,0,0,0,0,0,0,1569391920.102024,61018350.0,0.21059999,0.019,1207557,1844575,0,14.7,,2026-08-11
2008,JBI,Industrials,Building Products & Equipment,NYSE,1165633,5.37,74.7,4,-2,-50.28,,,,,,,22,18,12,33,,0,0,0,0,0,0,756978173.464797,136392459.0,0.0416,0.058,1322411,1611520,0,21.0,,2026-08-11
2009,MLCO,Consumer Cyclical,Resorts & Casinos,NASDAQ,2675107,5.46,74.68,1,3,-46.21,,,,,,,22,21,23,18,,0,0,0,0,0,0,2143369354.1139264,388291551.0,0.0305,0.109,1563532,2530950,0,20.7,,2026-08-11
2010,LEN,Consumer Cyclical,Residential Construction,NYSE,2393060,85.6,74.59,0,-7,-40.65,,,,,,,22,22,15,43,,0,0,0,0,0,0,21242133695.075363,240895142.0,0.0027,-0.052,2385262,2690008,0,26.7,,2026-08-11
2011,LVS,Consumer Cyclical,Resorts & Casinos,NYSE,5095233,45.46,74.58,-4,6,-35.47,,,,,,,22,26,36,62,,0,0,0,0,0,0,29645283488.174072,647701184.0,0.1393,-0.007,5695589,4901403,0,41.3,,2026-08-11
2012,FIS,Technology,Information Technology Services,NYSE,6328176,42.51,74.53,5,4,-41.7,,,,,,,22,17,16,17,,0,0,0,0,0,0,22056742306.161434,515705917.0,0.04,0.291,8397060,6640000,0,16.7,,2026-08-11
2013,AAON,Industrials,Building Products & Equipment,NASDAQ,1116401,89.24,74.44,-58,-56,-40.69,,,,,,,22,80,82,54,,0,0,0,0,0,0,7767687609.284821,81911710.0,0.0584,0.543,1374944,1070272,0,72.0,,2026-08-11
2014,GFUZ,Industrials,Specialty Industrial Machinery,NASDAQ,695093,8.72,74.39,-37,-50,-41.28,,,,,,,22,59,46,50,,0,0,0,0,0,0,976881920.0,,0.06,,282569,618355,0,51.7,,2026-08-11
2015,WU,Financial Services,Credit Services,NYSE,11237327,7.03,74.24,-13,-12,-32.08,,,,,,,22,35,36,57,,0,0,0,0,0,0,2208103161.685522,311878981.0,0.20799999,-0.013,18039601,10401948,0,42.7,,2026-08-11
2016,TYL,Technology,Software - Application,NYSE,785795,318.63,74.18,3,1,-46.72,,,,,,,22,19,17,11,,0,0,0,0,0,0,12795538511.205688,40952274.0,0.1003,0.082,1028446,876727,0,15.7,,2026-08-11
2017,CCI,Real Estate,REIT - Specialty,NYSE,4457681,73.61,74.15,-8,1,-29.65,,,,,,,22,30,39,40,,0,0,0,0,0,0,32160175075.94565,425455439.0,0.0328,-0.049,4892535,4613141,0,36.3,,2026-08-11
2018,CRK,Energy,Oil & Gas E&P,NYSE,2485605,14.36,74.09,8,10,-48.9,,,,,,,22,14,16,29,,0,0,0,0,0,0,3937451503.87706,293620548.0,0.3066,-0.252,2530106,2555637,0,19.7,,2026-08-11
2019,KNF,Basic Materials,Building Materials,NYSE,631889,67.52,74.09,-18,-24,-29.87,,,,,,,22,40,34,63,,0,0,0,0,0,0,3791157687.199021,56753855.0,0.0747,0.126,1078199,650833,0,45.7,,2026-08-11
2020,OLN,Basic Materials,Chemicals,NYSE,3452694,18.82,74.0,-2,53,-38.21,,,,,,,22,24,79,62,,0,0,0,0,0,0,2118934506.492348,113982490.0,0.1454,-0.009,4142893,3339090,0,55.0,,2026-08-11
2021,CHWY,Consumer Cyclical,Internet Retail,NYSE,7986351,22.59,73.98,8,10,-48.07,,,,,,,21,13,15,14,,0,0,0,0,0,0,9633751871.839293,409424207.0,0.118,0.077,6836775,9340141,0,14.0,,2026-08-11
2022,CHA,Consumer Cyclical,Restaurants,NASDAQ,531728,10.21,73.92,-7,-18,-57.28,,,,,,,21,28,17,10,,0,0,0,0,0,0,1941970716.896347,190763326.0,0.0507,0.045,494804,730980,0,18.3,,2026-08-11
2023,FWRG,Consumer Cyclical,Restaurants,NASDAQ,1113999,12.03,73.67,-8,-26,-38.4,,,,,,,21,29,11,29,,0,0,0,0,0,0,766468447.4082851,61712435.0,0.0967,0.152,1480768,1198885,0,23.0,,2026-08-11
2024,RTO,Industrials,Specialty Business Services,NYSE,1326268,24.29,73.58,-29,-3,-29.94,,,,,,,21,50,76,74,,0,0,0,0,0,0,12183633062.432716,503247977.0,0.005,0.067,2326155,1163659,0,66.7,,2026-08-11
2025,UPST,Financial Services,Credit Services,NASDAQ,4230733,30.21,73.55,1,-6,-60.74,,,,,,,21,20,13,14,,0,0,0,0,0,0,2975672694.8144264,95711569.0,0.3136,0.423,5423779,4446685,0,15.7,,2026-08-11
2026,PSKY,Communication Services,Entertainment,NASDAQ,11121635,9.27,73.44,1,7,-55.56,,,,,,,21,20,26,24,,0,0,0,0,0,0,10285199933.396296,1119173058.0,0.1548,0.009,14172045,10164975,0,23.3,,2026-08-11
2027,PATK,Consumer Cyclical,Recreational Vehicles,NASDAQ,801239,85.5,73.42,1,6,-42.42,,,,,,,21,20,25,86,,0,0,0,0,0,0,2853386456.1394043,32118264.0,0.1545,-0.006,548299,660789,0,43.7,,2026-08-11
2028,ACHR,Industrials,Aerospace & Defense,NYSE,35226569,6.26,73.36,11,21,-57.18,,,,,,,21,10,20,18,,0,0,0,0,0,0,4264414790.013943,762864879.0,0.1436,,37780127,40126443,0,16.0,,2026-08-11
2029,UPWK,Communication Services,Internet Content & Information,NASDAQ,3263863,9.83,73.31,8,3,-56.96,,,,,,,21,13,8,22,,0,0,0,0,0,0,1194420394.213686,123518137.0,0.3194,0.014,3772579,3412973,0,14.3,,2026-08-11
2030,GME,Consumer Cyclical,Specialty Retail,NYSE,5381739,18.79,73.28,-14,-16,-33.13,,,,,,,21,35,33,38,,0,0,0,0,0,0,8596924415.655148,448691257.0,0.1354,0.141,9241697,5734583,0,35.3,,2026-08-11
2031,DOX,Technology,Software - Infrastructure,NASDAQ,1379395,58.59,73.22,5,8,-35.11,,,,,,,21,16,19,24,,0,0,0,0,0,0,6215902119.003296,106164000.0,0.1142,0.027,1403205,1524819,0,19.7,,2026-08-11
2032,WLTH,Technology,Software - Application,NASDAQ,1077941,9.52,73.17,3,49,-35.46,,,,,,,21,18,64,12,,0,0,0,0,0,0,1448803766.711609,149361216.0,0.074499995,0.071,856385,1709543,0,31.3,,2026-08-11
2033,PAR,Technology,Software - Application,NYSE,951987,18.2,73.07,4,-8,-66.68,,,,,,,21,17,5,6,,0,0,0,0,0,0,734594782.1621532,41246199.0,0.2873,0.187,1031802,1167526,0,9.3,,2026-08-11
2034,UEC,Energy,Uranium,NYSE ARCA,7824985,11.38,73.07,-7,52,-44.05,,,,,,,21,28,87,94,,0,0,0,0,0,0,5519886128.782633,490220783.0,0.14140001,,8577736,10146689,1,69.7,,2026-08-11
2035,GT,Consumer Cyclical,Auto Parts,NASDAQ,10704861,6.03,73.01,-2,-14,-43.22,,,,,,,21,23,11,48,,0,0,0,0,0,0,1854067882.7536976,287898737.0,0.173,-0.048,9319454,10164324,0,27.3,,2026-08-11
2036,MDLN,Healthcare,Medical Instruments & Supplies,NASDAQ,7482370,33.81,72.88,-12,-13,-33.54,,,,,,,21,33,32,63,,0,0,0,0,0,0,30909083008.520485,877351218.0,0.0756,0.116,8935451,9290260,0,42.7,,2026-08-11
2037,LBRDK,Communication Services,Telecom Services,NASDAQ,1696640,36.1,72.86,13,13,-45.07,,,,,,,21,8,8,30,,0,0,0,0,0,0,5148698705.672112,143497730.0,0.0319,,1583521,1925854,0,15.3,,2026-08-11
2038,TCOM,Consumer Cyclical,Travel Services,NASDAQ,3073825,47.12,72.85,6,17,-40.35,,,,,,,21,15,26,24,,0,0,0,0,0,0,29054598558.738438,629705222.0,0.0218,0.172,3145637,3338997,0,21.7,,2026-08-11
2039,OLED,Technology,Electronic Components,NASDAQ,741741,90.54,72.78,8,8,-40.97,,,,,,,21,13,13,30,,0,0,0,0,0,0,4191715795.8737183,45966835.0,0.0919,-0.114,901515,760247,0,18.7,,2026-08-11
2040,QXO,Industrials,Industrial Distribution,NYSE,27192004,15.38,72.75,9,20,-44.3,,,,,,,21,12,23,91,,0,0,0,0,0,0,17440040610.365555,1079210444.0,0.115200005,127.163,19208322,23740312,1,42.0,,2026-08-11
2041,NXTC,Healthcare,Biotechnology,NASDAQ,4359840,6.84,72.72,19,96,-56.54,,,,,,,21,2,79,94,,0,0,0,0,0,0,26731777.258449554,4577359.0,0.3254,,494500,2685564,1,58.3,,2026-08-11
2042,NAMS,Healthcare,Biotechnology,NASDAQ,999086,27.98,72.66,-37,-14,-33.7,,,,,,,21,58,81,84,,0,0,0,0,0,0,3268635145.8112106,116903979.0,0.0922,-0.807,1060559,1148155,0,74.3,,2026-08-11
2043,AORT,Healthcare,Medical Devices,NYSE,647151,26.31,72.61,8,4,-45.47,,,,,,,20,12,8,37,,0,0,0,0,0,0,1316495692.7392006,48543350.0,0.0619,0.113,776815,756941,0,19.0,,2026-08-11
2044,INFQ,Technology,Software - Infrastructure,NYSE,9698343,11.69,72.6,4,14,-45.07,,,,,,,20,16,26,40,,0,0,0,0,0,0,2598724938.5157967,218196891.0,1.79,0.139,7834629,14177767,0,27.3,,2026-08-11
2045,STUB,Communication Services,Internet Content & Information,NYSE,5458820,8.78,72.52,-20,-52,-68.52,,,,,,,20,40,8,8,,0,0,0,0,0,0,3360163772.3410177,375437301.0,0.1094,0.122,4082310,6676912,0,18.7,,2026-08-11
2046,MWH,Utilities,Utilities - Renewable,NASDAQ,2118767,28.68,72.47,-6,55,-40.74,,,,,,,20,26,87,48,,0,0,0,0,0,0,6119189022.416946,210788456.0,0.14770001,0.659,1808041,2258240,0,53.7,,2026-08-11
2047,ALHC,Healthcare,Healthcare Plans,NASDAQ,5643641,13.78,72.33,-45,-47,-45.14,,,,,,,20,65,63,82,,0,0,0,0,0,0,2980843067.390931,207435149.0,0.123100005,0.316,7739893,6149596,0,70.0,,2026-08-11
2048,IE,Basic Materials,Copper,NYSE ARCA,2093704,11.0,72.22,7,76,-48.96,,,,,,,20,13,82,93,,0,0,0,0,0,0,1744373427.3201408,158291593.0,0.0855,-0.322,1983413,2316926,1,62.7,,2026-08-11
2049,TIMB,Communication Services,Telecom Services,NYSE,517722,18.39,72.19,-18,-10,-34.83,,,,,,,20,38,46,84,,0,0,0,0,0,0,8804631573.312744,477733664.0,0.0136,0.055,591938,431029,0,56.0,,2026-08-11
2050,NFLX,Communication Services,Entertainment,NASDAQ,45285769,76.29,72.19,5,22,-39.79,,,,,,,20,15,32,15,,0,0,0,0,0,0,308714485037.1729,4163939676.0,0.0241,0.134,36719908,46213145,0,20.7,,2026-08-11
2051,TDS,Communication Services,Telecom Services,NYSE,1205599,33.7,72.15,-1,35,-31.39,,,,,,,20,21,57,75,,0,0,0,0,0,0,3754772947.883606,113850000.0,0.00059999997,,1424799,1164581,0,51.0,,2026-08-11
2052,OLLI,Consumer Defensive,Discount Stores,NASDAQ,2019006,79.38,71.99,9,8,-43.52,,,,,,,20,11,10,31,,0,0,0,0,0,0,4935406721.982239,60453292.0,0.13159999,0.142,1424540,2172802,0,17.3,,2026-08-11
2053,LII,Industrials,Building Products & Equipment,NYSE,554298,423.28,71.97,-28,-45,-31.34,,,,,,,20,48,31,50,,0,0,0,0,0,0,15198747665.055084,34560675.0,0.09020001,0.03,855086,489703,0,43.0,,2026-08-11
2054,BRSL,Consumer Cyclical,Gambling,NYSE,1737405,11.0,71.94,-1,-2,-40.76,,,,,,,20,21,20,29,,0,0,0,0,0,0,2029751860.435696,183687948.0,0.041199997,-0.074,2355985,1668943,0,23.3,,2026-08-11
2055,TSLA,Consumer Cyclical,Auto Manufacturers,NASDAQ,40830875,330.88,71.81,-35,-20,-33.67,,,,,,,20,55,70,62,,0,0,0,0,0,0,1297742229687.0466,3949547394.0,0.02,0.255,34310517,43427471,0,62.3,,2026-08-11
2056,BXMT,Real Estate,REIT - Mortgage,NYSE,2167286,14.17,71.81,-11,2,-31.45,,,,,,,20,31,44,58,,0,0,0,0,0,0,2384891748.3557224,168543591.0,0.075100005,-0.731,3470100,1906286,0,44.3,,2026-08-11
2057,STEP,Financial Services,Asset Management,NASDAQ,1536752,46.15,71.77,2,18,-40.68,,,,,,,20,18,34,31,,0,0,0,0,0,0,3819028161.313709,82288907.0,0.099300005,0.04,1722117,1572565,0,27.7,,2026-08-11
2058,CPNG,Consumer Cyclical,Internet Retail,NYSE,19359646,16.19,71.72,2,-1,-52.49,,,,,,,20,18,15,13,,0,0,0,0,0,0,29173614100.624443,1797511702.0,0.0629,0.039,22614229,22966685,0,15.3,,2026-08-11
2059,CPRI,Consumer Cyclical,Luxury Goods,NYSE,3552264,15.43,71.7,-3,-1,-45.42,,,,,,,20,23,25,37,,0,0,0,0,0,0,1757528431.030363,114796106.0,0.0887,-0.035,4239354,3432926,0,28.3,,2026-08-11
2060,CHTR,Communication Services,Telecom Services,NASDAQ,3268041,153.29,71.68,12,11,-46.37,,,,,,,20,8,7,28,,0,0,0,0,0,0,18198167980.62445,119277493.0,0.45470002,-0.017,2768234,3441966,0,14.3,,2026-08-11
2061,SG,Consumer Cyclical,Restaurants,NYSE,6230247,5.45,71.62,-44,-68,-48.73,,,,,,,20,64,40,11,,0,0,0,0,0,0,641669359.1322885,118827657.0,0.2275,0.038,7548892,5958330,0,38.3,,2026-08-11
2062,LEGN,Healthcare,Biotechnology,NASDAQ,2379916,20.66,71.59,-41,-32,-46.13,,,,,,,20,61,70,11,,0,0,0,0,0,0,4013875684.0,193439792.0,0.1734,0.565,2566179,2887407,0,47.3,,2026-08-11
2063,ARCT,Healthcare,Biotechnology,NASDAQ,554374,7.05,71.54,6,20,-70.83,,,,,,,20,14,28,17,,0,0,0,0,0,0,210614936.95298383,28423069.0,0.3065,-0.93,522953,497914,0,19.7,,2026-08-11
2064,NRG,Utilities,Utilities - Independent Power Producers,NYSE,2932031,118.91,71.38,-8,-12,-37.4,,,,,,,19,27,23,72,,0,0,0,0,0,0,24832163779.429665,210210483.0,0.048499998,0.11,4284215,2890461,0,40.7,,2026-08-11
2065,FOUR,Technology,Software - Infrastructure,NYSE,1406664,43.16,71.22,-2,-14,-53.49,,,,,,,19,21,9,15,,0,0,0,0,0,0,3257894418.6680603,78960120.0,0.2005,0.34,2069733,1648070,0,15.0,,2026-08-11
2066,LEU,Energy,Uranium,NYSE,787188,189.34,71.2,6,65,-59.22,,,,,,,19,13,72,80,,0,0,0,0,0,0,3818378338.033936,19952858.0,0.26549998,0.14,693324,858250,0,55.0,,2026-08-11
2067,NKE,Consumer Cyclical,Footwear & Accessories,NYSE,23604533,42.11,70.79,-2,-11,-47.47,,,,,,,19,21,12,36,,0,0,0,0,0,0,61861897046.91969,1483498703.0,0.067,-0.011,21115680,23746010,0,23.0,,2026-08-11
2068,ESAB,Industrials,Metal Fabrication,NYSE,634270,85.58,70.64,0,-3,-37.72,,,,,,,19,19,16,64,,0,0,0,0,0,0,5707809966.544785,62135967.0,0.093,0.129,586731,724056,0,33.0,,2026-08-11
2069,VNET,Technology,Information Technology Services,NASDAQ,4196416,7.48,70.56,-8,38,-48.34,,,,,,,19,27,73,92,,0,0,0,0,0,0,2086789721.4697516,284691643.0,0.2682,0.198,4752670,5018182,1,64.0,,2026-08-11
2070,CRWV,Technology,Software - Infrastructure,NASDAQ,26512619,88.19,70.53,1,61,-42.43,,,,,,,19,18,78,82,,0,0,0,0,0,0,49466862272.85086,545570346.0,0.21440001,1.116,29189937,28663293,0,59.3,,2026-08-11
2071,FUN,Consumer Cyclical,Leisure,NYSE,2491342,15.85,70.53,-13,-8,-42.09,,,,,,,19,32,37,17,,0,0,0,0,0,0,1674918113.3072662,102316312.0,0.2195,-0.07,2965596,2373381,0,28.7,,2026-08-11
2072,QUBT,Technology,Computer Hardware,NASDAQ,9504202,8.93,70.15,1,48,-65.44,,,,,,,19,18,65,18,,0,0,0,0,0,0,2070411249.487816,225534987.0,0.3243,93.641,8891587,13217853,0,33.7,,2026-08-11
2073,BL,Technology,Software - Application,NASDAQ,1034697,29.29,70.14,3,-6,-50.83,,,,,,,19,16,7,17,,0,0,0,0,0,0,1717601684.1539383,58125270.0,0.16950001,0.092,1208853,1166710,0,13.3,,2026-08-11
2074,HNRG,Utilities,Utilities - Independent Power Producers,NASDAQ,802672,15.88,70.11,-20,-18,-35.71,,,,,,,19,39,41,66,,0,0,0,0,0,0,695644596.7072906,47130392.0,0.084300004,-0.135,988007,809413,0,48.7,,2026-08-11
2075,PEGA,Technology,Software - Application,NASDAQ,3162276,33.01,70.04,6,7,-51.53,,,,,,,19,13,14,27,,0,0,0,0,0,0,5382618175.248241,164404945.0,0.1843,0.094,2382840,2837506,0,18.0,,2026-08-11
2076,PFSI,Financial Services,Mortgage Finance,NYSE,630569,75.85,70.03,0,8,-52.7,,,,,,,19,19,27,26,,0,0,0,0,0,0,4021571378.772339,51951572.0,0.081999995,0.018,934977,621159,0,24.0,,2026-08-11
2077,FIGR,Financial Services,Capital Markets,NASDAQ,3193316,28.82,70.02,1,59,-63.05,,,,,,,19,18,76,57,,0,0,0,0,0,0,6327906483.935217,221100849.0,0.067600004,1.192,3354830,3660988,0,50.3,,2026-08-11
2078,SRAD,Technology,Software - Application,NASDAQ,2634398,13.34,69.99,0,-10,-58.6,,,,,,,19,19,9,17,,0,0,0,0,0,0,3853290774.71592,295951662.0,0.1042,0.189,4013126,2719841,0,15.0,,2026-08-11
2079,HDB,Financial Services,Banks - Regional,NYSE,8908385,23.45,69.95,-6,-18,-38.05,,,,,,,19,25,13,33,,0,0,0,0,0,0,121340222513.82022,5135007483.0,0.0041,0.166,7775895,9149823,0,23.7,,2026-08-11
2080,MMS,Industrials,Specialty Business Services,NYSE,666383,55.3,69.88,0,0,-44.7,,,,,,,19,19,19,34,,0,0,0,0,0,0,3099055920.0675545,52357763.0,0.1062,-0.051,751610,711532,0,24.0,,2026-08-11
2081,CRML,Basic Materials,Other Industrial Metals & Mining,NASDAQ,5830911,6.94,69.85,-31,16,-78.41,,,,,,,19,50,97,98,,0,0,0,1,0,1,1064943459.25,146888753.0,0.2368,0.578,6615605,6000823,2,81.7,,2026-08-11
2082,SMMT,Healthcare,Biotechnology,NASDAQ,3800993,14.87,69.78,2,30,-50.52,,,,,,,18,16,44,19,,0,0,0,0,0,0,11136584474.351732,797749602.0,0.2458,,3525101,5266144,0,26.3,,2026-08-11
2083,GLIBK,Communication Services,Telecom Services,NASDAQ,566954,25.28,69.49,7,16,-38.6,,,,,,,18,11,20,72,,0,0,0,0,0,0,957719856.0,39904994.0,0.0876,0.0,464404,802088,0,34.3,,2026-08-11
2084,CPRT,Industrials,Specialty Business Services,NASDAQ,12185422,29.59,69.45,2,4,-40.95,,,,,,,18,16,18,20,,0,0,0,0,0,0,28571726641.090805,963308388.0,0.0511,0.021,10378806,12407555,0,18.0,,2026-08-11
2085,KEP,Utilities,Utilities - Regulated Electric,NYSE,1100487,12.26,69.31,-4,6,-47.63,,,,,,,18,22,32,94,,0,0,0,0,0,0,16036262349.592169,1283928154.0,0.0038,0.007,966563,1177758,1,49.3,,2026-08-11
2086,GLOB,Technology,Information Technology Services,NYSE,1836508,38.55,69.29,9,6,-51.61,,,,,,,18,9,6,12,,0,0,0,0,0,0,1614915460.2867737,43179556.0,0.2226,-0.007,1709024,1954974,0,9.0,,2026-08-11
2087,SITE,Industrials,Industrial Distribution,NYSE,869373,99.41,69.27,-3,0,-41.02,,,,,,,18,21,24,66,,0,0,0,0,0,0,4534048832.045136,43655390.0,0.0798,0.047,1239030,888186,0,37.0,,2026-08-11
2088,GDS,Technology,Information Technology Services,NASDAQ,1867322,31.41,68.94,-6,49,-35.38,,,,,,,18,24,79,87,,0,0,0,0,0,0,6408075972.014408,200377613.0,0.1192,0.236,1777256,2190157,0,63.3,,2026-08-11
2089,QFIN,Financial Services,Credit Services,NASDAQ,1184249,13.03,68.82,2,-2,-62.72,,,,,,,18,16,12,9,,0,0,0,0,0,0,1611994916.2932053,121751884.0,0.024500001,-0.167,996338,1368621,0,12.3,,2026-08-11
2090,BILI,Communication Services,Internet Content & Information,NASDAQ,2052905,18.99,68.5,3,17,-47.83,,,,,,,18,15,29,81,,0,0,0,0,0,0,7842797940.311632,418505765.0,0.0701,0.067,1981976,2330249,0,41.7,,2026-08-11
2091,WRD,Technology,Software - Application,NASDAQ,2042980,6.32,68.48,5,23,-49.64,,,,,,,18,13,31,24,,0,0,0,0,0,0,2074028550.0919905,329210871.0,0.041300002,0.576,1812292,2474608,0,22.7,,2026-08-11
2092,MARA,Financial Services,Capital Markets,NASDAQ,46725663,9.56,68.4,-17,22,-59.23,,,,,,,18,35,74,9,,0,0,0,0,0,0,3897759965.674595,386299297.0,0.33150002,-0.267,40985861,44878190,0,39.3,,2026-08-11
2093,DNA,Healthcare,Biotechnology,NYSE,1017525,7.65,68.1,-34,-52,-56.48,,,,,,,18,52,34,32,,0,0,0,0,0,0,520636179.5643764,65324491.0,0.1009,-0.485,1097136,1169125,0,39.3,,2026-08-11
2094,KMPR,Financial Services,Insurance - Property & Casualty,NYSE,895912,26.39,67.95,0,-1,-51.93,,,,,,,18,18,17,15,,0,0,0,0,0,0,1678504367.7952423,58874232.0,0.098400004,-0.091,872798,1163825,0,16.7,,2026-08-11
2095,DFH,Consumer Cyclical,Residential Construction,NYSE,683122,13.79,67.81,-7,-21,-56.22,,,,,,,17,24,10,35,,0,0,0,0,0,0,1363579877.144111,90723879.0,0.4113,-0.076,826216,677889,0,23.0,,2026-08-11
2096,ONT,Industrials,Waste Management,NYSE,675795,15.54,67.6,-7,-17,-50.22,,,,,,,17,24,14,35,,0,0,0,0,0,0,579788678.2777405,35117424.0,0.121300004,-0.204,1017325,723693,0,24.3,,2026-08-11
2097,GOOS,Consumer Cyclical,Apparel Manufacturing,NYSE,715991,8.69,67.45,-2,13,-43.56,,,,,,,17,19,34,56,,0,0,0,0,0,0,856483585.635479,97660609.0,0.0917,0.103,1003743,694130,0,36.3,,2026-08-11
2098,ORCL,Technology,Software - Infrastructure,NYSE,37233105,151.05,67.28,3,44,-56.31,,,,,,,17,14,55,21,,0,0,0,0,0,0,423486858726.6998,2880471000.0,0.0291,0.206,32062976,34904969,0,30.0,,2026-08-11
2099,ACM,Industrials,Engineering & Construction,NYSE,1586019,73.3,67.22,2,0,-45.91,,,,,,,17,15,13,21,,0,0,0,0,0,0,9747177782.13501,128522920.0,0.085,0.008,1657859,2044167,0,16.3,,2026-08-11
2100,GILT,Technology,Communication Equipment,NASDAQ,595579,11.03,67.13,-10,51,-47.3,,,,,,,17,27,88,92,,0,0,0,0,0,0,847538711.4921417,75470948.0,0.0279,0.169,636177,724927,1,69.0,,2026-08-11
2101,PNR,Industrials,Specialty Industrial Machinery,NYSE,3302831,66.73,66.83,-2,-6,-41.44,,,,,,,17,19,15,37,,0,0,0,0,0,0,11133005620.853806,161605541.0,0.045100003,-0.17,3429403,2979838,0,23.7,,2026-08-11
2102,APTV,Consumer Cyclical,Auto Parts,NYSE,3446727,49.81,66.83,-8,-19,-43.99,,,,,,,17,25,14,63,,0,0,0,0,0,0,10288231392.63834,207633331.0,0.075,0.023,5631901,3711728,0,34.0,,2026-08-11
2103,HLI,Financial Services,Capital Markets,NYSE,979365,123.39,66.78,-2,5,-41.74,,,,,,,17,19,26,31,,0,0,0,0,0,0,9015358500.0,69886500.0,0.032899998,-0.155,1200005,866659,0,25.3,,2026-08-11
2104,PPC,Consumer Defensive,Packaged Foods,NASDAQ,1570228,26.51,66.77,-1,-7,-47.42,,,,,,,17,18,12,48,,0,0,0,0,0,0,6536079165.462387,238108524.0,0.0326,-0.028,1646705,1599211,0,26.0,,2026-08-11
2105,CALX,Technology,Software - Infrastructure,NYSE,1324910,38.17,66.73,-2,-3,-46.41,,,,,,,17,19,18,48,,0,0,0,0,0,0,2391372273.397373,62963989.0,0.1272,0.213,1014330,1296646,0,28.3,,2026-08-11
2106,ZTS,Healthcare,Drug Manufacturers - Specialty & Generic,NYSE,6605913,74.83,66.23,7,5,-53.37,,,,,,,17,10,8,30,,0,0,0,0,0,0,30024828434.590027,413223602.0,0.0506,-0.002,8347651,6962052,0,16.0,,2026-08-11
2107,PSN,Technology,Information Technology Services,NYSE,1658294,46.13,66.23,-6,-14,-48.46,,,,,,,17,23,15,22,,0,0,0,0,0,0,5078596403.213951,106805394.0,0.1532,-0.005,3092793,1484098,0,20.0,,2026-08-11
2108,BRBR,Consumer Defensive,Packaged Foods,NYSE,4597649,11.38,66.21,7,1,-73.55,,,,,,,16,9,3,7,,0,0,0,0,0,0,1344175971.432272,116278194.0,0.1451,0.042,5019699,5582257,0,6.3,,2026-08-11
2109,EPAM,Technology,Information Technology Services,NYSE,1740395,97.37,66.13,7,5,-56.24,,,,,,,16,9,7,26,,0,0,0,0,0,0,5026119574.573097,51586981.0,0.2566,0.045,2256027,2039559,0,14.0,,2026-08-11
2110,BLDR,Industrials,Building Products & Equipment,NYSE,2277195,71.98,66.11,2,-3,-52.34,,,,,,,16,14,9,34,,0,0,0,0,0,0,8036379636.016663,107596457.0,0.0799,-0.088,2734325,2504493,0,19.0,,2026-08-11
2111,JMIA,Consumer Cyclical,Internet Retail,NYSE,1590716,6.0,66.06,-12,27,-59.24,,,,,,,16,28,67,91,,0,0,0,0,0,0,766647693.9369035,123852615.0,0.0496,0.394,1497099,1752523,1,62.0,,2026-08-11
2112,TME,Communication Services,Internet Content & Information,NYSE,6369613,9.9,65.89,4,-1,-62.92,,,,,,,16,12,7,26,,0,0,0,0,0,0,15603219429.540712,1637273858.0,0.0525,0.073,7474381,8574268,0,15.0,,2026-08-11
2113,WHR,Consumer Cyclical,"Furnishings, Fixtures & Appliances",NYSE,2519979,42.17,65.88,7,4,-56.33,,,,,,,16,9,6,60,,0,0,0,0,0,0,2821829000.2509155,65199378.0,0.002,-0.068,2793607,2563903,0,25.0,,2026-08-11
2114,SOUN,Technology,Software - Application,NASDAQ,35691487,7.46,65.77,2,12,-66.35,,,,,,,16,14,24,12,,0,0,0,0,0,0,3494107123.0358124,435674180.0,0.42349997,0.45,42391852,32471004,0,16.7,,2026-08-11
2115,WVE,Healthcare,Biotechnology,NASDAQ,2529986,6.07,65.67,0,5,-72.07,,,,,,,16,16,21,91,,0,0,0,0,0,0,1201993848.7080216,197048175.0,0.108,-0.739,2714688,2941303,1,42.7,,2026-08-11
2116,DOCS,Healthcare,Health Information Services,NYSE,6050339,25.63,65.61,4,2,-66.5,,,,,,,16,12,10,6,,0,0,0,0,0,0,4883939784.004555,178245980.0,0.1611,0.073,12145148,5065463,0,9.3,,2026-08-11
2117,MNSO,Consumer Cyclical,Specialty Retail,NYSE,639504,12.52,65.61,3,8,-53.18,,,,,,,16,13,18,32,,0,0,0,0,0,0,3746182549.284471,298500597.0,0.0286,0.285,508592,676254,0,21.0,,2026-08-11
2118,FLNC,Utilities,Utilities - Renewable,NASDAQ,8869865,12.65,65.45,-52,-25,-62.25,,,,,,,16,68,95,96,,0,0,0,0,0,0,1752447570.0191498,132811490.0,0.4044,0.079,10303506,10845245,2,86.3,,2026-08-11
2119,VERX,Technology,Software - Application,NASDAQ,2369920,12.14,65.07,-2,-5,-54.4,,,,,,,16,18,15,7,,0,0,0,0,0,0,1936882613.130627,162217980.0,0.09060001,0.105,3336861,2145368,0,13.3,,2026-08-11
2120,INTR,Financial Services,Banks - Regional,NASDAQ,5132972,5.35,65.02,1,2,-48.36,,,,,,,16,15,16,66,,0,0,0,0,0,0,2326775989.018799,441513472.0,0.0433,0.253,6068847,5446459,0,32.3,,2026-08-11
2121,PRCT,Healthcare,Medical Devices,NASDAQ,1785076,21.71,64.99,1,4,-49.16,,,,,,,16,15,18,16,,0,0,0,0,0,0,1161713597.3548737,56918844.0,0.1402,0.193,2313520,1753070,0,16.3,,2026-08-11
2122,PLAY,Communication Services,Entertainment,NASDAQ,1477788,9.85,64.57,4,1,-63.14,,,,,,,15,11,8,26,,0,0,0,0,0,0,357279903.3050003,34788694.0,0.4179,-0.015,1565186,1763879,0,15.0,,2026-08-11
2123,POST,Consumer Defensive,Packaged Foods,NYSE,989751,76.23,64.54,-10,1,-35.0,,,,,,,15,25,36,40,,0,0,0,0,0,0,3566434402.9908447,45322586.0,0.1595,-0.018,1229475,956999,0,33.7,,2026-08-11
2124,LZ,Industrials,Specialty Business Services,NASDAQ,3003217,5.68,64.52,-26,-52,-54.19,,,,,,,15,41,15,17,,0,0,0,0,0,0,988197961.973383,171264812.0,0.1195,0.066,3907703,2875054,0,24.3,,2026-08-11
2125,PHAT,Healthcare,Biotechnology,NASDAQ,1508797,8.57,64.4,-16,42,-53.19,,,,,,,15,31,89,92,,0,0,0,0,0,0,691703001.1306286,80900934.0,0.1594,0.88,2358132,1352634,1,70.7,,2026-08-11
2126,JOBY,Industrials,Airports & Air Services,NYSE,46431877,8.81,64.38,2,38,-55.91,,,,,,,15,13,49,32,,0,0,0,0,0,0,8546033747.268857,989124237.0,0.1673,2574.933,34036931,42771972,0,31.3,,2026-08-11
2127,ACI,Consumer Defensive,Grocery Stores,NYSE,9575611,12.13,64.06,-10,-5,-39.35,,,,,,,15,25,30,35,,0,0,0,0,0,0,5882238972.331385,489778423.0,0.1531,0.002,9300324,9124586,0,30.0,,2026-08-11
2128,AMSC,Industrials,Specialty Industrial Machinery,NASDAQ,786885,30.99,63.99,-12,52,-56.04,,,,,,,15,27,91,61,,0,0,0,0,0,0,1587449048.2850533,48442143.0,0.0728,0.3,880465,997373,1,59.7,,2026-08-11
2129,TU,Communication Services,Telecom Services,NYSE,8625629,9.59,63.91,-6,-1,-42.64,,,,,,,15,21,26,30,,0,0,0,0,0,0,15309000420.570374,1575000000.0,11.09,-0.022,13332638,7693053,0,25.7,,2026-08-11
2130,PONY,Technology,Information Technology Services,NASDAQ,3606935,8.46,63.76,8,10,-66.05,,,,,,,15,7,9,31,,0,0,0,0,0,0,3540470796.534357,434413615.0,0.076799996,1.45,3525826,3955501,0,15.7,,2026-08-11
2131,VITL,Consumer Defensive,Farm Products,NASDAQ,1649264,11.26,63.73,4,-5,-78.8,,,,,,,15,11,2,21,,0,0,0,0,0,0,525481819.4537544,42931522.0,0.2685,-0.101,1753244,2078792,0,11.3,,2026-08-11
2132,BSX,Healthcare,Medical Devices,NYSE,20220476,50.46,63.68,6,6,-53.92,,,,,,,15,9,9,18,,0,0,0,0,0,0,71461509917.2739,1449229526.0,0.019,0.075,23306308,20795725,0,12.0,,2026-08-11
2133,PCT,Industrials,Pollution & Treatment Controls,NASDAQ,4371384,7.25,63.56,-3,40,-53.2,,,,,,,15,18,61,28,,0,0,0,0,0,0,1448523687.7639103,200904810.0,0.38799998,1.612,4768022,5572750,0,35.7,,2026-08-11
2134,FUTU,Financial Services,Capital Markets,NASDAQ,1431059,108.7,63.28,3,30,-46.33,,,,,,,14,11,38,53,,0,0,0,0,0,0,15284002611.136414,140194488.0,0.092,0.288,1103577,1905043,0,34.0,,2026-08-11
2135,ADTN,Technology,Communication Equipment,NASDAQ,2275248,7.63,63.24,-56,-34,-61.81,,,,,,,14,70,92,72,,0,0,0,0,0,0,615999432.2575965,81481407.0,0.1785,0.061,3219904,2376942,1,78.0,,2026-08-11
2136,JKS,Technology,Solar,NYSE,701328,16.92,63.03,1,51,-46.93,,,,,,,14,13,63,67,,0,0,0,0,0,0,890816909.8665848,52370188.0,0.088599995,-0.115,701006,743339,0,47.7,,2026-08-11
2137,MNRO,Consumer Cyclical,Auto Parts,NASDAQ,946836,11.76,63.02,-25,-31,-50.82,,,,,,,14,39,33,86,,0,0,0,0,0,0,397991469.4884491,31264060.0,0.3695,-0.046,1394828,1143733,0,52.7,,2026-08-11
2138,ABR,Real Estate,REIT - Mortgage,NYSE,4159078,5.36,62.96,4,8,-57.39,,,,,,,14,10,14,19,,0,0,0,0,0,0,998085512.2584386,186558043.0,0.0002,-0.248,4830714,4085904,0,14.3,,2026-08-11
2139,FLO,Consumer Defensive,Packaged Foods,NYSE,5567940,7.14,62.9,-9,-22,-57.63,,,,,,,14,23,10,17,,0,0,0,0,0,0,1568749922.21725,211993230.0,0.22219999,0.068,5838520,6560504,0,16.7,,2026-08-11
2140,MIR,Industrials,Specialty Industrial Machinery,NYSE,4186790,15.07,62.81,-4,5,-50.23,,,,,,,14,18,27,59,,0,0,0,0,0,0,3912381443.870032,249037647.0,0.20549999,0.197,5446942,4259978,0,34.7,,2026-08-11
2141,EQPT,Industrials,Rental & Leasing Services,NASDAQ,3305946,19.75,62.73,2,12,-44.37,,,,,,,14,12,22,51,,0,0,0,0,0,0,5163594253.563698,252375097.0,0.1596,0.381,2482030,2878070,0,28.3,,2026-08-11
2142,GLXY,Financial Services,Capital Markets,NASDAQ,6739019,19.52,62.44,-19,28,-57.49,,,,,,,14,33,80,26,,0,0,0,0,0,0,3929094816.191981,194798949.0,0.1616,-0.038,7713187,7461747,0,46.3,,2026-08-11
2143,PLNT,Consumer Cyclical,Leisure,NYSE,1933527,48.96,62.26,4,1,-57.15,,,,,,,14,10,7,29,,0,0,0,0,0,0,3777409854.1502113,75533093.0,0.1507,0.045,2426651,1951868,0,15.3,,2026-08-11
2144,DXYZ,Financial Services,Asset Management,NYSE,1016479,26.53,62.23,-13,52,-63.59,,,,,,,14,27,92,39,,0,0,0,0,0,0,788756022.3652344,30465664.0,0.028800001,,1023748,2767949,1,52.7,,2026-08-11
2145,SYM,Industrials,Specialty Industrial Machinery,NASDAQ,1781941,40.11,62.17,-3,40,-54.36,,,,,,,14,17,60,85,,0,0,0,0,0,0,5218312488.2142105,129873381.0,0.29790002,0.231,2140874,2040262,0,54.0,,2026-08-11
2146,CELH,Consumer Defensive,Beverages - Non-Alcoholic,NASDAQ,10510398,27.21,61.95,-1,-6,-59.23,,,,,,,14,15,10,69,,0,0,0,0,0,0,7026783371.020252,253035047.0,0.15890001,0.106,15331104,10173416,0,31.3,,2026-08-11
2147,LCID,Consumer Cyclical,Auto Manufacturers,NASDAQ,22159150,6.61,61.84,9,9,-73.8,,,,,,,14,5,5,8,,0,0,0,0,0,0,2747407913.432884,390256808.0,0.403,0.562,14875980,19333166,0,6.0,,2026-08-11
2148,SMPL,Consumer Defensive,Packaged Foods,NASDAQ,2606725,10.81,61.76,-7,-21,-64.39,,,,,,,14,21,7,12,,0,0,0,0,0,0,981697431.437643,88441207.0,0.1246,-0.063,2158216,2420309,0,13.3,,2026-08-11
2149,ERII,Industrials,Pollution & Treatment Controls,NASDAQ,813584,7.99,61.66,0,-5,-56.39,,,,,,,14,14,9,61,,0,0,0,0,0,0,443069530.5776596,51044875.0,0.059499998,-0.572,1086712,955110,0,28.0,,2026-08-11
2150,INTU,Technology,Software - Application,NASDAQ,4183501,334.43,61.47,4,10,-55.44,,,,,,,13,9,15,11,,0,0,0,0,0,0,88967909250.0,273537000.0,0.066300005,0.104,3927433,5050838,0,11.7,,2026-08-11
2151,APP,Communication Services,Advertising Agencies,NASDAQ,6604383,339.0,61.4,-25,0,-54.53,,,,,,,13,38,63,22,,0,0,0,0,0,0,116503821781.97575,335939521.0,0.043,0.528,8589421,6090388,0,41.0,,2026-08-11
2152,EVMN,Healthcare,Biotechnology,NYSE,1114275,14.07,61.21,5,50,-57.62,,,,,,,13,8,53,91,,0,0,0,0,0,0,510992948.2711315,36292113.0,0.1657,,565827,893465,1,50.7,,2026-08-11
2153,FMC,Basic Materials,Agricultural Inputs,NYSE,4131787,10.46,60.96,5,10,-74.39,,,,,,,13,8,13,14,,0,0,0,0,0,0,1326152244.1180992,125226839.0,0.287,-0.175,4706332,4320180,0,11.7,,2026-08-11
2154,STLA,Consumer Cyclical,Auto Manufacturers,NYSE,20908113,5.58,60.73,3,16,-54.34,,,,,,,13,10,23,18,,0,0,0,0,0,0,20795627690.544,3767323870.0,0.0379,0.131,26910440,19957072,0,17.0,,2026-08-11
2155,JBGS,Real Estate,REIT - Diversified,NYSE,701783,11.21,60.7,-15,-17,-53.87,,,,,,,13,28,26,33,,0,0,0,0,0,0,708391674.3108559,58255895.0,0.2451,0.059,1064161,648596,0,29.0,,2026-08-11
2156,FLUT,Consumer Cyclical,Gambling,NYSE,3004593,94.27,60.43,-2,-11,-69.53,,,,,,,13,15,6,9,,0,0,0,0,0,0,16441094152.760485,173539102.0,0.1007,0.033,4829779,3136585,0,10.0,,2026-08-11
2157,WIX,Technology,Software - Infrastructure,NASDAQ,1435162,62.42,59.91,3,0,-67.31,,,,,,,13,10,7,7,,0,0,0,0,0,0,3510511994.890167,58314152.0,0.25959998,0.149,1906257,1587821,0,8.0,,2026-08-11
2158,PODD,Healthcare,Medical Devices,NASDAQ,1591227,142.85,59.61,0,-6,-59.75,,,,,,,13,13,7,21,,0,0,0,0,0,0,9790732145.838669,69354199.0,0.0757,0.235,2160981,1611858,0,13.7,,2026-08-11
2159,CSGP,Real Estate,Real Estate Services,NASDAQ,7409703,31.48,59.41,4,2,-66.85,,,,,,,13,9,7,13,,0,0,0,0,0,0,12253174968.377632,405197588.0,0.040599998,0.184,8600161,7586412,0,9.7,,2026-08-11
2160,QS,Consumer Cyclical,Auto Parts,NASDAQ,25460614,6.19,59.09,-5,47,-67.54,,,,,,,12,17,69,35,,0,0,0,0,0,0,3740082015.148155,615145076.0,0.2067,,21127322,24804706,0,40.3,,2026-08-11
2161,PZZA,Consumer Cyclical,Restaurants,NASDAQ,1352180,23.85,58.82,-16,-16,-57.21,,,,,,,12,28,28,19,,0,0,0,0,0,0,805112259.9879799,32902014.0,0.2364,-0.088,2427730,1235434,0,25.0,,2026-08-11
2162,TOYO,Technology,Solar,NASDAQ,791759,5.35,58.76,-14,56,-69.31,,,,,,,12,26,96,93,,0,0,0,0,0,0,247769906.5479927,42718948.0,0.051999997,1.77,708219,885687,2,71.7,,2026-08-11
2163,BKKT,Technology,Software - Infrastructure,NYSE,942305,7.65,58.51,2,4,-84.64,,,,,,,12,10,12,19,,0,0,0,0,0,0,336643147.09988594,44706924.0,0.2726,-0.771,882186,1301835,0,13.7,,2026-08-11
2164,PRIM,Industrials,Engineering & Construction,NYSE,1375647,80.75,58.46,-1,21,-60.71,,,,,,,12,13,35,93,,0,0,0,0,0,0,4483085130.03437,54254935.0,0.0753,-0.107,1437241,2023768,1,47.0,,2026-08-11
2165,FRMI,Real Estate,REIT - Specialty,NASDAQ,17674783,5.88,58.44,-4,-16,-84.1,,,,,,,12,16,4,5,,0,0,0,0,0,0,3943355049.085732,638083359.0,0.0875,,16406449,18939011,0,8.3,,2026-08-11
2166,ROL,Consumer Cyclical,Personal Services,NYSE,5816834,37.23,58.4,-9,2,-43.71,,,,,,,12,21,32,56,,0,0,0,0,0,0,18158428354.546585,481145404.0,0.044699997,0.079,5965423,5626824,0,36.3,,2026-08-11
2167,SBET,Financial Services,Capital Markets,NASDAQ,8562513,6.18,58.39,4,46,-78.13,,,,,,,12,8,50,37,,0,0,0,0,0,0,1351988462.616033,210262597.0,0.18620001,15.533,7268580,9310386,0,31.7,,2026-08-11
2168,DQ,Technology,Semiconductor Equipment & Materials,NYSE,906044,14.62,58.39,5,23,-60.04,,,,,,,12,7,25,53,,0,0,0,0,0,0,996045554.708808,67666137.0,0.1107,-0.784,1136064,986264,0,28.3,,2026-08-11
2169,ARRY,Technology,Solar,NASDAQ,7288124,5.32,58.29,-8,24,-56.5,,,,,,,12,20,52,87,,0,0,0,0,0,0,853736427.2400532,153826378.0,0.2546,-0.056,8960574,6868336,0,53.0,,2026-08-11
2170,XPEV,Consumer Cyclical,Auto Manufacturers,NYSE,6956346,12.0,58.26,-2,7,-57.5,,,,,,,12,14,23,26,,0,0,0,0,0,0,11603480707.94345,956593619.0,0.0594,-0.176,6675140,7134170,0,21.0,,2026-08-11
2171,BMNR,Financial Services,Capital Markets,NYSE,34630431,18.1,58.02,5,68,-74.77,,,,,,,12,7,70,83,,0,0,0,0,0,0,11352720550.989914,603226394.0,0.081499994,21.678,29979924,37602736,0,53.3,,2026-08-11
2172,COIN,Financial Services,Financial Data & Stock Exchanges,NASDAQ,7529943,148.68,57.87,-1,26,-63.03,,,,,,,12,13,40,11,,0,0,0,0,0,0,40525352983.13278,263836923.0,0.113900006,-0.173,8396949,8091261,0,21.3,,2026-08-11
2173,MF,Communication Services,Advertising Agencies,NASDAQ,698276,10.19,57.8,11,10,-90.94,,,,,,,12,1,0,15,,0,0,0,0,0,0,17834894.682876587,1818032.0,0.0423,-0.326,244158,1505717,0,5.3,,2026-08-11
2174,ZG,Communication Services,Internet Content & Information,NASDAQ,1294971,34.07,57.72,2,5,-62.24,,,,,,,12,10,13,13,,0,0,0,0,0,0,7634504859.865974,224874954.0,0.1667,0.179,1792404,1377962,0,12.0,,2026-08-11
2175,ASST,Financial Services,Asset Management,NASDAQ,2974070,12.44,57.62,1,48,-95.06,,,,,,,12,11,58,3,,0,0,0,0,0,0,1049567624.5420876,84099973.0,0.3038,0.94,2640292,3963386,0,24.0,,2026-08-11
2176,CWH,Consumer Cyclical,Auto & Truck Dealerships,NYSE,2390105,6.15,57.57,1,-4,-66.47,,,,,,,12,11,6,25,,0,0,0,0,0,0,652823886.8517475,103294916.0,0.18040001,-0.021,2491745,2362943,0,14.0,,2026-08-11
2177,CRCL,Financial Services,Capital Markets,NYSE,13840080,67.05,57.53,3,84,-64.7,,,,,,,12,9,90,16,,0,0,0,0,0,0,16925904521.409378,253875881.0,0.120299995,0.066,11883362,13624906,1,38.3,,2026-08-11
2178,LI,Consumer Cyclical,Auto Manufacturers,NASDAQ,3728135,12.84,57.35,1,24,-52.62,,,,,,,11,10,33,22,,0,0,0,0,0,0,12717323225.892128,982032696.0,0.0506,-0.114,3379986,3988701,0,21.7,,2026-08-11
2179,VEEE,Consumer Cyclical,Recreational Vehicles,NASDAQ,4589059,10.4,57.07,-74,-159,-91.88,,,,,,,11,85,0,7,,0,0,0,0,0,0,4854868.5,571161.0,0.45630002,0.098,157247,2774925,0,30.7,,2026-08-11
2180,ALNY,Healthcare,Biotechnology,NASDAQ,2094619,216.98,56.87,-10,-5,-56.21,,,,,,,11,21,26,33,,0,0,0,0,0,0,29330958257.24698,133809118.0,0.0575,0.669,3170027,1780493,0,26.7,,2026-08-11
2181,NUS,Consumer Defensive,Household & Personal Products,NYSE,603549,5.15,56.68,0,1,-64.77,,,,,,,11,11,12,37,,0,0,0,0,0,0,266542469.95766255,48550543.0,0.088,-0.12,523377,701281,0,20.0,,2026-08-11
2182,Z,Communication Services,Internet Content & Information,NASDAQ,3852722,33.75,56.63,1,3,-64.05,,,,,,,11,10,12,12,,0,0,0,0,0,0,7558047341.19278,224874954.0,0.0758,0.179,4547946,4600477,0,11.3,,2026-08-11
2183,RUN,Technology,Solar,NASDAQ,10422118,9.87,56.44,-18,-9,-56.02,,,,,,,11,29,38,86,,0,0,0,0,0,0,2433202681.9003344,238549287.0,0.33169997,0.528,10767785,10759729,0,51.0,,2026-08-11
2184,WING,Consumer Cyclical,Restaurants,NASDAQ,1274490,117.52,55.78,-2,-10,-66.02,,,,,,,11,13,5,30,,0,0,0,0,0,0,3182338077.500122,27242546.0,0.1696,0.064,1635891,1214062,0,16.0,,2026-08-11
2185,FVRR,Communication Services,Internet Content & Information,NYSE,803670,9.09,55.34,-7,-16,-67.54,,,,,,,10,17,8,9,,0,0,0,0,0,0,338655860.5028229,35950728.0,0.1026,-0.1,1289222,892232,0,11.3,,2026-08-11
2186,BTDR,Technology,Software - Application,NASDAQ,11008872,8.69,54.89,-24,0,-68.74,,,,,,,10,34,58,18,,0,0,0,0,0,0,2647252572.485038,243313653.0,0.3678,1.694,16018217,11096755,0,36.7,,2026-08-11
2187,SPRY,Healthcare,Biotechnology,NASDAQ,2098298,5.91,54.17,-7,-5,-66.3,,,,,,,10,17,19,28,,0,0,0,0,0,0,611708078.7675247,99303262.0,0.32939997,1.845,2286164,2059780,0,21.3,,2026-08-11
2188,OI,Consumer Cyclical,Packaging & Containers,NYSE,3554900,7.0,53.96,-9,-17,-58.6,,,,,,,10,19,11,65,,0,0,0,0,0,0,1080228053.649098,153659747.0,0.098900005,-0.022,4242950,3484456,0,31.7,,2026-08-11
2189,LTBR,Industrials,Electrical Equipment & Parts,NASDAQ,899786,8.9,53.43,1,24,-71.6,,,,,,,10,9,32,31,,0,0,0,0,0,0,311037300.66042423,32844487.0,0.1359,,1245408,1001165,0,24.0,,2026-08-11
2190,IMSR,Utilities,Utilities - Regulated Electric,NASDAQ,1985110,5.45,53.25,-1,7,-82.7,,,,,,,10,11,19,13,,0,0,0,0,0,0,616543266.3049936,105935266.0,0.1174,,2316420,2463612,0,14.3,,2026-08-11
2191,NNE,Industrials,Specialty Industrial Machinery,NASDAQ,2126589,18.57,52.94,-1,22,-69.49,,,,,,,10,11,34,23,,0,0,0,0,0,0,1012210072.5842172,53698146.0,0.3342,,1990759,2679863,0,22.7,,2026-08-11
2192,RBLX,Communication Services,Electronic Gaming & Multimedia,NYSE,12258702,37.05,52.65,-8,-19,-73.91,,,,,,,9,17,6,16,,0,0,0,0,0,0,26996267464.420708,714375941.0,0.045300003,0.359,21150526,12030573,0,13.0,,2026-08-11
2193,MPLT,Healthcare,Biotechnology,NASDAQ,1185650,12.18,52.11,-86,-88,-69.87,,,,,,,9,95,93,53,,0,0,0,0,0,0,551856880.3796005,45345676.0,0.16299999,,1712620,898470,2,80.3,,2026-08-11
2194,PSIX,Industrials,Specialty Industrial Machinery,NASDAQ,511211,43.0,50.57,4,13,-64.08,,,,,,,9,5,14,94,,0,0,0,0,0,0,941531661.9609832,23065450.0,0.1417,-0.205,715095,496525,1,37.7,,2026-08-11
2195,FUBO,Communication Services,Broadcasting,NYSE,1504248,9.36,50.37,2,-1,-83.47,,,,,,,9,7,4,4,,0,0,0,0,0,0,272649205.8191414,29443758.0,0.22659999,0.38,1779766,1537487,0,5.0,,2026-08-11
2196,METC,Basic Materials,Coking Coal,NASDAQ,1908083,10.18,49.96,-6,12,-82.39,,,,,,,9,15,33,61,,0,0,0,0,0,0,649095552.8515835,63388239.0,0.56,-0.053,2823929,1779513,0,36.3,,2026-08-11
2197,BLSH,Technology,Software - Infrastructure,NYSE,1375597,24.54,49.79,2,31,-79.2,,,,,,,9,7,36,13,,0,0,0,0,0,0,3581934059.788357,151648346.0,0.19639999,0.655,1322781,1593866,0,18.7,,2026-08-11
2198,ODD,Consumer Defensive,Household & Personal Products,NASDAQ,871124,12.68,49.24,-5,-15,-80.26,,,,,,,8,13,3,12,,0,0,0,0,0,0,651278697.2014637,46124554.0,0.3341,-0.262,779933,1464470,0,9.3,,2026-08-11
2199,ALIT,Technology,Software - Application,NYSE,829291,14.64,49.1,-22,-48,-82.34,,,,,,,8,30,4,5,,0,0,0,0,0,0,407319083.0770655,26939093.0,0.0418,-0.032,721325,1200706,0,13.0,,2026-08-11
2200,OKLO,Utilities,Utilities - Independent Power Producers,NYSE,9322385,44.49,48.86,-5,55,-77.05,,,,,,,8,13,73,58,,0,0,0,0,0,0,8424643271.952988,173990987.0,0.1839,,10554355,11114933,0,48.0,,2026-08-11
2201,UPB,Healthcare,Biotechnology,NASDAQ,551368,7.44,48.12,0,5,-77.91,,,,,,,8,8,13,14,,0,0,0,0,0,0,394544905.75,54419987.0,0.1025,0.827,668796,621485,0,11.7,,2026-08-11
2202,SOC,Energy,Oil & Gas Drilling,NYSE,14956648,5.09,46.27,4,74,-82.95,,,,,,,7,3,73,42,,0,0,0,0,0,0,910577717.0,191700572.0,0.3006,,6670916,10855113,0,39.3,,2026-08-11
2203,AHCO,Healthcare,Medical Devices,NASDAQ,2694234,5.22,45.07,-32,-5,-61.13,,,,,,,7,39,66,64,,0,0,0,0,0,0,759098133.7237334,133409161.0,0.0779,0.127,5785964,2273366,0,56.3,,2026-08-11
2204,BCAR,Financial Services,Shell Companies,NASDAQ,569092,5.04,43.89,-45,-43,-54.88,,,,,,,6,51,53,44,,0,0,0,0,0,0,190343995.28503415,41200000.0,0.0011,,172507,575981,0,49.3,,2026-08-11
2205,CCOI,Communication Services,Telecom Services,NASDAQ,1463968,10.3,43.35,0,1,-77.46,,,,,,,6,6,7,33,,0,0,0,0,0,0,508060105.02745056,51215736.0,0.19370002,-0.042,1837054,1382526,0,15.3,,2026-08-11
2206,SMR,Industrials,Specialty Industrial Machinery,NYSE,28625223,9.18,43.11,-2,-1,-84.01,,,,,,,6,8,9,11,,0,0,0,0,0,0,4030024980.799057,410389522.0,0.2315,-0.991,30339579,33056349,0,9.3,,2026-08-11
2207,MSTR,Technology,Software - Application,NASDAQ,18912494,97.33,41.97,-1,23,-76.51,,,,,,,6,7,31,7,,0,0,0,0,0,0,38426418178.30476,384225751.0,0.1176,0.069,15668244,21745032,0,15.0,,2026-08-11
2208,TTD,Communication Services,Advertising Agencies,NASDAQ,22751263,13.39,40.63,-6,-10,-76.41,,,,,,,5,11,7,7,,0,0,0,0,0,0,6487495471.466054,470108361.0,0.2025,0.03,40967641,23145570,0,8.3,,2026-08-11
2209,EH,Industrials,Aerospace & Defense,NASDAQ,911325,5.69,40.13,1,11,-71.83,,,,,,,5,4,14,15,,0,0,0,0,0,0,435352360.5203743,75845362.0,0.1689,-0.017,531976,1210999,0,11.0,,2026-08-11
2210,LENZ,Healthcare,Biotechnology,NASDAQ,974240,5.36,32.88,1,2,-89.37,,,,,,,4,3,4,7,,0,0,0,0,0,0,168059556.02626324,31354394.0,0.62310004,,698222,875602,0,4.7,,2026-08-11
2211,BTGO,Financial Services,Capital Markets,NYSE,944507,5.03,31.58,0,23,-79.47,,,,,,,4,4,27,12,,0,0,0,0,0,0,586754602.9047494,115959409.0,0.0397,1.126,1048522,1302502,0,14.3,,2026-08-11
2212,SSTK,Communication Services,Internet Content & Information,NYSE,1431208,5.89,29.85,-3,18,-80.03,,,,,,,3,6,27,18,,0,0,0,0,0,0,218958564.841444,36738014.0,0.056700002,-0.169,1314594,1160134,0,17.0,,2026-08-11
2213,YSS,Industrials,Aerospace & Defense,NYSE,1686976,10.48,28.67,-6,22,-76.47,,,,,,,3,9,37,25,,0,0,0,0,0,0,1499251559.300251,131398035.0,0.1195,0.095,3006710,1798662,0,23.7,,2026-08-11
2214,ABTC,Financial Services,Capital Markets,NASDAQ,1746738,7.07,23.96,1,6,-96.75,,,,,,,2,1,6,3,,0,0,0,0,0,0,471143527.8318162,72819713.0,0.102299996,1.213,1445910,1395845,0,3.3,,2026-08-11
2215,PAVS,Consumer Defensive,Packaged Foods,NASDAQ,2194245,7.51,2.32,0,0,-99.99,,,,,,,0,0,0,0,,0,0,0,0,0,0,5307284.032299519,862973.0,0.0174,180.334,3724127,1606708,0,0.0,,2026-08-11
2216,INLF,Industrials,Specialty Industrial Machinery,NASDAQ,5957918,5.6,0.36,0,4,-99.88,,,,,,,0,0,4,4,,0,0,0,0,0,0,4739022.550504684,1050781.0,0.0509,-0.102,10344732,3923893,0,2.7,,2026-08-11
