rank,ticker,sector,industry,exchange,avg_vol_30d,price,rs_score,rs_delta,rs_delta_momentum,pct_from_52w_high,pct_from_52w_low,range_position,price_vs_sma10,price_vs_sma20,price_vs_sma50,price_vs_sma200,percentile,pct_1m,pct_3m,pct_6m,pct_12m,elite_rs,elite_1m,elite_3m,elite_6m,elite_12m,elite_count,market_cap,float_shares,short_float_pct,revenue_growth,avg_vol_10d,avg_vol_50d,tf_count_10,avg_pct,shape_score,date
1,AXTI,Technology,Semiconductor Equipment & Materials,NASDAQ,8360550,85.87,512.9,0,0,-40.02,2050.4,60.4,9.8,19.2,25.6,42.8,99,99,99,99,100.0,1,1,1,1,1,5,5176349515.37085,65573212.0,0.14029999,1.648,8047270,10421182,4,99.2,-0.5,2026-10-06
2,SNDK,Technology,Computer Hardware,NASDAQ,9922200,1719.99,444.48,0,0,-26.95,1357.7,71.6,-3.3,-0.4,10.3,47.8,99,99,99,99,99.9,1,1,1,1,1,5,260303707127.16528,146419001.0,0.060300004,3.716,8273460,12970146,4,99.2,-0.5,2026-10-06
3,IOVA,Healthcare,Biotechnology,NASDAQ,16508630,14.22,412.06,0,-8,27.76,681.8,94.9,12.8,29.6,67.4,195.3,99,99,91,87,99.3,1,1,0,0,1,3,4982685752.0,452971432.0,0.2057,0.657,21728490,17753824,3,94.1,3.1,2026-10-06
4,TXG,Healthcare,Medical Devices,NASDAQ,2992590,93.5,405.3,0,-1,8.52,752.1,100.0,11.7,22.7,48.5,178.0,99,99,98,94,99.9,1,1,1,0,1,4,11167255889.994871,130291168.0,0.1879,-0.127,3424740,3029364,4,97.7,0.7,2026-10-06
5,MRNA,Healthcare,Biotechnology,NASDAQ,20211990,190.01,388.66,0,-3,-6.25,808.8,99.9,5.1,19.1,60.5,193.4,99,99,96,92,99.8,1,1,0,0,1,3,79400035553.71399,399235889.0,0.100600004,0.021,16632860,20080232,4,96.7,1.3,2026-10-06
6,QMCO,Technology,Computer Hardware,NASDAQ,1544056,34.5,370.49,0,-14,4.51,689.1,98.4,10.0,23.6,52.8,192.4,99,99,85,18,96.6,1,1,0,0,0,2,1248508843.7069778,39410001.0,0.39009997,0.257,2570190,1913310,2,74.6,18.8,2026-10-06
7,MXL,Technology,Semiconductors,NASDAQ,2720773,105.93,369.82,1,2,-17.44,708.4,80.4,13.7,27.6,43.9,95.1,99,98,99,87,99.4,1,1,1,0,1,4,8510648711.311615,90693191.0,0.0746,0.552,3377570,2952952,3,95.9,1.4,2026-10-06
8,TWST,Healthcare,Biotechnology,NASDAQ,2059150,188.67,357.8,0,-2,1.33,705.5,100.0,12.0,26.4,48.5,163.1,99,99,97,84,99.5,1,1,0,0,1,3,12121843763.821075,66301174.0,0.2379,0.232,2724720,1932858,3,94.9,3.0,2026-10-06
9,XRPN,Financial Services,Shell Companies,NASDAQ,770806,39.42,342.73,51,47,261.45,280.8,97.4,110.4,167.4,220.0,258.8,99,48,44,47,97.7,1,0,0,0,0,1,334222197.58987427,31590000.0,0.0029,,2012920,481822,1,59.2,-24.2,2026-10-06
10,KOD,Healthcare,Biotechnology,NASDAQ,2523630,94.45,325.47,2,4,97.43,708.7,94.6,35.3,83.1,109.9,160.7,99,97,99,99,99.7,1,0,1,1,1,4,2033179838.0493395,62849457.0,0.2687,,6231020,1746182,4,98.7,-2.0,2026-10-06
11,SDEV,Financial Services,Asset Management,NYSE ARCA,18116066,7.48,310.34,92,92,-92.5,369.0,3.3,42.3,115.1,192.8,-39.6,99,7,7,5,1.2,1,0,0,0,0,1,75170172.6811266,50449780.0,0.0435,,51780980,10970690,0,5.0,3.3,2026-10-06
12,CDNA,Healthcare,Diagnostics & Research,NASDAQ,1298160,67.15,298.89,0,-6,3.01,389.1,100.0,10.4,21.0,37.2,140.8,99,99,93,31,98.6,1,1,0,0,1,3,3294435336.428032,51734223.0,0.124,0.522,1663410,1247146,3,80.4,14.4,2026-10-06
13,MU,Technology,Semiconductors,NASDAQ,25489583,1074.89,260.24,0,0,-14.35,485.9,85.5,-1.0,3.6,11.0,55.1,99,99,99,98,99.1,1,1,1,1,1,5,1222319652551.97,1129393151.0,0.024500001,3.457,26796810,31364756,4,98.8,0.2,2026-10-06
14,DELL,Technology,Computer Hardware,NYSE,9215353,562.52,257.82,0,0,-5.54,397.2,92.4,0.9,0.5,12.4,87.1,99,99,99,91,97.9,1,1,1,0,0,3,357892648161.1633,635812750.0,0.0468,0.577,7214310,7863746,4,96.7,2.2,2026-10-06
15,ABCL,Healthcare,Biotechnology,NASDAQ,4997013,13.74,251.64,0,-5,4.25,395.7,91.4,2.0,9.7,28.8,128.4,99,99,94,38,91.8,1,1,0,0,0,2,4115401448.292871,324047363.0,0.13340001,-0.763,5421420,7079010,3,80.7,16.3,2026-10-06
16,BAND,Technology,Software - Infrastructure,NASDAQ,890450,63.74,251.46,1,2,-19.4,387.8,75.8,1.9,11.9,21.7,65.5,99,98,99,72,98.0,1,1,1,0,1,4,1989094550.473587,32180788.0,0.15689999,0.222,991300,1013432,3,91.8,5.1,2026-10-06
17,SLS,Healthcare,Biotechnology,NASDAQ,7014193,11.74,251.01,0,0,-26.07,736.7,72.8,-0.8,-2.8,-5.6,48.6,99,99,99,97,99.6,1,1,1,0,1,4,2282904116.631563,196632574.0,0.2937,,5029870,6664876,4,98.6,0.1,2026-10-06
18,LITE,Technology,Communication Equipment,NASDAQ,4462963,1085.42,247.79,1,2,-0.02,629.7,100.0,10.9,14.6,23.3,45.7,99,98,99,99,99.3,1,1,1,1,1,5,84466007189.9414,89700000.0,0.0792,1.093,4655580,4811854,4,98.8,-1.0,2026-10-06
19,ERAS,Healthcare,Biotechnology,NASDAQ,4524006,14.74,243.74,0,0,-39.29,569.1,61.8,1.3,-2.6,-12.5,4.9,99,99,99,99,99.6,1,1,1,1,1,5,4984108998.75,349762035.0,0.104499996,,4244090,3962822,4,99.2,-0.3,2026-10-06
20,AEHR,Technology,Semiconductor Equipment & Materials,NASDAQ,2532056,107.21,242.45,2,3,-27.27,438.1,67.3,3.2,8.9,7.9,49.1,99,97,98,99,96.9,1,0,1,1,0,3,3409329987.006195,32659546.0,0.16520001,0.337,2109090,2551944,4,97.7,-0.4,2026-10-06
21,VICR,Technology,Electronic Components,NASDAQ,854866,308.9,241.12,6,12,-19.27,529.3,77.6,5.5,25.6,38.0,40.5,99,93,99,98,99.2,1,0,1,1,1,4,13000253760.741575,46106732.0,0.097600006,0.493,1064680,865168,4,97.3,-4.7,2026-10-06
22,IBRX,Healthcare,Biotechnology,NASDAQ,11326326,10.28,234.96,1,1,-17.3,424.2,87.8,13.2,19.6,28.7,43.2,99,98,98,98,98.2,1,1,1,1,1,5,8945017699.395,1059836273.0,0.31280002,0.939,15166670,10342038,4,98.0,-0.1,2026-10-06
23,SYRE,Healthcare,Biotechnology,NASDAQ,1323866,93.19,230.5,1,2,-15.42,483.5,82.6,4.4,3.4,-3.2,36.5,99,98,99,99,99.1,1,1,1,1,1,5,7555609881.047974,88173762.0,0.1471,,1297280,1132120,4,98.8,-0.9,2026-10-06
24,UMC,Technology,Semiconductors,NYSE,11017423,26.27,223.94,2,4,-9.29,240.7,80.5,-3.3,0.3,13.8,50.5,99,97,99,79,97.2,1,0,1,0,0,2,60967256240.43232,2507908580.0,0.0164,0.17,8660630,12373760,3,93.0,3.3,2026-10-06
25,ECO,Industrials,Marine Shipping,NYSE,708046,87.28,220.43,1,-4,-0.03,214.2,100.0,8.9,10.4,26.5,65.8,98,97,92,94,96.4,1,0,0,0,0,1,3041578684.0774155,39044655.0,0.057600003,2.394,816170,649460,4,94.8,1.4,2026-10-06
26,AMD,Technology,Semiconductors,NASDAQ,20187683,633.91,215.1,1,2,-0.8,283.6,99.5,1.8,10.0,22.5,67.6,98,97,98,90,97.8,1,0,1,0,0,2,1029487743707.5295,1632475042.0,0.024600001,0.501,22441340,22988780,4,95.7,0.9,2026-10-06
27,ABSI,Healthcare,Biotechnology,NASDAQ,3661256,11.07,214.59,-1,-1,-8.17,401.3,99.0,10.6,20.7,27.1,95.4,98,99,99,43,97.0,1,1,1,0,0,3,1671520418.1206703,171614010.0,0.2641,-0.464,4431280,3281670,3,84.5,12.2,2026-10-06
28,HPE,Technology,Communication Equipment,NYSE,24131193,69.33,213.52,1,0,5.61,241.8,98.0,6.8,11.7,21.8,84.1,98,97,96,78,94.8,1,0,0,0,0,1,83550631367.26454,1327464779.0,0.048,0.337,19486430,21147584,3,91.5,5.0,2026-10-06
29,COHU,Technology,Semiconductor Equipment & Materials,NASDAQ,966546,73.48,212.64,6,11,-1.5,293.4,99.7,8.8,20.5,33.9,67.3,98,92,97,94,97.5,1,0,0,0,0,1,3171675011.0,47338433.0,0.22,0.384,970620,1052502,4,95.1,-3.7,2026-10-06
30,PURR,Financial Services,Capital Markets,NASDAQ,25909523,11.89,212.56,-1,-7,-19.44,316.8,89.4,1.0,3.6,26.6,84.1,98,99,93,93,,1,1,0,0,0,2,2542213196.919054,197837597.0,0.87,,20810080,20253262,3,95.0,,2026-10-06
31,AGEN,Healthcare,Biotechnology,NASDAQ,1061206,8.36,211.44,0,-82,-5.54,215.2,83.2,-1.7,7.9,12.4,88.8,98,98,16,75,90.7,1,1,0,0,0,2,385682760.9172096,45161916.0,0.1524,0.344,1287580,1286016,2,69.9,16.4,2026-10-06
32,ASX,Technology,Semiconductors,NYSE,6453810,47.45,210.63,1,2,4.24,329.0,100.0,5.6,12.1,21.3,54.2,98,97,98,97,98.3,1,0,1,0,1,3,115368416962.18028,2603665389.0,0.0067000003,0.267,6207080,7355164,4,97.6,-0.7,2026-10-06
33,PLSE,Healthcare,Medical Instruments & Supplies,NASDAQ,613620,47.9,209.65,-1,-10,-18.68,298.9,89.0,-0.9,-2.5,6.8,80.9,98,99,90,73,94.5,1,1,0,0,0,2,3682386275.590763,71322607.0,0.1472,,510120,551604,3,89.1,8.4,2026-10-06
34,RNG,Technology,Software - Application,NYSE,1529346,78.28,209.5,0,-16,-4.42,218.5,98.6,1.9,5.7,15.3,77.9,98,98,82,84,95.2,1,1,0,0,0,2,6359829603.728699,83506162.0,0.1537,0.059,1644300,1884522,2,89.8,5.8,2026-10-06
35,CLYM,Healthcare,Biotechnology,NASDAQ,1650100,10.94,208.35,-1,-1,-40.32,573.8,58.1,-6.4,-15.8,-21.2,12.7,98,99,99,99,98.9,1,1,1,1,1,5,669706724.535923,57436255.0,0.20889999,,1358800,1461946,4,99.0,0.0,2026-10-06
36,BFLY,Healthcare,Medical Devices,NYSE,5237173,8.95,207.41,-1,-2,-10.95,376.1,93.1,2.0,11.7,11.3,64.6,98,99,98,90,98.7,1,1,1,0,1,4,2500417959.7917624,266285183.0,0.16700001,0.395,6597830,5764332,4,96.4,2.1,2026-10-06
37,RVMD,Healthcare,Biotechnology,NASDAQ,2069870,206.64,207.27,-1,-1,-7.88,346.0,92.3,2.8,3.1,2.4,41.7,98,99,99,97,98.5,1,1,1,0,1,4,43932535859.101135,214336418.0,0.0476,,2153260,1906152,4,98.4,0.6,2026-10-06
38,ETON,Healthcare,Drug Manufacturers - Specialty & Generic,NASDAQ,586793,55.36,205.01,-1,-5,-16.59,287.6,82.4,-1.2,-1.8,1.4,72.2,98,99,95,92,95.1,1,1,0,0,0,2,1648675235.5228806,28583135.0,0.0746,0.986,740620,616588,4,95.3,3.8,2026-10-06
39,MRVL,Technology,Semiconductors,NASDAQ,20217380,272.29,199.9,1,2,-17.46,267.9,81.4,2.9,9.1,18.8,61.6,98,97,98,93,96.7,1,0,1,0,0,2,235406688523.32303,898704613.0,0.0418,0.365,16181150,21667000,4,96.2,0.8,2026-10-06
40,ORKA,Healthcare,Biotechnology,NASDAQ,940706,84.52,196.84,-1,-1,-26.84,326.4,69.2,-1.5,-5.9,-11.7,31.4,98,99,99,99,98.4,1,1,1,1,1,5,5592071116.92321,66209699.0,0.1676,,1135210,879248,4,98.9,0.3,2026-10-06
41,DRTS,Healthcare,Biotechnology,NASDAQ,582730,14.77,196.78,-1,-2,-6.46,329.1,94.9,0.4,0.3,5.1,51.1,98,99,98,95,97.3,1,1,1,0,0,3,1344632355.6322384,92478154.0,0.0542,,436840,555212,4,97.3,1.7,2026-10-06
42,PAYS,Technology,Software - Infrastructure,NASDAQ,839333,14.23,196.72,0,-9,-1.39,365.7,100.0,10.8,13.9,19.1,100.1,98,98,89,85,92.6,1,1,0,0,0,2,715375520.8277206,56462156.0,0.0461,0.481,866040,801642,2,91.1,6.2,2026-10-06
43,OMER,Healthcare,Biotechnology,NASDAQ,1499980,18.61,196.15,0,-7,-12.38,361.0,87.3,-3.4,0.0,10.4,44.9,98,98,91,94,98.5,1,1,0,0,1,3,1453557379.7572098,72388316.0,0.17889999,,1363840,1890008,4,95.4,1.3,2026-10-06
44,GRAL,Healthcare,Diagnostics & Research,NASDAQ,1148156,143.26,194.36,7,2,12.21,258.1,100.0,17.8,45.8,78.0,108.2,98,91,86,39,92.7,1,0,0,0,0,1,5667698404.997894,44666234.0,0.19479999,0.257,1742720,996902,2,77.2,10.0,2026-10-06
45,PBF,Energy,Oil & Gas Refining & Marketing,NYSE,3604340,80.78,194.05,0,-5,-2.22,223.4,100.0,10.5,10.9,16.7,73.4,98,98,93,91,94.9,1,1,0,0,0,2,8734979881.616577,118536838.0,0.12560001,0.562,3580390,3470542,4,94.2,3.4,2026-10-06
46,INTC,Technology,Semiconductors,NASDAQ,101860060,119.33,194.04,1,2,-16.17,245.6,76.9,-3.5,3.1,14.6,42.4,98,97,98,96,96.7,1,0,1,0,0,2,650190947226.0,5286105262.0,0.0301,0.254,109746190,108678192,4,96.9,0.3,2026-10-06
47,SMTC,Technology,Semiconductors,NASDAQ,3633706,194.88,193.35,6,9,2.22,208.2,98.5,6.7,11.2,30.9,64.1,98,92,95,93,94.3,1,0,0,0,0,1,17013261904.607208,93325626.0,0.0853,0.327,3350730,3103880,4,93.6,-1.7,2026-10-06
48,FORM,Technology,Semiconductor Equipment & Materials,NASDAQ,1209843,149.15,190.47,5,8,-6.94,288.0,90.2,7.4,19.0,27.4,35.8,98,93,96,98,98.0,1,0,0,1,0,2,10109954570.999268,77954772.0,0.0584,0.319,1336710,1274772,4,96.2,-3.8,2026-10-06
49,BE,Industrials,Electrical Equipment & Parts,NYSE,15869386,289.15,189.73,1,3,-17.69,272.4,78.0,2.7,4.7,20.3,37.5,98,97,99,99,97.0,1,0,1,1,0,3,85030048385.50452,294527346.0,0.0734,1.655,14772420,16386740,4,98.0,-0.6,2026-10-06
50,LIFE,Financial Services,Insurance Brokers,NASDAQ,1623360,34.12,187.06,0,-23,-19.81,266.8,81.7,5.0,-1.3,7.1,,98,98,75,27,,1,1,0,0,0,2,2186949223.555397,63759454.0,0.0771,1.134,1657250,1617016,1,66.7,,2026-10-06
51,CLMT,Basic Materials,Specialty Chemicals,NASDAQ,1431010,55.28,186.92,0,-4,-7.67,216.9,92.7,3.5,0.7,11.7,58.9,98,98,94,96,96.1,1,1,0,0,0,2,4715740388.222061,87898234.0,0.0645,0.408,1690450,1367644,4,96.0,1.8,2026-10-06
52,YDES,Healthcare,Biotechnology,NASDAQ,530170,8.11,186.88,86,76,-63.14,274.2,28.6,15.2,44.6,80.9,16.4,98,12,2,6,0.4,1,0,0,0,0,1,405863613.9310007,70831346.0,0.0026,3.149,711220,336790,0,5.1,8.0,2026-10-06
53,MRVI,Healthcare,Biotechnology,NASDAQ,3360600,7.9,186.61,1,-1,-16.14,201.1,92.2,10.7,16.6,19.8,74.8,98,97,95,58,95.4,1,0,0,0,0,1,1132320527.7912498,148989545.0,0.098400004,0.085,2330110,3287132,3,86.4,8.8,2026-10-06
54,INSW,Energy,Oil & Gas Midstream,NYSE,723213,115.81,186.31,2,-1,2.36,169.3,100.0,6.8,8.0,15.4,46.3,98,96,93,94,93.9,1,0,0,0,0,1,5232487663.808487,49531311.0,0.078600004,1.401,716260,638358,4,94.2,1.7,2026-10-06
55,PENG,Technology,Information Technology Services,NASDAQ,1469130,61.36,185.06,3,7,-31.72,273.8,68.3,8.0,13.7,13.7,52.0,98,95,99,75,90.6,1,0,1,0,0,2,2880864600.332123,51242699.0,0.19680001,0.476,1646910,1732286,3,89.9,5.8,2026-10-06
56,STX,Technology,Computer Hardware,NASDAQ,3860673,848.99,185.05,0,1,-25.85,319.2,76.5,-2.6,1.5,3.7,35.7,98,98,99,99,97.4,1,1,1,1,0,4,208480740911.73108,227393014.0,0.045900002,0.485,4367910,4470122,4,98.3,0.0,2026-10-06
57,OKTA,Technology,Software - Infrastructure,NASDAQ,4324363,211.49,184.82,2,0,-0.48,246.9,100.0,5.8,12.8,31.2,93.6,98,96,94,17,91.7,1,0,0,0,0,1,34123297363.128902,174820928.0,0.054899998,0.106,3869440,3584370,3,74.7,18.1,2026-10-06
58,FRO,Energy,Oil & Gas Midstream,NYSE,3559103,52.74,184.53,3,-1,-3.95,161.2,99.2,8.5,7.7,19.7,48.4,98,95,91,93,92.5,1,0,0,0,0,1,10625790437.791328,222622890.0,0.0761,0.965,3882570,2889786,4,92.9,2.0,2026-10-06
59,BLZE,Technology,Software - Infrastructure,NASDAQ,1839170,14.36,184.5,0,1,-40.14,319.3,61.7,0.3,2.9,-7.5,59.8,98,98,99,13,68.4,1,1,1,0,0,3,816460974.0257263,61900000.0,0.0925,0.177,1776980,2567770,2,69.6,31.7,2026-10-06
60,ANRO,Healthcare,Biotechnology,NYSE,567246,24.8,183.34,-2,-2,-33.83,327.2,59.3,-9.3,-17.5,-22.2,1.1,97,99,99,99,99.0,0,1,1,1,1,4,1039523325.9781952,39242104.0,0.1246,,597800,518074,4,99.0,0.0,2026-10-06
61,AAOI,Technology,Communication Equipment,NASDAQ,7279273,115.59,183.29,-1,-1,-50.53,523.8,50.1,15.6,16.9,9.0,11.3,97,98,98,99,98.3,0,1,1,1,1,4,8609497834.156715,84906289.0,0.15020001,0.864,7695200,9614254,4,98.3,-0.4,2026-10-06
62,DOCN,Technology,Software - Infrastructure,NYSE,2517810,140.07,183.03,1,3,-25.3,268.0,69.4,-1.3,2.6,9.8,29.6,97,96,98,96,97.5,0,0,1,0,0,1,16337906416.0,116908096.0,0.0921,0.286,2179910,2769680,4,96.9,-0.9,2026-10-06
63,SIMO,Technology,Semiconductors,NASDAQ,731236,280.5,182.87,0,2,-20.99,252.4,78.8,1.5,4.7,10.1,39.5,97,97,99,92,94.7,0,0,1,0,0,1,9366472126.576996,33908235.0,0.0668,1.27,628720,1005756,4,95.7,1.9,2026-10-06
64,NAT,Energy,Oil & Gas Midstream,NYSE,4818723,8.42,181.75,2,-1,1.08,163.2,99.0,5.6,7.1,17.4,47.6,97,95,92,95,93.8,0,0,0,0,0,0,1634715073.9329429,211750663.0,0.0813,0.975,4906510,4029794,4,93.9,0.9,2026-10-06
65,CRWD,Technology,Software - Infrastructure,NASDAQ,11445176,270.04,181.38,3,3,2.34,211.4,100.0,4.1,11.2,23.1,76.7,97,94,94,30,90.3,0,0,0,0,0,0,258164696713.14185,1023934842.0,0.0277,0.258,8920610,9878624,3,77.1,14.7,2026-10-06
66,MANE,Healthcare,Biotechnology,NYSE,694830,116.76,180.91,0,1,-11.03,221.0,88.3,1.3,7.6,10.5,,97,97,98,94,,0,0,1,0,0,1,4870141530.840157,41778687.0,0.1509,,773030,751270,3,96.3,,2026-10-06
67,ASST,Financial Services,Asset Management,NASDAQ,10153926,30.03,180.59,2,-78,-45.2,322.3,51.5,2.3,4.9,41.7,94.1,97,95,15,10,1.4,0,0,0,0,0,0,2855758038.365004,97002649.0,0.2832,0.946,7596220,7435258,1,30.3,71.8,2026-10-06
68,TWLO,Technology,Software - Infrastructure,NYSE,2337543,294.58,179.61,3,3,-3.34,192.3,99.8,3.1,13.6,25.7,70.1,97,94,94,62,95.3,0,0,0,0,0,0,42356043801.30249,153575220.0,0.045500003,0.22,3485640,2444904,3,86.3,5.8,2026-10-06
69,VIAV,Technology,Communication Equipment,NASDAQ,5106870,47.1,179.54,6,12,-22.06,282.3,80.4,13.3,20.8,22.0,27.0,97,91,97,99,97.6,0,0,0,1,0,1,10037783078.342072,246749828.0,0.0633,0.525,6461580,5266808,4,96.2,-5.5,2026-10-06
70,LIND,Consumer Cyclical,Travel Services,NASDAQ,925080,34.78,179.03,4,5,-0.63,210.9,100.0,16.0,24.3,18.6,58.5,97,93,94,89,95.4,0,0,0,0,0,0,1866880202.1138496,65619689.0,0.105900005,0.186,996370,881694,3,92.8,-0.5,2026-10-06
71,APPS,Technology,Software - Application,NASDAQ,2854620,11.17,179.03,0,1,-27.18,297.5,72.5,-1.3,-1.3,0.4,58.8,97,97,98,15,81.1,0,0,1,0,0,1,1344490495.9523678,121016250.0,0.087,0.268,3380420,3416472,2,72.8,24.3,2026-10-06
72,ILMN,Healthcare,Diagnostics & Research,NASDAQ,3397690,273.04,176.44,2,0,-1.77,222.7,100.0,8.9,19.8,33.0,79.6,97,95,93,75,95.6,0,0,0,0,0,0,40770000000.0,151000000.0,0.114700004,0.094,2957360,2863084,3,89.7,3.9,2026-10-06
73,MPC,Energy,Oil & Gas Refining & Marketing,NYSE,2817166,422.33,176.34,1,-7,-2.03,166.5,100.0,8.0,7.4,17.8,64.8,97,96,88,85,91.1,0,0,0,0,0,0,114882901397.88834,291936635.0,0.0319,0.537,2785960,2653102,2,90.0,5.4,2026-10-06
74,VLO,Energy,Oil & Gas Refining & Marketing,NYSE,3426176,406.3,176.06,1,-5,-3.04,168.1,100.0,6.9,6.5,17.3,60.3,97,96,90,91,94.0,0,0,0,0,0,0,111479752241.13628,287927461.0,0.039100002,0.517,3997600,3088534,4,92.8,2.6,2026-10-06
75,CORT,Healthcare,Biotechnology,NASDAQ,1459580,116.23,175.58,0,-2,-8.03,279.6,98.3,4.9,6.4,7.5,74.0,97,97,95,25,67.5,0,0,0,0,0,0,12550223726.754936,108098397.0,0.1114,0.317,961430,1346694,2,71.1,29.4,2026-10-06
76,PGEN,Healthcare,Biotechnology,NASDAQ,4726086,8.54,175.19,0,-4,3.26,149.7,85.0,-2.9,2.2,9.4,54.1,97,97,93,92,91.9,0,0,0,0,0,0,2774773164.25,358035247.0,0.2166,63.227,5559040,5326224,4,93.5,3.9,2026-10-06
77,DINO,Energy,Oil & Gas Refining & Marketing,NYSE,2664350,113.36,175.17,1,-5,-4.25,151.1,98.0,6.1,5.1,15.3,61.2,97,96,90,86,90.9,0,0,0,0,0,0,18990870695.924675,177783849.0,0.062,0.532,2889080,2756486,3,90.7,5.2,2026-10-06
78,EVC,Communication Services,Advertising Agencies,NYSE,1195313,7.38,173.5,-1,0,-46.29,259.6,44.7,-5.1,-9.2,-19.4,10.1,97,98,99,84,96.5,0,1,1,0,0,2,683856325.9679222,92288305.0,0.16690001,1.262,1316980,1470468,3,94.4,3.4,2026-10-06
79,CRSR,Technology,Computer Hardware,NASDAQ,1139113,13.79,172.77,3,-2,-7.93,195.4,91.6,-0.5,1.5,9.0,63.0,97,94,89,29,79.5,0,0,0,0,0,0,1477697243.433506,108176959.0,0.1815,-0.018,1053960,1602858,1,72.9,20.8,2026-10-06
80,ANDG,Consumer Cyclical,Personal Services,NYSE,521993,57.14,172.61,-1,-5,-0.83,205.3,96.3,2.5,2.6,7.5,56.2,97,98,94,75,,0,1,0,0,0,1,981900096.6257476,18540410.0,0.1943,0.237,711280,536400,2,89.0,,2026-10-06
81,NUAI,Technology,Software - Infrastructure,NASDAQ,7655630,6.29,172.07,-2,-2,-33.4,292.9,69.2,-9.9,-5.4,8.3,20.6,97,99,99,99,96.8,0,1,1,1,0,3,852827370.8279357,120797079.0,0.2531,-0.825,10724630,6860114,4,98.5,1.1,2026-10-06
82,GTE,Energy,Oil & Gas E&P,NYSE ARCA,561650,10.44,171.58,2,-22,-9.38,205.5,93.0,5.1,2.3,10.1,37.7,97,95,71,94,93.5,0,0,0,0,0,0,340359722.9310312,35380429.0,0.031600002,0.253,533300,1071498,3,88.4,3.3,2026-10-06
83,P,Technology,Computer Hardware,NYSE,6348496,140.14,171.46,9,-2,6.64,152.5,100.0,12.7,26.4,39.1,82.2,97,88,77,49,76.9,0,0,0,0,0,0,41986633626.0,333227251.0,0.028800001,0.377,5701360,5033290,0,72.7,14.5,2026-10-06
84,TEAM,Technology,Software - Application,NASDAQ,3399376,187.89,171.05,2,-62,-6.06,244.1,100.0,5.0,5.2,18.6,74.7,97,95,31,5,57.4,0,0,0,0,0,0,47524282518.63304,253138815.0,0.060900003,0.276,2727420,4347724,1,47.1,43.2,2026-10-06
85,SDGR,Healthcare,Health Information Services,NASDAQ,2137776,30.31,169.92,11,-16,-4.07,194.5,100.0,7.8,21.4,50.5,103.3,97,86,59,11,72.4,0,0,0,0,0,0,2158142396.3360825,74805628.0,0.26610002,0.075,2800380,1744904,0,57.1,24.5,2026-10-06
86,HELP,Healthcare,Biotechnology,NASDAQ,1713183,11.7,169.84,-1,-40,-22.77,195.1,74.4,-8.3,-11.0,-2.7,53.7,97,98,59,23,83.9,0,1,0,0,0,1,921408488.3935204,73069668.0,2.16,,1490360,1730924,1,66.0,26.0,2026-10-06
87,RLAY,Healthcare,Biotechnology,NASDAQ,3307633,18.96,169.7,-1,-1,-10.86,253.8,91.1,5.7,4.2,1.5,37.9,97,98,98,99,97.8,0,1,1,1,0,3,3828404143.097384,219141631.0,0.2364,-0.483,3183630,2848984,4,98.2,-0.1,2026-10-06
88,LPG,Energy,Oil & Gas Midstream,NYSE,614266,57.21,169.6,2,-8,-4.6,140.9,98.1,4.9,3.9,13.3,46.7,97,95,85,87,87.5,0,0,0,0,0,0,2285878658.886238,42782681.0,0.0672,1.24,645550,604264,1,88.6,6.3,2026-10-06
89,DK,Energy,Oil & Gas Refining & Marketing,NYSE,2543576,74.19,169.45,1,-1,-9.82,182.6,88.8,5.9,1.9,8.0,54.9,97,96,94,94,92.2,0,0,0,0,0,0,4157746624.838318,61287542.0,0.103599995,0.478,2673690,2060514,4,94.0,2.5,2026-10-06
90,AMLX,Healthcare,Drug Manufacturers - Specialty & Generic,NASDAQ,1766733,27.79,168.72,-2,-12,-32.45,144.1,58.0,-5.9,-10.9,-5.9,49.4,97,99,89,96,88.8,0,1,0,0,0,1,3763706871.3086014,127626548.0,0.1348,,1270030,2585638,2,93.2,6.7,2026-10-06
91,TER,Technology,Semiconductor Equipment & Materials,NASDAQ,2407483,449.04,168.4,5,9,-7.97,236.6,88.8,8.7,15.4,18.0,32.2,97,92,96,98,96.3,0,0,0,1,0,1,62283028748.38257,156340750.0,0.059899997,1.039,2188230,2896738,4,95.6,-3.7,2026-10-06
92,DFTX,Healthcare,Biotechnology,NASDAQ,2161143,37.4,168.27,-2,-2,-24.75,239.2,67.6,-3.8,-4.8,-11.6,31.6,97,99,99,97,95.8,0,1,1,0,0,2,4860052335.466766,134366950.0,0.0883,,2255540,2200570,4,97.7,2.0,2026-10-06
93,PUBM,Technology,Software - Application,NASDAQ,689266,18.42,168.03,1,-6,-4.01,196.2,95.5,0.8,5.5,12.6,65.0,97,96,89,36,91.1,0,0,0,0,0,0,847231151.9759693,45550061.0,0.066300005,0.105,844540,731968,2,78.0,15.2,2026-10-06
94,PSNL,Healthcare,Diagnostics & Research,NASDAQ,2574553,16.28,167.67,0,-1,-13.82,225.4,85.2,0.3,0.5,5.9,55.1,97,97,96,56,93.1,0,0,0,0,0,0,1757119403.5266497,106750881.0,0.120900005,0.3,1351670,2876768,3,85.5,10.2,2026-10-06
95,NTRA,Healthcare,Diagnostics & Research,NASDAQ,1476153,410.35,167.55,3,-3,-1.3,154.3,100.0,4.1,12.9,27.3,70.2,97,94,88,63,94.4,0,0,0,0,0,0,59468118423.28552,144144170.0,0.0343,0.377,1808150,1460592,2,84.9,6.6,2026-10-06
96,NBIS,Communication Services,Internet Content & Information,NASDAQ,14848070,242.81,167.53,0,0,-19.03,214.8,74.6,-1.3,1.2,5.8,38.0,97,97,97,98,84.4,0,0,0,1,0,1,64519399385.72177,271855218.0,0.1981,4.54,14446760,20573044,3,94.1,6.1,2026-10-06
97,MEI,Technology,Electronic Components,NYSE,733616,15.74,166.74,0,1,-22.77,205.0,72.0,6.2,9.4,1.1,40.8,96,96,97,61,87.1,0,0,0,0,0,0,517209727.1885052,35645053.0,0.09020001,0.104,595990,660476,2,85.3,11.4,2026-10-06
98,CVI,Energy,Oil & Gas Refining & Marketing,NYSE,1164210,54.83,166.35,8,-25,-0.65,174.8,100.0,8.4,10.3,33.1,75.4,96,88,55,82,72.8,0,0,0,0,0,0,5179336506.499256,100530599.0,0.19790001,0.555,1070890,1088522,0,74.4,12.1,2026-10-06
99,IMMX,Healthcare,Biotechnology,NASDAQ,1716146,9.68,164.92,-3,-4,-35.89,391.7,65.0,-7.8,-13.5,-12.9,10.5,96,99,98,99,98.8,0,1,1,1,1,4,784786293.6830578,71539314.0,0.16239999,,2016980,1660234,4,98.7,0.2,2026-10-06
100,FOSL,Consumer Cyclical,Footwear & Accessories,NASDAQ,779456,6.8,164.73,10,7,4.62,303.4,100.0,12.5,24.8,31.2,59.3,96,86,83,98,95.0,0,0,0,1,0,1,366655911.1203117,59138052.0,0.1295,-0.049,876460,907206,2,90.5,-6.6,2026-10-06
101,VSXY,Consumer Cyclical,Apparel Retail,NYSE,1910636,91.73,164.53,2,5,-10.47,216.5,85.3,2.8,9.6,4.6,34.2,96,94,97,93,96.2,0,0,0,0,0,0,6613236765.594635,79764039.0,0.16370001,0.104,1368080,1785816,4,95.1,-1.2,2026-10-06
102,PANW,Technology,Software - Infrastructure,NASDAQ,6555153,403.24,163.62,3,4,1.09,187.1,100.0,3.9,8.6,11.9,61.8,96,93,94,27,86.4,0,0,0,0,0,0,306537312011.71875,818000000.0,0.0269,0.345,5603540,6194078,2,75.1,16.4,2026-10-06
103,NTAP,Technology,Software - Infrastructure,NASDAQ,2558993,226.27,163.44,6,9,8.23,137.8,98.1,7.8,12.0,15.7,60.6,96,90,93,38,84.7,0,0,0,0,0,0,39509681656.903534,196419005.0,0.051799998,0.299,2580210,2529048,2,76.4,12.8,2026-10-06
104,HZO,Consumer Cyclical,Specialty Retail,NYSE,729203,52.35,163.39,-1,-18,-0.4,144.3,99.3,-0.0,0.0,7.1,50.4,96,97,80,65,87.9,0,0,0,0,0,0,1158228353.0684853,22086735.0,0.1488,-0.07,655910,816846,1,82.5,12.7,2026-10-06
105,QTTB,Healthcare,Biotechnology,NASDAQ,922286,8.23,163.23,-3,-3,-65.08,333.7,33.1,-7.0,-16.1,-36.5,-4.4,96,99,99,96,98.1,0,1,1,0,1,3,261078230.44738007,29769466.0,0.18,,1551750,729928,4,98.0,1.0,2026-10-06
106,FSLY,Technology,Software - Application,NASDAQ,6843693,25.81,162.22,2,2,-25.88,230.9,70.8,-0.6,4.0,6.6,29.8,96,94,94,99,95.5,0,0,0,1,0,1,3976127854.156494,159300000.0,0.1574,0.233,10487870,6817924,4,95.6,-1.8,2026-10-06
107,TRMD,Energy,Oil & Gas Midstream,NASDAQ,1724963,40.0,161.98,8,2,3.28,111.7,100.0,11.8,13.1,24.3,42.3,96,88,82,91,85.6,0,0,0,0,0,0,3522974635.313469,102650777.0,0.0242,1.103,1983370,1214810,1,86.7,1.2,2026-10-06
108,ICHR,Technology,Semiconductor Equipment & Materials,NASDAQ,675620,62.92,161.65,0,3,-44.6,344.4,50.1,5.5,10.4,3.1,8.5,96,96,99,98,96.4,0,0,1,1,0,2,2170097976.824444,37454229.0,0.0879,0.227,708220,798582,4,97.4,-0.9,2026-10-06
109,XNCR,Healthcare,Biotechnology,NASDAQ,1441230,24.84,161.38,-2,-16,-18.85,146.2,80.6,3.4,3.9,5.5,60.9,96,98,84,62,90.1,0,1,0,0,0,1,1769610791.87286,74353397.0,0.3005,0.175,1277940,1330162,2,83.5,12.6,2026-10-06
110,DHT,Energy,Oil & Gas Midstream,NYSE,3939800,23.68,160.9,5,-4,0.51,112.7,100.0,6.3,7.0,17.0,35.3,96,91,82,89,88.0,0,0,0,0,0,0,3511710890.651682,161235573.0,0.1037,0.955,4101480,3603854,1,87.5,2.8,2026-10-06
111,FTNT,Technology,Software - Infrastructure,NASDAQ,4194533,180.95,160.78,3,5,-0.23,144.8,100.0,3.4,7.0,12.1,54.6,96,93,95,31,89.4,0,0,0,0,0,0,127269975175.43602,733713653.0,0.0226,0.256,3177370,4668462,2,77.1,14.0,2026-10-06
112,IRDM,Communication Services,Telecom Services,NASDAQ,1024133,48.96,160.74,1,2,-14.38,205.8,81.7,0.1,1.3,1.1,30.4,96,95,96,91,94.3,0,0,0,0,0,0,5166600660.0,105981552.0,0.0375,0.038,997570,1085134,4,94.1,1.1,2026-10-06
113,CAKE,Consumer Cyclical,Restaurants,NASDAQ,1434743,109.65,160.61,0,-11,-7.44,152.7,88.9,2.7,5.5,3.0,46.9,96,96,85,58,86.9,0,0,0,0,0,0,5199488540.3598175,49760634.0,0.3796,0.077,1318410,1676194,1,81.5,13.2,2026-10-06
114,NEWP,Basic Materials,Silver,NYSE ARCA,842283,6.28,160.15,-2,-14,-16.82,204.4,77.7,-3.7,0.4,0.3,28.2,96,98,86,97,92.0,0,1,0,0,0,1,1228618317.0406933,185591894.0,0.030199999,,775700,730368,3,93.3,4.4,2026-10-06
115,VSH,Technology,Semiconductors,NYSE,3731700,38.18,159.7,8,18,-45.04,213.9,47.6,10.1,13.3,13.2,20.8,96,88,98,89,92.3,0,0,1,0,0,1,4992491768.830982,153379167.0,0.1408,0.166,3611050,4133220,2,91.8,-3.4,2026-10-06
116,ARM,Technology,Semiconductors,NASDAQ,5129683,307.49,159.24,7,15,-32.08,189.7,59.2,-0.7,6.6,13.6,39.8,96,89,97,80,87.2,0,0,0,0,0,0,331421323754.33514,1067998569.0,0.1069,0.224,7241430,5231434,1,88.3,1.9,2026-10-06
117,VSTS,Industrials,Rental & Leasing Services,NYSE,1466683,14.03,159.08,2,4,-16.98,203.2,79.0,1.6,2.8,3.3,30.9,96,94,96,86,95.6,0,0,0,0,0,0,1803985382.834921,132160105.0,0.1175,-0.018,1381410,1438980,3,92.9,0.6,2026-10-06
118,GH,Healthcare,Diagnostics & Research,NASDAQ,1820400,177.8,159.08,1,3,-3.11,203.3,100.0,5.2,7.7,12.7,50.5,96,95,97,80,96.2,0,0,0,0,0,0,23786271132.5,134196170.0,0.0856,0.443,1859670,2002874,3,92.0,2.2,2026-10-06
119,PARR,Energy,Oil & Gas Refining & Marketing,NYSE,936763,84.0,158.27,0,-5,-4.24,163.0,100.0,8.6,6.6,9.7,46.2,96,96,91,97,93.4,0,0,0,0,0,0,3880717061.5524216,50099627.0,0.1276,0.568,958680,1001110,4,94.3,1.6,2026-10-06
120,AMBQ,Technology,Semiconductors,NYSE,530010,68.18,158.26,8,18,-25.58,189.6,63.7,-3.5,0.6,4.3,28.0,96,88,98,25,90.8,0,0,1,0,0,1,1687838789.581604,24184536.0,0.0921,0.897,493490,531654,2,75.4,10.2,2026-10-06
121,AYA,Basic Materials,Silver,NASDAQ,1287230,27.12,158.15,-1,-8,-11.57,188.5,84.1,-2.3,-3.2,1.8,36.3,96,97,90,87,91.3,0,0,0,0,0,0,4100709604.058212,144036168.0,7.14,1.507,1027760,1108884,3,91.3,5.6,2026-10-06
122,CMBT,Energy,Oil & Gas Midstream,NYSE,1131390,19.85,157.5,2,-3,-4.66,121.9,96.3,3.6,2.7,10.5,37.0,96,94,89,81,90.1,0,0,0,0,0,0,5516127375.104589,290169769.0,0.0106,0.815,1026360,1022822,2,88.5,5.0,2026-10-06
123,BB,Technology,Software - Infrastructure,NYSE,15188690,9.3,157.17,4,10,-31.57,188.3,61.4,3.1,9.0,8.9,41.9,96,92,98,41,85.5,0,0,1,0,0,1,4819535032.983504,587032279.0,0.0642,0.26,26471300,13821092,2,79.1,12.9,2026-10-06
124,TSEM,Technology,Semiconductors,NASDAQ,1754260,240.86,156.79,1,4,-24.72,251.0,72.6,6.9,12.0,11.1,26.5,96,95,98,99,97.1,0,0,1,1,0,2,26050310020.777588,113031240.0,0.024300002,0.237,1723160,1878500,4,97.3,-2.1,2026-10-06
125,HNGE,Healthcare,Health Information Services,NYSE,1882766,97.67,156.67,1,2,1.04,215.5,100.0,3.2,4.7,10.5,60.2,96,95,96,24,84.6,0,0,0,0,0,0,7711965408.064018,80694417.0,0.0783,0.53,1457720,1796148,2,74.9,19.3,2026-10-06
126,URGN,Healthcare,Biotechnology,NASDAQ,718890,41.4,156.55,-1,-1,-18.52,160.5,77.8,3.4,1.2,-2.5,42.5,96,97,97,82,93.7,0,0,0,0,0,0,2021211246.8141785,48880564.0,0.1304,1.992,757710,825638,3,92.4,4.7,2026-10-06
127,AVT,Technology,Electronics & Computer Distribution,NASDAQ,1301480,106.94,156.41,6,6,2.26,139.3,98.8,3.8,8.3,12.9,38.3,96,90,90,88,88.2,0,0,0,0,0,0,8460082825.600113,82072979.0,0.119799994,0.477,1438790,1292686,2,89.0,1.3,2026-10-06
128,HAFN,Industrials,Marine Shipping,NYSE,2686556,10.25,155.79,8,-7,1.28,97.3,100.0,7.6,8.0,20.1,36.0,96,88,73,92,77.8,0,0,0,0,0,0,4775153934.522526,535331154.0,0.0255,0.472,3762670,2025474,1,82.7,5.8,2026-10-06
129,TRAX,Healthcare,Biotechnology,NASDAQ,697760,33.28,155.71,-2,-9,-33.32,115.3,54.2,-7.4,-11.3,-20.3,,96,98,91,76,,0,1,0,0,0,1,1229855550.6348724,35730843.0,7.68,,737610,711590,2,88.3,,2026-10-06
130,FCEL,Industrials,Electrical Equipment & Parts,NASDAQ,6393823,18.47,155.01,-2,0,-51.24,201.2,40.2,6.0,7.5,-2.3,25.8,95,97,99,63,88.7,0,0,1,0,0,1,1318444673.7399368,79954196.0,0.31190002,-0.294,4924610,7328240,2,86.9,10.8,2026-10-06
131,HTFL,Healthcare,Health Information Services,NASDAQ,1932300,49.32,154.99,-1,-67,-5.56,154.8,100.0,5.4,6.3,22.5,63.3,95,96,30,28,68.7,0,0,0,0,0,0,4275509680.3731537,86953627.0,0.0936,0.476,1488430,1915052,1,55.7,33.9,2026-10-06
132,PSX,Energy,Oil & Gas Refining & Marketing,NYSE,3095260,264.58,154.87,1,-9,-4.53,112.8,97.0,4.4,3.4,11.5,46.0,95,94,84,81,87.4,0,0,0,0,0,0,102049599267.0,399020916.0,0.0196,0.531,3087930,2942860,1,86.6,6.9,2026-10-06
133,VRA,Consumer Cyclical,Footwear & Accessories,NASDAQ,710436,5.11,154.75,16,19,11.57,178.9,97.3,12.6,23.9,38.5,49.4,95,79,82,90,93.2,0,0,0,0,0,0,115615321.93912125,28688664.0,0.0296,0.011,425630,469872,2,86.0,-9.6,2026-10-06
134,ADPT,Healthcare,Diagnostics & Research,NASDAQ,2220696,28.35,153.72,2,0,-5.37,140.5,100.0,4.1,8.9,15.9,59.3,95,93,91,62,89.0,0,0,0,0,0,0,4696905678.764786,159595842.0,0.106800005,0.215,2608240,2344176,2,83.7,8.4,2026-10-06
135,TNK,Energy,Oil & Gas Midstream,NYSE,535186,103.1,153.18,4,-10,-0.06,111.8,100.0,6.0,5.3,15.2,37.9,95,91,77,90,88.3,0,0,0,0,0,0,3262358125.2564697,34680112.0,0.0484,0.63,437360,471538,2,86.6,2.9,2026-10-06
136,NEO,Healthcare,Diagnostics & Research,NASDAQ,2030833,18.47,153.15,-1,-4,-7.88,166.1,93.9,1.8,2.4,10.5,54.7,95,96,93,25,89.3,0,0,0,0,0,0,2516993697.4656296,130211780.0,0.1535,0.112,2455590,2188626,2,75.8,17.8,2026-10-06
137,AMN,Healthcare,Medical Care Facilities,NYSE,611310,36.63,153.06,4,6,-1.59,144.0,100.0,4.7,6.4,7.4,41.6,95,91,93,53,84.9,0,0,0,0,0,0,1338508542.147549,38729991.0,0.106800005,0.023,622160,665040,2,80.5,10.4,2026-10-06
138,DDOG,Technology,Software - Application,NASDAQ,3503313,277.22,152.46,11,23,-5.3,169.4,93.7,3.7,11.8,12.7,49.0,95,84,96,29,83.3,0,0,0,0,0,0,96278787938.41602,359075024.0,0.0353,0.356,3169640,4257306,1,73.1,10.1,2026-10-06
139,ELVN,Healthcare,Biotechnology,NASDAQ,1283203,46.97,152.31,-3,-5,-24.63,200.3,65.9,-1.4,-8.5,-17.3,12.1,95,98,96,96,91.4,0,1,0,0,0,1,3278866554.75,73270761.0,0.16950001,,1216780,1190392,4,95.4,3.9,2026-10-06
140,ALAB,Technology,Semiconductors,NASDAQ,3736753,350.33,152.13,3,10,-29.86,261.4,68.5,1.1,12.1,16.9,49.6,95,92,99,87,80.6,0,0,1,0,0,1,63256137773.384766,173485104.0,0.0657,1.045,3958700,4165906,2,89.6,6.0,2026-10-06
141,DMRA,Healthcare,Biotechnology,NASDAQ,651976,20.65,151.59,-4,-5,-46.12,445.0,54.3,-2.6,-12.8,-25.7,-22.5,95,99,98,99,98.8,0,1,1,1,1,4,1275455813.1199074,61735519.0,0.089499995,,684940,540880,4,98.7,0.2,2026-10-06
142,ZETA,Technology,Software - Infrastructure,NYSE,6370776,32.63,151.49,1,-14,-0.55,126.0,100.0,7.3,7.3,14.5,54.1,95,94,79,31,80.0,0,0,0,0,0,0,7392350858.758183,251013605.0,0.08,0.435,5930510,7636818,1,71.0,21.1,2026-10-06
143,VREX,Healthcare,Medical Devices,NASDAQ,661543,18.46,150.94,0,-54,-0.91,98.0,98.6,-0.1,-0.1,7.8,41.6,95,95,41,65,74.2,0,0,0,0,0,0,783450611.0970383,42463446.0,0.0377,0.037,490610,958858,1,68.8,21.8,2026-10-06
144,FIVN,Technology,Software - Infrastructure,NASDAQ,2128510,34.36,150.57,2,-6,-14.1,152.5,82.9,-3.4,0.9,5.5,51.7,95,93,85,15,71.8,0,0,0,0,0,0,2672860738.075718,74723531.0,0.118,0.103,2717550,2720106,1,66.2,27.0,2026-10-06
145,CHEF,Consumer Defensive,Food Distribution,NASDAQ,661856,116.42,150.18,1,-2,-1.05,103.4,91.3,-0.2,0.4,0.6,34.6,95,94,91,60,87.7,0,0,0,0,0,0,4498583935.4602585,40796083.0,0.15020001,0.129,563160,689458,2,83.2,10.2,2026-10-06
146,TNGX,Healthcare,Biotechnology,NASDAQ,2894903,23.24,150.17,-2,-1,-32.42,234.0,62.2,-5.4,-3.3,-7.2,9.8,95,97,98,99,95.9,0,0,1,1,0,2,4201770358.50395,168610367.0,0.2511,,3725670,2658346,4,97.5,0.1,2026-10-06
147,WDC,Technology,Computer Hardware,NASDAQ,6993473,415.29,150.16,-3,-2,-48.08,290.4,51.9,-2.4,-1.5,-4.9,10.0,95,98,99,99,97.2,0,1,1,1,0,3,164698707748.4131,360540944.0,0.0538,0.438,8562590,7620468,4,98.3,0.1,2026-10-06
148,XMTR,Industrials,Industrial Distribution,NASDAQ,748086,102.53,149.43,1,3,-5.0,198.3,100.0,4.3,11.1,16.6,48.3,95,94,96,62,89.6,0,0,0,0,0,0,5765031719.116234,57323573.0,0.0848,0.411,921540,706642,2,85.4,8.4,2026-10-06
149,ATRC,Healthcare,Medical Instruments & Supplies,NASDAQ,1353310,55.14,149.27,0,-37,-10.63,118.0,87.4,-2.1,-0.6,13.8,54.8,95,95,58,25,77.3,0,0,0,0,0,0,2969574298.0510635,50866294.0,0.0876,0.128,1274930,1165004,1,63.8,26.6,2026-10-06
150,ARW,Technology,Electronics & Computer Distribution,NYSE,537270,242.01,149.17,7,9,1.97,135.8,98.7,4.0,7.3,11.2,32.8,95,88,90,89,86.7,0,0,0,0,0,0,11850782629.751022,50905423.0,0.0373,0.318,500760,575350,1,88.4,0.2,2026-10-06
151,SSL,Basic Materials,Specialty Chemicals,NYSE,1833046,13.94,149.05,7,6,-8.17,163.6,89.2,0.4,-0.5,10.9,28.0,95,88,87,97,91.6,0,0,0,0,0,0,8993758507.284472,641037682.0,0.0083,0.179,1856100,1528190,2,90.9,-3.5,2026-10-06
152,RSKD,Technology,Software - Application,NYSE,2218283,7.86,148.81,4,-17,-3.79,106.1,97.1,1.7,12.8,24.3,54.5,95,91,70,29,77.7,0,0,0,0,0,0,1027253598.222619,132037734.0,0.0149,0.218,3540830,1969142,1,66.9,21.1,2026-10-06
153,COHR,Technology,Scientific & Technical Instruments,NYSE,6363613,337.04,148.12,8,17,-23.4,205.1,70.6,9.4,10.9,11.9,15.1,95,87,96,98,95.7,0,0,0,1,0,1,57933050704.59662,195832246.0,0.060900003,0.337,6841360,6905840,3,94.2,-7.5,2026-10-06
154,TH,Industrials,Specialty Business Services,NASDAQ,2341893,18.84,148.02,-1,-2,-13.42,204.0,83.3,-5.9,-5.0,4.3,34.8,95,96,95,94,93.0,0,0,0,0,0,0,2015395770.4485476,97929824.0,0.1278,0.387,2527280,1874798,4,94.5,2.0,2026-10-06
155,ACHV,Healthcare,Biotechnology,NASDAQ,1545146,7.24,147.92,-2,-3,-16.2,164.5,74.1,-8.5,-7.9,-6.0,28.5,95,97,96,60,90.3,0,0,0,0,0,0,775884770.6745815,102902490.0,0.15630001,,1431940,1465326,3,85.8,10.8,2026-10-06
156,ONTO,Technology,Semiconductor Equipment & Materials,NYSE,832750,327.77,147.12,4,9,-15.19,168.2,79.4,8.4,15.4,14.7,27.9,95,91,96,94,92.1,0,0,0,0,0,0,17581546026.402832,61123436.0,0.071,0.353,658400,1003222,4,93.3,-1.6,2026-10-06
157,MRX,Financial Services,Capital Markets,NASDAQ,758006,72.75,146.99,-1,-3,-8.04,166.3,93.9,4.4,3.4,7.1,38.9,95,96,94,86,93.6,0,0,0,0,0,0,5129390164.087524,71930870.0,0.0381,0.321,741300,725916,3,92.4,3.4,2026-10-06
158,SOPH,Healthcare,Health Information Services,NASDAQ,643943,8.07,146.88,-2,-17,-10.13,110.8,85.7,-0.3,0.9,6.1,43.4,95,97,82,75,83.7,0,0,0,0,0,0,699686531.2414017,83895266.0,0.013300001,0.272,528960,573160,1,84.4,12.6,2026-10-06
159,BNC,Industrials,Farm & Heavy Construction Machinery,NASDAQ,3841356,5.85,146.76,65,47,-51.25,205.0,43.5,1.0,7.9,55.7,62.7,94,29,11,5,5.8,0,0,0,0,0,0,251572228.9973021,41173850.0,0.068,-0.046,1244890,2375560,0,12.7,18.2,2026-10-06
160,UGP,Energy,Oil & Gas Refining & Marketing,NYSE,3555373,7.45,146.65,0,-10,-4.24,114.0,100.0,4.6,4.0,13.1,39.0,94,94,84,93,86.8,0,0,0,0,0,0,7565902082.974555,1065620026.0,0.0058,0.219,4330860,3445912,2,89.4,4.8,2026-10-06
161,OSCR,Healthcare,Healthcare Plans,NYSE,5159496,30.94,146.05,-1,-1,-10.27,198.8,93.9,6.9,3.4,5.1,47.3,94,95,95,37,78.7,0,0,0,0,0,0,9135892117.738724,308645000.0,0.070300005,0.704,5396980,5466610,2,76.4,19.7,2026-10-06
162,REPL,Healthcare,Biotechnology,NASDAQ,2158256,13.07,145.98,-2,-5,-19.96,673.5,80.2,1.3,-0.1,-0.5,47.3,94,96,93,2,95.1,0,0,0,0,0,0,1164554643.8922558,94219634.0,0.3369,,2234150,4531360,3,71.5,19.5,2026-10-06
163,WT,Financial Services,Asset Management,NYSE,2861676,24.38,145.9,0,-7,-5.91,127.9,95.9,1.3,3.2,6.4,34.3,94,94,87,85,83.5,0,0,0,0,0,0,3686289649.0705433,151512111.0,0.1734,0.573,2215620,2687508,1,87.4,7.7,2026-10-06
164,AMPL,Technology,Software - Application,NASDAQ,1636493,14.52,145.39,1,-29,-1.63,165.2,100.0,7.5,10.5,18.5,62.5,94,93,63,10,69.4,0,0,0,0,0,0,1763835997.0951138,132619246.0,0.0757,0.212,1638830,1891084,1,58.8,31.4,2026-10-06
165,RBRK,Technology,Software - Infrastructure,NYSE,3509093,118.58,145.21,11,15,2.12,180.0,100.0,6.7,14.5,26.3,70.2,94,83,87,15,69.6,0,0,0,0,0,0,22710201267.792923,207304433.0,0.0832,0.379,2717670,3328864,0,63.6,19.9,2026-10-06
166,HAE,Healthcare,Medical Devices,NYSE,573303,104.68,145.17,2,-17,-5.22,115.5,93.2,-1.0,-0.8,5.3,39.3,94,92,73,29,89.5,0,0,0,0,0,0,4790839609.145981,45497051.0,0.0881,0.056,460300,710380,1,70.9,15.8,2026-10-06
167,UTZ,Consumer Defensive,Packaged Foods,NYSE,1878456,14.27,144.82,-1,-75,-0.42,110.0,100.0,0.2,0.2,0.6,42.8,94,95,21,15,44.4,0,0,0,0,0,0,2050021880.1696644,143962213.0,0.1182,0.014,1453250,2174724,1,43.9,48.7,2026-10-06
168,KLIC,Technology,Semiconductor Equipment & Materials,NASDAQ,714603,100.77,144.65,8,19,-25.8,179.8,64.4,5.6,12.3,12.1,18.5,94,86,97,95,93.0,0,0,0,0,0,0,4771368721.669579,52329115.0,0.0529,1.226,837520,857112,3,92.8,-6.4,2026-10-06
169,MAN,Industrials,Staffing & Employment Services,NYSE,820176,54.16,144.63,-3,-29,-15.22,110.5,76.5,-3.8,-4.7,-6.0,41.9,94,97,71,22,65.5,0,0,0,0,0,0,2669884766.603813,46505570.0,0.1336,0.075,923920,935796,1,63.9,33.3,2026-10-06
170,SENS,Healthcare,Medical Devices,NASDAQ,701196,9.88,144.42,4,-72,-14.68,112.1,84.6,2.5,7.6,21.9,47.5,94,90,14,22,46.0,0,0,0,0,0,0,528740530.0,52874053.0,0.09810001,1.178,732670,721694,1,43.0,43.2,2026-10-06
171,VCTR,Financial Services,Asset Management,NASDAQ,722200,113.23,144.03,2,-6,-8.35,89.7,90.3,5.1,5.7,4.5,35.7,94,92,84,61,82.6,0,0,0,0,0,0,6689165955.0,61509572.0,0.0521,0.24,576810,659984,1,79.9,11.7,2026-10-06
172,LRCX,Technology,Semiconductor Equipment & Materials,NASDAQ,8560670,347.49,143.96,0,2,-20.75,163.2,71.0,6.7,12.5,12.7,25.3,94,94,96,97,92.4,0,0,0,0,0,0,394461462452.6966,1251424362.0,0.0233,0.3,8731890,9435786,4,94.8,0.0,2026-10-06
173,LFST,Healthcare,Medical Care Facilities,NASDAQ,5085640,11.83,143.25,-3,-6,-12.76,154.1,86.5,1.8,-1.6,1.3,38.5,94,97,94,58,91.5,0,0,0,0,0,0,4501025158.486919,380154147.0,0.088999994,0.261,4432360,4708972,3,85.1,10.8,2026-10-06
174,AMAT,Technology,Semiconductor Equipment & Materials,NASDAQ,6352163,540.04,143.24,2,7,-26.99,158.3,64.8,7.9,14.6,11.3,26.4,94,92,97,94,93.3,0,0,0,0,0,0,384894759855.0,793597443.0,0.0178,0.248,6091920,7030138,4,94.1,-1.5,2026-10-06
175,UCTT,Technology,Semiconductor Equipment & Materials,NASDAQ,876293,72.69,142.86,0,4,-49.6,241.9,43.3,-4.2,0.1,-3.5,2.8,94,94,98,98,94.0,0,0,1,1,0,2,3517572493.5496216,45277029.0,0.1074,0.243,1004570,1091006,4,96.0,-1.2,2026-10-06
176,SB,Industrials,Marine Shipping,NYSE,1536056,8.81,142.84,0,-10,-5.37,111.4,91.5,3.1,1.9,5.5,29.4,94,94,84,89,86.5,0,0,0,0,0,0,926604509.3016214,113833473.0,0.0749,0.33,1757960,1211912,1,88.4,5.7,2026-10-06
177,CYRX,Industrials,Integrated Freight & Logistics,NASDAQ,595810,17.43,142.54,3,5,-3.06,135.0,100.0,3.7,7.8,12.7,44.1,94,91,93,72,86.1,0,0,0,0,0,0,881800823.2715607,50649100.0,0.066199996,0.077,733230,584350,2,85.5,6.1,2026-10-06
178,SNOW,Technology,Software - Application,NYSE,5071790,341.04,142.18,1,-3,-11.32,179.9,92.6,0.8,1.4,4.3,48.3,94,93,89,15,66.0,0,0,0,0,0,0,118519632861.32812,352800000.0,0.0545,0.351,4135510,5027502,1,65.7,29.5,2026-10-06
179,KEYS,Technology,Scientific & Technical Instruments,NYSE,1112733,384.64,141.98,9,13,2.58,140.9,99.8,5.3,10.8,14.5,26.6,94,85,89,95,90.2,0,0,0,0,0,0,61654133362.65854,170244745.0,0.0159,0.365,1038030,1226888,2,89.8,-5.0,2026-10-06
180,HNST,Consumer Defensive,Household & Personal Products,NASDAQ,2021216,5.16,141.96,-2,-22,-14.14,145.2,79.2,-1.2,-3.1,1.4,44.4,94,96,76,30,65.6,0,0,0,0,0,0,567534360.8174257,107284379.0,0.1086,-0.109,1550500,2429492,1,66.9,30.4,2026-10-06
181,CADL,Healthcare,Biotechnology,NASDAQ,1162406,10.18,141.77,-4,-7,-27.29,131.4,62.3,-6.0,-7.7,-10.7,28.1,94,98,95,26,85.1,0,1,0,0,0,1,807438067.3204536,73270239.0,0.2074,,984530,1220420,2,76.0,21.2,2026-10-06
182,MTSI,Technology,Semiconductors,NASDAQ,1255736,321.6,141.61,17,35,-23.23,168.7,71.7,12.2,17.6,18.6,19.8,94,77,95,94,94.2,0,0,0,0,0,0,21809247325.027405,76370931.0,0.0435,0.358,1148490,1375270,3,90.0,-13.8,2026-10-06
183,TK,Energy,Oil & Gas Midstream,NYSE,592566,14.84,141.23,7,-7,-0.6,89.4,100.0,5.8,5.6,14.7,25.9,94,87,73,90,84.3,0,0,0,0,0,0,1201371752.2741983,87691370.0,0.059299998,0.435,568140,559986,1,83.6,2.1,2026-10-06
184,TGB,Basic Materials,Copper,NYSE ARCA,5607086,8.95,140.86,1,-7,-8.86,137.6,87.0,0.4,3.5,5.5,20.0,94,93,85,95,89.2,0,0,0,0,0,0,3151460642.3158665,366023318.0,1.45,1.848,5921350,5878470,2,90.5,2.3,2026-10-06
185,MRAM,Technology,Semiconductors,NASDAQ,895080,18.83,140.77,3,7,-63.44,142.9,29.4,0.1,7.7,9.6,11.3,94,91,95,84,81.3,0,0,0,0,0,0,449744649.5101757,24350009.0,0.1593,0.419,920000,1083864,2,87.8,5.9,2026-10-06
186,FTRE,Healthcare,Biotechnology,NASDAQ,1350086,20.0,140.56,3,8,-6.5,138.0,100.0,5.5,9.5,12.0,38.8,94,91,96,65,90.5,0,0,0,0,0,0,1891538941.9555664,95100000.0,0.155,-0.045,1283000,1499996,3,85.6,5.0,2026-10-06
187,PDFS,Technology,Software - Application,NASDAQ,638156,55.5,140.55,8,17,-22.58,134.0,68.6,10.0,16.8,18.9,29.9,94,86,95,91,89.7,0,0,0,0,0,0,2092358520.583191,42227216.0,0.098500006,0.189,531350,598898,2,90.4,-3.7,2026-10-06
188,OUST,Technology,Electronic Components,NASDAQ,2173780,44.39,140.47,13,28,-30.41,165.3,59.9,6.2,14.9,12.8,39.9,94,81,96,78,74.1,0,0,0,0,0,0,3152751286.7877502,72112333.0,0.096999995,0.559,2617470,2571714,1,82.3,2.6,2026-10-06
189,OPRT,Financial Services,Credit Services,NASDAQ,556933,8.35,140.4,5,-32,-3.58,102.9,96.2,0.7,2.9,11.7,43.2,94,89,52,38,66.9,0,0,0,0,0,0,393191021.9213724,45987253.0,0.0308,0.094,802710,542918,0,61.5,24.9,2026-10-06
190,SATL,Industrials,Aerospace & Defense,NASDAQ,4971506,5.73,139.93,6,-12,-52.25,318.9,42.8,-6.7,-1.4,4.1,3.6,94,88,70,96,72.3,0,0,0,0,0,0,948575262.5994244,153739911.0,0.16280001,2.585,5695010,5366190,1,81.6,8.1,2026-10-06
191,STLN,Healthcare,Medical Care Facilities,NASDAQ,1262890,6.35,139.89,-2,-2,-10.94,164.2,83.9,-3.6,-3.2,2.7,42.5,93,95,95,63,83.5,0,0,0,0,0,0,678761310.348835,101916115.0,0.0787,0.346,1093550,1413660,2,84.1,12.2,2026-10-06
192,S,Technology,Software - Infrastructure,NYSE,9060133,25.06,139.76,16,17,2.71,113.0,100.0,6.3,11.4,17.4,51.9,93,77,78,21,67.7,0,0,0,0,0,0,7789338946.365557,348049117.0,0.0598,0.206,8231120,8107670,0,60.9,15.7,2026-10-06
193,GCT,Technology,Software - Infrastructure,NASDAQ,605633,53.75,139.72,1,-38,-4.48,114.7,100.0,3.2,3.7,8.3,29.3,93,92,53,95,87.7,0,0,0,0,0,0,1927638576.9131508,35710237.0,0.1512,0.276,667240,646192,2,81.9,5.5,2026-10-06
194,SLN,Healthcare,Biotechnology,NASDAQ,813310,10.64,139.23,-5,-10,-39.46,135.8,52.5,-8.3,-15.3,-19.9,23.3,93,98,93,84,86.4,0,1,0,0,0,1,694882700.4479218,62154086.0,0.043,,907300,1264570,2,90.4,9.1,2026-10-06
195,HUT,Financial Services,Capital Markets,NASDAQ,4629360,89.63,139.18,-3,-1,-36.34,164.4,55.9,-5.5,-5.5,-2.4,10.9,93,96,98,98,91.7,0,0,1,1,0,2,11933981654.144196,123259468.0,0.1479,0.814,4055420,4736682,4,95.9,1.6,2026-10-06
196,CMPS,Healthcare,Medical Care Facilities,NASDAQ,2711543,11.9,139.07,-4,-3,-25.02,134.8,65.0,-9.9,-15.3,-13.2,16.5,93,97,98,77,85.8,0,0,1,0,0,1,1808507353.427187,138476822.0,0.1114,,2835760,2775180,2,89.5,9.5,2026-10-06
197,ARCT,Healthcare,Biotechnology,NASDAQ,1126376,13.03,139.0,-4,-86,-46.09,165.1,51.8,5.9,0.5,22.5,71.7,93,97,15,26,2.4,0,0,0,0,0,0,393659516.4925404,28423069.0,0.2393,-0.895,836940,1027692,1,35.1,69.7,2026-10-06
198,NEOG,Healthcare,Medical Devices,NASDAQ,3505920,12.15,138.9,0,-9,-14.8,140.5,88.7,-1.2,2.0,8.7,29.8,93,93,84,83,91.0,0,0,0,0,0,0,3001138678.720503,218106005.0,0.0684,-0.001,5687310,3055966,2,87.8,3.9,2026-10-06
199,GTLB,Technology,Software - Infrastructure,NASDAQ,5225480,49.78,138.89,1,-21,-10.39,165.2,100.0,6.3,6.3,17.4,59.0,93,92,70,8,37.7,0,0,0,0,0,0,7805079878.387451,166615000.0,0.0866,0.213,3976960,4845280,1,51.9,46.1,2026-10-06
200,EWTX,Healthcare,Biotechnology,NASDAQ,1477216,41.4,138.81,-2,0,-14.66,174.1,76.1,-1.2,-5.5,-6.0,15.5,93,95,97,96,94.6,0,0,0,0,0,0,4272486451.431675,108604129.0,0.1238,,1904850,1425736,4,95.6,-0.2,2026-10-06
201,DIOD,Technology,Semiconductors,NASDAQ,534176,103.84,138.55,8,13,-17.58,144.4,76.1,5.9,9.6,11.2,22.6,93,85,90,94,86.9,0,0,0,0,0,0,4413595238.553619,46051705.0,0.088,0.217,514400,594738,2,89.0,-3.2,2026-10-06
202,ASC,Industrials,Marine Shipping,NYSE,651400,19.3,138.54,7,0,-3.64,85.1,96.3,5.0,4.3,8.4,22.5,93,86,79,88,76.6,0,0,0,0,0,0,728326675.464962,40802614.0,0.063,0.613,652610,614630,0,82.4,5.0,2026-10-06
203,TBBB,Consumer Defensive,Discount Stores,NYSE,673253,52.65,138.41,2,-5,-2.5,123.3,100.0,2.2,3.7,11.6,35.5,93,91,84,79,89.6,0,0,0,0,0,0,6457342394.567776,120562775.0,0.0414,0.387,795640,698470,1,85.9,3.8,2026-10-06
204,CVE,Energy,Oil & Gas Integrated,NYSE,6855513,32.4,138.13,1,-5,-5.15,98.5,86.4,0.5,-2.1,0.5,20.9,93,92,86,93,84.8,0,0,0,0,0,0,57042498412.81891,1844245000.0,9.08,0.415,7387470,7133042,2,89.0,4.0,2026-10-06
205,PRCH,Financial Services,Insurance - Property & Casualty,NASDAQ,1394213,17.31,138.02,-3,-7,-5.77,171.1,93.9,3.2,4.8,6.0,54.8,93,96,92,19,27.0,0,0,0,0,0,0,1876482967.0278852,113519836.0,0.2297,0.117,1631830,1576270,2,58.5,50.3,2026-10-06
206,RVTY,Healthcare,Diagnostics & Research,NYSE,2105173,151.53,137.88,6,-8,-0.48,91.3,100.0,4.8,10.6,22.2,47.7,93,87,73,35,80.3,0,0,0,0,0,0,16861821123.216934,111586401.0,0.083500005,0.013,2293500,1882828,0,68.8,15.2,2026-10-06
207,KNSA,Healthcare,Drug Manufacturers - Specialty & Generic,NASDAQ,533286,75.79,137.46,-4,-9,-8.62,106.2,89.5,0.6,-0.3,-1.2,35.3,93,97,92,89,88.1,0,0,0,0,0,0,5858043038.906235,78024013.0,0.096999995,0.554,546690,607060,2,91.5,6.6,2026-10-06
208,BLFS,Healthcare,Medical Instruments & Supplies,NASDAQ,996640,37.3,137.43,3,-10,-4.09,112.7,97.1,0.9,4.1,8.2,45.0,93,90,77,27,71.4,0,0,0,0,0,0,1883059169.28619,48923333.0,0.1242,0.215,1103910,917720,1,66.4,23.2,2026-10-06
209,CBRL,Consumer Cyclical,Restaurants,NASDAQ,1042573,55.76,137.01,-1,-8,-7.47,125.1,92.0,8.5,13.2,4.6,43.6,93,94,87,19,54.6,0,0,0,0,0,0,1158079428.9963913,22352430.0,0.42130002,-0.022,1393090,946762,1,63.7,35.4,2026-10-06
210,NET,Technology,Software - Infrastructure,NYSE,3070503,349.07,136.94,10,12,-5.0,124.4,100.0,1.9,6.8,16.1,52.3,93,83,85,63,76.0,0,0,0,0,0,0,124278938217.2914,356079715.0,0.0271,0.359,2962450,3466468,0,76.7,7.3,2026-10-06
211,AMRX,Healthcare,Drug Manufacturers - Specialty & Generic,NASDAQ,2466630,20.3,136.93,3,3,-4.13,109.4,98.6,1.8,7.9,10.8,35.2,93,90,90,82,86.6,0,0,0,0,0,0,6885812613.227268,348296027.0,0.046,0.099,3268760,2214376,2,87.1,3.3,2026-10-06
212,AVAH,Healthcare,Medical Care Facilities,NASDAQ,3394963,12.59,136.83,-3,-10,-14.41,98.9,75.4,-1.9,-6.9,1.0,39.8,93,96,89,49,67.6,0,0,0,0,0,0,2708987342.721485,218290683.0,0.0614,0.137,2903740,3225078,1,75.4,24.3,2026-10-06
213,CON,Healthcare,Medical Care Facilities,NYSE,897143,35.65,136.46,1,-2,-2.89,93.5,99.1,3.1,3.2,5.8,35.6,93,92,89,62,81.2,0,0,0,0,0,0,4464395723.325714,127517736.0,0.044899996,0.1,817450,929230,1,81.1,11.7,2026-10-06
214,SMCI,Technology,Computer Hardware,NASDAQ,37226360,43.69,136.45,48,30,-25.67,110.4,59.4,2.7,7.0,17.4,34.7,93,45,27,17,7.0,0,0,0,0,0,0,27983726062.265102,646873027.0,0.1882,0.932,36118310,44503414,0,24.0,26.4,2026-10-06
215,TVTX,Healthcare,Biotechnology,NASDAQ,1511503,56.93,136.35,-5,-6,-17.17,134.1,77.0,-2.6,-7.0,-7.4,27.9,93,98,97,85,92.8,0,1,0,0,0,1,5602878584.632103,94261082.0,0.17899999,0.482,1785690,1592376,3,93.2,5.3,2026-10-06
216,ACMR,Technology,Semiconductor Equipment & Materials,NASDAQ,1025296,83.38,136.3,-1,3,-34.44,156.7,47.8,-3.0,2.6,-0.3,13.3,93,94,98,88,81.5,0,0,1,0,0,1,5383883063.352478,69649196.0,0.0764,0.36,1384240,1041490,2,90.4,7.1,2026-10-06
217,QLYS,Technology,Software - Infrastructure,NASDAQ,690480,193.0,136.13,2,1,-4.24,160.7,100.0,7.9,11.3,13.2,55.2,93,91,90,12,72.4,0,0,0,0,0,0,6072468259.072937,35217007.0,0.1381,0.11,555880,725548,2,66.3,25.2,2026-10-06
218,HALO,Healthcare,Biotechnology,NASDAQ,2213726,109.86,136.03,0,-20,-5.98,75.7,87.1,-3.0,-1.7,4.7,37.9,93,93,73,53,72.1,0,0,0,0,0,0,12927422373.184204,113498000.0,0.175,0.477,2841940,2308244,1,72.8,20.4,2026-10-06
219,HIMX,Technology,Semiconductors,NASDAQ,936086,15.24,136.0,9,19,-39.26,112.3,45.1,2.1,4.0,5.8,18.8,93,84,94,71,79.4,0,0,0,0,0,0,2518710124.9679737,174425914.0,0.05,0.059,972880,1164872,1,82.1,3.9,2026-10-06
220,AUGO,Basic Materials,Gold,NASDAQ,1011503,81.95,135.94,-3,-13,-25.72,182.1,69.6,3.1,0.5,7.9,16.7,93,96,86,98,91.9,0,0,0,1,0,1,7006244943.925026,83836843.0,0.16690001,0.764,973840,971128,3,93.0,2.7,2026-10-06
221,PTEN,Energy,Oil & Gas Drilling,NASDAQ,8325653,11.21,135.85,0,-12,-16.28,115.1,79.4,4.4,-1.5,0.9,14.9,93,93,81,93,89.9,0,0,0,0,0,0,4141628536.304943,379617653.0,0.1075,0.007,7489170,8296822,2,89.2,2.7,2026-10-06
222,BVS,Healthcare,Medical Devices,NASDAQ,506970,13.13,135.83,-3,-8,-17.39,107.7,80.1,-0.8,0.9,-1.3,31.2,93,96,91,80,87.8,0,0,0,0,0,0,943294053.4919786,68305143.0,0.0625,0.038,438940,644924,2,88.7,7.8,2026-10-06
223,FROG,Technology,Software - Application,NASDAQ,1829366,95.5,135.69,1,5,-9.7,181.6,91.1,4.9,6.3,8.6,42.7,93,92,96,51,88.0,0,0,0,0,0,0,10996010952.608574,123301311.0,0.065799996,0.287,1645700,2014490,2,81.8,9.8,2026-10-06
224,SN,Consumer Cyclical,"Furnishings, Fixtures & Appliances",NYSE,1862143,182.57,135.68,1,-6,-6.15,116.0,90.6,2.5,5.7,3.8,35.0,93,92,85,68,82.9,0,0,0,0,0,0,25153832940.85466,141520379.0,0.1117,0.222,1485850,1834436,1,82.0,10.1,2026-10-06
225,VSAT,Technology,Communication Equipment,NASDAQ,1614966,72.0,135.55,-1,2,-22.61,130.0,66.3,-2.9,-4.2,-7.0,14.4,93,94,97,98,91.2,0,0,0,1,0,1,10058928783.762894,137755810.0,0.0968,-0.012,1488720,1809234,4,95.1,0.3,2026-10-06
226,ERO,Basic Materials,Copper,NYSE,1509796,37.91,135.51,0,-35,-7.15,93.3,90.4,3.3,6.9,11.0,27.6,93,93,58,93,84.0,0,0,0,0,0,0,3949940600.3027687,104302633.0,3.69,0.739,1322180,1424086,2,82.0,8.0,2026-10-06
227,STTK,Healthcare,Biotechnology,NASDAQ,1277430,6.73,135.49,-5,-5,-19.21,267.2,75.2,-0.2,2.9,-5.8,10.9,93,98,98,99,94.6,0,1,1,1,0,3,609204962.9384942,100363253.0,0.070300005,,1536140,1126290,4,97.4,1.5,2026-10-06
228,FNKO,Consumer Cyclical,Leisure,NASDAQ,1129050,5.86,135.47,5,5,-20.27,116.0,76.0,9.1,10.6,3.3,26.0,93,88,88,36,86.0,0,0,0,0,0,0,307976713.0,55995766.0,0.15689999,0.074,1031950,1227978,0,74.5,11.4,2026-10-06
229,ENTG,Technology,Semiconductor Equipment & Materials,NASDAQ,2017456,166.47,135.43,10,14,-10.95,142.6,85.2,7.4,14.2,17.3,26.0,92,82,86,90,80.5,0,0,0,0,0,0,23132846907.043457,152300000.0,0.0671,0.115,1997760,2321650,1,84.6,-1.2,2026-10-06
230,DNTH,Healthcare,Biotechnology,NASDAQ,784093,88.21,135.22,-6,-6,-25.17,167.4,66.4,-2.0,-8.9,-15.7,8.2,92,98,98,99,92.9,0,1,1,1,0,3,4840695098.978104,54666233.0,0.18110001,2.943,873010,773692,4,97.0,2.4,2026-10-06
231,PD,Technology,Software - Application,NYSE,1766303,15.34,135.15,5,-18,-9.28,172.1,92.8,4.2,7.1,19.6,59.9,92,87,64,6,16.3,0,0,0,0,0,0,1130985182.7407637,78649873.0,0.13149999,0.008,1759500,1525048,0,43.3,53.9,2026-10-06
232,OGN,Healthcare,Drug Manufacturers - General,NYSE,2759716,13.72,135.09,1,2,-0.47,140.4,99.0,-0.1,0.0,0.1,25.4,92,91,92,32,53.0,0,0,0,0,0,0,3605627394.8769417,262609433.0,0.0759,-0.023,1878520,2707256,2,67.0,30.7,2026-10-06
233,PBR,Energy,Oil & Gas Integrated,NYSE,22091563,21.65,134.92,4,-11,-2.65,109.2,100.0,13.8,14.2,22.7,34.6,92,88,73,94,86.2,0,0,0,0,0,0,131271748589.2975,6444366381.0,1.35,0.423,20383480,19632494,1,85.3,1.2,2026-10-06
234,GEO,Industrials,Security & Protection Services,NYSE,2344940,31.36,134.67,-1,-3,-5.4,143.9,97.8,4.4,3.7,3.5,40.2,92,93,91,28,76.2,0,0,0,0,0,0,4109163322.104004,131619584.0,0.1046,0.151,2732020,2155336,2,72.0,21.6,2026-10-06
235,PAYC,Technology,Software - Application,NYSE,707586,220.99,134.62,-1,-63,-9.79,98.8,88.4,1.8,1.6,5.1,45.5,92,93,31,14,39.3,0,0,0,0,0,0,9936489427.344864,45071619.0,0.0685,0.098,575330,830410,1,44.3,48.8,2026-10-06
236,SFL,Industrials,Marine Shipping,NYSE,1463713,13.45,134.55,7,-2,-3.79,97.4,96.4,3.3,2.9,7.1,23.3,92,85,76,85,82.0,0,0,0,0,0,0,1772206166.9310398,138670282.0,0.0357,0.027,1416550,1379622,0,82.0,2.4,2026-10-06
237,STM,Technology,Semiconductors,NYSE,8161156,57.26,134.21,3,11,-29.67,172.1,62.1,7.4,11.2,11.1,20.0,92,89,97,89,87.4,0,0,0,0,0,0,46324520905.3942,892057012.0,0.0226,0.261,9497650,8923718,1,90.6,0.0,2026-10-06
238,CXW,Industrials,Security & Protection Services,NYSE,2019476,33.43,134.09,-2,-5,-8.54,109.1,90.7,3.3,0.2,2.4,37.0,92,94,91,39,80.7,0,0,0,0,0,0,3177447907.199642,98893489.0,0.18,0.273,2270200,1782982,2,76.2,18.0,2026-10-06
239,ACVA,Consumer Cyclical,Auto & Truck Dealerships,NYSE,11367893,10.45,133.94,46,50,-0.48,153.0,100.0,0.4,5.4,23.7,52.1,92,46,50,6,28.2,0,0,0,0,0,0,1776191477.2776604,169807980.0,0.0941,0.104,9086920,8784956,0,32.5,16.5,2026-10-06
240,ZBRA,Technology,Communication Equipment,NASDAQ,554163,375.86,133.77,2,-32,-2.68,88.5,96.0,1.1,4.5,6.4,40.3,92,90,56,26,54.4,0,0,0,0,0,0,17626260782.703613,47633392.0,0.045900002,0.204,507720,685264,1,56.6,34.0,2026-10-06
241,PACS,Healthcare,Medical Care Facilities,NYSE,731473,42.85,133.64,-4,-4,-13.42,303.7,84.8,2.0,0.2,-2.8,9.5,92,96,96,96,95.9,0,0,0,0,0,0,6539260654.799515,158335612.0,0.0774,0.091,782800,799228,4,96.0,0.0,2026-10-06
242,SANM,Technology,Electronic Components,NASDAQ,606126,229.04,133.64,17,34,-20.66,97.3,65.8,1.5,6.2,11.3,19.2,92,75,92,82,85.7,0,0,0,0,0,0,12047077937.11261,53597356.0,0.059699997,0.697,669690,700588,1,83.7,-8.5,2026-10-06
243,SMWB,Technology,Software - Application,NYSE,643150,7.96,133.62,-5,-12,-18.36,246.8,82.6,1.7,-0.5,-1.0,50.8,92,97,90,3,9.7,0,0,0,0,0,0,668925169.5871582,88248704.0,0.014099999,0.088,533570,775456,2,49.9,63.1,2026-10-06
244,VECO,Technology,Semiconductor Equipment & Materials,NASDAQ,624823,57.38,133.6,17,37,-33.76,113.4,52.8,11.6,20.5,17.9,23.7,92,75,95,90,79.5,0,0,0,0,0,0,3036309106.868286,61129640.0,0.1545,0.165,864900,726876,2,84.9,-7.3,2026-10-06
245,ESTC,Technology,Software - Application,NYSE,2553110,93.94,133.41,1,-47,-13.02,119.2,91.2,4.4,7.1,13.8,45.6,92,91,43,10,34.3,0,0,0,0,0,0,9263226062.682304,105120583.0,0.045900002,0.151,1611040,2421712,1,44.6,49.3,2026-10-06
246,AVTR,Healthcare,Medical Instruments & Supplies,NYSE,8106753,15.34,133.36,0,-47,-4.42,113.4,99.4,4.0,3.8,9.4,47.0,92,92,45,13,41.9,0,0,0,0,0,0,10314472310.0,676358840.0,0.0922,0.005,8562030,9299104,1,48.0,45.5,2026-10-06
247,SNX,Technology,Electronics & Computer Distribution,NYSE,909793,278.37,132.91,3,3,-6.83,94.7,91.3,3.0,4.1,6.9,28.3,92,89,89,88,79.1,0,0,0,0,0,0,20794888673.49243,79059000.0,0.0224,0.377,1486420,828170,0,86.3,5.1,2026-10-06
248,CRL,Healthcare,Diagnostics & Research,NYSE,919780,290.19,132.8,-2,-14,-4.33,107.3,100.0,6.3,9.2,11.9,47.6,92,94,82,64,81.9,0,0,0,0,0,0,13979851101.65503,47738872.0,0.054,-0.027,973530,935808,1,80.5,13.2,2026-10-06
249,KN,Technology,Electronic Components,NYSE,721453,40.05,132.73,11,21,-6.71,90.6,84.6,4.4,7.6,8.2,23.9,92,81,91,87,77.2,0,0,0,0,0,0,3205449430.519348,85410326.0,0.0784,0.143,602210,817038,1,84.1,-0.3,2026-10-06
250,ATI,Industrials,Metal Fabrication,NYSE,1868930,192.42,132.71,-3,-5,-21.0,141.2,74.5,2.8,1.1,-4.6,15.3,92,95,93,95,92.2,0,0,0,0,0,0,25256882057.05736,136170383.0,0.048499998,0.106,1437320,1746886,4,93.8,1.6,2026-10-06
251,HPQ,Technology,Computer Hardware,NYSE,16509543,32.12,132.62,7,-9,-11.34,72.9,76.8,-0.3,-3.2,2.5,33.0,92,85,69,27,46.7,0,0,0,0,0,0,28226056641.68809,901790969.0,0.094,0.125,13499390,15675630,0,56.9,32.4,2026-10-06
252,FLEX,Technology,Electronic Components,NASDAQ,3073086,116.61,132.49,4,13,-30.12,114.2,57.9,2.7,4.2,2.4,16.9,92,88,97,90,87.6,0,0,0,0,0,0,42363133629.77284,369402978.0,0.0273,0.206,2760480,3690260,2,90.6,-1.1,2026-10-06
253,CODI,Industrials,Conglomerates,NYSE,549173,10.93,132.03,2,0,-17.51,137.8,79.5,-0.7,-0.7,-1.6,19.6,92,90,88,86,77.6,0,0,0,0,0,0,846404617.5,75235966.0,0.0646,-0.114,552020,643468,1,85.4,7.2,2026-10-06
254,APA,Energy,Oil & Gas E&P,NASDAQ,5697516,43.68,131.37,1,-12,-7.93,102.4,86.2,2.1,-0.2,5.1,23.7,92,91,78,95,83.8,0,0,0,0,0,0,14974024125.453377,350351510.0,0.0921,0.092,6054970,5786620,2,87.0,4.1,2026-10-06
255,CGAU,Basic Materials,Gold,NYSE,1341853,21.43,131.27,-4,-19,-12.6,99.1,80.0,-2.7,-3.6,-0.3,17.5,92,96,81,96,85.3,0,0,0,0,0,0,4412906020.494303,195607541.0,4.02,0.535,1082450,1494502,2,89.6,6.8,2026-10-06
256,VIR,Healthcare,Biotechnology,NASDAQ,2166530,11.17,131.26,-1,-6,-6.45,130.1,100.0,6.6,8.1,15.5,30.2,92,93,88,91,88.5,0,0,0,0,0,0,1803842086.459694,169215958.0,0.1176,195.825,1764040,1893130,2,90.1,3.1,2026-10-06
257,TTMI,Technology,Electronic Components,NASDAQ,1981220,131.87,131.21,4,13,-41.08,148.5,47.4,4.8,7.8,8.2,6.0,92,88,97,98,90.6,0,0,0,1,0,1,13607912569.980469,105348864.0,0.0458,0.374,1964960,2537780,3,93.4,-4.2,2026-10-06
258,ATKR,Industrials,Electrical Equipment & Parts,NYSE,754740,94.62,130.97,4,-30,-0.03,71.4,100.0,0.2,0.3,3.1,25.5,92,88,54,57,70.6,0,0,0,0,0,0,3193918463.0332794,33773062.0,0.0452,0.081,793680,1043764,0,67.4,18.3,2026-10-06
259,SBLK,Industrials,Marine Shipping,NASDAQ,1852693,30.75,130.69,1,-9,-6.48,83.7,89.5,2.6,0.5,2.8,20.3,92,91,81,87,77.9,0,0,0,0,0,0,3428748848.706528,116071386.0,0.0269,0.445,1969910,1714510,1,84.2,8.3,2026-10-06
260,ZIM,Industrials,Marine Shipping,NYSE,1548686,29.63,130.48,5,-1,-4.3,132.6,91.3,-1.6,-2.3,3.6,12.6,91,86,80,92,89.0,0,0,0,0,0,0,3517969114.9044456,120519666.0,0.025899999,0.089,1905430,1745750,1,86.8,-2.1,2026-10-06
261,WTTR,Energy,Oil & Gas Equipment & Services,NYSE,1694880,19.95,130.36,-2,-3,-11.53,113.4,82.9,1.2,-0.5,0.5,20.8,91,93,92,88,85.1,0,0,0,0,0,0,2558226996.955124,128942892.0,0.0514,0.087,2142460,1724370,2,89.5,5.0,2026-10-06
262,IMAX,Communication Services,Entertainment,NYSE,985150,52.72,130.34,1,-21,-6.99,69.1,85.1,-3.2,-1.5,1.2,27.0,91,90,68,78,75.8,0,0,0,0,0,0,3073900447.8587875,54842114.0,0.1823,0.122,1133150,1186430,1,78.0,11.7,2026-10-06
263,CHPT,Consumer Cyclical,Specialty Retail,NYSE,3156406,9.29,130.34,15,-42,-26.33,98.0,56.4,-4.7,-4.1,21.7,35.9,91,76,19,11,5.1,0,0,0,0,0,0,239773401.5140686,26850324.0,0.21280001,0.177,1398480,2038440,0,27.8,54.2,2026-10-06
264,MGNI,Communication Services,Advertising Agencies,NASDAQ,2237540,24.73,130.3,-2,-10,-7.86,122.9,95.1,1.3,2.2,6.2,47.6,91,93,85,22,52.0,0,0,0,0,0,0,3437876944.808447,143424157.0,0.09,0.112,2168960,2505980,1,63.0,35.5,2026-10-06
265,WOLF,Technology,Semiconductors,NYSE,2677590,35.28,130.19,50,101,-56.35,126.6,31.9,14.5,22.2,22.7,13.4,91,41,92,63,62.5,0,0,0,0,0,0,1459295771.1768725,52930569.0,7.69,-0.241,2917820,3619140,1,64.6,-20.2,2026-10-06
266,EQNR,Energy,Oil & Gas Integrated,NYSE,3402430,42.56,129.95,0,-17,-7.16,89.0,85.4,0.3,-2.2,0.8,19.4,91,91,74,92,80.8,0,0,0,0,0,0,100013354170.20978,2370546514.0,0.0239,0.374,4137850,3271710,2,84.5,6.6,2026-10-06
267,TGT,Consumer Defensive,Discount Stores,NYSE,3856143,156.0,129.55,-2,-16,-8.64,82.8,80.4,-2.3,-2.6,-1.9,18.5,91,93,79,75,79.8,0,0,0,0,0,0,71528189148.06248,454291461.0,0.037,0.053,3437720,4026384,1,81.7,11.6,2026-10-06
268,AZTA,Healthcare,Medical Instruments & Supplies,NASDAQ,952306,38.75,129.36,17,-28,-7.14,166.7,100.0,20.0,26.3,30.2,51.4,91,74,29,18,62.4,0,0,0,0,0,0,1490361549.9138908,43808393.0,0.19950001,0.12,1109210,851784,0,45.9,21.5,2026-10-06
269,EFXT,Energy,Oil & Gas Equipment & Services,NYSE,617266,24.59,129.29,6,15,-15.64,133.2,80.9,5.8,8.4,14.1,14.7,91,85,94,97,91.4,0,0,0,0,0,0,2877964915.0471573,122102883.0,2.28,-0.054,721290,705758,3,91.8,-6.5,2026-10-06
270,NRIX,Healthcare,Biotechnology,NASDAQ,1423320,22.99,129.08,-6,-9,-18.56,149.2,73.6,-3.2,-6.9,-9.5,16.7,91,97,94,79,93.8,0,0,0,0,0,0,2379367780.7977123,103405813.0,0.1752,-0.795,1639790,1286886,3,91.0,5.5,2026-10-06
271,ANF,Consumer Cyclical,Apparel Retail,NYSE,2079073,135.91,128.86,-4,-68,-12.44,115.5,87.6,4.4,2.0,12.2,39.3,91,95,31,58,77.5,0,0,0,0,0,0,5758769587.568771,42434377.0,0.1725,0.048,1134870,1645956,1,65.4,22.5,2026-10-06
272,ARX,Financial Services,Insurance Brokers,NYSE,2055213,19.73,128.81,5,-60,-0.85,110.8,98.6,-0.0,-0.2,10.4,34.8,91,86,21,17,68.4,0,0,0,0,0,0,4289473902.0,217188552.0,0.076799996,0.572,2031580,4261590,0,48.1,29.1,2026-10-06
273,OOMA,Technology,Software - Application,NYSE,529470,20.8,128.7,-3,-6,-20.58,98.5,81.4,-1.6,-4.7,-3.3,24.5,91,94,91,72,82.2,0,0,0,0,0,0,600852012.6342773,27600000.0,0.065,0.254,477690,471508,2,84.8,10.6,2026-10-06
274,ANET,Technology,Computer Hardware,NYSE,4891956,207.35,128.64,5,5,-3.51,78.2,96.2,0.9,3.2,6.6,29.9,91,86,86,84,67.8,0,0,0,0,0,0,260505954893.35217,1261224648.0,0.0127,0.377,4265290,6130166,0,80.9,9.5,2026-10-06
275,FRNM,Healthcare,Diagnostics & Research,NASDAQ,864740,16.32,128.64,-1,-57,-6.74,68.5,96.1,4.7,6.5,20.2,34.8,91,92,36,35,75.5,0,0,0,0,0,0,1718074531.267376,107446814.0,1.96,1.065,534350,891998,1,59.6,25.3,2026-10-06
276,CLBK,Financial Services,Banks - Regional,NASDAQ,4225736,11.41,128.55,1,-8,-4.92,81.5,91.2,1.3,-0.3,-0.2,23.3,91,90,81,76,79.2,0,0,0,0,0,0,1178979794.6109867,104058235.0,0.739,0.131,4342860,4811706,1,81.5,9.1,2026-10-06
277,CRCT,Technology,Computer Hardware,NASDAQ,722893,6.52,128.52,6,-47,-0.46,73.0,98.2,3.7,9.4,14.0,37.2,91,85,32,29,25.3,0,0,0,0,0,0,1285988686.2761536,209444416.0,0.0967,-0.092,674400,787452,0,42.8,46.3,2026-10-06
278,CRGY,Energy,Oil & Gas E&P,NYSE,6040443,13.39,128.52,5,-43,-13.45,75.0,76.2,2.9,-1.3,4.1,17.7,91,86,38,90,74.4,0,0,0,0,0,0,4344808476.360992,330403696.0,0.1145,0.553,5281840,5960774,1,72.1,9.8,2026-10-06
279,ROIV,Healthcare,Biotechnology,NASDAQ,8997676,35.72,128.49,-3,-1,-15.95,123.2,76.6,-1.7,-6.8,-2.2,18.3,91,94,96,95,90.9,0,0,0,0,0,0,25859163385.911278,722323015.0,0.066,-0.335,6054800,7651054,4,94.0,1.1,2026-10-06
280,PTGX,Healthcare,Biotechnology,NASDAQ,649790,140.06,128.47,-5,-7,-12.9,119.3,81.0,-0.1,-1.6,-3.1,26.2,91,96,94,89,90.0,0,0,0,0,0,0,9179517349.594805,64708285.0,0.1462,37.492,780770,585114,2,92.2,4.6,2026-10-06
281,SRZN,Healthcare,Biotechnology,NASDAQ,711733,29.32,128.41,13,24,-22.5,146.9,77.6,4.3,26.4,27.1,18.5,91,78,89,97,89.1,0,0,0,0,0,0,347200114.08070374,11753558.0,0.3364,4.086,1749870,540284,1,88.3,-10.5,2026-10-06
282,HUM,Healthcare,Healthcare Plans,NYSE,1036980,388.36,128.41,-1,0,-9.45,146.9,97.7,4.8,3.5,4.8,37.4,91,92,93,19,75.0,0,0,0,0,0,0,47783556082.94556,120080308.0,0.0269,0.262,1176980,1184556,2,69.7,23.0,2026-10-06
283,ITGR,Healthcare,Medical Devices,NYSE,772346,126.45,128.3,1,-52,-0.28,99.7,99.9,0.1,0.2,2.3,31.2,91,90,37,30,50.6,0,0,0,0,0,0,4295189446.619019,33997068.0,0.089899994,-0.026,797020,1144366,1,51.9,37.0,2026-10-06
284,FWDI,Consumer Cyclical,Footwear & Accessories,NASDAQ,2461533,8.16,128.08,12,-57,-73.09,129.1,20.9,-0.4,8.9,36.4,52.4,91,79,10,11,0.2,0,0,0,0,0,0,642346776.1203289,76288215.0,0.1,3.321,2276650,1858374,0,25.1,59.9,2026-10-06
285,BZH,Consumer Cyclical,Residential Construction,NYSE,696890,33.4,127.86,5,6,-3.3,85.1,95.6,0.0,0.1,0.5,26.6,91,86,87,38,62.0,0,0,0,0,0,0,890298991.0130882,26679623.0,0.077,-0.053,728370,772552,0,68.2,21.5,2026-10-06
286,SM,Energy,Oil & Gas E&P,NYSE,3890090,35.24,127.82,2,-16,-15.21,99.5,73.7,2.2,-2.9,0.7,23.2,91,89,71,85,66.6,0,0,0,0,0,0,8065631409.586349,237854068.0,0.066199996,1.761,3554570,3850968,0,77.9,13.8,2026-10-06
287,SKM,Communication Services,Telecom Services,NYSE,1391846,36.79,127.72,4,-2,-22.02,85.0,63.5,1.3,0.5,0.2,11.3,91,87,81,92,78.5,0,0,0,0,0,0,13935208159.115145,383890040.0,0.0124,0.005,1057960,1790966,1,84.6,3.8,2026-10-06
288,VGNT,Consumer Cyclical,Auto Parts,NYSE,724653,46.43,127.63,4,1,-8.76,75.5,87.3,2.5,2.2,2.8,,91,87,84,45,,0,0,0,0,0,0,3310131901.024189,70835265.0,4.73,0.108,626610,795206,0,72.0,,2026-10-06
289,EC,Energy,Oil & Gas Integrated,NYSE,1607706,16.6,127.43,0,-2,-9.68,100.3,89.5,3.7,0.6,1.2,19.7,91,91,89,88,85.3,0,0,0,0,0,0,34085739749.45225,2055834735.0,0.0322,0.355,1614530,1770894,1,88.3,3.7,2026-10-06
290,OII,Energy,Oil & Gas Equipment & Services,NYSE,898420,44.32,127.39,-4,-10,-18.3,105.7,73.5,0.7,-2.2,-6.9,18.1,91,95,89,92,85.0,0,0,0,0,0,0,4604241210.642796,99529645.0,0.105399996,0.1,803080,972934,2,90.2,6.2,2026-10-06
291,WNC,Industrials,Farm & Heavy Construction Machinery,NYSE,820863,14.04,127.26,-4,-17,-2.97,106.6,95.8,10.4,11.5,10.4,33.1,91,95,82,33,69.5,0,0,0,0,0,0,530805353.3120012,40737173.0,0.10560001,-0.091,1136420,919804,1,69.9,26.4,2026-10-06
292,BRKR,Healthcare,Medical Devices,NASDAQ,2231806,63.24,127.16,2,3,-3.15,94.9,97.2,1.3,5.9,8.3,29.3,90,88,89,30,83.6,0,0,0,0,0,0,9778420947.376371,152359316.0,0.158,0.052,2196240,2307154,0,72.6,13.7,2026-10-06
293,U,Technology,Software - Application,NYSE,9877290,43.61,126.9,2,-27,-16.38,166.7,88.3,7.8,7.5,9.6,43.1,90,88,59,18,44.1,0,0,0,0,0,0,18285694830.38879,440088933.0,0.0665,0.239,12248190,11059012,0,52.3,38.8,2026-10-06
294,SYNA,Technology,Semiconductors,NASDAQ,931623,121.1,126.83,24,52,-18.78,104.6,68.7,14.6,20.4,18.1,20.9,90,66,94,63,81.4,0,0,0,0,0,0,4077204711.8126526,39692413.0,0.1084,0.089,1237610,808414,1,76.1,-9.9,2026-10-06
295,ASML,Technology,Semiconductor Equipment & Materials,NASDAQ,1264386,1867.31,126.7,2,6,-6.63,98.7,87.7,3.8,7.6,7.9,20.2,90,88,92,91,82.8,0,0,0,0,0,0,669847331494.1406,384100000.0,0.0038,0.213,1280160,1388830,2,88.5,1.6,2026-10-06
296,UMAC,Technology,Computer Hardware,NYSE ARCA,2854096,22.37,126.56,-5,-7,-35.95,181.3,53.5,-6.7,-7.1,-10.5,16.6,90,95,93,82,69.4,0,0,0,0,0,0,1201453907.1362114,49956505.0,0.1859,6.873,2631650,3714526,2,84.9,15.6,2026-10-06
297,RAL,Technology,Electronic Components,NYSE,1348810,73.2,126.53,11,21,-2.93,92.7,100.0,4.8,7.8,10.1,30.1,90,79,89,37,78.4,0,0,0,0,0,0,7748119625.181396,110640008.0,0.074499995,0.128,1113060,1497560,0,70.8,7.7,2026-10-06
298,GKOS,Healthcare,Medical Devices,NYSE,763116,163.75,126.35,-4,-10,-14.54,119.6,77.8,2.8,-0.3,-4.8,21.2,90,94,88,74,86.3,0,0,0,0,0,0,9108888958.898745,58983937.0,0.0855,0.495,913700,842368,1,85.6,8.5,2026-10-06
299,CGEM,Healthcare,Biotechnology,NASDAQ,1077736,15.51,126.05,-7,-9,-33.12,174.7,59.6,0.0,-13.4,-17.4,4.3,90,97,95,91,94.8,0,0,0,0,0,0,910193687.0488224,61458046.0,0.2084,,1412700,914272,4,94.4,2.5,2026-10-06
300,NVT,Industrials,Electrical Equipment & Parts,NYSE,2320956,169.56,126.03,8,16,-8.17,76.0,80.8,2.1,4.9,6.0,18.7,90,82,90,92,78.7,0,0,0,0,0,0,26611064343.73148,161857939.0,0.0327,0.528,1646700,2320802,2,85.7,-1.1,2026-10-06
301,LSCC,Technology,Semiconductors,NASDAQ,1604056,134.0,125.96,11,26,-14.66,115.2,76.0,5.0,11.3,9.7,17.9,90,79,94,92,83.2,0,0,0,0,0,0,18150986645.034256,141749209.0,0.08140001,0.622,1802560,1756004,2,87.1,-6.2,2026-10-06
302,CBZ,Industrials,Specialty Business Services,NYSE,999413,54.69,125.8,1,-59,-3.93,117.7,93.4,0.1,0.1,0.7,37.1,90,89,29,7,20.8,0,0,0,0,0,0,3004145572.5265045,54940482.0,0.045700002,-0.002,766690,1484882,0,36.4,56.5,2026-10-06
303,SGMT,Healthcare,Biotechnology,NASDAQ,1297226,9.14,125.69,-5,-33,-20.17,98.5,67.7,-6.5,-11.9,-7.7,25.6,90,95,67,60,53.7,0,0,0,0,0,0,574345939.4930134,62158653.0,0.1681,,1908910,1302620,1,68.9,30.4,2026-10-06
304,LILAK,Communication Services,Telecom Services,NASDAQ,1305100,8.5,125.59,-4,-11,-4.66,86.6,98.1,3.5,2.2,3.8,37.4,90,94,87,77,74.6,0,0,0,0,0,0,1663190955.1620483,195900000.0,0.0464,0.015,1418690,1377340,1,83.2,13.8,2026-10-06
305,FDMT,Healthcare,Biotechnology,NASDAQ,963343,13.67,125.58,-5,-6,-19.26,79.7,59.9,-10.2,-9.5,-4.0,23.6,90,95,94,95,71.5,0,0,0,0,0,0,799383747.9217958,55244211.0,0.2492,251.067,1155000,948948,3,88.9,11.9,2026-10-06
306,PEB,Real Estate,REIT - Hotel & Motel,NYSE,2158906,19.07,125.31,6,12,-4.32,87.3,93.2,2.3,4.3,3.8,25.0,90,84,90,80,79.7,0,0,0,0,0,0,2078562837.329216,112842716.0,0.2377,-0.001,2218210,2147738,1,83.4,2.4,2026-10-06
307,NESR,Energy,Oil & Gas Equipment & Services,NASDAQ,2007863,24.67,125.21,-8,-9,-33.22,140.0,53.5,-15.9,-21.9,-23.9,-4.0,90,98,97,97,92.7,0,1,0,0,0,1,3240366963.741295,100851754.0,0.0477,0.591,2594460,2077204,4,96.2,3.0,2026-10-06
308,NEXA,Basic Materials,Other Industrial Metals & Mining,NYSE,821376,12.24,125.11,-4,-4,-27.53,147.9,63.6,0.2,-2.3,-7.4,-2.2,90,94,94,94,93.5,0,0,0,0,0,0,1647536265.2665472,132438611.0,0.0049,0.282,531300,727788,4,93.9,0.3,2026-10-06
309,CIEN,Technology,Communication Equipment,NYSE,2495706,391.34,125.07,4,16,-38.61,157.3,50.1,6.7,10.3,4.2,-0.6,90,86,98,99,94.1,0,0,1,1,0,2,50612881177.06833,141808525.0,0.0399,0.37,2197470,2383420,3,94.3,-7.9,2026-10-06
310,OBE,Energy,Oil & Gas E&P,NYSE ARCA,807080,10.4,124.84,-2,-19,-28.72,90.2,55.7,-1.7,-8.7,-5.6,8.7,90,92,75,92,76.3,0,0,0,0,0,0,713296315.3008366,66725570.0,9.8,0.417,733700,811122,2,83.8,9.6,2026-10-06
311,CNC,Healthcare,Healthcare Plans,NYSE,4572423,62.99,124.7,-3,-2,-9.54,102.2,86.4,3.0,0.1,-0.7,21.5,90,93,94,30,81.1,0,0,0,0,0,0,30538770749.24469,493995000.0,0.0328,0.046,4410130,4719220,2,74.5,18.4,2026-10-06
312,CRDO,Technology,Semiconductors,NASDAQ,8454930,218.64,124.58,39,85,-29.17,142.0,58.1,5.5,15.9,2.1,19.6,90,51,97,88,67.1,0,0,0,0,0,0,39652216369.89349,187951918.0,0.0514,1.147,8700810,7138570,1,75.8,-20.0,2026-10-06
313,OSPN,Technology,Software - Infrastructure,NASDAQ,506443,18.12,124.56,7,-4,-1.95,81.5,100.0,2.8,5.0,10.7,36.8,90,83,72,22,45.9,0,0,0,0,0,0,660267438.7009621,37072850.0,0.1224,0.01,514890,476284,0,55.7,31.8,2026-10-06
314,HBM,Basic Materials,Copper,NYSE,4094126,27.2,124.52,0,-12,-15.4,87.0,73.3,1.4,1.7,1.7,11.2,90,90,78,95,81.8,0,0,0,0,0,0,11827574586.058884,444144760.0,2.05,0.177,4492500,4486940,2,86.2,4.3,2026-10-06
315,FCX,Basic Materials,Copper,NYSE,13148396,72.04,124.47,4,-14,-10.22,87.8,82.3,1.1,1.1,2.6,13.9,90,86,68,88,84.8,0,0,0,0,0,0,103838423582.22784,1436017523.0,0.024,-0.073,10370430,12965682,0,81.7,2.0,2026-10-06
316,NTNX,Technology,Software - Infrastructure,NASDAQ,2673900,72.29,124.41,5,-17,-7.85,113.3,93.3,4.6,6.2,10.7,45.0,90,85,63,12,16.8,0,0,0,0,0,0,18406888947.084137,270570179.0,0.056799997,0.159,2172390,2594552,0,44.2,50.9,2026-10-06
317,SWKS,Technology,Semiconductors,NASDAQ,7153126,85.03,123.93,34,13,-8.37,59.8,80.6,-3.7,-2.4,12.3,27.4,90,56,35,33,34.5,0,0,0,0,0,0,13443237792.832214,150472782.0,0.3444,-0.031,4900710,6578606,0,39.6,17.5,2026-10-06
318,TEVA,Healthcare,Drug Manufacturers - Specialty & Generic,NYSE,5082573,39.53,123.85,5,4,-3.09,109.3,97.4,0.5,2.1,6.9,17.6,90,85,84,89,87.0,0,0,0,0,0,0,45707007077.51079,1166292643.0,0.0271,-0.008,5577180,5465096,0,86.3,-1.7,2026-10-06
319,SCCO,Basic Materials,Copper,NYSE,1094700,205.54,123.82,0,-10,-6.9,76.2,86.0,1.1,2.8,3.9,12.7,89,89,79,92,79.6,0,0,0,0,0,0,172178562903.08054,844343686.0,0.1039,0.406,951210,1089779,1,84.9,5.1,2026-10-06
320,TXN,Technology,Semiconductors,NASDAQ,5667976,293.8,123.53,16,34,-12.04,92.3,79.1,5.2,8.5,8.9,18.2,89,73,91,73,76.5,0,0,0,0,0,0,253946790734.84583,913247686.0,0.0241,0.228,5172820,6247392,1,78.4,-3.5,2026-10-06
321,STGW,Communication Services,Advertising Agencies,NASDAQ,1181966,8.36,123.39,-3,-8,-12.46,93.9,83.4,2.1,1.3,-1.1,25.3,89,92,87,76,76.3,0,0,0,0,0,0,2034035677.7120128,244475451.0,0.1038,0.112,1201770,1372538,1,82.8,11.5,2026-10-06
322,SEI,Energy,Oil & Gas Equipment & Services,NYSE,2599896,74.93,123.29,23,45,-13.06,83.9,80.8,6.2,9.7,24.1,21.6,89,66,88,94,77.4,0,0,0,0,0,0,4672064474.160767,65831540.0,0.2493,0.469,2256690,2973024,1,81.3,-13.5,2026-10-06
323,SU,Energy,Oil & Gas Integrated,NYSE,4253276,69.56,123.25,4,-5,-3.47,80.2,90.8,0.6,0.1,2.8,13.6,89,85,76,91,78.4,0,0,0,0,0,0,80515017320.58868,1180745189.0,4.8,0.459,3698140,4387194,1,82.6,3.0,2026-10-06
324,GNK,Industrials,Marine Shipping,NYSE,682110,27.67,123.24,2,-1,-2.64,77.3,95.9,3.7,2.2,4.5,16.6,89,87,84,90,75.9,0,0,0,0,0,0,1137174531.100788,43586605.0,0.035,0.685,403000,565520,1,84.2,5.2,2026-10-06
325,PK,Real Estate,REIT - Hotel & Motel,NYSE,3429990,15.53,123.21,6,7,-4.14,55.1,85.6,-0.8,-0.1,0.0,19.7,89,83,84,61,63.8,0,0,0,0,0,0,3106650493.343582,201338330.0,0.23709999,0.01,3046590,3760986,0,72.9,13.9,2026-10-06
326,DAR,Consumer Defensive,Packaged Foods,NYSE,2611173,62.94,123.18,-2,-6,-10.06,109.6,85.3,2.0,-1.5,-1.2,11.3,89,91,87,93,87.3,0,0,0,0,0,0,9671740866.112885,157802916.0,0.0432,0.164,2308410,2474368,2,89.6,1.8,2026-10-06
327,TGTX,Healthcare,Biotechnology,NASDAQ,1940286,54.29,123.14,-6,-8,-8.45,100.1,84.0,-3.6,-3.0,0.5,30.1,89,95,93,53,69.9,0,0,0,0,0,0,8790755760.502968,153069053.0,0.2847,0.703,1752160,2049334,2,77.7,21.2,2026-10-06
328,PR,Energy,Oil & Gas E&P,NYSE,10248953,22.12,123.14,0,-11,-10.25,83.9,81.8,2.9,-1.2,0.1,14.5,89,89,78,91,82.5,0,0,0,0,0,0,17890218650.64424,837557029.0,0.0254,0.551,9213230,9712090,1,85.1,3.9,2026-10-06
329,FFIV,Technology,Software - Infrastructure,NASDAQ,529710,454.04,123.02,10,19,-1.72,104.7,100.0,2.5,5.9,11.1,32.5,89,79,88,55,65.5,0,0,0,0,0,0,25089239118.670044,56627182.0,0.031600002,0.109,532320,609488,0,71.9,10.7,2026-10-06
330,DT,Technology,Software - Application,NYSE,6683783,59.32,122.89,13,-3,-0.15,86.1,100.0,3.1,7.6,16.1,41.2,89,76,60,19,48.3,0,0,0,0,0,0,16747673538.091124,289002128.0,0.0509,0.162,7111070,6759144,0,50.8,26.9,2026-10-06
331,STNG,Energy,Oil & Gas Midstream,NYSE,985300,86.23,122.8,10,14,-4.25,74.5,96.2,3.5,2.4,7.3,16.9,89,79,83,91,73.2,0,0,0,0,0,0,4081129267.49469,50081352.0,0.0513,0.775,1241740,920838,1,81.6,0.1,2026-10-06
332,TALO,Energy,Oil & Gas E&P,NYSE,1964006,16.78,122.68,1,-11,-10.39,88.0,85.8,2.7,0.2,4.3,18.3,89,88,76,91,82.7,0,0,0,0,0,0,2749921143.3139114,166965468.0,0.0874,0.566,1863610,1985820,1,84.4,3.3,2026-10-06
333,RLJ,Real Estate,REIT - Hotel & Motel,NYSE,1706040,11.22,122.58,5,11,-12.96,69.1,77.6,0.7,1.6,-1.3,17.7,89,84,90,67,73.7,0,0,0,0,0,0,1706609737.336609,152375872.0,0.1066,0.056,1650110,1760426,1,78.7,7.9,2026-10-06
334,NOK,Technology,Communication Equipment,NYSE,76468010,10.6,122.51,9,25,-39.26,108.2,44.4,-2.0,-2.4,1.1,1.6,89,80,96,94,88.8,0,0,0,0,0,0,58169919295.36208,5598644598.0,0.0099,0.084,69801760,80130232,2,89.7,-8.8,2026-10-06
335,SXC,Basic Materials,Coking Coal,NYSE,1032870,9.9,122.44,1,-18,-7.3,75.3,87.1,2.4,2.0,3.4,23.9,89,88,69,22,45.0,0,0,0,0,0,0,812252288.5982513,84874850.0,0.057600003,0.095,1016180,1378678,0,56.0,36.6,2026-10-06
336,ADI,Technology,Semiconductors,NASDAQ,3379703,417.15,122.38,22,41,-6.45,86.1,88.0,5.2,9.5,11.3,16.3,89,67,86,87,80.8,0,0,0,0,0,0,190724969981.5529,484565465.0,0.0199,0.396,2891280,3615576,0,80.2,-12.8,2026-10-06
337,FIGS,Consumer Cyclical,Apparel Manufacturing,NYSE,2621850,13.52,122.28,0,-27,-22.65,97.5,65.9,2.0,2.4,1.4,6.6,89,89,62,96,84.5,0,0,0,0,0,0,2229602060.3154945,166140242.0,0.18129998,0.288,2613830,2900232,1,82.9,3.5,2026-10-06
338,BTSG,Healthcare,Health Information Services,NASDAQ,2471620,60.25,122.24,-4,0,-18.31,118.6,75.5,8.1,6.7,2.8,18.3,89,93,97,93,89.8,0,0,0,0,0,0,11197137428.381687,197864241.0,0.0798,0.23,2288090,2651336,3,93.2,1.2,2026-10-06
339,WHD,Energy,Oil & Gas Equipment & Services,NYSE,753420,63.44,122.19,-1,-22,-14.35,93.9,77.7,0.8,-2.3,-3.6,13.8,89,90,69,78,79.2,0,0,0,0,0,0,4483842915.20874,69733168.0,0.0596,0.643,680960,796440,1,79.1,9.9,2026-10-06
340,VIA,Technology,Software - Application,NYSE,799050,29.33,121.91,5,-62,-46.87,132.1,43.3,4.2,9.6,18.1,50.0,89,84,17,6,2.1,0,0,0,0,0,0,2390911553.7052345,81295871.0,0.1657,0.267,777720,804470,0,27.3,63.2,2026-10-06
341,APPN,Technology,Software - Infrastructure,NASDAQ,892816,36.68,121.76,-1,-58,-20.36,104.1,72.4,4.2,4.3,7.0,36.4,89,90,33,17,52.8,0,0,0,0,0,0,2579309647.7454567,71627597.0,0.0998,0.191,735420,877196,1,48.2,38.9,2026-10-06
342,CTOS,Industrials,Rental & Leasing Services,NYSE,885113,9.78,121.68,13,29,-20.03,85.0,68.5,4.4,6.2,1.5,15.7,89,76,92,85,73.6,0,0,0,0,0,0,2149927262.356763,227505535.0,0.0777,0.102,762700,1013734,1,81.6,-2.2,2026-10-06
343,TSM,Technology,Semiconductors,NYSE,9591893,472.78,121.6,6,11,-1.3,76.6,100.0,6.0,9.4,13.9,25.2,89,83,88,88,79.0,0,0,0,0,0,0,2337076979024.189,5186474013.0,0.0057,0.36,9176560,10674412,0,84.5,0.5,2026-10-06
344,CAI,Healthcare,Biotechnology,NASDAQ,5306870,28.3,121.57,13,-47,-15.91,108.9,86.1,-1.4,4.8,22.8,43.2,89,76,16,17,24.9,0,0,0,0,0,0,9040128496.699047,282680695.0,0.1158,0.454,4355370,5277248,0,33.5,43.4,2026-10-06
345,GLW,Technology,Electronic Components,NYSE,8287593,164.19,121.52,2,12,-39.59,104.2,45.8,1.3,2.0,4.0,5.6,88,86,96,98,85.9,0,0,0,1,0,1,134739637412.6316,859637825.0,0.0231,0.166,6920940,10506414,2,91.5,-3.4,2026-10-06
346,NUE,Basic Materials,Steel,NYSE,1279380,240.39,121.46,-1,-3,-14.18,90.8,83.7,3.5,0.8,-1.7,16.9,88,89,87,83,83.1,0,0,0,0,0,0,56095010891.0,226875676.0,0.0251,0.23,1334440,1407780,0,85.5,4.4,2026-10-06
347,GTX,Consumer Cyclical,Auto Parts,NASDAQ,2750430,27.07,121.39,0,8,-25.32,113.6,59.8,2.4,1.1,-3.6,7.5,88,88,96,88,85.6,0,0,0,0,0,0,4796610480.025135,186493414.0,0.0373,0.069,2035530,2572632,1,89.4,0.4,2026-10-06
348,MITK,Technology,Software - Application,NASDAQ,645050,17.75,121.37,-5,-5,-15.68,104.6,78.8,1.1,1.3,-0.6,16.8,88,93,93,88,83.0,0,0,0,0,0,0,796861117.9548721,45122374.0,0.0926,0.182,594200,682632,2,89.3,6.0,2026-10-06
349,KLAC,Technology,Semiconductor Equipment & Materials,NASDAQ,9089270,206.89,121.31,5,16,-32.69,110.5,53.4,6.3,11.5,10.5,16.1,88,83,94,93,83.2,0,0,0,0,0,0,245236817587.1017,1305006492.0,0.0202,0.152,8212640,10177512,2,88.3,-3.2,2026-10-06
350,TIGO,Communication Services,Telecom Services,NASDAQ,849250,88.32,121.24,-5,-4,-17.56,99.0,77.5,0.9,-1.9,-2.8,13.4,88,93,94,96,85.4,0,0,0,0,0,0,15534976839.370728,167710000.0,0.0324,0.594,921710,1099290,3,92.1,3.1,2026-10-06
351,GPRK,Energy,Oil & Gas E&P,NYSE,1076690,10.85,121.14,0,-4,-17.36,89.3,88.5,3.7,0.9,8.5,20.2,88,88,84,87,81.6,0,0,0,0,0,0,726832421.2221174,64895753.0,0.0311,0.196,908360,787190,0,85.1,3.8,2026-10-06
352,PBI,Industrials,Integrated Freight & Logistics,NYSE,1731616,16.76,121.07,-1,2,-12.11,86.4,82.1,2.0,0.2,-1.2,18.0,88,89,92,67,71.6,0,0,0,0,0,0,2245537557.5093155,137090212.0,0.0001,-0.023,1692130,1719592,1,79.9,12.8,2026-10-06
353,AIP,Technology,Semiconductors,NASDAQ,717990,24.66,121.02,8,26,-50.94,118.3,34.5,-0.0,4.0,-3.8,-2.7,88,80,98,94,89.3,0,0,1,0,0,1,1174243686.7799375,49152102.0,0.066199996,0.462,664910,699356,2,90.3,-9.2,2026-10-06
354,MATV,Basic Materials,Specialty Chemicals,NYSE,515563,11.9,121.0,0,-64,-23.13,67.7,62.5,1.1,0.5,3.9,16.8,88,88,24,66,36.3,0,0,0,0,0,0,657865972.3706703,55190098.0,0.024500001,0.012,440380,559952,0,53.6,36.7,2026-10-06
355,VIRT,Financial Services,Capital Markets,NYSE,1236966,58.79,120.98,-4,-3,-14.5,94.2,85.8,14.0,9.5,5.7,25.9,88,92,93,86,83.7,0,0,0,0,0,0,4715256339.936142,88300678.0,0.0552,0.291,1570000,1306196,2,88.7,5.2,2026-10-06
356,YPF,Energy,Oil & Gas Integrated,NYSE,1210026,49.67,120.93,5,9,-14.17,113.6,81.1,-0.5,-3.8,-1.0,13.9,88,83,87,86,89.8,0,0,0,0,0,0,20427109819.340942,392075056.0,4.5,0.722,1183250,1170040,0,86.4,-4.4,2026-10-06
357,QRVO,Technology,Semiconductors,NASDAQ,1771526,114.17,120.85,25,8,-5.71,50.2,87.6,-1.6,-0.4,10.6,25.9,88,63,46,56,52.8,0,0,0,0,0,0,10407506152.702423,88221633.0,0.0653,-0.042,2586460,1572254,0,54.5,8.2,2026-10-06
358,GGB,Basic Materials,Steel,NYSE,11547640,5.01,120.71,3,-6,-3.28,64.1,100.0,6.2,4.5,6.8,18.7,88,85,76,82,76.4,0,0,0,0,0,0,9514740967.907951,1961802300.0,0.053600002,0.02,11870210,11726906,0,79.9,5.8,2026-10-06
359,TENB,Technology,Software - Infrastructure,NASDAQ,4977723,36.85,120.67,4,15,-15.62,140.1,84.4,7.3,9.2,9.2,42.8,88,84,95,13,57.8,0,0,0,0,0,0,3693008560.857845,110271973.0,0.1936,0.086,2788560,4189480,1,62.4,26.2,2026-10-06
360,WKC,Energy,Oil & Gas Refining & Marketing,NYSE,1093680,35.85,120.66,3,3,-12.99,61.3,78.4,1.9,2.3,-0.0,22.8,88,85,85,30,65.1,0,0,0,0,0,0,1823555331.051178,51151620.0,0.2874,0.503,1023460,1193678,0,66.3,21.0,2026-10-06
361,CTKB,Healthcare,Medical Devices,NASDAQ,1187983,5.87,120.57,27,22,-5.02,81.5,100.0,5.0,13.9,25.0,31.8,88,61,56,60,78.0,0,0,0,0,0,0,734405391.846169,129983253.0,0.051,0.056,1533620,1043658,0,63.8,-7.8,2026-10-06
362,TECK,Basic Materials,Copper,NYSE,3113453,68.56,120.57,-2,-13,-5.51,77.5,87.8,2.0,1.8,2.7,15.0,88,90,79,84,74.5,0,0,0,0,0,0,32404131497.192383,490600000.0,4.47,0.782,3221420,3025342,1,81.9,10.0,2026-10-06
363,VTRS,Healthcare,Drug Manufacturers - Specialty & Generic,NASDAQ,8516096,17.6,120.52,3,6,-4.3,80.9,92.4,-0.1,2.5,3.9,14.8,88,85,88,86,81.0,0,0,0,0,0,0,20479375017.48947,1148590864.0,0.0356,0.049,9753970,9371700,0,85.0,1.5,2026-10-06
364,MSM,Industrials,Industrial Distribution,NYSE,686686,130.12,120.46,10,17,-0.26,60.5,100.0,4.4,6.2,6.7,23.3,88,78,85,70,66.5,0,0,0,0,0,0,6769688311.731751,55846298.0,0.0543,0.078,773560,662800,0,74.9,6.6,2026-10-06
365,NTSK,Technology,Software - Infrastructure,NASDAQ,6726140,17.75,120.12,21,-12,-28.94,138.3,64.7,2.4,7.3,19.8,44.1,88,67,34,7,6.5,0,0,0,0,0,0,7219745538.332771,408587748.0,0.0671,0.292,6030140,5641818,0,28.6,45.5,2026-10-06
366,DNA,Healthcare,Biotechnology,NYSE,1766863,12.35,119.86,68,111,-29.75,173.4,89.1,31.5,61.1,82.1,79.3,88,20,63,16,15.3,0,0,0,0,0,0,717847342.5446892,67340277.0,0.1336,-0.485,2962590,1521642,0,28.6,-1.2,2026-10-06
367,LNTH,Healthcare,Drug Manufacturers - Specialty & Generic,NASDAQ,1034383,99.96,119.83,0,1,-10.64,97.7,82.2,0.4,0.0,-0.5,13.5,88,88,89,67,85.2,0,0,0,0,0,0,6513009393.004417,65299875.0,0.0723,0.027,1068790,1489236,0,82.3,5.5,2026-10-06
368,MFG,Financial Services,Banks - Regional,NYSE,3246043,10.89,119.65,-1,-2,-5.22,81.1,92.2,1.2,0.2,2.7,18.7,88,89,88,85,79.8,0,0,0,0,0,0,133980633497.74574,12103038590.0,0.00090000004,0.35,3500980,3321024,0,85.5,5.5,2026-10-06
369,CEVA,Technology,Semiconductors,NASDAQ,676596,37.1,119.34,51,110,-28.1,113.0,59.2,4.3,14.5,17.8,23.2,88,37,96,29,58.7,0,0,0,0,0,0,1019177427.8798524,28154072.0,0.1157,0.131,716640,813878,1,55.2,-15.2,2026-10-06
370,HP,Energy,Oil & Gas Drilling,NYSE,1233986,38.56,119.23,-4,-15,-19.95,83.7,70.9,4.0,-1.3,-1.2,10.3,87,91,80,91,81.3,0,0,0,0,0,0,3854645078.1510544,99938945.0,0.103999995,-0.006,1007770,1268798,2,85.8,5.9,2026-10-06
371,CSCO,Technology,Communication Equipment,NASDAQ,16928250,112.2,119.2,8,20,-13.94,67.2,72.5,4.3,3.6,0.7,15.2,87,79,91,75,77.6,0,0,0,0,0,0,420674007317.2797,3942586873.0,0.0146,0.176,20275590,19382456,1,80.6,0.3,2026-10-06
372,MPWR,Technology,Semiconductors,NASDAQ,674203,1439.73,119.09,24,45,-16.01,72.7,74.8,7.4,15.1,13.2,15.1,87,63,84,94,75.6,0,0,0,0,0,0,67199615129.5166,49143000.0,0.052199997,0.476,713280,740610,1,79.2,-14.6,2026-10-06
373,GSAT,Communication Services,Telecom Services,NASDAQ,590643,83.22,119.04,-4,-2,-1.92,101.1,97.9,0.9,1.2,1.5,12.9,87,91,93,96,88.5,0,0,0,0,0,0,10738213407.34352,129563390.0,0.0849,-0.035,555400,752616,3,92.1,0.1,2026-10-06
374,ROKU,Communication Services,Entertainment,NASDAQ,2070433,152.39,118.85,-4,-9,-4.69,85.0,91.7,0.4,-0.3,0.0,24.3,87,91,86,70,70.8,0,0,0,0,0,0,22674602358.71564,148510633.0,0.057800002,0.219,1604660,2317350,1,79.5,14.8,2026-10-06
375,DRH,Real Estate,REIT - Hotel & Motel,NASDAQ,2967833,12.57,118.77,8,14,-8.85,65.6,83.7,-0.2,0.7,-0.7,13.8,87,79,85,79,74.2,0,0,0,0,0,0,2555524908.859476,204605681.0,0.0987,0.041,3132210,2794454,0,79.3,1.8,2026-10-06
376,EAT,Consumer Cyclical,Restaurants,NYSE,1306263,202.0,118.67,-7,-28,-20.78,89.8,60.6,-3.7,-5.4,-11.5,14.1,87,94,73,47,72.5,0,0,0,0,0,0,8653709944.543304,41765010.0,0.1875,0.051,1162890,1235048,1,71.6,22.3,2026-10-06
377,VEEV,Healthcare,Health Information Services,NYSE,1767803,273.33,118.54,-1,-61,-11.97,87.2,85.3,2.3,5.0,12.2,40.6,87,88,28,14,15.7,0,0,0,0,0,0,45444574832.144165,161908850.0,0.0335,0.176,1382810,1763258,0,36.4,56.9,2026-10-06
378,CNH,Industrials,Farm & Heavy Construction Machinery,NYSE,22189260,13.47,118.49,4,-50,-6.85,44.3,78.8,0.3,-1.1,9.4,19.4,87,83,29,56,50.7,0,0,0,0,0,0,21050798204.34555,1608158744.0,0.060300004,0.02,14999960,19985352,0,54.7,27.0,2026-10-06
379,RXO,Industrials,Trucking,NYSE,1736160,23.38,118.34,23,52,-21.81,173.4,96.5,33.8,39.3,34.8,45.9,87,64,93,54,82.4,0,0,0,0,0,0,3263888224.11438,164926128.0,0.2566,0.25,1853230,1886878,1,73.3,-10.1,2026-10-06
380,ELF,Consumer Defensive,Household & Personal Products,NYSE,1458413,104.68,118.33,-6,-71,-29.15,109.3,56.7,1.7,4.3,6.5,32.3,87,93,28,21,4.5,0,0,0,0,0,0,5871885808.014679,59007996.0,0.0842,0.355,1261630,1914100,1,36.6,65.2,2026-10-06
381,ANAB,Healthcare,Biotechnology,NASDAQ,539700,48.53,118.32,-10,-9,-32.93,147.1,58.7,-2.6,-6.7,-10.4,0.6,87,97,98,97,92.5,0,0,1,0,0,1,1524657444.0,29895244.0,0.4051,0.235,638890,489554,4,96.1,2.2,2026-10-06
382,CGNX,Technology,Scientific & Technical Instruments,NASDAQ,1514023,64.97,118.17,8,19,-10.85,85.0,78.6,6.5,5.7,3.7,15.2,87,79,90,90,66.1,0,0,0,0,0,0,9868010546.05108,168223842.0,0.0478,0.169,1647720,1891108,2,81.3,3.1,2026-10-06
383,SHAZ,Technology,Information Technology Services,NASDAQ,1448493,50.81,118.07,-6,-1,-47.88,172.3,40.1,-12.0,-13.3,-15.7,,87,93,98,52,,0,0,1,0,0,1,1957735664.3263624,35803505.0,0.0919,4.123,1326410,1850588,2,81.0,,2026-10-06
384,VOD,Communication Services,Telecom Services,NASDAQ,3248026,16.82,117.9,8,-25,-5.03,50.3,86.3,1.7,-0.8,2.4,10.9,87,79,46,85,69.8,0,0,0,0,0,0,38409375335.63633,2311033297.0,0.004,,3390190,3657668,0,70.0,6.7,2026-10-06
385,TRGP,Energy,Oil & Gas Midstream,NYSE,1163920,281.74,117.88,-1,-2,-8.51,96.4,90.5,2.8,1.1,2.1,15.5,87,88,87,86,81.9,0,0,0,0,0,0,59577514089.37015,214431021.0,0.0309,0.042,1130560,1218458,0,85.7,3.6,2026-10-06
386,TRLV,Healthcare,Drug Manufacturers - Specialty & Generic,NYSE,2364280,10.72,117.83,-5,-13,-19.28,123.7,71.5,-9.3,-8.7,0.1,23.4,87,92,84,62,51.2,0,0,0,0,0,0,2351221294.70578,192565216.0,0.0308,-0.103,2695650,1784522,1,72.3,27.2,2026-10-06
387,CNK,Communication Services,Entertainment,NYSE,2240383,36.05,117.73,5,-18,-7.52,64.0,85.2,-2.4,0.1,-1.0,20.5,87,82,59,70,56.7,0,0,0,0,0,0,4377990816.410236,115911855.0,0.10569999,0.155,2380350,2365338,0,66.9,17.3,2026-10-06
388,LTRX,Technology,Communication Equipment,NASDAQ,1318146,7.19,117.65,59,106,-17.83,59.2,66.8,2.9,15.4,20.6,17.3,87,28,75,90,60.9,0,0,0,0,0,0,329093387.1058464,46879400.0,0.0616,0.08,1110870,1066230,1,63.5,-33.5,2026-10-06
389,RGEN,Healthcare,Medical Instruments & Supplies,NASDAQ,1077796,181.7,117.58,2,-26,-5.61,84.2,94.5,0.7,5.4,10.9,31.9,87,85,57,28,57.8,0,0,0,0,0,0,10704708177.933168,56435621.0,0.1193,0.119,1289990,1106472,0,57.0,27.8,2026-10-06
390,EXPD,Industrials,Integrated Freight & Logistics,NYSE,974936,192.47,117.54,5,2,-1.09,71.6,100.0,3.1,2.5,4.8,19.1,87,82,79,65,75.1,0,0,0,0,0,0,24368042872.85977,129990622.0,0.0394,0.321,1125750,1013072,0,75.3,7.1,2026-10-06
391,MRK,Healthcare,Drug Manufacturers - General,NYSE,10109860,144.3,117.52,-3,-15,-8.04,69.2,77.1,-4.9,-4.7,-2.0,13.4,87,90,78,82,74.3,0,0,0,0,0,0,367065793289.9559,2467171638.0,0.0139999995,0.051,9110760,10078100,1,81.1,10.6,2026-10-06
392,VSTM,Healthcare,Biotechnology,NASDAQ,2214213,7.7,117.45,-2,-66,-28.84,131.9,63.3,0.7,2.9,11.0,32.6,87,89,25,33,10.7,0,0,0,0,0,0,700961012.6116734,90563441.0,0.2002,17.754,2203650,2156766,0,39.4,56.7,2026-10-06
393,MKSI,Technology,Scientific & Technical Instruments,NASDAQ,1283236,279.15,117.31,0,10,-37.64,131.3,49.2,5.4,8.3,2.0,2.9,87,87,97,97,88.2,0,0,0,0,0,0,17636011972.805786,67617558.0,0.1021,0.283,1190500,1410474,2,92.3,-3.6,2026-10-06
394,ATRO,Industrials,Aerospace & Defense,NASDAQ,611336,68.19,117.12,-5,-3,-27.81,86.5,55.9,-0.1,-1.4,-7.5,5.7,87,92,94,94,84.1,0,0,0,0,0,0,2977087462.581299,43009064.0,0.0946,0.27,496150,637328,3,91.0,3.3,2026-10-06
395,ASPN,Basic Materials,Specialty Chemicals,NYSE,879866,5.69,117.01,31,45,-39.13,121.4,49.9,4.4,9.5,8.7,27.9,87,56,70,20,5.2,0,0,0,0,0,0,433201435.0682602,82988784.0,0.1292,-0.361,1258610,1233270,0,37.8,31.2,2026-10-06
396,SLDE,Financial Services,Insurance - Property & Casualty,NASDAQ,1350333,23.61,117.0,-5,-26,-11.74,67.9,80.7,3.8,-0.2,5.2,24.4,87,92,71,43,77.1,0,0,0,0,0,0,2698350753.4601345,116811719.0,0.1031,0.479,1140650,1183706,1,70.8,19.3,2026-10-06
397,SUN,Energy,Oil & Gas Refining & Marketing,NYSE,574940,74.73,116.9,5,1,-6.84,52.7,83.1,0.6,-1.8,-1.1,12.3,87,82,78,78,70.7,0,0,0,0,0,0,14085819753.735403,188413849.0,0.0354,1.645,607400,549894,0,77.2,6.9,2026-10-06
398,MEOH,Basic Materials,Chemicals,NASDAQ,769846,58.43,116.89,4,-20,-12.46,79.0,84.1,2.6,0.3,4.6,11.3,87,83,59,91,73.9,0,0,0,0,0,0,4553660567.399399,77364263.0,3.3,0.752,631310,808656,1,76.7,5.3,2026-10-06
399,DE,Industrials,Farm & Heavy Construction Machinery,NYSE,1341970,687.0,116.88,4,-13,-4.74,55.4,89.9,-0.8,-0.2,4.9,15.9,87,83,66,79,70.8,0,0,0,0,0,0,186165567893.9065,269625412.0,0.0208,0.049,1297080,1260538,0,74.7,8.6,2026-10-06
400,BHP,Basic Materials,Other Industrial Metals & Mining,NYSE,2676893,86.07,116.85,-1,-7,-12.81,65.1,74.3,1.6,0.6,-2.2,9.2,86,87,81,87,74.5,0,0,0,0,0,0,215949295380.3588,2541476901.0,0.0068,0.183,3187580,2663754,0,82.4,6.9,2026-10-06
401,CNQ,Energy,Oil & Gas E&P,NYSE,6503823,48.44,116.77,2,-11,-7.4,61.5,84.0,1.3,-1.5,-0.7,9.6,86,84,71,89,73.3,0,0,0,0,0,0,97735714685.44006,2061500000.0,26.75,0.695,5218850,6484764,0,79.3,5.7,2026-10-06
402,LTH,Consumer Cyclical,Leisure,NYSE,3178716,40.99,116.76,-5,-7,-13.22,62.9,73.2,0.5,-1.2,-6.3,18.3,86,91,89,40,69.7,0,0,0,0,0,0,8931774334.340698,223461948.0,0.0653,0.137,3522850,3178398,1,72.4,21.1,2026-10-06
403,A,Healthcare,Diagnostics & Research,NYSE,2626013,167.78,116.75,18,6,-4.0,55.4,94.0,0.4,6.6,11.8,28.8,86,68,56,32,51.6,0,0,0,0,0,0,48714484789.82712,281928854.0,0.020499999,0.081,2728220,2244882,0,51.9,16.6,2026-10-06
404,KYMR,Healthcare,Biotechnology,NASDAQ,730866,107.39,116.59,-10,-12,-17.42,96.9,75.6,-2.5,-4.0,-4.0,17.9,86,96,94,95,86.6,0,0,0,0,0,0,9208736725.569763,82257588.0,0.16290002,4.664,804180,708400,3,92.9,5.1,2026-10-06
405,XP,Financial Services,Capital Markets,NASDAQ,7457993,21.5,116.34,13,-31,-7.05,88.4,100.0,30.7,35.9,51.9,54.1,86,73,29,79,76.1,0,0,0,0,0,0,10407655615.43448,507442979.0,0.044,0.106,8062150,6116052,0,64.3,1.7,2026-10-06
406,ON,Technology,Semiconductors,NASDAQ,10425463,84.89,116.33,28,62,-37.08,91.4,46.1,10.5,15.6,12.1,6.6,86,58,92,86,81.7,0,0,0,0,0,0,30055395735.49388,389318613.0,0.1043,0.092,11558850,10241310,1,79.4,-20.9,2026-10-06
407,DOCU,Technology,Software - Application,NASDAQ,3414560,69.01,116.26,13,-38,-16.29,67.7,90.1,2.6,2.7,10.2,30.5,86,73,22,14,26.1,0,0,0,0,0,0,12615915510.0,186902452.0,0.097600006,0.094,2738030,3254306,0,33.8,40.4,2026-10-06
408,PWR,Industrials,Engineering & Construction,NYSE,922446,676.56,116.15,13,27,-14.22,65.8,72.7,4.6,6.6,6.1,12.6,86,73,87,90,76.6,0,0,0,0,0,0,97592407432.1886,150343393.0,0.024,0.411,829570,1043868,1,81.6,-6.6,2026-10-06
409,APLE,Real Estate,REIT - Hotel & Motel,NYSE,2451436,16.51,116.13,11,22,-4.46,46.8,88.6,1.3,3.4,2.0,15.8,86,75,86,60,62.6,0,0,0,0,0,0,3822179006.701763,236082698.0,0.111,0.047,2427160,2719422,0,70.9,8.1,2026-10-06
410,PRTH,Technology,Software - Infrastructure,NASDAQ,1580616,7.78,116.06,61,110,-1.64,67.7,99.4,-0.1,12.8,25.0,32.4,86,25,74,19,41.0,0,0,0,0,0,0,641633896.6833606,82472221.0,0.056799997,0.094,3942980,1149808,0,39.8,-11.7,2026-10-06
411,TDW,Energy,Oil & Gas Equipment & Services,NYSE,586483,82.42,116.04,-3,-27,-18.86,77.5,68.7,0.1,-3.4,-4.2,9.7,86,89,65,94,75.8,0,0,0,0,0,0,4216342908.6492233,49756231.0,0.1528,0.003,482310,618774,1,80.9,8.0,2026-10-06
412,ZD,Communication Services,Advertising Agencies,NASDAQ,649820,55.2,115.86,-1,-3,-8.73,111.2,90.1,-0.4,-1.3,0.9,23.4,86,87,85,78,68.9,0,0,0,0,0,0,1937570066.53006,34287208.0,0.2566,-0.027,557240,638702,0,79.7,11.0,2026-10-06
413,THC,Healthcare,Medical Care Facilities,NYSE,776006,258.62,115.69,-2,-35,-8.63,60.8,82.2,0.9,-0.2,-1.1,21.4,86,88,55,62,54.9,0,0,0,0,0,0,20911588801.97144,80519000.0,0.0294,0.068,597590,926048,0,65.0,25.1,2026-10-06
414,IQV,Healthcare,Diagnostics & Research,NYSE,1521000,258.21,115.65,-4,-28,-6.92,69.9,92.5,-0.6,-0.0,4.4,29.1,86,90,66,31,57.5,0,0,0,0,0,0,44502901196.28906,164600000.0,0.029000001,0.087,1415900,1532146,1,61.1,30.5,2026-10-06
415,CLS,Technology,Electronic Components,NYSE,2211443,387.32,115.51,30,60,-18.29,63.8,62.4,3.9,9.6,15.4,15.6,86,56,86,96,72.6,0,0,0,0,0,0,46086046904.36847,126111117.0,0.0309,0.624,2446780,2717720,1,77.7,-19.3,2026-10-06
416,GRDN,Healthcare,Medical Care Facilities,NYSE,625296,42.38,115.5,11,22,-12.31,79.8,76.0,0.6,-2.9,2.9,13.2,86,75,86,90,80.3,0,0,0,0,0,0,2610336289.8483887,63342304.0,0.0654,0.022,531330,515020,1,82.8,-6.8,2026-10-06
417,AMCX,Communication Services,Entertainment,NASDAQ,608443,11.16,115.22,-5,-13,-13.69,70.9,73.0,-4.8,-5.9,-6.0,18.0,86,91,83,54,67.1,0,0,0,0,0,0,501599641.06575394,41249971.0,0.2207,-0.088,593130,701196,1,73.8,20.1,2026-10-06
418,SBET,Financial Services,Capital Markets,NASDAQ,9034753,9.35,115.22,9,-60,-52.15,110.3,34.3,-0.5,4.2,20.4,29.8,86,77,8,23,1.2,0,0,0,0,0,0,2091863331.379269,217223604.0,0.14130001,15.539,8306300,8649138,0,27.3,55.6,2026-10-06
419,VET,Energy,Oil & Gas E&P,NYSE,1371836,11.68,115.21,0,-36,-21.19,62.7,62.7,1.1,-4.4,-2.5,5.0,86,86,50,93,71.1,0,0,0,0,0,0,1772480058.2885742,152800000.0,8.99,0.231,1341250,1443234,1,75.0,9.6,2026-10-06
420,SG,Consumer Cyclical,Restaurants,NYSE,5126880,9.1,115.13,55,89,-14.39,93.4,79.7,7.4,17.8,32.1,31.6,86,31,65,11,39.1,0,0,0,0,0,0,980900408.3536052,119041315.0,0.2712,0.038,5843240,5671590,0,36.5,-3.5,2026-10-06
421,VRNS,Technology,Software - Infrastructure,NASDAQ,1795463,47.57,115.05,-3,-4,-25.56,138.5,64.8,1.3,2.1,7.7,41.3,86,89,88,8,6.4,0,0,0,0,0,0,5312297431.25,114860485.0,0.0685,0.183,1419590,1789354,0,47.8,57.6,2026-10-06
422,AVR,Healthcare,Medical Devices,NASDAQ,742500,7.71,115.03,-5,0,-30.26,123.4,58.0,-2.0,-6.2,-10.8,4.0,86,91,96,91,80.0,0,0,0,0,0,0,748561546.6399655,97342203.0,0.0941,0.633,912590,820602,3,89.5,5.0,2026-10-06
423,ACA,Industrials,Engineering & Construction,NYSE,668810,146.5,114.97,2,5,-0.29,64.6,100.0,0.2,0.6,0.9,15.2,86,84,87,75,75.4,0,0,0,0,0,0,7200040095.800659,49106809.0,0.038,0.017,739180,644134,0,80.3,5.8,2026-10-06
424,MT,Basic Materials,Steel,NYSE,1296100,64.51,114.74,-8,-15,-19.04,75.4,66.5,-5.6,-9.4,-10.6,4.1,85,93,86,92,79.3,0,0,0,0,0,0,53197614723.130646,752441542.0,0.004,0.052,1485880,1385740,2,87.6,7.7,2026-10-06
425,MUFG,Financial Services,Banks - Diversified,NYSE,2781156,22.82,114.72,-3,-9,-5.94,57.1,87.8,-0.1,-1.1,0.5,17.1,85,88,82,78,71.3,0,0,0,0,0,0,264285351365.3598,11255764758.0,0.00059999997,0.288,2874570,2942676,0,79.8,10.9,2026-10-06
426,BFH,Financial Services,Credit Services,NYSE,541726,98.05,114.55,-4,-7,-14.39,82.9,75.6,-1.0,-4.8,-7.2,10.8,85,89,86,84,82.3,0,0,0,0,0,0,3953727010.5755615,38419268.0,0.0005,0.038,612960,534982,0,85.3,4.7,2026-10-06
427,IMVT,Healthcare,Biotechnology,NASDAQ,1423786,33.62,114.44,-9,-8,-25.98,106.8,59.5,-2.3,-7.2,-14.8,4.6,85,94,95,80,87.2,0,0,0,0,0,0,6878204153.01281,206552682.0,0.1857,,1743730,1293504,2,89.0,6.1,2026-10-06
428,DC,Basic Materials,Gold,NYSE ARCA,1471033,5.92,114.31,11,-35,-18.34,52.4,65.6,-6.1,-3.3,0.4,5.5,85,74,28,80,57.6,0,0,0,0,0,0,886883488.424027,134172991.0,0.0626,,1687680,1403870,0,59.9,11.6,2026-10-06
429,CHYM,Technology,Software - Application,NASDAQ,7112473,27.25,114.14,-9,-72,-23.35,72.1,65.4,4.3,-4.7,-5.2,20.3,85,94,31,21,61.5,0,0,0,0,0,0,10138509532.533766,378585111.0,0.0733,0.268,5727600,8178898,1,51.9,37.1,2026-10-06
430,ALVO,Healthcare,Drug Manufacturers - Specialty & Generic,NASDAQ,1253063,5.45,114.09,6,-61,-39.75,103.7,52.0,4.7,9.6,27.5,46.0,85,79,12,10,4.0,0,0,0,0,0,0,2051697968.5,356817038.0,0.0361,-0.389,1065820,1098266,0,26.2,58.0,2026-10-06
431,POWL,Industrials,Electrical Equipment & Parts,NASDAQ,523143,196.1,114.09,13,36,-40.21,110.4,45.5,3.6,6.9,2.3,-4.9,85,72,95,98,85.8,0,0,0,1,0,1,6905063810.446655,36432564.0,0.0975,0.089,450860,608142,2,87.7,-14.4,2026-10-06
432,EGY,Energy,Oil & Gas E&P,NYSE,1321000,5.73,114.06,-1,-10,-14.73,71.8,73.3,0.1,-3.4,0.0,7.3,85,86,77,91,71.2,0,0,0,0,0,0,612216166.0173655,105191778.0,0.0793,0.395,1149360,1289630,1,81.3,7.3,2026-10-06
433,MANH,Technology,Software - Application,NASDAQ,632260,204.15,114.02,-1,-48,-10.08,70.0,82.2,0.3,-0.6,0.8,27.3,85,86,39,17,24.3,0,0,0,0,0,0,12012573309.986938,58304972.0,0.0656,0.093,485550,806154,0,41.6,49.3,2026-10-06
434,VELO,Technology,Computer Hardware,NASDAQ,919963,11.2,114.01,-7,-6,-64.72,168.1,22.2,-12.0,-10.9,-19.2,-32.8,85,92,93,86,93.3,0,0,0,0,0,0,362963540.9936085,32149118.0,0.29459998,0.523,994910,1293436,3,91.1,0.4,2026-10-06
435,OVV,Energy,Oil & Gas E&P,NYSE,3133380,60.34,113.89,-1,-9,-10.62,69.4,80.6,2.2,-1.2,-2.8,11.1,85,86,78,88,73.4,0,0,0,0,0,0,16631958295.440674,276600000.0,0.045700002,0.297,2863760,3361380,0,81.4,6.7,2026-10-06
436,CHRD,Energy,Oil & Gas E&P,NASDAQ,692346,137.01,113.81,2,-18,-12.77,63.7,75.2,1.8,-2.5,-1.7,10.6,85,83,63,87,67.4,0,0,0,0,0,0,7453679251.1345215,54697872.0,0.0825,0.841,676270,718258,0,75.1,9.0,2026-10-06
437,EPC,Consumer Defensive,Household & Personal Products,NYSE,564126,26.97,113.79,-4,-15,-9.95,68.1,78.8,-2.1,-1.6,-4.0,16.7,85,89,78,53,57.3,0,0,0,0,0,0,1282193601.2347794,46088915.0,0.1017,0.017,565670,578408,0,69.3,24.2,2026-10-06
438,STLD,Basic Materials,Steel,NASDAQ,1063623,231.99,113.76,1,2,-19.65,70.7,70.5,4.3,2.8,-0.7,11.0,85,84,85,84,78.1,0,0,0,0,0,0,33490041566.96313,143328088.0,0.0332,0.334,856020,1107140,0,82.8,2.9,2026-10-06
439,RPRX,Healthcare,Biotechnology,NASDAQ,2997240,57.16,113.66,-4,-6,-11.21,59.9,74.4,-2.2,-3.1,-4.6,10.7,85,89,87,82,74.0,0,0,0,0,0,0,25919593786.576416,445277344.0,0.026500002,0.165,2649230,2927922,0,83.0,9.1,2026-10-06
440,BEN,Financial Services,Asset Management,NYSE,3735630,32.81,113.63,4,9,-9.56,55.2,80.2,0.5,-0.7,-2.3,11.2,85,81,86,68,68.1,0,0,0,0,0,0,16776699800.779152,508076910.0,0.0429,0.143,4704540,3975640,0,75.8,8.6,2026-10-06
441,KNTK,Energy,Oil & Gas Midstream,NYSE,1261766,52.53,113.58,0,-10,-7.71,67.6,91.4,2.4,0.1,0.9,13.1,85,85,75,79,61.6,0,0,0,0,0,0,4119448214.5829086,80442263.0,0.0954,0.363,1313780,1189904,0,75.2,13.9,2026-10-06
442,STT,Financial Services,Asset Management,NYSE,1863573,175.96,113.49,-6,-9,-10.19,58.9,78.5,-1.0,-3.5,-5.2,13.7,85,91,88,81,73.0,0,0,0,0,0,0,49814417059.11209,274701765.0,0.0001,0.184,2312780,1735690,1,83.3,11.3,2026-10-06
443,ARMK,Industrials,Specialty Business Services,NYSE,2229200,55.55,113.48,1,4,-11.33,53.2,72.8,0.6,-1.7,-3.8,13.9,85,84,87,65,67.9,0,0,0,0,0,0,14441409253.397644,262953564.0,0.031400003,0.093,2089970,2424992,0,76.0,11.6,2026-10-06
444,NTCT,Technology,Software - Infrastructure,NASDAQ,637880,40.96,113.46,11,28,-9.54,61.8,81.2,3.5,5.8,5.5,16.9,85,74,91,83,74.7,0,0,0,0,0,0,2867576285.4317017,72707312.0,0.0629,0.127,569650,613840,1,80.7,-3.8,2026-10-06
445,JXN,Financial Services,Insurance - Life,NYSE,789446,131.53,113.4,-2,-25,-6.65,47.7,86.4,2.2,0.3,1.4,15.4,85,87,64,65,59.7,0,0,0,0,0,0,9016050070.573242,67728744.0,0.0645,,717440,708682,0,68.9,20.4,2026-10-06
446,ALM,Basic Materials,Other Industrial Metals & Mining,NASDAQ,6267820,13.4,113.27,-13,-20,-45.1,141.9,44.5,1.1,-6.1,-9.8,-14.0,84,97,90,99,90.4,0,0,0,1,0,1,3957955967.032671,288480750.0,2.99,4.977,6240610,6778916,4,94.1,3.6,2026-10-06
447,TEM,Healthcare,Health Information Services,NASDAQ,7336346,76.63,113.04,16,6,-26.54,101.1,68.1,3.5,12.3,31.8,47.8,84,68,58,20,15.2,0,0,0,0,0,0,15338758993.010223,180434756.0,0.2778,0.216,6628220,6955138,0,40.3,37.0,2026-10-06
448,CGON,Healthcare,Biotechnology,NASDAQ,931556,67.38,112.86,-10,-11,-16.78,83.9,72.4,-2.2,-4.6,-7.1,7.3,84,94,93,96,80.4,0,0,0,0,0,0,5952201316.504478,88640375.0,0.1292,,1286130,872784,3,90.9,6.5,2026-10-06
449,APH,Technology,Electronic Components,NYSE,11954413,86.96,112.79,4,5,-2.58,46.5,96.9,3.2,6.2,7.3,17.5,84,80,81,84,66.4,0,0,0,0,0,0,207363148767.61945,2465966914.0,0.0145000005,0.55,12109940,12578688,0,77.9,5.9,2026-10-06
450,JAZZ,Healthcare,Biotechnology,NASDAQ,979340,235.67,112.77,-3,1,-11.53,80.0,80.4,0.2,-1.2,-4.4,11.2,84,87,91,87,80.2,0,0,0,0,0,0,15446423399.046432,64914577.0,0.074200004,0.155,739890,902810,1,86.3,3.0,2026-10-06
451,TMO,Healthcare,Diagnostics & Research,NYSE,2054150,654.8,112.73,6,-21,-4.13,54.4,98.8,1.1,4.2,9.2,24.6,84,78,51,46,56.3,0,0,0,0,0,0,249579418050.0,369747286.0,0.0136,0.105,2107150,2018330,0,57.8,19.9,2026-10-06
452,FTI,Energy,Oil & Gas Equipment & Services,NYSE,2793046,68.82,112.71,-7,-10,-14.72,97.5,77.9,0.5,-2.7,-5.0,4.7,84,91,88,96,83.4,0,0,0,0,0,0,27839749066.36649,392164388.0,0.0326,0.09,2496430,3049330,2,89.6,3.1,2026-10-06
453,BWIN,Financial Services,Insurance Brokers,NASDAQ,3926093,31.77,112.71,-3,-48,-2.86,93.3,96.3,0.2,1.7,4.5,30.6,84,87,42,17,41.6,0,0,0,0,0,0,3084308555.140984,96838572.0,0.1513,0.301,3599380,2835472,0,46.9,41.2,2026-10-06
454,DXCM,Healthcare,Medical Devices,NASDAQ,3809290,85.36,112.69,4,-23,-7.81,58.5,85.5,-0.1,0.4,0.3,18.8,84,80,53,29,58.3,0,0,0,0,0,0,32686990500.752296,377360765.0,0.052800003,0.131,3373260,4579246,0,55.1,23.8,2026-10-06
455,PAGP,Energy,Oil & Gas Midstream,NASDAQ,1794730,26.06,112.68,-1,-7,-9.2,55.4,80.3,-0.7,-3.4,-2.2,9.6,84,85,79,81,68.2,0,0,0,0,0,0,5260291600.821114,197904124.0,0.0945,0.663,1826410,1744740,0,78.3,9.8,2026-10-06
456,SSRM,Basic Materials,Gold,NASDAQ,2420063,33.27,112.65,-9,-19,-15.64,74.1,73.1,-2.5,-4.4,0.0,14.9,84,93,83,95,68.7,0,0,0,0,0,0,7403281476.60125,207491071.0,0.0425,0.095,2285060,2718002,2,84.9,12.7,2026-10-06
457,XOM,Energy,Oil & Gas Integrated,NYSE,14008123,164.01,112.5,6,-12,-7.03,48.2,87.7,1.2,0.6,2.1,9.8,84,78,60,83,70.1,0,0,0,0,0,0,660331926598.1287,4111911960.0,0.0108,0.441,12405280,14073190,0,72.8,4.7,2026-10-06
458,FRSH,Technology,Software - Application,NASDAQ,4212386,12.78,112.41,1,-36,-8.65,92.2,90.1,3.5,5.4,5.9,29.6,84,83,46,14,41.9,0,0,0,0,0,0,3271946470.9266624,260920772.0,0.096499994,0.16,4600090,6140186,0,46.2,38.1,2026-10-06
459,SHEL,Energy,Oil & Gas Integrated,NYSE,6487601,95.61,112.36,11,-7,-3.58,36.9,90.5,1.0,0.7,3.9,12.9,84,73,55,82,60.2,0,0,0,0,0,0,273189891669.1518,2852264514.0,0.0124,0.447,6596782,6433099,0,67.5,6.4,2026-10-06
460,PLTR,Technology,Software - Infrastructure,NASDAQ,26117480,188.75,112.34,8,-44,-9.04,76.6,82.2,0.3,4.7,10.7,24.5,84,76,24,32,22.9,0,0,0,0,0,0,455788097501.4685,2403058480.0,0.027999999,0.928,20646640,34329056,0,38.7,40.5,2026-10-06
461,CVX,Energy,Oil & Gas Integrated,NYSE,9101200,206.69,112.32,5,-18,-5.09,40.7,84.1,0.6,-1.0,1.8,10.5,84,79,56,80,61.4,0,0,0,0,0,0,401049783382.9619,1961603274.0,0.0106,0.535,7709020,8692216,0,69.1,10.9,2026-10-06
462,ING,Financial Services,Banks - Diversified,NYSE,1925786,34.78,112.23,-5,-15,-7.3,47.0,81.6,-2.5,-4.1,-2.4,12.8,84,89,79,77,61.5,0,0,0,0,0,0,104082472805.09737,2847673734.0,0.0011,0.111,2479100,2076346,0,76.6,17.2,2026-10-06
463,ELPC,Utilities,Utilities - Regulated Electric,NYSE,509980,12.86,112.22,7,2,-6.11,68.1,100.0,11.3,11.3,17.9,21.7,84,77,72,91,74.8,0,0,0,0,0,0,9087008241.59752,742402648.0,0.0013,0.111,611570,487840,1,78.7,-1.2,2026-10-06
464,FSM,Basic Materials,Gold,NYSE,5130356,11.25,112.22,-4,-58,-18.77,42.1,56.7,-2.6,-4.5,0.1,8.1,84,88,34,79,53.1,0,0,0,0,0,0,3459741729.841338,295957387.0,3.68,0.382,5964150,5488900,0,63.5,24.6,2026-10-06
465,EAF,Industrials,Electrical Equipment & Parts,NYSE,622460,9.44,112.04,70,65,-53.54,68.6,24.6,-10.3,3.1,13.8,-3.1,84,14,9,15,2.8,0,0,0,0,0,0,288871037.5345917,26047884.0,0.0684,-0.034,786380,486090,0,10.2,5.9,2026-10-06
466,NWL,Consumer Defensive,Household & Personal Products,NASDAQ,6223753,5.4,111.93,-7,-25,-24.26,76.2,72.9,0.2,-2.6,-5.7,17.0,84,91,73,28,29.3,0,0,0,0,0,0,2312636926.88942,425900000.0,0.1511,0.03,5003110,7735134,1,55.3,45.2,2026-10-06
467,RUM,Communication Services,Internet Content & Information,NASDAQ,5615796,7.57,111.91,-1,-47,-28.55,58.0,48.7,-7.7,-8.9,-5.9,9.1,84,85,39,18,20.9,0,0,0,0,0,0,2305219210.2908325,275743936.0,0.1673,0.609,4470890,4700794,0,40.7,50.1,2026-10-06
468,ULCC,Industrials,Airlines,NASDAQ,2460430,6.19,111.88,14,39,-26.35,97.1,60.7,1.0,3.9,-1.8,13.9,84,70,95,27,65.8,0,0,0,0,0,0,1425035635.663052,230215771.0,0.4133,0.377,2415020,2915322,1,64.5,8.2,2026-10-06
469,BBY,Consumer Cyclical,Specialty Retail,NYSE,3965950,87.97,111.87,4,-3,-8.87,57.4,81.1,-2.6,-3.7,-0.3,19.7,84,80,73,33,41.1,0,0,0,0,0,0,18982454394.0067,209727698.0,0.086,0.036,2947800,3662424,0,56.8,29.6,2026-10-06
470,WBD,Communication Services,Entertainment,NASDAQ,39639483,30.94,111.84,-2,-5,0.06,81.0,100.0,0.2,4.5,9.3,11.8,84,86,83,94,76.1,0,0,0,0,0,0,77370240153.9548,2507136702.0,0.023699999,-0.112,81493910,32783910,1,84.8,3.6,2026-10-06
471,INNV,Healthcare,Medical Care Facilities,NASDAQ,639176,8.96,111.78,-13,-13,-29.11,125.6,61.7,-1.0,-9.4,-14.7,3.2,83,96,96,94,82.9,0,0,0,0,0,0,1228062825.0,136451425.0,0.052800003,0.183,1390160,467784,3,92.2,6.9,2026-10-06
472,ORIC,Healthcare,Biotechnology,NASDAQ,1378556,12.2,111.74,-2,-38,-18.29,67.1,69.9,-4.3,-2.3,-3.7,15.1,83,85,49,79,37.1,0,0,0,0,0,0,1364068937.14386,103652656.0,0.1709,,1565590,1493586,0,62.5,28.8,2026-10-06
473,MMED,Healthcare,Medical Instruments & Supplies,NASDAQ,2721090,19.7,111.7,-7,-66,-19.36,86.7,71.8,-0.0,-4.9,-1.2,,83,90,31,21,,0,0,0,0,0,0,5621371492.588223,281349931.0,0.4764,0.166,3367580,2120204,1,47.3,,2026-10-06
474,NVDA,Technology,Semiconductors,NASDAQ,125186763,233.95,111.67,6,-6,-1.09,44.6,100.0,4.2,6.6,9.1,18.8,83,77,65,72,54.1,0,0,0,0,0,0,5434765466857.91,24147000000.0,0.0127,1.059,106159510,122063920,0,67.0,13.6,2026-10-06
475,SKE,Basic Materials,Other Industrial Metals & Mining,NYSE,517856,29.94,111.57,-6,-19,-22.78,94.6,65.1,-1.7,-2.9,-3.8,0.7,83,89,76,95,80.9,0,0,0,0,0,0,3978422260.685463,125462705.0,12.42,,507310,523334,1,85.2,4.1,2026-10-06
476,MSFT,Technology,Software - Infrastructure,NASDAQ,21690443,517.53,111.52,13,-31,-6.54,48.8,91.1,3.0,4.4,7.0,21.3,83,70,26,25,24.0,0,0,0,0,0,0,3832843689188.0576,7425545491.0,0.0091,0.177,22963620,27778528,0,36.3,36.4,2026-10-06
477,DBX,Technology,Software - Infrastructure,NASDAQ,4379406,33.9,111.49,2,-10,-11.19,55.8,78.5,2.9,-1.2,-0.2,21.8,83,81,69,25,42.5,0,0,0,0,0,0,7027745379.721779,217442619.0,0.2705,0.009,5271520,4421232,0,54.4,31.7,2026-10-06
478,NVTS,Technology,Semiconductors,NASDAQ,13648230,12.4,111.44,21,52,-63.71,72.8,21.1,2.6,5.7,2.4,-6.7,83,62,93,96,71.9,0,0,0,0,0,0,3203176757.121517,262555476.0,0.1735,-0.273,16849880,14242498,2,80.7,-14.9,2026-10-06
479,VIST,Energy,Oil & Gas E&P,NYSE,1119433,64.25,111.38,0,0,-21.11,92.8,71.6,-0.7,-6.3,-4.7,2.5,83,83,83,90,86.1,0,0,0,0,0,0,7458931585.477753,110617404.0,0.0325,1.023,941540,1054182,1,85.5,-3.0,2026-10-06
480,RHI,Industrials,Staffing & Employment Services,NYSE,1928163,36.12,111.24,-8,-30,-22.66,57.0,53.1,-6.3,-7.8,-14.9,9.6,83,91,69,22,21.5,0,0,0,0,0,0,3776127772.4432974,102361828.0,0.2328,-0.024,1551480,2017856,1,50.9,50.8,2026-10-06
481,PAA,Energy,Oil & Gas Midstream,NASDAQ,2679563,23.75,111.17,-1,-7,-10.0,50.9,78.6,-1.0,-4.0,-2.9,8.0,83,84,78,80,66.3,0,0,0,0,0,0,17229933007.03045,705566460.0,0.026199998,0.663,2517270,2675170,0,77.1,10.3,2026-10-06
482,WAB,Industrials,Railroads,NYSE,779440,287.54,111.09,7,-3,-6.23,52.8,87.9,0.7,2.4,0.5,11.4,83,76,66,82,70.4,0,0,0,0,0,0,48646325088.0,168910851.0,0.0278,0.175,808400,868418,0,73.6,2.6,2026-10-06
483,RELY,Technology,Software - Infrastructure,NASDAQ,3995356,21.77,111.06,-10,-15,-20.78,87.8,72.8,6.6,4.3,-3.9,17.1,83,93,88,64,67.3,0,0,0,0,0,0,4521571522.641693,211684054.0,0.0912,0.202,3896650,3670306,1,78.1,19.1,2026-10-06
484,XMAX,Consumer Cyclical,"Furnishings, Fixtures & Appliances",NASDAQ,560943,8.59,111.04,-12,-11,-8.62,67.5,84.8,0.3,0.3,-1.0,14.3,83,95,96,99,75.3,0,0,0,1,0,1,561999042.9213734,64523426.0,0.15010001,0.071,556670,580524,3,91.3,8.9,2026-10-06
485,ENS,Industrials,Electrical Equipment & Parts,NYSE,553783,196.3,111.03,14,35,-19.65,76.5,62.4,5.0,7.2,4.1,1.7,83,69,90,93,78.6,0,0,0,0,0,0,6451707899.347534,36065224.0,0.097399995,0.048,522880,543700,2,82.6,-11.7,2026-10-06
486,JCI,Industrials,Building Products & Equipment,NYSE,3093900,156.24,110.95,17,22,-0.52,48.6,100.0,4.6,7.2,7.2,13.8,83,66,71,85,68.8,0,0,0,0,0,0,90982366945.42374,605741470.0,0.0211,0.093,2806510,3327970,0,72.7,-5.7,2026-10-06
487,RAMP,Technology,Software - Infrastructure,NYSE,1249386,37.65,110.94,9,18,-1.52,68.2,98.1,0.3,0.2,-0.0,16.6,83,74,83,35,65.4,0,0,0,0,0,0,2279811825.0,60794982.0,0.16299999,0.098,1387260,1095910,0,64.3,11.2,2026-10-06
488,CAT,Industrials,Farm & Heavy Construction Machinery,NYSE,2318890,845.42,110.89,4,17,-21.24,74.3,62.5,3.1,4.3,3.1,6.5,83,79,92,93,80.6,0,0,0,0,0,0,377659703160.392,459674889.0,0.020299999,0.24,2188170,2644002,2,86.2,-4.9,2026-10-06
489,WST,Healthcare,Medical Instruments & Supplies,NYSE,570300,364.98,110.88,5,13,-5.45,63.1,100.0,1.3,3.8,6.8,24.4,83,78,86,57,64.0,0,0,0,0,0,0,26069997447.095825,70375762.0,0.0395,0.138,600580,609046,0,71.3,10.4,2026-10-06
490,WDS,Energy,Oil & Gas E&P,NYSE,614716,21.79,110.85,5,-6,-13.5,52.5,71.3,-1.1,-4.4,-5.4,3.0,83,78,67,91,69.2,0,0,0,0,0,0,41900248892.22917,1901100143.0,6.14,0.13,616770,615926,1,76.3,2.9,2026-10-06
491,CBC,Financial Services,Banks - Regional,NASDAQ,1411153,32.03,110.78,0,-2,-5.29,39.7,85.2,0.6,0.1,-1.2,15.1,83,83,81,54,,0,0,0,0,0,0,7678534892.890247,239505133.0,0.0802,0.137,1325890,1135296,0,72.7,,2026-10-06
492,BMNR,Financial Services,Capital Markets,NYSE,43251906,26.27,110.78,6,-65,-59.95,101.3,27.0,-1.4,3.0,17.8,23.8,83,77,6,47,0.8,0,0,0,0,0,0,16624919096.48235,603226394.0,0.0674,21.678,34840220,39526982,0,32.7,51.2,2026-10-06
493,DV,Communication Services,Advertising Agencies,NYSE,3125536,13.49,110.77,10,-9,-1.17,56.1,98.4,0.1,0.1,3.1,21.1,83,73,54,26,46.5,0,0,0,0,0,0,2078383585.0707705,154987592.0,0.054,0.025,2231760,4053232,0,49.9,24.5,2026-10-06
494,AMKR,Technology,Semiconductor Equipment & Materials,NASDAQ,4055680,56.02,110.69,18,49,-42.06,93.3,40.4,1.6,6.0,6.1,-4.7,83,65,96,97,84.2,0,0,0,0,0,0,13319537175.563354,248452472.0,0.1608,0.256,3409530,4973722,2,85.5,-19.1,2026-10-06
495,EXEL,Healthcare,Biotechnology,NASDAQ,2110053,58.39,110.65,-1,-4,-2.23,70.4,98.9,1.2,1.9,5.3,19.7,83,84,81,61,67.2,0,0,0,0,0,0,14410983168.911514,247781692.0,0.1456,0.106,1923520,2365394,0,73.3,13.3,2026-10-06
496,STRL,Industrials,Engineering & Construction,NASDAQ,530206,533.42,110.64,30,73,-46.96,84.6,33.8,2.4,4.1,0.9,-3.1,83,53,96,95,71.3,0,0,0,0,0,0,15670191214.109009,30588518.0,0.0456,0.901,431990,658860,2,78.8,-21.8,2026-10-06
497,LXP,Real Estate,REIT - Industrial,NYSE,813923,60.95,110.62,1,-7,-1.07,38.3,98.7,0.0,0.1,0.2,14.0,83,82,74,67,57.2,0,0,0,0,0,0,3589318295.293152,58957264.0,0.0001,0.004,914340,783240,0,70.0,16.2,2026-10-06
498,DHC,Real Estate,REIT - Healthcare Facilities,NASDAQ,1801760,7.73,110.59,0,11,-19.98,86.2,62.4,-4.9,-4.0,-7.3,0.2,83,83,94,95,80.1,0,0,0,0,0,0,1968508700.149464,242128988.0,0.0617,-0.045,2080920,1828830,2,88.0,-2.1,2026-10-06
499,AXGN,Healthcare,Medical Devices,NASDAQ,1274040,37.39,110.56,-12,-11,-29.33,138.7,59.9,-10.7,-13.9,-18.6,-4.5,83,95,96,94,88.6,0,0,0,0,0,0,2545756913.2597504,58671513.0,0.0789,0.231,1387820,1170108,3,93.4,3.3,2026-10-06
500,BNS,Financial Services,Banks - Diversified,NYSE,2011460,91.19,110.56,-2,-5,-4.75,42.6,84.2,-1.9,-2.6,-0.8,12.0,83,85,82,77,64.4,0,0,0,0,0,0,113747082248.33884,1216806570.0,5.69,0.117,1833400,1969194,0,77.1,12.2,2026-10-06
501,IVZ,Financial Services,Asset Management,NYSE,4080353,30.66,110.49,-3,-8,-8.91,35.9,74.1,-0.3,-1.4,-2.9,9.5,83,86,81,76,56.6,0,0,0,0,0,0,13651173231.28376,441499780.0,0.0427,0.205,5019160,4450968,0,74.9,17.2,2026-10-06
502,AEIS,Industrials,Electrical Equipment & Parts,NASDAQ,520643,304.28,110.49,10,23,-23.44,75.3,58.2,4.3,7.7,2.8,-2.7,83,73,86,97,78.2,0,0,0,0,0,0,11201307325.221802,40050442.0,0.0623,0.3,459940,597054,1,83.5,-8.7,2026-10-06
503,SMFG,Financial Services,Banks - Diversified,NYSE,1413656,25.4,110.46,-5,-6,-8.04,68.6,84.4,-1.0,-2.5,-1.2,11.8,82,87,86,82,74.9,0,0,0,0,0,0,168508272054.61145,6332516655.0,0.0014,0.248,1538350,1468844,0,82.5,7.2,2026-10-06
504,SHOO,Consumer Cyclical,Footwear & Accessories,NASDAQ,1059020,45.97,110.41,17,24,-7.51,45.6,80.8,1.7,4.8,1.6,10.6,82,65,72,76,60.4,0,0,0,0,0,0,3297360001.193447,73177095.0,0.08189999,0.191,1112330,1082382,0,68.4,-0.6,2026-10-06
505,IEX,Industrials,Specialty Industrial Machinery,NYSE,592940,232.99,110.25,11,14,-4.43,46.3,93.4,2.2,3.8,2.3,11.4,82,71,74,70,67.3,0,0,0,0,0,0,16961473806.66516,73719896.0,0.0325,0.064,675430,636474,0,70.6,1.8,2026-10-06
506,WAT,Healthcare,Diagnostics & Research,NYSE,668706,425.21,110.2,6,-6,-2.55,55.3,98.0,1.7,4.0,7.0,21.0,82,76,64,34,63.1,0,0,0,0,0,0,42567496415.69046,98185855.0,0.0337,1.134,757750,757120,0,59.3,16.0,2026-10-06
507,BLMN,Consumer Cyclical,Restaurants,NASDAQ,2351053,8.48,110.2,-7,-27,-32.86,57.4,45.8,1.0,-1.1,-13.0,8.6,82,89,69,21,41.4,0,0,0,0,0,0,674692835.7585363,85620917.0,0.1254,0.013,2900990,2298944,0,55.1,39.4,2026-10-06
508,TS,Energy,Oil & Gas Equipment & Services,NYSE,1126250,55.99,110.08,9,15,-13.33,73.5,81.7,4.6,4.0,5.6,7.5,82,73,79,91,76.7,0,0,0,0,0,0,28002359248.895203,504819878.0,0.0242,-0.039,1113270,1339802,1,79.9,-6.1,2026-10-06
509,ASH,Basic Materials,Specialty Chemicals,NYSE,624130,69.52,110.04,-3,-13,-11.16,44.8,73.5,-0.1,-1.2,-4.1,9.8,82,85,75,55,66.8,0,0,0,0,0,0,3162490020.3997803,45793370.0,0.1083,0.073,633310,706916,0,70.4,16.1,2026-10-06
510,TKR,Industrials,Tools & Accessories,NYSE,914390,122.44,109.98,5,19,-16.35,69.5,66.0,1.7,1.7,-3.5,4.5,82,77,91,85,75.2,0,0,0,0,0,0,8162129987.419586,69494510.0,0.0636,0.075,987690,968954,1,82.0,-2.1,2026-10-06
511,NVAX,Healthcare,Biotechnology,NASDAQ,5559616,10.46,109.94,6,-1,-12.61,101.9,100.0,15.6,21.9,36.6,40.9,82,76,69,66,59.1,0,0,0,0,0,0,1753373086.2565403,164945726.0,0.3043,-0.763,4800020,4808116,0,67.5,11.2,2026-10-06
512,KRNY,Financial Services,Banks - Regional,NASDAQ,570893,9.32,109.94,-5,-10,-8.98,48.1,77.8,-0.1,-2.5,-3.8,9.1,82,87,82,76,66.8,0,0,0,0,0,0,591301832.3111773,63173275.0,0.0523,0.149,484650,598156,0,78.0,12.8,2026-10-06
513,CERT,Healthcare,Health Information Services,NASDAQ,2442056,9.36,109.91,12,-33,-32.56,124.8,62.3,9.7,16.9,21.1,40.0,82,70,25,10,3.7,0,0,0,0,0,0,1389628233.429966,152538780.0,0.2959,0.01,2783070,3094986,0,27.2,49.6,2026-10-06
514,SVM,Basic Materials,Silver,NYSE ARCA,1972763,10.58,109.83,-11,-27,-32.91,73.2,46.4,-4.6,-8.1,-8.9,-6.0,82,93,77,95,75.7,0,0,0,0,0,0,2508479577.813404,221206309.0,0.1257,0.705,1734820,2256920,2,85.2,9.9,2026-10-06
515,BOX,Technology,Software - Infrastructure,NYSE,3079106,34.49,109.75,2,-24,-5.09,65.4,95.8,6.7,4.8,6.0,27.4,82,80,54,18,34.9,0,0,0,0,0,0,4306732180.729294,137200773.0,0.1531,0.092,2674430,2916562,0,46.7,37.5,2026-10-06
516,KSPI,Technology,Software - Infrastructure,NASDAQ,612243,94.05,109.68,-6,-23,-14.45,36.5,63.0,-0.5,-3.0,-4.0,10.3,82,88,71,42,46.6,0,0,0,0,0,0,18179908190.269684,190027266.0,0.0083,0.136,473390,597620,0,61.9,31.6,2026-10-06
517,DSGN,Healthcare,Biotechnology,NASDAQ,706463,12.34,109.65,-12,-10,-28.46,124.6,66.2,-0.2,-4.4,-10.0,3.2,82,94,96,97,88.4,0,0,0,0,0,0,758489602.9580984,62581651.0,0.115600005,,523620,615160,3,93.8,2.0,2026-10-06
518,VOYA,Financial Services,Financial Conglomerates,NYSE,1077276,96.65,109.65,-5,-8,-8.51,49.7,82.8,1.7,-1.1,-1.8,16.3,82,87,84,51,58.9,0,0,0,0,0,0,8812306563.104073,90596349.0,0.0002,-0.043,912250,1038544,0,70.2,21.5,2026-10-06
519,ARIS,Basic Materials,Gold,NYSE,1559593,17.5,109.65,-10,-31,-24.86,93.3,62.4,-3.1,-5.9,-3.4,-2.0,82,92,71,97,81.6,0,0,0,0,0,0,3907733081.487648,206430693.0,3.82,0.623,1844880,1570854,2,85.4,6.3,2026-10-06
520,EFOR,Technology,Information Technology Services,NYSE,684876,34.25,109.65,29,-19,-37.66,111.8,52.7,7.5,9.8,14.6,9.3,82,53,5,20,4.2,0,0,0,0,0,0,1357919956.2072754,41000000.0,0.1074,-0.013,609040,816242,0,20.6,35.8,2026-10-06
521,COP,Energy,Oil & Gas E&P,NYSE,6729950,126.75,109.64,-1,-30,-10.5,49.9,76.9,1.2,-1.9,0.2,10.0,82,83,54,84,63.7,0,0,0,0,0,0,155088830809.03827,1218294007.0,0.0134000005,0.355,6223810,6785464,0,71.2,12.3,2026-10-06
522,BIIB,Healthcare,Drug Manufacturers - General,NASDAQ,944240,219.88,109.59,1,-4,-4.06,57.2,94.1,-0.8,1.3,3.6,14.4,82,81,76,72,68.5,0,0,0,0,0,0,33628810846.618835,147753998.0,0.043899998,0.034,1210910,949586,0,74.4,8.5,2026-10-06
523,DGX,Healthcare,Diagnostics & Research,NYSE,1075196,233.33,109.4,2,-12,-6.23,33.9,79.4,-0.8,-2.2,-2.4,12.5,82,80,66,64,55.7,0,0,0,0,0,0,26083433243.598637,110373360.0,0.0327,0.102,1217910,996468,0,66.4,16.7,2026-10-06
524,INVX,Energy,Oil & Gas Equipment & Services,NYSE,795986,27.31,109.34,-1,-13,-18.99,65.1,77.7,1.5,-0.9,-2.3,6.8,82,83,71,86,73.4,0,0,0,0,0,0,1989881086.5,69820389.0,0.075100005,0.092,568590,787220,0,78.3,5.4,2026-10-06
525,CFFN,Financial Services,Banks - Regional,NASDAQ,941320,8.58,109.23,2,1,-7.34,42.0,79.8,-0.0,-1.7,-2.1,8.8,82,80,79,80,63.4,0,0,0,0,0,0,1070846828.9293672,123369446.0,0.0802,0.183,1037890,918842,0,75.6,8.4,2026-10-06
526,COKE,Consumer Defensive,Beverages - Non-Alcoholic,NASDAQ,524100,192.04,109.2,7,4,-12.57,63.5,76.9,1.9,1.1,1.8,6.5,82,75,72,87,76.8,0,0,0,0,0,0,12666519058.35617,66564294.0,0.0686,0.106,452910,500048,0,77.7,-3.0,2026-10-06
527,HRMY,Healthcare,Biotechnology,NASDAQ,964450,39.64,109.19,0,-4,-8.85,54.1,82.7,-0.7,-2.8,0.7,15.2,81,81,77,29,71.6,0,0,0,0,0,0,2402833477.432148,58236393.0,0.1062,0.303,838500,882860,0,64.7,15.5,2026-10-06
528,AMGN,Healthcare,Drug Manufacturers - General,NASDAQ,2928060,403.04,109.16,-5,-25,-9.84,38.9,73.3,-2.0,1.4,-1.7,10.4,81,86,66,70,62.3,0,0,0,0,0,0,224151427673.63583,540632005.0,0.025999999,0.095,2996580,2873216,0,71.1,17.1,2026-10-06
529,DFDV,Financial Services,Asset Management,NASDAQ,2436960,5.25,109.12,-9,-93,-71.28,121.5,19.4,-3.2,-0.7,24.1,27.9,81,90,6,6,0.3,0,0,0,0,0,0,197029570.3556156,32620790.0,0.191,0.669,2401050,1791948,1,25.6,70.1,2026-10-06
530,SAIL,Technology,Software - Infrastructure,NASDAQ,5003020,20.43,109.02,25,3,-14.88,93.4,74.6,-2.7,1.6,6.8,26.4,81,56,34,11,9.4,0,0,0,0,0,0,11783615756.663193,570911633.0,0.2541,0.168,6015580,4211118,0,27.6,34.5,2026-10-06
531,WLY,Communication Services,Publishing,NYSE,547966,48.9,108.98,-3,-2,-14.88,65.0,69.5,-0.6,-1.2,-6.2,14.9,81,84,85,59,46.1,0,0,0,0,0,0,2410020832.83123,50683930.0,0.1548,-0.026,500589,496976,0,68.5,23.9,2026-10-06
532,CNO,Financial Services,Insurance - Life,NYSE,1069436,53.86,108.97,-3,-5,-6.48,40.4,85.1,0.7,-0.7,-1.0,13.9,81,84,82,60,63.9,0,0,0,0,0,0,4994303564.2270775,92521371.0,0.0001,0.116,977700,909338,0,72.5,15.1,2026-10-06
533,GEV,Industrials,Specialty Industrial Machinery,NYSE,2148763,988.7,108.94,0,9,-17.33,80.7,70.5,2.7,4.5,2.6,7.7,81,81,90,95,76.9,0,0,0,0,0,0,255049028473.4869,266333581.0,0.032899998,0.219,1947700,2226158,2,85.7,-1.7,2026-10-06
534,KMX,Consumer Cyclical,Auto & Truck Dealerships,NYSE,2738273,54.92,108.94,-5,-35,-15.87,77.7,71.9,-2.8,-5.5,-7.4,13.7,81,86,56,36,46.8,0,0,0,0,0,0,8118733672.236511,141911096.0,0.0787,0.055,4794680,2507210,0,56.2,32.6,2026-10-06
535,ARHS,Consumer Cyclical,Specialty Retail,NASDAQ,1326523,10.24,108.81,22,-1,-15.23,75.8,71.2,5.0,14.9,14.3,20.6,81,59,36,20,14.4,0,0,0,0,0,0,1374354026.839325,141540064.0,0.12020001,0.074,1790400,1481140,0,32.4,32.4,2026-10-06
536,HYMC,Basic Materials,Gold,NASDAQ,2086760,18.71,108.8,-14,-12,-68.14,201.3,25.4,-6.4,-9.1,-17.5,-39.0,81,95,97,99,96.0,0,0,0,1,0,1,2001542465.224812,93181681.0,0.2321,,1927020,1939714,4,96.8,-1.5,2026-10-06
537,ABNB,Consumer Cyclical,Travel Services,NASDAQ,4935706,162.43,108.79,-9,-33,-16.04,47.1,66.5,3.8,0.4,-3.6,14.2,81,90,66,46,61.7,0,0,0,0,0,0,92842058064.24908,589585682.0,0.035,0.165,5721510,5089472,1,65.9,25.4,2026-10-06
538,IMO,Energy,Oil & Gas Integrated,NYSE ARCA,615156,125.68,108.71,2,-1,-9.87,47.5,72.9,-0.2,-2.9,-4.6,2.9,81,79,76,91,64.2,0,0,0,0,0,0,61090657174.82997,497237969.0,0.20899999,0.426,609360,569994,1,77.5,5.3,2026-10-06
539,EMR,Industrials,Specialty Industrial Machinery,NYSE,2365213,161.61,108.68,18,-7,-2.85,31.7,95.0,2.9,5.7,4.8,12.1,81,63,38,65,49.9,0,0,0,0,0,0,88260691616.82129,557800000.0,0.0150999995,0.07,2619810,2642730,0,54.0,8.6,2026-10-06
540,GPRE,Basic Materials,Chemicals,NASDAQ,1617283,15.23,108.62,12,34,-22.49,66.9,59.8,1.0,0.6,-1.7,2.1,81,69,91,96,77.4,0,0,0,0,0,0,1045822299.1078492,70095328.0,0.1924,-0.193,1205930,1501940,2,83.4,-11.8,2026-10-06
541,EZPW,Financial Services,Credit Services,NASDAQ,846503,30.2,108.61,-8,-4,-18.66,75.2,72.0,0.4,-1.7,-1.1,6.7,81,89,93,91,78.8,0,0,0,0,0,0,1917461065.090355,61535978.0,0.2703,0.347,601480,913630,2,88.0,4.3,2026-10-06
542,MSTR,Technology,Software - Application,NASDAQ,25797676,160.01,108.61,51,28,-56.19,99.8,29.6,2.8,10.5,31.5,20.9,81,30,7,10,0.7,0,0,0,0,0,0,63012844335.08148,397281660.0,0.081499994,0.069,21946460,23164678,0,11.9,21.0,2026-10-06
543,FIVE,Consumer Cyclical,Specialty Retail,NASDAQ,1229073,221.19,108.6,-4,-36,-16.18,55.9,62.3,-3.3,-7.1,-8.1,0.5,81,85,53,93,63.9,0,0,0,0,0,0,12255028527.023165,55054035.0,0.044899996,0.229,1003420,1086492,1,73.7,12.1,2026-10-06
544,ESI,Basic Materials,Specialty Chemicals,NYSE,4925246,37.93,108.57,15,34,-22.98,63.3,55.7,4.3,7.9,4.5,4.2,81,66,85,90,66.7,0,0,0,0,0,0,8702029336.59874,243686070.0,0.0388,0.564,3763970,4582952,1,76.9,-7.0,2026-10-06
545,AVNT,Basic Materials,Specialty Chemicals,NYSE,690396,41.17,108.54,0,-26,-11.73,51.4,74.9,1.5,1.2,-0.8,10.3,81,81,55,71,55.1,0,0,0,0,0,0,3786182912.037658,91719550.0,0.059499998,0.058,657830,773682,0,65.5,17.6,2026-10-06
546,BP,Energy,Oil & Gas Integrated,NYSE,9582536,44.79,108.42,13,1,-7.21,36.1,79.7,1.0,-0.4,1.8,7.1,81,68,56,88,59.3,0,0,0,0,0,0,113701365944.86047,2575342288.0,0.0028,0.482,9405640,9072746,0,67.8,1.6,2026-10-06
547,IMPP,Energy,Oil & Gas Midstream,NASDAQ,517930,5.38,108.4,6,8,-18.11,63.7,65.5,1.5,-3.0,2.9,14.5,81,75,77,80,33.4,0,0,0,0,0,0,229233253.8214388,45213658.0,0.1089,1.396,502160,427410,0,66.3,19.6,2026-10-06
548,GDYN,Technology,Information Technology Services,NASDAQ,930046,8.02,108.37,15,-31,-21.45,50.5,54.2,0.1,-0.5,2.0,11.2,81,66,20,10,15.6,0,0,0,0,0,0,628733327.75,81126881.0,0.0868,0.07,769070,1398264,0,27.9,41.0,2026-10-06
549,BTG,Basic Materials,Gold,NYSE ARCA,26646613,5.2,108.32,-2,-61,-17.33,41.1,58.6,-3.0,-3.4,1.1,7.6,81,83,24,73,25.5,0,0,0,0,0,0,7239467800.957425,1321070762.0,2.92,0.14,20876320,25951928,0,51.4,36.7,2026-10-06
550,DXYZ,Financial Services,Asset Management,NYSE,896163,32.8,108.31,26,2,-54.99,56.3,23.3,5.8,4.2,7.5,2.4,81,55,31,39,34.8,0,0,0,0,0,0,932858657.2478029,30465664.0,0.0066000004,,779370,1072434,0,39.9,15.7,2026-10-06
551,DNOW,Industrials,Industrial Distribution,NYSE,2121126,15.76,108.24,10,-26,-8.69,43.0,83.1,1.0,0.9,1.9,14.6,81,71,35,29,27.8,0,0,0,0,0,0,2879919298.8014755,180785891.0,0.0723,1.081,1868610,2370462,0,40.7,33.6,2026-10-06
552,BBVA,Financial Services,Banks - Diversified,NYSE,1299163,26.98,108.2,-9,-18,-8.97,49.3,76.7,-3.9,-5.3,-5.3,9.7,81,90,81,84,66.3,0,0,0,0,0,0,159313478555.5361,5518305297.0,0.00029999999,0.202,1530980,1521720,1,80.3,13.9,2026-10-06
553,SWBI,Industrials,Aerospace & Defense,NASDAQ,630646,14.64,108.15,18,43,-16.63,80.1,76.9,3.3,6.7,5.9,7.9,81,63,88,89,71.8,0,0,0,0,0,0,639413847.0629883,44839680.0,0.0634,0.323,440940,541900,0,78.0,-12.1,2026-10-06
554,HNI,Consumer Cyclical,"Furnishings, Fixtures & Appliances",NYSE,578983,46.82,108.07,-3,-52,-11.31,61.0,76.5,0.5,0.8,-0.8,13.5,81,84,35,22,21.1,0,0,0,0,0,0,3407702711.9155884,72181800.0,0.059699997,1.207,558550,572644,0,40.5,48.7,2026-10-06
555,SPT,Technology,Software - Application,NASDAQ,1195100,10.09,108.06,-5,-51,-28.74,104.2,69.3,3.6,-1.0,1.3,25.1,81,86,40,5,6.5,0,0,0,0,0,0,578049700.1685905,60592212.0,0.08930001,0.108,909660,1234252,0,34.4,60.6,2026-10-06
556,SOLV,Healthcare,Medical Instruments & Supplies,NYSE,886050,87.85,108.05,7,-13,-6.7,40.9,85.3,-0.6,-0.8,-0.3,12.9,81,74,54,30,45.6,0,0,0,0,0,0,15235023745.5,170223729.0,0.0337,0.022,723880,1057530,0,50.9,25.0,2026-10-06
557,EOLS,Healthcare,Drug Manufacturers - Specialty & Generic,NASDAQ,888840,7.14,108.04,-6,-15,-23.31,89.6,65.9,-4.6,-6.2,-5.3,21.3,81,87,78,13,47.3,0,0,0,0,0,0,526421992.9420662,66050440.0,0.0848,0.212,660980,939074,0,56.3,35.5,2026-10-06
558,AAPL,Technology,Consumer Electronics,NASDAQ,40753656,333.69,108.0,8,15,-3.37,35.7,91.5,-0.7,0.1,3.2,15.0,81,73,80,65,56.9,0,0,0,0,0,0,4977637079490.967,14594180000.0,0.0088,0.164,35294460,45672266,0,68.7,9.0,2026-10-06
559,RHP,Real Estate,REIT - Hotel & Motel,NYSE,585483,121.66,108.0,7,17,-11.49,40.4,69.3,-0.5,-0.6,-3.6,9.1,81,74,84,65,61.0,0,0,0,0,0,0,8378831557.322998,68984288.0,0.0602,0.136,530370,744658,0,71.0,7.3,2026-10-06
560,CRM,Technology,Software - Application,NYSE,14819496,234.69,107.9,-1,-65,-12.79,53.1,68.6,-1.2,-4.1,3.8,14.7,80,81,17,16,17.6,0,0,0,0,0,0,192598463516.23532,823000000.0,0.0454,0.108,10891550,14035840,0,32.9,51.1,2026-10-06
561,ADM,Consumer Defensive,Farm Products,NYSE,3660056,80.45,107.89,1,2,-9.35,47.3,82.5,1.9,-1.1,0.8,10.7,80,79,80,78,64.7,0,0,0,0,0,0,39096314793.97314,481956527.0,0.0397,0.072,2851520,3826470,0,75.4,7.2,2026-10-06
562,VAL,Energy,Oil & Gas Drilling,NYSE,1153790,78.39,107.86,-1,-8,-31.31,78.6,55.1,3.6,1.3,0.5,1.3,80,81,74,97,77.9,0,0,0,0,0,0,5623605860.599113,69435807.0,0.111999996,-0.124,1169000,1167114,1,82.5,-0.9,2026-10-06
563,TD,Financial Services,Banks - Diversified,NYSE,1813770,117.88,107.82,-5,-5,-6.05,49.5,83.4,-1.6,-2.5,-2.7,8.4,80,85,85,82,70.0,0,0,0,0,0,0,197686354650.16937,1638511000.0,4.38,0.115,1718750,1943372,0,80.5,8.1,2026-10-06
564,SPHR,Communication Services,Entertainment,NYSE,559550,128.25,107.77,-14,-12,-29.39,88.8,44.3,-16.8,-20.1,-24.9,-14.2,80,94,96,97,78.9,0,0,0,0,0,0,5068487531.269409,35913607.0,0.3179,0.11,548500,673246,3,91.5,6.8,2026-10-06
565,NEM,Basic Materials,Gold,NYSE,7362890,115.56,107.73,-8,-44,-14.58,47.3,65.8,-2.5,-4.9,-2.1,3.8,80,88,52,88,61.2,0,0,0,0,0,0,127949852789.09135,1053692271.0,0.0183,0.151,5231340,7386676,0,72.3,17.0,2026-10-06
566,EMBJ,Industrials,Aerospace & Defense,NYSE,1212070,75.21,107.73,2,-25,-6.86,39.9,82.3,-1.0,-0.2,1.8,12.1,80,78,51,75,59.9,0,0,0,0,0,0,13992855529.27311,177958235.0,0.0095999995,0.104,1353310,1286706,0,66.0,12.3,2026-10-06
567,TILE,Consumer Cyclical,"Furnishings, Fixtures & Appliances",NASDAQ,504893,34.89,107.69,-1,-2,-13.85,42.6,70.0,-0.2,0.5,-3.4,10.8,80,81,80,64,52.4,0,0,0,0,0,0,2034576236.0982516,57800460.0,0.1025,0.054,411080,484244,0,69.3,17.8,2026-10-06
568,PAYO,Technology,Software - Infrastructure,NASDAQ,2505780,7.15,107.66,-6,-10,-0.56,67.4,99.0,0.1,0.2,0.3,19.6,80,86,82,23,45.2,0,0,0,0,0,0,2429560519.972267,338850836.0,0.047,0.052,2471360,3734258,0,59.1,33.4,2026-10-06
569,DBI,Consumer Cyclical,Footwear & Accessories,NYSE,721546,6.06,107.59,55,104,-33.91,87.7,47.0,-3.3,-1.5,-0.4,-9.4,80,25,74,92,78.3,0,0,0,0,0,0,313386472.3706093,51123404.0,0.36099997,-0.012,627520,591366,1,67.3,-45.0,2026-10-06
570,MFC,Financial Services,Insurance - Life,NYSE,1758623,42.93,107.58,-2,-8,-5.29,35.7,86.1,-0.8,-1.3,-1.7,9.3,80,82,76,69,63.1,0,0,0,0,0,0,72667952613.36026,1656816042.0,2.94,0.107,1318520,2244318,0,72.5,12.7,2026-10-06
571,SEIC,Financial Services,Asset Management,NASDAQ,826443,102.43,107.56,-4,-21,-8.67,37.4,77.0,-0.7,-1.7,-2.7,13.4,80,84,67,35,49.6,0,0,0,0,0,0,12680026761.434738,120019182.0,0.0202,0.147,790520,738518,0,58.9,28.7,2026-10-06
572,GRMN,Technology,Scientific & Technical Instruments,NYSE,850923,281.16,107.52,4,-21,-10.54,52.6,78.1,-0.9,1.1,-1.1,15.7,80,76,51,75,37.8,0,0,0,0,0,0,56725647764.02832,192852536.0,0.0188,0.114,761830,932884,0,60.0,21.8,2026-10-06
573,GOLD,Financial Services,Capital Markets,NYSE,659123,42.29,107.5,6,14,-36.6,68.4,42.9,-3.1,-7.3,-5.8,-6.3,80,74,82,88,75.0,0,0,0,0,0,0,1281351548.4433136,29154756.0,0.16469999,0.992,439370,553850,0,79.8,-4.1,2026-10-06
574,CROX,Consumer Cyclical,Footwear & Accessories,NASDAQ,1078560,118.09,107.5,8,20,-16.41,61.0,66.1,-2.9,-0.3,-4.8,10.9,80,72,84,64,63.4,0,0,0,0,0,0,6047791731.236649,47945075.0,0.13149999,0.026,1045810,1085226,0,70.8,4.7,2026-10-06
575,SWK,Industrials,Tools & Accessories,NYSE,1651293,91.34,107.47,-3,-13,-12.74,44.4,65.8,-0.6,-0.4,-5.9,6.9,80,83,73,54,48.9,0,0,0,0,0,0,13802921217.833109,151016641.0,0.0543,0.004,1579550,1881066,0,64.7,23.8,2026-10-06
576,DVN,Energy,Oil & Gas E&P,NYSE,11593646,47.65,107.31,4,-11,-9.6,51.2,79.9,1.4,-0.6,2.1,7.4,80,76,61,86,65.2,0,0,0,0,0,0,51754999160.7666,1100000000.0,0.030199999,0.642,11064960,11392066,0,72.0,4.9,2026-10-06
577,VG,Energy,Oil & Gas Midstream,NYSE,13880033,13.13,107.2,-5,-28,-25.48,127.2,64.9,3.9,-3.3,-2.8,11.3,80,85,62,86,18.7,0,0,0,0,0,0,31551171493.50708,2500092851.0,0.8047,0.476,14070580,14042478,0,62.9,35.3,2026-10-06
578,LTC,Real Estate,REIT - Healthcare Facilities,NYSE,576820,43.0,107.17,7,-5,-1.38,24.9,88.8,-1.0,-0.8,2.8,9.6,80,73,61,68,43.8,0,0,0,0,0,0,2314704801.191974,53905563.0,0.062,0.655,626900,562530,0,61.4,16.8,2026-10-06
579,FLYW,Technology,Software - Infrastructure,NASDAQ,1428970,17.58,107.14,-6,-4,-10.9,70.8,84.6,4.4,3.5,1.8,20.2,80,86,88,44,60.7,0,0,0,0,0,0,2117017481.1874657,121667674.0,0.1001,0.272,1585540,1702276,0,69.7,20.8,2026-10-06
580,ETN,Industrials,Specialty Industrial Machinery,NYSE,1988783,436.11,107.09,18,18,-8.76,37.0,81.0,-0.8,2.0,2.4,11.0,80,62,62,76,42.0,0,0,0,0,0,0,170844238265.9912,388300000.0,0.02,0.214,1852250,2132642,0,60.5,7.2,2026-10-06
581,INOD,Technology,Information Technology Services,NASDAQ,1409010,70.07,107.08,53,112,-44.01,94.4,37.4,-3.1,7.3,9.3,9.0,80,27,86,17,4.6,0,0,0,0,0,0,2379623244.231743,34382651.0,0.146,0.578,2288650,1476800,0,33.7,7.3,2026-10-06
582,FPS,Industrials,Electrical Equipment & Parts,NYSE,9173163,40.35,107.06,60,130,-38.86,39.3,30.0,1.4,8.5,11.3,,80,20,90,65,,0,0,0,0,0,0,10698321188.296082,274527094.0,0.165,0.943,8744070,8453006,1,58.3,,2026-10-06
583,ST,Technology,Scientific & Technical Instruments,NYSE,1310226,43.51,106.95,16,34,-19.26,51.3,58.5,2.5,2.5,-0.9,4.7,80,64,82,84,65.9,0,0,0,0,0,0,6140157817.916908,145535862.0,0.0509,0.05,1266300,1477480,0,74.0,-6.7,2026-10-06
584,OXY,Energy,Oil & Gas E&P,NYSE,8463063,58.08,106.9,5,-11,-13.89,49.8,71.0,2.4,-0.6,-0.2,7.7,80,75,59,85,59.4,0,0,0,0,0,0,56839381525.19023,999637371.0,0.0002,0.534,9647550,8455628,0,69.6,7.4,2026-10-06
585,HST,Real Estate,REIT - Hotel & Motel,NASDAQ,8352510,22.56,106.9,12,29,-12.25,41.8,68.1,0.2,0.9,-2.0,4.9,80,68,85,79,58.9,0,0,0,0,0,0,15360489077.850843,685124399.0,0.0842,0.036,8451750,9109380,0,72.7,0.7,2026-10-06
586,NE,Energy,Oil & Gas Drilling,NYSE,1192456,40.7,106.89,-1,-16,-25.97,59.4,57.3,-0.5,-3.0,-3.3,-1.4,79,80,65,95,71.0,0,0,0,0,0,0,6835879726.041061,159642218.0,0.0,-0.163,1164720,1315540,1,77.7,3.0,2026-10-06
587,TRV,Financial Services,Insurance - Property & Casualty,NYSE,1394220,360.38,106.89,-3,-12,-9.61,37.9,73.1,-0.2,-1.8,-2.8,12.5,79,82,73,66,56.2,0,0,0,0,0,0,75721077769.13727,208575022.0,0.033299997,0.003,1176350,1600014,0,69.3,17.0,2026-10-06
588,FBP,Financial Services,Banks - Regional,NYSE,1347956,27.04,106.89,-4,-11,-9.5,40.8,75.1,1.2,-0.6,-3.7,10.9,79,83,76,65,52.9,0,0,0,0,0,0,4131203250.5463486,152668268.0,0.0713,0.094,1311960,1348536,0,69.2,19.3,2026-10-06
589,KODK,Industrials,Specialty Business Services,NYSE,853500,9.81,106.81,2,-39,-34.03,73.2,48.6,3.6,5.5,6.7,9.0,79,77,36,92,72.1,0,0,0,0,0,0,931029022.4075316,97900000.0,0.104499996,0.183,715800,876172,1,69.3,3.6,2026-10-06
590,Q,Technology,Semiconductor Equipment & Materials,NYSE,1568466,131.48,106.81,18,42,-25.83,78.9,56.8,4.1,6.6,3.1,4.4,79,61,85,86,,0,0,0,0,0,0,26086213737.433044,209208543.0,0.024500001,0.221,1271220,1754164,0,77.3,,2026-10-06
591,KNX,Industrials,Trucking,NYSE,3523530,66.76,106.72,5,20,-19.43,57.5,58.1,0.0,-2.0,-4.9,0.1,79,74,89,81,77.0,0,0,0,0,0,0,10362674221.984863,162756000.0,0.0921,0.126,3441160,3542260,0,80.2,-4.4,2026-10-06
592,AME,Industrials,Specialty Industrial Machinery,NYSE,1446670,251.93,106.7,15,17,-3.53,40.5,91.7,1.0,3.7,3.2,9.3,79,64,66,78,62.0,0,0,0,0,0,0,57484965579.92963,229261244.0,0.0146,0.15,1544650,1404756,0,67.5,-2.0,2026-10-06
593,ROST,Consumer Cyclical,Apparel Retail,NASDAQ,2223073,228.54,106.66,5,10,-11.07,53.3,73.2,-2.9,-1.8,-4.7,3.8,79,74,79,85,69.0,0,0,0,0,0,0,75429266773.37036,319453110.0,0.0346,0.133,1838280,2337544,0,76.8,-0.2,2026-10-06
594,PFG,Financial Services,Asset Management,NASDAQ,1360490,111.96,106.66,-4,-6,-7.61,41.6,81.4,-1.9,-3.2,-2.4,9.2,79,83,81,68,59.2,0,0,0,0,0,0,24572788928.834934,214104641.0,0.0512,0.064,1254420,1359368,0,72.8,15.1,2026-10-06
595,ACHC,Healthcare,Medical Care Facilities,NASDAQ,1452443,28.06,106.62,-5,-3,-21.69,147.2,71.8,2.7,2.6,-0.7,19.1,79,84,86,86,34.4,0,0,0,0,0,0,2615186738.9559746,93100275.0,0.3548,-0.004,1537890,1893030,0,72.6,24.2,2026-10-06
596,INGM,Technology,Information Technology Services,NYSE,2152493,28.5,106.62,4,9,-10.07,41.4,66.5,1.4,2.0,-1.1,6.8,79,75,80,87,52.3,0,0,0,0,0,0,6206395564.617462,230036904.0,0.1861,0.136,1903170,1646434,0,73.6,8.4,2026-10-06
597,TTE,Energy,Oil & Gas Integrated,NYSE,1665123,84.4,106.35,4,-5,-10.37,47.0,74.5,-4.3,-5.9,-4.7,1.7,79,75,66,90,67.0,0,0,0,0,0,0,200820054728.42352,2208269731.0,0.0022,0.278,1908450,1500194,1,74.5,1.9,2026-10-06
598,CVLT,Technology,Software - Application,NASDAQ,556543,150.28,106.33,10,24,-23.67,104.5,74.7,3.3,6.7,11.1,32.9,79,69,83,12,7.8,0,0,0,0,0,0,6031841566.306702,41444564.0,0.0955,0.114,600120,616660,0,43.0,40.6,2026-10-06
599,HOPE,Financial Services,Banks - Regional,NASDAQ,881596,13.68,106.31,1,-6,-6.24,37.9,80.0,-0.3,-1.5,-2.7,7.6,79,78,71,70,54.6,0,0,0,0,0,0,1766669582.1340714,127741836.0,0.0729,0.71,930000,947614,0,68.4,14.0,2026-10-06
600,DAL,Industrials,Airlines,NYSE,6615313,84.09,106.3,8,25,-12.11,49.3,72.2,-0.7,1.9,-1.1,9.5,79,71,88,71,69.2,0,0,0,0,0,0,55858501773.724976,657623030.0,0.0401,0.187,7217740,5941152,0,74.8,-0.8,2026-10-06
601,CRBG,Financial Services,Asset Management,NYSE,4247070,34.03,106.24,-1,-23,-4.52,56.2,98.6,2.5,1.7,4.3,18.4,79,80,58,25,32.4,0,0,0,0,0,0,15544087366.003578,445772522.0,0.048299998,0.259,5198720,4549782,0,48.9,37.0,2026-10-06
602,FA,Industrials,Specialty Business Services,NASDAQ,1628793,18.09,106.2,-11,-14,-28.07,105.3,62.1,-2.7,-8.0,-11.0,15.7,79,90,87,21,48.4,0,0,0,0,0,0,3366372409.118833,171753691.0,0.13159999,0.149,2150400,2017300,1,61.6,34.9,2026-10-06
603,SHO,Real Estate,REIT - Hotel & Motel,NYSE,2025830,11.39,106.2,16,30,-5.63,29.7,81.2,0.8,1.9,1.1,10.1,79,63,77,61,49.1,0,0,0,0,0,0,2080712621.7648168,185943941.0,0.0001,0.062,1721390,2209950,0,62.5,5.9,2026-10-06
604,SONO,Technology,Consumer Electronics,NASDAQ,1906740,17.7,106.19,25,17,-10.7,41.3,81.1,1.3,8.5,11.8,17.4,79,54,46,53,31.7,0,0,0,0,0,0,2150584574.320457,118293979.0,0.1308,0.088,2115800,1901542,0,46.2,12.1,2026-10-06
605,BGC,Financial Services,Capital Markets,NASDAQ,3688736,11.78,106.16,1,-16,-8.61,46.8,89.6,2.8,1.5,4.7,15.0,79,78,61,79,59.5,0,0,0,0,0,0,5629523693.030434,475466522.0,0.0379,0.083,4234450,3292700,0,69.4,10.7,2026-10-06
606,MD,Healthcare,Medical Care Facilities,NYSE,732663,25.97,106.14,-4,1,-7.05,65.2,88.9,0.5,-0.4,-1.0,12.0,79,83,88,81,72.9,0,0,0,0,0,0,2137773516.616072,81253271.0,0.083000004,0.04,697960,772674,0,81.2,5.0,2026-10-06
607,SLF,Financial Services,Insurance - Diversified,NYSE,817973,78.57,106.13,-2,-3,-6.89,36.5,79.4,-0.7,-1.3,-2.1,9.4,79,81,80,62,58.1,0,0,0,0,0,0,44432009809.88666,556025626.0,3.67,0.075,453230,807154,0,70.3,15.3,2026-10-06
608,SNDR,Industrials,Trucking,NYSE,668350,32.89,106.03,6,20,-16.25,59.6,65.2,0.8,-1.4,-5.7,2.2,79,73,87,64,73.1,0,0,0,0,0,0,5478153093.75,175300899.0,0.111499995,0.104,692980,699754,0,74.3,0.4,2026-10-06
609,NMAX,Communication Services,Broadcasting,NYSE,1121403,9.52,106.03,6,-17,-27.77,93.2,61.0,-5.8,-6.7,-0.8,25.6,79,73,50,11,4.9,0,0,0,0,0,0,1403976196.3687372,129160645.0,0.6482,0.165,852540,1178212,0,34.7,48.8,2026-10-06
610,TRIN,Financial Services,Asset Management,NYSE,872960,17.59,106.03,-1,-2,-6.91,22.9,71.4,-0.9,-1.6,-3.0,5.2,79,80,79,62,39.2,0,0,0,0,0,0,1672288502.3909073,94693574.0,0.066,0.193,787680,960764,0,65.0,24.1,2026-10-06
611,NWBI,Financial Services,Banks - Regional,NASDAQ,1052830,15.19,106.01,3,-1,-6.0,33.1,79.4,-0.3,-1.5,-2.6,7.9,79,76,72,67,49.9,0,0,0,0,0,0,2242289219.2766933,146459122.0,0.0775,0.232,1041070,1023160,0,66.2,15.3,2026-10-06
612,WPM,Basic Materials,Gold,NYSE,2065836,136.28,105.96,-7,-59,-17.78,44.4,58.7,-2.4,-6.4,-2.9,2.4,79,86,34,85,52.1,0,0,0,0,0,0,64908541794.96826,454159968.0,2.74,0.847,2172000,2113508,0,64.3,22.3,2026-10-06
613,XERS,Healthcare,Drug Manufacturers - Specialty & Generic,NASDAQ,2564303,9.08,105.86,-6,-7,-9.92,91.5,100.0,8.6,17.4,19.3,40.5,79,85,84,37,49.8,0,0,0,0,0,0,1659114854.1496773,182320306.0,0.045700002,0.287,4236650,2222286,0,63.9,27.3,2026-10-06
614,SDRL,Energy,Oil & Gas Drilling,NYSE,577350,43.85,105.74,-5,-30,-20.95,61.2,65.9,0.7,-2.0,-1.1,4.9,78,83,58,92,69.7,0,0,0,0,0,0,2850013538.4238663,62541443.0,0.0774,0.191,533080,632040,1,75.7,7.3,2026-10-06
615,EGO,Basic Materials,Gold,NYSE,3294630,38.12,105.59,-12,-54,-25.49,52.0,52.3,-5.8,-8.4,-6.1,2.4,78,90,48,85,57.1,0,0,0,0,0,0,10933168639.88202,260810332.0,5.01,0.079,3287900,3059124,1,70.0,21.6,2026-10-06
616,BUSE,Financial Services,Banks - Regional,NASDAQ,746750,29.73,105.58,2,-2,-6.21,33.1,78.0,-0.4,-1.6,-2.9,7.6,78,76,72,73,55.4,0,0,0,0,0,0,2484740618.6402435,82576956.0,0.0559,-0.009,825190,767844,0,69.1,11.3,2026-10-06
617,IAG,Basic Materials,Gold,NYSE,5303096,18.52,105.57,-12,-31,-25.53,68.2,55.0,-3.4,-5.8,-2.0,0.8,78,90,71,95,64.4,0,0,0,0,0,0,11248700435.638428,571000000.0,1.73,0.475,5308270,5645420,2,80.1,13.7,2026-10-06
618,RIO,Basic Materials,Other Industrial Metals & Mining,NYSE,1886980,94.21,105.56,-4,-14,-16.32,46.2,64.8,1.0,-1.3,-3.3,-0.1,78,82,72,88,68.9,0,0,0,0,0,0,153788548458.1958,1626359480.0,0.0092,0.155,1922530,2137610,0,77.7,6.4,2026-10-06
619,FTDR,Consumer Cyclical,Personal Services,NASDAQ,558410,77.24,105.49,-8,-14,-17.33,58.1,68.3,3.9,0.3,-2.6,15.5,78,86,80,55,40.8,0,0,0,0,0,0,5097416303.667999,68893316.0,0.0695,0.045,685930,553578,0,65.4,29.4,2026-10-06
620,EQH,Financial Services,Asset Management,NYSE,2931210,52.64,105.43,-1,-26,-4.4,52.8,99.8,2.8,2.0,5.1,19.1,78,79,54,23,32.7,0,0,0,0,0,0,14685710013.700756,272765787.0,0.0,-0.298,2630060,2963160,0,47.2,36.8,2026-10-06
621,IOT,Technology,Software - Infrastructure,NYSE,6871483,41.12,105.38,19,26,-13.38,74.8,86.5,8.1,7.2,7.9,26.0,78,59,66,19,34.3,0,0,0,0,0,0,22229573197.50242,585605209.0,0.0913,0.299,4983000,6171562,0,44.6,19.7,2026-10-06
622,TFSL,Financial Services,Banks - Regional,NASDAQ,752190,16.82,105.31,0,4,-13.7,32.4,69.0,1.3,-0.1,-3.5,6.7,78,78,82,71,53.6,0,0,0,0,0,0,4689002671.035242,280442755.0,0.1549,0.152,722280,859016,0,71.2,13.2,2026-10-06
623,WSM,Consumer Cyclical,Specialty Retail,NYSE,1233050,232.3,105.26,9,12,-8.86,41.5,84.3,3.1,4.7,2.1,14.1,78,69,72,60,49.6,0,0,0,0,0,0,27310398481.20117,117768000.0,0.0493,0.067,984690,1087018,0,62.7,11.2,2026-10-06
624,ZLAB,Healthcare,Biotechnology,NASDAQ,850323,24.33,105.21,-9,-74,-29.93,57.2,53.4,-0.1,1.0,5.3,25.4,78,87,22,31,4.3,0,0,0,0,0,0,2804410324.0485992,112266228.0,0.074099995,-0.033,761500,988260,0,36.1,59.1,2026-10-06
625,XPRO,Energy,Oil & Gas Equipment & Services,NYSE,816190,16.3,105.15,3,-9,-15.24,39.4,68.4,2.7,0.1,-2.3,3.1,78,75,63,89,66.5,0,0,0,0,0,0,1851757879.768566,113396074.0,0.089700006,-0.07,752710,849320,0,73.4,2.7,2026-10-06
626,ET,Energy,Oil & Gas Midstream,NYSE,8475596,20.47,105.1,2,-4,-6.27,0.0,,,,,,78,76,70,69,,0,0,0,0,0,0,69520220783.11038,3443299601.0,0.0101,0.784,10124390,9092810,0,71.7,,2026-10-06
627,MET,Financial Services,Insurance - Life,NYSE,3061406,94.43,105.05,-2,-9,-6.44,43.1,90.5,1.0,0.5,0.4,15.6,78,80,73,40,46.9,0,0,0,0,0,0,62086093828.57832,635476927.0,0.0194,0.105,3012260,3385136,0,60.0,25.3,2026-10-06
628,INTA,Technology,Software - Application,NASDAQ,572280,36.49,104.95,-10,-69,-23.87,95.3,63.9,2.8,1.1,-1.3,23.3,78,88,29,7,15.5,0,0,0,0,0,0,2762052326.053253,76511148.0,0.059699997,0.13,441950,663962,0,34.9,58.4,2026-10-06
629,GMAB,Healthcare,Biotechnology,NASDAQ,2550000,34.75,104.92,-3,-30,-2.55,61.3,100.0,8.5,11.4,17.1,29.7,78,81,54,59,47.4,0,0,0,0,0,0,21718357525.14664,614902540.0,0.0081,0.249,3607270,2624520,0,60.3,23.9,2026-10-06
630,BDX,Healthcare,Medical Instruments & Supplies,NYSE,1768103,176.8,104.92,0,-36,-8.43,30.3,78.8,-0.1,-0.1,0.0,11.1,78,78,42,51,47.5,0,0,0,0,0,0,50070143571.02051,272386800.0,0.047399998,0.054,1518810,1819344,0,54.6,24.3,2026-10-06
631,MTCH,Communication Services,Internet Content & Information,NASDAQ,3385393,40.32,104.9,-3,-9,-10.27,39.6,73.7,-0.2,-3.1,-0.3,13.5,78,81,75,59,43.3,0,0,0,0,0,0,9458957451.331764,233266526.0,0.057800002,-0.012,3414170,3308114,0,64.6,23.8,2026-10-06
632,YEXT,Technology,Software - Infrastructure,NYSE,1136336,6.51,104.77,6,-32,-27.91,98.2,59.3,2.0,3.3,6.6,21.7,78,72,34,6,4.7,0,0,0,0,0,0,640392194.1134415,98978704.0,0.104499996,-0.018,939590,992910,0,29.2,50.6,2026-10-06
633,PRGO,Healthcare,Drug Manufacturers - Specialty & Generic,NYSE,2802763,14.26,104.77,7,-48,-37.04,56.1,39.1,-1.0,1.7,7.4,17.4,78,71,16,12,2.2,0,0,0,0,0,0,2139821768.4872527,138769245.0,0.2502,-0.032,3033760,2862770,0,25.3,51.7,2026-10-06
634,AU,Basic Materials,Gold,NYSE,2659110,94.92,104.76,-12,-42,-26.5,48.5,47.7,-2.2,-5.5,-5.6,-2.5,78,90,60,94,57.7,0,0,0,0,0,0,50086328804.28589,505769256.0,0.009,0.27,2085340,2702928,2,75.4,18.4,2026-10-06
635,SLB,Energy,Oil & Gas Equipment & Services,NYSE,14286093,48.74,104.71,-5,-22,-19.38,58.5,65.4,-0.4,-3.8,-4.9,-0.5,78,83,66,85,70.2,0,0,0,0,0,0,76492743484.5137,1484143231.0,0.0467,0.05,13373920,13075110,0,76.1,7.7,2026-10-06
636,EOG,Energy,Oil & Gas E&P,NYSE,3223786,141.38,104.71,7,2,-8.29,41.6,81.4,2.2,0.2,-0.2,9.0,78,71,66,79,57.9,0,0,0,0,0,0,74754417436.40656,532628530.0,0.033,0.587,2941780,3060820,0,68.5,5.4,2026-10-06
637,TECH,Healthcare,Biotechnology,NASDAQ,2805573,72.4,104.67,-8,-15,-0.4,67.6,99.9,0.1,0.3,0.4,16.8,77,85,78,41,44.3,0,0,0,0,0,0,11386572356.894257,156818238.0,0.0482,0.013,3173010,3093278,0,62.1,29.9,2026-10-06
638,RPD,Technology,Software - Infrastructure,NASDAQ,1840570,12.19,104.66,3,9,-39.56,144.8,51.1,0.7,3.4,5.2,30.1,77,74,80,3,2.3,0,0,0,0,0,0,783195429.0866089,67400640.0,0.1296,-0.015,1335420,2051934,0,39.8,49.4,2026-10-06
639,HSBC,Financial Services,Banks - Diversified,NYSE,1412540,96.14,104.64,-11,-17,-10.92,47.2,73.5,-2.6,-4.7,-6.2,4.8,77,88,82,86,62.8,0,0,0,0,0,0,345382000370.4173,3421317591.0,4.57,0.254,1683040,1342276,0,79.7,13.6,2026-10-06
640,MGA,Consumer Cyclical,Auto Parts,NYSE,1187250,64.57,104.63,0,3,-11.81,49.1,72.5,1.2,0.8,-3.0,5.1,77,77,80,82,61.1,0,0,0,0,0,0,17388789990.0,267519846.0,0.028800001,0.033,1061700,1218830,0,75.0,6.6,2026-10-06
641,NMR,Financial Services,Capital Markets,NYSE,711240,9.73,104.63,-9,-18,-11.06,44.9,73.1,-1.1,-4.1,-2.5,9.1,77,86,77,73,63.6,0,0,0,0,0,0,29401273698.18828,2922591697.0,0.0004,0.312,677900,751198,0,74.9,14.7,2026-10-06
642,INSP,Healthcare,Medical Devices,NYSE,794596,69.97,104.58,26,-12,-52.41,76.7,29.5,0.5,-0.4,11.2,15.8,77,51,13,9,16.9,0,0,0,0,0,0,2038181437.5,28910375.0,0.17790002,-0.076,920950,788472,0,22.5,29.2,2026-10-06
643,ATEN,Technology,Software - Infrastructure,NYSE,1227160,27.63,104.56,11,40,-28.22,70.3,54.0,5.6,7.5,4.8,9.7,77,66,95,86,72.6,0,0,0,0,0,0,1868230077.092228,72609021.0,0.18969999,0.155,1134160,1319276,1,79.9,-10.2,2026-10-06
644,IFF,Basic Materials,Specialty Chemicals,NYSE,1647610,82.42,104.48,-2,-14,-7.73,39.8,83.1,-1.6,-1.3,-1.0,8.9,77,79,67,56,62.1,0,0,0,0,0,0,21876955224.66949,255303473.0,0.0877,0.018,1710230,1639762,0,66.0,14.2,2026-10-06
645,BMY,Healthcare,Drug Manufacturers - General,NYSE,10424740,61.15,104.44,-6,-24,-10.91,38.1,63.6,-4.9,-6.3,-8.7,-1.0,77,83,65,71,56.0,0,0,0,0,0,0,128405044522.93408,2042714656.0,0.020599999,0.057,12991390,11308102,0,68.8,17.7,2026-10-06
646,CSX,Industrials,Railroads,NASDAQ,10425010,47.43,104.43,-2,2,-11.51,40.8,70.3,1.1,-0.2,-3.8,6.9,77,79,83,79,60.4,0,0,0,0,0,0,86658774355.93808,1852474917.0,0.022,0.101,10917390,10803020,0,75.3,8.9,2026-10-06
647,MLKN,Consumer Cyclical,"Furnishings, Fixtures & Appliances",NASDAQ,686556,20.24,104.43,-9,-21,-18.09,48.7,63.7,2.6,0.1,-7.1,7.4,77,86,74,28,44.8,0,0,0,0,0,0,1366552117.8982658,68123238.0,0.0789,-0.034,835820,640810,0,58.2,33.4,2026-10-06
648,JHX,Basic Materials,Building Materials,NYSE,11472866,24.99,104.36,-12,-38,-20.49,51.0,59.1,-2.2,-5.6,-10.7,5.3,77,89,63,32,55.3,0,0,0,0,0,0,15151637158.251757,580522488.0,0.026300002,0.639,11104120,9725172,0,59.8,30.9,2026-10-06
649,KSS,Consumer Cyclical,Department Stores,NYSE,4504793,18.81,104.31,5,8,-25.42,66.6,60.1,6.9,10.5,6.5,15.7,77,72,75,68,46.7,0,0,0,0,0,0,2029438322.2503183,113376445.0,0.3475,-0.009,3986010,4066566,0,65.4,13.1,2026-10-06
650,UBSI,Financial Services,Banks - Regional,NASDAQ,1055586,47.04,104.3,3,-2,-5.2,35.3,80.5,-0.1,-0.9,-2.6,5.3,77,74,69,74,54.0,0,0,0,0,0,0,6382921160.197556,136212571.0,0.0466,0.062,1129860,954186,0,67.7,10.5,2026-10-06
651,GO,Consumer Defensive,Grocery Stores,NASDAQ,2422463,11.62,104.3,-6,-29,-31.61,97.2,52.7,0.9,0.5,3.5,22.9,77,83,60,11,2.9,0,0,0,0,0,0,1096865296.2018127,99084492.0,0.32840002,0.011,2289370,2594960,0,39.2,56.7,2026-10-06
652,SIG,Consumer Cyclical,Luxury Goods,NYSE,1024726,100.58,104.26,46,47,-8.73,36.4,84.1,-1.0,0.6,7.8,12.7,77,31,32,71,25.4,0,0,0,0,0,0,3918321351.034462,38317243.0,0.2142,-0.005,794810,874164,0,39.8,-5.3,2026-10-06
653,MUR,Energy,Oil & Gas E&P,NYSE,1581510,37.66,104.23,9,1,-13.11,44.5,73.1,4.2,2.4,4.3,6.7,77,68,60,88,59.0,0,0,0,0,0,0,5207890358.560913,143349576.0,0.0994,0.356,1539650,1690630,0,68.7,1.3,2026-10-06
654,WEAV,Healthcare,Health Information Services,NYSE,2446250,7.37,104.2,2,-12,-4.29,68.4,92.9,-0.0,0.3,6.2,20.0,77,75,61,14,39.6,0,0,0,0,0,0,591310770.4276476,80450446.0,0.0757,0.155,1361540,3202082,0,47.4,31.3,2026-10-06
655,META,Communication Services,Internet Content & Information,NASDAQ,21268553,728.08,104.18,45,46,-6.63,41.1,85.8,0.5,5.7,18.1,18.0,77,32,33,39,24.4,0,0,0,0,0,0,1914858460669.026,2547506225.0,0.014099999,0.28,26448750,19658256,0,32.1,2.3,2026-10-06
656,KO,Consumer Defensive,Beverages - Non-Alcoholic,NYSE,15677253,85.65,104.17,2,-2,-7.4,30.9,78.8,-0.7,-1.3,-1.7,8.0,77,75,71,63,58.4,0,0,0,0,0,0,377806838523.5594,4302549243.0,0.0095,0.067,15671030,15788086,0,66.9,11.1,2026-10-06
657,URBN,Consumer Cyclical,Apparel Retail,NASDAQ,1226026,80.8,104.07,10,-22,-5.42,37.0,94.2,6.2,6.3,5.8,12.9,77,67,35,52,38.8,0,0,0,0,0,0,6454494507.642937,85660181.0,0.1254,0.104,979040,1107578,0,48.2,20.3,2026-10-06
658,GNRC,Industrials,Specialty Industrial Machinery,NYSE,1349650,216.8,104.04,51,111,-26.87,57.8,49.5,3.7,8.5,7.0,1.1,77,26,86,85,54.2,0,0,0,0,0,0,12293567394.850237,59063935.0,0.0424,0.106,1142670,1298656,0,62.8,-31.9,2026-10-06
659,INN,Real Estate,REIT - Hotel & Motel,NYSE,1023883,6.02,103.98,14,35,-16.04,48.6,64.5,2.3,3.9,-1.4,10.6,77,63,84,49,34.5,0,0,0,0,0,0,619078852.9343014,107853463.0,0.0001,0.032,1510190,1012868,0,57.6,14.9,2026-10-06
660,EQIX,Real Estate,REIT - Specialty,NASDAQ,523850,1025.72,103.93,5,8,-9.12,41.0,76.3,-0.0,-0.2,-1.8,3.5,77,72,75,83,59.9,0,0,0,0,0,0,99468954909.1637,98671686.0,0.0197,0.167,512690,564626,0,72.5,3.6,2026-10-06
661,XHR,Real Estate,REIT - Hotel & Motel,NYSE,854510,18.2,103.92,6,23,-17.5,47.6,61.4,0.3,1.5,-3.9,5.8,77,71,88,80,60.6,0,0,0,0,0,0,1676106828.9877987,92245835.0,0.0535,0.028,896490,806188,0,74.9,1.7,2026-10-06
662,CECO,Industrials,Pollution & Treatment Controls,NASDAQ,676920,73.66,103.9,-2,12,-27.24,58.0,52.7,3.0,2.8,3.8,4.0,77,79,93,93,69.3,0,0,0,0,0,0,4304882505.0,58569830.0,0.0377,0.537,610590,846320,2,83.6,0.6,2026-10-06
663,BNY,Financial Services,Banks - Diversified,NYSE,3612540,145.4,103.79,-10,-13,-12.33,37.5,65.0,-2.4,-5.7,-8.5,5.0,77,87,84,80,61.8,0,0,0,0,0,0,101877392780.03935,678504142.0,0.0001,0.131,4158540,3162576,0,78.2,14.3,2026-10-06
664,JBHT,Industrials,Integrated Freight & Logistics,NASDAQ,1085603,234.2,103.75,-5,4,-21.87,67.6,57.4,0.0,-5.7,-11.5,-5.7,77,82,91,85,79.9,0,0,0,0,0,0,21170694630.43213,93900000.0,0.0321,0.194,1016760,995694,1,84.5,-0.4,2026-10-06
665,RIOT,Financial Services,Capital Markets,NASDAQ,16158990,19.73,103.72,-2,4,-34.93,63.3,44.4,-11.3,-11.3,-7.4,-0.2,76,78,84,84,21.7,0,0,0,0,0,0,8630955505.0,375258935.0,0.1478,0.139,17061820,18872732,0,66.9,26.4,2026-10-06
666,SNEX,Financial Services,Capital Markets,NASDAQ,868630,65.81,103.7,-6,4,-30.48,81.2,54.5,1.0,-0.1,-2.0,4.4,76,82,92,90,70.9,0,0,0,0,0,0,8081533458.840332,120962936.0,0.0559,0.152,1007660,917888,2,83.7,3.0,2026-10-06
667,GILD,Healthcare,Drug Manufacturers - General,NASDAQ,5656663,144.74,103.57,1,-15,-7.98,28.3,74.1,-3.2,-2.5,0.8,5.7,76,75,59,75,58.3,0,0,0,0,0,0,187146422462.4472,1239955155.0,0.0148,0.102,5243840,6090086,0,66.8,9.9,2026-10-06
668,WDAY,Technology,Software - Application,NASDAQ,3118000,186.14,103.56,0,-52,-25.5,68.0,57.4,-0.1,-0.3,1.1,20.3,76,76,24,9,6.6,0,0,0,0,0,0,45657449264.52637,241000000.0,0.083100006,0.128,1830510,3974282,0,28.9,53.3,2026-10-06
669,ABM,Industrials,Specialty Business Services,NYSE,504740,48.97,103.48,16,9,-4.52,29.7,84.0,-1.2,-1.8,0.2,10.0,76,60,53,29,28.7,0,0,0,0,0,0,2917834318.2089844,58614592.0,0.049200002,0.042,420780,457076,0,42.7,22.6,2026-10-06
670,SJM,Consumer Defensive,Packaged Foods,NYSE,1414720,117.19,103.46,-2,-11,-13.76,29.8,62.4,-2.8,-3.9,-5.1,6.9,76,78,69,28,33.5,0,0,0,0,0,0,12925605143.0,106823183.0,0.0454,0.05,1155780,1317242,0,52.1,33.1,2026-10-06
671,BWA,Consumer Cyclical,Auto Parts,NYSE,2203713,60.52,103.46,-1,9,-23.22,47.1,53.5,-0.4,-3.4,-6.5,1.2,76,77,87,85,62.3,0,0,0,0,0,0,12488820765.12596,203666354.0,0.0359,0.003,2791670,2224978,0,77.8,4.7,2026-10-06
672,CM,Financial Services,Banks - Diversified,NYSE,1470453,111.02,103.44,-4,-2,-11.08,38.2,69.5,-1.2,-2.5,-5.0,3.3,76,80,82,84,63.0,0,0,0,0,0,0,103141464257.80048,907935437.0,13.01,0.166,2107640,1256356,0,77.2,7.5,2026-10-06
673,IBKR,Financial Services,Capital Markets,NASDAQ,3992800,88.3,103.43,-7,-4,-10.58,45.9,75.4,0.7,-0.2,-1.7,9.4,76,83,86,77,53.3,0,0,0,0,0,0,40432695012.16061,453078171.0,0.0317,0.263,3966710,4216352,0,74.8,15.7,2026-10-06
674,RNW,Utilities,Utilities - Renewable,NASDAQ,1939086,6.84,103.42,19,18,-16.99,52.9,65.9,0.5,0.5,3.0,17.8,76,57,56,21,8.8,0,0,0,0,0,0,2493598362.667618,364561156.0,0.0378,0.143,1089440,2395766,0,35.7,31.4,2026-10-06
675,SHOP,Technology,Software - Application,NASDAQ,9067726,151.39,103.37,9,-24,-16.91,67.8,77.4,8.3,15.0,13.0,23.6,76,67,34,30,30.3,0,0,0,0,0,0,183025099184.75,1286643931.0,0.0136,0.337,11299400,10004044,0,40.3,29.0,2026-10-06
676,NOG,Energy,Oil & Gas E&P,NYSE,2168673,23.83,103.35,9,-40,-23.55,38.3,49.5,3.1,-2.0,-0.7,-0.2,76,67,18,75,20.6,0,0,0,0,0,0,2481529288.66864,106549128.0,0.2441,0.16,2242830,2255900,0,45.2,26.5,2026-10-06
677,ADEA,Technology,Software - Application,NASDAQ,951788,25.34,103.35,-6,0,-26.21,119.3,64.0,1.7,0.7,-2.6,2.8,76,82,88,92,72.0,0,0,0,0,0,0,2809938171.5177536,110280150.0,0.118599996,0.121,1214357,1036923,1,83.5,2.4,2026-10-06
678,QCOM,Technology,Semiconductors,NASDAQ,13414413,184.87,103.3,41,87,-28.87,45.7,44.7,-4.6,-2.7,5.3,6.8,76,35,81,27,32.5,0,0,0,0,0,0,215716177863.1748,1068060487.0,0.0401,-0.04,12176810,12573540,0,43.9,-1.8,2026-10-06
679,JBL,Technology,Electronic Components,NYSE,1284770,304.41,103.24,4,17,-29.03,56.3,56.2,-2.1,-1.5,-5.0,-0.4,76,72,85,89,64.8,0,0,0,0,0,0,33190261546.548584,104787089.0,0.0324,0.118,1795070,1200038,0,77.7,-1.1,2026-10-06
680,NVA,Basic Materials,Other Industrial Metals & Mining,NYSE ARCA,516953,5.76,103.18,7,-20,-64.62,41.6,17.6,8.7,3.7,10.3,-4.3,76,69,42,93,63.5,0,0,0,0,0,0,213813876.3587713,38181050.0,0.0348,,581780,400470,1,66.9,0.7,2026-10-06
681,OUT,Real Estate,REIT - Specialty,NYSE,1607650,28.7,103.17,4,23,-17.91,69.1,70.2,2.7,2.3,-2.6,-0.3,76,72,91,90,75.3,0,0,0,0,0,0,4870139622.959734,176135251.0,0.087299995,0.135,1577060,1751462,2,82.1,-7.1,2026-10-06
682,BBNX,Healthcare,Medical Devices,NASDAQ,1267840,18.96,103.14,-6,-16,-42.04,113.9,43.6,-7.1,-4.6,2.9,20.2,76,82,72,17,14.2,0,0,0,0,0,0,1160383010.9573078,53946211.0,0.23709999,0.378,1072390,1360568,0,46.3,47.9,2026-10-06
683,FCF,Financial Services,Banks - Regional,NYSE,933870,20.56,103.12,2,-2,-7.97,33.3,76.4,-0.9,-2.4,-3.5,6.6,76,74,70,70,49.5,0,0,0,0,0,0,2113079376.3300896,101055925.0,0.0535,0.096,1145870,914894,0,65.9,13.5,2026-10-06
684,MLI,Industrials,Metal Fabrication,NYSE,1708656,62.56,103.12,16,16,-12.04,29.9,66.1,3.2,3.3,-0.9,0.9,76,60,60,79,53.0,0,0,0,0,0,0,13385897703.008804,221181388.0,0.0248,0.255,1496280,1467544,0,63.0,-0.3,2026-10-06
685,PCTY,Technology,Software - Application,NASDAQ,628793,144.47,103.1,3,-40,-12.06,55.0,80.3,2.2,2.0,0.3,17.9,76,73,30,12,16.5,0,0,0,0,0,0,7936716437.927246,55366000.0,0.065,0.11,689210,723138,0,32.9,44.7,2026-10-06
686,SFNC,Financial Services,Banks - Regional,NASDAQ,1339373,22.9,103.07,7,7,-5.84,31.6,79.4,-0.4,-0.8,-1.9,6.1,76,69,69,64,45.8,0,0,0,0,0,0,3357055252.3168373,144513789.0,0.0572,0.143,1552090,1299900,0,61.9,12.6,2026-10-06
687,JAN,Real Estate,REIT - Residential,NYSE,1744663,29.05,103.02,-7,-12,-11.51,25.7,66.1,-2.8,-4.7,-5.4,,76,83,78,47,,0,0,0,0,0,0,7042908350.987595,234372996.0,0.085,0.454,1716580,1845590,0,69.3,,2026-10-06
688,W,Consumer Cyclical,Internet Retail,NYSE,2306106,101.25,102.99,-4,-11,-15.61,84.8,78.9,4.5,4.4,5.2,20.1,76,80,73,78,50.8,0,0,0,0,0,0,12955456578.260674,131996499.0,0.1269,0.075,2402910,2969376,0,70.4,15.7,2026-10-06
689,MCHP,Technology,Semiconductors,NASDAQ,8129926,81.32,102.99,27,57,-23.22,66.2,60.2,4.4,8.4,7.4,3.2,76,49,79,76,51.1,0,0,0,0,0,0,42729355220.49481,543008691.0,0.080299996,0.38,8076700,9315634,0,63.8,-9.4,2026-10-06
690,RUSHA,Consumer Cyclical,Auto & Truck Dealerships,NASDAQ,626328,47.18,102.97,0,3,-15.36,51.5,66.7,-0.2,-1.9,-7.1,0.8,76,76,79,81,60.3,0,0,0,0,0,0,5599558150.043182,116730415.0,0.115600005,-0.016,644730,681446,0,74.1,6.5,2026-10-06
691,TTC,Industrials,Tools & Accessories,NYSE,921596,98.64,102.96,13,12,-6.23,45.5,91.6,1.9,3.9,2.7,5.7,76,63,62,79,56.8,0,0,0,0,0,0,9196547317.144852,94663378.0,0.050300002,0.084,707680,761860,0,65.2,-0.0,2026-10-06
692,NOV,Energy,Oil & Gas Equipment & Services,NYSE,3283043,18.8,102.91,-5,-16,-14.27,58.5,76.6,0.2,-3.1,-4.1,0.5,75,80,69,85,70.3,0,0,0,0,0,0,7079655780.076981,356478125.0,0.14140001,-0.025,3180820,3371070,0,76.1,4.9,2026-10-06
693,TDAY,Communication Services,Publishing,NYSE,2400283,7.05,102.88,14,46,-23.45,112.9,71.1,12.0,14.1,7.0,7.1,75,61,93,93,82.1,0,0,0,0,0,0,942571192.42132,146817941.0,0.1933,-0.083,2527990,2554110,2,82.3,-20.2,2026-10-06
694,HAS,Consumer Cyclical,Leisure,NASDAQ,1634306,89.54,102.8,11,-21,-16.3,30.2,61.2,4.3,3.7,0.3,2.2,75,64,32,81,50.9,0,0,0,0,0,0,12424606581.509735,141044467.0,0.0585,0.162,1941830,1688466,0,57.0,6.4,2026-10-06
695,ABBV,Healthcare,Drug Manufacturers - General,NYSE,4160620,262.82,102.76,3,3,-2.44,34.6,99.2,0.7,1.6,3.0,14.7,75,72,72,49,39.6,0,0,0,0,0,0,467119776645.5232,1767117285.0,0.0123000005,0.102,3822700,4646472,0,58.1,20.8,2026-10-06
696,BAX,Healthcare,Medical Instruments & Supplies,NYSE,6144966,23.49,102.74,-8,-31,-21.7,53.3,67.1,2.5,2.3,-4.2,16.1,75,83,60,20,28.4,0,0,0,0,0,0,12082196930.51031,516995999.0,0.0709,0.053,7624180,6877762,0,47.9,42.2,2026-10-06
697,LIVN,Healthcare,Medical Devices,NASDAQ,649883,75.07,102.64,-3,7,-12.47,54.2,75.1,-0.0,-1.6,-3.5,7.0,75,78,88,82,71.7,0,0,0,0,0,0,4209556866.060532,54933538.0,0.111999996,0.108,691940,668446,0,79.9,1.4,2026-10-06
698,ITUB,Financial Services,Banks - Regional,NYSE,23892746,8.59,102.57,8,9,-10.52,51.1,100.0,17.6,18.7,23.5,21.2,75,67,68,88,67.9,0,0,0,0,0,0,89387382531.56036,11021872542.0,0.0043,0.175,27410270,22841030,0,72.7,-4.8,2026-10-06
699,MHK,Consumer Cyclical,"Furnishings, Fixtures & Appliances",NYSE,1030603,126.41,102.52,3,-29,-9.9,32.4,66.9,1.1,-0.2,-2.9,8.4,75,72,40,32,17.9,0,0,0,0,0,0,8478106476.264496,67738145.0,0.12550001,0.068,1132030,1048000,0,40.5,38.2,2026-10-06
700,AUR,Consumer Cyclical,Auto Parts,NASDAQ,32234070,5.67,102.5,2,14,-33.8,52.5,42.8,-0.9,-6.0,-8.0,3.7,75,73,85,24,33.1,0,0,0,0,0,0,12105097742.267544,2004155268.0,0.17979999,1.0,35640450,31006040,0,53.8,28.6,2026-10-06
701,GTES,Industrials,Specialty Industrial Machinery,NYSE,1789843,27.65,102.47,27,36,-8.87,32.2,76.9,4.1,6.2,4.4,9.5,75,48,57,69,33.7,0,0,0,0,0,0,6799640580.711212,253151170.0,0.0561,0.066,1575300,1869626,0,51.9,2.1,2026-10-06
702,NTRS,Financial Services,Asset Management,NASDAQ,1002703,171.4,102.4,-8,-9,-12.45,39.1,69.7,-1.1,-3.6,-6.3,4.7,75,83,82,79,55.4,0,0,0,0,0,0,32150796120.01912,182955653.0,0.0248,0.364,1001080,1020524,0,74.9,14.7,2026-10-06
703,KGS,Energy,Oil & Gas Equipment & Services,NYSE,1881110,54.33,102.38,-9,0,-30.06,62.5,47.6,0.6,-5.5,-8.8,-7.8,75,84,93,94,73.8,0,0,0,0,0,0,5349414264.782749,101104031.0,0.0975,0.211,1807040,1841486,2,86.2,2.2,2026-10-06
704,STRC,Technology,Software - Application,NASDAQ,1586600,99.41,102.34,15,-14,-1.0,33.4,97.7,0.4,0.9,3.5,2.9,75,60,31,59,21.9,0,0,0,0,0,0,,,1.17,0.069,1665810,1494750,0,43.0,22.1,2026-10-06
705,NAVN,Technology,Software - Application,NASDAQ,4184080,21.43,102.31,-20,-23,-30.6,156.6,60.4,6.1,1.3,-14.6,17.2,75,95,92,17,,0,0,0,0,0,0,5055869960.007927,260410493.0,0.2902,0.354,3580290,3444378,2,68.0,,2026-10-06
706,AVPT,Technology,Software - Infrastructure,NASDAQ,1952806,14.07,102.3,9,-5,-9.69,63.1,90.6,7.4,9.1,9.8,25.1,75,66,52,14,19.6,0,0,0,0,0,0,2750350538.0,211565426.0,0.0621,0.22,2492870,2001508,0,37.9,35.0,2026-10-06
707,FPI,Real Estate,REIT - Specialty,NYSE,709510,11.24,102.28,33,18,-15.01,19.3,48.8,1.1,2.2,7.7,4.2,75,42,27,68,27.9,0,0,0,0,0,0,473829625.9405804,43630722.0,0.106300004,-0.055,911470,601902,0,41.2,3.3,2026-10-06
708,JNJ,Healthcare,Drug Manufacturers - General,NYSE,6534360,256.03,102.27,-9,-11,-8.91,36.0,72.4,-4.6,-5.1,-4.8,4.5,75,84,82,82,62.7,0,0,0,0,0,0,653612700420.1107,2409898597.0,0.0098,0.066,6558150,6720602,0,77.7,11.3,2026-10-06
709,CF,Basic Materials,Agricultural Inputs,NYSE,2643156,115.01,102.26,-14,-33,-18.98,52.5,63.2,-0.5,-6.8,-6.6,3.0,75,89,70,87,56.5,0,0,0,0,0,0,17353943089.991608,151338130.0,0.0773,0.176,2522310,2514016,0,75.6,18.5,2026-10-06
710,ROK,Industrials,Specialty Industrial Machinery,NYSE,687790,454.35,102.25,15,33,-8.65,36.4,75.3,4.0,6.1,4.0,7.3,75,60,78,76,58.0,0,0,0,0,0,0,48211782007.61267,111048676.0,0.038900003,0.079,617530,767172,0,68.0,-4.0,2026-10-06
711,BMO,Financial Services,Banks - Diversified,NYSE,789483,165.7,102.25,-5,0,-11.49,37.1,67.6,-2.8,-4.2,-6.2,5.0,75,80,85,78,53.8,0,0,0,0,0,0,119764394556.35316,695092237.0,5.24,0.12,847240,803612,0,74.2,13.0,2026-10-06
712,HBNC,Financial Services,Banks - Regional,NASDAQ,553920,19.48,102.24,7,11,-7.41,27.9,72.9,0.6,-0.7,-2.9,4.2,75,68,72,69,48.1,0,0,0,0,0,0,989922361.5754832,51344519.0,0.0398,0.169,665590,559100,0,64.3,9.3,2026-10-06
713,ALSN,Consumer Cyclical,Auto Parts,NYSE,804470,117.97,102.22,-4,-21,-14.28,46.0,64.3,1.0,-2.7,-5.2,-1.6,75,79,62,85,60.8,0,0,0,0,0,0,9402335457.081636,82578038.0,0.040599998,0.924,791790,827256,0,71.7,9.6,2026-10-06
714,LH,Healthcare,Diagnostics & Research,NYSE,766716,308.49,102.2,-4,-31,-9.75,25.1,66.9,0.1,-1.6,-3.4,10.0,75,79,52,57,37.3,0,0,0,0,0,0,25111805187.98828,81100000.0,0.030299999,0.058,809660,741420,0,56.3,27.9,2026-10-06
715,OMDA,Healthcare,Health Information Services,NASDAQ,1348446,20.37,102.2,-7,1,-24.32,91.5,63.2,3.3,2.6,-3.7,21.0,75,82,90,14,14.3,0,0,0,0,0,0,1203520371.6390724,61216703.0,0.1244,0.431,1247830,1459678,1,50.1,46.7,2026-10-06
716,SATA,Financial Services,Asset Management,NASDAQ,526483,100.01,102.18,6,-1,-1.32,21.2,97.1,0.0,0.0,0.7,2.9,75,69,62,63,,0,0,0,0,0,0,,,0.4,0.946,580250,377256,0,64.7,,2026-10-06
717,MMSI,Healthcare,Medical Instruments & Supplies,NASDAQ,597593,85.37,102.04,0,-46,-9.9,44.5,81.6,0.3,0.6,-0.5,13.6,74,74,28,24,30.1,0,0,0,0,0,0,5224661750.0,59710420.0,0.089099996,0.095,588160,836308,0,39.0,36.5,2026-10-06
718,MKTX,Financial Services,Capital Markets,NASDAQ,898346,164.14,102.02,8,-47,-16.24,50.4,65.0,0.1,0.3,2.2,4.7,74,66,11,34,18.1,0,0,0,0,0,0,5779027861.360657,35197197.0,0.0865,-0.005,831720,1203824,0,32.3,35.8,2026-10-06
719,AVBP,Healthcare,Biotechnology,NASDAQ,580926,28.27,102.01,-6,3,-21.1,61.7,63.4,-3.2,-2.4,-4.7,4.1,74,80,89,82,72.2,0,0,0,0,0,0,1402804927.6688118,49307729.0,0.1886,,740280,524120,0,80.8,2.6,2026-10-06
720,VISN,Technology,Communication Equipment,NASDAQ,8839486,6.21,102.0,3,27,-69.78,4.4,1.8,-0.1,-2.4,-29.6,-56.0,74,71,95,97,0.4,0,0,0,0,0,0,1434496234.2526531,230626412.0,0.1361,-0.014,5951570,8735418,2,65.9,27.7,2026-10-06
721,PFE,Healthcare,Drug Manufacturers - General,NYSE,32952026,27.8,101.94,4,-32,-4.83,15.8,69.9,-3.0,-2.0,0.1,3.8,74,70,34,69,22.9,0,0,0,0,0,0,163409642231.4806,5699673589.0,0.0272,0.026,30915060,36035612,0,49.0,27.4,2026-10-06
722,PM,Consumer Defensive,Tobacco,NYSE,4235973,187.46,101.94,7,7,-9.77,31.3,80.9,-0.6,-0.4,-0.2,6.4,74,67,67,46,47.6,0,0,0,0,0,0,296884681201.605,1558613439.0,0.0089,0.104,4657380,4517742,0,56.9,13.9,2026-10-06
723,INCY,Healthcare,Biotechnology,NASDAQ,1478610,115.3,101.92,-10,-12,-13.05,36.2,65.7,-6.1,-7.1,-7.6,6.7,74,84,82,73,59.7,0,0,0,0,0,0,25112223628.223118,202697746.0,0.083900005,0.377,1636650,1638730,0,74.7,14.5,2026-10-06
724,ITT,Industrials,Specialty Industrial Machinery,NYSE,801610,206.17,101.87,11,-1,-10.49,21.7,70.3,-0.3,1.2,0.4,4.6,74,63,51,84,40.6,0,0,0,0,0,0,18530361604.735107,89839824.0,0.0848,0.515,918520,850622,0,59.7,8.2,2026-10-06
725,FAST,Industrials,Industrial Distribution,NASDAQ,6578526,50.75,101.82,15,5,-4.1,29.5,87.2,0.6,1.8,1.5,9.5,74,59,49,61,29.4,0,0,0,0,0,0,57868302956.57847,1147497573.0,0.0355,0.147,7445300,7057956,0,49.6,15.4,2026-10-06
726,WES,Energy,Oil & Gas Midstream,NYSE,842853,44.76,101.81,-5,-12,-10.61,22.4,66.4,0.9,-2.1,-3.8,4.4,74,79,72,62,44.6,0,0,0,0,0,0,18840760810.345604,413174593.0,0.0248,0.3,980860,872206,0,64.4,21.3,2026-10-06
727,SIBN,Healthcare,Medical Devices,NASDAQ,594473,18.08,101.81,1,-12,-17.41,70.6,83.8,5.6,6.6,5.9,21.2,74,73,60,28,64.2,0,0,0,0,0,0,824453177.7371635,44349283.0,0.1538,0.152,591810,557568,0,56.3,14.7,2026-10-06
728,HCC,Basic Materials,Coking Coal,NYSE,631380,89.35,101.8,-9,-29,-19.81,48.0,62.5,2.6,-0.6,-2.7,2.1,74,83,63,84,67.6,0,0,0,0,0,0,4726314920.167427,52802087.0,0.0992,0.713,598730,653228,0,74.4,9.5,2026-10-06
729,FDX,Industrials,Integrated Freight & Logistics,NYSE,1594763,290.36,101.72,-8,-8,-15.93,59.7,68.3,0.3,-2.9,-7.6,-3.4,74,82,82,88,71.0,0,0,0,0,0,0,67652245289.2717,236670435.0,0.020499999,0.125,1785360,1561226,0,80.8,4.3,2026-10-06
730,RIG,Energy,Oil & Gas Drilling,NYSE,41552783,5.17,101.71,-7,-13,-32.51,78.9,54.0,3.1,0.2,-1.0,-3.1,74,81,75,96,78.2,0,0,0,0,0,0,6008814985.116782,1116880085.0,0.2732,-0.022,42258310,43500252,1,82.6,-1.0,2026-10-06
731,DVA,Healthcare,Medical Care Facilities,NYSE,685276,178.69,101.68,0,19,-27.8,72.1,54.6,0.3,-1.6,-5.1,4.9,74,74,93,73,61.9,0,0,0,0,0,0,11386386077.88086,63800000.0,0.1325,0.052,570920,817388,1,75.5,4.3,2026-10-06
732,HGTY,Financial Services,Insurance - Property & Casualty,NYSE,533086,13.61,101.66,-3,-22,-3.95,42.2,93.8,1.3,0.8,4.5,16.0,74,77,58,39,40.3,0,0,0,0,0,0,1512845924.5561638,111320523.0,0.0202,-0.065,393470,382068,0,53.6,27.9,2026-10-06
733,LNG,Energy,Oil & Gas Midstream,NYSE,2108640,269.95,101.65,-5,-21,-10.28,45.6,79.7,1.3,0.9,1.0,11.2,74,79,63,76,46.4,0,0,0,0,0,0,55462684554.138245,206534158.0,0.0189,0.227,2124810,1911342,0,66.1,18.5,2026-10-06
734,VRT,Industrials,Electrical Equipment & Parts,NYSE,4849486,252.18,101.61,-10,0,-33.63,69.3,45.8,2.0,1.5,-2.5,-4.3,74,84,94,97,74.7,0,0,0,0,0,0,97509803987.48372,384988173.0,0.0368,0.241,3873960,5527514,2,87.4,1.0,2026-10-06
735,ENR,Industrials,Electrical Equipment & Parts,NYSE,930720,22.11,101.57,22,15,-15.42,30.6,55.6,-3.0,-0.6,-1.7,4.8,74,52,45,27,8.3,0,0,0,0,0,0,1506640014.0,68483637.0,0.1122,0.012,851980,1002108,0,33.1,27.5,2026-10-06
736,HRI,Industrials,Rental & Leasing Services,NYSE,760560,138.37,101.54,18,35,-26.54,48.8,49.4,1.2,-1.5,-9.8,-4.1,74,56,73,21,36.1,0,0,0,0,0,0,4525280280.244934,33431444.0,0.0975,0.202,656760,642100,0,46.5,15.2,2026-10-06
737,CVBF,Financial Services,Banks - Regional,NASDAQ,1287290,22.28,101.52,6,5,-4.83,22.5,77.5,0.0,-1.0,-1.8,5.9,74,68,67,65,45.1,0,0,0,0,0,0,3965222331.397848,175997435.0,0.0738,0.42,1418140,1275260,0,61.3,12.1,2026-10-06
738,MAC,Real Estate,REIT - Retail,NYSE,3329340,23.05,101.51,3,16,-13.61,41.2,64.7,0.7,0.8,-4.1,4.9,74,71,84,81,54.9,0,0,0,0,0,0,6419784076.929092,283559375.0,0.1604,0.012,3438800,3536328,0,72.7,4.7,2026-10-06
739,CNI,Industrials,Railroads,NYSE,1326526,119.77,101.49,4,9,-8.95,31.3,71.6,-0.3,-0.7,-3.8,5.3,74,70,75,65,53.8,0,0,0,0,0,0,73053813184.35669,604100000.0,4.05,0.113,1206260,1389774,0,66.0,8.6,2026-10-06
740,WELL,Real Estate,REIT - Healthcare Facilities,NYSE,2653160,227.71,101.4,-4,-2,-10.77,35.1,67.6,-2.5,-3.4,-4.7,4.6,74,78,80,77,55.2,0,0,0,0,0,0,166718742666.65198,720572011.0,0.0277,0.391,2543630,2862184,0,72.6,11.4,2026-10-06
741,BPOP,Financial Services,Banks - Regional,NASDAQ,534100,158.14,101.38,-8,-8,-11.77,45.4,72.2,0.3,-1.4,-5.5,5.6,74,82,82,82,55.0,0,0,0,0,0,0,10235173567.988846,63778501.0,0.032899998,0.076,513040,486042,0,75.3,13.5,2026-10-06
742,AOSL,Technology,Semiconductors,NASDAQ,564490,30.24,101.36,50,115,-44.35,66.0,32.2,2.9,8.6,2.9,-3.8,74,24,89,72,30.6,0,0,0,0,0,0,845141001.3843918,30259255.0,0.1359,-0.035,482960,582982,0,53.9,-19.4,2026-10-06
743,TAL,Consumer Defensive,Education & Training Services,NYSE,4741033,12.06,101.32,2,-37,-9.8,37.5,84.8,2.3,3.7,3.9,11.2,74,72,33,51,36.0,0,0,0,0,0,0,6656415048.0,554701254.0,0.0945,0.319,2384840,5045456,0,48.0,26.1,2026-10-06
744,IRM,Real Estate,REIT - Specialty,NYSE,1612273,113.39,101.25,6,13,-15.81,42.4,61.8,-0.5,-1.0,-5.4,-0.1,73,67,74,76,35.0,0,0,0,0,0,0,33158138382.89481,297702812.0,0.036199998,0.185,1529040,1675690,0,63.0,13.5,2026-10-06
745,SUNB,Industrials,Rental & Leasing Services,NYSE,7117296,77.1,101.23,49,73,-11.05,22.7,62.3,3.3,4.9,3.0,,73,24,48,33,,0,0,0,0,0,0,30756952168.41742,409764897.0,1.12,0.112,4240680,5055334,0,35.0,,2026-10-06
746,FFBC,Financial Services,Banks - Regional,NASDAQ,853413,31.87,101.22,-1,5,-12.08,35.5,63.9,-0.3,-1.4,-4.1,3.6,73,74,80,75,51.7,0,0,0,0,0,0,3407408562.871994,105166926.0,0.0678,0.165,982340,810118,0,70.2,10.3,2026-10-06
747,RY,Financial Services,Banks - Diversified,NYSE,1141450,195.67,101.2,-8,-5,-10.48,35.5,68.7,-2.1,-3.6,-5.7,4.4,73,81,84,76,60.2,0,0,0,0,0,0,279627124887.0978,1384429799.0,2.18,0.089,1173020,1225806,0,75.3,11.1,2026-10-06
748,POWI,Technology,Semiconductors,NASDAQ,834210,54.46,101.19,35,86,-40.27,75.8,41.5,4.4,7.0,-1.2,-6.2,73,38,89,78,65.0,0,0,0,0,0,0,2917703689.764709,55873298.0,0.14899999,0.027,804130,763266,0,67.5,-26.6,2026-10-06
749,SBH,Consumer Cyclical,Specialty Retail,NYSE,1230930,16.24,101.17,-3,-20,-9.38,35.7,78.7,-3.4,-1.4,-1.4,7.8,73,76,59,70,19.7,0,0,0,0,0,0,1608431005.131256,93622292.0,0.3073,0.002,1317710,1345104,0,56.2,31.0,2026-10-06
750,ALGM,Technology,Semiconductors,NASDAQ,2441383,39.53,101.14,30,81,-44.92,68.7,33.4,4.9,7.8,0.3,-4.6,73,43,94,83,62.2,0,0,0,0,0,0,6852138898.090355,186402046.0,0.10609999,0.275,3065240,2381596,1,70.5,-22.7,2026-10-06
751,RCUS,Healthcare,Biotechnology,NYSE,1522196,24.44,101.02,-19,-16,-22.99,85.3,62.5,-2.7,-3.4,-10.8,-0.2,73,92,95,93,84.5,0,0,0,0,0,0,3140555768.778424,125773162.0,0.17709999,-0.744,1408180,1407654,3,91.1,3.3,2026-10-06
752,DAN,Consumer Cyclical,Auto Parts,NYSE,1433976,27.88,101.01,5,-2,-29.52,55.0,47.9,0.4,-3.8,-4.3,-9.1,73,68,61,96,65.7,0,0,0,0,0,0,2919631002.400406,107576679.0,0.0624,0.039,1475760,1454508,1,72.7,-3.7,2026-10-06
753,HMC,Consumer Cyclical,Auto Manufacturers,NYSE,871800,31.35,100.94,3,-28,-6.28,35.3,83.9,-0.9,-0.9,0.2,11.4,73,70,39,24,28.3,0,0,0,0,0,0,42727558380.99376,1297526814.0,0.0015,0.135,1026260,999108,0,40.3,33.1,2026-10-06
754,KRP,Energy,Oil & Gas E&P,NYSE,964950,14.58,100.94,7,10,-7.72,30.2,80.7,2.0,0.8,-0.3,3.1,73,66,69,74,36.4,0,0,0,0,0,0,1470054456.0889893,100895984.0,0.0382,0.378,955330,962258,0,61.3,12.9,2026-10-06
755,MCK,Healthcare,Medical Distribution,NYSE,909236,902.28,100.91,1,-33,-9.68,26.2,70.3,4.0,3.6,4.1,8.0,73,72,38,66,48.2,0,0,0,0,0,0,101041873898.18665,116590363.0,0.0249,0.077,729960,950314,0,56.0,16.5,2026-10-06
756,SPNT,Financial Services,Insurance - Reinsurance,NYSE,922713,24.42,100.89,-1,-3,-7.85,38.9,79.1,-1.7,-0.9,1.0,8.2,73,74,72,74,62.9,0,0,0,0,0,0,2948268008.590439,116165016.0,0.051999997,-0.005,1181880,819902,0,70.7,5.7,2026-10-06
757,KMT,Industrials,Tools & Accessories,NYSE,1423546,32.6,100.76,29,55,-25.59,60.7,54.4,5.6,8.2,5.6,-4.8,73,44,70,92,72.9,0,0,0,0,0,0,2370382714.382872,76390031.0,0.16409999,0.426,1395880,1527214,1,69.7,-26.7,2026-10-06
758,M,Consumer Cyclical,Department Stores,NYSE,6577996,22.73,100.75,6,22,-14.52,36.3,61.9,-0.8,1.0,-2.9,4.3,73,67,83,77,52.0,0,0,0,0,0,0,5913039106.030426,261176646.0,0.1523,0.012,5804560,5870684,0,69.7,3.9,2026-10-06
759,FANG,Energy,Oil & Gas E&P,NASDAQ,2842936,184.71,100.67,-2,-7,-14.84,34.1,61.2,-0.7,-4.5,-6.7,-0.4,73,75,70,84,56.0,0,0,0,0,0,0,52271294059.90845,280019792.0,0.039300002,0.525,2375580,2446262,0,71.2,8.2,2026-10-06
760,ZS,Technology,Software - Infrastructure,NASDAQ,3339136,196.6,100.61,21,-11,-41.66,70.9,38.4,-0.4,4.5,11.9,21.4,73,52,20,8,2.2,0,0,0,0,0,0,31477709946.50345,163054698.0,0.061,0.249,2806900,2900178,0,20.6,36.9,2026-10-06
761,EXTR,Technology,Communication Equipment,NASDAQ,1421693,23.12,100.52,15,52,-31.46,69.8,48.0,6.4,6.4,-1.5,8.9,73,58,95,66,41.1,0,0,0,0,0,0,2844313416.9029427,132170695.0,0.0851,0.103,1516870,1570718,1,65.0,3.1,2026-10-06
762,CAH,Healthcare,Medical Distribution,NYSE,1736193,228.3,100.43,-10,-15,-11.61,52.1,83.8,3.9,2.0,0.1,6.8,73,83,78,80,70.0,0,0,0,0,0,0,50993999238.565216,231559345.0,0.033299997,0.058,1983810,1845292,0,77.8,7.6,2026-10-06
763,FLS,Industrials,Specialty Industrial Machinery,NYSE,1585873,74.37,100.41,6,-5,-19.52,51.4,58.7,-0.4,0.3,-3.1,-2.7,72,66,55,88,65.7,0,0,0,0,0,0,9383465380.808258,127112780.0,0.062800005,-0.016,1414630,1654052,0,68.7,-3.2,2026-10-06
764,RGLD,Basic Materials,Gold,NASDAQ,672463,234.64,100.36,-9,-60,-23.38,38.2,47.7,-3.9,-5.8,-3.0,-3.2,72,81,30,82,44.7,0,0,0,0,0,0,21392937079.35402,84727857.0,0.0297,1.155,598470,703592,0,59.4,23.0,2026-10-06
765,LLY,Healthcare,Drug Manufacturers - General,NYSE,2338976,1142.85,100.35,-1,9,-11.59,43.0,71.5,-1.9,-0.7,-2.8,6.4,72,73,83,56,64.7,0,0,0,0,0,0,1055340249511.1112,891741406.0,0.0084,0.477,2268650,2534992,0,69.2,6.6,2026-10-06
766,LYB,Basic Materials,Specialty Chemicals,NYSE,3446280,58.58,100.34,4,-27,-30.21,40.1,42.2,0.9,-3.2,-4.9,-4.7,72,68,37,89,47.7,0,0,0,0,0,0,18781426332.11328,323037952.0,0.0517,0.198,3281230,3920620,0,60.4,9.1,2026-10-06
767,WK,Technology,Software - Application,NYSE,1025330,71.23,100.34,-8,-71,-26.64,62.2,56.3,3.5,0.8,2.3,12.8,72,80,17,18,6.9,0,0,0,0,0,0,3789564191.106812,54416488.0,0.0759,0.186,1282670,938790,0,30.5,55.3,2026-10-06
768,XPO,Industrials,Trucking,NYSE,1052586,186.09,100.26,13,36,-19.81,47.9,56.5,2.4,2.1,-4.1,-5.1,72,59,82,91,68.6,0,0,0,0,0,0,20275862929.65828,117086465.0,0.0548,0.132,1104990,1025280,1,75.1,-13.5,2026-10-06
769,ALKS,Healthcare,Drug Manufacturers - Specialty & Generic,NASDAQ,2001266,41.75,100.26,-17,-13,-25.0,57.2,55.5,3.4,-1.6,-8.5,9.2,72,89,93,67,63.2,0,0,0,0,0,0,6853129405.213562,167763272.0,0.1252,0.27,2639760,1865298,1,78.1,16.9,2026-10-06
770,UNP,Industrials,Railroads,NYSE,2467150,278.28,100.24,0,2,-11.93,28.0,64.4,0.9,-0.5,-4.4,4.6,72,72,74,63,45.9,0,0,0,0,0,0,162651935673.74872,594075498.0,0.0514,0.115,2811550,2583348,0,63.7,14.7,2026-10-06
771,AG,Basic Materials,Silver,NYSE,9479246,17.67,100.21,-17,-32,-44.85,64.1,32.1,-4.7,-7.8,-7.7,-13.2,72,89,74,94,69.1,0,0,0,0,0,0,9370150453.647318,492906383.0,2.46,0.573,9687550,10096424,1,81.5,10.5,2026-10-06
772,SNPS,Technology,Software - Infrastructure,NASDAQ,2275313,489.9,100.03,49,60,-9.19,32.8,72.4,10.8,17.9,19.2,9.8,72,23,34,27,27.6,0,0,0,0,0,0,81591220272.41162,191636646.0,0.0299,0.424,2665950,2003056,0,27.9,-4.2,2026-10-06
773,ZM,Technology,Software - Application,NASDAQ,3301236,92.88,100.0,9,6,-19.05,28.7,53.4,2.9,1.5,-3.8,2.7,72,63,60,53,40.9,0,0,0,0,0,0,26175916446.674034,291783711.0,0.0269,0.049,2792600,3169414,0,54.2,13.3,2026-10-06
774,RMBS,Technology,Semiconductors,NASDAQ,2369453,111.97,100.0,52,111,-35.69,38.3,33.6,4.1,14.8,17.6,2.2,72,20,79,90,31.4,0,0,0,0,0,0,11405822568.678251,108461603.0,0.077800006,0.204,2422200,2448252,1,55.1,-25.6,2026-10-06
775,AKAM,Technology,Software - Infrastructure,NASDAQ,4872640,108.92,99.92,27,69,-34.17,50.0,40.4,-2.6,-1.1,-3.3,-3.4,72,45,87,71,64.1,0,0,0,0,0,0,16375070780.330627,143716609.0,0.1537,0.054,8350230,4353788,0,66.8,-18.9,2026-10-06
776,NWG,Financial Services,Banks - Regional,NYSE,3089493,17.67,99.9,-9,-18,-9.01,26.0,65.3,-3.0,-4.7,-5.9,2.4,72,81,72,75,50.5,0,0,0,0,0,0,73329936940.10199,3965924167.0,0.00029999999,0.145,3761920,3374714,0,69.6,17.3,2026-10-06
777,AEM,Basic Materials,Gold,NYSE,2363053,183.69,99.74,-5,-56,-28.03,34.5,40.6,-2.9,-5.5,-2.8,-3.1,72,77,26,87,35.7,0,0,0,0,0,0,98477836587.2959,506364864.0,0.0136,0.35,1756850,2702128,0,56.4,23.7,2026-10-06
778,FULT,Financial Services,Banks - Regional,NASDAQ,1655913,22.81,99.6,-2,0,-9.59,35.1,70.2,-0.6,-2.1,-4.4,2.7,72,74,76,74,52.6,0,0,0,0,0,0,4434945211.096249,190914563.0,0.0617,0.137,1794100,1641860,0,69.2,10.5,2026-10-06
779,GOOGL,Communication Services,Internet Content & Information,NASDAQ,26151413,343.5,99.59,8,29,-15.93,46.5,66.2,1.0,1.0,0.5,2.2,72,64,85,86,66.0,0,0,0,0,0,0,4206119351297.837,12229934831.0,0.0149,0.242,27624460,26590036,0,75.3,-7.5,2026-10-06
780,IMNM,Healthcare,Biotechnology,NASDAQ,1226750,20.9,99.58,-23,-27,-30.47,71.0,50.4,-4.5,-9.8,-16.1,-6.9,72,95,91,96,84.3,0,0,0,0,0,0,2424690918.2593613,113250394.0,0.1672,,1507120,1182696,3,91.6,5.6,2026-10-06
781,USFD,Consumer Defensive,Food Distribution,NYSE,2352130,96.92,99.57,-9,-16,-13.01,35.1,60.1,0.6,0.1,-6.6,2.6,72,81,74,75,53.2,0,0,0,0,0,0,20190146773.703384,216330723.0,0.0554,0.045,2448670,2329296,0,70.8,15.8,2026-10-06
782,PSO,Communication Services,Publishing,NYSE,626473,16.12,99.55,3,10,-9.18,34.7,74.9,1.2,1.9,-0.2,10.2,72,69,76,36,41.2,0,0,0,0,0,0,9704744422.24844,601658086.0,0.0067000003,0.033,596510,675870,0,55.6,19.8,2026-10-06
783,HIW,Real Estate,REIT - Office,NYSE,1136996,29.67,99.55,-2,3,-16.28,43.3,64.5,-0.3,-2.1,-5.3,8.6,72,74,79,25,13.2,0,0,0,0,0,0,3318105469.556278,110272697.0,0.1757,0.075,1221090,1207134,0,47.8,39.7,2026-10-06
784,SAN,Financial Services,Banks - Diversified,NYSE,9381266,13.36,99.51,-16,-22,-11.23,44.0,78.7,-0.8,-3.1,-3.7,8.2,71,87,81,83,63.3,0,0,0,0,0,0,209038168560.188,14496405510.0,0.0034,0.102,7650260,13003128,0,78.6,13.3,2026-10-06
785,UNM,Financial Services,Insurance - Life,NYSE,1776856,88.57,99.37,-9,-21,-8.47,27.3,74.4,-0.6,-2.8,-1.4,8.7,71,80,68,42,41.5,0,0,0,0,0,0,14578472448.08319,158306798.0,0.0355,0.003,1541400,1679136,0,57.9,28.0,2026-10-06
786,GLBE,Consumer Cyclical,Internet Retail,NASDAQ,1431850,39.31,99.28,10,15,-10.64,44.4,82.5,-1.1,2.5,0.5,11.8,71,61,66,26,34.8,0,0,0,0,0,0,6747249788.912521,167967391.0,0.0353,0.391,1591360,1478276,0,47.0,19.6,2026-10-06
787,BVN,Basic Materials,Other Precious Metals & Mining,NYSE,1279410,31.39,99.28,-12,-28,-29.73,49.3,46.3,-2.6,-4.8,-5.5,-6.8,71,83,67,93,54.4,0,0,0,0,0,0,8424743913.326157,253986867.0,0.0229,0.432,1065360,1090020,1,74.3,13.9,2026-10-06
788,PH,Industrials,Specialty Industrial Machinery,NYSE,601966,972.55,99.25,5,4,-11.58,36.1,72.5,0.6,2.2,-1.2,3.2,71,66,65,82,56.1,0,0,0,0,0,0,123379561122.19148,126112415.0,0.0116,0.098,543630,628656,0,67.3,1.9,2026-10-06
789,VRSN,Technology,Software - Infrastructure,NASDAQ,722633,288.32,99.24,10,-7,-7.73,38.2,82.0,1.4,0.1,0.9,9.8,71,61,44,57,31.1,0,0,0,0,0,0,25967400000.0,90400000.0,0.0218,0.06,773270,771674,0,48.3,17.5,2026-10-06
790,GFR,Energy,Oil & Gas E&P,NYSE,1319203,5.8,99.16,7,9,-18.99,38.3,59.9,1.7,-3.5,-4.5,1.3,71,64,66,80,58.8,0,0,0,0,0,0,1411228344.5268364,240413692.0,0.0307,0.219,917430,957730,0,67.2,-0.8,2026-10-06
791,WEX,Technology,Software - Infrastructure,NYSE,558720,169.1,99.14,-8,-50,-17.1,36.0,59.7,-1.8,-6.4,-8.6,6.6,71,79,37,63,34.6,0,0,0,0,0,0,6076069567.476471,34081611.0,0.096,0.142,596280,647116,0,53.4,29.6,2026-10-06
792,CSWC,Financial Services,Asset Management,NASDAQ,597193,23.52,99.12,2,-1,-8.66,21.1,67.2,1.4,-0.1,-2.8,1.0,71,69,66,67,32.0,0,0,0,0,0,0,1474164290.2224102,63733867.0,0.0646,0.091,555860,613402,0,58.5,19.2,2026-10-06
793,ETSY,Consumer Cyclical,Internet Retail,NYSE,3186176,72.77,99.12,-17,-22,-17.28,60.9,62.4,-0.5,-1.6,-9.3,7.8,71,88,83,37,18.8,0,0,0,0,0,0,6281543057.196533,91781748.0,0.1314,0.062,3246090,3159968,0,56.7,45.3,2026-10-06
794,ZBIO,Healthcare,Biotechnology,NASDAQ,685726,28.3,99.11,-22,-21,-36.55,83.1,45.2,-1.5,-7.6,-10.7,10.3,71,93,94,88,60.1,0,0,0,0,0,0,1756512734.5758934,65176723.0,0.2674,,717770,710262,2,83.8,17.4,2026-10-06
795,LGN,Industrials,Engineering & Construction,NASDAQ,905116,53.61,99.08,20,63,-50.01,76.0,32.4,1.1,-0.3,-7.1,-15.2,71,51,94,94,82.4,0,0,0,0,0,0,4039016287.124016,76904346.0,0.059,1.107,931950,1079212,2,80.4,-28.6,2026-10-06
796,RDW,Industrials,Aerospace & Defense,NYSE,12311980,10.88,99.07,10,-13,-59.16,106.1,25.8,-5.6,-5.1,-6.3,-5.8,71,61,38,33,22.0,0,0,0,0,0,0,2904914087.9706163,249992609.0,0.1981,0.896,13247240,14579434,0,38.5,27.4,2026-10-06
797,GOOG,Communication Services,Internet Content & Information,NASDAQ,17362616,340.35,99.07,9,31,-15.85,44.8,65.8,1.2,1.2,0.5,1.9,71,62,84,85,64.9,0,0,0,0,0,0,4171386007937.164,12229934831.0,3.28,0.242,18115200,17754790,0,74.0,-8.2,2026-10-06
798,OKE,Energy,Oil & Gas Midstream,NYSE,3635826,87.88,99.07,-4,-9,-11.99,37.7,73.1,0.1,-3.4,-3.8,2.0,71,75,70,69,50.3,0,0,0,0,0,0,55873165930.41941,630409203.0,0.048800003,0.528,3360730,3746518,0,66.1,14.1,2026-10-06
799,FNV,Basic Materials,Gold,NYSE,850443,239.3,99.05,-9,-54,-16.23,30.9,58.7,-3.4,-6.1,-3.1,1.2,71,80,35,83,37.7,0,0,0,0,0,0,49731654579.42261,192855530.0,4.97,0.582,926520,826704,0,58.9,25.1,2026-10-06
800,AEG,Financial Services,Insurance - Diversified,NYSE,4915153,8.45,99.0,-9,-17,-12.07,25.0,62.0,-2.5,-4.5,-7.0,2.9,71,80,72,65,32.9,0,0,0,0,0,0,13157117244.37446,1479990634.0,0.0028,-0.082,5897500,4824166,0,62.5,27.4,2026-10-06
801,KDP,Consumer Defensive,Beverages - Non-Alcoholic,NASDAQ,10031723,30.37,98.99,4,3,-10.2,22.1,68.2,-0.6,-1.3,-1.2,4.9,71,67,66,30,47.5,0,0,0,0,0,0,43478392952.32787,1360826038.0,0.0647,0.756,10811130,11221572,0,52.6,17.2,2026-10-06
802,HSIC,Healthcare,Medical Distribution,NASDAQ,1036310,84.88,98.98,-6,-16,-7.92,35.8,77.0,-1.3,-2.3,-3.9,4.9,71,77,67,61,54.7,0,0,0,0,0,0,9838990614.971718,113916757.0,0.08229999,0.067,1112650,1163610,0,64.9,15.3,2026-10-06
803,ZGN,Consumer Cyclical,Apparel Manufacturing,NYSE,1134976,12.52,98.98,6,23,-21.5,44.3,58.7,-0.2,2.5,-5.9,3.1,71,65,82,80,51.8,0,0,0,0,0,0,3422961786.1522064,268889388.0,0.091800004,0.064,928740,1075498,0,69.7,1.9,2026-10-06
804,WSBC,Financial Services,Banks - Regional,NASDAQ,1003880,38.11,98.97,-8,-19,-11.41,26.6,61.6,-0.8,-3.1,-6.6,2.7,71,79,68,69,44.6,0,0,0,0,0,0,3707721654.105922,95905889.0,0.066300005,0.035,971020,917920,0,65.1,20.3,2026-10-06
805,SAP,Technology,Software - Application,NYSE,2035663,208.57,98.97,21,-13,-25.87,41.9,45.8,-0.9,-1.3,0.1,7.5,71,50,16,14,4.6,0,0,0,0,0,0,243167739144.1157,1154204232.0,0.0044,0.094,1810900,2511954,0,21.1,33.3,2026-10-06
806,VZ,Communication Services,Telecom Services,NYSE,20521476,45.92,98.96,1,-29,-11.15,19.4,57.1,-1.1,-4.6,-5.1,-1.3,71,70,40,67,30.0,0,0,0,0,0,0,195606824117.7806,4154775202.0,0.0202,-0.007,20622950,21427762,0,51.7,23.6,2026-10-06
807,IDYA,Healthcare,Biotechnology,NASDAQ,827413,37.36,98.94,-15,-21,-12.46,45.0,72.8,0.6,0.2,0.0,11.6,71,86,80,81,65.2,0,0,0,0,0,0,3540199035.4518585,96489484.0,0.1196,,949280,795152,0,78.1,12.0,2026-10-06
808,ETD,Consumer Cyclical,"Furnishings, Fixtures & Appliances",NYSE,623320,21.06,98.84,5,-33,-28.88,12.8,23.4,-0.1,-1.4,-6.4,-5.7,71,66,28,29,3.6,0,0,0,0,0,0,536602039.715332,25204416.0,0.1527,-0.085,492570,569290,0,31.7,42.4,2026-10-06
809,SKY,Consumer Cyclical,Residential Construction,NYSE,533320,88.1,98.81,10,11,-11.16,33.5,64.8,-1.2,0.3,-2.0,3.1,71,61,62,47,37.4,0,0,0,0,0,0,4761453420.739929,54280134.0,0.0639,0.013,466550,605388,0,51.8,14.5,2026-10-06
810,CURB,Real Estate,REIT - Retail,NYSE,1444013,28.27,98.78,3,15,-12.07,24.6,58.6,-1.2,-2.7,-5.5,0.2,70,67,79,73,50.1,0,0,0,0,0,0,3273982086.1795425,115038025.0,0.2292,0.529,1374060,1426072,0,67.3,6.1,2026-10-06
811,AMZN,Consumer Cyclical,Internet Retail,NASDAQ,34287883,251.52,98.78,7,1,-12.42,26.5,61.7,0.7,0.0,-2.2,4.1,70,63,57,60,40.0,0,0,0,0,0,0,2693018889770.91,10786313572.0,0.0083,0.196,37135240,39749088,0,55.0,12.7,2026-10-06
812,HWC,Financial Services,Banks - Regional,NASDAQ,797003,73.09,98.75,-1,-2,-8.79,34.2,73.9,0.5,-0.9,-3.1,4.2,70,71,70,68,45.4,0,0,0,0,0,0,5924472710.889328,80223058.0,0.104899995,0.076,892660,769686,0,63.6,13.5,2026-10-06
813,MAR,Consumer Cyclical,Lodging,NASDAQ,1516830,358.96,98.75,22,48,-12.66,37.4,67.5,0.3,3.1,1.2,1.8,70,48,74,80,60.7,0,0,0,0,0,0,91797556046.32178,260766288.0,0.030299999,0.111,1349720,1634502,0,65.7,-15.3,2026-10-06
814,TAK,Healthcare,Drug Manufacturers - Specialty & Generic,NYSE,2190586,17.86,98.75,-4,-33,-6.49,34.6,78.7,-3.4,-3.7,-1.3,3.7,70,74,45,72,51.3,0,0,0,0,0,0,60229466228.23947,3193502878.0,0.0013,0.102,2287750,2789238,0,60.6,14.6,2026-10-06
815,WBI,Energy,Oil & Gas Equipment & Services,NYSE,653303,28.85,98.72,-11,-4,-21.79,55.8,60.0,0.8,-3.6,-7.3,4.0,70,81,88,70,42.7,0,0,0,0,0,0,1652502874.0926285,55453118.0,0.1099,1.28,640670,625502,0,70.4,20.6,2026-10-06
816,LAUR,Consumer Defensive,Education & Training Services,NASDAQ,1010640,38.62,98.71,2,17,-5.63,33.4,83.2,2.0,4.3,3.0,9.5,70,68,83,76,51.5,0,0,0,0,0,0,5151826274.188843,137749360.0,0.0414,0.175,1050760,977908,0,69.6,5.1,2026-10-06
817,ACN,Technology,Information Technology Services,NYSE,6121243,198.9,98.71,41,22,-31.67,56.7,43.0,4.8,5.0,7.7,-0.2,70,29,10,17,5.7,0,0,0,0,0,0,107769125189.48982,611942109.0,0.045300003,0.056,8631360,6291368,0,15.4,15.9,2026-10-06
818,HTLD,Industrials,Trucking,NASDAQ,712383,11.9,98.69,4,27,-28.49,64.8,50.2,0.5,-1.7,-4.7,-4.4,70,66,89,73,65.3,0,0,0,0,0,0,873858519.050025,77332611.0,0.0776,-0.125,723890,763382,0,73.3,-3.4,2026-10-06
819,FLR,Industrials,Engineering & Construction,NYSE,2371210,49.9,98.63,-12,-38,-14.48,27.7,61.4,0.2,-3.5,-3.7,3.6,70,82,56,67,43.9,0,0,0,0,0,0,6737875098.310871,133741067.0,0.108,0.088,2477500,2588596,0,62.2,24.6,2026-10-06
820,GFS,Technology,Semiconductors,NASDAQ,3838413,50.17,98.6,41,104,-45.79,50.6,28.3,0.9,3.7,1.1,-10.6,70,29,92,81,62.6,0,0,0,0,0,0,27313511547.0,557418603.0,0.1504,0.058,3511460,4140806,1,66.1,-33.5,2026-10-06
821,INDV,Healthcare,Drug Manufacturers - Specialty & Generic,NASDAQ,1972963,35.71,98.59,12,46,-16.58,58.3,69.4,-0.1,1.7,-2.0,0.7,70,58,92,92,73.7,0,0,0,0,0,0,4227903839.859512,118031934.0,0.1125,0.136,1629410,2163216,2,78.9,-18.0,2026-10-06
822,EWBC,Financial Services,Banks - Regional,NASDAQ,806973,126.21,98.58,0,2,-8.19,34.5,76.9,0.9,-0.1,-2.1,4.1,70,70,72,73,48.0,0,0,0,0,0,0,17432018898.819702,137011856.0,0.0341,0.163,731780,725642,0,65.7,10.2,2026-10-06
823,MTDR,Energy,Oil & Gas E&P,NYSE,1774106,53.5,98.57,-3,-22,-19.96,42.5,56.0,1.6,-5.0,-2.8,-0.1,70,73,54,86,50.4,0,0,0,0,0,0,6379529740.383026,123754216.0,0.115100004,0.268,1734940,2030718,0,65.8,10.6,2026-10-06
824,PAY,Technology,Software - Infrastructure,NYSE,1195526,30.83,98.53,-18,-66,-31.96,56.5,46.8,2.9,-5.1,-12.5,10.4,70,88,40,28,23.9,0,0,0,0,0,0,3799599159.598433,125939647.0,0.077,0.288,1404690,1248008,0,45.0,48.9,2026-10-06
825,POET,Technology,Semiconductors,NASDAQ,7905746,7.79,98.48,31,74,-62.57,87.3,22.2,1.0,0.8,-1.1,-6.6,70,39,82,71,47.8,0,0,0,0,0,0,1344661340.459179,173058088.0,0.132,1.123,8099170,9817896,0,60.0,-15.1,2026-10-06
826,HL,Basic Materials,Other Precious Metals & Mining,NYSE,34411143,17.2,98.46,-22,-34,-49.66,42.9,25.7,-3.3,-7.7,-7.0,-11.3,70,92,80,95,66.2,0,0,0,0,0,0,12219468118.653048,671768431.0,0.0,0.524,39030600,36285350,2,83.3,13.5,2026-10-06
827,SOBO,Energy,Oil & Gas Midstream,NYSE,687733,33.82,98.41,-5,0,-13.32,34.4,64.7,0.1,-3.0,-6.2,0.6,70,75,80,81,45.3,0,0,0,0,0,0,7089910786.838245,208588127.0,18.15,0.042,860760,610630,0,70.3,13.2,2026-10-06
828,VRTX,Healthcare,Biotechnology,NASDAQ,995080,504.73,98.38,-11,-31,-9.91,25.0,64.9,-2.7,-2.6,-2.9,6.3,70,81,61,36,51.0,0,0,0,0,0,0,133368604218.36108,253460924.0,0.021,0.125,999620,1138370,0,57.3,26.0,2026-10-06
829,GLNG,Energy,Oil & Gas Midstream,NASDAQ,1349713,49.21,98.36,1,3,-14.85,40.8,65.4,1.1,-1.2,-1.9,2.2,70,69,71,85,54.1,0,0,0,0,0,0,5065032232.315063,102097000.0,0.105,0.724,1625170,1347936,0,69.8,4.1,2026-10-06
830,NTR,Basic Materials,Agricultural Inputs,NYSE,2653863,70.06,98.24,-10,-48,-17.92,31.0,54.9,-2.4,-6.5,-3.4,-0.2,70,80,42,81,44.9,0,0,0,0,0,0,34468885246.98253,477210074.0,0.0159,0.04,2851960,2681588,0,62.0,21.1,2026-10-06
831,UNFI,Consumer Defensive,Food Distribution,NYSE,659286,45.59,98.22,6,25,-20.05,41.7,54.4,-1.6,-1.7,-4.4,0.1,70,64,83,89,38.2,0,0,0,0,0,0,2765538209.363434,60317084.0,0.0712,-0.007,622120,586146,0,68.5,6.0,2026-10-06
832,GM,Consumer Cyclical,Auto Manufacturers,NYSE,7245956,78.27,98.21,-4,-10,-14.78,45.0,71.2,-0.5,-3.2,-6.0,-0.5,70,74,68,80,61.8,0,0,0,0,0,0,74734828348.67966,904451541.0,0.023699999,0.019,7622370,6635980,0,71.0,5.5,2026-10-06
833,NATL,Technology,Software - Application,NYSE,749090,45.42,98.17,10,20,-6.35,33.3,81.2,-0.3,-0.7,-1.6,4.0,70,60,70,83,42.9,0,0,0,0,0,0,3405170854.0293274,73896934.0,0.0797,0.001,828760,729864,0,64.0,3.0,2026-10-06
834,NWSA,Communication Services,Entertainment,NASDAQ,4309936,28.69,98.11,0,-17,-9.38,29.2,74.5,0.9,-1.2,-1.5,8.9,70,70,53,33,23.2,0,0,0,0,0,0,15373745642.331009,539619016.0,0.032899998,0.108,4468470,4121550,0,44.8,32.5,2026-10-06
835,WRBY,Healthcare,Medical Instruments & Supplies,NYSE,3037340,27.03,98.08,21,52,-12.81,61.6,73.4,2.4,6.1,3.8,5.7,70,49,80,37,22.3,0,0,0,0,0,0,3301571009.1734467,123608054.0,0.2027,0.098,4231830,2911348,0,47.1,12.7,2026-10-06
836,PCVX,Healthcare,Biotechnology,NASDAQ,1338286,56.48,98.07,-17,-25,-13.11,83.1,100.0,25.8,25.1,25.3,33.5,70,87,79,90,84.0,0,0,0,0,0,0,8364344540.144699,148805278.0,0.109,,1527380,1188980,1,85.0,1.7,2026-10-06
837,PBA,Energy,Oil & Gas Midstream,NYSE,1052346,45.89,98.04,2,9,-11.03,26.3,64.6,1.7,-1.0,-3.7,1.7,70,68,75,72,43.4,0,0,0,0,0,0,25972246211.26175,581555000.0,15.99,0.201,1035180,977478,0,64.6,10.8,2026-10-06
838,PHVS,Healthcare,Biotechnology,NASDAQ,947906,31.19,98.02,-14,-7,-27.88,45.5,53.2,-5.1,-12.5,-12.8,0.0,69,83,90,84,59.1,0,0,0,0,0,0,2247948314.2570724,70204506.0,0.0309,,674110,796684,1,79.0,11.0,2026-10-06
839,CZR,Consumer Cyclical,Resorts & Casinos,NASDAQ,3973100,29.65,98.0,5,9,-3.98,63.5,93.8,0.1,0.0,-0.2,9.1,69,64,68,56,36.9,0,0,0,0,0,0,6029853900.254379,203780124.0,0.1076,0.03,5264540,3968384,0,56.2,14.7,2026-10-06
840,SHC,Healthcare,Diagnostics & Research,NASDAQ,1937700,18.22,97.99,-7,-7,-8.21,41.3,84.2,0.7,0.0,-0.5,9.1,69,76,76,61,44.0,0,0,0,0,0,0,5233773783.844738,285374795.0,0.0496,0.092,1662440,2426046,0,64.3,19.0,2026-10-06
841,CLF,Basic Materials,Steel,NYSE,14155086,11.32,97.98,18,-3,-32.22,56.0,52.4,3.1,1.9,2.4,7.2,69,51,30,29,17.5,0,0,0,0,0,0,6949177946.575005,570540047.0,0.1421,0.059,16722170,17593858,0,31.9,23.3,2026-10-06
842,COGT,Healthcare,Biotechnology,NASDAQ,1897796,31.02,97.95,-18,-9,-29.06,118.5,58.3,-2.6,-4.9,-13.9,-15.0,69,87,96,99,88.9,0,0,0,1,0,1,5606592406.720299,173524982.0,0.105,,2209950,1850836,2,92.7,-4.2,2026-10-06
843,EHC,Healthcare,Medical Care Facilities,NYSE,874980,119.8,97.92,4,-23,-6.4,28.9,81.4,-0.8,-0.8,0.3,11.8,69,65,38,39,19.0,0,0,0,0,0,0,12180733442.906494,98653384.0,0.0343,0.096,984050,904778,0,40.3,30.9,2026-10-06
844,EXLS,Technology,Information Technology Services,NASDAQ,2005670,35.75,97.85,9,-34,-19.34,42.3,58.8,2.1,1.7,1.2,8.8,69,60,17,17,7.2,0,0,0,0,0,0,5268534340.25,151612499.0,0.075100005,0.156,2204160,2265268,0,25.3,39.3,2026-10-06
845,VCYT,Healthcare,Diagnostics & Research,NASDAQ,1424553,45.81,97.82,7,39,-24.79,58.8,57.9,4.5,10.0,6.5,12.1,69,62,94,34,61.0,0,0,0,0,0,0,3652150933.863304,80390731.0,0.123500004,0.155,1601830,1420754,1,62.7,2.9,2026-10-06
846,EL,Consumer Defensive,Household & Personal Products,NYSE,3243576,91.97,97.79,2,-29,-24.39,38.8,49.8,-1.5,-2.6,-0.8,1.3,69,67,36,29,29.2,0,0,0,0,0,0,34178766061.694183,361794915.0,0.0322,0.063,3035870,3177686,0,40.3,29.6,2026-10-06
847,CDP,Real Estate,REIT - Office,NYSE,902033,33.57,97.74,1,11,-13.7,22.1,54.8,-1.1,-2.8,-7.2,0.7,69,68,78,69,43.5,0,0,0,0,0,0,3842346438.175438,113410458.0,0.0892,0.039,1001510,864698,0,64.6,11.0,2026-10-06
848,EBAY,Consumer Cyclical,Internet Retail,NASDAQ,4705023,106.4,97.7,6,25,-10.82,34.9,70.1,-0.1,-0.4,-0.1,5.9,69,63,82,74,49.1,0,0,0,0,0,0,48015500679.01611,445000000.0,0.040999997,0.148,3760840,4688832,0,67.0,2.9,2026-10-06
849,ELV,Healthcare,Healthcare Plans,NYSE,1125893,386.43,97.66,-8,-7,-11.42,40.5,77.9,0.3,-2.1,-0.8,7.8,69,77,78,27,43.2,0,0,0,0,0,0,85899756281.90094,216869290.0,0.0275,0.014,1129960,1076436,0,56.3,26.8,2026-10-06
850,LAND,Real Estate,REIT - Specialty,NASDAQ,728850,9.56,97.62,15,-11,-26.46,20.1,36.5,1.6,1.8,7.8,0.1,69,54,28,64,29.0,0,0,0,0,0,0,408934692.293644,43136573.0,0.1022,0.042,556490,706096,0,43.8,13.1,2026-10-06
851,GME,Consumer Cyclical,Specialty Retail,NYSE,9215676,24.7,97.56,47,60,-12.1,41.2,85.1,3.8,10.6,22.5,13.3,69,22,35,50,14.6,0,0,0,0,0,0,11800277848.177032,504500990.0,0.084,-0.187,11764650,8346614,0,30.4,-3.2,2026-10-06
852,IHS,Real Estate,Real Estate Services,NYSE,1174313,8.32,97.55,8,11,-7.04,35.4,88.8,0.7,0.3,1.1,3.6,69,61,64,82,52.5,0,0,0,0,0,0,2852212490.873398,338340734.0,0.024,0.104,929150,1204040,0,64.9,-0.3,2026-10-06
853,PFS,Financial Services,Banks - Regional,NYSE,841740,22.58,97.55,2,5,-11.42,25.9,61.4,-0.4,-2.0,-5.3,-0.2,69,67,70,78,42.2,0,0,0,0,0,0,2978852615.020912,130422618.0,0.066599995,0.038,863160,883548,0,64.3,9.9,2026-10-06
854,EBC,Financial Services,Banks - Regional,NASDAQ,2255326,21.47,97.5,-3,-3,-9.7,27.0,65.2,0.2,-0.9,-4.7,2.1,69,72,72,75,43.7,0,0,0,0,0,0,4894717461.274048,228511552.0,0.0744,0.276,2253640,2432162,0,65.7,13.6,2026-10-06
855,AGRO,Consumer Defensive,Farm Products,NYSE,733746,10.1,97.48,-6,-32,-36.44,50.8,44.6,3.5,-3.1,1.4,-0.7,69,75,49,91,64.3,0,0,0,0,0,0,1505132129.4192965,144307966.0,0.0419,0.39,566690,799336,1,69.8,4.8,2026-10-06
856,VEEE,Consumer Cyclical,Recreational Vehicles,NASDAQ,1063996,10.87,97.47,50,32,-91.48,135.2,6.3,-15.7,-5.4,-3.1,-48.4,69,19,1,1,0.1,0,0,0,0,0,0,8151277.838549614,584321.0,0.040599998,-0.342,3115830,776016,0,5.3,14.9,2026-10-06
857,QGEN,Healthcare,Diagnostics & Research,NYSE,2326010,44.75,97.45,13,-9,-22.6,40.3,57.1,3.6,5.1,6.1,7.9,69,56,34,32,20.0,0,0,0,0,0,0,9122949163.017273,206495000.0,0.042,0.003,2591230,2583952,0,35.5,25.0,2026-10-06
858,CNNE,Consumer Cyclical,Restaurants,NYSE,532710,15.54,97.4,8,-19,-18.25,46.5,60.6,0.1,0.8,2.0,10.0,69,61,34,19,9.0,0,0,0,0,0,0,682710323.0524273,43374227.0,0.1321,-0.073,533420,510182,0,30.7,37.1,2026-10-06
859,UGI,Utilities,Utilities - Regulated Gas,NYSE,1991776,37.2,97.39,9,-4,-10.01,15.8,56.6,0.8,-1.2,-0.5,0.4,69,60,47,63,40.4,0,0,0,0,0,0,7831210885.14732,214494967.0,0.078099996,-0.045,1817370,2123232,0,52.6,10.5,2026-10-06
860,NOW,Technology,Software - Application,NYSE,13868553,134.38,97.34,9,-27,-30.36,64.0,50.0,0.4,0.1,4.7,17.7,69,60,24,10,4.1,0,0,0,0,0,0,140212359391.8457,1033862000.0,0.0279,0.24,10277380,17272354,0,24.5,41.5,2026-10-06
861,C,Financial Services,Banks - Diversified,NYSE,9535193,128.5,97.32,-9,-5,-13.15,36.9,66.9,-1.6,-3.5,-4.0,2.1,69,78,82,85,59.6,0,0,0,0,0,0,225246209173.58768,1677436783.0,0.0002,0.155,9500480,9437170,0,76.1,7.4,2026-10-06
862,MPLX,Energy,Oil & Gas Midstream,NYSE,1343690,56.38,97.3,4,5,-7.5,20.0,75.3,-0.0,-1.6,-2.3,1.0,69,65,66,68,43.0,0,0,0,0,0,0,57587147883.28754,1013858251.0,0.018099999,0.106,1526960,1432100,0,60.5,10.3,2026-10-06
863,CLSK,Financial Services,Capital Markets,NASDAQ,17435820,12.74,97.3,15,18,-46.04,52.6,28.6,-7.6,-7.4,-3.2,-0.8,69,54,57,34,7.1,0,0,0,0,0,0,3582598119.3660307,256817073.0,0.42810002,-0.305,16699610,18982524,0,38.0,27.1,2026-10-06
864,BETA,Industrials,Aerospace & Defense,NYSE,3301693,22.17,97.2,36,18,-43.87,52.3,30.6,-8.7,-4.9,-5.9,3.8,68,32,14,8,,0,0,0,0,0,0,5579494370.241432,233941060.0,0.0733,1.457,2588250,2743518,0,18.0,,2026-10-06
865,OPLN,Consumer Cyclical,Auto & Truck Dealerships,NYSE,1157413,35.53,97.18,1,21,-17.18,44.2,58.8,1.7,1.5,-1.4,5.4,68,67,87,73,51.5,0,0,0,0,0,0,4250472662.0472336,122069865.0,0.027999999,0.151,1161690,1281468,0,69.6,4.6,2026-10-06
866,AUPH,Healthcare,Biotechnology,NASDAQ,822050,15.83,97.16,5,23,-17.77,41.6,61.4,-3.4,-3.9,-1.8,1.1,68,63,81,87,64.9,0,0,0,0,0,0,2187361272.9769897,133051168.0,0.0712,0.189,791270,1001846,0,74.0,-7.6,2026-10-06
867,MDB,Technology,Software - Infrastructure,NASDAQ,2848686,357.96,97.15,-1,14,-24.34,59.0,54.1,-4.9,-4.8,-8.1,4.9,68,69,84,30,36.9,0,0,0,0,0,0,33063544796.710754,80556341.0,0.0367,0.305,4591030,2302214,0,55.0,22.4,2026-10-06
868,BRUN,Technology,Software - Infrastructure,NASDAQ,2151276,16.51,97.13,-3,24,-60.69,34.7,12.9,-12.2,-12.3,-20.4,-21.7,68,71,98,57,51.7,0,0,1,0,0,1,1333004421.9564629,79487441.0,2.22,2.697,1530390,2253562,1,69.4,9.8,2026-10-06
869,BKR,Energy,Oil & Gas Equipment & Services,NASDAQ,7722523,56.0,96.98,-2,-6,-20.47,29.0,51.2,1.1,-0.6,-5.4,-3.4,68,70,66,87,46.4,0,0,0,0,0,0,57406343343.57051,992674071.0,0.028299998,-0.024,7129790,7852886,0,67.3,8.8,2026-10-06
870,SSNC,Technology,Software - Application,NASDAQ,1552936,78.53,96.95,6,-32,-12.68,27.4,61.8,0.8,-0.4,-1.5,5.8,68,62,24,26,12.1,0,0,0,0,0,0,18446229378.782043,234654996.0,0.033800002,0.103,1368290,1676702,0,31.0,35.9,2026-10-06
871,HOOD,Financial Services,Capital Markets,NASDAQ,23229670,112.74,96.92,-18,-26,-26.73,75.1,56.1,-2.5,-1.2,7.9,21.0,68,86,78,26,4.8,0,0,0,0,0,0,107350424768.09068,899082273.0,0.0462,0.323,20315170,21277516,0,48.7,53.4,2026-10-06
872,FRPT,Consumer Defensive,Packaged Foods,NASDAQ,1076710,60.26,96.91,-8,-58,-29.93,29.4,36.6,4.5,0.3,-7.1,-3.6,68,76,26,57,42.4,0,0,0,0,0,0,2783043058.00692,48058074.0,0.1865,0.155,1002970,1233718,0,50.3,25.6,2026-10-06
873,VVX,Industrials,Aerospace & Defense,NYSE,645253,70.79,96.86,4,20,-24.68,35.9,48.4,-2.8,-3.9,-9.3,-2.2,68,64,80,76,48.7,0,0,0,0,0,0,2371276380.5292206,31345358.0,0.0871,0.165,493370,734038,0,67.2,3.7,2026-10-06
874,PDM,Real Estate,REIT - Office,NYSE,1825370,9.0,96.84,-2,5,-11.15,40.2,72.0,-1.1,-2.9,-5.4,5.1,68,70,77,34,25.7,0,0,0,0,0,0,1147468014.796877,125132825.0,0.0512,0.027,1674830,1461318,0,51.7,28.7,2026-10-06
875,EPRX,Healthcare,Biotechnology,NASDAQ,738716,7.24,96.83,-9,-30,-22.32,45.3,64.1,-4.8,-5.5,5.3,5.5,68,77,56,81,56.5,0,0,0,0,0,0,529247732.8529949,66073373.0,14.41,,1117720,590852,0,67.6,11.6,2026-10-06
876,DOC,Real Estate,REIT - Healthcare Facilities,NYSE,4988343,19.49,96.79,-5,2,-15.08,19.4,43.5,-5.6,-6.6,-9.6,-0.3,68,73,80,37,19.4,0,0,0,0,0,0,14004298282.352716,689527260.0,0.0478,0.111,5715480,5257820,0,52.3,33.3,2026-10-06
877,RES,Energy,Oil & Gas Equipment & Services,NYSE,1873530,5.86,96.79,6,-17,-28.19,44.2,49.6,5.2,1.9,0.7,-3.8,68,62,39,83,58.6,0,0,0,0,0,0,1294476983.902176,221657012.0,0.3305,0.095,2232120,1695626,0,60.6,-0.2,2026-10-06
878,HASI,Financial Services,Asset Management,NYSE,1130983,36.27,96.68,-6,-10,-17.81,31.0,55.1,0.2,-1.3,-6.0,-3.9,68,74,70,84,44.0,0,0,0,0,0,0,4682386411.137886,128495790.0,0.1492,8.044,1101140,1053218,0,68.0,13.4,2026-10-06
879,MICC,Consumer Defensive,Packaged Foods,NYSE,769226,17.48,96.67,-12,-15,-15.49,31.0,55.0,-6.8,-9.0,-10.6,1.2,68,80,77,34,,0,0,0,0,0,0,11493238451.463629,605544717.0,11.77,0.042,720770,772582,0,63.7,,2026-10-06
880,PGNY,Healthcare,Healthcare Plans,NASDAQ,1140523,25.23,96.66,0,23,-23.7,58.7,59.5,1.4,-2.0,-4.7,6.8,68,68,91,17,53.4,0,0,0,0,0,0,1951929782.096531,76726798.0,0.0867,0.053,1163380,1150802,1,57.4,15.2,2026-10-06
881,ASB,Financial Services,Banks - Regional,NYSE,2058280,29.0,96.61,-5,-9,-10.66,20.4,59.7,0.4,-1.5,-4.8,2.2,68,73,69,71,39.9,0,0,0,0,0,0,5546514643.318941,188849659.0,0.0,0.235,1951930,1860268,0,63.2,17.3,2026-10-06
882,ADP,Technology,Software - Application,NASDAQ,2166436,257.68,96.59,-2,-29,-12.46,37.9,68.6,-0.8,-2.4,-4.2,9.4,68,70,43,17,11.4,0,0,0,0,0,0,104479650981.92052,396251548.0,0.0296,0.068,2029780,2273616,0,35.3,42.6,2026-10-06
883,V,Financial Services,Credit Services,NYSE,6131776,360.66,96.53,-2,-20,-6.46,25.1,83.7,1.5,0.7,0.2,9.5,68,70,52,31,31.9,0,0,0,0,0,0,689702784218.1937,1877355259.0,0.0109,0.144,5854560,6585522,0,46.2,28.6,2026-10-06
884,PRU,Financial Services,Insurance - Life,NYSE,1604710,112.6,96.53,-7,-15,-11.84,23.3,64.8,-2.0,-3.1,-5.4,4.4,68,75,67,34,38.5,0,0,0,0,0,0,41210248947.14356,345000000.0,0.05,0.141,1460220,1726942,0,53.6,27.3,2026-10-06
885,OIS,Energy,Oil & Gas Equipment & Services,NYSE,577403,8.23,96.52,-1,-15,-43.24,52.0,32.9,3.0,1.2,-0.0,-8.4,68,69,55,96,64.6,0,0,0,0,0,0,499471269.2121229,60322619.0,0.0434,-0.053,704510,607440,1,71.1,-1.8,2026-10-06
886,UBS,Financial Services,Banks - Diversified,NYSE,2082883,47.71,96.47,-18,-23,-14.78,32.3,61.0,-0.5,-4.6,-8.1,2.4,68,86,81,64,47.1,0,0,0,0,0,0,162808576494.0395,3277805164.0,0.0019,0.146,2859410,1933862,0,69.5,24.4,2026-10-06
887,EPD,Energy,Oil & Gas Midstream,NYSE,2849400,36.18,96.44,-1,-3,-9.93,21.9,68.8,0.4,-2.4,-3.5,-0.1,68,69,67,76,44.5,0,0,0,0,0,0,79360785960.75,2159477169.0,0.024,0.608,3634830,3077338,0,64.1,11.1,2026-10-06
888,COLD,Real Estate,REIT - Industrial,NYSE,3576506,13.97,96.42,5,19,-17.24,38.8,64.1,-1.7,-2.4,-3.6,2.7,68,63,77,28,40.2,0,0,0,0,0,0,4207983256.398688,285480551.0,0.09729999,0.018,3048090,3561622,0,52.1,17.0,2026-10-06
889,TOWN,Financial Services,Banks - Regional,NASDAQ,527053,36.03,96.39,3,-9,-7.69,11.9,56.7,-0.6,-2.0,-3.8,0.9,68,65,53,60,29.0,0,0,0,0,0,0,3361019375.419235,92437275.0,5.28,1.178,527420,554514,0,51.7,20.2,2026-10-06
890,GGN,Financial Services,Asset Management,NYSE ARCA,514727,5.25,96.36,-3,-35,-10.71,12.9,50.0,-1.8,-3.4,-2.5,-0.7,67,70,38,72,23.4,0,0,0,0,0,0,846738216.5390034,156224761.0,0.0004,0.143,507422,507246,0,50.9,26.1,2026-10-06
891,CALY,Consumer Cyclical,Leisure,NYSE,1951646,14.45,96.35,-14,-3,-28.75,70.2,52.3,-0.6,-3.1,-10.7,-6.7,67,81,92,87,70.2,0,0,0,0,0,0,2595699134.2907248,179757563.0,0.048299998,0.02,2020150,1955880,1,82.5,3.1,2026-10-06
892,HESM,Energy,Oil & Gas Midstream,NYSE,1417403,37.75,96.33,7,11,-8.9,21.0,72.3,0.5,-1.9,-3.1,0.6,67,60,64,67,39.0,0,0,0,0,0,0,4909421198.25,128350881.0,0.0756,-0.037,1533620,1329984,0,57.5,8.7,2026-10-06
893,ADAM,Real Estate,REIT - Mortgage,NASDAQ,1112246,7.81,96.33,-15,-13,-24.61,17.3,31.2,-4.1,-10.1,-16.4,-9.6,67,82,84,74,38.6,0,0,0,0,0,0,731621488.8977757,89879786.0,0.0427,1.298,1478040,1029990,0,69.7,23.1,2026-10-06
894,CCEP,Consumer Defensive,Beverages - Non-Alcoholic,NASDAQ,1686123,101.06,96.32,-5,-9,-11.09,18.8,61.0,0.0,-0.6,-4.0,2.7,67,72,68,62,42.7,0,0,0,0,0,0,44769793491.40431,440084459.0,0.0804,0.044,1666070,1832346,0,61.2,17.1,2026-10-06
895,PTRN,Consumer Cyclical,Internet Retail,NASDAQ,1603740,17.33,96.31,-18,-7,-41.85,81.5,39.5,-2.0,-7.2,-15.4,2.0,67,85,96,31,48.6,0,0,0,0,0,0,3019332575.9868584,177399089.0,0.1274,0.466,1761400,1677606,1,65.2,27.9,2026-10-06
896,EDU,Consumer Defensive,Education & Training Services,NYSE,721203,55.44,96.3,-8,-55,-14.67,26.7,62.2,1.0,0.9,0.4,4.0,67,75,28,60,29.5,0,0,0,0,0,0,8754520571.845093,155029580.0,0.0241,0.23,708090,812584,0,48.1,30.4,2026-10-06
897,ONB,Financial Services,Banks - Regional,NASDAQ,4217873,24.96,96.29,0,1,-8.77,26.8,68.4,-0.5,-1.5,-4.1,1.7,67,67,68,63,41.7,0,0,0,0,0,0,9751709212.436676,382570000.0,0.070300005,0.288,5154480,4015500,0,59.9,13.4,2026-10-06
898,LOGI,Technology,Computer Hardware,NASDAQ,723440,104.32,96.28,36,58,-19.54,18.1,38.0,-0.8,-0.2,-0.4,1.9,67,31,53,54,11.6,0,0,0,0,0,0,14474907957.508669,143188332.0,0.0841,0.069,747900,901808,0,37.4,2.9,2026-10-06
899,CP,Industrials,Railroads,NYSE,2217886,85.94,96.27,3,8,-11.31,24.6,60.8,-0.8,-2.1,-5.1,1.3,67,64,69,62,40.1,0,0,0,0,0,0,76400778577.12427,879079224.0,0.0231,0.126,2776040,2448080,0,58.8,11.9,2026-10-06
900,MNST,Consumer Defensive,Beverages - Non-Alcoholic,NASDAQ,9803846,42.94,96.26,-1,16,-14.41,31.2,61.6,1.7,0.4,-4.2,2.6,67,68,85,63,56.2,0,0,0,0,0,0,84454722741.7503,1959051764.0,0.030199999,0.202,10136930,10394652,0,68.0,5.2,2026-10-06
901,ARWR,Healthcare,Biotechnology,NASDAQ,1961883,64.19,96.25,-27,-25,-32.78,76.1,49.7,-5.4,-11.7,-22.4,-14.0,67,94,96,98,82.7,0,0,0,1,0,1,9311494205.995346,141254467.0,0.0913,1.71,2047140,1715124,3,92.7,4.6,2026-10-06
902,MSI,Technology,Communication Equipment,NYSE,891006,447.41,96.25,2,-25,-9.59,25.2,71.8,0.7,-0.6,-1.4,5.5,67,65,38,59,23.7,0,0,0,0,0,0,75610802669.51514,165493788.0,0.0223,0.133,737040,938060,0,46.4,24.6,2026-10-06
903,CSTM,Basic Materials,Aluminum,NYSE,1566600,24.4,96.24,-8,6,-34.04,75.5,50.0,2.2,-0.5,-6.4,-7.8,67,75,89,97,77.1,0,0,0,0,0,0,3373285067.2004395,135527728.0,0.0531,0.307,1834570,1571664,1,84.5,-6.8,2026-10-06
904,REGN,Healthcare,Biotechnology,NASDAQ,724326,735.2,96.2,-15,-59,-14.45,30.3,57.3,-5.0,-6.6,-7.6,-1.3,67,82,38,72,48.8,0,0,0,0,0,0,81132646481.32544,102954988.0,0.025999999,0.167,770360,759488,0,60.2,23.0,2026-10-06
905,KFY,Industrials,Staffing & Employment Services,NYSE,569496,71.92,96.18,-13,-35,-17.82,20.4,45.5,-1.0,-4.9,-10.9,1.7,67,80,58,34,27.5,0,0,0,0,0,0,3913506565.38044,54558851.0,0.054,0.068,643730,473888,0,49.9,37.6,2026-10-06
906,SSB,Financial Services,Banks - Regional,NYSE,672750,101.91,96.06,1,-18,-9.17,18.5,60.2,-0.2,-2.0,-4.4,1.5,67,66,47,56,26.9,0,0,0,0,0,0,9936010664.857162,96974534.0,0.035099998,-0.001,661660,762602,0,49.0,23.5,2026-10-06
907,B,Basic Materials,Gold,NYSE,9192013,40.23,96.05,-12,-31,-26.44,27.0,39.6,-3.6,-5.7,-5.8,-6.4,67,79,60,87,45.4,0,0,0,0,0,0,70575525644.71422,1645884419.0,1.61,0.438,8439580,9926426,0,67.9,17.1,2026-10-06
908,TT,Industrials,Building Products & Equipment,NYSE,1118693,463.91,95.98,16,27,-8.29,25.1,74.3,4.1,6.4,3.6,5.1,67,51,62,74,38.0,0,0,0,0,0,0,99987333093.04596,220023177.0,0.0152,0.106,1219520,1137258,0,56.3,0.8,2026-10-06
909,HXL,Industrials,Aerospace & Defense,NYSE,846773,86.41,95.95,-3,12,-22.67,40.3,50.3,0.5,-2.1,-9.3,-4.5,67,70,85,80,61.2,0,0,0,0,0,0,6488492412.38446,75623452.0,0.0664,0.08,913270,883970,0,74.1,0.9,2026-10-06
910,IT,Technology,Information Technology Services,NYSE,1074370,184.8,95.9,15,-26,-30.43,49.3,46.8,1.6,2.0,2.5,8.7,67,52,11,9,3.6,0,0,0,0,0,0,11865692204.969238,63148976.0,0.1865,-0.006,873020,1288400,0,18.9,36.9,2026-10-06
911,WERN,Industrials,Trucking,NASDAQ,832423,35.35,95.89,-2,18,-25.56,47.5,45.6,0.2,-4.2,-8.0,-5.5,67,69,89,59,56.4,0,0,0,0,0,0,1972648624.232849,59977156.0,0.11359999,0.24,816000,1011598,0,68.3,6.3,2026-10-06
912,NVCR,Healthcare,Medical Devices,NASDAQ,1114176,14.94,95.82,-14,-14,-30.35,51.5,51.9,-4.3,-5.2,-8.5,3.2,67,81,81,18,34.0,0,0,0,0,0,0,1844502123.368225,116445840.0,0.137,0.156,1103070,1276554,0,53.5,36.1,2026-10-06
913,BBDC,Financial Services,Asset Management,NYSE,623593,8.63,95.81,3,-11,-9.54,7.0,38.4,-1.2,-1.9,-4.2,-2.1,67,64,50,49,19.4,0,0,0,0,0,0,907808692.2685012,104706884.0,0.0276,-0.124,499300,687560,0,45.6,26.7,2026-10-06
914,DUOT,Technology,Software - Application,NASDAQ,691033,9.11,95.73,32,75,-40.38,46.0,34.7,1.2,4.7,1.3,-1.9,67,35,78,38,48.8,0,0,0,0,0,0,287658651.665225,31472499.0,0.2401,0.295,496330,948994,0,50.0,-11.8,2026-10-06
915,PKG,Consumer Cyclical,Packaging & Containers,NYSE,592570,228.54,95.68,5,4,-12.09,19.6,57.2,-2.0,-1.7,-5.4,1.2,67,62,61,52,31.3,0,0,0,0,0,0,21132333904.244568,89098299.0,0.0437,0.147,563370,603592,0,51.6,17.4,2026-10-06
916,EXPE,Consumer Cyclical,Travel Services,NASDAQ,2122963,265.0,95.67,-15,-23,-22.51,38.0,47.6,-1.7,-4.8,-12.7,0.1,67,82,74,66,47.2,0,0,0,0,0,0,31706233692.71457,120022077.0,0.0675,0.14,2722650,1926606,0,67.3,21.4,2026-10-06
917,CDNS,Technology,Software - Application,NASDAQ,2618750,351.35,95.65,41,94,-15.68,33.1,58.3,7.2,15.3,10.8,8.5,66,25,78,33,23.8,0,0,0,0,0,0,89813920434.69238,275393000.0,0.0159,0.242,2698320,2509628,0,40.0,-6.3,2026-10-06
918,SIRI,Communication Services,Entertainment,NASDAQ,4109090,25.72,95.65,-15,-11,-21.25,32.1,50.4,1.0,-3.6,-7.8,2.6,66,81,85,67,43.8,0,0,0,0,0,0,8716550006.989304,337066891.0,0.1835,0.01,4724300,4235676,0,69.2,21.0,2026-10-06
919,HTGC,Financial Services,Asset Management,NYSE,1401866,16.74,95.64,-2,-30,-12.68,20.2,54.3,-1.3,-3.1,-2.3,2.0,66,68,40,31,10.8,0,0,0,0,0,0,3176172951.48468,187164000.0,0.0512,0.085,1188190,1515174,0,37.5,38.8,2026-10-06
920,OGC,Basic Materials,Gold,NYSE,602606,27.11,95.63,-11,-38,-37.43,25.7,25.4,-3.5,-6.4,-6.0,-12.8,66,77,50,94,49.3,0,0,0,0,0,0,6257448635.304609,222447523.0,4.97,0.497,586920,597732,1,67.6,13.2,2026-10-06
921,UNH,Healthcare,Healthcare Plans,NYSE,4726630,371.9,95.6,-8,2,-19.44,46.2,67.4,1.5,0.2,-3.6,6.2,66,74,84,28,32.3,0,0,0,0,0,0,338025240144.6395,897594847.0,0.0164,0.004,4279270,4556094,0,54.6,29.1,2026-10-06
922,WWW,Consumer Cyclical,Footwear & Accessories,NYSE,700846,19.2,95.59,6,-23,-33.05,29.3,33.0,-1.5,-2.1,-3.5,5.5,66,60,31,40,3.3,0,0,0,0,0,0,1565005059.685341,82066339.0,0.120799996,0.068,657110,778502,0,33.6,35.3,2026-10-06
923,VCEL,Healthcare,Biotechnology,NASDAQ,514833,40.15,95.55,-2,13,-18.59,40.0,61.8,2.8,3.6,-2.3,7.2,66,68,83,33,57.5,0,0,0,0,0,0,2033414595.0589447,51206614.0,0.1379,0.225,482640,496282,0,60.4,10.7,2026-10-06
924,LWLG,Basic Materials,Specialty Chemicals,NASDAQ,2684246,5.7,95.55,14,58,-69.54,86.9,16.9,4.2,6.3,-6.7,-24.0,66,52,96,99,55.7,0,0,0,1,0,1,818628115.2284789,154167255.0,0.1691,0.279,3214210,2889760,2,75.7,-15.6,2026-10-06
925,ZYME,Healthcare,Biotechnology,NASDAQ,845376,25.15,95.54,-22,-26,-19.75,59.2,66.8,-1.7,-1.9,-0.1,4.4,66,88,84,92,73.9,0,0,0,0,0,0,1896425104.0543327,71509241.0,0.1047,-0.906,913760,704120,1,84.5,6.7,2026-10-06
926,AAT,Real Estate,REIT - Diversified,NYSE,504960,21.55,95.52,5,27,-17.02,20.2,44.4,-0.7,-1.3,-4.7,0.8,66,61,83,56,29.5,0,0,0,0,0,0,1324816394.1962433,61390936.0,0.0715,0.014,483580,460928,0,57.4,14.6,2026-10-06
927,PLAB,Technology,Semiconductor Equipment & Materials,NASDAQ,1381196,31.49,95.51,13,-4,-43.77,53.2,31.1,1.3,5.0,2.9,-13.4,66,53,36,95,53.9,0,0,0,0,0,0,1793513854.2943668,58997167.0,0.1042,0.027,831620,1175056,1,59.5,-7.2,2026-10-06
928,AHR,Real Estate,REIT - Healthcare Facilities,NYSE,3032250,50.75,95.51,-7,-3,-13.54,25.6,58.7,-2.0,-3.7,-7.0,-1.1,66,73,77,76,50.2,0,0,0,0,0,0,11340296375.29192,217998775.0,0.1296,0.247,2763230,2993944,0,69.1,10.4,2026-10-06
929,DHR,Healthcare,Diagnostics & Research,NYSE,3931046,214.06,95.5,8,-15,-11.84,36.6,74.0,-0.0,3.3,5.6,9.7,66,58,35,34,29.2,0,0,0,0,0,0,157813343124.07773,702986054.0,0.013300001,0.055,4682340,4124174,0,39.1,21.5,2026-10-06
930,HCSG,Healthcare,Medical Care Facilities,NASDAQ,645680,20.87,95.5,-2,16,-18.95,39.6,59.3,1.1,-0.8,-3.6,0.4,66,68,86,82,55.5,0,0,0,0,0,0,1444707799.737785,68632202.0,0.0539,0.027,762020,701764,0,72.9,1.6,2026-10-06
931,NSC,Industrials,Railroads,NYSE,1057470,317.44,95.49,4,10,-11.48,13.7,50.9,0.9,-0.1,-4.3,1.5,66,62,68,65,30.8,0,0,0,0,0,0,70302420749.0,224608373.0,0.034,0.114,906550,1151506,0,56.5,14.4,2026-10-06
932,USB,Financial Services,Banks - Regional,NYSE,7649666,57.51,95.47,-12,-15,-12.97,26.5,59.5,-1.7,-4.4,-7.6,-0.7,66,78,75,76,47.2,0,0,0,0,0,0,92439195144.0574,1558051446.0,0.01,0.104,8004570,7168090,0,69.1,16.1,2026-10-06
933,PATH,Technology,Software - Infrastructure,NYSE,55165116,13.12,95.46,-26,-85,-33.87,40.3,38.1,2.6,-1.3,-10.1,3.9,66,92,33,17,26.4,0,0,0,0,0,0,6493596416.020501,521155409.0,0.2574,0.134,42951320,59487926,1,42.1,53.7,2026-10-06
934,DLR,Real Estate,REIT - Specialty,NYSE,1982046,178.55,95.42,4,-6,-14.22,21.6,57.1,0.4,-1.1,-4.2,-0.7,66,62,52,75,27.3,0,0,0,0,0,0,66264082855.90965,370998727.0,0.0,0.299,1640600,2225480,0,54.1,15.8,2026-10-06
935,BUD,Consumer Defensive,Beverages - Brewers,NYSE,2392573,73.43,95.37,-5,-3,-15.21,27.9,58.3,-1.1,-3.1,-5.8,-2.0,66,71,73,71,52.7,0,0,0,0,0,0,153592050768.0,1969128856.0,0.008,0.11,2188770,2209684,0,66.9,9.0,2026-10-06
936,HRB,Consumer Cyclical,Personal Services,NYSE,1863326,41.68,95.31,-19,-66,-28.96,48.2,52.9,0.5,-3.4,-10.8,8.2,66,85,38,14,6.8,0,0,0,0,0,0,5200589079.900017,123265922.0,0.2316,0.03,2118480,2214514,0,36.0,58.0,2026-10-06
937,GSBD,Financial Services,Asset Management,NYSE,825963,9.07,95.26,2,-27,-16.87,5.8,29.8,-3.5,-5.2,-5.4,-3.0,66,64,35,43,11.0,0,0,0,0,0,0,1073908894.8858309,112569067.0,0.0573,-0.08,818660,900280,0,38.3,33.6,2026-10-06
938,BIP,Utilities,Utilities - Diversified,NYSE,826803,36.52,95.24,13,21,-17.08,8.3,30.0,2.0,1.1,-4.4,-2.9,66,53,61,68,34.2,0,0,0,0,0,0,15993601076.992037,460115128.0,2.37,0.194,922230,895938,0,54.0,5.6,2026-10-06
939,CTAS,Industrials,Specialty Business Services,NASDAQ,1975713,193.02,95.23,10,-13,-11.93,19.5,60.1,-0.6,-1.3,-3.0,3.9,66,56,33,29,17.7,0,0,0,0,0,0,79867444933.07495,399517000.0,0.0376,0.109,2224480,2029290,0,33.9,26.8,2026-10-06
940,MGTX,Healthcare,Biotechnology,NASDAQ,911090,10.79,95.23,-29,-32,-29.71,56.2,49.2,-2.2,-9.7,-15.1,8.0,66,95,92,84,57.3,0,0,0,0,0,0,1047829071.7050018,96042996.0,0.0583,86.086,1242130,772632,2,82.1,21.3,2026-10-06
941,NWS,Communication Services,Entertainment,NASDAQ,1198656,31.65,95.18,-2,-20,-11.49,24.8,65.7,0.8,-1.4,-3.1,6.0,66,68,50,34,20.0,0,0,0,0,0,0,17132903758.0,539619016.0,0.0868,0.108,942200,1163584,0,43.0,32.6,2026-10-06
942,BG,Consumer Defensive,Farm Products,NYSE,1944830,106.72,95.18,-3,2,-20.87,32.9,52.4,-1.1,-6.2,-5.4,-7.7,66,69,74,87,56.7,0,0,0,0,0,0,20940984407.0,192119123.0,0.0505,0.883,1796190,1711594,0,71.7,2.1,2026-10-06
943,AES,Utilities,Utilities - Diversified,NYSE,8306810,14.91,95.17,6,3,-15.52,10.9,38.0,0.2,0.4,0.8,1.4,66,60,57,68,28.5,0,0,0,0,0,0,10604655110.695576,713157713.0,0.025999999,0.199,8984710,7619660,0,53.4,14.4,2026-10-06
944,GAP,Consumer Cyclical,Apparel Retail,NYSE,8212836,22.51,95.13,31,15,-23.33,27.0,45.9,4.0,7.3,10.1,-0.8,66,35,19,66,32.6,0,0,0,0,0,0,7664714282.140861,351270137.0,0.1392,-0.02,6086330,6996870,0,38.1,-3.4,2026-10-06
945,EPR,Real Estate,REIT - Specialty,NYSE,851666,56.45,95.09,-1,0,-13.11,14.1,44.1,-1.8,-3.3,-6.8,-2.4,65,66,67,58,17.0,0,0,0,0,0,0,4353685177.535126,76608922.0,0.1329,0.106,738840,823970,0,52.0,26.0,2026-10-06
946,SLG,Real Estate,REIT - Office,NYSE,817650,48.81,95.08,-9,-28,-19.89,35.9,51.8,-3.4,-5.9,-11.1,3.0,65,74,55,21,5.5,0,0,0,0,0,0,3614053637.150784,70849907.0,0.23799999,0.273,853100,864040,0,38.9,46.7,2026-10-06
947,MH,Consumer Defensive,Education & Training Services,NYSE,592036,12.85,94.99,34,17,-28.61,38.4,39.3,-3.5,-2.7,0.0,-2.1,65,31,14,28,33.0,0,0,0,0,0,0,2435361114.645775,191308814.0,0.0921,0.026,753280,628758,0,26.5,1.3,2026-10-06
948,TEL,Technology,Electronic Components,NYSE,1954576,220.36,94.98,29,25,-12.75,11.8,43.4,1.6,4.0,4.5,2.2,65,36,32,77,19.9,0,0,0,0,0,0,63378130430.68555,289940672.0,0.033099998,0.138,1565560,2041238,0,41.2,0.3,2026-10-06
949,GNW,Financial Services,Insurance - Life,NYSE,4197150,9.55,94.98,-10,-26,-10.66,20.8,62.0,1.7,-2.7,-3.3,5.4,65,75,59,60,33.3,0,0,0,0,0,0,3563135394.2209854,377851037.0,0.0388,0.053,3994160,3536814,0,56.8,25.4,2026-10-06
950,UCB,Financial Services,Banks - Regional,NYSE,795736,34.11,94.96,2,-2,-8.26,16.8,59.8,-0.1,-1.8,-3.8,-0.0,65,63,59,69,34.7,0,0,0,0,0,0,4099515743.386471,119763827.0,0.0575,0.244,862890,822760,0,56.4,13.4,2026-10-06
951,CBOE,Financial Services,Financial Data & Stock Exchanges,BATS,1134543,271.26,94.96,1,-14,-26.92,19.9,34.0,3.6,1.5,-3.5,-3.4,65,64,49,76,42.2,0,0,0,0,0,0,26946335705.09073,104431019.0,0.0298,0.229,1298210,1080564,0,57.8,10.0,2026-10-06
952,CTSH,Technology,Information Technology Services,NASDAQ,6561020,58.51,94.93,13,-28,-32.77,50.2,40.5,0.1,-2.0,-1.6,-4.4,65,52,11,23,9.3,0,0,0,0,0,0,27117090866.088867,473000000.0,0.0801,0.045,7092880,7742072,0,23.8,31.3,2026-10-06
953,TARS,Healthcare,Biotechnology,NASDAQ,799723,73.0,94.93,-17,-54,-20.24,32.7,52.9,-1.8,-4.5,2.4,8.7,65,82,45,78,54.3,0,0,0,0,0,0,3541662978.9575195,46791688.0,0.135,0.694,833660,766026,0,64.8,18.4,2026-10-06
954,BKH,Utilities,Utilities - Regulated Gas,NYSE,953913,70.96,94.89,6,12,-9.82,17.4,62.2,0.1,-0.7,-2.4,-3.0,65,59,65,70,45.5,0,0,0,0,0,0,5372796245.048164,76253141.0,0.189,0.031,1137690,890706,0,59.9,3.9,2026-10-06
955,LYG,Financial Services,Banks - Regional,NYSE,14351866,5.5,94.89,-14,-16,-13.25,23.5,55.9,-3.0,-5.4,-8.3,-2.8,65,79,77,79,48.0,0,0,0,0,0,0,83198844113.79538,14419210466.0,0.00059999997,0.123,16943200,14230614,0,70.8,15.7,2026-10-06
956,XYZ,Technology,Software - Infrastructure,NYSE,4167496,74.33,94.84,-13,-25,-14.48,55.3,75.9,1.5,-0.6,-4.3,8.6,65,78,66,36,20.4,0,0,0,0,0,0,45912752799.9115,600795000.0,0.028800001,0.093,4295820,4411970,0,50.1,38.4,2026-10-06
957,ULTA,Consumer Cyclical,Specialty Retail,NASDAQ,609986,543.69,94.83,8,-26,-23.96,20.4,35.9,-0.6,-0.4,1.3,-2.3,65,57,23,49,18.4,0,0,0,0,0,0,23311373711.141785,42757471.0,0.0572,0.089,392590,595518,0,36.9,24.3,2026-10-06
958,SWIM,Industrials,Building Products & Equipment,NASDAQ,822080,6.41,94.78,2,-28,-28.51,34.2,50.6,1.3,0.8,-3.5,3.7,65,63,33,31,8.4,0,0,0,0,0,0,734699793.6064739,117646086.0,0.0608,0.144,778730,869134,0,33.9,36.7,2026-10-06
959,RKLB,Industrials,Aerospace & Defense,NASDAQ,19144680,73.92,94.77,27,74,-51.05,85.0,30.3,1.6,7.0,4.4,-10.4,65,38,85,90,64.5,0,0,0,0,0,0,47284440685.22252,639410989.0,0.0731,0.62,21869160,19085372,1,69.4,-28.4,2026-10-06
960,AUB,Financial Services,Banks - Regional,NYSE,1223273,38.82,94.77,-3,-1,-11.0,22.6,58.4,-0.2,-1.6,-5.6,-1.3,65,68,70,75,35.8,0,0,0,0,0,0,5538361492.54541,142814896.0,0.0773,0.358,1202800,1057652,0,62.2,14.5,2026-10-06
961,MO,Consumer Defensive,Tobacco,NYSE,7845946,67.35,94.75,6,20,-12.6,24.0,65.1,-0.6,-1.2,-0.7,0.7,65,59,73,69,26.8,0,0,0,0,0,0,114911776477.7546,1669743926.0,0.0234,0.012,6841510,8841234,0,56.9,12.7,2026-10-06
962,BEKE,Real Estate,Real Estate Services,NYSE,5617610,16.43,94.75,6,-23,-20.44,15.7,42.0,-0.6,-0.4,-3.0,-1.5,65,59,30,30,9.6,0,0,0,0,0,0,17970209464.072975,1100441491.0,0.0479,-0.057,6365480,4501350,0,32.1,33.4,2026-10-06
963,UMH,Real Estate,REIT - Residential,NYSE,702910,15.41,94.73,4,-12,-8.11,8.9,49.2,-0.5,-1.2,-3.0,-1.1,65,61,45,40,29.9,0,0,0,0,0,0,1311559370.511675,85166195.0,0.0,0.077,581880,681736,0,44.0,21.4,2026-10-06
964,NXPI,Technology,Semiconductors,NASDAQ,3265576,243.66,94.71,35,88,-28.32,31.4,38.9,1.8,4.2,4.3,-1.5,65,30,83,41,31.2,0,0,0,0,0,0,60035247007.64639,252164174.0,0.0322,0.195,3271760,3749546,0,46.3,-8.1,2026-10-06
965,HLT,Consumer Cyclical,Lodging,NYSE,1613550,319.36,94.7,16,36,-10.79,23.0,63.4,0.2,1.7,-0.4,-0.0,65,49,69,75,50.1,0,0,0,0,0,0,70661377220.43793,225064910.0,0.026500002,0.025,1598860,1854320,0,60.8,-7.8,2026-10-06
966,MMM,Industrials,Conglomerates,NYSE,2879410,161.89,94.69,6,-9,-12.44,15.6,51.6,-2.1,-1.4,-5.8,1.6,65,59,44,43,26.0,0,0,0,0,0,0,87440737376.20992,515722417.0,0.0194,0.025,3024950,2988762,0,43.0,21.2,2026-10-06
967,HMY,Basic Materials,Gold,NYSE,4254540,17.38,94.66,-16,-69,-33.31,29.9,31.3,-4.8,-9.2,-10.0,-5.6,65,81,28,31,16.0,0,0,0,0,0,0,11877349085.372831,626112257.0,0.0226,0.492,3744630,3663324,0,39.0,47.8,2026-10-06
968,BJ,Consumer Defensive,Discount Stores,NYSE,1905120,94.96,94.65,24,13,-10.23,11.9,52.6,0.4,1.2,-0.0,0.2,64,40,29,34,26.2,0,0,0,0,0,0,11847055078.324554,126314692.0,0.078099996,0.157,2219690,1798310,0,32.3,9.2,2026-10-06
969,CUZ,Real Estate,REIT - Office,NYSE,1420240,28.01,94.64,-3,7,-14.99,28.1,54.7,-2.6,-2.8,-6.6,2.1,64,67,77,29,16.5,0,0,0,0,0,0,4715848898.909298,164602058.0,0.1,0.116,1618500,1546816,0,47.4,31.9,2026-10-06
970,RNST,Financial Services,Banks - Regional,NYSE,680796,39.92,94.64,6,13,-10.37,18.7,57.2,-0.1,-1.3,-4.6,-0.5,64,58,65,70,35.1,0,0,0,0,0,0,3688170023.277855,91404465.0,0.061,0.453,808790,638016,0,57.0,8.4,2026-10-06
971,SBCF,Financial Services,Banks - Regional,NASDAQ,806770,32.68,94.64,-1,-14,-9.9,12.8,50.3,-0.1,-2.2,-4.7,0.1,64,65,52,66,31.6,0,0,0,0,0,0,3198063571.8078613,96823000.0,0.0631,0.383,843290,879120,0,53.7,17.8,2026-10-06
972,OSS,Technology,Computer Hardware,NASDAQ,725816,8.66,94.57,0,33,-58.52,91.9,25.6,-6.9,-7.5,-22.6,-26.8,64,64,97,94,73.1,0,0,0,0,0,0,231444399.7402668,24940130.0,0.19370002,0.623,733000,846730,2,82.0,-13.9,2026-10-06
973,LUV,Industrials,Airlines,NYSE,5628746,42.47,94.46,12,43,-22.94,41.1,48.5,-0.2,2.6,-0.7,-3.8,64,52,83,65,57.0,0,0,0,0,0,0,20879406167.97449,489208201.0,0.059699997,0.164,5893750,5282506,0,64.3,-8.2,2026-10-06
974,JPM,Financial Services,Banks - Diversified,NYSE,7455020,332.38,94.42,-10,-22,-9.31,17.5,60.2,-1.1,-3.4,-5.5,3.3,64,74,62,61,33.7,0,0,0,0,0,0,911917349566.9875,2658186195.0,0.0091,0.304,8503350,6947412,0,57.7,23.9,2026-10-06
975,KURA,Healthcare,Biotechnology,NASDAQ,2043626,10.65,94.41,-26,-28,-23.38,43.5,52.0,-2.1,-5.6,-5.0,8.3,64,90,88,66,43.5,0,0,0,0,0,0,957216280.8014698,88960619.0,0.171,0.365,1893710,1940220,1,71.9,28.3,2026-10-06
976,REXR,Real Estate,REIT - Industrial,NYSE,2636723,36.69,94.4,17,3,-17.33,13.0,35.8,-1.4,-2.6,-1.8,0.1,64,47,33,35,10.6,0,0,0,0,0,0,8355365278.4823,222988124.0,0.0655,-0.016,2702010,2712770,0,31.4,22.0,2026-10-06
977,LNC,Financial Services,Insurance - Life,NYSE,1934570,40.3,94.36,-16,-37,-15.46,25.5,57.7,0.2,-2.4,-5.6,3.8,64,80,59,38,23.1,0,0,0,0,0,0,7981439174.927093,191447336.0,0.0001,0.126,1761320,2048776,0,50.0,38.9,2026-10-06
978,VALE,Basic Materials,Other Industrial Metals & Mining,NYSE,30216416,13.76,94.35,-10,-19,-23.3,31.6,48.1,3.4,-0.5,-2.5,-7.7,64,74,65,91,55.8,0,0,0,0,0,0,57920930342.16979,4255762807.0,0.0108,0.064,28568390,27390380,1,71.5,6.6,2026-10-06
979,CFG,Financial Services,Banks - Regional,NYSE,3775613,64.33,94.34,-14,-15,-14.6,32.9,60.4,-0.3,-3.6,-7.7,-1.3,64,78,77,83,49.3,0,0,0,0,0,0,27599714403.50818,421176788.0,0.0002,0.147,4470690,3555134,0,71.8,13.4,2026-10-06
980,GPC,Consumer Cyclical,Auto Parts,NYSE,985400,127.24,94.3,-13,-34,-16.05,36.5,59.5,-1.1,-2.7,-4.4,5.3,64,77,56,30,11.5,0,0,0,0,0,0,17868003318.52292,137859758.0,0.0657,0.06,773840,1065808,0,43.6,44.3,2026-10-06
981,TRNO,Real Estate,REIT - Industrial,NYSE,746493,64.54,94.28,6,16,-18.24,15.2,44.4,-1.7,-1.7,-4.5,-1.4,64,58,68,69,38.8,0,0,0,0,0,0,7199668348.4449005,108970310.0,0.1035,0.111,842730,710292,0,58.5,6.4,2026-10-06
982,AXTA,Basic Materials,Specialty Chemicals,NYSE,1850943,32.2,94.27,-6,-14,-16.6,28.5,56.8,0.6,-1.0,-6.7,1.6,64,70,62,33,43.1,0,0,0,0,0,0,7039117570.70256,214019997.0,0.0432,0.031,2180620,1793132,0,52.0,21.6,2026-10-06
983,HLF,Consumer Defensive,Packaged Foods,NYSE,1604340,12.56,94.21,17,27,-38.43,61.3,38.9,1.2,2.4,2.3,-11.1,64,47,57,89,68.1,0,0,0,0,0,0,1315282438.9896584,104803380.0,0.1004,0.054,1232850,1563964,0,65.3,-20.0,2026-10-06
984,HOG,Consumer Cyclical,Recreational Vehicles,NYSE,1778466,24.55,94.19,-7,-19,-15.98,52.4,79.9,3.7,0.4,-1.2,12.3,64,71,59,51,14.7,0,0,0,0,0,0,2648645382.5510216,104072507.0,0.24159999,-0.059,1883290,1932350,0,48.9,33.4,2026-10-06
985,RDNT,Healthcare,Diagnostics & Research,NASDAQ,723753,69.93,94.12,-9,-31,-18.53,36.1,57.3,-0.4,-3.1,-2.8,7.8,64,73,51,28,11.8,0,0,0,0,0,0,5571014290.079948,78697757.0,0.1454,0.25,665840,745234,0,41.0,41.8,2026-10-06
986,FIBK,Financial Services,Banks - Regional,NASDAQ,1151780,36.0,94.06,-1,7,-11.33,21.5,57.8,-1.4,-2.7,-4.6,-1.9,64,65,73,66,39.7,0,0,0,0,0,0,3517693029.827671,95304607.0,0.1611,0.074,1212760,1152238,0,60.9,11.7,2026-10-06
987,GPN,Industrials,Specialty Business Services,NYSE,2544946,78.38,94.04,-15,-54,-18.25,31.6,60.9,-1.1,-3.6,-6.7,7.4,64,79,40,26,16.6,0,0,0,0,0,0,22886843985.814133,264618390.0,0.0739,0.686,2342730,2784698,0,40.4,45.7,2026-10-06
988,UMBF,Financial Services,Banks - Regional,NASDAQ,615683,130.94,94.02,-10,-7,-14.6,24.8,53.7,-2.0,-3.9,-8.2,-0.2,63,73,76,63,36.4,0,0,0,0,0,0,10315533630.874634,75950030.0,0.056799997,0.122,687670,610940,0,62.1,20.0,2026-10-06
989,DD,Basic Materials,Specialty Chemicals,NYSE,1119063,129.98,93.99,6,18,-17.72,41.3,61.5,0.1,1.1,-3.4,-5.1,63,57,69,86,55.9,0,0,0,0,0,0,17786511143.9106,135042975.0,0.041199997,0.04,865080,1366368,0,67.0,-6.4,2026-10-06
990,TDC,Technology,Software - Infrastructure,NYSE,1646863,30.14,93.98,17,57,-27.86,46.5,54.4,2.1,3.3,4.2,0.5,63,46,86,58,62.8,0,0,0,0,0,0,2691420049.6673584,93000000.0,0.2328,0.005,1282240,2291962,0,63.2,-14.8,2026-10-06
991,UTHR,Healthcare,Drug Manufacturers - Specialty & Generic,NASDAQ,804250,541.7,93.97,15,42,-11.1,29.1,66.7,5.3,6.4,4.9,2.1,63,48,75,89,48.5,0,0,0,0,0,0,20392380034.968018,42890692.0,0.0762,-0.019,1035640,694952,0,65.1,-11.1,2026-10-06
992,INFQ,Technology,Software - Infrastructure,NYSE,8265153,13.15,93.95,36,32,-38.2,43.7,34.8,-7.8,-6.0,0.2,,63,27,23,23,,0,0,0,0,0,0,3269930876.100136,225357052.0,2.52,1.565,7456480,8760610,0,24.3,,2026-10-06
993,FOX,Communication Services,Entertainment,NASDAQ,1199656,55.89,93.93,8,-23,-18.02,27.7,52.7,0.5,-1.5,-1.5,0.0,63,55,24,50,23.4,0,0,0,0,0,0,23841426973.93373,421673622.0,0.0776,0.281,1025520,1143598,0,38.1,19.9,2026-10-06
994,WMB,Energy,Oil & Gas Midstream,NYSE,7808010,70.54,93.9,-3,3,-11.91,25.3,62.5,1.4,-0.6,-1.7,-0.6,63,66,72,75,37.4,0,0,0,0,0,0,84716581723.68762,1223167472.0,0.0222,0.078,6395760,7246622,0,62.6,11.9,2026-10-06
995,FOXA,Communication Services,Entertainment,NASDAQ,4912183,62.28,93.9,6,-27,-18.47,29.8,53.2,0.5,-1.6,-1.8,0.3,63,57,24,52,24.5,0,0,0,0,0,0,26594955210.855423,421673622.0,0.26450002,0.281,4374610,4960718,0,39.4,20.6,2026-10-06
996,AGCO,Industrials,Farm & Heavy Construction Machinery,NYSE,1189546,114.61,93.89,-1,-26,-20.29,18.0,42.2,-0.5,-2.8,2.3,-0.2,63,64,39,71,33.9,0,0,0,0,0,0,8265144421.488136,70031729.0,0.060599998,-0.01,922960,1076730,0,52.0,16.2,2026-10-06
997,JANX,Healthcare,Biotechnology,NASDAQ,936586,16.93,93.87,-18,-62,-52.09,35.8,19.3,-1.7,-3.5,-3.3,10.2,63,81,37,20,3.0,0,0,0,0,0,0,996529353.2563438,61136773.0,0.1234,,799970,837008,0,35.3,55.6,2026-10-06
998,COCO,Consumer Defensive,Beverages - Non-Alcoholic,NASDAQ,1295383,55.97,93.85,22,72,-34.79,41.6,36.2,-3.8,-1.2,-8.5,-9.9,63,41,91,67,57.0,0,0,0,0,0,0,3390260733.099369,57864153.0,0.12550001,0.281,966090,1182626,1,64.0,-18.2,2026-10-06
999,MS,Financial Services,Capital Markets,NYSE,4991603,190.31,93.85,-15,-9,-18.06,25.2,50.0,-1.7,-5.4,-9.0,-1.9,63,78,84,75,50.4,0,0,0,0,0,0,308317864948.12964,1570566292.0,0.0,0.28,5771070,4890260,0,71.9,13.8,2026-10-06
1000,TTEK,Industrials,Engineering & Construction,NASDAQ,2203476,33.12,93.84,-5,-40,-23.23,27.3,43.5,-1.6,-4.7,-5.4,0.9,63,68,33,31,19.8,0,0,0,0,0,0,8682466514.41072,256044428.0,0.048699997,-0.039,2078580,2603066,0,38.0,35.0,2026-10-06
1001,ARCC,Financial Services,Asset Management,NASDAQ,4513916,18.86,93.84,6,-13,-10.79,7.9,38.3,-1.6,-2.8,-3.7,-1.9,63,57,38,33,13.9,0,0,0,0,0,0,13786039171.807957,718022845.0,0.0586,0.031,5076420,4454018,0,35.5,28.2,2026-10-06
1002,BLLN,Healthcare,Diagnostics & Research,NASDAQ,624323,105.9,93.77,8,38,-29.61,70.3,52.4,-4.8,0.5,1.7,14.5,63,55,85,20,,0,0,0,0,0,0,5807780723.442047,47187038.0,0.1004,0.644,621380,707820,0,53.3,,2026-10-06
1003,BBT,Financial Services,Banks - Regional,NYSE,1033880,28.34,93.69,-7,-16,-13.68,21.7,52.8,0.2,-4.7,-8.3,-5.6,63,70,61,79,45.6,0,0,0,0,0,0,2362775509.102619,83816086.0,0.0552,1.445,1449850,956768,0,63.9,11.3,2026-10-06
1004,HOMB,Financial Services,Banks - Regional,NYSE,1489636,28.67,93.63,2,-14,-9.56,11.3,49.8,-0.6,-2.4,-5.0,0.4,63,61,45,52,24.2,0,0,0,0,0,0,5839448806.538029,200049630.0,0.0695,0.086,1465190,1460138,0,45.6,21.8,2026-10-06
1005,KMI,Energy,Oil & Gas Midstream,NYSE,12357276,31.07,93.62,4,10,-10.74,21.6,65.8,1.7,1.1,-0.1,-0.2,63,59,65,74,38.4,0,0,0,0,0,0,68474164236.75,2226802089.0,0.0239,0.108,10973280,11553258,0,59.1,6.7,2026-10-06
1006,T,Communication Services,Telecom Services,NYSE,35282963,24.3,93.59,8,-26,-17.46,18.4,43.6,-2.2,-4.1,-2.9,-3.6,63,55,21,51,11.3,0,0,0,0,0,0,173913542046.2491,6852385650.0,0.0191,0.023,33044230,40285684,0,34.6,26.0,2026-10-06
1007,EXPO,Industrials,Engineering & Construction,NASDAQ,513496,67.3,93.55,8,-18,-17.88,28.1,57.7,4.1,2.7,1.5,3.4,63,55,29,32,22.6,0,0,0,0,0,0,3051507685.6299133,47546084.0,0.0865,0.12,602070,501808,0,34.7,23.4,2026-10-06
1008,ALLE,Industrials,Security & Protection Services,NYSE,1278953,154.21,93.52,7,-23,-15.78,22.3,51.8,-0.3,-0.0,-2.9,2.3,63,56,26,38,9.2,0,0,0,0,0,0,13135632437.22467,85036786.0,0.0354,0.127,1001000,1248234,0,32.3,30.0,2026-10-06
1009,PYPL,Financial Services,Credit Services,NASDAQ,12933703,52.8,93.52,-5,-54,-33.35,39.2,41.4,1.9,2.2,-3.7,8.3,63,68,19,20,5.2,0,0,0,0,0,0,47084567288.15782,855460874.0,0.038399998,0.048,12351010,12278060,0,28.1,45.9,2026-10-06
1010,DRI,Consumer Cyclical,Restaurants,NYSE,1200453,200.33,93.46,-4,-21,-12.81,18.0,52.2,-1.0,-3.0,-5.7,-2.2,62,66,49,37,26.5,0,0,0,0,0,0,22679965761.0,113541756.0,0.0723,0.051,1545490,1186250,0,44.6,27.3,2026-10-06
1011,CRVS,Healthcare,Biotechnology,NASDAQ,1049393,10.9,93.45,-31,-28,-59.55,65.2,22.3,-8.3,-12.7,-20.1,-24.2,62,93,96,98,72.7,0,0,0,1,0,1,977485359.653122,84120944.0,0.2321,,1055400,958008,3,89.9,8.8,2026-10-06
1012,UAL,Industrials,Airlines,NASDAQ,3714916,112.51,93.44,8,37,-18.92,29.1,48.7,-1.8,-0.2,-4.9,0.8,62,54,83,53,43.3,0,0,0,0,0,0,36997702601.36426,324569728.0,0.056599997,0.16,4056810,3525622,0,58.3,2.7,2026-10-06
1013,HAL,Energy,Oil & Gas Equipment & Services,NYSE,11014560,31.85,93.34,-14,-17,-26.93,50.2,51.8,1.3,-3.0,-3.5,-7.6,62,76,73,90,61.3,0,0,0,0,0,0,27293349424.53834,833130367.0,0.056700002,0.037,9663180,10762224,1,75.1,4.8,2026-10-06
1014,VTR,Real Estate,REIT - Healthcare Facilities,NYSE,3413756,84.01,93.3,-11,-6,-17.31,20.6,42.0,-4.8,-6.6,-9.9,-5.3,62,73,78,75,44.3,0,0,0,0,0,0,44416023347.34433,512946359.0,0.0442,0.217,3314080,3481232,0,67.6,13.4,2026-10-06
1015,CHD,Consumer Defensive,Household & Personal Products,NYSE,1833493,94.31,93.28,7,3,-11.06,17.2,59.4,0.4,0.6,-2.8,-0.4,62,55,51,52,34.1,0,0,0,0,0,0,22861711905.16001,237203907.0,0.052399997,0.016,1783500,1869424,0,48.0,11.4,2026-10-06
1016,DLB,Industrials,Specialty Business Services,NYSE,1007193,58.89,93.21,16,-12,-19.34,22.4,44.9,1.5,-0.2,-1.6,-0.5,62,46,18,31,7.3,0,0,0,0,0,0,5485244763.834515,93668795.0,0.1251,-0.033,883500,972968,0,25.6,25.1,2026-10-06
1017,DSGX,Technology,Software - Application,NASDAQ,709883,80.08,93.17,23,13,-18.58,28.4,50.8,1.0,2.7,3.3,8.0,62,39,29,17,10.0,0,0,0,0,0,0,6724971803.544693,85548553.0,2.51,0.118,512280,614352,0,23.8,19.9,2026-10-06
1018,NICE,Technology,Software - Application,NASDAQ,510276,113.9,93.14,25,8,-23.71,39.3,59.4,2.0,6.6,10.6,10.4,62,37,20,21,7.9,0,0,0,0,0,0,6592953220.786926,58442987.0,0.0211,0.076,734390,573820,0,21.5,19.4,2026-10-06
1019,TXNM,Utilities,Utilities - Regulated Electric,NYSE,1700296,58.41,93.12,20,16,-1.88,3.7,68.5,0.2,0.4,1.1,0.1,62,42,38,57,26.1,0,0,0,0,0,0,6444559350.051571,110125757.0,0.0661,0.092,1950990,1337952,0,40.8,5.3,2026-10-06
1020,VLY,Financial Services,Banks - Regional,NASDAQ,7182000,12.82,93.09,-8,2,-15.66,31.3,55.6,-0.6,-3.9,-8.4,-4.3,62,70,80,82,48.3,0,0,0,0,0,0,7228076313.919567,552605226.0,0.113299996,0.15,8305810,6835954,0,70.1,7.4,2026-10-06
1021,IREN,Financial Services,Capital Markets,NASDAQ,38981620,41.76,93.08,10,37,-45.67,38.1,23.7,-6.5,-7.7,-2.4,-11.2,62,52,79,98,9.1,0,0,0,1,0,1,17387837843.0,394058648.0,0.2171,-0.267,34363790,42118100,1,59.5,9.5,2026-10-06
1022,OHI,Real Estate,REIT - Healthcare Facilities,NYSE,1917640,45.72,93.06,3,17,-12.73,15.1,48.3,-1.6,-2.6,-3.9,-2.5,62,59,73,67,35.6,0,0,0,0,0,0,13842856714.874268,299111000.0,0.0477,0.112,1773860,1918242,0,58.6,8.7,2026-10-06
1023,BLK,Financial Services,Asset Management,NYSE,557870,1059.63,93.06,-1,-28,-13.14,15.6,51.3,-0.1,-0.1,-3.9,0.5,62,63,36,39,13.6,0,0,0,0,0,0,168236033818.66064,154869259.0,0.0134000005,0.306,499930,579820,0,37.9,32.2,2026-10-06
1024,CTNM,Healthcare,Biotechnology,NASDAQ,587270,13.12,93.04,-30,-26,-26.23,38.7,42.3,-0.2,-6.0,-14.4,-7.2,61,91,95,96,46.2,0,0,0,0,0,0,472521433.7064552,37621132.0,0.074499995,,755130,556528,3,82.0,21.0,2026-10-06
1025,USA,Financial Services,Asset Management,NYSE,1107669,5.82,92.94,5,-12,-10.05,7.4,37.7,-0.3,-0.8,-1.8,-1.5,61,56,39,36,11.8,0,0,0,0,0,0,1809247566.8370943,308219353.0,0.0004,-0.058,951368,1200671,0,35.7,27.8,2026-10-06
1026,J,Industrials,Engineering & Construction,NYSE,826353,138.06,92.91,-4,-37,-18.04,29.3,54.9,0.2,-1.5,-3.2,4.2,61,65,32,33,11.7,0,0,0,0,0,0,16338850650.663208,118080879.0,0.0313,0.345,836580,864674,0,35.4,36.4,2026-10-06
1027,VIK,Consumer Cyclical,Travel Services,NYSE,4519830,80.56,92.9,-8,12,-26.82,42.0,46.8,1.6,-1.9,-11.4,-3.6,61,69,89,83,60.0,0,0,0,0,0,0,35865042720.231384,446638124.0,0.037,0.165,5594590,3870096,0,75.3,-0.3,2026-10-06
1028,SW,Consumer Cyclical,Packaging & Containers,NYSE,4416883,42.54,92.89,-3,-17,-19.2,29.3,50.5,-5.1,-4.3,-8.9,-2.0,61,64,50,44,23.0,0,0,0,0,0,0,24343108080.24416,524522908.0,0.051999997,0.011,4220060,4751014,0,45.3,25.9,2026-10-06
1029,SONY,Technology,Consumer Electronics,NYSE,3685776,23.82,92.87,8,-20,-21.49,21.8,38.6,0.5,-0.2,-0.4,5.4,61,53,25,26,8.0,0,0,0,0,0,0,137657590257.31476,5845333109.0,0.0021,0.082,3243880,4462472,0,28.0,30.7,2026-10-06
1030,PCRX,Healthcare,Drug Manufacturers - Specialty & Generic,NASDAQ,526953,25.21,92.87,-5,-16,-8.86,30.7,69.6,-0.3,0.1,-0.8,4.8,61,66,55,53,24.1,0,0,0,0,0,0,1001330609.773426,39861886.0,0.2727,0.062,510730,598440,0,49.5,24.7,2026-10-06
1031,FR,Real Estate,REIT - Industrial,NYSE,983036,59.46,92.86,1,14,-14.91,17.8,48.2,-2.1,-2.9,-5.2,-3.6,61,60,73,71,42.3,0,0,0,0,0,0,8109332593.336304,132570424.0,0.0461,0.084,1136630,958444,0,61.6,5.3,2026-10-06
1032,FITB,Financial Services,Banks - Regional,NYSE,5782186,50.87,92.82,-9,-3,-14.5,25.9,54.9,-1.0,-3.4,-7.2,-1.7,61,70,76,72,42.1,0,0,0,0,0,0,47232451916.67938,906573000.0,0.0,0.518,7164340,5667614,0,65.0,13.0,2026-10-06
1033,AVGO,Technology,Semiconductors,NASDAQ,25132500,355.14,92.81,18,50,-28.25,23.6,36.7,2.4,2.3,-2.8,-1.4,61,43,75,84,32.7,0,0,0,0,0,0,1684184341016.2805,4773629865.0,0.0111,0.855,21730010,22975154,0,58.7,-6.2,2026-10-06
1034,TRVI,Healthcare,Biotechnology,NASDAQ,1651016,13.91,92.8,-30,-26,-31.21,43.7,41.9,-4.5,-8.5,-18.2,-3.9,61,91,95,90,68.0,0,0,0,0,0,0,2053076847.069912,142475841.0,0.094,,1890440,1623778,3,86.0,11.3,2026-10-06
1035,FDS,Financial Services,Financial Data & Stock Exchanges,NYSE,908723,266.0,92.78,-10,-52,-17.0,45.4,69.9,1.7,0.8,-2.3,11.0,61,71,29,16,19.2,0,0,0,0,0,0,9712238004.875336,35565543.0,0.1243,0.064,843070,894762,0,33.8,41.1,2026-10-06
1036,MTB,Financial Services,Banks - Regional,NYSE,1027366,219.14,92.77,-9,-10,-14.38,22.2,52.5,-0.5,-3.6,-8.3,-2.6,61,70,69,70,38.7,0,0,0,0,0,0,32057730623.84033,144933000.0,0.0417,0.062,907740,1016068,0,61.9,15.8,2026-10-06
1037,FHI,Financial Services,Asset Management,NYSE,642740,56.07,92.74,-8,-11,-16.56,19.5,50.9,-0.9,-2.5,-7.3,-1.0,61,69,66,73,36.7,0,0,0,0,0,0,4316857424.63549,74660281.0,0.062,0.183,573890,612332,0,61.2,15.6,2026-10-06
1038,MTN,Consumer Cyclical,Resorts & Casinos,NYSE,905090,141.16,92.74,23,44,-13.58,17.0,47.4,0.3,0.9,-2.9,1.4,61,38,59,32,11.2,0,0,0,0,0,0,4850079245.608978,35633526.0,0.2916,-0.07,1211170,781308,0,35.1,12.5,2026-10-06
1039,MA,Financial Services,Credit Services,NYSE,2764790,552.26,92.74,-3,-32,-8.14,19.7,72.5,0.8,0.0,-1.2,6.1,61,64,35,33,18.9,0,0,0,0,0,0,497267063827.9614,876009940.0,0.0083,0.141,3030560,2896522,0,37.7,31.6,2026-10-06
1040,APG,Industrials,Engineering & Construction,NYSE,3401656,40.48,92.73,20,35,-19.02,20.9,44.5,4.6,6.3,1.8,-2.9,61,41,56,82,45.7,0,0,0,0,0,0,16620884626.965431,432160297.0,0.0298,0.133,2718720,3122550,0,56.2,-12.1,2026-10-06
1041,SMA,Real Estate,REIT - Industrial,NYSE,789640,32.51,92.73,8,-5,-15.97,9.6,34.1,1.4,1.0,-2.1,0.4,61,53,40,37,9.5,0,0,0,0,0,0,1756855266.8441277,55368903.0,0.1066,0.114,798620,728490,0,34.9,26.2,2026-10-06
1042,SPG,Real Estate,REIT - Retail,NYSE,1230476,200.95,92.72,-3,9,-15.74,16.2,44.3,-0.9,-1.4,-6.1,-1.2,61,64,76,74,35.3,0,0,0,0,0,0,66271462232.12067,323559515.0,0.0,0.195,1082520,1269890,0,62.3,11.2,2026-10-06
1043,VOYG,Industrials,Aerospace & Defense,NYSE,2092806,30.93,92.68,0,-17,-40.97,67.9,36.1,-4.6,-9.2,-12.3,-5.4,61,61,44,24,15.7,0,0,0,0,0,0,1913261054.2807388,61029060.0,0.19139999,0.155,3628510,1959850,0,36.2,31.8,2026-10-06
1044,LEA,Consumer Cyclical,Auto Parts,NYSE,642590,120.85,92.68,2,16,-19.61,25.4,47.3,0.6,-1.5,-3.7,-5.6,61,59,73,74,46.3,0,0,0,0,0,0,8169389229.488983,66574764.0,0.060500003,0.03,597390,686802,0,63.1,2.0,2026-10-06
1045,CB,Financial Services,Insurance - Property & Casualty,NYSE,1650816,330.89,92.66,-6,-5,-9.57,23.2,65.4,-0.5,-1.6,-3.4,0.1,60,66,67,65,44.8,0,0,0,0,0,0,128614097111.04164,385799859.0,0.0093,0.061,1558490,1654576,0,60.7,10.7,2026-10-06
1046,ZION,Financial Services,Banks - Regional,NASDAQ,1456740,63.17,92.66,-14,-14,-13.87,34.8,62.0,0.4,-2.8,-6.6,-0.2,60,74,74,70,39.4,0,0,0,0,0,0,9316202916.898577,145953355.0,0.0479,0.352,1465170,1423090,0,64.4,18.1,2026-10-06
1047,LYV,Communication Services,Entertainment,NYSE,1925550,168.77,92.63,-9,-5,-10.82,35.9,71.7,0.4,0.5,-3.6,4.1,60,69,73,66,35.5,0,0,0,0,0,0,39805789481.85242,232959505.0,0.147,0.094,1915060,2005960,0,60.9,17.0,2026-10-06
1048,BXSL,Financial Services,Asset Management,NYSE,1400406,23.61,92.6,9,-6,-17.42,2.3,10.0,-3.1,-3.9,-3.4,-3.8,60,51,36,33,10.4,0,0,0,0,0,0,5745041718.0315895,232970063.0,0.0473,-0.071,1611970,1501220,0,32.6,25.4,2026-10-06
1049,AI,Technology,Software - Infrastructure,NYSE,5187723,11.01,92.59,30,15,-45.55,42.9,28.0,2.6,3.4,7.8,8.3,60,30,15,7,1.7,0,0,0,0,0,0,1712305405.0673523,160779856.0,0.2858,-0.255,4214830,4951400,0,13.4,20.3,2026-10-06
1050,BHC,Healthcare,Drug Manufacturers - Specialty & Generic,NYSE,2371903,5.8,92.57,-7,-55,-27.5,33.0,42.1,2.1,1.2,-3.7,2.0,60,67,19,33,11.5,0,0,0,0,0,0,2128006313.489912,373990561.0,0.028800001,0.127,1752400,3628784,0,32.6,39.3,2026-10-06
1051,EXK,Basic Materials,Silver,NYSE,8520730,8.6,92.57,-29,-68,-43.23,21.6,21.7,-4.8,-10.8,-12.1,-13.5,60,89,50,86,39.8,0,0,0,0,0,0,2780796759.483138,296144479.0,2.13,1.394,8051060,8486424,0,66.2,29.1,2026-10-06
1052,NDAQ,Financial Services,Financial Data & Stock Exchanges,NASDAQ,3173396,90.33,92.56,-4,-30,-11.26,20.0,63.6,-0.7,-0.3,-2.9,1.7,60,64,38,38,29.8,0,0,0,0,0,0,52292334856.46356,558977372.0,0.0197,0.149,3283590,3103914,0,42.5,24.9,2026-10-06
1053,VOR,Healthcare,Biotechnology,NASDAQ,1122070,18.69,92.55,-36,-94,-62.58,170.8,38.3,-1.9,-10.4,-15.4,10.8,60,96,38,28,1.0,0,0,0,0,0,0,1095685711.962349,59162294.0,0.15720001,,1497190,997114,1,40.8,66.9,2026-10-06
1054,ZWS,Industrials,Pollution & Treatment Controls,NYSE,860640,47.67,92.54,15,22,-13.33,9.8,45.3,2.2,3.0,-1.0,-0.6,60,45,52,77,25.1,0,0,0,0,0,0,7737560378.138527,165864097.0,0.0399,0.105,751700,884022,0,49.8,2.8,2026-10-06
1055,CVS,Healthcare,Healthcare Plans,NYSE,7390166,86.46,92.51,-14,-3,-21.88,24.2,41.8,0.4,-3.1,-7.9,-0.8,60,74,85,59,39.5,0,0,0,0,0,0,113994625476.17296,1278970369.0,0.0127,0.071,8976280,7690836,0,64.4,19.2,2026-10-06
1056,WTRG,Utilities,Utilities - Regulated Water,NYSE,2475483,39.38,92.49,-3,-27,-7.36,6.7,42.1,-1.8,-4.3,-4.4,-1.3,60,63,39,51,21.6,0,0,0,0,0,0,11212011471.758331,283632983.0,0.0305,0.031,2456440,2284828,0,43.6,25.5,2026-10-06
1057,SFBS,Financial Services,Banks - Regional,NYSE,636523,40.15,92.47,-2,-5,-12.79,16.6,47.4,-2.7,-4.3,-8.1,-2.6,60,62,59,55,18.7,0,0,0,0,0,0,4517042926.362534,109345020.0,0.0647,0.301,674730,559510,0,48.7,23.3,2026-10-06
1058,AER,Industrials,Rental & Leasing Services,NYSE,1144890,144.34,92.47,-2,3,-9.11,19.6,66.3,-1.2,0.0,-2.6,-0.7,60,62,67,77,42.6,0,0,0,0,0,0,23453435393.962936,157184065.0,0.0222,0.149,1165750,1113540,0,62.1,6.2,2026-10-06
1059,SBUX,Consumer Cyclical,Restaurants,NASDAQ,6583293,94.71,92.45,-10,-8,-14.3,20.4,53.1,-0.2,-2.0,-7.5,-4.4,60,70,72,65,35.3,0,0,0,0,0,0,108140400695.80078,1140000000.0,0.038900003,-0.014,6983380,7034214,0,60.6,18.1,2026-10-06
1060,COLB,Financial Services,Banks - Regional,NASDAQ,2814710,28.92,92.43,-4,5,-14.13,19.8,50.0,-0.5,-2.2,-5.3,-3.3,59,63,72,72,38.2,0,0,0,0,0,0,8385223050.850159,282902268.0,0.0375,0.351,2589270,2908380,0,61.3,9.7,2026-10-06
1061,BCAT,Financial Services,Asset Management,NYSE,1084670,13.73,92.41,-15,-14,-15.25,0.6,3.0,-0.9,-4.7,-10.5,-9.7,59,74,75,67,13.4,0,0,0,0,0,0,1450079891.111621,105845249.0,2.91,,1269981,909044,0,57.4,31.6,2026-10-06
1062,AMCR,Consumer Cyclical,Packaging & Containers,NYSE,3294800,41.86,92.38,-10,-29,-17.82,13.9,36.8,-1.2,-1.5,-7.0,-2.4,59,69,50,36,23.5,0,0,0,0,0,0,19654314505.86811,462345690.0,0.050100002,0.259,2970640,3610734,0,44.6,31.2,2026-10-06
1063,QNST,Communication Services,Advertising Agencies,NASDAQ,1066053,14.97,92.37,-30,-44,-32.84,42.0,38.7,2.0,-8.3,-15.8,4.6,59,89,75,23,18.6,0,0,0,0,0,0,824589069.9884033,57223392.0,0.14770001,0.427,1311190,1047942,0,51.4,49.8,2026-10-06
1064,VNOM,Energy,Oil & Gas Midstream,NASDAQ,1748433,40.64,92.35,-1,-3,-20.52,14.0,33.3,0.4,-3.5,-5.0,-6.6,59,60,58,79,32.8,0,0,0,0,0,0,7956998714.897713,194405049.0,0.0481,1.152,2064870,1731154,0,57.5,10.0,2026-10-06
1065,DCI,Industrials,Specialty Industrial Machinery,NYSE,688733,88.65,92.34,0,-3,-21.44,11.7,30.3,2.0,1.8,-2.5,-2.2,59,59,56,66,33.6,0,0,0,0,0,0,10131704800.36557,115910129.0,0.0307,0.08,592460,670060,0,53.6,11.6,2026-10-06
1066,DOW,Basic Materials,Chemicals,NYSE,8828043,27.97,92.33,0,-19,-34.56,38.1,37.0,1.6,-0.6,-4.3,-11.0,59,59,40,90,47.9,0,0,0,0,0,0,20239987052.881336,722340711.0,0.0554,0.197,8801950,8990176,1,59.2,1.3,2026-10-06
1067,CAL,Consumer Cyclical,Apparel Retail,NYSE,569330,12.22,92.33,23,15,-18.75,38.3,57.8,-1.3,-0.1,-4.7,-2.3,59,36,28,34,12.3,0,0,0,0,0,0,432002327.83512497,34504977.0,0.1252,0.056,462230,535002,0,27.6,13.0,2026-10-06
1068,AVY,Consumer Cyclical,Packaging & Containers,NYSE,1022706,169.87,92.3,4,-20,-14.87,11.1,38.2,-0.5,-0.3,-2.3,-1.6,59,55,31,40,28.8,0,0,0,0,0,0,12909751830.735537,75788142.0,0.0327,0.109,668520,961988,0,38.7,18.5,2026-10-06
1069,AESI,Energy,Oil & Gas Equipment & Services,NYSE,3438540,12.04,92.28,5,28,-40.19,57.0,39.7,6.5,-0.8,3.2,-5.0,59,54,77,45,39.8,0,0,0,0,0,0,1557572665.8333893,124905584.0,0.26770002,0.016,4585590,3646260,0,54.0,6.6,2026-10-06
1070,AMP,Financial Services,Asset Management,NYSE,584940,490.91,92.22,-17,-42,-14.26,15.0,46.0,-0.2,-5.4,-8.8,0.4,59,76,51,32,22.4,0,0,0,0,0,0,43548276967.0,88333219.0,0.041300002,0.116,726810,526140,0,45.3,38.1,2026-10-06
1071,TREX,Industrials,Building Products & Equipment,NYSE,1522213,43.56,92.2,2,1,-19.78,46.7,60.1,0.7,0.7,-2.9,4.9,59,57,56,24,8.2,0,0,0,0,0,0,4653624167.032127,103898729.0,0.100200005,0.078,1587690,1770320,0,36.3,31.1,2026-10-06
1072,ATHM,Communication Services,Internet Content & Information,NYSE,651446,20.56,92.19,-7,-36,-30.31,25.8,34.0,-2.3,-3.1,-6.3,1.7,58,65,36,18,3.5,0,0,0,0,0,0,2456595522.843157,115170911.0,0.0478,-0.319,413430,697622,0,30.6,43.1,2026-10-06
1073,PNFP,Financial Services,Banks - Regional,NYSE,1030186,96.09,92.15,-1,-9,-12.91,17.0,51.7,1.7,-0.4,-4.8,-0.8,58,59,51,37,28.4,0,0,0,0,0,0,14351167605.263672,151112640.0,0.0373,1.37,1117960,1064026,0,43.8,20.5,2026-10-06
1074,CDE,Basic Materials,Gold,NYSE,35464203,17.66,92.14,-25,-62,-36.41,23.4,24.2,-7.1,-11.2,-10.1,-11.5,58,83,46,93,12.6,0,0,0,0,0,0,19756909955.73305,1027934998.0,0.050100002,1.259,35916330,36530134,1,58.6,36.9,2026-10-06
1075,DG,Consumer Defensive,Discount Stores,NYSE,2628496,118.94,92.13,-14,-45,-24.83,24.4,38.8,-1.7,-3.0,-4.0,-5.9,58,72,41,55,45.1,0,0,0,0,0,0,27541799255.677185,220616790.0,0.0309,0.052,2192040,2353462,0,53.3,20.0,2026-10-06
1076,SBRA,Real Estate,REIT - Healthcare Facilities,NASDAQ,2278980,19.16,92.13,-8,-18,-15.85,10.7,35.7,-2.6,-4.5,-6.9,-4.4,58,66,56,65,28.7,0,0,0,0,0,0,5070935804.051308,255462756.0,0.112799995,0.253,2464670,2419956,0,53.9,19.8,2026-10-06
1077,ICLR,Healthcare,Diagnostics & Research,NASDAQ,886273,162.05,92.09,-4,8,-20.53,110.2,71.8,-0.1,0.3,0.6,15.0,58,62,74,15,9.9,0,0,0,0,0,0,13295984978.243576,77154209.0,0.0385,0.012,1072690,857664,0,40.2,34.3,2026-10-06
1078,DNLI,Healthcare,Biotechnology,NASDAQ,1571083,20.0,92.08,-21,-8,-26.74,38.2,43.0,-3.3,-3.8,-12.7,-5.5,58,79,92,77,58.6,0,0,0,0,0,0,3259288449.606888,159847403.0,0.11310001,,1994950,1497090,1,76.7,9.3,2026-10-06
1079,CME,Financial Services,Financial Data & Stock Exchanges,NASDAQ,1847216,263.14,92.06,3,-26,-20.06,23.5,47.7,1.6,-0.2,-0.3,-3.0,58,55,26,68,23.7,0,0,0,0,0,0,95101527428.69576,359579263.0,0.018,0.008,1663110,1894346,0,43.2,15.9,2026-10-06
1080,CMC,Industrials,Metal Fabrication,NYSE,1084033,63.58,92.06,7,-8,-25.09,18.4,36.5,2.3,0.4,-3.7,-6.2,58,51,36,70,38.9,0,0,0,0,0,0,7271337910.908546,110624335.0,0.0739,0.229,1049490,1084262,0,49.0,3.8,2026-10-06
1081,ITW,Industrials,Specialty Industrial Machinery,NYSE,1264536,262.92,91.95,2,-5,-13.27,9.6,39.5,-1.3,-1.3,-5.1,-1.7,58,56,49,64,23.1,0,0,0,0,0,0,78126338085.9375,284800000.0,0.0309,0.061,1518100,1279012,0,48.0,15.6,2026-10-06
1082,PECO,Real Estate,REIT - Retail,NASDAQ,1055443,37.76,91.94,3,21,-14.91,12.4,38.2,0.0,-0.9,-5.0,-4.1,58,55,73,65,38.0,0,0,0,0,0,0,4812092921.447754,128700000.0,0.051799998,0.067,1327850,966038,0,57.7,4.7,2026-10-06
1083,CBSH,Financial Services,Banks - Regional,NASDAQ,991813,55.28,91.87,-5,-9,-9.26,16.1,59.6,-0.6,-2.7,-5.0,1.7,57,62,58,33,19.5,0,0,0,0,0,0,8095311929.345879,143432178.0,0.0456,0.142,950820,994224,0,43.1,27.4,2026-10-06
1084,TROW,Financial Services,Asset Management,NASDAQ,1459180,104.62,91.86,-5,8,-14.25,20.6,50.0,-0.6,-1.0,-5.4,0.0,57,62,75,37,24.7,0,0,0,0,0,0,22506955789.19182,213315850.0,0.14930001,0.107,1514520,1636134,0,49.7,22.3,2026-10-06
1085,ECAT,Financial Services,Asset Management,NYSE,584842,13.99,91.84,-6,-2,-16.38,3.8,15.7,-1.0,-2.8,-7.0,-7.9,57,63,67,57,8.1,0,0,0,0,0,0,1399519049.1346817,99468307.0,0.0044,,577756,564395,0,48.8,28.3,2026-10-06
1086,DEO,Consumer Defensive,Beverages - Wineries & Distilleries,NYSE,936046,84.75,91.82,4,-16,-17.51,15.9,38.8,-2.1,-2.7,-6.3,-1.7,57,53,33,25,9.7,0,0,0,0,0,0,48652361407.8008,555899946.0,0.0056,-0.017,815570,1111018,0,30.2,29.3,2026-10-06
1087,JFR,Financial Services,Asset Management,NYSE,776040,7.35,91.78,4,4,-10.26,0.8,6.3,-1.5,-2.9,-4.6,-5.1,57,53,53,46,10.9,0,0,0,0,0,0,1179891212.96916,160967425.0,0.0033000002,0.043,1085192,688960,0,40.7,22.5,2026-10-06
1088,WULF,Financial Services,Capital Markets,NASDAQ,28069816,15.49,91.77,-4,32,-48.09,34.6,21.1,-5.1,-7.6,-9.6,-18.2,57,61,97,99,55.2,0,0,0,1,0,1,7853766861.775133,498968677.0,0.2855,-0.06,25335820,30116518,2,78.0,-8.3,2026-10-06
1089,BHVN,Healthcare,Biotechnology,NYSE,3369413,12.87,91.75,-33,-35,-30.68,66.5,50.2,-2.9,-3.0,-7.8,7.6,57,90,88,19,7.8,0,0,0,0,0,0,1962058680.618822,151043781.0,0.1732,,2132590,2789290,1,51.2,55.5,2026-10-06
1090,ALL,Financial Services,Insurance - Property & Casualty,NYSE,2112276,223.74,91.6,-23,-28,-19.29,18.3,40.8,-0.5,-6.1,-11.2,-0.0,56,79,74,58,32.2,0,0,0,0,0,0,57550470963.32245,252857950.0,0.0001,0.118,3091600,1958246,0,60.8,28.1,2026-10-06
1091,ACIW,Technology,Software - Infrastructure,NASDAQ,740963,50.15,91.52,-16,-9,-17.89,33.1,58.7,3.5,1.5,-2.9,9.8,56,72,79,27,18.1,0,0,0,0,0,0,4998293812.45998,100955241.0,0.092,0.073,670440,882846,0,49.0,35.3,2026-10-06
1092,GBDC,Financial Services,Asset Management,NASDAQ,1381786,12.54,91.49,7,-1,-12.98,3.4,17.1,-1.1,-1.5,-3.8,-4.3,56,49,41,37,11.9,0,0,0,0,0,0,3235258808.844922,259651589.0,0.0535,-0.14,1548030,1277322,0,34.7,21.7,2026-10-06
1093,SQM,Basic Materials,Specialty Chemicals,NYSE,1013406,64.52,91.45,-26,-26,-34.16,61.5,45.9,-0.8,-4.2,-8.7,-14.2,55,81,81,94,70.5,0,0,0,0,0,0,19106312802.78052,285637808.0,2.42,1.367,921570,972786,1,81.6,2.7,2026-10-06
1094,CCK,Consumer Cyclical,Packaging & Containers,NYSE,927583,106.05,91.41,-20,-37,-13.72,18.1,51.3,-0.5,-2.5,-7.3,-0.8,55,75,58,63,36.6,0,0,0,0,0,0,11752660553.131409,108760511.0,0.0269,0.165,1073520,912494,0,58.1,23.3,2026-10-06
1095,FLOC,Energy,Oil & Gas Equipment & Services,NYSE,560923,18.46,91.4,-3,1,-34.68,29.8,30.6,-1.3,-5.7,-10.9,-15.3,55,58,62,83,49.0,0,0,0,0,0,0,841637240.6212006,43972689.0,0.0939,0.221,551110,563842,0,63.0,-0.9,2026-10-06
1096,IEP,Energy,Oil & Gas Refining & Marketing,NASDAQ,849996,6.67,91.38,5,11,-28.43,0.5,1.2,-2.9,-3.7,-5.9,-11.7,55,50,56,56,5.6,0,0,0,0,0,0,4947969074.399259,710915093.0,0.107700005,0.257,972970,1088864,0,41.9,20.4,2026-10-06
1097,ESS,Real Estate,REIT - Residential,NYSE,562070,268.65,91.37,0,13,-11.44,13.5,55.0,0.1,-0.2,-3.0,1.3,55,55,68,38,26.3,0,0,0,0,0,0,17454129988.455933,64261739.0,0.054,0.031,610670,507898,0,46.8,16.5,2026-10-06
1098,DB,Financial Services,Banks - Regional,NYSE,1998576,34.97,91.36,-27,-49,-15.98,23.3,50.0,-2.5,-7.1,-8.2,-0.8,55,82,60,54,20.1,0,0,0,0,0,0,68715029426.57471,1879000000.0,0.0027,0.087,2356480,1923650,0,54.0,38.7,2026-10-06
1099,FTV,Technology,Scientific & Technical Instruments,NYSE,2222586,57.47,91.33,4,16,-10.98,20.0,58.8,2.4,3.0,-1.6,-1.6,55,51,63,68,42.5,0,0,0,0,0,0,17099654714.4081,304861021.0,0.057600003,0.079,1917210,2421548,0,56.1,-0.4,2026-10-06
1100,FNB,Financial Services,Banks - Regional,NYSE,4114200,17.45,91.3,-7,-6,-10.92,18.8,56.8,-0.0,-2.1,-5.5,-2.7,55,62,63,72,34.0,0,0,0,0,0,0,6279203843.096848,355963949.0,0.081599995,0.068,5073970,4084422,0,57.8,11.9,2026-10-06
1101,CART,Consumer Cyclical,Internet Retail,NASDAQ,3737863,44.25,91.28,-24,-36,-16.0,38.7,67.6,4.3,0.6,-3.7,7.2,55,79,67,36,43.6,0,0,0,0,0,0,9998487575.813038,231500067.0,0.1058,0.141,3960440,4017970,0,56.4,27.5,2026-10-06
1102,MDLZ,Consumer Defensive,Confectioners,NASDAQ,7937473,58.19,91.26,1,-13,-12.69,13.6,51.8,-1.8,-3.7,-5.5,-1.9,55,54,40,37,16.3,0,0,0,0,0,0,77339898401.5,1283649766.0,0.024400001,0.041,8162790,8217470,0,36.8,23.6,2026-10-06
1103,BNTX,Healthcare,Biotechnology,NASDAQ,1094073,96.9,91.16,-5,-32,-21.85,16.4,38.8,-0.8,-0.3,-1.1,-0.1,54,59,32,34,15.1,0,0,0,0,0,0,24748653295.043625,251204366.0,0.0348,-0.595,818670,1254736,0,35.0,29.7,2026-10-06
1104,CRC,Energy,Oil & Gas E&P,NYSE,883466,52.43,91.14,20,24,-27.16,21.7,35.6,2.0,-1.3,-0.1,-5.8,54,34,38,88,23.9,0,0,0,0,0,0,4663932432.348759,88819893.0,0.0631,0.33,829220,869978,0,46.0,-6.2,2026-10-06
1105,NJR,Utilities,Utilities - Regulated Gas,NYSE,695686,51.59,91.13,-4,10,-15.23,15.3,42.5,-0.6,-2.7,-6.0,-5.6,54,58,72,75,33.8,0,0,0,0,0,0,5107640871.12764,100921573.0,0.0546,0.168,814190,680906,0,59.7,7.3,2026-10-06
1106,BEAG,Financial Services,Shell Companies,NASDAQ,624351,10.7,91.11,8,7,-3.69,2.1,51.2,-0.2,-0.6,-0.5,0.6,54,46,45,45,25.0,0,0,0,0,0,0,335415781.1946869,31318000.0,0.0004,,1837075,376881,0,40.2,10.8,2026-10-06
1107,OSW,Consumer Cyclical,Leisure,NASDAQ,988990,23.62,91.09,8,33,-19.24,18.3,38.1,0.5,2.4,-6.2,-2.8,54,46,71,77,37.9,0,0,0,0,0,0,2326350486.783737,101498712.0,0.0789,0.085,833160,966004,0,58.0,-4.6,2026-10-06
1108,FN,Technology,Electronic Components,NYSE,818726,463.69,91.01,35,80,-38.08,25.4,23.9,6.8,10.4,1.4,-14.7,54,19,64,97,50.7,0,0,0,0,0,0,14957114409.884766,35834864.0,0.056900002,0.446,725180,891864,1,57.7,-36.0,2026-10-06
1109,SRRK,Healthcare,Biotechnology,NASDAQ,1871423,46.81,91.01,-32,-35,-24.21,55.4,48.2,-9.6,-13.0,-16.6,-10.3,54,86,83,82,51.2,0,0,0,0,0,0,5922418393.740715,121785282.0,0.1989,,1927070,1546524,0,75.6,18.5,2026-10-06
1110,HLIT,Technology,Communication Equipment,NASDAQ,1391090,11.17,90.94,-4,27,-36.82,26.8,28.7,2.9,0.2,-4.1,-2.6,53,57,88,52,30.5,0,0,0,0,0,0,1200821584.4133282,109066445.0,0.0813,0.535,1253130,1546178,0,56.9,11.2,2026-10-06
1111,CRWV,Technology,Software - Infrastructure,NASDAQ,26158943,89.62,90.9,18,9,-41.5,43.7,32.3,-0.1,0.3,0.4,-5.4,53,35,26,82,1.9,0,0,0,0,0,0,48309088949.39264,551536602.0,0.17639999,1.125,26757500,29068204,0,36.2,8.1,2026-10-06
1112,KIM,Real Estate,REIT - Retail,NYSE,5419620,22.24,90.87,-4,10,-16.55,11.4,34.1,-1.2,-2.8,-7.3,-5.4,53,57,71,67,26.3,0,0,0,0,0,0,15052513888.360174,670789373.0,0.0641,0.049,4694560,5041144,0,55.3,11.9,2026-10-06
1113,ECL,Basic Materials,Specialty Chemicals,NYSE,1300430,273.7,90.86,-1,-13,-11.5,12.8,50.0,0.3,0.8,-0.7,1.1,53,54,42,55,22.7,0,0,0,0,0,0,78349038514.88599,280328603.0,0.0214,0.097,1152850,1335434,0,43.4,16.6,2026-10-06
1114,PNC,Financial Services,Banks - Regional,NYSE,1759183,221.03,90.85,-19,-16,-14.65,23.5,53.3,-1.2,-4.5,-8.8,-3.4,53,72,75,72,38.1,0,0,0,0,0,0,90030359756.46973,399000000.0,0.0194,0.236,1907250,1600704,0,64.3,16.7,2026-10-06
1115,LPLA,Financial Services,Capital Markets,NASDAQ,748910,316.44,90.83,-13,-48,-20.92,24.9,51.9,6.6,1.7,-4.2,1.5,53,66,31,34,31.0,0,0,0,0,0,0,24753425130.948486,78742290.0,0.0226,0.364,1034020,721928,0,40.5,27.4,2026-10-06
1116,CRS,Industrials,Metal Fabrication,NYSE,808290,388.47,90.82,-31,-21,-37.94,64.7,40.4,-0.0,-4.3,-17.4,-11.2,53,84,94,93,75.5,0,0,0,0,0,0,19666821149.95111,49558566.0,0.0368,0.126,739590,763782,2,86.6,1.4,2026-10-06
1117,BSBR,Financial Services,Banks - Regional,NYSE,3509790,5.4,90.78,-10,-44,-26.23,14.7,34.3,2.3,0.2,1.0,-1.7,53,63,29,75,31.1,0,0,0,0,0,0,43128159739.359024,7487527435.0,1.89,0.288,2341750,4001520,0,49.5,16.9,2026-10-06
1118,CCXI,Financial Services,Shell Companies,NASDAQ,1962130,11.99,90.77,-33,-28,-39.11,19.6,22.0,-1.2,-3.0,-13.2,,53,86,91,40,,0,0,0,0,0,0,692351016.998291,55700000.0,0.1014,,2067690,2490628,1,72.3,,2026-10-06
1119,TNDM,Healthcare,Medical Devices,NASDAQ,1926143,16.5,90.75,-16,-61,-44.35,28.9,24.0,1.0,-2.9,-15.3,-14.9,53,69,24,67,53.5,0,0,0,0,0,0,1093777292.6195192,69578707.0,0.2401,0.058,2462300,2068598,0,53.4,12.7,2026-10-06
1120,AFRM,Financial Services,Credit Services,NASDAQ,5281046,70.77,90.74,-14,3,-21.75,75.8,74.5,6.1,5.7,1.8,11.9,53,67,84,25,17.9,0,0,0,0,0,0,24132367096.41925,337421256.0,0.0553,0.33,4045480,4330198,0,48.5,31.3,2026-10-06
1121,OR,Basic Materials,Gold,NYSE,938460,34.47,90.72,-4,-40,-28.28,22.9,32.6,-1.8,-3.4,-0.7,-6.8,53,57,21,77,9.4,0,0,0,0,0,0,6701724475.697845,187303653.0,3.17,0.62,686910,968044,0,41.1,23.4,2026-10-06
1122,FSCO,Financial Services,Asset Management,NYSE,939499,5.11,90.72,-2,-32,-28.53,11.4,20.3,-1.8,-2.7,-1.2,-4.1,53,55,25,24,4.4,0,0,0,0,0,0,1033597912.9559112,202269645.0,0.0101,,1209989,918527,0,27.1,34.5,2026-10-06
1123,PPLI,Communication Services,Internet Content & Information,NASDAQ,1247466,41.28,90.71,14,52,-14.57,32.4,63.4,5.6,8.3,5.3,2.9,53,39,77,62,49.2,0,0,0,0,0,0,2978557000.0,74463925.0,0.20040001,-0.015,1823150,1176184,0,56.8,-13.5,2026-10-06
1124,FRT,Real Estate,REIT - Retail,NYSE,865566,106.69,90.69,-8,6,-16.78,11.7,34.4,-2.7,-4.7,-8.7,-5.8,53,61,75,68,32.4,0,0,0,0,0,0,9547733762.437202,86389197.0,0.0002,0.072,1160330,878960,0,59.1,11.5,2026-10-06
1125,FFIN,Financial Services,Banks - Regional,NASDAQ,767546,32.15,90.68,2,8,-11.97,12.0,43.5,-0.0,-1.6,-4.8,-1.6,53,51,57,37,17.3,0,0,0,0,0,0,4650977711.50021,143327507.0,0.0837,0.098,892220,727260,0,40.6,19.0,2026-10-06
1126,GRPN,Communication Services,Internet Content & Information,NASDAQ,1087736,19.31,90.56,-15,10,-35.42,104.5,53.2,-2.2,0.3,-7.5,11.8,52,67,92,13,10.2,0,0,0,0,0,0,866170773.7748413,40665296.0,0.525,-0.008,1160930,1259584,1,45.5,36.7,2026-10-06
1127,RL,Consumer Cyclical,Apparel Manufacturing,NYSE,676220,363.37,90.53,15,44,-13.81,18.2,53.6,2.9,5.4,0.7,0.1,52,37,66,81,40.3,0,0,0,0,0,0,21276817910.561127,59582239.0,0.0853,0.14,646140,646730,0,56.1,-13.4,2026-10-06
1128,AM,Energy,Oil & Gas Midstream,NYSE,2392076,20.36,90.53,-15,-9,-14.58,19.9,52.9,-0.7,-3.2,-5.5,-3.4,52,67,73,79,31.9,0,0,0,0,0,0,9934926964.859009,474674000.0,0.0366,0.083,2549550,2476240,0,62.7,14.6,2026-10-06
1129,DIS,Communication Services,Entertainment,NYSE,8391626,102.19,90.52,1,-22,-12.73,12.1,46.2,-0.6,-1.2,-0.8,-0.2,52,51,28,35,14.1,0,0,0,0,0,0,183287817282.01517,1726686902.0,0.0114,0.068,8470390,9410680,0,32.0,24.0,2026-10-06
1130,ICE,Financial Services,Financial Data & Stock Exchanges,NYSE,3013810,150.15,90.5,-5,-41,-14.71,23.8,56.0,-0.6,-1.6,-2.1,-1.8,52,57,21,43,16.1,0,0,0,0,0,0,86628781918.37799,561394487.0,0.0128999995,0.048,2567740,3483592,0,34.3,26.8,2026-10-06
1131,SBS,Utilities,Utilities - Regulated Water,NYSE,9005396,5.38,90.48,15,44,-24.84,40.5,68.7,17.2,17.8,21.8,12.2,52,37,66,90,58.1,0,0,0,0,0,0,18215952343.276764,3516593233.0,0.0058999998,0.139,6862180,8924930,1,62.8,-24.0,2026-10-06
1132,KVUE,Consumer Defensive,Household & Personal Products,NYSE,23969256,17.2,90.48,-5,2,-14.56,23.2,57.3,-1.3,-2.0,-6.5,-3.6,52,57,64,35,37.5,0,0,0,0,0,0,34189766247.16614,1920773467.0,0.0348,0.03,18304810,23253084,0,48.4,13.4,2026-10-06
1133,NVMI,Technology,Semiconductor Equipment & Materials,NASDAQ,518846,396.12,90.47,18,64,-35.69,42.5,35.5,3.7,6.9,4.1,-11.4,52,34,80,93,47.0,0,0,0,0,0,0,11711983014.46292,31806161.0,0.0699,0.159,300260,540270,1,63.5,-22.9,2026-10-06
1134,COMP,Real Estate,Real Estate Services,NYSE,14499053,9.22,90.45,-29,-20,-33.93,39.1,37.8,0.8,-5.3,-15.8,-7.9,52,81,90,26,50.9,0,0,0,0,0,0,7200506717.249956,767644630.0,0.060399998,1.09,18616360,13181060,1,62.0,25.1,2026-10-06
1135,ODFL,Industrials,Trucking,NASDAQ,1823166,180.48,90.37,14,57,-28.39,42.0,43.4,1.4,0.8,-8.3,-10.3,52,38,81,81,54.8,0,0,0,0,0,0,35934903225.40219,207356622.0,0.0494,0.104,1802220,1796734,0,63.7,-21.3,2026-10-06
1136,CL,Consumer Defensive,Household & Personal Products,NYSE,5019260,84.26,90.31,-4,2,-15.17,15.0,46.4,0.5,-0.5,-3.7,-2.6,52,56,62,45,36.8,0,0,0,0,0,0,68604691717.51727,797172829.0,0.025799999,0.049,5468880,4832946,0,49.9,11.2,2026-10-06
1137,RRC,Energy,Oil & Gas E&P,NYSE,2544886,38.23,90.26,-10,-39,-20.87,15.7,36.8,1.5,-1.4,-3.1,-1.8,52,62,33,73,21.6,0,0,0,0,0,0,9022366216.776655,233679515.0,0.1195,0.086,2696560,2569394,0,47.4,20.9,2026-10-06
1138,PRM,Basic Materials,Specialty Chemicals,NYSE,1198160,27.45,90.24,-25,-10,-28.08,35.7,43.2,0.6,-5.7,-11.0,-5.3,51,76,91,86,55.6,0,0,0,0,0,0,4764926428.436569,163686923.0,0.056700002,0.315,1559920,1428558,1,77.1,6.7,2026-10-06
1139,MRTN,Industrials,Trucking,NASDAQ,680593,13.34,90.24,-3,28,-27.81,38.7,41.0,-0.1,-2.8,-8.2,-9.7,51,54,85,65,51.4,0,0,0,0,0,0,1050985670.6845636,81661669.0,0.09810001,-0.028,744370,690816,0,63.8,-4.0,2026-10-06
1140,EVRG,Utilities,Utilities - Regulated Electric,NASDAQ,2296356,79.17,90.22,-5,5,-10.66,9.4,42.9,0.7,-0.7,-3.0,-2.5,51,56,66,70,28.1,0,0,0,0,0,0,17993462313.97055,230567172.0,0.1035,0.044,2475320,2131870,0,55.0,10.2,2026-10-06
1141,LPTH,Technology,Electronic Components,NASDAQ,3242183,11.04,90.19,12,67,-41.71,74.9,38.7,5.1,7.8,-4.1,-10.8,51,39,94,99,59.8,0,0,0,1,0,1,698961762.8999481,70036252.0,0.16440001,0.733,2284890,3016302,2,72.9,-27.9,2026-10-06
1142,IONQ,Technology,Computer Hardware,NYSE,22440293,43.77,90.17,30,74,-48.29,61.6,29.5,-1.6,4.8,5.3,-1.0,51,21,65,16,1.8,0,0,0,0,0,0,18425569449.42361,405135656.0,0.1004,2.868,29113660,21822286,0,26.0,6.2,2026-10-06
1143,CUBE,Real Estate,REIT - Industrial,NYSE,2599673,37.52,90.16,1,4,-13.27,5.2,25.6,-1.4,-3.8,-7.2,-5.4,51,50,53,52,14.2,0,0,0,0,0,0,8529230398.256241,225521694.0,0.0548,0.015,2912300,2449492,0,42.3,17.2,2026-10-06
1144,ASAN,Technology,Software - Application,NYSE,7664460,8.62,90.15,-2,-33,-44.32,67.4,37.8,3.0,1.0,0.0,9.1,51,53,22,5,2.5,0,0,0,0,0,0,2065310560.1542013,228970117.0,0.2451,0.099,7646600,6669540,0,20.6,37.9,2026-10-06
1145,CLDX,Healthcare,Biotechnology,NASDAQ,1580706,31.65,90.15,-39,-43,-29.88,44.3,44.9,2.1,-7.4,-14.8,0.7,51,90,86,86,53.6,0,0,0,0,0,0,2442268475.156639,78529532.0,0.1353,-0.97,3219780,1331030,1,78.9,19.4,2026-10-06
1146,THRM,Consumer Cyclical,Auto Parts,NASDAQ,605020,31.3,90.14,-18,-23,-35.26,18.4,27.3,-4.9,-10.3,-17.5,-7.1,51,69,64,33,13.1,0,0,0,0,0,0,1082320830.8475876,30739019.0,0.0915,0.11,1259450,555896,0,44.8,35.7,2026-10-06
1147,AXSM,Healthcare,Biotechnology,NASDAQ,664883,179.25,90.12,-27,-12,-31.11,49.3,42.8,-6.3,-11.5,-14.9,-11.4,51,78,93,84,70.5,0,0,0,0,0,0,10218973591.795715,52380818.0,0.0929,0.455,794110,679882,1,81.4,1.0,2026-10-06
1148,PNW,Utilities,Utilities - Regulated Electric,NYSE,1166550,95.92,90.1,0,17,-13.71,10.9,41.2,2.9,1.6,-1.8,-3.2,51,51,68,67,35.8,0,0,0,0,0,0,11118633988.254776,121197234.0,0.1109,0.071,1548080,1177196,0,55.4,2.7,2026-10-06
1149,MOH,Healthcare,Healthcare Plans,NYSE,618550,189.54,90.1,-25,-18,-22.6,58.2,59.4,2.3,-1.0,-2.1,6.7,51,76,83,17,21.2,0,0,0,0,0,0,9962892031.860352,52200000.0,0.0715,-0.057,644930,663810,0,49.3,38.5,2026-10-06
1150,GENB,Healthcare,Biotechnology,NASDAQ,1524150,13.69,90.03,-33,-36,-39.61,24.1,29.4,-8.4,-11.4,-10.2,,51,84,81,46,,0,0,0,0,0,0,1944539356.4374316,128352436.0,0.096,-0.377,1194680,1155728,0,70.3,,2026-10-06
1151,BNL,Real Estate,REIT - Diversified,NYSE,1857656,18.56,89.99,-14,-3,-19.65,6.6,20.4,-1.7,-5.0,-10.1,-7.3,51,65,76,74,21.3,0,0,0,0,0,0,3868997390.4204254,204600604.0,0.1409,0.083,1908190,2120356,0,59.1,19.0,2026-10-06
1152,CNA,Financial Services,Insurance - Property & Casualty,NYSE,537670,46.34,89.91,-12,-8,-16.82,10.3,32.1,0.1,-1.7,-6.4,-3.1,51,63,67,61,21.4,0,0,0,0,0,0,12442230545.568726,270600928.0,0.1479,0.03,706920,492792,0,53.1,20.8,2026-10-06
1153,MAT,Consumer Cyclical,Leisure,NASDAQ,5821726,15.27,89.9,27,20,-32.07,26.8,35.7,16.1,17.0,11.6,1.2,51,24,17,22,14.9,0,0,0,0,0,0,3796952989.10141,285700000.0,0.1433,0.105,9719320,4965108,0,19.5,5.7,2026-10-06
1154,WFRD,Energy,Oil & Gas Equipment & Services,NASDAQ,1023513,79.72,89.85,-21,-37,-29.54,34.0,41.8,0.4,-2.2,-6.6,-11.6,51,72,56,92,52.2,0,0,0,0,0,0,6098997621.699966,71685443.0,0.0659,-0.082,923360,964342,1,68.1,7.5,2026-10-06
1155,HPP,Real Estate,REIT - Office,NYSE,621073,11.48,89.84,-2,38,-42.86,104.2,41.1,-3.0,-3.9,-13.7,3.8,51,53,93,6,1.5,0,0,0,0,0,0,632230811.9481182,54268741.0,0.0098,-0.013,664740,700054,1,38.4,31.2,2026-10-06
1156,GS,Financial Services,Capital Markets,NYSE,2046466,902.56,89.84,-23,-17,-21.79,20.0,36.5,-2.6,-6.2,-10.7,-6.9,51,74,80,75,41.7,0,0,0,0,0,0,272376297167.93848,291171408.0,0.0239,0.425,2004900,1999902,0,67.7,15.3,2026-10-06
1157,SOLS,Basic Materials,Specialty Chemicals,NASDAQ,2810813,57.7,89.82,15,35,-36.45,40.1,35.3,1.6,-0.7,-2.3,-16.1,51,36,56,91,,0,0,0,0,0,0,8998703696.23185,158847369.0,0.0419,0.111,1989920,2800048,1,61.0,,2026-10-06
1158,SYY,Consumer Defensive,Food Distribution,NYSE,4016120,77.49,89.79,-3,5,-15.63,10.2,32.4,-2.0,-3.6,-6.5,-4.3,51,54,62,41,13.5,0,0,0,0,0,0,37626926888.202126,479568281.0,0.0293,0.047,4638340,3860374,0,42.6,22.1,2026-10-06
1159,SON,Consumer Cyclical,Packaging & Containers,NYSE,1140930,48.74,89.79,-18,-18,-19.66,22.8,42.0,-2.6,-1.8,-10.6,-7.3,51,69,69,78,39.0,0,0,0,0,0,0,4949682785.964153,98875003.0,0.1416,-0.013,984300,1077926,0,63.8,13.2,2026-10-06
1160,APD,Basic Materials,Specialty Chemicals,NYSE,1148543,277.57,89.78,-14,-23,-11.85,21.1,58.4,-0.5,-2.0,-5.4,-2.2,50,64,55,64,26.9,0,0,0,0,0,0,62743877107.46338,222685530.0,0.0186,0.046,1242560,1092552,0,52.5,19.4,2026-10-06
1161,TFX,Healthcare,Medical Instruments & Supplies,NYSE,747906,124.12,89.78,-17,-23,-14.4,24.8,59.7,0.8,-1.4,-5.8,1.0,50,67,61,57,20.8,0,0,0,0,0,0,5172398488.858971,42372397.0,0.14819999,0.289,872350,702990,0,51.5,25.7,2026-10-06
1162,AMBA,Technology,Semiconductor Equipment & Materials,NASDAQ,1692416,68.65,89.75,15,57,-29.0,40.3,41.8,-1.3,1.0,-5.3,0.2,50,35,77,28,5.4,0,0,0,0,0,0,3208165785.750756,44140971.0,0.15630001,0.132,1407880,1725198,0,36.4,12.0,2026-10-06
1163,PG,Consumer Defensive,Household & Personal Products,NYSE,8058280,144.91,89.74,13,18,-13.36,5.7,27.1,-0.4,-0.1,0.2,-1.2,50,37,42,36,17.4,0,0,0,0,0,0,339901836432.75055,2324433060.0,0.0104,0.015,6992770,8675338,0,33.1,9.5,2026-10-06
1164,AVO,Consumer Defensive,Food Distribution,NASDAQ,812496,12.81,89.73,-9,-16,-17.51,25.6,49.5,-1.6,-1.3,-1.3,-1.6,50,59,52,78,30.8,0,0,0,0,0,0,1152094258.6619911,87678404.0,0.088,0.258,916280,765514,0,54.9,11.0,2026-10-06
1165,SCHW,Financial Services,Capital Markets,NYSE,8534023,96.7,89.73,-24,-42,-15.57,14.8,44.6,-0.7,-4.5,-7.8,-0.4,50,74,56,57,30.0,0,0,0,0,0,0,171256113646.4145,1729335714.0,0.01,0.209,8854350,7838856,0,54.3,27.2,2026-10-06
1166,VLTO,Industrials,Pollution & Treatment Controls,NYSE,1723623,94.68,89.72,-2,-20,-12.25,17.4,57.6,0.8,1.2,-0.1,3.9,50,52,34,32,12.6,0,0,0,0,0,0,23682085287.36035,243793344.0,0.031,0.075,1840020,1666216,0,32.7,25.5,2026-10-06
1167,OLLI,Consumer Defensive,Discount Stores,NASDAQ,1886283,88.06,89.72,34,27,-33.96,40.4,35.2,1.6,8.2,12.5,-2.7,50,16,9,20,2.5,0,0,0,0,0,0,5004652452.75,59402403.0,0.1674,0.091,1865520,1672772,0,11.9,6.7,2026-10-06
1168,ABX,Financial Services,Insurance - Life,NYSE,580553,8.27,89.71,-28,-12,-33.52,64.1,46.1,1.6,-5.0,-11.4,-10.1,50,78,94,81,68.3,0,0,0,0,0,0,810697740.4795218,97792249.0,0.1675,0.299,818970,580394,1,80.3,2.7,2026-10-06
1169,FSK,Financial Services,Asset Management,NYSE,1683766,10.97,89.71,-7,-38,-32.74,10.9,17.4,-1.2,-4.1,-6.0,-6.2,50,57,26,17,3.4,0,0,0,0,0,0,3108828150.0,276340280.0,0.0511,-0.271,1748230,2023490,0,25.9,37.9,2026-10-06
1170,HWM,Industrials,Aerospace & Defense,NYSE,3456280,231.27,89.7,-23,-16,-25.4,24.7,41.9,0.2,0.4,-10.7,-7.7,50,73,80,86,47.8,0,0,0,0,0,0,92713347535.6566,398801399.0,0.0249,0.241,2345010,2959266,0,71.7,9.3,2026-10-06
1171,PLD,Real Estate,REIT - Industrial,NYSE,3456050,128.91,89.7,-7,6,-15.94,15.1,43.4,-2.7,-4.1,-7.4,-7.1,50,57,70,75,37.0,0,0,0,0,0,0,126441858044.7873,950333372.0,0.0227,0.123,3687970,4025766,0,59.8,5.1,2026-10-06
1172,COLM,Consumer Cyclical,Apparel Manufacturing,NASDAQ,666240,57.27,89.68,15,44,-17.07,16.3,42.3,-1.2,-0.6,-2.0,-4.2,50,35,64,50,30.9,0,0,0,0,0,0,2948727896.285385,51193194.0,0.17459999,0.015,648610,703838,0,45.0,-3.9,2026-10-06
1173,CGNT,Technology,Software - Infrastructure,NASDAQ,667260,8.74,89.66,17,35,-29.0,38.3,41.2,1.4,3.3,0.6,-1.0,50,33,51,35,31.3,0,0,0,0,0,0,629161461.5636673,73845238.0,0.0092,0.12,527700,583930,0,37.6,-1.3,2026-10-06
1174,PB,Financial Services,Banks - Regional,NYSE,1058466,67.38,89.65,-7,-12,-12.72,8.6,37.7,-0.1,-2.7,-6.3,-4.7,50,57,52,50,25.5,0,0,0,0,0,0,8144379367.24456,120176771.0,0.0424,0.259,1346530,1018506,0,46.1,17.6,2026-10-06
1175,PAGS,Technology,Software - Infrastructure,NYSE,2993950,9.02,89.59,-11,-39,-26.79,29.7,70.5,19.0,15.9,18.2,12.2,50,61,33,71,41.3,0,0,0,0,0,0,2529650071.264083,279519339.0,0.1279,-0.002,3083700,2895258,0,51.6,10.7,2026-10-06
1176,PAAS,Basic Materials,Gold,NYSE,4133540,45.51,89.59,-22,-51,-34.98,36.5,34.1,-3.1,-6.1,-7.3,-14.1,50,72,43,89,42.8,0,0,0,0,0,0,19918249099.59412,414618000.0,1.41,0.384,3188280,4206386,0,61.7,14.1,2026-10-06
1177,RJF,Financial Services,Asset Management,NYSE,1288716,158.21,89.59,-21,-33,-13.42,14.1,49.4,0.9,-2.3,-6.7,-0.1,50,71,59,36,18.0,0,0,0,0,0,0,30752865798.303837,192361711.0,0.0446,0.151,1243090,1161564,0,46.0,34.7,2026-10-06
1178,DLTR,Consumer Defensive,Discount Stores,NASDAQ,2817150,112.16,89.59,-25,-30,-21.24,33.1,50.1,-0.6,-1.6,-8.7,-3.4,50,75,70,43,53.3,0,0,0,0,0,0,21402988149.669777,187630299.0,0.048,0.07,2274980,2476164,0,60.3,17.8,2026-10-06
1179,QSR,Consumer Cyclical,Restaurants,NYSE,3095990,69.91,89.58,-21,-34,-14.7,6.4,26.2,-1.5,-4.7,-7.3,-5.1,50,71,58,71,26.7,0,0,0,0,0,0,24985027563.73497,348758065.0,0.0635,0.046,2547510,2815062,0,56.7,23.4,2026-10-06
1180,SKT,Real Estate,REIT - Retail,NYSE,877433,35.11,89.55,-7,8,-17.45,9.4,28.2,-0.8,-2.7,-8.1,-5.3,50,57,72,65,25.6,0,0,0,0,0,0,3989638252.6440086,114875851.0,0.0991,0.115,1003580,912290,0,54.9,12.6,2026-10-06
1181,TFPM,Basic Materials,Other Precious Metals & Mining,NYSE,520050,30.61,89.53,-17,-54,-26.59,13.5,25.0,-3.1,-5.5,-5.3,-8.2,50,67,30,79,27.6,0,0,0,0,0,0,6631237284.987888,206003031.0,2.9,0.373,408070,530896,0,50.9,21.0,2026-10-06
1182,KRG,Real Estate,REIT - Retail,NYSE,2094916,24.39,89.53,-7,12,-18.48,13.1,32.9,-2.0,-4.2,-7.9,-7.3,50,57,76,70,36.5,0,0,0,0,0,0,5031989273.214735,203066551.0,0.1021,-0.08,2048000,2340194,0,59.9,5.7,2026-10-06
1183,BALL,Consumer Cyclical,Packaging & Containers,NYSE,1932890,56.37,89.5,-24,-38,-17.45,23.1,50.1,-0.2,-2.9,-7.3,-4.9,50,74,60,75,40.1,0,0,0,0,0,0,15043092262.996325,264703357.0,0.0348,0.197,2117220,1924528,0,62.3,18.1,2026-10-06
1184,MDT,Healthcare,Medical Devices,NYSE,12216976,86.38,89.48,-6,-33,-18.76,19.3,45.0,-0.1,-2.5,-2.3,-0.7,50,56,29,37,13.9,0,0,0,0,0,0,113382781788.8762,1279137890.0,0.0135,0.137,18917480,10129644,0,34.0,27.6,2026-10-06
1185,EW,Healthcare,Medical Devices,NYSE,3226093,85.15,89.48,-8,2,-11.57,20.1,64.7,0.7,0.5,-1.5,2.5,50,58,68,47,40.9,0,0,0,0,0,0,49685782527.160645,575800000.0,0.0179,0.136,3497190,3534954,0,53.5,9.8,2026-10-06
1186,BAC,Financial Services,Banks - Diversified,NYSE,36512753,53.75,89.48,-27,-34,-17.6,15.6,40.2,-2.0,-6.3,-11.1,-2.3,50,77,70,66,32.1,0,0,0,0,0,0,396488837630.5437,6992748365.0,0.0,0.168,37466340,32955304,0,61.3,25.3,2026-10-06
1187,NUVB,Healthcare,Biotechnology,NYSE,4845113,5.14,89.46,-39,-38,-47.28,45.2,25.1,-11.2,-15.2,-21.6,-14.0,50,89,90,88,60.5,0,0,0,0,0,0,2015447277.0542696,351123233.0,0.2728,5.556,5197120,5379122,1,81.9,14.3,2026-10-06
1188,SBSW,Basic Materials,Other Precious Metals & Mining,NYSE,5539070,9.96,89.45,-30,-93,-53.22,25.3,15.4,-3.1,-10.8,-9.1,-20.3,50,80,17,89,10.3,0,0,0,0,0,0,7674958984.780505,723370333.0,0.014400001,0.643,5580590,5281446,0,49.1,39.3,2026-10-06
1189,BCS,Financial Services,Banks - Diversified,NYSE,4043036,23.71,89.43,-25,-22,-17.36,21.8,46.0,-2.8,-5.9,-10.8,-6.2,50,75,78,76,41.4,0,0,0,0,0,0,82982973126.24666,3344739013.0,1.92,0.156,4450140,4039718,0,67.6,16.3,2026-10-06
1190,SNAP,Communication Services,Internet Content & Information,NYSE,34723816,5.58,89.42,21,6,-38.88,42.7,32.6,2.8,1.3,4.3,-0.2,50,29,14,13,2.6,0,0,0,0,0,0,9166291728.068146,1691197712.0,0.089099996,0.189,31292650,37377700,0,14.7,17.9,2026-10-06
1191,BLSH,Technology,Software - Infrastructure,NYSE,1490630,34.23,89.4,-5,-51,-51.45,57.6,26.7,-6.7,-5.3,10.8,2.9,49,54,8,20,0.9,0,0,0,0,0,0,5698945120.356415,151648346.0,0.1511,0.688,1149200,1585968,0,20.7,37.9,2026-10-06
1192,IVT,Real Estate,REIT - Retail,NYSE,669236,30.4,89.37,-8,11,-18.32,9.3,26.6,-2.1,-3.8,-8.4,-6.9,49,57,76,69,29.7,0,0,0,0,0,0,2380681551.97354,77978431.0,0.083500005,0.126,712380,644378,0,57.9,9.4,2026-10-06
1193,AEO,Consumer Cyclical,Apparel Retail,NYSE,7113336,17.71,89.35,19,43,-37.77,26.6,27.4,5.6,11.2,8.1,-5.6,49,30,54,77,31.8,0,0,0,0,0,0,2778365848.3551693,167573333.0,0.1274,0.075,5977140,5962350,0,48.2,-12.7,2026-10-06
1194,COST,Consumer Defensive,Discount Stores,NASDAQ,2235856,920.65,89.33,16,17,-16.04,8.6,30.1,1.0,1.7,-1.0,-4.0,49,33,34,51,22.2,0,0,0,0,0,0,409032575477.5391,443266000.0,0.0166,0.111,2516870,2072458,0,35.1,1.7,2026-10-06
1195,MAS,Industrials,Building Products & Equipment,NYSE,2167976,68.36,89.27,-7,9,-18.27,16.8,40.8,0.2,-0.1,-4.9,-2.4,49,56,72,38,17.8,0,0,0,0,0,0,13576354254.61586,197187430.0,0.052699998,-0.029,2008610,2462146,0,45.9,21.1,2026-10-06
1196,BILL,Technology,Software - Application,NYSE,1832156,43.62,89.27,-26,-71,-23.75,39.2,51.5,1.2,-3.4,-6.0,2.9,49,75,30,20,6.7,0,0,0,0,0,0,3773497603.5,85276782.0,0.17559999,0.138,1570780,2135264,0,32.9,49.7,2026-10-06
1197,GMED,Healthcare,Medical Devices,NYSE,1416123,75.6,89.23,8,16,-25.44,35.4,49.7,2.1,2.4,-3.7,-9.5,49,41,49,81,59.4,0,0,0,0,0,0,10005197380.57167,134261914.0,0.061,0.059,1514010,1426844,0,57.6,-18.0,2026-10-06
1198,WIX,Technology,Software - Infrastructure,NASDAQ,1263023,72.62,89.2,-7,-56,-59.9,83.2,30.2,-0.0,-3.1,-0.4,1.7,49,56,7,9,0.9,0,0,0,0,0,0,4303001329.468201,58314152.0,0.189,0.149,1080610,1534854,0,18.2,41.9,2026-10-06
1199,CCC,Technology,Software - Application,NASDAQ,10687236,6.56,89.18,-25,-82,-31.27,55.9,44.8,-1.2,-1.5,-3.6,7.3,49,74,17,11,3.2,0,0,0,0,0,0,4064063513.770912,588994704.0,0.0863,0.098,10966450,10708824,0,26.3,53.7,2026-10-06
1200,CXT,Industrials,Business Equipment & Supplies,NYSE,532376,48.78,89.15,-15,-40,-29.3,36.1,39.7,2.6,2.1,-1.6,4.0,49,64,39,27,4.1,0,0,0,0,0,0,2746825497.145264,57561304.0,0.19229999,0.22,571980,547740,0,33.5,39.9,2026-10-06
1201,ARQT,Healthcare,Biotechnology,NASDAQ,2902720,25.16,89.12,-12,11,-20.81,29.0,48.3,-4.5,-1.5,-1.9,-0.2,49,61,84,78,46.2,0,0,0,0,0,0,3383627599.709536,125691961.0,0.1566,0.593,2328530,2412994,0,67.3,1.7,2026-10-06
1202,FERG,Industrials,Industrial Distribution,NYSE,1431056,223.33,89.11,17,20,-17.78,4.0,16.2,0.1,1.0,-3.8,-6.2,49,32,35,74,17.6,0,0,0,0,0,0,43089659247.24751,193452717.0,0.0337,0.046,1527450,2642826,0,39.7,-1.5,2026-10-06
1203,DLO,Technology,Software - Infrastructure,NASDAQ,1813716,13.74,89.11,-36,-56,-18.12,31.9,72.8,4.1,1.7,-0.6,7.4,49,85,65,68,27.2,0,0,0,0,0,0,4143309370.189047,294269133.0,0.1391,0.558,1589080,2054200,0,61.3,34.3,2026-10-06
1204,HQY,Healthcare,Health Information Services,NASDAQ,968580,90.04,89.03,-13,-22,-16.34,25.1,54.6,2.4,-0.7,-6.8,3.2,49,62,53,32,24.6,0,0,0,0,0,0,7299624872.0,82715296.0,0.0771,0.076,993980,858106,0,42.9,25.6,2026-10-06
1205,PSA,Real Estate,REIT - Industrial,NYSE,864820,283.81,89.02,-4,10,-15.42,9.0,32.2,-1.2,-3.2,-8.8,-6.0,49,53,67,57,18.5,0,0,0,0,0,0,53807855619.24118,186852295.0,0.0429,0.033,891550,906322,0,48.9,15.0,2026-10-06
1206,STAG,Real Estate,REIT - Industrial,NYSE,1686126,36.05,89.02,2,12,-15.4,1.5,8.4,-1.4,-2.3,-3.3,-5.1,49,47,57,61,21.8,0,0,0,0,0,0,7093232626.976669,192803274.0,0.053200003,0.081,1950700,1667284,0,46.7,8.8,2026-10-06
1207,COR,Healthcare,Medical Distribution,NYSE,1248136,309.05,89.01,-15,-45,-18.14,24.6,51.0,2.0,0.3,-0.9,-1.0,49,64,34,48,24.5,0,0,0,0,0,0,58568676044.17648,190827165.0,0.0257,0.051,1274890,1346386,0,42.6,25.9,2026-10-06
1208,PVH,Consumer Cyclical,Apparel Manufacturing,NYSE,1011403,75.53,89.01,20,27,-25.03,23.0,37.0,-0.8,1.8,-4.0,-1.6,49,29,36,79,12.4,0,0,0,0,0,0,3506013831.1089554,46137833.0,0.139,-0.032,795490,960804,0,39.1,-2.4,2026-10-06
1209,INVA,Healthcare,Biotechnology,NASDAQ,900783,20.5,88.98,13,36,-18.49,23.8,52.4,-0.7,-1.2,-1.7,-5.2,49,36,59,80,44.2,0,0,0,0,0,0,1498371342.3643208,72245485.0,0.13430001,0.193,1185500,809442,0,54.8,-15.2,2026-10-06
1210,FTS,Utilities,Utilities - Regulated Electric,NYSE,774956,52.87,88.97,-5,3,-10.99,5.5,30.6,-0.9,-2.1,-4.6,-5.3,49,54,62,69,28.9,0,0,0,0,0,0,27123681077.957157,510900000.0,20.28,0.041,898650,774562,0,53.5,8.8,2026-10-06
1211,AFL,Financial Services,Insurance - Life,NYSE,2134310,111.54,88.96,-7,1,-14.34,6.3,28.0,-0.7,-1.9,-5.2,-2.3,49,56,64,55,23.6,0,0,0,0,0,0,57012760460.55133,501343298.0,0.0299,-0.01,1718330,2089900,0,49.6,15.6,2026-10-06
1212,WRB,Financial Services,Insurance - Property & Casualty,NYSE,3135786,68.98,88.91,9,21,-12.64,9.8,41.8,2.4,1.0,-0.3,1.3,49,40,52,36,13.3,0,0,0,0,0,0,24805423374.49035,371227529.0,0.0004,0.012,2680720,2536968,0,35.3,13.0,2026-10-06
1213,LBRT,Energy,Oil & Gas Equipment & Services,NYSE,3758633,19.31,88.9,-3,31,-43.99,64.1,34.8,5.1,1.2,0.2,-21.2,49,52,86,96,73.5,0,0,0,0,0,0,3090845506.193619,163191416.0,0.14729999,0.14,4461270,4434070,1,76.9,-23.0,2026-10-06
1214,SSYS,Technology,Computer Hardware,NASDAQ,705806,8.7,88.87,27,32,-32.08,15.6,23.1,2.8,6.7,5.1,-3.5,49,22,27,25,3.8,0,0,0,0,0,0,723468640.0470734,87587000.0,0.0467,-0.003,687880,705254,0,19.4,8.0,2026-10-06
1215,LIN,Basic Materials,Specialty Chemicals,NASDAQ,2006793,479.48,88.83,-1,13,-12.54,23.9,59.1,2.1,3.2,0.5,-0.9,48,49,63,66,25.9,0,0,0,0,0,0,216609975544.7091,460980163.0,0.0127,0.093,2065410,2096764,0,51.0,6.7,2026-10-06
1216,TCBI,Financial Services,Banks - Regional,NASDAQ,520596,93.76,88.83,-3,7,-13.92,21.5,54.2,-0.4,-1.9,-4.0,-5.0,48,51,61,76,38.3,0,0,0,0,0,0,4165714024.312676,43474369.0,0.1454,0.086,576480,470846,0,56.6,0.3,2026-10-06
1217,DUOL,Technology,Software - Application,NASDAQ,1090803,144.27,88.82,-25,-73,-59.13,63.4,22.2,2.0,1.2,2.9,15.7,48,73,25,5,0.7,0,0,0,0,0,0,6686577964.726364,46593117.0,0.1872,0.183,1018730,1233506,0,25.9,54.5,2026-10-06
1218,ED,Utilities,Utilities - Regulated Electric,NYSE,2146616,103.39,88.8,-9,-10,-11.05,8.4,39.8,0.3,-1.2,-3.3,-4.2,48,57,56,63,30.6,0,0,0,0,0,0,38129331497.98629,369828633.0,0.036199998,0.132,2416250,2254402,0,51.7,12.1,2026-10-06
1219,DCH,Consumer Cyclical,Auto Parts,NYSE,3482336,5.6,88.78,-12,-43,-39.46,11.0,14.3,3.1,-4.1,-8.1,-10.6,48,60,29,71,14.8,0,0,0,0,0,0,1297321135.9838965,237604602.0,0.0795,0.924,4880770,3326206,0,43.7,23.5,2026-10-06
1220,ASND,Healthcare,Biotechnology,NASDAQ,766623,227.87,88.78,-34,-35,-19.24,16.3,39.4,-0.3,-5.1,-8.1,-3.2,48,82,81,82,40.5,0,0,0,0,0,0,14840728673.509829,65783370.0,0.0713,1.147,803800,678504,0,71.4,20.9,2026-10-06
1221,FHN,Financial Services,Banks - Regional,NYSE,4802763,23.42,88.77,-12,-10,-11.82,17.2,54.4,0.6,-1.7,-5.3,-4.3,48,60,62,66,28.2,0,0,0,0,0,0,11114811692.924055,473777158.0,0.0001,0.09,5092280,4873302,0,54.1,14.5,2026-10-06
1222,KT,Communication Services,Telecom Services,NYSE,1243630,18.94,88.75,-1,-21,-22.95,10.1,24.0,-1.1,-2.2,-0.7,-4.9,48,49,29,72,17.1,0,0,0,0,0,0,9382393598.560305,476263616.0,0.0104,-0.101,1399520,1453218,0,41.8,13.4,2026-10-06
1223,RF,Financial Services,Banks - Regional,NYSE,8661820,27.1,88.73,-18,-15,-16.54,15.9,41.1,-0.6,-4.4,-9.4,-5.7,48,66,69,69,27.1,0,0,0,0,0,0,23530293670.68769,851929506.0,0.0859,0.034,10511050,8248270,0,57.8,18.6,2026-10-06
1224,BULL,Technology,Software - Application,NASDAQ,15190656,7.34,88.73,-42,-95,-54.24,59.0,28.6,0.7,-8.1,-9.4,4.2,48,90,37,8,1.1,0,0,0,0,0,0,3809006145.4033623,529764411.0,0.0806,0.519,10809830,13956428,1,34.0,66.2,2026-10-06
1225,SWX,Utilities,Utilities - Regulated Gas,NYSE,686850,82.69,88.73,-9,-3,-12.47,7.2,33.1,0.7,-2.0,-6.0,-5.5,48,57,63,72,30.4,0,0,0,0,0,0,5972436298.189758,72445853.0,0.0398,-0.096,704180,589624,0,55.6,9.7,2026-10-06
1226,OGE,Utilities,Utilities - Regulated Electric,NYSE,1750333,45.34,88.72,-2,5,-10.38,6.7,36.1,-0.1,-1.4,-3.0,-3.7,48,50,57,65,19.7,0,0,0,0,0,0,9247633607.422,206374321.0,0.0682,-0.04,2194570,1608072,0,47.9,11.5,2026-10-06
1227,HON,Industrials,Conglomerates,NASDAQ,2939626,213.99,88.71,17,24,-17.79,8.5,26.8,0.9,2.6,-3.1,-7.1,48,31,38,69,25.8,0,0,0,0,0,0,67365600092.72415,316940010.0,0.0234,0.043,2506620,3026214,0,40.9,-5.7,2026-10-06
1228,AWK,Utilities,Utilities - Regulated Water,NYSE,1927763,130.25,88.69,-12,-37,-10.57,5.5,27.6,-1.9,-4.8,-5.8,-3.1,48,60,35,39,15.8,0,0,0,0,0,0,26015612677.757294,198728989.0,0.085200004,0.062,1775780,2162440,0,37.5,28.8,2026-10-06
1229,BKU,Financial Services,Banks - Regional,NYSE,903876,43.38,88.65,-6,6,-16.75,22.3,50.5,0.2,-1.7,-5.2,-7.2,48,54,66,77,40.7,0,0,0,0,0,0,3108575302.883285,71232249.0,0.066,0.042,887250,807696,0,59.4,0.8,2026-10-06
1230,NMIH,Financial Services,Insurance - Specialty,NASDAQ,657133,38.83,88.63,-26,-46,-16.92,11.4,39.0,-2.2,-6.1,-9.7,-2.0,48,74,54,56,30.3,0,0,0,0,0,0,3101231962.2980003,75217851.0,0.0321,0.081,914580,575468,0,53.6,27.5,2026-10-06
1231,TRP,Energy,Oil & Gas Midstream,NYSE,2919306,59.07,88.62,-8,13,-17.35,19.5,45.9,0.8,-1.5,-4.8,-5.7,48,56,77,76,36.2,0,0,0,0,0,0,61235056875.191895,1041766896.0,16.86,0.057,4425040,2651766,0,61.3,3.8,2026-10-06
1232,RTX,Industrials,Aerospace & Defense,NYSE,3923930,184.68,88.6,-20,-26,-18.6,17.4,39.9,-1.7,-3.9,-10.5,-5.4,48,68,62,78,37.6,0,0,0,0,0,0,255265384247.5371,1347758144.0,0.0101,0.145,3753580,4408944,0,61.4,13.8,2026-10-06
1233,QTWO,Technology,Software - Application,NYSE,616190,56.38,88.59,-20,-63,-26.05,38.3,48.3,3.6,0.4,-4.8,5.1,48,68,25,15,9.8,0,0,0,0,0,0,3499969096.952,62354695.0,0.1145,0.126,565620,745236,0,29.4,44.0,2026-10-06
1234,GNL,Real Estate,REIT - Diversified,NYSE,2325420,8.25,88.58,-13,-13,-17.79,7.8,24.5,-3.4,-6.4,-8.3,-11.3,48,61,61,79,21.3,0,0,0,0,0,0,1977767721.47038,231317857.0,0.0,-0.1,2853590,2520818,0,55.6,16.2,2026-10-06
1235,HOS,Industrials,Marine Shipping,NYSE,2574723,7.59,88.58,-22,-20,-31.81,28.3,38.6,-1.7,-6.1,-15.4,-12.8,48,70,72,88,50.0,0,0,0,0,0,0,2678129862.78534,327000000.0,3.27,-0.113,2713230,2137470,0,70.0,6.2,2026-10-06
1236,BMRN,Healthcare,Biotechnology,NASDAQ,1931713,57.18,88.57,-23,-42,-19.44,15.8,38.3,-4.0,-7.8,-10.0,-2.0,48,71,52,37,27.4,0,0,0,0,0,0,11664754392.432873,193573759.0,0.052199997,0.199,1963350,2089220,0,46.8,30.5,2026-10-06
1237,BRX,Real Estate,REIT - Retail,NYSE,3159183,27.39,88.57,-3,15,-16.65,9.6,29.7,-2.3,-3.7,-7.6,-8.0,48,51,69,71,22.1,0,0,0,0,0,0,8613905816.470001,306872316.0,0.0932,0.043,3653140,2862400,0,53.3,8.7,2026-10-06
1238,SA,Basic Materials,Gold,NYSE,649686,26.97,88.56,-30,-56,-32.68,23.0,29.4,-6.7,-9.2,-10.5,-10.5,48,78,52,90,35.9,0,0,0,0,0,0,3268497762.500793,107871216.0,0.044,,497700,658372,1,64.0,21.2,2026-10-06
1239,EMBC,Healthcare,Medical Instruments & Supplies,NASDAQ,1202750,5.65,88.5,13,-19,-62.11,102.8,25.4,2.5,7.8,17.7,-15.9,48,35,3,22,0.6,0,0,0,0,0,0,334291639.50348043,56659599.0,0.1177,-0.081,930030,1403358,0,15.1,23.0,2026-10-06
1240,GGG,Industrials,Specialty Industrial Machinery,NYSE,2230253,78.0,88.49,14,4,-18.49,7.8,26.3,1.2,2.1,-0.6,-3.6,48,34,24,57,14.7,0,0,0,0,0,0,12609724835.48877,161953824.0,0.0431,0.033,1416020,1904792,0,32.4,6.0,2026-10-06
1241,EMN,Basic Materials,Specialty Chemicals,NYSE,1104110,64.87,88.46,-8,-27,-22.28,15.2,34.3,-1.3,-2.2,-7.1,-8.7,48,56,37,61,22.4,0,0,0,0,0,0,7656454081.868866,114326623.0,0.0675,0.099,1241060,1102472,0,44.1,17.7,2026-10-06
1242,GDDY,Technology,Software - Infrastructure,NYSE,2388303,97.21,88.44,4,-19,-31.78,33.0,39.8,2.8,1.9,3.0,6.9,48,44,21,12,3.9,0,0,0,0,0,0,12302557889.260376,126647704.0,0.084,0.066,3180320,2333050,0,20.2,28.7,2026-10-06
1243,WWD,Industrials,Aerospace & Defense,NASDAQ,713893,331.62,88.42,-11,11,-26.46,34.8,45.4,1.1,1.4,-4.0,-8.5,48,59,81,90,58.5,0,0,0,0,0,0,19503424660.04517,59045820.0,0.0202,0.212,686580,697742,1,72.1,-8.1,2026-10-06
1244,HTHT,Consumer Cyclical,Lodging,NASDAQ,1443580,41.78,88.41,-9,-32,-26.24,12.9,25.1,-1.7,-2.7,-5.4,-11.7,48,57,34,83,32.1,0,0,0,0,0,0,13247051454.0,315405987.0,0.045500003,0.108,1355990,1518412,0,51.5,9.6,2026-10-06
1245,D,Utilities,Utilities - Regulated Electric,NYSE,4804376,61.31,88.38,-11,1,-16.0,6.9,27.0,0.2,-2.6,-7.2,-5.2,48,59,71,64,21.0,0,0,0,0,0,0,53369634853.73002,879525949.0,0.0254,0.176,4977680,4226962,0,53.7,16.8,2026-10-06
1246,RYAM,Basic Materials,Chemicals,NYSE,803336,7.12,88.38,-22,-47,-39.92,25.7,22.8,-14.5,-15.9,-18.2,-19.6,48,70,45,92,13.7,0,0,0,0,0,0,579710841.916626,67644208.0,0.0752,0.106,967300,887478,1,55.2,26.2,2026-10-06
1247,CRCL,Financial Services,Capital Markets,NYSE,15061616,81.25,88.37,-18,-74,-49.05,65.8,33.0,-4.0,-6.0,1.8,-3.2,48,66,10,35,1.3,0,0,0,0,0,0,22594953409.0,253875881.0,0.0958,0.066,11330090,13886070,0,28.1,44.1,2026-10-06
1248,NAVI,Financial Services,Credit Services,NASDAQ,1372343,9.19,88.36,-1,-31,-31.93,21.5,27.4,-1.1,-3.4,-1.9,-2.8,47,48,18,15,2.7,0,0,0,0,0,0,857183472.2837648,93989417.0,0.2867,0.042,1329380,1324568,0,20.9,32.3,2026-10-06
1249,FAF,Financial Services,Insurance - Specialty,NYSE,922023,62.49,88.34,-25,-28,-21.76,9.0,22.9,-3.9,-8.8,-13.5,-7.8,47,72,69,58,18.4,0,0,0,0,0,0,6766166657.25708,102100000.0,0.0687,0.15,1113600,822594,0,54.3,29.9,2026-10-06
1250,OMF,Financial Services,Credit Services,NYSE,920530,56.02,88.31,-23,-42,-22.12,14.2,31.6,-0.7,-5.1,-9.2,-5.5,47,70,51,56,20.7,0,0,0,0,0,0,6598778732.05574,115041469.0,0.0349,-0.027,1024920,948742,0,49.4,29.4,2026-10-06
1251,VTS,Energy,Oil & Gas E&P,NYSE,518590,16.87,88.31,20,14,-30.03,13.7,24.1,1.3,-2.2,1.2,-6.0,47,27,21,34,3.8,0,0,0,0,0,0,705247309.75,42104317.0,0.1557,0.092,467330,510150,0,21.5,10.8,2026-10-06
1252,AROC,Energy,Oil & Gas Equipment & Services,NYSE,1838673,30.33,88.3,-15,9,-28.18,30.6,37.3,-1.0,-3.1,-7.1,-10.8,47,62,86,89,47.0,0,0,0,0,0,0,5335541023.058968,175338185.0,0.0608,-0.031,1249920,1795298,0,71.0,-0.3,2026-10-06
1253,CSL,Industrials,Building Products & Equipment,NYSE,616736,329.34,88.25,10,6,-23.92,12.0,28.8,1.8,1.5,-5.0,-6.0,47,37,33,46,20.5,0,0,0,0,0,0,12961501393.293337,39714133.0,0.0695,0.083,485010,554500,0,34.1,6.8,2026-10-06
1254,CDW,Technology,Information Technology Services,NASDAQ,1592820,133.29,88.24,-18,-42,-20.19,34.9,57.6,-1.5,-5.7,-6.0,1.8,47,65,41,31,8.1,0,0,0,0,0,0,16931109087.525024,125017426.0,0.088,0.1,1442650,1715228,0,36.3,37.6,2026-10-06
1255,EXR,Real Estate,REIT - Industrial,NYSE,1365353,133.25,88.17,3,10,-16.13,4.9,23.8,-0.1,-1.7,-6.4,-6.2,47,44,51,47,15.4,0,0,0,0,0,0,28172796848.78705,211269558.0,0.0315,0.038,1502210,1280790,0,39.3,13.0,2026-10-06
1256,BRZE,Technology,Software - Application,NASDAQ,2771080,25.42,88.16,-40,-89,-31.9,68.5,53.0,6.6,5.9,-3.4,9.8,47,87,38,18,17.3,0,0,0,0,0,0,2768052581.3138447,113584427.0,0.0804,0.262,1988060,2540722,0,40.1,53.6,2026-10-06
1257,VNO,Real Estate,REIT - Office,NYSE,1318106,33.73,88.15,-12,2,-19.4,34.4,51.4,-2.6,-3.8,-10.4,-0.4,47,59,73,22,6.3,0,0,0,0,0,0,6532634979.775681,188097756.0,0.0,0.05,1428250,1409606,0,40.1,32.3,2026-10-06
1258,RCL,Consumer Cyclical,Travel Services,NYSE,2770680,277.74,88.15,18,25,-22.07,19.4,38.0,8.3,8.1,-2.4,-4.1,47,29,36,50,9.1,0,0,0,0,0,0,64910619970.60101,267452084.0,0.0556,0.065,4457590,2445580,0,31.0,5.1,2026-10-06
1259,OSK,Industrials,Farm & Heavy Construction Machinery,NYSE,603416,133.85,88.14,-23,-46,-25.84,11.9,23.7,-0.0,-5.0,-10.1,-9.7,47,70,47,78,25.2,0,0,0,0,0,0,8195951679.75,61739749.0,0.0373,0.067,826850,700086,0,55.0,23.1,2026-10-06
1260,OZK,Financial Services,Banks - Regional,NASDAQ,1088776,46.71,88.14,-8,-12,-12.51,9.3,37.8,0.2,-2.0,-5.7,-3.9,47,55,51,57,13.4,0,0,0,0,0,0,5112773841.46872,109037618.0,0.16319999,-0.021,1177250,1051592,0,44.1,20.8,2026-10-06
1261,SCI,Consumer Cyclical,Personal Services,NYSE,891363,77.14,88.09,-17,-48,-15.22,10.4,37.8,-1.5,-3.3,-7.1,-4.9,47,64,33,53,12.9,0,0,0,0,0,0,10608936632.965302,136291587.0,0.04,0.036,989760,975690,0,40.7,30.8,2026-10-06
1262,PRGS,Technology,Software - Infrastructure,NASDAQ,592040,36.9,88.09,-28,-49,-22.1,48.3,55.7,-4.7,-7.4,-11.2,1.3,47,75,54,11,6.0,0,0,0,0,0,0,1613449144.5380783,41012942.0,0.16690001,0.068,700410,544964,0,36.5,49.4,2026-10-06
1263,NVS,Healthcare,Drug Manufacturers - General,NYSE,2293676,141.0,88.09,-23,-28,-17.28,15.7,40.9,-1.5,-0.0,-6.2,-6.5,47,70,65,78,32.9,0,0,0,0,0,0,276477993387.547,1900714840.0,0.0027,0.008,1958210,2006032,0,61.5,17.4,2026-10-06
1264,UL,Consumer Defensive,Household & Personal Products,NYSE,3391403,59.7,88.08,-3,-15,-20.38,9.0,25.2,-2.3,-3.1,-4.9,-4.2,47,50,38,29,12.0,0,0,0,0,0,0,134665179811.61276,2153264756.0,1.17,0.005,2915600,3903450,0,32.3,24.4,2026-10-06
1265,CHH,Consumer Cyclical,Lodging,NYSE,548453,102.5,88.07,15,21,-17.22,18.0,40.3,-2.3,-0.4,-4.7,-6.2,47,32,38,50,15.2,0,0,0,0,0,0,4582327695.935669,45008622.0,0.2951,0.071,561400,535384,0,33.8,4.2,2026-10-06
1266,TPG,Financial Services,Asset Management,NASDAQ,2572283,44.67,87.95,-21,-61,-36.53,17.3,20.7,0.3,-3.2,-8.3,-6.7,47,68,28,18,5.3,0,0,0,0,0,0,7400479680.435226,166715021.0,0.075100005,1.102,2616790,2884412,0,29.8,45.4,2026-10-06
1267,EQX,Basic Materials,Gold,NYSE ARCA,12962646,11.11,87.93,-19,-58,-41.4,30.3,25.7,-2.7,-5.5,-4.2,-14.3,47,66,27,90,25.8,0,0,0,0,0,0,13939469784.794365,1167459822.0,3.36,1.693,14566050,14331392,1,52.2,19.2,2026-10-06
1268,REG,Real Estate,REIT - Retail,NASDAQ,1258190,71.6,87.9,-3,10,-14.42,6.2,26.9,-1.6,-2.8,-5.8,-6.6,47,50,63,66,20.2,0,0,0,0,0,0,13409918271.533516,183120547.0,0.045100003,0.089,1258170,1314974,0,49.8,10.4,2026-10-06
1269,YOU,Technology,Software - Application,NYSE,1972466,41.55,87.89,-7,29,-39.84,39.3,35.5,2.1,0.9,-8.9,-12.0,47,54,90,90,58.2,0,0,0,0,0,0,4075277383.370201,102911049.0,0.1742,0.266,2067340,1900390,2,73.1,-12.9,2026-10-06
1270,MTG,Financial Services,Insurance - Specialty,NYSE,2274090,26.95,87.87,-26,-48,-15.49,9.1,34.2,-2.7,-6.6,-9.8,-2.6,47,73,51,56,18.9,0,0,0,0,0,0,5841955349.3013,205124840.0,0.059499998,-0.029,2819310,2026494,0,49.7,32.7,2026-10-06
1271,MARA,Financial Services,Capital Markets,NASDAQ,46870130,11.23,87.86,6,25,-52.11,66.0,27.6,-8.1,-7.1,-0.6,1.8,46,40,59,22,1.6,0,0,0,0,0,0,4848056251.030744,386299297.0,0.3098,-0.267,37843520,46190188,0,30.6,20.9,2026-10-06
1272,NVST,Healthcare,Medical Instruments & Supplies,NYSE,2659813,23.46,87.8,-30,-42,-22.88,23.2,38.8,-1.3,-4.2,-11.3,-9.1,46,76,64,83,40.6,0,0,0,0,0,0,3846794253.091587,160617709.0,0.0714,0.071,2819860,2907324,0,65.9,17.5,2026-10-06
1273,L,Financial Services,Insurance - Property & Casualty,NYSE,969226,106.03,87.78,-7,3,-12.38,8.0,36.4,0.4,-1.1,-4.4,-3.1,46,53,63,66,28.0,0,0,0,0,0,0,21428113548.01361,204427720.0,0.0287,0.039,1114750,861220,0,52.5,8.9,2026-10-06
1274,YETI,Consumer Cyclical,Leisure,NYSE,1700383,40.87,87.77,11,59,-24.3,26.2,40.9,-3.4,-2.0,-8.6,-8.7,46,35,83,46,43.0,0,0,0,0,0,0,3085966205.7823486,72988796.0,0.1455,0.085,1696790,1753172,0,51.7,-11.0,2026-10-06
1275,PTC,Technology,Software - Application,NASDAQ,1544910,144.03,87.75,16,2,-30.36,71.2,85.5,32.0,38.1,33.8,32.4,46,30,16,21,16.4,0,0,0,0,0,0,14986884239.504272,108506261.0,0.0921,-0.068,1331760,1513802,0,20.9,10.0,2026-10-06
1276,ASO,Consumer Cyclical,Specialty Retail,NASDAQ,2076420,48.73,87.72,25,27,-21.96,24.6,52.7,6.5,4.5,8.5,-0.8,46,21,23,70,19.3,0,0,0,0,0,0,3025986666.155228,61578891.0,0.20459999,0.03,1202870,1749658,0,33.3,-9.2,2026-10-06
1277,CTRE,Real Estate,REIT - Healthcare Facilities,NYSE,2215176,36.3,87.68,-13,-3,-16.78,10.0,31.4,-1.9,-3.8,-7.6,-7.3,46,59,69,73,26.6,0,0,0,0,0,0,8839728538.53452,236293199.0,0.082100004,0.435,2364290,2236846,0,56.9,12.4,2026-10-06
1278,ETR,Utilities,Utilities - Regulated Electric,NYSE,2843110,100.91,87.67,-13,-1,-14.81,10.6,36.0,1.2,-1.1,-4.2,-5.1,46,59,71,81,33.2,0,0,0,0,0,0,47094526254.93388,477777482.0,0.0398,0.059,3108340,2684038,0,61.1,7.3,2026-10-06
1279,PUMP,Energy,Oil & Gas Equipment & Services,NYSE,3697513,9.27,87.66,-23,-3,-49.89,90.7,34.6,2.2,-5.6,-11.4,-24.6,46,69,89,96,82.1,0,0,0,0,0,0,1177881382.7714424,122823917.0,0.1681,-0.062,3964120,3832896,1,84.0,-13.9,2026-10-06
1280,TFC,Financial Services,Banks - Regional,NYSE,7264023,46.45,87.65,-16,-18,-17.35,12.8,35.6,-1.2,-4.0,-7.9,-6.9,46,62,60,68,24.7,0,0,0,0,0,0,58222703933.67464,1221626188.0,0.0216,0.082,7962770,6919210,0,53.7,17.7,2026-10-06
1281,SYF,Financial Services,Credit Services,NYSE,3147230,71.77,87.62,-17,-44,-19.15,12.7,32.8,0.2,-2.6,-6.3,-3.7,46,63,36,64,24.8,0,0,0,0,0,0,23732549863.9624,325370840.0,0.077,0.006,2798910,3151296,0,47.0,21.6,2026-10-06
1282,MOD,Consumer Cyclical,Auto Parts,NYSE,1348650,178.2,87.56,11,68,-44.87,52.8,33.8,-2.7,-2.2,-4.6,-14.5,46,35,92,97,51.9,0,0,0,0,0,0,10520034462.569092,53112708.0,0.0644,0.28,1559680,1469430,2,69.0,-26.5,2026-10-06
1283,F,Consumer Cyclical,Auto Manufacturers,NYSE,46848060,12.1,87.53,-19,-18,-31.95,8.4,15.1,-2.5,-6.8,-11.6,-9.9,46,65,66,56,20.5,0,0,0,0,0,0,50682341079.6847,3987595667.0,0.0,-0.038,44464290,48044424,0,51.9,24.0,2026-10-06
1284,PPG,Basic Materials,Specialty Chemicals,NYSE,1588343,105.15,87.51,-4,5,-21.19,11.6,29.4,-0.8,-0.6,-5.1,-6.0,46,50,59,56,22.1,0,0,0,0,0,0,23901695253.753662,222300000.0,0.0336,0.072,1631570,1697122,0,46.8,11.8,2026-10-06
1285,KEY,Financial Services,Banks - Regional,NYSE,13541030,20.08,87.51,-19,-13,-16.58,20.3,47.2,-0.3,-3.1,-7.3,-6.6,46,65,71,76,36.1,0,0,0,0,0,0,21993520149.26358,1067128554.0,0.0001,0.101,14922890,11819846,0,62.0,11.7,2026-10-06
1286,ZBH,Healthcare,Medical Devices,NYSE,1910563,88.29,87.5,-12,-36,-17.39,15.1,49.1,1.1,-1.3,-4.7,0.3,46,58,34,46,14.0,0,0,0,0,0,0,17364759381.18557,190737689.0,0.059299998,0.048,2066910,2164102,0,38.0,26.8,2026-10-06
1287,UNIT,Real Estate,REIT - Specialty,NASDAQ,2196776,8.04,87.42,-32,-24,-37.86,48.3,35.0,-7.7,-13.5,-17.4,-17.2,46,78,86,88,63.6,0,0,0,0,0,0,2162680915.813084,242725135.0,0.1879,2.025,2805630,2277210,0,78.9,4.4,2026-10-06
1288,VRDN,Healthcare,Biotechnology,NASDAQ,1549333,19.4,87.39,-21,-28,-43.42,42.9,27.8,-6.5,-10.5,-13.5,-16.5,46,67,60,20,11.2,0,0,0,0,0,0,2319092668.6383724,113292269.0,0.17809999,2.787,1922980,1677108,0,39.5,38.0,2026-10-06
1289,GFL,Industrials,Waste Management,NYSE,2972270,41.98,87.39,-10,-38,-11.92,26.1,66.8,1.0,0.4,1.4,3.9,46,56,28,27,12.2,0,0,0,0,0,0,18430423234.23257,436016632.0,0.0765,0.163,3561990,2660192,0,30.8,30.5,2026-10-06
1290,ESNT,Financial Services,Insurance - Specialty,NYSE,786110,60.22,87.38,-26,-42,-14.42,9.4,38.1,-2.1,-6.3,-8.8,-2.9,46,72,56,53,20.3,0,0,0,0,0,0,5727828857.747807,89876493.0,0.0469,0.136,948710,693920,0,50.3,31.2,2026-10-06
1291,LXU,Basic Materials,Chemicals,NYSE,771736,9.86,87.36,-4,1,-42.74,24.8,23.2,2.0,-4.1,-3.7,-12.6,46,50,55,94,54.5,0,0,0,0,0,0,712055339.2783813,71997504.0,0.0688,0.111,751310,839866,1,63.4,-11.5,2026-10-06
1292,ACGL,Financial Services,Insurance - Diversified,NASDAQ,3828276,93.6,87.34,-12,-13,-12.6,11.4,44.3,-0.1,-1.2,-3.7,-2.1,46,58,57,55,30.7,0,0,0,0,0,0,32300750316.77838,341229126.0,0.025,-0.105,4347930,2996464,0,50.2,14.4,2026-10-06
1293,GAB,Financial Services,Asset Management,NYSE,981886,5.24,87.33,-5,-6,-16.92,0.0,0.0,-1.8,-3.9,-7.0,-9.6,46,51,50,51,8.6,0,0,0,0,0,0,1826778573.344984,343379420.0,0.0,0.366,1523459,858509,0,40.2,21.3,2026-10-06
1294,HR,Real Estate,REIT - Healthcare Facilities,NYSE,3770306,17.47,87.33,-11,9,-20.74,4.5,13.4,-3.9,-6.3,-10.9,-9.1,46,57,77,59,16.0,0,0,0,0,0,0,6254714218.525017,346521578.0,0.0861,-0.043,4393880,3766856,0,52.3,18.1,2026-10-06
1295,AIR,Industrials,Aerospace & Defense,NYSE,539800,102.51,87.33,-36,-30,-33.44,32.2,32.6,-7.2,-11.2,-20.9,-12.9,46,82,88,90,49.7,0,0,0,0,0,0,4674453936.972046,40258840.0,0.040999997,0.23,867000,488286,1,77.4,13.9,2026-10-06
1296,ELAN,Healthcare,Drug Manufacturers - Specialty & Generic,NYSE,5329846,22.14,87.29,-20,-11,-20.87,13.9,38.8,0.5,-0.9,-5.1,-5.4,45,65,74,88,36.6,0,0,0,0,0,0,11142719929.995146,499449583.0,0.1012,0.102,5789020,6621216,0,65.9,8.7,2026-10-06
1297,CMI,Industrials,Specialty Industrial Machinery,NYSE,1118730,528.32,87.28,-6,30,-28.39,28.3,36.1,0.2,-1.6,-9.4,-13.3,45,51,87,89,48.5,0,0,0,0,0,0,72282115208.12506,137664487.0,0.0304,0.094,1106490,1064960,0,68.9,-10.0,2026-10-06
1298,NNN,Real Estate,REIT - Retail,NYSE,1934206,40.95,87.21,-12,-4,-18.1,3.4,12.6,-1.7,-3.9,-9.6,-8.7,45,57,65,60,15.5,0,0,0,0,0,0,7857249564.95216,190248177.0,0.0448,0.077,2736050,1702616,0,49.4,19.3,2026-10-06
1299,PGY,Technology,Software - Infrastructure,NASDAQ,2397526,17.98,87.2,-41,-83,-49.38,72.9,39.4,1.5,-6.0,-9.7,8.8,45,86,44,15,1.5,0,0,0,0,0,0,1469963423.6737535,83425843.0,0.1435,0.186,2916790,2694412,0,36.6,60.6,2026-10-06
1300,PCAR,Industrials,Farm & Heavy Construction Machinery,NASDAQ,3221860,109.68,87.16,-21,-23,-21.23,17.6,36.2,-1.5,-5.4,-12.0,-9.4,45,66,64,78,37.2,0,0,0,0,0,0,58589681633.359314,526364953.0,0.0271,0.005,4161180,3368704,0,61.3,12.2,2026-10-06
1301,HCA,Healthcare,Medical Care Facilities,NYSE,1422180,426.69,87.15,12,8,-23.33,20.4,40.0,0.9,1.8,4.1,-2.4,45,33,29,74,24.2,0,0,0,0,0,0,94310215243.59132,216501500.0,0.046,0.087,1156270,1412108,0,40.0,-3.4,2026-10-06
1302,JBIO,Healthcare,Biotechnology,NASDAQ,906730,14.12,87.13,-48,-47,-49.57,58.8,29.0,-3.1,-13.1,-27.2,-23.2,45,93,94,84,79.0,0,0,0,0,0,0,917074325.3920956,63597387.0,0.21129999,,855300,890064,2,87.5,8.7,2026-10-06
1303,DOV,Industrials,Specialty Industrial Machinery,NYSE,1303740,189.69,87.1,13,41,-20.14,18.7,41.8,1.1,1.1,-3.1,-8.9,45,32,60,74,41.8,0,0,0,0,0,0,25842442230.618286,134680225.0,0.0357,0.069,1296220,1218410,0,51.9,-16.1,2026-10-06
1304,ALV,Consumer Cyclical,Auto Parts,NYSE,656446,111.85,87.08,-8,-10,-15.37,11.7,37.4,-1.8,-3.6,-6.7,-5.8,45,53,51,47,11.0,0,0,0,0,0,0,8606837495.987526,73237217.0,0.0722,0.033,728570,604406,0,40.5,22.4,2026-10-06
1305,WPC,Real Estate,REIT - Diversified,NYSE,1497386,64.52,87.06,-3,8,-16.45,0.2,0.8,-2.3,-4.3,-8.4,-10.0,45,48,59,67,15.0,0,0,0,0,0,0,15056416698.819672,227816879.0,0.048299998,0.184,1684640,1398934,0,47.3,11.6,2026-10-06
1306,CIFR,Technology,Information Technology Services,NASDAQ,33739696,15.71,87.05,-32,-14,-47.88,28.8,20.2,-8.4,-8.6,-11.2,-15.5,45,77,95,98,39.3,0,0,0,1,0,1,7358494511.074013,415030722.0,0.2134,-0.43,30921800,34576254,2,77.3,12.9,2026-10-06
1307,MGY,Energy,Oil & Gas E&P,NYSE,4390393,24.07,87.05,-9,-10,-26.53,13.0,24.8,-0.1,-5.6,-7.1,-10.3,45,54,53,83,26.6,0,0,0,0,0,0,6489727247.409302,269171592.0,0.1144,0.501,5353940,4264808,0,54.2,8.0,2026-10-06
1308,TOST,Technology,Software - Infrastructure,NYSE,8669530,29.79,86.98,-22,-62,-25.01,34.5,46.2,0.4,-2.4,-8.9,1.0,45,67,27,19,7.4,0,0,0,0,0,0,17686800220.489502,578000000.0,0.0623,0.231,8638510,9143420,0,30.1,43.4,2026-10-06
1309,MQ,Technology,Software - Infrastructure,NASDAQ,831680,16.55,86.98,11,-1,-25.72,13.2,36.9,2.0,4.1,3.3,2.0,45,34,22,27,7.7,0,0,0,0,0,0,1765516129.334671,104098834.0,0.0592,0.17,1151900,940338,0,22.7,15.8,2026-10-06
1310,NGG,Utilities,Utilities - Regulated Electric,NYSE,902380,76.12,86.96,5,20,-19.57,3.7,13.2,0.5,-0.1,-3.2,-8.6,45,40,55,74,29.1,0,0,0,0,0,0,75894630065.04916,1005360077.0,0.0014,0.02,1000670,855358,0,49.5,-2.9,2026-10-06
1311,UHS,Healthcare,Medical Care Facilities,NYSE,727943,175.72,86.96,11,-3,-28.66,24.7,33.9,-0.6,-0.2,1.8,-2.5,45,34,20,34,8.9,0,0,0,0,0,0,10541385108.871994,58936515.0,0.065799996,0.083,741660,818408,0,24.2,13.9,2026-10-06
1312,AEP,Utilities,Utilities - Regulated Electric,NASDAQ,3945960,119.57,86.92,-6,8,-14.95,5.3,24.1,0.6,-0.7,-3.1,-5.8,45,51,65,75,29.8,0,0,0,0,0,0,64429425778.51557,544397352.0,0.047,0.07,4506540,3870688,0,55.2,4.4,2026-10-06
1313,CI,Healthcare,Healthcare Plans,NYSE,1630703,270.53,86.85,1,3,-14.25,11.0,40.4,0.2,-1.5,-2.6,-3.1,45,44,46,34,13.0,0,0,0,0,0,0,71876057177.3335,264240486.0,0.0277,0.067,1883250,1699174,0,34.2,17.3,2026-10-06
1314,SHW,Basic Materials,Specialty Chemicals,NYSE,1674470,319.51,86.81,-1,-9,-15.42,8.7,32.0,-2.0,-1.5,-6.1,-4.4,45,46,38,37,14.5,0,0,0,0,0,0,79891708975.77817,242758151.0,0.026500002,0.075,1805050,1805020,0,33.9,18.3,2026-10-06
1315,AURA,Healthcare,Biotechnology,NASDAQ,867933,6.09,86.8,-26,-32,-36.13,25.2,31.8,1.1,-4.4,-12.7,-6.3,45,71,65,77,27.1,0,0,0,0,0,0,622228854.0,103704809.0,0.0684,,939980,813792,0,60.0,21.3,2026-10-06
1316,AMH,Real Estate,REIT - Residential,NYSE,2834196,30.26,86.79,-5,2,-13.72,9.9,36.3,-1.7,-3.2,-8.2,-5.0,45,50,57,32,13.8,0,0,0,0,0,0,11024731962.54634,359815019.0,0.0467,0.028,3507710,2581076,0,38.2,21.0,2026-10-06
1317,RSG,Industrials,Waste Management,NYSE,1565170,209.56,86.77,-5,-16,-10.22,7.6,43.7,0.6,-1.5,-1.8,-1.1,45,50,39,35,17.1,0,0,0,0,0,0,64947774502.775696,306212978.0,0.0252,0.046,1322380,1511010,0,35.3,20.5,2026-10-06
1318,DNP,Financial Services,Asset Management,NYSE,871966,9.57,86.74,-15,-10,-14.25,1.9,9.9,-2.5,-5.5,-10.1,-9.6,45,60,65,63,16.8,0,0,0,0,0,0,3692848008.272944,376821218.0,0.0023999999,0.043,1170068,740699,0,51.2,20.5,2026-10-06
1319,FBK,Financial Services,Banks - Regional,NYSE,541583,53.42,86.74,-12,-19,-14.74,3.3,14.9,0.1,-1.7,-7.9,-5.8,45,57,50,61,14.4,0,0,0,0,0,0,2635847082.006645,49978138.0,0.060300004,1.302,550270,450778,0,45.6,21.2,2026-10-06
1320,UPS,Industrials,Integrated Freight & Logistics,NYSE,4595376,93.02,86.71,-14,-3,-24.01,12.4,27.7,-0.8,-3.8,-8.2,-11.3,45,59,70,58,35.2,0,0,0,0,0,0,79939436665.8062,850781582.0,0.0343,0.076,5391960,4956690,0,55.5,11.0,2026-10-06
1321,TOL,Consumer Cyclical,Residential Construction,NYSE,1036960,136.61,86.69,6,31,-18.86,9.1,26.8,-0.6,0.1,-5.3,-6.2,45,39,64,67,18.2,0,0,0,0,0,0,12655468642.547607,92147000.0,0.0519,-0.097,1243300,979284,0,47.1,2.3,2026-10-06
1322,TEX,Industrials,Farm & Heavy Construction Machinery,NYSE,1143163,56.71,86.68,-21,-20,-24.07,36.2,46.1,1.4,-1.7,-8.6,-8.5,44,65,66,80,35.1,0,0,0,0,0,0,6552819209.289551,114300000.0,0.0719,0.505,1457790,1206864,0,61.5,11.8,2026-10-06
1323,MUX,Basic Materials,Other Precious Metals & Mining,NYSE,1274946,17.74,86.68,-24,-40,-40.27,14.3,16.7,-2.6,-4.6,-6.2,-15.5,44,68,52,92,35.6,0,0,0,0,0,0,1167039953.4077225,61358566.0,0.21059999,0.268,1660650,1190364,1,61.9,13.0,2026-10-06
1324,SUZ,Basic Materials,Paper & Paper Products,NYSE,2961656,8.5,86.68,0,-20,-26.31,9.9,20.1,-3.2,-6.2,-3.0,-7.4,44,44,24,51,11.1,0,0,0,0,0,0,10702262157.396557,1231560722.0,0.0113,-0.128,2427290,3107794,0,32.5,17.0,2026-10-06
1325,CINF,Financial Services,Insurance - Property & Casualty,NASDAQ,624293,161.95,86.67,-16,-14,-16.87,7.1,26.5,-0.0,-2.3,-5.1,-3.2,44,60,62,60,22.6,0,0,0,0,0,0,24946320403.86879,153478045.0,0.0286,0.316,689300,629034,0,51.1,18.5,2026-10-06
1326,H,Consumer Cyclical,Lodging,NYSE,754943,158.9,86.63,6,45,-23.18,15.8,32.0,-1.5,-1.5,-7.5,-7.4,44,38,77,62,33.5,0,0,0,0,0,0,14934637518.657228,94236736.0,0.2868,-0.066,794720,820186,0,52.6,-6.4,2026-10-06
1327,OMC,Communication Services,Advertising Agencies,NYSE,2963580,74.15,86.62,-22,-28,-17.22,11.9,36.8,0.5,-2.1,-7.9,-3.9,44,66,60,49,19.1,0,0,0,0,0,0,21703222260.284943,285006196.0,0.095699996,0.634,2621210,2939902,0,48.5,27.5,2026-10-06
1328,AR,Energy,Oil & Gas E&P,NYSE,3877146,34.08,86.57,-20,-49,-25.51,15.5,30.8,0.5,-3.4,-5.2,-4.5,44,64,35,64,27.4,0,0,0,0,0,0,10760365000.0,307439000.0,0.0446,0.126,4434410,4038184,0,47.6,21.2,2026-10-06
1329,UE,Real Estate,REIT - Retail,NYSE,849273,19.7,86.55,-2,23,-18.29,5.5,18.6,-1.3,-2.8,-7.7,-7.9,44,46,71,67,18.3,0,0,0,0,0,0,2512264825.241558,126244466.0,0.0509,0.076,905360,823728,0,50.6,7.2,2026-10-06
1330,SVV,Consumer Cyclical,Specialty Retail,NYSE,1260746,9.25,86.55,-15,-35,-33.36,29.4,32.0,-0.7,-2.1,-9.6,-2.6,44,59,39,23,2.8,0,0,0,0,0,0,1431210767.0817375,153234555.0,0.2383,0.074,1476280,1614888,0,31.0,37.3,2026-10-06
1331,TW,Financial Services,Capital Markets,NASDAQ,1258353,102.22,86.5,13,4,-19.95,17.1,44.5,5.3,4.7,3.2,-1.1,44,31,22,60,20.2,0,0,0,0,0,0,21550349112.01422,212969153.0,0.030299999,0.09,1352400,1419336,0,33.3,0.5,2026-10-06
1332,IDA,Utilities,Utilities - Regulated Electric,NYSE,590310,132.79,86.47,-3,15,-14.28,5.6,23.5,1.1,-0.3,-4.0,-5.8,44,47,65,70,21.0,0,0,0,0,0,0,7506740269.932037,57842043.0,0.1146,0.042,693030,555522,0,50.8,6.6,2026-10-06
1333,DEC,Energy,Oil & Gas Integrated,NYSE,827140,13.42,86.47,-22,-53,-28.99,9.4,20.0,-0.3,-3.5,-4.1,-5.5,44,66,35,82,19.2,0,0,0,0,0,0,952023247.3764392,69037219.0,0.107200004,0.247,700000,866262,0,50.5,23.3,2026-10-06
1334,FHB,Financial Services,Banks - Regional,NASDAQ,2035203,25.26,86.43,-2,23,-17.4,10.0,30.0,0.2,-1.2,-4.9,-6.1,44,46,71,62,25.3,0,0,0,0,0,0,3072454138.0,121681352.0,0.1504,0.059,2213990,2003458,0,51.1,4.7,2026-10-06
1335,NOMD,Consumer Defensive,Packaged Foods,NYSE,1348846,10.65,86.41,-12,-29,-20.99,17.6,40.0,0.7,-0.9,-6.4,-3.3,44,56,39,17,6.1,0,0,0,0,0,0,1485980142.4678297,139791169.0,0.0215,-0.031,1267950,1570080,0,29.5,34.5,2026-10-06
1336,ARI,Real Estate,REIT - Mortgage,NYSE,2591190,6.2,86.38,-6,-7,-44.84,0.5,0.6,-0.3,-2.8,-6.2,-34.2,44,50,49,75,1.7,0,0,0,0,0,0,800043430.9745808,128212093.0,0.044,5.249,3281940,2970594,0,43.9,19.2,2026-10-06
1337,AHRT,Real Estate,REIT - Diversified,NYSE,1071670,6.03,86.35,-4,19,-17.74,15.7,38.6,-1.1,-3.4,-8.7,-8.4,44,48,71,28,8.3,0,0,0,0,0,0,440844571.3380127,74592992.0,0.045300003,0.039,1902520,908996,0,38.8,21.6,2026-10-06
1338,PGR,Financial Services,Insurance - Property & Casualty,NYSE,2484400,210.31,86.35,-11,-8,-15.26,11.7,40.2,2.3,0.2,-0.8,1.7,44,55,58,28,9.9,0,0,0,0,0,0,119272200000.0,580400000.0,0.0108,0.073,3379310,2511824,0,37.7,27.6,2026-10-06
1339,APAM,Financial Services,Asset Management,NYSE,824160,34.88,86.34,-15,-42,-25.04,1.3,3.5,-3.7,-6.6,-13.9,-12.1,44,59,32,33,6.0,0,0,0,0,0,0,2567231006.446804,70996433.0,0.0686,0.089,911450,855326,0,32.5,34.4,2026-10-06
1340,BBIO,Healthcare,Biotechnology,NASDAQ,2521376,67.25,86.32,-27,-10,-28.01,25.1,35.6,-0.6,-3.5,-12.9,-10.1,44,71,88,87,52.2,0,0,0,0,0,0,12818475753.630272,195492997.0,0.123100005,1.204,3257380,2440038,0,74.5,4.5,2026-10-06
1341,IART,Healthcare,Medical Devices,NASDAQ,878380,12.68,86.31,-28,-9,-38.12,49.3,40.1,-14.1,-14.7,-20.0,-5.4,44,72,91,20,16.7,0,0,0,0,0,0,1253692861.9892845,77772506.0,0.120699994,0.008,930620,875816,1,49.9,36.2,2026-10-06
1342,HHH,Real Estate,Real Estate - Development,NYSE,746550,71.04,86.28,19,37,-21.99,19.0,38.6,2.4,8.3,8.6,3.0,44,25,43,27,8.6,0,0,0,0,0,0,4086602802.8849335,59719462.0,0.1268,3.302,1046220,616166,0,25.9,6.0,2026-10-06
1343,LMT,Industrials,Aerospace & Defense,NYSE,1140333,505.41,86.27,-11,-29,-26.96,15.4,28.4,-1.6,-3.2,-8.7,-10.0,44,55,37,76,23.3,0,0,0,0,0,0,119909643065.226,230790753.0,0.0125,0.105,1114020,1139630,0,47.8,13.5,2026-10-06
1344,GVA,Industrials,Engineering & Construction,NYSE,536533,119.92,86.25,8,36,-26.01,20.7,33.0,2.8,2.6,-1.0,-6.5,43,35,63,77,35.4,0,0,0,0,0,0,5112646927.788071,44426893.0,0.1377,0.293,659770,703790,0,52.6,-11.4,2026-10-06
1345,AMT,Real Estate,REIT - Specialty,NYSE,2470920,162.2,86.22,11,8,-17.28,0.7,3.6,-2.7,-5.2,-6.1,-8.2,43,32,29,36,8.5,0,0,0,0,0,0,78761226344.64111,465960048.0,0.015,0.047,3012420,2605638,0,26.4,11.3,2026-10-06
1346,LW,Consumer Defensive,Packaged Foods,NYSE,1586310,43.6,86.2,-13,-30,-34.99,15.8,21.7,2.0,-2.3,-11.2,-2.7,43,56,39,28,3.3,0,0,0,0,0,0,5991516277.379181,137483158.0,0.0553,0.056,1977200,1612028,0,31.6,33.6,2026-10-06
1347,BEP,Utilities,Utilities - Renewable,NYSE,973543,28.35,86.19,-10,4,-25.63,7.3,17.5,-0.8,-3.6,-10.0,-11.6,43,53,67,84,31.5,0,0,0,0,0,0,8597873723.4406,303275965.0,0.0046,0.011,1028950,960906,0,58.9,3.2,2026-10-06
1348,CYTK,Healthcare,Biotechnology,NASDAQ,2030100,65.6,86.18,-30,-13,-25.72,14.5,24.4,-4.3,-8.4,-14.4,-10.6,43,73,90,82,38.5,0,0,0,0,0,0,8989254716.998962,139023418.0,0.192,-0.571,2178280,1987516,1,70.9,13.7,2026-10-06
1349,KRC,Real Estate,REIT - Office,NYSE,1324186,33.63,86.16,-9,11,-22.83,20.1,35.3,-1.6,-3.1,-7.9,-4.4,43,52,72,24,5.4,0,0,0,0,0,0,3981256605.9979706,116308988.0,0.125,-0.06,1303380,1316508,0,38.3,26.9,2026-10-06
1350,OBDC,Financial Services,Asset Management,NYSE,3223386,10.3,86.11,4,-1,-24.13,0.0,0.0,-4.7,-6.7,-8.8,-10.7,43,39,34,30,5.9,0,0,0,0,0,0,5330871377.820857,493142569.0,0.038599998,-0.174,3936400,3740988,0,27.2,18.9,2026-10-06
1351,GE,Industrials,Aerospace & Defense,NYSE,4046956,309.56,86.1,-16,-1,-20.39,12.1,30.6,-3.1,-3.6,-10.1,-5.4,43,59,74,71,25.0,0,0,0,0,0,0,339376318577.50256,1037562513.0,0.0152,0.211,3925490,3867528,0,57.3,13.1,2026-10-06
1352,SMMT,Healthcare,Biotechnology,NASDAQ,7183110,16.75,86.09,-4,-35,-42.7,38.9,34.7,4.6,1.6,14.4,5.6,43,47,16,46,7.3,0,0,0,0,0,0,12452871013.33441,797749602.0,0.2626,,8277030,6293646,0,29.1,23.2,2026-10-06
1353,GRND,Technology,Software - Application,NYSE,1476903,13.43,86.05,-39,-53,-27.41,37.5,45.6,-10.5,-11.4,-14.4,-0.2,43,82,68,27,13.6,0,0,0,0,0,0,2741151367.3587685,173820627.0,0.1588,0.325,2000550,1612672,0,47.6,46.6,2026-10-06
1354,SHLS,Technology,Solar,NASDAQ,4528443,8.3,86.04,18,79,-37.03,42.7,34.6,3.6,7.6,4.4,-5.0,43,25,86,55,13.1,0,0,0,0,0,0,1257200591.1892653,168299950.0,0.1172,0.474,3855410,4865438,0,44.8,-6.2,2026-10-06
1355,CHRW,Industrials,Integrated Freight & Logistics,NASDAQ,1360086,157.72,86.02,17,76,-25.01,13.0,19.1,-5.6,-7.0,-6.5,-18.4,43,26,85,83,28.6,0,0,0,0,0,0,17188820765.00348,116851258.0,0.0497,0.193,1407320,1757718,0,55.6,-18.6,2026-10-06
1356,NBIX,Healthcare,Drug Manufacturers - Specialty & Generic,NASDAQ,1247570,143.18,85.98,-14,12,-23.07,17.1,33.8,2.4,-1.6,-7.0,-2.1,43,57,83,50,29.6,0,0,0,0,0,0,14068246029.982635,101649181.0,0.0634,0.395,1515650,1330902,0,54.9,12.5,2026-10-06
1357,IR,Industrials,Specialty Industrial Machinery,NYSE,4481150,76.07,85.97,9,4,-24.65,14.6,33.1,3.5,5.7,-0.7,-3.7,43,34,29,59,14.9,0,0,0,0,0,0,29518997268.768173,387999429.0,0.0397,0.085,5391700,4284742,0,34.2,5.0,2026-10-06
1358,AEMD,Healthcare,Medical Devices,NASDAQ,5410410,6.45,85.96,42,42,-84.46,356.6,13.4,-0.0,36.4,84.5,-23.4,43,1,1,8,0.1,0,0,0,0,0,0,4465934.229202271,711136.0,0.105399996,,252810,3269193,0,2.5,-1.0,2026-10-06
1359,ICL,Basic Materials,Agricultural Inputs,NYSE,1201476,5.04,85.89,-17,-55,-27.69,5.4,12.7,-1.4,-5.6,-6.7,-7.1,43,60,22,32,6.2,0,0,0,0,0,0,6634292203.210506,1290718361.0,0.0052,0.165,1172830,1169792,0,30.0,36.3,2026-10-06
1360,WAL,Financial Services,Banks - Regional,NYSE,1117326,76.38,85.85,4,2,-21.44,14.0,31.7,-0.3,-2.1,-4.4,-6.2,43,39,37,40,10.7,0,0,0,0,0,0,8467318121.629883,109100864.0,0.0,0.136,1084410,1021222,0,31.7,14.2,2026-10-06
1361,PDO,Financial Services,Asset Management,NYSE,1223928,12.11,85.85,7,22,-15.02,1.1,5.1,-0.1,-1.8,-5.6,-10.5,43,36,51,52,7.5,0,0,0,0,0,0,1698867563.7016296,144831000.0,0.42,,1447324,1010632,0,36.6,9.6,2026-10-06
1362,RQI,Financial Services,Asset Management,NYSE,665297,11.06,85.85,4,17,-18.5,0.7,3.0,-1.6,-3.9,-8.9,-12.1,43,39,52,66,10.2,0,0,0,0,0,0,1502560965.572874,134517543.0,0.00090000004,0.043,783203,613394,0,41.8,7.7,2026-10-06
1363,IBN,Financial Services,Banks - Regional,NYSE,5019020,27.44,85.83,-17,-41,-16.92,10.1,32.9,0.3,-1.6,-5.3,-3.1,43,60,36,30,12.5,0,0,0,0,0,0,100210602924.5546,3589204966.0,0.0114,0.114,4917670,5088264,0,34.6,32.2,2026-10-06
1364,TRI,Industrials,Specialty Business Services,NASDAQ,1497226,97.62,85.76,-8,-39,-40.58,26.8,23.6,-0.8,-1.3,-4.5,-1.3,42,50,19,11,2.0,0,0,0,0,0,0,42887553378.6552,433251382.0,7.47,0.095,1361400,1864178,0,20.5,34.9,2026-10-06
1365,MRSH,Financial Services,Insurance Brokers,NYSE,2644486,170.06,85.71,-14,-35,-18.17,8.3,26.4,0.0,-1.9,-7.2,-3.7,42,56,35,28,8.9,0,0,0,0,0,0,81660389850.02686,477211268.0,0.0123000005,0.062,2923070,2479880,0,32.0,31.3,2026-10-06
1366,GTY,Real Estate,REIT - Retail,NYSE,658456,28.2,85.7,-18,-4,-23.43,8.8,20.5,-2.2,-6.7,-12.7,-13.3,42,60,74,77,27.9,0,0,0,0,0,0,1774991143.88982,61932699.0,0.1535,0.109,787120,601018,0,59.7,11.3,2026-10-06
1367,CRSP,Healthcare,Biotechnology,NASDAQ,1542553,55.43,85.7,-12,-30,-29.37,29.3,40.1,2.7,4.3,5.0,7.6,42,54,36,56,5.0,0,0,0,0,0,0,5243642527.927616,96692653.0,0.2258,10.414,1501550,1531942,0,37.8,25.9,2026-10-06
1368,BANC,Financial Services,Banks - Regional,NYSE,2497480,17.74,85.68,-11,6,-19.11,12.8,31.7,-0.5,-2.7,-6.1,-8.4,42,53,70,68,27.7,0,0,0,0,0,0,2842195713.6096,158427850.0,0.0837,,2392420,2926330,0,54.7,7.9,2026-10-06
1369,SR,Utilities,Utilities - Regulated Gas,NYSE,544083,77.54,85.56,-8,-22,-18.64,1.9,7.6,0.4,-1.9,-4.2,-8.5,42,50,36,72,16.2,0,0,0,0,0,0,4564099774.350609,59112807.0,0.0668,0.192,529910,506300,0,43.5,13.9,2026-10-06
1370,PRMB,Consumer Defensive,Beverages - Non-Alcoholic,NYSE,4129530,19.51,85.54,-8,8,-25.56,37.5,49.6,2.2,-1.5,-9.8,-6.0,42,50,66,28,12.0,0,0,0,0,0,0,7057902247.5,361943705.0,0.32759997,0.038,3372660,4287898,0,39.0,21.8,2026-10-06
1371,BXP,Real Estate,REIT - Office,NYSE,1357470,60.45,85.51,-19,-17,-20.85,16.4,34.0,-3.9,-5.7,-10.8,-5.5,42,61,63,24,4.9,0,0,0,0,0,0,10122542894.0242,159661556.0,0.103199996,0.037,1270530,1385136,0,38.2,35.2,2026-10-06
1372,BZ,Communication Services,Internet Content & Information,NASDAQ,9128136,14.83,85.49,4,-11,-39.84,19.4,20.9,3.7,0.4,-5.1,-3.6,42,38,23,18,2.0,0,0,0,0,0,0,6177418240.491829,437804280.0,0.066,0.141,6799690,7012726,0,20.3,23.5,2026-10-06
1373,BTI,Consumer Defensive,Tobacco,NYSE,5071426,52.64,85.47,5,35,-21.78,4.9,15.3,-3.4,-4.2,-6.8,-10.3,42,37,67,73,22.5,0,0,0,0,0,0,119735039762.85413,2152346530.0,0.0016,0.014,4613780,4678554,0,49.9,-2.9,2026-10-06
1374,PAYX,Technology,Software - Application,NASDAQ,3121180,98.94,85.46,-30,-60,-24.08,16.6,33.0,-2.0,-8.6,-14.6,-3.8,42,72,42,18,6.2,0,0,0,0,0,0,36085741525.73957,355980473.0,0.0623,0.059,4093160,3019820,0,34.6,46.7,2026-10-06
1375,HYT,Financial Services,Asset Management,NYSE,1024887,7.84,85.45,7,11,-17.91,0.8,3.4,-0.2,-1.9,-4.6,-8.7,42,35,39,40,7.0,0,0,0,0,0,0,1524172509.5762558,195657576.0,0.0021,0.147,1217801,957848,0,30.3,12.6,2026-10-06
1376,WFC,Financial Services,Banks - Diversified,NYSE,13658786,80.45,85.45,-18,-29,-17.71,10.9,34.9,0.1,-4.0,-5.4,-3.8,42,60,49,59,22.8,0,0,0,0,0,0,250901228599.32544,3023999336.0,0.0,0.095,13328600,13184282,0,47.7,19.9,2026-10-06
1377,MRCY,Industrials,Aerospace & Defense,NASDAQ,715760,84.87,85.44,5,59,-33.93,25.4,28.0,-0.0,-0.5,-10.2,-9.8,42,37,91,77,21.8,0,0,0,0,0,0,5001769516.054092,60863586.0,0.095699996,0.061,560410,705714,1,56.7,-5.8,2026-10-06
1378,MDU,Utilities,Utilities - Regulated Gas,NYSE,1901113,18.61,85.42,-1,14,-19.02,5.5,19.1,0.6,-0.5,-4.8,-9.5,42,43,58,73,30.2,0,0,0,0,0,0,3946155842.7051697,210349456.0,0.10609999,0.069,2001340,1738330,0,51.0,-1.1,2026-10-06
1379,AIG,Financial Services,Insurance - Diversified,NYSE,4530706,74.93,85.35,3,5,-14.16,4.5,22.0,0.5,0.0,-1.8,-2.5,42,39,41,44,15.9,0,0,0,0,0,0,38782985387.28401,522893169.0,0.0233,0.005,5219440,3902580,0,35.0,10.4,2026-10-06
1380,REYN,Consumer Cyclical,Packaging & Containers,NASDAQ,1576233,22.32,85.35,9,46,-18.3,8.1,25.2,1.2,1.2,-6.8,-4.4,42,33,70,36,12.3,0,0,0,0,0,0,4567840596.022076,210790982.0,0.1181,0.006,1454980,1451764,0,37.8,6.1,2026-10-06
1381,DSL,Financial Services,Asset Management,NYSE,670518,9.96,85.34,5,14,-19.55,0.0,0.0,-1.5,-3.3,-6.1,-10.1,42,37,46,47,5.7,0,0,0,0,0,0,1148002424.3464851,114571095.0,0.0011999999,,938176,607987,0,33.9,12.8,2026-10-06
1382,FMS,Healthcare,Medical Care Facilities,NYSE,700510,22.25,85.32,3,5,-19.5,12.2,34.1,0.8,0.8,-2.7,-1.6,42,39,41,35,8.7,0,0,0,0,0,0,12076057789.535809,532219370.0,4.46,0.014,803030,748448,0,30.9,15.7,2026-10-06
1383,ERIC,Technology,Communication Equipment,NASDAQ,8052980,9.29,85.31,6,44,-32.53,12.9,18.9,-2.1,-5.7,-7.4,-15.4,42,36,74,87,37.2,0,0,0,0,0,0,31099563304.756058,3263333072.0,0.0215,-0.061,7503370,9376942,0,58.6,-14.6,2026-10-06
1384,ELS,Real Estate,REIT - Residential,NYSE,1597480,58.25,85.24,-1,7,-15.58,1.5,8.1,-0.7,-2.4,-6.9,-8.1,42,43,51,54,17.2,0,0,0,0,0,0,11494447294.534267,194064619.0,0.0642,0.064,1767630,1537382,0,41.3,9.9,2026-10-06
1385,GWRE,Technology,Software - Application,NYSE,1522526,152.15,85.24,-34,-89,-40.54,59.0,39.9,8.8,10.2,-1.4,8.1,42,76,21,13,3.0,0,0,0,0,0,0,11934852699.462584,81992669.0,0.0435,0.153,1120130,1348052,0,28.2,54.6,2026-10-06
1386,VNT,Technology,Scientific & Technical Instruments,NYSE,1276046,31.66,85.22,7,-10,-34.32,14.7,26.5,1.5,0.8,-1.8,-6.7,42,35,18,50,4.4,0,0,0,0,0,0,4256095938.110352,135200000.0,0.1154,-0.022,1198960,1452860,0,26.9,14.0,2026-10-06
1387,GSK,Healthcare,Drug Manufacturers - General,NYSE,3239740,47.03,85.2,-15,-11,-23.78,7.7,18.5,-4.5,-5.3,-7.9,-11.2,42,57,61,85,31.6,0,0,0,0,0,0,98618152238.16272,2002805623.0,0.0073,0.053,4198550,3591332,0,58.6,6.7,2026-10-06
1388,ARCO,Consumer Cyclical,Restaurants,NYSE,1326606,7.11,85.17,-18,-17,-27.08,22.0,51.0,10.9,6.9,2.7,-1.1,41,59,60,72,49.4,0,0,0,0,0,0,1525200484.4630527,210663057.0,0.0256,0.143,1910390,1235646,0,60.1,2.1,2026-10-06
1389,DASH,Consumer Cyclical,Internet Retail,NASDAQ,4123590,189.15,85.15,-33,-72,-33.75,30.8,33.4,2.3,-0.5,-7.0,2.8,41,74,35,18,3.1,0,0,0,0,0,0,83782489362.78407,433297937.0,0.0401,0.356,4976980,4275258,0,32.5,50.5,2026-10-06
1390,RLI,Financial Services,Insurance - Property & Casualty,NYSE,649046,55.94,85.14,-25,-44,-16.66,17.4,44.1,-0.4,-4.0,-9.0,-4.6,41,66,47,32,10.4,0,0,0,0,0,0,5110838243.968964,91773000.0,0.1037,0.152,777790,715910,0,38.8,36.5,2026-10-06
1391,RPM,Basic Materials,Specialty Chemicals,NYSE,1380076,99.19,85.14,7,6,-18.66,2.2,7.7,-4.0,-4.3,-9.9,-10.1,41,34,33,44,6.7,0,0,0,0,0,0,12820463231.628418,127643000.0,0.033299997,0.072,821950,1208678,0,29.4,11.7,2026-10-06
1392,OC,Industrials,Building Products & Equipment,NYSE,1081003,118.36,85.13,-24,-21,-25.98,19.5,31.6,-2.4,-5.1,-14.4,-6.9,41,65,68,32,7.6,0,0,0,0,0,0,9794922600.014923,79048683.0,0.0342,0.003,1099690,978624,0,43.2,35.0,2026-10-06
1393,KR,Consumer Defensive,Grocery Stores,NYSE,7414350,59.03,85.12,16,19,-22.92,5.9,16.2,-0.4,-0.7,1.0,-7.4,41,25,28,53,10.5,0,0,0,0,0,0,34691181229.28352,590588700.0,0.0504,0.02,8168490,6948808,0,29.1,1.3,2026-10-06
1394,COF,Financial Services,Credit Services,NYSE,3457220,194.72,85.1,-24,-56,-25.0,10.8,23.3,-0.6,-3.2,-7.5,-5.0,41,65,33,36,12.8,0,0,0,0,0,0,122822698127.74658,613500000.0,0.018099999,11.11,3522230,3439960,0,36.7,35.1,2026-10-06
1395,FWONK,Communication Services,Entertainment,NASDAQ,2121306,91.2,85.07,-18,-35,-16.61,16.7,50.5,1.5,0.6,-3.5,3.0,41,59,42,38,12.8,0,0,0,0,0,0,23719529918.87032,250708485.0,0.0402,0.183,2591770,2106884,0,37.9,29.0,2026-10-06
1396,EFC,Real Estate,REIT - Mortgage,NYSE,1382013,11.59,85.05,-17,-13,-17.92,1.8,7.4,-4.8,-7.7,-12.0,-12.1,41,58,62,51,10.1,0,0,0,0,0,0,1593048046.7100277,128887386.0,0.0752,0.338,1778380,1284870,0,45.3,25.0,2026-10-06
1397,WTW,Financial Services,Insurance Brokers,NASDAQ,513606,288.61,85.05,-31,-71,-18.19,19.0,42.3,-1.5,-5.3,-10.9,-3.5,41,72,32,30,7.5,0,0,0,0,0,0,27303419851.67749,92871937.0,0.030199999,0.091,547410,546744,0,35.4,44.6,2026-10-06
1398,INVH,Real Estate,REIT - Residential,NYSE,5037586,26.04,85.05,-2,15,-15.71,6.8,26.9,-1.7,-3.5,-9.2,-6.4,41,43,60,32,12.7,0,0,0,0,0,0,15722390771.790735,590623226.0,0.0361,0.101,5296440,4560788,0,36.9,15.7,2026-10-06
1399,DTM,Energy,Oil & Gas Midstream,NYSE,955456,121.0,84.96,-4,29,-20.85,15.6,36.3,-0.2,-2.2,-5.9,-9.1,41,45,78,78,33.2,0,0,0,0,0,0,12474430270.34961,102015296.0,0.070700005,0.11,864940,963414,0,58.5,-4.0,2026-10-06
1400,ECHO,Communication Services,Telecom Services,NASDAQ,3054703,94.25,84.92,5,54,-35.99,46.7,41.8,7.0,6.2,9.5,-9.7,41,36,85,98,52.5,0,0,0,1,0,1,26205415880.339905,290815844.0,0.2344,-0.04,3387470,3668852,1,67.9,-25.5,2026-10-06
1401,APO,Financial Services,Asset Management,NYSE,2632900,114.02,84.92,-17,-39,-25.62,,,,,,,41,58,36,24,,0,0,0,0,0,0,71863198460.46576,590543159.0,0.0434,0.638,3104330,3200490,0,39.3,,2026-10-06
1402,DOCS,Healthcare,Health Information Services,NYSE,2773233,27.93,84.92,12,-6,-63.49,58.7,19.0,5.3,8.2,13.2,7.0,41,29,11,6,0.5,0,0,0,0,0,0,4696781640.995445,178245980.0,0.099300005,0.073,2925380,4911748,0,11.6,20.6,2026-10-06
1403,G,Technology,Information Technology Services,NYSE,2070696,33.29,84.9,3,-19,-31.56,,,,,,,41,38,16,23,,0,0,0,0,0,0,5561938615.299843,168034407.0,0.074099995,0.071,1713390,2243182,0,25.7,,2026-10-06
1404,PFGC,Consumer Defensive,Food Distribution,NYSE,1461670,93.85,84.88,-11,14,-20.11,,,,,,,41,52,77,37,,0,0,0,0,0,0,14379984100.797104,157072459.0,0.0502,0.073,1323900,1587696,0,55.3,,2026-10-06
1405,CCL,Consumer Cyclical,Travel Services,NYSE,24712020,25.76,84.87,18,26,-24.3,,,,,,,41,23,31,56,,0,0,0,0,0,0,30474692897.75,1369649119.0,0.0379,0.053,33511090,22059830,0,36.7,,2026-10-06
1406,GFI,Basic Materials,Gold,NYSE,3911873,35.62,84.85,-39,-92,-42.21,,,,,,,41,80,27,88,,0,0,0,0,0,0,36116621600.54207,894418540.0,0.0076,0.789,4340760,3812562,0,65.0,,2026-10-06
1407,GLXY,Financial Services,Capital Markets,NASDAQ,5192876,23.06,84.71,-22,-32,-49.78,,,,,,,41,63,53,28,,0,0,0,0,0,0,4709647537.610001,194292392.0,0.18100001,-0.038,4860250,5888094,0,48.0,,2026-10-06
1408,HSLV,Basic Materials,Silver,NYSE ARCA,694230,5.25,84.71,-13,-51,-24.68,,,,,,,41,54,16,36,,0,0,0,0,0,0,1086815083.175209,203523418.0,4.27,,765590,587518,0,35.3,,2026-10-06
1409,ARE,Real Estate,REIT - Office,NYSE,1944413,47.37,84.69,4,-5,-44.51,,,,,,,41,37,28,16,,0,0,0,0,0,0,8592717233.12931,172095277.0,0.0546,-0.119,1863890,2003556,0,27.0,,2026-10-06
1410,MSCI,Financial Services,Financial Data & Stock Exchanges,NYSE,517026,535.95,84.62,1,20,-16.88,,,,,,,40,39,58,39,,0,0,0,0,0,0,40083870935.05859,72700000.0,0.022,0.122,579760,594824,0,45.3,,2026-10-06
1411,OCFC,Financial Services,Banks - Regional,NASDAQ,1028426,16.78,84.59,-17,-19,-18.58,,,,,,,40,57,55,62,,0,0,0,0,0,0,1652633281.7672253,96645219.0,0.052800003,0.322,1140800,1003618,0,58.0,,2026-10-06
1412,ZVRA,Healthcare,Biotechnology,NASDAQ,914160,9.99,84.54,-44,-41,-33.56,,,,,,,40,84,87,60,,0,0,0,0,0,0,655596939.9746885,59383781.0,0.097799994,0.533,947630,1131854,0,77.0,,2026-10-06
1413,ARES,Financial Services,Asset Management,NYSE,2141883,117.55,84.53,-16,-41,-35.12,,,,,,,40,56,31,16,,0,0,0,0,0,0,27750888628.410606,227447653.0,0.1499,0.096,2197400,2279060,0,34.3,,2026-10-06
1414,AEE,Utilities,Utilities - Regulated Electric,NYSE,1693706,99.94,84.52,-5,9,-15.53,,,,,,,40,45,59,66,,0,0,0,0,0,0,27515450547.91829,276843251.0,0.0498,-0.062,2193450,1644332,0,56.7,,2026-10-06
1415,LTM,Industrials,Airlines,NYSE,784586,47.92,84.51,-15,1,-31.95,,,,,,,40,55,71,78,,0,0,0,0,0,0,15354419823.8959,292743939.0,0.020299999,0.272,720400,767784,0,68.0,,2026-10-06
1416,RMD,Healthcare,Medical Instruments & Supplies,NYSE,1300010,218.89,84.5,0,-17,-23.16,,,,,,,40,40,23,33,,0,0,0,0,0,0,32024011932.0,144252306.0,0.11350001,0.086,1005210,1366626,0,32.0,,2026-10-06
1417,PCN,Financial Services,Asset Management,NYSE,505554,10.87,84.45,-2,-5,-19.42,,,,,,,40,42,39,43,,0,0,0,0,0,0,815948959.7883224,75691000.0,0.73,0.271,681572,443482,0,41.3,,2026-10-06
1418,RELX,Industrials,Specialty Business Services,NYSE,2022770,33.42,84.44,5,-9,-30.33,,,,,,,40,35,21,19,,0,0,0,0,0,0,58276015452.64256,1738544590.0,0.0039,0.027,1831960,2274454,0,25.0,,2026-10-06
1419,MUC,Financial Services,Asset Management,NYSE,608693,9.74,84.44,-2,12,-12.72,,,,,,,40,42,56,55,,0,0,0,0,0,0,924886095.1173476,94183923.0,0.0028,0.073,847990,526240,0,51.0,,2026-10-06
1420,TIC,Industrials,Specialty Business Services,NYSE,1463153,8.26,84.39,-4,-28,-44.73,,,,,,,40,44,20,14,,0,0,0,0,0,0,1939979039.7600136,218220356.0,0.1034,0.861,1299370,1831080,0,26.0,,2026-10-06
1421,VMRK,Real Estate,REIT - Residential,NYSE,6034956,59.79,84.36,-7,10,-16.38,,,,,,,40,47,64,40,,0,0,0,0,0,0,47595152372.43744,773779120.0,0.027,0.033,5120690,5429542,0,50.3,,2026-10-06
1422,PFN,Financial Services,Asset Management,NYSE,556909,6.34,84.35,-10,-10,-17.12,,,,,,,40,50,50,47,,0,0,0,0,0,0,617618750.0,98819000.0,1.03,0.14,706758,471711,0,49.0,,2026-10-06
1423,GD,Industrials,Aerospace & Defense,NYSE,1204230,330.09,84.34,-19,-12,-17.48,,,,,,,40,59,66,57,,0,0,0,0,0,0,91102019030.67,270557195.0,0.0111,0.081,1365110,1129568,0,60.7,,2026-10-06
1424,WAFD,Financial Services,Banks - Regional,NASDAQ,1184066,30.8,84.33,-23,-12,-22.01,,,,,,,40,63,74,65,,0,0,0,0,0,0,2320261180.2331543,74011520.0,0.088199995,0.056,1459450,920002,0,67.3,,2026-10-06
1425,BAM,Financial Services,Asset Management,NYSE,2718000,44.85,84.28,-11,-31,-24.41,,,,,,,40,51,31,29,,0,0,0,0,0,0,71221450559.19125,1597251633.0,0.0493,0.608,3395420,2705552,0,37.0,,2026-10-06
1426,BLBD,Industrials,Farm & Heavy Construction Machinery,NASDAQ,538863,56.53,84.26,-17,14,-32.21,,,,,,,40,57,88,86,,0,0,0,0,0,0,1839299718.877796,31646589.0,0.1539,0.299,547980,574340,0,77.0,,2026-10-06
1427,WMT,Consumer Defensive,Discount Stores,NASDAQ,24613390,104.26,84.25,9,18,-22.86,,,,,,,40,31,40,73,,0,0,0,0,0,0,856685945736.2393,7933746241.0,0.0183,0.059,23085760,24780280,0,48.0,,2026-10-06
1428,PRDO,Consumer Defensive,Education & Training Services,NASDAQ,669346,31.91,84.21,-9,0,-17.12,,,,,,,40,49,58,67,,0,0,0,0,0,0,1907974392.6272488,62577055.0,0.076799996,0.018,812620,685666,0,58.0,,2026-10-06
1429,NXE,Energy,Uranium,NYSE,4319653,9.0,84.2,-22,-41,-35.53,,,,,,,40,62,43,89,,0,0,0,0,0,0,6161950786.834443,670506101.0,8.89,,4378310,4741848,0,64.7,,2026-10-06
1430,AAL,Industrials,Airlines,NASDAQ,68447226,12.94,84.18,2,50,-31.13,,,,,,,40,38,86,30,,0,0,0,0,0,0,9181523144.613552,661969951.0,0.1393,0.163,68089630,63990420,0,51.3,,2026-10-06
1431,DXC,Technology,Information Technology Services,NYSE,2557573,11.1,84.18,-10,-47,-29.21,,,,,,,40,50,13,27,,0,0,0,0,0,0,1701642976.8992672,159778689.0,0.1783,-0.051,2569720,3110084,0,30.0,,2026-10-06
1432,ORI,Financial Services,Insurance - Property & Casualty,NYSE,1407883,38.06,84.17,-20,-27,-18.61,,,,,,,40,60,53,60,,0,0,0,0,0,0,9111678881.517143,241432922.0,0.0589,0.134,1669780,1310122,0,57.7,,2026-10-06
1433,IPGP,Technology,Semiconductor Equipment & Materials,NASDAQ,501356,84.05,84.16,23,77,-46.06,,,,,,,40,17,71,93,,0,0,0,0,0,0,3315695398.494873,42443616.0,0.2193,0.111,421800,502048,1,60.3,,2026-10-06
1434,NUV,Financial Services,Asset Management,NYSE,1034762,8.28,84.14,-2,9,-10.58,,,,,,,39,41,52,56,,0,0,0,0,0,0,1718242070.4034042,210054035.0,0.0011,0.062,2007468,822449,0,49.7,,2026-10-06
1435,JKHY,Technology,Information Technology Services,NASDAQ,1006036,142.54,84.12,-25,-58,-26.29,,,,,,,39,64,31,28,,0,0,0,0,0,0,10361941865.593262,70112608.0,0.07,0.047,909370,978478,0,41.0,,2026-10-06
1436,BOBS,Consumer Cyclical,Specialty Retail,NYSE,859543,14.19,84.1,-24,-29,-39.59,,,,,,,39,63,58,14,,0,0,0,0,0,0,1796947295.0,130687076.0,0.20979999,0.088,1002530,976628,0,45.0,,2026-10-06
1437,HEI,Industrials,Aerospace & Defense,NYSE,521376,302.45,84.07,-8,10,-19.74,,,,,,,39,47,65,33,,0,0,0,0,0,0,43119351994.0477,139757405.0,0.0134000005,0.231,488720,479536,0,48.3,,2026-10-06
1438,FE,Utilities,Utilities - Regulated Electric,NYSE,4237010,43.34,84.07,-13,-12,-17.2,,,,,,,39,52,53,73,,0,0,0,0,0,0,25046069436.19204,578431175.0,0.069299996,0.088,4410850,4359178,0,59.3,,2026-10-06
1439,ASM,Basic Materials,Other Precious Metals & Mining,NYSE ARCA,3601280,5.55,84.06,-47,-72,-53.71,,,,,,,39,86,61,93,,0,0,0,0,0,0,1008940319.4591966,169855271.0,0.0432,0.228,2790020,3832368,1,80.0,,2026-10-06
1440,MYI,Financial Services,Asset Management,NYSE,588836,9.77,84.0,0,13,-14.75,,,,,,,39,39,52,56,,0,0,0,0,0,0,650049697.0313292,66467251.0,0.0055,0.063,1041069,472845,0,49.0,,2026-10-06
1441,DUK,Utilities,Utilities - Regulated Electric,NYSE,3887703,114.13,83.97,1,11,-15.14,,,,,,,39,38,48,63,,0,0,0,0,0,0,88379242386.81888,779702193.0,0.0271,0.011,4096940,4220934,0,49.7,,2026-10-06
1442,WMG,Communication Services,Entertainment,NASDAQ,1907743,26.82,83.94,-5,-10,-24.28,,,,,,,39,44,39,34,,0,0,0,0,0,0,14197198811.379135,523109769.0,0.083900005,0.104,2087550,2128758,0,39.0,,2026-10-06
1443,ECVT,Basic Materials,Specialty Chemicals,NYSE,1268263,10.12,83.91,7,43,-32.91,,,,,,,39,32,68,92,,0,0,0,0,0,0,1110009593.302992,109468398.0,0.048899997,0.42,1064450,1271748,1,64.0,,2026-10-06
1444,WLTH,Technology,Software - Application,NASDAQ,3074703,10.03,83.87,16,11,-32.0,,,,,,,39,23,18,22,,0,0,0,0,0,0,1589876206.861267,156176440.0,0.088599995,0.008,2528590,2214796,0,21.0,,2026-10-06
1445,FWRD,Industrials,Integrated Freight & Logistics,NASDAQ,533593,15.91,83.87,-6,-42,-48.97,,,,,,,39,45,9,29,,0,0,0,0,0,0,496240848.6049862,33780862.0,0.096499994,0.088,523500,567636,0,27.7,,2026-10-06
1446,HIG,Financial Services,Insurance - Diversified,NYSE,1679720,126.05,83.86,-16,-19,-13.71,,,,,,,39,55,52,62,,0,0,0,0,0,0,33650429717.759323,270872002.0,0.0001,0.081,1890040,1626030,0,56.3,,2026-10-06
1447,SF,Financial Services,Capital Markets,NYSE,1315676,70.28,83.86,-25,-51,-21.76,,,,,,,39,64,38,63,,0,0,0,0,0,0,10622971756.48964,151001734.0,0.0001,0.127,1678760,1203484,0,55.0,,2026-10-06
1448,GNTX,Consumer Cyclical,Auto Parts,NASDAQ,2350000,22.08,83.82,8,25,-23.89,,,,,,,39,31,48,35,,0,0,0,0,0,0,4757229597.906137,210683331.0,0.081599995,-0.01,2168660,2440814,0,38.0,,2026-10-06
1449,ATAT,Consumer Cyclical,Lodging,NASDAQ,956926,32.26,83.82,7,0,-25.28,,,,,,,39,32,25,64,,0,0,0,0,0,0,4453733169.703491,138185952.0,0.026400002,0.414,945530,948076,0,40.3,,2026-10-06
1450,EQT,Energy,Oil & Gas E&P,NYSE,7367623,50.17,83.77,1,-10,-26.48,,,,,,,39,38,27,62,,0,0,0,0,0,0,31782468819.015503,625516000.0,0.040900003,-0.039,7904590,6898584,0,42.3,,2026-10-06
1451,NP,Financial Services,Insurance Brokers,NYSE,509026,27.43,83.7,-50,-61,-21.96,,,,,,,39,89,78,41,,0,0,0,0,0,0,3775282337.3101616,137233090.0,0.0664,0.328,680300,573784,0,69.3,,2026-10-06
1452,PTY,Financial Services,Asset Management,NYSE,1666871,11.04,83.69,3,3,-24.85,,,,,,,39,36,36,36,,0,0,0,0,0,0,2384259336.57074,218139000.0,0.54,0.191,2218615,1513367,0,36.0,,2026-10-06
1453,NEXT,Energy,Oil & Gas Equipment & Services,NASDAQ,2510246,6.48,83.69,1,31,-29.87,,,,,,,39,38,68,73,,0,0,0,0,0,0,1746176425.248747,266185433.0,0.14729999,,2750950,2693276,0,59.7,,2026-10-06
1454,ORLY,Consumer Cyclical,Auto Parts,NASDAQ,5776693,84.9,83.63,11,11,-21.91,,,,,,,39,28,28,38,,0,0,0,0,0,0,69667705628.91718,808960792.0,0.032,0.081,5144180,5939810,0,31.3,,2026-10-06
1455,OXLC,Financial Services,Asset Management,NASDAQ,851197,8.91,83.59,0,-20,-48.59,,,,,,,39,39,19,16,,0,0,0,0,0,0,876390358.1048717,98030246.0,0.0589,-0.102,1014302,917794,0,24.7,,2026-10-06
1456,IE,Basic Materials,Copper,NYSE ARCA,2264630,10.44,83.58,17,11,-51.55,,,,,,,38,21,15,80,,0,0,0,0,0,0,1685273202.0067377,159590259.0,0.0859,-0.322,2215570,2085752,0,38.7,,2026-10-06
1457,AGI,Basic Materials,Gold,NYSE,3787286,32.46,83.56,-11,-40,-41.42,,,,,,,38,49,20,86,,0,0,0,0,0,0,14441854042.5,418604465.0,1.83,0.356,3774500,4306008,0,51.7,,2026-10-06
1458,TWI,Industrials,Farm & Heavy Construction Machinery,NYSE,598626,6.99,83.56,6,-3,-40.26,,,,,,,38,32,23,54,,0,0,0,0,0,0,456314439.719429,64542352.0,0.0535,0.052,628920,585302,0,36.3,,2026-10-06
1459,RITM,Real Estate,REIT - Mortgage,NYSE,5776273,8.71,83.55,-14,-36,-28.31,,,,,,,38,52,30,38,,0,0,0,0,0,0,5098256256.934613,558407031.0,0.0519,0.097,7347930,5747568,0,40.0,,2026-10-06
1460,DOX,Technology,Software - Infrastructure,NASDAQ,1007536,58.12,83.55,8,-8,-32.13,,,,,,,38,30,14,22,,0,0,0,0,0,0,6126724342.803955,106164000.0,0.104499996,0.027,926280,1084120,0,22.0,,2026-10-06
1461,AKR,Real Estate,REIT - Retail,NYSE,1307613,18.63,83.54,2,27,-19.11,,,,,,,38,36,61,60,,0,0,0,0,0,0,2642281539.8470345,137332722.0,0.21190001,0.134,1095660,1382814,0,52.3,,2026-10-06
1462,NCNO,Technology,Software - Application,NASDAQ,2645830,18.68,83.53,-42,-104,-33.76,,,,,,,38,80,18,15,,0,0,0,0,0,0,2052339121.20594,105736174.0,0.18370001,0.082,2262240,2445502,0,37.7,,2026-10-06
1463,LSPD,Technology,Software - Application,NYSE,690600,9.82,83.53,-15,-30,-28.4,,,,,,,38,53,38,23,,0,0,0,0,0,0,1276186958.242836,129299592.0,0.0481,0.058,949940,752556,0,38.0,,2026-10-06
1464,BTU,Energy,Thermal Coal,NYSE,2359343,24.81,83.5,-21,-45,-39.69,,,,,,,38,59,35,85,,0,0,0,0,0,0,3101136065.1016235,121900000.0,0.13939999,0.127,1919720,2445072,0,59.7,,2026-10-06
1465,KHC,Consumer Defensive,Packaged Foods,NYSE,20206913,22.19,83.5,-19,-21,-21.0,,,,,,,38,57,55,31,,0,0,0,0,0,0,28021014406.357098,1185823758.0,0.109799996,-0.014,13055280,18132100,0,47.7,,2026-10-06
1466,OGS,Utilities,Utilities - Regulated Gas,NYSE,572043,72.57,83.45,-12,-25,-20.06,,,,,,,38,50,37,70,,0,0,0,0,0,0,4513080377.822113,62856270.0,0.0797,-0.029,654070,534586,0,52.3,,2026-10-06
1467,ES,Utilities,Utilities - Regulated Electric,NYSE,2378033,64.5,83.41,-18,-12,-15.76,,,,,,,38,56,62,58,,0,0,0,0,0,0,23982880897.46793,376674754.0,0.0317,0.023,2814990,2350530,0,58.7,,2026-10-06
1468,ITRI,Technology,Scientific & Technical Instruments,NASDAQ,548163,86.51,83.35,-14,-47,-39.08,,,,,,,38,52,19,28,,0,0,0,0,0,0,3929861081.75,43786753.0,0.1996,-0.072,629520,807886,0,33.0,,2026-10-06
1469,HLN,Healthcare,Drug Manufacturers - Specialty & Generic,NYSE,17873043,8.8,83.34,-16,-28,-21.99,,,,,,,38,54,42,52,,0,0,0,0,0,0,40721934269.11465,4397616983.0,0.005,0.022,23425020,14907248,0,49.3,,2026-10-06
1470,XIFR,Utilities,Utilities - Renewable,NYSE,806893,10.39,83.33,-32,-28,-21.58,,,,,,,38,70,74,54,,0,0,0,0,0,0,994865017.9862976,94300000.0,0.0515,0.061,964090,880434,0,66.0,,2026-10-06
1471,BTGO,Financial Services,Capital Markets,NYSE,2023256,7.38,83.25,7,-19,-69.88,,,,,,,38,31,5,9,,0,0,0,0,0,0,879241254.8020048,117545622.0,0.028099999,0.796,1357580,1803188,0,15.0,,2026-10-06
1472,KGC,Basic Materials,Gold,NYSE,8057740,24.06,83.25,-37,-77,-38.48,,,,,,,38,75,35,90,,0,0,0,0,0,0,29715330859.4201,1186240789.0,2.05,0.295,8453080,8102442,1,66.7,,2026-10-06
1473,CHA,Consumer Cyclical,Restaurants,NASDAQ,1186903,10.98,83.24,12,9,-37.83,,,,,,,38,26,23,12,,0,0,0,0,0,0,2176609520.5518265,190763326.0,0.0715,0.025,802960,911590,0,20.3,,2026-10-06
1474,POR,Utilities,Utilities - Regulated Electric,NYSE,1379750,44.55,83.24,-11,4,-18.44,,,,,,,38,49,64,74,,0,0,0,0,0,0,5509922439.54483,117607740.0,0.0731,0.009,2116730,1284916,0,62.3,,2026-10-06
1475,PCOR,Technology,Software - Application,NYSE,2720786,50.95,83.21,-14,-51,-38.1,,,,,,,38,52,15,18,,0,0,0,0,0,0,7491398047.467278,151955338.0,0.129,0.158,2672330,3164336,0,28.3,,2026-10-06
1476,LAR,Basic Materials,Other Industrial Metals & Mining,NYSE,1751160,5.49,83.2,-36,-20,-54.44,,,,,,,38,74,90,97,,0,0,0,0,0,0,905831996.8700408,164100000.0,0.0405,,1239770,1878204,2,87.0,,2026-10-06
1477,STE,Healthcare,Medical Devices,NYSE,630426,208.54,83.18,1,-6,-22.6,,,,,,,38,37,30,34,,0,0,0,0,0,0,20370697268.187862,97500110.0,0.0287,0.073,588380,683996,0,33.7,,2026-10-06
1478,RRX,Industrials,Specialty Industrial Machinery,NYSE,1159316,159.87,83.15,6,52,-35.48,,,,,,,38,32,78,90,,0,0,0,0,0,0,10400317300.3266,66591867.0,0.056399997,0.042,977910,1272634,1,66.7,,2026-10-06
1479,AEVA,Technology,Software - Infrastructure,NASDAQ,1473033,14.76,83.14,8,61,-52.84,,,,,,,38,30,83,32,,0,0,0,0,0,0,1069983411.8906364,69705758.0,0.15720001,0.113,1391190,1669488,0,48.3,,2026-10-06
1480,CARR,Industrials,Building Products & Equipment,NYSE,6720490,55.12,83.13,5,36,-28.19,,,,,,,38,33,64,60,,0,0,0,0,0,0,46819817557.3544,830580423.0,0.0234,0.039,6422760,6755836,0,52.3,,2026-10-06
1481,GBCI,Financial Services,Banks - Regional,NYSE,1010660,43.91,83.11,-11,2,-19.55,,,,,,,38,49,62,62,,0,0,0,0,0,0,5826984896.75,130211953.0,0.083500005,0.415,1054830,1033438,0,57.7,,2026-10-06
1482,BPRE,Financial Services,Asset Management,NYSE,924190,12.69,83.1,18,25,-30.52,,,,,,,38,20,27,63,,0,0,0,0,0,0,,,0.24,,1006802,891502,0,36.7,,2026-10-06
1483,PHM,Consumer Cyclical,Residential Construction,NYSE,1556790,115.73,83.08,1,13,-19.91,,,,,,,38,37,49,53,,0,0,0,0,0,0,22829789116.39089,190486353.0,0.0617,-0.096,1667640,1535078,0,46.3,,2026-10-06
1484,LYFT,Technology,Software - Application,NASDAQ,9610303,15.46,83.02,-28,-56,-39.47,,,,,,,38,66,38,26,,0,0,0,0,0,0,5627000714.744013,378540249.0,0.2021,0.161,7911790,10537062,0,43.3,,2026-10-06
1485,JPC,Financial Services,Asset Management,NYSE,1930868,6.91,82.97,4,20,-16.75,,,,,,,38,34,50,55,,0,0,0,0,0,0,2559044767.131897,375226496.0,0.0056,,2545194,1550342,0,46.3,,2026-10-06
1486,LINE,Real Estate,REIT - Industrial,NASDAQ,919086,34.34,82.92,1,40,-24.94,,,,,,,37,36,75,30,,0,0,0,0,0,0,8230428642.153511,227674365.0,0.0731,0.008,1105060,956164,0,47.0,,2026-10-06
1487,MHD,Financial Services,Asset Management,NYSE,713710,10.33,82.91,-2,14,-14.49,,,,,,,37,39,55,56,,0,0,0,0,0,0,549051202.5566864,52141616.0,0.0047999998,0.112,1217992,546534,0,50.0,,2026-10-06
1488,XEL,Utilities,Utilities - Regulated Electric,NASDAQ,5765663,71.4,82.91,0,15,-15.23,,,,,,,37,37,52,64,,0,0,0,0,0,0,43599476465.03262,624634306.0,0.075,-0.051,5466160,5352022,0,51.0,,2026-10-06
1489,FCPT,Real Estate,REIT - Retail,NYSE,1097296,21.55,82.89,-16,-20,-19.77,,,,,,,37,53,49,50,,0,0,0,0,0,0,2436592296.9374924,109756406.0,0.0494,0.077,1339860,933408,0,50.7,,2026-10-06
1490,CNP,Utilities,Utilities - Regulated Electric,NYSE,6536193,37.79,82.88,0,24,-16.5,,,,,,,37,37,61,67,,0,0,0,0,0,0,24267255510.43274,658720288.0,0.0907,0.107,6670240,6406802,0,55.0,,2026-10-06
1491,NU,Financial Services,Banks - Regional,NYSE,73581586,13.43,82.86,-29,-66,-29.24,,,,,,,37,66,29,57,,0,0,0,0,0,0,65649059612.9146,4830688659.0,0.035,0.521,82311630,71000374,0,50.7,,2026-10-06
1492,EVV,Financial Services,Asset Management,NYSE ARCA,639396,8.43,82.86,2,6,-17.76,,,,,,,37,35,39,42,,0,0,0,0,0,0,978433142.0656204,116203460.0,0.37,-0.034,971548,552401,0,38.7,,2026-10-06
1493,CASY,Consumer Cyclical,Specialty Retail,NASDAQ,662183,617.76,82.85,-38,-30,-33.42,,,,,,,37,75,83,83,,0,0,0,0,0,0,22119182354.933044,36960167.0,0.045500003,0.243,677340,513372,0,80.3,,2026-10-06
1494,TSLA,Consumer Cyclical,Auto Manufacturers,NASDAQ,39257126,370.59,82.84,4,35,-25.71,,,,,,,37,33,64,39,,0,0,0,0,0,0,1469666022926.6418,3949547394.0,0.0195,0.255,36802190,37659658,0,45.3,,2026-10-06
1495,PRG,Industrials,Rental & Leasing Services,NYSE,596376,31.0,82.82,-32,-12,-35.05,,,,,,,37,69,89,49,,0,0,0,0,0,0,1301697778.5956495,39831633.0,0.09810001,0.223,664350,596328,0,69.0,,2026-10-06
1496,RDN,Financial Services,Insurance - Specialty,NYSE,1414296,32.57,82.79,-23,-22,-20.66,,,,,,,37,60,61,53,,0,0,0,0,0,0,4368589580.922737,132301318.0,0.0505,0.935,2015310,1254648,0,58.0,,2026-10-06
1497,RPC,Financial Services,Asset Management,NYSE,547156,7.62,82.76,3,-6,-33.57,,,,,,,37,34,25,18,,0,0,0,0,0,0,831197833.3947372,110238440.0,0.048299998,0.113,540060,560140,0,25.7,,2026-10-06
1498,MCO,Financial Services,Financial Data & Stock Exchanges,NYSE,777736,441.36,82.72,-21,-31,-19.29,,,,,,,37,58,48,30,,0,0,0,0,0,0,81169929314.82568,173180984.0,0.0191,0.151,929810,773690,0,45.3,,2026-10-06
1499,ARLO,Industrials,Building Products & Equipment,NYSE,1249390,12.78,82.67,6,4,-35.91,,,,,,,37,31,29,54,,0,0,0,0,0,0,1381754839.780487,107613304.0,0.1388,0.205,1162110,1319782,0,38.0,,2026-10-06
1500,LNT,Utilities,Utilities - Regulated Electric,NASDAQ,2524620,64.33,82.64,0,29,-18.37,,,,,,,37,37,66,67,,0,0,0,0,0,0,16490506460.762947,259284699.0,0.1125,0.01,3456960,2582022,0,56.7,,2026-10-06
1501,WAY,Healthcare,Health Information Services,NASDAQ,2209553,24.81,82.63,-6,-29,-38.51,,,,,,,37,43,20,14,,0,0,0,0,0,0,4736186021.492432,191748416.0,0.091000006,0.181,1692970,2474238,0,25.7,,2026-10-06
1502,AVA,Utilities,Utilities - Diversified,NYSE,720676,35.31,82.59,3,25,-18.83,,,,,,,37,34,56,61,,0,0,0,0,0,0,2940561912.4186707,83752830.0,0.069,0.005,669950,690788,0,50.3,,2026-10-06
1503,NEE,Utilities,Utilities - Regulated Electric,NYSE,11989926,76.83,82.59,-12,-7,-22.2,,,,,,,37,49,54,74,,0,0,0,0,0,0,158672859455.49747,2085605358.0,0.0,0.124,14088640,11681780,0,59.0,,2026-10-06
1504,CARS,Communication Services,Internet Content & Information,NYSE,601380,10.03,82.54,-34,-56,-26.73,,,,,,,37,71,49,26,,0,0,0,0,0,0,583506562.1788902,53532714.0,0.1676,0.007,722350,629266,0,48.7,,2026-10-06
1505,RCI,Communication Services,Telecom Services,NYSE,1201483,30.83,82.53,-11,-22,-25.06,,,,,,,37,48,37,50,,0,0,0,0,0,0,17238588538.548164,540225278.0,14.08,0.077,1508730,1223124,0,45.0,,2026-10-06
1506,NEA,Financial Services,Asset Management,NYSE,2022099,10.09,82.53,-2,14,-15.21,,,,,,,37,39,55,58,,0,0,0,0,0,0,3021275050.0,302127505.0,0.0091,-0.014,3213959,1565621,0,50.7,,2026-10-06
1507,PPL,Utilities,Utilities - Regulated Electric,NYSE,7223823,32.8,82.47,1,2,-18.22,,,,,,,37,36,37,66,,0,0,0,0,0,0,24104010338.59616,752544841.0,0.054,0.042,7435190,7833994,0,46.3,,2026-10-06
1508,ABT,Healthcare,Medical Devices,NYSE,8484626,97.5,82.46,-12,-41,-28.02,,,,,,,37,49,20,23,,0,0,0,0,0,0,175270525636.05322,1730383296.0,0.0128999995,0.13,7957900,8497738,0,30.7,,2026-10-06
1509,SLDB,Healthcare,Biotechnology,NASDAQ,1201560,6.85,82.44,-58,-59,-40.17,,,,,,,37,95,94,94,,0,0,0,0,0,0,781671980.9296818,107225238.0,0.18129998,,1363100,1090634,3,94.3,,2026-10-06
1510,CLM,Financial Services,Asset Management,NYSE ARCA,2185322,6.38,82.43,4,26,-25.21,,,,,,,37,33,55,52,,0,0,0,0,0,0,1915638299.5483024,297921983.0,12.28,-0.338,1783768,2228971,0,46.7,,2026-10-06
1511,BIPC,Utilities,Utilities - Regulated Gas,NYSE,1176593,36.65,82.43,12,19,-29.14,,,,,,,37,25,32,53,,0,0,0,0,0,0,4300625158.495857,123015597.0,8.55,0.085,1084940,1131544,0,36.7,,2026-10-06
1512,CRI,Consumer Cyclical,Apparel Retail,NYSE,1517006,31.59,82.42,-1,33,-28.92,,,,,,,37,38,72,56,,0,0,0,0,0,0,1149427182.744112,36711185.0,0.191,0.052,1339630,1357502,0,55.3,,2026-10-06
1513,TDS,Communication Services,Telecom Services,NYSE,1486076,35.39,82.42,7,-2,-27.95,,,,,,,37,30,21,67,,0,0,0,0,0,0,4126908424.346924,115116000.0,0.00059999997,0.036,1654670,1346618,0,39.3,,2026-10-06
1514,DX,Real Estate,REIT - Mortgage,NYSE,6290776,11.02,82.41,-19,-16,-26.19,,,,,,,37,56,59,63,,0,0,0,0,0,0,2805851146.0947533,247429551.0,0.067,,7834480,5839826,0,59.3,,2026-10-06
1515,GIII,Consumer Cyclical,Apparel Manufacturing,NASDAQ,804570,27.37,82.39,11,62,-27.09,,,,,,,37,26,77,63,,0,0,0,0,0,0,1162810932.9433975,42876508.0,0.2852,-0.096,643690,641400,0,55.3,,2026-10-06
1516,AMX,Communication Services,Telecom Services,NYSE,3067586,21.29,82.39,-13,9,-25.19,,,,,,,37,50,72,86,,0,0,0,0,0,0,65865296052.93274,2989800000.0,0.0058999998,0.031,2473440,2834234,0,69.3,,2026-10-06
1517,SLM,Financial Services,Credit Services,NASDAQ,2005256,22.75,82.37,-25,-50,-26.75,,,,,,,37,62,37,23,,0,0,0,0,0,0,4448079971.313477,188000000.0,0.109799996,0.081,2281830,2179896,0,40.7,,2026-10-06
1518,NTST,Real Estate,REIT - Retail,NYSE,1441206,17.52,82.35,-25,-12,-22.03,,,,,,,36,61,74,74,,0,0,0,0,0,0,1771115564.4252548,97260607.0,0.16219999,0.269,2014470,1657438,0,69.7,,2026-10-06
1519,NZF,Financial Services,Asset Management,NYSE,1116887,10.96,82.35,-1,17,-15.82,,,,,,,36,37,55,59,,0,0,0,0,0,0,2168112317.948431,196386986.0,0.0034999999,-0.018,1735522,890434,0,50.3,,2026-10-06
1520,CRF,Financial Services,Asset Management,NYSE ARCA,1558166,6.12,82.3,3,23,-25.82,,,,,,,36,33,53,52,,0,0,0,0,0,0,1053932139.4225656,170263672.0,0.1035,-0.324,1311469,1573385,0,46.0,,2026-10-06
1521,BURL,Consumer Cyclical,Apparel Retail,NYSE,1804433,275.34,82.3,12,48,-27.22,,,,,,,36,24,60,75,,0,0,0,0,0,0,15998402167.90741,62815195.0,0.0921,0.11,1673190,1385964,0,53.0,,2026-10-06
1522,NPKI,Industrials,Building Products & Equipment,NYSE,827813,11.79,82.29,-10,20,-28.55,,,,,,,36,46,76,91,,0,0,0,0,0,0,995143980.3533878,84909894.0,0.0339,0.196,882100,839882,1,71.0,,2026-10-06
1523,AXS,Financial Services,Insurance - Specialty,NYSE,639080,94.88,82.27,-12,5,-20.93,,,,,,,36,48,65,50,,0,0,0,0,0,0,6963159415.214539,73723236.0,0.0274,0.074,699830,690310,0,54.3,,2026-10-06
1524,BCRX,Healthcare,Drug Manufacturers - Specialty & Generic,NASDAQ,4813603,8.17,82.25,-40,-38,-27.18,,,,,,,36,76,78,80,,0,0,0,0,0,0,2195046590.9415627,255535105.0,0.1375,0.336,5536890,4246484,0,78.0,,2026-10-06
1525,SOMN,Utilities,Utilities - Regulated Electric,NYSE,569982,45.13,82.22,5,11,-16.41,,,,,,,36,31,37,51,,0,0,0,0,0,0,,,0.75,0.001,992967,359903,0,39.7,,2026-10-06
1526,NFG,Energy,Oil & Gas Integrated,NYSE,735813,76.43,82.21,-11,-28,-21.25,,,,,,,36,47,30,68,,0,0,0,0,0,0,7507612166.971764,95045099.0,0.0627,0.011,926930,701920,0,48.3,,2026-10-06
1527,COIN,Financial Services,Financial Data & Stock Exchanges,NASDAQ,10103653,183.0,82.21,3,-17,-54.5,,,,,,,36,33,13,16,,0,0,0,0,0,0,51477222207.56328,263836923.0,0.114700004,-0.173,8235540,9482308,0,20.7,,2026-10-06
1528,TAC,Utilities,Utilities - Independent Power Producers,NYSE,1950903,12.35,82.16,7,44,-30.93,,,,,,,36,29,66,71,,0,0,0,0,0,0,3646938915.538788,316300000.0,0.0433,0.125,1440190,1883566,0,55.3,,2026-10-06
1529,MQY,Financial Services,Asset Management,NYSE,896515,10.04,82.15,-1,16,-15.91,,,,,,,36,37,54,54,,0,0,0,0,0,0,729829537.7590599,71833617.0,0.0015,0.071,1328447,696029,0,48.3,,2026-10-06
1530,O,Real Estate,REIT - Retail,NYSE,7564473,54.13,82.13,-18,-13,-20.33,,,,,,,36,54,59,65,,0,0,0,0,0,0,52552950419.10848,946218033.0,0.049099997,0.096,9870510,6733826,0,59.3,,2026-10-06
1531,MTH,Consumer Cyclical,Residential Construction,NYSE,789066,63.85,82.1,4,35,-25.22,,,,,,,36,32,63,35,,0,0,0,0,0,0,4235012781.925102,65174093.0,0.1031,-0.138,802470,786492,0,43.3,,2026-10-06
1532,WEC,Utilities,Utilities - Regulated Electric,NYSE,2621333,101.59,82.08,1,19,-15.28,,,,,,,36,35,53,62,,0,0,0,0,0,0,33057418910.9366,325849383.0,0.048299998,0.026,3230210,2578648,0,50.0,,2026-10-06
1533,STEP,Financial Services,Asset Management,NASDAQ,1069703,45.27,82.06,-14,-44,-41.81,,,,,,,36,50,20,24,,0,0,0,0,0,0,3650335964.745163,82288907.0,0.074499995,0.04,1058030,1210500,0,31.3,,2026-10-06
1534,DOLE,Consumer Defensive,Farm Products,NYSE,984603,12.75,82.0,0,1,-23.05,,,,,,,36,36,37,64,,0,0,0,0,0,0,1226075271.6201897,94458807.0,0.049200002,0.029,802710,1061026,0,45.7,,2026-10-06
1535,NLY,Real Estate,REIT - Mortgage,NYSE,10339016,18.5,82.0,-29,-27,-24.55,,,,,,,36,65,67,69,,0,0,0,0,0,0,15534055109.650787,753714442.0,0.0,4.794,14848080,9114614,0,67.0,,2026-10-06
1536,YUMC,Consumer Cyclical,Restaurants,NYSE,1451870,39.98,82.0,2,-3,-31.53,,,,,,,36,34,29,58,,0,0,0,0,0,0,13702725127.147491,338589689.0,0.0178,0.126,1367570,1485594,0,40.3,,2026-10-06
1537,SUI,Real Estate,REIT - Residential,NYSE,1188990,110.75,81.98,4,6,-19.66,,,,,,,36,32,34,58,,0,0,0,0,0,0,13673375693.014915,121800957.0,0.0633,0.002,1070700,1711018,0,41.3,,2026-10-06
1538,PPTA,Basic Materials,Other Precious Metals & Mining,NASDAQ,1009646,20.38,81.98,-22,-55,-45.46,,,,,,,36,58,25,90,,0,0,0,0,0,0,2938500383.837843,125095803.0,0.1273,,931550,1096740,1,57.7,,2026-10-06
1539,CE,Basic Materials,Chemicals,NYSE,1788883,44.19,81.97,5,1,-37.5,,,,,,,36,31,27,88,,0,0,0,0,0,0,5168076942.086357,109748926.0,0.101,0.087,1948490,1867200,0,48.7,,2026-10-06
1540,HBAN,Financial Services,Banks - Regional,NASDAQ,27616283,15.33,81.94,-15,-11,-21.22,,,,,,,36,51,55,56,,0,0,0,0,0,0,31599288572.29438,2020414826.0,0.025999999,0.476,30151750,26328450,0,54.0,,2026-10-06
1541,STAA,Healthcare,Medical Instruments & Supplies,NASDAQ,993996,22.47,81.94,8,57,-37.36,,,,,,,36,28,77,82,,0,0,0,0,0,0,1028453123.3170472,50143984.0,0.1927,1.11,896640,1014002,0,62.3,,2026-10-06
1542,PFLT,Financial Services,Asset Management,NYSE,732763,6.84,81.93,8,3,-29.85,,,,,,,36,28,23,35,,0,0,0,0,0,0,693533070.3308258,99217896.0,0.0401,0.041,756280,866872,0,28.7,,2026-10-06
1543,VIV,Communication Services,Telecom Services,NYSE,1312173,11.54,81.89,6,29,-33.14,,,,,,,36,30,53,88,,0,0,0,0,0,0,18534517451.11354,1597803176.0,0.0083,0.076,1108410,1524368,0,57.0,,2026-10-06
1544,BCSF,Financial Services,Asset Management,NYSE,515090,11.05,81.88,5,15,-24.83,,,,,,,36,31,41,37,,0,0,0,0,0,0,718743052.6109257,64868507.0,0.030199999,-0.121,506160,455026,0,36.3,,2026-10-06
1545,ALGT,Industrials,Airlines,NASDAQ,513856,77.61,81.86,0,56,-37.22,,,,,,,35,35,91,83,,0,0,0,0,0,0,2162142942.836151,27337755.0,0.1035,0.369,463810,516588,1,69.7,,2026-10-06
1546,TNL,Consumer Cyclical,Travel Services,NYSE,672260,62.92,81.81,1,31,-22.32,,,,,,,35,34,64,83,,0,0,0,0,0,0,3901217521.749096,61282085.0,0.1495,0.044,690140,705688,0,60.3,,2026-10-06
1547,JD,Consumer Cyclical,Internet Retail,NASDAQ,5890890,25.78,81.81,0,-3,-30.06,,,,,,,35,35,32,34,,0,0,0,0,0,0,35801755309.10492,1350500000.0,0.0178,-0.029,6037480,7428538,0,33.7,,2026-10-06
1548,RYTM,Healthcare,Biotechnology,NASDAQ,608256,92.83,81.8,-29,-15,-24.03,,,,,,,35,64,78,41,,0,0,0,0,0,0,6792946662.263855,68852082.0,0.1506,0.469,720460,652890,0,61.0,,2026-10-06
1549,ENB,Energy,Oil & Gas Midstream,NYSE,5408313,45.97,81.79,-2,28,-21.35,,,,,,,35,37,67,73,,0,0,0,0,0,0,104176155427.90004,2228843639.0,0.0078,0.971,4603700,5414574,0,59.0,,2026-10-06
1550,TXRH,Consumer Cyclical,Restaurants,NASDAQ,1023353,156.14,81.73,-30,-34,-27.81,,,,,,,35,65,61,32,,0,0,0,0,0,0,10486137928.5,65640926.0,0.029000001,0.111,1317850,957910,0,52.7,,2026-10-06
1551,PWP,Financial Services,Capital Markets,NASDAQ,1778053,15.82,81.73,0,-16,-38.98,,,,,,,35,35,19,65,,0,0,0,0,0,0,1118690653.6842728,77311032.0,0.10479999,0.008,2952500,1567186,0,39.7,,2026-10-06
1552,ATO,Utilities,Utilities - Regulated Gas,NYSE,981290,157.17,81.72,-3,3,-18.36,,,,,,,35,38,44,69,,0,0,0,0,0,0,26566691551.6967,168988553.0,0.028900001,0.048,1023990,1012312,0,50.3,,2026-10-06
1553,APLD,Technology,Information Technology Services,NASDAQ,15913716,25.38,81.69,-5,47,-49.97,,,,,,,35,40,92,96,,0,0,0,0,0,0,7556944578.75,287883603.0,0.221,4.066,16234710,17368084,2,76.0,,2026-10-06
1554,CEG,Utilities,Utilities - Independent Power Producers,NASDAQ,2830806,257.49,81.66,1,-13,-37.61,,,,,,,35,34,20,37,,0,0,0,0,0,0,93278499776.79288,354307379.0,0.037,0.23,2881210,2816112,0,30.3,,2026-10-06
1555,WM,Industrials,Waste Management,NYSE,2214743,204.45,81.65,-2,12,-17.6,,,,,,,35,37,51,53,,0,0,0,0,0,0,82673092238.62036,399715184.0,0.0145000005,0.04,2141640,2134024,0,47.0,,2026-10-06
1556,NAD,Financial Services,Asset Management,NYSE,1595715,10.28,81.64,-7,6,-16.49,,,,,,,35,42,55,56,,0,0,0,0,0,0,2360748505.863768,233737467.0,0.0023999999,-0.006,2745937,1190459,0,51.0,,2026-10-06
1557,SO,Utilities,Utilities - Regulated Electric,NYSE,6416416,83.72,81.62,0,15,-16.98,,,,,,,35,35,50,58,,0,0,0,0,0,0,95342079462.51376,1150362966.0,0.0252,0.001,6641560,6040164,0,47.7,,2026-10-06
1558,WH,Consumer Cyclical,Lodging,NYSE,1180223,71.79,81.59,9,19,-20.54,,,,,,,35,26,36,58,,0,0,0,0,0,0,5194036270.24794,74211122.0,0.1069,-0.055,1095910,1237334,0,40.0,,2026-10-06
1559,CMG,Consumer Cyclical,Restaurants,NYSE,13976523,32.36,81.59,-31,-71,-24.43,,,,,,,35,66,26,21,,0,0,0,0,0,0,39645545843.45627,1265418000.0,0.036,0.093,16396510,16100254,0,37.7,,2026-10-06
1560,BR,Technology,Information Technology Services,NYSE,1049473,156.93,81.57,1,-15,-34.26,,,,,,,35,34,18,16,,0,0,0,0,0,0,18941359793.83556,115658297.0,0.0294,0.075,872500,1169406,0,22.7,,2026-10-06
1561,INGR,Consumer Defensive,Packaged Foods,NYSE,627326,95.33,81.53,4,-5,-22.8,,,,,,,35,31,22,34,,0,0,0,0,0,0,6099548125.862396,63063979.0,0.080299996,0.009,660660,638348,0,29.0,,2026-10-06
1562,GEHC,Healthcare,Medical Devices,NASDAQ,3297743,64.29,81.51,0,-12,-28.38,,,,,,,35,35,23,38,,0,0,0,0,0,0,30095853730.166656,451686252.0,0.0424,0.058,3549070,3825558,0,32.0,,2026-10-06
1563,AVTX,Healthcare,Biotechnology,NASDAQ,1062846,14.99,81.51,-53,-46,-38.24,,,,,,,35,88,95,90,,0,0,0,0,0,0,829655944.1507521,53629989.0,0.24139999,,1096470,946246,2,91.0,,2026-10-06
1564,UDR,Real Estate,REIT - Residential,NYSE,3784250,33.27,81.48,0,28,-20.79,,,,,,,35,35,63,33,,0,0,0,0,0,0,10871581321.50103,321264222.0,0.0425,-0.001,3892670,3666492,0,43.7,,2026-10-06
1565,ADBE,Technology,Software - Application,NASDAQ,5156263,237.69,81.43,-3,-23,-34.65,,,,,,,35,38,18,17,,0,0,0,0,0,0,93599325485.22948,397500000.0,0.0521,0.129,4491410,5108786,0,24.3,,2026-10-06
1566,BC,Consumer Cyclical,Recreational Vehicles,NYSE,769813,65.43,81.41,-7,13,-27.5,,,,,,,35,42,62,77,,0,0,0,0,0,0,4353739345.516846,64797428.0,0.0001,0.077,830070,749930,0,60.3,,2026-10-06
1567,WGS,Healthcare,Diagnostics & Research,NASDAQ,682433,73.09,81.41,-29,-71,-57.22,,,,,,,35,64,22,11,,0,0,0,0,0,0,2636312669.9055862,29822541.0,0.3777,0.114,966020,741356,0,32.3,,2026-10-06
1568,ADC,Real Estate,REIT - Retail,NYSE,1470136,65.88,81.4,-2,20,-19.74,,,,,,,35,37,59,61,,0,0,0,0,0,0,8393116256.333084,124379310.0,0.0,0.168,1692530,1562746,0,52.3,,2026-10-06
1569,CNX,Energy,Oil & Gas E&P,NYSE,1831203,31.5,81.38,-23,-52,-27.79,,,,,,,35,58,29,70,,0,0,0,0,0,0,4851071992.676445,147943637.0,0.1451,-0.181,2001460,1697620,0,52.3,,2026-10-06
1570,NAC,Financial Services,Asset Management,NYSE,1120193,10.23,81.37,-8,8,-16.49,,,,,,,35,43,59,58,,0,0,0,0,0,0,1646120088.196268,156326698.0,0.0032,-0.005,1846880,839320,0,53.3,,2026-10-06
1571,PERI,Communication Services,Internet Content & Information,NASDAQ,531053,8.5,81.36,-21,-43,-24.58,,,,,,,35,56,34,54,,0,0,0,0,0,0,354791822.8123207,41302889.0,0.0347,-0.046,272650,452480,0,48.0,,2026-10-06
1572,TSN,Consumer Defensive,Farm Products,NYSE,3545010,51.89,81.36,8,21,-25.32,,,,,,,35,27,40,67,,0,0,0,0,0,0,17913732346.872192,351801512.0,0.0344,-0.001,3168180,3441510,0,44.7,,2026-10-06
1573,CVNA,Consumer Cyclical,Auto & Truck Dealerships,NYSE,7539690,63.77,81.3,-20,-43,-34.51,,,,,,,35,55,32,60,,0,0,0,0,0,0,46837760202.291565,719916415.0,0.1163,0.524,8423180,8918490,0,49.0,,2026-10-06
1574,WCN,Industrials,Waste Management,NYSE,1206556,153.82,81.29,-5,-5,-14.42,,,,,,,35,40,40,32,,0,0,0,0,0,0,39134110982.45728,251569244.0,0.0156,0.064,1687730,1233480,0,37.3,,2026-10-06
1575,NYT,Communication Services,Publishing,NYSE,3011240,62.7,81.14,2,33,-28.01,,,,,,,34,32,63,83,,0,0,0,0,0,0,10294731589.699066,161283586.0,0.0859,0.113,4225700,2749784,0,59.3,,2026-10-06
1576,MAMA,Consumer Defensive,Packaged Foods,NASDAQ,779516,12.93,81.13,-43,-31,-38.43,,,,,,,34,77,89,90,,0,0,0,0,0,0,629418729.1353321,47147469.0,0.083000004,0.55,637130,661112,1,85.3,,2026-10-06
1577,DAKT,Technology,Electronic Components,NASDAQ,688566,17.96,81.09,-15,-7,-36.47,,,,,,,34,49,57,68,,0,0,0,0,0,0,818536925.015068,48092650.0,0.044699997,0.071,442100,575004,0,58.0,,2026-10-06
1578,ROP,Technology,Software - Application,NASDAQ,813943,354.32,81.08,-27,-66,-32.03,,,,,,,34,61,22,19,,0,0,0,0,0,0,35461897139.98279,98900874.0,0.060500003,0.085,863180,808532,0,34.0,,2026-10-06
1579,TSSI,Technology,Information Technology Services,NASDAQ,898846,10.24,81.08,20,28,-52.96,,,,,,,34,14,22,84,,0,0,0,0,0,0,278522217.6705837,28219070.0,0.1967,-0.201,1071880,924108,0,40.0,,2026-10-06
1580,NMZ,Financial Services,Asset Management,NYSE,1194438,8.95,81.05,-4,10,-16.9,,,,,,,34,38,52,54,,0,0,0,0,0,0,1942616878.867516,215367714.0,0.0007,-0.013,1645466,977773,0,48.0,,2026-10-06
1581,ABEO,Healthcare,Biotechnology,NASDAQ,1281916,5.03,81.02,-28,-6,-34.25,,,,,,,34,62,84,41,,0,0,0,0,0,0,308793697.25349283,57184017.0,0.29549998,27.45,1074270,1428772,0,62.3,,2026-10-06
1582,ALLY,Financial Services,Credit Services,NYSE,3558146,37.91,81.01,-24,-22,-19.84,,,,,,,34,58,60,61,,0,0,0,0,0,0,11799906369.973137,304199693.0,0.0493,0.11,3763230,3288268,0,59.7,,2026-10-06
1583,ALH,Consumer Cyclical,"Furnishings, Fixtures & Appliances",NYSE,1300400,21.3,80.96,1,30,-24.55,,,,,,,34,33,62,56,,0,0,0,0,0,0,4345529759.891235,198789096.0,0.09,0.066,1196170,1355380,0,50.3,,2026-10-06
1584,BKD,Healthcare,Medical Care Facilities,NYSE,4523856,10.86,80.96,-26,3,-36.45,,,,,,,34,60,89,90,,0,0,0,0,0,0,2653259587.7286034,238817252.0,0.1912,-0.089,4417090,4877560,1,79.7,,2026-10-06
1585,MDA,Industrials,Aerospace & Defense,NYSE,1305043,29.89,80.94,11,57,-39.46,,,,,,,34,23,69,47,,0,0,0,0,0,0,5105498760.4212055,162130797.0,3.65,0.336,1374390,1249178,0,46.3,,2026-10-06
1586,TKO,Communication Services,Entertainment,NYSE,1127300,175.58,80.91,1,5,-22.63,,,,,,,34,33,37,62,,0,0,0,0,0,0,13355204137.78958,73111098.0,0.1257,0.182,1070870,1113534,0,44.0,,2026-10-06
1587,MELI,Consumer Cyclical,Internet Retail,NASDAQ,560820,1696.56,80.88,-24,-56,-33.43,,,,,,,34,58,26,27,,0,0,0,0,0,0,88851721410.59106,50696802.0,0.0163,0.498,695140,530056,0,37.0,,2026-10-06
1588,TRMB,Technology,Scientific & Technical Instruments,NASDAQ,3242733,57.52,80.86,7,-5,-31.86,,,,,,,34,27,15,31,,0,0,0,0,0,0,13485501018.45005,233111519.0,0.044299997,0.11,2209870,3102056,0,24.3,,2026-10-06
1589,CORZ,Technology,Software - Infrastructure,NASDAQ,11320213,16.45,80.83,-4,46,-45.99,,,,,,,34,38,88,86,,0,0,0,0,0,0,5541638628.765106,319587000.0,0.22209999,1.088,11056080,12582086,0,70.7,,2026-10-06
1590,CPT,Real Estate,REIT - Residential,NYSE,1100783,95.96,80.82,-2,23,-19.91,,,,,,,34,36,61,35,,0,0,0,0,0,0,11355680871.22902,115732578.0,0.0433,-0.008,1367950,1034664,0,44.0,,2026-10-06
1591,ATMU,Consumer Cyclical,Auto Parts,NYSE,704390,45.7,80.82,0,4,-31.28,,,,,,,34,34,38,87,,0,0,0,0,0,0,3648135937.467064,81595527.0,0.0424,0.164,690350,713586,0,53.0,,2026-10-06
1592,AQN,Utilities,Utilities - Diversified,NYSE,4316833,5.1,80.75,1,1,-28.27,,,,,,,34,33,33,61,,0,0,0,0,0,0,3849509475.0,769901895.0,4.52,0.031,4290500,4163532,0,42.3,,2026-10-06
1593,EXC,Utilities,Utilities - Regulated Electric,NASDAQ,8122866,40.73,80.73,-2,10,-19.59,,,,,,,34,36,48,62,,0,0,0,0,0,0,41560445185.98428,1030253967.0,0.037100002,0.099,9559630,7739436,0,48.7,,2026-10-06
1594,GRFS,Healthcare,Drug Manufacturers - General,NASDAQ,557176,7.31,80.73,3,-6,-28.54,,,,,,,34,31,22,38,,0,0,0,0,0,0,5002258576.544889,680579407.0,8.45,-0.009,893380,607878,0,30.3,,2026-10-06
1595,AXP,Financial Services,Credit Services,NYSE,2969823,302.78,80.72,-15,-9,-21.86,,,,,,,34,49,55,51,,0,0,0,0,0,0,208596464207.60388,675309833.0,0.020599999,0.128,3586520,2901514,0,51.7,,2026-10-06
1596,PDYN,Technology,Software - Infrastructure,NASDAQ,788163,5.33,80.67,14,12,-50.32,,,,,,,34,20,18,33,,0,0,0,0,0,0,265934562.31259823,49338510.0,0.1471,4.698,831750,844506,0,23.7,,2026-10-06
1597,BCE,Communication Services,Telecom Services,NYSE,3763100,19.73,80.67,-5,-13,-25.6,,,,,,,34,39,31,52,,0,0,0,0,0,0,19555065742.17534,932525817.0,7.87,0.015,4453400,3791240,0,40.7,,2026-10-06
1598,CWEN,Utilities,Utilities - Renewable,NYSE,1198950,29.34,80.65,6,15,-29.71,,,,,,,34,28,37,81,,0,0,0,0,0,0,6111032438.00737,205274852.0,0.0792,0.227,1010430,1197704,0,48.7,,2026-10-06
1599,RIVN,Consumer Cyclical,Auto Manufacturers,NASDAQ,23467883,14.3,80.62,-8,24,-36.98,,,,,,,34,42,74,62,,0,0,0,0,0,0,22398404332.720497,1447860630.0,0.1359,0.272,26859410,23263754,0,59.3,,2026-10-06
1600,IRT,Real Estate,REIT - Residential,NYSE,3623086,14.51,80.58,-1,18,-18.44,,,,,,,34,35,54,32,,0,0,0,0,0,0,3448505824.6354046,235714682.0,0.0935,0.03,3954180,3349300,0,40.3,,2026-10-06
1601,PML,Financial Services,Asset Management,NYSE,686846,6.55,80.56,-4,7,-18.23,,,,,,,34,38,49,52,,0,0,0,0,0,0,436200636.1951828,66494000.0,0.6,0.971,1191148,553745,0,46.3,,2026-10-06
1602,EVER,Communication Services,Internet Content & Information,NASDAQ,834953,19.5,80.55,-43,-43,-32.13,,,,,,,34,77,77,15,,0,0,0,0,0,0,659357880.3298645,35373278.0,0.2719,0.246,1329740,771890,0,56.3,,2026-10-06
1603,EPAM,Technology,Information Technology Services,NYSE,1127956,108.29,80.53,6,-13,-51.34,,,,,,,34,28,9,19,,0,0,0,0,0,0,5583259126.8040695,51586981.0,0.1752,0.045,1023260,1385072,0,18.7,,2026-10-06
1604,SNY,Healthcare,Drug Manufacturers - General,NASDAQ,2582393,39.92,80.51,-4,-7,-24.22,,,,,,,34,38,35,38,,0,0,0,0,0,0,99823223481.99448,2428198054.0,0.0044,0.146,3522960,2835304,0,37.0,,2026-10-06
1605,GRRR,Technology,Software - Infrastructure,NASDAQ,764710,13.17,80.49,8,64,-43.93,,,,,,,34,26,82,20,,0,0,0,0,0,0,385408507.5864315,27509529.0,0.1929,1.38,459060,826730,0,42.7,,2026-10-06
1606,AGNC,Real Estate,REIT - Mortgage,NASDAQ,33658423,8.79,80.49,-30,-24,-27.89,,,,,,,34,64,70,68,,0,0,0,0,0,0,11404331384.472416,1185481447.0,0.0919,,39522850,27494350,0,67.3,,2026-10-06
1607,LEVI,Consumer Cyclical,Apparel Manufacturing,NYSE,2351390,19.87,80.48,1,30,-22.68,,,,,,,33,32,61,68,,0,0,0,0,0,0,7593101412.089394,384850562.0,0.0809,0.08,2606200,2264000,0,53.7,,2026-10-06
1608,HLNE,Financial Services,Asset Management,NASDAQ,614376,87.04,80.46,-16,-51,-44.08,,,,,,,33,49,14,17,,0,0,0,0,0,0,4757551991.046059,55185617.0,0.1019,0.565,721680,666878,0,26.7,,2026-10-06
1609,HAPN,Financial Services,Banks - Regional,NASDAQ,1419406,15.38,80.45,-21,8,-29.03,,,,,,,33,54,83,62,,0,0,0,0,0,0,1734574153.1028824,115407464.0,0.0636,0.065,1834090,1471134,0,66.3,,2026-10-06
1610,GEN,Technology,Software - Infrastructure,NASDAQ,10146956,21.99,80.4,-43,-52,-30.52,,,,,,,33,76,67,18,,0,0,0,0,0,0,12941452134.19423,598587032.0,0.0654,0.063,17450560,8060822,0,53.7,,2026-10-06
1611,AJG,Financial Services,Insurance Brokers,NYSE,1478716,226.11,80.39,-33,-61,-27.89,,,,,,,33,66,38,21,,0,0,0,0,0,0,59240406664.5813,256341000.0,0.0252,0.309,1690960,1424420,0,41.7,,2026-10-06
1612,AAON,Industrials,Building Products & Equipment,NASDAQ,1161196,83.27,80.37,16,79,-44.66,,,,,,,33,17,80,63,,0,0,0,0,0,0,7346619109.0857315,82453639.0,0.0709,1.012,1245950,1209742,0,53.3,,2026-10-06
1613,CCJ,Energy,Uranium,NYSE,2973210,85.18,80.36,-23,-38,-37.02,,,,,,,33,56,41,90,,0,0,0,0,0,0,38357389327.61588,435532979.0,3.25,-0.072,2965920,2972502,1,62.3,,2026-10-06
1614,BAH,Industrials,Consulting Services,NYSE,1650070,67.35,80.29,8,-3,-38.27,,,,,,,33,25,14,24,,0,0,0,0,0,0,8774788413.269394,120284973.0,0.0683,-0.042,1833360,1859778,0,21.0,,2026-10-06
1615,ALC,Healthcare,Medical Instruments & Supplies,NYSE,1560203,63.76,80.28,-1,-12,-27.25,,,,,,,33,34,23,38,,0,0,0,0,0,0,31164798590.08789,483400000.0,12.98,0.087,1721800,1807296,0,31.7,,2026-10-06
1616,NTES,Communication Services,Electronic Gaming & Multimedia,NASDAQ,676710,117.21,80.27,2,27,-25.08,,,,,,,33,31,56,30,,0,0,0,0,0,0,73891277465.02625,640250196.0,0.0086,0.079,635070,726798,0,39.0,,2026-10-06
1617,DPRO,Industrials,Aerospace & Defense,NASDAQ,1702976,5.28,80.24,-23,-55,-63.33,,,,,,,33,56,24,59,,0,0,0,0,0,0,198744594.5072408,37148523.0,0.1075,0.26,1404220,1326244,0,46.3,,2026-10-06
1618,NVG,Financial Services,Asset Management,NYSE,1098636,10.71,80.24,-5,14,-21.19,,,,,,,33,38,57,60,,0,0,0,0,0,0,2330871517.5646715,215821433.0,0.0034,-0.023,1820188,855823,0,51.7,,2026-10-06
1619,PDI,Financial Services,Asset Management,NYSE,4180594,14.4,80.19,4,12,-27.86,,,,,,,33,29,37,46,,0,0,0,0,0,0,6672630888.0,476616492.0,0.17,,4960784,3978172,0,37.3,,2026-10-06
1620,LADR,Real Estate,REIT - Mortgage,NYSE,1257646,8.62,80.19,0,4,-24.91,,,,,,,33,33,37,43,,0,0,0,0,0,0,1151936941.5609455,126865303.0,0.0542,0.022,1643390,1265530,0,37.7,,2026-10-06
1621,BTDR,Technology,Software - Application,NASDAQ,11068186,11.02,80.18,-3,31,-60.36,,,,,,,33,36,70,35,,0,0,0,0,0,0,3128213702.156019,271782245.0,0.2999,0.471,10258130,12855770,0,47.0,,2026-10-06
1622,KMB,Consumer Defensive,Household & Personal Products,NASDAQ,4340470,94.36,80.17,-17,-14,-24.7,,,,,,,33,50,53,28,,0,0,0,0,0,0,32735754811.835068,332579038.0,0.18030001,0.006,3851680,3993846,0,43.7,,2026-10-06
1623,CRUS,Technology,Semiconductors,NASDAQ,857323,121.17,80.15,12,60,-32.84,,,,,,,33,21,69,87,,0,0,0,0,0,0,6010097823.352005,50117561.0,0.082600005,0.129,582270,843542,0,59.0,,2026-10-06
1624,ZTO,Industrials,Integrated Freight & Logistics,NYSE,2741500,19.5,80.13,-6,20,-25.57,,,,,,,33,39,65,81,,0,0,0,0,0,0,14646743832.375196,751500462.0,0.0247,0.23,4267850,2467428,0,61.7,,2026-10-06
1625,LASR,Technology,Semiconductors,NASDAQ,1085556,40.58,80.11,5,74,-53.33,,,,,,,33,28,97,99,,0,0,0,1,0,1,2326645750.6439056,57690197.0,0.0506,0.338,708060,1209590,2,74.7,,2026-10-06
1626,ALOY,Basic Materials,Other Industrial Metals & Mining,NASDAQ,1997286,8.12,80.11,-16,25,-69.81,,,,,,,33,49,90,95,,0,0,0,0,0,0,617828459.4187794,69418931.0,4.48,0.827,1895200,2582712,2,78.0,,2026-10-06
1627,PII,Consumer Cyclical,Recreational Vehicles,NYSE,835426,53.71,80.1,-10,17,-31.12,,,,,,,33,43,70,61,,0,0,0,0,0,0,3017593808.2576904,56903524.0,0.1266,0.088,878890,848444,0,58.0,,2026-10-06
1628,OPCH,Healthcare,Medical Care Facilities,NASDAQ,1944113,22.64,80.04,-1,-20,-38.48,,,,,,,33,34,15,33,,0,0,0,0,0,0,3622624469.359009,157027504.0,0.1126,0.019,1731700,2228678,0,27.3,,2026-10-06
1629,ENPH,Technology,Solar,NASDAQ,4612053,33.47,80.03,8,64,-54.61,,,,,,,33,25,81,23,,0,0,0,0,0,0,4270262529.108124,131798220.0,0.2174,-0.196,5225630,4616658,0,43.0,,2026-10-06
1630,DHI,Consumer Cyclical,Residential Construction,NYSE,2567783,135.0,80.0,3,24,-23.39,,,,,,,33,30,51,47,,0,0,0,0,0,0,39580524756.72505,279701267.0,0.0466,0.0,2906010,2418592,0,42.7,,2026-10-06
1631,XXI,Consumer Defensive,Education & Training Services,NYSE,2391163,6.6,79.99,12,-2,-74.25,,,,,,,33,21,7,9,,0,0,0,0,0,0,2301664394.759073,346636211.0,3.65,,2042180,2021708,0,12.3,,2026-10-06
1632,ALGN,Healthcare,Medical Instruments & Supplies,NASDAQ,881396,143.74,79.96,-8,8,-28.29,,,,,,,33,41,57,63,,0,0,0,0,0,0,10427229389.84143,71039852.0,0.062800005,0.043,879280,909512,0,53.7,,2026-10-06
1633,LUNR,Industrials,Aerospace & Defense,NASDAQ,7095663,14.71,79.91,-7,13,-68.53,,,,,,,33,40,60,95,,0,0,0,0,0,0,2504660488.4030714,160452309.0,0.277,3.098,8207400,8721974,1,65.0,,2026-10-06
1634,PHG,Healthcare,Medical Devices,NYSE,772643,23.92,79.87,-2,14,-28.47,,,,,,,32,34,50,60,,0,0,0,0,0,0,24396588806.258423,977427472.0,3.64,0.005,880570,997636,0,48.0,,2026-10-06
1635,ARR,Real Estate,REIT - Mortgage,NYSE,4043656,13.59,79.79,-21,-13,-29.62,,,,,,,32,53,61,69,,0,0,0,0,0,0,1995898002.5982015,141553046.0,0.0,,4380320,3807244,0,61.0,,2026-10-06
1636,NI,Utilities,Utilities - Regulated Gas,NYSE,5507593,39.43,79.7,0,26,-19.87,,,,,,,32,32,58,69,,0,0,0,0,0,0,18904258263.89923,479560100.0,0.0394,0.046,6479650,5733310,0,53.0,,2026-10-06
1637,PEP,Consumer Defensive,Beverages - Non-Alcoholic,NASDAQ,8564046,125.89,79.63,-1,2,-26.59,,,,,,,32,33,36,63,,0,0,0,0,0,0,175566007770.04956,1364891558.0,0.0211,0.064,8463760,7929426,0,44.0,,2026-10-06
1638,TPR,Consumer Cyclical,Luxury Goods,NYSE,3315220,118.12,79.61,-3,27,-28.33,,,,,,,32,35,65,88,,0,0,0,0,0,0,22706723742.9944,199391678.0,0.0938,0.089,2942120,3207508,0,62.7,,2026-10-06
1639,HIMS,Healthcare,Drug Manufacturers - Specialty & Generic,NYSE,10045140,29.0,79.47,-21,-2,-55.59,,,,,,,32,53,72,11,,0,0,0,0,0,0,6864080628.260401,233313413.0,0.2726,0.382,10751890,12118384,0,45.3,,2026-10-06
1640,GXO,Industrials,Integrated Freight & Logistics,NYSE,1320810,46.56,79.43,4,10,-30.35,,,,,,,32,28,34,68,,0,0,0,0,0,0,5183743058.29739,114684579.0,0.0655,0.043,1247800,1451084,0,43.3,,2026-10-06
1641,RVLV,Consumer Cyclical,Internet Retail,NYSE,821506,20.75,79.41,-3,-4,-34.5,,,,,,,32,35,34,56,,0,0,0,0,0,0,1507010958.2338717,71085420.0,0.1224,0.124,750820,881516,0,41.7,,2026-10-06
1642,CBRE,Real Estate,Real Estate Services,NYSE,1858220,129.58,79.41,-20,-38,-25.64,,,,,,,32,52,34,42,,0,0,0,0,0,0,38962357229.61368,289575298.0,0.0148,0.155,2180200,1802536,0,42.7,,2026-10-06
1643,SGHC,Consumer Cyclical,Gambling,NYSE,2717620,11.25,79.4,-44,-37,-29.07,,,,,,,32,76,83,61,,0,0,0,0,0,0,6081679288.031139,508076788.0,0.176,0.181,3265380,2513700,0,73.3,,2026-10-06
1644,DTE,Utilities,Utilities - Regulated Electric,NYSE,1722150,124.45,79.35,-4,19,-20.1,,,,,,,32,36,59,65,,0,0,0,0,0,0,25270215607.387512,208088069.0,0.028499998,-0.015,2196080,1574744,0,53.3,,2026-10-06
1645,IRON,Healthcare,Biotechnology,NASDAQ,553166,64.51,79.35,-39,-38,-35.17,,,,,,,32,71,72,69,,0,0,0,0,0,0,2504749060.544037,38392844.0,0.2189,,567450,468384,0,70.7,,2026-10-06
1646,RDY,Healthcare,Drug Manufacturers - Specialty & Generic,NYSE,2915190,12.25,79.34,8,26,-21.83,,,,,,,32,24,42,37,,0,0,0,0,0,0,10204110656.25,832988625.0,0.0422,-0.056,3391680,2847122,0,34.3,,2026-10-06
1647,FLG,Financial Services,Banks - Regional,NYSE,4662670,11.7,79.33,-14,10,-24.22,,,,,,,32,46,70,73,,0,0,0,0,0,0,5134698333.816395,415092836.0,0.0001,0.153,5586120,4653254,0,63.0,,2026-10-06
1648,KBR,Industrials,Engineering & Construction,NYSE,1352330,34.24,79.31,2,-4,-29.15,,,,,,,32,30,24,24,,0,0,0,0,0,0,4354380373.118477,126067755.0,0.0875,0.016,1683450,1478264,0,26.0,,2026-10-06
1649,OTF,Financial Services,Asset Management,NYSE,2284053,9.58,79.29,-3,-16,-36.13,,,,,,,32,35,22,27,,0,0,0,0,0,0,4723891552.852241,458185389.0,0.0125,0.058,2073670,2503042,0,28.0,,2026-10-06
1650,HSY,Consumer Defensive,Confectioners,NYSE,1389366,160.19,79.27,2,2,-33.11,,,,,,,32,30,30,63,,0,0,0,0,0,0,33428000574.00769,200925657.0,0.0736,0.066,1413020,1431070,0,41.0,,2026-10-06
1651,VVV,Consumer Cyclical,Auto & Truck Dealerships,NYSE,2618256,30.58,79.26,5,39,-25.56,,,,,,,32,27,61,40,,0,0,0,0,0,0,3688343414.410231,127536079.0,0.1148,0.241,3320970,2472362,0,42.7,,2026-10-06
1652,TAP,Consumer Defensive,Beverages - Brewers,NYSE,4639533,36.86,79.24,0,-8,-32.76,,,,,,,32,32,24,31,,0,0,0,0,0,0,6703019033.603062,186453933.0,0.2765,-0.033,3474580,3960066,0,29.0,,2026-10-06
1653,CWST,Industrials,Waste Management,NASDAQ,518676,82.77,79.2,-22,-35,-23.33,,,,,,,32,54,41,25,,0,0,0,0,0,0,5233757247.090195,63640046.0,0.1084,0.169,609180,531126,0,40.0,,2026-10-06
1654,AOS,Industrials,Specialty Industrial Machinery,NYSE,1436956,56.75,79.19,1,-5,-30.68,,,,,,,32,31,25,40,,0,0,0,0,0,0,7971038013.830025,135908573.0,0.1114,-0.007,1502620,1504324,0,32.0,,2026-10-06
1655,BKSY,Industrials,Specialty Business Services,NYSE,910236,21.92,79.19,5,8,-58.55,,,,,,,32,27,30,95,,0,0,0,0,0,0,951502669.5,40924846.0,0.1754,0.501,883760,968392,1,50.7,,2026-10-06
1656,SPOT,Communication Services,Internet Content & Information,NYSE,1451316,472.89,79.15,-9,-27,-36.1,,,,,,,32,41,23,27,,0,0,0,0,0,0,104868289318.6184,205620061.0,0.0286,0.139,1466960,1724738,0,30.3,,2026-10-06
1657,LRN,Consumer Defensive,Education & Training Services,NYSE,660403,78.89,79.11,3,6,-49.12,,,,,,,32,29,32,33,,0,0,0,0,0,0,3264941321.7355347,41559845.0,0.2766,-0.027,662060,889890,0,31.3,,2026-10-06
1658,GLPI,Real Estate,REIT - Specialty,NASDAQ,4009413,37.68,79.04,2,7,-24.56,,,,,,,32,30,35,55,,0,0,0,0,0,0,11284788734.315254,290920043.0,0.0401,0.09,3227410,3450540,0,40.0,,2026-10-06
1659,HRL,Consumer Defensive,Packaged Foods,NYSE,5611600,20.25,79.02,3,30,-23.87,,,,,,,32,29,56,25,,0,0,0,0,0,0,10847413764.138794,550350800.0,0.0714,-0.024,4998840,4789994,0,36.7,,2026-10-06
1660,MIRM,Healthcare,Biotechnology,NASDAQ,688873,82.93,78.98,-44,-28,-36.21,,,,,,,32,76,92,89,,0,0,0,0,0,0,5824418410.942642,64932203.0,0.1245,0.379,822500,697068,1,85.7,,2026-10-06
1661,CAG,Consumer Defensive,Packaged Foods,NYSE,12614403,13.36,78.98,-17,-45,-34.25,,,,,,,32,49,21,23,,0,0,0,0,0,0,6874568186.214989,480067621.0,0.1084,0.036,16304090,12229270,0,31.0,,2026-10-06
1662,ADMA,Healthcare,Biotechnology,NASDAQ,2703433,9.72,78.95,11,5,-52.49,,,,,,,31,20,14,11,,0,0,0,0,0,0,2100976324.0330124,223984680.0,0.13319999,0.02,3083290,2594944,0,15.0,,2026-10-06
1663,WMS,Industrials,Building Products & Equipment,NYSE,716170,127.27,78.91,-2,20,-29.02,,,,,,,31,33,55,69,,0,0,0,0,0,0,10038713548.650146,75405342.0,0.0385,0.206,661750,714560,0,52.3,,2026-10-06
1664,MNR,Energy,Oil & Gas E&P,NYSE,1023363,10.29,78.89,-17,-1,-31.49,,,,,,,31,48,64,64,,0,0,0,0,0,0,1736260113.9143562,166948094.0,0.0208,0.636,729240,736230,0,58.7,,2026-10-06
1665,JBS,Consumer Defensive,Packaged Foods,NYSE,5209393,11.67,78.87,-5,-18,-37.43,,,,,,,31,36,23,80,,0,0,0,0,0,0,38057936935.745865,3289363694.0,0.168,0.138,5702700,5761574,0,46.3,,2026-10-06
1666,OMCL,Healthcare,Health Information Services,NASDAQ,579973,33.6,78.85,7,65,-38.91,,,,,,,31,24,82,39,,0,0,0,0,0,0,1530820070.0004692,45478909.0,0.0875,0.075,495020,683596,0,48.3,,2026-10-06
1667,KREF,Real Estate,REIT - Mortgage,NYSE,794006,6.16,78.85,-20,-23,-34.12,,,,,,,31,51,48,25,,0,0,0,0,0,0,371969964.2135716,58577948.0,0.1494,,1180800,855262,0,41.3,,2026-10-06
1668,RYAN,Financial Services,Insurance Brokers,NYSE,1903046,37.67,78.82,-22,-47,-36.35,,,,,,,31,53,28,13,,0,0,0,0,0,0,4625524054.269684,122077702.0,0.113900006,0.074,2102800,2008788,0,31.3,,2026-10-06
1669,TJX,Consumer Cyclical,Apparel Retail,NYSE,8858150,132.68,78.81,8,32,-21.95,,,,,,,31,23,47,66,,0,0,0,0,0,0,143677857549.72766,1104704446.0,0.0168,0.054,8542990,7680176,0,45.3,,2026-10-06
1670,EXE,Energy,Oil & Gas E&P,NASDAQ,3207136,85.52,78.77,-6,-18,-32.46,,,,,,,31,37,25,36,,0,0,0,0,0,0,20774632371.07779,239228849.0,0.0414,-0.106,3602950,3131998,0,32.7,,2026-10-06
1671,MRP,Real Estate,REIT - Residential,NYSE,1925483,24.61,78.77,-30,-51,-27.91,,,,,,,31,61,40,65,,0,0,0,0,0,0,4514843223.80916,166047927.0,0.0589,0.321,3161760,1584580,0,55.3,,2026-10-06
1672,VFC,Consumer Cyclical,Apparel Manufacturing,NYSE,7541290,14.33,78.76,13,46,-35.65,,,,,,,31,18,51,80,,0,0,0,0,0,0,5562854015.531063,393134570.0,0.1007,-0.052,9740190,7935542,0,49.7,,2026-10-06
1673,CAE,Industrials,Aerospace & Defense,NASDAQ,931080,24.01,78.74,4,5,-29.88,,,,,,,31,27,28,36,,0,0,0,0,0,0,8001168350.1010895,321849081.0,6.88,0.068,851790,815356,0,30.3,,2026-10-06
1674,JEF,Financial Services,Capital Markets,NYSE,2187213,45.97,78.7,-22,-32,-34.26,,,,,,,31,53,43,28,,0,0,0,0,0,0,10992732351.63897,230552271.0,0.0423,0.35,2529850,2131762,0,41.3,,2026-10-06
1675,SPGI,Financial Services,Financial Data & Stock Exchanges,NYSE,1942776,386.27,78.7,-19,-33,-26.07,,,,,,,31,50,36,26,,0,0,0,0,0,0,118892836401.3672,294800000.0,0.0223,0.104,2124730,2029196,0,37.3,,2026-10-06
1676,TRN,Industrials,Railroads,NYSE,637870,26.13,78.69,0,40,-31.79,,,,,,,31,31,71,81,,0,0,0,0,0,0,2223575342.103401,79669486.0,0.0916,-0.042,797290,709044,0,61.0,,2026-10-06
1677,TYL,Technology,Software - Application,NYSE,893386,322.81,78.66,-6,-26,-39.31,,,,,,,31,37,17,14,,0,0,0,0,0,0,13332832146.123411,40952274.0,0.095699996,0.082,617060,884438,0,22.7,,2026-10-06
1678,MLTX,Healthcare,Biotechnology,NASDAQ,1559770,11.41,78.54,13,75,-51.01,,,,,,,31,18,80,34,,0,0,0,0,0,0,1024684484.1534376,85106685.0,0.1449,,1795700,1457560,0,44.0,,2026-10-06
1679,SUPN,Healthcare,Drug Manufacturers - Specialty & Generic,NASDAQ,608710,42.38,78.52,0,26,-28.99,,,,,,,31,31,57,73,,0,0,0,0,0,0,2483841931.495701,58224143.0,0.10520001,0.324,617410,780438,0,53.7,,2026-10-06
1680,TXT,Industrials,Aerospace & Defense,NYSE,1822813,77.26,78.48,5,29,-23.93,,,,,,,31,26,50,65,,0,0,0,0,0,0,13172477343.1951,171986917.0,0.0495,0.03,1827770,1801340,0,47.0,,2026-10-06
1681,BSY,Technology,Software - Application,NASDAQ,2479703,32.23,78.47,4,-5,-43.7,,,,,,,31,27,18,19,,0,0,0,0,0,0,9497800591.495008,302092889.0,0.086899996,0.128,2310720,2630740,0,21.3,,2026-10-06
1682,TMDX,Healthcare,Medical Devices,NASDAQ,715513,79.79,78.46,2,-17,-48.85,,,,,,,31,29,10,52,,0,0,0,0,0,0,2957443148.7960434,34675145.0,0.35819998,0.207,681020,825956,0,30.3,,2026-10-06
1683,YUM,Consumer Cyclical,Restaurants,NYSE,2238343,136.12,78.43,-15,-4,-20.0,,,,,,,31,46,57,60,,0,0,0,0,0,0,37832278746.07483,272901085.0,0.041199997,0.122,2186360,2348816,0,54.3,,2026-10-06
1684,DEI,Real Estate,REIT - Office,NYSE,1983160,9.82,78.39,0,25,-37.97,,,,,,,31,31,56,22,,0,0,0,0,0,0,1644705270.8275528,167485267.0,0.277,0.016,2649450,1885966,0,36.3,,2026-10-06
1685,PUK,Financial Services,Insurance - Life,NYSE,1018496,24.57,78.38,-24,-43,-27.8,,,,,,,31,55,36,72,,0,0,0,0,0,0,31143712489.0,1233414356.0,0.00059999997,-0.018,1184260,1093166,0,54.3,,2026-10-06
1686,FLY,Industrials,Aerospace & Defense,NASDAQ,2939593,23.32,78.37,14,12,-62.49,,,,,,,31,17,15,52,,0,0,0,0,0,0,4077977254.375687,167404645.0,0.1096,6.569,3498510,3079614,0,28.0,,2026-10-06
1687,CMS,Utilities,Utilities - Regulated Electric,NYSE,3580573,63.74,78.34,-1,16,-20.68,,,,,,,31,32,49,64,,0,0,0,0,0,0,19446489181.586952,308919602.0,0.0,-0.005,4669030,3729142,0,48.3,,2026-10-06
1688,NN,Technology,Software - Infrastructure,NASDAQ,2367436,13.98,78.34,5,44,-42.75,,,,,,,31,26,65,63,,0,0,0,0,0,0,1961963198.4339683,136436939.0,0.13260001,-0.043,2219780,2652836,0,51.3,,2026-10-06
1689,MAA,Real Estate,REIT - Residential,NYSE,1101306,115.27,78.31,-2,17,-20.18,,,,,,,31,33,52,31,,0,0,0,0,0,0,13731198433.914543,116021957.0,0.039,0.01,1291620,1071998,0,38.7,,2026-10-06
1690,OWL,Financial Services,Asset Management,NYSE,18862020,9.08,78.28,-22,-55,-49.54,,,,,,,31,53,20,9,,0,0,0,0,0,0,6374027906.00766,683908596.0,0.1754,0.071,19667220,19996900,0,27.3,,2026-10-06
1691,KKR,Financial Services,Asset Management,NYSE,3754063,90.29,78.24,-23,-53,-37.66,,,,,,,31,54,24,22,,0,0,0,0,0,0,86774431905.05013,897635601.0,0.0197,0.078,4327070,4376352,0,33.3,,2026-10-06
1692,FUL,Basic Materials,Specialty Chemicals,NYSE,843200,50.2,78.22,4,5,-26.85,,,,,,,31,27,28,59,,0,0,0,0,0,0,2694685771.063045,53829119.0,0.0744,0.052,1301990,782642,0,38.0,,2026-10-06
1693,YMM,Technology,Software - Application,NYSE,6423796,8.17,78.16,5,4,-41.93,,,,,,,30,25,24,21,,0,0,0,0,0,0,8503119916.913092,1045894194.0,0.0222,0.044,6667800,6626752,0,23.3,,2026-10-06
1694,AGIO,Healthcare,Biotechnology,NASDAQ,932143,31.8,78.13,-37,-26,-30.87,,,,,,,30,67,78,56,,0,0,0,0,0,0,1945087424.877411,59701882.0,0.1279,2.593,1102520,1053616,0,67.0,,2026-10-06
1695,CNXC,Technology,Information Technology Services,NASDAQ,1920620,24.91,78.13,-6,-34,-49.54,,,,,,,30,36,8,13,,0,0,0,0,0,0,1652376913.344669,61018350.0,0.16549999,0.019,2735890,1625716,0,19.0,,2026-10-06
1696,EPRT,Real Estate,REIT - Retail,NYSE,2109416,25.9,78.09,-4,12,-25.42,,,,,,,30,34,50,60,,0,0,0,0,0,0,5737722944.622887,216273004.0,0.0912,0.181,2365960,1906504,0,48.0,,2026-10-06
1697,BA,Industrials,Aerospace & Defense,NYSE,7455283,193.56,78.08,-3,3,-23.9,,,,,,,30,33,39,55,,0,0,0,0,0,0,156548595650.24292,790370020.0,0.0001,0.08,10557220,6843402,0,42.3,,2026-10-06
1698,RYAAY,Industrials,Airlines,NASDAQ,1428346,55.05,78.08,3,23,-25.85,,,,,,,30,27,47,60,,0,0,0,0,0,0,28652871353.59428,518135113.0,0.0049,0.011,1505190,1327374,0,44.7,,2026-10-06
1699,PAYP,Technology,Software - Infrastructure,NASDAQ,760100,14.92,78.04,-11,-32,-40.06,,,,,,,30,41,20,64,,0,0,0,0,0,0,11179633313.835764,677143135.0,0.0156,0.27,644030,814498,0,41.7,,2026-10-06
1700,MOS,Basic Materials,Agricultural Inputs,NYSE,8272483,21.07,77.95,-21,-56,-41.47,,,,,,,30,51,16,30,,0,0,0,0,0,0,7314778887.220539,317895646.0,0.129,-0.06,8271280,8143480,0,32.3,,2026-10-06
1701,BW,Industrials,Specialty Industrial Machinery,NYSE,4829700,5.7,77.94,-40,-11,-74.13,,,,,,,30,70,99,99,,0,0,1,1,0,2,934010960.9787169,148965066.0,0.20459999,1.303,5299720,5018616,2,89.3,,2026-10-06
1702,TKC,Communication Services,Telecom Services,NYSE,2433150,5.04,77.93,6,14,-29.81,,,,,,,30,24,32,63,,0,0,0,0,0,0,4500883270.159756,870577022.0,0.0058,0.025,2560700,2471724,0,39.7,,2026-10-06
1703,ADT,Industrials,Security & Protection Services,NYSE,7532950,6.25,77.92,-23,-50,-29.66,,,,,,,30,53,26,27,,0,0,0,0,0,0,4675579256.871559,730559248.0,0.0563,0.02,8717990,7754392,0,35.3,,2026-10-06
1704,MC,Financial Services,Capital Markets,NYSE,804173,56.32,77.91,-29,-48,-27.99,,,,,,,30,59,40,45,,0,0,0,0,0,0,4351511779.162319,74080893.0,0.081999995,0.12,835050,872198,0,48.0,,2026-10-06
1705,CX,Basic Materials,Building Materials,NYSE,6411786,9.53,77.89,-6,35,-30.29,,,,,,,30,36,77,86,,0,0,0,0,0,0,14011068373.674269,1442952453.0,1.69,0.122,8183490,6952958,0,66.3,,2026-10-06
1706,DRS,Industrials,Aerospace & Defense,NASDAQ,934046,36.8,77.83,5,24,-27.26,,,,,,,30,25,44,68,,0,0,0,0,0,0,9917688656.675589,266891515.0,0.0128,0.101,825970,884204,0,45.7,,2026-10-06
1707,SPIR,Industrials,Specialty Business Services,NYSE,627400,11.11,77.81,-29,-15,-57.15,,,,,,,30,59,73,96,,0,0,0,0,0,0,472509752.6957588,39115046.0,0.102,-0.059,605390,606978,1,76.0,,2026-10-06
1708,DJT,Communication Services,Internet Content & Information,NASDAQ,3368830,8.91,77.8,1,-15,-50.42,,,,,,,30,29,13,12,,0,0,0,0,0,0,2540383339.783564,277941274.0,0.0892,0.89,3239990,3903364,0,18.0,,2026-10-06
1709,BX,Financial Services,Asset Management,NYSE,3996053,111.75,77.79,-31,-64,-36.95,,,,,,,30,61,28,25,,0,0,0,0,0,0,88889024625.44437,750625114.0,0.026300002,0.286,5266430,4347298,0,38.0,,2026-10-06
1710,KTB,Consumer Cyclical,Apparel Manufacturing,NYSE,725650,64.71,77.74,-9,27,-27.26,,,,,,,30,39,75,71,,0,0,0,0,0,0,3572707289.5106506,54653620.0,0.1525,0.186,602510,730142,0,61.7,,2026-10-06
1711,UBER,Technology,Software - Application,NYSE,17297350,68.11,77.74,-3,-8,-32.76,,,,,,,30,33,28,27,,0,0,0,0,0,0,142203041234.07892,2042560121.0,0.0232,0.122,16723200,18774760,0,29.3,,2026-10-06
1712,LUMN,Communication Services,Telecom Services,NYSE,12964646,5.75,77.71,0,18,-51.88,,,,,,,30,30,48,85,,0,0,0,0,0,0,5883076249.003248,1030311070.0,0.0799,-0.093,12064660,13345528,0,54.3,,2026-10-06
1713,NXT,Technology,Solar,NASDAQ,2073086,84.3,77.67,8,67,-48.32,,,,,,,30,22,81,91,,0,0,0,0,0,0,12267331460.479126,151729520.0,0.0796,0.082,1865580,2372394,1,64.7,,2026-10-06
1714,MP,Basic Materials,Other Industrial Metals & Mining,NYSE,5330646,46.97,77.58,4,28,-53.15,,,,,,,30,26,50,73,,0,0,0,0,0,0,8696700868.153748,178101588.0,0.205,1.197,5316550,6150696,0,49.7,,2026-10-06
1715,LOAR,Industrials,Aerospace & Defense,NYSE,695313,61.72,77.56,-21,-21,-26.02,,,,,,,30,51,51,27,,0,0,0,0,0,0,6093498239.614357,93688471.0,0.14829999,0.394,686310,665328,0,43.0,,2026-10-06
1716,ADSK,Technology,Software - Application,NASDAQ,2260963,212.0,77.46,4,-3,-35.01,,,,,,,30,26,19,23,,0,0,0,0,0,0,43764598724.365234,209000000.0,0.044499997,0.161,1850900,2157740,0,22.7,,2026-10-06
1717,NMCO,Financial Services,Asset Management,NYSE,596801,8.71,77.45,-9,8,-20.82,,,,,,,30,39,56,58,,0,0,0,0,0,0,519781338.5010605,57307757.0,0.033099998,0.083,774134,430430,0,51.0,,2026-10-06
1718,TLN,Utilities,Utilities - Independent Power Producers,NASDAQ,825243,320.77,77.44,8,55,-28.92,,,,,,,30,22,69,58,,0,0,0,0,0,0,14586059368.159945,47914259.0,0.0633,1.112,932960,856028,0,49.7,,2026-10-06
1719,GENI,Communication Services,Internet Content & Information,NYSE,6684670,6.02,77.41,-23,-43,-55.49,,,,,,,30,53,33,5,,0,0,0,0,0,0,1723517618.3937373,267626957.0,0.15609999,0.647,8954300,6955828,0,30.3,,2026-10-06
1720,ORA,Utilities,Utilities - Renewable,NYSE,885176,92.86,77.37,3,28,-36.57,,,,,,,30,27,52,70,,0,0,0,0,0,0,5757958416.923607,61496941.0,0.1142,0.106,672300,886180,0,49.7,,2026-10-06
1721,ISRG,Healthcare,Medical Instruments & Supplies,NASDAQ,2214890,391.95,77.36,12,17,-35.09,,,,,,,30,18,23,30,,0,0,0,0,0,0,145167092812.73328,358278038.0,0.0231,0.185,2003880,2566356,0,23.7,,2026-10-06
1722,SRE,Utilities,Utilities - Diversified,NYSE,3915033,78.38,77.34,-2,23,-22.43,,,,,,,30,32,57,73,,0,0,0,0,0,0,50958454319.19455,653900348.0,0.019,-0.001,3541470,3897956,0,54.0,,2026-10-06
1723,BABA,Consumer Cyclical,Internet Retail,NYSE,10226886,105.85,77.32,6,6,-45.06,,,,,,,29,23,23,35,,0,0,0,0,0,0,272854053576.64423,2486368315.0,0.0168,0.086,8313440,10320492,0,27.0,,2026-10-06
1724,VST,Utilities,Utilities - Independent Power Producers,NYSE,4843950,140.02,77.2,4,11,-35.5,,,,,,,29,25,32,38,,0,0,0,0,0,0,46472051353.11012,335635195.0,0.0335,-0.055,5689410,4799148,0,31.7,,2026-10-06
1725,MWA,Industrials,Specialty Industrial Machinery,NYSE,1357863,21.66,77.16,0,3,-30.13,,,,,,,29,29,32,75,,0,0,0,0,0,0,3376998305.744116,156125679.0,0.0552,0.041,1424220,1240756,0,45.3,,2026-10-06
1726,MIDD,Industrials,Specialty Industrial Machinery,NASDAQ,568376,104.57,77.11,-6,25,-29.61,,,,,,,29,35,66,41,,0,0,0,0,0,0,4868638258.949188,45222349.0,0.0557,0.099,532270,590328,0,47.3,,2026-10-06
1727,OTEX,Technology,Software - Application,NASDAQ,1258150,22.22,77.1,-1,-4,-44.31,,,,,,,29,30,27,18,,0,0,0,0,0,0,5462329779.141006,242662360.0,0.0661,0.029,1038790,1517450,0,25.0,,2026-10-06
1728,AA,Basic Materials,Aluminum,NYSE,3823450,41.95,77.09,-17,-17,-50.28,,,,,,,29,46,46,95,,0,0,0,0,0,0,11308519315.556145,263909445.0,0.045500003,0.314,3681680,4360072,1,62.3,,2026-10-06
1729,ADNT,Consumer Cyclical,Auto Parts,NYSE,981840,17.31,77.08,3,7,-36.64,,,,,,,29,26,30,67,,0,0,0,0,0,0,1359218846.4576795,77096932.0,0.10609999,0.05,1048080,987238,0,41.0,,2026-10-06
1730,ATEC,Healthcare,Medical Devices,NASDAQ,2130220,10.03,77.04,9,5,-56.93,,,,,,,29,20,16,28,,0,0,0,0,0,0,1556347749.0002108,153789305.0,0.1078,0.151,1868810,2193414,0,21.3,,2026-10-06
1731,NG,Basic Materials,Gold,NYSE ARCA,5718660,6.55,76.96,-11,-33,-54.51,,,,,,,29,40,18,93,,0,0,0,0,0,0,3128505828.0344563,438780614.0,0.0935,,4682520,5355842,1,50.3,,2026-10-06
1732,PEG,Utilities,Utilities - Regulated Electric,NYSE,3329303,68.07,76.95,0,11,-22.32,,,,,,,29,29,40,50,,0,0,0,0,0,0,33397498689.208145,498321402.0,0.025,-0.089,3794190,3143646,0,39.7,,2026-10-06
1733,NTLA,Healthcare,Biotechnology,NASDAQ,4018390,12.26,76.94,-27,-14,-56.6,,,,,,,29,56,69,78,,0,0,0,0,0,0,1646488642.75,140126693.0,0.41970003,-0.462,4604090,3830248,0,67.7,,2026-10-06
1734,SHAK,Consumer Cyclical,Restaurants,NYSE,1313166,60.98,76.89,-6,-33,-43.25,,,,,,,29,35,8,51,,0,0,0,0,0,0,2244672646.121029,40408149.0,0.1104,0.172,1637230,1559358,0,31.3,,2026-10-06
1735,SYM,Industrials,Specialty Industrial Machinery,NASDAQ,1607036,43.28,76.85,7,2,-50.75,,,,,,,29,22,17,76,,0,0,0,0,0,0,5645596030.606842,129873381.0,0.3168,0.217,1405640,1699466,0,38.3,,2026-10-06
1736,BBAR,Financial Services,Banks - Regional,NYSE,657313,12.38,76.8,-9,41,-44.9,,,,,,,29,38,88,65,,0,0,0,0,0,0,2685712435.0398846,204236693.0,0.013200001,0.051,581070,659162,0,63.7,,2026-10-06
1737,MWH,Utilities,Utilities - Renewable,NASDAQ,1429390,25.25,76.72,10,22,-47.83,,,,,,,29,19,31,55,,0,0,0,0,0,0,5100145548.808815,202386722.0,0.1864,0.775,1310570,1710008,0,35.0,,2026-10-06
1738,HLMN,Industrials,Tools & Accessories,NASDAQ,1716696,7.04,76.72,-1,-4,-35.12,,,,,,,29,30,27,44,,0,0,0,0,0,0,1371542280.0565138,194544999.0,0.0304,0.098,1535870,1641324,0,33.7,,2026-10-06
1739,MFA,Real Estate,REIT - Mortgage,NYSE,1737136,7.65,76.61,-8,12,-26.65,,,,,,,29,37,57,72,,0,0,0,0,0,0,825888461.1723976,101087938.0,0.049200002,0.202,2044490,1623546,0,55.3,,2026-10-06
1740,GGAL,Financial Services,Banks - Regional,NASDAQ,827536,35.89,76.5,-10,23,-42.59,,,,,,,29,39,72,58,,0,0,0,0,0,0,6564626743.721981,169453445.0,0.17979999,-0.079,915970,809722,0,56.3,,2026-10-06
1741,SPXC,Industrials,Building Products & Equipment,NYSE,547183,173.09,76.49,0,31,-31.06,,,,,,,29,29,60,77,,0,0,0,0,0,0,8654335413.130188,50085860.0,0.035099998,0.229,697620,522434,0,55.3,,2026-10-06
1742,ORCL,Technology,Software - Infrastructure,NYSE,30925366,142.3,76.48,12,14,-55.88,,,,,,,29,17,19,22,,0,0,0,0,0,0,414554224055.4199,3023736000.0,0.0273,0.296,32154180,30725774,0,19.3,,2026-10-06
1743,CMCSA,Communication Services,Telecom Services,NASDAQ,28049556,21.57,76.36,-16,-40,-34.36,,,,,,,29,45,21,36,,0,0,0,0,0,0,77750626772.95103,3548636573.0,0.0254,-0.012,32138560,27993986,0,34.0,,2026-10-06
1744,QUBT,Technology,Computer Hardware,NASDAQ,6996483,8.18,76.36,12,21,-68.34,,,,,,,29,17,26,12,,0,0,0,0,0,0,2028067883.1944475,226346861.0,0.3231,90.0,7636520,7607936,0,18.3,,2026-10-06
1745,ALK,Industrials,Airlines,NYSE,2672173,39.53,76.33,3,40,-34.8,,,,,,,29,26,63,25,,0,0,0,0,0,0,4567551598.586082,111566970.0,0.1159,0.097,3315630,2598488,0,38.0,,2026-10-06
1746,SE,Consumer Cyclical,Internet Retail,NYSE,3599850,95.19,76.3,-26,-50,-50.8,,,,,,,29,55,31,13,,0,0,0,0,0,0,60972836034.254425,612484522.0,0.0334,0.481,3608570,4190492,0,33.0,,2026-10-06
1747,VKTX,Healthcare,Biotechnology,NASDAQ,6007223,29.94,76.28,-37,-25,-30.61,,,,,,,29,66,78,72,,0,0,0,0,0,0,4427578615.788574,124510080.0,0.20459999,,14111230,4371490,0,72.0,,2026-10-06
1748,MFIC,Financial Services,Asset Management,NASDAQ,543983,8.62,76.26,2,1,-31.04,,,,,,,29,27,26,59,,0,0,0,0,0,0,731468946.0667992,82372628.0,0.0334,-0.16,659030,581358,0,37.3,,2026-10-06
1749,CDNL,Industrials,Engineering & Construction,NASDAQ,590763,30.73,76.25,-29,10,-68.12,,,,,,,29,58,97,94,,0,0,0,0,0,0,572409661.5514755,20428610.0,0.1377,1.139,673910,688346,2,83.0,,2026-10-06
1750,SHEN,Communication Services,Telecom Services,NASDAQ,915050,10.86,76.21,2,6,-37.41,,,,,,,28,26,30,72,,0,0,0,0,0,0,651088649.4719696,55364680.0,0.078099996,0.055,879840,754940,0,42.7,,2026-10-06
1751,RSI,Consumer Cyclical,Gambling,NYSE,3205133,20.01,76.16,-47,-28,-42.05,,,,,,,28,75,94,83,,0,0,0,0,0,0,2297495611.927492,115626347.0,0.082600005,0.463,4701310,3041654,1,84.0,,2026-10-06
1752,MDLN,Healthcare,Medical Instruments & Supplies,NASDAQ,8486996,35.61,76.1,-4,-2,-30.01,,,,,,,28,32,34,65,,0,0,0,0,0,0,30444087933.96586,877351218.0,0.09810001,0.116,10108030,8058358,0,43.7,,2026-10-06
1753,AZN,Healthcare,Drug Manufacturers - General,NYSE,2982396,156.9,76.08,1,14,-26.24,,,,,,,28,27,40,79,,0,0,0,0,0,0,258346566400.1168,1550885842.0,0.0013,0.064,2659820,3539260,0,48.7,,2026-10-06
1754,BN,Financial Services,Asset Management,NYSE,4697000,36.92,76.08,0,10,-25.52,,,,,,,28,28,38,55,,0,0,0,0,0,0,82306795613.96141,2232351451.0,5.18,0.085,5633240,4641998,0,40.3,,2026-10-06
1755,CRML,Basic Materials,Other Industrial Metals & Mining,NASDAQ,9945626,7.03,76.02,1,54,-78.13,,,,,,,28,27,80,96,,0,0,0,0,0,0,1150138924.7832775,146888753.0,0.35740003,5.577,13880640,8348266,1,67.7,,2026-10-06
1756,SNDX,Healthcare,Biotechnology,NASDAQ,1682586,17.6,75.97,-38,-16,-31.22,,,,,,,28,66,88,92,,0,0,0,0,0,0,1612702559.0040855,88610027.0,0.2354,0.918,1805300,1553944,1,82.0,,2026-10-06
1757,LZB,Consumer Cyclical,"Furnishings, Fixtures & Appliances",NYSE,810056,29.94,75.96,3,44,-33.32,,,,,,,28,25,66,32,,0,0,0,0,0,0,1196776763.8663769,40052771.0,0.0587,-0.034,746840,701514,0,41.0,,2026-10-06
1758,MNRO,Consumer Cyclical,Auto Parts,NASDAQ,1011336,14.18,75.94,10,35,-40.69,,,,,,,28,18,43,42,,0,0,0,0,0,0,429568177.24422455,31264060.0,0.4378,-0.046,899560,1106596,0,34.3,,2026-10-06
1759,LPX,Industrials,Building Products & Equipment,NYSE,1080770,65.1,75.85,5,10,-35.12,,,,,,,28,23,28,26,,0,0,0,0,0,0,4663891233.610687,69923410.0,0.1183,-0.121,1114330,1143902,0,25.7,,2026-10-06
1760,ODD,Consumer Defensive,Household & Personal Products,NASDAQ,1506616,18.9,75.85,3,-8,-70.11,,,,,,,28,25,14,4,,0,0,0,0,0,0,859761658.4078064,46124554.0,0.3073,-0.251,796670,1210406,0,14.3,,2026-10-06
1761,FER,Industrials,Engineering & Construction,NASDAQ,1506226,53.64,75.85,0,20,-28.28,,,,,,,28,28,48,78,,0,0,0,0,0,0,40217541282.66335,720357155.0,0.0087,0.052,1824880,1539810,0,51.3,,2026-10-06
1762,TTWO,Communication Services,Electronic Gaming & Multimedia,NASDAQ,2665890,202.73,75.84,-4,23,-23.77,,,,,,,28,32,59,26,,0,0,0,0,0,0,37665340894.41522,186980443.0,0.044499997,0.02,2322030,2506978,0,39.0,,2026-10-06
1763,PENN,Consumer Cyclical,Resorts & Casinos,NASDAQ,3043716,14.77,75.78,-11,30,-33.94,,,,,,,28,39,80,41,,0,0,0,0,0,0,2098142098.0076544,134066591.0,0.16620001,0.052,3630070,2860236,0,53.3,,2026-10-06
1764,STOK,Healthcare,Biotechnology,NASDAQ,913776,25.62,75.77,-29,-2,-36.3,,,,,,,28,57,84,97,,0,0,0,0,0,0,1600250752.3703842,64526242.0,0.17950001,-0.325,1124150,909644,1,79.3,,2026-10-06
1765,CENX,Basic Materials,Aluminum,NASDAQ,1681863,35.62,75.68,-50,-47,-49.42,,,,,,,28,78,81,98,,0,0,0,1,0,1,3800352534.629288,98993295.0,0.1412,0.197,1704990,1908866,1,85.7,,2026-10-06
1766,IP,Consumer Cyclical,Packaging & Containers,NYSE,5044316,31.97,75.64,-7,-12,-36.38,,,,,,,28,35,30,24,,0,0,0,0,0,0,18545537965.31786,529569895.0,0.1595,-0.022,5234260,4986086,0,29.7,,2026-10-06
1767,SBAC,Real Estate,REIT - Specialty,NASDAQ,905083,158.49,75.6,-7,-14,-29.39,,,,,,,28,35,28,64,,0,0,0,0,0,0,17626538828.989563,106088110.0,0.0496,0.023,875510,994830,0,42.3,,2026-10-06
1768,LDOS,Technology,Information Technology Services,NYSE,1202966,117.74,75.59,5,-7,-42.78,,,,,,,28,23,11,31,,0,0,0,0,0,0,15548341529.033356,125785466.0,0.0478,0.072,1097100,1364678,0,21.7,,2026-10-06
1769,RYN,Real Estate,REIT - Specialty,NYSE,3704870,18.06,75.57,-4,-1,-33.26,,,,,,,28,32,35,35,,0,0,0,0,0,0,5618070204.351591,297567291.0,0.0465,2.721,3890880,3386596,0,34.0,,2026-10-06
1770,MAZE,Healthcare,Biotechnology,NASDAQ,715170,26.43,75.56,-14,25,-50.74,,,,,,,28,42,81,89,,0,0,0,0,0,0,1447055784.019348,55549168.0,0.115100004,,1112950,571668,0,70.7,,2026-10-06
1771,CWK,Real Estate,Real Estate Services,NYSE,1955353,11.92,75.56,-3,3,-31.49,,,,,,,28,31,37,59,,0,0,0,0,0,0,2854118653.4655304,234713708.0,0.078600004,0.112,2508590,1904602,0,42.3,,2026-10-06
1772,PTCT,Healthcare,Biotechnology,NASDAQ,1091690,63.46,75.47,-29,0,-30.16,,,,,,,28,57,86,73,,0,0,0,0,0,0,5230488308.518707,83460802.0,0.1582,1.015,1240260,1149036,0,72.0,,2026-10-06
1773,ALB,Basic Materials,Specialty Chemicals,NYSE,2431246,104.59,75.42,-27,-19,-52.67,,,,,,,28,55,63,96,,0,0,0,0,0,0,12948695300.74514,118005057.0,0.0004,0.311,2279510,2361158,1,71.3,,2026-10-06
1774,LEN,Consumer Cyclical,Residential Construction,NYSE,4620920,79.81,75.41,10,14,-40.33,,,,,,,28,18,22,22,,0,0,0,0,0,0,19789536282.876816,240895142.0,0.0022,-0.087,6073510,3696936,0,20.7,,2026-10-06
1775,TMUS,Communication Services,Telecom Services,NASDAQ,4725086,163.64,75.4,-1,-4,-32.09,,,,,,,28,29,26,29,,0,0,0,0,0,0,177452057082.10846,1072671613.0,0.0379,0.079,5123330,4750886,0,28.0,,2026-10-06
1776,ONDS,Technology,Communication Equipment,NASDAQ,60928926,7.24,75.39,1,61,-52.62,,,,,,,28,27,87,99,,0,0,0,1,0,1,4448792542.6142025,582302699.0,0.4096,12.354,62261540,67468150,1,71.0,,2026-10-06
1777,MNTN,Technology,Software - Application,NYSE,840620,9.89,75.39,-42,-85,-47.83,,,,,,,28,70,27,9,,0,0,0,0,0,0,823582841.7510853,74803163.0,0.084,0.206,892720,990096,0,35.3,,2026-10-06
1778,TRU,Financial Services,Financial Data & Stock Exchanges,NYSE,2537596,63.44,75.32,-35,-60,-28.82,,,,,,,27,62,37,29,,0,0,0,0,0,0,13252971649.169922,191600000.0,0.0608,0.149,2937880,2412962,0,42.7,,2026-10-06
1779,CNM,Industrials,Industrial Distribution,NYSE,2600236,41.35,75.28,7,10,-30.69,,,,,,,27,20,23,40,,0,0,0,0,0,0,7864670727.424622,184443500.0,0.0553,0.025,2079410,2282616,0,27.7,,2026-10-06
1780,CARG,Communication Services,Internet Content & Information,NASDAQ,1123726,30.02,75.26,-32,-55,-27.17,,,,,,,27,59,36,51,,0,0,0,0,0,0,2787999793.4423294,89073478.0,0.17040001,0.131,1509650,1048474,0,48.7,,2026-10-06
1781,UPBD,Technology,Software - Application,NASDAQ,898730,15.91,75.23,-9,9,-35.69,,,,,,,27,36,54,32,,0,0,0,0,0,0,938037435.3457832,58299405.0,0.1596,0.005,1058320,979294,0,40.7,,2026-10-06
1782,BEAM,Healthcare,Biotechnology,NASDAQ,1843856,24.5,75.21,-43,-26,-35.96,,,,,,,27,70,87,79,,0,0,0,0,0,0,2506791676.831341,103287665.0,0.3875,-0.942,1674310,1778222,0,78.7,,2026-10-06
1783,WYFI,Technology,Information Technology Services,NASDAQ,1729610,17.93,75.17,-10,50,-61.75,,,,,,,27,37,97,22,,0,0,0,0,0,0,762200107.7626381,38848118.0,0.4149,0.557,1232440,2098384,1,52.0,,2026-10-06
1784,EEFT,Technology,Software - Infrastructure,NASDAQ,592013,63.5,75.16,-11,-13,-29.88,,,,,,,27,38,36,26,,0,0,0,0,0,0,2498106940.579193,38075094.0,0.1458,0.032,586390,655280,0,33.3,,2026-10-06
1785,VICI,Real Estate,REIT - Diversified,NYSE,10231793,22.65,75.16,0,2,-31.37,,,,,,,27,27,29,38,,0,0,0,0,0,0,25886333734.636654,1101077562.0,0.028299998,0.057,10197170,10123842,0,31.3,,2026-10-06
1786,BKNG,Consumer Cyclical,Travel Services,NASDAQ,7739493,159.02,74.98,-28,-56,-29.32,,,,,,,27,55,27,27,,0,0,0,0,0,0,127041317217.45868,774878436.0,0.026199998,0.081,9093300,7053458,0,36.3,,2026-10-06
1787,OLED,Technology,Electronic Components,NASDAQ,754136,80.37,74.97,8,3,-47.6,,,,,,,27,19,14,22,,0,0,0,0,0,0,3557373332.5940704,45966835.0,0.1033,-0.114,541260,764898,0,18.3,,2026-10-06
1788,SNN,Healthcare,Medical Devices,NYSE,1684676,26.42,74.96,3,10,-29.57,,,,,,,27,24,31,63,,0,0,0,0,0,0,11262272708.019484,418516268.0,0.0116,0.046,1228830,1637776,0,39.3,,2026-10-06
1789,SGML,Basic Materials,Other Industrial Metals & Mining,NASDAQ,2232103,9.09,74.89,-54,-58,-62.87,,,,,,,27,81,77,96,,0,0,0,0,0,0,1078404429.9517193,112568313.0,0.0563,2.239,2564610,2044432,1,84.7,,2026-10-06
1790,PSKY,Communication Services,Entertainment,NASDAQ,21269163,9.5,74.87,-2,-14,-52.71,,,,,,,27,29,17,26,,0,0,0,0,0,0,11146963700.373064,1119173058.0,0.1573,0.009,33519200,17863534,0,24.0,,2026-10-06
1791,SRPT,Healthcare,Biotechnology,NASDAQ,2953053,17.5,74.79,-57,-109,-30.88,,,,,,,27,84,32,32,,0,0,0,0,0,0,1972056490.1287024,105627021.0,0.2886,-0.343,2355040,2977334,0,49.3,,2026-10-06
1792,SLGN,Consumer Cyclical,Packaging & Containers,NYSE,1216966,34.87,74.76,-27,-38,-29.63,,,,,,,27,54,43,32,,0,0,0,0,0,0,3795041322.074204,105682020.0,0.0987,0.068,1585660,1327618,0,43.0,,2026-10-06
1793,EQPT,Industrials,Rental & Leasing Services,NASDAQ,3068203,18.5,74.74,13,9,-47.89,,,,,,,27,14,10,14,,0,0,0,0,0,0,4396073054.705259,253375963.0,0.107200004,0.263,3915610,2982056,0,12.7,,2026-10-06
1794,PIPR,Financial Services,Capital Markets,NYSE,759916,65.36,74.74,-13,-24,-31.25,,,,,,,27,40,29,66,,0,0,0,0,0,0,5112288592.137665,70670291.0,0.040999997,0.249,1063770,669598,0,45.0,,2026-10-06
1795,BCAX,Healthcare,Biotechnology,NASDAQ,613053,17.63,74.73,-60,-53,-43.11,,,,,,,27,87,94,90,,0,0,0,0,0,0,1262171205.706314,65703866.0,0.2356,,767070,638062,2,90.3,,2026-10-06
1796,DYN,Healthcare,Biotechnology,NASDAQ,3093960,15.2,74.73,-65,-65,-44.33,,,,,,,27,92,92,91,,0,0,0,0,0,0,2993545417.158598,186746431.0,0.1601,,2857560,2724600,3,91.7,,2026-10-06
1797,SGRY,Healthcare,Medical Care Facilities,NASDAQ,2455866,13.32,74.71,-1,24,-43.17,,,,,,,27,28,53,17,,0,0,0,0,0,0,1885222894.0586472,130918260.0,0.2011,0.027,2542070,2409770,0,32.7,,2026-10-06
1798,CXM,Technology,Software - Application,NYSE,3980190,5.2,74.71,-10,-27,-37.16,,,,,,,27,37,20,17,,0,0,0,0,0,0,1177108733.654852,232171340.0,0.108100004,0.008,2906850,3450976,0,24.7,,2026-10-06
1799,EIX,Utilities,Utilities - Regulated Electric,NYSE,6509653,53.89,74.7,2,56,-33.97,,,,,,,27,25,79,82,,0,0,0,0,0,0,20260456581.529533,384813979.0,0.0529,-0.041,4927940,5299090,0,62.0,,2026-10-06
1800,ALMU,Technology,Semiconductors,NASDAQ,577986,13.12,74.68,14,82,-58.73,,,,,,,27,13,81,64,,0,0,0,0,0,0,256040766.85507295,19265671.0,0.253,-0.558,470710,547286,0,52.7,,2026-10-06
1801,VMC,Basic Materials,Building Materials,NYSE,1188163,243.06,74.66,-1,11,-26.59,,,,,,,27,28,40,55,,0,0,0,0,0,0,31746791055.0,129578739.0,0.0494,0.025,1449930,1124950,0,41.0,,2026-10-06
1802,PAX,Financial Services,Asset Management,NASDAQ,1070380,10.21,74.54,-3,-11,-42.64,,,,,,,26,29,21,33,,0,0,0,0,0,0,1652672956.33988,161393847.0,0.095699996,0.349,906490,1154880,0,27.7,,2026-10-06
1803,PRVA,Healthcare,Health Information Services,NASDAQ,1212073,20.3,74.54,-1,47,-29.56,,,,,,,26,27,75,41,,0,0,0,0,0,0,2517641103.0258408,127734207.0,0.056900002,0.214,1224730,1222880,0,47.7,,2026-10-06
1804,ROAD,Industrials,Engineering & Construction,NASDAQ,581156,91.08,74.5,-1,-6,-39.68,,,,,,,26,27,22,61,,0,0,0,0,0,0,5318563007.0887375,56755555.0,0.0805,0.282,705400,660582,0,36.7,,2026-10-06
1805,JMIA,Consumer Cyclical,Internet Retail,NYSE,1539993,6.92,74.48,-2,1,-52.99,,,,,,,26,28,31,84,,0,0,0,0,0,0,919345801.372264,133625841.0,0.04,0.139,1307570,1683548,0,47.7,,2026-10-06
1806,DPZ,Consumer Cyclical,Restaurants,NASDAQ,819516,297.62,74.44,-4,-17,-32.72,,,,,,,26,30,17,27,,0,0,0,0,0,0,9664498547.495728,33081735.0,0.1122,0.043,721530,806736,0,24.7,,2026-10-06
1807,PEGA,Technology,Software - Application,NASDAQ,2183966,33.93,74.38,2,-10,-50.18,,,,,,,26,24,12,27,,0,0,0,0,0,0,5548666893.75,164404945.0,0.137,0.094,1702070,2234244,0,21.0,,2026-10-06
1808,GLOB,Technology,Information Technology Services,NYSE,995610,35.1,74.38,6,-6,-51.32,,,,,,,26,20,8,13,,0,0,0,0,0,0,1489694682.0,43179556.0,0.26389998,0.0,880030,1467150,0,13.7,,2026-10-06
1809,FUTU,Financial Services,Capital Markets,NASDAQ,1160950,102.17,74.33,-9,-34,-49.55,,,,,,,26,35,10,68,,0,0,0,0,0,0,15683557757.615662,140194488.0,0.0759,0.356,1133980,1194886,0,37.7,,2026-10-06
1810,CHKP,Technology,Software - Infrastructure,NASDAQ,1069410,130.35,74.32,3,-1,-38.12,,,,,,,26,23,19,17,,0,0,0,0,0,0,13399687767.015532,102100634.0,0.081,0.013,995390,1136026,0,19.7,,2026-10-06
1811,INFY,Technology,Information Technology Services,NYSE,16056140,11.04,74.29,3,-5,-63.2,,,,,,,26,23,15,23,,0,0,0,0,0,0,42528607369.5,4050343559.0,0.0357,0.029,18233770,18615958,0,20.3,,2026-10-06
1812,LKQ,Consumer Cyclical,Auto Parts,NASDAQ,3126610,22.8,74.26,-1,-7,-38.59,,,,,,,26,27,21,30,,0,0,0,0,0,0,5892418814.570328,253002086.0,0.0766,-0.03,2773990,3405376,0,26.0,,2026-10-06
1813,KEP,Utilities,Utilities - Regulated Electric,NYSE,905523,11.08,74.26,4,3,-52.67,,,,,,,26,22,21,67,,0,0,0,0,0,0,14136049269.407831,1283928154.0,0.0042,-0.001,702920,962772,0,36.7,,2026-10-06
1814,ACAD,Healthcare,Biotechnology,NASDAQ,1979960,19.95,74.22,-49,-56,-35.56,,,,,,,26,75,68,51,,0,0,0,0,0,0,3563278164.823471,172305518.0,0.0887,0.164,2871920,1907546,0,64.7,,2026-10-06
1815,STZ,Consumer Defensive,Beverages - Brewers,NYSE,2146110,112.87,74.2,-2,-5,-33.05,,,,,,,26,28,25,55,,0,0,0,0,0,0,19405552986.36302,170778434.0,0.056900002,-0.033,1749920,2002594,0,36.0,,2026-10-06
1816,RRR,Consumer Cyclical,Resorts & Casinos,NASDAQ,1100500,50.31,74.19,-11,18,-27.08,,,,,,,26,37,66,59,,0,0,0,0,0,0,3001458243.351612,59130385.0,0.1607,-0.03,1427820,960320,0,54.0,,2026-10-06
1817,LAZ,Financial Services,Capital Markets,NYSE,1652740,36.07,74.15,-3,-6,-38.6,,,,,,,26,29,26,54,,0,0,0,0,0,0,3578385122.798218,97450572.0,0.1164,0.001,1636590,1644882,0,36.3,,2026-10-06
1818,SUPV,Financial Services,Banks - Regional,NYSE,585636,6.86,74.14,-6,25,-49.37,,,,,,,26,32,63,51,,0,0,0,0,0,0,680452804.7684956,93985197.0,0.044699997,0.023,698570,587688,0,48.7,,2026-10-06
1819,BHF,Financial Services,Insurance - Life,NASDAQ,1007166,50.02,74.11,-3,37,-25.12,,,,,,,26,29,69,66,,0,0,0,0,0,0,3061915710.651249,57511563.0,0.1557,0.867,1073310,1010748,0,54.7,,2026-10-06
1820,MAX,Communication Services,Internet Content & Information,NYSE,768333,9.62,74.11,-44,-33,-34.56,,,,,,,26,70,81,32,,0,0,0,0,0,0,491084865.220356,52975711.0,0.1009,0.259,980400,769232,0,61.0,,2026-10-06
1821,PINS,Communication Services,Internet Content & Information,NYSE,13775353,19.26,74.1,3,13,-45.62,,,,,,,26,23,33,13,,0,0,0,0,0,0,10703315994.268724,566313027.0,0.1592,0.182,12596110,12869842,0,23.0,,2026-10-06
1822,HD,Consumer Cyclical,Home Improvement Retail,NYSE,4563116,282.85,74.09,-4,1,-31.17,,,,,,,26,30,35,33,,0,0,0,0,0,0,292522610522.02844,997689626.0,0.0117999995,0.057,5835690,4336606,0,32.7,,2026-10-06
1823,HLI,Financial Services,Capital Markets,NYSE,808950,126.37,74.04,2,-2,-39.47,,,,,,,26,24,20,29,,0,0,0,0,0,0,9020251066.864014,69886500.0,0.0478,-0.155,801240,888328,0,24.3,,2026-10-06
1824,THO,Consumer Cyclical,Recreational Vehicles,NYSE,765473,69.55,73.95,2,-2,-43.38,,,,,,,26,24,20,28,,0,0,0,0,0,0,3723976224.9072647,51614361.0,0.1461,-0.084,958890,682570,0,24.0,,2026-10-06
1825,CC,Basic Materials,Specialty Chemicals,NYSE,1776286,13.71,73.95,-5,22,-52.18,,,,,,,26,31,58,93,,0,0,0,0,0,0,2174461677.8764544,150377709.0,0.14649999,-0.015,1802180,2279874,1,60.7,,2026-10-06
1826,TYRA,Healthcare,Biotechnology,NASDAQ,1135716,20.43,73.93,-43,-19,-49.74,,,,,,,26,69,93,98,,0,0,0,1,0,1,1496129248.3769855,68755939.0,0.2382,,1011650,941382,2,86.7,,2026-10-06
1827,NRDS,Communication Services,Internet Content & Information,NASDAQ,720390,8.63,73.93,-11,-24,-46.86,,,,,,,26,37,24,40,,0,0,0,0,0,0,543346979.0,63923174.0,0.1858,0.056,868250,730672,0,33.7,,2026-10-06
1828,CTRI,Utilities,Utilities - Regulated Gas,NYSE,1660196,20.91,73.9,9,37,-51.36,,,,,,,26,17,45,89,,0,0,0,0,0,0,2070752240.138609,100963053.0,0.055999998,0.329,2011370,1894048,0,50.3,,2026-10-06
1829,AGO,Financial Services,Insurance - Specialty,NYSE,511833,68.47,73.88,-4,3,-25.9,,,,,,,26,30,37,38,,0,0,0,0,0,0,3056115069.970276,43979208.0,0.0774,-0.005,544800,444582,0,35.0,,2026-10-06
1830,CHDN,Consumer Cyclical,Gambling,NASDAQ,1086903,76.05,73.83,-8,-14,-35.74,,,,,,,26,34,28,29,,0,0,0,0,0,0,5559988150.130913,69700243.0,0.0672,0.049,1175150,1109834,0,30.3,,2026-10-06
1831,BKV,Energy,Oil & Gas E&P,NYSE,2081206,21.57,73.8,-14,-2,-34.26,,,,,,,25,39,51,78,,0,0,0,0,0,0,2386839013.8538933,109437830.0,0.2343,0.188,1515310,1643414,0,56.0,,2026-10-06
1832,AMPX,Industrials,Electrical Equipment & Parts,NYSE,4933150,9.67,73.73,9,61,-60.08,,,,,,,25,16,68,98,,0,0,0,1,0,1,1424286025.5,146080618.0,0.1576,1.259,6187470,5497462,1,60.7,,2026-10-06
1833,PBH,Healthcare,Drug Manufacturers - Specialty & Generic,NYSE,561910,45.26,73.63,-5,-17,-36.32,,,,,,,25,30,18,24,,0,0,0,0,0,0,2208126499.335113,47374522.0,0.1221,0.065,594700,558178,0,24.0,,2026-10-06
1834,RDAC,Financial Services,Shell Companies,NASDAQ,901490,5.5,73.62,3,-7,-77.07,,,,,,,25,22,12,12,,0,0,0,0,0,0,33087726.45947933,5951030.0,0.0174,,15660,895326,0,15.3,,2026-10-06
1835,NOC,Industrials,Aerospace & Defense,NYSE,864540,478.0,73.54,-2,-3,-38.24,,,,,,,25,27,26,71,,0,0,0,0,0,0,72526014472.76898,142063026.0,0.015800001,0.051,1045450,794874,0,41.3,,2026-10-06
1836,CPB,Consumer Defensive,Packaged Foods,NASDAQ,8022546,19.62,73.47,0,2,-39.11,,,,,,,25,25,27,17,,0,0,0,0,0,0,5776806253.698515,298234693.0,0.2495,-0.079,7345080,7051442,0,23.0,,2026-10-06
1837,SYK,Healthcare,Medical Devices,NYSE,2858600,275.43,73.47,-1,3,-29.84,,,,,,,25,26,30,35,,0,0,0,0,0,0,104469949189.8142,383573046.0,0.0209,0.094,2514100,2673664,0,30.3,,2026-10-06
1838,FBIN,Industrials,Building Products & Equipment,NYSE,2211220,38.56,73.46,-5,22,-40.53,,,,,,,25,30,57,20,,0,0,0,0,0,0,4697774888.879116,119293417.0,0.0738,-0.041,2360670,2407042,0,35.7,,2026-10-06
1839,WGO,Consumer Cyclical,Recreational Vehicles,NYSE,560600,26.3,73.45,-6,-11,-47.57,,,,,,,25,31,26,33,,0,0,0,0,0,0,767500434.1662731,28268893.0,0.1099,-0.099,571200,520686,0,30.0,,2026-10-06
1840,AMSC,Industrials,Specialty Industrial Machinery,NASDAQ,691133,30.01,73.43,7,25,-57.43,,,,,,,25,18,36,76,,0,0,0,0,0,0,1453748722.5175266,48442143.0,0.0841,0.3,687290,727596,0,43.3,,2026-10-06
1841,FIGR,Financial Services,Capital Markets,NASDAQ,4664060,28.53,73.42,-48,-95,-63.42,,,,,,,25,73,26,31,,0,0,0,0,0,0,7157654031.2066345,224377872.0,0.0791,1.208,4770660,4552562,0,43.3,,2026-10-06
1842,BRO,Financial Services,Insurance Brokers,NYSE,2075596,59.91,73.41,-25,-52,-37.95,,,,,,,25,50,23,18,,0,0,0,0,0,0,20351001810.625023,334610357.0,0.0544,0.324,2394790,2196138,0,30.3,,2026-10-06
1843,JACK,Consumer Cyclical,Restaurants,NASDAQ,542280,12.45,73.39,-30,-52,-47.82,,,,,,,25,55,33,9,,0,0,0,0,0,0,256730872.0876007,19073616.0,0.32729998,-0.018,514900,707746,0,32.3,,2026-10-06
1844,HUN,Basic Materials,Chemicals,NYSE,2468936,8.53,73.39,7,24,-46.99,,,,,,,25,18,35,81,,0,0,0,0,0,0,1560869615.4983673,175378616.0,0.08140001,0.141,2394030,2799374,0,44.7,,2026-10-06
1845,GOF,Financial Services,Asset Management,NYSE,3316454,8.74,73.28,1,8,-42.16,,,,,,,25,24,31,30,,0,0,0,0,0,0,1812968716.4440155,212043120.0,0.57,,2821143,2813824,0,28.3,,2026-10-06
1846,TTAN,Technology,Software - Application,NASDAQ,3376453,67.09,73.26,-36,-58,-39.75,,,,,,,25,61,39,10,,0,0,0,0,0,0,5599961695.550831,96467903.0,0.1727,0.209,2629690,2535270,0,36.7,,2026-10-06
1847,CELC,Healthcare,Biotechnology,NASDAQ,920070,72.1,73.22,-44,-15,-52.26,,,,,,,25,69,98,99,,0,0,1,1,0,2,3891065159.898834,48931908.0,0.3483,,1079770,941312,2,88.7,,2026-10-06
1848,TIMB,Communication Services,Telecom Services,NYSE,505233,17.83,73.17,3,17,-36.82,,,,,,,25,22,36,87,,0,0,0,0,0,0,8626963460.792656,475053058.0,0.020299999,0.055,495110,537160,0,48.3,,2026-10-06
1849,GIS,Consumer Defensive,Packaged Foods,NYSE,10084733,32.01,73.06,-18,-36,-37.55,,,,,,,25,43,25,19,,0,0,0,0,0,0,17986875197.812866,534687144.0,0.1091,-0.028,12272880,9438384,0,29.0,,2026-10-06
1850,CCI,Real Estate,REIT - Specialty,NYSE,3240356,66.44,73.05,2,4,-33.89,,,,,,,25,23,25,36,,0,0,0,0,0,0,28862895423.69565,425455439.0,0.0275,-0.049,3416190,3475360,0,28.0,,2026-10-06
1851,DRVN,Consumer Cyclical,Auto & Truck Dealerships,NASDAQ,1118066,11.68,73.03,-13,7,-32.49,,,,,,,25,38,58,23,,0,0,0,0,0,0,2030901604.1882856,164979816.0,0.16860001,0.068,938320,994926,0,39.7,,2026-10-06
1852,AN,Consumer Cyclical,Auto & Truck Dealerships,NYSE,571676,162.46,72.85,-27,-48,-31.11,,,,,,,24,51,30,42,,0,0,0,0,0,0,5520493244.628998,33060806.0,0.119799994,-0.006,582300,519854,0,41.0,,2026-10-06
1853,OTIS,Industrials,Specialty Industrial Machinery,NYSE,4466310,64.05,72.83,-3,-8,-32.27,,,,,,,24,27,22,30,,0,0,0,0,0,0,25101337143.028503,380669339.0,0.0482,0.073,4669240,3985614,0,26.3,,2026-10-06
1854,ULS,Industrials,Specialty Business Services,NYSE,839300,65.99,72.82,-4,29,-38.64,,,,,,,24,28,61,72,,0,0,0,0,0,0,13313244360.87181,201563115.0,0.0793,0.052,1096150,918134,0,53.7,,2026-10-06
1855,WSC,Industrials,Rental & Leasing Services,NASDAQ,2956193,17.3,72.81,2,56,-41.89,,,,,,,24,22,76,24,,0,0,0,0,0,0,3292239720.683773,181190958.0,0.1148,0.039,3308430,2924558,0,40.7,,2026-10-06
1856,VIPS,Consumer Cyclical,Internet Retail,NYSE,3343960,12.33,72.81,2,5,-41.51,,,,,,,24,22,25,34,,0,0,0,0,0,0,5886690054.4166565,475500000.0,0.0216,-0.043,2581600,2699812,0,27.0,,2026-10-06
1857,STNE,Technology,Software - Infrastructure,NASDAQ,5746756,9.55,72.63,-1,0,-52.13,,,,,,,24,25,26,50,,0,0,0,0,0,0,2144539421.5826263,230595632.0,0.0887,0.016,4814150,5237820,0,33.7,,2026-10-06
1858,ORC,Real Estate,REIT - Mortgage,NYSE,5420136,5.11,72.63,-26,-24,-39.17,,,,,,,24,50,52,65,,0,0,0,0,0,0,1127195776.1804914,197407315.0,0.082200006,,6829030,5173450,0,55.7,,2026-10-06
1859,CPRT,Industrials,Specialty Business Services,NASDAQ,9661980,27.22,72.62,-4,-16,-40.68,,,,,,,24,28,16,19,,0,0,0,0,0,0,26577678571.909195,963308388.0,0.045700002,0.024,9061870,10692922,0,21.0,,2026-10-06
1860,MNDY,Technology,Software - Application,NASDAQ,1195143,78.8,72.61,-6,-17,-62.56,,,,,,,24,30,19,4,,0,0,0,0,0,0,3536652950.3524475,42274119.0,0.1714,0.219,1170280,1419470,0,17.7,,2026-10-06
1861,VRSK,Industrials,Consulting Services,NASDAQ,1222943,163.88,72.58,-3,-3,-35.31,,,,,,,24,27,27,15,,0,0,0,0,0,0,22023699664.37018,130156012.0,0.041199997,0.044,1247400,1383266,0,23.0,,2026-10-06
1862,PPC,Consumer Defensive,Packaged Foods,NASDAQ,1420726,27.5,72.57,2,-5,-38.67,,,,,,,24,22,15,26,,0,0,0,0,0,0,6624179065.015045,238108524.0,0.026800001,-0.028,1638990,1548802,0,21.0,,2026-10-06
1863,CG,Financial Services,Asset Management,NASDAQ,3434466,39.82,72.54,-9,-21,-40.83,,,,,,,24,33,21,32,,0,0,0,0,0,0,14264001468.96344,356332798.0,0.0727,-0.329,3127140,3751734,0,28.7,,2026-10-06
1864,CALM,Consumer Defensive,Farm Products,NASDAQ,1172920,66.67,72.46,-2,21,-32.27,,,,,,,24,26,49,31,,0,0,0,0,0,0,3149385122.243538,46705993.0,0.1286,-0.499,1540010,1030074,0,35.3,,2026-10-06
1865,HAYW,Industrials,Electrical Equipment & Parts,NYSE,3187300,12.4,72.44,-3,29,-30.06,,,,,,,24,27,59,42,,0,0,0,0,0,0,2679070344.93516,212119582.0,0.0462,0.063,4193930,2976352,0,42.7,,2026-10-06
1866,HUBS,Technology,Software - Application,NYSE,1590453,214.53,72.42,-2,-16,-59.11,,,,,,,24,26,12,7,,0,0,0,0,0,0,10658402075.663223,49866201.0,0.085,0.198,1524110,1850270,0,15.0,,2026-10-06
1867,INSM,Healthcare,Biotechnology,NASDAQ,2121263,111.12,72.3,-22,-47,-47.77,,,,,,,24,46,21,81,,0,0,0,0,0,0,25731892898.358475,218381503.0,0.0557,2.961,2410860,2526364,0,49.3,,2026-10-06
1868,PHR,Healthcare,Health Information Services,NYSE,719436,10.07,72.23,4,5,-58.47,,,,,,,24,20,21,5,,0,0,0,0,0,0,630020057.921814,62070944.0,0.0617,0.104,670050,767280,0,15.3,,2026-10-06
1869,KBH,Consumer Cyclical,Residential Construction,NYSE,1501966,45.75,72.2,-3,21,-32.29,,,,,,,24,27,51,31,,0,0,0,0,0,0,2919007897.9492188,60800000.0,0.2338,-0.2,1932600,1272334,0,36.3,,2026-10-06
1870,IVR,Real Estate,REIT - Mortgage,NYSE,3314506,5.71,72.15,-13,10,-39.89,,,,,,,24,37,60,73,,0,0,0,0,0,0,698689983.3679199,109000000.0,0.0955,,3620450,2978154,0,56.7,,2026-10-06
1871,HNRG,Utilities,Utilities - Independent Power Producers,NASDAQ,671836,13.49,72.15,-4,6,-45.38,,,,,,,24,28,38,29,,0,0,0,0,0,0,693950227.6286345,47143357.0,0.1001,-0.013,621670,753232,0,31.7,,2026-10-06
1872,RGTI,Technology,Computer Hardware,NASDAQ,16411203,15.25,72.14,6,20,-73.77,,,,,,,24,18,32,27,,0,0,0,0,0,0,5560587274.090931,333768747.0,0.1876,1.853,16116460,17756418,0,25.7,,2026-10-06
1873,MCD,Consumer Cyclical,Restaurants,NYSE,5536060,231.89,72.02,0,7,-32.15,,,,,,,24,24,31,46,,0,0,0,0,0,0,167357222081.5,707641531.0,0.019199999,0.037,7041800,5143314,0,33.7,,2026-10-06
1874,ONON,Consumer Cyclical,Footwear & Accessories,NYSE,10340120,30.85,72.01,12,27,-39.6,,,,,,,24,12,27,19,,0,0,0,0,0,0,10013072195.8973,334214703.0,0.0916,0.135,14829600,9740934,0,19.3,,2026-10-06
1875,CAVA,Consumer Cyclical,Restaurants,NYSE,3302993,54.41,71.93,-3,-3,-44.92,,,,,,,24,27,27,64,,0,0,0,0,0,0,6024863906.718536,116806198.0,0.13350001,0.313,3456830,3485068,0,39.3,,2026-10-06
1876,SMG,Basic Materials,Agricultural Inputs,NYSE,999246,49.02,71.85,-22,-9,-34.93,,,,,,,23,45,58,58,,0,0,0,0,0,0,2962829708.325165,58220274.0,0.1058,0.011,1398090,1031242,0,53.7,,2026-10-06
1877,USAR,Basic Materials,Other Industrial Metals & Mining,NASDAQ,13327363,13.59,71.84,-24,2,-69.1,,,,,,,23,47,73,68,,0,0,0,0,0,0,5698461816.680771,375392734.0,0.1043,,13013570,12872792,0,62.7,,2026-10-06
1878,MEC,Industrials,Metal Fabrication,NYSE,554946,16.44,71.82,-7,59,-57.59,,,,,,,23,30,96,82,,0,0,0,0,0,0,437585676.0689583,25500331.0,0.095699996,0.232,623370,603106,1,69.3,,2026-10-06
1879,IRTC,Healthcare,Medical Devices,NASDAQ,501940,110.37,71.73,-6,-13,-47.94,,,,,,,23,29,22,26,,0,0,0,0,0,0,3638456180.604408,32963003.0,0.0936,0.201,498610,592198,0,25.7,,2026-10-06
1880,MLM,Basic Materials,Building Materials,NYSE,816826,482.27,71.72,1,11,-32.17,,,,,,,23,22,32,58,,0,0,0,0,0,0,34394685835.664185,71019382.0,0.045700002,0.21,958400,740040,0,37.3,,2026-10-06
1881,CLX,Consumer Defensive,Household & Personal Products,NYSE,3208716,80.41,71.71,-5,-10,-37.62,,,,,,,23,28,23,29,,0,0,0,0,0,0,10134018588.05214,120931005.0,0.081,-0.02,3009360,3004762,0,26.7,,2026-10-06
1882,KC,Technology,Software - Application,NASDAQ,1287563,9.0,71.71,-1,-5,-51.4,,,,,,,23,24,20,76,,0,0,0,0,0,0,2891910918.2198143,299369665.0,0.0366,0.308,1242900,1455700,0,40.0,,2026-10-06
1883,NVO,Healthcare,Drug Manufacturers - General,NYSE,12896036,37.32,71.69,-38,-53,-41.83,,,,,,,23,61,46,14,,0,0,0,0,0,0,171371259441.4604,4416785124.0,0.0083,0.021,18764810,13428946,0,40.3,,2026-10-06
1884,XYL,Industrials,Specialty Industrial Machinery,NYSE,2510646,101.79,71.63,-1,2,-34.02,,,,,,,23,24,27,40,,0,0,0,0,0,0,23962750874.26932,233486812.0,0.060399998,0.015,2450480,2233682,0,30.3,,2026-10-06
1885,UEC,Energy,Uranium,NYSE ARCA,9656806,9.3,71.61,-6,-4,-54.28,,,,,,,23,29,31,89,,0,0,0,0,0,0,4656748888.54847,494872366.0,0.146,,10174680,8713196,0,49.7,,2026-10-06
1886,MKC,Consumer Defensive,Packaged Foods,NYSE,3367683,44.67,71.52,-7,-11,-38.31,,,,,,,23,30,26,22,,0,0,0,0,0,0,12888743033.66858,268851552.0,0.0,0.167,4048350,3172546,0,26.0,,2026-10-06
1887,STWD,Real Estate,REIT - Mortgage,NYSE,4750686,13.05,71.51,-6,-2,-34.98,,,,,,,23,29,33,47,,0,0,0,0,0,0,5315625994.912577,370168950.0,0.0548,0.134,5945500,4722636,0,36.3,,2026-10-06
1888,IBM,Technology,Information Technology Services,NYSE,5403516,222.64,71.47,0,41,-33.03,,,,,,,23,23,64,27,,0,0,0,0,0,0,212460721113.60123,942134390.0,0.026500002,0.011,5607130,6042294,0,38.0,,2026-10-06
1889,LBTYA,Communication Services,Telecom Services,NASDAQ,2645290,8.92,71.39,-3,3,-34.02,,,,,,,23,26,32,70,,0,0,0,0,0,0,3223277433.6427097,341087566.0,0.0848,-0.077,3716850,2746916,0,42.7,,2026-10-06
1890,NMRK,Real Estate,Real Estate Services,NASDAQ,1910010,12.65,71.35,-9,0,-36.22,,,,,,,23,32,41,60,,0,0,0,0,0,0,2366845944.6665583,181228627.0,0.042,0.17,2186740,1735120,0,44.3,,2026-10-06
1891,LBTYK,Communication Services,Telecom Services,NASDAQ,1728360,8.75,71.35,-2,3,-33.31,,,,,,,23,25,30,63,,0,0,0,0,0,0,3158470939.2287483,341087566.0,0.0885,-0.077,1797180,1689110,0,39.3,,2026-10-06
1892,WEN,Consumer Cyclical,Restaurants,NASDAQ,6536456,6.12,71.33,-31,-52,-39.53,,,,,,,23,54,33,18,,0,0,0,0,0,0,1248888077.867403,190669930.0,0.35900003,0.017,5357800,7952542,0,35.0,,2026-10-06
1893,CRNC,Technology,Software - Application,NASDAQ,608240,8.09,71.31,0,38,-41.11,,,,,,,23,23,61,20,,0,0,0,0,0,0,359580534.5230131,45230257.0,0.1359,0.118,518560,654818,0,34.7,,2026-10-06
1894,SGI,Consumer Cyclical,"Furnishings, Fixtures & Appliances",NYSE,3595903,61.97,71.29,-3,4,-37.12,,,,,,,23,26,33,52,,0,0,0,0,0,0,13452873309.946133,210365491.0,0.1041,-0.03,2786030,3397540,0,37.0,,2026-10-06
1895,SFD,Consumer Defensive,Packaged Foods,NASDAQ,1941370,18.86,71.28,-5,13,-36.72,,,,,,,23,28,46,82,,0,0,0,0,0,0,7497332246.74485,393767431.0,0.121400006,-0.023,1842800,1772434,0,52.0,,2026-10-06
1896,TSCO,Consumer Cyclical,Specialty Retail,NASDAQ,9215646,31.09,71.22,1,-11,-46.59,,,,,,,23,22,10,28,,0,0,0,0,0,0,16813965459.503246,521040137.0,0.0864,0.023,10204580,10255618,0,20.0,,2026-10-06
1897,WY,Real Estate,REIT - Specialty,NYSE,6416680,18.47,71.21,-11,-14,-33.44,,,,,,,23,34,31,40,,0,0,0,0,0,0,14421927524.96338,720736000.0,0.045300003,-0.009,8051930,6108352,0,35.0,,2026-10-06
1898,INTR,Financial Services,Banks - Regional,NASDAQ,4409523,5.48,71.18,3,-3,-47.1,,,,,,,23,20,14,70,,0,0,0,0,0,0,2256133900.868408,441513472.0,0.042600002,0.238,5016270,4848348,0,34.7,,2026-10-06
1899,TRTX,Real Estate,REIT - Mortgage,NYSE,977183,6.14,71.12,-8,20,-34.47,,,,,,,23,31,59,55,,0,0,0,0,0,0,503604694.64724207,76769009.0,0.0695,-0.116,1315450,956506,0,48.3,,2026-10-06
1900,REAL,Consumer Cyclical,Luxury Goods,NASDAQ,2637413,8.9,71.09,-17,12,-48.83,,,,,,,23,40,69,78,,0,0,0,0,0,0,1074355936.1672306,121671115.0,0.1571,0.166,2846390,2919804,0,62.3,,2026-10-06
1901,FNF,Financial Services,Insurance - Specialty,NYSE,2592126,39.26,71.08,-8,-2,-32.97,,,,,,,22,30,36,30,,0,0,0,0,0,0,11108546403.264269,268192827.0,0.0279,0.105,3013140,2176830,0,32.0,,2026-10-06
1902,BBWI,Consumer Cyclical,Specialty Retail,NYSE,6911040,16.06,71.0,-10,-13,-41.39,,,,,,,22,32,29,19,,0,0,0,0,0,0,3317065552.693165,201645313.0,0.0805,-0.023,6479000,6290572,0,26.7,,2026-10-06
1903,BIRK,Consumer Cyclical,Footwear & Accessories,NYSE,2352976,33.33,70.96,4,44,-34.3,,,,,,,22,18,58,28,,0,0,0,0,0,0,5548240202.437408,165126204.0,0.1438,0.133,2164440,2538586,0,34.7,,2026-10-06
1904,SOFI,Financial Services,Credit Services,NASDAQ,43825716,15.77,70.95,-7,-6,-51.82,,,,,,,22,29,30,28,,0,0,0,0,0,0,21414235873.381004,1291570324.0,0.14829999,0.426,52014280,51834266,0,29.0,,2026-10-06
1905,FTAI,Industrials,Aerospace & Defense,NASDAQ,1313300,167.03,70.94,-14,27,-48.37,,,,,,,22,36,77,93,,0,0,0,0,0,0,17979903099.710266,102707091.0,0.0936,0.409,1188290,1466880,1,68.7,,2026-10-06
1906,FWRG,Consumer Cyclical,Restaurants,NASDAQ,1187913,10.57,70.92,-4,-3,-43.85,,,,,,,22,26,27,15,,0,0,0,0,0,0,625764112.0872831,61712435.0,0.1185,0.152,1308590,1212480,0,22.7,,2026-10-06
1907,COO,Healthcare,Medical Instruments & Supplies,NASDAQ,4318586,56.91,70.77,-16,-19,-36.65,,,,,,,22,38,35,33,,0,0,0,0,0,0,10530800384.827766,190155294.0,0.060300004,0.006,4495780,3320398,0,35.3,,2026-10-06
1908,QURE,Healthcare,Biotechnology,NASDAQ,2582256,23.46,70.73,-76,-77,-67.19,,,,,,,22,98,97,51,,0,1,0,0,0,1,2651877899.0065765,69366412.0,0.1449,0.11,5277330,2115626,2,82.0,,2026-10-06
1909,LOW,Consumer Cyclical,Home Improvement Retail,NYSE,3244923,180.8,70.7,-1,3,-38.31,,,,,,,22,23,27,51,,0,0,0,0,0,0,106196304031.4396,561054019.0,0.0186,0.083,3501030,3133546,0,33.7,,2026-10-06
1910,SEDG,Technology,Solar,NASDAQ,3064453,33.09,70.64,2,73,-59.27,,,,,,,22,20,91,93,,0,0,0,0,0,0,2010661463.416168,61525748.0,0.2199,0.196,2593030,3387838,2,68.0,,2026-10-06
1911,MMS,Industrials,Specialty Business Services,NYSE,647776,52.65,70.56,3,1,-47.35,,,,,,,22,19,17,25,,0,0,0,0,0,0,2754541943.3866425,52357763.0,0.112799995,-0.051,755920,650998,0,20.3,,2026-10-06
1912,BEPC,Utilities,Utilities - Renewable,NYSE,1709880,28.52,70.55,0,10,-36.87,,,,,,,22,22,32,77,,0,0,0,0,0,0,5285253833.399122,185642921.0,7.9,0.13,1843790,1811060,0,43.7,,2026-10-06
1913,WLK,Basic Materials,Specialty Chemicals,NYSE,781223,63.5,70.51,-4,-9,-48.89,,,,,,,22,26,21,87,,0,0,0,0,0,0,8653104148.078766,127796548.0,0.16309999,0.108,990760,955278,0,44.7,,2026-10-06
1914,VERX,Technology,Software - Application,NASDAQ,1383246,12.01,70.49,0,-5,-54.75,,,,,,,22,22,17,6,,0,0,0,0,0,0,1844418414.0356252,162217980.0,0.0695,0.105,1421810,1942628,0,15.0,,2026-10-06
1915,GDS,Technology,Information Technology Services,NASDAQ,1262766,27.57,70.48,-3,-3,-43.28,,,,,,,22,25,25,79,,0,0,0,0,0,0,6566374469.735592,200377613.0,0.1086,0.065,1549030,1556388,0,43.0,,2026-10-06
1916,FIG,Technology,Software - Application,NYSE,13820256,21.36,70.48,-1,-10,-70.12,,,,,,,22,23,14,4,,0,0,0,0,0,0,11113255930.277128,533009867.0,0.1776,0.482,11016200,17238964,0,13.7,,2026-10-06
1917,ABVX,Healthcare,Biotechnology,NASDAQ,1246223,92.88,70.43,-44,-11,-37.59,,,,,,,22,66,99,99,,0,0,1,1,0,2,7945330541.798035,87253797.0,0.0795,-0.068,1536920,1099602,2,88.0,,2026-10-06
1918,RDDT,Communication Services,Internet Content & Information,NYSE,4506260,147.86,70.43,-1,50,-43.89,,,,,,,22,23,74,30,,0,0,0,0,0,0,28828692353.822937,192396510.0,0.1369,0.611,4184880,6345644,0,42.3,,2026-10-06
1919,VSNT,Communication Services,Entertainment,NASDAQ,1665280,30.94,70.39,-18,-28,-47.56,,,,,,,22,40,30,50,,0,0,0,0,0,0,4564778452.221657,139170078.0,0.044499997,-0.037,1729620,1722334,0,40.0,,2026-10-06
1920,AS,Consumer Cyclical,Leisure,NYSE,7500926,27.17,70.36,3,15,-36.46,,,,,,,22,19,31,61,,0,0,0,0,0,0,16157197872.816986,581822024.0,0.0945,0.321,6215160,6844158,0,37.0,,2026-10-06
1921,TLK,Communication Services,Telecom Services,NYSE,741216,12.55,70.35,-4,-9,-46.64,,,,,,,22,26,21,56,,0,0,0,0,0,0,13150697653.142578,985809408.0,0.0057,0.064,921930,724450,0,34.3,,2026-10-06
1922,BYD,Consumer Cyclical,Resorts & Casinos,NYSE,1023026,67.25,70.25,-6,15,-26.43,,,,,,,22,28,49,60,,0,0,0,0,0,0,5175245383.1194,72655414.0,0.0964,0.0,1186440,982390,0,45.7,,2026-10-06
1923,BRSL,Consumer Cyclical,Gambling,NYSE,2186520,9.85,70.24,-3,-8,-46.96,,,,,,,22,25,20,27,,0,0,0,0,0,0,1820113862.771068,182742355.0,0.0539,-0.074,3177900,2190408,0,24.0,,2026-10-06
1924,AMRC,Industrials,Engineering & Construction,NYSE,654040,21.57,70.23,3,28,-51.99,,,,,,,22,19,44,72,,0,0,0,0,0,0,1139862187.9882164,53066211.0,0.1999,0.091,517660,714684,0,45.0,,2026-10-06
1925,BV,Industrials,Specialty Business Services,NYSE,905636,10.28,70.16,-2,36,-31.47,,,,,,,22,24,62,29,,0,0,0,0,0,0,963965985.8703612,92600000.0,0.2909,0.013,963730,1080890,0,38.3,,2026-10-06
1926,FG,Financial Services,Insurance - Life,NYSE,635566,21.92,70.15,-3,26,-37.96,,,,,,,22,25,54,27,,0,0,0,0,0,0,2896286932.9652004,130935209.0,0.12109999,0.042,572410,641222,0,35.3,,2026-10-06
1927,CRMD,Healthcare,Biotechnology,NASDAQ,904646,7.19,70.06,-11,-12,-44.78,,,,,,,22,33,32,29,,0,0,0,0,0,0,611862935.96665,77944324.0,0.21069999,1.565,808720,1115560,0,31.3,,2026-10-06
1928,JBTM,Industrials,Specialty Industrial Machinery,NYSE,544626,108.6,70.05,-3,12,-36.19,,,,,,,21,24,39,44,,0,0,0,0,0,0,5711118593.551422,51876817.0,0.0911,0.049,536070,603858,0,35.7,,2026-10-06
1929,IMXI,Technology,Software - Infrastructure,NASDAQ,531846,11.51,70.04,-11,7,-27.84,,,,,,,21,32,50,73,,0,0,0,0,0,0,339880803.75,30211627.0,0.0709,-0.186,761500,664722,0,51.7,,2026-10-06
1930,LHX,Industrials,Aerospace & Defense,NYSE,1661640,236.6,69.98,-2,7,-37.61,,,,,,,21,23,32,79,,0,0,0,0,0,0,44261352531.66553,186214616.0,0.0275,0.084,1574090,1673050,0,44.7,,2026-10-06
1931,FND,Consumer Cyclical,Home Improvement Retail,NYSE,2458776,45.49,69.89,-1,4,-41.27,,,,,,,21,22,27,15,,0,0,0,0,0,0,5011417899.141712,106489965.0,0.122200005,0.03,2436690,2513452,0,21.3,,2026-10-06
1932,AON,Financial Services,Insurance Brokers,NYSE,1917046,269.45,69.88,-11,8,-29.53,,,,,,,21,32,51,31,,0,0,0,0,0,0,58968747326.12256,212125434.0,0.0176,0.022,2037850,1625750,0,38.0,,2026-10-06
1933,CIM,Real Estate,REIT - Mortgage,NYSE,1243466,9.26,69.87,-7,21,-34.7,,,,,,,21,28,56,65,,0,0,0,0,0,0,865580210.8934097,83711818.0,0.0414,0.081,1676750,1055882,0,49.7,,2026-10-06
1934,MIAX,Financial Services,Capital Markets,NYSE,1561453,33.01,69.79,-37,-35,-42.23,,,,,,,21,58,60,68,,0,0,0,0,0,0,3463158491.614334,99230898.0,0.0867,0.183,1461410,1459566,0,62.0,,2026-10-06
1935,RBA,Industrials,Specialty Business Services,NYSE,1720730,81.88,69.65,3,43,-31.38,,,,,,,21,18,58,37,,0,0,0,0,0,0,15367886602.020264,186300000.0,0.114700004,0.111,1380310,1876596,0,37.7,,2026-10-06
1936,VYX,Technology,Information Technology Services,NYSE,3026893,6.7,69.59,-36,-64,-48.54,,,,,,,21,57,29,13,,0,0,0,0,0,0,976154202.5612688,138069898.0,0.38639998,-0.208,2957810,2682654,0,33.0,,2026-10-06
1937,WU,Financial Services,Credit Services,NYSE,8637190,6.0,69.42,-7,-2,-42.03,,,,,,,21,28,33,59,,0,0,0,0,0,0,1927412049.042425,311878981.0,0.18020001,-0.013,9110900,10419490,0,40.0,,2026-10-06
1938,HSAI,Consumer Cyclical,Auto Parts,NASDAQ,1302763,15.38,69.42,-4,-16,-47.6,,,,,,,21,25,13,58,,0,0,0,0,0,0,20428487430.0,1257137688.0,0.0725,0.219,961780,1475528,0,32.0,,2026-10-06
1939,MIR,Industrials,Specialty Industrial Machinery,NYSE,3681866,14.6,69.35,-1,-4,-51.78,,,,,,,21,22,19,33,,0,0,0,0,0,0,3792705491.401291,243278092.0,0.2354,0.197,3625020,3885486,0,24.7,,2026-10-06
1940,CLB,Energy,Oil & Gas Equipment & Services,NYSE,545690,9.92,69.34,-5,-15,-51.28,,,,,,,21,26,16,77,,0,0,0,0,0,0,476740407.1332073,45884542.0,0.2289,-0.043,721810,594118,0,39.7,,2026-10-06
1941,DY,Industrials,Engineering & Construction,NYSE,760746,273.75,69.31,1,63,-51.67,,,,,,,21,20,82,89,,0,0,0,0,0,0,8189302713.28183,30160957.0,0.0538,0.456,583340,624922,0,63.7,,2026-10-06
1942,VERA,Healthcare,Biotechnology,NASDAQ,2332743,30.42,69.3,-41,-28,-45.73,,,,,,,21,62,75,85,,0,0,0,0,0,0,2344940986.8759537,72063335.0,0.2691,,1551830,2234484,0,74.0,,2026-10-06
1943,ARVN,Healthcare,Biotechnology,NASDAQ,793676,7.41,69.2,-29,-57,-48.93,,,,,,,21,50,22,68,,0,0,0,0,0,0,489715902.6651535,64521198.0,0.0889,10.147,747930,834482,0,46.7,,2026-10-06
1944,MGM,Consumer Cyclical,Resorts & Casinos,NYSE,3902443,30.48,69.19,-29,2,-40.92,,,,,,,21,50,81,62,,0,0,0,0,0,0,8335633704.777603,255851235.0,0.1599,0.01,7042920,3321002,0,64.3,,2026-10-06
1945,FSLR,Technology,Solar,NASDAQ,2236556,174.61,68.91,-4,37,-45.6,,,,,,,21,25,66,60,,0,0,0,0,0,0,19098456747.017883,107469788.0,0.128,-0.037,2655900,2410798,0,50.3,,2026-10-06
1946,IMTX,Healthcare,Biotechnology,NASDAQ,751523,7.59,68.85,-40,-36,-38.84,,,,,,,21,61,65,90,,0,0,0,0,0,0,1274123877.0692225,152225077.0,0.0404,0.93,984940,651142,1,72.0,,2026-10-06
1947,SHOE,Consumer Cyclical,Apparel Retail,NASDAQ,1312776,12.58,68.81,6,12,-43.79,,,,,,,21,15,21,33,,0,0,0,0,0,0,353389595.0,27183815.0,0.4884,-0.072,1037460,989904,0,23.0,,2026-10-06
1948,PRKS,Consumer Cyclical,Leisure,NYSE,688993,32.46,68.7,-21,-1,-41.73,,,,,,,20,41,61,28,,0,0,0,0,0,0,1507598524.25,45341309.0,0.32840002,-0.014,650090,691404,0,43.3,,2026-10-06
1949,KMPR,Financial Services,Insurance - Property & Casualty,NYSE,901573,25.67,68.67,-8,-20,-50.75,,,,,,,20,28,16,16,,0,0,0,0,0,0,1490695536.2730105,58874232.0,0.099700004,-0.091,904640,890596,0,20.0,,2026-10-06
1950,NWCL,Industrials,Specialty Industrial Machinery,NASDAQ,684506,7.99,68.64,-18,-1,-31.12,,,,,,,20,38,55,47,,0,0,0,0,0,0,2053639460.3542936,276584432.0,,,366520,460996,0,46.7,,2026-10-06
1951,MTZ,Industrials,Engineering & Construction,NYSE,1514266,215.93,68.55,-5,61,-51.08,,,,,,,20,25,91,96,,0,0,0,0,0,0,17092908671.942505,80304948.0,0.0854,0.234,1377800,1570692,2,70.7,,2026-10-06
1952,KVYO,Technology,Software - Application,NYSE,6247753,15.71,68.37,-12,-28,-52.9,,,,,,,20,32,16,13,,0,0,0,0,0,0,4728621102.483094,299279813.0,0.15630001,0.264,6152390,6481750,0,20.3,,2026-10-06
1953,HDB,Financial Services,Banks - Regional,NYSE,11299070,22.34,68.37,0,3,-40.35,,,,,,,20,20,23,22,,0,0,0,0,0,0,118259719850.70644,5139492337.0,0.0069999998,0.166,11025050,10008310,0,21.7,,2026-10-06
1954,MATW,Industrials,Conglomerates,NASDAQ,1034730,19.29,68.34,-2,33,-37.63,,,,,,,20,22,57,65,,0,0,0,0,0,0,591489652.1637611,31213173.0,0.2635,-0.296,916180,887616,0,48.0,,2026-10-06
1955,PDD,Consumer Cyclical,Internet Retail,NASDAQ,6776733,75.38,68.32,0,-2,-45.93,,,,,,,20,20,18,32,,0,0,0,0,0,0,110412863122.95387,1423396462.0,0.0328,0.081,5348910,6393110,0,23.3,,2026-10-06
1956,SFM,Consumer Defensive,Grocery Stores,NASDAQ,1958873,64.47,68.24,-4,0,-43.62,,,,,,,20,24,28,18,,0,0,0,0,0,0,5827044242.763042,93247625.0,0.1618,0.047,2328720,1928264,0,23.3,,2026-10-06
1957,ASTS,Technology,Communication Equipment,NASDAQ,10207246,58.45,68.2,-6,19,-56.33,,,,,,,20,26,51,95,,0,0,0,0,0,0,18529977353.74796,299789305.0,0.2184,26.266,10986960,10774348,1,57.3,,2026-10-06
1958,LEGN,Healthcare,Biotechnology,NASDAQ,2052800,18.57,68.18,3,55,-50.48,,,,,,,20,17,69,12,,0,0,0,0,0,0,3716673691.136307,194488413.0,0.17799999,0.519,2215600,2425996,0,32.7,,2026-10-06
1959,DECK,Consumer Cyclical,Footwear & Accessories,NYSE,3271190,79.12,68.16,2,23,-35.3,,,,,,,20,18,39,57,,0,0,0,0,0,0,10713426440.833572,136181857.0,0.078,0.057,3212690,2930728,0,38.0,,2026-10-06
1960,AAP,Consumer Cyclical,Auto Parts,NYSE,1873460,38.68,68.14,3,39,-40.67,,,,,,,20,17,53,80,,0,0,0,0,0,0,2520491972.351074,60400000.0,0.27629998,-0.005,1905150,1978780,0,50.0,,2026-10-06
1961,ACI,Consumer Defensive,Grocery Stores,NYSE,7427403,11.75,68.01,5,11,-41.25,,,,,,,20,15,21,31,,0,0,0,0,0,0,5715714233.777128,489778423.0,0.1707,0.002,7026830,7980162,0,22.3,,2026-10-06
1962,POST,Consumer Defensive,Packaged Foods,NYSE,924486,72.56,68.0,-3,-5,-38.13,,,,,,,20,23,21,35,,0,0,0,0,0,0,3315347235.056778,45322586.0,0.1531,-0.018,843370,986878,0,26.3,,2026-10-06
1963,HGV,Consumer Cyclical,Resorts & Casinos,NYSE,1081183,34.86,68.0,-6,32,-37.08,,,,,,,20,26,64,59,,0,0,0,0,0,0,2780192702.22929,77724145.0,0.1545,0.062,1288230,1129148,0,49.7,,2026-10-06
1964,PL,Industrials,Aerospace & Defense,NYSE,11036490,17.5,67.86,-59,-45,-66.19,,,,,,,20,79,93,99,,0,0,0,1,0,1,6341870559.307594,363847989.0,0.0968,0.581,10823530,9008932,2,90.3,,2026-10-06
1965,CALX,Technology,Software - Infrastructure,NYSE,1042980,34.81,67.82,1,-1,-51.12,,,,,,,20,19,17,48,,0,0,0,0,0,0,2086626557.029831,62963989.0,0.1242,0.213,1122830,992290,0,28.0,,2026-10-06
1966,BKKT,Technology,Software - Infrastructure,NYSE,1389033,7.75,67.79,-9,-27,-84.43,,,,,,,20,29,11,9,,0,0,0,0,0,0,383090393.0,45069458.0,0.2604,-0.701,1361420,1340440,0,16.3,,2026-10-06
1967,NFLX,Communication Services,Entertainment,NASDAQ,32252486,67.06,67.78,-3,-12,-46.29,,,,,,,20,23,14,47,,0,0,0,0,0,0,296264314301.06775,4163939676.0,0.0228,0.134,35006980,33080168,0,28.0,,2026-10-06
1968,FBRT,Real Estate,REIT - Mortgage,NYSE,2389700,6.27,67.75,-10,-15,-44.37,,,,,,,20,30,25,30,,0,0,0,0,0,0,578826532.0963783,83045416.0,0.10560001,0.142,1984520,2000470,0,28.3,,2026-10-06
1969,REZI,Industrials,Industrial Distribution,NYSE,2108436,18.35,67.63,-2,6,-41.78,,,,,,,20,22,30,85,,0,0,0,0,0,0,2774251665.5702133,151847378.0,0.098500006,0.02,1591790,2364827,0,45.7,,2026-10-06
1970,MBLY,Consumer Cyclical,Auto Parts,NASDAQ,4964760,7.42,67.59,1,12,-53.07,,,,,,,20,19,30,10,,0,0,0,0,0,0,6827006184.915419,850187598.0,0.22649999,0.004,6640860,5315392,0,19.7,,2026-10-06
1971,TBBK,Financial Services,Banks - Regional,NASDAQ,561146,48.81,67.42,-47,-63,-40.22,,,,,,,20,67,51,36,,0,0,0,0,0,0,2062996873.9028776,40786809.0,0.1105,0.004,490220,500698,0,51.3,,2026-10-06
1972,BOOT,Consumer Cyclical,Apparel Retail,NYSE,667426,121.88,67.39,0,12,-42.03,,,,,,,20,20,32,43,,0,0,0,0,0,0,3734121357.622009,30284844.0,0.1266,0.177,649050,707516,0,31.7,,2026-10-06
1973,SITE,Industrials,Industrial Distribution,NYSE,943840,89.56,67.34,1,3,-46.87,,,,,,,20,19,21,58,,0,0,0,0,0,0,3986173554.319458,43655390.0,0.0952,0.047,878420,951762,0,32.7,,2026-10-06
1974,COUR,Consumer Defensive,Education & Training Services,NYSE,6079753,5.02,67.25,-6,-11,-59.25,,,,,,,19,25,20,19,,0,0,0,0,0,0,1446111146.2185743,286358632.0,0.1001,0.596,8926280,6315292,0,21.3,,2026-10-06
1975,QBTS,Technology,Computer Hardware,NASDAQ,16385533,15.77,67.08,-1,44,-66.27,,,,,,,19,20,65,29,,0,0,0,0,0,0,6609299535.553574,379626628.0,0.2034,-0.006,16338910,16994840,0,38.0,,2026-10-06
1976,KYTX,Healthcare,Biotechnology,NASDAQ,869820,6.22,67.02,-67,-61,-54.5,,,,,,,19,86,92,97,,0,0,0,0,0,0,421153850.10128975,61843444.0,0.1665,,1186230,832976,2,91.7,,2026-10-06
1977,PCG,Utilities,Utilities - Regulated Electric,NYSE,51120310,12.32,66.94,-3,31,-35.7,,,,,,,19,22,56,68,,0,0,0,0,0,0,37049208078.16483,3002366906.0,0.0,0.001,43522070,41357686,0,48.7,,2026-10-06
1978,GPGI,Industrials,Metal Fabrication,NYSE,1705970,12.9,66.87,-7,-7,-51.83,,,,,,,19,26,26,50,,0,0,0,0,0,0,3365623752.4941387,289890082.0,0.1698,,1577320,1541014,0,34.0,,2026-10-06
1979,RH,Consumer Cyclical,Specialty Retail,NYSE,826853,120.46,66.85,-8,17,-49.68,,,,,,,19,27,52,14,,0,0,0,0,0,0,2350930318.3623505,18933159.0,0.5339,0.026,730910,766226,0,31.0,,2026-10-06
1980,AMTM,Industrials,Specialty Business Services,NYSE,1835520,18.14,66.83,1,3,-52.4,,,,,,,19,18,20,62,,0,0,0,0,0,0,4688497975.220875,244319846.0,0.0795,-0.02,1698150,2090946,0,33.3,,2026-10-06
1981,HUBG,Industrials,Integrated Freight & Logistics,NASDAQ,1306873,29.77,66.81,-8,42,-44.1,,,,,,,19,27,77,51,,0,0,0,0,0,0,1855397502.731285,61153510.0,0.0846,-0.053,1311730,1303376,0,51.7,,2026-10-06
1982,TTI,Energy,Oil & Gas Equipment & Services,NYSE,1946766,6.0,66.8,-9,52,-52.15,,,,,,,19,28,89,94,,0,0,0,0,0,0,900282485.0229435,148072779.0,0.0789,0.068,1872660,1962404,1,70.3,,2026-10-06
1983,GPK,Consumer Cyclical,Packaging & Containers,NYSE,6201883,8.78,66.73,-2,-5,-55.45,,,,,,,19,21,18,9,,0,0,0,0,0,0,2775423723.921624,295887387.0,0.09020001,-0.007,6917950,5705074,0,16.0,,2026-10-06
1984,XENE,Healthcare,Biotechnology,NASDAQ,1978356,38.02,66.71,-66,-59,-47.67,,,,,,,19,85,92,90,,0,0,0,0,0,0,3577285425.089905,96840432.0,0.066599995,,2844660,1439606,2,89.0,,2026-10-06
1985,BL,Technology,Software - Application,NASDAQ,920360,27.41,66.67,-5,-16,-53.99,,,,,,,19,24,13,12,,0,0,0,0,0,0,1626926293.9961815,58125270.0,0.1489,0.092,895660,1025540,0,16.3,,2026-10-06
1986,GIL,Consumer Cyclical,Apparel Manufacturing,NYSE,1565520,41.0,66.67,-11,-13,-44.37,,,,,,,19,30,28,62,,0,0,0,0,0,0,7589161846.2659,185191848.0,0.074,0.723,2541120,1510638,0,40.0,,2026-10-06
1987,BFAM,Consumer Cyclical,Personal Services,NYSE,873293,64.26,66.62,-7,-14,-41.51,,,,,,,19,26,19,22,,0,0,0,0,0,0,3203121282.844635,48635306.0,0.062,0.065,885900,825952,0,22.3,,2026-10-06
1988,LQDA,Healthcare,Drug Manufacturers - Specialty & Generic,NASDAQ,2839023,28.64,66.58,-76,-72,-69.4,,,,,,,19,95,99,95,,0,0,1,0,0,1,6085349841.708702,88928099.0,0.1716,18.427,6056890,2351580,3,96.3,,2026-10-06
1989,SARO,Industrials,Aerospace & Defense,NYSE,3786440,21.05,66.47,-10,1,-38.95,,,,,,,19,29,40,36,,0,0,0,0,0,0,7525107785.198553,330919431.0,0.116000004,0.046,4132190,3637852,0,35.0,,2026-10-06
1990,LIF,Technology,Software - Application,NASDAQ,572896,43.1,66.39,1,18,-61.7,,,,,,,19,18,35,15,,0,0,0,0,0,0,3348843041.570824,81480369.0,0.1187,0.378,563950,769738,0,22.7,,2026-10-06
1991,NCLH,Consumer Cyclical,Travel Services,NYSE,18318710,15.14,66.3,2,14,-41.97,,,,,,,19,17,29,33,,0,0,0,0,0,0,6708734272.410364,459187846.0,0.2343,0.049,23734350,17461886,0,26.3,,2026-10-06
1992,CRH,Basic Materials,Building Materials,NYSE,5157166,81.94,66.2,-2,9,-37.71,,,,,,,19,21,32,61,,0,0,0,0,0,0,56575795424.52616,665284511.0,0.020299999,0.056,6346560,4974710,0,38.0,,2026-10-06
1993,EFX,Industrials,Consulting Services,NYSE,1611506,140.0,65.96,-15,-29,-45.82,,,,,,,18,33,19,24,,0,0,0,0,0,0,17400688018.26709,117484896.0,0.0765,0.106,2218190,1484964,0,25.3,,2026-10-06
1994,ABTC,Financial Services,Capital Markets,NASDAQ,1785120,8.51,65.91,12,7,-92.44,,,,,,,18,6,1,9,,0,0,0,0,0,0,662659416.078516,72819713.0,0.1596,1.213,1242180,1635664,0,5.3,,2026-10-06
1995,TCOM,Consumer Cyclical,Travel Services,NASDAQ,3732770,38.09,65.84,3,1,-51.78,,,,,,,18,15,13,21,,0,0,0,0,0,0,24829277095.630783,629705222.0,0.019,0.055,3637160,3390114,0,16.3,,2026-10-06
1996,SVC,Real Estate,REIT - Hotel & Motel,NASDAQ,1474696,6.38,65.73,-1,19,-53.6,,,,,,,18,19,39,12,,0,0,0,0,0,0,853467545.6815796,129509488.0,0.0403,-0.164,1229890,1530044,0,23.3,,2026-10-06
1997,WB,Communication Services,Internet Content & Information,NASDAQ,1151063,6.33,65.71,1,6,-51.16,,,,,,,18,17,22,30,,0,0,0,0,0,0,1594414936.0500107,245672572.0,0.1826,0.02,865540,1072480,0,23.0,,2026-10-06
1998,MLYS,Healthcare,Biotechnology,NASDAQ,1319890,23.63,65.65,-22,6,-50.41,,,,,,,18,40,68,78,,0,0,0,0,0,0,2286202100.0592804,88406885.0,0.1243,,1317000,1095730,0,62.0,,2026-10-06
1999,MMYT,Consumer Cyclical,Travel Services,NASDAQ,762210,44.62,65.63,-23,-31,-53.9,,,,,,,18,41,33,8,,0,0,0,0,0,0,4397242448.5,94058662.0,0.1375,0.062,1033330,727962,0,27.3,,2026-10-06
2000,TDOC,Healthcare,Health Information Services,NYSE,3406533,5.52,65.59,-15,37,-44.17,,,,,,,18,33,85,16,,0,0,0,0,0,0,1106455715.6127815,181684021.0,0.1528,-0.04,3460500,4397778,0,44.7,,2026-10-06
2001,CLPT,Healthcare,Medical Devices,NASDAQ,691990,10.9,65.41,-53,-36,-63.79,,,,,,,18,71,88,16,,0,0,0,0,0,0,452377684.0827122,30504227.0,0.1468,0.181,910170,662276,0,58.3,,2026-10-06
2002,AMRZ,Basic Materials,Building Materials,NYSE,4192510,37.26,65.4,-2,12,-43.49,,,,,,,18,20,34,64,,0,0,0,0,0,0,20903498781.313843,546925644.0,0.0179,0.086,3781860,3994094,0,39.3,,2026-10-06
2003,XRAY,Healthcare,Medical Instruments & Supplies,NASDAQ,4489266,8.67,65.31,-22,-30,-41.26,,,,,,,18,40,32,34,,0,0,0,0,0,0,1873926358.3525317,199353876.0,0.1376,-0.041,5230580,4569360,0,35.3,,2026-10-06
2004,CRK,Energy,Oil & Gas E&P,NYSE,2814146,12.78,65.19,-8,-21,-54.52,,,,,,,18,26,13,25,,0,0,0,0,0,0,3852301556.157795,293620548.0,0.32709998,-0.252,2556750,2533842,0,21.3,,2026-10-06
2005,CSIQ,Technology,Solar,NASDAQ,2006406,11.19,65.16,-6,24,-67.65,,,,,,,18,24,54,38,,0,0,0,0,0,0,733284902.1502771,67896749.0,0.3419,-0.287,1895310,1920970,0,38.7,,2026-10-06
2006,PMT,Real Estate,REIT - Mortgage,NYSE,1719196,7.8,65.14,-9,-7,-43.52,,,,,,,18,27,29,49,,0,0,0,0,0,0,726395668.8069878,87202362.0,0.1412,0.061,2032340,1545366,0,35.0,,2026-10-06
2007,RKT,Financial Services,Mortgage Finance,NYSE,32776303,11.7,65.09,-12,-12,-51.97,,,,,,,18,30,30,33,,0,0,0,0,0,0,34461088479.60717,2831642421.0,0.0645,0.919,41781890,30846208,0,31.0,,2026-10-06
2008,ANGI,Communication Services,Internet Content & Information,NASDAQ,821800,6.05,65.04,10,12,-64.35,,,,,,,18,8,10,9,,0,0,0,0,0,0,219814883.5141964,40556251.0,0.1196,-0.109,834770,844334,0,9.0,,2026-10-06
2009,AXON,Industrials,Aerospace & Defense,NASDAQ,965486,413.35,65.01,-17,17,-45.9,,,,,,,18,35,69,10,,0,0,0,0,0,0,34941023375.6488,81237415.0,0.053200003,0.353,941090,967722,0,38.0,,2026-10-06
2010,POOL,Industrials,Industrial Distribution,NASDAQ,766206,161.42,64.98,-5,-4,-48.55,,,,,,,17,22,23,22,,0,0,0,0,0,0,5992952720.85379,36340747.0,0.108100004,0.022,790360,753242,0,22.3,,2026-10-06
2011,KD,Technology,Information Technology Services,NYSE,3937243,11.56,64.92,-5,-17,-62.7,,,,,,,17,22,10,6,,0,0,0,0,0,0,2526691933.891073,217818263.0,0.1442,-0.033,4542310,4237802,0,12.7,,2026-10-06
2012,LZ,Industrials,Specialty Business Services,NASDAQ,2592306,5.6,64.67,-8,1,-54.84,,,,,,,17,25,34,14,,0,0,0,0,0,0,962508223.8402976,171264812.0,0.1001,0.066,2843800,2876316,0,24.3,,2026-10-06
2013,ACM,Industrials,Engineering & Construction,NYSE,1984250,59.66,64.32,1,-2,-55.98,,,,,,,17,16,13,24,,0,0,0,0,0,0,7836325239.699936,128696425.0,0.0622,-0.142,1641250,2064720,0,17.7,,2026-10-06
2014,MBC,Consumer Cyclical,"Furnishings, Fixtures & Appliances",NYSE,2858486,7.02,64.29,-4,0,-49.7,,,,,,,17,21,25,18,,0,0,0,0,0,0,1471236246.581273,203490490.0,0.096499994,0.115,3360910,2463828,0,21.3,,2026-10-06
2015,INTU,Technology,Software - Application,NASDAQ,4023053,281.08,64.2,-3,-15,-60.07,,,,,,,17,20,8,11,,0,0,0,0,0,0,73701018723.51074,267236000.0,0.030199999,0.137,3771100,3906782,0,13.0,,2026-10-06
2016,BWXT,Industrials,Aerospace & Defense,NYSE,1205383,134.86,64.18,-8,5,-44.23,,,,,,,17,25,38,87,,0,0,0,0,0,0,12686895682.443235,91621980.0,0.0442,0.18,1255820,1088972,0,50.0,,2026-10-06
2017,UUUU,Energy,Uranium,NYSE ARCA,6880860,10.73,64.16,-18,5,-61.54,,,,,,,17,35,58,96,,0,0,0,0,0,0,2837102845.35408,249965000.0,0.2123,4.961,6991720,6960938,1,63.0,,2026-10-06
2018,GLUE,Healthcare,Biotechnology,NASDAQ,1227796,10.5,64.0,-64,-48,-59.25,,,,,,,17,81,97,96,,0,0,0,0,0,0,1004138768.8233756,85313401.0,0.22940001,-0.613,1277520,1346174,2,91.3,,2026-10-06
2019,AORT,Healthcare,Medical Devices,NYSE,625050,22.31,63.99,-7,-20,-53.76,,,,,,,17,24,11,64,,0,0,0,0,0,0,1103353240.312151,48756221.0,0.0809,0.113,509360,671324,0,33.0,,2026-10-06
2020,PRIM,Industrials,Engineering & Construction,NYSE,1242876,79.08,63.91,8,13,-61.52,,,,,,,17,9,14,92,,0,0,0,0,0,0,3941621110.536461,54254935.0,0.13859999,-0.107,1243430,1251730,1,38.3,,2026-10-06
2021,CPRI,Consumer Cyclical,Luxury Goods,NYSE,5177166,14.44,63.76,6,20,-48.92,,,,,,,17,11,25,45,,0,0,0,0,0,0,1733421244.3912392,114796106.0,0.1304,-0.035,4450170,4857586,0,27.0,,2026-10-06
2022,WYNN,Consumer Cyclical,Resorts & Casinos,NASDAQ,2131293,75.88,63.57,-3,4,-43.68,,,,,,,17,20,27,42,,0,0,0,0,0,0,8353242320.746239,102973891.0,0.1024,0.069,2593080,1911504,0,29.7,,2026-10-06
2023,ALKT,Technology,Software - Application,NASDAQ,1893586,13.89,63.53,-44,-80,-46.49,,,,,,,17,61,25,16,,0,0,0,0,0,0,1475799344.397564,106941980.0,0.090100005,0.159,2663060,1681608,0,34.0,,2026-10-06
2024,OLN,Basic Materials,Chemicals,NYSE,2827766,15.9,63.53,2,9,-47.8,,,,,,,17,15,22,83,,0,0,0,0,0,0,1869312792.5191307,113982490.0,0.1314,-0.009,2895250,2997724,0,40.0,,2026-10-06
2025,EYE,Consumer Cyclical,Specialty Retail,NASDAQ,2302716,16.4,63.45,-3,-7,-45.37,,,,,,,17,20,16,71,,0,0,0,0,0,0,1307015798.1825886,79069313.0,0.2814,0.025,2165380,2220012,0,35.7,,2026-10-06
2026,SOUN,Technology,Software - Application,NASDAQ,20825696,5.84,63.38,1,-1,-73.66,,,,,,,17,16,14,12,,0,0,0,0,0,0,2686878658.7576723,444112161.0,0.4047,0.45,15330850,26366812,0,14.0,,2026-10-06
2027,EBS,Healthcare,Drug Manufacturers - Specialty & Generic,NYSE,1120080,6.33,63.28,3,17,-54.98,,,,,,,17,14,28,56,,0,0,0,0,0,0,348145949.48407745,51273336.0,0.19389999,0.663,887160,1216906,0,32.7,,2026-10-06
2028,LVS,Consumer Cyclical,Resorts & Casinos,NYSE,5655850,36.23,63.14,-3,2,-48.57,,,,,,,17,20,25,68,,0,0,0,0,0,0,25253870251.30493,647701184.0,0.1442,-0.007,5358100,5429326,0,37.7,,2026-10-06
2029,WRD,Technology,Software - Application,NASDAQ,2500843,5.03,63.0,-3,-11,-59.45,,,,,,,16,19,11,22,,0,0,0,0,0,0,1820536185.7011893,329210871.0,0.0438,0.822,2898740,2488798,0,17.3,,2026-10-06
2030,ZTS,Healthcare,Drug Manufacturers - Specialty & Generic,NYSE,4585276,69.69,62.91,1,-5,-53.16,,,,,,,16,15,9,28,,0,0,0,0,0,0,29359538183.15836,413223602.0,0.0476,-0.002,4162490,5470314,0,17.3,,2026-10-06
2031,NKTR,Healthcare,Biotechnology,NASDAQ,1374323,43.58,62.7,-74,-73,-60.02,,,,,,,16,90,91,99,,0,0,0,1,0,1,1948199284.528267,34142994.0,0.1852,-0.093,2495470,1083952,3,93.3,,2026-10-06
2032,OXM,Consumer Cyclical,Apparel Manufacturing,NYSE,542200,24.93,62.66,-11,-8,-49.72,,,,,,,16,27,30,57,,0,0,0,0,0,0,388686221.7275162,14978274.0,0.3754,-0.022,585960,437338,0,38.0,,2026-10-06
2033,ESAB,Industrials,Metal Fabrication,NYSE,896540,69.9,62.63,1,5,-49.13,,,,,,,16,15,19,27,,0,0,0,0,0,0,4468197614.518707,62135967.0,0.0941,0.129,1055640,821662,0,20.3,,2026-10-06
2034,BSX,Healthcare,Medical Devices,NYSE,21325900,42.6,62.39,3,-1,-59.68,,,,,,,16,13,9,14,,0,0,0,0,0,0,63650158128.30148,1449229526.0,0.0321,0.075,18772060,20936028,0,12.0,,2026-10-06
2035,TME,Communication Services,Internet Content & Information,NYSE,8451996,7.74,62.23,5,6,-68.08,,,,,,,16,11,12,10,,0,0,0,0,0,0,13673729689.80544,1629765093.0,0.0515,0.058,7644090,9241168,0,11.0,,2026-10-06
2036,CHWY,Consumer Cyclical,Internet Retail,NYSE,9721353,18.17,62.2,-11,-26,-55.19,,,,,,,16,27,12,18,,0,0,0,0,0,0,7343211023.217693,401927249.0,0.1026,0.073,10137780,8415176,0,19.0,,2026-10-06
2037,CELH,Consumer Defensive,Beverages - Non-Alcoholic,NASDAQ,7391313,26.75,62.18,-6,-15,-59.92,,,,,,,16,22,13,17,,0,0,0,0,0,0,7082450907.614874,253035047.0,0.1233,0.106,6557430,9648696,0,17.3,,2026-10-06
2038,HROW,Healthcare,Drug Manufacturers - Specialty & Generic,NASDAQ,538060,30.48,62.1,-39,-32,-44.43,,,,,,,16,55,62,50,,0,0,0,0,0,0,1239723188.059616,37487850.0,0.2223,0.109,508410,553088,0,55.7,,2026-10-06
2039,LMND,Financial Services,Insurance - Property & Casualty,NYSE,1031326,46.49,62.02,-21,21,-53.46,,,,,,,16,37,79,77,,0,0,0,0,0,0,3477429935.5695724,77396615.0,0.1533,0.794,1225280,1234760,0,64.3,,2026-10-06
2040,QXO,Industrials,Industrial Distribution,NYSE,17330956,12.06,62.01,1,-1,-56.32,,,,,,,16,15,13,66,,0,0,0,0,0,0,12896009829.487038,1037490709.0,0.1185,0.703,21945950,17892838,0,31.3,,2026-10-06
2041,NXRT,Real Estate,REIT - Residential,NYSE,769150,18.67,61.99,-4,13,-42.31,,,,,,,16,20,37,26,,0,0,0,0,0,0,501798311.7256317,25549813.0,0.13949999,0.024,928890,583514,0,27.7,,2026-10-06
2042,OCUL,Healthcare,Biotechnology,NASDAQ,2974106,6.96,61.92,-42,-56,-57.66,,,,,,,16,58,44,31,,0,0,0,0,0,0,2119293042.423195,219615868.0,0.1609,0.001,4490390,2913648,0,44.3,,2026-10-06
2043,ENOV,Healthcare,Medical Devices,NYSE,1800640,17.77,61.87,1,15,-48.16,,,,,,,16,15,29,26,,0,0,0,0,0,0,1064578806.4420012,57669494.0,0.19600001,0.032,1647040,1566898,0,23.3,,2026-10-06
2044,BIDU,Communication Services,Internet Content & Information,NASDAQ,2511030,84.32,61.86,-5,23,-48.99,,,,,,,16,21,49,49,,0,0,0,0,0,0,29748407259.697083,340643612.0,0.0337,-0.042,2406940,2736056,0,39.7,,2026-10-06
2045,ETOR,Financial Services,Capital Markets,NASDAQ,1092613,25.42,61.83,-5,30,-42.5,,,,,,,16,21,56,25,,0,0,0,0,0,0,2098719856.5605164,79527090.0,0.066599995,-0.246,1083750,1200940,0,34.0,,2026-10-06
2046,RTO,Industrials,Specialty Business Services,NYSE,1906603,19.95,61.75,-7,24,-42.46,,,,,,,15,22,53,79,,0,0,0,0,0,0,10387037938.12181,503247977.0,0.0067000003,0.067,2829680,1887214,0,51.3,,2026-10-06
2047,AVAV,Industrials,Aerospace & Defense,NASDAQ,1956833,140.82,61.73,3,2,-66.3,,,,,,,15,12,11,19,,0,0,0,0,0,0,7727287894.192474,50820702.0,0.1176,0.057,1254840,1644434,0,14.0,,2026-10-06
2048,HE,Utilities,Utilities - Regulated Electric,NYSE,2795833,8.9,61.72,-7,20,-48.79,,,,,,,15,22,49,81,,0,0,0,0,0,0,1574499428.80262,173021908.0,0.15010001,0.259,2898920,2444172,0,50.7,,2026-10-06
2049,TU,Communication Services,Telecom Services,NYSE,6465743,8.04,61.7,-1,3,-49.27,,,,,,,15,16,20,27,,0,0,0,0,0,0,13355999279.022217,1575000000.0,10.76,-0.022,7270750,7695710,0,21.0,,2026-10-06
2050,PATK,Consumer Cyclical,Recreational Vehicles,NASDAQ,539420,67.16,61.59,-5,-7,-54.77,,,,,,,15,20,18,64,,0,0,0,0,0,0,2199779832.747986,32118264.0,0.2245,-0.006,546960,523568,0,34.0,,2026-10-06
2051,PRCT,Healthcare,Medical Devices,NASDAQ,1258670,17.16,61.5,1,-2,-54.97,,,,,,,15,14,11,12,,0,0,0,0,0,0,979004160.2256316,56918844.0,0.1337,0.193,1488010,1448366,0,12.3,,2026-10-06
2052,GOOS,Consumer Cyclical,Apparel Manufacturing,NYSE,847830,7.66,61.29,1,5,-47.86,,,,,,,15,14,18,37,,0,0,0,0,0,0,743197247.529098,97660609.0,0.1293,0.103,693090,850682,0,23.0,,2026-10-06
2053,NKE,Consumer Cyclical,Footwear & Accessories,NYSE,38508286,33.87,61.19,0,3,-56.0,,,,,,,15,15,18,15,,0,0,0,0,0,0,52941711429.75,1480887033.0,0.08979999,-0.011,54833100,32957210,0,16.0,,2026-10-06
2054,LI,Consumer Cyclical,Auto Manufacturers,NASDAQ,3108290,10.69,61.18,1,-4,-59.66,,,,,,,15,14,9,31,,0,0,0,0,0,0,11238656439.5,977274473.0,0.056599997,-0.151,3286250,3041724,0,18.0,,2026-10-06
2055,UPWK,Communication Services,Internet Content & Information,NASDAQ,2594063,8.05,60.96,-1,-6,-64.75,,,,,,,15,16,11,16,,0,0,0,0,0,0,1017962377.1031476,124903365.0,0.2191,-0.017,2472420,3262506,0,14.3,,2026-10-06
2056,PICS,Technology,Software - Infrastructure,NASDAQ,536860,9.09,60.87,-14,-26,-54.44,,,,,,,15,29,17,15,,0,0,0,0,0,0,1126115694.292903,129587543.0,0.0431,0.67,440770,481716,0,20.3,,2026-10-06
2057,JBGS,Real Estate,REIT - Diversified,NYSE,1021006,10.56,60.61,0,12,-52.82,,,,,,,15,15,27,28,,0,0,0,0,0,0,616801799.9886084,58575671.0,0.2902,0.01,1011780,968892,0,23.3,,2026-10-06
2058,PAR,Technology,Software - Application,NYSE,916003,14.25,60.52,-16,-28,-64.85,,,,,,,15,31,19,3,,0,0,0,0,0,0,581559691.836483,41362708.0,0.2539,0.187,975390,934212,0,17.7,,2026-10-06
2059,LEU,Energy,Uranium,NYSE,711786,139.27,60.52,-11,-18,-70.0,,,,,,,15,26,19,69,,0,0,0,0,0,0,3008038743.363037,20453108.0,0.2766,0.14,574010,668392,0,38.0,,2026-10-06
2060,NAMS,Healthcare,Biotechnology,NASDAQ,1656756,23.2,60.5,-7,41,-45.03,,,,,,,15,22,70,86,,0,0,0,0,0,0,2639691836.900934,116903979.0,0.1533,-0.807,2020220,1441784,0,59.3,,2026-10-06
2061,CLBT,Technology,Software - Infrastructure,NASDAQ,2712030,11.07,60.18,-2,39,-44.59,,,,,,,15,17,58,15,,0,0,0,0,0,0,2711970027.8120995,251341060.0,0.0669,0.158,2956230,3357536,0,30.0,,2026-10-06
2062,AMSF,Financial Services,Insurance - Specialty,NASDAQ,531003,23.59,60.06,-2,15,-47.18,,,,,,,14,16,33,26,,0,0,0,0,0,0,435782727.822567,18536058.0,0.0734,0.134,518390,487920,0,25.0,,2026-10-06
2063,NNE,Industrials,Specialty Industrial Machinery,NASDAQ,1796416,15.62,60.0,2,2,-74.34,,,,,,,14,12,12,15,,0,0,0,0,0,0,912331488.2494698,53698146.0,0.3489,,1787040,1883404,0,13.0,,2026-10-06
2064,BILI,Communication Services,Internet Content & Information,NASDAQ,3543226,14.44,59.84,-1,-1,-60.33,,,,,,,14,15,15,47,,0,0,0,0,0,0,6135700532.461681,411930201.0,0.0864,0.082,2647960,2996444,0,25.7,,2026-10-06
2065,FOUR,Technology,Software - Infrastructure,NYSE,2146046,36.17,59.72,-10,-12,-55.33,,,,,,,14,24,22,12,,0,0,0,0,0,0,3036016674.241791,78960120.0,0.1909,0.341,2231010,1994840,0,19.3,,2026-10-06
2066,KNF,Basic Materials,Building Materials,NYSE,1058836,50.33,59.52,-5,15,-47.73,,,,,,,14,19,39,62,,0,0,0,0,0,0,3097625509.819412,56753855.0,0.103,0.126,1294150,970584,0,40.0,,2026-10-06
2067,PSN,Technology,Information Technology Services,NYSE,1179826,40.79,59.43,1,10,-54.42,,,,,,,14,13,22,22,,0,0,0,0,0,0,4600108286.98558,106805394.0,0.1429,-0.005,1167130,1518948,0,19.0,,2026-10-06
2068,KTOS,Industrials,Aerospace & Defense,NASDAQ,3729006,43.07,59.41,0,0,-67.86,,,,,,,14,14,14,67,,0,0,0,0,0,0,8554661469.787048,187519984.0,0.0616,0.305,4465890,3822888,0,31.7,,2026-10-06
2069,BBW,Consumer Cyclical,Specialty Retail,NYSE,857146,25.56,59.18,2,2,-65.22,,,,,,,14,12,12,16,,0,0,0,0,0,0,317469268.589344,12319335.0,0.2741,-0.072,540030,644584,0,13.3,,2026-10-06
2070,ALMS,Healthcare,Biotechnology,NASDAQ,3874926,6.85,59.16,-49,-13,-78.15,,,,,,,14,63,99,99,,0,0,1,1,0,2,918990184.5560936,129435239.0,0.081099994,-0.377,2204010,2697260,2,87.0,,2026-10-06
2071,YELP,Communication Services,Internet Content & Information,NYSE,1311813,18.26,59.1,-8,-4,-47.06,,,,,,,14,22,26,23,,0,0,0,0,0,0,978373123.8898716,54263621.0,0.316,0.014,1554070,1227884,0,23.7,,2026-10-06
2072,FIS,Technology,Information Technology Services,NYSE,6247873,32.44,59.04,-7,-12,-53.08,,,,,,,14,21,16,16,,0,0,0,0,0,0,18261146442.27952,515705917.0,0.0422,0.291,6596680,6357368,0,17.7,,2026-10-06
2073,BROS,Consumer Cyclical,Restaurants,NYSE,4112243,38.67,58.84,-4,46,-47.76,,,,,,,14,18,68,31,,0,0,0,0,0,0,5226576752.027618,137940798.0,0.3978,0.325,4282440,4233946,0,39.0,,2026-10-06
2074,APTV,Consumer Cyclical,Auto Parts,NYSE,4607830,43.54,58.79,4,18,-51.04,,,,,,,14,10,24,25,,0,0,0,0,0,0,9299897085.583992,207633331.0,0.048699997,0.023,3139130,4503086,0,19.7,,2026-10-06
2075,DKNG,Consumer Cyclical,Gambling,NASDAQ,12759433,18.59,58.66,-6,3,-56.57,,,,,,,14,20,29,13,,0,0,0,0,0,0,10931918364.218628,496454048.0,0.078200005,-0.046,17979500,12852448,0,20.7,,2026-10-06
2076,CSGP,Real Estate,Real Estate Services,NASDAQ,6742433,27.38,58.55,2,-2,-67.88,,,,,,,14,12,8,9,,0,0,0,0,0,0,11382000308.748243,405197588.0,0.0369,0.184,5664860,6976742,0,9.7,,2026-10-06
2077,ADTN,Technology,Communication Equipment,NASDAQ,1648703,7.04,58.46,3,71,-64.76,,,,,,,14,11,79,92,,0,0,0,0,0,0,580962441.234807,81481407.0,0.175,0.061,1599450,2028974,1,60.7,,2026-10-06
2078,DKS,Consumer Cyclical,Specialty Retail,NYSE,4940560,136.08,58.25,2,40,-44.32,,,,,,,13,11,49,49,,0,0,0,0,0,0,13441977313.449951,98526556.0,0.1367,0.532,2789940,3583426,0,36.3,,2026-10-06
2079,LULU,Consumer Cyclical,Apparel Retail,NASDAQ,6878383,94.46,58.25,-7,-16,-58.2,,,,,,,13,20,11,21,,0,0,0,0,0,0,11214925870.360184,110710025.0,0.13069999,-0.043,4842870,5164110,0,17.3,,2026-10-06
2080,BXMT,Real Estate,REIT - Mortgage,NYSE,2450850,10.9,58.13,-5,8,-47.27,,,,,,,13,18,31,63,,0,0,0,0,0,0,2106794887.5,168543591.0,0.0883,-0.731,2925160,2565702,0,37.3,,2026-10-06
2081,PFSI,Financial Services,Mortgage Finance,NYSE,564396,62.0,58.02,-4,-2,-61.34,,,,,,,13,17,19,23,,0,0,0,0,0,0,3400749855.5569158,51951572.0,0.1018,0.018,612460,618228,0,19.7,,2026-10-06
2082,ZG,Communication Services,Internet Content & Information,NASDAQ,908006,28.1,57.94,-3,-9,-64.31,,,,,,,13,16,10,12,,0,0,0,0,0,0,6588835980.634026,224874954.0,0.2022,0.179,1075270,1137332,0,12.7,,2026-10-06
2083,CPNG,Consumer Cyclical,Internet Retail,NYSE,15265163,13.78,57.92,-5,-3,-58.19,,,,,,,13,18,20,24,,0,0,0,0,0,0,24949462629.468887,1797511702.0,0.0616,0.039,13937760,16632020,0,20.7,,2026-10-06
2084,RBLX,Communication Services,Electronic Gaming & Multimedia,NYSE,11365410,44.12,57.85,1,6,-68.93,,,,,,,13,12,17,17,,0,0,0,0,0,0,33175617718.99394,714375941.0,0.0376,0.359,13980290,13311938,0,15.3,,2026-10-06
2085,LINC,Consumer Defensive,Education & Training Services,NASDAQ,829086,21.91,57.74,-9,65,-61.11,,,,,,,13,22,96,94,,0,0,0,0,0,0,712464389.2981186,31721479.0,0.1041,0.224,807500,927762,2,70.7,,2026-10-06
2086,NRG,Utilities,Utilities - Independent Power Producers,NYSE,2826690,95.23,57.44,-4,7,-49.87,,,,,,,13,17,28,78,,0,0,0,0,0,0,21098826756.07033,210210483.0,0.037100002,0.11,2880460,2974774,0,41.0,,2026-10-06
2087,PODD,Healthcare,Medical Devices,NASDAQ,1755646,131.69,57.17,0,-2,-62.89,,,,,,,13,13,11,17,,0,0,0,0,0,0,9441187448.51355,69354199.0,0.08270001,0.235,1641820,1752754,0,13.7,,2026-10-06
2088,SMR,Industrials,Specialty Industrial Machinery,NYSE,37369280,7.75,57.14,1,-2,-86.5,,,,,,,13,12,9,5,,0,0,0,0,0,0,3455479806.550236,410389522.0,0.20639999,-0.991,31845920,34751208,0,8.7,,2026-10-06
2089,OPFI,Financial Services,Credit Services,NYSE,854880,5.97,57.13,-5,11,-51.37,,,,,,,13,18,34,26,,0,0,0,0,0,0,535107809.0374017,85208247.0,0.041100003,-0.139,694330,948598,0,26.0,,2026-10-06
2090,CRBP,Healthcare,Biotechnology,NASDAQ,1157890,6.13,57.11,-72,-122,-70.18,,,,,,,13,85,35,76,,0,0,0,0,0,0,138096829.4376588,19341293.0,0.1633,,706800,832226,0,65.3,,2026-10-06
2091,UPST,Financial Services,Credit Services,NASDAQ,4201226,22.81,57.02,-6,-3,-60.64,,,,,,,13,19,22,11,,0,0,0,0,0,0,2278892406.7745075,95711569.0,0.325,0.423,4668990,4493114,0,17.3,,2026-10-06
2092,PONY,Technology,Information Technology Services,NASDAQ,3989660,6.07,56.94,2,-1,-75.64,,,,,,,13,11,8,25,,0,0,0,0,0,0,2993109749.349525,434413615.0,0.0674,0.688,4636530,3925520,0,14.7,,2026-10-06
2093,FVRR,Communication Services,Internet Content & Information,NYSE,536450,8.54,56.91,1,4,-66.82,,,,,,,13,12,15,7,,0,0,0,0,0,0,307378731.2570572,35950728.0,0.096,-0.1,630240,724352,0,11.3,,2026-10-06
2094,TRIP,Consumer Cyclical,Travel Services,NASDAQ,3947143,8.51,56.89,-1,21,-52.24,,,,,,,13,14,36,21,,0,0,0,0,0,0,985646448.3367996,117199342.0,0.35919997,-0.072,4382810,3887344,0,23.7,,2026-10-06
2095,RCAT,Industrials,Aerospace & Defense,NASDAQ,7849000,6.4,56.56,-7,0,-65.92,,,,,,,12,19,26,81,,0,0,0,0,0,0,1017077627.6176376,152714362.0,0.2667,5.272,7890020,8540866,0,42.0,,2026-10-06
2096,CWH,Consumer Cyclical,Auto & Truck Dealerships,NYSE,1737140,5.03,56.51,-7,-15,-70.67,,,,,,,12,19,11,9,,0,0,0,0,0,0,344032652.758049,63827952.0,0.1838,-0.021,1873420,1899456,0,13.0,,2026-10-06
2097,SRAD,Technology,Software - Application,NASDAQ,2200176,11.76,56.39,-2,2,-60.01,,,,,,,12,14,18,17,,0,0,0,0,0,0,3918399937.14204,295951662.0,0.1244,0.189,2538150,2486736,0,16.3,,2026-10-06
2098,Z,Communication Services,Internet Content & Information,NASDAQ,3883720,27.41,56.22,-3,-8,-66.39,,,,,,,12,15,10,11,,0,0,0,0,0,0,6393195010.84639,224874954.0,0.078099996,0.179,4903480,3934848,0,12.0,,2026-10-06
2099,ERII,Industrials,Pollution & Treatment Controls,NASDAQ,972406,6.77,56.15,-3,-4,-63.05,,,,,,,12,15,14,23,,0,0,0,0,0,0,347615595.8291888,51044875.0,0.0762,-0.572,778090,998408,0,17.3,,2026-10-06
2100,FUN,Consumer Cyclical,Leisure,NYSE,2240723,11.6,56.13,-6,6,-57.62,,,,,,,12,18,30,34,,0,0,0,0,0,0,1260536932.6155396,102316312.0,0.2522,-0.07,2745630,2288668,0,27.3,,2026-10-06
2101,BLDR,Industrials,Building Products & Equipment,NYSE,3191713,56.25,55.96,0,3,-57.22,,,,,,,12,12,15,17,,0,0,0,0,0,0,6366482163.675003,107596457.0,0.098900005,-0.088,2300980,2797162,0,14.7,,2026-10-06
2102,SUPX,Technology,Software - Infrastructure,NASDAQ,771150,6.65,55.87,0,3,-91.31,,,,,,,12,12,15,9,,0,0,0,0,0,0,297917193.4169612,43239071.0,0.018099999,2.838,556940,540722,0,12.0,,2026-10-06
2103,SMPL,Consumer Defensive,Packaged Foods,NASDAQ,2216310,9.83,55.83,-3,-1,-61.69,,,,,,,12,15,17,6,,0,0,0,0,0,0,849035620.937643,88441207.0,0.1376,-0.063,2055190,2176872,0,12.7,,2026-10-06
2104,RGNX,Healthcare,Biotechnology,NASDAQ,1489263,7.43,55.7,-58,-38,-54.11,,,,,,,12,70,90,34,,0,0,0,0,0,0,488497627.0955086,66013192.0,0.1271,4.057,1416880,1326332,1,64.7,,2026-10-06
2105,DFH,Consumer Cyclical,Residential Construction,NYSE,877253,10.75,55.58,-5,2,-60.47,,,,,,,12,17,24,14,,0,0,0,0,0,0,1023046850.6682034,90535118.0,0.48790002,-0.076,1080740,810120,0,18.3,,2026-10-06
2106,DQ,Technology,Semiconductor Equipment & Materials,NYSE,816610,11.0,55.55,3,1,-69.94,,,,,,,12,9,7,50,,0,0,0,0,0,0,776130609.458808,67666137.0,0.1082,-0.167,568710,930854,0,22.0,,2026-10-06
2107,ALNY,Healthcare,Biotechnology,NASDAQ,1544713,219.72,55.23,-3,7,-55.66,,,,,,,12,15,25,45,,0,0,0,0,0,0,34249782741.656647,133809118.0,0.0716,0.669,1244260,1867140,0,28.3,,2026-10-06
2108,FLO,Consumer Defensive,Packaged Foods,NYSE,8178513,5.57,54.92,-1,7,-58.06,,,,,,,12,13,21,15,,0,0,0,0,0,0,1217209530.7839088,212057418.0,0.23629999,,7575920,7073026,0,16.3,,2026-10-06
2109,PNR,Industrials,Specialty Industrial Machinery,NYSE,3456496,53.03,54.55,0,5,-53.46,,,,,,,12,12,17,32,,0,0,0,0,0,0,8671753305.400951,161605541.0,0.0452,-0.17,2306560,3256748,0,20.3,,2026-10-06
2110,EIKN,Healthcare,Biotechnology,NASDAQ,585060,7.33,54.51,-18,-15,-57.87,,,,,,,12,30,33,14,,0,0,0,0,0,0,428987041.73246384,54165030.0,0.1337,,510960,530544,0,25.7,,2026-10-06
2111,COLL,Healthcare,Drug Manufacturers - Specialty & Generic,NASDAQ,890226,22.02,54.37,2,31,-56.64,,,,,,,12,10,39,49,,0,0,0,0,0,0,698411839.5754566,30999193.0,0.2082,0.063,798410,827188,0,32.7,,2026-10-06
2112,CHTR,Communication Services,Telecom Services,NASDAQ,2859473,109.29,54.34,-11,-26,-61.76,,,,,,,12,23,8,27,,0,0,0,0,0,0,12923407696.42624,114457597.0,0.3875,-0.017,3188500,3023948,0,19.3,,2026-10-06
2113,PLNT,Consumer Cyclical,Leisure,NYSE,2381436,42.41,54.16,-4,-10,-62.88,,,,,,,11,15,9,17,,0,0,0,0,0,0,3223752432.2908707,75533093.0,0.1378,0.045,3654580,2352312,0,13.7,,2026-10-06
2114,ROL,Consumer Cyclical,Personal Services,NYSE,6691483,30.16,54.06,-1,6,-54.4,,,,,,,11,12,19,35,,0,0,0,0,0,0,14448796812.49633,481145404.0,0.0622,0.079,9298300,6268782,0,22.0,,2026-10-06
2115,PSQL,Technology,Computer Hardware,NASDAQ,883770,6.05,54.04,-21,-5,-75.5,,,,,,,11,32,48,48,,0,0,0,0,0,0,1483932851.4998302,212293691.0,0.05,,647200,696072,0,42.7,,2026-10-06
2116,KLAR,Financial Services,Credit Services,NYSE,6212220,12.51,53.89,-3,14,-72.04,,,,,,,11,14,31,5,,0,0,0,0,0,0,4853248917.119043,379160066.0,0.133,0.266,6037700,6257660,0,16.7,,2026-10-06
2117,VNET,Technology,Information Technology Services,NASDAQ,4434163,5.13,53.89,-2,18,-64.57,,,,,,,11,13,33,44,,0,0,0,0,0,0,1890352471.5095649,284691643.0,0.2492,0.142,5164630,4688438,0,30.0,,2026-10-06
2118,WHR,Consumer Cyclical,"Furnishings, Fixtures & Appliances",NYSE,2729426,30.31,53.73,-2,-7,-68.03,,,,,,,11,13,8,16,,0,0,0,0,0,0,2067472216.6881864,65199378.0,0.00059999997,-0.068,2803640,2581684,0,12.3,,2026-10-06
2119,OKLO,Utilities,Utilities - Independent Power Producers,NYSE,9944686,35.87,53.7,2,11,-81.5,,,,,,,11,9,18,33,,0,0,0,0,0,0,7076111576.304245,186017650.0,0.2052,,8139770,9744926,0,20.0,,2026-10-06
2120,IIIV,Technology,Software - Infrastructure,NASDAQ,567003,14.28,53.66,-3,3,-57.96,,,,,,,11,14,20,21,,0,0,0,0,0,0,268133852.3021965,18019748.0,0.5678,0.022,456380,549022,0,18.3,,2026-10-06
2121,GPCR,Healthcare,Biotechnology,NASDAQ,1283506,27.67,53.42,-79,-79,-70.84,,,,,,,11,90,90,95,,0,0,0,0,0,0,2562163183.7720413,71309857.0,0.1268,,1624310,1008946,3,91.7,,2026-10-06
2122,REAX,Real Estate,Real Estate Services,NASDAQ,1001474,16.41,53.38,-5,-9,-64.25,,,,,,,11,16,12,12,,0,0,0,0,0,0,358082228.6711273,21794414.0,1.26,0.296,766260,818958,0,13.3,,2026-10-06
2123,MNSO,Consumer Cyclical,Specialty Retail,NYSE,994076,8.83,53.19,2,5,-61.77,,,,,,,11,9,12,26,,0,0,0,0,0,0,2580449902.5399904,293900909.0,0.0347,0.17,845630,863596,0,15.7,,2026-10-06
2124,FUBO,Communication Services,Broadcasting,NYSE,1217943,8.66,53.06,-6,-17,-83.56,,,,,,,11,17,6,4,,0,0,0,0,0,0,291169240.6498156,30204277.0,0.20889999,0.38,1146130,1408024,0,9.0,,2026-10-06
2125,LTBR,Industrials,Electrical Equipment & Parts,NASDAQ,759340,6.39,52.71,-1,-1,-79.61,,,,,,,10,11,11,26,,0,0,0,0,0,0,241372912.33954525,35236922.0,0.1464,,636230,824880,0,16.0,,2026-10-06
2126,OLMA,Healthcare,Biotechnology,NASDAQ,1105166,8.23,52.53,-20,13,-77.3,,,,,,,10,30,63,96,,0,0,0,0,0,0,765604061.25,87497607.0,0.22309999,,1275410,1083576,1,63.0,,2026-10-06
2127,JOBY,Industrials,Airports & Air Services,NYSE,24260243,5.95,52.35,0,5,-70.22,,,,,,,10,10,15,19,,0,0,0,0,0,0,6296579805.745242,996294246.0,0.1859,2574.933,21305900,27708398,0,14.7,,2026-10-06
2128,GLAS,Healthcare,Drug Manufacturers - Specialty & Generic,NYSE,1071073,5.49,52.2,-27,22,-60.59,,,,,,,10,37,86,74,,0,0,0,0,0,0,640849051.9753313,94242505.0,0.35,-0.012,1923830,792924,0,65.7,,2026-10-06
2129,FMC,Basic Materials,Agricultural Inputs,NYSE,3860133,8.44,51.37,-16,-35,-75.18,,,,,,,10,26,7,22,,0,0,0,0,0,0,1490130716.0327816,155546005.0,0.2825,-0.175,4762750,3779520,0,18.3,,2026-10-06
2130,PHAT,Healthcare,Biotechnology,NASDAQ,1199783,6.92,51.29,-9,12,-62.21,,,,,,,10,19,40,86,,0,0,0,0,0,0,590576833.6306286,80900934.0,0.1321,0.88,1266210,1431860,0,48.3,,2026-10-06
2131,XPEV,Consumer Cyclical,Auto Manufacturers,NYSE,7778656,9.25,50.17,-1,1,-67.24,,,,,,,10,11,13,29,,0,0,0,0,0,0,9694724397.968264,957976730.0,0.06,0.08,6929520,7172028,0,17.7,,2026-10-06
2132,IONS,Healthcare,Biotechnology,NASDAQ,3830516,43.54,50.17,-9,9,-49.8,,,,,,,10,19,37,87,,0,0,0,0,0,0,7395202329.0,166184322.0,0.1665,-0.407,3953750,3288688,0,47.7,,2026-10-06
2133,AHCO,Healthcare,Medical Devices,NASDAQ,2611156,5.6,49.49,-3,21,-58.3,,,,,,,9,12,36,80,,0,0,0,0,0,0,752427650.2279553,133409161.0,0.096099995,0.127,2086620,3273110,0,42.7,,2026-10-06
2134,FLUT,Consumer Cyclical,Gambling,NYSE,2822896,74.81,49.46,-7,-9,-73.74,,,,,,,9,16,14,6,,0,0,0,0,0,0,14443660042.01924,173539102.0,0.0983,0.033,3042860,3180756,0,12.0,,2026-10-06
2135,WING,Consumer Cyclical,Restaurants,NASDAQ,1265386,106.89,49.44,1,7,-64.7,,,,,,,9,8,14,16,,0,0,0,0,0,0,2698919023.9062347,27242546.0,0.18280001,0.064,1307240,1323586,0,12.7,,2026-10-06
2136,ONT,Industrials,Waste Management,NYSE,677250,12.71,48.84,-9,-1,-58.87,,,,,,,9,18,26,46,,0,0,0,0,0,0,491643936.0,35117424.0,0.1355,-0.204,940680,749942,0,30.0,,2026-10-06
2137,UTI,Consumer Defensive,Education & Training Services,NYSE,1855946,19.38,48.36,-2,77,-62.25,,,,,,,9,11,90,75,,0,0,0,0,0,0,1118433147.2656746,55095231.0,0.1259,0.072,2182640,1797300,1,58.7,,2026-10-06
2138,QDEL,Healthcare,Medical Devices,NASDAQ,1416170,10.77,47.99,-5,3,-69.73,,,,,,,9,14,22,9,,0,0,0,0,0,0,750215142.6046057,68575427.0,0.2821,0.028,1437560,1501276,0,15.0,,2026-10-06
2139,RARE,Healthcare,Biotechnology,NASDAQ,5723810,15.22,47.9,0,70,-61.85,,,,,,,9,9,79,26,,0,0,0,0,0,0,1429538658.5,98588873.0,0.17379999,0.281,5014320,4279996,0,38.0,,2026-10-06
2140,RUN,Technology,Solar,NASDAQ,7284196,7.71,47.79,-1,16,-65.64,,,,,,,9,10,27,58,,0,0,0,0,0,0,1934634635.6706016,238549287.0,0.3538,0.528,7605670,8291892,0,31.7,,2026-10-06
2141,GRML,Basic Materials,Other Precious Metals & Mining,NASDAQ,16296869,7.88,47.71,7,11,-78.7,,,,,,,9,2,6,55,,0,0,0,0,0,0,111648975.5579071,7615892.0,0.0908,,46739380,9807131,0,21.0,,2026-10-06
2142,KRMN,Industrials,Aerospace & Defense,NYSE,3642020,34.14,47.55,-4,-3,-71.16,,,,,,,8,12,13,87,,0,0,0,0,0,0,4730127856.51265,132533708.0,0.113000005,0.582,3759110,3196588,0,37.3,,2026-10-06
2143,VITL,Consumer Defensive,Farm Products,NASDAQ,1708930,9.06,46.83,-2,-2,-79.94,,,,,,,8,10,10,4,,0,0,0,0,0,0,427168635.711462,42931522.0,0.3508,-0.101,2063410,1614128,0,8.0,,2026-10-06
2144,PZZA,Consumer Cyclical,Restaurants,NASDAQ,1351103,19.43,46.78,-3,11,-65.14,,,,,,,8,11,25,32,,0,0,0,0,0,0,643234348.5977554,32902014.0,0.2865,-0.088,1296030,1548922,0,22.7,,2026-10-06
2145,PLAY,Communication Services,Entertainment,NASDAQ,2782213,6.75,46.66,-1,1,-69.46,,,,,,,8,9,11,14,,0,0,0,0,0,0,230578859.29394916,34830644.0,0.3621,-0.024,2074530,2209446,0,11.3,,2026-10-06
2146,BIOA,Healthcare,Drug Manufacturers - Specialty & Generic,NASDAQ,663670,6.61,46.14,-23,44,-74.53,,,,,,,8,31,98,98,,0,0,1,1,0,2,323573217.20414066,45896909.0,0.0753,0.016,755500,956894,2,75.7,,2026-10-06
2147,CAPR,Healthcare,Biotechnology,NASDAQ,5574360,8.95,45.65,-1,78,-77.83,,,,,,,8,9,88,99,,0,0,0,1,0,1,486041928.0795622,58138989.0,0.3737,,4414330,8180782,1,65.3,,2026-10-06
2148,CCOI,Communication Services,Telecom Services,NASDAQ,2130850,8.46,45.49,2,2,-81.48,,,,,,,8,6,6,14,,0,0,0,0,0,0,393849012.7705879,51215736.0,0.1858,-0.042,2038390,1980172,0,8.7,,2026-10-06
2149,METC,Basic Materials,Coking Coal,NASDAQ,2134456,8.11,45.37,-7,-6,-85.97,,,,,,,8,15,16,24,,0,0,0,0,0,0,574423124.5518875,63683270.0,0.65480006,-0.053,1951360,2246558,0,18.3,,2026-10-06
2150,APP,Communication Services,Advertising Agencies,NASDAQ,5039373,268.22,45.02,0,63,-64.03,,,,,,,8,8,71,34,,0,0,0,0,0,0,104393206150.75,335939521.0,0.0376,0.528,5474870,5946214,0,37.7,,2026-10-06
2151,OI,Consumer Cyclical,Packaging & Containers,NYSE,3403903,5.6,44.72,-6,-3,-66.88,,,,,,,7,13,16,24,,0,0,0,0,0,0,900446137.9357896,153659747.0,0.15689999,-0.022,3617320,3398262,0,17.7,,2026-10-06
2152,FLNC,Utilities,Utilities - Renewable,NASDAQ,7684290,7.61,43.89,-7,59,-77.29,,,,,,,7,14,80,87,,0,0,0,0,0,0,1123834152.1468563,143163588.0,0.36540002,0.079,7688790,7883794,0,60.3,,2026-10-06
2153,FICO,Technology,Software - Application,NYSE,725820,661.25,43.25,-13,-1,-66.9,,,,,,,7,20,32,12,,0,0,0,0,0,0,18640703372.16461,21597635.0,0.1082,0.257,1418030,595976,0,21.3,,2026-10-06
2154,STUB,Communication Services,Internet Content & Information,NYSE,6606460,5.41,43.01,-3,57,-74.83,,,,,,,7,10,70,5,,0,0,0,0,0,0,2078569436.9033632,382089966.0,0.0975,0.332,7109050,6630212,0,28.3,,2026-10-06
2155,TTD,Communication Services,Advertising Agencies,NASDAQ,23090320,11.95,42.2,-1,1,-78.81,,,,,,,7,8,10,6,,0,0,0,0,0,0,5957218490.757019,472795104.0,0.2417,0.03,21394080,26314118,0,8.0,,2026-10-06
2156,JKS,Technology,Solar,NYSE,857586,9.15,42.04,-2,3,-71.3,,,,,,,7,9,14,62,,0,0,0,0,0,0,506419721.95552826,52370188.0,0.0929,-0.313,751780,747316,0,28.3,,2026-10-06
2157,UPB,Healthcare,Biotechnology,NASDAQ,620633,5.04,40.79,-3,-4,-85.04,,,,,,,7,10,9,18,,0,0,0,0,0,0,293572787.0727229,54771041.0,0.126,-0.175,631290,624862,0,12.3,,2026-10-06
2158,NXL,Healthcare,Medical Devices,NASDAQ,2137765,5.73,38.26,3,19,-90.45,,,,,,,6,3,19,6,,0,0,0,0,0,0,3755706.345776558,855514.0,0.0155,-0.828,6381090,1284662,0,9.3,,2026-10-06
2159,QFIN,Financial Services,Credit Services,NASDAQ,2869310,6.46,38.01,-1,13,-79.21,,,,,,,6,7,21,10,,0,0,0,0,0,0,887554769.7900867,121582842.0,0.0305,-0.316,2156570,2230296,0,12.7,,2026-10-06
2160,MPLT,Healthcare,Biotechnology,NASDAQ,559710,9.82,37.67,-4,81,-75.71,,,,,,,6,10,95,85,,0,0,0,0,0,0,581322022.8600454,55575719.0,0.102299996,,411360,940488,1,63.3,,2026-10-06
2161,SWMR,Technology,Software - Infrastructure,NASDAQ,880406,15.36,37.23,-17,39,-81.56,,,,,,,6,23,79,87,,0,0,0,0,0,0,330373608.83462906,15936981.0,0.1254,0.566,998880,639260,0,63.0,,2026-10-06
2162,EVMN,Healthcare,Biotechnology,NYSE,752800,6.92,37.22,-2,0,-79.16,,,,,,,6,8,10,81,,0,0,0,0,0,0,308120031.06339455,36292113.0,0.1173,,904140,647112,0,33.0,,2026-10-06
2163,BRBR,Consumer Defensive,Packaged Foods,NYSE,3324153,7.43,36.67,-8,-14,-79.89,,,,,,,5,13,7,6,,0,0,0,0,0,0,919760496.7973557,116278194.0,0.1277,0.042,4177580,3645490,0,8.7,,2026-10-06
2164,ALHC,Healthcare,Healthcare Plans,NASDAQ,9721286,7.94,35.64,-14,34,-68.39,,,,,,,5,19,67,68,,0,0,0,0,0,0,1703042581.203023,207435149.0,0.122,0.316,11982550,8226856,0,51.3,,2026-10-06
2165,VCX,Financial Services,Asset Management,NYSE,536384,29.83,35.29,0,14,-94.81,,,,,,,5,5,19,87,,0,0,0,0,0,0,1080357635.7644196,35797138.0,0.87,,420353,618976,0,37.0,,2026-10-06
2166,AEHL,Industrials,Building Products & Equipment,NASDAQ,3108900,10.0,33.51,3,5,-97.61,,,,,,,5,2,4,0,,0,0,0,0,0,0,11094445.033058168,1185304.0,0.0541,-0.386,146490,1983216,0,2.0,,2026-10-06
2167,BETR,Financial Services,Mortgage Finance,NASDAQ,604130,11.79,30.41,-2,23,-87.28,,,,,,,4,6,31,91,,0,0,0,0,0,0,198535146.92630863,18998579.0,0.3111,0.282,748380,691588,1,42.7,,2026-10-06
2168,BYND,Consumer Defensive,Packaged Foods,NASDAQ,1232646,8.25,30.18,-1,7,-96.42,,,,,,,4,5,13,5,,0,0,0,0,0,0,143569614.30897713,17193965.0,0.2998,-0.082,1582160,1498940,0,7.7,,2026-10-06
2169,YSS,Industrials,Aerospace & Defense,NYSE,3304710,8.98,29.58,1,8,-79.84,,,,,,,4,3,10,44,,0,0,0,0,0,0,1314512237.9317856,137357605.0,0.096,0.104,2341730,3367276,0,19.0,,2026-10-06
2170,PMI,Healthcare,Medical Devices,NYSE ARCA,3062740,5.78,28.41,3,2,-99.15,,,,,,,4,1,0,4,,0,0,0,0,0,0,10804488.812364578,2338634.0,0.1499,0.386,156030,1866094,0,1.7,,2026-10-06
2171,BIAF,Healthcare,Diagnostics & Research,NASDAQ,6229608,6.05,27.91,-4,-9,-92.5,,,,,,,3,7,2,82,,0,0,0,0,0,0,4763836.376876831,600736.0,0.1196,0.19,331310,3982332,0,30.3,,2026-10-06
2172,SDOT,Consumer Defensive,Farm Products,NASDAQ,1923220,10.71,22.82,-6,-7,-95.89,,,,,,,2,8,7,3,,0,0,0,0,0,0,16017656.612983704,1454828.0,0.0554,,100710,1231208,0,6.0,,2026-10-06
2173,DFNS,Industrials,Aerospace & Defense,NASDAQ,1026803,7.34,16.73,0,-1,-99.62,,,,,,,1,1,0,0,,0,0,0,0,0,0,7871756.011452675,1010495.0,0.437,,308890,4050572,0,0.3,,2026-10-06
2174,CTVA,Basic Materials,Agricultural Inputs,NYSE,10062626,11.92,14.16,-75,-86,-86.9,,,,,,,1,76,65,79,,0,0,0,0,0,0,52388227680.26733,667196000.0,0.0353,-0.012,19819910,7997848,0,73.3,,2026-10-06
