rank,ticker,sector,industry,exchange,avg_vol_30d,price,rs_score,rs_delta,rs_delta_momentum,pct_from_52w_high,pct_from_52w_low,range_position,price_vs_sma10,price_vs_sma20,price_vs_sma50,price_vs_sma200,percentile,pct_1m,pct_3m,pct_6m,pct_12m,elite_rs,elite_1m,elite_3m,elite_6m,elite_12m,elite_count,market_cap,float_shares,short_float_pct,revenue_growth,avg_vol_10d,avg_vol_50d,tf_count_10,avg_pct,shape_score,date
1,RXT,Technology,Software - Infrastructure,NASDAQ,26437279,6.82,479.02,0,-66,-20.7,1455.0,83.6,-2.5,9.1,49.1,217.9,99,99,33,13,96.2,1,1,0,0,0,2,1799386390.4910388,249222499.0,0.13350001,0.019,30230299,26290853,2,60.3,25.2,2026-06-25
2,BE,Industrials,Electrical Equipment & Parts,NYSE,10471935,326.19,465.49,0,0,-1.01,1331.4,88.7,3.7,8.1,13.3,93.8,99,99,99,98,99.9,1,1,1,1,1,5,93556433665.54456,284443868.0,0.1149,1.304,11145335,10882669,4,99.0,-0.2,2026-06-25
3,MXL,Technology,Semiconductors,NASDAQ,4394957,84.99,453.85,0,-26,-20.03,623.9,91.3,7.9,9.1,21.8,192.9,99,99,73,72,98.5,1,1,0,0,1,3,7948099512.130806,89545959.0,0.045500003,0.43,2891032,5589828,2,85.6,8.2,2026-06-25
4,BNAI,Technology,Software - Infrastructure,NASDAQ,696534,18.81,445.01,0,0,-78.2,1407.5,27.3,-9.8,-2.1,-22.7,2.8,99,99,99,9,97.4,1,1,1,0,0,3,130517627.6842556,6516107.0,0.115200005,9.431,337223,701886,3,76.1,18.8,2026-06-25
5,ERAS,Healthcare,Biotechnology,NASDAQ,5011548,15.05,440.38,0,0,-38.01,1086.5,64.5,4.1,9.1,9.9,69.5,99,99,99,95,99.6,1,1,1,0,1,4,4251158712.8662376,310984542.0,0.115,,4973266,7025445,4,98.1,0.5,2026-06-25
6,BW,Industrials,Specialty Industrial Machinery,NYSE,3587640,14.42,431.99,0,0,-34.54,1583.3,66.8,-8.4,-10.8,-13.1,47.8,99,99,99,99,100.0,1,1,1,1,1,5,2586830923.8688946,148839531.0,0.0753,0.443,2728492,3433188,4,99.2,-0.5,2026-06-25
7,WDC,Technology,Computer Hardware,NASDAQ,8125389,643.83,428.99,0,0,-19.51,979.8,89.6,2.2,12.6,33.3,143.0,99,99,99,98,99.6,1,1,1,1,1,5,257212139884.05716,344682131.0,0.1043,0.455,11160049,8081493,4,98.9,-0.1,2026-06-25
8,MU,Technology,Semiconductors,NASDAQ,54983004,1048.51,421.33,0,-1,-8.78,1057.1,100.0,12.5,18.4,53.9,188.4,99,99,98,98,99.4,1,1,1,1,1,5,1278839125480.4622,1127734051.0,0.0334,1.963,52788874,50750654,4,98.6,0.1,2026-06-25
9,LESL,Consumer Cyclical,Specialty Retail,NASDAQ,2072763,8.84,409.56,9,-77,-34.81,847.9,65.4,4.4,28.8,118.0,192.0,99,90,4,1,4.3,1,0,0,0,0,1,85826138.87406921,9359448.0,0.1689,0.043,518931,1300782,1,24.8,69.2,2026-06-25
10,NUAI,Technology,Software - Infrastructure,NASDAQ,8001338,5.85,392.27,0,0,-38.06,1687.2,71.8,0.5,6.8,20.6,36.4,99,99,99,96,99.8,1,1,1,0,1,4,633068300.0,101290928.0,0.1019,1.458,8795416,7310591,4,98.4,0.2,2026-06-25
11,OPTX,Technology,Electronic Components,NASDAQ,1316373,10.33,389.13,0,0,-30.76,684.0,66.5,-17.6,-17.4,-2.3,75.4,99,99,99,94,98.6,1,1,1,0,1,4,487789308.75100136,40279878.0,0.1659,-0.079,1147881,1263340,4,97.6,1.2,2026-06-25
12,CLYM,Healthcare,Biotechnology,NASDAQ,1072535,12.75,385.84,0,0,2.16,972.9,99.2,8.0,11.5,18.8,121.8,99,99,99,98,99.5,1,1,1,1,1,5,655661602.4279451,57263023.0,0.0471,,1094266,1047425,4,98.9,-0.0,2026-06-25
13,EVC,Communication Services,Advertising Agencies,NYSE,2785808,11.21,370.22,0,-18,10.77,475.3,100.0,13.3,19.3,52.8,187.1,99,99,81,86,95.5,1,1,0,0,0,2,907506283.2008553,92039180.0,0.100200005,1.144,1919396,3029151,2,90.4,6.1,2026-06-25
14,STX,Technology,Computer Hardware,NASDAQ,3793604,993.25,355.94,0,-1,-13.25,640.1,92.8,1.2,7.9,27.7,133.6,99,99,98,96,99.0,1,1,1,0,1,4,242141797687.69336,226252116.0,0.0458,0.441,5015104,4219722,4,98.0,0.7,2026-06-25
15,QTTB,Healthcare,Biotechnology,NASDAQ,1205668,11.16,352.94,1,2,-24.85,778.7,83.8,-3.2,-2.5,39.9,144.3,99,98,99,92,98.9,1,1,1,0,1,4,201781332.031641,16956415.0,0.1058,,400826,849239,4,97.0,0.7,2026-06-25
16,AEHR,Technology,Semiconductor Equipment & Materials,NASDAQ,2101248,95.2,351.64,0,-2,-24.81,746.5,83.0,-7.7,-5.1,1.9,111.2,99,99,97,81,99.1,1,1,0,0,1,3,3626560282.1877136,31453254.0,0.1378,-0.437,1540085,2633775,3,94.0,3.7,2026-06-25
17,INTC,Technology,Semiconductors,NASDAQ,132938638,131.65,345.5,0,-9,-2.83,588.1,93.4,3.9,11.6,24.0,130.2,99,99,90,88,97.5,1,1,0,0,0,2,673433767608.6426,5026000000.0,0.0269,0.072,144080584,140419254,3,93.6,3.9,2026-06-25
18,VICR,Technology,Electronic Components,NASDAQ,817731,322.28,344.28,0,-1,-10.95,656.2,89.4,1.8,4.7,15.9,105.9,99,99,98,97,98.7,1,1,1,0,1,4,15104310615.024536,45581407.0,0.0764,0.202,701964,877558,4,98.2,0.7,2026-06-25
19,LITE,Technology,Communication Equipment,NASDAQ,5951639,842.53,329.89,0,0,-22.4,853.1,80.1,-1.9,-2.9,-4.6,63.7,99,99,99,99,99.3,1,1,1,1,1,5,66130000000.0,77800000.0,0.1454,0.901,5571369,5910973,4,99.1,-0.1,2026-06-25
20,ORKA,Healthcare,Biotechnology,NASDAQ,1343017,82.09,328.61,1,1,-9.79,681.9,100.0,14.6,27.7,30.5,116.2,99,98,98,95,98.8,1,1,1,0,1,4,4362977165.4704895,60312101.0,0.161,,1539031,1775434,4,97.5,0.2,2026-06-25
21,ALMS,Healthcare,Biotechnology,NASDAQ,1157783,24.85,328.1,2,4,-18.79,754.3,81.7,6.1,14.3,8.2,47.3,99,97,99,96,99.2,1,0,1,0,1,3,2984587232.346268,127491980.0,0.1545,-0.9,1446701,1145038,4,97.8,-1.1,2026-06-25
22,VPG,Technology,Scientific & Technical Instruments,NYSE,699186,133.39,326.78,0,-14,-10.11,419.5,90.0,-3.1,1.8,36.7,146.7,99,99,85,87,96.4,1,1,0,0,0,2,1879963291.2902832,13301000.0,0.0986,0.176,579739,526567,2,91.8,5.1,2026-06-25
23,RLMD,Healthcare,Biotechnology,NASDAQ,1359319,6.51,323.8,0,0,-18.63,1103.4,80.7,-2.3,-1.3,-7.4,36.9,99,99,99,99,99.7,1,1,1,1,1,5,706564840.5824747,104987346.0,0.0592,,1893917,1288867,4,99.2,-0.4,2026-06-25
24,ICHR,Technology,Semiconductor Equipment & Materials,NASDAQ,1117216,89.38,316.82,1,1,-10.26,575.9,94.6,4.4,17.8,29.2,137.7,99,98,98,24,96.0,1,1,1,0,0,3,3438240117.6111603,34867053.0,0.0577,0.047,1206178,1088385,3,79.0,15.8,2026-06-25
25,AAOI,Technology,Communication Equipment,NASDAQ,13423801,146.97,316.32,0,0,-37.1,610.8,58.5,-15.4,-19.7,-18.6,74.4,99,99,99,88,97.5,1,1,1,0,0,3,12987292328.712982,80242767.0,0.12979999,0.514,13667765,12377991,3,95.9,2.9,2026-06-25
26,DFTX,Healthcare,Biotechnology,NASDAQ,3062676,42.13,316.03,4,5,60.5,590.1,100.0,46.6,65.6,86.1,165.0,99,95,96,92,97.9,1,0,0,0,0,1,2669954797.913189,109066783.0,0.0871,,5167538,2627747,4,95.2,-1.0,2026-06-25
27,KEEL,Technology,Information Technology Services,NASDAQ,54192979,6.12,315.43,1,-9,-7.27,686.9,86.6,-2.6,0.1,28.2,79.9,99,98,88,92,98.7,1,1,0,0,1,3,3798082191.755765,603828651.0,0.123500004,-0.224,64884259,46046761,3,94.2,1.8,2026-06-25
28,SIMO,Technology,Semiconductors,NASDAQ,1045137,321.66,309.94,1,-7,-4.36,357.0,95.6,6.8,12.0,32.2,131.4,99,98,90,84,94.9,1,1,0,0,0,2,10906794330.2742,33907835.0,0.0364,1.055,893503,1117558,3,91.7,5.1,2026-06-25
29,SLS,Healthcare,Biotechnology,NASDAQ,10227211,9.17,309.81,1,1,-3.58,657.6,100.0,25.4,25.3,53.2,160.0,99,98,98,97,97.6,1,1,1,0,0,3,1582892258.204687,196632574.0,0.32930002,,6644973,7883504,4,97.7,0.4,2026-06-25
30,ABVX,Healthcare,Biotechnology,NASDAQ,2615076,92.51,307.48,0,0,-37.84,1210.2,61.7,-5.5,-9.5,-17.6,-16.9,99,99,99,99,99.9,1,1,1,1,1,5,7909214559.369652,79770191.0,0.0388,0.352,2171978,1920427,4,99.2,-0.5,2026-06-25
31,SYRE,Healthcare,Biotechnology,NASDAQ,1339151,86.24,305.71,1,1,-5.22,498.3,86.4,1.1,10.1,17.3,109.1,99,98,98,94,97.3,1,1,1,0,0,3,7671555971.997833,86841253.0,0.1557,,1913965,1358061,4,96.8,1.1,2026-06-25
32,VSH,Technology,Semiconductors,NYSE,8548771,55.59,304.5,1,-25,-19.98,406.9,90.6,-1.2,1.2,37.1,155.3,99,98,72,33,93.4,1,1,0,0,0,2,8833268379.98101,136105827.0,0.11350001,0.173,7765395,6607385,2,74.1,17.9,2026-06-25
33,ABSI,Healthcare,Biotechnology,NASDAQ,6099358,10.07,302.69,5,-48,23.26,343.9,100.0,30.5,42.4,77.1,166.0,99,94,41,79,92.3,1,0,0,0,0,1,1155256441.1707764,155905056.0,0.256,-0.818,9158775,5907043,2,76.6,9.1,2026-06-25
34,KOD,Healthcare,Biotechnology,NASDAQ,683816,36.0,301.15,0,0,-24.75,823.8,71.1,-2.8,-0.4,-11.3,26.7,99,99,99,99,99.3,1,1,1,1,1,5,2261584819.5451508,62578441.0,0.2616,,675820,685346,4,99.1,-0.2,2026-06-25
35,UMC,Technology,Semiconductors,NYSE,18844994,28.01,297.5,2,-16,15.89,321.4,98.7,14.4,22.4,54.7,155.0,99,97,79,69,92.0,1,0,0,0,0,1,60423625326.47661,2509286774.0,0.0111,0.055,20634212,17192254,2,84.2,9.9,2026-06-25
36,OCC,Technology,Communication Equipment,NASDAQ,1236873,18.82,295.72,2,2,-32.74,566.2,64.4,-13.0,-2.4,29.0,104.0,99,97,97,48,98.1,1,0,0,0,1,2,197726857.43273163,8827092.0,0.076799996,0.266,875131,851388,3,85.0,9.2,2026-06-25
37,HUT,Financial Services,Capital Markets,NASDAQ,4185514,116.1,291.8,0,-3,-17.54,574.4,86.7,-1.6,-2.7,14.8,90.9,99,99,96,96,98.4,1,1,0,0,1,3,14011211572.167969,112594112.0,0.157,2.255,3724824,4620164,4,97.3,1.2,2026-06-25
38,MRVL,Technology,Semiconductors,NASDAQ,57826635,276.7,288.33,1,-17,-16.12,351.4,86.2,-2.8,2.2,33.6,139.4,99,98,80,62,92.9,1,1,0,0,0,2,271695372253.418,874800000.0,0.0471,0.276,69883847,45089793,2,83.2,11.6,2026-06-25
39,BAND,Technology,Software - Infrastructure,NASDAQ,1402223,52.28,285.86,0,-29,-31.19,308.1,65.4,-3.9,-13.4,7.1,120.8,99,99,70,42,92.2,1,1,0,0,0,2,1645369387.1881866,32017307.0,0.0373,0.198,1969230,1327482,2,75.8,17.7,2026-06-25
40,UCTT,Technology,Semiconductor Equipment & Materials,NASDAQ,1169372,108.42,285.35,0,0,-12.12,457.8,97.6,6.5,19.7,35.9,133.8,98,98,98,35,96.8,1,1,1,0,0,3,5436782475.837891,44828352.0,0.0924,0.029,1289688,1123533,3,81.9,13.2,2026-06-25
41,TTMI,Technology,Electronic Components,NASDAQ,2437275,209.74,284.71,-1,-3,-3.76,437.2,94.0,2.1,9.6,24.4,107.9,98,99,97,96,97.0,1,1,0,0,0,2,22477307023.500183,103850059.0,0.0557,0.304,2000105,2420227,4,97.3,1.8,2026-06-25
42,PENG,Technology,Information Technology Services,NASDAQ,3511987,64.72,279.31,1,-68,-11.63,311.1,91.6,3.4,4.9,38.2,139.7,98,97,28,34,90.6,1,0,0,0,0,1,3529414622.750435,52560157.0,0.2798,-0.062,2908112,3090306,2,62.4,22.7,2026-06-25
43,DOCN,Technology,Software - Infrastructure,NYSE,3016884,148.59,278.64,-1,-3,-20.75,464.6,76.9,-12.9,-13.4,1.2,91.5,98,99,97,88,96.5,1,1,0,0,0,2,18083182087.761887,104364181.0,0.1573,0.224,2838033,3598474,3,95.1,3.6,2026-06-25
44,TSEM,Technology,Semiconductors,NASDAQ,2215212,275.32,278.1,-1,-2,-9.09,536.2,82.9,-2.8,1.8,9.8,82.7,98,99,98,97,98.0,1,1,1,0,0,3,34004841250.322758,118591206.0,0.026099999,0.155,1941297,2310611,4,98.0,1.0,2026-06-25
45,AIP,Technology,Semiconductors,NASDAQ,1179711,41.03,276.19,0,-7,-8.7,407.5,97.5,3.8,12.0,30.1,124.0,98,98,91,92,95.7,1,1,0,0,0,2,2036646154.201141,46171982.0,0.0465,0.387,1030034,1023306,4,94.2,3.1,2026-06-25
46,TNGX,Healthcare,Biotechnology,NASDAQ,4878301,29.12,276.04,-1,-1,-15.32,512.6,90.1,-0.3,10.8,20.7,103.8,98,99,99,98,97.2,1,1,1,1,0,4,4553925620.734053,162814649.0,0.2346,,6388704,4143726,4,98.3,1.1,2026-06-25
47,RLAY,Healthcare,Biotechnology,NASDAQ,4673689,18.02,271.44,1,1,3.15,453.7,98.7,10.7,17.5,23.9,86.1,98,97,97,96,96.9,1,0,0,0,0,1,3460892497.101292,217940332.0,0.1839,-0.609,3852898,4064679,4,96.7,0.3,2026-06-25
48,ASTC,Technology,Scientific & Technical Instruments,NASDAQ,8646937,10.19,271.36,83,77,-85.2,360.8,16.4,-33.3,-60.1,-16.5,74.9,98,15,9,14,65.0,1,0,0,0,0,1,24560430.663621902,1799299.0,0.5832,-0.358,476131,5226024,0,25.8,-24.2,2026-06-25
49,ALAB,Technology,Semiconductors,NASDAQ,6607733,399.92,270.46,2,-44,-5.05,349.4,88.1,1.7,8.5,43.0,108.9,98,96,50,90,95.1,1,0,0,0,0,1,71489110374.15924,171407939.0,0.0915,0.934,7199279,6327649,3,82.8,6.3,2026-06-25
50,DELL,Technology,Computer Hardware,NYSE,10600703,434.06,267.32,1,-7,-7.54,268.6,84.1,-0.6,0.5,35.8,128.0,98,97,89,58,91.4,1,0,0,0,0,1,264595324266.0,646142428.0,0.062800005,0.875,8043169,8981605,2,83.9,11.4,2026-06-25
51,LQDA,Healthcare,Drug Manufacturers - Specialty & Generic,NASDAQ,2333323,75.54,266.91,2,0,3.17,541.0,100.0,6.2,15.2,40.1,103.3,98,96,94,97,97.1,1,0,0,0,0,1,6320119968.791298,88928099.0,0.1391,41.585,3243589,1927089,4,96.0,-0.5,2026-06-25
52,BRUN,Technology,Software - Infrastructure,NASDAQ,2159399,34.26,266.13,1,-55,-18.43,237.2,83.5,-0.1,1.3,35.1,126.7,98,97,41,73,91.3,1,0,0,0,0,1,2254432382.666359,61428674.0,3.05,2.479,1705829,1633189,2,75.6,13.3,2026-06-25
53,CDNL,Industrials,Engineering & Construction,NASDAQ,551442,81.94,265.42,4,1,-0.0,317.5,100.0,21.3,36.9,59.0,,98,94,91,49,,1,0,0,0,0,1,1244848920.9352417,15292984.0,0.119899996,1.048,578847,506209,2,78.0,,2026-06-25
54,QURE,Healthcare,Biotechnology,NASDAQ,2412114,48.85,264.34,23,-30,-31.68,443.7,65.1,24.3,47.0,84.5,74.5,98,75,22,80,91.7,1,0,0,0,0,1,2919393938.390007,63067485.0,0.17860001,1.273,4047972,2241538,1,67.2,-4.0,2026-06-25
55,ARTV,Healthcare,Biotechnology,NASDAQ,629562,9.32,263.49,2,1,-35.86,500.7,61.7,-3.7,7.3,-6.8,57.4,98,96,95,88,96.9,1,0,0,0,0,1,477136089.5320587,48588198.0,0.030199999,,864447,638217,3,94.0,1.2,2026-06-25
56,TRT,Technology,Semiconductor Equipment & Materials,NYSE ARCA,1272244,12.49,262.74,-1,-8,-41.58,370.6,54.4,-6.3,-1.4,-1.7,79.7,98,99,92,97,94.4,1,1,0,0,0,2,160082441.39846992,10112599.0,0.12020001,1.236,1090333,1785862,4,95.6,3.4,2026-06-25
57,NBIS,Communication Services,Internet Content & Information,NASDAQ,18992808,259.66,261.8,0,-3,-13.1,479.3,87.6,-2.1,2.8,24.1,98.7,98,98,95,95,96.1,1,1,0,0,0,2,72790073857.72864,253898194.0,0.2031,6.839,18730384,17625270,4,96.0,1.9,2026-06-25
58,WULF,Financial Services,Capital Markets,NASDAQ,26567532,26.97,261.61,0,0,-9.1,585.8,88.4,-5.1,-1.5,9.3,58.5,98,98,98,95,98.3,1,1,1,0,1,4,14360535825.263157,495532645.0,0.2585,-0.011,27083738,29668985,4,97.3,0.5,2026-06-25
59,TE,Industrials,Electrical Equipment & Parts,NYSE,46247009,8.53,258.07,-1,-2,-31.71,632.8,67.5,-5.1,-11.1,13.5,44.6,98,99,98,99,97.8,1,1,1,1,0,4,2611187509.533577,279271380.0,0.20040001,2.323,39270819,34724563,4,98.5,0.7,2026-06-25
60,FCEL,Industrials,Electrical Equipment & Parts,NASDAQ,12422788,21.56,257.36,-1,-53,-22.14,401.3,70.0,-3.4,-3.0,14.6,93.5,98,99,47,74,90.9,1,1,0,0,0,2,1625300540.817131,67608173.0,0.0851,-0.049,11491446,10959781,2,77.7,14.2,2026-06-25
61,PSIG,Industrials,Integrated Freight & Logistics,NASDAQ,1651258,11.85,253.84,4,3,-1.25,360.9,99.5,5.0,16.6,45.1,111.9,98,94,93,78,93.1,1,0,0,0,0,1,179752120.2277336,15376572.0,0.0218,-0.373,2354845,1170729,3,89.5,3.8,2026-06-25
62,VIAV,Technology,Communication Equipment,NASDAQ,7838892,49.41,253.08,0,0,-18.24,416.8,89.3,-0.4,1.0,2.0,77.9,98,98,98,91,96.4,1,1,1,0,0,3,11636161517.29509,246685647.0,0.0713,0.428,10182786,7487859,4,95.9,2.2,2026-06-25
63,ASBP,Healthcare,Biotechnology,NASDAQ,757425,6.54,251.96,5,-87,-81.31,4064.5,26.9,5.5,7.9,69.3,17.4,98,93,1,5,0.5,1,0,0,0,0,1,8522639.621181488,1295234.0,0.0964,,1439907,16522157,1,24.9,73.0,2026-06-25
64,AMD,Technology,Semiconductors,NASDAQ,31565719,519.74,249.88,0,-14,-6.92,295.1,95.4,1.9,4.0,22.8,98.2,98,98,84,91,93.3,1,1,0,0,0,2,876235857417.5128,1630600639.0,0.0271,0.378,30253829,38112121,3,91.6,5.2,2026-06-25
65,ASX,Technology,Semiconductors,NYSE,11240056,41.34,246.97,1,-1,0.58,340.5,94.8,6.0,8.9,20.4,93.4,98,97,95,91,93.5,1,0,0,0,0,1,88986444214.76604,2193945789.0,0.0056,0.172,12728978,9870929,4,94.1,3.1,2026-06-25
66,CMPS,Healthcare,Medical Care Facilities,NASDAQ,3902636,12.58,245.45,3,-10,-14.77,410.5,94.7,10.7,9.9,27.1,84.7,98,95,82,92,96.7,1,0,0,0,0,1,1690914943.564644,134949320.0,0.055,,2795260,4802608,3,91.4,1.0,2026-06-25
67,RVMD,Healthcare,Biotechnology,NASDAQ,2783268,169.77,244.0,1,0,1.96,413.5,100.0,9.7,13.0,18.3,82.2,98,97,96,95,94.9,1,0,0,0,0,1,34651098509.207245,212596462.0,0.057600003,,2810434,3321856,4,95.7,1.6,2026-06-25
68,AMBQ,Technology,Semiconductors,NYSE,917234,81.18,242.3,1,-74,-11.39,266.6,89.6,-0.5,2.1,31.9,119.6,98,97,22,25,,1,0,0,0,0,1,1934078293.6769867,21375754.0,0.0575,0.593,884193,716434,1,48.0,,2026-06-25
69,CIFR,Technology,Information Technology Services,NASDAQ,24393977,26.22,240.12,0,0,-12.63,567.0,86.2,-2.2,2.0,17.2,45.9,98,98,98,98,98.2,1,1,1,1,1,5,11936055693.291908,409049197.0,0.1567,-0.288,23315852,25438804,4,98.1,-0.1,2026-06-25
70,ACMR,Technology,Semiconductor Equipment & Materials,NASDAQ,1937876,101.6,237.62,2,-14,-7.79,346.7,96.5,8.1,16.2,47.3,109.4,98,96,80,90,93.9,1,0,0,0,0,1,7593059526.504875,69109487.0,0.056199998,0.342,1808639,1654625,3,90.0,3.9,2026-06-25
71,BFLY,Healthcare,Medical Devices,NYSE,7876067,7.77,237.6,4,1,-13.09,503.0,88.4,18.2,38.7,55.9,118.7,98,94,91,93,93.7,1,0,0,0,0,1,2328603963.591915,261640906.0,0.1329,0.25,15183461,7178576,4,92.9,0.6,2026-06-25
72,COHR,Technology,Scientific & Technical Instruments,NYSE,6018331,392.5,236.76,0,-1,-10.8,375.6,94.2,3.9,4.7,11.5,77.0,98,98,97,96,96.1,1,1,0,0,0,2,76215211714.87518,195639321.0,0.047,0.205,6123355,6211203,4,96.8,1.4,2026-06-25
73,POWL,Industrials,Electrical Equipment & Parts,NASDAQ,634552,294.49,236.75,0,-1,-10.22,387.5,95.0,3.9,5.5,9.8,78.2,98,98,97,86,95.8,1,1,0,0,0,2,10827486527.522278,36431649.0,0.1145,0.065,689937,663097,3,94.2,3.6,2026-06-25
74,IMMX,Healthcare,Biotechnology,NASDAQ,1698278,10.04,236.42,1,3,-13.52,395.9,84.7,7.2,11.1,5.2,50.8,98,97,99,98,94.6,1,0,1,1,0,3,620776391.7297678,71189951.0,0.0685,,2120566,1308043,4,97.2,0.8,2026-06-25
75,PIII,Healthcare,Medical Care Facilities,NASDAQ,2641524,11.14,236.1,-1,-89,-34.04,602.6,61.3,-7.9,-11.5,32.1,83.6,98,99,11,5,68.9,1,1,0,0,0,2,35752973.5,3325858.0,0.0544,0.035,42703,1591632,1,46.0,42.7,2026-06-25
76,CIEN,Technology,Communication Equipment,NYSE,3128708,463.51,234.28,-2,-2,-27.29,523.4,74.1,7.3,-1.6,-6.8,52.8,97,99,99,98,97.7,0,1,1,1,0,3,60615792431.634094,141552922.0,0.050100002,0.395,3503375,2766525,4,98.4,0.9,2026-06-25
77,ALTO,Basic Materials,Specialty Chemicals,NASDAQ,2352403,5.05,233.7,-1,-1,-15.83,441.3,80.1,-4.3,-7.0,-3.4,57.5,97,98,98,98,95.2,0,1,1,1,0,3,388979964.5020709,77486049.0,0.0309,-0.008,2412320,2126876,4,97.3,1.4,2026-06-25
78,LWLG,Basic Materials,Specialty Chemicals,NASDAQ,6377124,8.39,229.72,-2,-2,-55.16,574.4,40.9,-13.2,-19.8,-34.0,22.6,97,99,99,93,98.1,0,1,1,0,1,3,1506898759.8162994,154079632.0,0.082100004,0.273,3952383,7935264,4,97.3,1.7,2026-06-25
79,FORM,Technology,Semiconductor Equipment & Materials,NASDAQ,1713012,141.42,229.57,-1,-1,-11.11,438.6,93.9,3.2,11.6,10.1,77.0,97,98,98,91,94.6,0,1,1,0,0,2,11658136390.499084,77954772.0,0.0529,0.32,1369956,1885695,4,95.4,3.1,2026-06-25
80,KLIC,Technology,Semiconductor Equipment & Materials,NASDAQ,1009414,123.28,225.74,1,-2,-1.49,309.5,100.0,9.4,17.3,30.5,103.6,97,96,93,75,92.9,0,0,0,0,0,0,6377807863.72654,52332877.0,0.0398,0.498,1309413,927718,3,89.2,6.0,2026-06-25
81,MRAM,Technology,Semiconductors,NASDAQ,4327391,21.4,225.39,-2,-20,-58.45,267.7,41.8,-11.5,-15.3,-11.2,60.2,97,99,81,82,92.0,0,1,0,0,0,1,635663826.7812653,23447577.0,0.1116,0.132,2174104,4073752,2,88.5,8.7,2026-06-25
82,VELO,Technology,Computer Hardware,NASDAQ,4877746,18.05,225.39,-2,-5,-43.15,485.2,52.1,-27.6,-22.1,-6.2,48.0,97,99,96,99,82.9,0,1,0,1,0,2,889857937.9090881,29801002.0,0.17729999,0.482,6833228,3992747,3,94.2,8.3,2026-06-25
83,TER,Technology,Semiconductor Equipment & Materials,NASDAQ,4378066,427.2,225.18,0,1,-3.07,424.9,100.0,11.1,17.5,24.7,81.6,97,97,98,93,96.6,0,0,1,0,0,1,68552945685.04657,156542162.0,0.0508,0.87,5736959,4160037,4,96.1,0.9,2026-06-25
84,COHU,Technology,Semiconductor Equipment & Materials,NASDAQ,1548586,63.66,225.12,2,-3,-9.66,277.2,94.8,4.2,13.3,30.5,107.5,97,95,90,76,91.5,0,0,0,0,0,0,3273969153.783867,47175347.0,0.1849,0.293,1425829,1546109,3,88.1,6.0,2026-06-25
85,STRL,Industrials,Engineering & Construction,NASDAQ,675214,867.23,224.95,0,-1,-13.77,296.3,85.5,1.4,1.0,18.5,91.1,97,97,96,90,93.2,0,0,0,0,0,0,26447610183.35376,30685954.0,0.066,0.916,664732,659396,4,94.1,3.4,2026-06-25
86,AMPG,Technology,Communication Equipment,NASDAQ,7396605,7.07,223.95,4,-66,-30.07,296.6,65.7,-15.3,0.4,57.3,99.1,97,93,23,59,91.6,0,0,0,0,0,0,227795797.2104092,25338799.0,0.1872,0.486,7086657,4656587,2,66.6,14.5,2026-06-25
87,ARM,Technology,Semiconductors,NASDAQ,12842988,359.08,222.67,1,-19,-20.68,232.6,72.6,-10.2,-7.3,23.4,101.6,97,96,76,22,80.3,0,0,0,0,0,0,467609083084.4032,1064053821.0,0.1274,0.201,13472645,12082073,1,68.6,24.6,2026-06-25
88,APPS,Technology,Software - Application,NASDAQ,8598917,10.14,221.52,28,-26,-6.11,260.3,99.2,6.8,8.9,65.5,95.0,97,69,15,86,71.5,0,0,0,0,0,0,1038899597.7639972,120661979.0,0.098000005,0.196,6067011,5938538,0,60.4,0.8,2026-06-25
89,OSS,Technology,Computer Hardware,NASDAQ,1446185,16.11,221.32,-1,-5,-22.84,356.3,77.1,-6.3,-7.6,9.3,74.6,97,98,94,95,94.1,0,1,0,0,0,1,456740686.7080822,24769017.0,0.1509,0.55,1167666,1786717,4,95.3,2.9,2026-06-25
90,CELC,Healthcare,Biotechnology,NASDAQ,1592397,96.38,220.65,-2,-2,-36.18,709.5,63.2,6.4,0.0,-17.2,-2.2,97,99,99,99,99.0,0,1,1,1,1,4,4279729539.0560303,48766288.0,0.2959,,1307143,1397248,4,99.0,-0.0,2026-06-25
91,BLZE,Technology,Software - Infrastructure,NASDAQ,2966127,11.97,219.41,8,-67,10.24,305.4,100.0,43.4,54.2,91.0,117.3,97,89,14,16,84.7,0,0,0,0,0,0,491520621.7068167,60014731.0,0.026600001,0.117,5878313,3004766,0,50.9,24.3,2026-06-25
92,MKSI,Technology,Scientific & Technical Instruments,NASDAQ,1178627,381.62,219.33,1,1,-6.66,357.8,96.9,7.4,16.7,29.3,89.2,97,96,96,90,94.2,0,0,0,0,0,0,27447907371.924683,67544129.0,0.074499995,0.152,1354623,1235842,4,94.0,2.1,2026-06-25
93,HYMC,Basic Materials,Gold,NASDAQ,2274468,21.7,219.06,-2,-2,-63.05,608.4,35.7,-12.0,-19.6,-34.9,-15.6,97,99,99,99,98.4,0,1,1,1,1,4,2376289252.920782,91360601.0,0.16790001,,2509486,2204401,4,98.9,0.3,2026-06-25
94,ANAB,Healthcare,Biotechnology,NASDAQ,550504,58.48,218.96,0,0,-19.18,361.4,82.2,3.0,8.0,2.5,61.5,97,97,97,97,93.1,0,0,0,0,0,0,1673592825.1751022,29100902.0,0.23889999,-0.08,517692,648121,4,96.0,1.9,2026-06-25
95,FLEX,Technology,Electronic Components,NASDAQ,8499817,150.72,218.6,0,-13,-9.67,232.6,99.4,6.9,6.7,26.1,103.8,97,97,84,85,91.2,0,0,0,0,0,0,54081045437.64934,366377923.0,0.020599999,0.169,13352562,7374304,2,89.3,6.6,2026-06-25
96,VSXY,Consumer Cyclical,Apparel Retail,NYSE,2731495,80.64,218.57,6,6,-3.91,368.9,100.0,3.8,10.6,37.6,68.9,97,91,91,96,94.3,0,0,0,0,0,0,6516731472.448425,79491720.0,0.22459999,0.153,1627837,2323267,4,93.1,-2.7,2026-06-25
97,SMTC,Technology,Semiconductors,NASDAQ,4021725,158.48,217.29,0,-12,-10.64,280.9,90.6,-0.7,0.7,18.2,78.4,97,97,85,88,92.7,0,0,0,0,0,0,14739308914.655272,93151168.0,0.0792,0.159,4087677,3451859,2,90.7,5.1,2026-06-25
98,TWST,Healthcare,Diagnostics & Research,NASDAQ,1872260,91.35,216.13,3,-5,3.27,300.0,100.0,14.4,25.4,47.5,117.4,97,94,86,31,87.4,0,0,0,0,0,0,5452476101.810425,62271314.0,0.3069,0.193,2395050,1745476,1,74.6,16.7,2026-06-25
99,QUIK,Technology,Semiconductors,NASDAQ,569147,17.73,216.09,-2,-10,-27.13,276.5,71.7,-11.0,-12.0,-0.9,81.5,97,99,91,36,89.7,0,1,0,0,0,1,388155593.23883057,17724000.0,0.053200003,0.168,401693,593162,2,78.9,18.0,2026-06-25
100,LRCX,Technology,Semiconductor Equipment & Materials,NASDAQ,10884524,374.8,215.05,1,0,-6.53,323.7,97.5,5.5,13.9,30.4,86.2,97,96,95,94,94.3,0,0,0,0,0,0,486509703245.75806,1250539000.0,0.0287,0.238,13935872,10390762,4,94.8,1.4,2026-06-25
101,AMKR,Technology,Semiconductor Equipment & Materials,NASDAQ,5750823,82.76,214.96,1,-1,-14.4,307.9,89.1,-0.0,9.3,15.8,74.5,97,96,94,92,94.0,0,0,0,0,0,0,22422547751.34593,247872518.0,0.1366,0.275,7126571,5625358,4,94.0,2.0,2026-06-25
102,STTK,Healthcare,Biotechnology,NASDAQ,938403,6.01,214.5,-1,0,-27.85,707.4,72.4,17.4,19.2,-3.2,40.2,97,98,99,98,97.2,0,1,1,1,0,3,472765398.5332632,95508165.0,0.015700001,,1054531,767110,4,98.1,0.3,2026-06-25
103,VECO,Technology,Semiconductor Equipment & Materials,NASDAQ,1514928,71.16,214.14,1,-7,-17.86,278.4,88.0,-0.9,9.9,26.5,98.4,97,96,88,69,92.3,0,0,0,0,0,0,4861317173.379707,61033485.0,0.1663,-0.054,1954206,1634799,2,86.3,8.1,2026-06-25
104,STM,Technology,Semiconductors,NYSE,13174415,71.84,212.62,0,-15,-11.77,253.2,91.4,-1.4,0.2,18.1,99.7,97,97,82,40,85.0,0,0,0,0,0,0,69672571308.22311,888794130.0,0.0196,0.23,13043067,12982185,1,76.0,18.9,2026-06-25
105,TVTX,Healthcare,Biotechnology,NASDAQ,2136246,57.69,211.15,3,-17,3.04,304.2,100.0,8.3,17.2,29.2,71.9,97,94,74,95,93.4,0,0,0,0,0,0,5128558852.645912,92992905.0,0.19860001,0.556,2456640,2629308,3,89.1,2.1,2026-06-25
106,GLW,Technology,Electronic Components,NYSE,13965301,205.83,208.06,1,2,-2.81,343.7,100.0,18.2,20.8,25.2,84.8,97,96,97,90,94.8,0,0,0,0,0,0,167755523273.12506,860637825.0,0.028099999,0.2,14196405,13637495,4,94.4,1.7,2026-06-25
107,DNTH,Healthcare,Biotechnology,NASDAQ,958494,90.8,208.06,0,2,-5.91,419.4,94.6,8.8,8.5,5.7,56.0,97,97,99,93,96.3,0,0,1,0,0,1,4509417443.390327,54666233.0,0.1409,-0.602,1604544,784460,4,96.3,1.0,2026-06-25
108,AMAT,Technology,Semiconductor Equipment & Materials,NASDAQ,9573322,588.97,207.22,3,3,-7.81,327.5,100.0,11.9,24.2,44.1,104.3,97,94,94,88,92.6,0,0,0,0,0,0,489960292217.0349,793959430.0,0.0252,0.114,11476096,8205757,3,92.2,1.9,2026-06-25
109,TH,Industrials,Specialty Business Services,NASDAQ,1396768,20.01,206.46,1,-14,-1.57,224.6,97.7,3.9,11.2,18.9,93.7,97,96,81,53,88.3,0,0,0,0,0,0,2007642979.364464,99585466.0,0.1001,0.041,1365345,1504415,1,79.6,13.9,2026-06-25
110,MBX,Healthcare,Biotechnology,NASDAQ,805061,48.4,206.43,8,15,5.56,416.9,100.0,18.4,37.7,46.8,72.1,97,89,96,97,95.0,0,0,0,0,0,0,2048121915.977539,47597536.0,0.1418,,1203153,717632,3,94.3,-5.3,2026-06-25
111,GLUE,Healthcare,Biotechnology,NASDAQ,1071759,20.85,205.87,0,-1,-19.09,416.9,82.7,14.1,17.8,14.6,34.1,97,97,96,98,95.2,0,0,0,1,0,1,1546818098.463123,84479418.0,0.1924,-0.95,1442088,972439,4,96.6,0.8,2026-06-25
112,DGXX,Utilities,Utilities - Independent Power Producers,NASDAQ,12333713,5.86,205.85,-1,-46,-36.3,206.3,59.4,-10.8,-14.9,-3.7,52.1,97,98,53,87,80.6,0,1,0,0,0,1,610363059.75,90424157.0,0.040700004,-0.268,7100399,12574253,1,79.7,15.4,2026-06-25
113,APGE,Healthcare,Biotechnology,NASDAQ,3602437,132.69,205.38,8,11,39.21,282.9,99.8,25.3,40.4,50.1,86.2,97,89,92,94,89.6,0,0,0,0,0,0,6813691505.436897,75389375.0,0.2201,,8735812,2415558,2,91.1,-1.6,2026-06-25
114,WOLF,Technology,Semiconductors,NYSE,9624066,45.87,205.36,-2,-76,-43.24,222.9,56.2,-1.3,-9.3,0.6,,97,99,25,17,,0,1,0,0,0,1,2983718310.4796867,51972101.0,2.48,-0.19,6815990,8365600,1,47.0,,2026-06-25
115,CRDO,Technology,Semiconductors,NASDAQ,9020913,268.99,204.47,1,-30,-2.15,206.0,84.0,1.3,9.5,28.2,71.3,96,95,64,94,89.1,0,0,0,0,0,0,50690284509.36432,186477898.0,0.0627,1.57,9426429,8290661,2,85.5,6.2,2026-06-25
116,BB,Technology,Software - Infrastructure,NYSE,38475431,8.62,202.28,0,-73,-21.13,228.3,100.0,14.0,11.6,42.2,115.1,96,96,23,29,83.7,0,0,0,0,0,0,4911194657.729405,586061407.0,0.0555,0.101,27942635,33078747,1,57.9,26.9,2026-06-25
117,PDFS,Technology,Software - Application,NASDAQ,971859,63.56,200.81,2,-5,-5.11,262.0,100.0,7.5,16.5,35.1,96.3,96,94,87,78,90.8,0,0,0,0,0,0,2736474204.7540283,41867720.0,0.0531,0.259,732909,818535,2,87.5,5.5,2026-06-25
118,NVTS,Technology,Semiconductors,NASDAQ,34949546,18.32,200.64,-3,-7,-46.39,219.5,46.3,-19.1,-26.1,-15.5,46.8,96,99,95,93,83.9,0,1,0,0,0,1,5850193949.770683,243555114.0,0.1735,-0.387,26512239,37367791,3,92.7,9.1,2026-06-25
119,TXG,Healthcare,Health Information Services,NASDAQ,3200836,34.6,199.93,5,6,-2.93,215.1,100.0,10.3,14.1,36.7,83.2,96,91,92,86,90.5,0,0,0,0,0,0,4412362484.29884,126956189.0,0.1929,-0.026,3413969,3031491,3,89.9,1.1,2026-06-25
120,GTX,Consumer Cyclical,Auto Parts,NASDAQ,2941089,33.32,199.43,0,-7,-4.95,252.6,100.0,2.9,5.5,20.8,75.5,96,96,89,92,91.9,0,0,0,0,0,0,6424309365.834602,187188503.0,0.0273,0.122,2334207,2873343,3,92.2,3.6,2026-06-25
121,XMAX,Consumer Cyclical,"Furnishings, Fixtures & Appliances",NASDAQ,1401578,8.34,199.08,-1,1,-5.55,536.0,100.0,3.6,2.7,6.6,33.8,96,97,99,99,97.8,0,0,1,1,0,2,523447113.8651657,63602326.0,0.0715,-0.324,1200706,1309187,4,98.2,-1.0,2026-06-25
122,ARWR,Healthcare,Biotechnology,NASDAQ,1650352,79.81,198.88,-1,-1,-5.61,438.9,95.9,0.8,3.7,5.2,34.0,96,97,97,99,95.9,0,0,0,1,0,1,11524921415.233849,140857021.0,0.1225,-0.864,1795986,1756711,4,97.2,0.1,2026-06-25
123,IBRX,Healthcare,Biotechnology,NASDAQ,13400050,7.8,197.76,0,2,-37.25,293.4,60.7,7.3,7.4,3.0,48.7,96,96,98,17,88.1,0,0,1,0,0,1,7708525410.556843,1047353977.0,0.3402,1.676,11302350,13416052,2,74.8,19.6,2026-06-25
124,CLOV,Healthcare,Healthcare Plans,NASDAQ,9146559,5.21,197.59,9,-64,0.58,206.5,100.0,4.6,15.5,46.7,89.0,96,87,14,23,71.3,0,0,0,0,0,0,2633421620.0,526684324.0,0.0688,0.62,10591058,7943547,0,48.8,28.0,2026-06-25
125,WYFI,Technology,Information Technology Services,NASDAQ,2341992,38.71,197.29,3,-75,-5.01,241.6,76.6,4.6,18.0,45.5,67.5,96,93,15,19,,0,0,0,0,0,0,1486261238.6526794,38614216.0,0.2989,0.306,3129477,1850907,1,42.3,,2026-06-25
126,COGT,Healthcare,Biotechnology,NASDAQ,2468872,37.53,196.31,-1,1,-14.18,437.6,88.3,9.3,12.4,9.9,20.4,96,97,99,99,96.6,0,0,1,1,0,2,5901781014.59433,170868004.0,0.0678,,2853178,2127579,4,97.9,-0.4,2026-06-25
127,VSAT,Technology,Communication Equipment,NASDAQ,2845587,62.23,195.64,-3,-4,-30.69,317.8,63.1,-7.7,-12.0,-11.5,28.2,96,99,98,98,95.4,0,1,1,1,0,3,8758166580.792168,136568953.0,0.09020001,0.021,2966951,2306736,4,97.6,2.1,2026-06-25
128,STI,Industrials,Electrical Equipment & Parts,NASDAQ,5710062,11.83,195.4,25,26,-74.28,303.6,28.6,-32.3,-27.6,24.9,49.8,96,71,72,83,89.9,0,0,0,0,0,0,148249674.83169174,8495683.0,0.0221,,1313126,3466755,0,79.0,-12.0,2026-06-25
129,CAPR,Healthcare,Biotechnology,NASDAQ,992243,29.51,193.98,-2,-3,-26.9,560.9,83.9,9.0,9.8,0.3,39.1,96,98,97,99,90.8,0,1,0,1,0,2,1643539474.7384052,57911893.0,0.21110001,,1300151,1019060,4,96.2,3.5,2026-06-25
130,WEST,Consumer Defensive,Packaged Foods,NASDAQ,800909,9.68,193.77,9,-52,-1.27,162.3,100.0,5.4,13.0,29.2,84.8,96,87,26,15,64.5,0,0,0,0,0,0,880948370.8092136,97557962.0,0.14050001,0.444,939338,775143,0,48.1,31.8,2026-06-25
131,NOK,Technology,Communication Equipment,NYSE,121380221,13.81,193.37,-1,-8,-20.86,245.2,77.6,-0.8,-4.8,3.6,66.6,96,97,90,85,87.3,0,0,0,0,0,0,75308384689.04933,5582534171.0,0.0119,0.024,108671705,118178407,2,89.8,7.9,2026-06-25
132,VSTS,Industrials,Rental & Leasing Services,NYSE,1869846,13.49,191.16,2,-10,-0.22,238.4,100.0,4.1,5.3,19.9,79.1,96,94,82,44,81.2,0,0,0,0,0,0,1701513471.2782269,132105082.0,0.0939,-0.009,1362328,1576035,1,75.3,17.6,2026-06-25
133,SPHR,Communication Services,Entertainment,NYSE,716796,155.12,191.13,1,2,-3.27,316.9,100.0,3.8,9.2,15.6,58.7,96,95,96,96,93.6,0,0,0,0,0,0,5631187363.527481,35792203.0,0.35580003,0.377,726869,697183,4,95.1,0.4,2026-06-25
134,SITM,Technology,Semiconductors,NASDAQ,586105,692.47,190.91,-1,-14,-23.21,255.3,68.3,-5.0,-3.1,1.1,60.9,96,97,84,92,88.2,0,0,0,0,0,0,19244342905.11157,26396828.0,0.0668,0.883,532027,529205,2,90.3,6.7,2026-06-25
135,ALOY,Basic Materials,Other Industrial Metals & Mining,NASDAQ,2533718,16.67,190.18,10,18,-38.03,150.9,42.4,-12.8,-0.2,24.2,37.4,96,86,94,97,85.1,0,0,0,0,0,0,1088376036.4719734,61213498.0,1.75,,3133435,2194159,2,90.5,-2.6,2026-06-25
136,MTSI,Technology,Semiconductors,NASDAQ,1673082,373.08,190.02,0,-3,-10.94,229.7,93.3,2.7,4.3,13.3,72.3,96,96,93,87,88.0,0,0,0,0,0,0,29862929180.74347,76295774.0,0.0343,0.225,1585497,1487129,2,91.0,6.1,2026-06-25
137,ATRO,Industrials,Aerospace & Defense,NASDAQ,847964,84.86,189.42,3,4,-6.39,263.9,100.0,8.8,17.7,31.3,66.4,96,93,94,95,90.5,0,0,0,0,0,0,3464758693.55896,43008426.0,0.0863,0.12,953534,718154,4,93.1,0.8,2026-06-25
138,DRTS,Healthcare,Biotechnology,NASDAQ,943081,10.05,188.28,0,-1,-13.51,285.2,99.9,12.8,13.7,20.6,72.8,96,96,95,90,93.0,0,0,0,0,0,0,883387043.160389,90325876.0,0.028800001,,587843,848728,4,93.5,2.8,2026-06-25
139,NESR,Energy,Oil & Gas Equipment & Services,NASDAQ,2036991,25.17,188.16,0,1,-9.1,363.6,100.0,6.5,8.4,8.5,44.9,96,96,97,94,95.3,0,0,0,0,0,0,2474791730.0284195,100847255.0,0.0515,0.335,2500703,1952296,4,95.6,0.6,2026-06-25
140,ONTO,Technology,Semiconductor Equipment & Materials,NYSE,1329082,322.24,188.0,2,0,-7.6,282.5,98.6,5.5,16.0,19.8,72.1,96,94,92,78,92.1,0,0,0,0,0,0,16602413407.69702,49743567.0,0.0498,0.095,1344916,1191439,3,89.0,4.3,2026-06-25
141,SVCO,Technology,Software - Application,NASDAQ,623705,11.82,187.65,0,-6,-16.41,270.0,86.2,-3.4,0.7,10.8,86.1,96,96,90,18,84.8,0,0,0,0,0,0,446441381.106844,33441301.0,0.0731,0.26,586837,530763,2,72.2,21.8,2026-06-25
142,GFS,Technology,Semiconductors,NASDAQ,5288123,83.7,186.98,0,-19,-9.56,172.4,93.4,3.1,5.4,17.3,79.7,96,96,77,38,80.3,0,0,0,0,0,0,47094993501.09123,548700833.0,0.18200001,0.031,2854651,5153090,1,72.8,21.4,2026-06-25
143,HPE,Technology,Communication Equipment,NYSE,35245423,48.75,186.35,2,-15,-24.12,154.3,75.0,-2.8,-3.4,24.0,74.4,96,94,77,73,86.1,0,0,0,0,0,0,62780488728.55258,1324203521.0,0.053400002,0.4,28527831,26750998,1,82.5,9.9,2026-06-25
144,ROLR,Consumer Cyclical,Gambling,NYSE ARCA,661640,5.3,185.94,3,1,-84.26,327.5,20.2,-1.5,-2.0,-13.3,30.1,96,93,91,10,81.1,0,0,0,0,0,0,65265470.55783176,10968987.0,0.0537,-0.503,145080,2723180,2,68.8,22.8,2026-06-25
145,AKAN,Healthcare,Drug Manufacturers - Specialty & Generic,NASDAQ,527181,16.01,185.86,-1,-97,-92.35,455.2,11.6,-12.5,-12.2,-23.8,-37.2,96,97,1,0,0.2,0,0,0,0,0,0,9843306.612628937,540841.0,0.1419,,593324,2996690,1,24.6,77.4,2026-06-25
146,AXGN,Healthcare,Medical Devices,NASDAQ,1103970,42.52,185.81,1,0,-7.22,334.0,98.7,1.4,4.9,7.7,43.7,96,95,94,96,94.7,0,0,0,0,0,0,2384493636.274292,53177824.0,0.0734,0.266,1657090,1157552,4,94.9,0.0,2026-06-25
147,CEVA,Technology,Semiconductors,NASDAQ,954959,45.03,185.49,1,-69,-12.14,155.1,81.2,-5.3,-3.8,16.8,65.2,96,95,25,22,76.1,0,0,0,0,0,0,1385167860.6880188,27859369.0,0.047199998,0.115,818178,920343,1,54.5,31.1,2026-06-25
148,AVR,Healthcare,Medical Instruments & Supplies,NASDAQ,1303324,10.4,185.28,1,-22,2.56,240.7,93.1,2.3,4.6,26.1,69.5,96,95,72,78,84.5,0,0,0,0,0,0,952006719.3468276,97342203.0,0.0795,-0.112,1138244,1059000,1,82.4,10.9,2026-06-25
149,LAR,Basic Materials,Other Industrial Metals & Mining,NYSE,2405623,8.16,184.76,-1,-2,-32.28,308.1,61.8,-10.9,-13.6,-16.9,19.6,96,97,96,95,93.8,0,0,0,0,0,0,1494166061.2506866,163834000.0,0.0342,,2263681,2789136,4,95.5,2.1,2026-06-25
150,SKYT,Technology,Semiconductors,NASDAQ,978799,35.05,184.51,-1,-1,-12.22,296.1,83.5,-4.1,-5.6,-1.0,35.3,96,97,97,90,92.8,0,0,0,0,0,0,1799412280.1239471,49204602.0,0.070300005,1.621,775599,1121727,4,94.2,3.5,2026-06-25
151,EWTX,Healthcare,Biotechnology,NASDAQ,1589208,42.3,182.95,5,6,3.77,230.6,97.9,13.0,15.1,21.5,57.4,96,91,92,88,88.5,0,0,0,0,0,0,3960498698.616509,107593006.0,0.1435,,1933226,1492071,2,89.9,1.7,2026-06-25
152,XMTR,Industrials,Industrial Distribution,NASDAQ,889724,91.68,181.48,0,-60,-8.19,198.8,95.7,3.3,5.3,22.9,56.3,95,95,35,92,87.8,0,0,0,0,0,0,5153333473.52121,55245857.0,0.080699995,0.359,628304,887630,2,77.4,10.2,2026-06-25
153,APLD,Technology,Information Technology Services,NASDAQ,20877616,41.98,181.19,-3,-6,-17.24,346.1,78.5,-7.5,-7.5,0.3,28.8,95,98,95,97,93.7,0,1,0,0,0,1,13314002865.614971,285769539.0,0.2931,1.393,19117469,22815661,4,95.9,2.7,2026-06-25
154,MEC,Industrials,Metal Fabrication,NYSE,652935,34.39,180.28,6,-12,-5.78,181.0,98.3,1.3,6.1,28.8,76.9,95,89,71,84,78.6,0,0,0,0,0,0,909626141.8601532,25494006.0,0.0401,0.068,543957,461377,0,80.7,8.0,2026-06-25
155,BTSG,Healthcare,Health Information Services,NASDAQ,3253135,67.61,179.88,1,-1,1.38,260.0,100.0,6.2,11.1,23.0,68.4,95,94,92,93,89.5,0,0,0,0,0,0,13002119795.0,196258412.0,0.0698,0.256,3262665,3082385,3,92.1,2.6,2026-06-25
156,ON,Technology,Semiconductors,NASDAQ,12197320,115.74,179.64,-1,-22,-14.22,164.5,82.9,-0.6,-1.8,8.3,69.7,95,96,75,62,80.1,0,0,0,0,0,0,47286245157.29986,388803191.0,0.1104,0.047,12184411,12693574,1,78.3,16.8,2026-06-25
157,SNEX,Financial Services,Capital Markets,NASDAQ,809324,136.13,179.52,4,-4,-3.73,151.3,97.9,1.7,9.8,18.5,68.6,95,91,83,71,82.7,0,0,0,0,0,0,11016750023.61853,79251496.0,0.0539,0.238,1222344,752200,1,81.9,8.9,2026-06-25
158,ELVN,Healthcare,Biotechnology,NASDAQ,1545409,47.77,178.71,1,4,-1.57,224.4,100.0,8.5,19.9,17.0,70.7,95,94,97,19,82.5,0,0,0,0,0,0,3149706321.4352417,69838280.0,0.1355,,2943139,1205311,2,73.1,20.4,2026-06-25
159,MRVI,Healthcare,Biotechnology,NASDAQ,2774348,5.76,177.56,7,-20,8.37,202.2,100.0,15.3,19.8,38.1,71.1,95,88,61,63,87.7,0,0,0,0,0,0,767032024.665432,147506164.0,0.0634,0.405,2852745,2723943,0,74.9,7.8,2026-06-25
160,KLAC,Technology,Semiconductor Equipment & Materials,NASDAQ,12149391,240.48,176.96,2,-1,-9.99,206.7,94.4,3.5,14.0,29.4,75.2,95,93,90,89,89.1,0,0,0,0,0,0,339056790318.45154,1306275210.0,0.0299,0.115,15747673,11479534,2,90.3,3.1,2026-06-25
161,SANM,Technology,Electronic Components,NASDAQ,1132615,248.81,176.82,0,-18,-13.81,166.2,84.4,1.5,-0.7,9.3,53.0,95,95,77,91,87.5,0,0,0,0,0,0,12943317319.571152,53597735.0,0.0728,1.023,1727907,1113047,2,87.6,6.4,2026-06-25
162,URGN,Healthcare,Biotechnology,NASDAQ,678371,35.42,176.26,-2,-36,4.82,165.3,95.4,4.7,14.0,23.2,53.4,95,97,63,93,85.2,0,0,0,0,0,0,1635587487.7013168,48721701.0,0.1449,1.516,617515,805963,2,84.5,10.1,2026-06-25
163,AVNS,Healthcare,Medical Devices,NYSE,1247315,24.95,175.05,1,-21,-2.12,151.8,99.0,-0.1,-0.2,0.4,59.5,95,94,72,27,76.4,0,0,0,0,0,0,1168384556.059433,46847816.0,0.0332,0.088,953177,1846573,1,67.3,24.4,2026-06-25
164,RIOT,Financial Services,Capital Markets,NASDAQ,15136357,27.42,174.54,1,-22,-5.25,177.6,95.0,0.7,2.7,18.0,53.4,95,94,71,56,87.9,0,0,0,0,0,0,10626049707.253246,378151230.0,0.17889999,0.036,13327142,17759248,1,77.2,12.9,2026-06-25
165,OSCR,Healthcare,Healthcare Plans,NYSE,7810268,29.16,173.67,6,-63,-2.18,164.2,93.4,-0.4,8.7,27.6,63.2,95,89,20,32,48.9,0,0,0,0,0,0,8562401084.989548,301493000.0,0.0734,0.526,6156844,7507758,0,47.5,38.3,2026-06-25
166,CECO,Industrials,Pollution & Treatment Controls,NASDAQ,955142,95.4,172.94,1,-1,-5.77,235.9,93.6,-1.0,6.7,17.0,49.0,95,94,92,94,90.4,0,0,0,0,0,0,3529906305.1379013,35873031.0,0.204,0.165,842718,883293,4,92.6,2.0,2026-06-25
167,PGEN,Healthcare,Biotechnology,NASDAQ,5102503,5.4,172.91,9,14,-1.28,288.7,100.0,11.0,24.1,29.2,36.5,95,86,91,98,92.6,0,0,0,1,0,1,1718382984.7991655,356510980.0,0.2079,16.339,5650029,4238949,3,91.9,-6.2,2026-06-25
168,ALM,Basic Materials,Other Industrial Metals & Mining,NASDAQ,5101566,16.46,172.74,-3,-3,-32.57,381.0,65.2,-7.7,-9.3,-15.7,28.5,95,98,98,98,89.8,0,1,1,1,0,3,5337184028.155504,283741849.0,0.96,2.212,5251509,5075911,3,95.9,4.1,2026-06-25
169,DSGN,Healthcare,Biotechnology,NASDAQ,1129670,13.78,171.85,3,6,-20.12,298.8,81.1,9.8,18.0,8.1,37.9,95,92,95,95,91.4,0,0,0,0,0,0,776964730.3520107,62456974.0,0.08229999,,757312,913598,4,93.3,-0.6,2026-06-25
170,ATOM,Technology,Semiconductor Equipment & Materials,NASDAQ,1454934,7.41,171.75,-3,-22,-40.07,267.3,52.6,-12.7,-16.6,-13.4,54.6,95,98,79,5,48.0,0,1,0,0,0,1,348444000.0,38716000.0,0.1458,1.75,969912,2466688,1,57.5,45.5,2026-06-25
171,LGN,Industrials,Engineering & Construction,NASDAQ,1292065,79.79,171.15,0,-3,-25.6,172.9,70.8,-3.9,-4.3,-4.9,,95,95,92,87,,0,0,0,0,0,0,14054649454.455671,164247394.0,0.0679,1.051,1097616,1479373,2,91.3,,2026-06-25
172,PL,Industrials,Aerospace & Defense,NYSE,14625949,26.3,171.07,-4,-4,-49.19,389.1,45.9,-8.8,-24.4,-29.9,9.3,95,99,99,99,95.5,0,1,1,1,0,3,10061243145.831873,356402526.0,0.1163,0.421,15417777,12990653,4,98.1,1.8,2026-06-25
173,SEZL,Financial Services,Credit Services,NASDAQ,624605,159.27,169.83,7,-44,-14.71,221.2,86.0,9.7,22.0,50.7,105.4,95,88,37,59,9.9,0,0,0,0,0,0,5490619621.271393,33627019.0,0.2916,0.292,760525,703439,0,48.5,49.9,2026-06-25
174,LPTH,Technology,Electronic Components,NASDAQ,4126460,13.0,169.7,-3,-4,-31.36,365.2,70.3,-5.4,-10.1,-4.3,27.0,95,98,97,98,94.5,0,1,0,1,0,2,951259492.097742,62789407.0,0.104499996,1.089,3365341,3810906,4,96.9,1.9,2026-06-25
175,FTRE,Healthcare,Biotechnology,NASDAQ,1332835,17.02,169.68,4,-35,-8.84,298.0,95.1,8.4,9.5,26.5,40.9,95,91,52,96,91.1,0,0,0,0,0,0,1448092255.9893322,94584730.0,0.1179,-0.023,1511996,1448397,3,82.5,2.9,2026-06-25
176,TRVI,Healthcare,Biotechnology,NASDAQ,1431061,17.52,169.25,6,4,-0.51,229.1,100.0,11.2,20.3,23.3,49.6,95,89,87,95,89.9,0,0,0,0,0,0,2443470644.693695,141979708.0,0.1062,,2110745,1641283,1,90.2,-1.4,2026-06-25
177,GH,Healthcare,Diagnostics & Research,NASDAQ,2410913,136.96,168.95,3,-4,1.45,248.8,100.0,8.3,9.4,30.1,49.9,95,92,85,96,88.9,0,0,0,0,0,0,17474018481.754852,132599929.0,0.1038,0.483,2174639,2245725,2,90.5,1.4,2026-06-25
178,RCUS,Healthcare,Biotechnology,NYSE,1213883,28.8,168.81,4,7,0.28,280.5,100.0,17.4,21.4,22.3,42.1,95,91,94,96,91.7,0,0,0,0,0,0,3057545501.049885,125773162.0,0.1532,-0.393,1783339,1283049,4,93.2,-1.7,2026-06-25
179,CTOS,Industrials,Rental & Leasing Services,NYSE,895772,11.4,168.74,5,-7,0.35,144.3,100.0,8.3,14.2,23.3,66.9,95,90,78,67,84.2,0,0,0,0,0,0,2563167996.7804832,227432821.0,0.0349,0.093,919766,1060221,1,79.8,8.7,2026-06-25
180,DIOD,Technology,Semiconductors,NASDAQ,687685,113.04,168.48,0,-8,-8.47,171.4,90.3,1.8,4.6,9.1,65.1,94,94,86,36,80.0,0,0,0,0,0,0,5488557881.57634,45944734.0,0.066300005,0.221,594346,689071,1,74.0,19.4,2026-06-25
181,ACLS,Technology,Semiconductor Equipment & Materials,NASDAQ,573518,168.91,168.48,-1,-11,-12.83,167.0,91.2,1.0,7.9,16.9,72.9,94,95,85,68,86.2,0,0,0,0,0,0,5763527666.893036,30733897.0,0.1197,0.033,654395,684489,1,83.5,10.8,2026-06-25
182,TSHA,Healthcare,Biotechnology,NASDAQ,2521798,6.94,168.45,6,3,-4.93,168.8,83.5,-0.3,4.5,1.4,25.4,94,88,85,98,86.5,0,0,0,1,0,1,1844857770.323906,287361020.0,0.1276,,2872706,2722365,1,89.4,-1.0,2026-06-25
183,PACS,Healthcare,Medical Care Facilities,NYSE,974942,38.85,168.35,-1,-1,-9.82,427.6,95.8,10.0,11.1,12.7,37.0,94,95,95,99,90.3,0,0,0,1,0,1,5791186261.990448,158272376.0,0.09060001,0.112,873648,872229,4,94.8,1.5,2026-06-25
184,LSCC,Technology,Semiconductors,NASDAQ,2100561,143.93,167.89,-1,-8,-7.63,195.9,89.6,-1.3,-0.8,8.6,54.2,94,95,88,78,88.4,0,0,0,0,0,0,21060847945.28592,137007857.0,0.089899994,0.422,1779923,2246652,1,87.3,7.4,2026-06-25
185,IMVT,Healthcare,Biotechnology,NASDAQ,2279525,38.22,166.84,3,-8,5.33,160.3,100.0,7.5,13.3,23.6,52.0,94,91,80,89,83.8,0,0,0,0,0,0,7255617158.107655,205308917.0,0.2116,,1714447,2023817,1,85.9,5.1,2026-06-25
186,JBIO,Healthcare,Biotechnology,NASDAQ,1201072,21.9,166.42,-1,-50,-21.79,222.2,74.9,19.9,21.9,1.7,46.1,94,95,46,55,77.6,0,0,0,0,0,0,1023663078.92704,60859875.0,0.0838,,1599447,988863,1,68.4,21.6,2026-06-25
187,PURR,Financial Services,Capital Markets,NASDAQ,18786182,7.9,166.21,-1,-9,-32.01,158.7,62.5,-9.8,-12.1,4.4,,94,95,87,26,,0,0,0,0,0,0,1824012297.914672,196553055.0,0.6,,16381558,13710445,1,69.3,,2026-06-25
188,CGEM,Healthcare,Biotechnology,NASDAQ,1326466,17.65,165.74,6,10,5.44,221.4,100.0,19.6,23.4,25.9,58.9,94,88,92,85,83.2,0,0,0,0,0,0,923714414.9689312,61458046.0,0.1841,,1703418,1109237,1,87.0,2.6,2026-06-25
189,MEI,Technology,Electronic Components,NYSE,1156762,13.09,165.55,7,-54,-15.82,256.4,100.0,37.3,44.9,71.3,123.6,94,87,26,23,75.2,0,0,0,0,0,0,496734518.6387596,35430421.0,0.044099998,-0.026,646306,883309,0,52.8,24.8,2026-06-25
190,QMCO,Technology,Computer Hardware,NASDAQ,1333833,13.42,165.0,17,-49,-27.38,200.0,74.1,-7.6,-2.3,27.8,56.8,94,77,11,8,52.4,0,0,0,0,0,0,228353257.9839649,14638029.0,0.0959,0.086,1227091,1040566,0,37.1,32.7,2026-06-25
191,CAT,Industrials,Farm & Heavy Construction Machinery,NYSE,2957056,994.45,164.66,2,2,-0.0,184.5,100.0,9.1,13.1,18.7,54.9,94,92,92,88,88.7,0,0,0,0,0,0,454060792054.5365,460591983.0,0.0196,0.222,3508878,2769351,2,90.2,2.5,2026-06-25
192,SNX,Technology,Electronics & Computer Distribution,NYSE,811680,283.22,164.47,4,-12,-2.68,106.0,91.9,-1.8,0.5,12.3,54.1,94,90,74,72,76.5,0,0,0,0,0,0,22943045341.558228,80626390.0,0.020599999,0.181,943271,778254,1,78.1,11.9,2026-06-25
193,BCAX,Healthcare,Biotechnology,NASDAQ,623969,25.64,164.25,5,5,5.73,202.4,100.0,12.5,19.9,19.3,45.2,94,89,89,74,87.9,0,0,0,0,0,0,1526300777.103157,65703866.0,0.21440001,,735939,554099,0,85.0,3.6,2026-06-25
194,VISN,Technology,Communication Equipment,NASDAQ,5856523,12.55,164.22,-1,-2,-38.93,73.1,40.2,-0.2,1.5,-5.5,-23.8,94,95,94,97,67.0,0,0,0,0,0,0,2855711494.040806,225569631.0,0.0846,0.216,5230539,7265821,3,88.3,13.7,2026-06-25
195,INSW,Energy,Oil & Gas Midstream,NYSE,549494,87.72,163.9,3,7,-5.33,123.4,81.6,-3.2,-0.4,-1.1,29.1,94,91,95,81,79.6,0,0,0,0,0,0,4182651659.28656,49504696.0,0.052800003,0.785,574672,558586,2,86.6,7.3,2026-06-25
196,DHC,Real Estate,REIT - Healthcare Facilities,NASDAQ,1892243,9.36,163.56,0,1,2.41,188.4,100.0,5.0,7.7,13.3,53.6,94,94,95,90,85.9,0,0,0,0,0,0,2145067281.2391837,242106926.0,0.0396,-0.053,1867240,1715684,3,91.2,4.7,2026-06-25
197,ROIV,Healthcare,Biotechnology,NASDAQ,6599895,34.01,163.5,2,5,3.71,216.8,100.0,8.2,12.6,15.5,42.0,94,92,95,93,89.2,0,0,0,0,0,0,22606668420.0539,719270385.0,0.0664,-0.667,6261796,5945091,3,92.3,0.9,2026-06-25
198,ATI,Industrials,Metal Fabrication,NYSE,1754074,197.59,163.46,3,6,-2.95,179.6,96.5,0.3,5.5,17.1,54.0,94,91,94,92,83.4,0,0,0,0,0,0,27476955272.41037,136470427.0,0.0431,0.006,2041204,1817686,3,90.1,3.3,2026-06-25
199,CRS,Industrials,Metal Fabrication,NYSE,702024,580.95,163.45,7,9,-2.06,157.8,100.0,4.1,12.3,26.9,64.8,94,87,89,89,81.0,0,0,0,0,0,0,29139119414.00684,49685612.0,0.0363,0.116,917062,701660,0,86.5,2.4,2026-06-25
200,LIND,Consumer Cyclical,Travel Services,NASDAQ,767345,26.98,163.26,8,8,1.58,158.1,100.0,13.9,20.7,35.1,72.1,94,86,86,78,85.8,0,0,0,0,0,0,1689200000.0,65600000.0,0.087,0.157,782847,764647,0,83.9,1.7,2026-06-25
201,ASTI,Technology,Solar,NASDAQ,2476900,5.02,162.83,-2,-12,-49.14,326.6,48.4,-21.7,-28.0,-12.5,17.9,94,96,86,97,89.7,0,0,0,0,0,0,58852935.154817104,9461887.0,0.1481,2.325,1905142,2192276,2,92.2,4.0,2026-06-25
202,IREN,Financial Services,Capital Markets,NASDAQ,47582398,50.3,162.57,-3,-3,-34.56,302.2,55.6,-15.4,-18.4,-12.9,-2.3,94,97,97,98,94.0,0,0,0,1,0,1,21428424965.85005,357378674.0,0.16049999,-0.0,38126065,47810763,4,96.5,1.3,2026-06-25
203,NAT,Energy,Oil & Gas Midstream,NYSE,4056965,6.47,162.52,7,16,2.05,139.8,94.6,7.0,12.9,11.5,39.1,94,87,96,79,83.3,0,0,0,0,0,0,1238741358.3558831,211750663.0,0.0926,1.043,5585877,4042059,1,86.3,2.5,2026-06-25
204,POET,Technology,Semiconductors,NASDAQ,44277282,10.66,161.83,-3,-57,-48.77,142.9,36.3,-14.2,-18.3,-13.9,32.1,94,97,43,77,83.1,0,0,0,0,0,0,2097034117.0600777,172595406.0,0.1346,2.019,24716347,49727615,1,75.0,16.4,2026-06-25
205,IRDM,Communication Services,Telecom Services,NASDAQ,2585345,42.28,161.77,-2,-11,-21.46,164.1,71.8,-6.5,-10.4,-4.7,58.2,94,96,87,19,50.5,0,0,0,0,0,0,4712285517.814453,105727744.0,0.0625,0.019,3099357,2647991,1,63.1,39.1,2026-06-25
206,GSAT,Communication Services,Telecom Services,NASDAQ,1368357,80.14,161.75,-2,-2,-5.38,245.5,92.7,-0.6,-1.7,-2.0,27.4,94,96,96,96,91.1,0,0,0,0,0,0,10355918413.349152,128788931.0,0.070199996,0.167,1556883,1682096,4,94.8,2.4,2026-06-25
207,EFXT,Energy,Oil & Gas Equipment & Services,NYSE,545317,24.11,161.51,-2,-1,-17.29,216.9,81.7,1.0,-0.5,-4.1,34.5,94,96,97,92,90.2,0,0,0,0,0,0,2947916892.5351524,122066954.0,1.27,0.058,528442,544874,4,93.8,3.6,2026-06-25
208,PACK,Consumer Cyclical,Packaging & Containers,NYSE,552666,7.64,161.19,8,-58,-2.18,123.5,90.9,-1.4,1.6,19.5,37.5,94,86,20,60,76.7,0,0,0,0,0,0,627899395.553112,85544875.0,0.0553,0.11,611100,650732,0,60.7,16.5,2026-06-25
209,LASR,Technology,Semiconductors,NASDAQ,1134947,63.81,160.57,-3,-1,-26.61,241.6,66.2,-5.8,-9.1,-12.6,24.3,94,97,99,98,91.8,0,0,1,1,0,2,3651335922.93029,56408709.0,0.040999997,0.552,1069582,1170980,4,96.5,2.2,2026-06-25
210,MOD,Consumer Cyclical,Auto Parts,NYSE,1397978,276.7,160.27,0,2,-14.4,215.1,89.3,0.2,0.1,5.3,45.7,94,94,96,76,88.8,0,0,0,0,0,0,15705829727.560425,52815785.0,0.0635,0.475,1315536,1196351,2,88.7,6.0,2026-06-25
211,CNTA,Healthcare,Biotechnology,NASDAQ,1863506,40.5,160.19,0,-3,0.6,222.0,100.0,0.6,0.6,0.9,38.2,94,94,91,89,90.1,0,0,0,0,0,0,6192347057.010372,154731309.0,0.0196,,3142440,1948668,3,91.0,3.3,2026-06-25
212,OGN,Healthcare,Drug Manufacturers - General,NYSE,3019939,13.48,159.59,3,-72,-0.07,136.3,99.9,0.2,0.5,5.7,47.0,94,91,16,11,42.3,0,0,0,0,0,0,3526844765.332039,262609433.0,0.078200005,-0.035,2639619,8688765,1,40.1,47.9,2026-06-25
213,SYNA,Technology,Semiconductors,NASDAQ,867801,130.11,159.43,-1,-44,-12.74,114.7,75.4,-7.5,-7.8,5.2,45.9,94,95,52,65,73.2,0,0,0,0,0,0,5443663416.067429,38637685.0,0.19770001,0.104,705545,915415,1,71.3,21.2,2026-06-25
214,VRT,Industrials,Electrical Equipment & Parts,NYSE,6166673,316.43,159.37,-1,0,-16.71,169.7,80.2,2.3,3.4,0.5,42.8,94,95,96,87,87.0,0,0,0,0,0,0,127927436479.97168,384108816.0,0.0373,0.301,6343691,6035732,2,91.3,5.5,2026-06-25
215,CYRX,Industrials,Integrated Freight & Logistics,NASDAQ,883345,15.52,159.08,2,-45,-7.23,136.7,93.7,6.5,4.0,19.7,54.6,94,92,45,78,79.5,0,0,0,0,0,0,756538729.6661739,50402313.0,0.0553,0.165,739536,780669,1,73.6,13.7,2026-06-25
216,EXTR,Technology,Communication Equipment,NASDAQ,2193906,30.93,158.95,3,-51,-3.97,125.3,95.1,-1.0,3.8,23.8,61.5,94,91,37,37,68.1,0,0,0,0,0,0,4103816291.686661,130778088.0,0.0942,0.114,2070658,2598701,1,58.3,27.6,2026-06-25
217,CADL,Healthcare,Biotechnology,NASDAQ,2150382,9.27,158.18,5,-53,-3.13,114.3,100.0,9.5,10.2,20.4,58.5,93,88,30,39,74.6,0,0,0,0,0,0,608875716.8354158,73270239.0,0.2518,,2287027,2191145,0,57.9,22.3,2026-06-25
218,ALGM,Technology,Semiconductors,NASDAQ,2564532,55.42,158.1,2,-23,-6.94,163.9,96.3,8.9,15.6,26.0,70.5,93,91,66,39,71.7,0,0,0,0,0,0,10987121954.0,186222406.0,0.120699994,0.261,2906547,2508653,1,66.9,22.5,2026-06-25
219,CORZ,Technology,Software - Infrastructure,NASDAQ,12674041,27.79,158.02,0,-19,-8.77,121.7,88.8,-3.3,-2.0,11.3,43.5,93,93,74,60,80.6,0,0,0,0,0,0,9269535066.214554,317885292.0,0.2559,0.449,11213043,14407954,1,76.9,14.7,2026-06-25
220,CSTM,Basic Materials,Aluminum,NYSE,2072651,32.66,157.75,-2,-5,-11.71,159.1,89.5,-1.1,-1.8,2.3,44.7,93,95,92,90,85.7,0,0,0,0,0,0,4629115300.0,136150450.0,0.0465,0.244,1692715,2156819,3,90.7,5.9,2026-06-25
221,NEXA,Basic Materials,Other Industrial Metals & Mining,NYSE,961891,12.34,157.65,-2,-5,-26.94,166.8,64.6,-8.9,-11.0,-13.9,23.0,93,95,92,91,86.2,0,0,0,0,0,0,1885925790.327208,132438611.0,0.0089,0.417,750374,1417984,3,91.1,5.5,2026-06-25
222,COCO,Consumer Defensive,Beverages - Non-Alcoholic,NASDAQ,1027078,82.79,157.64,1,-14,-3.54,155.6,97.2,0.1,4.7,17.0,50.8,93,92,77,88,81.5,0,0,0,0,0,0,4798604073.13665,57112643.0,0.0953,0.373,1067535,1245145,1,84.6,7.6,2026-06-25
223,ULCC,Industrials,Airlines,NASDAQ,4555871,7.43,157.25,16,-35,2.7,160.0,100.0,16.6,25.9,53.3,71.3,93,77,26,53,78.4,0,0,0,0,0,0,1659078950.4882789,229789335.0,0.4001,0.088,4706313,5715082,0,58.6,9.2,2026-06-25
224,HIMX,Technology,Semiconductors,NASDAQ,4638724,15.73,157.14,-4,-54,-37.31,117.7,47.3,-11.9,-20.9,-10.0,43.9,93,97,47,46,62.5,0,0,0,0,0,0,3158853409.001129,174425914.0,0.0624,-0.075,3195483,4864080,1,63.1,32.4,2026-06-25
225,POWI,Technology,Semiconductors,NASDAQ,1295569,81.86,156.92,-1,-19,-8.02,174.3,95.5,3.3,4.0,13.0,67.2,93,94,76,18,55.9,0,0,0,0,0,0,4853767840.248779,55719984.0,0.1162,0.026,1036757,1294461,1,61.0,36.0,2026-06-25
226,ECG,Industrials,Engineering & Construction,NYSE,582229,158.99,156.89,1,4,-7.34,164.9,94.8,5.1,7.4,9.6,49.2,93,92,95,87,86.7,0,0,0,0,0,0,8049772024.946564,51041606.0,0.045500003,0.254,598579,635393,2,90.2,3.4,2026-06-25
227,FRO,Energy,Oil & Gas Midstream,NYSE,3356890,40.72,156.63,7,16,-0.59,134.4,83.3,-3.5,2.8,3.7,30.3,93,86,95,79,80.2,0,0,0,0,0,0,9111954955.639114,222622890.0,0.0495,0.669,4138302,3121882,1,85.0,3.4,2026-06-25
228,KN,Technology,Electronic Components,NYSE,1050395,40.15,156.46,1,-7,-5.75,132.8,92.0,0.4,3.6,14.4,51.2,93,92,84,66,82.4,0,0,0,0,0,0,3539644412.811356,85560660.0,0.060599998,0.158,1124227,1025835,1,81.1,10.8,2026-06-25
229,AVTX,Healthcare,Biotechnology,NASDAQ,1657784,18.16,156.31,1,-1,-25.18,278.9,73.1,13.5,20.2,14.2,14.7,93,92,90,97,92.4,0,0,0,0,0,0,772713898.3739128,52565572.0,0.1216,,1944512,1946508,4,92.9,-1.0,2026-06-25
230,SEI,Energy,Oil & Gas Equipment & Services,NYSE,2338884,75.98,156.24,-1,-1,-11.85,218.7,94.0,1.3,6.5,8.5,42.4,93,94,94,90,88.2,0,0,0,0,0,0,4840385613.033188,58402338.0,0.24450001,0.553,2127944,2358676,3,91.6,3.7,2026-06-25
231,NUVB,Healthcare,Biotechnology,NYSE,4684319,6.46,155.43,20,33,-33.74,209.0,51.3,5.8,12.5,18.6,8.1,93,73,86,99,88.8,0,0,0,1,0,1,1936002938.8357236,348201971.0,0.2552,25.987,5146638,4506095,1,86.7,-14.4,2026-06-25
232,AXSM,Healthcare,Biotechnology,NASDAQ,692267,237.92,155.25,1,-9,-8.56,136.4,88.5,-4.4,-1.6,6.5,39.2,93,92,82,87,81.7,0,0,0,0,0,0,12890671383.0,51459766.0,0.0941,0.574,753882,784154,1,85.7,7.2,2026-06-25
233,OMER,Healthcare,Biotechnology,NASDAQ,2033065,10.58,154.67,-1,-4,-40.06,260.9,54.5,7.5,5.5,-11.6,4.7,93,94,91,99,90.0,0,0,0,1,0,1,744018630.0736952,72375355.0,0.2331,,2282045,1648105,4,93.5,1.3,2026-06-25
234,PRM,Basic Materials,Specialty Chemicals,NYSE,1441925,35.74,154.64,5,-3,-6.37,168.6,96.3,1.7,8.8,14.9,37.7,93,88,80,94,87.1,0,0,0,0,0,0,6162940241.010284,163127063.0,0.0321,0.736,1732697,1413919,1,87.3,0.0,2026-06-25
235,ALKS,Healthcare,Drug Manufacturers - Specialty & Generic,NASDAQ,2342922,50.45,154.55,17,-6,10.25,102.2,100.0,13.7,18.8,35.2,62.2,93,76,53,31,70.3,0,0,0,0,0,0,7498744836.689808,166675807.0,0.1447,0.282,2726086,2157595,0,57.6,14.2,2026-06-25
236,OUST,Technology,Electronic Components,NASDAQ,5529021,40.71,154.49,-3,-55,-17.57,151.5,81.1,-2.7,-2.5,19.9,54.0,93,96,44,85,68.0,0,0,0,0,0,0,2965249215.498558,63672949.0,0.0956,0.489,4719985,4587349,1,73.2,21.4,2026-06-25
237,AOSL,Technology,Semiconductors,NASDAQ,986106,41.98,154.37,-2,-56,-22.75,161.6,78.7,0.6,-0.1,7.4,61.7,93,95,41,15,70.1,0,0,0,0,0,0,1437816954.521347,29929578.0,0.0987,-0.005,901960,1156246,1,55.3,33.8,2026-06-25
238,ENTG,Technology,Semiconductor Equipment & Materials,NASDAQ,3317143,171.46,154.01,6,3,-5.24,156.2,93.3,7.1,17.4,21.0,55.6,93,87,84,35,79.0,0,0,0,0,0,0,27226671650.6958,152300000.0,0.0748,0.05,3946470,3255566,0,71.3,14.7,2026-06-25
239,ARW,Technology,Electronics & Computer Distribution,NYSE,659662,224.77,153.82,1,-11,-4.13,124.8,95.6,0.4,2.1,10.9,56.1,93,92,80,37,70.7,0,0,0,0,0,0,11898869078.15158,51133946.0,0.028299998,0.39,472757,700711,1,69.9,22.8,2026-06-25
240,FLNC,Utilities,Utilities - Renewable,NASDAQ,13434856,19.75,153.29,-3,-8,-41.06,215.6,50.7,-15.7,-17.4,-0.4,5.6,93,96,91,97,90.7,0,0,0,0,0,0,3293724850.6728745,132811490.0,0.3642,0.077,11112650,12123084,4,93.7,3.0,2026-06-25
241,TOI,Healthcare,Medical Care Facilities,NASDAQ,1843121,5.25,153.17,6,3,-5.83,149.8,94.2,-0.9,3.5,18.9,42.0,93,87,84,99,79.7,0,0,0,1,0,1,525910250.46427727,99982933.0,0.0733,0.412,1626044,1686936,1,87.4,1.5,2026-06-25
242,MRX,Financial Services,Capital Markets,NASDAQ,870912,64.84,153.09,9,1,-0.73,127.1,93.8,0.7,7.8,14.8,53.5,93,84,76,74,65.1,0,0,0,0,0,0,4664716809.742203,71930870.0,0.045500003,0.551,947327,972261,0,74.8,12.3,2026-06-25
243,INDV,Healthcare,Drug Manufacturers - Specialty & Generic,NASDAQ,1739097,41.47,152.99,3,5,1.15,201.6,99.4,5.8,9.3,12.0,27.7,93,90,92,97,89.4,0,0,0,0,0,0,4527235515.317059,118204585.0,0.1272,0.192,1777393,1966806,3,92.1,-1.3,2026-06-25
244,VIVO,Technology,Software - Infrastructure,NASDAQ,2236263,5.52,152.69,10,-47,-36.04,363.6,77.7,3.8,2.6,28.3,66.4,93,83,26,17,51.8,0,0,0,0,0,0,91506832.04751492,16790245.0,0.2442,0.476,1667870,1833092,0,44.5,34.5,2026-06-25
245,ATEN,Technology,Software - Infrastructure,NYSE,1144667,34.18,152.46,3,-5,1.61,109.9,100.0,4.6,8.0,18.0,61.4,93,90,82,42,72.9,0,0,0,0,0,0,2394659179.653454,71998175.0,0.1233,0.134,1365013,1154436,1,71.7,19.0,2026-06-25
246,CRML,Basic Materials,Other Industrial Metals & Mining,NASDAQ,7520398,9.35,152.18,-4,-4,-70.92,234.3,23.9,-6.2,-10.1,-16.7,-13.4,93,97,97,95,92.5,0,0,0,0,0,0,1490920786.9163876,146888753.0,0.2545,0.578,4690645,13041797,4,95.4,2.7,2026-06-25
247,GNRC,Industrials,Specialty Industrial Machinery,NYSE,889053,284.14,152.03,4,2,-3.41,116.4,99.8,7.2,8.2,14.8,49.2,93,89,87,31,79.4,0,0,0,0,0,0,16433191941.844086,58868681.0,0.040900003,0.124,1008720,882398,0,71.6,16.6,2026-06-25
248,RXO,Industrials,Trucking,NYSE,2617107,25.3,151.99,1,-48,-15.27,156.7,88.1,1.3,-0.0,17.4,58.9,93,92,43,16,65.4,0,0,0,0,0,0,4187326621.02063,164920312.0,0.2373,-0.006,2284783,2480646,1,54.1,33.4,2026-06-25
249,MRNA,Healthcare,Biotechnology,NASDAQ,6937516,60.42,151.91,7,15,-10.81,167.2,89.9,4.2,13.9,17.4,49.6,93,86,94,49,80.4,0,0,0,0,0,0,25378448762.37133,396786259.0,0.17819999,2.602,9089849,7281991,1,77.4,9.4,2026-06-25
250,CRVS,Healthcare,Biotechnology,NASDAQ,1683360,12.95,151.84,0,5,-51.95,238.1,42.4,6.7,9.3,-4.5,8.9,93,93,98,90,89.4,0,0,1,0,0,1,1001516937.0088196,84090424.0,0.2342,,1202502,1567734,3,92.6,1.9,2026-06-25
251,KGS,Energy,Oil & Gas Equipment & Services,NYSE,2075981,70.65,151.64,0,1,-9.05,137.8,95.7,6.3,8.3,7.2,51.5,93,93,94,55,78.3,0,0,0,0,0,0,6981570501.318008,100918914.0,0.0791,0.049,1803174,1804612,2,80.1,14.9,2026-06-25
252,TIGO,Communication Services,Telecom Services,NASDAQ,2031931,87.52,151.4,1,6,-7.61,145.6,90.8,-0.1,1.4,4.8,36.7,92,91,96,92,84.1,0,0,0,0,0,0,14142173901.595093,167541444.0,0.0431,0.451,1584935,1732873,3,90.8,2.8,2026-06-25
253,FTNT,Technology,Software - Infrastructure,NASDAQ,6526077,145.28,151.38,2,-53,-3.19,101.5,100.0,2.3,3.8,25.4,64.3,92,90,35,26,49.4,0,0,0,0,0,0,106036198499.21835,732648391.0,0.0279,0.201,7005753,6355772,1,50.1,38.6,2026-06-25
254,LINC,Consumer Defensive,Education & Training Services,NASDAQ,523929,47.85,151.38,-2,0,-10.56,175.2,91.1,3.6,2.7,7.0,55.2,92,94,96,80,78.1,0,0,0,0,0,0,1536234866.720398,31720728.0,0.0794,0.225,469318,500859,2,87.0,10.5,2026-06-25
255,ECO,Industrials,Marine Shipping,NYSE,521683,54.44,151.36,3,10,-6.86,138.9,85.7,-2.0,2.7,-1.5,23.4,92,89,96,87,82.1,0,0,0,0,0,0,2049063476.5267756,39044655.0,0.024400001,1.123,494741,457080,1,88.5,3.2,2026-06-25
256,VCYT,Healthcare,Diagnostics & Research,NASDAQ,1293409,56.76,151.34,12,-33,5.48,154.2,100.0,12.2,16.6,37.5,50.5,92,80,35,81,79.7,0,0,0,0,0,0,4279279743.837742,79792647.0,0.109,0.215,1510908,1154347,0,68.9,4.5,2026-06-25
257,ESTA,Healthcare,Medical Devices,NASDAQ,505830,87.21,151.33,11,2,1.41,164.9,100.0,4.7,12.0,22.3,38.6,92,81,72,93,85.0,0,0,0,0,0,0,2495991304.048462,29430390.0,0.16299999,0.447,574411,524972,1,82.8,-3.5,2026-06-25
258,ENS,Industrials,Electrical Equipment & Parts,NYSE,528562,218.94,151.24,-2,-5,-10.38,166.9,89.3,0.0,-0.8,1.8,35.5,92,94,91,89,87.3,0,0,0,0,0,0,8324226243.906601,36517773.0,0.044899996,0.013,579706,437735,2,90.3,4.7,2026-06-25
259,HUM,Healthcare,Healthcare Plans,NYSE,1541105,361.64,151.16,7,-60,-5.05,129.7,98.0,2.2,6.6,27.3,50.4,92,85,18,55,59.2,0,0,0,0,0,0,43300179242.20276,120061500.0,0.0579,0.235,1580287,1668159,0,54.3,25.6,2026-06-25
260,AMN,Healthcare,Medical Care Facilities,NYSE,1099763,31.72,151.13,9,-19,-4.26,114.1,99.7,3.2,5.4,21.1,57.5,92,83,55,17,53.6,0,0,0,0,0,0,1201591873.2051544,38786052.0,0.083900005,0.999,1001061,1090484,0,52.2,30.7,2026-06-25
261,CNC,Healthcare,Healthcare Plans,NYSE,5336624,62.97,150.61,7,-56,-5.38,156.9,96.5,2.9,3.5,16.0,51.6,92,85,22,39,26.3,0,0,0,0,0,0,30131493166.042328,493797000.0,0.034,0.051,6090182,6039192,0,43.1,44.9,2026-06-25
262,AEIS,Industrials,Electrical Equipment & Parts,NASDAQ,990289,359.61,150.54,-1,3,-9.52,183.5,94.6,3.4,11.7,7.9,39.1,92,93,97,91,88.6,0,0,0,0,0,0,14907570545.106598,40010657.0,0.078099996,0.263,860537,888409,3,92.4,2.2,2026-06-25
263,DDOG,Technology,Software - Application,NASDAQ,5651273,222.65,150.45,-1,-58,-20.11,115.3,67.7,-2.4,-5.9,13.3,44.2,92,93,36,51,65.7,0,0,0,0,0,0,79379122147.0,355960189.0,0.0493,0.322,4611551,6043986,1,61.4,27.8,2026-06-25
264,PUMP,Energy,Oil & Gas Equipment & Services,NYSE,5170321,13.98,149.54,-4,-3,-24.43,227.4,75.1,-0.3,-2.2,-6.9,29.6,92,96,97,89,84.4,0,0,0,0,0,0,1808600396.0,122616976.0,0.1423,-0.247,4182535,5146739,2,91.6,7.1,2026-06-25
265,EZPW,Financial Services,Credit Services,NASDAQ,907502,32.43,149.0,-1,-4,-12.66,153.5,93.6,5.0,5.6,3.7,38.4,92,93,90,82,85.3,0,0,0,0,0,0,1951921179.906597,61535978.0,0.2383,0.459,1338287,826551,2,87.6,6.4,2026-06-25
266,MTZ,Industrials,Engineering & Construction,NYSE,1164674,393.14,148.74,-1,1,-10.94,139.9,87.4,5.9,8.2,4.5,45.2,92,93,95,86,83.6,0,0,0,0,0,0,30000185260.334595,79018556.0,0.053600002,0.345,1052102,1067534,2,89.4,5.9,2026-06-25
267,CALY,Consumer Cyclical,Leisure,NYSE,2697161,18.08,148.57,3,4,-2.32,134.5,100.0,5.0,11.9,17.4,42.4,92,89,90,88,81.8,0,0,0,0,0,0,3275182674.430277,179757563.0,0.045,0.092,2581975,2864629,1,87.2,3.7,2026-06-25
268,TYRA,Healthcare,Biotechnology,NASDAQ,918083,30.37,147.83,-2,2,-25.29,240.0,71.6,7.3,7.8,-4.5,16.6,92,94,98,97,90.2,0,0,1,0,0,1,1684201171.77108,59470381.0,0.2885,,1042219,946207,4,94.8,0.9,2026-06-25
269,CGON,Healthcare,Biotechnology,NASDAQ,1027932,68.72,147.55,1,6,-8.98,204.2,97.7,15.2,21.4,13.0,38.5,92,91,96,85,88.5,0,0,0,0,0,0,5387407212.343552,88202473.0,0.113199994,19.827,1056336,992685,2,90.1,2.0,2026-06-25
270,NVT,Industrials,Electrical Equipment & Parts,NYSE,1969440,167.55,147.51,-1,-5,-6.41,138.8,88.9,0.7,1.7,6.9,41.5,92,93,89,87,83.5,0,0,0,0,0,0,28627755103.984318,161720452.0,0.0339,0.535,2183602,2157268,1,88.1,6.4,2026-06-25
271,ASTH,Healthcare,Medical Care Facilities,NASDAQ,509823,42.27,147.33,1,-53,5.33,139.5,100.0,9.0,11.9,17.5,52.6,92,91,37,27,62.9,0,0,0,0,0,0,1942182392.27005,49583418.0,0.0922,0.556,654830,512148,1,54.5,32.2,2026-06-25
272,ESI,Basic Materials,Specialty Chemicals,NYSE,3114386,46.12,147.02,3,1,-1.28,110.8,94.8,4.6,9.7,13.2,48.6,92,89,87,53,78.6,0,0,0,0,0,0,11198623189.432068,243607198.0,0.0838,0.415,3658299,3197431,0,76.9,12.6,2026-06-25
273,NAVN,Technology,Software - Application,NASDAQ,4649797,21.78,147.01,6,-61,-11.1,153.7,91.1,2.4,1.2,13.6,,92,86,19,26,,0,0,0,0,0,0,5572397911.612129,254331262.0,0.1705,0.399,7018631,3893588,0,43.7,,2026-06-25
274,BTDR,Technology,Software - Application,NASDAQ,11107463,17.52,146.52,7,-55,-36.98,125.1,48.9,-7.1,-8.5,9.4,18.2,92,85,23,17,53.8,0,0,0,0,0,0,4362613872.543434,243313653.0,0.3379,1.694,9417570,9376414,0,44.7,35.4,2026-06-25
275,ASML,Technology,Semiconductor Equipment & Materials,NASDAQ,1910690,1762.77,145.66,2,2,-9.27,167.0,92.9,-0.8,3.7,14.5,42.9,92,90,90,84,81.3,0,0,0,0,0,0,743732780498.3441,385417665.0,0.0027,0.132,2310361,1898246,2,86.3,5.5,2026-06-25
276,KEYS,Technology,Scientific & Technical Instruments,NYSE,1741512,351.3,145.6,0,0,-5.1,127.2,93.8,1.4,4.2,3.9,43.8,92,92,92,79,80.0,0,0,0,0,0,0,62149520775.29761,170895368.0,0.014099999,0.315,1316466,1487383,2,85.7,8.6,2026-06-25
277,PTRN,Technology,Software - Application,NASDAQ,1890441,21.79,145.05,7,-45,-0.59,127.2,100.0,4.4,7.1,25.8,,92,85,33,20,,0,0,0,0,0,0,3775731074.0496674,176766431.0,0.0392,0.432,2654365,1548887,0,46.0,,2026-06-25
278,CODI,Industrials,Conglomerates,NYSE,947619,10.15,144.46,4,-22,-19.7,111.8,66.4,-2.8,-6.2,-12.0,27.1,92,88,62,9,56.8,0,0,0,0,0,0,760635590.429781,75235966.0,0.058000002,-0.059,1137517,979467,0,54.0,34.0,2026-06-25
279,ADEA,Technology,Software - Application,NASDAQ,2294140,30.06,144.46,-1,-2,-12.46,158.8,85.2,-3.4,-1.0,1.4,45.4,92,93,92,75,79.2,0,0,0,0,0,0,3508444096.786783,110293749.0,0.1192,0.195,1835833,2140001,2,84.8,10.6,2026-06-25
280,PEB,Real Estate,REIT - Hotel & Motel,NYSE,2681689,18.62,143.97,8,-2,-5.0,101.3,95.2,1.7,8.2,21.4,49.0,91,83,73,49,75.9,0,0,0,0,0,0,2160817558.5542965,113369235.0,0.187,0.079,4158109,2679275,0,70.2,11.4,2026-06-25
281,ONDS,Technology,Communication Equipment,NASDAQ,79504260,7.68,143.73,-7,-6,-49.74,379.7,49.0,-13.8,-25.4,-23.8,-18.1,91,98,99,99,95.6,0,1,1,1,0,3,4822415471.246624,520217393.0,0.3196,10.799,54068551,69089206,4,97.9,0.9,2026-06-25
282,TTI,Industrials,Conglomerates,NYSE,1530895,9.98,143.65,-3,-4,-20.41,215.8,76.7,-0.2,0.4,2.4,15.7,91,94,93,97,89.3,0,0,0,0,0,0,1513701526.4861336,147822418.0,0.058000002,-0.006,1424347,1601643,3,93.3,1.9,2026-06-25
283,FDMT,Healthcare,Biotechnology,NASDAQ,861481,11.62,143.65,14,31,-5.83,210.5,91.2,15.4,19.7,20.7,23.5,91,77,94,89,89.0,0,0,0,0,0,0,504988605.6632767,52276254.0,0.2696,216.643,1034754,804254,1,87.2,-10.1,2026-06-25
284,RRGB,Consumer Cyclical,Restaurants,NASDAQ,557581,6.62,143.55,24,-32,-16.1,161.0,86.0,15.9,29.0,52.0,48.6,91,67,11,16,31.7,0,0,0,0,0,0,115807819.49423409,18499651.0,0.1392,-0.036,438653,437740,0,31.4,33.4,2026-06-25
285,NUE,Basic Materials,Steel,NYSE,1645499,240.52,143.3,1,-14,-11.21,94.1,87.4,-1.1,-1.6,6.2,39.0,91,90,75,82,74.4,0,0,0,0,0,0,55530076255.50613,227740950.0,0.0225,0.213,2078258,1624963,1,80.3,10.9,2026-06-25
286,CSCO,Technology,Communication Equipment,NASDAQ,28122750,119.73,143.3,1,-13,-8.16,79.7,82.7,-0.9,-2.1,10.1,42.1,91,90,76,76,68.3,0,0,0,0,0,0,471159103462.5912,3941434665.0,0.015700001,0.12,23674181,24292866,1,77.6,15.1,2026-06-25
287,SGML,Basic Materials,Other Industrial Metals & Mining,NASDAQ,3310879,12.48,143.23,0,-10,-49.02,183.9,40.6,-13.2,-15.9,-30.4,-0.2,91,91,81,94,87.2,0,0,0,0,0,0,1529682375.15073,112064646.0,0.0432,-0.112,2637598,3431273,2,88.3,2.3,2026-06-25
288,ACHV,Healthcare,Biotechnology,NASDAQ,1728309,5.3,143.0,19,-22,-13.96,175.4,92.6,6.5,7.0,15.5,30.2,91,72,31,92,54.4,0,0,0,0,0,0,497896416.6596694,102659057.0,0.0752,,2456549,1834047,1,62.4,8.9,2026-06-25
289,INOD,Technology,Information Technology Services,NASDAQ,1840440,81.55,142.97,-5,-79,-34.83,112.4,44.5,-22.5,-27.2,-8.0,15.9,91,96,22,39,58.4,0,0,0,0,0,0,3118586689.0,32655358.0,0.08229999,0.544,1259040,2101548,1,53.8,37.6,2026-06-25
290,AVT,Technology,Electronics & Computer Distribution,NASDAQ,1459534,88.24,142.73,1,-9,-7.37,104.7,95.6,0.4,1.7,7.8,46.1,91,90,80,37,67.5,0,0,0,0,0,0,7502742789.197052,82024081.0,0.0921,0.339,1475512,1465718,1,68.6,22.8,2026-06-25
291,PBI,Industrials,Integrated Freight & Logistics,NYSE,2909932,17.37,142.61,4,-19,-2.25,94.0,99.8,1.1,3.1,10.3,46.9,91,87,64,68,64.9,0,0,0,0,0,0,2370224937.5,135441425.0,0.0001,-0.032,3088516,3445371,0,71.0,17.2,2026-06-25
292,VIRT,Financial Services,Capital Markets,NYSE,1333571,62.35,142.58,11,8,-1.66,88.5,92.4,1.4,9.0,15.3,48.5,91,80,77,33,48.0,0,0,0,0,0,0,5488630836.612251,87024431.0,0.0509,0.303,1501914,1341386,0,59.5,25.7,2026-06-25
293,TDAY,Communication Services,Publishing,NYSE,1523119,8.01,142.46,0,2,-3.26,130.1,95.1,1.4,0.7,4.7,34.1,91,91,93,84,82.1,0,0,0,0,0,0,1159206738.5951118,147107452.0,0.1247,-0.04,1310218,1622209,2,87.5,5.6,2026-06-25
294,WTTR,Energy,Oil & Gas Equipment & Services,NYSE,1655104,18.39,142.45,-3,-6,-10.21,142.5,92.9,4.0,3.9,7.6,43.6,91,94,91,46,79.1,0,0,0,0,0,0,2201065027.5745354,124353951.0,0.0379,-0.023,1518024,1881774,2,77.5,17.4,2026-06-25
295,ABCL,Healthcare,Biotechnology,NASDAQ,7548235,6.03,142.4,-1,-47,-11.19,139.6,100.0,19.2,16.9,34.2,55.0,91,92,46,39,70.7,0,0,0,0,0,0,1688725987.3603072,305375393.0,0.2,0.963,5480945,7779517,1,61.9,25.9,2026-06-25
296,TKR,Industrials,Tools & Accessories,NYSE,1143408,137.99,142.38,4,0,-3.88,103.4,100.0,3.1,6.2,18.2,48.4,91,87,83,75,74.7,0,0,0,0,0,0,9893238486.016085,69494510.0,0.0458,0.08,1104846,1043251,0,79.9,9.0,2026-06-25
297,PANW,Technology,Software - Infrastructure,NASDAQ,8934150,285.26,142.38,3,-60,-5.84,106.9,95.3,2.9,4.5,24.8,48.0,91,88,25,38,51.4,0,0,0,0,0,0,234540699005.12692,815000000.0,0.0317,0.311,6942040,8061496,0,50.6,34.6,2026-06-25
298,CLPT,Healthcare,Medical Devices,NASDAQ,893049,17.98,142.34,62,49,-40.27,107.4,44.4,12.1,23.3,41.5,23.8,91,29,16,27,57.4,0,0,0,0,0,0,532914548.2381325,29989563.0,0.16370001,0.429,1365177,713181,0,32.4,-12.5,2026-06-25
299,AMRX,Healthcare,Drug Manufacturers - Specialty & Generic,NASDAQ,1835110,17.27,142.33,19,25,3.97,121.5,100.0,5.0,15.3,26.6,38.2,91,72,78,88,78.2,0,0,0,0,0,0,5171359166.245911,319022792.0,0.0363,0.039,2272411,1750470,0,79.0,-6.9,2026-06-25
300,UMAC,Technology,Computer Hardware,NYSE ARCA,8063352,19.52,142.33,-3,-18,-43.19,147.8,43.4,-18.9,-27.1,-2.8,27.0,91,94,79,71,82.0,0,0,0,0,0,0,1193892174.6616783,47793923.0,0.1507,2.964,4688187,6356391,1,81.5,12.1,2026-06-25
301,MAMA,Consumer Defensive,Packaged Foods,NASDAQ,515211,19.24,142.29,9,19,7.31,144.6,100.0,15.4,24.4,31.6,44.2,91,82,92,91,82.8,0,0,0,0,0,0,723357491.2240334,40706667.0,0.0749,0.497,599364,485826,2,86.9,-3.2,2026-06-25
302,TGTX,Healthcare,Biotechnology,NASDAQ,2331772,53.6,142.18,12,-27,-0.87,103.2,97.3,3.4,16.4,29.8,57.3,91,79,40,23,49.7,0,0,0,0,0,0,8147108314.469604,153083580.0,0.26610002,0.696,3537457,2348605,0,47.9,29.8,2026-06-25
303,TXN,Technology,Semiconductors,NASDAQ,8579588,303.11,141.99,-1,-29,-8.57,103.4,88.6,0.8,2.6,7.8,46.5,91,92,64,36,55.8,0,0,0,0,0,0,293832545170.82263,910092791.0,0.0232,0.186,9476365,8702617,1,62.0,32.1,2026-06-25
304,ILPT,Real Estate,REIT - Industrial,NASDAQ,594581,8.7,141.95,-2,-16,-5.13,95.5,94.9,1.5,0.8,9.1,39.3,91,93,79,82,73.4,0,0,0,0,0,0,539990340.530859,66665471.0,0.014400001,0.04,579734,526618,1,81.9,13.4,2026-06-25
305,HPP,Real Estate,REIT - Office,NYSE,1203266,14.38,141.87,17,-51,-33.73,159.5,55.0,-2.0,1.5,23.2,20.9,91,74,6,9,1.8,0,0,0,0,0,0,793018384.672493,54242024.0,0.0114,-0.08,940028,1288685,0,22.7,55.9,2026-06-25
306,LFST,Healthcare,Medical Care Facilities,NASDAQ,3354253,9.65,141.1,19,5,5.93,160.7,100.0,9.7,18.5,26.7,47.1,91,72,58,78,74.5,0,0,0,0,0,0,3428873024.5700684,381834432.0,0.0431,0.212,3620090,4692224,0,70.6,-1.1,2026-06-25
307,AAON,Industrials,Building Products & Equipment,NASDAQ,1042201,131.6,140.84,4,-21,-12.53,84.9,80.3,1.1,-0.9,9.3,35.1,91,87,62,26,70.9,0,0,0,0,0,0,11198969091.18988,81911710.0,0.069,0.543,904993,1179666,0,61.5,22.8,2026-06-25
308,PSNL,Healthcare,Diagnostics & Research,NASDAQ,3145959,11.36,140.79,9,-6,-9.34,185.8,100.0,22.3,19.5,54.6,54.0,91,82,67,87,76.8,0,0,0,0,0,0,1103760368.9252071,104721098.0,0.1934,-0.249,3034628,2738133,0,78.2,3.1,2026-06-25
309,RAL,Technology,Electronic Components,NYSE,1881791,72.2,140.61,9,-44,2.82,91.6,100.0,7.0,12.5,29.4,50.2,91,82,29,69,,0,0,0,0,0,0,7631602064.799286,111933148.0,0.0876,0.11,1700503,1637500,0,60.0,,2026-06-25
310,CYTK,Healthcare,Biotechnology,NASDAQ,2041702,81.2,140.57,1,-4,1.25,144.6,99.2,5.7,9.2,12.1,25.7,91,90,85,87,84.3,0,0,0,0,0,0,10696007150.804413,135770593.0,0.1765,11.258,2334087,2592959,1,86.6,4.0,2026-06-25
311,UNFI,Consumer Defensive,Food Distribution,NYSE,696604,51.18,140.19,4,9,-10.24,134.2,84.7,-0.5,-1.6,-0.1,23.8,91,87,92,69,82.4,0,0,0,0,0,0,3129444673.9930725,60519140.0,0.0642,-0.042,737964,647226,1,82.6,5.4,2026-06-25
312,Q,Technology,Semiconductor Equipment & Materials,NYSE,2100179,158.73,140.12,-1,-10,-7.46,127.8,92.0,4.6,7.9,11.3,,90,91,82,28,,0,0,0,0,0,0,35374138304.466415,209339207.0,0.0225,0.176,2395667,1933909,1,67.0,,2026-06-25
313,IART,Healthcare,Medical Devices,NASDAQ,962048,17.78,139.94,15,-42,-2.84,103.4,100.0,2.6,5.6,25.1,41.2,90,75,18,18,56.5,0,0,0,0,0,0,1367669548.804567,77796903.0,0.1415,0.024,895436,1032239,0,41.9,26.3,2026-06-25
314,PTGX,Healthcare,Biotechnology,NASDAQ,645865,122.15,139.65,4,8,6.7,146.7,100.0,7.0,14.7,18.2,38.2,90,86,90,93,81.8,0,0,0,0,0,0,7258181596.032547,64311373.0,0.134,0.99,808965,645013,2,87.7,0.3,2026-06-25
315,JBHT,Industrials,Integrated Freight & Logistics,NASDAQ,1040321,269.06,139.39,1,-4,-8.34,110.2,90.8,-0.7,-1.5,5.1,33.3,90,89,84,85,73.5,0,0,0,0,0,0,25575829952.77133,94299203.0,0.0433,0.046,1048724,1005868,0,82.9,9.1,2026-06-25
316,REPL,Healthcare,Biotechnology,NASDAQ,6507023,11.27,139.34,81,114,-14.88,554.7,86.3,10.8,18.6,90.1,55.5,90,9,42,90,21.0,0,0,0,0,0,0,841414952.9611502,82572619.0,0.5633,,2671481,7372364,1,40.5,-25.5,2026-06-25
317,STLD,Basic Materials,Steel,NASDAQ,1242482,241.43,139.18,0,-13,-16.38,106.8,80.3,-4.0,-5.2,3.4,34.7,90,90,77,84,74.8,0,0,0,0,0,0,36040216627.83298,144212781.0,0.033,0.191,1547576,1226909,1,81.5,10.1,2026-06-25
318,DY,Industrials,Engineering & Construction,NYSE,554090,483.48,139.14,8,13,-14.65,107.8,86.0,4.9,3.6,11.0,35.2,90,82,87,91,77.4,0,0,0,0,0,0,13713863742.452543,30031455.0,0.081499994,0.561,547811,498762,1,84.4,-0.0,2026-06-25
319,DAVE,Technology,Software - Application,NASDAQ,629195,323.22,139.07,9,-19,1.43,107.0,99.7,5.7,12.4,20.6,46.1,90,81,53,91,47.1,0,0,0,0,0,0,3997867857.720642,12714247.0,0.1878,0.467,681437,616619,1,68.0,17.8,2026-06-25
320,VIK,Consumer Cyclical,Travel Services,NYSE,3588752,103.05,138.86,6,1,4.09,100.7,99.7,5.7,9.7,17.9,41.1,90,84,79,88,76.2,0,0,0,0,0,0,43353086922.14191,446157124.0,0.0327,0.175,3001227,3270425,0,81.8,3.6,2026-06-25
321,M,Consumer Cyclical,Department Stores,NYSE,7338597,25.34,138.67,7,-2,-1.21,133.2,100.0,3.8,9.4,21.5,27.0,90,83,74,89,83.5,0,0,0,0,0,0,6349736049.014374,263037954.0,0.1453,0.021,7280921,6156276,0,82.4,-0.6,2026-06-25
322,NVRI,Industrials,Waste Management,NYSE,1582086,21.81,138.6,2,8,-1.49,148.9,89.6,-3.4,1.5,4.1,19.4,90,88,94,95,83.8,0,0,0,0,0,0,618563543.9324379,28103750.0,0.0,0.003,376398,1286439,2,90.2,0.1,2026-06-25
323,HTLD,Industrials,Trucking,NASDAQ,654165,14.59,138.48,0,-15,-12.32,115.8,89.7,0.9,-0.5,9.8,45.1,90,90,75,47,67.5,0,0,0,0,0,0,1118951177.7240295,77489696.0,0.0525,-0.197,717336,577617,1,69.9,21.4,2026-06-25
324,FNKO,Consumer Cyclical,Leisure,NASDAQ,675385,5.65,138.33,6,-58,-7.22,129.7,99.1,4.0,5.0,13.6,44.4,90,84,20,15,19.8,0,0,0,0,0,0,306000921.38505554,55839584.0,0.1004,0.053,604076,722419,0,34.7,52.3,2026-06-25
325,RLJ,Real Estate,REIT - Hotel & Motel,NYSE,1929765,11.32,138.06,8,-17,-1.39,74.7,100.0,2.6,7.2,21.3,43.7,90,82,57,44,58.5,0,0,0,0,0,0,1736556814.5452728,151929726.0,0.1317,0.036,1702175,2444269,0,60.4,21.9,2026-06-25
326,KYMR,Healthcare,Biotechnology,NASDAQ,717056,99.87,137.95,2,5,-3.04,209.1,100.0,24.3,37.0,38.1,55.8,90,88,91,95,84.7,0,0,0,0,0,0,7438553707.943024,82257588.0,0.1585,0.555,1071198,637159,2,89.7,-0.1,2026-06-25
327,BFH,Financial Services,Credit Services,NYSE,722771,104.91,137.93,7,0,-0.28,94.1,100.0,2.0,8.2,15.4,40.5,90,83,76,85,72.7,0,0,0,0,0,0,4138087674.625092,40407065.0,0.0001,0.061,906294,699960,0,79.2,5.5,2026-06-25
328,MIRM,Healthcare,Biotechnology,NASDAQ,1067263,114.97,137.65,8,15,-0.02,142.4,100.0,10.5,16.6,17.4,35.0,90,82,89,89,81.9,0,0,0,0,0,0,6532918681.020058,60981227.0,0.14109999,0.433,1026279,975935,0,85.5,-2.1,2026-06-25
329,PWR,Industrials,Engineering & Construction,NYSE,1182591,701.88,137.31,-1,-1,-11.01,93.0,83.9,1.0,1.8,2.4,35.5,90,91,91,78,73.9,0,0,0,0,0,0,105379739635.25,150060149.0,0.0297,0.263,1283594,1176790,2,83.5,11.1,2026-06-25
330,UNIT,Real Estate,REIT - Specialty,NASDAQ,2200048,11.32,137.25,0,-17,-12.51,113.8,82.5,-3.7,-1.8,-0.3,38.2,90,90,73,37,63.2,0,0,0,0,0,0,2826374272.6441383,242815652.0,0.1192,2.36,2844465,2423053,1,65.8,25.7,2026-06-25
331,GEO,Industrials,Security & Protection Services,NYSE,2004744,29.38,137.22,11,-39,-0.88,121.2,96.2,0.9,8.8,26.9,58.7,90,79,29,13,33.7,0,0,0,0,0,0,3912343447.2683945,133618284.0,0.098500006,0.166,2572924,1966030,0,38.7,40.8,2026-06-25
332,SLDB,Healthcare,Biotechnology,NASDAQ,1940931,9.25,137.06,4,4,4.33,125.4,92.7,11.3,19.6,19.7,39.6,90,86,86,77,71.0,0,0,0,0,0,0,820085210.4688911,98449606.0,0.1122,,3588763,1565202,0,80.0,9.3,2026-06-25
333,AMLX,Healthcare,Drug Manufacturers - Specialty & Generic,NASDAQ,1290425,17.0,136.81,6,17,-8.63,178.6,92.4,11.3,18.8,14.9,22.9,90,84,95,96,87.6,0,0,0,0,0,0,1742289595.8728428,111186317.0,0.1741,,1592857,1227807,2,90.6,-5.3,2026-06-25
334,ARKO,Consumer Cyclical,Specialty Retail,NASDAQ,897904,7.7,136.8,3,-2,-12.05,94.5,74.9,-5.9,-4.6,3.0,33.2,90,87,82,40,57.9,0,0,0,0,0,0,840271024.6127262,112185721.0,0.0617,-0.031,1105924,934236,0,66.7,24.4,2026-06-25
335,NEO,Healthcare,Diagnostics & Research,NASDAQ,2400392,12.9,136.78,33,1,-6.11,183.7,100.0,19.4,23.5,42.1,36.2,90,57,25,82,73.0,0,0,0,0,0,0,1449257126.3015556,130211780.0,0.0767,0.111,4507868,2533855,0,59.3,-9.8,2026-06-25
336,ILMN,Healthcare,Diagnostics & Research,NASDAQ,1967021,175.09,136.64,8,1,-1.2,95.2,100.0,7.1,8.0,19.9,38.6,90,82,75,84,74.3,0,0,0,0,0,0,24500007891.845703,151300000.0,0.0834,0.048,2036254,1791694,0,78.8,4.1,2026-06-25
337,BRKR,Healthcare,Medical Devices,NASDAQ,2813239,58.44,136.42,17,-27,-9.45,107.5,94.6,7.8,6.7,28.2,43.6,90,73,29,74,57.1,0,0,0,0,0,0,8711872391.83664,152225624.0,0.1741,0.027,2147448,2570771,0,58.3,12.1,2026-06-25
338,CMI,Industrials,Specialty Industrial Machinery,NYSE,1032936,694.87,136.28,3,1,-5.81,128.3,100.0,4.3,7.1,8.6,32.5,90,87,85,88,80.8,0,0,0,0,0,0,98918840548.29578,137989067.0,0.0171,0.027,1139920,970798,0,85.2,3.1,2026-06-25
339,TWLO,Technology,Software - Infrastructure,NYSE,2781277,188.34,136.24,0,-36,-21.02,106.5,68.3,-0.9,-6.3,3.2,38.9,90,90,54,86,59.0,0,0,0,0,0,0,28255739238.29376,151773860.0,0.0468,0.2,2216173,2827936,1,72.3,19.9,2026-06-25
340,DVA,Healthcare,Medical Care Facilities,NYSE,826366,213.04,136.08,6,1,-0.19,105.4,100.0,1.8,5.8,15.2,48.3,90,84,79,21,55.5,0,0,0,0,0,0,13344703585.05249,64185000.0,0.1479,0.06,819380,863492,0,59.9,27.3,2026-06-25
341,MPWR,Technology,Semiconductors,NASDAQ,839159,1434.95,136.07,-3,-11,-16.29,102.2,74.3,-5.2,-7.0,-7.5,24.3,90,93,85,80,76.3,0,0,0,0,0,0,76823432409.01001,49129267.0,0.0635,0.261,1065217,757701,1,83.6,11.7,2026-06-25
342,JAZZ,Healthcare,Biotechnology,NASDAQ,920505,229.85,136.04,1,-2,-5.54,113.5,89.7,-1.1,-2.1,1.6,27.8,90,89,86,86,77.7,0,0,0,0,0,0,14112608536.525024,62817628.0,0.0704,0.191,907045,952111,0,84.7,6.6,2026-06-25
343,FROG,Technology,Software - Application,NASDAQ,2423198,76.66,136.0,0,-53,-14.02,126.8,82.2,-0.7,-2.9,18.0,40.9,90,90,37,93,71.1,0,0,0,0,0,0,10019023717.131226,121119724.0,0.038900003,0.258,2246116,2582393,2,72.8,14.1,2026-06-25
344,VIR,Healthcare,Biotechnology,NASDAQ,1933015,9.95,135.92,2,3,-14.67,130.8,82.2,7.0,9.2,4.1,30.9,90,88,89,38,72.4,0,0,0,0,0,0,1544852056.105751,168651974.0,0.11,,2552305,1855731,0,71.9,17.7,2026-06-25
345,AAMI,Financial Services,Asset Management,NYSE,520849,70.38,135.86,-1,-6,-17.91,109.5,73.8,-8.7,-7.4,-2.3,26.4,90,91,86,87,77.9,0,0,0,0,0,0,2677518502.565521,35628988.0,0.0462,0.393,724147,451663,1,85.5,7.9,2026-06-25
346,CGNX,Technology,Scientific & Technical Instruments,NASDAQ,2096413,63.64,135.86,0,-4,-11.49,116.2,95.2,2.4,3.5,7.9,37.0,90,90,86,41,79.2,0,0,0,0,0,0,11000325457.16407,166419451.0,0.038,0.243,2013571,2284702,1,74.0,15.6,2026-06-25
347,MGTX,Healthcare,Biotechnology,NASDAQ,871700,11.6,135.66,6,-23,-2.11,77.9,94.7,8.0,14.2,17.2,35.8,89,83,54,68,69.7,0,0,0,0,0,0,1048339692.8578186,92609516.0,0.0825,-0.848,982562,928198,0,68.7,12.6,2026-06-25
348,CLMT,Basic Materials,Specialty Chemicals,NASDAQ,821142,32.74,135.66,-2,3,-15.51,159.0,87.0,2.5,-0.9,2.6,34.9,89,91,96,73,79.3,0,0,0,0,0,0,2844482824.8896027,87147147.0,0.0614,0.036,784038,913007,2,84.8,8.9,2026-06-25
349,KNX,Industrials,Trucking,NYSE,4864224,74.52,135.65,2,-5,-10.07,97.9,87.6,0.3,-0.6,9.5,37.4,89,87,80,77,67.8,0,0,0,0,0,0,12048930347.946169,162494000.0,0.0634,0.014,4913902,4394936,0,78.0,12.3,2026-06-25
350,CRWD,Technology,Software - Infrastructure,NASDAQ,3544832,673.02,135.51,-1,-62,-14.34,93.8,76.0,-0.5,-2.1,15.4,37.2,89,90,29,66,46.2,0,0,0,0,0,0,174341258896.22314,254564820.0,0.03,0.256,2802288,3241785,1,57.8,32.8,2026-06-25
351,RSI,Consumer Cyclical,Gambling,NYSE,2635834,29.83,135.49,1,-3,-3.65,110.8,99.0,2.7,8.7,13.0,43.3,89,88,84,84,77.7,0,0,0,0,0,0,2994919454.2794685,102953573.0,0.0883,0.411,4372733,2504656,0,83.4,6.3,2026-06-25
352,LBRT,Energy,Oil & Gas Equipment & Services,NYSE,3396764,26.21,135.41,-5,-3,-23.98,172.0,72.1,-0.9,-4.4,-10.6,18.9,89,94,96,85,81.2,0,0,0,0,0,0,4435542736.682068,163191416.0,0.1004,0.045,3678524,3636800,2,89.0,8.0,2026-06-25
353,HNGE,Healthcare,Health Information Services,NYSE,1749822,70.56,135.34,16,-29,-0.23,141.1,100.0,9.3,16.4,35.1,56.1,89,73,28,62,60.8,0,0,0,0,0,0,5371728413.492752,77380129.0,0.0752,0.472,2045088,1638133,0,56.0,12.8,2026-06-25
354,TSM,Technology,Semiconductors,NYSE,13356702,440.83,135.34,2,2,-5.24,95.3,86.7,-0.8,0.3,5.7,28.2,89,87,87,84,75.4,0,0,0,0,0,0,2396773345562.98,5186474013.0,0.0058,0.351,14003906,13962925,0,83.3,6.4,2026-06-25
355,DBI,Consumer Cyclical,Footwear & Accessories,NYSE,767667,6.27,135.31,-3,-9,-31.62,158.3,52.9,-7.6,-18.9,-18.5,-2.0,89,92,86,97,85.6,0,0,0,0,0,0,320911147.9964633,50777079.0,0.48409998,0.014,952502,703392,2,90.1,2.8,2026-06-25
356,GEV,Industrials,Specialty Industrial Machinery,NYSE,2890654,1057.65,135.22,-2,1,-10.52,115.9,90.1,5.7,10.0,5.4,38.7,89,91,94,90,78.0,0,0,0,0,0,0,298206634802.9126,268719995.0,0.0342,0.163,3750652,2799982,3,88.3,6.4,2026-06-25
357,CPSH,Technology,Electronic Components,NASDAQ,3382087,5.39,135.07,-9,-21,-62.54,107.9,28.5,-24.9,-32.7,-17.7,11.7,89,98,86,86,64.4,0,1,0,0,0,1,128135181.0375824,19268448.0,0.0888,-0.064,1961871,2189326,1,83.6,20.4,2026-06-25
358,LNTH,Healthcare,Drug Manufacturers - Specialty & Generic,NASDAQ,1014324,104.85,134.89,2,-17,-2.91,117.5,100.0,3.7,6.4,15.1,51.6,89,87,68,39,41.5,0,0,0,0,0,0,6761917716.257599,65106082.0,0.111999996,0.012,900094,950952,0,58.9,34.3,2026-06-25
359,RKLB,Industrials,Aerospace & Defense,NASDAQ,29082240,85.41,134.69,-9,-14,-43.44,149.4,41.0,-19.9,-27.2,-23.6,8.0,89,98,93,97,84.1,0,1,0,0,0,1,67005558734.2432,624818725.0,0.0551,0.635,33406022,28092058,3,93.0,7.6,2026-06-25
360,KNSA,Healthcare,Drug Manufacturers - Specialty & Generic,NASDAQ,558237,59.13,134.49,3,5,-1.24,116.1,92.2,3.4,9.7,9.4,28.1,89,86,88,90,74.9,0,0,0,0,0,0,4240054108.7192383,76938016.0,0.0801,0.555,630551,702098,1,84.7,4.5,2026-06-25
361,BTQ,Technology,Software - Infrastructure,NASDAQ,5073322,5.51,134.46,57,31,-65.56,152.1,27.3,4.2,12.4,40.7,,89,32,6,31,,0,0,0,0,0,0,803755554.7639561,141630930.0,3.17,,7984417,4139019,0,23.0,,2026-06-25
362,CMBT,Energy,Oil & Gas Midstream,NYSE,1713200,15.46,134.45,1,-2,-12.75,84.2,71.2,-3.7,-3.3,-1.1,21.8,89,88,85,46,58.7,0,0,0,0,0,0,4184248091.118197,290169769.0,0.010199999,1.211,1213750,1619194,0,69.4,23.4,2026-06-25
363,MRCY,Industrials,Aerospace & Defense,NASDAQ,666427,105.0,134.33,4,-4,-14.05,110.8,79.0,-6.6,-5.8,8.7,25.5,89,85,77,85,78.0,0,0,0,0,0,0,6839530586.41507,60043283.0,0.0915,0.115,712201,635816,0,81.2,4.3,2026-06-25
364,SOLS,Basic Materials,Specialty Chemicals,NASDAQ,1783448,86.66,134.32,2,6,-4.56,109.8,96.5,2.2,3.4,4.9,,89,87,91,47,,0,0,0,0,0,0,13588881592.146782,158804273.0,0.0323,0.106,1447375,1953357,1,75.0,,2026-06-25
365,OUT,Real Estate,REIT - Specialty,NYSE,1864488,32.1,134.29,0,-2,-8.18,100.3,87.6,0.8,0.9,0.7,25.5,89,89,87,88,74.8,0,0,0,0,0,0,5489660295.530319,176063510.0,0.0422,0.1,1937756,1635709,0,84.7,7.5,2026-06-25
366,JBL,Technology,Electronic Components,NYSE,1363759,371.8,134.27,-3,-10,-13.32,94.6,94.3,-0.5,1.1,5.7,41.9,89,92,85,82,68.8,0,0,0,0,0,0,39234315584.50952,105502622.0,0.033299997,0.118,1742349,1306543,1,82.0,14.3,2026-06-25
367,BWA,Consumer Cyclical,Auto Parts,NYSE,3662426,68.19,134.23,2,4,-13.49,109.6,82.8,-3.3,-4.4,7.1,33.0,89,87,89,82,77.5,0,0,0,0,0,0,14735456610.286652,205114941.0,0.056500003,0.005,2991299,3147191,0,83.9,5.5,2026-06-25
368,TRLV,Healthcare,Drug Manufacturers - Specialty & Generic,NYSE,1274541,8.5,133.98,5,-31,-35.99,142.0,52.7,-10.7,-14.6,-5.1,12.6,89,84,48,92,85.3,0,0,0,0,0,0,1942301369.2593207,192307059.0,,-0.037,2549504,1022520,1,77.3,1.3,2026-06-25
369,MITK,Technology,Software - Application,NASDAQ,1120102,17.38,133.96,2,0,-3.28,104.0,97.6,3.7,5.8,13.5,45.7,89,87,85,62,70.2,0,0,0,0,0,0,779441778.5960407,45158851.0,0.0856,0.056,977427,1150155,0,76.1,13.6,2026-06-25
370,SEDG,Technology,Solar,NASDAQ,4094481,49.74,133.79,-7,-6,-38.78,171.8,55.2,-7.5,-17.1,-3.2,27.2,89,96,97,83,87.6,0,0,0,0,0,0,3530496579.699394,60818202.0,0.2049,0.415,2654584,4031920,2,90.9,6.7,2026-06-25
371,BEAM,Healthcare,Biotechnology,NASDAQ,2118668,33.9,133.63,6,-30,-6.97,111.9,91.8,4.8,7.5,10.8,24.3,89,83,47,80,75.5,0,0,0,0,0,0,3512296303.167511,102879214.0,0.3231,3.249,2397684,2140820,0,71.4,7.9,2026-06-25
372,ADI,Technology,Semiconductors,NASDAQ,5225570,413.16,133.62,0,-6,-6.04,89.4,87.7,-0.6,0.3,2.8,33.1,89,89,83,78,69.2,0,0,0,0,0,0,211619831236.2793,487087040.0,0.0217,0.372,5227471,4476738,0,79.8,12.7,2026-06-25
373,SPIR,Industrials,Specialty Business Services,NYSE,1696753,17.13,133.42,-8,-18,-33.94,127.8,48.6,-10.5,-14.3,-14.6,25.6,89,97,87,15,61.8,0,0,0,0,0,0,734358057.9488888,38711549.0,0.1172,-0.337,1739701,1761918,1,65.2,35.0,2026-06-25
374,CDNA,Healthcare,Diagnostics & Research,NASDAQ,816421,27.13,133.34,10,-28,3.31,140.7,100.0,12.0,17.3,25.9,49.7,89,79,41,66,52.9,0,0,0,0,0,0,1352445228.3452225,51659481.0,0.12560001,0.39,1061514,828794,0,59.7,19.4,2026-06-25
375,WCC,Industrials,Industrial Distribution,NYSE,515845,351.97,133.31,0,-6,-6.86,96.3,91.2,0.9,0.2,2.9,27.2,89,89,83,84,74.0,0,0,0,0,0,0,17794818627.669434,48704892.0,0.0379,0.138,469305,574449,0,82.5,9.1,2026-06-25
376,HBM,Basic Materials,Copper,NYSE,6211851,22.99,133.23,-4,-6,-28.49,159.7,63.4,-12.2,-14.5,-8.7,11.3,89,93,91,94,84.0,0,0,0,0,0,0,10958640983.817318,397196119.0,2.09,0.273,5737315,5702951,3,90.5,4.5,2026-06-25
377,HLIT,Technology,Communication Equipment,NASDAQ,4398342,14.54,132.93,-3,-51,-17.76,77.8,74.2,0.2,0.6,12.8,37.8,89,92,44,34,60.4,0,0,0,0,0,0,1636126246.6023788,108496436.0,0.056799997,0.434,2409236,3173231,1,57.6,32.2,2026-06-25
378,SHLS,Technology,Solar,NASDAQ,5663117,10.2,132.76,-3,-20,-22.61,132.0,65.8,-3.1,-9.0,4.2,14.2,88,91,74,91,75.1,0,0,0,0,0,0,1748182345.9399738,167771817.0,0.1185,0.749,5731551,5994002,2,82.8,9.6,2026-06-25
379,ALGT,Industrials,Airlines,NASDAQ,644418,107.32,132.76,13,18,-9.05,128.7,92.9,11.3,19.1,29.4,35.9,88,75,80,87,76.6,0,0,0,0,0,0,2708176957.4165344,26877500.0,0.0779,0.048,594415,602909,0,79.7,-3.7,2026-06-25
380,CLS,Technology,Electronic Components,NYSE,2130396,362.24,132.74,-4,-3,-23.58,142.7,65.7,-4.1,-7.1,-6.4,14.4,88,92,93,97,85.4,0,0,0,0,0,0,42833229609.36969,114973107.0,0.031400003,0.528,1679739,2300355,3,91.9,2.2,2026-06-25
381,GPRE,Basic Materials,Chemicals,NASDAQ,1524448,14.64,132.67,-5,-1,-22.7,161.7,73.2,1.0,-1.3,-6.6,16.1,88,93,97,85,86.6,0,0,0,0,0,0,1037847157.3084868,70030174.0,0.2141,-0.259,1671375,1564967,2,90.4,4.4,2026-06-25
382,REAL,Consumer Cyclical,Luxury Goods,NASDAQ,3286076,12.86,132.62,30,31,-26.06,159.5,63.1,7.0,18.3,15.7,3.9,88,58,59,96,85.9,0,0,0,0,0,0,1500072190.6187897,120487728.0,0.16440001,0.185,3613739,3559713,1,74.7,-21.6,2026-06-25
383,AUPH,Healthcare,Biotechnology,NASDAQ,1388804,18.62,132.33,13,20,10.31,134.9,90.4,4.4,8.2,10.1,19.4,88,75,82,93,79.8,0,0,0,0,0,0,2116783386.9216535,128601671.0,0.076,0.244,1652052,1312786,1,82.5,-6.7,2026-06-25
384,NRIX,Healthcare,Biotechnology,NASDAQ,2554450,19.3,131.87,6,-3,-14.22,172.6,100.0,23.4,30.9,33.4,47.0,88,82,73,92,72.5,0,0,0,0,0,0,1814771939.2576256,103405813.0,0.189,-0.661,2747301,1890762,1,79.9,3.6,2026-06-25
385,SVM,Basic Materials,Silver,NYSE ARCA,4154000,10.4,131.75,-6,-5,-34.05,160.7,56.2,-5.8,-7.5,-13.5,9.3,88,94,95,95,86.4,0,0,0,0,0,0,2504012628.694344,221202535.0,0.121300004,0.962,5469872,3991424,3,92.6,3.5,2026-06-25
386,VAC,Consumer Cyclical,Resorts & Casinos,NYSE,529378,99.15,131.66,7,-10,-0.87,117.0,99.2,3.0,7.4,21.8,47.2,88,81,64,23,43.3,0,0,0,0,0,0,3364590022.002685,34343064.0,0.1105,0.0,459435,518275,0,52.8,32.1,2026-06-25
387,MT,Basic Materials,Steel,NYSE,2159477,61.47,131.61,-2,-5,-15.21,103.4,76.2,-5.8,-8.0,-2.9,20.3,88,90,87,89,75.9,0,0,0,0,0,0,47972160258.29126,756539353.0,0.009,0.045,1823912,1965910,1,85.5,7.5,2026-06-25
388,ZVRA,Healthcare,Biotechnology,NASDAQ,2021037,13.08,131.6,20,14,-8.34,83.0,93.3,3.1,7.7,17.9,36.7,88,68,62,47,50.3,0,0,0,0,0,0,762584561.0493851,59115084.0,0.1021,0.775,1659162,1672282,0,56.8,13.6,2026-06-25
389,SWBI,Industrials,Aerospace & Defense,NASDAQ,843866,16.12,131.09,-1,2,-8.2,102.7,89.0,3.0,3.9,4.1,31.0,88,89,92,61,71.0,0,0,0,0,0,0,719211250.0275955,44727068.0,0.0356,0.267,1499019,678075,1,78.2,14.3,2026-06-25
390,DHT,Energy,Oil & Gas Midstream,NYSE,3186360,19.39,131.08,10,25,-5.64,68.7,79.7,-2.4,3.3,1.0,19.2,88,78,93,70,62.4,0,0,0,0,0,0,3042076424.637985,161041637.0,0.0791,0.781,3941531,3167008,1,75.8,7.9,2026-06-25
391,BKD,Healthcare,Medical Care Facilities,NYSE,4018654,14.69,130.96,5,16,-14.04,130.3,86.5,10.9,17.0,14.8,28.1,88,83,94,91,80.9,0,0,0,0,0,0,3259875505.1478863,238818725.0,0.1612,-0.067,4333782,3740818,2,87.2,-1.7,2026-06-25
392,RZLT,Healthcare,Biotechnology,NASDAQ,1972087,5.03,130.83,74,93,-56.1,259.3,38.1,7.8,17.0,36.6,-2.6,88,14,33,6,24.9,0,0,0,0,0,0,483387499.7833696,96292331.0,0.21440001,,2151653,1719324,0,19.5,-5.8,2026-06-25
393,LSTR,Industrials,Integrated Freight & Logistics,NASDAQ,518370,207.68,130.82,1,-11,-9.1,74.1,85.4,-1.6,-2.1,8.0,35.0,88,87,75,56,55.2,0,0,0,0,0,0,7036710546.91864,33928210.0,0.061300002,0.016,442840,493118,0,68.3,23.3,2026-06-25
394,CXW,Industrials,Security & Protection Services,NYSE,1244883,29.8,130.77,22,2,2.9,82.1,96.9,3.0,14.1,29.6,47.9,88,66,46,32,50.0,0,0,0,0,0,0,2857876456.277046,98888460.0,0.028299998,0.258,1675960,1152766,0,48.5,16.8,2026-06-25
395,CLSK,Financial Services,Capital Markets,NASDAQ,23525452,16.23,130.65,-4,-65,-31.26,94.0,51.2,-5.4,-6.1,7.1,20.3,88,92,31,35,59.4,0,0,0,0,0,0,4423932308.706951,256608606.0,0.45740002,-0.249,20340476,22409339,1,54.4,33.8,2026-06-25
396,AVBP,Healthcare,Biotechnology,NASDAQ,570313,32.02,130.63,8,-8,-4.75,99.6,100.0,6.8,9.2,13.1,43.0,88,80,64,52,52.3,0,0,0,0,0,0,1478288204.059845,46574928.0,0.1762,,590679,518777,0,62.1,21.1,2026-06-25
397,KSS,Consumer Cyclical,Department Stores,NYSE,5925388,18.91,130.49,35,32,-25.02,135.4,66.1,8.4,15.1,28.2,13.8,88,53,50,93,82.6,0,0,0,0,0,0,1956149879.25,113399993.0,0.254,-0.02,5458016,5344561,1,69.6,-22.5,2026-06-25
398,SSL,Basic Materials,Specialty Chemicals,NYSE,1644153,10.5,130.42,-6,-2,-26.93,131.2,58.2,-10.5,-17.1,-20.7,13.0,88,94,98,81,80.5,0,0,1,0,0,1,6866281126.98159,637537682.0,0.0075,0.002,2158760,1704316,2,88.4,9.0,2026-06-25
399,IPWR,Technology,Semiconductors,NASDAQ,1190098,5.26,130.2,-5,-77,-43.44,88.8,37.7,-12.0,-19.9,-7.4,14.6,88,93,21,9,32.8,0,0,0,0,0,0,96688645.5493412,16008054.0,0.045900002,,436905,884273,1,39.0,54.1,2026-06-25
400,ST,Technology,Scientific & Technical Instruments,NYSE,2403573,48.2,130.07,-1,-14,-10.56,72.4,82.5,-1.6,-2.1,5.6,33.5,88,89,76,73,65.8,0,0,0,0,0,0,7363224644.318184,145432046.0,0.0677,0.026,1769659,2344881,0,76.0,16.1,2026-06-25
401,ALMU,Technology,Semiconductors,NASDAQ,1431811,21.02,130.01,-1,-46,-33.88,90.1,46.6,-12.9,-14.6,-11.3,14.7,88,89,44,91,51.9,0,0,0,0,0,0,442806063.4261036,18305335.0,0.2346,-0.026,795103,1678744,1,69.0,22.7,2026-06-25
402,FTAI,Industrials,Aerospace & Defense,NASDAQ,1006565,272.14,130.01,3,12,-15.88,144.5,79.2,1.5,5.6,7.2,20.3,88,85,94,89,75.7,0,0,0,0,0,0,28324182896.239742,102582972.0,0.0938,0.655,1002525,1254591,1,85.9,2.9,2026-06-25
403,DAL,Industrials,Airlines,NYSE,7628301,90.65,129.97,7,1,3.73,90.7,100.0,7.9,11.4,21.5,37.0,88,81,75,84,71.9,0,0,0,0,0,0,55305783741.69876,656994340.0,0.0372,0.129,8887093,8047020,0,78.0,4.5,2026-06-25
404,IBKR,Financial Services,Capital Markets,NASDAQ,5312748,92.79,129.96,8,2,-5.13,76.3,89.5,-1.2,2.5,8.3,26.5,88,80,74,76,69.5,0,0,0,0,0,0,42766537344.0,445484764.0,0.0348,0.168,4572906,5025909,0,74.9,6.7,2026-06-25
405,ETSY,Consumer Cyclical,Internet Retail,NYSE,3020964,78.02,129.92,14,-25,1.97,76.4,99.1,5.8,9.8,18.4,29.5,88,74,35,37,51.6,0,0,0,0,0,0,7017575992.849686,94896231.0,0.1852,0.031,3126692,3164044,0,49.4,22.5,2026-06-25
406,SVRA,Healthcare,Biotechnology,NASDAQ,1664147,5.83,129.91,12,25,-16.77,194.1,81.4,8.9,12.9,14.8,17.7,88,76,89,96,86.8,0,0,0,0,0,0,1127099666.0,204927212.0,0.1723,,1916731,1478452,1,87.0,-10.7,2026-06-25
407,HELE,Consumer Defensive,Household & Personal Products,NASDAQ,566770,27.92,129.76,7,-64,-17.23,100.5,72.0,0.5,3.2,12.7,34.7,88,81,10,11,7.9,0,0,0,0,0,0,615631435.3802013,23257705.0,0.1777,-0.033,547511,681094,0,27.5,57.7,2026-06-25
408,OPLN,Consumer Cyclical,Auto & Truck Dealerships,NYSE,929647,39.41,129.62,5,-16,0.38,73.6,100.0,3.0,4.7,11.8,32.3,88,83,62,80,67.2,0,0,0,0,0,0,4033368223.0878143,105946106.0,0.0188,0.147,912801,906690,0,73.1,10.6,2026-06-25
409,CBRL,Consumer Cyclical,Restaurants,NASDAQ,1505003,48.38,129.61,57,50,-32.74,93.1,49.7,5.1,19.0,39.7,45.4,88,31,24,8,2.4,0,0,0,0,0,0,1058118119.810562,22351460.0,0.45049998,-0.029,2378591,1290632,0,16.3,19.6,2026-06-25
410,KYTX,Healthcare,Biotechnology,NASDAQ,846650,8.62,129.51,-6,-5,-36.94,221.6,64.9,0.4,1.6,-7.2,3.1,87,93,94,98,86.0,0,0,0,1,0,1,490617342.2867737,60795212.0,0.1112,,750502,1015266,3,92.8,2.4,2026-06-25
411,WWD,Industrials,Aerospace & Defense,NASDAQ,791313,432.8,129.34,9,19,-2.8,83.9,100.0,4.2,12.5,16.4,32.9,87,78,88,87,70.1,0,0,0,0,0,0,25625396058.81717,59582861.0,0.0248,0.234,989081,831314,0,80.8,1.2,2026-06-25
412,GBTG,Consumer Cyclical,Travel Services,NYSE,3356300,9.38,128.91,-1,-68,-1.68,88.9,97.4,0.2,0.2,10.7,26.9,87,88,21,48,53.3,0,0,0,0,0,0,4880827512.972307,521455950.0,0.026700001,0.353,3325622,4668088,0,52.6,32.0,2026-06-25
413,AAL,Industrials,Airlines,NASDAQ,104165616,17.44,128.9,18,-22,5.7,72.6,100.0,10.2,17.7,30.2,32.9,87,69,29,81,57.5,0,0,0,0,0,0,10575548189.250956,661385137.0,0.113900006,0.108,156859399,85353715,0,59.1,7.4,2026-06-25
414,VTRS,Healthcare,Drug Manufacturers - Specialty & Generic,NASDAQ,10261156,15.93,128.82,2,2,-9.13,83.9,84.7,0.8,0.9,1.7,23.0,87,85,85,82,69.9,0,0,0,0,0,0,17899174158.707527,1164552654.0,0.0354,0.081,10546999,11423871,0,80.5,8.1,2026-06-25
415,TALK,Healthcare,Health Information Services,NASDAQ,1954155,5.19,128.6,-1,5,-0.76,128.6,98.6,-0.2,-0.3,-0.1,26.4,87,88,94,82,70.5,0,0,0,0,0,0,872740475.2500973,167512566.0,0.04,0.182,2757527,1748555,1,83.6,9.3,2026-06-25
416,DUOT,Technology,Software - Application,NASDAQ,812050,11.34,128.51,-6,-62,-25.79,82.0,56.9,-8.5,-12.5,3.9,17.9,87,93,37,93,54.4,0,0,0,0,0,0,413083515.4168167,31413196.0,0.098900005,-0.45,596711,659548,2,69.3,24.9,2026-06-25
417,LPG,Energy,Oil & Gas Midstream,NYSE,769314,39.92,128.43,-3,-5,-17.04,54.4,54.7,-9.9,-10.7,-8.7,14.6,87,90,88,40,54.8,0,0,0,0,0,0,1692482919.1130714,42782681.0,0.0505,1.052,794912,639178,1,68.2,27.8,2026-06-25
418,WERN,Industrials,Trucking,NASDAQ,1040151,40.99,128.39,2,-30,-9.45,82.3,89.2,0.8,-0.4,9.7,32.4,87,85,53,59,56.7,0,0,0,0,0,0,2439370097.0210457,59950115.0,0.0875,0.136,977133,1076208,0,63.4,22.5,2026-06-25
419,DNLI,Healthcare,Biotechnology,NASDAQ,1851392,24.82,128.38,26,45,0.71,94.0,99.3,6.6,14.0,21.2,33.3,87,61,80,64,66.9,0,0,0,0,0,0,3699523884.709856,158709737.0,0.099700004,,1904118,1770151,0,68.0,-5.5,2026-06-25
420,RILY,Financial Services,Financial Conglomerates,NASDAQ,992307,7.51,127.98,-8,-11,-33.19,142.7,53.9,-17.1,-19.8,-18.7,3.2,87,95,92,59,83.2,0,0,0,0,0,0,361752264.0,40194696.0,0.1417,1.134,788713,956984,2,82.3,13.4,2026-06-25
421,XHR,Real Estate,REIT - Hotel & Motel,NYSE,859133,20.22,127.95,9,1,0.1,65.9,100.0,3.2,8.0,17.1,34.6,87,78,70,65,63.1,0,0,0,0,0,0,1846761658.926792,92245835.0,0.0792,0.022,1068551,837372,0,69.0,10.9,2026-06-25
422,MAC,Real Estate,REIT - Retail,NYSE,3913582,25.41,127.77,9,-4,-1.21,61.1,100.0,3.9,6.9,12.5,31.2,87,78,65,59,57.6,0,0,0,0,0,0,7031327781.5282345,297559375.0,0.0608,-0.067,4917547,3441559,0,64.9,15.3,2026-06-25
423,APLE,Real Estate,REIT - Hotel & Motel,NYSE,2859533,16.64,127.61,9,-20,-0.42,51.6,100.0,2.9,6.6,16.4,34.3,87,78,49,38,49.5,0,0,0,0,0,0,3916360756.88105,236067554.0,0.102299996,0.031,3074679,3417309,0,53.6,25.1,2026-06-25
424,INN,Real Estate,REIT - Hotel & Motel,NYSE,1696543,6.71,127.57,9,-37,0.6,69.7,100.0,4.8,10.0,22.1,34.0,87,78,32,28,42.6,0,0,0,0,0,0,718460479.541399,108365078.0,0.0001,0.003,2004829,1342647,0,45.1,32.3,2026-06-25
425,STT,Financial Services,Asset Management,NYSE,2176799,168.87,127.39,4,-8,-3.32,66.2,94.1,-0.1,2.8,8.2,28.8,87,83,71,81,64.0,0,0,0,0,0,0,46582658648.52924,276767033.0,0.0001,-0.028,2929578,2205301,0,74.7,11.1,2026-06-25
426,CENX,Basic Materials,Aluminum,NASDAQ,2164128,44.5,127.23,-9,-9,-36.82,165.8,55.7,-12.2,-21.2,-23.5,1.4,87,96,96,94,86.9,0,0,0,0,0,0,5117947879.756554,98974047.0,0.1171,0.024,2665635,1850019,3,93.2,5.0,2026-06-25
427,TEVA,Healthcare,Drug Manufacturers - Specialty & Generic,NYSE,6036258,34.22,127.07,1,3,-8.38,118.6,87.0,0.9,-0.1,-0.5,15.7,87,86,88,92,75.0,0,0,0,0,0,0,36656160545.52763,1164426972.0,0.0292,0.023,6358674,6529824,1,85.2,4.1,2026-06-25
428,CROX,Consumer Cyclical,Footwear & Accessories,NASDAQ,1267914,121.4,126.96,10,-36,-6.46,62.0,83.7,-4.0,-2.6,7.0,30.2,87,77,31,28,26.4,0,0,0,0,0,0,6213690634.040772,49689648.0,0.1463,-0.017,1200052,1224830,0,40.6,39.7,2026-06-25
429,NTAP,Technology,Software - Infrastructure,NASDAQ,3994078,155.56,126.57,5,-30,-19.33,64.3,69.5,-2.5,-5.8,14.5,33.8,87,82,47,46,51.7,0,0,0,0,0,0,31290372856.55037,195919927.0,0.1268,0.125,3298486,3204659,0,56.7,25.8,2026-06-25
430,AMPX,Industrials,Electrical Equipment & Parts,NYSE,8520081,12.52,126.54,-10,-8,-48.32,232.3,45.9,-17.2,-29.1,-31.6,-8.9,87,97,99,94,91.0,0,0,1,0,0,1,2290111349.705296,141627170.0,0.1838,1.529,6909994,8870970,4,95.2,3.4,2026-06-25
431,TGT,Consumer Defensive,Discount Stores,NYSE,5506512,141.2,126.48,10,16,2.42,66.8,97.2,4.3,7.8,9.3,28.8,87,77,83,39,48.8,0,0,0,0,0,0,59380948477.82629,454191112.0,0.0345,0.067,4918667,5248483,0,61.9,21.1,2026-06-25
432,ACA,Industrials,Engineering & Construction,NYSE,535297,144.34,126.42,15,12,4.78,73.3,100.0,6.1,11.0,15.5,30.7,87,72,69,77,63.9,0,0,0,0,0,0,6669249905.963745,49096364.0,0.033,0.044,1094192,444600,0,70.5,3.4,2026-06-25
433,NTCT,Technology,Software - Infrastructure,NASDAQ,667245,40.29,126.33,-3,-10,-8.01,95.3,87.4,0.0,-1.2,6.1,32.7,87,90,83,71,64.6,0,0,0,0,0,0,2836215048.1383514,71495215.0,0.056700002,-0.01,678346,626343,1,77.1,17.2,2026-06-25
434,TENX,Healthcare,Biotechnology,NASDAQ,799379,12.93,126.01,0,10,-29.65,124.6,57.1,6.8,11.3,4.6,15.3,86,86,96,94,80.9,0,0,0,0,0,0,318301908.0,26525159.0,0.030199999,,1120518,761069,2,89.2,-0.0,2026-06-25
435,RMBS,Technology,Semiconductors,NASDAQ,2559417,124.52,125.9,-8,-26,-28.48,99.8,56.8,-8.7,-14.2,-8.7,14.4,86,94,76,86,75.7,0,0,0,0,0,0,15265695433.3853,108136967.0,0.0908,0.081,2970882,2697032,1,82.9,12.6,2026-06-25
436,CAMT,Technology,Semiconductor Equipment & Materials,NASDAQ,536790,166.9,125.9,-6,-4,-22.73,119.0,69.9,-8.2,-5.6,-6.7,18.0,86,92,94,80,77.2,0,0,0,0,0,0,8986040299.93991,46044477.0,0.10569999,0.025,458271,472512,2,85.8,9.6,2026-06-25
437,DRH,Real Estate,REIT - Hotel & Motel,NASDAQ,1843962,12.19,125.88,8,5,-1.22,65.5,100.0,2.5,5.7,12.9,30.9,86,78,75,72,61.7,0,0,0,0,0,0,2517279261.017667,204490591.0,0.09,0.013,1921936,1854673,0,71.7,9.6,2026-06-25
438,TGB,Basic Materials,Copper,NYSE ARCA,5023648,6.37,125.88,-6,-5,-31.14,125.0,61.2,-7.6,-8.6,-8.6,7.0,86,92,93,95,81.6,0,0,0,0,0,0,2610721794.5608163,365647317.0,1.33,0.704,4791314,4962638,3,90.4,4.5,2026-06-25
439,CVS,Healthcare,Healthcare Plans,NYSE,8667195,101.87,125.59,8,-23,-0.88,78.1,100.0,3.5,7.4,15.4,29.5,86,78,47,81,57.8,0,0,0,0,0,0,125449172434.85788,1275927307.0,0.0139999995,0.061,9686797,8516981,0,65.9,12.6,2026-06-25
440,CAKE,Consumer Cyclical,Restaurants,NASDAQ,1225178,78.17,125.54,19,6,-0.89,83.2,100.0,3.9,11.1,21.3,37.3,86,67,54,34,39.9,0,0,0,0,0,0,3835213291.272156,49685363.0,0.34669998,0.056,1545806,1265665,0,48.7,21.4,2026-06-25
441,ROKU,Communication Services,Entertainment,NASDAQ,5385724,135.93,125.54,0,-47,-8.7,68.5,86.0,-0.8,3.3,7.8,27.4,86,86,39,82,61.6,0,0,0,0,0,0,20481603946.110477,148342166.0,0.0685,0.224,11949533,4406392,0,67.1,17.7,2026-06-25
442,LTH,Consumer Cyclical,Leisure,NYSE,2719840,38.87,125.39,12,-24,4.66,62.1,100.0,9.6,15.6,24.9,41.1,86,74,38,42,41.3,0,0,0,0,0,0,8218492679.362213,222602738.0,0.0552,0.117,2819032,2891414,0,48.8,26.4,2026-06-25
443,ADAM,Real Estate,REIT - Mortgage,NASDAQ,795758,9.32,125.32,5,-6,-2.1,47.4,99.0,1.5,2.4,6.8,19.6,86,81,70,75,48.5,0,0,0,0,0,0,820431926.3237877,89861108.0,0.0367,0.107,1058795,819939,0,68.6,18.5,2026-06-25
444,DK,Energy,Oil & Gas Refining & Marketing,NYSE,1123556,44.41,125.27,-2,6,-11.76,135.4,93.6,6.1,3.4,6.5,24.7,86,88,96,87,81.5,0,0,0,0,0,0,2541594441.553894,61287542.0,0.1438,0.004,1133389,1235009,1,88.1,2.6,2026-06-25
445,SNDR,Industrials,Trucking,NYSE,1128718,34.97,125.19,2,-18,-10.95,78.8,86.2,-0.6,-1.2,8.9,32.3,86,84,64,72,53.9,0,0,0,0,0,0,6248435362.8836975,175124308.0,0.1247,-0.002,1164226,1154281,0,68.5,19.4,2026-06-25
446,MCHP,Technology,Semiconductors,NASDAQ,11652963,92.48,125.11,-2,-35,-12.68,92.0,83.7,-2.0,-0.5,1.6,28.6,86,88,55,64,41.0,0,0,0,0,0,0,54083248045.64585,542079281.0,0.0704,0.351,12299600,11594450,0,62.0,31.6,2026-06-25
447,CC,Basic Materials,Specialty Chemicals,NYSE,2447702,21.17,125.09,-4,0,-26.16,103.8,62.3,-0.8,-1.1,-7.8,21.8,86,90,94,22,73.6,0,0,0,0,0,0,3273722793.767452,150377709.0,0.0868,0.01,2339658,2643729,2,69.9,21.4,2026-06-25
448,NSA,Real Estate,REIT - Industrial,NYSE,766051,44.44,124.95,4,5,-4.37,62.9,95.2,0.1,1.9,3.8,28.5,86,82,83,28,43.5,0,0,0,0,0,0,3432097150.758488,77212533.0,0.0001,0.18,701224,876314,0,59.1,30.0,2026-06-25
449,STNG,Energy,Oil & Gas Midstream,NYSE,813659,78.39,124.79,1,9,-10.3,92.8,76.5,-4.4,-2.3,-4.7,13.4,86,85,93,63,72.2,0,0,0,0,0,0,4010350172.448944,49768554.0,0.04,0.462,789618,956863,1,78.3,10.0,2026-06-25
450,AYA,Basic Materials,Silver,NASDAQ,517768,17.12,124.75,-3,-14,-22.18,119.4,74.8,-4.5,-3.9,-1.4,19.4,86,89,78,91,76.0,0,0,0,0,0,0,2849792889.816103,143349749.0,27.3,2.466,654816,412417,1,83.5,7.2,2026-06-25
451,ASPN,Industrials,Building Products & Equipment,NYSE,1587886,5.73,124.73,-5,-72,-41.41,121.0,49.8,-4.6,-4.6,11.9,22.0,86,91,24,5,5.1,0,0,0,0,0,0,523785517.1868577,82877453.0,0.1012,-0.519,1445388,1699609,1,31.3,66.8,2026-06-25
452,ADPT,Healthcare,Diagnostics & Research,NASDAQ,2821108,19.34,124.72,35,35,-6.84,97.8,97.9,12.8,18.3,33.3,30.0,86,51,51,92,73.1,0,0,0,0,0,0,2805578301.653763,160044392.0,0.065,0.351,4834244,2335040,1,66.8,-19.3,2026-06-25
453,ASC,Industrials,Marine Shipping,NYSE,644912,16.94,124.68,0,3,-15.43,65.9,62.8,-5.8,-4.1,-8.3,13.4,86,86,89,36,62.1,0,0,0,0,0,0,696500608.5280304,40802614.0,0.053400002,0.188,577456,655657,0,68.3,21.7,2026-06-25
454,SQM,Basic Materials,Specialty Chemicals,NYSE,1215286,75.58,124.57,-1,6,-22.88,113.3,63.6,-8.3,-7.8,-13.6,5.7,86,87,94,93,78.9,0,0,0,0,0,0,22762477616.87793,285637808.0,1.37,0.698,1186439,1250565,2,88.2,2.2,2026-06-25
455,HST,Real Estate,REIT - Hotel & Motel,NASDAQ,9346638,24.58,124.49,4,-2,-3.08,63.6,98.5,0.7,2.6,10.3,29.5,86,82,76,70,60.2,0,0,0,0,0,0,17128830974.566427,684879281.0,0.0752,0.028,10905784,8674512,0,72.1,13.9,2026-06-25
456,TD,Financial Services,Banks - Diversified,NYSE,2144144,118.82,124.45,3,-2,-1.21,67.3,100.0,1.7,3.9,8.8,27.6,86,83,78,88,65.5,0,0,0,0,0,0,197073165302.49783,1652051000.0,3.76,-0.315,2237402,2055420,0,78.6,8.2,2026-06-25
457,NKTR,Healthcare,Biotechnology,NASDAQ,933924,64.84,124.39,-10,-8,-40.51,186.1,51.3,-0.1,1.8,-14.8,1.2,86,96,98,96,85.5,0,0,1,0,0,1,2060272215.893982,33786032.0,0.1507,0.038,827694,1074096,3,93.9,5.1,2026-06-25
458,CORT,Healthcare,Biotechnology,NASDAQ,1068506,81.56,124.39,19,-39,-10.37,163.6,90.4,3.3,9.4,36.6,40.8,86,67,9,36,17.5,0,0,0,0,0,0,8578466269.673279,107351594.0,0.10569999,0.049,1040859,1095969,0,32.4,36.8,2026-06-25
459,SHMD,Industrials,Specialty Industrial Machinery,NASDAQ,1267450,5.84,124.35,-7,-8,-45.16,171.0,43.1,-7.5,-6.2,-9.0,-1.3,86,93,92,95,78.5,0,0,0,0,0,0,425006645.5609913,64985726.0,0.0616,-0.375,1296380,1189612,3,89.6,7.0,2026-06-25
460,RHP,Real Estate,REIT - Hotel & Motel,NYSE,619006,129.77,124.1,13,-14,2.77,52.4,100.0,4.9,8.3,16.6,32.3,86,73,46,52,37.5,0,0,0,0,0,0,7898125487.097107,63109272.0,0.040900003,0.132,643559,622299,0,52.1,24.6,2026-06-25
461,LIVN,Healthcare,Medical Devices,NASDAQ,735449,79.95,124.08,6,6,-1.24,97.1,100.0,2.1,5.6,13.8,28.6,86,80,80,85,68.6,0,0,0,0,0,0,4312282733.0,54933538.0,0.0699,0.143,851267,809883,0,78.4,4.7,2026-06-25
462,FDX,Industrials,Integrated Freight & Logistics,NYSE,2102552,316.83,124.07,1,2,-8.26,88.3,94.3,-0.0,-0.0,3.8,26.4,86,85,86,76,69.2,0,0,0,0,0,0,77833526719.88013,238606756.0,0.0152,0.083,2354193,2098869,0,79.1,9.6,2026-06-25
463,ALB,Basic Materials,Specialty Chemicals,NYSE,2233291,147.84,123.97,-5,0,-33.1,133.6,52.0,-11.1,-12.4,-21.1,-4.4,86,91,96,94,82.9,0,0,0,0,0,0,18910822007.665985,117934651.0,0.00059999997,0.327,2497014,2258006,3,91.0,3.0,2026-06-25
464,BEN,Financial Services,Asset Management,NYSE,4364233,32.47,123.91,5,-17,-5.0,54.2,90.0,-0.7,1.9,6.3,26.0,86,81,59,70,46.8,0,0,0,0,0,0,17174007807.648308,519637162.0,0.0471,0.087,4946041,4926942,0,64.2,21.5,2026-06-25
465,PK,Real Estate,REIT - Hotel & Motel,NYSE,4925991,14.34,123.89,18,3,-4.08,48.1,96.9,0.4,4.3,18.0,28.8,86,68,53,38,46.5,0,0,0,0,0,0,2964046264.969411,201361835.0,0.2694,-0.011,4424125,4830419,0,51.4,18.2,2026-06-25
466,USAR,Basic Materials,Other Industrial Metals & Mining,NASDAQ,16872675,21.42,123.62,-9,-14,-51.3,115.0,38.0,-8.8,-14.6,-14.4,3.1,85,94,89,65,62.7,0,0,0,0,0,0,6028403203.9518585,244659227.0,0.1257,,15062067,18247287,1,77.7,22.0,2026-06-25
467,BAP,Financial Services,Banks - Regional,NYSE,616293,376.49,123.61,3,7,-5.53,75.0,96.1,1.7,7.1,12.5,23.3,85,82,86,86,68.1,0,0,0,0,0,0,30409638590.78247,79448317.0,0.0252,0.256,538789,532303,0,80.5,5.8,2026-06-25
468,STAA,Healthcare,Medical Instruments & Supplies,NASDAQ,879541,28.92,123.54,-2,-56,-19.38,93.9,87.6,7.5,6.8,9.0,27.8,85,87,33,59,70.8,0,0,0,0,0,0,1449841016.184168,49788495.0,0.221,1.196,535985,863531,0,62.5,19.1,2026-06-25
469,PAYS,Technology,Software - Infrastructure,NASDAQ,707884,7.69,123.54,-7,-14,-13.4,142.8,84.4,6.2,7.7,15.5,44.4,85,92,85,81,26.8,0,0,0,0,0,0,413702725.53159,55905773.0,0.0327,0.508,475932,703066,1,71.2,35.5,2026-06-25
470,ANNX,Healthcare,Biotechnology,NASDAQ,2899059,5.3,123.53,-7,-7,-26.18,151.2,63.1,4.7,1.0,-5.9,7.6,85,92,92,93,77.8,0,0,0,0,0,0,802828451.825242,163842538.0,0.1684,,3463998,2616261,3,88.7,6.9,2026-06-25
471,SMJF,Consumer Cyclical,Textile Manufacturing,NYSE ARCA,573280,5.2,123.48,-7,-80,-25.71,308.4,95.3,2.8,3.7,27.2,,85,92,19,60,,0,0,0,0,0,0,144620094.18725967,27705000.0,0.0196,0.086,487220,658086,1,57.0,,2026-06-25
472,NXPI,Technology,Semiconductors,NASDAQ,4079660,294.06,123.47,-3,-54,-13.5,62.1,77.1,-2.2,-3.1,3.4,26.9,85,88,37,53,43.3,0,0,0,0,0,0,79091612144.59988,252471079.0,0.0366,0.122,4433472,4116858,0,55.3,34.5,2026-06-25
473,C,Financial Services,Banks - Diversified,NYSE,11758975,143.59,123.41,5,-1,-2.95,75.5,98.9,1.5,5.9,10.6,26.9,85,80,74,88,69.5,0,0,0,0,0,0,243999835018.29376,1705576955.0,0.0004,0.159,14842016,11905587,0,77.9,4.2,2026-06-25
474,EC,Energy,Oil & Gas Integrated,NYSE,3491609,14.59,123.2,-2,4,-13.21,74.3,74.3,-8.2,-7.6,-0.3,21.2,85,87,93,70,57.3,0,0,0,0,0,0,34085739749.45225,2055834735.0,0.0405,-0.087,3992619,3184743,1,76.8,17.7,2026-06-25
475,WSC,Industrials,Rental & Leasing Services,NASDAQ,2097315,28.85,123.15,16,-29,-9.5,94.1,84.5,2.4,6.6,16.5,35.1,85,69,24,17,10.9,0,0,0,0,0,0,5219886569.977596,180994679.0,0.18280001,-0.02,1807716,2601121,0,30.2,44.0,2026-06-25
476,MS,Financial Services,Capital Markets,NYSE,6153205,219.86,123.03,5,-10,-4.6,60.5,93.2,0.1,2.5,9.6,24.9,85,80,65,84,62.6,0,0,0,0,0,0,352002649721.7952,1577284817.0,0.0,0.163,6610415,5955781,0,72.9,9.4,2026-06-25
477,CON,Healthcare,Medical Care Facilities,NYSE,858741,29.14,122.96,17,9,0.69,58.3,100.0,4.0,10.0,17.8,33.7,85,68,60,37,46.0,0,0,0,0,0,0,3654588368.4610367,127961780.0,0.0373,0.137,964984,827334,0,52.8,18.0,2026-06-25
478,BHP,Basic Materials,Other Industrial Metals & Mining,NYSE,2994303,80.72,122.89,0,-1,-13.97,73.6,74.2,-6.9,-7.1,-3.8,18.4,85,85,84,75,66.9,0,0,0,0,0,0,223220130211.30615,2540345092.0,0.0061000003,0.108,3197781,2729442,0,77.7,11.2,2026-06-25
479,LUV,Industrials,Airlines,NYSE,6680113,50.94,122.88,19,18,-7.57,79.2,89.5,8.8,15.8,24.3,31.0,85,66,65,81,63.3,0,0,0,0,0,0,23446475609.2576,488773713.0,0.0792,0.128,7789620,7056840,0,68.8,-1.5,2026-06-25
480,CPRX,Healthcare,Biotechnology,NASDAQ,2156074,31.42,122.88,4,-16,-3.5,64.2,100.0,0.1,0.3,4.1,27.4,85,81,61,62,48.3,0,0,0,0,0,0,3841532185.721243,122419767.0,0.0829,0.056,1784603,2478614,0,63.1,22.2,2026-06-25
481,MRTN,Industrials,Trucking,NASDAQ,911710,16.84,122.85,0,-16,-8.87,84.0,89.1,-0.1,-1.1,7.0,34.5,85,85,69,33,39.4,0,0,0,0,0,0,1374776955.873785,81589135.0,0.067,-0.088,878831,925890,0,56.6,34.8,2026-06-25
482,GOOGL,Communication Services,Internet Content & Information,NASDAQ,32504900,345.29,122.84,-4,-12,-15.5,101.4,74.6,-3.9,-5.4,-6.9,9.7,85,89,81,91,77.3,0,0,0,0,0,0,4490912973770.15,12202573129.0,0.014199999,0.218,34297801,30664904,1,84.6,6.3,2026-06-25
483,SB,Industrials,Marine Shipping,NYSE,771676,6.78,122.58,1,6,-8.13,82.8,80.4,-2.6,-0.6,-2.0,17.1,85,84,89,78,69.0,0,0,0,0,0,0,682238066.5781212,101826580.0,0.0514,0.156,953200,625118,0,80.0,8.2,2026-06-25
484,GOOG,Communication Services,Internet Content & Information,NASDAQ,22571242,345.04,122.57,-4,-13,-14.69,99.5,75.0,-4.0,-5.3,-6.7,9.4,85,89,80,91,76.8,0,0,0,0,0,0,4483957417712.306,12202573129.0,2.2,0.218,22300548,20988845,1,84.2,6.6,2026-06-25
485,IMNM,Healthcare,Biotechnology,NASDAQ,1378500,19.75,122.56,-4,1,-28.57,131.0,59.2,3.4,0.7,-9.0,-0.7,85,89,94,97,79.4,0,0,0,0,0,0,2122312357.639042,113250394.0,0.1742,,1666960,1159734,2,89.9,2.7,2026-06-25
486,GPCR,Healthcare,Biotechnology,NASDAQ,778997,48.16,122.45,11,28,-49.25,197.8,41.3,7.4,15.0,14.5,-1.0,85,74,91,98,78.9,0,0,0,1,0,1,3163526587.863785,71074516.0,0.1075,,957312,833646,2,85.5,-9.0,2026-06-25
487,AUGO,Basic Materials,Gold,NASDAQ,1033731,57.89,122.41,-9,-6,-47.53,160.1,43.9,-2.2,-4.4,-20.3,1.8,85,94,97,94,,0,0,0,0,0,0,5305590076.446533,83500000.0,0.088,1.365,1192135,939063,3,95.0,,2026-06-25
488,SSRM,Basic Materials,Gold,NASDAQ,2843174,28.35,122.3,-4,-1,-22.37,141.2,69.6,-3.1,-1.3,-5.7,9.3,85,89,92,93,82.2,0,0,0,0,0,0,6421848805.753124,207491071.0,0.025999999,0.837,3471572,2918084,2,89.1,2.3,2026-06-25
489,BHVN,Healthcare,Biotechnology,NYSE,3167250,14.96,122.17,64,56,-19.42,96.9,73.2,13.9,25.9,43.3,32.7,85,21,13,13,10.5,0,0,0,0,0,0,2043112588.3524325,150560990.0,0.2147,,4099631,2638954,0,14.4,7.7,2026-06-25
490,HXL,Industrials,Aerospace & Defense,NYSE,954478,95.48,122.13,9,14,-5.94,72.7,91.8,-1.5,2.6,5.1,20.4,85,76,81,79,68.4,0,0,0,0,0,0,7363955766.753052,75427184.0,0.0699,0.099,1071185,1064817,0,76.1,2.7,2026-06-25
491,TRMD,Energy,Oil & Gas Midstream,NASDAQ,1048142,28.7,122.0,0,7,-18.77,66.3,60.6,-5.6,-3.9,-9.7,9.5,85,85,92,65,61.1,0,0,0,0,0,0,3010616924.7600174,102367118.0,0.0306,0.222,1179317,924709,1,75.8,15.2,2026-06-25
492,NWL,Consumer Defensive,Household & Personal Products,NASDAQ,9863179,5.51,121.98,65,68,-17.02,89.4,84.8,16.7,33.6,39.9,38.8,85,20,23,12,19.6,0,0,0,0,0,0,2090644670.659416,424927772.0,0.1761,-0.011,11314637,8577409,0,18.6,1.5,2026-06-25
493,WST,Healthcare,Medical Instruments & Supplies,NYSE,727265,340.41,121.97,6,-25,1.07,65.0,100.0,4.2,6.1,11.4,26.8,85,79,48,62,58.1,0,0,0,0,0,0,23168879642.6474,70647595.0,0.038399998,0.21,770315,853071,0,61.8,17.0,2026-06-25
494,FSLY,Technology,Software - Application,NASDAQ,6970695,16.38,121.96,-6,2,-52.96,155.0,36.3,-7.4,-11.2,-21.6,6.0,85,91,99,82,82.7,0,0,1,0,0,1,2801349940.299988,156500000.0,0.14649999,0.198,5418355,9305259,2,88.7,5.2,2026-06-25
495,WSR,Real Estate,REIT - Retail,NYSE,628233,18.96,121.95,1,-2,-0.73,65.3,98.2,-0.3,-0.4,-0.2,24.0,85,84,81,63,55.2,0,0,0,0,0,0,973915903.3604928,51393977.0,0.019199999,0.089,929961,536606,0,70.8,18.9,2026-06-25
496,PRCH,Financial Services,Insurance - Property & Casualty,NASDAQ,1661918,13.15,121.94,25,-16,-32.34,102.0,51.7,9.8,18.7,28.6,22.4,85,60,19,35,24.8,0,0,0,0,0,0,1354412495.1202106,109403270.0,0.2159,0.156,2001176,1990195,0,34.7,26.7,2026-06-25
497,WNC,Industrials,Farm & Heavy Construction Machinery,NYSE,885468,13.1,121.93,60,69,1.24,105.9,100.0,25.3,46.7,62.2,50.9,84,24,33,19,39.3,0,0,0,0,0,0,462056251.1557016,40673967.0,0.0758,-0.204,1227854,862830,0,28.8,-7.6,2026-06-25
498,PTEN,Energy,Oil & Gas Drilling,NASDAQ,8666053,9.52,121.63,-10,-8,-27.22,88.6,59.8,-6.0,-11.6,-14.3,18.1,84,94,96,38,63.1,0,0,0,0,0,0,3811361221.638736,379617653.0,0.0832,-0.127,10182480,9040414,2,72.8,26.4,2026-06-25
499,YOU,Technology,Software - Application,NYSE,1391340,52.95,121.57,-8,-10,-15.59,97.6,74.1,2.5,-0.6,-4.2,26.3,84,92,90,79,76.2,0,0,0,0,0,0,5184320996.627026,100764255.0,0.1272,0.197,1536330,1482314,2,84.3,10.7,2026-06-25
500,TRGP,Energy,Oil & Gas Midstream,NYSE,1189687,266.32,121.54,-2,0,-4.89,86.9,97.5,2.9,3.4,5.8,30.8,84,86,88,59,63.0,0,0,0,0,0,0,55502617555.558685,214643903.0,0.0249,-0.102,1294721,1194968,0,74.0,16.7,2026-06-25
501,URI,Industrials,Rental & Leasing Services,NYSE,516285,1083.72,121.29,14,-14,-2.09,60.4,100.0,5.5,7.4,16.7,28.4,84,70,42,55,57.3,0,0,0,0,0,0,67458442713.8667,62646557.0,0.025,0.072,531877,550655,0,56.1,12.1,2026-06-25
502,VLO,Energy,Oil & Gas Refining & Marketing,NYSE,3019085,242.43,121.26,-2,6,-8.73,93.6,94.2,3.4,1.8,3.6,25.8,84,86,94,74,72.6,0,0,0,0,0,0,70165217292.76694,296932782.0,0.036,0.066,3385606,3036449,1,81.6,8.3,2026-06-25
503,GSIT,Technology,Semiconductors,NASDAQ,1926619,6.63,121.23,-12,-22,-63.47,136.8,39.6,-7.0,-17.1,-18.2,-3.5,84,96,86,96,76.9,0,0,0,0,0,0,289909020.42201805,38246573.0,0.0785,0.074,1002558,1828375,2,88.7,10.5,2026-06-25
504,VLRS,Industrials,Airlines,NYSE,649406,9.23,121.18,19,20,-14.54,119.4,82.1,8.8,16.3,23.9,22.3,84,65,66,88,78.8,0,0,0,0,0,0,1030251981.9696712,114855290.0,0.0255,0.136,660918,572441,0,74.4,-11.6,2026-06-25
505,BMO,Financial Services,Banks - Diversified,NYSE,781289,172.37,121.17,4,-3,-0.48,63.9,100.0,2.4,4.5,10.0,25.5,84,80,73,76,63.4,0,0,0,0,0,0,119645171987.58452,700416619.0,5.11,0.158,778027,791493,0,73.1,9.8,2026-06-25
506,UNCY,Healthcare,Biotechnology,NASDAQ,942546,7.89,121.04,7,4,-9.73,119.5,92.7,9.3,11.3,8.8,32.0,84,77,74,64,24.4,0,0,0,0,0,0,187642232.33759737,27393027.0,0.1088,,1290608,782251,0,59.9,29.2,2026-06-25
507,MFG,Financial Services,Banks - Regional,NYSE,4014224,9.58,121.04,4,2,-7.8,76.9,85.5,-2.2,0.1,6.2,20.7,84,80,78,82,66.6,0,0,0,0,0,0,125476588936.0689,12182192875.0,0.00059999997,0.167,4721133,3801200,0,76.7,6.5,2026-06-25
508,UAL,Industrials,Airlines,NASDAQ,5870278,130.54,121.02,24,8,4.61,75.4,100.0,11.6,17.6,30.3,31.1,84,60,44,83,66.3,0,0,0,0,0,0,38403090117.90918,324569728.0,0.045300003,0.106,6594664,6490354,0,63.3,-6.1,2026-06-25
509,UNH,Healthcare,Healthcare Plans,NYSE,7125678,405.8,120.96,6,-49,-2.45,74.8,100.0,2.1,4.0,9.2,23.9,84,78,23,26,42.9,0,0,0,0,0,0,364129572467.817,908144404.0,0.023699999,0.02,6733946,7550711,0,42.5,33.5,2026-06-25
510,WBD,Communication Services,Entertainment,NASDAQ,22427949,27.2,120.86,-6,-3,-9.33,150.3,84.4,0.8,0.7,-0.1,6.0,84,90,93,97,84.9,0,0,0,0,0,0,65686983505.193504,2507136702.0,0.024400001,-0.01,24839709,20492929,3,91.2,0.9,2026-06-25
511,GVA,Industrials,Engineering & Construction,NYSE,892005,151.88,120.86,12,18,2.62,73.1,100.0,6.8,9.9,14.8,29.6,84,72,78,79,66.3,0,0,0,0,0,0,6416328262.227402,43746699.0,0.1672,0.304,1020325,785585,0,73.8,0.8,2026-06-25
512,OKTA,Technology,Software - Infrastructure,NASDAQ,4463169,118.58,120.84,22,-15,-16.7,89.5,73.3,1.8,0.1,24.7,35.9,84,62,25,35,27.6,0,0,0,0,0,0,20476245246.315613,173807365.0,0.0542,0.112,3467918,4027959,0,37.4,26.3,2026-06-25
513,TBBB,Consumer Defensive,Discount Stores,NYSE,876440,42.03,120.83,26,45,-4.06,75.8,99.2,0.6,5.2,10.8,26.4,84,58,77,80,59.9,0,0,0,0,0,0,5075692643.535805,120562775.0,0.0866,0.334,641070,674368,0,68.7,-7.3,2026-06-25
514,RRX,Industrials,Specialty Industrial Machinery,NYSE,925693,218.75,120.83,6,13,-7.45,76.5,95.9,2.9,6.0,8.3,29.8,84,78,85,49,58.7,0,0,0,0,0,0,15096647683.678314,66569573.0,0.0556,0.043,943049,1089537,0,67.7,14.7,2026-06-25
515,ADTN,Technology,Communication Equipment,NASDAQ,2563068,13.96,120.73,-9,-13,-30.13,93.7,55.9,-5.6,-10.5,-12.3,24.6,84,93,89,39,62.2,0,0,0,0,0,0,1229551182.7186584,80998100.0,0.1616,0.155,2115255,2756029,1,70.8,26.6,2026-06-25
516,NUVL,Healthcare,Biotechnology,NASDAQ,3620923,123.58,120.72,15,18,-0.03,71.2,99.9,0.1,9.9,15.2,22.9,84,69,72,81,61.3,0,0,0,0,0,0,9766798810.778025,79128241.0,0.111499995,,4043211,2402536,0,70.8,1.2,2026-06-25
517,IRM,Real Estate,REIT - Specialty,NYSE,1387134,130.59,120.7,3,-5,-2.61,66.2,96.3,1.9,2.7,4.9,25.6,84,81,73,26,32.1,0,0,0,0,0,0,38032580517.01396,297524681.0,0.033299997,0.216,1454914,1556654,0,53.0,36.3,2026-06-25
518,SCCO,Basic Materials,Copper,NYSE,1394434,171.84,120.66,-3,-2,-22.48,100.0,67.6,-6.0,-6.0,-4.1,8.8,84,87,88,88,72.3,0,0,0,0,0,0,160966992551.7755,834328506.0,0.120699994,0.362,1501683,1392968,0,83.8,7.0,2026-06-25
519,AROC,Energy,Oil & Gas Equipment & Services,NYSE,1860729,38.79,120.64,1,6,-3.32,88.2,100.0,10.5,15.2,12.5,35.8,84,83,88,57,65.2,0,0,0,0,0,0,6479421418.062378,175261596.0,0.0548,0.077,2088598,1742457,0,73.3,13.6,2026-06-25
520,YETI,Consumer Cyclical,Leisure,NYSE,1668825,49.64,120.64,10,-19,-4.34,66.8,96.3,1.6,3.4,13.5,21.3,84,74,45,81,62.3,0,0,0,0,0,0,3709885169.7884216,75758323.0,0.13159999,0.083,1426437,1596049,0,65.6,7.3,2026-06-25
521,CRI,Consumer Cyclical,Apparel Retail,NYSE,895688,43.33,120.42,13,13,-2.5,82.2,93.8,2.1,6.1,13.3,24.6,84,71,71,33,44.8,0,0,0,0,0,0,1567604010.9172895,36850117.0,0.1104,0.081,946634,1054418,0,55.0,20.7,2026-06-25
522,ZIM,Industrials,Marine Shipping,NYSE,1098683,25.58,120.26,2,13,-14.65,107.4,79.4,2.4,3.0,0.4,18.9,83,81,92,87,64.2,0,0,0,0,0,0,2933448688.8298416,120519666.0,0.0257,-0.304,1111851,1287230,1,81.0,6.1,2026-06-25
523,GS,Financial Services,Capital Markets,NYSE,2316661,1076.91,120.21,4,-5,-4.27,59.0,90.5,-1.4,0.5,7.7,20.5,83,79,70,85,61.4,0,0,0,0,0,0,323493354857.3511,295007421.0,0.026199998,0.145,2388304,2133638,0,73.8,8.5,2026-06-25
524,NEOG,Healthcare,Medical Devices,NASDAQ,2537543,9.18,120.2,6,16,-19.69,104.5,72.8,3.8,4.5,4.6,16.4,83,77,87,54,73.8,0,0,0,0,0,0,2026536103.049243,217673041.0,0.08,-0.044,1939440,2383048,0,72.9,5.2,2026-06-25
525,ARQT,Healthcare,Biotechnology,NASDAQ,1945344,27.37,120.1,35,59,-13.85,99.3,74.7,2.8,11.9,16.3,10.3,83,48,72,93,72.0,0,0,0,0,0,0,3278435118.022751,125083374.0,0.1384,0.601,2111864,1787366,1,71.3,-23.4,2026-06-25
526,ARMK,Industrials,Specialty Business Services,NYSE,2982241,53.93,120.1,3,-11,-1.82,52.0,100.0,1.4,1.9,9.4,31.1,83,80,66,40,41.1,0,0,0,0,0,0,14023314049.602356,262953564.0,0.041300002,0.147,2080595,2906991,0,56.8,28.8,2026-06-25
527,EPC,Consumer Defensive,Household & Personal Products,NYSE,1064132,26.58,120.04,63,103,-2.42,60.2,85.6,7.6,18.8,21.9,28.0,83,20,60,14,13.6,0,0,0,0,0,0,1064939471.9858092,46081326.0,0.113000005,0.006,1321318,895157,0,26.9,0.4,2026-06-25
528,RPRX,Healthcare,Biotechnology,NASDAQ,4206444,54.28,120.03,-1,0,-3.93,56.7,94.4,0.7,0.0,4.2,25.1,83,84,85,77,55.5,0,0,0,0,0,0,23475796142.01044,443274104.0,0.026500002,0.11,3742644,3880368,0,75.4,15.6,2026-06-25
529,SKM,Communication Services,Telecom Services,NYSE,3113653,32.96,120.0,-6,-7,-30.14,70.5,52.7,-6.4,-12.3,-11.6,21.1,83,89,88,35,51.7,0,0,0,0,0,0,13900588763.419922,383888128.0,0.016,-0.014,2938490,2704742,0,65.9,29.6,2026-06-25
530,AMCX,Communication Services,Entertainment,NASDAQ,520156,9.75,119.97,4,-46,-8.45,67.9,77.8,-2.0,-3.4,4.3,13.6,83,79,29,81,59.3,0,0,0,0,0,0,411163369.23861694,43927712.0,0.2274,-0.024,526088,512267,0,62.1,14.4,2026-06-25
531,TS,Energy,Oil & Gas Equipment & Services,NYSE,1455968,56.52,119.9,-5,-1,-12.51,70.3,78.0,-3.3,-5.6,-6.5,19.1,83,88,92,54,61.2,0,0,0,0,0,0,28885794035.395203,504819878.0,0.0295,0.061,1235595,1636819,1,73.8,19.8,2026-06-25
532,ROST,Consumer Cyclical,Apparel Retail,NASDAQ,3382029,228.59,119.74,-1,4,-5.86,69.9,78.0,-7.5,-6.8,-5.0,11.7,83,84,89,81,65.5,0,0,0,0,0,0,74677835471.74615,320781076.0,0.0305,0.206,2941418,2896119,0,79.9,9.4,2026-06-25
533,CMP,Basic Materials,Other Industrial Metals & Mining,NYSE,701711,28.66,119.72,-4,-2,-16.93,79.0,77.0,-1.6,-3.5,2.6,29.3,83,87,89,87,54.9,0,0,0,0,0,0,1283086278.638832,41958348.0,0.0382,-0.084,484625,668869,0,79.5,15.9,2026-06-25
534,MNST,Consumer Defensive,Beverages - Non-Alcoholic,NASDAQ,5583973,94.7,119.7,10,4,0.83,63.4,100.0,2.9,5.2,12.7,24.8,83,73,67,80,55.1,0,0,0,0,0,0,89331257185.82733,978008110.0,0.03,0.269,5775199,5466109,0,68.8,8.1,2026-06-25
535,FTI,Energy,Oil & Gas Equipment & Services,NYSE,5391619,64.29,119.69,-7,-1,-17.34,108.2,77.8,-0.5,-1.3,-5.4,19.7,83,90,96,83,75.1,0,0,0,0,0,0,25983401897.445023,398701897.0,0.026300002,0.116,4278017,4769787,2,86.0,8.3,2026-06-25
536,ARQQ,Technology,Software - Infrastructure,NASDAQ,1219450,28.64,119.67,66,57,-53.81,131.9,33.4,25.0,49.9,68.8,12.4,83,17,8,19,1.6,0,0,0,0,0,0,424270765.5753155,17402411.0,0.1346,8.299,2166342,921722,0,11.4,8.2,2026-06-25
537,BGC,Financial Services,Capital Markets,NASDAQ,3447305,12.65,119.63,15,-1,1.52,45.7,87.6,0.7,7.0,7.3,23.7,83,68,52,37,34.3,0,0,0,0,0,0,5772632567.222802,479056637.0,0.0202,0.443,3894705,3298413,0,47.8,24.7,2026-06-25
538,TK,Energy,Oil & Gas Midstream,NYSE,626068,12.06,119.63,0,8,-16.13,54.2,56.1,-7.5,-5.9,-12.2,3.6,83,83,91,82,35.0,0,0,0,0,0,0,1036310774.8330498,87011821.0,0.0581,0.235,502036,572735,1,72.7,23.4,2026-06-25
539,LYTS,Technology,Electronic Components,NASDAQ,522422,25.99,119.63,9,-16,-2.62,62.5,100.0,3.9,8.1,13.3,25.1,83,74,49,33,60.9,0,0,0,0,0,0,976549960.4046708,36712404.0,0.0434,0.136,521207,511021,0,54.2,17.2,2026-06-25
540,APH,Technology,Electronic Components,NYSE,10720478,162.78,119.57,14,23,-2.55,70.3,98.4,3.1,7.5,14.5,20.0,83,69,78,90,67.1,0,0,0,0,0,0,201709247861.8307,1230234445.0,0.0165,0.584,9799226,10235603,1,76.0,-4.1,2026-06-25
541,EVH,Healthcare,Health Information Services,NYSE,2447610,5.03,119.54,59,39,-58.31,131.8,29.7,6.4,12.4,26.2,10.3,83,24,4,6,0.4,0,0,0,0,0,0,505039965.0851269,112481067.0,0.133,0.026,2149981,2563622,0,8.6,17.4,2026-06-25
542,NTRA,Healthcare,Diagnostics & Research,NASDAQ,1532633,259.97,119.52,28,25,1.41,95.1,100.0,12.9,16.4,23.4,25.3,83,55,52,89,56.1,0,0,0,0,0,0,33141472073.090397,143215382.0,0.025999999,0.388,1595750,1535446,0,63.0,-7.0,2026-06-25
543,H,Consumer Cyclical,Lodging,NYSE,937495,197.32,119.47,12,-11,-4.61,45.9,92.4,-0.8,1.9,10.6,23.0,83,71,48,73,50.8,0,0,0,0,0,0,19029118611.7099,94161606.0,0.39580002,-0.035,998495,908937,0,60.7,12.0,2026-06-25
544,NXT,Technology,Solar,NASDAQ,2671156,116.67,119.31,-6,0,-28.48,110.4,57.9,-7.4,-12.9,-10.0,7.8,83,89,95,91,75.4,0,0,0,0,0,0,18919556254.100647,150274472.0,0.065,-0.047,2383689,2329505,2,87.6,5.8,2026-06-25
545,PUBM,Technology,Software - Application,NASDAQ,632780,11.92,119.15,3,-43,-14.12,83.3,70.8,0.5,-0.2,8.8,30.3,83,80,34,28,8.4,0,0,0,0,0,0,524809581.3583613,46443325.0,0.0685,-0.02,468512,667440,0,37.6,50.8,2026-06-25
546,BWLP,Energy,Oil & Gas Midstream,NYSE,556821,18.37,119.05,-6,-7,-19.86,53.7,58.9,-6.4,-8.9,-9.2,14.0,83,89,88,63,57.0,0,0,0,0,0,0,2747844390.3126755,151814604.0,0.0034999999,-0.027,530723,487896,0,74.2,21.3,2026-06-25
547,BPOP,Financial Services,Banks - Regional,NASDAQ,506450,165.65,118.94,6,4,1.64,54.8,100.0,3.3,6.7,10.4,25.6,83,77,75,75,57.7,0,0,0,0,0,0,10276985135.676224,64537709.0,0.034,0.096,589351,509110,0,71.2,10.2,2026-06-25
548,MSM,Industrials,Industrial Distribution,NYSE,739881,116.55,118.93,6,-3,-2.17,47.2,100.0,2.3,3.3,10.7,27.7,83,77,68,56,51.2,0,0,0,0,0,0,6616924315.884956,55834311.0,0.0589,0.029,734453,688384,0,63.0,18.0,2026-06-25
549,SATL,Industrials,Aerospace & Defense,NASDAQ,10393739,5.04,118.89,-17,-19,-58.0,260.6,35.0,-23.7,-34.4,-39.0,6.7,82,99,97,9,34.4,0,1,0,0,0,1,893911936.0128493,148244097.0,0.102299996,0.803,9854869,9680031,2,59.9,50.5,2026-06-25
550,VLY,Financial Services,Banks - Regional,NASDAQ,6260596,14.61,118.82,4,4,-0.75,68.3,100.0,3.0,5.1,8.3,21.2,82,78,78,79,64.3,0,0,0,0,0,0,7807712609.573753,554131478.0,0.0912,0.238,7576218,6197991,0,74.8,6.7,2026-06-25
551,PII,Consumer Cyclical,Recreational Vehicles,NYSE,808607,70.92,118.68,3,-11,-5.75,83.6,95.8,3.0,4.2,9.8,13.3,82,79,65,80,69.1,0,0,0,0,0,0,4059396911.840561,56886167.0,0.1408,0.075,848091,1247532,0,73.3,6.2,2026-06-25
552,LUNR,Industrials,Aerospace & Defense,NASDAQ,16474415,19.13,118.63,-16,-22,-59.08,132.3,28.3,-19.6,-35.6,-36.5,1.2,82,98,92,90,70.6,0,1,0,0,0,1,3666335321.8576975,160452309.0,0.2653,1.987,14749746,15012861,3,87.6,15.9,2026-06-25
553,CUPR,Healthcare,Medical Instruments & Supplies,NASDAQ,5577512,5.74,118.59,78,82,-92.45,188.3,5.0,15.4,50.4,97.5,23.1,82,4,8,1,0.1,0,0,0,0,0,0,11717062.193155289,2681250.0,0.0925,2.674,16103529,3360437,0,3.3,2.1,2026-06-25
554,WT,Financial Services,Asset Management,NYSE,3022444,17.83,118.57,-5,-13,-10.18,61.3,72.5,-4.2,-4.7,-4.6,15.8,82,87,79,63,62.5,0,0,0,0,0,0,2800354517.0905514,152941267.0,0.19129999,0.475,3605992,3241370,0,72.9,17.9,2026-06-25
555,PTCT,Healthcare,Biotechnology,NASDAQ,1688617,84.41,118.44,16,17,-3.53,95.2,95.9,7.1,12.3,17.4,19.4,82,66,67,89,66.2,0,0,0,0,0,0,6551338993.695419,82949338.0,0.1748,-0.768,2826193,1627830,0,72.0,-4.8,2026-06-25
556,GKOS,Healthcare,Medical Devices,NYSE,1142667,137.76,118.41,21,17,-6.99,90.9,97.9,8.6,15.5,12.0,31.2,82,61,57,72,48.2,0,0,0,0,0,0,7675347059.299988,58733911.0,0.0644,0.412,841751,1000970,0,59.5,4.6,2026-06-25
557,TILE,Consumer Cyclical,"Furnishings, Fixtures & Appliances",NASDAQ,578062,34.24,118.41,20,11,-2.48,74.2,100.0,9.6,14.0,21.1,23.9,82,62,53,76,65.6,0,0,0,0,0,0,1890309691.2480469,58056192.0,0.1028,0.113,592726,571361,0,64.1,-3.7,2026-06-25
558,STOK,Healthcare,Biotechnology,NASDAQ,642048,30.39,118.35,-6,3,-24.44,167.8,70.6,0.5,1.2,-4.2,-1.8,82,88,97,98,86.7,0,0,0,1,0,1,1930731305.0,62281655.0,0.1875,-0.961,810056,580941,2,92.4,-2.3,2026-06-25
559,HCSG,Healthcare,Medical Care Facilities,NASDAQ,658664,23.58,118.34,15,27,-3.32,86.2,100.0,4.3,9.4,10.8,22.8,82,67,79,89,62.8,0,0,0,0,0,0,1574721199.9404984,68645212.0,0.039100002,0.034,797703,708034,0,74.4,-3.5,2026-06-25
560,CGAU,Basic Materials,Gold,NYSE,1554878,15.52,118.27,-8,-3,-26.69,132.5,63.3,-3.8,-3.6,-8.9,2.8,82,90,95,94,80.7,0,0,0,0,0,0,3290720000.743599,198595055.0,4.14,0.618,2042365,1644563,3,89.9,3.3,2026-06-25
561,RY,Financial Services,Banks - Diversified,NYSE,1500973,202.16,118.17,4,-2,-0.36,59.1,100.0,1.2,3.4,8.7,22.5,82,78,72,84,59.8,0,0,0,0,0,0,280100336849.8697,1389662335.0,5.51,0.161,2117801,1596506,0,73.4,8.5,2026-06-25
562,COMP,Real Estate,Real Estate Services,NYSE,13110204,10.65,118.16,46,39,-23.68,79.7,65.9,14.7,24.9,32.5,19.7,82,36,29,89,66.8,0,0,0,0,0,0,7479002151.459761,747153045.0,0.059699997,0.994,14515593,13223508,0,55.2,-25.3,2026-06-25
563,CASY,Consumer Cyclical,Specialty Retail,NASDAQ,618280,801.35,118.15,-3,0,-13.63,58.7,68.8,-7.6,-3.5,-4.1,19.5,82,85,88,73,57.2,0,0,0,0,0,0,31219624319.25,37066933.0,0.042,0.145,727121,511548,0,75.8,16.0,2026-06-25
564,ZGN,Consumer Cyclical,Apparel Manufacturing,NYSE,1208952,13.11,118.06,-2,-18,-15.09,67.3,72.0,-7.4,-9.9,-2.4,17.7,82,84,68,76,52.0,0,0,0,0,0,0,3720494733.402319,268240430.0,0.0646,0.003,1475328,1041213,0,70.0,19.2,2026-06-25
565,CVE,Energy,Oil & Gas Integrated,NYSE,8361145,24.69,118.05,-8,-4,-23.01,81.5,60.9,-5.7,-9.8,-11.9,14.1,82,90,94,69,70.4,0,0,0,0,0,0,46918845755.4512,1864819000.0,3.58,-0.071,9742827,8415359,2,80.8,13.6,2026-06-25
566,QCOM,Technology,Semiconductors,NASDAQ,23180945,197.41,117.87,-8,-73,-24.05,65.1,63.7,-3.2,-6.9,3.7,22.1,82,90,25,64,39.1,0,0,0,0,0,0,238319940643.31052,1054000000.0,0.0478,-0.035,21072297,24117385,1,54.5,37.2,2026-06-25
567,BBAR,Financial Services,Banks - Regional,NYSE,802062,18.95,117.85,26,12,-15.67,139.4,79.6,-6.8,-0.7,13.5,24.5,82,56,42,90,16.7,0,0,0,0,0,0,4472783498.789885,204236693.0,0.0482,0.008,948587,709779,1,51.2,14.3,2026-06-25
568,BTX,Financial Services,Asset Management,NYSE,801286,8.73,117.84,-3,-34,-6.98,46.2,89.4,-0.2,0.1,6.7,26.7,82,85,54,50,32.9,0,0,0,0,0,0,1090074210.4685783,116710299.0,0.35,,762429,764889,0,55.5,36.1,2026-06-25
569,HP,Energy,Oil & Gas Drilling,NYSE,1133358,32.76,117.82,-10,-9,-21.66,124.3,71.5,-5.6,-9.0,-10.7,7.2,82,92,93,82,78.3,0,0,0,0,0,0,3494585513.4260254,99930952.0,0.1172,-0.082,1176126,1162923,2,86.3,8.7,2026-06-25
570,MGA,Consumer Cyclical,Auto Parts,NYSE,1107422,64.07,117.81,1,3,-8.39,74.2,89.2,-0.2,-0.9,3.1,18.4,82,81,83,82,67.8,0,0,0,0,0,0,17789873927.1183,272224550.0,0.0279,0.031,1089656,1421315,0,78.4,6.2,2026-06-25
571,RAMP,Technology,Software - Infrastructure,NYSE,2527958,37.45,117.76,1,-45,-1.24,66.9,97.4,-0.4,-0.3,10.8,29.0,82,81,35,56,20.5,0,0,0,0,0,0,2267716163.695488,60087866.0,0.1029,0.092,1515784,1709128,0,48.1,39.9,2026-06-25
572,CM,Financial Services,Banks - Diversified,NYSE,1183186,113.8,117.73,-2,-4,-2.78,64.1,96.9,0.8,2.9,3.0,20.0,82,84,82,84,62.8,0,0,0,0,0,0,101950709507.57729,912800674.0,10.13,0.153,1520588,1269053,0,78.2,10.8,2026-06-25
573,MD,Healthcare,Medical Care Facilities,NYSE,786926,24.22,117.72,11,19,-3.08,101.3,95.7,0.5,4.2,5.6,15.3,82,71,79,88,69.6,0,0,0,0,0,0,1938898368.8332367,82121911.0,0.0581,0.039,796169,796039,0,76.9,-3.5,2026-06-25
574,TOYO,Technology,Solar,NASDAQ,701195,7.91,117.7,-15,-18,-54.62,106.1,28.3,-36.2,-44.4,-42.9,-14.9,82,97,94,89,75.6,0,0,0,0,0,0,463044462.3286095,38173492.0,0.030299999,1.77,950147,522065,2,88.9,12.6,2026-06-25
575,OII,Energy,Oil & Gas Equipment & Services,NYSE,909450,36.29,117.49,-4,2,-9.75,93.1,97.8,5.2,3.7,4.1,28.4,82,86,92,51,72.7,0,0,0,0,0,0,3596813815.9192543,99745249.0,0.0728,0.027,1010852,1047174,1,75.4,13.0,2026-06-25
576,ODFL,Industrials,Trucking,NASDAQ,2010958,219.04,117.48,2,1,-13.09,74.3,76.6,-3.4,-5.1,1.1,23.8,82,80,79,49,42.8,0,0,0,0,0,0,45969307878.04857,207968283.0,0.0618,-0.029,2230434,2019624,0,62.7,24.9,2026-06-25
577,CURB,Real Estate,REIT - Retail,NYSE,847557,31.28,117.46,11,13,0.94,43.1,100.0,2.5,4.9,9.2,23.1,82,71,73,51,42.5,0,0,0,0,0,0,3151404876.2561035,105539344.0,0.1982,0.499,1023872,831692,0,59.4,18.0,2026-06-25
578,SBLK,Industrials,Marine Shipping,NASDAQ,1339485,25.67,117.29,-1,-1,-9.93,50.9,74.8,-4.4,-5.6,-3.4,14.5,82,83,83,71,53.8,0,0,0,0,0,0,2878613140.4960594,111530926.0,0.0187,0.219,1239065,1211019,0,72.7,17.0,2026-06-25
579,BNY,Financial Services,Banks - Diversified,NYSE,3645406,143.56,117.14,1,-6,-3.09,61.6,96.8,0.6,1.7,5.2,20.7,82,81,74,82,60.3,0,0,0,0,0,0,98584625584.81018,686379045.0,0.0001,0.134,3824519,3788011,0,74.3,10.8,2026-06-25
580,LUMN,Communication Services,Telecom Services,NYSE,13979633,8.06,117.03,-12,-26,-32.55,124.9,56.8,0.8,-7.5,-8.5,3.9,81,93,79,91,74.1,0,0,0,0,0,0,8448550577.483759,1030311070.0,0.070700005,-0.089,12683709,13887955,2,84.3,11.3,2026-06-25
581,NTRS,Financial Services,Asset Management,NASDAQ,1124264,173.93,117.02,0,-11,-1.73,43.4,99.5,1.0,2.6,5.4,21.5,81,81,70,76,53.5,0,0,0,0,0,0,31848483687.323883,185047258.0,0.0154,0.139,1267703,1162832,0,70.1,15.8,2026-06-25
582,HWM,Industrials,Aerospace & Defense,NYSE,2542963,276.06,116.94,2,6,-5.01,59.7,91.0,-0.4,3.7,5.9,21.1,81,79,83,85,57.6,0,0,0,0,0,0,111093845195.01736,400107483.0,0.0222,0.191,2775349,2538915,0,76.1,9.1,2026-06-25
583,RIO,Basic Materials,Other Industrial Metals & Mining,NYSE,2690469,94.03,116.9,-5,-6,-16.48,67.7,69.4,-5.6,-7.5,-7.4,10.7,81,86,85,84,64.6,0,0,0,0,0,0,162755318249.8366,1626252151.0,0.0115,0.146,2879899,2588933,0,79.9,11.2,2026-06-25
584,SHOO,Consumer Cyclical,Footwear & Accessories,NASDAQ,974789,42.29,116.69,-1,-22,-10.23,77.6,79.2,-5.3,-5.6,1.0,7.3,81,82,61,85,67.7,0,0,0,0,0,0,3229645316.4724274,73085436.0,0.0851,0.18,996207,1035749,0,73.9,8.7,2026-06-25
585,MLI,Industrials,Metal Fabrication,NYSE,629256,133.17,116.45,-2,-10,-6.15,74.1,89.9,-1.8,0.3,0.3,14.2,81,83,75,85,67.4,0,0,0,0,0,0,15191296452.583054,110570613.0,0.0167,0.193,763940,685070,0,77.6,8.2,2026-06-25
586,FN,Technology,Electronic Components,NYSE,928267,568.17,116.44,-12,-11,-24.13,104.9,61.9,-4.0,-8.5,-13.6,10.2,81,93,94,92,77.1,0,0,0,0,0,0,20557671972.299805,35829740.0,0.081,0.393,829711,874504,3,89.0,8.1,2026-06-25
587,TECK,Basic Materials,Other Industrial Metals & Mining,NYSE,3255795,57.7,116.42,-6,-19,-19.02,88.7,70.6,-6.6,-8.0,-5.1,14.7,81,87,74,73,56.7,0,0,0,0,0,0,31529597060.847748,489894294.0,2.72,0.722,3256925,3217175,0,72.7,19.3,2026-06-25
588,SRRK,Healthcare,Biotechnology,NASDAQ,1375895,52.33,116.4,0,-12,0.28,92.7,100.0,11.8,14.4,12.8,26.6,81,81,69,78,61.7,0,0,0,0,0,0,5671475456.95224,119828338.0,0.1718,,1645315,1355907,0,72.4,11.5,2026-06-25
589,SILA,Real Estate,REIT - Healthcare Facilities,NYSE,573794,30.33,116.36,4,-22,-0.98,37.7,97.3,0.1,0.2,0.9,18.4,81,77,51,38,33.6,0,0,0,0,0,0,1673805227.254387,55241098.0,0.0101,0.091,615904,913046,0,49.9,32.1,2026-06-25
590,SNDA,Healthcare,Medical Care Facilities,NYSE,720028,38.58,116.33,5,4,-2.72,64.2,100.0,8.7,11.4,8.7,21.4,81,76,75,82,60.8,0,0,0,0,0,0,1702571358.373207,47346257.0,0.0448,0.385,857826,681913,0,73.4,6.5,2026-06-25
591,DYN,Healthcare,Biotechnology,NASDAQ,1727243,20.33,116.33,8,18,-18.68,152.0,77.2,6.2,10.3,12.1,15.7,81,73,83,92,74.2,0,0,0,0,0,0,3273213034.675583,165313796.0,0.17879999,,2197370,1742002,1,80.6,-5.4,2026-06-25
592,SN,Consumer Cyclical,"Furnishings, Fixtures & Appliances",NYSE,2460995,140.19,116.24,24,20,-1.14,68.9,100.0,4.3,10.1,19.4,28.6,81,57,53,74,55.4,0,0,0,0,0,0,19931729660.096893,141520379.0,0.1279,0.156,1630456,2076999,0,59.8,-2.2,2026-06-25
593,HSBC,Financial Services,Banks - Diversified,NYSE,1691178,93.85,116.24,1,0,-2.88,57.7,96.0,0.9,2.2,3.8,17.2,81,80,79,85,58.8,0,0,0,0,0,0,325713095524.54456,3429641901.0,4.06,0.033,1581366,1696335,0,75.7,9.7,2026-06-25
594,STGW,Communication Services,Advertising Agencies,NASDAQ,1485063,7.07,116.21,0,-3,-5.98,58.3,80.6,0.5,0.4,2.3,18.2,81,81,78,30,55.3,0,0,0,0,0,0,1663102805.3148935,247854366.0,0.1069,0.08,1333501,1474108,0,61.1,23.3,2026-06-25
595,AESI,Energy,Oil & Gas Equipment & Services,NYSE,2829056,15.75,116.05,-13,-32,-21.76,105.4,73.3,1.5,-1.1,-3.1,33.0,81,94,75,14,29.9,0,0,0,0,0,0,2023470556.095398,124905584.0,0.2116,-0.108,2229049,4019989,1,53.2,49.9,2026-06-25
596,AFRM,Financial Services,Credit Services,NASDAQ,4825987,77.66,116.03,5,-55,-22.34,80.7,69.1,6.4,9.4,14.1,15.7,81,76,16,76,23.0,0,0,0,0,0,0,24755701311.582413,334898565.0,0.0648,0.326,4751292,5161578,0,47.8,32.5,2026-06-25
597,GIII,Consumer Cyclical,Apparel Manufacturing,NASDAQ,637847,34.4,115.95,19,5,-5.83,53.5,83.5,-3.2,-1.2,4.5,13.2,81,62,48,65,56.0,0,0,0,0,0,0,1466966242.5233116,42190573.0,0.22649999,-0.082,688202,537894,0,57.7,3.8,2026-06-25
598,DINO,Energy,Oil & Gas Refining & Marketing,NYSE,2207844,65.76,115.87,-6,-2,-12.0,65.5,80.0,1.1,-2.0,0.2,19.4,81,87,91,71,64.0,0,0,0,0,0,0,11627765686.5,180275437.0,0.0506,0.118,2403083,2326898,1,78.3,14.3,2026-06-25
599,TFSL,Financial Services,Banks - Regional,NASDAQ,997230,17.04,115.84,9,5,0.24,38.9,100.0,4.6,6.3,11.8,22.2,81,72,68,64,41.9,0,0,0,0,0,0,4604695776.615274,280432141.0,0.16479999,0.098,980401,885992,0,61.5,17.0,2026-06-25
600,FFIV,Technology,Software - Infrastructure,NASDAQ,678165,384.78,115.84,-4,-36,-6.5,72.3,87.5,-1.0,-1.8,6.6,28.3,81,85,53,29,37.7,0,0,0,0,0,0,21749054975.06079,56419247.0,0.0364,0.11,611796,725863,0,51.2,38.1,2026-06-25
601,WSM,Consumer Cyclical,Specialty Retail,NYSE,1313798,235.66,115.83,26,19,0.53,51.1,100.0,5.8,11.0,21.3,23.3,81,55,48,48,56.3,0,0,0,0,0,0,26719060752.51952,117746611.0,0.0586,0.044,1430086,1202973,0,51.8,1.5,2026-06-25
602,PGNY,Healthcare,Healthcare Plans,NASDAQ,1557524,26.89,115.8,17,-24,-6.47,68.0,91.4,3.2,4.9,19.3,23.6,81,64,23,80,36.3,0,0,0,0,0,0,2042908203.6237144,78332370.0,0.090900004,0.014,1506954,1592436,0,50.8,14.8,2026-06-25
603,HAFN,Industrials,Marine Shipping,NYSE,1919165,7.43,115.74,-3,5,-22.08,45.7,51.0,-1.6,-2.5,-11.1,6.4,81,84,92,60,45.3,0,0,0,0,0,0,3613418844.682572,499781305.0,0.0432,0.225,1854515,1831357,1,70.3,23.3,2026-06-25
604,CFG,Financial Services,Banks - Regional,NYSE,4291792,69.46,115.73,5,6,0.97,63.9,100.0,4.1,7.8,9.7,19.6,81,76,77,82,63.7,0,0,0,0,0,0,28366921443.67996,422881942.0,0.0002,0.138,4617837,4473451,0,74.7,4.8,2026-06-25
605,BZH,Consumer Cyclical,Residential Construction,NYSE,610619,27.68,115.68,31,16,-2.29,52.6,97.7,1.4,3.5,15.5,19.2,81,50,35,24,29.6,0,0,0,0,0,0,739379945.3959465,27333825.0,0.1019,-0.275,420268,643905,0,34.7,16.9,2026-06-25
606,SMFG,Financial Services,Banks - Diversified,NYSE,2227098,23.62,115.68,5,0,-6.82,63.1,85.7,-2.4,0.7,6.1,19.5,81,76,71,80,58.6,0,0,0,0,0,0,160294630109.3342,6353334642.0,0.0019,,2405006,2069401,0,71.4,8.4,2026-06-25
607,UBS,Financial Services,Banks - Diversified,NYSE,2254175,49.4,115.66,3,-33,-3.36,54.9,93.6,0.2,2.7,8.2,17.1,81,78,42,86,58.3,0,0,0,0,0,0,166512499830.4331,3277805164.0,0.0023,0.138,2186845,2349883,0,66.1,11.8,2026-06-25
608,WKC,Energy,Oil & Gas Refining & Marketing,NYSE,919349,31.6,115.56,12,-18,-1.99,42.5,100.0,2.0,5.1,13.7,24.5,81,69,39,27,23.1,0,0,0,0,0,0,1598181678.2192097,51355451.0,0.1869,0.025,1264408,925509,0,39.5,34.4,2026-06-25
609,SAN,Financial Services,Banks - Diversified,NYSE,8837453,13.37,115.56,8,10,-2.98,66.6,94.2,0.7,4.7,7.9,16.5,81,73,75,92,62.2,0,0,0,0,0,0,193718108196.0,14349489496.0,0.0081,0.046,8918880,8217292,1,75.6,1.4,2026-06-25
610,BNS,Financial Services,Banks - Diversified,NYSE,2477234,85.3,115.45,3,-2,-2.85,59.3,98.3,1.1,4.1,8.7,19.5,80,77,72,84,60.1,0,0,0,0,0,0,106705392783.3252,1226076000.0,3.28,0.126,2773434,2308612,0,73.3,7.6,2026-06-25
611,CNO,Financial Services,Insurance - Life,NYSE,751586,52.14,115.42,9,-16,0.71,46.2,95.0,1.3,5.4,10.6,21.9,80,71,46,67,44.2,0,0,0,0,0,0,4744904578.416214,93348503.0,0.0,0.025,751438,734317,0,57.1,16.7,2026-06-25
612,ABX,Financial Services,Insurance - Life,NYSE,505130,9.3,115.41,1,6,-11.72,99.1,81.1,-2.8,0.5,0.2,16.6,80,79,84,86,65.9,0,0,0,0,0,0,887281894.75,95922367.0,0.2219,0.346,524102,513884,0,78.7,4.7,2026-06-25
613,AUR,Consumer Cyclical,Auto Parts,NASDAQ,33159950,6.23,115.36,-4,-57,-27.26,65.5,53.3,-0.0,-4.4,-2.9,23.0,80,84,31,14,21.3,0,0,0,0,0,0,12316355810.396784,1961203089.0,0.16790001,,31904952,30884198,0,37.6,50.7,2026-06-25
614,VVX,Industrials,Aerospace & Defense,NYSE,578369,76.03,115.25,-1,2,-17.18,54.5,57.7,-14.4,-14.2,-4.4,10.9,80,81,84,60,57.0,0,0,0,0,0,0,2678612001.752014,31310484.0,0.0378,0.234,672927,575589,0,70.5,15.9,2026-06-25
615,ROK,Industrials,Specialty Industrial Machinery,NYSE,687864,460.37,115.24,3,-11,-3.27,48.7,100.0,3.0,4.2,8.7,21.1,80,77,63,80,52.7,0,0,0,0,0,0,52720487142.69724,111273953.0,0.033800002,0.119,683464,733268,0,68.2,12.9,2026-06-25
616,FLYW,Technology,Software - Infrastructure,NASDAQ,2224672,16.54,115.06,2,-38,-8.37,63.4,88.5,7.9,10.4,11.5,24.1,80,78,38,65,53.2,0,0,0,0,0,0,1956173445.080185,123417880.0,0.048699997,0.41,2273358,2280149,0,58.5,19.0,2026-06-25
617,BLMN,Consumer Cyclical,Restaurants,NASDAQ,2207503,8.55,115.06,5,-49,-20.09,64.4,64.2,6.6,9.7,16.4,26.1,80,75,21,17,6.8,0,0,0,0,0,0,690051189.1451845,85614287.0,0.0986,0.01,2206991,2500008,0,29.9,51.1,2026-06-25
618,BUD,Consumer Defensive,Beverages - Brewers,NYSE,1777862,84.43,114.98,8,3,-0.04,47.3,98.7,2.2,3.7,6.1,20.6,80,72,67,65,26.0,0,0,0,0,0,0,156169207071.33267,1934223572.0,0.0074,0.12,2002326,1840895,0,57.5,24.9,2026-06-25
619,MGM,Consumer Cyclical,Resorts & Casinos,NYSE,5428216,47.09,114.97,17,15,-8.72,53.6,82.5,-0.5,-0.1,12.6,28.6,80,63,61,62,44.5,0,0,0,0,0,0,11984071886.4398,255851235.0,0.2132,0.042,3450968,5114575,0,57.6,9.6,2026-06-25
620,MARA,Financial Services,Capital Markets,NASDAQ,40719698,14.0,114.92,0,-63,-40.3,106.2,44.4,-2.5,-0.8,7.0,10.9,80,80,17,10,4.9,0,0,0,0,0,0,5421666654.470208,381270503.0,0.2965,-0.184,41089006,42913017,0,28.0,57.8,2026-06-25
621,MAR,Consumer Cyclical,Lodging,NASDAQ,1507715,383.56,114.89,3,1,-6.67,48.4,83.9,-3.4,-2.4,1.7,17.8,80,77,75,76,47.3,0,0,0,0,0,0,104473435651.45526,263688623.0,0.025899999,0.126,1722036,1479023,0,68.8,15.3,2026-06-25
622,KURA,Healthcare,Biotechnology,NASDAQ,2042729,10.62,114.86,0,-36,-14.97,87.0,73.0,5.6,9.9,9.4,10.1,80,80,44,85,67.3,0,0,0,0,0,0,881529471.5417862,88774365.0,0.15720001,0.295,1507439,1718897,0,69.1,8.9,2026-06-25
623,HGV,Consumer Cyclical,Resorts & Casinos,NYSE,1200832,54.67,114.85,14,-15,1.58,45.9,96.1,3.4,5.1,10.7,20.0,80,66,37,67,39.6,0,0,0,0,0,0,4140119800.748478,78515453.0,0.11229999,0.119,1359196,1072051,0,52.4,15.9,2026-06-25
624,SFL,Industrials,Marine Shipping,NYSE,1586553,11.16,114.76,-2,3,-13.76,57.0,65.4,-3.9,-3.5,-6.5,14.2,80,82,87,34,33.9,0,0,0,0,0,0,1437652050.845993,132992784.0,0.0298,-0.067,1706260,1372270,0,59.2,33.2,2026-06-25
625,TEX,Industrials,Farm & Heavy Construction Machinery,NYSE,1207012,70.1,114.73,16,28,-1.96,78.5,100.0,11.4,16.7,20.1,29.7,80,64,76,73,60.5,0,0,0,0,0,0,7631951573.463867,114216576.0,0.046,0.411,1424158,1248759,0,68.4,-1.2,2026-06-25
626,RELY,Technology,Software - Infrastructure,NASDAQ,5426101,21.45,114.56,5,-32,-13.92,78.2,79.0,6.8,9.3,3.2,31.3,80,75,38,17,13.3,0,0,0,0,0,0,4442838847.222677,210561079.0,0.0717,0.252,5099805,5126827,0,35.8,46.2,2026-06-25
627,XPO,Industrials,Trucking,NYSE,1735145,196.83,114.55,-4,2,-15.18,70.9,76.9,-3.0,-5.2,-4.6,18.5,80,84,90,66,61.9,0,0,0,0,0,0,23423291209.5,117409981.0,0.0629,0.073,1676705,1558727,1,75.5,14.1,2026-06-25
628,EBAY,Consumer Cyclical,Internet Retail,NASDAQ,4719805,109.45,114.42,-3,-13,-8.26,46.6,75.8,-0.4,-0.7,-0.3,15.1,80,83,73,74,51.3,0,0,0,0,0,0,48058559051.51367,444000000.0,0.0357,0.195,3938246,5624123,0,70.3,18.6,2026-06-25
629,SHO,Real Estate,REIT - Hotel & Motel,NYSE,2406557,11.64,114.37,7,-17,-3.24,34.4,90.5,-1.3,0.9,9.0,21.1,80,73,49,36,40.1,0,0,0,0,0,0,2218728997.274208,186291270.0,0.0002,0.11,2821883,1986340,0,49.5,26.2,2026-06-25
630,NTLA,Healthcare,Biotechnology,NASDAQ,6805319,15.5,114.36,10,22,-45.13,99.4,40.1,8.8,13.8,15.5,18.4,80,70,82,20,65.3,0,0,0,0,0,0,2189448091.249964,139722277.0,0.4378,-0.095,8205208,7249409,0,59.3,11.1,2026-06-25
631,ANET,Technology,Computer Hardware,NYSE,9202967,161.74,114.28,-1,-12,-10.04,71.8,84.9,-0.0,1.2,3.5,16.0,79,80,69,76,67.9,0,0,0,0,0,0,213643276239.8519,1259169438.0,0.020399999,0.351,7205051,9860344,0,73.2,7.9,2026-06-25
632,CFFN,Financial Services,Banks - Regional,NASDAQ,736463,8.39,114.08,4,2,0.84,47.6,100.0,3.0,5.5,8.0,19.8,79,75,73,73,47.8,0,0,0,0,0,0,1005093135.7895888,124392716.0,0.0657,0.134,839201,828012,0,67.2,14.2,2026-06-25
633,SG,Consumer Cyclical,Restaurants,NYSE,6216163,8.9,114.05,3,-64,-46.71,90.6,36.9,1.6,3.6,13.4,28.6,79,76,9,8,0.8,0,0,0,0,0,0,1065884115.0204076,118827657.0,0.2116,-0.029,4573530,5445116,0,23.5,57.9,2026-06-25
634,GL,Financial Services,Insurance - Life,NYSE,617715,175.64,114.05,10,-8,1.68,50.0,100.0,3.2,8.1,12.2,22.8,79,69,51,68,49.3,0,0,0,0,0,0,13258618961.84459,77644761.0,0.0001,0.054,701887,583621,0,59.3,11.9,2026-06-25
635,TX,Basic Materials,Steel,NYSE,510263,44.96,113.86,-5,-14,-13.09,52.2,72.6,-4.1,-5.7,-1.1,12.1,79,84,75,77,55.0,0,0,0,0,0,0,9089045341.629128,196307678.0,0.010299999,0.0,480761,432600,0,72.7,16.8,2026-06-25
636,LLY,Healthcare,Drug Manufacturers - General,NYSE,3150574,1117.26,113.83,5,-13,-5.54,80.2,93.8,0.6,0.9,10.0,15.8,79,74,56,85,50.9,0,0,0,0,0,0,979640308493.1532,891741406.0,0.011,0.555,2941203,3306796,0,66.5,11.2,2026-06-25
637,NOVT,Technology,Scientific & Technical Instruments,NASDAQ,551446,152.0,113.78,-2,-41,-11.55,61.7,88.2,2.8,0.9,8.5,25.6,79,81,42,46,34.7,0,0,0,0,0,0,5530746064.583176,35613303.0,0.1376,0.104,547598,486673,0,50.9,34.1,2026-06-25
638,IMAX,Communication Services,Entertainment,NYSE,1043687,43.92,113.74,2,0,-2.75,76.9,92.1,-0.4,4.0,13.5,19.3,79,77,75,83,59.6,0,0,0,0,0,0,2438854548.767105,55015891.0,0.1766,-0.061,938031,1136918,0,73.7,7.7,2026-06-25
639,CBT,Basic Materials,Specialty Chemicals,NYSE,528854,91.89,113.69,9,-2,0.1,58.6,100.0,4.1,6.8,13.0,26.4,79,70,59,23,30.8,0,0,0,0,0,0,4738846238.136063,51621417.0,0.0955,-0.034,625882,467640,0,45.7,30.1,2026-06-25
640,XENE,Healthcare,Biotechnology,NASDAQ,1349721,55.58,113.66,-4,2,-13.09,87.4,81.6,5.8,6.6,3.6,21.4,79,83,89,78,68.7,0,0,0,0,0,0,5114574235.750008,96665550.0,0.0419,,1343185,1182523,0,79.7,7.6,2026-06-25
641,CHRW,Industrials,Integrated Freight & Logistics,NASDAQ,1627569,177.28,113.65,0,6,-12.82,94.5,81.2,-3.0,-2.1,0.8,9.5,79,79,85,88,73.3,0,0,0,0,0,0,21811226900.29605,117873042.0,0.0669,-0.008,1303987,1828633,0,81.3,0.4,2026-06-25
642,PBF,Energy,Oil & Gas Refining & Marketing,NYSE,2406135,40.34,113.64,-3,12,-22.69,99.0,70.2,5.9,3.4,2.8,16.4,79,82,97,60,74.2,0,0,0,0,0,0,4411722544.424629,118308459.0,0.15100001,0.119,2355375,2862215,1,78.3,6.8,2026-06-25
643,LILA,Communication Services,Telecom Services,NASDAQ,926506,6.6,113.63,15,28,7.47,80.5,100.0,24.1,28.0,28.5,29.1,79,64,77,59,68.5,0,0,0,0,0,0,966720038.4140016,201400000.0,0.0234,-0.001,1363308,716402,0,67.1,-2.6,2026-06-25
644,BEP,Utilities,Utilities - Renewable,NYSE,860024,35.32,113.53,-2,0,-7.35,44.9,84.0,0.7,-1.6,1.1,15.2,79,81,83,65,44.4,0,0,0,0,0,0,10687445515.638638,303275965.0,0.0066000004,-0.042,798702,909844,0,68.3,21.3,2026-06-25
645,AKAM,Technology,Software - Infrastructure,NASDAQ,5193069,119.48,113.44,-12,-15,-27.78,60.1,46.7,-10.3,-17.7,-12.0,13.0,79,91,88,63,47.4,0,0,0,0,0,0,18160097216.827423,145385451.0,0.158,0.058,3931747,5458717,1,72.3,27.7,2026-06-25
646,RL,Consumer Cyclical,Apparel Manufacturing,NYSE,816134,414.25,113.43,9,11,-1.74,50.7,97.1,0.6,5.5,10.4,16.6,79,70,72,85,54.5,0,0,0,0,0,0,24580846642.67432,59516346.0,0.105100006,0.166,755492,691246,0,70.4,4.5,2026-06-25
647,VOYA,Financial Services,Financial Conglomerates,NYSE,1250942,90.15,113.39,7,-25,-2.89,36.6,89.3,-1.6,2.1,7.7,18.7,79,72,40,60,37.2,0,0,0,0,0,0,8178101336.308365,90666315.0,0.00029999999,0.031,1416238,1354869,0,52.3,23.0,2026-06-25
648,CSX,Industrials,Railroads,NASDAQ,13009211,46.06,113.37,-1,-3,-4.1,48.0,99.2,1.7,2.0,4.1,20.5,79,80,78,67,52.1,0,0,0,0,0,0,84786877983.98642,1858138856.0,0.020599999,0.017,12674015,12612447,0,69.3,16.7,2026-06-25
649,INGM,Technology,Information Technology Services,NYSE,1400472,27.63,113.29,-2,-13,-12.81,47.6,69.3,-3.5,-4.8,-2.6,17.6,79,81,70,62,44.2,0,0,0,0,0,0,6521582315.4847145,230444611.0,0.1494,0.137,1695037,1532771,0,64.3,23.3,2026-06-25
650,FFBC,Financial Services,Banks - Regional,NASDAQ,861046,32.92,113.28,7,6,0.8,44.0,100.0,4.1,6.6,9.3,21.7,79,72,71,46,44.6,0,0,0,0,0,0,3316817576.1838074,104929374.0,0.0444,0.323,859129,906419,0,58.4,19.0,2026-06-25
651,IDYA,Healthcare,Biotechnology,NASDAQ,1175580,36.28,113.21,19,39,-7.64,72.6,90.7,12.4,18.7,20.9,15.5,79,60,80,91,64.8,0,0,0,0,0,0,2954611950.2818336,94608133.0,0.1523,,1445002,1179422,1,73.9,-10.6,2026-06-25
652,SPG,Real Estate,REIT - Retail,NYSE,2033442,222.15,113.12,10,5,0.78,43.3,100.0,4.2,6.5,9.2,17.9,79,69,64,66,47.2,0,0,0,0,0,0,68532187696.75256,324289912.0,0.0,0.193,2663387,1726311,0,61.6,12.0,2026-06-25
653,ZD,Communication Services,Advertising Agencies,NASDAQ,606497,48.18,113.1,-7,-16,-4.69,83.1,100.0,4.9,5.4,7.5,25.7,79,86,77,30,56.1,0,0,0,0,0,0,1695533417.034912,36835400.0,0.22049999,-0.019,689033,593072,0,62.3,27.0,2026-06-25
654,SIRI,Communication Services,Entertainment,NASDAQ,5772598,27.9,113.09,-5,-22,-7.34,39.4,78.8,-0.2,-1.0,1.6,19.7,79,84,67,31,31.5,0,0,0,0,0,0,9435457037.218569,336619936.0,0.1393,0.011,7806786,6078001,0,53.4,38.6,2026-06-25
655,MPC,Energy,Oil & Gas Refining & Marketing,NYSE,2413924,246.51,113.08,-4,4,-9.52,59.9,87.4,1.1,-0.9,2.6,21.5,79,83,91,46,56.9,0,0,0,0,0,0,70914329076.95389,291936635.0,0.025,0.088,2433053,2317438,1,69.2,19.7,2026-06-25
656,PFG,Financial Services,Asset Management,NASDAQ,1223680,106.7,113.06,3,-9,-4.79,39.6,81.2,-4.0,-1.6,2.5,15.5,79,76,64,67,42.2,0,0,0,0,0,0,23668476848.95825,216012384.0,0.052800003,-0.045,1469170,1267702,0,62.3,19.9,2026-06-25
657,BBVA,Financial Services,Banks - Diversified,NYSE,1748318,24.16,113.03,4,5,-7.79,66.5,86.1,1.4,4.5,7.9,11.7,78,74,75,92,60.7,0,0,0,0,0,0,135874570713.9339,5550431914.0,0.00029999999,0.119,2215104,1666708,1,75.4,3.0,2026-06-25
658,YPF,Energy,Oil & Gas Integrated,NYSE,2151421,45.62,113.02,-5,-1,-20.65,94.1,67.7,-9.6,-12.5,-3.9,20.0,78,83,87,77,40.7,0,0,0,0,0,0,19782800688.869057,392126866.0,2.94,0.428,2057525,2054635,0,71.9,21.9,2026-06-25
659,SWK,Industrials,Tools & Accessories,NYSE,1592990,89.66,112.97,19,5,-3.97,48.6,100.0,7.7,12.2,17.1,21.4,78,59,45,52,45.8,0,0,0,0,0,0,13485770177.0,155455564.0,0.057600003,0.027,1922930,1966258,0,50.4,9.4,2026-06-25
660,TPC,Industrials,Engineering & Construction,NYSE,510038,82.36,112.96,1,17,-17.64,85.0,70.4,4.1,8.4,1.5,11.4,78,77,93,94,71.2,0,0,0,0,0,0,4117205228.705292,52791452.0,0.0498,0.115,523584,526802,2,83.8,-2.1,2026-06-25
661,XNCR,Healthcare,Biotechnology,NASDAQ,779443,14.45,112.94,13,-4,-22.69,110.6,69.5,12.1,18.5,19.7,13.5,78,65,48,83,69.3,0,0,0,0,0,0,937149798.8944968,74141596.0,0.20879999,-0.862,924351,784524,0,66.3,-4.1,2026-06-25
662,LEGN,Healthcare,Biotechnology,NASDAQ,3059771,29.38,112.93,7,-51,-35.14,70.8,42.6,-10.9,-11.0,0.1,11.1,78,71,13,13,2.8,0,0,0,0,0,0,5187712447.243286,185739792.0,0.171,0.565,3153535,2999789,0,24.9,51.5,2026-06-25
663,KYIV,Communication Services,Telecom Services,NASDAQ,613420,14.52,112.84,8,-33,-11.89,60.6,96.7,6.1,6.9,12.5,19.3,78,70,29,71,42.1,0,0,0,0,0,0,3269028880.6130066,230863624.0,0.052800003,0.267,574152,584462,0,53.0,17.8,2026-06-25
664,IONQ,Technology,Computer Hardware,NYSE,30070446,53.6,112.79,-12,-82,-36.67,90.1,43.2,-10.5,-16.7,-7.0,2.0,78,90,20,62,31.2,0,0,0,0,0,0,21108415274.61763,373269948.0,0.15609999,7.547,23732879,34688537,1,50.8,42.0,2026-06-25
665,PARR,Energy,Oil & Gas Refining & Marketing,NYSE,983164,51.26,112.77,-13,-6,-27.18,104.0,64.7,2.9,-0.8,-8.4,15.6,78,91,98,91,76.5,0,0,1,0,0,1,2551842225.924362,50144277.0,0.1349,0.045,836653,1157224,3,89.1,6.6,2026-06-25
666,MTH,Consumer Cyclical,Residential Construction,NYSE,908948,82.39,112.75,49,56,-2.77,41.8,100.0,9.7,15.6,22.5,19.6,78,29,36,32,30.9,0,0,0,0,0,0,5058814584.695396,66800665.0,0.0699,-0.177,1158736,935461,0,32.0,-2.3,2026-06-25
667,ING,Financial Services,Banks - Diversified,NYSE,3758469,31.05,112.7,1,-16,-2.45,45.6,89.2,0.1,1.5,4.1,12.5,78,77,60,86,51.2,0,0,0,0,0,0,89886515987.51796,2866279153.0,0.0007,0.029,5624108,3214435,0,68.6,12.8,2026-06-25
668,KMT,Industrials,Tools & Accessories,NYSE,1329466,34.45,112.64,-4,5,-21.36,82.9,71.1,2.7,6.4,0.8,15.1,78,82,91,83,64.3,0,0,0,0,0,0,2767950917.7025223,76210103.0,0.096,0.218,1059710,1335768,1,80.1,7.7,2026-06-25
669,CCRN,Healthcare,Medical Care Facilities,NASDAQ,759064,13.2,112.61,6,-30,-11.94,75.2,84.5,0.1,0.2,8.3,22.4,78,72,36,10,8.5,0,0,0,0,0,0,425476396.7447891,32306484.0,0.028299998,-0.178,614864,748234,0,31.6,47.8,2026-06-25
670,BC,Consumer Cyclical,Recreational Vehicles,NYSE,640621,84.85,112.6,0,-5,-5.98,60.5,96.3,6.2,6.8,9.1,17.3,78,78,73,79,58.2,0,0,0,0,0,0,5429913763.831375,64974438.0,0.0001,0.128,715805,710561,0,72.0,10.2,2026-06-25
671,EQIX,Real Estate,REIT - Specialty,NASDAQ,588760,1095.0,112.52,0,4,-2.98,49.8,92.7,0.2,1.1,0.8,20.7,78,78,82,37,26.5,0,0,0,0,0,0,107716411644.35548,98624248.0,0.0226,0.121,691532,581320,0,55.9,33.5,2026-06-25
672,PENN,Consumer Cyclical,Resorts & Casinos,NASDAQ,3464080,20.38,112.51,7,-35,-8.86,79.3,92.2,-0.5,2.9,16.0,31.6,78,71,29,21,27.2,0,0,0,0,0,0,2850863700.185612,133843371.0,0.1718,0.064,3447012,3861032,0,37.0,36.1,2026-06-25
673,VCTR,Financial Services,Asset Management,NASDAQ,512703,83.47,112.47,0,-15,-7.45,35.2,75.4,-4.2,-4.6,-0.9,16.1,78,78,63,51,38.6,0,0,0,0,0,0,5440831666.640854,62531106.0,0.0704,0.767,505540,484860,0,57.7,26.6,2026-06-25
674,ALHC,Healthcare,Healthcare Plans,NASDAQ,7015903,21.69,112.45,46,61,-9.13,95.1,91.0,7.6,23.1,21.1,20.7,78,32,47,83,62.0,0,0,0,0,0,0,4519201496.960312,206733823.0,0.1265,0.333,5910019,5917585,0,56.0,-26.7,2026-06-25
675,KODK,Industrials,Specialty Business Services,NYSE,1111556,9.39,112.39,-7,-5,-36.85,71.1,42.5,-2.5,-3.3,-15.3,9.7,78,85,87,83,62.0,0,0,0,0,0,0,917439962.7685548,97600000.0,0.0738,0.073,1016129,1208271,0,79.2,11.7,2026-06-25
676,OSW,Consumer Cyclical,Leisure,NASDAQ,684860,27.62,112.37,9,11,-1.88,40.7,90.4,1.9,7.5,10.8,23.0,78,69,71,64,44.1,0,0,0,0,0,0,2794703780.084713,101514846.0,0.064,0.127,988412,773610,0,62.0,13.3,2026-06-25
677,ARIS,Basic Materials,Gold,NYSE,1381609,14.71,112.35,-12,-6,-36.84,128.7,52.4,-7.0,-8.0,-15.4,-5.2,78,90,96,98,81.4,0,0,0,1,0,1,3430368173.2177734,206400000.0,3.52,1.365,1819519,1332343,3,91.3,2.1,2026-06-25
678,BCS,Financial Services,Banks - Diversified,NYSE,5304197,26.6,112.34,11,-4,-3.97,52.7,97.7,3.9,7.6,12.9,17.4,78,67,52,90,54.3,0,0,0,0,0,0,88844937929.8372,3376850617.0,0.88,0.039,5499823,5876152,1,65.8,3.3,2026-06-25
679,TEO,Communication Services,Telecom Services,NYSE,756277,12.74,112.34,5,8,-22.03,95.6,65.9,-9.7,-8.8,0.0,12.9,78,73,76,81,45.3,0,0,0,0,0,0,5922642027.5,430737602.0,0.0042,0.305,1006032,555114,0,68.8,12.0,2026-06-25
680,APA,Energy,Oil & Gas E&P,NASDAQ,5689245,33.33,112.32,-12,-5,-27.0,87.8,58.7,-3.1,-7.0,-10.5,11.4,78,90,97,70,71.3,0,0,0,0,0,0,11675121166.32779,353470227.0,0.1031,-0.119,6372065,6267527,2,82.1,12.6,2026-06-25
681,XERS,Healthcare,Drug Manufacturers - Specialty & Generic,NASDAQ,1605216,7.4,112.22,41,36,-26.59,58.8,52.3,5.3,11.7,16.1,5.3,78,37,32,87,59.9,0,0,0,0,0,0,1199862249.3211412,172642055.0,0.075,0.383,1971860,1636308,0,54.0,-20.9,2026-06-25
682,DAR,Consumer Defensive,Packaged Foods,NYSE,2134832,52.65,112.16,-9,-2,-20.25,78.5,66.5,-2.5,-7.0,-10.9,15.2,78,87,94,65,43.9,0,0,0,0,0,0,8531220894.340782,158927363.0,0.0469,0.123,2209876,2442627,1,72.5,25.3,2026-06-25
683,FBP,Financial Services,Banks - Regional,NYSE,1525585,26.42,112.14,10,-3,2.17,37.9,100.0,3.6,6.6,9.5,20.7,78,68,55,52,38.0,0,0,0,0,0,0,3898045788.414795,154684352.0,0.0732,0.081,1822786,1485297,0,53.3,19.5,2026-06-25
684,FRT,Real Estate,REIT - Retail,NYSE,994497,124.62,112.07,4,-3,-1.42,37.5,96.3,0.9,1.8,6.1,17.9,78,74,67,53,36.7,0,0,0,0,0,0,10400395374.10222,86389197.0,0.0001,0.103,1048092,928704,0,57.7,23.5,2026-06-25
685,TDC,Technology,Software - Infrastructure,NYSE,2423583,31.69,112.04,-2,-29,-24.15,55.0,62.2,-2.2,-5.7,0.3,11.6,78,80,53,83,48.5,0,0,0,0,0,0,2905807921.028137,94100000.0,0.1928,0.062,2792609,2359795,0,66.1,17.9,2026-06-25
686,CLDX,Healthcare,Biotechnology,NASDAQ,877135,33.78,111.93,4,14,-5.62,70.4,96.8,4.8,9.4,6.3,20.8,78,74,84,75,59.1,0,0,0,0,0,0,2545497918.9138794,78492072.0,0.108,-0.978,1112765,839717,0,73.0,6.2,2026-06-25
687,KRG,Real Estate,REIT - Retail,NYSE,2090188,28.85,111.9,6,3,-1.87,38.5,97.5,1.3,3.1,7.1,18.6,78,72,69,62,33.4,0,0,0,0,0,0,5667587407.424503,203066551.0,0.097799994,-0.092,2521334,2110528,0,59.1,21.6,2026-06-25
688,VAL,Energy,Oil & Gas Drilling,NYSE,919283,75.52,111.88,-14,-8,-33.82,84.7,49.6,-5.9,-10.8,-17.2,6.3,77,91,97,68,71.8,0,0,0,0,0,0,5440419667.728272,69251780.0,0.13149999,-0.25,982340,942708,2,81.9,13.6,2026-06-25
689,CRSR,Technology,Computer Hardware,NASDAQ,3699406,8.66,111.75,2,-53,-33.89,92.1,55.8,1.0,-7.1,9.7,28.2,77,75,20,16,5.2,0,0,0,0,0,0,956595768.063836,106882211.0,0.169,-0.041,2304430,2681342,0,29.1,52.2,2026-06-25
690,GE,Industrials,Aerospace & Defense,NYSE,4972859,365.88,111.71,17,22,0.32,51.7,100.0,5.3,10.0,19.1,20.9,77,60,65,85,54.0,0,0,0,0,0,0,373672874522.04114,1044829603.0,0.013300001,0.247,5239879,5831889,0,66.0,-2.5,2026-06-25
691,CAH,Healthcare,Medical Distribution,NYSE,2432880,233.01,111.58,18,40,-0.25,60.7,100.0,3.6,9.4,14.6,18.0,77,59,81,88,48.6,0,0,0,0,0,0,51939833463.98537,234205855.0,0.039,0.11,2782022,2310472,0,69.2,-2.8,2026-06-25
692,LAMR,Real Estate,REIT - Specialty,NASDAQ,607424,153.73,111.47,2,-8,-3.13,34.2,91.7,1.3,1.8,5.4,16.5,77,75,65,63,34.5,0,0,0,0,0,0,15185748245.295135,101475101.0,0.086,0.044,621503,627882,0,59.4,23.7,2026-06-25
693,MRK,Healthcare,Drug Manufacturers - General,NYSE,11119737,120.6,111.45,1,12,-3.63,61.7,100.0,6.3,6.1,8.5,18.2,77,76,87,77,58.5,0,0,0,0,0,0,281238912919.62537,2469824415.0,0.0124,0.049,13131442,10443746,0,74.6,7.4,2026-06-25
694,DOC,Real Estate,REIT - Healthcare Facilities,NYSE,8853917,20.82,111.41,6,-17,0.0,34.5,100.0,4.4,6.3,12.7,19.2,77,71,48,26,28.4,0,0,0,0,0,0,13485049002.930157,689419702.0,0.052399997,0.071,6864612,9015776,0,43.3,32.6,2026-06-25
695,EIX,Utilities,Utilities - Regulated Electric,NYSE,2593699,74.22,111.4,8,23,-2.62,48.3,95.8,2.9,4.1,5.8,16.2,77,69,84,57,51.5,0,0,0,0,0,0,27662836183.630417,384793941.0,0.0502,0.077,2376567,2616981,0,65.4,9.6,2026-06-25
696,HASI,Financial Services,Asset Management,NYSE,1094247,39.1,111.34,-5,-5,-11.4,60.7,78.2,1.4,0.6,-2.8,11.8,77,82,82,71,53.0,0,0,0,0,0,0,4991909813.468056,127801066.0,0.126,-0.283,1079733,1059042,0,72.0,16.7,2026-06-25
697,FULT,Financial Services,Banks - Regional,NASDAQ,1856525,23.87,111.25,10,9,0.89,44.6,100.0,4.3,7.6,10.8,20.6,77,67,66,62,42.7,0,0,0,0,0,0,4376959046.488323,191133586.0,0.0537,0.042,2549585,1866927,0,59.4,13.3,2026-06-25
698,SLF,Financial Services,Insurance - Diversified,NYSE,748478,77.26,111.2,7,-7,-2.18,37.1,93.5,0.2,3.2,6.4,19.8,77,70,56,56,25.4,0,0,0,0,0,0,43761964913.06136,554299767.0,6.67,0.002,633414,717560,0,51.8,26.5,2026-06-25
699,LILAK,Communication Services,Telecom Services,NASDAQ,1682412,6.55,111.2,13,26,5.6,74.5,100.0,23.0,26.0,25.1,25.8,77,64,77,60,66.0,0,0,0,0,0,0,964705992.3171996,201400000.0,0.0321,-0.001,2499692,1388384,0,66.7,-1.5,2026-06-25
700,INCY,Healthcare,Biotechnology,NASDAQ,1848394,108.46,111.18,15,28,-3.41,59.8,93.0,3.5,5.8,8.7,10.6,77,62,75,86,58.2,0,0,0,0,0,0,19622603507.9747,199782155.0,0.0983,0.209,2241523,1684228,0,70.3,-4.2,2026-06-25
701,UMBF,Financial Services,Banks - Regional,NASDAQ,643179,141.47,111.17,6,-17,2.84,39.8,100.0,5.1,7.7,10.7,19.2,77,71,48,58,44.8,0,0,0,0,0,0,10109729229.12506,75978727.0,0.0544,0.49,681377,689369,0,55.4,18.0,2026-06-25
702,TRP,Energy,Oil & Gas Midstream,NYSE,2273238,69.36,111.16,0,4,-2.95,50.7,97.0,1.8,2.6,5.5,18.6,77,77,81,71,53.5,0,0,0,0,0,0,70527615679.97974,1041766896.0,6.75,0.066,2469835,2353485,0,70.6,12.6,2026-06-25
703,JHX,Basic Materials,Building Materials,NYSE,8493123,25.82,111.16,40,32,-13.44,55.9,71.9,4.5,8.8,17.9,22.5,77,37,29,28,11.9,0,0,0,0,0,0,14432424066.749376,580314579.0,3.7,0.445,8827209,7727671,0,26.5,15.1,2026-06-25
704,PRKS,Consumer Cyclical,Leisure,NYSE,1037463,46.87,111.16,41,25,-17.7,56.1,65.4,0.4,6.2,19.3,17.8,77,36,20,16,9.7,0,0,0,0,0,0,2198400997.150757,47135528.0,0.36180001,-0.03,1020409,1050367,0,20.4,18.8,2026-06-25
705,CAR,Industrials,Rental & Leasing Services,NASDAQ,809985,175.29,111.15,-9,-15,-79.32,88.4,12.4,-10.2,-8.4,-22.9,4.6,77,86,80,69,6.1,0,0,0,0,0,0,6656286853.252075,35324986.0,0.5845,0.041,517246,2612971,0,60.3,43.9,2026-06-25
706,IMTX,Healthcare,Biotechnology,NASDAQ,555306,10.02,111.03,-10,-10,-19.26,87.1,65.4,-0.3,-3.3,-10.5,-3.6,77,87,87,91,68.2,0,0,0,0,0,0,1336663478.084329,136673161.0,0.0509,-0.59,354599,488521,1,83.3,8.6,2026-06-25
707,RYTM,Healthcare,Biotechnology,NASDAQ,785804,107.55,111.01,34,35,-11.99,76.2,83.3,11.4,17.5,20.4,10.6,77,43,44,91,66.1,0,0,0,0,0,0,6639172090.259293,68593574.0,0.1162,0.838,1209492,772758,1,61.0,-21.3,2026-06-25
708,IEX,Industrials,Specialty Industrial Machinery,NYSE,694213,222.16,111.0,9,8,-2.67,44.8,100.0,2.4,4.4,6.9,20.1,77,68,67,47,37.6,0,0,0,0,0,0,16648205104.257568,74015052.0,0.0347,0.089,762971,706598,0,54.9,19.5,2026-06-25
709,VKTX,Healthcare,Biotechnology,NASDAQ,2270749,37.87,110.99,31,56,-12.24,60.2,73.2,15.8,19.6,17.3,13.5,77,46,71,79,43.6,0,0,0,0,0,0,3527289336.900266,116105643.0,0.2037,,2940028,2310599,0,59.9,-7.9,2026-06-25
710,VALE,Basic Materials,Other Industrial Metals & Mining,NYSE,23939265,14.84,110.96,-6,-1,-17.28,66.9,69.2,-2.4,-3.4,-7.2,5.5,77,83,88,87,63.6,0,0,0,0,0,0,65649217267.11438,4257407065.0,0.015800001,0.027,23481947,24081103,0,80.4,8.4,2026-06-25
711,ZYME,Healthcare,Biotechnology,NASDAQ,686344,24.3,110.88,-7,-2,-18.32,97.8,71.0,2.0,-0.1,-6.0,3.4,77,84,89,94,71.9,0,0,0,0,0,0,1702501042.3940277,73573945.0,0.0919,-0.911,656722,663692,1,84.7,3.6,2026-06-25
712,BIIB,Healthcare,Drug Manufacturers - General,NASDAQ,1141803,199.59,110.86,4,13,-3.1,64.6,96.9,1.6,2.6,5.0,14.8,77,73,82,78,60.5,0,0,0,0,0,0,29022504730.191635,147637117.0,0.036,0.019,1156690,1140250,0,73.4,4.3,2026-06-25
713,LTRX,Technology,Communication Equipment,NASDAQ,1454934,5.67,110.84,-16,-21,-35.2,107.8,46.9,-16.3,-21.8,-19.5,-8.3,77,93,88,92,77.4,0,0,0,0,0,0,296201078.12410975,44608597.0,0.0154,0.059,1244692,1140474,2,87.6,8.5,2026-06-25
714,UTHR,Healthcare,Drug Manufacturers - Specialty & Generic,NASDAQ,526198,549.9,110.84,-7,-4,-9.76,97.8,83.4,-0.4,-0.7,-3.5,8.6,77,84,87,87,72.4,0,0,0,0,0,0,22776493600.39691,42446733.0,0.060399998,-0.016,682406,493155,0,82.6,4.9,2026-06-25
715,AA,Basic Materials,Aluminum,NYSE,5181692,52.3,110.82,-16,-17,-38.02,88.4,44.8,-12.2,-22.0,-20.6,-2.4,77,93,92,92,71.4,0,0,0,0,0,0,15667141596.885204,263889875.0,0.0248,-0.052,6471577,4826541,3,87.1,11.1,2026-06-25
716,CBC,Financial Services,Banks - Regional,NASDAQ,791301,29.44,110.81,3,-16,0.62,28.2,97.9,2.7,3.2,6.7,,77,74,55,47,,0,0,0,0,0,0,6768655103.502846,239768162.0,0.0496,0.104,1056274,731968,0,58.7,,2026-06-25
717,FCX,Basic Materials,Copper,NYSE,13652714,61.84,110.8,-3,1,-14.44,77.7,75.5,-6.4,-5.9,-2.4,14.8,77,80,84,82,54.2,0,0,0,0,0,0,98731611966.90845,1437559865.0,0.0198,0.088,15057983,14642846,0,75.1,12.1,2026-06-25
718,TPR,Consumer Cyclical,Luxury Goods,NYSE,2687691,149.75,110.79,-1,9,-7.54,70.9,80.7,-1.2,0.9,2.5,11.6,77,78,88,90,65.2,0,0,0,0,0,0,28993416459.0,202044714.0,0.09,0.212,2846463,2495346,1,80.3,3.0,2026-06-25
719,MUFG,Financial Services,Banks - Diversified,NYSE,3452706,19.81,110.77,4,0,-6.47,50.6,86.4,-1.6,0.6,5.8,16.5,77,73,69,72,51.5,0,0,0,0,0,0,237716471271.0029,11276872492.0,0.00090000004,,3539600,3166712,0,66.4,11.4,2026-06-25
720,BANC,Financial Services,Banks - Regional,NYSE,2723178,20.74,110.68,11,8,-4.03,51.9,99.3,4.1,6.9,10.1,13.8,76,65,62,81,55.7,0,0,0,0,0,0,3097920373.2493744,154202108.0,0.0756,0.08,2715266,2806665,0,65.9,1.8,2026-06-25
721,PCVX,Healthcare,Biotechnology,NASDAQ,1505615,53.87,110.64,7,20,-17.12,80.9,72.0,5.8,8.7,1.3,8.5,76,69,82,71,59.3,0,0,0,0,0,0,7427816563.779961,144397682.0,0.1008,,1550316,1476471,0,70.3,3.2,2026-06-25
722,TDUP,Consumer Cyclical,Internet Retail,NASDAQ,1975363,6.54,110.55,64,66,-46.74,113.8,39.5,16.3,27.2,40.9,7.9,76,12,14,94,2.6,0,0,0,0,0,0,775535513.9951057,129040846.0,0.22129999,0.146,1928780,2317876,1,30.7,-11.9,2026-06-25
723,ERO,Basic Materials,Copper,NYSE,1380596,26.44,110.52,-8,-7,-33.57,103.2,53.5,-8.8,-9.0,-6.4,-0.2,76,84,85,93,64.1,0,0,0,0,0,0,3102269548.0,104277968.0,2.36,1.104,1441468,1323251,1,81.5,8.0,2026-06-25
724,TRS,Consumer Cyclical,Packaging & Containers,NASDAQ,500686,43.6,110.48,0,-1,-1.13,59.7,98.3,3.0,6.3,10.4,19.4,76,76,75,77,59.5,0,0,0,0,0,0,1568177788.8506126,35827685.0,0.21090001,0.104,661930,509122,0,71.9,8.2,2026-06-25
725,HOPE,Financial Services,Banks - Regional,NASDAQ,867799,13.4,110.41,6,-4,0.83,39.5,100.0,3.5,5.6,7.9,17.6,76,70,60,53,35.1,0,0,0,0,0,0,1641451277.2266655,127838883.0,0.050300002,0.184,1054989,914971,0,54.5,21.8,2026-06-25
726,LEA,Consumer Cyclical,Auto Parts,NYSE,687911,135.58,110.37,-3,-5,-9.81,49.0,83.3,-1.6,-2.8,1.6,15.1,76,79,77,77,54.1,0,0,0,0,0,0,7000790085.25,50095099.0,0.0552,0.047,791423,648726,0,71.8,13.0,2026-06-25
727,SKT,Real Estate,REIT - Retail,NYSE,1038168,40.54,110.35,17,22,-1.19,39.2,100.0,2.7,6.9,10.7,18.3,76,59,64,55,42.1,0,0,0,0,0,0,4495092172.330647,114875851.0,0.064,0.117,1370714,947436,0,55.0,8.8,2026-06-25
728,FIGS,Consumer Cyclical,Apparel Manufacturing,NYSE,2940651,11.78,110.33,-15,-9,-32.61,96.6,47.5,-5.6,-5.6,-15.2,-2.5,76,91,97,95,74.5,0,0,0,0,0,0,2056351754.525817,167047253.0,0.1445,0.28,3164574,3320216,3,89.4,6.9,2026-06-25
729,FSLR,Technology,Solar,NASDAQ,2746730,248.36,110.3,-5,-32,-22.62,63.4,58.1,-4.3,-9.9,3.2,6.1,76,81,54,89,63.7,0,0,0,0,0,0,27690732956.78656,107453363.0,0.1039,0.236,2152932,2700656,0,71.9,9.8,2026-06-25
730,FITB,Financial Services,Banks - Regional,NYSE,7377087,54.96,110.3,11,5,-0.87,39.8,100.0,4.5,7.6,11.3,18.5,76,65,59,69,45.5,0,0,0,0,0,0,47798872562.73384,906311548.0,0.0596,0.33,8108341,6700882,0,59.6,9.6,2026-06-25
731,PAYO,Technology,Software - Infrastructure,NASDAQ,10144829,7.09,110.26,53,54,-7.5,64.9,87.9,0.9,13.2,28.0,26.4,76,23,24,22,9.5,0,0,0,0,0,0,2374124674.5294538,338194399.0,0.0399,0.061,17013579,7445659,0,19.6,6.8,2026-06-25
732,SPXC,Industrials,Building Products & Equipment,NYSE,644023,237.22,110.2,12,23,-3.83,51.5,97.8,2.8,5.4,11.5,16.5,76,64,75,80,55.0,0,0,0,0,0,0,12164253992.944304,50064839.0,0.0468,0.174,723100,621868,0,68.5,0.2,2026-06-25
733,CRUS,Technology,Semiconductors,NASDAQ,544980,157.67,110.11,-10,-13,-12.61,58.3,69.5,-4.6,-6.8,-7.5,11.0,76,86,83,63,50.1,0,0,0,0,0,0,8339329419.487152,50452718.0,0.0655,0.057,521011,613064,0,70.5,22.8,2026-06-25
734,HR,Real Estate,REIT - Healthcare Facilities,NYSE,4098189,20.42,110.1,1,-12,-2.3,32.2,92.7,-0.1,1.2,3.1,11.6,76,75,62,51,38.2,0,0,0,0,0,0,6857662345.86998,346521578.0,0.0847,-0.065,4872297,4368119,0,56.5,24.5,2026-06-25
735,AVAH,Healthcare,Medical Care Facilities,NASDAQ,2025199,8.47,110.08,25,13,-17.93,126.7,72.6,9.8,16.7,20.1,6.3,76,51,39,87,66.4,0,0,0,0,0,0,1696313023.0632982,217755203.0,0.0463,0.159,2023489,1688691,0,60.9,-13.7,2026-06-25
736,EWBC,Financial Services,Banks - Regional,NASDAQ,936607,130.69,109.99,4,-16,-3.9,38.1,93.8,0.2,2.4,4.9,15.1,76,72,52,72,39.2,0,0,0,0,0,0,17372495649.75647,136996262.0,0.031,0.141,1270251,955506,0,58.8,18.4,2026-06-25
737,ECVT,Basic Materials,Specialty Chemicals,NYSE,1680666,12.63,109.97,-12,-9,-16.27,59.5,61.3,-5.3,-6.1,-11.2,10.4,76,88,91,81,52.9,0,0,0,0,0,0,1403193631.4774475,109453484.0,0.0312,0.502,1243678,1703793,1,78.2,18.7,2026-06-25
738,CX,Basic Materials,Building Materials,NYSE,4380965,12.02,109.93,-5,-2,-12.07,83.7,82.8,-1.8,-2.0,-1.5,9.0,76,81,84,92,69.4,0,0,0,0,0,0,18368784066.158787,1442952453.0,2.1,0.112,3871995,4948463,1,81.6,3.3,2026-06-25
739,ETR,Utilities,Utilities - Regulated Electric,NYSE,3670317,114.69,109.88,4,15,-3.17,42.6,93.2,2.8,4.4,2.9,13.7,76,72,83,67,45.6,0,0,0,0,0,0,50875807849.64195,457886847.0,0.056199998,0.12,3607792,3765082,0,66.9,13.1,2026-06-25
740,WELL,Real Estate,REIT - Healthcare Facilities,NYSE,3988301,221.43,109.87,3,7,-0.11,48.5,100.0,4.6,7.2,5.7,14.3,76,73,77,78,50.9,0,0,0,0,0,0,145877216783.94012,705914450.0,0.0286,0.383,4141255,3505583,0,69.7,9.6,2026-06-25
741,BVN,Basic Materials,Other Precious Metals & Mining,NYSE,1334038,29.75,109.85,-12,-7,-33.4,90.8,52.9,-6.4,-7.0,-8.7,-0.4,76,88,93,92,73.6,0,0,0,0,0,0,8274892591.923843,253986867.0,0.028900001,1.03,1664785,1412863,2,86.7,5.9,2026-06-25
742,JNJ,Healthcare,Drug Manufacturers - General,NYSE,8288647,241.0,109.84,5,21,-4.25,61.1,96.2,3.4,5.0,6.3,12.9,76,71,87,82,61.4,0,0,0,0,0,0,549784282537.4414,2407216971.0,0.0108,0.099,9055902,8053684,0,75.4,1.0,2026-06-25
743,CARR,Industrials,Building Products & Equipment,NYSE,6348457,74.06,109.76,22,6,-8.67,50.9,84.4,6.2,9.8,15.3,27.0,76,54,38,23,11.3,0,0,0,0,0,0,59643978147.84576,830580423.0,0.0247,0.024,5638023,6708276,0,31.6,29.1,2026-06-25
744,ENPH,Technology,Solar,NASDAQ,9202876,47.82,109.74,-16,-61,-35.15,80.7,45.6,-6.9,-16.8,-0.9,19.7,76,92,47,15,30.4,0,0,0,0,0,0,6890410780.713501,131798220.0,0.24430001,-0.206,6802980,8399546,1,46.1,50.7,2026-06-25
745,NPKI,Industrials,Building Products & Equipment,NYSE,959073,14.76,109.73,-8,0,-10.55,85.6,89.6,2.6,4.4,2.7,15.4,76,84,92,88,70.0,0,0,0,0,0,0,1342707840.1860125,84447036.0,0.0233,0.159,1161961,913478,1,83.5,5.4,2026-06-25
746,VIST,Energy,Oil & Gas E&P,NYSE,944557,64.42,109.72,-11,-5,-20.9,93.0,68.8,-5.0,-9.0,-8.7,16.1,76,87,93,73,37.2,0,0,0,0,0,0,7639377134.295227,111442404.0,0.027999999,0.973,941491,1102208,1,72.6,27.1,2026-06-25
747,IONS,Healthcare,Biotechnology,NASDAQ,1772922,76.52,109.69,-9,-5,-11.78,98.3,82.6,4.5,4.7,4.5,4.0,75,84,88,94,75.3,0,0,0,0,0,0,12249261104.627169,165262556.0,0.1364,0.87,1972118,1797181,1,85.3,2.0,2026-06-25
748,NWBI,Financial Services,Banks - Regional,NASDAQ,1107496,14.99,109.64,6,-1,0.4,33.5,100.0,2.7,4.6,7.9,17.7,75,69,62,42,25.7,0,0,0,0,0,0,2118636079.502468,146314651.0,0.048699997,0.151,1337990,1096480,0,49.7,27.8,2026-06-25
749,TRN,Industrials,Railroads,NYSE,761374,35.32,109.64,10,21,-5.46,56.1,98.1,4.0,7.5,7.8,20.2,75,65,76,34,43.0,0,0,0,0,0,0,2740554785.462616,79505503.0,0.0943,-0.16,667534,711188,0,54.5,16.1,2026-06-25
750,DD,Basic Materials,Specialty Chemicals,NYSE,1260117,137.82,109.64,-5,1,161.72,384.4,100.0,110.0,143.3,168.9,217.2,75,80,86,83,95.8,0,0,0,0,0,0,19325326446.57814,405058202.0,0.0336,0.043,1396892,1232601,1,86.2,-9.1,2026-06-25
751,BKU,Financial Services,Banks - Regional,NYSE,704359,50.43,109.54,8,16,-3.22,44.9,95.8,3.3,5.3,6.8,13.1,75,67,75,78,49.6,0,0,0,0,0,0,3455288750.102097,72681714.0,0.0553,0.037,944838,765373,0,67.4,5.7,2026-06-25
752,FA,Industrials,Specialty Business Services,NASDAQ,1554128,16.72,109.49,0,-53,-9.87,87.3,82.6,2.3,3.3,12.9,22.4,75,75,22,33,8.3,0,0,0,0,0,0,2756600292.941048,171537047.0,0.1682,0.086,3076755,1431489,0,34.6,47.0,2026-06-25
753,DTM,Energy,Oil & Gas Midstream,NYSE,672270,147.09,109.45,-4,-1,-3.79,51.0,97.4,4.2,5.1,5.2,18.0,75,79,82,73,45.9,0,0,0,0,0,0,14618623420.722382,102014118.0,0.0418,0.109,804642,743522,0,70.0,17.4,2026-06-25
754,ZION,Financial Services,Banks - Regional,NASDAQ,1605837,68.3,109.44,6,-5,0.46,47.7,100.0,3.1,6.6,9.7,18.5,75,69,58,66,44.9,0,0,0,0,0,0,9733065261.55684,147091817.0,0.0508,0.102,2099803,1599038,0,59.5,13.8,2026-06-25
755,COKE,Consumer Defensive,Beverages - Non-Alcoholic,NASDAQ,572003,177.54,109.35,4,20,-19.17,66.5,65.5,-2.0,-0.6,-2.4,8.9,75,71,87,80,63.4,0,0,0,0,0,0,12084081485.85617,66564294.0,0.0708,0.083,486249,562809,0,75.4,0.4,2026-06-25
756,TRIN,Financial Services,Asset Management,NASDAQ,990624,16.84,109.28,1,-11,-3.11,20.4,88.0,0.2,-0.2,1.3,8.2,75,74,62,58,23.5,0,0,0,0,0,0,1512809159.4721165,89887651.0,0.066,0.329,1000243,1085516,0,54.4,29.6,2026-06-25
757,W,Consumer Cyclical,Internet Retail,NYSE,4243845,92.79,109.17,13,24,-22.66,86.6,63.0,10.3,20.3,28.9,7.8,75,62,73,95,71.6,0,0,0,0,0,0,11684329648.376518,131996499.0,0.1672,0.074,4056885,4206171,1,75.4,-12.5,2026-06-25
758,WAB,Industrials,Railroads,NYSE,906281,272.48,109.09,3,9,-2.12,52.1,100.0,4.0,6.1,6.8,21.3,75,72,78,66,43.4,0,0,0,0,0,0,46462745376.79767,169677346.0,0.0227,0.13,817273,941170,0,64.9,14.9,2026-06-25
759,UUUU,Energy,Uranium,NYSE ARCA,10745682,15.03,109.01,-15,-8,-46.13,159.8,40.0,-6.4,-10.3,-22.5,-21.6,75,90,97,96,85.6,0,0,0,0,0,0,4137797386.5566254,249867000.0,0.1607,1.121,11146246,11007159,3,92.2,0.3,2026-06-25
760,KEY,Financial Services,Banks - Regional,NYSE,12165695,23.12,108.95,4,0,-0.99,39.6,100.0,2.8,5.8,7.2,15.5,75,71,67,77,46.1,0,0,0,0,0,0,24382937832.658585,1079368644.0,0.0,0.118,13051465,12098223,0,65.3,11.7,2026-06-25
761,CTRI,Utilities,Utilities - Regulated Gas,NYSE,1264453,31.45,108.89,-8,-4,-26.83,64.4,55.6,3.8,4.7,-1.8,16.5,75,83,87,81,50.6,0,0,0,0,0,0,3004824933.944221,100934662.0,0.045500003,0.315,1202729,1393411,0,75.4,16.2,2026-06-25
762,GLXY,Financial Services,Capital Markets,NASDAQ,6528916,28.58,108.88,-2,-54,-37.76,67.8,43.9,-12.2,-8.4,-3.3,1.3,75,77,25,25,49.2,0,0,0,0,0,0,6549020492.696667,191491823.0,0.1427,-0.206,6943950,6193962,0,44.1,29.5,2026-06-25
763,ADM,Consumer Defensive,Farm Products,NYSE,3697045,75.08,108.88,-5,1,-12.05,47.2,76.4,-0.8,-3.5,-0.5,14.2,75,80,86,65,50.4,0,0,0,0,0,0,36194934442.2927,481956527.0,0.036199998,0.016,3774965,3808733,0,70.4,17.2,2026-06-25
764,WAFD,Financial Services,Banks - Regional,NASDAQ,545249,37.74,108.84,6,-3,-2.2,36.6,100.0,2.8,4.8,6.9,16.9,75,69,60,65,37.8,0,0,0,0,0,0,2695451716.576538,73888480.0,0.060900003,0.092,644278,600679,0,58.0,17.3,2026-06-25
765,IVT,Real Estate,REIT - Retail,NYSE,1249190,35.46,108.81,9,12,-1.91,34.4,100.0,3.0,5.1,9.0,18.8,75,66,69,45,35.9,0,0,0,0,0,0,2675538113.5148163,77935857.0,0.036,0.119,2332681,926948,0,54.0,19.0,2026-06-25
766,CNK,Communication Services,Entertainment,NYSE,2127441,33.16,108.69,37,70,-3.6,47.6,86.4,-2.7,1.5,9.9,19.1,75,38,71,23,12.0,0,0,0,0,0,0,3942754547.815624,116787759.0,0.1675,0.189,2274555,2195157,0,36.0,12.7,2026-06-25
767,TWO,Real Estate,REIT - Mortgage,NYSE,1513462,12.37,108.65,-7,-19,-12.7,39.1,67.1,0.7,0.4,2.4,13.3,75,82,70,50,24.1,0,0,0,0,0,0,1294170790.5024033,105046333.0,0.039300002,15.691,1339857,1917317,0,56.5,36.6,2026-06-25
768,SOBO,Energy,Oil & Gas Midstream,NYSE,886384,35.81,108.64,-5,-2,-6.87,44.8,87.5,-0.4,-0.4,3.0,19.6,75,80,83,67,45.9,0,0,0,0,0,0,7481930347.697582,208584627.0,9.05,-0.014,1078824,943270,0,69.0,19.4,2026-06-25
769,CRL,Healthcare,Diagnostics & Research,NYSE,863076,202.1,108.62,38,43,-11.7,46.1,82.7,12.0,14.1,20.8,19.0,75,37,42,78,49.1,0,0,0,0,0,0,8911030050.0,48167730.0,0.0934,0.012,743098,852557,0,51.5,-14.8,2026-06-25
770,BUSE,Financial Services,Banks - Regional,NASDAQ,735903,29.25,108.59,5,2,0.52,33.2,100.0,2.8,4.7,8.5,17.1,75,70,67,60,34.1,0,0,0,0,0,0,2387613188.0836487,84577160.0,0.0423,1.434,805030,652210,0,57.8,20.2,2026-06-25
771,BNL,Real Estate,REIT - Diversified,NYSE,1692886,21.09,108.55,3,4,-1.91,33.5,98.7,0.8,1.8,3.6,11.2,74,71,72,57,36.0,0,0,0,0,0,0,3946555687.269373,191766555.0,0.0656,0.117,1743959,1939835,0,59.0,20.2,2026-06-25
772,ADUR,Industrials,Pollution & Treatment Controls,NASDAQ,553470,14.05,108.51,-11,-25,-22.76,62.8,65.1,-1.2,-5.7,2.9,12.1,74,85,71,84,42.0,0,0,0,0,0,0,529021383.43591976,34988187.0,5.15,,551191,466330,0,70.5,23.1,2026-06-25
773,PRMB,Consumer Defensive,Beverages - Non-Alcoholic,NYSE,3375922,24.45,108.51,5,-32,-21.08,72.8,64.8,3.3,4.0,10.7,24.0,74,69,32,12,3.0,0,0,0,0,0,0,8806820165.848045,362868562.0,0.42330003,0.008,2941487,3863029,0,29.0,48.1,2026-06-25
774,TOL,Consumer Cyclical,Residential Construction,NYSE,1222717,161.03,108.5,26,41,-4.35,45.6,92.6,6.1,11.1,14.5,14.9,74,48,63,65,48.7,0,0,0,0,0,0,14550630398.849487,93471000.0,0.0573,-0.076,1365852,1104846,0,56.2,-5.2,2026-06-25
775,ORA,Utilities,Utilities - Renewable,NYSE,968914,124.18,108.45,-10,-13,-15.17,43.3,59.1,-7.5,-10.9,-5.2,4.8,74,84,81,86,45.7,0,0,0,0,0,0,7846389921.154137,61453555.0,0.0887,0.758,864804,954690,0,74.2,19.0,2026-06-25
776,TGEN,Industrials,Electrical Equipment & Parts,NYSE ARCA,506033,5.38,108.43,-1,-64,-55.43,160.0,31.8,-8.7,-12.9,-2.9,-7.5,74,75,12,89,1.3,0,0,0,0,0,0,180405256.83703613,29917952.0,0.045300003,-0.129,214360,526176,0,44.3,40.3,2026-06-25
777,MAS,Industrials,Building Products & Equipment,NYSE,2502020,78.05,108.42,26,15,-1.44,36.0,100.0,6.5,10.1,13.0,18.0,74,48,37,33,32.6,0,0,0,0,0,0,15144294423.07644,203607085.0,0.0694,0.065,2214372,2921682,0,37.7,11.8,2026-06-25
778,BVS,Healthcare,Medical Devices,NASDAQ,663610,9.5,108.33,4,14,-15.55,58.5,74.8,9.2,10.6,1.3,18.2,74,70,80,37,50.0,0,0,0,0,0,0,590085500.6643829,67748048.0,0.0397,0.066,552562,603526,0,59.2,15.6,2026-06-25
779,USB,Financial Services,Banks - Regional,NYSE,9097486,60.11,108.3,8,8,-1.76,39.3,100.0,3.9,7.5,9.4,15.7,74,66,66,75,43.8,0,0,0,0,0,0,90566521715.156,1557731728.0,0.0,0.046,10921958,9141799,0,62.7,9.3,2026-06-25
780,GRRR,Technology,Software - Infrastructure,NASDAQ,1730175,16.89,108.29,2,-57,-32.11,78.4,50.2,-1.5,-5.2,8.7,17.3,74,72,13,9,2.0,0,0,0,0,0,0,459108645.3727264,27757474.0,0.1224,0.546,1552335,1387289,0,24.0,53.5,2026-06-25
781,FUN,Consumer Cyclical,Leisure,NYSE,2049457,23.02,108.27,22,-3,-31.28,75.1,47.9,-5.1,-0.0,8.6,19.9,74,52,27,8,1.6,0,0,0,0,0,0,2548966368.0627937,102203942.0,0.20799999,0.117,2242011,2010970,0,22.2,36.5,2026-06-25
782,AVGO,Technology,Semiconductors,NASDAQ,30777329,382.07,108.22,-10,-23,-22.81,43.2,52.7,-2.2,-6.8,-8.2,4.9,74,84,71,87,49.4,0,0,0,0,0,0,1957030643485.265,4757580198.0,0.0125,0.479,33777539,26549763,0,72.9,18.0,2026-06-25
783,ASB,Financial Services,Banks - Regional,NYSE,1907245,30.44,108.2,11,4,1.6,30.0,100.0,4.5,7.8,9.5,15.8,74,63,56,62,36.0,0,0,0,0,0,0,5516376865.332241,188917011.0,0.0,0.122,2395025,1966205,0,54.3,14.4,2026-06-25
784,JBLU,Industrials,Airlines,NASDAQ,25704052,5.79,108.07,22,6,-10.92,46.9,77.8,9.4,14.1,16.0,20.8,74,52,36,31,45.2,0,0,0,0,0,0,2113067254.0587244,372018894.0,0.22389999,0.047,28804718,27136885,0,41.0,9.2,2026-06-25
785,COLB,Financial Services,Banks - Regional,NASDAQ,2958954,31.53,108.06,10,10,-3.58,39.9,96.3,3.4,5.9,7.8,13.4,74,64,64,70,45.6,0,0,0,0,0,0,8843930460.436378,289490366.0,0.0341,0.399,3061822,2733656,0,60.9,8.0,2026-06-25
786,EXEL,Healthcare,Biotechnology,NASDAQ,2565324,52.87,107.94,4,-16,-1.97,54.1,98.6,1.4,2.4,8.4,21.6,74,70,50,69,22.5,0,0,0,0,0,0,13047842320.176258,251355083.0,0.1607,0.1,2778633,2694320,0,52.9,26.0,2026-06-25
787,NWE,Utilities,Utilities - Regulated Electric,NASDAQ,547232,71.75,107.92,4,10,-4.56,40.6,91.5,1.3,2.1,0.6,7.7,74,70,76,76,43.9,0,0,0,0,0,0,4298179989.143188,61508016.0,0.041100003,0.066,568217,495001,0,66.5,11.2,2026-06-25
788,HL,Basic Materials,Other Precious Metals & Mining,NYSE,20823746,14.52,107.87,-17,-12,-57.51,171.0,36.5,-3.1,-5.0,-12.8,-15.2,74,91,96,98,86.3,0,0,0,1,0,1,10704569977.465649,670712403.0,0.0,1.004,29368218,17761989,3,92.8,0.5,2026-06-25
789,SNDX,Healthcare,Biotechnology,NASDAQ,1796102,19.98,107.83,-3,13,-21.92,126.9,67.5,4.3,6.4,-1.3,1.3,74,77,93,92,78.7,0,0,0,0,0,0,1683590513.0,88610027.0,0.191,2.236,1915147,1795377,2,85.2,-5.5,2026-06-25
790,CDNS,Technology,Software - Application,NASDAQ,2451538,372.4,107.77,0,-39,-10.63,38.6,68.0,-4.0,-5.4,1.9,12.7,74,74,35,47,31.8,0,0,0,0,0,0,106848364280.27344,275816000.0,0.0178,0.187,2471464,2526766,0,46.9,30.4,2026-06-25
791,HLT,Consumer Cyclical,Lodging,NYSE,1631850,343.42,107.77,7,11,-4.07,34.2,90.0,-1.4,-0.1,3.0,14.3,74,67,71,73,40.4,0,0,0,0,0,0,79412857254.80676,227648372.0,0.028099999,0.11,1822330,1665260,0,62.9,11.7,2026-06-25
792,NBIX,Healthcare,Drug Manufacturers - Specialty & Generic,NASDAQ,1208469,166.06,107.72,3,-22,-2.07,33.4,92.8,2.0,1.8,9.3,15.8,74,71,46,65,35.6,0,0,0,0,0,0,15916056133.990768,100549983.0,0.0716,0.422,1218249,1231845,0,54.4,21.4,2026-06-25
793,SIGI,Financial Services,Insurance - Property & Casualty,NASDAQ,511275,95.39,107.7,12,-14,1.49,28.2,95.9,1.5,4.6,8.6,14.9,74,62,36,42,16.5,0,0,0,0,0,0,5526555245.03418,59869520.0,0.031,0.057,519856,545327,0,39.1,29.3,2026-06-25
794,WTO,Technology,Consumer Electronics,NASDAQ,2547736,5.92,107.68,73,77,-99.92,1104.7,0.9,118.4,222.8,275.2,-92.4,74,1,5,0,0.1,0,0,0,0,0,0,10404310.757286072,1973878.0,0.0025,-0.281,6634790,2157022,0,1.5,0.3,2026-06-25
795,EBC,Financial Services,Banks - Regional,NASDAQ,3717657,21.43,107.67,7,12,-5.07,47.2,98.3,4.9,7.2,8.3,13.1,74,67,72,65,52.6,0,0,0,0,0,0,4428587896.608358,214979991.0,0.0397,,7223773,3199322,0,64.2,7.1,2026-06-25
796,PFS,Financial Services,Banks - Regional,NYSE,970115,23.37,107.66,4,6,-2.54,39.8,97.5,1.9,3.8,5.0,13.1,74,70,72,66,45.0,0,0,0,0,0,0,2960726879.160692,130313687.0,0.0673,0.092,1123955,981921,0,63.2,13.1,2026-06-25
797,TNL,Consumer Cyclical,Travel Services,NYSE,845065,76.68,107.65,17,37,-5.33,51.2,91.2,1.2,4.7,10.3,11.3,74,57,77,85,55.6,0,0,0,0,0,0,4788585562.438637,62424529.0,0.0775,0.029,740315,937601,0,68.7,-6.9,2026-06-25
798,GPRK,Energy,Oil & Gas E&P,NYSE,650389,9.24,107.62,-8,-3,-22.16,53.0,54.3,-9.9,-13.1,-8.0,9.8,73,81,86,52,38.4,0,0,0,0,0,0,655886412.8471718,64683076.0,0.0225,-0.065,632238,682659,0,64.4,26.6,2026-06-25
799,FLG,Financial Services,Banks - Regional,NYSE,4585846,15.08,107.53,9,15,-1.89,42.9,100.0,1.7,4.5,6.8,16.9,73,64,70,73,43.0,0,0,0,0,0,0,6106341378.297649,416815122.0,0.0001,0.212,5905060,4711594,0,62.5,8.1,2026-06-25
800,FTDR,Consumer Cyclical,Personal Services,NASDAQ,525539,72.89,107.53,9,-5,1.57,51.3,100.0,4.8,10.8,15.0,21.7,73,64,50,58,32.0,0,0,0,0,0,0,5026010846.848022,70234922.0,0.0546,0.059,659969,582429,0,51.0,18.6,2026-06-25
801,FMX,Consumer Defensive,Beverages - Brewers,NYSE,535760,123.08,107.47,-1,-7,-5.72,49.8,91.2,-0.8,1.2,3.6,17.3,73,74,68,60,31.4,0,0,0,0,0,0,43085985673.83093,340681468.0,3.4,0.061,540831,509264,0,58.4,24.7,2026-06-25
802,ACHC,Healthcare,Medical Care Facilities,NASDAQ,2514556,24.96,107.46,3,10,-17.35,124.7,87.8,5.5,6.3,2.8,25.3,73,70,77,9,28.7,0,0,0,0,0,0,2287220038.6718006,91967027.0,0.38599998,0.076,2557639,2793245,0,46.2,32.1,2026-06-25
803,ASH,Basic Materials,Specialty Chemicals,NYSE,1080965,63.44,107.36,18,11,-6.66,35.7,82.9,-1.2,4.1,10.8,15.0,73,55,48,66,34.8,0,0,0,0,0,0,3109905730.0000763,45787777.0,0.1353,0.006,987365,994029,0,51.0,8.6,2026-06-25
804,VCEL,Healthcare,Biotechnology,NASDAQ,610171,41.69,107.32,43,38,-4.31,46.2,100.0,7.9,14.5,19.7,20.5,73,30,25,36,7.6,0,0,0,0,0,0,2047835864.876068,51068228.0,0.12810001,0.301,687854,625882,0,24.6,10.5,2026-06-25
805,XIFR,Utilities,Utilities - Renewable,NYSE,928036,11.68,107.3,0,-3,-11.85,41.4,73.9,-0.7,-2.3,2.6,12.1,73,73,70,30,45.4,0,0,0,0,0,0,1114304408.130226,94272795.0,0.040900003,-0.025,788239,1045635,0,54.6,22.7,2026-06-25
806,HAL,Energy,Oil & Gas Equipment & Services,NYSE,12188919,33.9,107.29,-16,-12,-22.23,71.1,63.4,-4.9,-9.2,-12.4,6.8,73,89,93,74,64.9,0,0,0,0,0,0,29180443138.49316,835397735.0,0.052199997,-0.003,14396788,12271569,1,80.2,14.6,2026-06-25
807,WBS,Financial Services,Banks - Regional,NYSE,3653099,75.41,107.28,2,9,-0.91,42.3,97.4,0.7,2.4,3.7,14.2,73,71,78,72,47.1,0,0,0,0,0,0,12252444223.779068,162026498.0,0.0,0.087,4171639,3201413,0,67.0,11.0,2026-06-25
808,DBRG,Financial Services,Asset Management,NYSE,2361193,15.73,107.26,-7,-1,-0.25,71.4,99.2,-0.1,0.1,0.4,11.5,73,80,86,88,56.2,0,0,0,0,0,0,2915566421.2116013,184880554.0,0.1027,0.589,2198770,2855826,0,77.6,9.7,2026-06-25
809,HOG,Consumer Cyclical,Recreational Vehicles,NYSE,2374503,25.55,107.26,17,-8,-18.24,48.1,59.8,-0.3,1.7,4.4,9.4,73,56,31,19,14.7,0,0,0,0,0,0,2702237320.371334,105268302.0,0.2035,-0.118,2703689,2827607,0,30.2,30.5,2026-06-25
810,PNC,Financial Services,Banks - Regional,NYSE,2102545,239.92,107.23,8,7,-1.65,37.5,100.0,3.9,6.5,9.6,16.7,73,65,64,69,41.7,0,0,0,0,0,0,93179054513.2284,401564632.0,0.0173,0.138,2805316,2032723,0,59.9,11.0,2026-06-25
811,AMX,Communication Services,Telecom Services,NYSE,1279242,25.99,107.21,1,15,-8.68,54.7,86.5,-1.3,1.2,0.0,12.5,73,72,86,77,56.4,0,0,0,0,0,0,79467646000.38528,3003312500.0,0.0044,0.021,1167046,1462547,0,72.9,5.4,2026-06-25
812,IVZ,Financial Services,Asset Management,NYSE,5316181,25.97,107.2,-7,-10,-12.91,69.6,74.8,-7.6,-7.1,-4.2,1.8,73,80,77,88,65.7,0,0,0,0,0,0,12474366869.49321,443296629.0,0.0626,0.141,5901524,5634132,0,77.7,5.8,2026-06-25
813,LZB,Consumer Cyclical,"Furnishings, Fixtures & Appliances",NYSE,595298,41.85,107.17,31,22,-6.79,39.1,91.6,3.8,7.0,11.7,14.7,73,42,33,48,13.4,0,0,0,0,0,0,1582330005.3921432,39897378.0,0.056500003,-0.001,1017574,502366,0,34.1,14.0,2026-06-25
814,EXPD,Industrials,Integrated Freight & Logistics,NYSE,1264149,160.16,107.13,-2,-7,-4.96,45.2,91.0,-0.7,-0.1,3.6,11.3,73,75,70,81,47.7,0,0,0,0,0,0,21099226533.50287,130791133.0,0.048299998,0.044,1402459,1207461,0,68.4,13.0,2026-06-25
815,HCC,Basic Materials,Coking Coal,NYSE,848089,84.15,107.05,-10,0,-23.77,106.3,63.2,-6.8,-11.9,-6.8,1.9,73,83,93,91,75.8,0,0,0,0,0,0,4782801995.803284,52801964.0,0.1184,0.54,652969,878489,2,85.7,1.0,2026-06-25
816,OMDA,Healthcare,Health Information Services,NASDAQ,1074587,18.6,107.05,31,5,-30.89,72.8,50.3,6.2,6.0,16.0,10.2,73,42,16,15,26.9,0,0,0,0,0,0,1048671627.1955107,59448507.0,0.119899996,0.42,956293,1056766,0,25.0,15.6,2026-06-25
817,RYAM,Basic Materials,Chemicals,NYSE,1016175,7.99,106.99,-12,-1,-32.57,118.5,53.0,-6.7,-6.9,-11.8,-1.6,73,85,96,38,77.1,0,0,0,0,0,0,610318881.3128824,67438549.0,0.0638,-0.095,1234945,1095895,1,74.0,12.2,2026-06-25
818,KIM,Real Estate,REIT - Retail,NYSE,5349042,25.42,106.97,6,9,-2.53,29.0,93.6,1.4,3.3,5.9,15.1,73,67,70,37,26.7,0,0,0,0,0,0,16441622562.989565,674389792.0,0.050300002,0.04,7736876,5014841,0,50.2,25.9,2026-06-25
819,KEX,Industrials,Marine Shipping,NYSE,572654,137.13,106.93,-5,1,-13.04,73.3,80.7,-1.3,-1.8,-3.8,15.2,73,78,84,71,29.0,0,0,0,0,0,0,7520302047.363281,53472000.0,0.0317,0.074,638012,634252,0,65.5,25.3,2026-06-25
820,ICLR,Healthcare,Diagnostics & Research,NASDAQ,1101836,158.17,106.87,45,31,-25.04,101.0,65.8,8.8,10.2,25.9,7.9,73,28,14,48,15.3,0,0,0,0,0,0,11178829450.0,76567325.0,0.0395,0.124,955638,1255107,0,26.3,3.8,2026-06-25
821,MO,Consumer Defensive,Tobacco,NYSE,8327303,72.07,106.84,4,11,-3.34,33.8,93.2,3.5,3.4,4.3,13.1,73,69,76,44,29.1,0,0,0,0,0,0,115422886749.69328,1669891235.0,0.0315,0.053,9266071,8886384,0,54.5,24.2,2026-06-25
822,RIG,Energy,Oil & Gas Drilling,NYSE,31620124,5.04,106.8,-18,-12,-34.2,104.3,52.9,-5.8,-10.7,-16.9,2.4,73,91,97,82,73.9,0,0,0,0,0,0,5876897172.150667,1106760308.0,0.2101,0.193,31951332,33616644,2,86.0,9.8,2026-06-25
823,RNST,Financial Services,Banks - Regional,NYSE,740907,43.29,106.77,9,-6,-0.48,29.8,100.0,2.3,4.4,6.7,14.9,73,64,49,43,27.4,0,0,0,0,0,0,3846824556.083527,92272120.0,0.0664,0.602,749273,687532,0,45.9,24.0,2026-06-25
824,VOR,Healthcare,Biotechnology,NASDAQ,922836,14.48,106.76,-16,-77,-77.99,117.6,17.3,2.7,5.1,1.2,-14.3,73,89,28,8,83.0,0,0,0,0,0,0,785153345.327837,54185877.0,0.106400006,,1181348,933259,0,52.0,25.3,2026-06-25
825,SGHC,Consumer Cyclical,Gambling,NYSE,3877875,13.32,106.75,-1,-20,-7.37,56.9,87.1,-1.2,1.0,3.1,14.2,73,74,55,84,42.4,0,0,0,0,0,0,6767582661.107269,508076788.0,0.12189999,0.184,3683556,3857267,0,63.9,15.7,2026-06-25
826,BURL,Consumer Cyclical,Apparel Retail,NYSE,968319,337.79,106.72,4,15,-4.0,43.5,80.8,-3.2,-0.9,1.1,9.4,72,68,79,69,48.1,0,0,0,0,0,0,21208377080.03748,62942206.0,0.0561,0.141,604987,796893,0,66.0,8.6,2026-06-25
827,AAPL,Technology,Consumer Electronics,NASDAQ,50041144,293.08,106.7,-5,-21,-7.66,36.9,64.9,-6.3,-8.2,-5.5,2.2,72,77,61,71,43.7,0,0,0,0,0,0,4376979104991.211,14687356000.0,0.0106,0.166,49188513,49673230,0,63.2,19.4,2026-06-25
828,F,Consumer Cyclical,Auto Manufacturers,NYSE,76764551,13.84,106.68,-4,-28,-22.16,34.6,52.2,-1.2,-5.9,2.8,8.1,72,76,52,78,38.8,0,0,0,0,0,0,56024780049.84357,3984692630.0,0.0,0.064,55178713,63149794,0,61.2,20.6,2026-06-25
829,MIDD,Industrials,Specialty Industrial Machinery,NASDAQ,647889,168.91,106.67,16,-5,-2.6,53.8,99.2,3.9,6.9,13.4,20.0,72,56,35,61,26.4,0,0,0,0,0,0,7788648832.589355,45214496.0,0.0673,0.15,821478,663357,0,44.6,15.9,2026-06-25
830,LEVI,Consumer Cyclical,Apparel Manufacturing,NYSE,2479564,23.56,106.66,7,-15,-5.08,33.9,90.1,0.9,2.5,5.8,11.2,72,65,43,63,36.5,0,0,0,0,0,0,9114931442.123652,384596251.0,0.103,0.141,2492984,2589072,0,51.9,16.9,2026-06-25
831,FCF,Financial Services,Banks - Regional,NYSE,704459,20.19,106.64,8,9,0.7,33.7,100.0,3.3,5.3,8.2,16.4,72,64,65,55,35.5,0,0,0,0,0,0,1985897475.9711745,101684455.0,0.0352,0.091,748377,704577,0,54.9,15.9,2026-06-25
832,BBY,Consumer Cyclical,Specialty Retail,NYSE,4846037,77.63,106.58,39,44,-8.66,38.5,75.0,0.9,2.4,15.9,10.1,72,33,38,30,18.9,0,0,0,0,0,0,15750628033.511246,210767126.0,0.1018,0.019,4073553,4187320,0,30.0,7.1,2026-06-25
833,DKS,Consumer Cyclical,Specialty Retail,NYSE,1307248,236.93,106.56,4,-26,-0.34,27.8,97.6,3.3,5.7,6.3,10.5,72,68,38,31,40.5,0,0,0,0,0,0,20850511620.428143,89502537.0,0.1266,0.627,1090065,1160037,0,44.4,24.1,2026-06-25
834,BCAT,Financial Services,Asset Management,NYSE,679240,15.66,106.53,0,-3,-2.43,13.9,86.9,-0.1,0.0,2.0,6.2,72,72,69,62,11.5,0,0,0,0,0,0,1661735762.0882654,104775271.0,1.06,,649072,659650,0,53.6,32.6,2026-06-25
835,ELAN,Healthcare,Drug Manufacturers - Specialty & Generic,NYSE,6483462,23.96,106.51,3,22,-13.56,78.1,81.2,1.6,1.8,6.0,7.2,72,69,88,91,70.4,0,0,0,0,0,0,12096668557.315187,499449583.0,0.105500005,0.149,5501798,6093571,1,79.6,-7.0,2026-06-25
836,IPGP,Technology,Semiconductor Equipment & Materials,NASDAQ,505781,107.72,106.49,-8,5,-30.87,62.6,49.3,-3.0,-3.2,-3.5,10.6,72,80,93,43,61.5,0,0,0,0,0,0,5008771214.829346,42443616.0,0.177,0.166,359954,564914,1,69.4,15.3,2026-06-25
837,LYG,Financial Services,Banks - Regional,NYSE,25645500,5.61,106.42,5,5,-11.51,42.7,77.5,2.9,5.0,6.4,11.1,72,67,67,88,43.1,0,0,0,0,0,0,80622911299.89198,14552872176.0,0.0005,0.115,35239862,22312292,0,66.3,7.7,2026-06-25
838,CMC,Industrials,Metal Fabrication,NYSE,1104694,71.28,106.37,-2,-22,-16.01,51.5,73.4,-0.5,-1.2,3.2,9.7,72,74,54,84,53.1,0,0,0,0,0,0,8023811173.920288,110887384.0,0.060399998,0.215,1269102,1010726,0,66.3,10.5,2026-06-25
839,AUB,Financial Services,Banks - Regional,NYSE,1025921,40.81,106.36,7,5,-3.25,35.3,99.0,4.4,7.3,9.4,14.1,72,65,63,60,41.0,0,0,0,0,0,0,5604409693.6822815,143115672.0,0.082399994,0.862,1100735,1040843,0,57.2,13.2,2026-06-25
840,UE,Real Estate,REIT - Retail,NYSE,876263,23.23,106.35,3,0,-3.65,27.0,90.2,1.6,2.2,5.1,14.2,72,69,66,42,31.6,0,0,0,0,0,0,2806465324.067375,126019994.0,0.0538,0.054,1187579,878941,0,52.2,24.4,2026-06-25
841,MFC,Financial Services,Insurance - Life,NYSE,2511761,39.7,106.34,3,-6,-4.18,34.4,91.6,-0.4,1.9,2.9,12.5,72,69,60,74,35.2,0,0,0,0,0,0,67643041649.44702,1665674480.0,10.0,0.121,1852715,2242979,0,59.6,16.8,2026-06-25
842,EOLS,Healthcare,Drug Manufacturers - Specialty & Generic,NASDAQ,728020,6.97,106.34,22,-18,-31.67,81.5,55.4,6.0,7.8,16.5,21.3,72,50,10,21,1.7,0,0,0,0,0,0,436617006.66647816,65854751.0,0.0932,0.067,729921,837718,0,20.7,33.9,2026-06-25
843,CDP,Real Estate,REIT - Office,NYSE,964671,34.97,106.32,9,19,0.55,29.0,100.0,2.9,5.5,8.4,14.8,72,63,73,42,31.0,0,0,0,0,0,0,3800393170.059818,113376883.0,0.0665,0.073,1041053,971516,0,52.2,19.2,2026-06-25
844,LTM,Industrials,Airlines,NYSE,851542,57.05,106.28,14,29,-18.99,45.9,60.7,3.4,8.2,11.5,11.1,72,58,73,90,51.0,0,0,0,0,0,0,16349748546.4582,292743939.0,0.0153,0.219,939296,899221,1,68.0,-4.4,2026-06-25
845,ENR,Industrials,Electrical Equipment & Parts,NYSE,1142217,22.52,106.27,48,49,-25.65,37.7,44.9,6.6,12.1,16.8,6.7,72,24,25,19,18.0,0,0,0,0,0,0,1473549428.544674,68473485.0,0.1046,-0.03,1118212,1115924,0,21.5,3.9,2026-06-25
846,SFNC,Financial Services,Banks - Regional,NASDAQ,1285703,22.7,106.26,9,-3,0.35,33.1,100.0,3.1,5.1,7.1,15.5,72,63,51,37,28.7,0,0,0,0,0,0,3176906121.762396,145064209.0,0.045900002,0.241,1661159,1248417,0,44.9,23.6,2026-06-25
847,D,Utilities,Utilities - Regulated Electric,NYSE,9263728,69.26,106.23,7,11,-0.03,26.0,100.0,1.8,3.3,6.7,12.0,72,65,69,57,31.9,0,0,0,0,0,0,60167452251.31091,879512484.0,0.034,0.231,7502134,7487112,0,55.7,17.8,2026-06-25
848,GM,Consumer Cyclical,Auto Manufacturers,NYSE,8518742,78.95,106.22,-2,3,-9.9,63.2,79.5,-2.4,-3.7,-0.8,5.1,72,74,79,90,61.0,0,0,0,0,0,0,71493034137.04913,901665195.0,0.0232,-0.009,9362087,7786509,1,76.0,2.8,2026-06-25
849,VNO,Real Estate,REIT - Office,NYSE,1752740,37.98,106.18,28,3,-12.43,54.1,73.2,0.5,4.2,15.6,13.8,72,44,19,26,7.7,0,0,0,0,0,0,7111976412.672958,188097756.0,0.0001,-0.022,1881321,1811138,0,24.2,24.3,2026-06-25
850,DAN,Consumer Cyclical,Auto Parts,NYSE,1522392,28.28,106.16,-16,-9,-28.51,85.1,55.5,-3.0,-12.9,-17.2,1.2,72,88,95,90,64.7,0,0,0,0,0,0,3139029808.0091934,107574701.0,0.0396,0.049,2557128,1305853,2,84.4,10.5,2026-06-25
851,GRAL,Healthcare,Diagnostics & Research,NASDAQ,774378,64.58,106.14,-13,-55,-45.66,111.9,41.5,8.1,6.2,11.1,-7.6,72,85,43,98,55.8,0,0,0,1,0,1,2735503709.8540764,42916593.0,0.1506,0.281,619145,698287,1,70.4,16.2,2026-06-25
852,SRTA,Healthcare,Medical Care Facilities,NASDAQ,1188598,5.51,106.08,-15,-54,-15.23,43.7,59.5,-5.1,-8.3,-1.9,7.9,72,87,48,75,46.3,0,0,0,0,0,0,508776241.5021801,86526570.0,0.0736,0.874,1533806,1049393,0,64.1,26.6,2026-06-25
853,NAMS,Healthcare,Biotechnology,NASDAQ,1334560,32.63,106.08,-7,-11,-22.69,75.2,58.4,3.0,1.1,-2.9,-5.0,72,79,75,89,67.2,0,0,0,0,0,0,3487245684.650934,116903979.0,0.08140001,0.021,1189342,1351364,0,77.5,4.3,2026-06-25
854,JCI,Industrials,Building Products & Equipment,NYSE,4152685,142.81,106.05,1,13,-4.4,40.9,94.0,0.6,1.7,2.6,15.1,72,71,83,81,46.5,0,0,0,0,0,0,88356946095.08014,610115603.0,0.0199,0.082,4626607,3783005,0,70.4,9.1,2026-06-25
855,BRX,Real Estate,REIT - Retail,NYSE,2576637,31.95,105.88,4,7,-2.59,30.1,93.8,1.1,2.7,4.7,13.6,72,68,71,45,30.5,0,0,0,0,0,0,9484319784.650448,306836617.0,0.084300004,0.051,2496323,2604410,0,53.6,23.1,2026-06-25
856,UBSI,Financial Services,Banks - Regional,NASDAQ,900025,45.68,105.87,6,11,-0.89,34.6,100.0,2.3,4.1,5.6,14.1,72,66,71,62,34.2,0,0,0,0,0,0,6121013115.483246,137798590.0,0.041100003,0.106,1196027,840159,0,58.3,16.2,2026-06-25
857,FIBK,Financial Services,Banks - Regional,NASDAQ,1068905,37.88,105.81,3,1,-3.52,36.6,94.8,4.2,6.2,8.3,11.8,71,68,66,75,44.3,0,0,0,0,0,0,3538915111.615654,97142879.0,0.1372,0.036,1043825,1164933,0,63.3,10.6,2026-06-25
858,PANL,Industrials,Marine Shipping,NASDAQ,679061,7.27,105.77,-9,-8,-22.58,52.6,50.1,-6.4,-6.4,-9.4,-1.0,71,80,81,87,46.8,0,0,0,0,0,0,482762139.22614384,65414923.0,0.0276,0.389,504515,583765,0,73.7,15.1,2026-06-25
859,PECO,Real Estate,REIT - Retail,NASDAQ,1017253,42.14,105.76,4,4,-0.28,27.8,100.0,1.7,3.4,5.1,14.1,71,67,67,53,25.0,0,0,0,0,0,0,5125573619.571442,125966424.0,0.0364,0.07,1202419,983933,0,53.0,23.8,2026-06-25
860,ELV,Healthcare,Healthcare Plans,NYSE,1769994,384.0,105.76,1,-41,-10.07,41.0,75.2,-1.8,-3.0,1.7,13.0,71,70,28,40,10.1,0,0,0,0,0,0,84367584630.0,217162380.0,0.034,0.026,1776182,1750798,0,37.0,40.1,2026-06-25
861,TROX,Basic Materials,Chemicals,NYSE,2877004,6.85,105.76,-19,-13,-35.32,137.5,52.1,-7.6,-9.8,-19.2,9.7,71,90,96,21,32.8,0,0,0,0,0,0,1180478310.8134031,159524094.0,0.1775,0.03,2713192,2920184,2,59.9,41.8,2026-06-25
862,NE,Energy,Oil & Gas Drilling,NYSE,1325030,39.17,105.74,-18,-11,-28.76,52.4,47.0,-8.7,-12.4,-18.6,1.7,71,89,96,58,50.3,0,0,0,0,0,0,6649874994.609558,159545944.0,0.08229999,-0.108,1568922,1481570,1,73.3,24.9,2026-06-25
863,TENB,Technology,Software - Infrastructure,NASDAQ,3466601,27.92,105.72,14,-31,-21.77,71.1,58.7,1.2,-0.8,14.3,12.8,71,57,12,16,2.5,0,0,0,0,0,0,2963008007.0539227,110271973.0,0.129,0.096,2243155,3488817,0,21.9,39.9,2026-06-25
864,VERA,Healthcare,Biotechnology,NASDAQ,1194867,39.51,105.7,-5,-1,-29.51,110.4,58.3,11.7,17.2,12.2,8.0,71,76,80,94,69.8,0,0,0,0,0,0,2518862112.313202,71782904.0,0.1719,,1338272,1136158,1,79.9,-0.9,2026-06-25
865,REYN,Consumer Cyclical,Packaging & Containers,NASDAQ,1082344,25.73,105.67,39,48,-1.98,28.0,100.0,8.9,13.7,19.0,14.0,71,32,41,39,28.9,0,0,0,0,0,0,5031017465.873022,210767377.0,0.1579,0.072,1153603,1194722,0,35.2,-0.7,2026-06-25
866,MAZE,Healthcare,Biotechnology,NASDAQ,535452,26.67,105.63,-7,7,-50.29,136.8,38.6,7.0,7.9,5.1,-20.6,71,78,92,98,86.4,0,0,0,1,0,1,1421266319.3700333,55345261.0,0.0793,,684316,639293,2,88.6,-9.6,2026-06-25
867,LAUR,Consumer Defensive,Education & Training Services,NASDAQ,1241073,36.85,105.62,1,14,-3.74,61.9,90.6,-0.1,3.9,8.8,11.9,71,70,83,88,59.6,0,0,0,0,0,0,5099409110.987984,139978289.0,0.0511,0.154,1550021,1289356,0,75.1,0.3,2026-06-25
868,PSX,Energy,Oil & Gas Refining & Marketing,NYSE,2547485,168.64,105.59,-9,2,-11.53,45.1,76.4,0.1,-2.6,-0.7,12.8,71,80,91,57,49.7,0,0,0,0,0,0,66611343978.08869,400935020.0,0.0224,0.069,3201977,2553019,1,69.4,18.6,2026-06-25
869,FNB,Financial Services,Banks - Regional,NYSE,4735055,18.98,105.5,10,12,-0.84,34.1,100.0,3.4,6.1,7.6,12.4,71,61,63,74,40.7,0,0,0,0,0,0,6489222627.322636,355963949.0,0.1091,0.096,4442467,5201159,0,59.7,7.4,2026-06-25
870,UTI,Consumer Defensive,Education & Training Services,NYSE,1464671,39.37,105.47,-10,-7,-13.93,83.8,78.9,1.7,-0.9,3.5,23.9,71,81,84,31,22.8,0,0,0,0,0,0,2221726639.333,55061381.0,0.1082,0.067,935173,1105894,0,54.7,38.8,2026-06-25
871,ULS,Industrials,Specialty Business Services,NYSE,790753,92.62,105.4,-10,-12,-13.87,53.0,78.6,1.8,-0.4,-0.1,15.5,71,81,79,81,38.7,0,0,0,0,0,0,18410774185.953827,201563115.0,0.040900003,0.075,1035299,747715,0,69.9,21.3,2026-06-25
872,HWC,Financial Services,Banks - Regional,NASDAQ,952509,73.0,105.38,9,11,-3.22,36.2,99.2,3.7,5.8,8.6,14.3,71,62,64,69,39.8,0,0,0,0,0,0,5700535498.947876,81157968.0,0.0983,-0.211,970578,902217,0,58.7,9.5,2026-06-25
873,PR,Energy,Oil & Gas E&P,NYSE,10731711,18.7,105.37,-10,2,-17.53,56.0,64.9,-0.2,-2.0,-6.0,13.6,71,81,93,62,41.4,0,0,0,0,0,0,15431220380.840055,837288124.0,0.026500002,0.009,13369253,11826328,1,69.3,22.4,2026-06-25
874,SKE,Basic Materials,Other Industrial Metals & Mining,NYSE,954683,25.52,105.34,-17,-12,-34.18,86.1,49.9,-6.9,-7.5,-13.0,-0.1,71,88,93,94,66.5,0,0,0,0,0,0,3561221944.168873,124084385.0,6.9,,1703989,828571,2,85.4,9.1,2026-06-25
875,VRNS,Technology,Software - Infrastructure,NASDAQ,2025349,37.29,105.34,33,5,-41.64,91.0,42.6,11.9,13.3,28.9,10.8,71,38,10,14,2.1,0,0,0,0,0,0,3920405252.7077065,117447727.0,0.0871,0.269,2454718,2374877,0,16.0,25.6,2026-06-25
876,IAG,Basic Materials,Gold,NYSE,5889397,15.23,105.34,-15,-6,-38.76,134.9,51.0,-5.4,-4.9,-7.8,-5.0,71,86,95,96,79.9,0,0,0,0,0,0,9756639514.923096,578000000.0,0.76,1.159,7114092,6547252,2,89.2,0.2,2026-06-25
877,UAMY,Basic Materials,Other Industrial Metals & Mining,NYSE,9956921,6.57,105.33,-21,-15,-66.67,248.2,31.5,-5.6,-13.0,-25.7,-17.7,71,92,98,93,87.0,0,0,1,0,0,1,1163257118.5679178,148185622.0,0.21280001,-0.031,8306834,11688058,3,92.5,1.7,2026-06-25
878,WBI,Energy,Oil & Gas Equipment & Services,NYSE,1519567,28.31,105.29,-9,-5,-21.82,61.8,80.4,-1.5,0.3,2.9,,71,80,84,24,,0,0,0,0,0,0,1560462933.6432686,47016059.0,0.09819999,1.053,3345863,1182172,0,62.7,,2026-06-25
879,AGIO,Healthcare,Biotechnology,NASDAQ,975110,36.28,105.28,38,47,-21.13,62.0,59.9,9.0,17.6,23.8,14.2,71,33,42,20,15.0,0,0,0,0,0,0,2031550154.3653529,59471609.0,0.1177,1.377,1306921,1117552,0,27.5,10.7,2026-06-25
880,HAE,Healthcare,Medical Devices,NYSE,1019538,72.87,105.26,20,-3,-16.55,62.8,75.8,3.2,6.3,20.2,20.9,71,51,28,85,12.5,0,0,0,0,0,0,3370728475.89592,45445983.0,0.088199995,0.048,1045615,935339,0,44.1,14.7,2026-06-25
881,AEO,Consumer Cyclical,Apparel Retail,NYSE,5999531,18.5,105.2,13,19,-35.0,87.6,45.4,0.2,3.8,4.7,-8.7,71,58,64,95,71.6,0,0,0,0,0,0,2984480971.236185,167573333.0,0.1037,0.097,5230224,5366126,1,72.2,-14.8,2026-06-25
882,BKH,Utilities,Utilities - Regulated Gas,NYSE,1057921,74.56,105.19,4,10,-5.25,33.5,88.1,1.4,2.5,0.8,6.2,71,67,73,76,37.9,0,0,0,0,0,0,5538320584.5,76128118.0,0.1471,-0.03,1071653,1026402,0,63.5,12.1,2026-06-25
883,ARDX,Healthcare,Biotechnology,NASDAQ,3333972,6.19,105.16,6,11,-26.31,66.9,55.7,1.8,4.3,-1.5,-0.8,71,65,70,74,63.8,0,0,0,0,0,0,1494527838.4671164,247029387.0,0.1025,0.275,3983158,3741037,0,68.2,-1.7,2026-06-25
884,PDM,Real Estate,REIT - Office,NYSE,1156795,8.86,105.14,11,-21,-6.14,44.6,100.0,2.4,4.3,9.6,13.1,71,60,28,48,33.5,0,0,0,0,0,0,1117669834.3599386,125019003.0,0.047199998,0.004,1507067,1200623,0,42.4,18.8,2026-06-25
885,CR,Industrials,Specialty Industrial Machinery,NYSE,515907,213.87,105.12,36,41,-1.07,39.0,100.0,5.8,11.8,19.1,19.2,71,35,40,65,28.1,0,0,0,0,0,0,12409547568.948303,57745686.0,0.0249,0.249,546563,562116,0,42.0,-3.1,2026-06-25
886,AEP,Utilities,Utilities - Regulated Electric,NASDAQ,5777087,134.96,105.1,8,25,-3.21,35.1,99.6,4.7,6.2,4.6,11.0,71,63,80,69,40.0,0,0,0,0,0,0,69476772864.46143,544105032.0,0.0592,0.102,6373851,4597440,0,63.0,8.6,2026-06-25
887,HIW,Real Estate,REIT - Office,NYSE,1601753,28.91,105.02,18,-10,-11.75,42.0,72.8,-0.6,2.5,11.0,10.4,70,52,24,27,4.8,0,0,0,0,0,0,3228784643.878252,110272697.0,0.0845,0.076,1773339,1492317,0,27.0,31.4,2026-06-25
888,FHB,Financial Services,Banks - Regional,NASDAQ,1475782,28.96,105.02,6,-11,-0.24,28.7,100.0,3.1,5.3,7.3,13.4,70,64,47,56,26.1,0,0,0,0,0,0,3397655853.0143204,121648973.0,0.1576,0.074,1572457,1682203,0,48.3,22.3,2026-06-25
889,KELYA,Industrials,Staffing & Employment Services,NASDAQ,502517,11.63,105.0,13,-13,-22.16,46.7,57.5,2.4,1.8,12.2,15.3,70,57,31,14,10.3,0,0,0,0,0,0,393841986.4972782,34669190.0,0.045300003,-0.107,423453,452310,0,28.1,34.6,2026-06-25
890,PAGP,Energy,Oil & Gas Midstream,NASDAQ,1629941,23.41,104.97,-12,-9,-10.48,39.6,73.4,-0.8,-2.7,-2.2,12.1,70,82,85,56,28.5,0,0,0,0,0,0,4601270883.0,197904124.0,0.0879,0.087,1547274,1736246,0,62.9,31.6,2026-06-25
891,NOV,Energy,Oil & Gas Equipment & Services,NYSE,4307809,18.35,104.94,-13,-8,-14.85,59.4,73.8,-3.1,-5.7,-6.0,8.7,70,83,88,72,50.7,0,0,0,0,0,0,6696858982.037964,358888480.0,0.1543,-0.024,5575669,4688135,0,73.4,17.8,2026-06-25
892,SHC,Healthcare,Diagnostics & Research,NASDAQ,3543277,16.69,104.93,17,4,-15.92,55.3,73.0,5.9,7.4,8.6,5.2,70,53,40,84,56.4,0,0,0,0,0,0,4511341758.05394,285166994.0,0.0763,0.1,2552502,3333516,0,58.3,-6.6,2026-06-25
893,TALO,Energy,Oil & Gas E&P,NYSE,1885666,13.71,104.92,-16,-8,-19.59,76.1,67.4,-2.4,-5.3,-8.4,10.1,70,86,94,76,61.1,0,0,0,0,0,0,2298568590.2725754,166925818.0,0.088999994,-0.079,2074300,1821900,1,79.3,13.7,2026-06-25
894,HRI,Industrials,Rental & Leasing Services,NYSE,541299,143.23,104.89,24,0,-23.96,68.1,68.8,3.2,7.1,14.8,13.2,70,46,22,68,25.2,0,0,0,0,0,0,5179929908.067993,33393051.0,0.082600005,0.323,628249,585585,0,40.3,8.4,2026-06-25
895,AXTA,Basic Materials,Specialty Chemicals,NYSE,2901431,34.66,104.82,38,40,-2.97,36.5,91.7,2.4,6.4,14.9,14.7,70,32,34,60,22.3,0,0,0,0,0,0,7443572489.786621,214018768.0,0.0512,-0.006,2729555,2626245,0,37.1,-0.9,2026-06-25
896,QBTS,Technology,Computer Hardware,NYSE,41009476,22.98,104.8,-17,-70,-50.84,68.8,28.1,-8.5,-14.0,-5.5,-8.8,70,87,34,95,52.2,0,0,0,0,0,0,9146291445.139065,370445170.0,0.1681,-0.809,31721588,38871755,1,67.0,21.1,2026-06-25
897,AME,Industrials,Specialty Industrial Machinery,NYSE,1271874,235.38,104.79,4,9,-3.21,36.6,99.1,3.1,4.8,4.5,13.2,70,66,71,71,41.3,0,0,0,0,0,0,54417376315.15677,229203002.0,0.02,0.113,1418594,1272234,0,62.3,10.8,2026-06-25
898,WMB,Energy,Oil & Gas Midstream,NYSE,6890677,75.87,104.79,-4,4,-5.26,37.2,91.8,5.5,6.8,5.2,15.7,70,74,82,50,34.3,0,0,0,0,0,0,89425636495.86505,1222998265.0,0.02,0.09,7304052,6564406,0,60.1,23.8,2026-06-25
899,PSA,Real Estate,REIT - Industrial,NYSE,960034,317.92,104.73,13,5,-4.18,24.1,92.3,0.1,2.0,4.1,10.7,70,57,49,30,15.8,0,0,0,0,0,0,55855399309.39746,175579656.0,0.050300002,0.032,1118222,978670,0,37.9,26.8,2026-06-25
900,SKY,Consumer Cyclical,Residential Construction,NYSE,884793,88.23,104.62,47,63,-11.03,42.8,71.4,5.7,11.2,14.7,8.9,70,23,39,61,41.8,0,0,0,0,0,0,4574888927.49115,54894278.0,0.090900004,0.046,896241,724414,0,41.2,-18.6,2026-06-25
901,ALH,Consumer Cyclical,"Furnishings, Fixtures & Appliances",NYSE,637367,26.12,104.57,15,-9,-4.95,38.4,92.9,0.9,2.5,4.4,,70,55,31,24,,0,0,0,0,0,0,5340586531.058899,198608652.0,0.0645,0.096,623023,781084,0,36.7,,2026-06-25
902,CNI,Industrials,Railroads,NYSE,1549293,115.91,104.56,2,-3,-5.36,32.4,97.1,3.3,1.9,5.0,16.6,70,68,63,47,23.9,0,0,0,0,0,0,68806638185.11963,606600000.0,5.56,-0.005,1633010,1482474,0,50.5,26.7,2026-06-25
903,VTR,Real Estate,REIT - Healthcare Facilities,NYSE,4225634,86.57,104.5,-1,5,-4.93,39.3,89.4,3.8,5.3,2.6,9.7,70,71,77,77,44.5,0,0,0,0,0,0,39671448654.96388,486169723.0,0.055,0.219,4492304,4501902,0,67.4,11.5,2026-06-25
904,ONB,Financial Services,Banks - Regional,NASDAQ,3302316,25.65,104.45,10,-2,-1.99,32.0,100.0,3.2,5.7,7.4,13.2,70,60,48,58,29.3,0,0,0,0,0,0,9582050105.220797,386373000.0,0.076799996,0.462,4053860,3255868,0,48.8,17.0,2026-06-25
905,PLD,Real Estate,REIT - Industrial,NYSE,3647317,140.87,104.44,-4,-5,-6.2,35.0,81.6,-2.6,-2.3,-1.8,6.8,70,74,73,75,37.3,0,0,0,0,0,0,131030776260.4065,932338000.0,0.0166,0.083,3903203,3602484,0,64.8,18.2,2026-06-25
906,NWG,Financial Services,Banks - Regional,NYSE,4857387,16.99,104.42,12,10,-12.24,33.4,71.6,2.8,5.8,8.5,8.5,70,58,56,88,31.3,0,0,0,0,0,0,66739707279.25581,3979708137.0,0.0002,0.075,7150561,4355908,0,58.3,7.5,2026-06-25
907,TMHC,Consumer Cyclical,Residential Construction,NYSE,4091688,71.93,104.37,39,49,-0.79,31.4,100.0,0.3,2.3,12.7,14.9,70,31,41,33,22.9,0,0,0,0,0,0,6590718432.6540985,92074857.0,0.08140001,-0.268,4236494,2977312,0,32.0,2.6,2026-06-25
908,MOH,Healthcare,Healthcare Plans,NYSE,929595,201.42,104.37,17,-20,-35.34,76.1,50.9,8.1,11.3,16.7,28.2,70,53,16,16,1.5,0,0,0,0,0,0,10178776745.605469,52100000.0,0.056599997,-0.043,966957,1121495,0,21.6,36.9,2026-06-25
909,BLLN,Healthcare,Diagnostics & Research,NASDAQ,783833,107.74,104.31,37,24,-22.32,75.3,72.9,8.5,11.5,23.3,,70,33,20,20,,0,0,0,0,0,0,4836425212.783539,45995484.0,0.0674,0.838,832890,715474,0,24.3,,2026-06-25
910,MTB,Financial Services,Banks - Regional,NYSE,1082282,233.26,104.21,11,14,-2.4,32.5,97.9,3.2,5.6,8.7,14.4,70,59,62,63,32.2,0,0,0,0,0,0,32967711192.13623,146445060.0,0.047199998,0.057,1284526,1057659,0,54.0,12.3,2026-06-25
911,CFR,Financial Services,Banks - Regional,NYSE,594962,150.9,104.21,14,25,1.3,28.1,100.0,3.7,7.3,8.6,14.5,70,56,67,48,28.3,0,0,0,0,0,0,9147018241.649658,62797048.0,0.0002,0.078,763216,572959,0,49.8,14.4,2026-06-25
912,DHI,Consumer Cyclical,Residential Construction,NYSE,2374490,166.51,104.18,31,36,-9.78,31.3,70.0,6.0,9.7,11.5,9.6,70,39,44,43,36.3,0,0,0,0,0,0,44751698035.19696,283579613.0,0.059499998,-0.023,2464390,2387030,0,40.6,0.0,2026-06-25
913,PH,Industrials,Specialty Industrial Machinery,NYSE,774587,961.09,104.17,17,42,-7.14,47.0,90.5,5.1,9.7,9.2,12.4,70,53,78,82,52.5,0,0,0,0,0,0,120194374504.6548,126086389.0,0.0127,0.106,668322,772682,0,66.4,-8.0,2026-06-25
914,EXPE,Consumer Cyclical,Travel Services,NASDAQ,1640065,262.15,104.17,8,11,-13.71,51.4,62.9,4.3,7.4,5.9,4.0,70,62,65,90,53.2,0,0,0,0,0,0,28913317616.743378,120022077.0,0.0836,0.147,1804195,1677775,1,67.6,-1.5,2026-06-25
915,ALSN,Consumer Cyclical,Auto Parts,NYSE,935464,119.68,104.17,5,19,-13.04,57.1,79.8,4.3,6.0,2.6,17.9,70,65,79,58,40.8,0,0,0,0,0,0,9877675210.549736,82935981.0,0.041100003,0.836,811833,918348,0,60.7,12.1,2026-06-25
916,MDU,Utilities,Utilities - Regulated Gas,NYSE,1795382,21.66,104.15,-3,1,-5.74,36.9,84.2,2.2,2.6,-0.3,6.9,70,73,77,72,38.9,0,0,0,0,0,0,4449738442.31073,209006024.0,0.0634,-0.102,1548807,1700879,0,65.2,16.9,2026-06-25
917,PFGC,Consumer Defensive,Food Distribution,NYSE,1509505,106.43,104.13,30,30,-2.4,32.4,94.8,2.7,6.3,12.1,12.9,70,40,40,43,31.0,0,0,0,0,0,0,16277650792.080162,157089851.0,0.056199998,0.064,1393115,1748695,0,38.5,3.9,2026-06-25
918,FER,Industrials,Engineering & Construction,NASDAQ,1683863,69.53,104.12,4,11,-7.03,37.4,82.0,1.5,3.5,2.4,6.3,70,66,73,83,41.6,0,0,0,0,0,0,49546727659.90256,715786287.0,0.0066000004,0.057,1855291,1585546,0,65.9,8.1,2026-06-25
919,TLN,Utilities,Utilities - Independent Power Producers,NASDAQ,890960,405.89,104.1,3,-3,-10.06,57.9,84.0,3.8,7.8,12.0,11.8,70,67,61,86,47.7,0,0,0,0,0,0,20852483139.854584,47795005.0,0.0558,0.967,1140902,801330,0,65.4,6.4,2026-06-25
920,NJR,Utilities,Utilities - Regulated Gas,NYSE,650950,56.56,104.05,-1,7,-3.43,28.5,89.4,2.4,3.0,1.6,11.6,70,71,79,46,33.4,0,0,0,0,0,0,5561787949.62764,100921573.0,0.030299999,0.029,832341,602942,0,57.3,23.0,2026-06-25
921,ERIC,Technology,Communication Equipment,NASDAQ,10623516,11.16,104.0,-17,-19,-18.95,53.6,59.0,-5.0,-9.5,-9.1,4.8,69,86,84,77,39.7,0,0,0,0,0,0,37761969390.40643,3318274957.0,0.0164,-0.103,10901538,10864261,0,71.7,25.2,2026-06-25
922,CLH,Industrials,Waste Management,NYSE,512638,298.78,103.91,2,16,-5.74,48.4,87.2,3.2,4.4,1.7,14.2,69,67,81,60,36.1,0,0,0,0,0,0,15251365157.746582,52846032.0,0.0217,0.019,504586,538305,0,61.0,15.4,2026-06-25
923,DCTH,Healthcare,Medical Devices,NASDAQ,543364,12.24,103.89,29,15,-13.65,50.4,70.5,3.7,8.4,10.5,20.1,69,40,26,27,3.9,0,0,0,0,0,0,403558038.9441404,34521647.0,0.09810001,0.263,536353,472850,0,24.2,22.0,2026-06-25
924,WSBC,Financial Services,Banks - Regional,NASDAQ,1469637,37.86,103.88,11,17,-0.63,30.9,100.0,5.0,7.9,10.5,13.8,69,58,64,61,30.8,0,0,0,0,0,0,3490392610.4559326,96180560.0,0.026099999,1.077,3022483,1174120,0,53.4,12.4,2026-06-25
925,RF,Financial Services,Banks - Regional,NYSE,11536149,29.49,103.84,6,1,-6.47,31.0,88.0,3.2,4.9,6.7,10.7,69,63,58,72,38.3,0,0,0,0,0,0,24423723093.74461,853379538.0,0.0834,0.073,12245077,10805171,0,57.8,11.0,2026-06-25
926,HUBG,Industrials,Integrated Freight & Logistics,NASDAQ,832287,43.0,103.81,2,-24,-19.26,32.5,55.5,-1.3,-0.2,3.2,9.0,69,67,41,75,37.5,0,0,0,0,0,0,2712158075.187149,61153510.0,0.0744,-0.053,707883,762946,0,55.1,15.8,2026-06-25
927,FR,Real Estate,REIT - Industrial,NYSE,978274,63.41,103.74,-1,-2,-1.93,32.7,92.5,0.5,1.6,1.4,8.1,69,70,69,71,32.7,0,0,0,0,0,0,8192852102.056793,132570424.0,0.0395,0.1,1084723,964518,0,60.7,18.6,2026-06-25
928,EVRG,Utilities,Utilities - Regulated Electric,NASDAQ,2059474,85.82,103.74,3,13,0.65,27.9,100.0,3.2,4.4,5.0,10.3,69,66,76,61,33.7,0,0,0,0,0,0,19017324562.5,230513025.0,0.0754,0.05,1985562,2006772,0,59.2,16.2,2026-06-25
929,AEG,Financial Services,Insurance - Diversified,NYSE,4697501,8.34,103.73,-1,-30,-5.33,23.1,80.9,-1.8,-0.8,0.3,7.5,69,70,41,69,27.7,0,0,0,0,0,0,12735464429.656534,1512525453.0,0.0022,-0.137,5676914,4874360,0,51.9,24.3,2026-06-25
930,PNW,Utilities,Utilities - Regulated Electric,NYSE,1213320,105.37,103.7,5,16,0.28,24.9,100.0,3.5,5.0,5.3,12.8,69,64,75,50,25.3,0,0,0,0,0,0,12399870788.136612,121187166.0,0.0967,0.114,1164511,1215400,0,53.6,21.0,2026-06-25
931,PAA,Energy,Oil & Gas Midstream,NASDAQ,2628006,21.47,103.65,-12,-9,-11.5,36.4,69.5,-0.9,-3.0,-3.0,10.4,69,81,84,58,25.5,0,0,0,0,0,0,15056046244.215591,705531684.0,0.0229,0.087,3123669,2991657,0,62.1,32.0,2026-06-25
932,KNTK,Energy,Oil & Gas Midstream,NYSE,985131,48.15,103.65,-8,-4,-6.52,51.6,83.4,2.2,3.4,0.2,14.0,69,77,81,22,19.9,0,0,0,0,0,0,3424716511.173401,73602334.0,0.091000006,-0.075,1191855,1028819,0,50.0,39.2,2026-06-25
933,SBUX,Consumer Cyclical,Restaurants,NASDAQ,7776872,103.53,103.62,3,-12,-4.91,31.5,87.1,1.4,3.9,1.6,11.9,69,66,51,37,19.7,0,0,0,0,0,0,114710806739.0442,1139700000.0,0.047,0.088,7414908,7651951,0,43.4,30.5,2026-06-25
934,OVV,Energy,Oil & Gas E&P,NYSE,3499831,52.76,103.59,-13,-3,-16.86,48.9,64.8,-1.5,-4.4,-6.5,13.0,69,82,92,41,45.0,0,0,0,0,0,0,14728184835.529964,281018601.0,0.0508,0.085,3770703,3616742,1,65.0,25.7,2026-06-25
935,UNM,Financial Services,Insurance - Life,NYSE,1368785,88.65,103.58,1,-26,-4.9,29.7,84.2,-2.2,0.8,6.3,14.5,69,68,41,47,19.1,0,0,0,0,0,0,14376666161.65821,159776235.0,0.026700001,0.085,1881306,1390071,0,43.8,31.3,2026-06-25
936,OBE,Energy,Oil & Gas E&P,NYSE ARCA,735756,8.02,103.52,-24,-26,-45.03,50.7,29.9,-15.3,-23.1,-31.3,-0.6,69,93,91,49,52.3,0,0,0,0,0,0,617685104.0,66776768.0,6.98,-0.261,796188,1088729,2,71.3,29.3,2026-06-25
937,LEG,Consumer Cyclical,"Furnishings, Fixtures & Appliances",NYSE,2726761,11.44,103.49,17,23,-12.0,43.6,73.2,6.1,10.2,10.0,10.8,69,52,58,78,31.9,0,0,0,0,0,0,1499392660.213089,136432456.0,0.1703,-0.102,3147265,3157931,0,55.0,4.2,2026-06-25
938,NTST,Real Estate,REIT - Retail,NYSE,1351543,20.38,103.47,4,12,-4.32,26.1,90.7,4.0,3.9,2.2,8.6,69,65,73,66,31.1,0,0,0,0,0,0,1875316874.5183945,97672750.0,0.3539,0.243,1448949,1388179,0,58.8,15.9,2026-06-25
939,AAP,Consumer Cyclical,Auto Parts,NYSE,2285006,57.94,103.46,12,31,-17.23,52.8,73.7,0.6,0.9,4.1,12.0,69,57,76,22,29.8,0,0,0,0,0,0,3625785308.744934,60329208.0,0.2974,0.012,1526969,1894673,0,46.2,18.7,2026-06-25
940,ASND,Healthcare,Biotechnology,NASDAQ,594900,238.01,103.46,-3,2,-5.08,60.2,100.0,12.9,16.6,13.0,19.7,69,72,77,78,52.0,0,0,0,0,0,0,15136937284.653473,65576126.0,0.0334,1.443,640531,685704,0,69.8,8.3,2026-06-25
941,FAC,Industrials,Electrical Equipment & Parts,NASDAQ,583563,11.89,103.45,13,12,-53.06,11.5,9.4,-22.0,-21.6,-7.2,3.6,69,56,55,51,17.3,0,0,0,0,0,0,1567199368.85038,107415994.0,,,589440,437724,0,44.8,20.5,2026-06-25
942,SGMT,Healthcare,Biotechnology,NASDAQ,864710,6.93,103.43,-11,-59,-39.26,50.8,40.6,2.6,1.2,-2.2,4.9,69,80,32,74,1.3,0,0,0,0,0,0,412502060.1595998,61751807.0,0.0792,,1076540,1898276,0,46.8,45.4,2026-06-25
943,DE,Industrials,Farm & Heavy Construction Machinery,NYSE,1443928,600.75,103.42,31,72,-10.89,43.6,85.8,6.8,8.9,9.9,19.0,69,38,79,49,29.9,0,0,0,0,0,0,159057925670.89233,269937425.0,0.0188,-0.111,1173274,1265628,0,49.0,-2.2,2026-06-25
944,SLB,Energy,Oil & Gas Equipment & Services,NYSE,15462971,46.61,103.37,-17,-13,-20.76,49.5,59.7,-6.5,-11.0,-12.9,5.1,69,86,90,59,47.6,0,0,0,0,0,0,71897323145.61769,1495057661.0,0.0424,0.027,20332215,14840983,1,70.6,24.2,2026-06-25
945,WFRD,Energy,Oil & Gas Equipment & Services,NASDAQ,1174657,84.49,103.28,-19,-16,-25.33,77.6,58.2,-9.4,-13.3,-17.7,-2.9,69,88,91,81,68.4,0,0,0,0,0,0,6590517973.611176,71925332.0,0.0661,-0.034,1411721,1244772,1,82.1,10.9,2026-06-25
946,CUZ,Real Estate,REIT - Office,NYSE,1723368,28.69,103.26,9,-23,-6.73,37.1,90.3,2.1,3.9,9.7,13.8,68,59,27,30,6.5,0,0,0,0,0,0,4653200730.2208805,164540333.0,0.1092,0.048,1904484,1985536,0,30.6,35.3,2026-06-25
947,RBRK,Technology,Software - Infrastructure,NYSE,4306013,74.52,103.26,19,-17,-25.29,62.1,49.8,0.3,-3.3,10.0,6.3,68,49,13,56,2.3,0,0,0,0,0,0,14453282155.775574,205828566.0,0.1009,0.39,4028000,3787104,0,30.1,25.5,2026-06-25
948,CAVA,Consumer Cyclical,Restaurants,NYSE,3437232,82.24,103.26,2,8,-16.75,91.1,73.8,-2.8,3.6,-0.8,19.1,68,66,72,18,19.4,0,0,0,0,0,0,10387138513.625,116473856.0,0.133,0.321,3369718,3168377,0,43.9,32.3,2026-06-25
949,TTC,Industrials,Tools & Accessories,NYSE,1052960,94.78,103.26,5,23,-9.9,42.7,86.1,5.4,6.6,5.2,12.8,68,63,81,59,43.6,0,0,0,0,0,0,8819207201.863495,95229534.0,0.0543,0.081,1024952,895806,0,61.7,8.7,2026-06-25
950,SNOW,Technology,Software - Application,NYSE,9633451,225.95,103.21,37,29,-20.72,87.5,66.6,-2.5,-5.6,21.1,10.4,68,31,23,74,9.4,0,0,0,0,0,0,80511711672.97363,346600000.0,0.0629,0.335,6199964,8646986,0,34.3,3.0,2026-06-25
951,AES,Utilities,Utilities - Diversified,NYSE,8724091,14.68,103.19,5,16,-16.83,39.6,61.4,0.0,-0.1,0.7,2.0,68,63,74,70,46.4,0,0,0,0,0,0,10426365682.445576,713157713.0,0.0309,0.087,6873323,10006176,0,63.3,5.8,2026-06-25
952,LNT,Utilities,Utilities - Regulated Electric,NASDAQ,2538351,75.59,103.18,6,17,-0.22,26.8,100.0,3.2,4.7,4.9,10.3,68,62,73,56,32.3,0,0,0,0,0,0,18854223701.0,258277037.0,0.1069,0.05,2670444,2468776,0,55.8,14.9,2026-06-25
953,XYZ,Technology,Software - Infrastructure,NYSE,6038944,75.68,103.17,-1,-37,-8.27,50.9,78.0,1.4,2.6,3.8,10.1,68,69,33,33,20.3,0,0,0,0,0,0,44507634453.46069,595181000.0,0.0427,0.049,6087924,5796534,0,38.8,35.2,2026-06-25
954,PKG,Consumer Cyclical,Packaging & Containers,NYSE,677393,237.85,103.17,15,27,-4.67,29.0,91.2,4.1,6.3,9.6,12.4,68,53,65,44,35.1,0,0,0,0,0,0,20405372516.61049,89098647.0,0.0507,0.106,739141,766630,0,49.3,9.6,2026-06-25
955,COLM,Consumer Cyclical,Apparel Manufacturing,NASDAQ,517666,64.51,103.15,2,-23,-6.59,30.4,79.1,-2.3,-2.5,1.7,11.7,68,66,41,29,11.2,0,0,0,0,0,0,3398816989.4992065,51140792.0,0.1295,0.001,551169,558031,0,36.8,37.3,2026-06-25
956,BROS,Consumer Cyclical,Restaurants,NYSE,3627364,67.15,103.1,37,29,-10.05,42.6,72.3,-0.3,7.3,16.3,18.4,68,31,23,66,5.6,0,0,0,0,0,0,9702262395.311462,137192622.0,0.4449,0.308,4114482,4164578,0,31.4,6.5,2026-06-25
957,NP,Financial Services,Insurance Brokers,NYSE,911908,28.99,103.08,-9,-52,-12.77,60.1,76.1,-3.0,1.5,0.8,,68,77,34,76,,0,0,0,0,0,0,4044795864.458567,138330913.0,0.0287,0.288,568184,716152,0,62.3,,2026-06-25
958,CCJ,Energy,Uranium,NYSE,3282967,106.64,103.08,-11,0,-21.15,47.0,52.0,-1.6,-3.4,-7.8,0.0,68,79,90,89,48.8,0,0,0,0,0,0,46379905896.82118,435532978.0,2.01,0.071,3506692,3273086,1,76.7,12.0,2026-06-25
959,MGNI,Communication Services,Advertising Agencies,NASDAQ,3078733,18.29,103.07,39,29,-31.37,54.6,39.9,-1.0,6.9,19.8,12.2,68,29,19,35,3.4,0,0,0,0,0,0,2582678419.626984,144364366.0,0.0958,0.055,4290551,2869656,0,21.6,12.6,2026-06-25
960,BAC,Financial Services,Banks - Diversified,NYSE,38790962,57.73,103.05,11,-3,-0.43,29.5,100.0,2.5,6.1,9.3,11.1,68,57,43,76,32.5,0,0,0,0,0,0,398828400000.469,7096590651.0,0.0,0.081,37664476,36704975,0,52.1,9.9,2026-06-25
961,CVBF,Financial Services,Banks - Regional,NASDAQ,1635973,22.05,103.03,10,5,1.94,24.4,100.0,5.6,7.7,9.6,13.8,68,58,53,41,23.2,0,0,0,0,0,0,3672032534.5227594,176455196.0,0.0559,0.003,1993631,1976020,0,43.8,21.3,2026-06-25
962,RVTY,Healthcare,Diagnostics & Research,NYSE,1395316,105.63,103.03,21,9,-10.71,38.0,88.1,11.4,11.7,17.6,18.4,68,47,35,40,23.8,0,0,0,0,0,0,11155977300.0,111559773.0,0.1175,0.07,1270540,1415820,0,36.5,14.2,2026-06-25
963,JEF,Financial Services,Capital Markets,NYSE,2026109,57.94,103.02,28,6,-18.44,46.1,48.4,-12.7,-8.8,-0.8,-3.9,68,40,18,51,5.8,0,0,0,0,0,0,12695245952.761057,204432307.0,0.0248,0.266,2526379,2084919,0,28.7,17.1,2026-06-25
964,AG,Basic Materials,Silver,NYSE,13155604,16.06,103.02,-25,-22,-49.88,110.7,35.9,-6.4,-9.7,-16.4,-9.5,68,93,96,96,77.0,0,0,0,0,0,0,8887852224.0,493769568.0,1.32,0.954,13491623,13041826,3,90.5,7.1,2026-06-25
965,SXC,Basic Materials,Coking Coal,NYSE,1705008,8.15,102.99,-15,-65,-16.32,48.3,69.7,-4.3,-6.7,5.9,13.4,68,83,33,23,11.7,0,0,0,0,0,0,733131659.8520336,84853198.0,0.0463,0.044,1441286,1561747,0,37.7,52.7,2026-06-25
966,OHI,Real Estate,REIT - Healthcare Facilities,NYSE,2542486,47.38,102.92,0,6,-3.95,31.2,89.2,4.1,4.8,2.5,6.5,68,68,74,75,35.8,0,0,0,0,0,0,13261122696.472168,297802000.0,0.045700002,0.143,2512339,2477983,0,63.2,14.1,2026-06-25
967,DOV,Industrials,Specialty Industrial Machinery,NYSE,907896,224.31,102.91,7,19,-5.57,43.2,96.4,3.4,5.7,5.7,14.6,68,61,73,69,35.7,0,0,0,0,0,0,30106253314.269653,134661414.0,0.0349,0.101,1143188,967883,0,59.7,9.8,2026-06-25
968,PBA,Energy,Oil & Gas Midstream,NYSE,1484573,46.49,102.88,-6,0,-7.21,32.8,82.7,-0.0,-1.1,1.1,12.1,68,74,80,42,35.4,0,0,0,0,0,0,26833226137.1994,581435000.0,6.07,-0.077,1915040,1244882,0,57.8,25.1,2026-06-25
969,MUR,Energy,Oil & Gas E&P,NYSE,1826519,35.18,102.79,-15,-7,-18.83,59.9,64.3,-1.7,-4.9,-7.6,5.6,68,83,91,72,57.9,0,0,0,0,0,0,4915457092.280457,143349576.0,0.09,0.089,2200269,1834899,1,76.0,14.0,2026-06-25
970,TCBI,Financial Services,Banks - Regional,NASDAQ,507841,103.07,102.78,2,6,-5.37,34.4,91.7,2.6,3.0,3.3,9.9,68,66,70,71,40.2,0,0,0,0,0,0,4326479913.402687,43670939.0,0.1026,0.169,610345,483831,0,61.8,11.5,2026-06-25
971,TT,Industrials,Building Products & Equipment,NYSE,1383011,483.15,102.78,12,20,-4.04,33.7,100.0,5.4,7.7,7.1,16.5,68,56,64,42,23.4,0,0,0,0,0,0,106858216232.58444,221055477.0,0.0176,0.06,1399044,1377356,0,46.3,18.3,2026-06-25
972,GTES,Industrials,Specialty Industrial Machinery,NYSE,1914920,27.25,102.78,17,18,-4.69,37.9,100.0,5.0,8.3,12.5,19.1,68,51,52,39,34.6,0,0,0,0,0,0,7134858016.277313,253999928.0,0.0506,0.004,1856240,2007324,0,44.2,10.5,2026-06-25
973,CINF,Financial Services,Insurance - Property & Casualty,NASDAQ,767292,178.45,102.77,12,8,2.4,23.7,97.9,3.1,6.6,7.4,9.4,68,56,52,66,27.8,0,0,0,0,0,0,26327683016.333527,154686742.0,0.0223,0.116,1038738,764349,0,50.4,12.5,2026-06-25
974,EPR,Real Estate,REIT - Specialty,NYSE,630442,58.94,102.77,5,-14,-5.06,21.2,82.6,0.6,1.8,2.7,7.9,68,63,44,39,9.2,0,0,0,0,0,0,4399955743.244423,76507666.0,0.1266,0.036,644898,669175,0,38.8,33.6,2026-06-25
975,IDA,Utilities,Utilities - Regulated Electric,NYSE,561877,147.27,102.73,6,21,-1.64,31.8,100.0,3.9,5.8,4.5,10.0,68,62,77,62,37.4,0,0,0,0,0,0,7888470146.401978,55408235.0,0.0833,-0.067,560753,535360,0,59.6,10.8,2026-06-25
976,ZBIO,Healthcare,Biotechnology,NASDAQ,628990,21.8,102.72,35,80,-51.12,169.9,45.6,23.2,29.9,28.0,-0.3,68,33,78,99,84.6,0,0,0,1,0,1,1248778240.4102497,63133377.0,0.2569,,792322,576288,1,73.6,-43.5,2026-06-25
977,RUN,Technology,Solar,NASDAQ,9641588,14.42,102.69,12,31,-35.74,86.8,44.7,3.8,-1.2,0.5,-17.7,68,56,75,94,72.8,0,0,0,0,0,0,3225186469.439197,238549287.0,0.3006,0.432,12332436,9599171,1,74.5,-17.9,2026-06-25
978,EGY,Energy,Oil & Gas E&P,NYSE,1268668,5.04,102.66,-16,-5,-25.0,48.7,49.7,-6.7,-7.2,-13.0,5.2,68,84,95,35,41.5,0,0,0,0,0,0,597127811.1556206,107012154.0,0.0462,-0.433,1577435,1403041,1,63.9,29.9,2026-06-25
979,TREX,Industrials,Building Products & Equipment,NYSE,1970771,48.88,102.59,38,34,-28.93,65.9,51.7,6.7,13.0,20.1,19.8,68,30,26,12,4.2,0,0,0,0,0,0,4896747208.745815,103898729.0,0.1022,0.01,2087404,2004748,0,18.0,16.9,2026-06-25
980,FANG,Energy,Oil & Gas E&P,NASDAQ,2420364,183.48,102.58,-11,-2,-14.47,35.7,60.7,-2.5,-5.3,-6.7,8.8,68,79,88,52,38.3,0,0,0,0,0,0,51620989999.5,281313297.0,0.0539,0.042,2716654,2631796,0,64.3,24.9,2026-06-25
981,NVS,Healthcare,Drug Manufacturers - General,NYSE,1773424,153.12,102.57,1,15,-10.17,36.7,75.5,2.2,3.6,4.2,8.7,67,66,80,76,37.8,0,0,0,0,0,0,280642169706.02075,1908091965.0,0.0023999999,-0.007,2138653,1635066,0,64.9,10.7,2026-06-25
982,COLD,Real Estate,REIT - Industrial,NYSE,4284470,14.14,102.54,0,-41,-19.29,47.5,70.1,3.9,1.7,7.1,16.7,67,67,26,25,3.3,0,0,0,0,0,0,4014256064.571503,285306052.0,0.0787,0.003,3572021,4367314,0,30.3,44.4,2026-06-25
983,SMWB,Technology,Software - Application,NYSE,981318,5.16,102.49,40,17,-52.0,121.0,34.9,4.7,12.8,39.5,-9.2,67,27,4,20,1.1,0,0,0,0,0,0,437126679.53982735,87600541.0,0.0083,0.101,1042044,837036,0,13.0,16.6,2026-06-25
984,PHM,Consumer Cyclical,Residential Construction,NYSE,1828156,135.71,102.49,31,47,-6.08,31.1,82.7,7.2,10.8,12.4,9.0,67,36,52,48,36.2,0,0,0,0,0,0,24184147202.48453,190486353.0,0.06,-0.124,2018188,1836791,0,43.0,-4.1,2026-06-25
985,TDOC,Healthcare,Health Information Services,NYSE,4188802,7.81,102.44,3,-44,-20.06,77.0,68.9,3.6,5.9,16.4,16.5,67,64,17,25,7.4,0,0,0,0,0,0,1456740557.0017776,180513087.0,0.1543,-0.025,4029717,4759063,0,28.3,40.8,2026-06-25
986,AHRT,Real Estate,REIT - Diversified,NYSE,1033377,6.8,102.42,2,-36,-11.8,34.8,74.3,2.3,2.3,6.5,6.5,67,65,27,30,6.9,0,0,0,0,0,0,506622497.1149368,75955396.0,0.067,0.078,883402,901262,0,32.2,39.8,2026-06-25
987,BTI,Consumer Defensive,Tobacco,NYSE,4265094,61.39,102.41,-5,3,-8.78,33.8,78.9,2.8,3.2,3.2,8.4,67,72,80,83,36.4,0,0,0,0,0,0,127261475090.62904,2160269486.0,0.0021,0.001,4348923,3979768,0,67.9,14.8,2026-06-25
988,FLS,Industrials,Specialty Industrial Machinery,NYSE,2181395,72.93,102.39,4,23,-21.08,54.3,60.8,-4.7,-2.4,-0.6,4.7,67,63,82,84,59.0,0,0,0,0,0,0,10441833225.663923,127807021.0,0.075100005,-0.067,2165145,2517745,0,72.0,-4.1,2026-06-25
989,BLFS,Healthcare,Medical Instruments & Supplies,NASDAQ,759016,25.57,102.36,21,0,-13.67,51.5,87.9,5.7,4.6,15.9,14.7,67,46,25,43,33.8,0,0,0,0,0,0,1272247131.3302994,48857415.0,0.1274,0.247,728928,610103,0,37.0,8.8,2026-06-25
990,ALL,Financial Services,Insurance - Property & Casualty,NYSE,1806964,233.54,102.32,17,17,2.6,21.9,95.5,3.0,5.9,6.6,11.2,67,50,50,55,24.1,0,0,0,0,0,0,56933786616.7482,257420930.0,0.0001,0.03,1919603,1679958,0,44.8,11.9,2026-06-25
991,BBT,Financial Services,Banks - Regional,NYSE,765280,30.6,102.31,7,23,-6.79,33.3,82.1,2.5,4.4,4.0,10.8,67,60,76,59,31.6,0,0,0,0,0,0,2480956177.5732994,83816086.0,0.044299997,1.418,979180,774442,0,56.6,12.8,2026-06-25
992,NVDA,Technology,Semiconductors,NASDAQ,169365869,199.0,102.25,-9,-20,-15.87,27.7,51.5,-4.5,-6.3,-6.9,2.7,67,76,65,80,39.8,0,0,0,0,0,0,5103122549133.301,24221000000.0,0.012200001,0.852,150220139,162441621,0,65.2,18.4,2026-06-25
993,SJM,Consumer Defensive,Packaged Foods,NYSE,1875877,111.63,102.25,32,39,-6.5,25.7,83.5,-0.5,3.4,9.6,8.7,67,35,42,31,22.2,0,0,0,0,0,0,11824564129.4814,106662133.0,0.0554,0.058,1599993,1858508,0,32.5,6.5,2026-06-25
994,NVST,Healthcare,Medical Instruments & Supplies,NYSE,3191587,26.04,102.22,13,39,-14.4,41.0,68.2,5.4,9.5,6.8,13.1,67,54,80,70,47.0,0,0,0,0,0,0,4216280460.0996895,162727923.0,0.081599995,0.144,2524411,3176900,0,62.7,-2.3,2026-06-25
995,HTFL,Healthcare,Health Information Services,NASDAQ,1325442,34.91,102.1,13,-12,-15.31,70.7,74.6,4.9,11.2,14.9,16.4,67,54,29,35,,0,0,0,0,0,0,2901141401.282776,86240828.0,0.0612,0.413,1588228,1217473,0,39.3,,2026-06-25
996,SON,Consumer Cyclical,Packaging & Containers,NYSE,1315714,53.54,102.06,14,43,-8.38,38.4,82.1,5.9,8.8,8.0,13.9,67,53,82,40,30.0,0,0,0,0,0,0,5010665188.692329,98868689.0,0.1106,-0.019,1444724,1458740,0,51.3,11.2,2026-06-25
997,ARR,Real Estate,REIT - Mortgage,NYSE,3249077,16.95,102.05,4,3,-12.22,22.0,60.9,1.3,0.8,-0.1,1.1,67,63,62,73,10.7,0,0,0,0,0,0,2079012932.5519028,124046116.0,0.0001,,3746992,3180080,0,52.2,24.2,2026-06-25
998,FLR,Industrials,Engineering & Construction,NYSE,2956077,53.17,102.04,16,35,-7.53,35.3,81.6,2.7,6.7,9.9,16.3,67,51,70,32,11.1,0,0,0,0,0,0,7494686598.048065,139669896.0,0.0888,-0.08,3128911,2882982,0,41.0,21.9,2026-06-25
999,USFD,Consumer Defensive,Food Distribution,NYSE,2847108,95.35,102.03,28,70,-6.64,37.4,82.0,2.9,8.3,9.1,15.4,67,39,81,57,33.1,0,0,0,0,0,0,20240573209.43579,220221656.0,0.0421,0.028,2800845,2630727,0,52.5,-4.9,2026-06-25
1000,SPNT,Financial Services,Insurance - Reinsurance,NYSE,814039,23.44,101.94,0,-2,-3.62,31.9,87.5,-0.7,3.1,0.7,10.4,67,67,65,82,24.9,0,0,0,0,0,0,2675258905.7032585,117542130.0,0.030299999,0.065,944698,749795,0,59.7,18.3,2026-06-25
1001,GGAL,Financial Services,Banks - Regional,NASDAQ,1414831,49.1,101.9,30,34,-21.47,86.8,66.9,-7.8,-4.0,5.5,7.4,67,37,41,87,5.3,0,0,0,0,0,0,9552090513.654194,169453445.0,0.2349,-0.147,1535424,1279608,0,42.6,5.5,2026-06-25
1002,QRVO,Technology,Semiconductors,NASDAQ,1353214,97.18,101.88,-13,-53,-11.24,25.5,60.1,-2.8,-4.3,0.9,9.2,67,80,40,57,22.9,0,0,0,0,0,0,8662305535.502151,88013673.0,0.1108,-0.07,1521023,1245220,0,50.0,37.2,2026-06-25
1003,EFC,Real Estate,REIT - Mortgage,NYSE,1164923,13.65,101.88,4,-19,-3.33,20.8,86.4,0.7,0.8,2.0,3.5,67,63,40,69,11.4,0,0,0,0,0,0,1685290253.9427414,125393624.0,0.064,0.765,1379800,1268376,0,45.8,26.9,2026-06-25
1004,NNN,Real Estate,REIT - Retail,NYSE,1881258,46.51,101.85,7,12,-0.83,18.7,97.1,1.0,2.4,3.7,8.4,67,60,65,38,14.4,0,0,0,0,0,0,8561167965.0,190248177.0,0.055,0.041,1724514,1829400,0,44.4,26.7,2026-06-25
1005,OMCL,Healthcare,Health Information Services,NASDAQ,610755,39.49,101.84,-9,-47,-28.2,47.1,51.6,1.6,-2.7,-4.2,1.7,67,76,38,87,42.7,0,0,0,0,0,0,1775951361.752346,45478909.0,0.0794,0.149,819456,626673,0,60.9,18.2,2026-06-25
1006,AEVA,Technology,Software - Infrastructure,NASDAQ,2633464,20.04,101.81,-28,-63,-48.35,119.3,38.3,-14.6,-17.1,-1.8,25.1,67,95,60,86,0.9,0,0,0,0,0,0,1647183559.949783,67535203.0,0.1742,0.859,2060594,2264408,1,60.5,52.4,2026-06-25
1007,IMO,Energy,Oil & Gas Integrated,NYSE ARCA,589898,112.5,101.77,-17,-7,-19.32,42.8,57.5,-2.5,-5.0,-9.6,5.0,66,83,93,70,49.8,0,0,0,0,0,0,55964134928.39986,497237969.0,0.18120001,-0.004,615285,566019,1,74.0,18.2,2026-06-25
1008,SW,Consumer Cyclical,Packaging & Containers,NYSE,5300191,46.56,101.75,34,48,-11.57,42.8,73.8,5.2,9.2,14.2,14.3,66,32,46,25,14.1,0,0,0,0,0,0,23181312647.734337,524464078.0,0.059499998,0.007,6714863,5431342,0,29.3,8.9,2026-06-25
1009,CVLT,Technology,Software - Application,NASDAQ,798231,130.76,101.71,35,13,-34.84,78.2,48.9,4.6,7.8,22.0,11.5,66,31,9,17,2.2,0,0,0,0,0,0,5363818978.455231,41250627.0,0.09020001,0.133,994335,818435,0,14.8,19.4,2026-06-25
1010,KTB,Consumer Cyclical,Apparel Manufacturing,NYSE,823506,78.0,101.64,15,18,-10.34,45.7,79.7,2.4,6.6,9.9,11.7,66,51,54,22,30.5,0,0,0,0,0,0,4320640201.823288,55272359.0,0.1073,0.45,920820,793502,0,39.4,15.7,2026-06-25
1011,BBIO,Healthcare,Biotechnology,NASDAQ,2797777,69.36,101.64,-13,-6,-18.34,62.9,72.5,2.6,3.5,0.9,2.7,66,79,86,95,58.9,0,0,0,0,0,0,12979723849.846815,195861242.0,0.139,0.668,2651291,2875892,1,79.7,6.2,2026-06-25
1012,GNL,Real Estate,REIT - Diversified,NYSE,2464032,9.17,101.62,-4,5,-8.62,31.8,70.1,-2.1,-3.0,-3.4,2.0,66,70,79,73,26.7,0,0,0,0,0,0,1946249939.3471136,211090009.0,0.0,-0.175,3028816,2174419,0,62.2,20.1,2026-06-25
1013,RDW,Industrials,Aerospace & Defense,NYSE,54418024,11.38,101.62,-31,-90,-57.28,113.4,27.5,-21.0,-35.7,-22.5,8.6,66,97,38,16,0.7,0,0,0,0,0,0,2854483822.681473,198918728.0,0.2243,0.579,41687443,44194838,1,37.9,70.2,2026-06-25
1014,PBR,Energy,Oil & Gas Integrated,NYSE,15975513,16.45,101.62,-19,-10,-26.03,43.2,47.5,-3.7,-6.8,-15.3,5.7,66,85,94,35,40.6,0,0,0,0,0,0,107943136881.75,6444366381.0,2.67,0.004,16015870,17603232,1,63.6,31.3,2026-06-25
1015,AHR,Real Estate,REIT - Healthcare Facilities,NYSE,2884739,50.1,101.59,-1,12,-8.36,42.6,87.0,6.8,7.4,3.6,6.5,66,67,80,86,46.2,0,0,0,0,0,0,9616721862.789965,206722308.0,0.082399994,0.209,3003458,2598207,0,69.8,5.3,2026-06-25
1016,IHS,Real Estate,Real Estate Services,NYSE,1468025,8.18,101.54,-8,3,-8.6,51.2,85.1,0.2,-0.3,-0.2,7.8,66,74,85,89,49.1,0,0,0,0,0,0,2740502055.586815,336671000.0,0.0039,0.059,1749866,1222663,0,74.3,8.4,2026-06-25
1017,ETN,Industrials,Specialty Industrial Machinery,NYSE,2529616,404.59,101.45,-3,-1,-7.08,32.9,86.7,2.5,3.3,3.4,13.4,66,69,71,36,29.3,0,0,0,0,0,0,163773286734.0088,388300000.0,0.0252,0.168,2579618,2654431,0,51.3,26.2,2026-06-25
1018,BG,Consumer Defensive,Farm Products,NYSE,1809183,108.99,101.44,-10,6,-19.19,52.8,66.0,-4.4,-8.6,-9.5,3.4,66,76,92,70,40.9,0,0,0,0,0,0,21842559741.95778,194018115.0,0.0498,0.878,1898090,1725538,1,69.7,17.2,2026-06-25
1019,KO,Consumer Defensive,Beverages - Non-Alcoholic,NYSE,17647850,80.6,101.44,6,18,-4.09,22.5,82.3,-0.3,0.4,1.6,8.8,66,60,72,58,21.4,0,0,0,0,0,0,341574076538.9932,4302482418.0,0.0109,0.121,20696102,16216758,0,52.8,18.5,2026-06-25
1020,CART,Consumer Cyclical,Internet Retail,NASDAQ,4182012,46.6,101.42,24,11,-12.9,42.1,73.6,6.2,9.9,11.8,15.9,66,42,29,67,10.8,0,0,0,0,0,0,10470578034.386482,235029814.0,0.1105,0.136,4653378,4142105,0,37.2,11.9,2026-06-25
1021,SU,Energy,Oil & Gas Integrated,NYSE,4543376,54.46,101.38,-20,-13,-22.52,45.2,52.4,-5.4,-10.1,-14.5,3.4,66,86,93,72,47.9,0,0,0,0,0,0,65330633469.37901,1180745189.0,4.25,0.175,5836468,4099483,1,74.7,21.2,2026-06-25
1022,BKR,Energy,Oil & Gas Equipment & Services,NASDAQ,7836430,56.38,101.38,-16,-9,-19.93,51.5,60.3,-5.1,-8.2,-10.9,2.8,66,82,89,58,54.6,0,0,0,0,0,0,57946732440.392334,992068697.0,0.0291,0.025,8422640,8199044,0,70.9,17.8,2026-06-25
1023,UPS,Industrials,Integrated Freight & Logistics,NYSE,5633041,106.14,101.34,12,9,-13.29,32.4,71.4,1.8,1.6,4.7,9.3,66,54,51,54,16.0,0,0,0,0,0,0,89131658934.74266,850006279.0,0.033099998,-0.016,5542393,5884494,0,43.8,19.3,2026-06-25
1024,BCRX,Healthcare,Drug Manufacturers - Specialty & Generic,NASDAQ,4841446,10.0,101.34,13,37,-3.1,58.7,97.3,8.2,12.2,11.1,24.3,66,53,77,43,8.3,0,0,0,0,0,0,2284922255.226784,254162660.0,0.1453,0.075,5176150,4501852,0,45.3,22.0,2026-06-25
1025,DLR,Real Estate,REIT - Specialty,NYSE,2404243,193.02,101.34,-2,3,-7.26,30.1,79.5,1.6,2.5,-0.1,10.0,66,68,73,36,15.1,0,0,0,0,0,0,66117049925.68756,351406070.0,0.0001,0.167,3042349,2276011,0,48.0,32.3,2026-06-25
1026,POR,Utilities,Utilities - Regulated Electric,NYSE,1241933,52.08,101.32,9,31,-4.65,29.9,81.9,1.8,2.6,3.0,5.0,66,57,79,71,35.7,0,0,0,0,0,0,5807331987.2979965,115730011.0,0.0587,-0.053,1140830,1254462,0,60.7,5.7,2026-06-25
1027,HUBB,Industrials,Electrical Equipment & Parts,NYSE,695533,518.18,101.28,12,35,-8.37,34.3,86.3,5.6,8.8,6.9,13.2,66,54,77,68,40.3,0,0,0,0,0,0,27672710326.138245,52841777.0,0.0598,0.111,686411,666870,0,59.8,1.8,2026-06-25
1028,TRV,Financial Services,Insurance - Property & Casualty,NYSE,1848042,320.74,101.28,10,16,2.43,27.0,96.5,2.6,5.1,5.2,9.6,66,56,62,69,25.8,0,0,0,0,0,0,65454162433.17792,212644693.0,0.0318,0.01,2619738,1682631,0,53.2,11.9,2026-06-25
1029,CTRE,Real Estate,REIT - Healthcare Facilities,NYSE,3018458,39.4,101.27,-7,-5,-8.54,31.4,78.3,5.7,4.4,1.2,6.1,66,73,75,77,37.1,0,0,0,0,0,0,8755063433.526592,236240235.0,0.1037,0.032,3869355,2619229,0,65.5,17.0,2026-06-25
1030,ABBV,Healthcare,Drug Manufacturers - General,NYSE,5811669,234.89,101.23,22,33,-4.05,33.4,98.0,6.8,8.4,13.7,10.0,66,44,55,68,38.6,0,0,0,0,0,0,382492987523.5728,1766792821.0,0.0146,0.124,6382427,6211207,0,51.4,-3.2,2026-06-25
1031,GLNG,Energy,Oil & Gas Midstream,NASDAQ,1483824,49.83,101.22,-12,-1,-13.77,41.7,66.8,-0.6,-0.9,-5.3,12.3,66,78,89,35,27.0,0,0,0,0,0,0,5048276188.696404,101779765.0,0.0716,1.201,1118003,1389046,0,57.3,33.0,2026-06-25
1032,NMR,Financial Services,Capital Markets,NYSE,1474727,8.61,101.21,10,15,-10.13,41.5,77.5,-0.4,2.1,5.9,9.0,66,56,61,83,46.9,0,0,0,0,0,0,26219049179.43742,2922970836.0,0.0007,0.275,1508022,1541834,0,61.7,-1.4,2026-06-25
1033,PPG,Basic Materials,Specialty Chemicals,NYSE,1916207,120.98,101.2,28,39,-9.33,29.7,75.4,2.4,5.2,9.8,13.3,66,38,49,36,13.9,0,0,0,0,0,0,26357925000.0,222900000.0,0.041100003,0.067,2119271,1981840,0,34.2,11.3,2026-06-25
1034,KDP,Consumer Defensive,Beverages - Non-Alcoholic,NASDAQ,12661678,31.4,101.16,27,27,-12.63,28.5,72.9,3.6,5.0,10.4,16.1,66,39,39,36,6.6,0,0,0,0,0,0,41850809639.36735,1360559471.0,0.0535,0.094,17072025,12463371,0,30.2,16.8,2026-06-25
1035,KRP,Energy,Oil & Gas E&P,NYSE,901497,14.63,101.11,-2,10,-7.41,29.8,79.8,-0.9,-2.1,-1.5,7.2,66,68,80,28,11.5,0,0,0,0,0,0,1457094043.5194244,98652268.0,0.0208,-0.067,780973,865916,0,46.9,35.0,2026-06-25
1036,RNG,Technology,Software - Application,NYSE,1571317,35.85,101.09,-18,-21,-28.08,46.7,43.3,-4.8,-12.7,-15.7,3.9,66,84,81,47,34.0,0,0,0,0,0,0,2936728350.4674225,83858604.0,0.2174,0.053,1360911,1698104,0,61.5,32.7,2026-06-25
1037,NATL,Technology,Software - Application,NYSE,724753,43.48,101.06,-12,-7,-10.35,63.8,77.8,-1.0,-1.7,-2.6,6.0,66,78,83,74,53.4,0,0,0,0,0,0,3219802499.4546623,73797901.0,0.044499997,0.065,483499,764855,0,72.1,12.6,2026-06-25
1038,AKR,Real Estate,REIT - Retail,NYSE,1507528,21.84,100.9,-1,-24,-4.63,20.0,81.2,0.3,-0.6,0.3,5.8,65,66,43,50,21.2,0,0,0,0,0,0,2821217077.277956,133517141.0,0.2759,-0.012,2494235,1348795,0,45.1,27.9,2026-06-25
1039,WAT,Healthcare,Diagnostics & Research,NYSE,969892,369.18,100.89,19,2,-10.86,35.7,73.6,4.5,2.9,9.5,8.9,65,46,29,68,16.2,0,0,0,0,0,0,34899180540.91156,98185855.0,0.0456,0.914,871566,1037207,0,39.8,12.2,2026-06-25
1040,FLOC,Energy,Oil & Gas Equipment & Services,NYSE,719480,21.46,100.89,-20,-31,-24.06,47.2,48.6,-7.6,-9.2,-14.0,3.4,65,85,74,42,23.6,0,0,0,0,0,0,949826680.728836,41824162.0,0.0461,0.089,717871,700254,0,56.2,40.4,2026-06-25
1041,TTE,Energy,Oil & Gas Integrated,NYSE,1375358,78.69,100.88,-18,-12,-16.44,36.4,57.7,-5.1,-8.5,-11.6,4.8,65,83,89,68,36.9,0,0,0,0,0,0,178806784600.2271,2223135446.0,0.002,0.034,1803596,1482189,0,69.2,25.4,2026-06-25
1042,FHN,Financial Services,Banks - Regional,NYSE,4226338,25.28,100.82,4,-2,-4.82,28.2,89.3,2.3,4.0,4.6,9.1,65,61,55,72,33.0,0,0,0,0,0,0,11775267687.056742,474617813.0,0.0,0.097,4899845,4470305,0,55.2,12.4,2026-06-25
1043,VVV,Consumer Cyclical,Auto & Truck Dealerships,NYSE,2113666,39.61,100.81,32,49,-4.16,37.6,91.9,4.0,8.4,14.7,16.5,65,33,50,21,12.4,0,0,0,0,0,0,4855298488.609077,127536079.0,0.14060001,0.25,2320418,2307463,0,29.1,11.0,2026-06-25
1044,JHG,Financial Services,Asset Management,NYSE,2973447,51.9,100.79,-6,4,-3.46,38.6,91.8,0.1,0.2,0.4,8.0,65,71,81,74,44.7,0,0,0,0,0,0,7993442759.490505,154075609.0,0.0469,0.11,3539683,2409056,0,67.7,11.6,2026-06-25
1045,ZWS,Industrials,Pollution & Treatment Controls,NYSE,842305,50.2,100.79,6,15,-6.62,41.9,90.9,4.1,6.2,4.4,7.4,65,59,68,76,47.4,0,0,0,0,0,0,8373764277.22522,167542304.0,0.0357,0.114,868747,1064695,0,62.6,1.5,2026-06-25
1046,CRNC,Technology,Software - Application,NASDAQ,1207385,9.88,100.68,-13,-78,-28.08,65.3,51.5,-5.0,-10.6,-2.9,-1.9,65,78,13,61,7.5,0,0,0,0,0,0,486672723.6153374,45187809.0,0.1399,-0.177,1028115,1070607,0,39.9,45.1,2026-06-25
1047,ENB,Energy,Oil & Gas Midstream,NYSE,4476672,55.29,100.67,-6,2,-5.41,28.3,87.0,1.1,0.9,2.2,10.3,65,71,79,60,32.5,0,0,0,0,0,0,119120637772.22185,2183696415.0,0.0112,0.208,3554288,4416149,0,60.6,20.6,2026-06-25
1048,GDOT,Financial Services,Credit Services,NYSE,506489,13.54,100.62,1,-21,-12.13,39.0,67.0,2.7,3.9,5.8,8.0,65,64,42,73,35.4,0,0,0,0,0,0,722673378.75,56680265.0,0.0345,0.174,541918,446539,0,53.6,14.7,2026-06-25
1049,AXIA,Utilities,Utilities - Renewable,NYSE,2084947,10.43,100.59,1,23,-22.97,57.2,57.8,2.4,4.0,-5.6,-1.8,65,64,86,82,50.6,0,0,0,0,0,0,22445289648.037086,2249027122.0,0.0044,0.221,2148433,2105080,0,70.7,0.9,2026-06-25
1050,DLTR,Consumer Defensive,Discount Stores,NASDAQ,3785324,119.35,100.56,41,84,-16.19,39.0,59.1,4.1,5.2,15.2,7.8,65,24,67,88,26.1,0,0,0,0,0,0,21456293043.43515,192174588.0,0.080299996,0.072,2719074,3760648,0,51.3,-18.2,2026-06-25
1051,FTV,Technology,Scientific & Technical Instruments,NYSE,3225256,60.39,100.56,1,-10,-4.75,32.6,93.5,1.6,1.9,2.4,11.7,65,64,53,59,22.3,0,0,0,0,0,0,18605667739.4852,304861021.0,0.0612,0.077,2998480,3232002,0,49.6,22.9,2026-06-25
1052,MICC,Consumer Defensive,Packaged Foods,NYSE,1537165,17.03,100.56,19,19,-14.55,31.8,60.9,-0.2,0.9,9.9,,65,46,46,60,,0,0,0,0,0,0,10277279235.724585,612837147.0,7.75,-0.041,1646326,1573045,0,50.7,,2026-06-25
1053,AER,Industrials,Rental & Leasing Services,NYSE,1289591,147.89,100.39,8,19,-4.55,40.0,90.1,4.0,6.9,6.2,9.1,65,57,68,83,36.8,0,0,0,0,0,0,22873800366.08661,157685101.0,0.0095,0.079,1273583,1349406,0,61.2,3.8,2026-06-25
1054,NLY,Real Estate,REIT - Mortgage,NYSE,7702271,22.31,100.35,6,10,-9.01,19.9,67.0,1.4,3.4,2.1,1.9,65,59,63,77,22.7,0,0,0,0,0,0,16274959375.213326,732776229.0,0.0,0.488,8453973,6710874,0,55.4,14.1,2026-06-25
1055,TJX,Consumer Cyclical,Apparel Retail,NYSE,6383731,165.17,100.34,3,15,-2.84,27.9,71.9,-5.8,-4.0,-1.7,1.6,65,62,74,76,32.2,0,0,0,0,0,0,180961632602.2277,1104704446.0,0.0159,0.092,5693575,5554043,0,61.1,10.9,2026-06-25
1056,PRTA,Healthcare,Biotechnology,NASDAQ,560933,9.4,100.33,-6,-16,-20.34,54.8,59.4,5.7,3.8,-5.3,-4.0,65,71,61,36,56.6,0,0,0,0,0,0,467514422.38694,52353237.0,0.17729999,17.064,607089,513741,0,56.1,15.2,2026-06-25
1057,HLX,Energy,Oil & Gas Equipment & Services,NYSE,1590774,8.57,100.28,-19,-12,-20.28,53.3,62.7,-3.7,-6.1,-9.6,8.1,64,83,90,25,40.4,0,0,0,0,0,0,1280753402.585864,147382447.0,0.0652,0.036,1803204,1842764,1,59.6,32.2,2026-06-25
1058,UCB,Financial Services,Banks - Regional,NYSE,884466,34.55,100.24,6,6,-6.04,21.1,80.8,3.7,4.8,5.2,8.5,64,58,58,58,27.3,0,0,0,0,0,0,3934096402.911644,119759409.0,0.0431,0.144,1090748,855485,0,50.3,15.3,2026-06-25
1059,ALLY,Financial Services,Credit Services,NYSE,3186473,45.56,100.17,1,-21,-3.62,28.8,93.3,2.3,5.7,6.3,10.7,64,63,41,77,29.0,0,0,0,0,0,0,13943734604.868782,306523062.0,0.0399,0.197,3182869,3397149,0,52.5,16.4,2026-06-25
1060,REG,Real Estate,REIT - Retail,NASDAQ,1493890,79.87,100.08,4,12,-2.19,19.5,93.8,1.6,2.5,2.2,8.4,64,60,68,40,19.2,0,0,0,0,0,0,14076480712.309649,183096790.0,0.0342,0.1,1648861,1525092,0,46.8,23.6,2026-06-25
1061,CPAY,Technology,Software - Infrastructure,NYSE,601654,344.26,100.08,3,-21,-6.31,27.8,64.9,-6.3,-7.3,-3.4,4.2,64,61,37,37,7.4,0,0,0,0,0,0,22568163312.5325,65361919.0,0.048699997,0.254,696233,579042,0,35.6,34.0,2026-06-25
1062,INVA,Healthcare,Biotechnology,NASDAQ,871370,23.64,100.08,10,34,-6.0,40.1,88.2,2.2,4.0,2.7,10.6,64,54,78,64,20.1,0,0,0,0,0,0,1659958748.116518,73808749.0,0.107,0.106,757560,758950,0,54.0,12.5,2026-06-25
1063,AGNC,Real Estate,REIT - Mortgage,NASDAQ,14313480,10.49,100.07,2,3,-13.95,15.6,48.0,1.9,2.7,0.7,0.5,64,62,63,77,20.9,0,0,0,0,0,0,11915505974.73008,1147929272.0,0.0921,,13860212,14557224,0,55.7,17.4,2026-06-25
1064,WPC,Real Estate,REIT - Diversified,NYSE,1547570,72.63,100.04,-2,1,-5.64,19.7,78.2,-0.5,-0.9,-0.5,5.2,64,66,69,58,20.7,0,0,0,0,0,0,15863479329.998322,222739105.0,0.0639,0.089,1861972,1435518,0,53.4,24.0,2026-06-25
1065,EQNR,Energy,Oil & Gas Integrated,NYSE,3825133,31.6,100.0,-23,-15,-27.29,40.8,45.8,-6.0,-10.8,-15.3,5.8,64,87,95,40,33.2,0,0,0,0,0,0,80627279715.58246,2490033263.0,0.028499998,-0.053,4537670,4384730,1,63.8,35.5,2026-06-25
1066,TARS,Healthcare,Biotechnology,NASDAQ,677437,67.11,99.98,25,62,-21.28,65.7,58.4,1.5,4.6,2.7,-6.0,64,39,76,91,58.0,0,0,0,0,0,0,2717393243.875065,43023959.0,0.123100005,1.069,605481,683634,1,66.0,-23.6,2026-06-25
1067,KBH,Consumer Cyclical,Residential Construction,NYSE,1351462,61.51,99.97,42,56,-10.48,34.8,68.4,10.5,14.3,17.8,4.8,64,22,36,34,21.1,0,0,0,0,0,0,3392920047.76001,62600000.0,0.17549999,-0.226,1920377,1227851,0,28.3,-3.4,2026-06-25
1068,KRC,Real Estate,REIT - Office,NYSE,1599159,36.92,99.94,15,-9,-18.01,35.3,58.6,-0.0,1.8,7.9,2.7,64,49,25,50,14.5,0,0,0,0,0,0,4280223045.354641,116278807.0,0.1271,-0.003,1502438,1769903,0,34.6,19.4,2026-06-25
1069,GBCI,Financial Services,Banks - Regional,NYSE,942746,50.33,99.94,5,-8,-6.78,26.4,81.5,2.9,5.3,5.4,9.1,64,59,46,37,27.0,0,0,0,0,0,0,6302808772.936386,130142654.0,0.0548,0.397,1112599,916183,0,42.2,21.7,2026-06-25
1070,CNP,Utilities,Utilities - Regulated Electric,NYSE,5676327,43.86,99.94,6,23,-1.37,23.6,100.0,2.4,3.7,3.7,8.5,64,58,75,63,28.0,0,0,0,0,0,0,28011536933.96332,654169480.0,0.0763,0.019,6320701,5482176,0,56.0,12.3,2026-06-25
1071,MET,Financial Services,Insurance - Life,NYSE,3845153,84.6,99.94,3,-26,-5.6,25.0,80.1,-2.5,-0.6,3.6,8.1,64,61,32,43,12.4,0,0,0,0,0,0,55065320724.98793,643436779.0,0.0218,0.027,4544840,3610770,0,37.1,30.8,2026-06-25
1072,GMED,Healthcare,Medical Devices,NYSE,1836827,82.12,99.9,1,17,-19.01,63.1,72.9,6.3,5.9,0.7,4.1,64,63,79,85,50.2,0,0,0,0,0,0,10755047173.665695,135744626.0,0.0348,0.27,1836192,1662522,0,69.3,0.4,2026-06-25
1073,VOD,Communication Services,Telecom Services,NASDAQ,3343326,13.81,99.89,-6,9,-16.86,33.7,58.7,-4.6,-5.9,-8.7,0.8,64,70,85,85,40.1,0,0,0,0,0,0,32928240469.600235,2302674128.0,0.0039,,3283080,3834108,0,70.0,10.5,2026-06-25
1074,WHD,Energy,Oil & Gas Equipment & Services,NYSE,743714,50.98,99.88,-17,-29,-20.72,60.2,68.6,-3.8,-6.1,-5.8,8.9,64,81,69,52,27.6,0,0,0,0,0,0,3796493841.368294,69418430.0,0.0784,0.385,716754,737780,0,57.4,33.7,2026-06-25
1075,DNP,Financial Services,Asset Management,NYSE,667055,10.82,99.85,1,6,-0.92,12.7,99.2,1.0,1.5,1.6,5.9,64,63,68,63,18.8,0,0,0,0,0,0,4028218662.299524,376821218.0,0.0018000001,0.089,620747,657945,0,53.2,21.6,2026-06-25
1076,LINE,Real Estate,REIT - Industrial,NASDAQ,983209,40.95,99.82,7,-22,-12.14,34.0,82.8,0.8,-0.5,6.5,12.5,64,57,28,19,4.7,0,0,0,0,0,0,9421165466.882458,227674365.0,0.1096,0.004,862199,990057,0,27.2,36.7,2026-06-25
1077,AU,Basic Materials,Gold,NYSE,3040916,78.59,99.79,-19,-9,-39.14,80.8,42.0,-8.3,-9.6,-15.4,-11.6,64,83,93,96,66.6,0,0,0,0,0,0,45946064627.918106,505624114.0,0.0128,0.649,4382450,2753992,2,84.6,4.6,2026-06-25
1078,NI,Utilities,Utilities - Regulated Gas,NYSE,3716354,47.63,99.76,1,12,-2.76,22.6,92.7,1.0,2.4,1.3,7.1,64,63,74,58,24.0,0,0,0,0,0,0,22658297913.977142,479439245.0,0.0291,0.082,4040952,4594648,0,54.7,19.4,2026-06-25
1079,CLF,Basic Materials,Steel,NYSE,18546855,10.57,99.76,-12,-64,-36.71,52.8,40.7,-13.0,-16.9,-6.1,-8.3,64,76,24,86,54.7,0,0,0,0,0,0,7004691835.642854,570414657.0,0.1451,0.063,18136457,18585105,0,60.2,13.9,2026-06-25
1080,MUX,Basic Materials,Other Precious Metals & Mining,NYSE,1053519,17.04,99.73,-24,-21,-42.63,88.7,41.0,-8.0,-11.1,-20.1,-16.7,64,88,91,93,73.0,0,0,0,0,0,0,1157762835.9241238,59740087.0,0.1936,1.074,1204327,1064783,2,86.2,6.2,2026-06-25
1081,AM,Energy,Oil & Gas Midstream,NYSE,2329777,22.15,99.72,-3,15,-7.07,34.5,86.5,4.2,5.4,5.3,13.7,64,67,85,52,29.7,0,0,0,0,0,0,10311815365.142822,474980000.0,0.0352,0.086,2738182,2528624,0,58.4,19.8,2026-06-25
1082,HSIC,Healthcare,Medical Distribution,NASDAQ,1492557,82.82,99.7,26,41,-7.25,34.9,100.0,3.5,5.9,9.8,13.2,64,38,53,67,21.9,0,0,0,0,0,0,9104227010.852188,113916757.0,0.0863,0.063,1274752,1485162,0,45.0,0.8,2026-06-25
1083,FAF,Financial Services,Insurance - Specialty,NYSE,1013695,67.25,99.68,4,-12,-5.9,19.5,65.2,-2.6,-1.6,-3.0,1.4,63,59,43,42,14.7,0,0,0,0,0,0,6993396720.123291,101900000.0,0.0563,0.162,1176225,956695,0,39.7,27.2,2026-06-25
1084,AMGN,Healthcare,Drug Manufacturers - General,NASDAQ,2925559,351.43,99.67,11,36,-10.19,30.1,69.8,1.3,2.6,3.8,5.9,63,52,77,71,34.9,0,0,0,0,0,0,182205516596.51788,539708274.0,0.022,0.058,3715709,2810441,0,58.7,2.2,2026-06-25
1085,FTS,Utilities,Utilities - Regulated Electric,NYSE,753249,57.15,99.65,3,19,-2.77,23.9,93.3,1.8,3.0,2.7,7.5,63,60,76,69,28.8,0,0,0,0,0,0,28557269767.23753,509132995.0,16.04,0.019,775878,733323,0,58.5,12.2,2026-06-25
1086,NVCR,Healthcare,Medical Devices,NASDAQ,1602199,14.72,99.6,-16,-73,-22.2,50.0,59.5,-6.1,-8.5,-5.4,12.3,63,79,22,18,3.9,0,0,0,0,0,0,1653922992.2724724,115820940.0,0.107,0.123,1854777,1735019,0,30.7,55.5,2026-06-25
1087,VFC,Consumer Cyclical,Apparel Manufacturing,NYSE,8928453,17.22,99.6,4,12,-22.68,48.1,54.6,-1.9,-0.5,-5.6,-2.6,63,59,67,74,51.1,0,0,0,0,0,0,6799374398.556295,392347053.0,0.0933,0.01,7883969,8054979,0,62.8,0.2,2026-06-25
1088,LYV,Communication Services,Entertainment,NYSE,2485566,171.47,99.59,0,-10,-2.57,39.4,98.5,1.6,3.9,6.7,13.8,63,63,53,42,24.6,0,0,0,0,0,0,39849740979.089584,232712799.0,0.1358,0.122,2910870,2730122,0,45.7,24.4,2026-06-25
1089,AEE,Utilities,Utilities - Regulated Electric,NYSE,1784211,113.32,99.59,5,19,-1.96,20.6,100.0,3.7,5.1,4.2,8.1,63,58,72,55,25.1,0,0,0,0,0,0,30074597603.972656,276751616.0,0.0397,0.037,1639213,1729908,0,52.5,15.7,2026-06-25
1090,OC,Industrials,Building Products & Equipment,NYSE,1111684,134.17,99.59,27,21,-15.84,38.6,63.9,7.7,10.1,12.1,12.5,63,36,30,19,7.3,0,0,0,0,0,0,10318898747.509417,80528319.0,0.0581,-0.105,1132162,1166038,0,23.1,18.4,2026-06-25
1091,RGTI,Technology,Computer Hardware,NASDAQ,54693003,19.53,99.54,-23,-74,-66.41,66.3,16.2,-11.1,-16.7,-8.9,-22.8,63,86,35,89,60.6,0,0,0,0,0,0,7100038720.400131,332398807.0,0.1877,1.989,37364001,46166462,0,67.7,17.2,2026-06-25
1092,GRPN,Communication Services,Internet Content & Information,NASDAQ,1692056,18.32,99.53,-12,-78,-57.47,137.3,47.7,29.9,28.3,35.1,37.2,63,75,9,31,0.6,0,0,0,0,0,0,614960656.4856339,37983980.0,0.56310004,0.0,1262108,2109177,0,28.9,52.6,2026-06-25
1093,BWXT,Industrials,Aerospace & Defense,NYSE,988898,205.65,99.49,-12,0,-14.96,50.1,67.0,1.5,4.8,-0.7,3.6,63,75,87,81,49.9,0,0,0,0,0,0,18817648345.42856,91614649.0,0.037100002,0.261,1013625,1009619,0,73.2,10.2,2026-06-25
1094,GSK,Healthcare,Drug Manufacturers - General,NYSE,3791117,51.09,99.42,0,21,-17.2,43.3,62.8,-0.0,1.3,-0.4,3.1,63,63,84,80,41.2,0,0,0,0,0,0,101535761851.94627,2003863539.0,0.0049,0.015,3983631,3935488,0,67.0,5.4,2026-06-25
1095,SEM,Healthcare,Medical Care Facilities,NYSE,1528996,16.57,99.42,-7,-5,-2.47,40.6,97.8,-0.2,-0.1,0.3,9.2,63,70,72,46,17.1,0,0,0,0,0,0,2051151878.2960048,124011594.0,0.0332,0.05,1078839,1578515,0,51.3,31.0,2026-06-25
1096,TROW,Financial Services,Asset Management,NASDAQ,2111375,105.2,99.39,4,-17,-11.01,23.4,79.5,-1.2,-0.0,2.7,5.3,63,59,38,57,19.1,0,0,0,0,0,0,23065800462.84489,214266606.0,0.1415,0.053,2418776,2085559,0,43.3,22.5,2026-06-25
1097,PPLI,Communication Services,Internet Content & Information,NASDAQ,1064987,42.58,99.39,-8,-24,-8.09,34.3,78.0,-0.2,-1.1,-1.3,10.9,63,71,55,64,20.8,0,0,0,0,0,0,3177833919.925049,74387496.0,0.19,-0.122,901862,1218684,0,52.7,28.1,2026-06-25
1098,FUL,Basic Materials,Specialty Chemicals,NYSE,727864,64.6,99.36,18,25,-5.87,25.7,69.6,-3.0,-1.4,0.7,2.4,63,45,52,45,16.4,0,0,0,0,0,0,3534045922.096405,54487294.0,0.059899997,-0.023,762543,614640,0,39.6,13.6,2026-06-25
1099,DX,Real Estate,REIT - Mortgage,NYSE,4432647,13.01,99.36,4,5,-12.86,10.5,42.9,0.6,1.0,-0.7,-2.2,63,59,60,76,15.2,0,0,0,0,0,0,2809870935.7009134,215150907.0,0.0421,,4885011,4794196,0,52.5,18.4,2026-06-25
1100,EYPT,Healthcare,Biotechnology,NASDAQ,1033858,14.4,99.35,-9,-7,-24.65,45.7,45.6,2.7,6.2,3.4,-2.9,63,72,74,96,54.1,0,0,0,0,0,0,1138564820.4434166,83841298.0,0.1898,1.617,1166644,968916,1,74.0,4.0,2026-06-25
1101,DTE,Utilities,Utilities - Regulated Electric,NYSE,1484965,151.1,99.34,10,29,-2.28,19.7,100.0,2.9,4.7,5.2,8.9,63,53,72,42,21.5,0,0,0,0,0,0,30696657358.398376,208028313.0,0.033099998,0.158,1394117,1524137,0,47.1,16.0,2026-06-25
1102,XEL,Utilities,Utilities - Regulated Electric,NASDAQ,6070603,81.47,99.32,8,23,-3.28,21.4,87.0,3.1,3.9,2.8,3.9,63,55,70,54,26.2,0,0,0,0,0,0,48324708925.74341,624269560.0,0.0671,0.029,6651689,5712027,0,51.3,13.1,2026-06-25
1103,UNP,Industrials,Railroads,NYSE,3000078,259.96,99.27,-4,-9,-7.06,24.6,81.9,1.5,1.0,1.2,10.2,63,67,62,46,23.5,0,0,0,0,0,0,152513053054.4303,593713213.0,0.0556,0.032,2593225,3025543,0,49.6,26.5,2026-06-25
1104,OLMA,Healthcare,Biotechnology,NASDAQ,1598138,11.14,99.27,-19,-6,-69.28,168.3,22.7,13.5,7.9,-12.5,-33.3,63,82,95,99,84.4,0,0,0,1,0,1,830674469.2022495,87347471.0,0.1659,,1975466,1290335,2,90.1,-5.9,2026-06-25
1105,PSO,Communication Services,Publishing,NYSE,832124,15.06,99.16,0,-28,-3.71,25.5,87.7,-0.1,-0.4,1.1,9.2,63,63,35,35,10.4,0,0,0,0,0,0,8934201115.272243,600416737.0,0.0092,0.032,803024,959056,0,35.9,34.7,2026-06-25
1106,TFC,Financial Services,Banks - Regional,NYSE,10452514,49.79,99.14,4,-4,-11.41,23.3,65.1,2.3,3.4,3.0,5.7,63,59,51,72,29.2,0,0,0,0,0,0,60213347642.02309,1245879275.0,0.0273,0.052,14554874,9146426,0,52.8,13.1,2026-06-25
1107,EAT,Consumer Cyclical,Restaurants,NYSE,973987,169.87,99.13,29,30,-9.22,69.5,87.0,6.8,13.8,18.8,21.2,63,34,35,49,6.2,0,0,0,0,0,0,7071767666.92337,42887790.0,0.1886,0.032,856811,1153820,0,31.0,10.8,2026-06-25
1108,SWKS,Technology,Semiconductors,NASDAQ,5462639,71.4,99.11,-17,-70,-21.45,33.2,56.4,-3.8,-6.4,-0.5,5.4,63,80,27,26,5.9,0,0,0,0,0,0,10896911560.347427,150405963.0,0.2958,-0.01,5671239,4939611,0,34.7,53.2,2026-06-25
1109,JPM,Financial Services,Banks - Diversified,NYSE,9240666,333.45,99.11,7,-4,-1.37,18.5,100.0,2.2,5.9,7.9,8.9,63,56,45,75,25.5,0,0,0,0,0,0,871430706632.8479,2679511418.0,0.0107,0.127,10081319,8828327,0,50.4,12.6,2026-06-25
1110,AMSC,Industrials,Specialty Industrial Machinery,NASDAQ,1300370,40.85,99.1,-26,-45,-42.05,55.2,35.2,-2.4,-7.8,-15.0,-3.0,63,89,70,29,26.6,0,0,0,0,0,0,2103264197.747612,48462307.0,0.085200004,0.296,1167551,1382096,0,53.6,45.1,2026-06-25
1111,DNA,Healthcare,Biotechnology,NYSE,1194303,9.73,99.04,26,9,-44.65,74.6,38.4,9.7,9.5,12.2,2.5,63,37,20,21,10.9,0,0,0,0,0,0,599025587.4538631,65324491.0,0.0884,-0.491,984531,1276336,0,22.2,17.9,2026-06-25
1112,BKSY,Industrials,Specialty Business Services,NYSE,2450467,25.21,99.02,-35,-42,-52.33,85.3,29.1,-16.6,-29.2,-34.8,-6.9,63,98,91,86,45.1,0,1,0,0,0,1,1075790655.246418,37109026.0,0.21200001,-0.297,2262661,2319732,2,80.0,29.5,2026-06-25
1113,NVAX,Healthcare,Biotechnology,NASDAQ,4967120,8.9,99.0,-17,-18,-25.65,37.6,47.1,-5.3,-9.0,-5.9,0.8,63,80,79,26,39.5,0,0,0,0,0,0,1501320045.2884493,164438119.0,0.28129998,-0.791,4179611,4934010,0,56.1,31.1,2026-06-25
1114,ITUB,Financial Services,Banks - Regional,NYSE,23086128,7.88,98.96,0,21,-17.92,33.8,56.9,1.2,2.9,-2.1,2.5,62,62,83,84,28.6,0,0,0,0,0,0,85860386681.72893,11021872542.0,0.0058999998,-0.021,25358715,22846721,0,64.4,10.2,2026-06-25
1115,IFF,Basic Materials,Specialty Chemicals,NYSE,2043615,75.83,98.95,10,21,-10.21,26.1,66.2,-2.0,-0.6,0.6,7.1,62,52,63,38,8.6,0,0,0,0,0,0,19586882760.209747,255303473.0,0.0687,-0.036,1892965,1934449,0,40.4,23.4,2026-06-25
1116,EW,Healthcare,Medical Devices,NYSE,4901247,89.66,98.9,5,0,0.07,23.5,100.0,2.9,3.2,6.8,9.3,62,57,52,71,24.3,0,0,0,0,0,0,50301888351.44043,575800000.0,0.024,0.167,4458491,5174096,0,51.1,14.0,2026-06-25
1117,CHRD,Energy,Oil & Gas E&P,NASDAQ,795646,119.93,98.85,-23,-17,-21.07,40.6,53.3,-5.3,-9.1,-12.5,7.2,62,85,91,31,28.2,0,0,0,0,0,0,6931555565.590324,56299183.0,0.0728,0.385,994850,788842,1,58.8,38.6,2026-06-25
1118,KMI,Energy,Oil & Gas Midstream,NYSE,9809822,32.59,98.78,-6,8,-6.38,27.7,84.7,3.3,4.1,2.8,10.4,62,68,82,45,22.1,0,0,0,0,0,0,70282246003.11147,2224825757.0,0.0231,0.138,10305397,10811859,0,54.3,26.1,2026-06-25
1119,ALK,Industrials,Airlines,NYSE,3292369,51.56,98.77,37,33,-21.74,55.9,64.4,8.2,14.6,24.6,14.7,62,25,21,38,14.0,0,0,0,0,0,0,5488991269.25016,111428978.0,0.13270001,0.052,3353608,3740263,0,24.5,3.3,2026-06-25
1120,CWEN,Utilities,Utilities - Renewable,NYSE,1394263,36.78,98.74,-11,0,-11.88,32.1,66.9,-1.2,-4.6,-4.8,2.9,62,73,84,74,21.7,0,0,0,0,0,0,5829357589.514862,155781878.0,0.074200004,0.188,2073810,1242240,0,63.2,24.3,2026-06-25
1121,RARE,Healthcare,Biotechnology,NASDAQ,1742848,29.11,98.72,40,30,-31.3,58.1,46.9,8.7,18.0,18.3,8.4,62,22,12,13,2.2,0,0,0,0,0,0,2702544359.1589203,98489224.0,0.15439999,-0.022,2135254,1754978,0,12.3,12.7,2026-06-25
1122,SMG,Basic Materials,Agricultural Inputs,NYSE,897744,68.54,98.72,26,55,-5.27,32.4,93.4,8.1,13.3,12.9,14.5,62,36,65,39,15.7,0,0,0,0,0,0,3763789646.5757446,58181937.0,0.121300004,0.05,815592,959040,0,38.9,6.6,2026-06-25
1123,MTA,Basic Materials,Other Precious Metals & Mining,NYSE ARCA,538537,6.59,98.72,-20,-20,-28.76,83.3,59.8,-4.6,-5.7,-2.4,-4.6,62,82,82,95,73.7,0,0,0,0,0,0,694279705.6194868,93442762.0,2.33,0.78,504141,470362,1,83.2,1.5,2026-06-25
1124,CL,Consumer Defensive,Household & Personal Products,NYSE,5543525,91.88,98.67,17,30,-7.5,21.4,66.6,0.8,2.1,3.8,7.7,62,45,58,33,10.2,0,0,0,0,0,0,71600942144.98238,800189310.0,0.0295,0.084,5874796,5515669,0,36.6,18.5,2026-06-25
1125,CXDO,Communication Services,Telecom Services,NASDAQ,763963,7.17,98.67,-28,-66,-36.15,30.6,31.3,-3.2,-12.9,-14.9,-0.4,62,90,52,70,25.9,0,0,0,0,0,0,228852531.52517748,32415373.0,0.0226,0.29,745731,604372,1,59.5,39.8,2026-06-25
1126,ASM,Basic Materials,Other Precious Metals & Mining,NYSE ARCA,4608629,5.64,98.63,-22,-15,-52.96,84.3,33.3,-7.5,-9.3,-13.3,-10.2,62,84,91,99,66.7,0,0,0,1,0,1,1146272483.733941,175271023.0,0.028099999,1.093,4857297,4542095,2,85.2,4.9,2026-06-25
1127,KNF,Basic Materials,Building Materials,NYSE,609436,90.8,98.58,37,70,-4.71,55.0,95.2,10.2,15.7,12.5,20.0,62,25,58,26,17.1,0,0,0,0,0,0,4894452333.960686,56753855.0,0.0732,0.16,716709,541515,0,31.5,0.5,2026-06-25
1128,IVR,Real Estate,REIT - Mortgage,NYSE,2406292,7.82,98.56,-2,4,-17.68,9.2,29.5,-1.6,-1.0,-2.7,-3.2,62,64,70,77,9.0,0,0,0,0,0,0,785600000.0,98200000.0,0.0889,,2678256,2429525,0,55.0,24.3,2026-06-25
1129,CWAN,Technology,Software - Application,NYSE,5441294,24.56,98.54,1,2,0.53,54.6,100.0,0.8,0.8,1.1,10.3,62,61,62,68,20.3,0,0,0,0,0,0,7223242787.205086,297375155.0,0.0748,0.744,11320673,4657962,0,52.8,18.8,2026-06-25
1130,BLD,Industrials,Engineering & Construction,NYSE,853239,415.68,98.49,15,10,-25.7,33.7,46.5,2.9,3.9,1.6,-0.3,62,47,42,78,38.0,0,0,0,0,0,0,12003937413.469238,28144562.0,0.087,0.172,976827,931695,0,51.2,-1.2,2026-06-25
1131,B,Basic Materials,Gold,NYSE,13080244,36.46,98.48,-20,-15,-33.33,79.6,50.1,-7.4,-8.9,-10.3,-9.9,62,82,87,95,69.0,0,0,0,0,0,0,67752579715.67722,1679538410.0,1.37,0.667,12835204,12689736,1,83.3,3.4,2026-06-25
1132,PRVA,Healthcare,Health Information Services,NASDAQ,959442,24.51,98.46,25,21,-7.54,30.1,75.2,3.6,8.5,5.8,5.2,62,37,33,57,18.7,0,0,0,0,0,0,2982712902.193981,126012374.0,0.0394,0.258,1090438,977431,0,36.4,5.6,2026-06-25
1133,CB,Financial Services,Insurance - Property & Casualty,NYSE,1687431,335.15,98.42,5,16,-3.04,24.4,84.4,0.7,2.3,1.9,6.9,62,57,68,67,22.0,0,0,0,0,0,0,125433955913.08978,387860106.0,0.0094,0.102,1554885,1669111,0,53.5,14.4,2026-06-25
1134,EOG,Energy,Oil & Gas E&P,NYSE,3810647,134.45,98.42,-10,4,-11.47,31.3,66.1,-0.0,-1.7,-1.8,10.4,62,72,86,31,17.8,0,0,0,0,0,0,69231054053.76541,532628530.0,0.041100003,0.156,5070293,3900214,0,51.7,33.9,2026-06-25
1135,PCAR,Industrials,Farm & Heavy Construction Machinery,NASDAQ,3171287,117.03,98.4,8,26,-11.26,31.0,78.7,2.3,4.2,4.0,8.2,62,54,72,70,36.9,0,0,0,0,0,0,62601745333.45189,526286229.0,0.0311,-0.089,3646551,3094992,0,58.2,3.6,2026-06-25
1136,SVV,Consumer Cyclical,Specialty Retail,NYSE,1132970,10.23,98.39,37,35,-26.35,46.6,50.1,4.5,8.9,19.5,6.5,62,25,23,29,8.2,0,0,0,0,0,0,1562959444.9589424,153986158.0,0.22309999,0.089,795850,1103816,0,21.3,7.8,2026-06-25
1137,AMRC,Industrials,Engineering & Construction,NYSE,684689,27.68,98.38,-24,-26,-38.39,87.4,45.6,-0.6,-7.1,-6.6,-11.5,62,86,84,87,72.2,0,0,0,0,0,0,1516528550.56102,52951417.0,0.15010001,0.138,602297,602841,0,82.3,6.9,2026-06-25
1138,CSWC,Financial Services,Asset Management,NASDAQ,647819,22.94,98.35,-3,-7,-6.1,19.7,79.3,0.5,0.1,-0.9,4.2,62,65,61,61,15.6,0,0,0,0,0,0,1427993855.034233,62140726.0,0.0694,-0.04,683949,683373,0,50.7,25.9,2026-06-25
1139,MTCH,Communication Services,Internet Content & Information,NASDAQ,3130651,35.34,98.3,-4,-29,-9.85,20.9,61.2,-1.2,-0.9,-2.6,4.6,61,65,40,40,17.7,0,0,0,0,0,0,8269298524.668236,233266526.0,0.0591,0.039,3614454,3455056,0,40.7,31.1,2026-06-25
1140,ABEO,Healthcare,Biotechnology,NASDAQ,1082887,5.62,98.29,23,12,-25.46,33.3,45.4,-1.5,-1.1,-0.3,6.7,61,38,27,41,5.7,0,0,0,0,0,0,328861979.7929039,56995144.0,0.2711,,1171083,1033144,0,27.9,16.6,2026-06-25
1141,VMC,Basic Materials,Building Materials,NYSE,1233716,307.29,98.21,30,43,-7.19,22.9,77.0,5.0,8.4,9.7,7.3,61,31,44,61,24.5,0,0,0,0,0,0,39294968898.22342,129754885.0,0.0446,0.074,1302038,1120499,0,40.1,-4.0,2026-06-25
1142,AURA,Healthcare,Biotechnology,NASDAQ,540381,7.04,98.18,-17,-32,-26.17,38.0,48.1,4.1,2.2,-5.2,9.6,61,78,63,25,11.2,0,0,0,0,0,0,655470793.4955368,103386558.0,0.0437,,692313,612428,0,44.3,45.5,2026-06-25
1143,AFL,Financial Services,Insurance - Life,NYSE,2836119,117.75,98.18,3,-6,-1.72,20.5,97.3,0.9,2.0,2.3,5.9,61,58,49,54,20.4,0,0,0,0,0,0,58772487486.19946,508984904.0,0.023,0.279,3310209,2614443,0,45.4,20.5,2026-06-25
1144,NEE,Utilities,Utilities - Regulated Electric,NYSE,12873958,87.62,98.14,2,25,-11.27,26.3,64.2,1.6,2.1,-2.7,1.8,61,59,82,65,30.2,0,0,0,0,0,0,180926264806.5,2085605358.0,0.0001,0.073,10914224,11357846,0,59.1,10.9,2026-06-25
1145,IRON,Healthcare,Biotechnology,NASDAQ,545946,70.37,98.14,4,-11,-29.28,37.2,44.3,0.4,1.0,2.1,-4.3,61,57,42,83,35.3,0,0,0,0,0,0,2704113545.2823105,38199089.0,0.1833,,618369,481615,0,54.3,7.2,2026-06-25
1146,RCL,Consumer Cyclical,Travel Services,NYSE,2876155,320.95,98.13,30,42,-12.43,30.8,63.7,4.6,9.1,16.2,11.4,61,31,43,57,21.8,0,0,0,0,0,0,83813615193.87158,268194978.0,0.0733,0.113,2585656,2863763,0,38.2,-1.8,2026-06-25
1147,OKE,Energy,Oil & Gas Midstream,NYSE,3790737,87.31,98.11,-11,-2,-9.12,39.2,81.5,2.3,2.4,1.4,12.5,61,72,81,30,18.3,0,0,0,0,0,0,53571692636.47693,630032852.0,0.044,0.196,4227343,3993466,0,50.3,34.3,2026-06-25
1148,BALL,Consumer Cyclical,Packaging & Containers,NYSE,3126899,60.98,98.1,18,49,-10.7,32.2,70.1,4.8,9.2,5.6,10.5,61,43,74,46,14.2,0,0,0,0,0,0,15367748939.927948,266246511.0,0.0295,0.163,3723977,3066891,0,44.3,10.7,2026-06-25
1149,TECH,Healthcare,Biotechnology,NASDAQ,2970465,58.88,98.08,36,49,-18.4,63.3,97.6,23.0,29.3,34.0,22.7,61,25,38,41,47.5,0,0,0,0,0,0,9071593217.92554,156568751.0,0.1009,-0.015,2726106,2916967,0,37.9,-15.8,2026-06-25
1150,ET,Energy,Oil & Gas Midstream,NYSE,9802075,18.94,98.05,-6,5,-8.5,18.3,71.1,1.3,0.2,-1.4,6.5,61,67,78,37,15.5,0,0,0,0,0,0,64521736443.75,3441159277.0,0.010199999,0.321,9074456,12436855,0,49.4,30.7,2026-06-25
1151,LIN,Basic Materials,Specialty Chemicals,NASDAQ,2404929,515.73,98.05,0,10,-1.93,34.1,99.0,1.0,2.2,3.0,11.5,61,61,71,34,19.7,0,0,0,0,0,0,236791186104.2761,462347310.0,0.0139999995,0.082,2611409,2237679,0,46.4,25.0,2026-06-25
1152,TRNO,Real Estate,REIT - Industrial,NYSE,846406,65.44,98.02,-1,0,-3.52,23.3,86.5,-0.4,0.1,-0.4,4.8,61,62,63,54,18.5,0,0,0,0,0,0,6802913627.788071,105717386.0,0.08930001,0.127,1004978,725719,0,49.4,23.2,2026-06-25
1153,WES,Energy,Oil & Gas Midstream,NYSE,1351535,42.11,97.99,-12,-13,-12.29,14.8,54.8,-1.5,-2.0,-1.5,4.8,61,73,72,58,19.4,0,0,0,0,0,0,17749807652.61104,413170578.0,0.032899998,0.225,1267467,1514819,0,55.6,29.9,2026-06-25
1154,MDB,Technology,Software - Infrastructure,NASDAQ,2532141,302.44,97.93,-11,-52,-31.99,46.3,38.9,-11.0,-14.9,-4.6,-11.5,61,72,31,93,46.7,0,0,0,0,0,0,26763723709.25,80431927.0,0.0454,0.252,1491043,2139040,1,60.7,12.6,2026-06-25
1155,MEOH,Basic Materials,Chemicals,NASDAQ,803930,48.14,97.92,-27,-20,-27.88,49.5,48.3,-10.0,-14.7,-18.3,1.2,61,88,95,58,49.0,0,0,0,0,0,0,4114231529.9496994,77364263.0,0.8,0.086,1053291,961880,1,72.5,24.8,2026-06-25
1156,L,Financial Services,Insurance - Property & Casualty,NYSE,936641,111.92,97.89,3,11,-2.59,24.7,92.8,1.8,3.4,2.7,5.2,61,58,66,71,30.7,0,0,0,0,0,0,22074884444.257294,205768873.0,0.0269,0.014,958335,858731,0,56.4,10.3,2026-06-25
1157,HRMY,Healthcare,Biotechnology,NASDAQ,759554,34.45,97.89,29,24,-15.71,31.8,56.3,0.1,2.5,7.1,5.8,61,32,27,79,12.8,0,0,0,0,0,0,1926668186.6102293,57892676.0,0.1373,0.166,818404,846844,0,37.7,0.7,2026-06-25
1158,HALO,Healthcare,Biotechnology,NASDAQ,1948912,71.15,97.87,12,7,-13.46,39.6,70.6,3.7,4.1,6.6,5.1,61,49,44,67,41.8,0,0,0,0,0,0,8130921511.978149,118613000.0,0.1488,0.422,1897657,1746611,0,50.4,0.5,2026-06-25
1159,TDW,Energy,Oil & Gas Equipment & Services,NYSE,726006,64.6,97.86,-21,-9,-30.63,46.5,45.1,-5.0,-8.1,-16.7,-0.8,61,82,94,49,52.6,0,0,0,0,0,0,3216081173.7804565,49730652.0,0.1458,-0.431,906539,791087,1,69.4,20.1,2026-06-25
1160,AKTX,Healthcare,Biotechnology,NASDAQ,1577191,10.76,97.83,9,-41,-78.31,211.1,14.8,-21.1,-31.5,1.9,-39.0,61,52,2,3,0.3,0,0,0,0,0,0,17223300.819379807,1574342.0,0.38709998,,81175,968273,0,14.3,40.7,2026-06-25
1161,OZK,Financial Services,Banks - Regional,NASDAQ,1007015,50.96,97.82,11,6,-5.03,21.5,87.3,2.2,3.8,6.3,8.4,61,50,45,43,18.8,0,0,0,0,0,0,5377510819.268703,109165875.0,0.1447,0.014,1212096,1093505,0,39.2,17.5,2026-06-25
1162,SBH,Consumer Cyclical,Specialty Retail,NYSE,1580700,14.32,97.81,26,63,-20.09,60.9,65.2,3.9,7.6,5.8,-3.6,61,35,72,78,60.0,0,0,0,0,0,0,1319499354.1009102,95408486.0,0.2831,0.023,1587832,1520360,0,61.3,-24.8,2026-06-25
1163,EXR,Real Estate,REIT - Industrial,NYSE,1151154,145.86,97.79,10,4,-6.01,16.2,78.3,0.1,0.8,2.4,5.1,61,51,45,33,7.7,0,0,0,0,0,0,30702552215.710327,211260936.0,0.032899998,0.038,1424452,1189842,0,34.2,25.8,2026-06-25
1164,SA,Basic Materials,Gold,NYSE,1030362,24.75,97.72,-27,-27,-38.22,81.4,45.4,-10.0,-14.5,-15.3,-11.1,60,87,87,95,68.7,0,0,0,0,0,0,3191020100.295107,107622939.0,0.038599998,,1018257,921223,1,84.4,7.5,2026-06-25
1165,ES,Utilities,Utilities - Regulated Electric,NYSE,2836573,71.71,97.63,5,16,-6.15,15.4,70.0,3.0,3.9,4.5,3.4,60,55,66,61,20.0,0,0,0,0,0,0,26171407562.50381,376080025.0,0.033099998,0.094,3170449,2534341,0,50.5,15.2,2026-06-25
1166,MP,Basic Materials,Other Industrial Metals & Mining,NYSE,6380908,56.51,97.62,-28,-33,-43.63,85.2,37.3,-4.6,-8.4,-11.2,-10.4,60,88,83,92,60.2,0,0,0,0,0,0,10837991604.388222,178022198.0,0.1716,1.186,5290826,6378909,1,80.8,13.6,2026-06-25
1167,NGG,Utilities,Utilities - Regulated Electric,NYSE,1664250,82.83,97.58,-1,14,-12.48,22.7,59.5,2.2,2.5,-1.3,2.6,60,61,76,74,20.6,0,0,0,0,0,0,79054092680.6662,995142123.0,0.0023,0.02,1302612,1352434,0,57.9,16.1,2026-06-25
1168,DVN,Energy,Oil & Gas E&P,NYSE,15050569,42.74,97.56,-15,0,-18.91,34.2,53.4,-1.6,-3.9,-8.0,4.4,60,75,90,63,39.5,0,0,0,0,0,0,48581337634.872574,1153403107.0,0.0248,-0.008,17522307,14847585,1,66.9,18.7,2026-06-25
1169,APG,Industrials,Engineering & Construction,NYSE,2704302,41.95,97.54,-3,13,-16.08,26.0,52.7,-1.1,-0.8,-5.0,3.0,60,63,79,84,30.6,0,0,0,0,0,0,18429519048.69207,433227989.0,0.020399999,0.153,3117817,2939973,0,64.2,10.4,2026-06-25
1170,NEM,Basic Materials,Gold,NYSE,8499917,94.04,97.53,-22,-15,-30.28,68.0,51.3,-5.6,-7.1,-12.0,-7.4,60,82,89,94,63.5,0,0,0,0,0,0,110801302352.93376,1067552764.0,0.020599999,0.458,10118611,8056230,1,82.1,6.1,2026-06-25
1171,CZR,Consumer Cyclical,Resorts & Casinos,NASDAQ,9349967,29.6,97.52,-15,-42,-6.27,67.6,91.8,3.1,3.5,7.3,22.5,60,75,48,25,10.0,0,0,0,0,0,0,5951926150.854721,203693576.0,0.15020001,0.027,4586722,7010556,0,39.5,45.2,2026-06-25
1172,MHK,Consumer Cyclical,"Furnishings, Fixtures & Appliances",NYSE,718382,119.09,97.51,33,38,-16.8,28.3,58.7,8.1,11.6,15.2,6.5,60,27,32,31,22.6,0,0,0,0,0,0,6845038369.514236,60953145.0,0.14060001,0.08,822336,848201,0,28.1,0.9,2026-06-25
1173,DPRO,Technology,Computer Hardware,NASDAQ,2030914,5.1,97.5,-28,-65,-64.58,73.2,19.0,-13.1,-21.5,-16.9,-31.2,60,88,51,91,73.3,0,0,0,0,0,0,213552198.03302765,36882936.0,0.128,0.494,1255662,1789834,1,75.8,10.5,2026-06-25
1174,HEI,Industrials,Aerospace & Defense,NYSE,697930,335.3,97.49,20,14,-7.3,31.2,83.9,1.9,2.5,12.4,9.1,60,40,34,70,14.4,0,0,0,0,0,0,47079143129.11258,139659277.0,0.0155,0.253,458632,709256,0,39.6,7.4,2026-06-25
1175,AVA,Utilities,Utilities - Diversified,NYSE,842308,41.13,97.48,2,11,-5.45,15.2,71.8,0.4,-0.7,-0.3,2.7,60,58,67,55,14.1,0,0,0,0,0,0,3285703838.094139,82638430.0,0.044699997,-0.076,957636,710121,0,48.5,21.7,2026-06-25
1176,LTC,Real Estate,REIT - Healthcare Facilities,NYSE,518426,38.07,97.47,2,16,-6.69,13.2,70.1,4.0,4.9,1.7,4.4,60,58,72,45,16.8,0,0,0,0,0,0,1861469500.0523071,51181456.0,0.0496,-0.19,597140,447736,0,47.9,21.8,2026-06-25
1177,ABNB,Consumer Cyclical,Travel Services,NASDAQ,3880205,144.4,97.45,7,-4,-1.94,27.2,92.3,2.0,4.1,3.3,9.6,60,53,42,63,13.7,0,0,0,0,0,0,84521038257.90994,593504923.0,0.0357,0.179,4117265,3843163,0,42.9,18.7,2026-06-25
1178,EA,Communication Services,Electronic Gaming & Multimedia,NASDAQ,2062430,204.52,97.44,-2,11,-0.18,38.5,99.9,0.7,0.9,1.2,2.4,60,62,75,78,37.0,0,0,0,0,0,0,50689410960.1344,250751484.0,0.0438,0.119,2290262,1915646,0,63.0,8.0,2026-06-25
1179,UA,Consumer Cyclical,Apparel Manufacturing,NYSE,3335697,5.88,97.42,24,58,-25.63,48.7,49.2,2.0,4.5,2.9,8.5,60,36,70,24,4.5,0,0,0,0,0,0,2502527067.250988,426324892.0,7.49,-0.008,2723446,2948193,0,33.6,14.8,2026-06-25
1180,SLG,Real Estate,REIT - Office,NYSE,1123939,49.62,97.41,17,-8,-25.15,42.0,48.9,-0.4,2.9,10.6,7.9,60,43,18,19,2.5,0,0,0,0,0,0,3596053958.154613,71124483.0,0.21059999,-0.04,1090748,1209797,0,20.6,27.6,2026-06-25
1181,STAG,Real Estate,REIT - Industrial,NYSE,1231389,39.11,97.4,6,8,-2.2,14.0,85.7,1.7,3.2,2.0,3.4,60,54,56,60,12.6,0,0,0,0,0,0,7227550933.12212,191205055.0,0.0423,0.091,1499469,1221413,0,45.6,19.3,2026-06-25
1182,MMM,Industrials,Conglomerates,NYSE,4087136,165.91,97.39,24,29,-6.48,19.0,80.1,4.0,6.6,10.9,6.4,60,36,41,66,19.3,0,0,0,0,0,0,83763705299.99393,521567261.0,0.0184,0.013,4555530,4031730,0,40.6,1.9,2026-06-25
1183,UAA,Consumer Cyclical,Apparel Manufacturing,NYSE,8731122,6.06,97.38,26,60,-25.64,45.8,48.1,2.2,4.8,3.2,8.7,60,34,68,23,3.5,0,0,0,0,0,0,2583528821.125494,426324892.0,0.3022,-0.008,6777998,8064837,0,32.1,14.1,2026-06-25
1184,SBCF,Financial Services,Banks - Regional,NASDAQ,775541,32.26,97.38,10,15,-9.25,24.3,70.7,3.1,5.3,4.7,3.3,60,50,55,68,32.4,0,0,0,0,0,0,2999090463.31868,97246772.0,0.0535,0.241,963284,797914,0,51.3,4.7,2026-06-25
1185,ASPI,Basic Materials,Chemicals,NASDAQ,5808105,7.06,97.38,15,-11,-51.28,56.0,22.8,-5.9,-9.7,3.6,-7.4,60,45,19,24,2.7,0,0,0,0,0,0,903986727.8472408,125903447.0,0.2,2.793,4468707,5108791,0,22.7,28.0,2026-06-25
1186,AZN,Healthcare,Drug Manufacturers - General,NYSE,1842689,183.02,97.37,2,24,-13.96,35.1,67.0,3.4,2.8,0.2,1.6,60,58,80,79,39.2,0,0,0,0,0,0,271292313811.936,1550862203.0,0.0011,0.125,1778909,1951123,0,64.1,3.0,2026-06-25
1187,TXRH,Consumer Cyclical,Restaurants,NASDAQ,1180454,187.02,97.34,14,10,-5.07,22.3,89.3,8.3,10.1,12.0,10.9,60,46,42,39,8.8,0,0,0,0,0,0,11683439066.25,65729615.0,0.0582,0.128,1218212,1213444,0,33.9,20.4,2026-06-25
1188,ARI,Real Estate,REIT - Mortgage,NYSE,1649085,10.75,97.33,-6,0,-4.36,12.0,71.9,-0.0,-0.8,-1.5,3.2,60,66,72,60,17.0,0,0,0,0,0,0,1418158718.3395176,130947251.0,0.0542,0.002,2496897,1518755,0,53.7,25.1,2026-06-25
1189,WRBY,Healthcare,Medical Instruments & Supplies,NYSE,3722684,26.85,97.3,-12,-48,-13.39,66.8,80.1,5.4,8.9,9.7,14.8,60,72,36,35,34.8,0,0,0,0,0,0,3185687414.210846,122715236.0,0.1426,0.083,4735904,3316642,0,44.4,29.6,2026-06-25
1190,RGEN,Healthcare,Medical Instruments & Supplies,NASDAQ,1167495,138.4,97.24,34,34,-21.26,41.2,61.0,9.3,12.7,18.7,4.9,60,26,26,77,23.7,0,0,0,0,0,0,7446950075.799866,56407740.0,0.106000006,0.148,1012775,1168871,0,38.2,-9.0,2026-06-25
1191,CUBE,Real Estate,REIT - Industrial,NYSE,2007524,40.59,97.24,8,-1,-6.97,15.0,66.3,-0.7,0.2,1.5,4.7,60,52,43,28,5.4,0,0,0,0,0,0,9196921408.764153,226413630.0,0.039100002,0.033,1848922,2121272,0,32.1,29.0,2026-06-25
1192,BDJ,Financial Services,Asset Management,NYSE,519657,9.32,97.19,3,-4,-4.51,11.5,75.2,1.1,1.7,2.6,2.6,60,57,50,69,16.1,0,0,0,0,0,0,1636738373.25,176944689.0,0.0001,-0.04,516461,517476,0,48.0,18.8,2026-06-25
1193,GNW,Financial Services,Insurance - Life,NYSE,2726730,9.29,97.19,-2,-20,-1.69,29.5,100.0,4.1,6.7,5.5,8.1,60,62,44,73,25.6,0,0,0,0,0,0,3427932768.146782,383009256.0,0.026800001,-0.005,3093882,2650316,0,51.2,17.8,2026-06-25
1194,RQI,Financial Services,Asset Management,NYSE,697030,12.59,97.19,-5,-10,-7.22,9.2,48.4,-1.3,-3.6,-5.1,-0.2,60,65,60,40,7.2,0,0,0,0,0,0,1649473842.60783,134431441.0,0.0023,-0.052,1203152,536238,0,43.1,34.4,2026-06-25
1195,NSP,Industrials,Staffing & Employment Services,NYSE,751227,38.11,97.13,20,-9,-39.79,93.0,43.9,4.8,6.8,15.6,6.1,60,40,11,13,0.7,0,0,0,0,0,0,1382487818.6332395,38169182.0,0.1358,0.017,907181,812186,0,16.2,28.0,2026-06-25
1196,DGX,Healthcare,Diagnostics & Research,NYSE,842220,203.11,97.12,12,37,-4.87,23.9,87.5,3.0,3.8,5.6,8.6,60,48,73,53,21.4,0,0,0,0,0,0,21585803655.0,110696429.0,0.0311,0.092,951292,926722,0,48.9,9.8,2026-06-25
1197,CP,Industrials,Railroads,NYSE,2825380,84.78,97.11,-6,-7,-7.36,26.4,81.1,-0.2,-1.6,0.6,10.3,60,66,65,43,17.3,0,0,0,0,0,0,76371961752.4574,887736404.0,0.0168,-0.025,2550610,2841656,0,47.8,29.0,2026-06-25
1198,ITT,Industrials,Specialty Industrial Machinery,NYSE,825631,194.6,97.04,-4,7,-13.61,29.3,67.7,3.1,3.7,-0.9,5.6,60,64,75,70,36.6,0,0,0,0,0,0,17681375542.104492,89839824.0,0.0681,0.327,1148035,803373,0,61.4,11.4,2026-06-25
1199,SAIC,Technology,Information Technology Services,NASDAQ,638452,108.47,96.98,6,-6,-12.11,29.7,63.6,-1.0,-3.1,5.2,8.5,60,54,42,36,9.3,0,0,0,0,0,0,4328723471.606277,42276819.0,0.077,0.015,719438,572211,0,35.3,27.1,2026-06-25
1200,EPD,Energy,Oil & Gas Midstream,NYSE,3490359,36.09,96.97,-13,-1,-10.16,22.0,69.2,0.4,-0.8,-2.6,6.5,59,72,84,57,24.6,0,0,0,0,0,0,79184765417.3331,2163518271.0,0.0231,-0.067,3099748,4133859,0,59.4,25.5,2026-06-25
1201,GTLS,Industrials,Specialty Industrial Machinery,NYSE,1204772,208.7,96.94,1,16,-0.03,38.1,99.8,0.5,0.6,0.6,1.8,59,58,73,72,46.6,0,0,0,0,0,0,9956289380.192688,47869076.0,0.0963,-0.117,1281617,1147591,0,62.4,1.4,2026-06-25
1202,SDRL,Energy,Oil & Gas Drilling,NYSE,751061,37.7,96.94,-28,-24,-32.04,49.1,43.5,-5.4,-11.4,-18.3,-1.2,59,87,91,70,52.8,0,0,0,0,0,0,2409925835.56839,62530508.0,0.0713,0.088,889624,693730,1,75.2,20.1,2026-06-25
1203,BIP,Utilities,Utilities - Diversified,NYSE,714646,36.55,96.94,-5,-2,-9.35,22.1,64.1,-2.6,-4.6,-3.1,1.4,59,64,67,65,17.2,0,0,0,0,0,0,17282485654.60682,460007607.0,1.0,0.169,678659,817653,0,53.3,22.9,2026-06-25
1204,TFX,Healthcare,Medical Instruments & Supplies,NYSE,603076,126.51,96.91,-7,-31,-9.42,27.4,71.4,0.6,-0.6,-1.4,6.4,59,66,42,31,12.7,0,0,0,0,0,0,5622316797.0,44270211.0,0.0825,0.323,465608,787935,0,37.9,36.0,2026-06-25
1205,RNW,Utilities,Utilities - Renewable,NASDAQ,1513391,6.23,96.84,29,21,-24.39,41.6,50.7,0.9,1.6,10.9,2.7,59,30,22,21,5.5,0,0,0,0,0,0,2301729008.2786646,364197618.0,0.038,0.095,1713385,1213745,0,19.6,14.8,2026-06-25
1206,SEIC,Financial Services,Asset Management,NASDAQ,638695,88.89,96.8,-1,-23,-5.4,17.0,68.5,-1.8,-1.2,-1.2,4.6,59,60,38,44,9.8,0,0,0,0,0,0,10757215267.075195,120272976.0,0.02,0.128,649925,821043,0,37.9,30.5,2026-06-25
1207,PB,Financial Services,Banks - Regional,NYSE,925191,72.6,96.8,13,12,-5.96,18.6,81.3,2.1,4.1,5.5,6.8,59,46,45,46,12.2,0,0,0,0,0,0,7179845556.137268,100854689.0,0.0648,0.199,1038504,905844,0,37.3,17.0,2026-06-25
1208,CIM,Real Estate,REIT - Mortgage,NYSE,642841,13.52,96.77,-2,-13,-9.14,14.8,57.8,0.9,0.9,0.3,2.8,59,61,50,40,6.6,0,0,0,0,0,0,1110819096.7041037,83646018.0,0.0219,-0.766,816285,644989,0,39.4,32.5,2026-06-25
1209,A,Healthcare,Diagnostics & Research,NYSE,2576956,131.63,96.77,28,31,-17.87,22.9,53.8,5.0,2.5,10.9,3.8,59,31,34,61,22.0,0,0,0,0,0,0,35885802115.10889,282431944.0,0.021,0.1,2382888,2414163,0,37.0,-1.8,2026-06-25
1210,OSK,Industrials,Farm & Heavy Construction Machinery,NYSE,776726,143.35,96.77,24,68,-20.58,37.5,60.4,8.1,11.7,9.1,7.3,59,35,79,72,43.2,0,0,0,0,0,0,8700501239.241592,62351309.0,0.0498,0.002,633918,734115,0,57.3,-15.9,2026-06-25
1211,ARCO,Consumer Cyclical,Restaurants,NYSE,1339756,8.19,96.75,-8,-6,-16.0,24.3,53.7,-4.2,-4.2,-6.5,3.1,59,67,69,49,12.7,0,0,0,0,0,0,1801169177.5307894,210663057.0,0.036199998,0.129,1327849,1306811,0,49.4,30.6,2026-06-25
1212,HON,Industrials,Conglomerates,NASDAQ,5063170,227.42,96.75,0,14,-8.36,22.9,72.0,2.2,2.9,4.5,8.1,59,59,73,37,16.6,0,0,0,0,0,0,145112897301.42944,633653119.0,0.0218,0.024,5548282,4626754,0,46.4,24.2,2026-06-25
1213,NSC,Industrials,Railroads,NYSE,1201088,303.82,96.73,-7,-8,-6.8,22.3,80.7,1.7,1.4,0.4,5.1,59,66,65,68,27.9,0,0,0,0,0,0,67396164804.29141,224594001.0,0.0364,0.002,1145804,1189258,0,56.7,18.7,2026-06-25
1214,FHI,Financial Services,Asset Management,NYSE,725970,56.38,96.73,-5,8,-5.77,29.3,76.9,-3.6,-2.1,-0.4,4.4,59,64,77,75,36.6,0,0,0,0,0,0,4484160389.543297,75912653.0,0.049000002,0.131,620880,794704,0,63.1,10.2,2026-06-25
1215,INVH,Real Estate,REIT - Residential,NYSE,6055689,29.64,96.71,4,-20,-13.31,22.6,64.4,2.7,2.2,4.5,8.3,59,55,31,31,3.8,0,0,0,0,0,0,16876731879.316393,594041956.0,0.0432,0.092,7251017,5790851,0,30.2,32.8,2026-06-25
1216,OGE,Utilities,Utilities - Regulated Electric,NYSE,1350986,48.6,96.7,2,16,-3.05,16.1,88.2,2.2,3.2,2.9,6.7,59,57,71,41,16.9,0,0,0,0,0,0,9761505225.848888,206374321.0,0.0664,0.007,1194668,1448491,0,46.5,21.8,2026-06-25
1217,TOWN,Financial Services,Banks - Regional,NASDAQ,589237,35.98,96.7,9,6,-4.97,12.8,73.0,2.4,4.2,3.7,4.7,59,50,47,43,12.1,0,0,0,0,0,0,3168955405.464134,91298055.0,3.34,0.362,627872,524750,0,38.0,20.6,2026-06-25
1218,CCEP,Consumer Defensive,Beverages - Non-Alcoholic,NASDAQ,1981277,98.8,96.69,21,44,-10.91,16.6,56.7,1.3,4.0,4.9,6.6,59,38,61,61,13.8,0,0,0,0,0,0,42918379494.69483,442777049.0,0.0481,0.002,1888582,1830982,0,43.5,5.2,2026-06-25
1219,ED,Utilities,Utilities - Regulated Electric,NYSE,2669143,110.72,96.68,7,29,-4.74,16.1,76.6,2.4,3.9,2.9,5.9,59,52,74,53,17.6,0,0,0,0,0,0,39196819648.73268,368529705.0,0.0419,0.062,2651250,2382218,0,49.1,14.8,2026-06-25
1220,CHD,Consumer Defensive,Household & Personal Products,NYSE,2071318,98.67,96.62,12,28,-6.95,20.3,69.9,1.0,1.7,2.6,6.7,59,47,63,27,9.8,0,0,0,0,0,0,22658916008.47496,236943602.0,0.0519,0.002,2144574,2060172,0,36.7,21.0,2026-06-25
1221,TAC,Utilities,Utilities - Independent Power Producers,NYSE,1780681,13.69,96.62,-13,-13,-23.43,32.5,46.4,1.4,2.2,5.4,1.1,59,72,72,58,33.1,0,0,0,0,0,0,4342044667.409929,316014901.0,0.0179,-0.255,1940285,1603755,0,58.8,22.3,2026-06-25
1222,P,Technology,Computer Hardware,NYSE,3905477,72.8,96.62,-21,-59,-27.63,31.6,38.9,-1.9,-3.9,-4.8,-5.4,59,80,42,61,38.5,0,0,0,0,0,0,24800732179.40387,332404932.0,0.0416,,3444311,3481150,0,55.4,28.4,2026-06-25
1223,DB,Financial Services,Banks - Regional,NYSE,3088906,34.0,96.53,19,14,-15.9,21.2,50.3,-0.3,3.6,5.8,-1.0,58,39,34,90,23.3,0,0,0,0,0,0,67477282493.84682,1913163641.0,0.0025,0.012,3344158,3100531,1,46.6,-1.9,2026-06-25
1224,AVNT,Basic Materials,Specialty Chemicals,NYSE,846648,36.82,96.52,21,53,-17.9,34.6,60.3,-0.2,2.8,2.5,6.7,58,37,69,32,16.5,0,0,0,0,0,0,3453804875.226139,91710167.0,0.025999999,0.025,977836,732653,0,38.6,8.1,2026-06-25
1225,AAUC,Basic Materials,Gold,NYSE,577955,23.01,96.52,-29,-20,-28.54,97.3,55.2,-9.1,-10.4,-18.3,-8.9,58,87,96,95,66.0,0,0,0,0,0,0,3227594634.728195,125881229.0,0.0305,0.138,629865,740075,2,86.0,8.0,2026-06-25
1226,WMS,Industrials,Building Products & Equipment,NYSE,1056082,149.05,96.52,24,48,-16.88,40.0,68.8,9.2,12.4,9.5,5.8,58,34,58,76,39.0,0,0,0,0,0,0,11268760186.95752,76595708.0,0.048699997,0.099,1053357,995063,0,51.8,-13.3,2026-06-25
1227,RBA,Industrials,Specialty Business Services,NYSE,1085441,112.55,96.51,11,2,-5.88,22.3,85.3,5.2,7.5,9.4,10.1,58,47,38,53,16.8,0,0,0,0,0,0,20599190943.145752,186300000.0,0.0896,0.114,1281623,1092004,0,38.7,14.8,2026-06-25
1228,WH,Consumer Cyclical,Lodging,NYSE,1304262,85.81,96.47,19,29,-7.42,24.3,74.1,3.8,5.5,4.4,8.9,58,39,49,29,14.9,0,0,0,0,0,0,6303252355.943939,74860482.0,0.108100004,0.035,1619468,1275447,0,33.0,13.1,2026-06-25
1229,SBS,Utilities,Utilities - Regulated Water,NYSE,6581644,5.53,96.47,-8,11,-22.74,47.1,55.4,2.9,3.2,-6.3,3.4,58,66,85,79,42.4,0,0,0,0,0,0,18410668563.0,3506794012.0,0.0058999998,0.183,7562714,6702228,0,68.1,7.3,2026-06-25
1230,WDS,Energy,Oil & Gas E&P,NYSE,1023440,19.06,96.42,-21,-6,-24.34,33.5,45.5,-6.8,-10.1,-14.0,0.9,58,79,94,54,29.4,0,0,0,0,0,0,38117056416.72569,1901100143.0,4.33,-0.111,1751762,960802,1,64.1,28.3,2026-06-25
1231,GNTX,Consumer Cyclical,Auto Parts,NASDAQ,2300753,25.04,96.37,11,2,-14.77,24.5,60.6,0.7,2.7,7.9,7.3,58,47,38,31,24.3,0,0,0,0,0,0,5526100618.069366,212951848.0,0.0629,0.171,2944581,2339980,0,35.1,15.5,2026-06-25
1232,HBAN,Financial Services,Banks - Regional,NASDAQ,23001138,17.58,96.37,19,19,-9.66,19.2,67.8,3.5,6.4,8.6,7.1,58,39,39,63,17.4,0,0,0,0,0,0,34177422934.08232,2027130587.0,0.0317,0.336,24704434,22299872,0,39.6,6.0,2026-06-25
1233,DRI,Consumer Cyclical,Restaurants,NYSE,1163387,213.45,96.35,8,8,-5.11,25.7,85.3,0.7,3.5,5.9,8.6,58,50,50,35,6.3,0,0,0,0,0,0,24447496040.81691,114535003.0,0.0659,0.059,1439362,1126072,0,35.3,24.9,2026-06-25
1234,NAC,Financial Services,Asset Management,NYSE,578806,11.99,96.28,1,8,-2.12,10.0,85.2,0.2,-0.2,0.6,1.4,58,57,64,64,15.3,0,0,0,0,0,0,1868104011.2830489,156326698.0,0.0058999998,,416460,575170,0,50.1,18.7,2026-06-25
1235,CBSH,Financial Services,Banks - Regional,NASDAQ,1251843,56.62,96.27,23,22,-10.4,21.0,64.3,3.4,6.2,9.3,9.4,58,35,34,31,7.0,0,0,0,0,0,0,7978383790.608513,145777158.0,0.0428,0.173,1393039,1258229,0,26.7,14.9,2026-06-25
1236,HAYW,Industrials,Electrical Equipment & Parts,NYSE,2570578,15.76,96.25,27,32,-11.11,23.7,74.9,8.0,11.1,11.1,5.8,58,31,36,60,22.4,0,0,0,0,0,0,3254444880.0,216962992.0,0.0563,0.115,2400226,2669941,0,37.4,-2.0,2026-06-25
1237,PCG,Utilities,Utilities - Regulated Electric,NYSE,19350926,17.12,96.23,21,56,-10.65,31.4,66.8,1.9,2.4,2.9,3.8,58,37,72,41,27.3,0,0,0,0,0,0,36292662509.34152,2202224728.0,0.0,0.15,19428810,20452300,0,44.3,0.6,2026-06-25
1238,EQR,Real Estate,REIT - Residential,NYSE,3234057,66.22,96.22,3,-13,-5.22,15.9,88.7,1.9,1.2,2.8,7.1,58,55,39,37,8.0,0,0,0,0,0,0,24015299936.723145,374712144.0,0.031,0.025,3390023,3067674,0,34.8,28.7,2026-06-25
1239,HROW,Healthcare,Drug Manufacturers - Specialty & Generic,NASDAQ,1019489,42.68,96.12,32,41,-22.19,43.0,48.4,2.0,11.0,11.9,0.5,58,26,35,88,38.1,0,0,0,0,0,0,1597983797.2758904,37275107.0,0.1998,-0.076,901187,841075,0,46.8,-19.4,2026-06-25
1240,RRR,Consumer Cyclical,Resorts & Casinos,NASDAQ,794396,62.5,96.08,10,14,-9.41,24.5,79.6,3.3,6.1,12.6,8.0,58,48,52,79,29.5,0,0,0,0,0,0,3585697440.273773,58465634.0,0.1385,0.019,748718,900681,0,52.1,2.7,2026-06-25
1241,HOOD,Financial Services,Capital Markets,NASDAQ,31100982,97.19,96.06,31,31,-36.83,43.4,32.4,-5.9,0.5,10.0,-9.0,58,27,27,92,20.8,0,0,0,0,0,0,97389623288.61166,900505057.0,0.044,0.151,39486216,32768087,1,41.7,-9.9,2026-06-25
1242,ROAD,Industrials,Engineering & Construction,NASDAQ,590600,125.15,96.04,21,51,-17.12,34.6,68.8,4.3,8.3,5.2,6.8,58,37,67,66,21.1,0,0,0,0,0,0,6941335553.747864,56534742.0,0.0479,0.346,671411,578222,0,47.8,-0.8,2026-06-25
1243,VRTX,Healthcare,Biotechnology,NASDAQ,1402500,475.2,96.04,19,27,-6.44,31.0,85.7,4.5,6.8,9.0,8.8,58,39,47,58,13.0,0,0,0,0,0,0,114626141718.99426,253805417.0,0.02,0.078,1548792,1287916,0,39.3,8.4,2026-06-25
1244,O,Real Estate,REIT - Retail,NYSE,6260920,61.99,96.03,2,16,-8.76,10.9,52.5,0.7,1.5,-0.3,2.0,58,56,70,49,13.5,0,0,0,0,0,0,56173351572.35775,932492530.0,0.047199998,0.12,6622061,5947602,0,47.1,21.3,2026-06-25
1245,PM,Consumer Defensive,Tobacco,NYSE,4957479,178.78,96.0,4,8,-7.39,24.0,72.8,-0.5,0.3,2.0,7.3,58,54,58,63,6.7,0,0,0,0,0,0,278046888613.71173,1558558846.0,0.0104,0.091,5706378,4912777,0,45.4,21.4,2026-06-25
1246,UDR,Real Estate,REIT - Residential,NYSE,5308388,38.39,95.96,8,-5,-7.72,16.5,70.9,1.6,2.1,5.1,7.3,57,49,36,34,6.0,0,0,0,0,0,0,12203832372.883747,324915653.0,0.0764,0.042,4472156,4651247,0,31.3,25.8,2026-06-25
1247,CTVA,Basic Materials,Agricultural Inputs,NYSE,4049856,80.09,95.92,-4,16,-6.47,33.8,84.3,4.7,5.3,2.8,11.9,57,61,81,60,18.5,0,0,0,0,0,0,52562561350.70801,668820000.0,0.0318,0.11,5362859,3869145,0,55.1,19.5,2026-06-25
1248,ABM,Industrials,Specialty Business Services,NYSE,653634,44.57,95.91,30,35,-11.07,19.9,60.6,0.8,4.8,9.0,4.4,57,27,32,30,8.1,0,0,0,0,0,0,2586347839.8373947,58580923.0,0.073699996,0.084,779114,549870,0,24.3,8.3,2026-06-25
1249,NVG,Financial Services,Asset Management,NYSE,500157,12.7,95.85,7,15,-6.55,10.0,59.0,0.1,0.2,0.6,0.3,57,50,58,62,13.8,0,0,0,0,0,0,2708164400.89872,213577629.0,0.002,-0.02,494611,515466,0,45.9,14.9,2026-06-25
1250,HIMS,Healthcare,Drug Manufacturers - Specialty & Generic,NYSE,20855207,32.7,95.84,25,2,-53.57,125.3,35.2,3.3,11.1,18.3,-1.1,57,32,9,23,1.9,0,0,0,0,0,0,8209804724.191132,231457695.0,0.32569999,0.038,19651953,26547482,0,16.5,19.2,2026-06-25
1251,NXE,Energy,Uranium,NYSE,6529397,10.07,95.82,-22,-10,-27.87,50.1,43.0,-5.8,-8.9,-15.6,-8.3,57,79,91,85,48.3,0,0,0,0,0,0,7049335081.151594,661909421.0,7.13,,6410693,6239074,1,75.8,12.9,2026-06-25
1252,EMR,Industrials,Specialty Industrial Machinery,NYSE,2832296,141.44,95.81,2,-4,-14.36,17.9,57.4,-0.5,1.3,3.1,5.0,57,55,49,63,18.4,0,0,0,0,0,0,84384668051.14746,560100000.0,0.023,0.029,3047018,2858595,0,46.3,17.3,2026-06-25
1253,CPT,Real Estate,REIT - Residential,NYSE,1248196,111.26,95.76,13,4,-5.31,17.2,88.8,1.6,2.2,6.1,7.6,57,44,35,47,7.1,0,0,0,0,0,0,10799883846.35965,99090596.0,0.081199996,-0.005,1307148,1228181,0,33.3,18.7,2026-06-25
1254,BMY,Healthcare,Drug Manufacturers - General,NYSE,12234604,55.0,95.74,-11,-1,-12.55,30.0,64.7,-0.4,-0.7,-3.0,3.1,57,68,78,63,23.8,0,0,0,0,0,0,110271847338.0,2042071247.0,0.0189,0.026,13856923,11407088,0,58.2,22.1,2026-06-25
1255,FFIN,Financial Services,Banks - Regional,NASDAQ,871045,34.04,95.73,19,16,-12.13,22.2,67.6,4.4,5.8,7.8,9.2,57,38,35,27,6.3,0,0,0,0,0,0,4696781490.4953,143281930.0,0.0756,0.131,995915,804075,0,26.6,18.3,2026-06-25
1256,SCZM,Basic Materials,Other Industrial Metals & Mining,NASDAQ,568538,6.33,95.73,-36,-33,-64.13,135.6,27.6,-8.4,-9.9,-19.7,-24.4,57,93,96,99,82.3,0,0,0,1,0,1,663096006.6944423,92740699.0,4.91,0.814,539496,531989,3,92.6,3.9,2026-06-25
1257,TRTX,Real Estate,REIT - Mortgage,NYSE,594724,8.57,95.71,6,2,-12.99,12.1,43.6,-0.4,0.2,1.3,-1.5,57,51,47,66,13.3,0,0,0,0,0,0,664850626.8907413,77308209.0,0.0494,0.119,702523,586636,0,44.3,16.2,2026-06-25
1258,HLF,Consumer Defensive,Packaged Foods,NYSE,1559046,12.47,95.71,0,32,-38.87,54.5,34.6,-0.6,1.0,-12.2,-9.2,57,57,89,90,48.4,0,0,0,0,0,0,1233666010.8532562,103669416.0,0.0829,0.078,1640659,1460217,1,71.1,-5.5,2026-06-25
1259,BHF,Financial Services,Insurance - Life,NASDAQ,517012,63.09,95.68,-2,-6,-4.88,44.6,85.5,-0.7,-0.2,0.5,4.1,57,59,55,77,22.6,0,0,0,0,0,0,3633445901.25,57445785.0,0.1173,-0.362,525606,495687,0,53.4,15.0,2026-06-25
1260,OSPN,Technology,Software - Infrastructure,NASDAQ,518822,13.52,95.68,-6,-49,-25.43,33.3,42.8,-2.2,-4.4,5.2,6.0,57,63,20,21,3.1,0,0,0,0,0,0,500483475.0,37072850.0,0.0883,0.041,432988,515477,0,26.8,42.6,2026-06-25
1261,AMH,Real Estate,REIT - Residential,NYSE,3040435,32.76,95.63,16,6,-11.6,21.6,63.1,2.4,2.2,4.4,5.9,57,41,31,34,4.6,0,0,0,0,0,0,11409733923.069511,359815019.0,0.0299,0.028,2594305,2971409,0,27.7,20.6,2026-06-25
1262,FE,Utilities,Utilities - Regulated Electric,NYSE,4625766,47.82,95.59,9,40,-8.64,20.7,67.9,1.9,3.2,2.6,2.1,57,48,79,64,24.7,0,0,0,0,0,0,26868128520.057964,578431175.0,0.0538,0.116,4425259,5366305,0,53.9,5.3,2026-06-25
1263,RTX,Industrials,Aerospace & Defense,NYSE,5736297,185.06,95.57,-2,18,-13.72,32.0,63.9,0.5,2.7,3.6,2.0,57,59,79,83,38.9,0,0,0,0,0,0,249944452456.3033,1346683428.0,0.0123000005,0.087,5790993,5782526,0,65.0,3.2,2026-06-25
1264,NZF,Financial Services,Asset Management,NYSE,524147,12.68,95.57,5,11,-2.61,9.0,71.7,-0.4,-0.2,0.3,0.2,57,52,58,61,13.0,0,0,0,0,0,0,2460358898.049116,193729050.0,0.0022,-0.012,511121,506444,0,46.0,17.1,2026-06-25
1265,AMZN,Consumer Cyclical,Internet Retail,NASDAQ,44372759,234.27,95.57,-18,-56,-15.9,14.2,37.0,-4.7,-7.8,-11.5,-2.5,57,75,37,63,13.1,0,0,0,0,0,0,2628929968498.4214,10757109436.0,0.0094,0.166,51971299,46155661,0,47.0,37.1,2026-06-25
1266,CCK,Consumer Cyclical,Packaging & Containers,NYSE,1171890,108.96,95.54,24,47,-6.57,21.9,76.4,6.8,11.3,10.4,8.8,57,33,56,67,11.8,0,0,0,0,0,0,11346751592.487083,111746617.0,0.0469,0.129,1333282,1174574,0,41.9,1.5,2026-06-25
1267,MPLX,Energy,Oil & Gas Midstream,NYSE,1738836,56.23,95.52,-2,15,-6.25,17.3,72.7,-0.7,-0.1,0.6,2.9,57,59,76,68,15.0,0,0,0,0,0,0,57677464742.79608,1014733719.0,0.0176,-0.028,1586000,2077276,0,54.5,18.5,2026-06-25
1268,XOM,Energy,Oil & Gas Integrated,NYSE,17877348,136.9,95.46,-18,-3,-22.4,30.0,48.3,-2.3,-5.3,-7.8,1.8,57,75,90,66,34.5,0,0,0,0,0,0,571215158275.7201,4144947162.0,0.0114,0.026,20233334,17504510,1,66.4,20.5,2026-06-25
1269,SYF,Financial Services,Credit Services,NYSE,3774617,76.32,95.45,5,-6,-14.03,23.1,59.7,4.6,7.7,6.7,5.8,57,52,41,83,28.1,0,0,0,0,0,0,25315225131.48436,336370242.0,0.08979999,0.061,3552571,3870190,0,51.0,6.9,2026-06-25
1270,QSR,Consumer Cyclical,Restaurants,NYSE,3322413,72.76,95.43,-8,-5,-11.22,18.4,57.4,-0.7,-0.1,-3.9,3.0,57,65,68,58,19.0,0,0,0,0,0,0,25482503824.24884,346983973.0,0.0585,0.073,3503449,3408211,0,52.5,24.1,2026-06-25
1271,NAD,Financial Services,Asset Management,NYSE,617645,12.0,95.42,5,10,-2.52,8.4,73.8,0.2,0.7,1.4,0.5,56,51,56,63,13.6,0,0,0,0,0,0,2794567314.3916845,233464265.0,0.0014,-0.016,540915,621747,0,45.9,15.8,2026-06-25
1272,WMT,Consumer Defensive,Discount Stores,NASDAQ,24680163,119.0,95.39,-5,15,-11.96,22.6,53.7,-2.7,-2.1,-6.9,-0.9,56,61,81,74,24.2,0,0,0,0,0,0,932527717811.5132,7958079155.0,0.018,0.073,21914271,21370092,0,60.0,13.8,2026-06-25
1273,RHI,Industrials,Staffing & Employment Services,NYSE,2239221,30.08,95.33,21,9,-31.36,37.6,38.9,-3.2,-2.2,6.1,6.7,56,35,23,13,1.4,0,0,0,0,0,0,3231454492.118763,102293589.0,0.2874,-0.038,2781035,2465089,0,18.1,22.4,2026-06-25
1274,CNQ,Energy,Oil & Gas E&P,NYSE,8800536,39.38,95.28,-25,-14,-23.3,35.1,48.4,-6.5,-10.5,-13.1,1.6,56,81,92,64,33.3,0,0,0,0,0,0,85618393908.72955,2085710000.0,6.89,-0.012,13067029,9808967,1,67.6,26.2,2026-06-25
1275,WEC,Utilities,Utilities - Regulated Electric,NYSE,2288068,115.61,95.28,6,26,-3.35,13.8,89.3,2.7,3.9,3.3,4.4,56,50,70,49,18.2,0,0,0,0,0,0,36536648704.83847,325725678.0,0.0552,0.09,2381205,2091651,0,46.8,14.1,2026-06-25
1276,AFG,Financial Services,Insurance - Property & Casualty,NYSE,507568,138.23,95.26,1,-7,-7.86,11.0,51.2,0.9,2.5,2.5,1.5,56,55,47,55,14.3,0,0,0,0,0,0,11042139923.582794,83086083.0,0.026500002,0.003,685646,508639,0,42.8,21.2,2026-06-25
1277,SSB,Financial Services,Banks - Regional,NYSE,709700,99.75,95.24,11,10,-8.03,18.1,68.7,2.8,4.6,4.8,5.0,56,45,44,42,19.5,0,0,0,0,0,0,9427896071.566317,97668043.0,0.0279,0.228,745290,789858,0,37.6,13.4,2026-06-25
1278,MFA,Real Estate,REIT - Mortgage,NYSE,1424333,9.61,95.23,-1,5,-9.08,8.0,48.0,2.0,2.5,-0.4,-0.0,56,57,63,54,8.7,0,0,0,0,0,0,972954477.5979975,102093862.0,0.0347,-0.465,1783341,1472494,0,45.7,24.1,2026-06-25
1279,NEA,Financial Services,Asset Management,NYSE,787104,11.59,95.23,5,12,-2.61,8.8,72.7,-0.1,0.0,0.6,0.2,56,51,58,63,13.2,0,0,0,0,0,0,3465896037.5101776,299041932.0,0.0034,-0.014,727403,799580,0,46.3,15.8,2026-06-25
1280,CMS,Utilities,Utilities - Regulated Electric,NYSE,3296733,76.49,95.23,8,30,-4.82,12.4,75.0,3.7,5.5,4.0,4.6,56,48,70,46,17.6,0,0,0,0,0,0,22668519546.28697,308919602.0,0.0,0.116,3488390,3187788,0,45.4,13.4,2026-06-25
1281,BOOT,Consumer Cyclical,Apparel Retail,NYSE,850786,177.48,95.21,27,45,-15.59,29.6,54.9,1.9,2.8,6.9,-0.9,56,29,47,77,20.6,0,0,0,0,0,0,5287136783.105255,30347473.0,0.12810001,0.187,761699,726635,0,43.4,-7.2,2026-06-25
1282,BV,Industrials,Specialty Business Services,NYSE,567007,14.03,95.2,27,30,-17.98,26.2,54.5,9.0,12.4,14.2,12.5,56,29,32,29,4.2,0,0,0,0,0,0,1216260017.7764893,93200000.0,0.35119998,0.061,599082,587990,0,23.6,12.1,2026-06-25
1283,CWT,Utilities,Utilities - Regulated Water,NYSE,529254,47.3,95.2,23,48,-6.23,12.6,69.7,3.8,4.5,6.3,5.3,56,33,58,37,9.6,0,0,0,0,0,0,2705367488.064415,59853262.0,0.0446,0.052,548052,574622,0,34.4,8.4,2026-06-25
1284,BIRK,Consumer Cyclical,Footwear & Accessories,NYSE,3185031,45.09,95.18,19,6,-15.77,42.7,60.0,-3.3,-0.8,8.9,8.6,56,37,24,24,3.6,0,0,0,0,0,0,8479908354.407349,183906056.0,0.2561,0.077,2743484,2731160,0,22.2,20.6,2026-06-25
1285,SIBN,Healthcare,Medical Devices,NASDAQ,641153,16.34,95.17,31,28,-25.35,44.4,52.6,6.7,10.6,17.4,6.7,56,25,22,84,5.4,0,0,0,0,0,0,702492649.4871635,44349283.0,0.1548,0.112,436889,641845,0,34.1,-1.7,2026-06-25
1286,U,Technology,Software - Application,NYSE,9065648,27.15,95.14,-6,-54,-47.94,55.9,29.6,-2.2,-6.1,-2.1,-18.7,56,62,14,92,18.2,0,0,0,0,0,0,11995981517.730137,436534997.0,0.082200006,0.168,7406675,10248975,1,46.5,20.7,2026-06-25
1287,CAL,Consumer Cyclical,Apparel Retail,NYSE,709824,12.97,95.13,-6,-44,-19.64,40.7,52.4,-6.1,-8.5,-5.6,-0.7,56,62,24,24,8.0,0,0,0,0,0,0,441369247.6921234,33589744.0,0.13939999,0.085,642722,653540,0,29.5,38.4,2026-06-25
1288,ZETA,Technology,Software - Infrastructure,NYSE,9672953,18.84,95.08,-13,-53,-27.4,27.7,34.5,-6.8,-14.2,-6.0,-4.5,56,69,29,77,17.9,0,0,0,0,0,0,4710968941.815763,249257621.0,0.1371,0.499,9576201,9293046,0,48.2,27.9,2026-06-25
1289,KMX,Consumer Cyclical,Auto & Truck Dealerships,NYSE,3763527,50.79,95.06,29,32,-29.45,71.3,54.1,2.5,8.2,23.3,22.1,56,27,30,13,1.9,0,0,0,0,0,0,7614842230.68639,141909099.0,0.121400006,0.055,5192242,3641262,0,18.0,15.0,2026-06-25
1290,GOOD,Real Estate,REIT - Diversified,NASDAQ,542861,12.16,95.01,-3,-19,-17.0,16.6,40.6,-1.0,-2.6,-3.6,2.3,56,59,43,21,2.9,0,0,0,0,0,0,584272390.7373581,48406993.0,0.0535,0.118,651275,489249,0,31.5,37.2,2026-06-25
1291,VNOM,Energy,Oil & Gas Midstream,NASDAQ,1795415,43.32,94.96,-12,2,-15.27,21.5,51.0,-0.1,-2.4,-6.3,3.8,56,68,82,38,20.0,0,0,0,0,0,0,8392030620.340843,194215015.0,0.043,1.091,2180887,1734507,0,52.0,28.6,2026-06-25
1292,CHH,Consumer Cyclical,Lodging,NYSE,653550,112.04,94.93,3,-11,-17.89,31.7,52.6,-0.6,0.8,0.3,7.3,56,53,39,20,3.6,0,0,0,0,0,0,5231981695.0,45495493.0,0.35419998,0.035,685481,675328,0,28.9,32.7,2026-06-25
1293,SRE,Utilities,Utilities - Diversified,NYSE,3993075,92.73,94.88,0,24,-8.22,26.0,75.3,1.7,2.9,1.5,2.4,55,55,79,67,30.1,0,0,0,0,0,0,59284725792.65533,653707401.0,0.0178,-0.039,4708266,3772063,0,57.8,7.7,2026-06-25
1294,LOAR,Industrials,Aerospace & Defense,NYSE,712111,73.8,94.84,28,25,-16.85,43.9,69.0,9.5,14.8,22.6,12.5,55,27,24,29,4.8,0,0,0,0,0,0,6710065665.1384735,93624471.0,0.1584,0.361,779385,832953,0,21.2,11.0,2026-06-25
1295,GRMN,Technology,Scientific & Technical Instruments,NYSE,830844,240.02,94.82,-3,8,-12.18,25.8,60.1,-0.4,-0.5,-2.9,2.9,55,58,69,30,21.7,0,0,0,0,0,0,45166922856.64957,192856206.0,0.025,0.142,1014902,824694,0,44.7,22.7,2026-06-25
1296,JXN,Financial Services,Insurance - Life,NYSE,605422,106.88,94.82,-6,-2,-13.53,26.6,58.7,-1.8,-0.6,-2.6,0.5,55,61,65,76,30.2,0,0,0,0,0,0,7449260767.96875,69743104.0,0.056999996,-0.226,758636,602277,0,58.0,12.0,2026-06-25
1297,NET,Technology,Software - Infrastructure,NYSE,3863304,223.48,94.77,-20,-20,-19.27,41.5,59.1,-0.0,-4.9,2.5,9.1,55,75,75,82,28.4,0,0,0,0,0,0,79527757843.28833,354939564.0,0.031400003,0.335,3230683,4222608,0,65.1,21.9,2026-06-25
1298,ZTO,Industrials,Integrated Freight & Logistics,NYSE,1717825,21.96,94.75,-9,7,-16.18,23.5,50.4,-2.2,-2.3,-8.1,-1.2,55,64,80,67,31.3,0,0,0,0,0,0,16778095862.0,762640721.0,0.026800001,0.22,1404637,1692343,0,60.6,14.2,2026-06-25
1299,INV,Financial Services,Asset Management,NASDAQ,2514038,5.2,94.66,-34,-99,-33.84,95.5,51.0,-15.0,-16.1,-19.4,7.3,55,89,24,12,3.7,0,0,0,0,0,0,557216688.8581581,84044748.0,0.129,5.442,1608226,2481831,0,32.2,64.5,2026-06-25
1300,KVUE,Consumer Defensive,Household & Personal Products,NYSE,21387250,18.8,94.57,25,41,-17.8,34.4,55.6,3.6,6.0,7.7,9.9,55,30,46,33,4.1,0,0,0,0,0,0,34790558675.4954,1920008668.0,0.0421,0.045,19950532,19861102,0,28.3,10.8,2026-06-25
1301,PRU,Financial Services,Insurance - Life,NYSE,1888570,106.26,94.46,9,-3,-11.27,16.3,56.2,-0.6,1.8,4.9,2.8,55,46,34,62,8.6,0,0,0,0,0,0,37000543224.72916,347325107.0,0.0405,0.153,2061191,2122834,0,37.7,16.7,2026-06-25
1302,CNA,Financial Services,Insurance - Property & Casualty,NYSE,561125,46.94,94.45,20,37,-7.45,12.0,61.5,2.8,6.1,4.1,1.4,55,35,52,56,9.5,0,0,0,0,0,0,12044059164.839458,270531425.0,0.1329,0.1,735316,544671,0,38.1,6.9,2026-06-25
1303,FIVE,Consumer Cyclical,Specialty Retail,NASDAQ,1457203,187.75,94.43,-29,-20,-25.39,45.6,48.9,-3.0,-6.7,-13.3,-2.8,55,84,93,91,54.7,0,0,0,0,0,0,10730615680.061584,55295351.0,0.0452,0.325,1247149,1298885,2,80.7,12.3,2026-06-25
1304,BA,Industrials,Aerospace & Defense,NYSE,6857135,220.25,94.43,6,-4,-13.41,21.8,53.4,-1.8,-1.0,-2.7,-0.1,55,49,39,67,15.9,0,0,0,0,0,0,175570696122.60312,788302331.0,0.0007,0.14,5794796,6683267,0,42.7,13.9,2026-06-25
1305,PLAB,Technology,Semiconductor Equipment & Materials,NASDAQ,1959480,31.65,94.4,-40,-42,-43.48,75.3,39.0,2.5,3.8,-23.3,-2.8,55,95,93,90,67.6,0,0,0,0,0,0,1982949226.720024,58963698.0,0.089700006,-0.005,1476081,1493136,3,86.4,14.9,2026-06-25
1306,IEP,Energy,Oil & Gas Refining & Marketing,NASDAQ,965357,7.23,94.36,-5,-2,-25.85,0.6,1.6,-0.8,-1.7,-6.2,-8.4,55,60,63,36,4.0,0,0,0,0,0,0,4899248505.733306,672050553.0,0.1262,0.198,839591,969018,0,40.8,32.5,2026-06-25
1307,GO,Consumer Defensive,Grocery Stores,NASDAQ,3471218,9.8,94.27,43,44,-49.51,64.6,29.1,-0.1,5.0,14.2,-8.4,55,12,13,14,1.2,0,0,0,0,0,0,916023965.3616028,98922672.0,0.4096,0.036,3120814,3165754,0,10.0,4.9,2026-06-25
1308,LXU,Basic Materials,Chemicals,NYSE,857325,10.71,94.26,-32,-22,-37.8,49.3,36.3,-6.4,-10.9,-19.9,-2.2,55,87,97,67,44.0,0,0,0,0,0,0,818664064.3327475,71938845.0,0.0326,0.182,719277,1043039,1,73.8,24.5,2026-06-25
1309,AXP,Financial Services,Credit Services,NYSE,2977611,342.56,94.26,18,17,-11.6,17.2,54.2,1.9,5.6,6.9,1.4,55,37,36,77,18.1,0,0,0,0,0,0,230626337734.0,682326443.0,0.0227,0.116,3141753,3166432,0,42.0,1.6,2026-06-25
1310,HUN,Basic Materials,Chemicals,NYSE,6078171,11.32,94.22,-28,-31,-29.65,52.7,46.2,-13.0,-18.3,-19.2,-1.8,55,83,80,29,12.9,0,0,0,0,0,0,2116900203.656662,175385274.0,0.20040001,0.007,9265945,5730393,0,51.2,46.2,2026-06-25
1311,ALV,Consumer Cyclical,Auto Parts,NYSE,752177,118.9,94.14,-9,-32,-10.04,20.4,65.3,-0.5,-3.2,-0.1,1.2,54,63,40,69,14.6,0,0,0,0,0,0,8851840925.194656,74863338.0,0.0625,0.068,797652,807604,0,46.6,25.3,2026-06-25
1312,TRIP,Consumer Cyclical,Travel Services,NASDAQ,4484886,12.98,94.13,34,34,-35.62,38.5,36.0,1.7,5.3,14.1,-2.7,54,20,20,39,6.0,0,0,0,0,0,0,1509204393.0017843,116361169.0,0.3377,-0.04,5443070,3844406,0,21.2,3.2,2026-06-25
1313,PRAA,Financial Services,Credit Services,NASDAQ,880396,18.0,94.11,-7,-20,-20.18,74.5,65.7,12.3,16.2,3.8,12.5,54,61,48,54,25.2,0,0,0,0,0,0,569824850.7154465,38140888.0,0.0375,0.167,1387639,694997,0,47.0,20.6,2026-06-25
1314,PAAS,Basic Materials,Gold,NYSE,5169944,44.39,94.07,-31,-27,-36.58,66.5,43.1,-6.6,-9.6,-15.9,-9.8,54,85,89,94,59.7,0,0,0,0,0,0,20646150000.0,421350000.0,0.49,0.493,5482683,5093454,1,81.9,10.4,2026-06-25
1315,URBN,Consumer Cyclical,Apparel Retail,NASDAQ,1369698,72.32,94.07,-7,-31,-14.26,19.8,51.0,-4.0,-2.9,-1.0,1.5,54,61,37,74,11.0,0,0,0,0,0,0,6544232886.05748,85635083.0,0.1248,0.114,1220966,1264375,0,45.8,24.8,2026-06-25
1316,RDN,Financial Services,Insurance - Specialty,NYSE,1290981,36.56,94.03,3,-7,-5.87,16.8,83.4,5.0,6.9,3.9,6.6,54,51,41,60,8.9,0,0,0,0,0,0,4614239402.652023,132975196.0,0.0347,0.588,1321333,1248794,0,40.2,20.2,2026-06-25
1317,DRS,Industrials,Aerospace & Defense,NASDAQ,907142,44.69,94.02,-14,-3,-11.66,36.3,68.9,-4.2,-5.0,0.5,7.7,54,68,79,27,10.1,0,0,0,0,0,0,12292397457.41597,266762087.0,0.013099999,0.059,953767,950593,0,46.0,36.1,2026-06-25
1318,PTON,Consumer Cyclical,Leisure,NASDAQ,14291634,5.73,94.02,2,-33,-37.72,53.9,37.8,1.4,-1.8,3.7,-4.5,54,52,17,21,3.4,0,0,0,0,0,0,2498363398.9913344,432991925.0,0.157,0.011,9347434,14274106,0,23.4,34.0,2026-06-25
1319,SOLV,Healthcare,Medical Instruments & Supplies,NYSE,2096797,75.59,94.0,9,-6,-14.3,24.7,65.2,2.2,0.6,5.3,4.7,54,45,30,65,10.6,0,0,0,0,0,0,13062568579.008728,173174712.0,0.0515,-0.03,1475111,1789876,0,37.7,14.7,2026-06-25
1320,RTO,Industrials,Specialty Business Services,NYSE,915060,29.0,93.99,-17,-10,-16.35,26.7,51.9,-1.7,-2.4,-8.7,-3.4,54,71,78,78,27.8,0,0,0,0,0,0,14332502154.591358,503247977.0,0.0052,0.058,874880,945268,0,63.7,19.5,2026-06-25
1321,SO,Utilities,Utilities - Regulated Electric,NYSE,6427786,95.78,93.99,4,23,-5.02,14.1,75.6,1.9,3.2,2.6,3.6,54,50,69,40,11.8,0,0,0,0,0,0,104940455084.52008,1127301098.0,0.026400002,0.08,7913218,5817293,0,42.7,19.2,2026-06-25
1322,OCFC,Financial Services,Banks - Regional,NASDAQ,966685,18.73,93.98,-3,-13,-9.12,15.6,62.5,2.7,3.3,1.5,1.9,54,57,47,60,16.3,0,0,0,0,0,0,1038529283.6208286,57600069.0,0.0911,0.085,941606,856253,0,45.1,20.7,2026-06-25
1323,HE,Utilities,Utilities - Regulated Electric,NYSE,1802847,13.32,93.94,-1,28,-23.36,27.1,42.6,0.4,-0.2,-5.8,-1.5,54,55,84,74,30.3,0,0,0,0,0,0,2247715903.506317,172635624.0,0.12550001,0.003,1822502,1846740,0,60.8,5.6,2026-06-25
1324,HRL,Consumer Defensive,Packaged Foods,NYSE,6089189,25.55,93.89,33,49,-19.81,31.8,53.2,5.2,7.8,17.4,11.9,54,21,37,26,3.2,0,0,0,0,0,0,13295609325.4686,550314959.0,0.0861,-0.029,4043018,5551765,0,21.8,6.3,2026-06-25
1325,RGNX,Healthcare,Biotechnology,NASDAQ,2420864,9.97,93.85,42,55,-38.42,81.2,44.4,25.1,38.7,27.8,-1.0,54,12,25,92,25.8,0,0,0,0,0,0,403241453.6605387,51697621.0,0.1723,-0.928,2825213,1751516,1,38.7,-24.2,2026-06-25
1326,HPQ,Technology,Computer Hardware,NYSE,22100133,23.29,93.85,-10,-47,-21.45,25.9,42.3,-4.1,-8.4,1.0,0.4,54,64,27,24,5.0,0,0,0,0,0,0,21491283215.0,914522690.0,0.115600005,0.09,17893289,19689443,0,30.0,41.2,2026-06-25
1327,GCT,Technology,Software - Infrastructure,NASDAQ,737934,33.37,93.84,-28,-17,-35.65,67.8,39.0,-5.1,-5.5,-18.5,-14.5,54,82,93,95,69.8,0,0,0,0,0,0,1237276141.4519577,36411894.0,0.1458,0.322,679894,769000,2,85.0,2.4,2026-06-25
1328,ORC,Real Estate,REIT - Mortgage,NYSE,4728995,6.81,93.82,1,12,-18.93,6.4,21.6,2.8,2.7,0.3,-5.1,54,53,64,64,6.9,0,0,0,0,0,0,1344691475.9194698,200700226.0,0.069299996,,4874126,5448309,0,47.0,19.8,2026-06-25
1329,EVER,Communication Services,Internet Content & Information,NASDAQ,663530,21.57,93.81,19,-3,-24.92,52.1,54.6,5.8,9.3,17.1,4.4,54,35,13,74,4.4,0,0,0,0,0,0,713125279.0824661,35373278.0,0.1856,0.145,604221,919334,0,31.6,9.7,2026-06-25
1330,TTWO,Communication Services,Electronic Gaming & Multimedia,NASDAQ,2978149,235.77,93.77,14,0,-10.96,25.8,67.5,4.1,6.9,7.1,3.4,54,40,26,71,7.1,0,0,0,0,0,0,44426318895.996124,185666663.0,0.0468,0.061,3192588,2391561,0,36.0,11.7,2026-06-25
1331,EXC,Utilities,Utilities - Regulated Electric,NASDAQ,8399424,46.9,93.76,11,42,-7.4,10.5,55.7,1.2,2.3,2.2,1.8,54,43,74,55,15.6,0,0,0,0,0,0,46873166390.18255,1023208142.0,0.0463,0.079,8333052,8580012,0,46.9,8.2,2026-06-25
1332,MC,Financial Services,Capital Markets,NYSE,903903,65.15,93.75,-3,-30,-16.71,27.4,53.4,-2.8,-3.5,-1.6,-1.5,54,57,30,63,11.6,0,0,0,0,0,0,4996601065.937851,74376318.0,0.0726,0.043,1133971,999942,0,40.4,24.2,2026-06-25
1333,OMF,Financial Services,Credit Services,NYSE,1017725,58.58,93.71,14,11,-18.56,21.6,48.1,3.4,6.3,6.6,1.7,54,40,37,83,15.9,0,0,0,0,0,0,6721590822.617249,115530952.0,0.039100002,0.091,910066,1067603,0,44.0,3.8,2026-06-25
1334,GD,Industrials,Aerospace & Defense,NYSE,1194504,344.32,93.7,-4,11,-6.87,20.6,71.0,-2.6,-1.0,0.9,0.1,54,58,73,71,29.6,0,0,0,0,0,0,94653272392.7898,270430187.0,0.0108,0.103,1588914,1363680,0,57.9,10.1,2026-06-25
1335,NMZ,Financial Services,Asset Management,NYSE,701963,10.45,93.69,8,18,-2.97,5.1,57.5,0.2,0.7,1.2,-0.6,54,46,56,45,8.9,0,0,0,0,0,0,1220826152.0704603,117500107.0,0.0028,,656401,664350,0,39.0,17.8,2026-06-25
1336,SLGN,Consumer Cyclical,Packaging & Containers,NYSE,876818,44.67,93.68,33,44,-21.69,25.1,44.3,7.7,14.2,14.9,9.2,54,21,32,24,2.8,0,0,0,0,0,0,4401562081.954514,105679758.0,0.0963,0.065,915364,838098,0,20.0,7.4,2026-06-25
1337,KFY,Industrials,Staffing & Employment Services,NYSE,536098,70.63,93.65,-1,-16,-10.03,18.5,65.2,-1.1,-1.3,3.2,5.5,54,55,40,39,5.7,0,0,0,0,0,0,3707851189.515953,51887087.0,0.0505,0.073,743186,476891,0,34.9,29.4,2026-06-25
1338,WY,Real Estate,REIT - Specialty,NYSE,5556192,25.3,93.64,14,19,-8.83,20.7,76.7,4.3,5.0,6.3,6.4,54,40,45,32,6.4,0,0,0,0,0,0,17535756030.83526,721042609.0,0.0398,-0.02,6103537,5369933,0,30.9,17.9,2026-06-25
1339,BP,Energy,Oil & Gas Integrated,NYSE,8621749,37.86,93.64,-23,-11,-21.57,26.0,44.0,-6.2,-9.3,-13.9,-3.2,54,77,89,67,34.0,0,0,0,0,0,0,100684984824.86469,2575063651.0,0.004,0.116,9197507,9160197,0,66.8,22.3,2026-06-25
1340,ZM,Technology,Software - Application,NASDAQ,5085250,85.47,93.62,-20,-52,-25.51,18.8,31.1,-6.4,-13.5,-14.7,-5.0,54,74,42,64,15.4,0,0,0,0,0,0,25323534525.454742,293232218.0,0.0221,0.055,4511751,4937846,0,48.9,34.5,2026-06-25
1341,SFD,Consumer Defensive,Packaged Foods,NASDAQ,1235588,24.68,93.61,-12,3,-17.2,15.5,38.8,-3.8,-5.5,-7.7,0.9,54,66,81,54,10.3,0,0,0,0,0,0,9813323149.35953,393477263.0,0.0962,0.008,1239535,1357415,0,52.8,28.7,2026-06-25
1342,MLYS,Healthcare,Biotechnology,NASDAQ,1860370,25.77,93.56,-28,-47,-45.92,104.7,39.1,6.1,2.2,-4.2,-20.0,53,81,62,95,72.1,0,0,0,0,0,0,2171343263.78446,88158479.0,0.13949999,,1773491,1557874,1,77.5,3.6,2026-06-25
1343,FAST,Industrials,Industrial Distribution,NASDAQ,6731200,46.26,93.55,4,23,-8.63,19.8,69.1,1.8,2.3,4.3,5.8,53,49,68,40,20.2,0,0,0,0,0,0,52683328248.58501,1148035061.0,0.028299998,0.124,6846410,6833414,0,44.3,14.3,2026-06-25
1344,OXY,Energy,Oil & Gas E&P,NYSE,10595509,51.09,93.52,-24,-10,-24.26,31.6,45.0,-3.7,-7.7,-9.6,3.9,53,77,91,28,27.1,0,0,0,0,0,0,51541969902.28158,994634701.0,0.0002,-0.083,10094827,11621031,1,55.8,33.3,2026-06-25
1345,SPRY,Healthcare,Biotechnology,NASDAQ,1697802,10.54,93.51,34,33,-44.23,19.2,11.1,-17.5,-14.7,-7.7,-14.4,53,19,18,45,0.4,0,0,0,0,0,0,958276440.4188118,99303262.0,0.3704,1.845,1469458,1697597,0,20.6,4.2,2026-06-25
1346,MGY,Energy,Oil & Gas E&P,NYSE,2450356,26.92,93.48,-16,3,-17.83,28.1,53.6,0.6,-0.7,-4.3,5.2,53,69,88,34,23.2,0,0,0,0,0,0,4884474248.469189,184947909.0,0.1455,0.023,3039030,2404542,0,53.6,28.0,2026-06-25
1347,CF,Basic Materials,Agricultural Inputs,NYSE,2897071,103.09,93.31,-29,-17,-27.38,38.6,47.8,0.3,-3.3,-10.0,6.2,53,82,94,31,18.6,0,0,0,0,0,0,15813061219.703934,153629274.0,0.0731,0.194,3050545,3058443,1,56.4,40.7,2026-06-25
1348,CLM,Financial Services,Asset Management,NYSE ARCA,1688194,7.38,93.3,-3,-14,-13.48,7.6,33.8,0.3,-0.6,-1.0,-5.7,53,56,45,71,5.1,0,0,0,0,0,0,2228456438.522411,297921983.0,18.46,1.473,1900684,1675030,0,44.3,23.6,2026-06-25
1349,DUK,Utilities,Utilities - Regulated Electric,NYSE,3462101,126.53,93.29,4,28,-5.92,11.5,67.4,1.7,2.7,1.6,2.4,53,49,73,49,16.2,0,0,0,0,0,0,96560787913.44775,779596217.0,0.0223,0.113,3888694,3282094,0,46.8,14.0,2026-06-25
1350,VZ,Communication Services,Telecom Services,NYSE,23772059,45.68,93.27,-9,11,-11.61,20.0,59.1,-0.7,-1.0,-1.8,3.6,53,62,82,39,14.8,0,0,0,0,0,0,189445103286.72192,4175558910.0,0.0208,0.029,27997847,23785765,0,49.5,26.2,2026-06-25
1351,LOGI,Technology,Computer Hardware,NASDAQ,1071183,102.37,93.26,-18,-50,-21.05,17.5,36.7,-5.6,-10.0,-5.0,-2.6,53,71,39,64,21.6,0,0,0,0,0,0,15450170281.792831,143535585.0,0.102,0.074,814479,1097439,0,48.9,29.3,2026-06-25
1352,CSIQ,Technology,Solar,NASDAQ,3063183,14.98,93.22,-24,-57,-56.69,66.4,26.2,-1.1,-7.6,-5.0,-14.4,53,77,44,95,53.7,0,0,0,0,0,0,1104680137.3106651,67896749.0,0.2747,-0.099,2271259,3075307,1,67.4,11.4,2026-06-25
1353,FCPT,Real Estate,REIT - Retail,NYSE,822059,25.15,93.2,5,4,-9.86,9.3,48.3,0.8,1.2,0.2,2.0,53,48,47,31,4.5,0,0,0,0,0,0,2687757809.4104023,109749197.0,0.0431,0.069,796168,746233,0,32.6,25.2,2026-06-25
1354,SM,Energy,Oil & Gas E&P,NYSE,4011611,26.49,93.15,-32,-27,-26.17,50.9,51.9,-6.0,-12.5,-12.7,8.3,53,85,90,14,12.3,0,0,0,0,0,0,6506779598.809006,239748701.0,0.0627,0.73,4306174,4144866,1,50.3,50.1,2026-06-25
1355,MAN,Industrials,Staffing & Employment Services,NYSE,892936,32.59,93.11,22,17,-31.16,31.3,40.4,1.4,3.6,10.1,8.8,53,31,26,14,3.1,0,0,0,0,0,0,1560321288.617714,46507342.0,0.1586,0.103,891718,964645,0,18.5,17.9,2026-06-25
1356,HOMB,Financial Services,Banks - Regional,NYSE,1574024,28.73,93.11,19,28,-6.81,11.8,61.7,2.4,4.5,6.5,3.4,53,34,43,43,9.1,0,0,0,0,0,0,5569081069.116877,201413423.0,0.072,0.024,1808673,1638012,0,32.3,9.8,2026-06-25
1357,VIV,Communication Services,Telecom Services,NYSE,1037322,13.15,93.11,-3,29,-23.81,24.4,41.0,1.9,2.1,-6.9,-3.2,53,56,88,75,27.5,0,0,0,0,0,0,20116342229.645416,1597803176.0,0.015,0.074,1001826,1094989,0,61.6,7.3,2026-06-25
1358,HPK,Energy,Oil & Gas E&P,NASDAQ,837616,6.78,93.09,-12,-4,-41.5,79.3,47.1,-6.0,-7.6,0.0,13.8,53,65,73,8,1.0,0,0,0,0,0,0,907251165.029194,126358104.0,0.4335,-0.207,798500,847946,0,36.8,42.6,2026-06-25
1359,NUV,Financial Services,Asset Management,NYSE,553350,9.16,93.06,2,11,-1.08,7.9,83.7,-0.0,0.2,0.1,0.5,53,51,60,59,12.1,0,0,0,0,0,0,1901080987.6916656,207541596.0,0.0015,0.062,514340,514108,0,45.5,17.0,2026-06-25
1360,CCL,Consumer Cyclical,Travel Services,NYSE,27242437,28.91,93.02,19,21,-15.05,19.1,45.2,-3.6,-0.1,4.4,0.5,53,34,36,77,17.9,0,0,0,0,0,0,42759259904.4454,1385139577.0,0.033299997,0.061,30587551,27971270,0,41.2,-0.7,2026-06-25
1361,NVO,Healthcare,Drug Manufacturers - General,NYSE,13095578,47.41,92.99,16,-5,-33.97,35.0,33.9,5.8,7.9,9.1,-0.7,52,36,15,19,1.0,0,0,0,0,0,0,191242313077.9628,4427930520.0,0.0070999996,0.24,13017055,15463203,0,17.7,23.0,2026-06-25
1362,HESM,Energy,Oil & Gas Midstream,NYSE,1698052,37.28,92.96,-10,2,-15.54,19.3,52.1,0.8,-0.3,-1.4,4.1,52,62,74,38,7.8,0,0,0,0,0,0,4722029029.498741,128350881.0,0.074099995,0.021,1380048,2179533,0,45.5,30.7,2026-06-25
1363,ADC,Real Estate,REIT - Retail,NYSE,1215920,75.32,92.94,7,26,-8.24,8.2,49.2,1.9,2.6,0.6,1.9,52,45,64,52,9.2,0,0,0,0,0,0,8797534421.75,120102859.0,0.0001,0.187,1277420,1156136,0,42.5,14.6,2026-06-25
1364,BCAR,Financial Services,Shell Companies,NASDAQ,611284,10.53,92.92,-3,-1,-5.73,5.1,46.2,-1.8,-2.8,-1.4,2.1,52,55,57,47,,0,0,0,0,0,0,427924275.83650017,40561542.0,0.0015,,305794,667250,0,53.0,,2026-06-25
1365,MDLZ,Consumer Defensive,Confectioners,NASDAQ,8546104,61.74,92.91,4,3,-13.23,,,,,,,52,48,47,25,,0,0,0,0,0,0,77173022560.83414,1283649766.0,0.030199999,0.082,10813102,8226114,0,40.0,,2026-06-25
1366,RAAQ,Financial Services,Shell Companies,NASDAQ,534409,10.84,92.89,-13,-18,-10.41,11.0,48.6,0.8,-2.5,-3.2,1.6,52,65,60,47,10.6,0,0,0,0,0,0,240810006.1416626,23000000.0,0.0017,,1001379,439397,0,45.6,31.3,2026-06-25
1367,DCI,Industrials,Specialty Industrial Machinery,NYSE,844733,86.07,92.89,12,39,-23.72,,,,,,,52,40,67,79,,0,0,0,0,0,0,9912713120.014282,115911056.0,0.0365,0.058,912430,741244,0,62.0,,2026-06-25
1368,NYT,Communication Services,Publishing,NYSE,1731839,71.22,92.86,-15,6,-18.23,,,,,,,52,67,88,82,,0,0,0,0,0,0,11825688393.767397,161862699.0,0.0734,0.121,1969049,1950523,0,79.0,,2026-06-25
1369,TKO,Communication Services,Entertainment,NYSE,1502592,203.51,92.8,4,10,-10.32,,,,,,,52,48,54,80,,0,0,0,0,0,0,14902073947.426727,74967673.0,0.1399,0.259,2002507,1474653,0,60.7,,2026-06-25
1370,FERG,Industrials,Industrial Distribution,NYSE,1434415,236.68,92.8,11,39,-12.87,,,,,,,52,41,69,72,,0,0,0,0,0,0,46225082010.80255,193937826.0,0.0119,0.036,1407465,1417393,0,60.7,,2026-06-25
1371,BRSP,Real Estate,REIT - Mortgage,NYSE,1153525,5.53,92.79,-9,-8,-10.3,,,,,,,52,61,62,65,,0,0,0,0,0,0,721740475.1302862,130278065.0,0.040799998,0.069,1636507,1006455,0,62.7,,2026-06-25
1372,AXS,Financial Services,Insurance - Specialty,NYSE,668529,106.03,92.78,14,22,-3.91,,,,,,,52,38,46,71,,0,0,0,0,0,0,7445309446.150177,73723236.0,0.0207,0.08,789129,628671,0,51.7,,2026-06-25
1373,COP,Energy,Oil & Gas E&P,NYSE,7315535,106.92,92.75,-22,-7,-21.31,,,,,,,52,74,89,41,,0,0,0,0,0,0,131258993711.62325,1218294007.0,0.0183,-0.053,9213127,7917899,0,68.0,,2026-06-25
1374,INMD,Healthcare,Medical Devices,NASDAQ,901016,14.79,92.73,16,15,-11.65,,,,,,,52,36,35,32,,0,0,0,0,0,0,770242322.8728256,57480772.0,0.0505,0.053,866638,840011,0,34.3,,2026-06-25
1375,JFR,Financial Services,Asset Management,NYSE,668286,7.62,92.71,4,0,-11.29,,,,,,,52,48,44,43,,0,0,0,0,0,0,1228181471.17126,160967425.0,0.003,0.043,551260,657326,0,45.0,,2026-06-25
1376,PPL,Utilities,Utilities - Regulated Electric,NYSE,9668279,36.92,92.69,11,40,-7.95,,,,,,,52,41,70,52,,0,0,0,0,0,0,26618156611.156883,752350362.0,0.0608,0.108,11151548,9337897,0,54.3,,2026-06-25
1377,DOW,Basic Materials,Chemicals,NYSE,12093952,29.38,92.66,-30,-19,-31.26,,,,,,,52,82,93,25,,0,0,0,0,0,0,22869125497.810757,720741438.0,0.041199997,-0.061,14394817,12554589,1,66.7,,2026-06-25
1378,CRH,Basic Materials,Building Materials,NYSE,5178892,112.02,92.64,21,33,-14.85,,,,,,,52,31,43,79,,0,0,0,0,0,0,74330590600.41034,668200216.0,0.022,0.091,5614146,4849593,0,51.0,,2026-06-25
1379,EMN,Basic Materials,Specialty Chemicals,NYSE,1096518,70.4,92.63,-5,2,-15.66,,,,,,,52,57,64,28,,0,0,0,0,0,0,8289228356.122131,114349960.0,0.0645,-0.049,1074675,1178711,0,49.7,,2026-06-25
1380,IQV,Healthcare,Diagnostics & Research,NYSE,1712819,185.62,92.62,18,17,-24.87,,,,,,,52,34,33,77,,0,0,0,0,0,0,28000813713.07373,166900000.0,0.034,0.084,1792588,1723243,0,48.0,,2026-06-25
1381,MSCI,Financial Services,Financial Data & Stock Exchanges,NYSE,648958,577.29,92.6,-2,-17,-10.45,,,,,,,52,54,39,51,,0,0,0,0,0,0,42268549372.0376,72727592.0,0.0278,0.141,584274,647902,0,48.0,,2026-06-25
1382,BEPC,Utilities,Utilities - Renewable,NYSE,1448432,37.65,92.59,-5,16,-16.67,,,,,,,52,57,78,78,,0,0,0,0,0,0,6824718726.429337,182381589.0,5.16,-0.026,1498328,1565679,0,71.0,,2026-06-25
1383,BXP,Real Estate,REIT - Office,NYSE,1468565,64.14,92.59,17,6,-19.15,,,,,,,52,35,24,39,,0,0,0,0,0,0,10318186711.013626,159477391.0,0.094,0.006,1616446,1638003,0,32.7,,2026-06-25
1384,AGCO,Industrials,Farm & Heavy Construction Machinery,NYSE,694459,114.58,92.57,12,43,-20.31,,,,,,,51,39,70,56,,0,0,0,0,0,0,8229953443.987946,72408527.0,0.0345,0.143,758518,737777,0,55.0,,2026-06-25
1385,RPM,Basic Materials,Specialty Chemicals,NYSE,808018,109.7,92.53,21,27,-15.04,,,,,,,51,30,36,30,,0,0,0,0,0,0,13832173872.0,128075684.0,0.0376,0.089,735916,825685,0,32.0,,2026-06-25
1386,CRSP,Healthcare,Biotechnology,NASDAQ,1633377,53.55,92.45,-2,-16,-31.77,,,,,,,51,53,39,68,,0,0,0,0,0,0,5327006498.547485,98484128.0,0.2574,0.686,1512252,1744180,0,53.3,,2026-06-25
1387,EMBJ,Industrials,Aerospace & Defense,NYSE,1593167,61.67,92.45,16,28,-23.63,,,,,,,51,35,47,81,,0,0,0,0,0,0,10802065000.271358,177958235.0,0.0117999995,0.184,1353623,1611942,0,54.3,,2026-06-25
1388,ACDC,Energy,Oil & Gas Equipment & Services,NASDAQ,1466321,5.35,92.41,-38,-39,-45.27,,,,,,,51,89,88,16,,0,0,0,0,0,0,1098189001.7671056,180920753.0,0.0395,-0.251,1501614,1417944,0,64.3,,2026-06-25
1389,ORI,Financial Services,Insurance - Property & Casualty,NYSE,1464307,40.3,92.4,10,23,-13.82,,,,,,,51,41,54,76,,0,0,0,0,0,0,9423105627.88942,243554044.0,0.045,0.135,1679671,1503176,0,57.0,,2026-06-25
1390,MTN,Consumer Cyclical,Resorts & Casinos,NYSE,838840,144.24,92.39,21,27,-16.14,,,,,,,51,30,36,24,,0,0,0,0,0,0,5159021850.782043,35633526.0,0.3437,-0.07,963002,850660,0,30.0,,2026-06-25
1391,PHG,Healthcare,Medical Devices,NYSE,1197003,26.73,92.37,7,25,-20.07,,,,,,,51,44,62,61,,0,0,0,0,0,0,26029696168.30753,971982655.0,1.17,-0.047,1111871,1220592,0,55.7,,2026-06-25
1392,CVX,Energy,Oil & Gas Integrated,NYSE,9422998,171.45,92.36,-19,-1,-20.15,,,,,,,51,70,88,49,,0,0,0,0,0,0,345801123931.7583,1991597732.0,0.0116,0.023,10043205,9726821,0,69.0,,2026-06-25
1393,OEC,Basic Materials,Specialty Chemicals,NYSE,522258,6.84,92.36,-10,-40,-41.14,,,,,,,51,61,31,9,,0,0,0,0,0,0,419531551.7865844,56388649.0,0.02,-0.038,672954,506892,0,33.7,,2026-06-25
1394,STUB,Communication Services,Internet Content & Information,NYSE,7152841,11.27,92.33,33,21,-59.59,,,,,,,51,18,6,15,,0,0,0,0,0,0,4385107790.254372,375437301.0,0.080299996,0.122,7764284,5558716,0,13.0,,2026-06-25
1395,BBWI,Consumer Cyclical,Specialty Retail,NYSE,6277758,21.81,92.3,32,33,-35.78,,,,,,,51,19,20,14,,0,0,0,0,0,0,4144110747.074379,201561812.0,0.0754,-0.032,5730945,6056441,0,17.7,,2026-06-25
1396,RYAAY,Industrials,Airlines,NASDAQ,1291145,63.73,92.26,17,34,-14.16,,,,,,,51,34,51,88,,0,0,0,0,0,0,31867380857.541607,520368713.0,0.0078,0.094,925565,1413449,0,57.7,,2026-06-25
1397,BYD,Consumer Cyclical,Resorts & Casinos,NYSE,1047355,86.9,92.22,12,26,-3.4,,,,,,,51,39,53,67,,0,0,0,0,0,0,6294277632.763763,74330156.0,0.0596,0.006,922475,1057235,0,53.0,,2026-06-25
1398,ALGN,Healthcare,Medical Instruments & Supplies,NASDAQ,1042361,170.9,92.18,12,39,-17.96,,,,,,,51,39,66,46,,0,0,0,0,0,0,13040228695.296707,71618127.0,0.0738,0.062,1100454,1048116,0,50.3,,2026-06-25
1399,CRF,Financial Services,Asset Management,NYSE ARCA,1173569,7.01,92.11,-6,-19,-15.03,,,,,,,51,57,44,68,,0,0,0,0,0,0,1158106300.443995,162199765.0,0.097799994,12.282,1216727,1127457,0,56.3,,2026-06-25
1400,PNFP,Financial Services,Banks - Regional,NYSE,1249983,97.02,92.1,1,-20,-19.46,,,,,,,51,50,29,36,,0,0,0,0,0,0,14524387184.467257,151106812.0,0.0346,1.564,1622320,1321164,0,38.3,,2026-06-25
1401,PG,Consumer Defensive,Household & Personal Products,NYSE,8739529,152.04,92.08,22,36,-9.09,,,,,,,51,29,43,31,,0,0,0,0,0,0,350174725681.7522,2328598978.0,0.0117,0.074,8902647,8757117,0,34.3,,2026-06-25
1402,BMNR,Financial Services,Capital Markets,NYSE,37674063,14.02,92.03,-8,28,-91.29,,,,,,,50,58,94,93,,0,0,0,0,0,0,9192969511.0179,569576819.0,0.0466,6.278,37329451,37939148,2,81.7,,2026-06-25
1403,MLM,Basic Materials,Building Materials,NYSE,562339,616.62,92.03,21,41,-13.27,,,,,,,50,29,49,70,,0,0,0,0,0,0,36575158314.80713,60045900.0,0.0421,0.172,548148,533071,0,49.3,,2026-06-25
1404,PRA,Financial Services,Insurance - Property & Casualty,NYSE,1083789,25.0,92.01,2,17,0.6,,,,,,,50,48,63,69,,0,0,0,0,0,0,1272130426.2132149,51607726.0,0.24049999,-0.049,1047178,1009957,0,60.0,,2026-06-25
1405,SUPV,Financial Services,Banks - Regional,NYSE,945117,9.35,91.97,30,42,-31.0,,,,,,,50,20,32,91,,0,0,0,0,0,0,1069551552.6157522,93985197.0,0.0622,0.011,1135293,875996,1,47.7,,2026-06-25
1406,ECL,Basic Materials,Specialty Chemicals,NYSE,1847864,276.29,91.95,21,43,-10.66,,,,,,,50,29,51,50,,0,0,0,0,0,0,75740459164.03345,281437502.0,0.014400001,0.1,1873764,1688310,0,43.3,,2026-06-25
1407,WAL,Financial Services,Banks - Regional,NYSE,1097947,80.29,91.92,13,6,-17.42,,,,,,,50,37,30,53,,0,0,0,0,0,0,8725002517.44873,109185360.0,0.0014,0.079,1082442,1072940,0,40.0,,2026-06-25
1408,RYN,Real Estate,REIT - Specialty,NYSE,2762616,21.68,91.9,17,22,-20.7,,,,,,,50,33,38,30,,0,0,0,0,0,0,6309676600.868847,300747223.0,0.0388,2.338,2778009,2535629,0,33.7,,2026-06-25
1409,AVB,Real Estate,REIT - Residential,NYSE,1204267,183.6,91.9,3,-13,-12.51,,,,,,,50,47,31,32,,0,0,0,0,0,0,25156756314.182068,141872069.0,0.035,0.025,1301613,1120884,0,36.7,,2026-06-25
1410,UMH,Real Estate,REIT - Residential,NYSE,655335,15.33,91.89,9,6,-12.1,,,,,,,50,41,38,42,,0,0,0,0,0,0,1282602932.4371576,85166195.0,0.0,0.076,543957,669973,0,40.3,,2026-06-25
1411,SMCI,Technology,Computer Hardware,NASDAQ,61607473,32.45,91.85,2,-32,-47.96,,,,,,,50,48,14,15,,0,0,0,0,0,0,19833126909.11501,646873027.0,0.16549999,1.227,100380539,52368097,0,25.7,,2026-06-25
1412,PVH,Consumer Cyclical,Apparel Manufacturing,NYSE,1233249,72.71,91.75,-27,-61,-27.83,,,,,,,50,77,43,22,,0,0,0,0,0,0,3553550636.368927,46108092.0,0.1313,0.021,970147,1173271,0,47.3,,2026-06-25
1413,HAS,Consumer Cyclical,Leisure,NASDAQ,2191080,83.28,91.73,-6,19,-22.15,,,,,,,50,56,81,78,,0,0,0,0,0,0,11989920937.823273,141490692.0,0.0747,0.127,2027422,2010060,0,71.7,,2026-06-25
1414,BAX,Healthcare,Medical Instruments & Supplies,NYSE,6806272,21.04,91.73,24,17,-33.75,,,,,,,50,26,19,15,,0,0,0,0,0,0,10272568253.892334,516469008.0,0.1296,0.029,7291786,7285749,0,20.0,,2026-06-25
1415,PDO,Financial Services,Asset Management,NYSE,674805,12.95,91.72,9,13,-9.12,,,,,,,50,41,45,62,,0,0,0,0,0,0,1848037803.1277504,142485564.0,0.14,,681337,638053,0,49.3,,2026-06-25
1416,ELS,Real Estate,REIT - Residential,NYSE,1556211,63.3,91.71,11,32,-8.26,,,,,,,50,39,60,40,,0,0,0,0,0,0,12060976154.7373,193937553.0,0.048899997,0.012,1529274,1500754,0,46.3,,2026-06-25
1417,ITW,Industrials,Specialty Industrial Machinery,NYSE,1422271,263.68,91.69,16,44,-13.02,,,,,,,50,34,62,41,,0,0,0,0,0,0,75978691946.41113,287700000.0,0.0336,0.046,1522444,1387310,0,45.7,,2026-06-25
1418,INHD,Basic Materials,Steel,NASDAQ,9366986,39.49,91.63,50,53,-99.48,,,,,,,50,0,3,0,,0,0,0,0,0,0,178522371.6078415,4520698.0,0.0324,0.949,0,6646902,0,1.0,,2026-06-25
1419,SBRA,Real Estate,REIT - Healthcare Facilities,NASDAQ,2956950,19.09,91.56,-14,-6,-10.29,,,,,,,49,63,71,66,,0,0,0,0,0,0,4569684733.046351,252190095.0,0.1603,0.217,3497321,2682002,0,66.7,,2026-06-25
1420,MAA,Real Estate,REIT - Residential,NYSE,972152,134.42,91.53,14,12,-12.67,,,,,,,49,35,33,37,,0,0,0,0,0,0,15420986265.0,116384802.0,0.0322,0.008,1041837,982701,0,35.0,,2026-06-25
1421,SONO,Technology,Consumer Electronics,NASDAQ,1714916,14.07,91.46,-22,-55,-29.01,,,,,,,49,71,38,83,,0,0,0,0,0,0,1748808926.6351852,119128671.0,0.1088,0.084,2172578,1669895,0,64.0,,2026-06-25
1422,ASO,Consumer Cyclical,Specialty Retail,NASDAQ,1632255,51.21,91.46,-9,3,-17.99,,,,,,,49,58,70,38,,0,0,0,0,0,0,3213791966.293495,62018371.0,0.1551,0.067,1641325,1415543,0,55.3,,2026-06-25
1423,IRT,Real Estate,REIT - Residential,NYSE,2962454,16.51,91.45,10,3,-9.19,,,,,,,49,39,32,42,,0,0,0,0,0,0,3729006197.305588,235714682.0,0.0573,0.023,3207194,2705472,0,37.7,,2026-06-25
1424,MRP,Real Estate,REIT - Residential,NYSE,1800851,29.4,91.41,16,36,-18.33,,,,,,,49,33,53,68,,0,0,0,0,0,0,4715761063.457743,166047927.0,0.0395,1.357,2213185,1659843,0,51.3,,2026-06-25
1425,MNTS,Industrials,Aerospace & Defense,NASDAQ,9550400,7.8,91.38,-44,-133,-82.1,,,,,,,49,93,4,1,,0,0,0,0,0,0,194950692.4352932,18835815.0,0.20709999,8.984,6834352,7173914,1,32.7,,2026-06-25
1426,ACIW,Technology,Software - Infrastructure,NASDAQ,854562,46.39,91.28,16,11,-14.54,,,,,,,49,33,28,33,,0,0,0,0,0,0,4482258636.812325,101661570.0,0.060500003,0.079,1075876,833277,0,31.3,,2026-06-25
1427,RES,Energy,Oil & Gas Equipment & Services,NYSE,1629621,5.72,91.24,-34,-28,-29.9,,,,,,,49,83,89,61,,0,0,0,0,0,0,1458377595.3903675,221637935.0,0.2666,0.366,1976194,1987258,0,77.7,,2026-06-25
1428,GILD,Healthcare,Drug Manufacturers - General,NASDAQ,7957307,125.16,91.22,-8,12,-20.43,,,,,,,49,57,77,73,,0,0,0,0,0,0,153656690258.5194,1241569874.0,0.0207,0.044,8547003,7209842,0,69.0,,2026-06-25
1429,DEI,Real Estate,REIT - Office,NYSE,2537761,11.49,91.17,10,-9,-32.37,,,,,,,49,39,20,15,,0,0,0,0,0,0,1961252482.959056,167485267.0,0.2629,-0.002,1913015,2573525,0,24.7,,2026-06-25
1430,SYY,Consumer Defensive,Food Distribution,NYSE,3453750,80.59,91.16,15,52,-12.26,,,,,,,48,33,70,36,,0,0,0,0,0,0,37632969790.30249,478182608.0,0.0388,0.047,3750271,3976894,0,46.3,,2026-06-25
1431,WRB,Financial Services,Insurance - Property & Casualty,NYSE,2303214,70.05,91.16,16,24,-11.28,,,,,,,48,32,40,55,,0,0,0,0,0,0,25009550969.369843,372276732.0,0.0001,0.04,2263882,2246648,0,42.3,,2026-06-25
1432,CDE,Basic Materials,Gold,NYSE,32417863,15.47,91.15,-33,-24,-44.29,,,,,,,48,81,90,96,,0,0,0,0,0,0,18044660223.88064,1030534551.0,0.039,1.378,51440789,27070513,2,89.0,,2026-06-25
1433,BMRN,Healthcare,Biotechnology,NASDAQ,2322075,57.33,91.15,20,30,-13.5,,,,,,,48,28,38,41,,0,0,0,0,0,0,10570725648.784218,193284438.0,0.0602,0.028,1954055,2115309,0,35.7,,2026-06-25
1434,CRGY,Energy,Oil & Gas E&P,NYSE,6568775,10.17,91.13,-34,-25,-28.83,,,,,,,48,82,91,25,,0,0,0,0,0,0,3447826857.740902,330251628.0,0.1287,0.245,6427835,6738353,1,66.0,,2026-06-25
1435,ATMU,Consumer Cyclical,Auto Parts,NYSE,868774,50.69,90.98,0,37,-23.77,,,,,,,48,48,85,83,,0,0,0,0,0,0,4229815120.893341,81672428.0,0.0436,0.146,952272,1040180,0,72.0,,2026-06-25
1436,SNPS,Technology,Software - Infrastructure,NASDAQ,2043903,463.93,90.97,-18,-57,-28.82,,,,,,,48,66,27,40,,0,0,0,0,0,0,87220749200.66528,191479325.0,0.0296,0.419,2085301,1900768,0,44.3,,2026-06-25
1437,ATO,Utilities,Utilities - Regulated Gas,NYSE,1772274,172.59,90.91,-5,18,-10.35,,,,,,,48,53,76,65,,0,0,0,0,0,0,28394731022.29977,166919822.0,0.0232,0.006,1483794,1393356,0,64.7,,2026-06-25
1438,TMO,Healthcare,Diagnostics & Research,NYSE,2361477,492.2,90.89,18,32,-23.57,,,,,,,48,30,44,75,,0,0,0,0,0,0,172659043409.9762,371621465.0,0.0126,0.062,1990563,2363792,0,49.7,,2026-06-25
1439,WFC,Financial Services,Banks - Diversified,NYSE,16086237,84.3,90.85,13,19,-13.77,,,,,,,48,35,41,79,,0,0,0,0,0,0,251547567067.8428,3060189494.0,0.0,0.057,15506842,17272988,0,51.7,,2026-06-25
1440,APD,Basic Materials,Specialty Chemicals,NYSE,1322334,278.73,90.85,-8,8,-9.49,,,,,,,48,56,72,29,,0,0,0,0,0,0,62397353121.270935,222680686.0,0.0143,0.088,1611953,1191288,0,52.3,,2026-06-25
1441,PIPR,Financial Services,Capital Markets,NYSE,535842,79.08,90.78,-12,-27,-16.81,,,,,,,48,60,45,72,,0,0,0,0,0,0,5527833898.429947,67577429.0,0.0494,0.328,480948,586735,0,59.0,,2026-06-25
1442,ACGL,Financial Services,Insurance - Diversified,NASDAQ,2572244,94.92,90.74,6,15,-8.19,,,,,,,48,42,51,59,,0,0,0,0,0,0,31857342740.46524,349389588.0,0.0295,-0.033,2471804,2470542,0,50.7,,2026-06-25
1443,DECK,Consumer Cyclical,Footwear & Accessories,NYSE,2221450,105.7,90.73,-5,-22,-16.44,,,,,,,48,53,36,30,,0,0,0,0,0,0,15153301303.03621,138880957.0,0.049200002,0.096,1997142,1996942,0,39.7,,2026-06-25
1444,FMS,Healthcare,Medical Care Facilities,NYSE,791022,23.85,90.68,17,22,-17.39,,,,,,,47,30,35,34,,0,0,0,0,0,0,12670879325.35942,537129260.0,2.4,-0.055,527907,788933,0,33.0,,2026-06-25
1445,GLPI,Real Estate,REIT - Specialty,NASDAQ,2172463,45.37,90.66,-9,-17,-9.17,,,,,,,47,56,48,38,,0,0,0,0,0,0,12628861933.406223,283221841.0,0.061,0.063,2261959,2047369,0,47.3,,2026-06-25
1446,AMCR,Consumer Cyclical,Packaging & Containers,NYSE,3744470,41.71,90.63,22,35,-18.12,,,,,,,47,25,38,34,,0,0,0,0,0,0,18993161791.780243,462345690.0,0.072399996,0.774,3645100,4016454,0,32.3,,2026-06-25
1447,JPC,Financial Services,Asset Management,NYSE,943277,7.76,90.58,-3,-5,-6.51,,,,,,,47,50,48,60,,0,0,0,0,0,0,2934271263.131897,375226496.0,0.0069999998,,851031,895350,0,52.7,,2026-06-25
1448,DG,Consumer Defensive,Discount Stores,NYSE,4079849,119.17,90.55,21,60,-24.69,,,,,,,47,26,65,89,,0,0,0,0,0,0,25025554428.972977,220586647.0,0.045500003,0.034,3363048,3616401,0,60.0,,2026-06-25
1449,OPRT,Financial Services,Credit Services,NASDAQ,559230,5.66,90.55,11,-2,-28.94,,,,,,,47,36,23,38,,0,0,0,0,0,0,236010874.9008522,45738543.0,0.0325,0.013,493330,506872,0,32.3,,2026-06-25
1450,EL,Consumer Defensive,Household & Personal Products,NYSE,3898446,83.27,90.5,11,1,-31.54,,,,,,,47,36,26,85,,0,0,0,0,0,0,30683825857.861637,361794915.0,0.0345,0.046,3850158,3786223,0,49.0,,2026-06-25
1451,PEG,Utilities,Utilities - Regulated Electric,NYSE,3024549,81.95,90.44,9,25,-10.2,,,,,,,47,38,54,42,,0,0,0,0,0,0,39810896501.62875,498321402.0,0.0235,0.194,2952298,2874523,0,44.7,,2026-06-25
1452,LFVN,Consumer Defensive,Packaged Foods,NASDAQ,685339,6.23,90.34,-4,-46,-58.47,,,,,,,47,51,9,8,,0,0,0,0,0,0,80867417.09497833,12615822.0,0.3552,-0.252,639647,523237,0,22.7,,2026-06-25
1453,PPTA,Basic Materials,Other Precious Metals & Mining,NASDAQ,2028513,21.12,90.34,-28,-11,-43.48,,,,,,,47,75,92,93,,0,0,0,0,0,0,3042298274.784188,125094503.0,0.117,,2470741,1744990,2,86.7,,2026-06-25
1454,EXK,Basic Materials,Silver,NYSE,7192586,7.71,90.29,-38,-36,-49.11,,,,,,,46,84,86,95,,0,0,0,0,0,0,2549152283.572844,296068802.0,2.63,2.302,8002139,7571583,1,88.3,,2026-06-25
1455,WPM,Basic Materials,Gold,NYSE,2117829,112.79,90.23,-23,-10,-31.96,,,,,,,46,69,82,88,,0,0,0,0,0,0,55662112020.14202,454125089.0,1.69,0.916,2812308,2207681,0,79.7,,2026-06-25
1456,CWST,Industrials,Waste Management,NASDAQ,641136,91.24,90.22,18,12,-22.95,,,,,,,46,28,22,41,,0,0,0,0,0,0,5532792881.714348,63609941.0,0.0975,0.096,719638,728605,0,30.3,,2026-06-25
1457,RDY,Healthcare,Drug Manufacturers - Specialty & Generic,NYSE,2254627,14.66,90.2,12,22,-6.68,,,,,,,46,34,44,40,,0,0,0,0,0,0,11066718858.484629,832710225.0,0.0326,-0.116,2261662,2463794,0,39.3,,2026-06-25
1458,COST,Consumer Defensive,Discount Stores,NASDAQ,2384580,961.09,90.17,-5,12,-12.35,,,,,,,46,51,68,32,,0,0,0,0,0,0,421947913479.3596,443478804.0,0.0178,0.215,2089860,2141486,0,50.3,,2026-06-25
1459,OXM,Consumer Cyclical,Apparel Manufacturing,NYSE,525314,35.82,90.14,-18,-46,-30.59,,,,,,,46,64,36,15,,0,0,0,0,0,0,543336606.3668823,14930932.0,0.3319,-0.004,884073,424296,0,38.3,,2026-06-25
1460,OIS,Energy,Oil & Gas Equipment & Services,NYSE,861521,7.67,90.13,-32,-14,-47.1,,,,,,,46,78,96,79,,0,0,0,0,0,0,478537637.7690172,60193415.0,0.0322,-0.091,792245,851737,1,84.3,,2026-06-25
1461,RCI,Communication Services,Telecom Services,NYSE,1110071,35.48,90.12,-11,11,-13.76,,,,,,,46,57,79,79,,0,0,0,0,0,0,20296263529.59633,540225278.0,13.14,0.102,1040935,1177245,0,71.7,,2026-06-25
1462,SLDE,Financial Services,Insurance - Property & Casualty,NASDAQ,1123879,18.31,90.1,-11,-24,-21.85,,,,,,,45,56,43,66,,0,0,0,0,0,0,1899392289.9398232,114559246.0,0.0926,0.382,1053537,1368387,0,55.0,,2026-06-25
1463,FIVN,Technology,Software - Infrastructure,NASDAQ,3230851,19.48,90.09,-15,-61,-34.43,,,,,,,45,60,14,17,,0,0,0,0,0,0,1484958582.3082125,76563988.0,0.120900005,0.092,2689315,3419249,0,30.3,,2026-06-25
1464,AMRZ,Basic Materials,Building Materials,NYSE,3313444,54.53,90.07,12,41,-17.3,,,,,,,45,33,62,65,,0,0,0,0,0,0,30638250463.520164,553536609.0,0.013300001,0.047,2999503,3142094,0,53.3,,2026-06-25
1465,VET,Energy,Oil & Gas E&P,NYSE,1491731,9.42,90.03,-39,-28,-36.44,,,,,,,45,84,95,55,,0,0,0,0,0,0,1505955988.3117676,153200000.0,7.92,0.099,1563465,1525847,1,78.0,,2026-06-25
1466,SMA,Real Estate,REIT - Industrial,NYSE,649241,32.85,90.02,13,20,-17.4,,,,,,,45,32,39,29,,0,0,0,0,0,0,1809337857.4961472,55365295.0,0.0911,0.131,619203,655736,0,33.3,,2026-06-25
1467,ESNT,Financial Services,Insurance - Specialty,NYSE,825605,61.7,89.92,4,3,-8.03,,,,,,,45,41,40,67,,0,0,0,0,0,0,5386334737.307053,92152860.0,0.035099998,0.058,899236,773821,0,49.3,,2026-06-25
1468,AQN,Utilities,Utilities - Diversified,NYSE,4684155,5.98,89.92,6,36,-15.89,,,,,,,45,39,69,75,,0,0,0,0,0,0,4533329951.398563,769665544.0,1.89,0.144,3849307,4181471,0,61.0,,2026-06-25
1469,UPBD,Technology,Software - Application,NASDAQ,832276,19.59,89.9,18,25,-30.11,,,,,,,45,27,34,17,,0,0,0,0,0,0,1067941042.5301666,58293726.0,0.1248,0.037,979269,851575,0,26.0,,2026-06-25
1470,TSN,Consumer Defensive,Farm Products,NYSE,3567962,57.81,89.85,-22,-14,-16.8,,,,,,,44,66,74,58,,0,0,0,0,0,0,19529096312.535904,352129402.0,0.0353,0.044,3802647,3297383,0,66.0,,2026-06-25
1471,VOYG,Industrials,Aerospace & Defense,NYSE,3032052,30.36,89.8,-45,-115,-42.06,,,,,,,44,89,19,14,,0,0,0,0,0,0,2226478844.704628,59262147.0,0.1864,0.021,3408596,2480541,0,40.7,,2026-06-25
1472,CUB,Financial Services,Shell Companies,NASDAQ,666606,10.79,89.77,-3,9,-3.88,,,,,,,44,47,59,52,,0,0,0,0,0,0,333653340.4695215,30666667.0,0.0508,,1170359,404393,0,52.7,,2026-06-25
1473,PGR,Financial Services,Insurance - Property & Casualty,NYSE,3437947,220.5,89.77,16,21,-17.7,,,,,,,44,28,33,31,,0,0,0,0,0,0,119275311157.22656,582200000.0,0.012200001,0.087,3828243,3126154,0,30.7,,2026-06-25
1474,NEXT,Energy,Oil & Gas Equipment & Services,NASDAQ,3010944,7.16,89.72,-35,-33,-40.92,,,,,,,44,79,81,17,,0,0,0,0,0,0,1947698429.1782997,264992987.0,0.1438,,3667642,3164636,0,59.0,,2026-06-25
1475,MWA,Industrials,Specialty Industrial Machinery,NYSE,1238815,26.23,89.72,8,41,-15.39,,,,,,,44,36,69,41,,0,0,0,0,0,0,4088589162.9542446,156471079.0,0.0318,0.055,1224437,1299999,0,48.7,,2026-06-25
1476,V,Financial Services,Credit Services,NYSE,8296676,332.23,89.71,5,-2,-7.63,,,,,,,44,39,32,54,,0,0,0,0,0,0,622326622540.2832,1901743800.0,0.0128999995,0.171,8918960,7936334,0,41.7,,2026-06-25
1477,SUPN,Healthcare,Drug Manufacturers - Specialty & Generic,NASDAQ,609152,45.14,89.69,-11,15,-24.36,,,,,,,44,55,81,83,,0,0,0,0,0,0,2575802879.97311,58039721.0,0.114700004,0.386,675666,661519,0,73.0,,2026-06-25
1478,GILT,Technology,Communication Equipment,NASDAQ,1102608,12.08,89.69,-49,-48,-42.28,,,,,,,44,93,94,91,,0,0,0,0,0,0,995461772.45113,75470948.0,0.0239,0.2,926884,924210,3,92.7,,2026-06-25
1479,GSBD,Financial Services,Asset Management,NYSE,1035571,9.36,89.65,9,14,-22.18,,,,,,,44,35,40,33,,0,0,0,0,0,0,1048018061.0058604,112569067.0,0.060100004,-0.187,918773,1208670,0,36.0,,2026-06-25
1480,SHEL,Energy,Oil & Gas Integrated,NYSE,6879734,77.7,89.6,-25,-9,-18.12,,,,,,,43,68,84,62,,0,0,0,0,0,0,218461816985.92627,2772006392.0,0.0189,0.007,6743122,7549822,0,71.3,,2026-06-25
1481,QLYS,Technology,Software - Infrastructure,NASDAQ,707105,115.34,89.59,15,2,-25.81,,,,,,,43,28,15,43,,0,0,0,0,0,0,3919652986.573776,35217007.0,0.16229999,0.098,722366,796011,0,28.7,,2026-06-25
1482,YUM,Consumer Cyclical,Restaurants,NYSE,2182578,153.02,89.51,1,16,-9.66,,,,,,,43,42,57,52,,0,0,0,0,0,0,41891668006.01248,275621202.0,0.0298,0.152,2354015,2010057,0,50.3,,2026-06-25
1483,SHW,Basic Materials,Specialty Chemicals,NYSE,2481930,333.13,89.45,16,32,-12.25,,,,,,,43,27,43,35,,0,0,0,0,0,0,79118242968.07211,246635621.0,0.025899999,0.068,2710371,2183844,0,35.0,,2026-06-25
1484,TXNM,Utilities,Utilities - Regulated Electric,NYSE,1645621,57.47,89.43,-8,4,-3.46,,,,,,,43,51,63,67,,0,0,0,0,0,0,6316956236.453281,110707257.0,0.0705,0.046,1944963,1550878,0,60.3,,2026-06-25
1485,GAB,Financial Services,Asset Management,NYSE,1203977,5.54,89.42,3,14,-12.16,,,,,,,43,40,51,70,,0,0,0,0,0,0,1708469822.7527275,311196702.0,0.01,0.194,1273952,1218910,0,53.7,,2026-06-25
1486,XPRO,Energy,Oil & Gas Equipment & Services,NYSE,1094143,13.09,89.4,-34,-19,-30.11,,,,,,,43,77,92,78,,0,0,0,0,0,0,1567133708.0742643,113396074.0,0.0765,-0.06,1143869,1113135,1,82.3,,2026-06-25
1487,SATA,Financial Services,Asset Management,NASDAQ,660265,88.56,89.34,-25,-19,-12.62,,,,,,,43,68,74,65,,0,0,0,0,0,0,,,1.43,0.882,721657,475569,0,69.0,,2026-06-25
1488,BN,Financial Services,Asset Management,NYSE,4486250,42.93,89.32,-13,-30,-13.4,,,,,,,43,56,39,70,,0,0,0,0,0,0,99260988063.02316,2233595660.0,3.29,0.079,3956731,4948782,0,55.0,,2026-06-25
1489,CRC,Energy,Oil & Gas E&P,NYSE,760160,53.42,89.25,-33,-18,-25.78,,,,,,,43,76,91,32,,0,0,0,0,0,0,4910357957.554867,88794901.0,0.053000003,0.067,857620,796910,1,66.3,,2026-06-25
1490,EPRT,Real Estate,REIT - Retail,NYSE,1805690,30.43,89.25,3,19,-12.38,,,,,,,43,40,56,40,,0,0,0,0,0,0,6348981370.7860565,216245955.0,0.0983,0.228,1861440,1980634,0,45.3,,2026-06-25
1491,HNRG,Utilities,Utilities - Independent Power Producers,NASDAQ,803100,17.7,89.23,-12,-2,-28.34,,,,,,,42,54,64,81,,0,0,0,0,0,0,916686160.3576356,47130392.0,0.066199996,-0.135,866442,965536,0,66.3,,2026-06-25
1492,PEP,Consumer Defensive,Beverages - Non-Alcoholic,NASDAQ,8741306,142.27,89.22,4,37,-17.03,,,,,,,42,38,71,49,,0,0,0,0,0,0,194132961831.52188,1366940966.0,0.020399999,0.085,9945260,7653288,0,52.7,,2026-06-25
1493,EGO,Basic Materials,Gold,NYSE,2840492,29.74,89.22,-24,-4,-41.87,,,,,,,42,66,86,93,,0,0,0,0,0,0,8610712287.72686,260535930.0,1.98,0.499,3693367,3517649,1,81.7,,2026-06-25
1494,FNV,Basic Materials,Gold,NYSE,968503,209.76,89.2,-19,2,-26.57,,,,,,,42,61,82,79,,0,0,0,0,0,0,42285502448.41293,192855530.0,3.46,0.777,1281371,861910,0,74.0,,2026-06-25
1495,BCE,Communication Services,Telecom Services,NYSE,3812826,23.2,89.18,-12,9,-12.52,,,,,,,42,54,75,59,,0,0,0,0,0,0,21709201660.07466,932525817.0,6.99,0.04,3687430,3440172,0,62.7,,2026-06-25
1496,LADR,Real Estate,REIT - Mortgage,NYSE,850946,10.23,89.12,1,-3,-14.18,,,,,,,42,41,37,57,,0,0,0,0,0,0,1302214432.4492457,127668084.0,0.0233,0.017,965199,785299,0,45.0,,2026-06-25
1497,KMB,Consumer Defensive,Household & Personal Products,NASDAQ,4639812,106.73,89.04,17,26,-22.36,,,,,,,42,25,34,21,,0,0,0,0,0,0,34042329749.63379,331926000.0,0.1486,0.027,4639568,4560337,0,26.7,,2026-06-25
1498,LW,Consumer Defensive,Packaged Foods,NYSE,1501214,45.7,88.98,20,32,-31.86,,,,,,,42,22,34,16,,0,0,0,0,0,0,6221560692.79414,138072803.0,0.0581,0.029,1340262,1512938,0,24.0,,2026-06-25
1499,SDGR,Healthcare,Health Information Services,NASDAQ,1275897,15.33,88.97,17,4,-35.45,,,,,,,42,25,12,27,,0,0,0,0,0,0,1177598627.3422165,74720724.0,0.2489,-0.016,1108392,1437636,0,21.3,,2026-06-25
1500,MTDR,Energy,Oil & Gas E&P,NYSE,1748819,50.09,88.9,-30,-12,-25.06,,,,,,,41,71,89,29,,0,0,0,0,0,0,6154273100.652843,124178227.0,0.1001,-0.064,1863288,1737311,0,63.0,,2026-06-25
1501,WM,Industrials,Waste Management,NYSE,2288688,223.26,88.89,7,30,-10.02,,,,,,,41,34,57,49,,0,0,0,0,0,0,86178158830.22388,401575752.0,0.0143,0.035,2357644,2192718,0,46.7,,2026-06-25
1502,WMG,Communication Services,Entertainment,NASDAQ,2480847,26.93,88.86,-33,-80,-23.97,,,,,,,41,74,27,38,,0,0,0,0,0,0,14693909463.556108,521615528.0,0.0834,0.167,1819681,2451158,0,46.3,,2026-06-25
1503,HIG,Financial Services,Insurance - Diversified,NYSE,1897645,132.32,88.83,-1,15,-8.43,,,,,,,41,42,58,70,,0,0,0,0,0,0,35157277665.0,274130820.0,0.00029999999,0.061,1905476,1747621,0,56.7,,2026-06-25
1504,LH,Healthcare,Diagnostics & Research,NYSE,586372,265.18,88.82,6,34,-9.72,,,,,,,41,35,63,44,,0,0,0,0,0,0,20977240600.585938,82000000.0,0.0419,0.058,619907,653395,0,47.3,,2026-06-25
1505,VNDA,Healthcare,Biotechnology,NASDAQ,973765,5.9,88.78,-22,-2,-40.64,,,,,,,41,63,83,88,,0,0,0,0,0,0,348786271.0699482,60135562.0,0.1189,0.034,1011186,1065021,0,78.0,,2026-06-25
1506,NMIH,Financial Services,Insurance - Specialty,NASDAQ,550619,39.45,88.75,7,13,-8.68,,,,,,,41,34,40,63,,0,0,0,0,0,0,2847426439.902828,75971891.0,0.0292,0.059,534119,542887,0,45.7,,2026-06-25
1507,DBX,Technology,Software - Infrastructure,NASDAQ,4061086,26.33,88.7,3,-9,-18.73,,,,,,,41,38,26,37,,0,0,0,0,0,0,6058817694.335157,233300649.0,0.26790002,0.008,4428809,3985067,0,33.7,,2026-06-25
1508,OCUL,Healthcare,Biotechnology,NASDAQ,2944936,9.85,88.69,17,15,-40.09,,,,,,,41,24,22,86,,0,0,0,0,0,0,2064796242.7613983,218960358.0,0.1353,0.008,3703139,2929183,0,44.0,,2026-06-25
1509,DOLE,Consumer Defensive,Farm Products,NYSE,1215370,14.19,88.67,4,30,-14.36,,,,,,,41,37,63,64,,0,0,0,0,0,0,1332225300.0,95158950.0,0.038,0.116,937380,1063222,0,54.7,,2026-06-25
1510,HTHT,Consumer Cyclical,Lodging,NASDAQ,2456928,41.77,88.67,-8,24,-26.25,,,,,,,41,49,81,84,,0,0,0,0,0,0,13072837029.52148,307523819.0,0.0383,0.111,2159885,2246177,0,71.3,,2026-06-25
1511,XPOF,Consumer Cyclical,Leisure,NYSE,666073,7.03,88.6,25,29,-36.89,,,,,,,41,16,20,44,,0,0,0,0,0,0,286019906.80503845,41877000.0,0.3711,-0.21,565941,579620,0,26.7,,2026-06-25
1512,TXT,Industrials,Aerospace & Defense,NYSE,1399011,86.54,88.54,-19,-15,-14.8,,,,,,,41,60,64,66,,0,0,0,0,0,0,15557847342.336824,173888981.0,0.0315,0.118,1699905,1404749,0,63.3,,2026-06-25
1513,KHC,Consumer Defensive,Packaged Foods,NASDAQ,14271035,22.94,88.53,6,7,-21.41,,,,,,,41,35,36,30,,0,0,0,0,0,0,27059445337.289383,1185777638.0,0.1026,0.008,13308477,14263945,0,33.7,,2026-06-25
1514,OGS,Utilities,Utilities - Regulated Gas,NYSE,709897,78.07,88.47,-9,16,-14.0,,,,,,,41,50,75,58,,0,0,0,0,0,0,4817652167.155235,62762533.0,0.059699997,-0.111,758853,608230,0,61.0,,2026-06-25
1515,AHCO,Healthcare,Medical Devices,NASDAQ,1365442,10.03,88.45,-22,-11,-25.32,,,,,,,41,63,74,59,,0,0,0,0,0,0,1312922514.8994598,136054152.0,0.0732,0.054,1568897,1450025,0,65.3,,2026-06-25
1516,RJF,Financial Services,Asset Management,NYSE,1446782,154.79,88.44,3,2,-12.87,,,,,,,41,38,37,56,,0,0,0,0,0,0,30374469798.187164,194883034.0,0.060399998,0.131,1570676,1455803,0,43.7,,2026-06-25
1517,BDX,Healthcare,Medical Instruments & Supplies,NYSE,2741281,147.77,88.43,8,36,-21.13,,,,,,,41,33,61,41,,0,0,0,0,0,0,39672309502.22429,275540427.0,0.0298,0.052,2588205,2966089,0,45.0,,2026-06-25
1518,SBAC,Real Estate,REIT - Specialty,NASDAQ,955857,185.46,88.42,1,-8,-23.73,,,,,,,40,39,30,35,,0,0,0,0,0,0,19819995468.90417,106063017.0,0.0318,0.059,1080321,952266,0,34.7,,2026-06-25
1519,CRBG,Financial Services,Asset Management,NYSE,5713486,27.98,88.38,8,-4,-23.49,,,,,,,40,32,20,37,,0,0,0,0,0,0,13327472610.163889,456733121.0,0.071,0.021,6236610,6613112,0,29.7,,2026-06-25
1520,LYB,Basic Materials,Specialty Chemicals,NYSE,5112445,56.12,88.37,-41,-29,-33.14,,,,,,,40,81,93,20,,0,0,0,0,0,0,19389681215.603905,322784773.0,0.044099998,-0.063,5777677,5721701,1,64.7,,2026-06-25
1521,TKC,Communication Services,Telecom Services,NYSE,1693683,6.0,88.36,12,45,-16.43,,,,,,,40,28,61,29,,0,0,0,0,0,0,5319225720.6545725,870577022.0,0.0034999999,0.089,1755050,1342338,0,39.3,,2026-06-25
1522,VNET,Technology,Information Technology Services,NASDAQ,9998555,8.15,88.35,-28,-49,-43.72,,,,,,,40,68,47,74,,0,0,0,0,0,0,2491051876.25,284691643.0,0.255,0.198,4588287,8197339,0,63.0,,2026-06-25
1523,WTRG,Utilities,Utilities - Regulated Water,NYSE,1718003,37.78,88.29,6,40,-10.83,,,,,,,40,34,68,52,,0,0,0,0,0,0,10409330692.494793,283632983.0,0.0166,0.1,1979970,2025006,0,51.3,,2026-06-25
1524,ZBRA,Technology,Communication Equipment,NASDAQ,1207992,247.78,88.27,4,-9,-29.74,,,,,,,40,36,23,20,,0,0,0,0,0,0,11240527640.648191,47633392.0,0.1009,0.143,907997,1043671,0,26.3,,2026-06-25
1525,ACAD,Healthcare,Biotechnology,NASDAQ,1386607,23.36,88.25,14,29,-17.6,,,,,,,40,26,41,87,,0,0,0,0,0,0,3702119653.106861,171235870.0,0.1089,0.097,1482581,1628728,0,51.3,,2026-06-25
1526,EBS,Healthcare,Drug Manufacturers - Specialty & Generic,NYSE,887810,8.43,88.25,0,14,-40.04,,,,,,,40,40,54,92,,0,0,0,0,0,0,412770368.0,51596296.0,0.19219999,-0.297,1095612,804992,1,62.0,,2026-06-25
1527,ZBH,Healthcare,Medical Devices,NYSE,2258467,90.56,88.24,15,31,-16.37,,,,,,,40,25,41,30,,0,0,0,0,0,0,17018894777.700256,193462482.0,0.0592,0.093,2320713,2439404,0,32.0,,2026-06-25
1528,CI,Healthcare,Healthcare Plans,NYSE,1625520,279.46,88.22,4,5,-17.54,,,,,,,40,36,37,33,,0,0,0,0,0,0,73875961558.84021,264532404.0,0.0255,0.046,1522672,1650992,0,35.3,,2026-06-25
1529,IBN,Financial Services,Banks - Regional,NYSE,7534259,29.0,88.22,19,27,-16.11,,,,,,,40,21,29,37,,0,0,0,0,0,0,100194575312.76376,3586062040.0,0.012999999,0.669,7543649,7530229,0,29.0,,2026-06-25
1530,BBDC,Financial Services,Asset Management,NYSE,812256,8.09,88.16,-5,-8,-18.45,,,,,,,40,45,42,60,,0,0,0,0,0,0,868020064.3657494,104706884.0,0.0315,-0.06,807169,774469,0,49.0,,2026-06-25
1531,MAX,Communication Services,Internet Content & Information,NYSE,567880,10.76,88.16,17,20,-22.7,,,,,,,40,23,26,79,,0,0,0,0,0,0,547649636.3369226,54062155.0,0.10569999,0.173,651001,602688,0,42.7,,2026-06-25
1532,LPX,Industrials,Building Products & Equipment,NYSE,1053611,79.69,88.09,15,21,-22.53,,,,,,,40,25,31,29,,0,0,0,0,0,0,5418719922.231445,69864880.0,0.0935,-0.207,1090204,1229566,0,28.3,,2026-06-25
1533,DCH,Consumer Cyclical,Auto Parts,NYSE,3977796,5.57,88.07,-22,-18,-39.78,,,,,,,40,62,66,81,,0,0,0,0,0,0,1497784065.3377666,237366732.0,0.1112,0.686,3599088,4124671,0,69.7,,2026-06-25
1534,IBM,Technology,Information Technology Services,NYSE,11144669,262.96,88.05,-3,-14,-20.9,,,,,,,40,43,32,73,,0,0,0,0,0,0,234125428984.6045,939885280.0,0.0361,0.095,8495559,9409195,0,49.3,,2026-06-25
1535,HYT,Financial Services,Asset Management,NYSE,750030,8.45,88.05,3,8,-14.47,,,,,,,40,37,42,39,,0,0,0,0,0,0,1387538347.118721,163047980.0,0.0011,0.041,708422,722254,0,39.3,,2026-06-25
1536,CARS,Communication Services,Internet Content & Information,NYSE,830717,10.32,88.04,14,5,-26.13,,,,,,,40,26,17,35,,0,0,0,0,0,0,556235107.9873438,55903027.0,0.14739999,0.007,762942,849048,0,26.0,,2026-06-25
1537,MTG,Financial Services,Insurance - Specialty,NYSE,1737757,27.05,87.97,4,9,-9.74,,,,,,,40,36,41,70,,0,0,0,0,0,0,5511436271.132011,211490268.0,0.0539,-0.03,1906671,1960078,0,49.0,,2026-06-25
1538,DEO,Consumer Defensive,Beverages - Wineries & Distilleries,NYSE,1164267,82.97,87.95,12,12,-28.73,,,,,,,40,28,28,25,,0,0,0,0,0,0,44722153062.17784,555899997.0,0.0074,-0.04,1284372,1366500,0,27.0,,2026-06-25
1539,KGC,Basic Materials,Gold,NYSE,8582998,23.7,87.95,-37,-24,-39.4,,,,,,,40,77,90,94,,0,0,0,0,0,0,31846899469.313324,1194109463.0,2.18,0.608,10937166,8394469,2,87.0,,2026-06-25
1540,SGI,Consumer Cyclical,"Furnishings, Fixtures & Appliances",NYSE,3046860,76.52,87.9,14,29,-22.36,,,,,,,40,26,41,83,,0,0,0,0,0,0,15796580541.44568,210340624.0,0.1079,0.123,2919552,3091776,0,50.0,,2026-06-25
1541,ARRY,Technology,Solar,NASDAQ,5827312,7.69,87.83,3,15,-37.12,,,,,,,39,36,48,87,,0,0,0,0,0,0,1230611024.0,153826378.0,0.2463,-0.261,6430008,5841583,0,57.0,,2026-06-25
1542,AS,Consumer Cyclical,Leisure,NYSE,4702861,35.1,87.83,1,0,-17.91,,,,,,,39,38,37,74,,0,0,0,0,0,0,21428506209.267944,581822024.0,0.0825,0.321,3695383,4167158,0,49.7,,2026-06-25
1543,OMC,Communication Services,Advertising Agencies,NYSE,4130232,73.66,87.81,3,14,-15.5,,,,,,,39,36,47,55,,0,0,0,0,0,0,20335191649.715057,285006196.0,0.113199994,0.692,5812908,4313359,0,46.0,,2026-06-25
1544,GLBE,Consumer Cyclical,Internet Retail,NASDAQ,1837340,34.05,87.7,13,13,-18.81,,,,,,,39,26,26,59,,0,0,0,0,0,0,5516049146.06979,167967391.0,0.0295,0.328,1853100,1672024,0,37.0,,2026-06-25
1545,SF,Financial Services,Capital Markets,NYSE,1346385,72.88,87.58,-1,3,-18.87,,,,,,,39,40,44,77,,0,0,0,0,0,0,11281166232.703514,153401769.0,0.0001,0.143,1277115,1375935,0,53.7,,2026-06-25
1546,S,Technology,Software - Infrastructure,NYSE,8672341,15.12,87.49,-35,-86,-29.35,,,,,,,39,74,23,22,,0,0,0,0,0,0,5148912076.383091,342803723.0,0.0654,0.208,5716495,8031171,0,39.7,,2026-06-25
1547,UGI,Utilities,Utilities - Regulated Gas,NYSE,1976176,34.85,87.45,-2,22,-15.7,,,,,,,39,41,65,75,,0,0,0,0,0,0,7248651697.1449585,214393712.0,0.0851,0.007,1697489,1934043,0,60.3,,2026-06-25
1548,DXCM,Healthcare,Medical Devices,NASDAQ,6608302,69.75,87.42,0,-4,-22.48,,,,,,,39,39,35,34,,0,0,0,0,0,0,27964215114.22635,385872977.0,0.0519,0.15,5357426,6041567,0,36.0,,2026-06-25
1549,CBOE,Financial Services,Financial Data & Stock Exchanges,BATS,1690337,249.59,87.37,-43,-50,-32.76,,,,,,,39,82,75,69,,0,0,0,0,0,0,26069258233.15601,104653784.0,0.0298,0.065,2096623,1396910,0,75.3,,2026-06-25
1550,GEN,Technology,Software - Infrastructure,NASDAQ,8212243,23.56,87.34,2,-18,-26.88,,,,,,,39,37,17,41,,0,0,0,0,0,0,14566850773.568222,602433854.0,0.0625,0.27,7784819,7804201,0,31.7,,2026-06-25
1551,BDC,Technology,Communication Equipment,NYSE,563348,118.49,87.3,14,36,-25.94,,,,,,,39,25,47,54,,0,0,0,0,0,0,4800242453.593445,38944040.0,0.091000006,0.114,568364,540506,0,42.0,,2026-06-25
1552,CVNA,Consumer Cyclical,Auto & Truck Dealerships,NYSE,10482180,67.91,87.29,-17,-33,-30.26,,,,,,,39,56,40,89,,0,0,0,0,0,0,47676153156.84906,716288385.0,0.1359,0.52,11116002,11823040,0,61.7,,2026-06-25
1553,PDI,Financial Services,Asset Management,NYSE,2977107,16.4,87.28,1,7,-18.69,,,,,,,39,38,44,42,,0,0,0,0,0,0,7541962595.18914,461564414.0,0.07,,3247072,2626368,0,41.3,,2026-06-25
1554,IMMR,Technology,Software - Application,NASDAQ,523867,6.5,87.27,-4,-21,-20.25,,,,,,,39,43,26,28,,0,0,0,0,0,0,221111013.67793083,33100452.0,0.1242,0.1,580551,578652,0,32.3,,2026-06-25
1555,WCN,Industrials,Waste Management,NYSE,1879924,166.45,87.24,13,21,-13.27,,,,,,,39,26,34,43,,0,0,0,0,0,0,39120838330.79736,254080912.0,0.0089,0.064,2107972,1779422,0,34.3,,2026-06-25
1556,AMBA,Technology,Semiconductor Equipment & Materials,NASDAQ,1576185,62.99,87.24,-41,-98,-34.85,,,,,,,39,80,23,46,,0,0,0,0,0,0,3069456958.0000305,43868185.0,0.0612,0.169,1097046,1275957,0,49.7,,2026-06-25
1557,MSDL,Financial Services,Asset Management,NYSE,608642,15.04,87.2,3,-3,-24.57,,,,,,,39,36,30,38,,0,0,0,0,0,0,1302833613.7394483,84764712.0,0.053600002,-0.122,707856,666103,0,34.7,,2026-06-25
1558,STZ,Consumer Defensive,Beverages - Brewers,NYSE,2199091,143.02,87.12,4,31,-19.71,,,,,,,38,34,61,25,,0,0,0,0,0,0,24211354930.36908,171492819.0,0.051599998,-0.113,2346435,2013121,0,40.0,,2026-06-25
1559,UEC,Energy,Uranium,NYSE ARCA,11669192,10.9,87.08,-39,-25,-46.41,,,,,,,38,77,91,91,,0,0,0,0,0,0,5943417228.927296,494872366.0,0.1292,,14142576,10590639,2,86.3,,2026-06-25
1560,RVLV,Consumer Cyclical,Internet Retail,NYSE,1202684,22.94,87.08,13,24,-27.59,,,,,,,38,25,36,85,,0,0,0,0,0,0,1559195347.4810562,71555543.0,0.119899996,0.156,928093,1201422,0,48.7,,2026-06-25
1561,HLMN,Industrials,Tools & Accessories,NASDAQ,1631588,8.2,87.04,11,27,-24.42,,,,,,,38,27,43,43,,0,0,0,0,0,0,1581449506.6928272,196209606.0,0.0224,0.03,1550046,1513607,0,37.7,,2026-06-25
1562,OCSL,Financial Services,Asset Management,NASDAQ,632568,11.36,87.03,0,-4,-23.09,,,,,,,38,38,34,39,,0,0,0,0,0,0,1020911225.010784,88085523.0,0.038599998,-0.093,586435,812287,0,37.0,,2026-06-25
1563,LNC,Financial Services,Insurance - Life,NYSE,1729670,36.23,87.02,-1,-5,-22.62,,,,,,,38,39,35,81,,0,0,0,0,0,0,7107394182.368179,191213197.0,0.0001,0.125,1747211,1753308,0,51.7,,2026-06-25
1564,SGRY,Healthcare,Medical Care Facilities,NASDAQ,1412831,15.22,86.98,22,20,-36.85,,,,,,,38,16,14,16,,0,0,0,0,0,0,1902967782.0458624,130788162.0,0.20809999,0.045,1325405,1412783,0,15.3,,2026-06-25
1565,SR,Utilities,Utilities - Regulated Gas,NYSE,541197,79.48,86.94,-17,5,-16.61,,,,,,,38,55,77,68,,0,0,0,0,0,0,4554949004.010132,59116792.0,0.047399998,0.045,720432,485982,0,66.7,,2026-06-25
1566,CPRI,Consumer Cyclical,Luxury Goods,NYSE,3444573,19.13,86.92,8,7,-32.33,,,,,,,38,30,29,78,,0,0,0,0,0,0,2332656838.8870087,114796106.0,0.0941,-0.037,2536669,3079675,0,45.7,,2026-06-25
1567,NMRK,Real Estate,Real Estate Services,NASDAQ,1307000,15.02,86.89,-6,-8,-24.28,,,,,,,38,44,42,78,,0,0,0,0,0,0,2639837131.473565,177527717.0,0.033,0.272,1225470,1388692,0,54.7,,2026-06-25
1568,GMAB,Healthcare,Biotechnology,NASDAQ,1857756,25.86,86.89,-9,-5,-27.01,,,,,,,38,47,51,85,,0,0,0,0,0,0,15514160221.337547,613935890.0,0.0166,0.253,1484548,1873353,0,61.0,,2026-06-25
1569,HD,Consumer Cyclical,Home Improvement Retail,NYSE,5442859,342.86,86.88,15,28,-19.66,,,,,,,38,23,36,31,,0,0,0,0,0,0,333316163241.77655,997116682.0,0.0134000005,0.048,5551328,4887365,0,30.0,,2026-06-25
1570,AMT,Real Estate,REIT - Specialty,NYSE,3261313,174.46,86.87,1,0,-25.55,,,,,,,38,37,36,30,,0,0,0,0,0,0,82020476219.24281,465893069.0,0.0224,0.068,3236739,3067775,0,34.3,,2026-06-25
1571,USA,Financial Services,Asset Management,NYSE,1281888,5.65,86.84,-2,-5,-18.82,,,,,,,38,40,37,47,,0,0,0,0,0,0,1748999424.516406,301551615.0,0.0004,-0.098,1557506,1221757,0,41.3,,2026-06-25
1572,CRNX,Healthcare,Biotechnology,NASDAQ,1038165,36.18,86.77,-3,-12,-37.61,,,,,,,38,41,32,81,,0,0,0,0,0,0,3782140148.337708,105440208.0,0.14039999,28.734,1141027,1164287,0,51.3,,2026-06-25
1573,BKV,Energy,Oil & Gas E&P,NYSE,755298,25.78,86.67,-17,9,-21.43,,,,,,,38,55,81,77,,0,0,0,0,0,0,2685441216.594639,109386611.0,0.111099996,0.389,868455,834981,0,71.0,,2026-06-25
1574,CWK,Real Estate,Real Estate Services,NYSE,1996273,13.0,86.63,4,4,-25.29,,,,,,,38,34,34,80,,0,0,0,0,0,0,3022476425.1214504,234300505.0,0.048800003,0.11,1878681,1733944,0,49.3,,2026-06-25
1575,SIG,Consumer Cyclical,Luxury Goods,NYSE,943284,85.09,86.62,0,27,-22.79,,,,,,,38,38,65,53,,0,0,0,0,0,0,3427716484.5061417,38849783.0,0.17379999,0.008,901213,870702,0,52.0,,2026-06-25
1576,AVTR,Healthcare,Medical Instruments & Supplies,NYSE,9819469,9.69,86.59,22,19,-39.17,,,,,,,38,16,13,18,,0,0,0,0,0,0,6540796699.069897,682755402.0,0.0721,0.0,7605758,9946687,0,15.7,,2026-06-25
1577,COF,Financial Services,Credit Services,NYSE,5098559,200.48,86.5,8,7,-22.79,,,,,,,38,30,29,78,,0,0,0,0,0,0,125410663798.35526,622292783.0,0.019299999,0.463,5663587,4798757,0,45.7,,2026-06-25
1578,GBDC,Financial Services,Asset Management,NASDAQ,1178455,12.35,86.45,-11,-19,-20.99,,,,,,,37,48,40,43,,0,0,0,0,0,0,3217115584.721025,260495181.0,0.051799998,-0.12,1202287,1452637,0,43.7,,2026-06-25
1579,PFE,Healthcare,Drug Manufacturers - General,NYSE,39728190,24.04,86.4,-17,4,-16.38,,,,,,,37,54,75,43,,0,0,0,0,0,0,143682982282.493,5699444169.0,0.028499998,0.054,53052542,38479582,0,57.3,,2026-06-25
1580,FBIN,Industrials,Building Products & Equipment,NYSE,2555031,44.65,86.39,22,28,-31.14,,,,,,,37,15,21,29,,0,0,0,0,0,0,5058041062.827309,119293417.0,0.1087,-0.021,2358193,2587780,0,21.7,,2026-06-25
1581,GXO,Industrials,Integrated Freight & Logistics,NYSE,1333803,49.98,86.38,6,28,-25.24,,,,,,,37,31,53,69,,0,0,0,0,0,0,5595963298.739914,115048589.0,0.0573,0.108,1513789,1410941,0,51.0,,2026-06-25
1582,PCT,Industrials,Pollution & Treatment Controls,NASDAQ,6832553,8.0,86.35,-42,-110,-53.94,,,,,,,37,79,11,21,,0,0,0,0,0,0,1746242646.7161655,200717550.0,0.35860002,1.612,9823059,5645587,0,37.0,,2026-06-25
1583,HTGC,Financial Services,Asset Management,NYSE,1577847,15.15,86.34,-4,-19,-22.98,,,,,,,37,41,26,56,,0,0,0,0,0,0,2898466916.2719536,187118590.0,0.0608,0.184,1259633,1700096,0,41.0,,2026-06-25
1584,NN,Technology,Software - Infrastructure,NASDAQ,2731860,16.98,86.3,-52,-65,-30.47,,,,,,,37,89,76,72,,0,0,0,0,0,0,2480423592.657249,136436939.0,0.1933,-0.353,2561051,2993866,0,79.0,,2026-06-25
1585,REZI,Industrials,Industrial Distribution,NYSE,1482320,31.87,86.29,1,44,-29.63,,,,,,,37,36,79,84,,0,0,0,0,0,0,4832011933.494186,151426260.0,0.048,0.08,1070931,1392688,0,66.3,,2026-06-25
1586,LBTYA,Communication Services,Telecom Services,NASDAQ,1674230,11.12,86.28,-18,-4,-17.75,,,,,,,37,55,69,41,,0,0,0,0,0,0,3786691229.913032,338097437.0,0.0656,0.088,1941262,1849340,0,55.0,,2026-06-25
1587,MCO,Financial Services,Financial Data & Stock Exchanges,NYSE,1050569,449.79,86.17,4,5,-17.75,,,,,,,37,33,34,62,,0,0,0,0,0,0,78721432658.96881,174676438.0,0.0249,0.081,1094668,1068639,0,43.0,,2026-06-25
1588,CCI,Real Estate,REIT - Specialty,NYSE,4285364,82.14,86.16,-5,-14,-29.04,,,,,,,37,42,33,34,,0,0,0,0,0,0,35810886537.09575,436451983.0,0.035,-0.048,4860532,3802382,0,36.3,,2026-06-25
1589,ACVA,Consumer Cyclical,Auto & Truck Dealerships,NYSE,3107804,6.6,86.16,11,-9,-60.78,,,,,,,37,26,6,12,,0,0,0,0,0,0,1131310116.4499426,174584894.0,0.1084,0.118,2769142,3348230,0,14.7,,2026-06-25
1590,TEL,Technology,Electronic Components,NYSE,2701448,198.55,86.16,-6,17,-21.39,,,,,,,37,43,66,84,,0,0,0,0,0,0,63528201516.20094,291895799.0,0.028499998,0.145,2479125,2844935,0,64.3,,2026-06-25
1591,ETOR,Financial Services,Capital Markets,NASDAQ,1029578,36.53,86.15,-2,-23,-46.8,,,,,,,37,39,18,17,,0,0,0,0,0,0,3108713960.234871,79527090.0,0.0498,-0.356,664085,1150145,0,24.7,,2026-06-25
1592,BIPC,Utilities,Utilities - Regulated Gas,NYSE,1049698,38.87,86.09,1,4,-24.85,,,,,,,37,36,39,73,,0,0,0,0,0,0,4871660434.547546,122990668.0,5.66,-0.048,993314,1150370,0,49.3,,2026-06-25
1593,SARO,Industrials,Aerospace & Defense,NYSE,3807432,27.12,86.02,2,3,-21.35,,,,,,,37,35,36,56,,0,0,0,0,0,0,9226097223.0,332471972.0,0.081099994,0.133,4218787,4029103,0,42.3,,2026-06-25
1594,QS,Consumer Cyclical,Auto Parts,NASDAQ,26030252,7.12,85.97,-42,-94,-62.66,,,,,,,37,79,27,88,,0,0,0,0,0,0,4945766387.574078,615145076.0,0.1757,,25888907,26294007,0,64.7,,2026-06-25
1595,SCHW,Financial Services,Capital Markets,NYSE,12273293,91.39,85.95,1,17,-14.99,,,,,,,37,36,52,76,,0,0,0,0,0,0,159478720684.4796,1739135507.0,0.0,0.158,13239740,12098500,0,54.7,,2026-06-25
1596,KREF,Real Estate,REIT - Mortgage,NYSE,999669,7.04,85.92,10,3,-29.48,,,,,,,37,27,20,32,,0,0,0,0,0,0,453960940.3407006,64300417.0,0.0968,,740817,1216551,0,26.3,,2026-06-25
1597,SWIM,Industrials,Building Products & Equipment,NASDAQ,811814,6.05,85.87,18,25,-32.52,,,,,,,37,19,26,28,,0,0,0,0,0,0,683335468.135035,117411589.0,0.063200004,0.053,923232,738388,0,24.3,,2026-06-25
1598,ANF,Consumer Cyclical,Apparel Retail,NYSE,1542069,88.83,85.86,11,27,-33.27,,,,,,,37,26,42,86,,0,0,0,0,0,0,3876222285.4836273,44431710.0,0.102,0.015,1429679,1381479,0,51.3,,2026-06-25
1599,IP,Consumer Cyclical,Packaging & Containers,NYSE,6274269,38.3,85.81,21,34,-31.77,,,,,,,37,16,29,22,,0,0,0,0,0,0,19496814821.084244,529516974.0,0.1528,0.134,7408339,6858629,0,22.3,,2026-06-25
1600,SLM,Financial Services,Credit Services,NASDAQ,2485835,23.84,85.81,11,6,-31.83,,,,,,,37,26,21,35,,0,0,0,0,0,0,4343296804.346533,188592995.0,0.135,0.025,3207086,2848845,0,27.3,,2026-06-25
1601,NCLH,Consumer Cyclical,Travel Services,NYSE,21566047,21.01,85.79,17,29,-22.7,,,,,,,37,20,32,42,,0,0,0,0,0,0,9384211506.791267,459110140.0,0.17379999,0.096,19630163,22456764,0,31.3,,2026-06-25
1602,CRWV,Technology,Software - Infrastructure,NASDAQ,29504351,100.88,85.78,-32,-52,-45.17,,,,,,,37,69,49,37,,0,0,0,0,0,0,64350020645.75144,545570346.0,0.18190001,1.116,31064175,29997033,0,51.7,,2026-06-25
1603,CEPT,Financial Services,Shell Companies,NASDAQ,874120,10.65,85.75,-32,-50,-24.2,,,,,,,36,68,50,50,,0,0,0,0,0,0,339743789.5011902,30580000.0,0.019199999,,1166291,785914,0,56.0,,2026-06-25
1604,TAK,Healthcare,Drug Manufacturers - Specialty & Generic,NYSE,3100030,15.72,85.75,-3,36,-16.83,,,,,,,36,39,78,62,,0,0,0,0,0,0,49386871917.40454,3159748660.0,0.0015,0.039,2586830,3012188,0,59.7,,2026-06-25
1605,AIG,Financial Services,Insurance - Diversified,NYSE,3993437,76.14,85.74,0,-1,-12.77,,,,,,,36,36,35,64,,0,0,0,0,0,0,39245862698.552925,530206221.0,0.0208,0.014,4251123,4446854,0,45.0,,2026-06-25
1606,VST,Utilities,Utilities - Independent Power Producers,NYSE,5068410,162.87,85.71,2,13,-25.91,,,,,,,36,34,45,44,,0,0,0,0,0,0,55213629135.0,337182468.0,0.0539,0.434,4867540,4839182,0,41.0,,2026-06-25
1607,RUM,Communication Services,Internet Content & Information,NASDAQ,3859456,6.2,85.67,-46,-112,-43.59,,,,,,,36,82,16,18,,0,0,0,0,0,0,2029475405.7757876,275743936.0,0.203,0.074,4139778,3830841,0,38.7,,2026-06-25
1608,WYNN,Consumer Cyclical,Resorts & Casinos,NASDAQ,1414908,103.75,85.63,6,13,-22.99,,,,,,,36,30,37,73,,0,0,0,0,0,0,10952613384.677216,103786729.0,0.0949,0.092,1424874,1450044,0,46.7,,2026-06-25
1609,AWK,Utilities,Utilities - Regulated Water,NYSE,2204651,129.64,85.62,7,38,-12.33,,,,,,,36,29,60,39,,0,0,0,0,0,0,24423734701.875114,195280521.0,0.0735,0.057,2504514,2053270,0,42.7,,2026-06-25
1610,GIL,Consumer Cyclical,Apparel Manufacturing,NYSE,1806758,54.08,85.58,-11,-5,-26.62,,,,,,,36,47,53,78,,0,0,0,0,0,0,9609039538.144516,185180953.0,0.040999997,0.638,3616354,1537948,0,59.3,,2026-06-25
1611,BIDU,Communication Services,Internet Content & Information,NASDAQ,2628486,107.82,85.54,-35,-57,-34.77,,,,,,,36,71,49,82,,0,0,0,0,0,0,38026637896.6981,340252659.0,0.0477,-0.012,1978859,2516903,0,67.3,,2026-06-25
1612,PRDO,Consumer Defensive,Education & Training Services,NASDAQ,666484,32.89,85.53,-21,4,-14.57,,,,,,,36,57,82,39,,0,0,0,0,0,0,2008381273.4480896,62703133.0,0.085200004,0.041,680022,622828,0,59.3,,2026-06-25
1613,DNOW,Industrials,Industrial Distribution,NYSE,3317104,13.09,85.52,-4,-15,-24.16,,,,,,,36,40,29,30,,0,0,0,0,0,0,2464370784.0,182545984.0,0.0921,0.975,3903172,3356058,0,33.0,,2026-06-25
1614,FSM,Basic Materials,Gold,NYSE,5395061,8.33,85.52,-29,-15,-39.86,,,,,,,36,65,79,90,,0,0,0,0,0,0,2805385472.961443,302957387.0,3.09,0.756,5713464,5410288,1,78.0,,2026-06-25
1615,EQH,Financial Services,Asset Management,NYSE,4667895,43.31,85.48,4,-8,-23.49,,,,,,,36,32,20,37,,0,0,0,0,0,0,12750013430.8387,281519390.0,0.0001,-0.076,4835477,4369921,0,29.7,,2026-06-25
1616,EOSE,Industrials,Electrical Equipment & Parts,NASDAQ,28320754,6.06,85.46,-6,-26,-69.49,,,,,,,36,42,22,94,,0,0,0,0,0,0,2597282338.9285808,339514027.0,0.3081,4.447,24012663,27224506,1,52.7,,2026-06-25
1617,VRSN,Technology,Software - Infrastructure,NASDAQ,863074,252.08,85.32,-42,-76,-19.33,,,,,,,36,78,44,39,,0,0,0,0,0,0,24082241333.00781,91000000.0,0.0235,0.066,976783,865896,0,53.7,,2026-06-25
1618,AMP,Financial Services,Asset Management,NYSE,650902,460.95,85.31,3,4,-16.22,,,,,,,36,33,34,40,,0,0,0,0,0,0,42020593315.69409,89897084.0,0.060900003,0.09,672047,645643,0,35.7,,2026-06-25
1619,RGLD,Basic Materials,Gold,NASDAQ,729229,202.24,85.3,-21,3,-33.96,,,,,,,36,57,81,84,,0,0,0,0,0,0,18231044063.22156,84866602.0,0.0319,1.43,928898,767759,0,74.0,,2026-06-25
1620,PTY,Financial Services,Asset Management,NYSE,1058843,11.7,85.3,4,10,-20.35,,,,,,,36,32,38,37,,0,0,0,0,0,0,2497146925.6547213,211981917.0,0.12,0.072,1144859,1035635,0,35.7,,2026-06-25
1621,APO,Financial Services,Asset Management,NYSE,3477537,122.6,85.28,-16,-43,-22.05,,,,,,,36,52,25,56,,0,0,0,0,0,0,79271158037.5,576517513.0,0.0573,-0.092,3820833,3847900,0,44.3,,2026-06-25
1622,ADNT,Consumer Cyclical,Auto Parts,NYSE,968612,20.27,85.28,-25,-17,-25.81,,,,,,,36,61,69,51,,0,0,0,0,0,0,1627077780.25,78413387.0,0.09,0.07,988407,966231,0,60.3,,2026-06-25
1623,LHX,Industrials,Aerospace & Defense,NYSE,1301554,287.27,85.26,-24,1,-24.25,,,,,,,36,60,85,76,,0,0,0,0,0,0,54923478818.28497,186294951.0,0.0147,1.9,1707404,1417664,0,73.7,,2026-06-25
1624,FWONK,Communication Services,Entertainment,NASDAQ,1890464,90.03,85.25,0,-6,-17.68,,,,,,,36,36,30,46,,0,0,0,0,0,0,22744974593.43155,250605708.0,0.040799998,0.591,1936274,1946868,0,37.3,,2026-06-25
1625,DHR,Healthcare,Diagnostics & Research,NYSE,4337167,188.87,85.24,13,24,-22.21,,,,,,,36,23,34,65,,0,0,0,0,0,0,125395720689.62328,707770627.0,0.0147,0.037,3894941,4752496,0,40.7,,2026-06-25
1626,WEN,Consumer Cyclical,Restaurants,NASDAQ,18012538,7.86,85.23,11,6,-37.17,,,,,,,36,25,20,16,,0,0,0,0,0,0,1295268388.3312988,190480640.0,0.37,0.033,27833335,14460619,0,20.3,,2026-06-25
1627,LNG,Energy,Oil & Gas Midstream,NYSE,2165528,230.86,85.18,-18,16,-23.27,,,,,,,36,54,88,25,,0,0,0,0,0,0,47574560336.23938,209551868.0,0.019,0.242,2194196,2261849,0,55.7,,2026-06-25
1628,BTU,Energy,Thermal Coal,NYSE,3620334,23.29,85.18,-36,-11,-43.39,,,,,,,36,72,97,91,,0,0,0,0,0,0,3021483826.2480125,121834029.0,0.15529999,0.039,2956912,3469426,2,86.7,,2026-06-25
1629,ARCC,Financial Services,Asset Management,NASDAQ,5221821,17.85,85.16,-1,-2,-23.78,,,,,,,35,36,35,44,,0,0,0,0,0,0,12945952388.37716,718022845.0,0.0574,0.042,5701193,5574552,0,38.3,,2026-06-25
1630,AVO,Consumer Defensive,Food Distribution,NASDAQ,1627213,12.18,85.15,3,52,-21.57,,,,,,,35,32,81,37,,0,0,0,0,0,0,1014794562.2152004,88319807.0,0.11229999,-0.235,2028169,1428311,0,50.0,,2026-06-25
1631,RDDT,Communication Services,Internet Content & Information,NYSE,4941336,160.72,85.1,0,-14,-43.2,,,,,,,35,35,21,88,,0,0,0,0,0,0,33681382930.880127,192509040.0,0.0951,0.691,4220108,5095421,0,48.0,,2026-06-25
1632,SUI,Real Estate,REIT - Residential,NYSE,1082704,119.93,85.08,-5,13,-13.0,,,,,,,35,40,58,46,,0,0,0,0,0,0,14597915361.398872,123230757.0,0.0374,0.086,1097574,980370,0,48.0,,2026-06-25
1633,APP,Communication Services,Advertising Agencies,NASDAQ,5301474,464.96,85.07,-38,-79,-37.64,,,,,,,35,73,32,93,,0,0,0,0,0,0,157794149538.33304,335939521.0,0.043899998,0.59,6323543,4959836,1,66.0,,2026-06-25
1634,BLK,Financial Services,Asset Management,NYSE,752631,982.6,85.06,-14,-27,-19.46,,,,,,,35,49,36,53,,0,0,0,0,0,0,163009654203.16077,155233989.0,0.013200001,0.27,861993,706818,0,46.0,,2026-06-25
1635,UFPI,Basic Materials,Lumber & Wood Production,NASDAQ,523077,89.8,85.01,14,34,-23.9,,,,,,,35,21,41,31,,0,0,0,0,0,0,4890058416.81839,56480230.0,0.0368,-0.084,585431,501838,0,31.0,,2026-06-25
1636,RSG,Industrials,Waste Management,NYSE,1866576,213.58,85.0,6,22,-14.97,,,,,,,35,29,45,36,,0,0,0,0,0,0,63052678740.91303,307664087.0,0.0184,0.026,1816040,1824864,0,36.7,,2026-06-25
1637,HLN,Healthcare,Drug Manufacturers - Specialty & Generic,NYSE,9464407,9.23,84.98,6,28,-18.17,,,,,,,35,29,51,59,,0,0,0,0,0,0,39553291024.07713,4414429783.0,0.0026,0.006,12101232,9362026,0,46.3,,2026-06-25
1638,GPC,Consumer Cyclical,Auto Parts,NYSE,1714755,110.73,84.92,16,29,-26.94,,,,,,,35,19,32,42,,0,0,0,0,0,0,15122572715.03302,139122108.0,0.0629,0.068,2036607,1681777,0,31.0,,2026-06-25
1639,MNRO,Consumer Cyclical,Auto Parts,NASDAQ,1404443,15.71,84.85,0,2,-34.3,,,,,,,35,35,37,74,,0,0,0,0,0,0,466892892.026865,30025266.0,0.3498,-0.072,1627801,1151360,0,48.7,,2026-06-25
1640,MCK,Healthcare,Medical Distribution,NYSE,1187295,766.55,84.71,5,50,-23.27,,,,,,,35,30,75,76,,0,0,0,0,0,0,87882068301.01868,117077745.0,0.0436,0.06,1083555,1147847,0,60.3,,2026-06-25
1641,BNTX,Healthcare,Biotechnology,NASDAQ,1015690,90.21,84.71,8,16,-27.25,,,,,,,35,27,35,33,,0,0,0,0,0,0,22984650327.941696,252884261.0,0.033,-0.354,1180651,994254,0,31.7,,2026-06-25
1642,ISSC,Industrials,Aerospace & Defense,NASDAQ,512981,16.64,84.69,-38,-16,-46.22,,,,,,,35,73,95,95,,0,0,0,0,0,0,307934159.48870087,17892747.0,0.0217,0.02,380204,472332,2,87.7,,2026-06-25
1643,AVY,Consumer Cyclical,Packaging & Containers,NYSE,730843,163.15,84.63,8,28,-18.24,,,,,,,35,27,47,59,,0,0,0,0,0,0,12137493731.567688,76490385.0,0.0327,0.07,846469,705789,0,44.3,,2026-06-25
1644,AON,Financial Services,Insurance Brokers,NYSE,1668657,325.48,84.57,4,7,-14.57,,,,,,,35,31,34,39,,0,0,0,0,0,0,67861937689.54761,213576949.0,0.014199999,0.065,1887301,1526446,0,34.7,,2026-06-25
1645,MIAX,Financial Services,Capital Markets,NYSE,2027492,36.49,84.5,-45,-76,-36.14,,,,,,,35,80,49,86,,0,0,0,0,0,0,3573251932.7167206,94907086.0,0.060700003,0.13,2919408,1660147,0,71.7,,2026-06-25
1646,BWIN,Financial Services,Insurance Brokers,NASDAQ,1830702,24.87,84.49,16,15,-44.93,,,,,,,35,19,18,17,,0,0,0,0,0,0,1973196646.6463203,97489954.0,0.1442,0.287,2535107,1659487,0,18.0,,2026-06-25
1647,BXMT,Real Estate,REIT - Mortgage,NYSE,1405788,17.47,84.47,-6,9,-15.48,,,,,,,35,41,56,63,,0,0,0,0,0,0,3051484902.5390625,168683520.0,0.060500003,0.349,1523034,1435906,0,53.3,,2026-06-25
1648,HSY,Consumer Defensive,Confectioners,NYSE,2183741,183.04,84.45,-9,28,-23.57,,,,,,,35,44,81,54,,0,0,0,0,0,0,35016852298.80615,202843372.0,0.0668,0.106,2761815,2128217,0,59.7,,2026-06-25
1649,DIS,Communication Services,Entertainment,NYSE,9459156,101.12,84.44,0,-4,-18.9,,,,,,,34,34,30,56,,0,0,0,0,0,0,180406170779.47757,1736511424.0,0.0153,0.065,12101239,9309579,0,40.0,,2026-06-25
1650,ETD,Consumer Cyclical,"Furnishings, Fixtures & Appliances",NYSE,696013,22.68,84.44,11,23,-27.79,,,,,,,34,23,35,23,,0,0,0,0,0,0,538698998.5714016,25446339.0,0.1181,-0.048,1016601,577360,0,27.0,,2026-06-25
1651,REGN,Healthcare,Biotechnology,NASDAQ,1220168,623.43,84.41,3,48,-24.07,,,,,,,34,31,76,81,,0,0,0,0,0,0,63945519434.03467,104839032.0,0.030299999,0.19,1186676,1040671,0,62.7,,2026-06-25
1652,IMXI,Technology,Software - Infrastructure,NASDAQ,731296,13.31,84.34,-25,-6,-16.55,,,,,,,34,59,78,68,,0,0,0,0,0,0,430953116.2558899,30094492.0,0.0428,-0.149,474459,577741,0,68.3,,2026-06-25
1653,BXSL,Financial Services,Asset Management,NYSE,1769408,23.7,84.21,3,5,-27.77,,,,,,,34,31,33,37,,0,0,0,0,0,0,5492913932.829514,232652003.0,0.0553,-0.09,1958125,2204709,0,33.7,,2026-06-25
1654,THC,Healthcare,Medical Care Facilities,NYSE,1442746,182.96,84.2,6,47,-25.99,,,,,,,34,28,69,79,,0,0,0,0,0,0,14864662720.88623,86137000.0,0.044099998,0.028,1354158,1520593,0,58.7,,2026-06-25
1655,DLO,Technology,Software - Infrastructure,NASDAQ,2744502,12.28,83.98,2,29,-26.82,,,,,,,34,32,59,81,,0,0,0,0,0,0,3763702199.8445234,294269133.0,0.1087,0.549,1899556,2291509,0,57.3,,2026-06-25
1656,VICI,Real Estate,REIT - Diversified,NYSE,9381543,26.72,83.94,-1,2,-21.43,,,,,,,34,35,38,31,,0,0,0,0,0,0,28297784053.72628,1076780187.0,0.0298,0.035,11814300,8766218,0,34.7,,2026-06-25
1657,NWSA,Communication Services,Entertainment,NASDAQ,5538267,25.23,83.89,-11,-21,-20.18,,,,,,,34,45,35,33,,0,0,0,0,0,0,13755429611.379608,544122992.0,0.044499997,0.088,8350652,5017560,0,37.7,,2026-06-25
1658,LMT,Industrials,Aerospace & Defense,NYSE,1251021,491.64,83.89,-17,17,-28.95,,,,,,,34,51,85,54,,0,0,0,0,0,0,117806478322.09715,230563608.0,0.0137,0.003,1429114,1420110,0,63.3,,2026-06-25
1659,IR,Industrials,Specialty Industrial Machinery,NYSE,4156431,78.32,83.86,9,31,-22.42,,,,,,,34,25,47,36,,0,0,0,0,0,0,30489054170.05829,391336834.0,0.0438,0.076,4487565,4097343,0,36.0,,2026-06-25
1660,COO,Healthcare,Medical Instruments & Supplies,NASDAQ,3328753,68.83,83.83,15,34,-23.38,,,,,,,34,19,38,64,,0,0,0,0,0,0,12854469537.5235,195030630.0,0.0304,0.079,2966589,2884675,0,40.3,,2026-06-25
1661,TDS,Communication Services,Telecom Services,NYSE,1131014,37.55,83.81,-3,31,-23.55,,,,,,,34,37,71,64,,0,0,0,0,0,0,4507321517.372131,113850000.0,0.0005,0.065,995503,994586,0,57.3,,2026-06-25
1662,OR,Basic Materials,Gold,NYSE,891833,31.41,83.77,-24,-5,-34.64,,,,,,,34,58,77,86,,0,0,0,0,0,0,6536105933.478394,187495864.0,3.05,0.873,1182639,894209,0,73.7,,2026-06-25
1663,NWS,Communication Services,Entertainment,NASDAQ,1749838,28.53,83.68,-14,-26,-19.81,,,,,,,34,48,36,34,,0,0,0,0,0,0,15643536020.0,544122992.0,0.1737,0.088,2699264,1525926,0,39.3,,2026-06-25
1664,CNH,Industrials,Farm & Heavy Construction Machinery,NYSE,11413640,10.31,83.67,8,31,-27.75,,,,,,,34,26,49,22,,0,0,0,0,0,0,12969882664.320358,1239950537.0,0.071100004,-0.001,9985102,13574254,0,32.3,,2026-06-25
1665,RH,Consumer Cyclical,Specialty Retail,NYSE,960701,156.54,83.62,18,19,-39.09,,,,,,,34,16,17,20,,0,0,0,0,0,0,2799044429.992584,18900969.0,0.6051,-0.017,1145363,929568,0,17.7,,2026-06-25
1666,WWW,Consumer Cyclical,Footwear & Accessories,NYSE,1264558,17.54,83.62,3,6,-46.52,,,,,,,34,31,34,27,,0,0,0,0,0,0,1443015952.8765278,81989541.0,0.117,0.11,976596,1119791,0,30.7,,2026-06-25
1667,QNST,Communication Services,Advertising Agencies,NASDAQ,828680,13.26,83.54,2,-6,-22.59,,,,,,,34,32,24,23,,0,0,0,0,0,0,750236556.3050365,57445370.0,0.127,0.283,620352,814130,0,26.3,,2026-06-25
1668,ASTS,Technology,Communication Equipment,NASDAQ,26668175,68.01,83.54,-63,-66,-49.19,,,,,,,34,97,94,97,,0,0,0,0,0,0,24096884346.82193,298746383.0,0.1839,19.522,27156585,24066697,3,96.0,,2026-06-25
1669,DT,Technology,Software - Application,NYSE,6341559,40.61,83.47,-2,-15,-29.44,,,,,,,34,36,23,27,,0,0,0,0,0,0,12072924327.151993,291475733.0,0.0382,0.194,5391759,6206627,0,28.7,,2026-06-25
1670,UL,Consumer Defensive,Household & Personal Products,NYSE,4040843,59.97,83.46,13,30,-20.02,,,,,,,34,21,38,45,,0,0,0,0,0,0,126461664439.39832,2165439403.0,0.69,,3829031,4140984,0,34.7,,2026-06-25
1671,MLKN,Consumer Cyclical,"Furnishings, Fixtures & Appliances",NASDAQ,812079,17.24,83.45,9,13,-25.63,,,,,,,34,25,29,39,,0,0,0,0,0,0,1128183078.0,68374732.0,0.0615,0.058,963428,770469,0,31.0,,2026-06-25
1672,SNN,Healthcare,Medical Devices,NYSE,1145484,30.26,83.45,5,34,-21.99,,,,,,,34,29,58,65,,0,0,0,0,0,0,12724706843.245462,423028819.0,0.007900001,0.074,1041313,1228762,0,50.7,,2026-06-25
1673,ORLY,Consumer Cyclical,Auto Parts,NASDAQ,7345222,87.82,83.43,0,11,-19.22,,,,,,,33,33,44,39,,0,0,0,0,0,0,71965614425.51474,828715079.0,0.0252,0.102,7733837,6549145,0,38.7,,2026-06-25
1674,MYGN,Healthcare,Diagnostics & Research,NASDAQ,1693694,5.22,83.42,17,17,-39.23,,,,,,,33,16,16,19,,0,0,0,0,0,0,428794869.7970867,94448210.0,0.0928,-0.208,1453124,1625850,0,17.0,,2026-06-25
1675,FG,Financial Services,Insurance - Life,NYSE,1025748,26.44,83.4,-11,-31,-27.96,,,,,,,33,44,24,36,,0,0,0,0,0,0,3642012344.776592,132484990.0,0.1302,0.307,865124,826568,0,34.7,,2026-06-25
1676,LBTYK,Communication Services,Telecom Services,NASDAQ,1267504,10.72,83.36,-16,-2,-18.29,,,,,,,33,49,63,37,,0,0,0,0,0,0,3648071332.3326063,338097437.0,0.062800005,0.088,1298474,1301646,0,49.7,,2026-06-25
1677,PZZA,Consumer Cyclical,Restaurants,NASDAQ,1204961,36.02,83.35,8,8,-35.38,,,,,,,33,25,25,28,,0,0,0,0,0,0,1199936490.7435913,32902014.0,0.22600001,-0.077,1139253,1125738,0,26.0,,2026-06-25
1678,GTLB,Technology,Software - Infrastructure,NASDAQ,6877108,28.27,83.35,16,7,-46.03,,,,,,,33,17,8,21,,0,0,0,0,0,0,4485983909.797668,168900000.0,0.123100005,0.231,4936426,6344597,0,15.3,,2026-06-25
1679,SCI,Consumer Cyclical,Personal Services,NYSE,1645498,74.04,83.26,-3,22,-16.5,,,,,,,33,36,61,38,,0,0,0,0,0,0,10019454253.708664,137970998.0,0.0511,0.021,1831556,1550761,0,45.0,,2026-06-25
1680,TAP,Consumer Defensive,Beverages - Brewers,NYSE,3260244,40.53,83.23,9,24,-26.07,,,,,,,33,24,39,33,,0,0,0,0,0,0,7389523870.180664,187551360.0,0.23040001,0.02,3332944,3349456,0,32.0,,2026-06-25
1681,STWD,Real Estate,REIT - Mortgage,NYSE,3338499,16.61,83.16,-6,-5,-21.09,,,,,,,33,39,40,39,,0,0,0,0,0,0,6191501401.858711,370748570.0,0.0468,0.218,3498689,3104755,0,39.3,,2026-06-25
1682,TSLA,Consumer Cyclical,Auto Manufacturers,NASDAQ,48147958,375.53,83.15,-33,-54,-24.72,,,,,,,33,66,45,78,,0,0,0,0,0,0,1504129816419.799,3755723871.0,0.023,0.158,47984176,54877493,0,63.0,,2026-06-25
1683,LOW,Consumer Cyclical,Home Improvement Retail,NYSE,3233789,221.45,83.14,8,30,-24.44,,,,,,,33,25,47,50,,0,0,0,0,0,0,124589102799.0579,560707041.0,0.0197,0.103,3188987,2944829,0,40.7,,2026-06-25
1684,HRB,Consumer Cyclical,Personal Services,NYSE,2451188,36.33,83.14,-6,-28,-36.87,,,,,,,33,39,17,23,,0,0,0,0,0,0,4358016052.054508,126760207.0,0.23040001,0.053,2380435,2561567,0,26.3,,2026-06-25
1685,AEM,Basic Materials,Gold,NYSE,2722402,153.46,83.06,-28,-2,-39.88,,,,,,,33,61,87,88,,0,0,0,0,0,0,83336041089.60739,500036237.0,0.01,0.661,3597208,2552979,0,78.7,,2026-06-25
1686,EHC,Healthcare,Medical Care Facilities,NYSE,876391,102.25,83.05,2,5,-20.11,,,,,,,33,31,34,39,,0,0,0,0,0,0,9724485691.307371,99199080.0,0.0382,0.09,1075774,927446,0,34.7,,2026-06-25
1687,TFPM,Basic Materials,Other Precious Metals & Mining,NYSE,652699,28.07,83.0,-22,4,-32.69,,,,,,,33,55,81,90,,0,0,0,0,0,0,6208447397.973724,206603912.0,2.22,0.787,771667,609279,1,75.3,,2026-06-25
1688,MSI,Technology,Communication Equipment,NYSE,1223211,400.6,82.98,0,35,-18.61,,,,,,,33,33,68,26,,0,0,0,0,0,0,65596476367.88458,165995582.0,0.026300002,0.074,1251334,1156024,0,42.3,,2026-06-25
1689,HQY,Healthcare,Health Information Services,NASDAQ,1054323,85.0,82.97,-10,-19,-20.26,,,,,,,33,43,34,43,,0,0,0,0,0,0,7123739721.429939,83602157.0,0.0654,0.072,978871,975296,0,40.0,,2026-06-25
1690,CRBP,Healthcare,Biotechnology,NASDAQ,601186,8.18,82.86,4,46,-60.21,,,,,,,33,29,71,29,,0,0,0,0,0,0,153039590.94067574,18527795.0,0.0951,,357239,488317,0,43.0,,2026-06-25
1691,FNF,Financial Services,Insurance - Specialty,NYSE,1492791,46.34,82.81,3,3,-21.74,,,,,,,33,30,30,39,,0,0,0,0,0,0,12601955940.659636,269157540.0,0.0279,0.167,1641043,1600082,0,33.0,,2026-06-25
1692,PUK,Financial Services,Insurance - Life,NYSE,1379495,26.24,82.81,-33,-35,-22.89,,,,,,,33,66,64,87,,0,0,0,0,0,0,33465597693.240646,1249182402.0,0.001,0.188,1586486,1120529,0,72.3,,2026-06-25
1693,NTR,Basic Materials,Agricultural Inputs,NYSE,2743920,60.37,82.62,-30,-8,-29.28,,,,,,,33,63,85,76,,0,0,0,0,0,0,30174280520.263123,480023548.0,0.0058999998,0.19,3281602,2820818,0,74.7,,2026-06-25
1694,HCAI,Industrials,Farm & Heavy Construction Machinery,NASDAQ,571583,7.33,82.62,9,-13,-80.45,,,,,,,33,24,2,4,,0,0,0,0,0,0,8922327.008750916,1163276.0,0.0125,,225909,1498159,0,10.0,,2026-06-25
1695,ARHS,Consumer Cyclical,Specialty Retail,NASDAQ,1353419,7.83,82.61,16,18,-39.68,,,,,,,32,16,18,75,,0,0,0,0,0,0,1027580897.0359496,141540064.0,0.0866,0.009,1337049,1353263,0,36.3,,2026-06-25
1696,NDAQ,Financial Services,Financial Data & Stock Exchanges,NASDAQ,3695961,81.61,82.61,-23,-39,-19.83,,,,,,,32,55,39,75,,0,0,0,0,0,0,46510074019.39452,565540798.0,0.0187,0.137,4630613,3558742,0,56.3,,2026-06-25
1697,REXR,Real Estate,REIT - Industrial,NYSE,2357304,33.66,82.6,-7,-14,-24.16,,,,,,,32,39,32,49,,0,0,0,0,0,0,7475783860.187038,225718119.0,0.061300002,-0.029,3033063,2339406,0,40.0,,2026-06-25
1698,RITM,Real Estate,REIT - Mortgage,NYSE,5015129,9.24,82.53,5,10,-27.47,,,,,,,32,27,32,48,,0,0,0,0,0,0,5130837392.155229,558306597.0,0.0557,0.646,4892887,5178929,0,35.7,,2026-06-25
1699,LMND,Financial Services,Insurance - Property & Casualty,NYSE,1397000,57.17,82.5,-40,-32,-42.77,,,,,,,32,72,80,93,,0,0,0,0,0,0,4520135236.481922,76820789.0,0.146,0.706,1340161,1566152,1,81.7,,2026-06-25
1700,JMIA,Consumer Cyclical,Internet Retail,NYSE,2215951,6.33,82.44,-29,-6,-57.0,,,,,,,32,61,84,98,,0,0,0,1,0,1,871922404.8753977,123852615.0,0.0464,0.394,1845683,2587782,1,81.0,,2026-06-25
1701,CNX,Energy,Oil & Gas E&P,NYSE,1806622,33.72,82.38,-10,27,-22.7,,,,,,,32,42,79,68,,0,0,0,0,0,0,4622072736.926788,141477594.0,0.1475,0.282,2201478,1847647,0,63.0,,2026-06-25
1702,PD,Technology,Software - Application,NYSE,2317695,8.87,82.33,18,10,-50.72,,,,,,,32,14,6,20,,0,0,0,0,0,0,653999315.8960915,77122565.0,0.1379,0.01,2308456,2351701,0,13.3,,2026-06-25
1703,BBNX,Healthcare,Medical Devices,NASDAQ,928456,14.73,82.29,17,14,-54.97,,,,,,,32,15,12,95,,0,0,0,0,0,0,618516331.6996813,44561695.0,0.1173,0.566,1139159,976389,1,40.7,,2026-06-25
1704,CALM,Consumer Defensive,Farm Products,NASDAQ,766448,79.03,82.27,9,22,-37.48,,,,,,,32,23,36,27,,0,0,0,0,0,0,3682582422.010063,47376589.0,0.1263,-0.53,752915,721593,0,28.7,,2026-06-25
1705,CE,Basic Materials,Chemicals,NYSE,1630686,48.04,82.26,-31,-8,-32.05,,,,,,,32,63,86,23,,0,0,0,0,0,0,5610335478.5068245,109662539.0,0.0932,-0.022,1281559,1887585,0,57.3,,2026-06-25
1706,BKNG,Consumer Cyclical,Travel Services,NASDAQ,8006414,181.25,82.23,7,7,-22.4,,,,,,,32,25,25,57,,0,0,0,0,0,0,133108616790.18349,774878436.0,0.0315,0.162,9369224,7798826,0,35.7,,2026-06-25
1707,CXT,Industrials,Specialty Industrial Machinery,NYSE,946413,45.57,82.21,15,24,-33.96,,,,,,,32,17,26,22,,0,0,0,0,0,0,2700463300.870537,57542367.0,0.1918,0.174,1015810,846302,0,21.7,,2026-06-25
1708,CDW,Technology,Information Technology Services,NASDAQ,2235179,130.22,82.19,15,23,-29.19,,,,,,,32,17,25,23,,0,0,0,0,0,0,16399709881.073853,127753451.0,0.0801,0.092,2179169,2142475,0,21.7,,2026-06-25
1709,NTES,Communication Services,Electronic Gaming & Multimedia,NASDAQ,1135407,117.64,82.12,-13,-25,-26.27,,,,,,,32,45,33,74,,0,0,0,0,0,0,77738009026.95506,640715469.0,0.0088,0.061,1023913,969620,0,50.7,,2026-06-25
1710,NOMD,Consumer Defensive,Packaged Foods,NYSE,1404945,10.65,82.03,15,18,-41.9,,,,,,,32,17,20,22,,0,0,0,0,0,0,1400707577.3713188,139791169.0,0.0172,-0.059,1164315,1430537,0,19.7,,2026-06-25
1711,SNY,Healthcare,Drug Manufacturers - General,NASDAQ,3302248,41.33,82.01,-1,12,-21.55,,,,,,,32,33,46,41,,0,0,0,0,0,0,101447933878.70116,2393769026.0,0.0032,0.06,4872286,3078289,0,40.0,,2026-06-25
1712,PMT,Real Estate,REIT - Mortgage,NYSE,1103258,10.46,82.0,3,14,-24.26,,,,,,,32,29,40,59,,0,0,0,0,0,0,893824210.5,87202362.0,0.073699996,-0.241,1594694,1115002,0,42.7,,2026-06-25
1713,BSBR,Financial Services,Banks - Regional,NYSE,1473588,5.14,81.94,0,28,-29.78,,,,,,,32,32,60,82,,0,0,0,0,0,0,38935141233.86748,7487527435.0,3.75,0.004,2082426,1225991,0,58.0,,2026-06-25
1714,ARDT,Healthcare,Medical Care Facilities,NYSE,560035,9.4,81.93,7,6,-39.28,,,,,,,32,25,24,13,,0,0,0,0,0,0,1277248754.3365211,143350031.0,0.090900004,0.07,561406,502499,0,20.7,,2026-06-25
1715,ARE,Real Estate,REIT - Office,NYSE,1893679,51.24,81.92,8,7,-41.93,,,,,,,31,23,22,11,,0,0,0,0,0,0,8892971351.668701,174269480.0,0.0558,-0.115,1611488,2176149,0,18.7,,2026-06-25
1716,ICL,Basic Materials,Agricultural Inputs,NYSE,1509239,5.07,81.91,-39,-73,-31.02,,,,,,,31,70,36,35,,0,0,0,0,0,0,6634292203.210506,1290718361.0,0.0047,0.145,1956927,1468329,0,47.0,,2026-06-25
1717,VSNT,Communication Services,Entertainment,NASDAQ,2061586,38.16,81.77,-33,-72,-35.32,,,,,,,31,64,25,52,,0,0,0,0,0,0,5406639023.604698,141498015.0,0.0242,-0.011,2228350,1985304,0,47.0,,2026-06-25
1718,CNR,Energy,Thermal Coal,NYSE,712118,80.83,81.76,-34,-11,-29.59,,,,,,,31,65,88,59,,0,0,0,0,0,0,4212563952.316818,50407610.0,0.0713,0.066,771036,759267,0,70.7,,2026-06-25
1719,HMY,Basic Materials,Gold,NYSE,4561256,14.59,81.67,-17,-32,-44.01,,,,,,,31,48,33,89,,0,0,0,0,0,0,10739861375.91259,631385140.0,0.0223,0.195,4890478,4910593,0,56.7,,2026-06-25
1720,FOXF,Consumer Cyclical,Auto Parts,NASDAQ,538140,18.51,81.59,8,11,-40.64,,,,,,,31,23,26,14,,0,0,0,0,0,0,782947606.309473,41936133.0,0.1084,0.038,555732,534916,0,21.0,,2026-06-25
1721,GOF,Financial Services,Asset Management,NYSE,1517528,10.5,81.56,-1,-3,-30.92,,,,,,,31,32,30,32,,0,0,0,0,0,0,2273102303.0216217,212043120.0,0.6,,1716454,1382234,0,31.3,,2026-06-25
1722,WEAV,Healthcare,Health Information Services,NYSE,987726,5.43,81.53,2,-16,-40.33,,,,,,,31,29,11,25,,0,0,0,0,0,0,413741286.8240595,79565635.0,0.0783,0.174,991949,1228603,0,21.7,,2026-06-25
1723,RACE,Consumer Cyclical,Auto Manufacturers,NYSE,653070,348.75,81.43,11,15,-32.82,,,,,,,31,20,24,21,,0,0,0,0,0,0,63752998947.7793,176050032.0,0.0305,0.032,504062,622614,0,21.7,,2026-06-25
1724,PHAT,Healthcare,Biotechnology,NASDAQ,1065345,10.61,81.38,-45,-77,-42.05,,,,,,,31,76,44,95,,0,0,0,0,0,0,867744777.7673445,79755953.0,0.1367,1.044,774626,1205421,1,71.7,,2026-06-25
1725,RLI,Financial Services,Insurance - Property & Casualty,NYSE,1030022,54.75,81.36,10,21,-26.01,,,,,,,31,21,32,35,,0,0,0,0,0,0,4881006006.818676,91938331.0,0.068,0.04,998136,963257,0,29.3,,2026-06-25
1726,NTNX,Technology,Software - Infrastructure,NASDAQ,4414230,47.5,81.35,3,-12,-42.37,,,,,,,31,28,13,16,,0,0,0,0,0,0,12678032284.576365,270320509.0,0.0954,0.1,3503920,3839248,0,19.0,,2026-06-25
1727,MA,Financial Services,Credit Services,NYSE,3731759,494.41,81.3,1,4,-17.84,,,,,,,31,30,33,55,,0,0,0,0,0,0,432770543890.605,883583855.0,0.0074,0.158,3986698,3728695,0,39.3,,2026-06-25
1728,NRG,Utilities,Utilities - Independent Power Producers,NYSE,2737458,142.21,81.27,6,44,-25.14,,,,,,,31,25,63,82,,0,0,0,0,0,0,28495832123.096317,210986470.0,0.0318,0.195,2832545,2758645,0,56.7,,2026-06-25
1729,LSPD,Technology,Software - Application,NYSE,1450873,9.66,81.24,7,7,-32.64,,,,,,,31,24,24,58,,0,0,0,0,0,0,1295188460.2388077,137786012.0,0.0495,0.147,1593940,1255284,0,35.3,,2026-06-25
1730,HNI,Consumer Cyclical,"Furnishings, Fixtures & Appliances",NYSE,720930,37.33,81.24,17,29,-29.95,,,,,,,31,14,26,30,,0,0,0,0,0,0,2509672816.820984,71992908.0,0.0431,1.247,812192,701246,0,23.3,,2026-06-25
1731,CBRE,Real Estate,Real Estate Services,NYSE,2675302,133.94,81.18,4,12,-23.14,,,,,,,31,27,35,71,,0,0,0,0,0,0,38520021861.05528,292816579.0,0.0186,0.186,2082166,2368351,0,44.3,,2026-06-25
1732,JACK,Consumer Cyclical,Restaurants,NASDAQ,863664,13.35,81.18,22,21,-47.32,,,,,,,31,9,8,20,,0,0,0,0,0,0,244142288.43800357,19073616.0,0.341,-0.043,719963,794882,0,12.3,,2026-06-25
1733,OBDC,Financial Services,Asset Management,NYSE,3544065,10.72,81.13,-1,-1,-29.4,,,,,,,31,32,32,37,,0,0,0,0,0,0,5394839902.082352,496305424.0,0.040999997,-0.146,3829705,3726773,0,33.7,,2026-06-25
1734,BPRE,Financial Services,Asset Management,NYSE,667361,14.03,81.13,-11,18,-23.19,,,,,,,31,42,71,50,,0,0,0,0,0,0,,,0.4,,626525,594901,0,54.3,,2026-06-25
1735,HMC,Consumer Cyclical,Auto Manufacturers,NYSE,2242250,25.76,81.11,6,10,-26.17,,,,,,,31,25,29,48,,0,0,0,0,0,0,34073054432.62032,1297526814.0,0.0018000001,0.086,2210840,2013838,0,34.0,,2026-06-25
1736,ENSG,Healthcare,Medical Care Facilities,NASDAQ,844990,164.07,81.07,-2,48,-24.74,,,,,,,31,33,83,75,,0,0,0,0,0,0,8980135353.277588,58445400.0,0.0458,0.184,1198802,701234,0,63.7,,2026-06-25
1737,CGBD,Financial Services,Asset Management,NASDAQ,534232,10.55,81.03,0,2,-27.19,,,,,,,31,31,33,32,,0,0,0,0,0,0,760993538.3444748,69497128.0,0.0505,0.168,562518,642141,0,32.0,,2026-06-25
1738,DV,Communication Services,Advertising Agencies,NYSE,3180588,10.35,81.02,5,3,-38.47,,,,,,,30,25,23,24,,0,0,0,0,0,0,1585285060.6616116,153464189.0,0.075100005,0.096,2588605,2756227,0,24.0,,2026-06-25
1739,AGRO,Consumer Defensive,Farm Products,NYSE,966184,9.11,80.92,-55,-47,-42.67,,,,,,,30,85,93,30,,0,0,0,0,0,0,1333410192.8104134,144308466.0,0.0461,0.225,1213902,1132826,1,69.3,,2026-06-25
1740,J,Industrials,Engineering & Construction,NYSE,1427117,122.04,80.91,4,21,-27.55,,,,,,,30,26,43,40,,0,0,0,0,0,0,14284244076.771698,118080879.0,0.0691,0.27,1620952,1338498,0,36.3,,2026-06-25
1741,IDXX,Healthcare,Diagnostics & Research,NASDAQ,642873,549.16,80.9,3,23,-28.68,,,,,,,30,27,47,85,,0,0,0,0,0,0,44339345902.16986,78882997.0,0.031600002,0.143,653479,619873,0,53.0,,2026-06-25
1742,GME,Consumer Cyclical,Specialty Retail,NYSE,6115610,21.44,80.77,1,19,-23.7,,,,,,,30,29,47,19,,0,0,0,0,0,0,9655836056.034555,448691257.0,0.1439,0.141,5421820,8108370,0,31.7,,2026-06-25
1743,RKT,Financial Services,Mortgage Finance,NYSE,28303910,14.73,80.75,6,12,-39.53,,,,,,,30,24,30,87,,0,0,0,0,0,0,40800376807.10835,2829429722.0,0.0874,1.671,36780830,26589004,0,47.0,,2026-06-25
1744,SFM,Consumer Defensive,Grocery Stores,NASDAQ,2191990,85.39,80.7,2,-4,-50.91,,,,,,,30,28,22,12,,0,0,0,0,0,0,7569625586.589699,94044301.0,0.1551,0.041,2065100,2188288,0,20.7,,2026-06-25
1745,EQX,Basic Materials,Gold,NYSE ARCA,13795410,9.37,80.64,-40,-23,-50.58,,,,,,,30,70,87,95,,0,0,0,0,0,0,8293572030.113506,789112450.0,2.59,2.243,16175972,11493216,1,84.0,,2026-06-25
1746,ADP,Technology,Software - Application,NASDAQ,2850379,219.85,80.59,4,0,-30.42,,,,,,,30,26,22,28,,0,0,0,0,0,0,87305965995.49066,399734282.0,0.0428,0.07,2943477,2911011,0,25.3,,2026-06-25
1747,DFH,Consumer Cyclical,Residential Construction,NYSE,782745,16.73,80.58,15,15,-46.88,,,,,,,30,15,15,15,,0,0,0,0,0,0,1427952774.1179962,91535432.0,0.432,-0.103,711406,742171,0,15.0,,2026-06-25
1748,LVS,Consumer Cyclical,Resorts & Casinos,NYSE,4369274,47.76,80.54,-4,16,-32.21,,,,,,,30,34,54,85,,0,0,0,0,0,0,32283691282.883453,662637325.0,0.1087,0.253,5350363,4694292,0,57.7,,2026-06-25
1749,OLN,Basic Materials,Chemicals,NYSE,2578407,20.99,80.52,-44,-32,-31.09,,,,,,,30,74,86,23,,0,0,0,0,0,0,2508661902.8575573,113978277.0,0.1377,-0.037,3739153,2413604,0,61.0,,2026-06-25
1750,MBC,Consumer Cyclical,"Furnishings, Fixtures & Appliances",NYSE,3972367,9.34,80.52,13,16,-34.32,,,,,,,30,17,20,24,,0,0,0,0,0,0,1159540439.1044712,127984590.0,0.2959,-0.064,3239073,3447210,0,20.3,,2026-06-25
1751,RIVN,Consumer Cyclical,Auto Manufacturers,NASDAQ,31702368,14.64,80.51,-6,-3,-35.48,,,,,,,30,36,39,88,,0,0,0,0,0,0,22184153658.355457,1342866407.0,0.1407,0.114,27162104,30087682,0,54.3,,2026-06-25
1752,ULTA,Consumer Cyclical,Specialty Retail,NASDAQ,900041,478.93,80.43,-4,20,-33.01,,,,,,,30,34,58,82,,0,0,0,0,0,0,19608714636.338745,42989311.0,0.0548,0.111,834464,801006,0,58.0,,2026-06-25
1753,ESAB,Industrials,Metal Fabrication,NYSE,751950,96.85,80.34,10,17,-29.52,,,,,,,30,20,27,37,,0,0,0,0,0,0,6465637628.60376,60881712.0,0.0761,0.099,1081530,705912,0,28.0,,2026-06-25
1754,LAND,Real Estate,REIT - Specialty,NASDAQ,629602,8.6,80.32,-3,33,-33.85,,,,,,,30,33,69,34,,0,0,0,0,0,0,373562715.5978813,43136573.0,0.0554,-0.018,750397,607161,0,45.3,,2026-06-25
1755,AMPH,Healthcare,Drug Manufacturers - Specialty & Generic,NASDAQ,732117,21.02,80.32,17,26,-32.76,,,,,,,30,13,22,37,,0,0,0,0,0,0,829387782.8418407,44092919.0,0.1778,0.004,694971,651368,0,24.0,,2026-06-25
1756,CMCO,Industrials,Farm & Heavy Construction Machinery,NASDAQ,635042,13.95,80.29,-2,-1,-42.83,,,,,,,30,32,33,46,,0,0,0,0,0,0,423482029.8733263,28827913.0,0.0535,0.773,844047,487679,0,37.0,,2026-06-25
1757,APAM,Financial Services,Asset Management,NYSE,747781,34.85,80.23,-4,-3,-28.14,,,,,,,30,34,35,44,,0,0,0,0,0,0,2547238136.98898,70993257.0,0.0856,0.093,642533,741478,0,37.7,,2026-06-25
1758,ORIC,Healthcare,Biotechnology,NASDAQ,1697310,9.43,80.21,6,71,-36.84,,,,,,,30,24,89,32,,0,0,0,0,0,0,878864077.6867104,103517562.0,0.2142,,1700561,1560170,0,48.3,,2026-06-25
1759,MCD,Consumer Cyclical,Restaurants,NYSE,4343954,273.88,80.13,2,31,-19.86,,,,,,,29,27,56,55,,0,0,0,0,0,0,197954026968.18933,710505859.0,0.0148,0.094,4580673,4168062,0,46.0,,2026-06-25
1760,BAM,Financial Services,Asset Management,NYSE,3040316,44.9,80.12,-4,-8,-29.95,,,,,,,29,33,29,42,,0,0,0,0,0,0,75751546283.54753,1596786435.0,0.0634,0.238,3119180,3192170,0,34.7,,2026-06-25
1761,MLTX,Healthcare,Biotechnology,NASDAQ,1088045,20.0,79.98,6,4,-68.13,,,,,,,29,23,21,33,,0,0,0,0,0,0,1414151689.763092,73615396.0,0.1108,,1572987,1011171,0,25.7,,2026-06-25
1762,VLTO,Industrials,Pollution & Treatment Controls,NYSE,2497339,86.32,79.98,3,8,-21.61,,,,,,,29,26,31,41,,0,0,0,0,0,0,20635249504.859573,245599266.0,0.031600002,0.068,2555679,2299415,0,32.7,,2026-06-25
1763,BOX,Technology,Software - Infrastructure,NYSE,2465321,25.46,79.98,-3,-13,-26.97,,,,,,,29,32,22,35,,0,0,0,0,0,0,3441150649.6984024,138532634.0,0.1341,0.136,2180245,2343513,0,29.7,,2026-06-25
1764,BKE,Consumer Cyclical,Apparel Retail,NYSE,503222,44.57,79.95,-13,12,-27.75,,,,,,,29,42,67,68,,0,0,0,0,0,0,2327071850.287567,51518086.0,0.1137,0.061,492386,456599,0,59.0,,2026-06-25
1765,NG,Basic Materials,Gold,NYSE ARCA,3093825,6.2,79.93,-44,-28,-56.94,,,,,,,29,73,89,95,,0,0,0,0,0,0,3422488872.8907604,438780614.0,0.0498,,4044985,3184209,1,85.7,,2026-06-25
1766,LEN,Consumer Cyclical,Residential Construction,NYSE,2939439,92.95,79.92,11,22,-35.56,,,,,,,29,18,29,25,,0,0,0,0,0,0,22100346926.887024,246298296.0,0.003,-0.052,3716117,2723577,0,24.0,,2026-06-25
1767,CGNT,Technology,Software - Infrastructure,NASDAQ,849435,7.98,79.92,-51,-96,-35.17,,,,,,,29,80,35,65,,0,0,0,0,0,0,613233123.7467422,73705907.0,0.0070999996,0.104,782066,773725,0,60.0,,2026-06-25
1768,ALRM,Technology,Software - Application,NASDAQ,554016,44.47,79.91,5,8,-25.3,,,,,,,29,24,27,34,,0,0,0,0,0,0,2195060726.369602,49460583.0,0.078600004,0.11,642349,518707,0,28.3,,2026-06-25
1769,COR,Healthcare,Medical Distribution,NYSE,1739680,284.47,79.88,8,42,-24.65,,,,,,,29,21,55,77,,0,0,0,0,0,0,52887530327.28577,194561060.0,0.0322,0.038,1532631,1846950,0,51.0,,2026-06-25
1770,RRC,Energy,Oil & Gas E&P,NYSE,2849526,36.32,79.8,-27,1,-24.82,,,,,,,29,56,84,35,,0,0,0,0,0,0,8574293533.687592,235622250.0,0.1067,0.261,3488299,3099651,0,58.3,,2026-06-25
1771,DASH,Consumer Cyclical,Internet Retail,NASDAQ,5183864,177.93,79.75,10,7,-37.68,,,,,,,29,19,16,57,,0,0,0,0,0,0,75579772443.47763,435718722.0,0.0427,0.331,5739563,5024216,0,30.7,,2026-06-25
1772,FBRT,Real Estate,REIT - Mortgage,NYSE,1133546,8.32,79.74,0,-1,-29.73,,,,,,,29,29,28,35,,0,0,0,0,0,0,648798189.3572464,76963009.0,0.0917,0.061,1493779,963611,0,30.7,,2026-06-25
1773,DRVN,Consumer Cyclical,Auto & Truck Dealerships,NASDAQ,1430627,13.19,79.59,-8,-19,-33.18,,,,,,,29,37,26,31,,0,0,0,0,0,0,2091641673.8605647,164955964.0,0.1558,0.082,1114583,1591020,0,31.3,,2026-06-25
1774,AOS,Industrials,Specialty Industrial Machinery,NYSE,1746425,60.18,79.55,7,30,-26.49,,,,,,,29,22,45,41,,0,0,0,0,0,0,8024382657.527832,137828624.0,0.0763,-0.019,2064567,1788163,0,36.0,,2026-06-25
1775,MDT,Healthcare,Medical Devices,NYSE,11346264,80.13,79.53,5,27,-24.64,,,,,,,29,24,46,66,,0,0,0,0,0,0,101558780686.93452,1280045190.0,0.013099999,0.099,9706064,10645390,0,45.3,,2026-06-25
1776,RDNT,Healthcare,Diagnostics & Research,NASDAQ,826366,58.16,79.48,11,27,-32.25,,,,,,,29,18,34,67,,0,0,0,0,0,0,4225803974.624954,78634236.0,0.138,0.221,1028048,865125,0,39.7,,2026-06-25
1777,UBER,Technology,Software - Application,NYSE,20618527,73.85,79.46,4,8,-27.59,,,,,,,29,25,29,47,,0,0,0,0,0,0,145830312048.88898,2035599013.0,0.0312,0.145,22388382,19208540,0,33.7,,2026-06-25
1778,PERI,Communication Services,Internet Content & Information,NASDAQ,626176,8.96,79.45,-4,27,-21.68,,,,,,,29,33,64,55,,0,0,0,0,0,0,351487594.84348106,41302889.0,0.0202,0.012,644270,480082,0,50.7,,2026-06-25
1779,GRND,Technology,Software - Application,NYSE,1692365,13.18,79.45,-1,-5,-42.67,,,,,,,29,30,26,19,,0,0,0,0,0,0,2372641860.74708,177725977.0,0.16239999,0.383,1735845,1580009,0,25.0,,2026-06-25
1780,FND,Consumer Cyclical,Home Improvement Retail,NYSE,2841658,56.94,79.45,16,23,-38.38,,,,,,,29,13,20,18,,0,0,0,0,0,0,5732232642.549133,108094150.0,0.1234,-0.007,2730935,2935393,0,17.0,,2026-06-25
1781,MFIC,Financial Services,Asset Management,NASDAQ,623743,9.8,79.41,-6,3,-27.46,,,,,,,29,35,44,40,,0,0,0,0,0,0,817960221.1781311,82372628.0,0.041100003,-0.087,655959,678341,0,39.7,,2026-06-25
1782,CRMD,Healthcare,Biotechnology,NASDAQ,1472367,8.39,79.32,3,-7,-51.86,,,,,,,29,26,16,87,,0,0,0,0,0,0,680177900.9554043,78451891.0,0.1879,2.261,1405731,1279004,0,43.0,,2026-06-25
1783,LIF,Technology,Software - Application,NASDAQ,795103,49.42,79.27,17,21,-56.09,,,,,,,28,11,15,69,,0,0,0,0,0,0,3972173529.913365,81031691.0,0.1374,0.381,714261,790390,0,31.7,,2026-06-25
1784,PAGS,Technology,Software - Infrastructure,NYSE,3732865,8.77,79.27,-10,15,-28.81,,,,,,,28,38,63,75,,0,0,0,0,0,0,2465360484.677468,279519339.0,0.114300005,0.015,3551897,3535213,0,58.7,,2026-06-25
1785,CAE,Industrials,Aerospace & Defense,NYSE,933580,24.95,79.23,2,13,-27.13,,,,,,,28,26,37,69,,0,0,0,0,0,0,8059018999.077988,321460674.0,3.52,0.04,724331,926258,0,44.0,,2026-06-25
1786,CLX,Consumer Defensive,Household & Personal Products,NYSE,2641222,95.38,79.2,7,24,-27.76,,,,,,,28,21,38,19,,0,0,0,0,0,0,11584265794.822678,120921351.0,0.0885,0.001,2654888,3055899,0,26.0,,2026-06-25
1787,ESTC,Technology,Software - Application,NYSE,2350542,58.71,79.19,10,5,-38.89,,,,,,,28,18,13,25,,0,0,0,0,0,0,6130027924.904083,103951633.0,0.0689,0.16,1869526,2060053,0,18.7,,2026-06-25
1788,BEKE,Real Estate,Real Estate Services,NYSE,5290423,14.8,79.15,-4,-4,-29.46,,,,,,,28,32,32,24,,0,0,0,0,0,0,16580371424.397644,1112030288.0,0.0645,-0.19,4117461,4915114,0,29.3,,2026-06-25
1789,MAIN,Financial Services,Asset Management,NYSE,749667,49.8,79.14,-1,6,-26.52,,,,,,,28,29,36,55,,0,0,0,0,0,0,4739692156.372986,92989838.0,0.106800005,0.022,729133,733378,0,40.0,,2026-06-25
1790,SYK,Healthcare,Medical Devices,NYSE,2860820,313.68,79.09,6,21,-22.52,,,,,,,28,22,37,37,,0,0,0,0,0,0,117998437863.9032,383360762.0,0.017,0.026,2486111,2672342,0,32.0,,2026-06-25
1791,LAZ,Financial Services,Capital Markets,NYSE,2393509,40.49,79.08,-14,-27,-31.08,,,,,,,28,42,29,50,,0,0,0,0,0,0,4360789370.398006,98437685.0,0.0452,0.154,4692147,2032851,0,40.3,,2026-06-25
1792,FRSH,Technology,Software - Application,NASDAQ,15151875,9.37,79.08,-1,-17,-39.43,,,,,,,28,29,13,33,,0,0,0,0,0,0,2449206624.7138605,276434167.0,0.0924,0.165,23340695,13841107,0,25.0,,2026-06-25
1793,CTAS,Industrials,Specialty Business Services,NASDAQ,2241991,170.93,79.0,4,10,-24.62,,,,,,,28,24,30,35,,0,0,0,0,0,0,68363388561.091705,400136881.0,0.0399,0.089,2335694,2113340,0,29.7,,2026-06-25
1794,CHA,Consumer Cyclical,Restaurants,NASDAQ,821486,11.75,78.96,16,17,-59.62,,,,,,,28,12,13,9,,0,0,0,0,0,0,2222392675.129566,190763326.0,0.0404,0.045,803230,667448,0,11.3,,2026-06-25
1795,POST,Consumer Defensive,Packaged Foods,NYSE,850315,90.84,78.89,-1,7,-22.54,,,,,,,28,29,37,29,,0,0,0,0,0,0,4006969994.236267,45322586.0,0.1713,0.047,824056,823363,0,31.7,,2026-06-25
1796,SSYS,Technology,Computer Hardware,NASDAQ,1241528,8.34,78.88,-9,-22,-34.89,,,,,,,28,37,24,23,,0,0,0,0,0,0,774380886.6233826,86814000.0,0.045100003,-0.025,1374346,1069875,0,28.0,,2026-06-25
1797,LYFT,Technology,Software - Application,NASDAQ,14778163,14.4,78.81,2,0,-43.62,,,,,,,28,26,24,77,,0,0,0,0,0,0,5421866455.573826,379682532.0,0.2379,0.138,13976111,14626572,0,42.3,,2026-06-25
1798,AZTA,Healthcare,Medical Instruments & Supplies,NASDAQ,1129410,23.86,78.79,15,16,-42.82,,,,,,,28,13,14,38,,0,0,0,0,0,0,1074423236.623787,46092804.0,0.20040001,0.01,748822,1182678,0,21.7,,2026-06-25
1799,FWRG,Consumer Cyclical,Restaurants,NASDAQ,1308417,12.08,78.77,11,10,-38.15,,,,,,,28,17,16,28,,0,0,0,0,0,0,728026117.7172232,61644885.0,0.0854,0.173,1149643,1329788,0,20.3,,2026-06-25
1800,AR,Energy,Oil & Gas E&P,NYSE,4838998,34.71,78.69,-24,6,-24.13,,,,,,,28,52,82,39,,0,0,0,0,0,0,10292752298.217772,309836000.0,0.0423,0.343,5589645,4865667,0,57.7,,2026-06-25
1801,QUBT,Technology,Computer Hardware,NASDAQ,27777265,9.7,78.67,-32,-80,-62.46,,,,,,,28,60,12,15,,0,0,0,0,0,0,2426756511.740862,225534987.0,0.2974,93.641,17288317,23811093,0,29.0,,2026-06-25
1802,CNM,Industrials,Industrial Distribution,NYSE,2610367,47.13,78.65,-1,7,-29.85,,,,,,,28,29,37,43,,0,0,0,0,0,0,9093828072.74031,187192831.0,0.0494,-0.001,3536773,2591958,0,36.3,,2026-06-25
1803,HII,Industrials,Aerospace & Defense,NYSE,513489,279.62,78.64,-22,17,-39.21,,,,,,,28,50,89,89,,0,0,0,0,0,0,11247091708.866272,39404029.0,0.0254,0.134,517367,541077,0,76.0,,2026-06-25
1804,ATAT,Consumer Cyclical,Lodging,NASDAQ,1146456,31.93,78.63,0,21,-26.04,,,,,,,28,28,49,80,,0,0,0,0,0,0,4600210468.593018,138185952.0,0.0232,0.475,925438,1158395,0,52.3,,2026-06-25
1805,MRSH,Financial Services,Insurance Brokers,NYSE,2745773,165.96,78.59,5,13,-24.67,,,,,,,28,23,31,28,,0,0,0,0,0,0,78248246671.79416,481794501.0,0.0153,0.076,2500510,2858464,0,27.3,,2026-06-25
1806,PDYN,Technology,Software - Infrastructure,NASDAQ,2429000,5.98,78.58,-22,-26,-54.0,,,,,,,28,50,46,8,,0,0,0,0,0,0,330709575.0,47244225.0,0.16309999,1.069,3139180,1984676,0,34.7,,2026-06-25
1807,PGY,Technology,Software - Infrastructure,NASDAQ,3732233,15.2,78.57,7,-2,-66.21,,,,,,,28,21,12,83,,0,0,0,0,0,0,1294442542.5561848,82870842.0,0.1874,0.096,3379960,3850672,0,38.7,,2026-06-25
1808,BULL,Technology,Software - Application,NASDAQ,14058378,6.71,78.5,12,4,-63.37,,,,,,,28,16,8,12,,0,0,0,0,0,0,3765276107.625456,531818665.0,0.0379,0.363,13868166,14701383,0,12.0,,2026-06-25
1809,GGG,Industrials,Specialty Industrial Machinery,NYSE,1438784,75.0,78.46,2,28,-21.62,,,,,,,28,26,52,40,,0,0,0,0,0,0,12618560294.712128,165968177.0,0.041100003,0.022,1389313,1416078,0,39.3,,2026-06-25
1810,ALLT,Technology,Software - Infrastructure,NASDAQ,536264,7.27,78.35,-12,-27,-39.01,,,,,,,27,39,24,81,,0,0,0,0,0,0,351267842.42179346,48923099.0,0.040599998,0.141,523773,446774,0,48.0,,2026-06-25
1811,WEX,Technology,Software - Infrastructure,NYSE,592132,134.48,78.34,-12,-5,-28.03,,,,,,,27,39,46,35,,0,0,0,0,0,0,4421228234.4704895,34668143.0,0.0837,0.058,719606,625781,0,40.0,,2026-06-25
1812,JANX,Healthcare,Biotechnology,NASDAQ,948870,14.64,78.29,10,12,-58.57,,,,,,,27,17,19,8,,0,0,0,0,0,0,867197530.1645794,60984354.0,0.17,,1031290,961528,0,14.7,,2026-06-25
1813,TSSI,Technology,Information Technology Services,NASDAQ,1406691,12.0,78.26,-52,-56,-62.43,,,,,,,27,79,75,8,,0,0,0,0,0,0,380682855.1403008,28073956.0,0.1754,-0.441,867184,1592426,0,54.0,,2026-06-25
1814,QGEN,Healthcare,Diagnostics & Research,NYSE,2379687,38.73,78.22,10,29,-33.02,,,,,,,27,17,36,47,,0,0,0,0,0,0,7620937657.356262,206250000.0,0.031600002,0.018,2478362,2309388,0,33.3,,2026-06-25
1815,CVI,Energy,Oil & Gas Refining & Marketing,NYSE,894860,26.8,78.14,-47,-35,-35.69,,,,,,,27,74,86,41,,0,0,0,0,0,0,2754538374.25062,100530599.0,0.16370001,0.203,1174251,932938,0,67.0,,2026-06-25
1816,HCA,Healthcare,Medical Care Facilities,NYSE,1710370,387.76,78.06,3,55,-30.32,,,,,,,27,24,76,82,,0,0,0,0,0,0,83227640744.80591,221839800.0,0.0357,0.043,1655342,1522970,0,60.7,,2026-06-25
1817,SOFI,Financial Services,Credit Services,NASDAQ,77234935,17.31,78.04,6,10,-47.11,,,,,,,27,21,25,89,,0,0,0,0,0,0,22973894696.269222,1282741200.0,0.1471,0.425,87527676,74015981,0,45.0,,2026-06-25
1818,CHDN,Consumer Cyclical,Gambling,NASDAQ,891975,84.61,77.95,4,8,-28.58,,,,,,,27,23,27,62,,0,0,0,0,0,0,6152145835.192108,69696908.0,0.0657,0.031,1115346,1001881,0,37.3,,2026-06-25
1819,ADT,Industrials,Security & Protection Services,NYSE,9864616,6.55,77.91,2,4,-26.69,,,,,,,27,25,27,47,,0,0,0,0,0,0,5004427838.134537,760551352.0,0.0673,0.009,9364638,11242325,0,33.0,,2026-06-25
1820,GAP,Consumer Cyclical,Apparel Retail,NYSE,8896115,20.92,77.91,-4,34,-28.75,,,,,,,27,31,69,75,,0,0,0,0,0,0,7613554295.628935,359978933.0,0.1286,0.01,7540487,7799465,0,58.3,,2026-06-25
1821,JBS,Consumer Defensive,Packaged Foods,NYSE,8838583,12.19,77.9,-4,43,-34.64,,,,,,,27,31,78,49,,0,0,0,0,0,0,39238095869.561455,3289027231.0,0.1174,0.107,6262560,7172044,0,52.7,,2026-06-25
1822,CPB,Consumer Defensive,Packaged Foods,NASDAQ,10966040,22.24,77.87,14,23,-34.91,,,,,,,27,13,22,22,,0,0,0,0,0,0,6307061925.693346,298206243.0,0.3156,-0.044,15479271,9456820,0,19.0,,2026-06-25
1823,BJ,Consumer Defensive,Discount Stores,NYSE,2545109,87.51,77.8,2,27,-24.19,,,,,,,27,25,50,31,,0,0,0,0,0,0,10882081728.016447,127693987.0,0.072399996,0.099,2141128,2209667,0,35.3,,2026-06-25
1824,KT,Communication Services,Telecom Services,NYSE,1976105,17.81,77.77,2,51,-27.54,,,,,,,27,25,74,53,,0,0,0,0,0,0,8769117299.043457,478663616.0,0.0074,-0.01,1890886,1588571,0,50.7,,2026-06-25
1825,MMSI,Healthcare,Medical Instruments & Supplies,NASDAQ,765717,69.2,77.63,11,20,-28.47,,,,,,,27,16,25,38,,0,0,0,0,0,0,4009999425.920868,59654855.0,0.0668,0.075,764322,793812,0,26.3,,2026-06-25
1826,TEM,Healthcare,Health Information Services,NASDAQ,6770199,51.94,77.63,11,13,-50.21,,,,,,,27,16,18,62,,0,0,0,0,0,0,9129072781.679407,179564767.0,0.31440002,0.361,6650417,6681307,0,32.0,,2026-06-25
1827,ATHM,Communication Services,Internet Content & Information,NYSE,808034,19.1,77.6,13,16,-36.16,,,,,,,27,14,17,24,,0,0,0,0,0,0,2083441797.5636864,115170911.0,0.0337,-0.279,991993,694116,0,18.3,,2026-06-25
1828,STE,Healthcare,Medical Devices,NYSE,906781,207.17,77.58,2,15,-23.11,,,,,,,27,25,38,67,,0,0,0,0,0,0,19745900604.283447,97457680.0,0.0211,0.073,891804,822362,0,43.3,,2026-06-25
1829,GPN,Industrials,Specialty Business Services,NYSE,3996027,67.08,77.52,-6,-12,-25.99,,,,,,,27,33,27,27,,0,0,0,0,0,0,18294588996.85032,273543507.0,0.063200004,0.631,4157311,3674870,0,29.0,,2026-06-25
1830,STRC,Technology,Software - Application,NASDAQ,4143374,80.84,77.52,-32,-22,-19.5,,,,,,,27,59,69,61,,0,0,0,0,0,0,,,0.61,0.119,3859753,3814030,0,63.0,,2026-06-25
1831,FRPT,Consumer Defensive,Packaged Foods,NASDAQ,1648766,52.74,77.51,11,29,-38.67,,,,,,,27,16,34,23,,0,0,0,0,0,0,2703344850.425457,49142791.0,0.2192,0.131,1353430,1564130,0,24.3,,2026-06-25
1832,YUMC,Consumer Cyclical,Restaurants,NYSE,1825678,41.05,77.51,-1,35,-29.7,,,,,,,27,28,64,53,,0,0,0,0,0,0,14873581525.301582,346461249.0,0.0119,0.097,2181925,1606089,0,48.3,,2026-06-25
1833,LRN,Consumer Defensive,Education & Training Services,NYSE,801431,84.81,77.47,-3,3,-50.45,,,,,,,27,30,36,8,,0,0,0,0,0,0,3521056881.7755127,42524840.0,0.2194,0.027,1137994,839600,0,24.7,,2026-06-25
1834,WU,Financial Services,Credit Services,NYSE,8661144,7.24,77.45,-8,15,-30.05,,,,,,,27,35,58,63,,0,0,0,0,0,0,2224537904.72464,312435104.0,0.1864,-0.001,9069622,9104112,0,52.0,,2026-06-25
1835,ONON,Consumer Cyclical,Footwear & Accessories,NYSE,6314352,36.92,77.43,3,-1,-34.01,,,,,,,27,24,20,53,,0,0,0,0,0,0,12959860530.59457,333329737.0,0.0802,0.145,5089776,5893895,0,32.3,,2026-06-25
1836,PAYX,Technology,Software - Application,NASDAQ,3477074,96.3,77.42,2,-1,-36.88,,,,,,,27,25,22,24,,0,0,0,0,0,0,35198495384.0481,358290881.0,0.0625,0.199,4160933,3340910,0,23.7,,2026-06-25
1837,PWP,Financial Services,Capital Markets,NASDAQ,1345176,16.16,77.39,-14,-16,-37.67,,,,,,,27,41,39,24,,0,0,0,0,0,0,1156068421.4736652,72938069.0,0.1282,-0.297,1385100,1273150,0,34.7,,2026-06-25
1838,EQT,Energy,Oil & Gas E&P,NYSE,6766938,51.48,77.32,-14,28,-24.56,,,,,,,27,41,83,55,,0,0,0,0,0,0,31724244923.52295,625478000.0,0.0392,0.499,8355285,7294235,0,59.7,,2026-06-25
1839,NFG,Energy,Oil & Gas Integrated,NYSE,778972,76.63,77.28,-7,36,-21.05,,,,,,,26,33,76,52,,0,0,0,0,0,0,7212233564.175018,95035362.0,0.06,0.176,632038,809719,0,53.7,,2026-06-25
1840,GFI,Basic Materials,Gold,NYSE,3736228,31.88,77.28,-40,-18,-48.28,,,,,,,26,66,88,94,,0,0,0,0,0,0,34524554279.22562,894418540.0,0.0052,0.714,4615055,3405715,1,82.7,,2026-06-25
1841,ALLE,Industrials,Security & Protection Services,NYSE,995445,134.0,77.26,3,24,-26.82,,,,,,,26,23,44,62,,0,0,0,0,0,0,11478453583.183044,85935861.0,0.0392,0.097,1082577,1058411,0,43.0,,2026-06-25
1842,WLK,Basic Materials,Specialty Chemicals,NYSE,1018808,75.87,77.25,-36,-9,-38.93,,,,,,,26,62,89,26,,0,0,0,0,0,0,10285709787.919922,128122944.0,0.113800004,-0.068,1035614,1078072,0,59.0,,2026-06-25
1843,IOT,Technology,Software - Infrastructure,NYSE,6725734,31.24,77.23,-6,-12,-34.19,,,,,,,26,32,26,31,,0,0,0,0,0,0,18466082809.78076,582710082.0,0.1313,0.305,6149143,6249422,0,29.7,,2026-06-25
1844,TIC,Industrials,Specialty Business Services,NYSE,1967626,8.26,77.23,1,-11,-44.73,,,,,,,26,25,13,23,,0,0,0,0,0,0,1861178742.5442123,221042604.0,0.123900004,1.084,1664629,2359659,0,20.3,,2026-06-25
1845,SHOP,Technology,Software - Application,NASDAQ,10335286,114.17,77.15,3,11,-37.33,,,,,,,26,23,31,86,,0,0,0,0,0,0,141249702318.43622,1297654610.0,0.0178,0.343,9450869,10787515,0,46.7,,2026-06-25
1846,OPFI,Financial Services,Credit Services,NYSE,763320,8.8,77.07,3,-2,-41.45,,,,,,,26,23,18,62,,0,0,0,0,0,0,719865106.6999512,85393248.0,0.0271,-0.022,866042,701516,0,34.3,,2026-06-25
1847,ALC,Healthcare,Medical Instruments & Supplies,NYSE,2097513,67.93,77.0,5,20,-26.6,,,,,,,26,21,36,37,,0,0,0,0,0,0,31544436148.83423,487700000.0,2.05,0.094,1803369,2118037,0,31.3,,2026-06-25
1848,AJG,Financial Services,Insurance Brokers,NYSE,1888959,220.76,76.99,7,9,-32.56,,,,,,,26,19,21,24,,0,0,0,0,0,0,55001003892.7002,256942000.0,0.0199,0.346,2030719,1794871,0,21.3,,2026-06-25
1849,GEHC,Healthcare,Medical Devices,NASDAQ,4943557,64.88,76.89,4,17,-27.73,,,,,,,26,22,35,63,,0,0,0,0,0,0,28016785169.150974,454891786.0,0.0365,0.074,5004703,5397464,0,40.0,,2026-06-25
1850,XYL,Industrials,Specialty Industrial Machinery,NYSE,1942543,112.04,76.83,3,16,-27.37,,,,,,,26,23,36,57,,0,0,0,0,0,0,26483808554.83021,237693493.0,0.041300002,0.027,1920831,2159736,0,38.7,,2026-06-25
1851,KR,Consumer Defensive,Grocery Stores,NYSE,8540593,58.48,76.82,-9,29,-23.64,,,,,,,26,35,73,36,,0,0,0,0,0,0,34701930374.14551,613000000.0,0.0511,0.012,11204720,6931274,0,48.0,,2026-06-25
1852,MIR,Industrials,Specialty Industrial Machinery,NYSE,4175440,18.21,76.79,2,11,-39.86,,,,,,,26,24,33,79,,0,0,0,0,0,0,4553043061.306,244655718.0,0.188,0.275,4510681,4010634,0,45.3,,2026-06-25
1853,SPGI,Financial Services,Financial Data & Stock Exchanges,NYSE,2239316,402.35,76.79,0,1,-30.52,,,,,,,26,26,27,59,,0,0,0,0,0,0,121632323974.60938,296000000.0,0.0154,0.104,2345459,2073527,0,37.3,,2026-06-25
1854,CARG,Consumer Cyclical,Auto & Truck Dealerships,NASDAQ,1564107,31.2,76.69,1,27,-20.85,,,,,,,26,25,51,66,,0,0,0,0,0,0,2707416723.244377,90187098.0,0.1753,0.148,1435042,1365710,0,47.3,,2026-06-25
1855,EVTC,Technology,Software - Infrastructure,NYSE,739449,26.45,76.5,6,16,-29.99,,,,,,,26,20,30,23,,0,0,0,0,0,0,1584875205.3686676,61620344.0,0.0512,0.084,859138,637455,0,24.3,,2026-06-25
1856,TRU,Financial Services,Financial Data & Stock Exchanges,NYSE,2361946,68.0,76.5,0,-1,-31.58,,,,,,,26,26,25,47,,0,0,0,0,0,0,12454879705.810549,192800000.0,0.0512,0.137,3328319,2308827,0,32.7,,2026-06-25
1857,FCN,Industrials,Consulting Services,NYSE,599662,144.35,76.49,-6,20,-23.75,,,,,,,26,32,58,52,,0,0,0,0,0,0,4388369835.135391,30144043.0,0.0996,0.095,645356,518493,0,47.3,,2026-06-25
1858,PFLT,Financial Services,Asset Management,NYSE,1154184,7.18,76.44,-8,-9,-34.01,,,,,,,26,34,33,45,,0,0,0,0,0,0,742149863.9724312,99217896.0,0.0396,0.065,1235462,1107092,0,37.3,,2026-06-25
1859,MMYT,Consumer Cyclical,Travel Services,NASDAQ,1123206,51.68,76.34,18,16,-50.78,,,,,,,26,8,6,24,,0,0,0,0,0,0,4432195326.044678,94867192.0,0.1033,0.019,1491150,1138834,0,12.7,,2026-06-25
1860,TSLX,Financial Services,Asset Management,NYSE,735919,16.67,76.27,0,3,-33.77,,,,,,,26,26,29,52,,0,0,0,0,0,0,1578275613.995361,95019600.0,0.083500005,-0.197,782388,735789,0,35.7,,2026-06-25
1861,IE,Basic Materials,Copper,NYSE ARCA,2219193,9.39,76.27,-46,-69,-56.43,,,,,,,26,72,49,94,,0,0,0,0,0,0,1804524099.8165493,158291593.0,0.06,0.167,2788459,2130799,1,71.7,,2026-06-25
1862,POOL,Industrials,Industrial Distribution,NASDAQ,1139077,205.36,76.24,11,19,-40.48,,,,,,,26,15,23,17,,0,0,0,0,0,0,7251793367.157394,36443003.0,0.120900005,0.062,1596911,1057046,0,18.3,,2026-06-25
1863,EEFT,Technology,Software - Infrastructure,NASDAQ,734673,67.5,76.22,3,3,-37.45,,,,,,,25,22,22,19,,0,0,0,0,0,0,2506864049.5248413,38075094.0,0.125,0.105,783901,739034,0,21.0,,2026-06-25
1864,DEC,Energy,Oil & Gas Integrated,NYSE,995851,12.77,76.18,-38,-15,-32.43,,,,,,,25,63,86,57,,0,0,0,0,0,0,940205123.0,72323471.0,0.0471,0.66,1381694,887510,0,68.7,,2026-06-25
1865,LKQ,Consumer Cyclical,Auto Parts,NASDAQ,3201783,26.23,76.14,2,15,-34.05,,,,,,,25,23,36,28,,0,0,0,0,0,0,6573603348.61002,254790835.0,0.0617,0.043,2876680,3079650,0,29.0,,2026-06-25
1866,JOBY,Industrials,Airports & Air Services,NYSE,33144668,9.28,76.14,-43,-87,-55.7,,,,,,,25,68,24,84,,0,0,0,0,0,0,9836428520.0,983642852.0,0.1356,,39874265,32499471,0,58.7,,2026-06-25
1867,VYX,Technology,Information Technology Services,NYSE,2428897,7.5,76.14,15,16,-48.88,,,,,,,25,10,11,24,,0,0,0,0,0,0,1032175709.2084408,137807175.0,0.3438,-0.01,2905283,2387686,0,15.0,,2026-06-25
1868,MDLN,Healthcare,Medical Instruments & Supplies,NASDAQ,12335783,36.05,76.13,3,29,-29.14,,,,,,,25,22,48,50,,0,0,0,0,0,0,30391085199.51662,845606187.0,0.0585,0.107,9980851,9900758,0,40.0,,2026-06-25
1869,GFL,Industrials,Waste Management,NYSE,2243873,37.25,76.05,7,21,-27.68,,,,,,,25,18,32,34,,0,0,0,0,0,0,12670091693.101524,360971289.0,0.0691,0.054,2215521,2598230,0,28.0,,2026-06-25
1870,SHOE,Consumer Cyclical,Apparel Retail,NASDAQ,562278,15.98,76.02,-4,-3,-39.86,,,,,,,25,29,30,18,,0,0,0,0,0,0,432791838.12685776,27151308.0,0.137,-0.025,555536,469029,0,25.7,,2026-06-25
1871,HELP,Healthcare,Biotechnology,NASDAQ,709244,5.09,76.0,15,19,-48.22,,,,,,,25,10,14,82,,0,0,0,0,0,0,233005595.5766201,49894131.0,3.61,,818863,1108552,0,35.3,,2026-06-25
1872,TTEK,Industrials,Engineering & Construction,NASDAQ,4266526,28.58,75.94,5,22,-33.75,,,,,,,25,20,37,44,,0,0,0,0,0,0,7100595923.041306,259524699.0,0.056599997,-0.049,4774649,3787779,0,33.7,,2026-06-25
1873,JD,Consumer Cyclical,Internet Retail,NASDAQ,10221359,25.48,75.94,-27,-45,-30.87,,,,,,,25,52,34,21,,0,0,0,0,0,0,37233284587.86011,1350500000.0,0.023599999,0.049,8301877,9612325,0,35.7,,2026-06-25
1874,RCAT,Industrials,Aerospace & Defense,NASDAQ,16716972,9.34,75.94,-36,-4,-50.27,,,,,,,25,61,93,28,,0,0,0,0,0,0,1719076805.0246365,150268957.0,0.2056,8.491,11633668,13949031,1,60.7,,2026-06-25
1875,BX,Financial Services,Asset Management,NYSE,5297874,112.99,75.85,-3,-10,-40.56,,,,,,,25,28,21,40,,0,0,0,0,0,0,151303812984.90427,1222261991.0,0.026700001,0.057,5595582,5638612,0,29.7,,2026-06-25
1876,OTIS,Industrials,Specialty Industrial Machinery,NYSE,3791109,72.63,75.85,4,13,-28.39,,,,,,,25,21,30,33,,0,0,0,0,0,0,28114875600.41061,383716076.0,0.0361,0.064,4469767,3930663,0,28.0,,2026-06-25
1877,SSNC,Technology,Software - Application,NASDAQ,2448708,65.97,75.8,2,4,-27.56,,,,,,,25,23,25,61,,0,0,0,0,0,0,15755362390.399704,240834039.0,0.0321,0.088,2077386,2492257,0,36.3,,2026-06-25
1878,KLAR,Financial Services,Credit Services,NYSE,6742489,18.39,75.78,10,-1,-61.27,,,,,,,25,15,4,16,,0,0,0,0,0,0,7123658133.935539,378113486.0,0.1121,0.444,4982057,5841903,0,11.7,,2026-06-25
1879,XRAY,Healthcare,Medical Instruments & Supplies,NASDAQ,5558031,10.52,75.76,7,25,-38.44,,,,,,,25,18,36,20,,0,0,0,0,0,0,2069374620.106287,200326683.0,0.121800005,0.001,4524373,5119292,0,24.7,,2026-06-25
1880,MOMO,Communication Services,Internet Content & Information,NASDAQ,817939,5.51,75.66,-4,-3,-40.24,,,,,,,25,29,30,30,,0,0,0,0,0,0,803745869.8941741,147747401.0,0.0232,-0.054,1056518,732131,0,29.7,,2026-06-25
1881,LPLA,Financial Services,Capital Markets,NASDAQ,1038991,282.15,75.59,3,12,-30.09,,,,,,,25,22,31,62,,0,0,0,0,0,0,23510962967.303284,79982861.0,0.0373,0.35,823665,957205,0,38.3,,2026-06-25
1882,NOC,Industrials,Aerospace & Defense,NYSE,986333,503.01,75.48,-8,42,-35.01,,,,,,,25,33,83,64,,0,0,0,0,0,0,74070457734.0,142033476.0,0.0128,0.044,1050739,927893,0,60.0,,2026-06-25
1883,JBGS,Real Estate,REIT - Diversified,NYSE,502055,14.37,75.47,-1,6,-40.86,,,,,,,25,26,33,40,,0,0,0,0,0,0,824903464.3108559,58255895.0,0.2201,0.059,614807,539561,0,33.0,,2026-06-25
1884,STNE,Technology,Software - Infrastructure,NASDAQ,5845650,10.82,75.46,-2,10,-45.76,,,,,,,25,27,39,74,,0,0,0,0,0,0,2575786950.453682,243228226.0,0.1019,0.043,3981591,5931426,0,46.7,,2026-06-25
1885,GRFS,Healthcare,Drug Manufacturers - General,NASDAQ,627793,7.22,75.38,-3,2,-35.19,,,,,,,25,28,33,64,,0,0,0,0,0,0,5036287676.705111,680579407.0,10.39,-0.048,647870,669306,0,41.7,,2026-06-25
1886,FDS,Financial Services,Financial Data & Stock Exchanges,NYSE,948711,216.45,75.36,2,-8,-52.26,,,,,,,25,23,13,20,,0,0,0,0,0,0,8061843849.236252,36431127.0,0.18100001,0.071,991695,888561,0,18.7,,2026-06-25
1887,CME,Financial Services,Financial Data & Stock Exchanges,NASDAQ,3716318,231.68,75.35,-19,9,-29.61,,,,,,,25,44,72,61,,0,0,0,0,0,0,89022701155.65125,361322751.0,0.014099999,0.144,4182745,3161121,0,59.0,,2026-06-25
1888,SITE,Industrials,Industrial Distribution,NYSE,885473,111.53,75.3,1,39,-33.83,,,,,,,25,24,62,43,,0,0,0,0,0,0,4881437507.79921,44308229.0,0.078200005,0.001,797441,892726,0,43.0,,2026-06-25
1889,WTW,Financial Services,Insurance Brokers,NASDAQ,746874,261.5,75.25,3,14,-25.88,,,,,,,25,22,33,50,,0,0,0,0,0,0,24103123186.96765,94447976.0,0.0361,0.085,721124,792314,0,35.0,,2026-06-25
1890,SUZ,Basic Materials,Paper & Paper Products,NYSE,3211258,8.11,75.17,4,44,-29.69,,,,,,,25,21,61,40,,0,0,0,0,0,0,10357344021.40738,1234486722.0,0.0095,-0.051,2927946,2985419,0,40.7,,2026-06-25
1891,NMFC,Financial Services,Asset Management,NASDAQ,601162,6.95,75.15,-9,-13,-36.24,,,,,,,25,34,30,37,,0,0,0,0,0,0,676279097.987709,94452390.0,0.0484,-0.197,870778,622399,0,33.7,,2026-06-25
1892,BLDR,Industrials,Building Products & Equipment,NYSE,2738638,85.41,75.15,13,22,-43.45,,,,,,,25,12,21,20,,0,0,0,0,0,0,8668250012.94397,107559876.0,0.09770001,-0.101,2485975,2714175,0,17.7,,2026-06-25
1893,META,Communication Services,Internet Content & Information,NASDAQ,17044259,557.67,75.14,-8,-14,-29.96,,,,,,,24,32,26,46,,0,0,0,0,0,0,1465228625167.0098,2538423304.0,0.0147,0.331,16898307,16739517,0,34.7,,2026-06-25
1894,AGI,Basic Materials,Gold,NYSE,4209907,30.1,75.1,-44,-27,-45.68,,,,,,,24,68,85,88,,0,0,0,0,0,0,15261543099.821636,419965411.0,2.42,0.792,6615853,3910082,0,80.3,,2026-06-25
1895,ARVN,Healthcare,Biotechnology,NASDAQ,828518,8.05,74.97,-8,30,-44.52,,,,,,,24,32,70,80,,0,0,0,0,0,0,494877593.5825768,64521198.0,0.085200004,-0.917,713985,828381,0,60.7,,2026-06-25
1896,INGR,Consumer Defensive,Packaged Foods,NYSE,1019495,98.11,74.93,-2,13,-30.16,,,,,,,24,26,41,25,,0,0,0,0,0,0,6175373862.974098,63059061.0,0.0584,-0.012,1420196,892503,0,30.7,,2026-06-25
1897,ATRC,Healthcare,Medical Instruments & Supplies,NASDAQ,811539,28.28,74.84,0,3,-34.51,,,,,,,24,24,27,78,,0,0,0,0,0,0,1458459897.364006,50640970.0,0.0699,0.143,896009,845169,0,43.0,,2026-06-25
1898,TMUS,Communication Services,Telecom Services,NASDAQ,5425019,180.79,74.68,0,19,-30.88,,,,,,,24,24,43,26,,0,0,0,0,0,0,196604128955.814,1082204717.0,0.040999997,0.106,6548148,5806571,0,31.0,,2026-06-25
1899,EXPO,Industrials,Engineering & Construction,NASDAQ,641695,57.94,74.63,4,20,-29.3,,,,,,,24,20,36,33,,0,0,0,0,0,0,2759826544.2008514,48511629.0,0.055999998,0.105,672485,566665,0,29.7,,2026-06-25
1900,SONY,Technology,Consumer Electronics,NYSE,6785315,20.01,74.57,-4,-8,-34.05,,,,,,,24,28,24,45,,0,0,0,0,0,0,119740986593.45885,5889866554.0,0.002,0.154,6046245,6814563,0,32.3,,2026-06-25
1901,THO,Consumer Cyclical,Recreational Vehicles,NYSE,851121,75.49,74.56,4,14,-38.54,,,,,,,24,20,30,69,,0,0,0,0,0,0,3767912514.7601542,52057373.0,0.1167,-0.039,869673,761338,0,39.7,,2026-06-25
1902,VG,Energy,Oil & Gas Midstream,NYSE,16849889,10.51,74.53,-57,-43,-46.1,,,,,,,24,81,95,7,,0,0,0,0,0,0,27377626627.84885,2484358030.0,0.87160003,0.589,16635277,18038077,1,61.0,,2026-06-25
1903,ESRT,Real Estate,REIT - Diversified,NYSE,2277326,5.16,74.52,1,-2,-40.96,,,,,,,24,23,20,20,,0,0,0,0,0,0,903534245.2138577,172430207.0,0.0802,0.049,2838298,1971333,0,21.0,,2026-06-25
1904,XP,Financial Services,Capital Markets,NASDAQ,6561019,15.56,74.5,-5,30,-32.73,,,,,,,24,29,64,57,,0,0,0,0,0,0,7905164777.548399,516677430.0,0.0465,0.097,5983748,5551787,0,50.0,,2026-06-25
1905,ORCL,Technology,Software - Infrastructure,NYSE,25214887,157.53,74.48,-41,-85,-54.43,,,,,,,24,65,21,37,,0,0,0,0,0,0,530026498030.60913,2876046000.0,0.020399999,0.206,31888182,27880566,0,41.0,,2026-06-25
1906,MSFT,Technology,Software - Infrastructure,NASDAQ,38094020,365.46,74.4,-9,-17,-34.2,,,,,,,24,33,25,59,,0,0,0,0,0,0,2818348081358.0327,7428434704.0,0.0119,0.183,40448720,37205726,0,39.0,,2026-06-25
1907,NMAX,Communication Services,Broadcasting,NYSE,1494690,7.02,74.38,-5,-26,-56.07,,,,,,,24,29,8,5,,0,0,0,0,0,0,1004869845.1989818,129160645.0,0.8266,0.14,1339862,2090620,0,14.0,,2026-06-25
1908,UPST,Financial Services,Credit Services,NASDAQ,4724548,32.65,74.3,3,-10,-62.6,,,,,,,24,21,8,20,,0,0,0,0,0,0,3103926211.878853,95711569.0,0.3312,0.446,4787996,4854591,0,16.3,,2026-06-25
1909,CNMD,Healthcare,Medical Devices,NYSE,532987,35.4,74.23,8,15,-37.5,,,,,,,24,16,23,18,,0,0,0,0,0,0,980957595.6515808,30109194.0,0.0924,-0.013,668572,501606,0,19.0,,2026-06-25
1910,ARX,Financial Services,Insurance Brokers,NYSE,1553835,13.37,74.19,-45,-95,-57.12,,,,,,,24,69,19,23,,0,0,0,0,0,0,2834435356.6576767,218201340.0,0.0986,0.597,1637186,1428717,0,37.0,,2026-06-25
1911,TU,Communication Services,Telecom Services,NYSE,5771547,11.23,74.14,-4,8,-32.92,,,,,,,24,28,40,27,,0,0,0,0,0,0,18017966061.799267,1561348884.0,14.34,-0.006,7088092,5469334,0,31.7,,2026-06-25
1912,NU,Financial Services,Banks - Regional,NYSE,64585722,12.46,74.12,-2,15,-34.35,,,,,,,24,26,43,85,,0,0,0,0,0,0,61792731485.67071,4861741251.0,0.0379,0.437,52235498,52955157,0,51.3,,2026-06-25
1913,ARES,Financial Services,Asset Management,NYSE,2489427,113.87,74.09,-5,-16,-41.68,,,,,,,24,29,18,50,,0,0,0,0,0,0,29168540235.0072,225518332.0,0.16139999,0.283,2571831,2831254,0,32.3,,2026-06-25
1914,WPP,Communication Services,Advertising Agencies,NYSE,510360,16.57,74.07,3,-6,-54.8,,,,,,,24,21,12,17,,0,0,0,0,0,0,3876217030.6771946,215704907.0,0.013200001,-0.083,668880,475510,0,16.7,,2026-06-25
1915,HLI,Financial Services,Capital Markets,NYSE,654075,138.0,74.0,-2,-2,-34.84,,,,,,,24,26,26,38,,0,0,0,0,0,0,9721490203.043531,69059387.0,0.0332,-0.046,666037,670513,0,30.0,,2026-06-25
1916,SBSW,Basic Materials,Other Precious Metals & Mining,NYSE,5217784,8.59,73.97,-51,-38,-59.65,,,,,,,24,75,88,97,,0,0,0,0,0,0,6994991175.298777,723370333.0,0.0173,0.316,6158992,5010850,1,86.7,,2026-06-25
1917,MELI,Consumer Cyclical,Internet Retail,NASDAQ,581629,1659.57,73.93,4,6,-37.26,,,,,,,24,20,22,40,,0,0,0,0,0,0,82897498385.02417,50697182.0,0.0218,0.49,519068,570007,0,27.3,,2026-06-25
1918,ENVX,Industrials,Electrical Equipment & Parts,NASDAQ,7568748,5.94,73.9,-15,-40,-63.98,,,,,,,24,39,14,16,,0,0,0,0,0,0,1544526338.5562134,218153440.0,0.2606,0.491,4707096,6768167,0,23.0,,2026-06-25
1919,TM,Consumer Cyclical,Auto Manufacturers,NYSE,558620,167.76,73.76,-6,30,-32.6,,,,,,,23,29,65,73,,0,0,0,0,0,0,205963269728.00195,1184105248.0,0.0007,0.019,578961,518580,0,55.7,,2026-06-25
1920,GDS,Technology,Information Technology Services,NASDAQ,2906604,31.26,73.72,-12,35,-35.69,,,,,,,23,35,82,72,,0,0,0,0,0,0,6307887165.514408,200377613.0,0.087799996,0.236,2349593,2364214,0,63.0,,2026-06-25
1921,CMG,Consumer Cyclical,Restaurants,NYSE,19304606,31.69,73.68,1,0,-45.75,,,,,,,23,22,21,19,,0,0,0,0,0,0,41676029813.02643,1282734000.0,0.0394,0.074,17779270,18565134,0,20.7,,2026-06-25
1922,CEG,Utilities,Utilities - Independent Power Producers,NASDAQ,4137328,267.97,73.61,-10,8,-35.07,,,,,,,23,33,51,83,,0,0,0,0,0,0,97867377907.1889,357102017.0,0.036,0.638,3927875,3614485,0,55.7,,2026-06-25
1923,PSKY,Communication Services,Entertainment,NASDAQ,8855307,9.75,73.59,-1,-8,-53.26,,,,,,,23,24,17,43,,0,0,0,0,0,0,11124579726.896296,1119173058.0,0.1388,0.022,9526562,9116514,0,28.0,,2026-06-25
1924,FOX,Communication Services,Entertainment,NASDAQ,1934007,45.37,73.54,-40,-60,-33.45,,,,,,,23,63,43,80,,0,0,0,0,0,0,19714335931.758774,419900652.0,0.0855,-0.086,3791972,1543898,0,62.0,,2026-06-25
1925,EVLV,Industrials,Security & Protection Services,NASDAQ,3110574,5.49,73.48,-32,-24,-38.38,,,,,,,23,55,63,88,,0,0,0,0,0,0,1016273483.6538744,179871410.0,0.045900002,0.447,2422153,2798172,0,68.7,,2026-06-25
1926,QFIN,Financial Services,Credit Services,NASDAQ,1856299,15.18,73.44,11,7,-67.13,,,,,,,23,12,8,10,,0,0,0,0,0,0,1851846160.2844656,121751884.0,0.0252,-0.167,1462949,1519231,0,10.0,,2026-06-25
1927,PATH,Technology,Software - Infrastructure,NYSE,46930307,10.31,73.44,-17,-30,-48.03,,,,,,,23,40,27,85,,0,0,0,0,0,0,5321095368.996635,518120266.0,0.3098,0.173,50303192,38541284,0,50.7,,2026-06-25
1928,KEP,Utilities,Utilities - Regulated Electric,NYSE,1304257,12.15,73.4,0,55,-48.1,,,,,,,23,23,78,93,,0,0,0,0,0,0,16691066002.0,1283928154.0,0.0016,0.007,1196693,1007740,1,64.7,,2026-06-25
1929,PAX,Financial Services,Asset Management,NASDAQ,894799,10.76,73.27,-2,4,-39.55,,,,,,,23,25,31,80,,0,0,0,0,0,0,1813835081.353452,159528153.0,0.122600004,0.22,787769,920311,0,45.3,,2026-06-25
1930,EDU,Consumer Defensive,Education & Training Services,NYSE,572916,44.97,73.24,-7,24,-30.78,,,,,,,23,30,61,55,,0,0,0,0,0,0,7505380303.974758,166712133.0,0.0308,0.198,439338,710361,0,48.7,,2026-06-25
1931,T,Communication Services,Telecom Services,NYSE,47566226,22.37,73.23,-8,34,-24.91,,,,,,,23,31,73,36,,0,0,0,0,0,0,152932939348.69855,6948338835.0,0.0185,0.029,55864290,42924552,0,46.7,,2026-06-25
1932,GPK,Consumer Cyclical,Packaging & Containers,NYSE,7258121,10.77,73.18,11,8,-54.67,,,,,,,23,12,9,14,,0,0,0,0,0,0,3168953926.057208,295887387.0,0.1607,0.017,6611003,7340282,0,11.7,,2026-06-25
1933,VIPS,Consumer Cyclical,Internet Retail,NYSE,2823450,13.4,73.18,-6,5,-36.43,,,,,,,23,29,40,67,,0,0,0,0,0,0,6402006261.558266,480270540.0,0.0251,0.012,2455110,2390588,0,45.3,,2026-06-25
1934,DKNG,Consumer Cyclical,Gambling,NASDAQ,12810019,24.53,73.13,3,-6,-49.71,,,,,,,23,20,11,37,,0,0,0,0,0,0,13092839177.817,496128817.0,0.0879,0.168,14392797,12684069,0,22.7,,2026-06-25
1935,CAG,Consumer Defensive,Packaged Foods,NYSE,15569633,13.61,73.13,9,26,-37.51,,,,,,,23,14,31,22,,0,0,0,0,0,0,6315370367.945354,478437156.0,0.1328,-0.019,16332971,14918326,0,22.3,,2026-06-25
1936,DUOL,Technology,Software - Application,NASDAQ,1488684,132.15,73.13,14,10,-72.01,,,,,,,23,9,5,9,,0,0,0,0,0,0,5850231656.767273,46593117.0,0.2178,0.265,1608822,1753756,0,7.7,,2026-06-25
1937,TAL,Consumer Defensive,Education & Training Services,NYSE,3907388,9.16,73.11,-5,11,-31.49,,,,,,,23,28,44,45,,0,0,0,0,0,0,5097704291.498091,554701254.0,5.65,0.315,4156504,4043338,0,39.0,,2026-06-25
1938,METC,Basic Materials,Coking Coal,NASDAQ,1660481,12.57,73.04,-12,20,-78.25,,,,,,,23,35,67,79,,0,0,0,0,0,0,913701448.641489,65311041.0,0.48759997,-0.097,1615934,1513640,0,60.3,,2026-06-25
1939,WGO,Consumer Cyclical,Recreational Vehicles,NYSE,782011,27.27,72.98,3,18,-45.63,,,,,,,23,20,35,75,,0,0,0,0,0,0,810380115.4465084,28265787.0,0.0912,0.06,935845,701383,0,43.3,,2026-06-25
1940,AVPT,Technology,Software - Infrastructure,NASDAQ,2182606,10.4,72.98,2,-4,-47.87,,,,,,,23,21,15,28,,0,0,0,0,0,0,2207098978.008744,212017196.0,0.071,0.26,2707618,2086055,0,21.3,,2026-06-25
1941,JBI,Industrials,Building Products & Equipment,NYSE,2117264,5.56,72.92,9,12,-48.52,,,,,,,23,14,17,20,,0,0,0,0,0,0,732427489.2211218,136392459.0,0.0446,0.058,2404734,1867278,0,17.0,,2026-06-25
1942,GIS,Consumer Defensive,Packaged Foods,NYSE,10236196,34.8,72.92,9,18,-35.77,,,,,,,23,14,23,26,,0,0,0,0,0,0,17835625328.360504,533681218.0,0.1178,0.022,9926988,9548379,0,21.0,,2026-06-25
1943,NAVI,Financial Services,Credit Services,NASDAQ,1272205,8.43,72.79,3,-1,-47.54,,,,,,,23,20,16,43,,0,0,0,0,0,0,760374397.8716469,93989417.0,0.2337,-0.008,1326346,1181219,0,26.3,,2026-06-25
1944,HDB,Financial Services,Banks - Regional,NYSE,9769038,25.56,72.75,9,14,-35.79,,,,,,,23,14,19,62,,0,0,0,0,0,0,128647193721.19928,5133567297.0,0.0044,-0.018,9254786,8723649,0,31.7,,2026-06-25
1945,ZLAB,Healthcare,Biotechnology,NASDAQ,950734,18.37,72.68,4,6,-55.41,,,,,,,23,19,21,9,,0,0,0,0,0,0,2042611352.7279816,112354858.0,0.059299998,-0.065,1017114,910162,0,16.3,,2026-06-25
1946,YELP,Communication Services,Internet Content & Information,NYSE,1351686,23.36,72.67,-2,-3,-35.09,,,,,,,22,24,23,26,,0,0,0,0,0,0,1258187261.3699646,54990704.0,0.24610001,0.008,1229479,1227361,0,24.3,,2026-06-25
1947,TLK,Communication Services,Telecom Services,NYSE,1133884,14.23,72.67,-1,33,-39.5,,,,,,,22,23,57,81,,0,0,0,0,0,0,14686490028.152649,986995290.0,0.0052,0.015,1393643,1067038,0,53.7,,2026-06-25
1948,VRSK,Industrials,Consulting Services,NASDAQ,2711366,180.06,72.67,6,12,-42.8,,,,,,,22,16,22,23,,0,0,0,0,0,0,22771596191.846924,131021840.0,0.0731,0.039,4202649,2421083,0,20.3,,2026-06-25
1949,KKR,Financial Services,Asset Management,NYSE,4617510,91.51,72.67,-2,-7,-40.53,,,,,,,22,24,19,41,,0,0,0,0,0,0,87102655924.47354,897872941.0,0.0209,-0.066,4624702,4750046,0,28.0,,2026-06-25
1950,COUR,Consumer Defensive,Education & Training Services,NYSE,7984532,6.09,72.61,10,16,-55.09,,,,,,,22,12,18,23,,0,0,0,0,0,0,1532018653.8907127,286358632.0,0.0785,0.091,8489587,7173831,0,17.7,,2026-06-25
1951,SSTK,Communication Services,Internet Content & Information,NYSE,600158,14.19,72.59,-9,-4,-51.9,,,,,,,22,31,36,31,,0,0,0,0,0,0,485676554.8901081,36738014.0,0.0498,-0.179,493844,460238,0,32.7,,2026-06-25
1952,FSK,Financial Services,Asset Management,NYSE,3132231,10.04,72.56,6,7,-55.73,,,,,,,22,16,17,28,,0,0,0,0,0,0,2876282395.1142387,280066433.0,0.0538,-0.24,3077935,3316867,0,20.3,,2026-06-25
1953,PFSI,Financial Services,Mortgage Finance,NYSE,529657,83.35,72.48,-2,-3,-48.02,,,,,,,22,24,23,77,,0,0,0,0,0,0,4277571059.884072,51924875.0,0.0622,-0.166,522403,538014,0,41.3,,2026-06-25
1954,MAT,Consumer Cyclical,Leisure,NASDAQ,4347787,13.88,72.46,0,1,-38.26,,,,,,,22,22,23,63,,0,0,0,0,0,0,4079588748.915672,290569000.0,0.1296,0.043,4699672,4563468,0,36.0,,2026-06-25
1955,SYM,Industrials,Specialty Industrial Machinery,NASDAQ,2540734,39.43,72.45,-47,-32,-55.13,,,,,,,22,69,84,93,,0,0,0,0,0,0,5302338369.303062,127215411.0,0.2793,0.231,2087313,2211760,1,82.0,,2026-06-25
1956,FOXA,Communication Services,Entertainment,NASDAQ,6396440,49.8,72.44,-44,-67,-34.81,,,,,,,22,66,43,83,,0,0,0,0,0,0,21931410861.744736,419900652.0,0.1607,-0.086,13686651,4952754,0,64.0,,2026-06-25
1957,PRGS,Technology,Software - Infrastructure,NASDAQ,638577,29.96,72.27,11,12,-54.26,,,,,,,22,11,12,23,,0,0,0,0,0,0,1248893157.641373,42078610.0,0.14479999,0.041,628012,725958,0,15.3,,2026-06-25
1958,IMSR,Utilities,Utilities - Regulated Electric,NASDAQ,3252939,7.08,72.25,-8,-21,-77.52,,,,,,,22,30,17,8,,0,0,0,0,0,0,901509137.9066582,105935266.0,0.0987,,2421347,3258033,0,18.3,,2026-06-25
1959,SE,Consumer Cyclical,Internet Retail,NYSE,4239489,92.75,72.18,10,9,-53.46,,,,,,,22,12,11,28,,0,0,0,0,0,0,55907586420.49823,612484522.0,0.0608,0.466,3488278,4178099,0,17.0,,2026-06-25
1960,DLB,Industrials,Specialty Business Services,NYSE,898313,52.64,72.16,0,8,-31.64,,,,,,,22,22,30,27,,0,0,0,0,0,0,4950319531.164322,94598115.0,0.1108,0.071,936579,818001,0,26.3,,2026-06-25
1961,APTV,Consumer Cyclical,Auto Parts,NYSE,3887637,60.42,72.14,3,23,-32.06,,,,,,,22,19,39,63,,0,0,0,0,0,0,13475995223.94146,211620527.0,0.0582,0.054,2954573,3669712,0,40.3,,2026-06-25
1962,ISRG,Healthcare,Medical Instruments & Supplies,NASDAQ,2464398,401.83,71.99,-2,8,-33.46,,,,,,,22,24,34,75,,0,0,0,0,0,0,144066360436.4323,354162842.0,0.020599999,0.23,2459084,2453852,0,44.3,,2026-06-25
1963,CBZ,Industrials,Specialty Business Services,NYSE,660804,31.22,71.93,5,-5,-59.93,,,,,,,22,17,7,19,,0,0,0,0,0,0,1668475585.6653671,53648732.0,0.0864,0.013,790873,805110,0,14.3,,2026-06-25
1964,ALNY,Healthcare,Biotechnology,NASDAQ,1115241,294.06,71.88,0,14,-40.66,,,,,,,22,22,36,78,,0,0,0,0,0,0,37128510936.63236,133512573.0,0.0529,0.964,1305004,1133338,0,45.3,,2026-06-25
1965,DXYZ,Financial Services,Asset Management,NYSE,6566185,25.61,71.85,-73,-133,-64.86,,,,,,,22,95,35,28,,0,0,0,0,0,0,846945435.956543,30465664.0,0.0652,,5815106,5049647,1,52.7,,2026-06-25
1966,TW,Financial Services,Capital Markets,NASDAQ,1812896,96.05,71.76,0,24,-34.88,,,,,,,22,22,46,26,,0,0,0,0,0,0,21691408363.53617,218026021.0,0.0273,0.212,1380380,1670238,0,31.3,,2026-06-25
1967,MLCO,Consumer Cyclical,Resorts & Casinos,NASDAQ,2295366,5.47,71.7,3,9,-46.11,,,,,,,22,19,25,58,,0,0,0,0,0,0,2147252358.4968092,388291551.0,0.034,0.109,2598069,2091193,0,34.0,,2026-06-25
1968,VTS,Energy,Oil & Gas E&P,NYSE,545638,15.68,71.63,1,17,-42.25,,,,,,,22,21,37,25,,0,0,0,0,0,0,667815917.7872162,41712424.0,0.1538,0.022,753546,525319,0,27.7,,2026-06-25
1969,ACI,Consumer Defensive,Grocery Stores,NYSE,7723501,14.13,71.62,-3,13,-37.97,,,,,,,21,24,40,29,,0,0,0,0,0,0,6651493530.574965,494534842.0,0.1372,0.077,10380285,7276781,0,31.0,,2026-06-25
1970,GT,Consumer Cyclical,Auto Parts,NASDAQ,8708940,6.29,71.55,8,17,-46.65,,,,,,,21,13,22,55,,0,0,0,0,0,0,1779245142.3373704,287438631.0,0.1468,-0.087,9456372,8881944,0,30.0,,2026-06-25
1971,EXE,Energy,Oil & Gas E&P,NASDAQ,3337821,88.6,71.42,-7,28,-30.03,,,,,,,21,28,63,60,,0,0,0,0,0,0,20808126089.09536,239228849.0,0.025999999,0.41,3827314,3266010,0,50.3,,2026-06-25
1972,RMD,Healthcare,Medical Instruments & Supplies,NYSE,1513991,196.5,71.42,0,16,-33.12,,,,,,,21,21,37,40,,0,0,0,0,0,0,27361986422.203125,145056384.0,0.094399996,0.108,1513204,1471156,0,32.7,,2026-06-25
1973,MANH,Technology,Software - Application,NASDAQ,587794,130.87,71.36,-3,-8,-47.06,,,,,,,21,24,19,25,,0,0,0,0,0,0,7826293480.337585,59164602.0,0.0618,0.074,591414,671420,0,22.7,,2026-06-25
1974,PAYC,Technology,Software - Application,NYSE,1009822,127.22,71.35,0,-7,-48.9,,,,,,,21,21,14,19,,0,0,0,0,0,0,5821393114.152695,46627098.0,0.098500006,0.078,1281657,989201,0,18.0,,2026-06-25
1975,ENOV,Healthcare,Medical Devices,NYSE,1132077,21.38,71.33,-9,-18,-41.93,,,,,,,21,30,21,21,,0,0,0,0,0,0,1264650348.3848972,57562603.0,0.1792,0.054,1170731,1092270,0,24.0,,2026-06-25
1976,AMTM,Industrials,Specialty Business Services,NYSE,2094654,20.38,71.2,-8,31,-46.52,,,,,,,21,29,68,84,,0,0,0,0,0,0,5286996813.794769,244090344.0,0.090100005,-0.004,1795733,1982570,0,60.3,,2026-06-25
1977,DSGX,Technology,Software - Application,NASDAQ,560573,67.77,71.15,-5,-9,-37.83,,,,,,,21,26,22,28,,0,0,0,0,0,0,5769563538.81459,85690827.0,3.85,0.147,566330,560124,0,25.3,,2026-06-25
1978,RELX,Industrials,Specialty Business Services,NYSE,2628694,31.15,71.02,-1,-3,-42.71,,,,,,,21,22,20,25,,0,0,0,0,0,0,54759045804.976845,1756223389.0,0.002,0.012,2591153,2598486,0,22.3,,2026-06-25
1979,WB,Communication Services,Internet Content & Information,NASDAQ,1543381,7.29,70.96,-3,5,-43.75,,,,,,,21,24,32,46,,0,0,0,0,0,0,1800779934.0166702,245672572.0,0.17899999,0.062,1537223,1318988,0,34.0,,2026-06-25
1980,KBR,Industrials,Engineering & Construction,NYSE,1870848,33.19,70.95,4,17,-36.45,,,,,,,21,17,30,23,,0,0,0,0,0,0,4161246350.046776,126789957.0,0.0652,-0.047,1618046,1833809,0,23.3,,2026-06-25
1981,ARLO,Industrials,Building Products & Equipment,NYSE,1290438,12.42,70.92,-24,-25,-37.71,,,,,,,21,45,44,50,,0,0,0,0,0,0,1418444255.594493,108609817.0,0.12149999,0.263,1162045,1318843,0,46.3,,2026-06-25
1982,HDSN,Basic Materials,Specialty Chemicals,NASDAQ,545203,5.78,70.81,8,20,-45.06,,,,,,,21,13,25,33,,0,0,0,0,0,0,247364478.25439072,42068788.0,0.04,0.087,480139,463843,0,23.7,,2026-06-25
1983,SRPT,Healthcare,Biotechnology,NASDAQ,2958167,16.69,70.81,1,15,-34.08,,,,,,,21,20,34,20,,0,0,0,0,0,0,1850751244.1534383,105576222.0,0.28530002,-0.019,2911711,2932758,0,24.7,,2026-06-25
1984,ROL,Consumer Cyclical,Personal Services,NYSE,4455774,44.54,70.78,-9,0,-32.66,,,,,,,21,30,39,69,,0,0,0,0,0,0,21646531079.20837,481462000.0,0.0343,0.102,3969842,3775670,0,46.0,,2026-06-25
1985,QXO,Industrials,Industrial Distribution,NYSE,16830181,16.93,70.78,-3,29,-38.68,,,,,,,21,24,56,77,,0,0,0,0,0,0,12881423093.20922,725305345.0,0.2013,127.163,17434984,17435362,0,52.3,,2026-06-25
1986,PINS,Communication Services,Internet Content & Information,NYSE,20451111,19.86,70.73,-1,-10,-50.26,,,,,,,21,22,13,22,,0,0,0,0,0,0,11354389274.709677,560157327.0,0.19459999,0.178,20115234,19725138,0,19.0,,2026-06-25
1987,MBLY,Consumer Cyclical,Auto Parts,NASDAQ,6342736,7.79,70.64,-8,-27,-61.4,,,,,,,21,29,10,13,,0,0,0,0,0,0,7124894784.986852,842186141.0,0.16479999,0.274,5879030,6471028,0,17.3,,2026-06-25
1988,GOOS,Consumer Cyclical,Apparel Manufacturing,NYSE,731269,9.47,70.52,2,23,-38.61,,,,,,,21,19,40,75,,0,0,0,0,0,0,951024503.47431,97142442.0,0.0959,0.179,558969,592321,0,44.7,,2026-06-25
1989,ICE,Financial Services,Financial Data & Stock Exchanges,NYSE,4441084,130.02,70.5,-10,-2,-31.33,,,,,,,20,30,38,43,,0,0,0,0,0,0,75710815591.89148,565512495.0,0.016900001,0.204,4444413,3960770,0,37.0,,2026-06-25
1990,VNT,Technology,Scientific & Technical Instruments,NYSE,2102192,30.25,70.36,3,28,-37.24,,,,,,,20,17,42,44,,0,0,0,0,0,0,4211327978.515625,140800000.0,0.0916,0.013,1876916,1896461,0,34.3,,2026-06-25
1991,GENI,Communication Services,Internet Content & Information,NYSE,7119230,5.66,70.34,9,4,-58.78,,,,,,,20,11,6,65,,0,0,0,0,0,0,1630767612.2045703,267338957.0,0.0793,0.305,7703000,6432846,0,27.3,,2026-06-25
1992,RYAN,Financial Services,Insurance - Specialty,NYSE,2508202,35.28,70.21,9,9,-49.23,,,,,,,20,11,11,25,,0,0,0,0,0,0,4527500873.962158,129468136.0,0.1154,0.158,2743847,2650749,0,15.7,,2026-06-25
1993,GPGI,Industrials,Metal Fabrication,NYSE,2157783,14.24,70.19,8,47,-46.83,,,,,,,20,12,51,82,,0,0,0,0,0,0,4179802059.014673,289861445.0,0.2307,,2232800,3012968,0,48.3,,2026-06-25
1994,OTF,Financial Services,Asset Management,NYSE,2371050,10.22,70.15,-4,7,-36.52,,,,,,,20,24,35,45,,0,0,0,0,0,0,4931765824.046402,462642204.0,0.0153,0.783,2957710,2237986,0,34.7,,2026-06-25
1995,BRSL,Consumer Cyclical,Gambling,NYSE,1742515,10.82,70.14,1,16,-41.73,,,,,,,20,19,34,59,,0,0,0,0,0,0,2080943354.085884,183991448.0,0.0343,0.007,1417337,1506547,0,37.3,,2026-06-25
1996,SPOT,Communication Services,Internet Content & Information,NYSE,2216898,455.01,69.87,-14,-25,-42.04,,,,,,,20,34,23,36,,0,0,0,0,0,0,96246635391.86844,205620061.0,0.045,0.082,2006666,2286725,0,31.0,,2026-06-25
1997,CMCSA,Communication Services,Telecom Services,NASDAQ,33560077,22.64,69.81,-4,16,-34.11,,,,,,,20,24,44,29,,0,0,0,0,0,0,80125087623.66763,3572228557.0,0.026500002,0.053,36283652,32975280,0,32.3,,2026-06-25
1998,CLBT,Technology,Software - Infrastructure,NASDAQ,2397024,12.69,69.77,-3,-5,-36.49,,,,,,,20,23,21,39,,0,0,0,0,0,0,3200312833.079252,249439817.0,0.0296,0.193,1850843,2130080,0,27.7,,2026-06-25
1999,OTEX,Technology,Software - Application,NASDAQ,3120569,21.2,69.76,-4,-8,-46.87,,,,,,,20,24,20,64,,0,0,0,0,0,0,5020684357.995682,242662360.0,0.0525,0.022,2762539,2649681,0,36.0,,2026-06-25
2000,CHYM,Technology,Software - Application,NASDAQ,4576024,17.38,69.72,4,2,-55.06,,,,,,,20,16,14,41,,0,0,0,0,0,0,6705936991.747267,381019139.0,0.0467,0.248,5126863,4849310,0,23.7,,2026-06-25
2001,BRO,Financial Services,Insurance Brokers,NYSE,3284942,61.8,69.68,7,12,-44.37,,,,,,,20,13,18,20,,0,0,0,0,0,0,20031816885.90664,338947841.0,0.0636,0.357,3371356,3261463,0,17.0,,2026-06-25
2002,FIGR,Financial Services,Capital Markets,NASDAQ,4223434,27.4,69.62,-35,-59,-64.87,,,,,,,20,55,31,79,,0,0,0,0,0,0,6312429070.263439,221100849.0,0.0537,1.192,4569433,3970582,0,55.0,,2026-06-25
2003,MKC,Consumer Defensive,Packaged Foods,NYSE,4471442,47.6,69.62,7,18,-39.1,,,,,,,20,13,24,35,,0,0,0,0,0,0,12538846450.711136,268843195.0,0.0,0.167,5964776,4142199,0,24.0,,2026-06-25
2004,TPG,Financial Services,Asset Management,NASDAQ,2296627,38.74,69.56,-5,-10,-44.96,,,,,,,20,25,20,76,,0,0,0,0,0,0,6747343592.428722,160460017.0,0.067,-0.568,2482163,2547060,0,40.3,,2026-06-25
2005,FDP,Consumer Defensive,Farm Products,NYSE,631097,28.85,69.48,-7,49,-33.8,,,,,,,20,27,83,63,,0,0,0,0,0,0,1305502176.3686504,47576609.0,0.0888,-0.049,735393,494204,0,57.7,,2026-06-25
2006,PSN,Technology,Information Technology Services,NYSE,1201588,48.84,69.46,1,9,-45.43,,,,,,,20,19,27,21,,0,0,0,0,0,0,5585348483.468239,106978521.0,0.1582,-0.041,1033825,1252747,0,22.3,,2026-06-25
2007,CG,Financial Services,Asset Management,NASDAQ,3410762,41.06,69.29,-8,-5,-41.22,,,,,,,20,28,31,71,,0,0,0,0,0,0,16126854054.961308,359974427.0,0.0585,-0.941,3398208,3474393,0,43.3,,2026-06-25
2008,JKHY,Technology,Information Technology Services,NASDAQ,1882610,128.06,69.23,-3,10,-33.78,,,,,,,20,23,36,69,,0,0,0,0,0,0,8968740197.91275,71050780.0,0.090100005,0.087,1975310,1514424,0,42.7,,2026-06-25
2009,AXON,Industrials,Aerospace & Defense,NASDAQ,1139715,456.73,69.16,9,17,-48.45,,,,,,,20,11,19,26,,0,0,0,0,0,0,34126918909.843964,80602077.0,0.048499998,0.337,1013045,1155451,0,18.7,,2026-06-25
2010,TOST,Technology,Software - Infrastructure,NYSE,11805980,26.02,69.13,6,11,-47.6,,,,,,,20,14,19,40,,0,0,0,0,0,0,14302799911.499023,580000000.0,0.0868,0.219,9460922,11304480,0,24.3,,2026-06-25
2011,ROP,Technology,Software - Application,NASDAQ,1191727,331.6,69.12,3,6,-42.41,,,,,,,19,16,19,24,,0,0,0,0,0,0,33328967968.861084,100917359.0,0.048,0.113,1452903,1186138,0,19.7,,2026-06-25
2012,CPRT,Industrials,Specialty Business Services,NASDAQ,11506505,30.4,69.12,0,3,-39.33,,,,,,,19,19,22,20,,0,0,0,0,0,0,27987280677.057137,925811482.0,0.0458,0.021,12924717,9958183,0,20.3,,2026-06-25
2013,NNE,Industrials,Specialty Industrial Machinery,NASDAQ,3044651,23.15,68.97,-17,-36,-61.97,,,,,,,19,36,17,20,,0,0,0,0,0,0,1470358046.0309982,52121875.0,0.2375,,3120143,2846858,0,24.3,,2026-06-25
2014,BZ,Communication Services,Internet Content & Information,NASDAQ,4169716,13.14,68.91,4,5,-47.98,,,,,,,19,15,16,66,,0,0,0,0,0,0,5983576639.195132,436757425.0,0.040900003,0.076,3719118,3967071,0,32.3,,2026-06-25
2015,UTZ,Consumer Defensive,Packaged Foods,NYSE,1916431,7.35,68.91,5,7,-49.9,,,,,,,19,14,16,20,,0,0,0,0,0,0,624186296.9371042,88537061.0,0.1141,0.026,1636683,1927096,0,16.7,,2026-06-25
2016,OXLC,Financial Services,Asset Management,NASDAQ,1193523,8.44,68.85,-11,-23,-60.09,,,,,,,19,30,18,23,,0,0,0,0,0,0,812445041.5596924,97649648.0,0.0378,-0.102,1465271,1101054,0,23.7,,2026-06-25
2017,CION,Financial Services,Asset Management,NYSE,535756,6.02,68.82,1,6,-44.92,,,,,,,19,18,23,56,,0,0,0,0,0,0,326119334.99653816,49789210.0,0.0254,-0.117,710690,574798,0,32.3,,2026-06-25
2018,LEU,Energy,Uranium,NYSE,904506,171.13,68.69,-28,1,-63.14,,,,,,,19,47,76,96,,0,0,0,0,0,0,3765176031.65268,19672794.0,0.2209,0.049,935228,930267,1,73.0,,2026-06-25
2019,ITRI,Technology,Scientific & Technical Instruments,NASDAQ,647903,81.61,68.62,-1,5,-42.53,,,,,,,19,20,26,21,,0,0,0,0,0,0,3583062522.819641,44339347.0,0.1874,-0.033,595311,796960,0,22.3,,2026-06-25
2020,BKKT,Technology,Software - Infrastructure,NYSE,2227199,8.29,68.55,-43,-91,-83.35,,,,,,,19,62,14,9,,0,0,0,0,0,0,412197851.2180367,44706924.0,0.2059,-0.771,1636098,1827075,0,28.3,,2026-06-25
2021,OKLO,Utilities,Utilities - Independent Power Producers,NYSE,13438048,54.06,68.54,-33,-40,-72.11,,,,,,,19,52,45,94,,0,0,0,0,0,0,10643028356.202988,173990987.0,0.18020001,,9777134,14898338,1,63.7,,2026-06-25
2022,TTAN,Technology,Software - Application,NASDAQ,1604719,65.03,68.43,3,-1,-45.8,,,,,,,19,16,12,55,,0,0,0,0,0,0,6127386819.413338,95397579.0,0.1297,0.246,1313787,1378247,0,27.7,,2026-06-25
2023,PNR,Industrials,Specialty Industrial Machinery,NYSE,2216950,74.81,68.28,4,20,-34.35,,,,,,,19,15,31,54,,0,0,0,0,0,0,12010523757.801905,161605541.0,0.0484,0.026,1874781,2178396,0,33.3,,2026-06-25
2024,NRDS,Communication Services,Internet Content & Information,NASDAQ,994163,8.62,68.21,3,21,-46.92,,,,,,,19,16,34,81,,0,0,0,0,0,0,551393809.0700731,65798783.0,0.1356,0.062,752630,918268,0,43.7,,2026-06-25
2025,TEAM,Technology,Software - Application,NASDAQ,5526300,81.55,68.1,2,-10,-63.36,,,,,,,19,17,5,27,,0,0,0,0,0,0,20991677854.415222,253767862.0,0.123,0.317,4885380,7394274,0,16.3,,2026-06-25
2026,CPNG,Consumer Cyclical,Internet Retail,NYSE,26231208,17.76,68.05,7,14,-47.88,,,,,,,19,12,19,29,,0,0,0,0,0,0,32311155618.0,1795064201.0,0.0553,0.075,32209755,25278721,0,20.0,,2026-06-25
2027,IRTC,Healthcare,Medical Devices,NASDAQ,542885,112.47,68.05,2,11,-46.95,,,,,,,19,17,26,87,,0,0,0,0,0,0,3439051047.344055,32862408.0,0.09689999,0.257,526895,532575,0,43.3,,2026-06-25
2028,PRIM,Industrials,Engineering & Construction,NYSE,2489749,92.69,67.97,-48,-24,-54.9,,,,,,,19,67,91,87,,0,0,0,0,0,0,5496025081.072922,54254935.0,0.1062,-0.054,3361538,2292541,1,81.7,,2026-06-25
2029,ALKT,Technology,Software - Application,NASDAQ,1713386,15.95,67.85,-2,-9,-48.68,,,,,,,19,21,14,24,,0,0,0,0,0,0,1571041506.97966,107019174.0,0.1099,0.289,1874459,1723827,0,19.7,,2026-06-25
2030,PYPL,Financial Services,Credit Services,NASDAQ,15782570,42.48,67.83,2,3,-46.57,,,,,,,19,17,18,23,,0,0,0,0,0,0,37498303026.845215,882105493.0,0.0626,0.072,17034990,15242326,0,19.3,,2026-06-25
2031,JKS,Technology,Solar,NYSE,866711,17.27,67.73,-19,13,-45.83,,,,,,,19,38,70,73,,0,0,0,0,0,0,1017029054.9555284,52370188.0,0.0679,-0.115,798145,858589,0,60.3,,2026-06-25
2032,YMM,Technology,Software - Application,NYSE,11485311,7.81,67.69,-2,-5,-44.49,,,,,,,19,21,18,29,,0,0,0,0,0,0,8157974912.688486,1045894194.0,0.0196,0.055,6769283,9203038,0,22.7,,2026-06-25
2033,MMS,Industrials,Specialty Business Services,NYSE,722859,56.78,67.64,-1,11,-43.22,,,,,,,18,19,31,69,,0,0,0,0,0,0,2928599921.807255,52540363.0,0.11310001,-0.041,746917,738703,0,39.7,,2026-06-25
2034,VRDN,Healthcare,Biotechnology,NASDAQ,1823837,17.32,67.63,0,69,-49.49,,,,,,,18,18,87,94,,0,0,0,0,0,0,1836412258.985401,110427682.0,0.1371,0.958,1866261,2426514,1,66.3,,2026-06-25
2035,TCOM,Consumer Cyclical,Travel Services,NASDAQ,3117650,46.3,67.61,0,3,-41.38,,,,,,,18,18,21,60,,0,0,0,0,0,0,28399704551.346085,629705222.0,0.0241,0.208,3175441,2999138,0,33.0,,2026-06-25
2036,CAI,Healthcare,Biotechnology,NASDAQ,2880868,18.15,67.49,7,10,-57.29,,,,,,,18,11,14,37,,0,0,0,0,0,0,5221112242.548571,282680695.0,0.093100004,0.788,2310456,2609553,0,20.7,,2026-06-25
2037,ABT,Healthcare,Medical Devices,NYSE,13115881,90.49,67.47,4,19,-34.93,,,,,,,18,14,29,41,,0,0,0,0,0,0,153993707323.85028,1741813154.0,0.014099999,0.078,15395834,13616926,0,28.0,,2026-06-25
2038,TNDM,Healthcare,Medical Devices,NASDAQ,2806428,15.02,67.31,2,62,-49.34,,,,,,,18,16,76,85,,0,0,0,0,0,0,1048495074.7708864,68529089.0,0.2316,0.055,2471185,2560949,0,59.0,,2026-06-25
2039,CLB,Energy,Oil & Gas Equipment & Services,NYSE,607626,10.72,67.26,-37,-10,-47.35,,,,,,,18,55,82,74,,0,0,0,0,0,0,538870193.2370625,46096682.0,0.295,-0.014,766330,561162,0,70.3,,2026-06-25
2040,SMMT,Healthcare,Biotechnology,NASDAQ,6105074,14.25,67.22,-11,-8,-54.0,,,,,,,18,29,32,27,,0,0,0,0,0,0,10672236368.75,776162645.0,0.26790002,,7660583,5832120,0,29.3,,2026-06-25
2041,STEP,Financial Services,Asset Management,NASDAQ,1316334,41.18,67.13,-20,-34,-47.07,,,,,,,18,38,24,66,,0,0,0,0,0,0,3691906817.916401,81679353.0,0.0744,0.558,1410973,1142648,0,42.7,,2026-06-25
2042,CWH,Consumer Cyclical,Auto & Truck Dealerships,NYSE,2336126,7.56,67.07,6,4,-60.99,,,,,,,18,12,10,10,,0,0,0,0,0,0,492913538.3785248,63519784.0,0.21069999,-0.042,2160849,2936741,0,10.7,,2026-06-25
2043,FRMI,Real Estate,REIT - Specialty,NASDAQ,19705036,7.99,67.07,14,17,-78.4,,,,,,,18,4,7,2,,0,0,0,0,0,0,6061791910.5,638083359.0,0.090100005,,27201619,19705659,0,4.3,,2026-06-25
2044,AMPL,Technology,Software - Application,NASDAQ,2688603,6.83,67.07,0,-7,-52.86,,,,,,,18,18,11,67,,0,0,0,0,0,0,866003704.2046251,132619246.0,0.081199996,0.169,2049389,2490403,0,32.0,,2026-06-25
2045,SPT,Technology,Software - Application,NASDAQ,1442416,6.7,67.05,4,-5,-69.02,,,,,,,18,14,5,13,,0,0,0,0,0,0,393691285.3642216,60105538.0,0.0933,0.112,1393748,1452325,0,10.7,,2026-06-25
2046,AI,Technology,Software - Infrastructure,NYSE,7428058,9.32,67.03,4,-3,-69.05,,,,,,,18,14,7,12,,0,0,0,0,0,0,1496499614.3121014,145291222.0,0.3688,-0.525,6693376,6279143,0,11.0,,2026-06-25
2047,UHS,Healthcare,Medical Care Facilities,NYSE,1128722,145.41,66.98,2,25,-40.97,,,,,,,18,16,39,75,,0,0,0,0,0,0,8545916559.824631,60536351.0,0.070300005,0.096,907536,1044297,0,43.3,,2026-06-25
2048,OI,Consumer Cyclical,Packaging & Containers,NYSE,2937092,9.57,66.93,5,15,-43.41,,,,,,,18,13,23,75,,0,0,0,0,0,0,1414954896.3150291,153299563.0,0.08229999,-0.017,3007968,2892901,0,37.0,,2026-06-25
2049,SENS,Healthcare,Medical Devices,NASDAQ,586682,5.7,66.88,-3,4,-54.69,,,,,,,18,21,28,10,,0,0,0,0,0,0,351847972.1516895,52202965.0,0.090500005,0.872,624078,843295,0,19.7,,2026-06-25
2050,EFX,Industrials,Consulting Services,NYSE,1746302,157.61,66.84,2,8,-42.88,,,,,,,18,16,22,27,,0,0,0,0,0,0,18569282632.655823,120634597.0,0.0573,0.143,2259768,1780867,0,21.7,,2026-06-25
2051,LZ,Industrials,Specialty Business Services,NASDAQ,2995918,5.86,66.68,0,-6,-52.74,,,,,,,18,18,12,68,,0,0,0,0,0,0,944062702.0,171647764.0,0.1292,0.129,2699005,2818521,0,32.7,,2026-06-25
2052,PCTY,Technology,Software - Application,NASDAQ,755490,103.79,66.59,-2,-7,-47.52,,,,,,,18,20,15,28,,0,0,0,0,0,0,5411162370.757202,53544058.0,0.0698,0.105,891680,777896,0,21.0,,2026-06-25
2053,PLAY,Communication Services,Entertainment,NASDAQ,2051730,12.09,66.42,3,-3,-65.97,,,,,,,18,15,9,17,,0,0,0,0,0,0,415724886.6645832,34788694.0,0.33150002,-0.015,2856240,1930134,0,13.7,,2026-06-25
2054,CHPT,Consumer Cyclical,Specialty Retail,NYSE,679998,5.58,66.39,-7,-23,-65.56,,,,,,,18,25,9,8,,0,0,0,0,0,0,215209324.47707844,25897631.0,0.1345,0.043,728434,617334,0,14.0,,2026-06-25
2055,FLO,Consumer Defensive,Packaged Foods,NYSE,9798749,7.65,66.31,5,10,-54.6,,,,,,,18,13,18,16,,0,0,0,0,0,0,1649307373.8779497,211993230.0,0.1876,0.068,6753097,7768087,0,15.7,,2026-06-25
2056,NOG,Energy,Oil & Gas E&P,NYSE,2984557,19.49,66.26,-13,40,-38.15,,,,,,,17,30,83,20,,0,0,0,0,0,0,2114764011.857006,108784154.0,0.19770001,-0.071,3338342,2761846,0,44.3,,2026-06-25
2057,OLED,Technology,Electronic Components,NASDAQ,765075,87.56,66.16,-1,0,-46.07,,,,,,,17,18,19,22,,0,0,0,0,0,0,4158024359.6779175,46750891.0,0.0794,-0.145,787905,893639,0,19.7,,2026-06-25
2058,PAY,Technology,Software - Infrastructure,NYSE,832833,21.73,66.16,0,11,-44.82,,,,,,,17,17,28,53,,0,0,0,0,0,0,2650381292.202141,125789337.0,0.0397,0.302,828121,709126,0,32.7,,2026-06-25
2059,ORLA,Basic Materials,Gold,NYSE ARCA,3894160,9.38,66.14,-17,33,-57.32,,,,,,,17,34,84,91,,0,0,0,0,0,0,3591396968.4556417,345991997.0,1.12,1.693,3749950,3584222,1,69.7,,2026-06-25
2060,MOS,Basic Materials,Agricultural Inputs,NYSE,9695996,20.86,65.85,-3,14,-45.44,,,,,,,17,20,37,22,,0,0,0,0,0,0,7278688026.351128,317846644.0,0.0871,0.144,12565539,9320411,0,26.3,,2026-06-25
2061,BILL,Technology,Software - Application,NYSE,2863548,33.46,65.71,-2,1,-41.51,,,,,,,17,19,22,48,,0,0,0,0,0,0,3233905847.268036,99596727.0,0.14739999,0.135,2854055,2555609,0,29.7,,2026-06-25
2062,SAIL,Technology,Software - Infrastructure,NASDAQ,5141114,12.57,65.58,-21,-48,-49.62,,,,,,,17,38,11,39,,0,0,0,0,0,0,7560549306.737371,567182997.0,0.1846,0.216,5628923,4131224,0,29.3,,2026-06-25
2063,ONT,Industrials,Waste Management,NYSE,741798,17.8,65.52,5,38,-44.38,,,,,,,17,12,45,80,,0,0,0,0,0,0,621233331.4304295,36139227.0,0.0861,-0.052,691126,634517,0,45.7,,2026-06-25
2064,PRGO,Healthcare,Drug Manufacturers - Specialty & Generic,NYSE,3072520,9.76,65.48,6,5,-65.68,,,,,,,17,11,10,10,,0,0,0,0,0,0,1418269642.5,138367770.0,0.1673,-0.072,3446000,2738296,0,10.3,,2026-06-25
2065,FLY,Industrials,Aerospace & Defense,NASDAQ,8877507,24.98,65.43,-79,-155,-66.15,,,,,,,17,96,20,10,,0,0,0,0,0,0,5083080091.451527,164235217.0,0.121199995,0.448,8267112,7766206,1,42.0,,2026-06-25
2066,OPCH,Healthcare,Medical Care Facilities,NASDAQ,3239819,22.01,65.43,4,24,-40.19,,,,,,,17,13,33,71,,0,0,0,0,0,0,3453034777.0192566,157027504.0,0.1097,0.013,2837907,3505917,0,39.0,,2026-06-25
2067,BABA,Consumer Cyclical,Internet Retail,NYSE,12884856,99.8,65.4,-15,-13,-48.2,,,,,,,17,32,34,74,,0,0,0,0,0,0,256947247203.71204,2399133995.0,0.0165,0.029,12740578,11613127,0,46.7,,2026-06-25
2068,VEEV,Healthcare,Health Information Services,NYSE,2648492,161.35,65.21,2,7,-48.04,,,,,,,17,15,20,27,,0,0,0,0,0,0,24902557006.037582,162443291.0,0.059,0.163,2488037,3337981,0,20.7,,2026-06-25
2069,BRZE,Technology,Software - Application,NASDAQ,3154661,19.48,65.06,-45,-87,-47.81,,,,,,,17,62,20,65,,0,0,0,0,0,0,2259391219.988199,112631669.0,0.16059999,0.302,2351815,2979193,0,49.0,,2026-06-25
2070,INSM,Healthcare,Biotechnology,NASDAQ,4620382,103.46,64.98,-12,40,-51.37,,,,,,,16,28,80,94,,0,0,0,0,0,0,20764885467.275986,216752451.0,0.0995,2.296,6063296,3939657,1,67.3,,2026-06-25
2071,ELF,Consumer Defensive,Household & Personal Products,NYSE,4332122,64.54,64.98,7,17,-57.26,,,,,,,16,9,19,15,,0,0,0,0,0,0,3816081587.8019104,59440526.0,0.2147,0.351,3629427,3609543,0,14.3,,2026-06-25
2072,GSHD,Financial Services,Insurance Brokers,NASDAQ,537973,43.4,64.87,8,8,-59.38,,,,,,,16,8,8,24,,0,0,0,0,0,0,872974150.4829979,23670665.0,0.1067,0.233,589799,492089,0,13.3,,2026-06-25
2073,GDDY,Technology,Software - Infrastructure,NYSE,3021399,81.33,64.77,-4,-13,-55.19,,,,,,,16,20,11,20,,0,0,0,0,0,0,10200854734.104836,132409847.0,0.073699996,0.061,3180247,2710415,0,17.0,,2026-06-25
2074,ERII,Industrials,Pollution & Treatment Controls,NASDAQ,1275401,8.77,64.66,7,18,-52.13,,,,,,,16,9,20,30,,0,0,0,0,0,0,485556343.7125912,51545259.0,0.0454,0.203,1445195,1209547,0,19.7,,2026-06-25
2075,RPD,Technology,Software - Infrastructure,NASDAQ,2003291,7.08,64.55,3,-7,-72.61,,,,,,,16,13,3,13,,0,0,0,0,0,0,449770060.4146929,66830618.0,0.1303,-0.003,1983645,2075979,0,9.7,,2026-06-25
2076,NCNO,Technology,Software - Application,NASDAQ,3888095,14.7,64.53,1,-4,-56.66,,,,,,,16,15,10,32,,0,0,0,0,0,0,1621383680.895567,109552950.0,0.1539,0.106,3168156,3397397,0,19.0,,2026-06-25
2077,DOCU,Technology,Software - Application,NASDAQ,4321320,44.24,64.5,-8,-18,-48.94,,,,,,,16,24,14,29,,0,0,0,0,0,0,8300362342.84668,190944608.0,0.112799995,0.087,4979291,3779286,0,22.3,,2026-06-25
2078,APPN,Technology,Software - Infrastructure,NASDAQ,992251,20.83,64.47,1,8,-54.78,,,,,,,16,15,22,74,,0,0,0,0,0,0,1537983970.0090027,73412120.0,0.1492,0.215,840963,1017154,0,37.0,,2026-06-25
2079,NKE,Consumer Cyclical,Footwear & Accessories,NYSE,22320528,41.82,64.36,3,17,-47.84,,,,,,,16,13,27,25,,0,0,0,0,0,0,66936095021.42714,1480887033.0,0.0543,0.001,22528795,21470469,0,21.7,,2026-06-25
2080,ASAN,Technology,Software - Application,NYSE,6346090,6.65,64.27,6,3,-57.67,,,,,,,16,10,7,34,,0,0,0,0,0,0,1595128020.426504,230509827.0,0.35029998,0.095,5154542,6784376,0,17.0,,2026-06-25
2081,WLTH,Technology,Software - Application,NASDAQ,1955975,8.07,63.93,-43,-86,-45.29,,,,,,,16,59,16,39,,0,0,0,0,0,0,1260608600.3655396,149361216.0,0.053000003,0.071,2483535,1522625,0,38.0,,2026-06-25
2082,PBH,Healthcare,Drug Manufacturers - Specialty & Generic,NYSE,819892,47.32,63.93,3,22,-44.52,,,,,,,16,13,32,25,,0,0,0,0,0,0,2225070694.847351,47372166.0,0.0738,-0.05,744898,696685,0,23.3,,2026-06-25
2083,QTWO,Technology,Software - Application,NYSE,727143,45.03,63.87,1,-2,-53.42,,,,,,,16,15,12,31,,0,0,0,0,0,0,2682428030.029335,62600423.0,0.0674,0.141,626009,845661,0,19.3,,2026-06-25
2084,BAH,Industrials,Consulting Services,NYSE,2201895,62.68,63.81,-15,-15,-47.79,,,,,,,16,31,31,20,,0,0,0,0,0,0,7958823033.961929,119934041.0,0.0687,-0.065,2527005,1821759,0,27.3,,2026-06-25
2085,GDYN,Technology,Information Technology Services,NASDAQ,2174114,5.41,63.78,-10,-25,-57.93,,,,,,,16,26,11,22,,0,0,0,0,0,0,473323452.8796768,83626054.0,0.1432,0.037,2123022,2131858,0,19.7,,2026-06-25
2086,CXM,Technology,Software - Application,NYSE,3728044,5.01,63.75,-3,0,-46.7,,,,,,,16,19,22,36,,0,0,0,0,0,0,1180512951.5448818,234228762.0,0.15890001,0.068,3948313,4341410,0,25.7,,2026-06-25
2087,DPZ,Consumer Cyclical,Restaurants,NASDAQ,859654,287.62,63.74,1,13,-42.01,,,,,,,16,15,27,38,,0,0,0,0,0,0,10393336559.502869,33261870.0,0.120699994,0.035,1110982,950438,0,26.7,,2026-06-25
2088,CHKP,Technology,Software - Infrastructure,NASDAQ,1442671,124.68,63.56,0,4,-46.27,,,,,,,15,15,19,30,,0,0,0,0,0,0,12725721820.790604,104027807.0,0.0558,0.048,1138594,1683060,0,21.3,,2026-06-25
2089,SAP,Technology,Software - Application,NYSE,3183837,152.75,63.38,-2,-4,-51.24,,,,,,,15,17,15,30,,0,0,0,0,0,0,182993872113.80637,1178932294.0,0.0095999995,0.06,2631151,3513284,0,20.7,,2026-06-25
2090,WGS,Healthcare,Diagnostics & Research,NASDAQ,1253932,63.54,63.23,8,11,-62.81,,,,,,,15,7,10,86,,0,0,0,0,0,0,1751890423.4396324,29688027.0,0.296,0.174,1147726,1444389,0,34.3,,2026-06-25
2091,INFY,Technology,Information Technology Services,NYSE,20992511,10.93,63.15,-1,4,-63.57,,,,,,,15,16,21,47,,0,0,0,0,0,0,42793753551.04381,4048604994.0,0.0414,0.066,24628574,19045526,0,28.0,,2026-06-25
2092,PPC,Consumer Defensive,Packaged Foods,NASDAQ,1472551,27.56,62.84,4,29,-45.49,,,,,,,15,11,36,34,,0,0,0,0,0,0,6500027355.511986,237921941.0,0.0225,0.016,1641654,1455318,0,27.0,,2026-06-25
2093,EXLS,Technology,Information Technology Services,NASDAQ,2524342,26.34,62.79,-5,-7,-44.09,,,,,,,15,20,18,36,,0,0,0,0,0,0,3961661447.4556494,152782931.0,0.1076,0.138,2390498,2442287,0,24.7,,2026-06-25
2094,BFAM,Consumer Cyclical,Personal Services,NYSE,1516738,67.92,62.76,2,9,-48.06,,,,,,,15,13,20,29,,0,0,0,0,0,0,3383661319.945717,52606675.0,0.049200002,0.07,1095365,1297753,0,20.7,,2026-06-25
2095,SPSC,Technology,Software - Application,NASDAQ,704143,55.54,62.75,2,-2,-61.31,,,,,,,15,13,9,16,,0,0,0,0,0,0,1950545896.4733963,36712702.0,0.09770001,0.058,909931,638358,0,12.7,,2026-06-25
2096,HSAI,Consumer Cyclical,Auto Parts,NASDAQ,1885958,15.61,62.7,-22,-28,-49.4,,,,,,,15,37,31,72,,0,0,0,0,0,0,2654131847.878006,157142211.0,0.040599998,0.296,1588626,1812483,0,46.7,,2026-06-25
2097,WING,Consumer Cyclical,Restaurants,NASDAQ,1222946,155.79,62.63,9,16,-59.16,,,,,,,15,6,13,28,,0,0,0,0,0,0,4405682391.097137,27232553.0,0.19450001,0.074,1104108,1337013,0,15.7,,2026-06-25
2098,NTSK,Technology,Software - Infrastructure,NASDAQ,6973444,9.5,62.62,-3,-16,-66.06,,,,,,,15,18,5,22,,0,0,0,0,0,0,3655509100.492322,403923649.0,0.0764,0.278,9578392,5788454,0,15.0,,2026-06-25
2099,BR,Technology,Information Technology Services,NYSE,1634884,140.1,62.56,1,6,-48.48,,,,,,,15,14,19,38,,0,0,0,0,0,0,15914582373.122225,115658297.0,0.0334,0.078,1639223,1483400,0,23.7,,2026-06-25
2100,KTOS,Industrials,Aerospace & Defense,NASDAQ,4656240,47.95,62.54,-14,42,-64.22,,,,,,,15,29,85,93,,0,0,0,0,0,0,10165458160.960327,187519984.0,0.0714,0.226,4036921,4399394,1,69.0,,2026-06-25
2101,MNTN,Technology,Software - Application,NYSE,1018674,8.38,62.49,5,5,-73.81,,,,,,,15,10,10,10,,0,0,0,0,0,0,617266146.2998009,73924086.0,0.0165,0.142,1243223,902996,0,10.0,,2026-06-25
2102,CTGO,Basic Materials,Gold,NYSE ARCA,621246,14.83,62.36,-16,-11,-56.86,,,,,,,15,31,36,94,,0,0,0,0,0,0,522495148.6940575,30771211.0,0.0552,,954118,529175,1,53.7,,2026-06-25
2103,PAR,Technology,Software - Application,NYSE,1353537,16.38,62.26,10,8,-77.3,,,,,,,15,5,3,16,,0,0,0,0,0,0,630654381.1365824,41246199.0,0.3078,0.194,1158421,1367564,0,8.0,,2026-06-25
2104,CNXC,Technology,Information Technology Services,NASDAQ,1516006,24.24,62.24,2,0,-60.99,,,,,,,15,13,11,24,,0,0,0,0,0,0,1530001031.4257011,61004826.0,0.1999,0.054,1946169,1569711,0,16.0,,2026-06-25
2105,SOUN,Technology,Software - Application,NASDAQ,25595212,6.34,62.21,-7,-18,-71.4,,,,,,,15,22,11,18,,0,0,0,0,0,0,3081319751.6734457,432769635.0,0.379,0.517,25910617,29640281,0,17.0,,2026-06-25
2106,G,Technology,Information Technology Services,NYSE,3067407,28.53,62.05,-2,8,-41.34,,,,,,,15,17,27,61,,0,0,0,0,0,0,4788558907.5,169506510.0,0.1246,0.067,2801373,3040730,0,35.0,,2026-06-25
2107,ADSK,Technology,Software - Application,NASDAQ,2990273,192.61,61.99,-16,-21,-41.47,,,,,,,14,30,25,44,,0,0,0,0,0,0,40924174095.29401,211145251.0,0.0345,0.184,4080021,2514620,0,33.0,,2026-06-25
2108,NICE,Technology,Software - Application,NASDAQ,764837,87.41,61.96,-3,8,-50.05,,,,,,,14,17,28,17,,0,0,0,0,0,0,4962009897.722443,58597188.0,0.0695,0.098,722622,767866,0,20.7,,2026-06-25
2109,BILI,Communication Services,Internet Content & Information,NASDAQ,3964196,16.51,61.61,-1,29,-54.64,,,,,,,14,15,45,66,,0,0,0,0,0,0,7168815889.586758,416791603.0,0.056900002,0.067,2710558,3255209,0,42.0,,2026-06-25
2110,NFLX,Communication Services,Entertainment,NASDAQ,39954146,71.84,61.55,-13,-4,-46.43,,,,,,,14,27,36,27,,0,0,0,0,0,0,325831578531.3364,4210798528.0,0.024300002,0.162,52798229,41684579,0,30.0,,2026-06-25
2111,ACM,Industrials,Engineering & Construction,NYSE,2532977,69.84,61.47,0,15,-48.47,,,,,,,14,14,29,25,,0,0,0,0,0,0,8843661811.42334,128522920.0,0.0634,0.008,1981641,1979126,0,22.7,,2026-06-25
2112,FUTU,Financial Services,Capital Markets,NASDAQ,5751959,98.3,61.46,-1,27,-51.46,,,,,,,14,15,43,86,,0,0,0,0,0,0,13548395234.752075,140194488.0,0.1182,0.288,1998148,3972355,0,48.0,,2026-06-25
2113,FOUR,Technology,Software - Infrastructure,NYSE,1668948,44.22,61.46,5,8,-59.24,,,,,,,14,9,12,17,,0,0,0,0,0,0,3125559726.646332,79328924.0,0.19049999,0.322,2061304,1702148,0,12.7,,2026-06-25
2114,TRI,Industrials,Specialty Business Services,NASDAQ,2127780,80.98,61.43,3,5,-62.92,,,,,,,14,11,13,21,,0,0,0,0,0,0,34303222610.786484,436538837.0,7.57,0.098,2395360,2076862,0,15.0,,2026-06-25
2115,CRM,Technology,Software - Application,NYSE,17259789,152.76,61.3,-6,-7,-44.81,,,,,,,14,20,19,46,,0,0,0,0,0,0,124307819000.24414,819000000.0,0.0861,0.133,20275259,15457129,0,28.3,,2026-06-25
2116,PLTR,Technology,Software - Infrastructure,NASDAQ,40200679,113.5,61.29,-23,-8,-45.31,,,,,,,14,37,52,90,,0,0,0,0,0,0,307982672611.5962,2397311977.0,0.0323,0.847,40052658,42504255,1,59.7,,2026-06-25
2117,WK,Technology,Software - Application,NYSE,1088749,47.83,61.21,0,7,-50.74,,,,,,,14,14,21,56,,0,0,0,0,0,0,2658372886.3780823,56119336.0,0.0838,0.199,1096747,1166719,0,30.3,,2026-06-25
2118,DOX,Technology,Software - Infrastructure,NASDAQ,1454483,51.65,61.14,-8,-5,-45.87,,,,,,,14,22,25,36,,0,0,0,0,0,0,5464261209.594727,106164000.0,0.082200006,0.039,1869471,1227870,0,27.7,,2026-06-25
2119,BSY,Technology,Software - Application,NASDAQ,3233610,28.66,61.11,-7,-1,-51.63,,,,,,,14,21,27,20,,0,0,0,0,0,0,8925546027.163685,303796674.0,0.1096,0.145,4079270,2750544,0,22.7,,2026-06-25
2120,SPRC,Healthcare,Biotechnology,NASDAQ,1558220,5.86,61.03,9,5,-92.68,,,,,,,14,5,1,2,,0,0,0,0,0,0,4247730.54253006,573243.0,0.65970004,-0.345,22200,1341340,0,2.7,,2026-06-25
2121,PDD,Consumer Cyclical,Internet Retail,NASDAQ,10840644,75.74,61.03,-9,1,-45.67,,,,,,,14,23,33,39,,0,0,0,0,0,0,113245419041.63098,1423396462.0,0.0399,0.11,7882994,9133000,0,31.7,,2026-06-25
2122,LMRI,Healthcare,Medical Devices,NASDAQ,1053927,9.98,60.84,9,11,-48.69,,,,,,,14,5,7,41,,0,0,0,0,0,0,904119701.6892432,96080735.0,0.13069999,0.031,745823,902658,0,17.7,,2026-06-25
2123,OLLI,Consumer Defensive,Discount Stores,NASDAQ,2201551,74.09,60.76,0,9,-47.73,,,,,,,14,14,23,29,,0,0,0,0,0,0,4649462909.106567,60453292.0,0.097399995,0.142,2304483,1847676,0,22.0,,2026-06-25
2124,OWL,Financial Services,Asset Management,NYSE,24059360,8.47,60.74,-2,-8,-59.82,,,,,,,14,16,10,22,,0,0,0,0,0,0,6440396815.431287,675802413.0,0.2352,0.103,25024182,28546886,0,16.0,,2026-06-25
2125,RWAY,Financial Services,Asset Management,NASDAQ,648771,5.28,60.73,-5,-2,-53.7,,,,,,,14,19,22,34,,0,0,0,0,0,0,236527528.50952244,42464546.0,0.082399994,-0.168,593114,696046,0,25.0,,2026-06-25
2126,TRMB,Technology,Scientific & Technical Instruments,NASDAQ,3204158,50.14,60.61,-4,8,-42.7,,,,,,,14,18,30,61,,0,0,0,0,0,0,11459762238.470003,233111519.0,0.0385,0.118,3773276,2685169,0,36.3,,2026-06-25
2127,STLA,Consumer Cyclical,Auto Manufacturers,NYSE,18789447,5.84,60.59,-12,-22,-52.21,,,,,,,14,26,16,61,,0,0,0,0,0,0,18370199672.2246,2897507765.0,0.029000001,0.065,21775131,18397634,0,34.3,,2026-06-25
2128,PTC,Technology,Software - Application,NASDAQ,1926304,112.93,60.55,-10,-8,-48.6,,,,,,,14,24,26,38,,0,0,0,0,0,0,13254289517.25,115505791.0,0.066700004,0.217,2781992,1731026,0,29.3,,2026-06-25
2129,CELH,Consumer Defensive,Beverages - Non-Alcoholic,NASDAQ,9898265,28.52,60.47,2,16,-57.27,,,,,,,13,11,25,69,,0,0,0,0,0,0,7873722892.961884,255640360.0,0.12550001,1.377,9052387,9636377,0,35.0,,2026-06-25
2130,FVRR,Communication Services,Internet Content & Information,NYSE,903048,10.58,60.4,2,-2,-65.49,,,,,,,13,11,7,18,,0,0,0,0,0,0,373168560.7542343,35950728.0,0.1166,-0.016,991206,938209,0,12.0,,2026-06-25
2131,BETA,Industrials,Aerospace & Defense,NYSE,1737929,15.68,60.24,1,-4,-60.3,,,,,,,13,12,7,20,,0,0,0,0,0,0,3715171993.926436,230756019.0,0.0349,0.056,1381269,1638559,0,13.0,,2026-06-25
2132,NOW,Technology,Software - Application,NYSE,32277076,93.8,60.07,-2,-4,-55.65,,,,,,,13,15,13,23,,0,0,0,0,0,0,98015513264.19067,1031308000.0,0.059299998,0.221,25748658,30431647,0,17.0,,2026-06-25
2133,ACHR,Industrials,Aerospace & Defense,NYSE,51220618,5.05,60.04,-7,-13,-65.46,,,,,,,13,20,14,22,,0,0,0,0,0,0,4249157506.984436,762864879.0,0.139,,42619494,43957062,0,18.7,,2026-06-25
2134,WDAY,Technology,Software - Application,NASDAQ,5636844,118.09,59.9,0,-2,-52.74,,,,,,,13,13,11,30,,0,0,0,0,0,0,28878608974.840324,246973479.0,0.15439999,0.135,5632614,5272470,0,18.0,,2026-06-25
2135,KC,Technology,Software - Application,NASDAQ,1680320,9.24,59.75,-27,1,-50.11,,,,,,,13,40,68,19,,0,0,0,0,0,0,3011658955.5205107,299369665.0,0.0402,0.372,1483502,1475140,0,42.3,,2026-06-25
2136,TYL,Technology,Software - Application,NYSE,967922,286.03,59.6,-1,2,-53.97,,,,,,,13,14,17,23,,0,0,0,0,0,0,11474512345.711212,41140555.0,0.0746,0.086,1085048,772261,0,18.0,,2026-06-25
2137,CALX,Technology,Software - Infrastructure,NYSE,1003841,36.54,59.47,-4,34,-48.69,,,,,,,13,17,55,72,,0,0,0,0,0,0,2420538295.7120323,63782299.0,0.1304,0.271,1091244,1062566,0,48.0,,2026-06-25
2138,ASST,Financial Services,Asset Management,NASDAQ,5025916,12.55,59.35,-45,-95,-95.02,,,,,,,13,58,8,17,,0,0,0,0,0,0,1183159865.943243,79674063.0,0.21350001,0.882,5054198,4513261,0,27.7,,2026-06-25
2139,CERT,Healthcare,Health Information Services,NASDAQ,4259658,5.43,59.32,3,5,-60.88,,,,,,,13,10,12,18,,0,0,0,0,0,0,861827922.3856812,155564608.0,0.2863,0.009,4437565,3733895,0,13.3,,2026-06-25
2140,FIS,Technology,Information Technology Services,NYSE,7107515,38.66,59.18,-1,4,-53.28,,,,,,,13,14,19,33,,0,0,0,0,0,0,19749951886.493004,516879151.0,0.0385,0.301,6833066,6580449,0,22.0,,2026-06-25
2141,AGNT,Real Estate,Real Estate Services,NASDAQ,1430436,5.22,59.16,5,12,-57.3,,,,,,,13,8,15,28,,0,0,0,0,0,0,770679212.9626904,164323924.0,0.126,0.053,1567890,1238280,0,17.0,,2026-06-25
2142,KMPR,Financial Services,Insurance - Property & Casualty,NYSE,1147946,26.08,58.81,0,1,-60.07,,,,,,,13,13,14,15,,0,0,0,0,0,0,1473622067.385727,58874232.0,0.0699,-0.071,1071048,1014353,0,14.0,,2026-06-25
2143,INTA,Technology,Software - Application,NASDAQ,1202280,22.67,58.79,3,2,-57.87,,,,,,,13,10,9,37,,0,0,0,0,0,0,1698437624.3519974,77061595.0,0.1176,0.131,997590,1018062,0,18.7,,2026-06-25
2144,KDK,Technology,Software - Infrastructure,NASDAQ,1315584,5.44,58.56,-31,-47,-52.07,,,,,,,13,44,28,90,,0,0,0,0,0,0,1164698532.3846216,193150662.0,0.0633,0.244,2236434,1249422,1,54.0,,2026-06-25
2145,TMDX,Healthcare,Medical Devices,NASDAQ,1234763,77.61,58.49,6,40,-50.25,,,,,,,13,7,41,86,,0,0,0,0,0,0,2723054209.331459,34560911.0,0.33200002,0.212,959271,1383896,0,44.7,,2026-06-25
2146,WRD,Technology,Software - Application,NASDAQ,3063225,5.6,58.47,-18,-27,-55.38,,,,,,,13,31,22,22,,0,0,0,0,0,0,2095757797.5748756,330040603.0,0.0382,0.576,2941267,2748153,0,25.0,,2026-06-25
2147,VIA,Technology,Software - Application,NYSE,934157,15.1,58.15,6,4,-73.18,,,,,,,12,6,4,12,,0,0,0,0,0,0,1243013864.4888086,81295871.0,0.13520001,0.292,1139663,776356,0,7.3,,2026-06-25
2148,ADMA,Healthcare,Biotechnology,NASDAQ,3711887,8.7,57.97,7,11,-57.47,,,,,,,12,5,9,64,,0,0,0,0,0,0,1926031358.9057016,231772715.0,0.105,0.159,4149462,5459928,0,26.0,,2026-06-25
2149,SMPL,Consumer Defensive,Packaged Foods,NASDAQ,2130924,12.63,57.97,6,12,-63.06,,,,,,,12,6,12,13,,0,0,0,0,0,0,1169225493.8743973,92575256.0,0.1165,-0.094,2028132,2472802,0,10.3,,2026-06-25
2150,LTBR,Industrials,Electrical Equipment & Parts,NASDAQ,984831,9.07,57.93,-8,4,-71.06,,,,,,,12,20,32,81,,0,0,0,0,0,0,322861304.7041645,32844487.0,0.132,,1005165,955547,0,44.3,,2026-06-25
2151,SRAD,Technology,Software - Application,NASDAQ,2814931,14.78,57.84,3,13,-54.13,,,,,,,12,9,19,55,,0,0,0,0,0,0,4457032153.90626,295951662.0,0.0574,0.113,2548054,4021174,0,27.7,,2026-06-25
2152,EYE,Consumer Cyclical,Specialty Retail,NASDAQ,2978131,17.61,57.81,-1,60,-41.34,,,,,,,12,13,74,89,,0,0,0,0,0,0,1344357693.711748,80116665.0,0.20030001,0.066,2691234,2361956,0,58.7,,2026-06-25
2153,ADBE,Technology,Software - Application,NASDAQ,7253264,196.57,57.76,-5,-6,-49.93,,,,,,,12,17,16,34,,0,0,0,0,0,0,77576101455.68848,397500000.0,0.051599998,0.127,11335063,6444310,0,22.3,,2026-06-25
2154,ATEC,Healthcare,Medical Devices,NASDAQ,3000225,8.7,57.73,5,23,-62.64,,,,,,,12,7,25,94,,0,0,0,0,0,0,1354883841.5825603,153789305.0,0.090100005,0.136,3428625,3681289,1,42.0,,2026-06-25
2155,MH,Consumer Defensive,Education & Training Services,NYSE,662015,9.7,57.61,-10,-4,-46.11,,,,,,,12,22,28,69,,0,0,0,0,0,0,1851553364.612854,191276168.0,0.1286,-0.02,1159097,547083,0,39.7,,2026-06-25
2156,FWRD,Industrials,Integrated Freight & Logistics,NASDAQ,1519381,13.39,57.25,8,22,-58.76,,,,,,,12,4,18,51,,0,0,0,0,0,0,430733122.9008007,31625046.0,0.1534,-0.051,1819253,1520496,0,24.3,,2026-06-25
2157,ZS,Technology,Software - Infrastructure,NASDAQ,6541034,127.27,57.09,-15,-31,-62.23,,,,,,,12,27,11,32,,0,0,0,0,0,0,20189433949.500847,161709525.0,0.114700004,0.254,4744814,4955626,0,23.3,,2026-06-25
2158,NXTS,Basic Materials,Agricultural Inputs,NASDAQ,2588690,5.93,56.99,9,7,-93.4,,,,,,,12,3,1,3,,0,0,0,0,0,0,3710731.664270401,730459.0,0.040900003,,7691151,1564394,0,2.3,,2026-06-25
2159,VERX,Technology,Software - Application,NASDAQ,1541569,11.13,56.87,-1,-7,-69.71,,,,,,,12,13,7,12,,0,0,0,0,0,0,1799404254.201522,161816931.0,0.08930001,0.111,1635967,1524283,0,10.7,,2026-06-25
2160,AVAV,Industrials,Aerospace & Defense,NASDAQ,1254813,142.18,56.57,-6,8,-65.97,,,,,,,12,18,32,76,,0,0,0,0,0,0,8583126123.196884,50605071.0,0.120699994,1.434,1136381,1224684,0,42.0,,2026-06-25
2161,INTR,Financial Services,Banks - Regional,NASDAQ,7155623,5.28,56.21,-6,37,-49.03,,,,,,,11,17,60,85,,0,0,0,0,0,0,2401696774.382168,441488373.0,0.0404,0.253,4739290,6055220,0,54.0,,2026-06-25
2162,COIN,Financial Services,Financial Data & Stock Exchanges,NASDAQ,9057292,150.11,56.05,-8,-11,-66.24,,,,,,,11,19,16,23,,0,0,0,0,0,0,43012603209.92679,263460766.0,0.111,-0.308,7867526,9584771,0,19.3,,2026-06-25
2163,MKTX,Financial Services,Capital Markets,NASDAQ,768917,113.46,56.04,-4,13,-49.59,,,,,,,11,15,32,33,,0,0,0,0,0,0,4276462444.564682,35539453.0,0.081099994,0.119,865581,663916,0,26.7,,2026-06-25
2164,PRCT,Healthcare,Medical Devices,NASDAQ,1652751,20.85,56.03,-10,-14,-66.46,,,,,,,11,21,17,13,,0,0,0,0,0,0,1236277252.5969317,56918844.0,0.122600004,0.202,2116425,1541663,0,17.0,,2026-06-25
2165,XPEV,Consumer Cyclical,Auto Manufacturers,NYSE,7654460,12.48,55.99,-11,-3,-55.8,,,,,,,11,22,30,70,,0,0,0,0,0,0,12625466651.358995,955750690.0,0.0715,-0.176,7839030,7191986,0,40.7,,2026-06-25
2166,WAY,Healthcare,Health Information Services,NASDAQ,2421789,19.0,55.65,1,8,-54.18,,,,,,,11,10,17,27,,0,0,0,0,0,0,3542783965.06254,191812891.0,0.0683,0.224,2571609,2611345,0,18.0,,2026-06-25
2167,TNXP,Healthcare,Biotechnology,NASDAQ,525222,12.1,55.55,0,3,-82.71,,,,,,,11,11,14,12,,0,0,0,0,0,0,191446621.658514,15940601.0,0.18010001,1.832,603496,478645,0,12.3,,2026-06-25
2168,LDOS,Technology,Information Technology Services,NYSE,1645568,104.32,55.5,-5,21,-49.3,,,,,,,11,16,42,71,,0,0,0,0,0,0,13474139463.4001,125785466.0,0.0431,0.037,2330455,1451919,0,43.0,,2026-06-25
2169,MNSO,Consumer Cyclical,Specialty Retail,NYSE,697348,11.35,55.38,0,18,-57.55,,,,,,,11,11,29,31,,0,0,0,0,0,0,3719736545.174403,311535735.0,0.0221,0.285,788125,579191,0,23.7,,2026-06-25
2170,DXC,Technology,Information Technology Services,NYSE,5583777,8.39,55.05,-3,8,-49.0,,,,,,,11,14,25,34,,0,0,0,0,0,0,1393890323.6287136,162080263.0,0.19860001,-0.012,5731123,5152890,0,24.3,,2026-06-25
2171,DQ,Technology,Semiconductor Equipment & Materials,NYSE,996204,13.38,54.82,-10,10,-63.43,,,,,,,11,21,41,86,,0,0,0,0,0,0,959505843.3100662,67666137.0,0.0731,-0.784,1093204,990096,0,49.3,,2026-06-25
2172,RBLX,Communication Services,Electronic Gaming & Multimedia,NYSE,11706605,47.94,54.8,4,11,-68.17,,,,,,,11,7,14,35,,0,0,0,0,0,0,36894383855.85251,715978745.0,0.037,0.393,13248026,12318247,0,18.7,,2026-06-25
2173,LULU,Consumer Cyclical,Apparel Retail,NASDAQ,4242729,113.09,54.77,1,8,-55.17,,,,,,,11,10,17,30,,0,0,0,0,0,0,12691921033.667038,113553918.0,0.0668,0.043,3943847,3864163,0,19.0,,2026-06-25
2174,ABR,Real Estate,REIT - Mortgage,NYSE,4830424,5.09,54.74,-2,13,-59.54,,,,,,,11,13,28,14,,0,0,0,0,0,0,1000278218.9100122,192361203.0,0.0001,-0.103,3665683,4335446,0,18.3,,2026-06-25
2175,MNDY,Technology,Software - Application,NASDAQ,1860365,70.92,54.7,0,-7,-77.63,,,,,,,11,11,4,13,,0,0,0,0,0,0,3687476085.460968,51551463.0,0.1667,0.245,1368825,1882481,0,9.3,,2026-06-25
2176,IT,Technology,Information Technology Services,NYSE,1719234,130.47,54.66,-6,-13,-68.16,,,,,,,11,17,10,18,,0,0,0,0,0,0,8535696185.585335,66951889.0,0.2525,-0.015,1654932,1635012,0,15.0,,2026-06-25
2177,CTSH,Technology,Information Technology Services,NASDAQ,12209962,41.44,54.07,-6,2,-52.38,,,,,,,11,17,25,73,,0,0,0,0,0,0,20670100360.87036,473000000.0,0.1274,0.058,18134048,10108595,0,38.3,,2026-06-25
2178,KRMN,Industrials,Aerospace & Defense,NYSE,3655458,44.84,53.97,-33,13,-62.12,,,,,,,11,44,90,92,,0,0,0,0,0,0,6675349539.076641,132526299.0,0.0696,0.51,4051815,2895779,2,75.3,,2026-06-25
2179,FLUT,Consumer Cyclical,Gambling,NYSE,2812551,98.51,53.95,4,3,-68.6,,,,,,,11,7,6,26,,0,0,0,0,0,0,17657370686.755753,173400475.0,0.0876,0.174,2878615,3044483,0,13.0,,2026-06-25
2180,CRCL,Financial Services,Capital Markets,NYSE,13932513,70.98,53.85,-63,-94,-76.26,,,,,,,10,73,42,16,,0,0,0,0,0,0,19943255721.353226,248576030.0,0.0681,0.2,10944250,14561484,0,43.7,,2026-06-25
2181,HLNE,Financial Services,Asset Management,NASDAQ,974172,73.79,53.83,-5,-2,-54.2,,,,,,,10,15,18,39,,0,0,0,0,0,0,3592797321.421509,43697364.0,0.1179,-0.022,982976,985743,0,24.0,,2026-06-25
2182,WVE,Healthcare,Biotechnology,NASDAQ,3812661,5.95,53.8,-3,2,-72.62,,,,,,,10,13,18,97,,0,0,0,0,0,0,1185197534.9617538,192402202.0,0.1195,3.169,3201615,3941169,1,42.7,,2026-06-25
2183,ZTS,Healthcare,Drug Manufacturers - Specialty & Generic,NYSE,7907752,78.17,53.79,2,22,-51.68,,,,,,,10,8,28,22,,0,0,0,0,0,0,32997444783.965195,419228118.0,0.0363,0.029,7317848,7255259,0,19.3,,2026-06-25
2184,NUS,Consumer Defensive,Household & Personal Products,NYSE,749497,5.11,53.64,-1,14,-65.05,,,,,,,10,11,26,68,,0,0,0,0,0,0,243723724.93397188,48550543.0,0.065,-0.12,835391,643048,0,35.0,,2026-06-25
2185,PHR,Healthcare,Health Information Services,NYSE,1560270,9.59,53.6,4,8,-70.73,,,,,,,10,6,10,14,,0,0,0,0,0,0,579795525.8938093,61811889.0,0.0669,0.129,1092790,1463310,0,10.0,,2026-06-25
2186,LI,Consumer Cyclical,Auto Manufacturers,NASDAQ,5276090,12.39,53.6,-7,4,-61.31,,,,,,,10,17,28,14,,0,0,0,0,0,0,13268132426.664845,1004400635.0,0.0464,-0.114,3590862,4243634,0,19.7,,2026-06-25
2187,PCOR,Technology,Software - Application,NYSE,2698020,39.0,53.28,-8,-2,-52.62,,,,,,,10,18,24,54,,0,0,0,0,0,0,6034099991.104218,150890216.0,0.0908,0.157,3566062,2722006,0,32.0,,2026-06-25
2188,INSP,Healthcare,Medical Devices,NYSE,1067899,43.2,53.23,4,7,-70.62,,,,,,,10,6,9,26,,0,0,0,0,0,0,1227728466.916153,28813153.0,0.1681,0.016,856538,1109721,0,13.7,,2026-06-25
2189,TME,Communication Services,Internet Content & Information,NYSE,12913649,8.18,53.23,3,6,-69.36,,,,,,,10,7,10,55,,0,0,0,0,0,0,14293400030.855509,1637273858.0,0.0429,0.073,12649067,11122075,0,24.0,,2026-06-25
2190,TSCO,Consumer Cyclical,Specialty Retail,NASDAQ,13191560,30.06,53.13,3,29,-53.02,,,,,,,10,7,33,32,,0,0,0,0,0,0,15859356267.803007,524449616.0,0.051799998,0.036,13830952,13207954,0,24.0,,2026-06-25
2191,DJT,Communication Services,Internet Content & Information,NASDAQ,4277969,7.52,53.11,0,0,-64.05,,,,,,,10,10,10,12,,0,0,0,0,0,0,2351337936.3302994,276953828.0,0.0696,0.061,3970809,4129505,0,10.7,,2026-06-25
2192,PEGA,Technology,Software - Application,NASDAQ,2104247,29.92,53.08,-5,5,-56.06,,,,,,,10,15,25,81,,0,0,0,0,0,0,5028522000.089886,167116051.0,0.1421,-0.096,2698351,2284960,0,40.3,,2026-06-25
2193,RXST,Healthcare,Medical Devices,NASDAQ,873088,5.31,52.98,1,2,-62.74,,,,,,,10,9,10,20,,0,0,0,0,0,0,195805961.3595777,41396609.0,0.106400006,-0.185,1007666,823307,0,13.0,,2026-06-25
2194,CRK,Energy,Oil & Gas E&P,NYSE,2717662,13.46,52.9,-2,48,-56.82,,,,,,,10,12,62,72,,0,0,0,0,0,0,3847415511.2360687,293695832.0,0.2956,0.142,2598687,2673905,0,48.7,,2026-06-25
2195,PLNT,Consumer Cyclical,Leisure,NYSE,2392475,53.86,52.32,3,16,-52.95,,,,,,,10,7,20,62,,0,0,0,0,0,0,4192129827.798695,79126649.0,0.1094,0.197,1949036,2627663,0,29.7,,2026-06-25
2196,FMC,Basic Materials,Agricultural Inputs,NYSE,3362758,11.32,52.27,-3,5,-74.66,,,,,,,10,13,21,5,,0,0,0,0,0,0,1444273250.4004984,125045301.0,0.1824,-0.041,3956715,3203577,0,13.0,,2026-06-25
2197,CHWY,Consumer Cyclical,Internet Retail,NYSE,10459621,19.01,52.22,-1,11,-56.64,,,,,,,10,11,23,28,,0,0,0,0,0,0,7455614434.630943,409424207.0,0.120799996,0.077,12863463,9289522,0,20.7,,2026-06-25
2198,AORT,Healthcare,Medical Devices,NYSE,781327,22.03,51.91,0,40,-54.34,,,,,,,10,10,50,88,,0,0,0,0,0,0,1028633612.4249458,48543350.0,0.0475,0.175,833963,728354,0,49.3,,2026-06-25
2199,ERNA,Healthcare,Biotechnology,NASDAQ,832049,6.3,51.88,-10,-28,-91.19,,,,,,,9,19,1,14,,0,0,0,0,0,0,7231264.377539635,1166333.0,0.061,,63059,2038796,0,11.3,,2026-06-25
2200,GWRE,Technology,Software - Application,NYSE,2007909,110.33,51.83,-10,-10,-59.53,,,,,,,9,19,19,40,,0,0,0,0,0,0,8980031471.855652,83256364.0,0.066300005,0.269,2398528,1668055,0,26.0,,2026-06-25
2201,AIRO,Industrials,Aerospace & Defense,NASDAQ,654226,7.03,51.53,1,8,-75.92,,,,,,,9,8,15,5,,0,0,0,0,0,0,251250688.36266327,31445644.0,0.100600004,-0.245,447238,569317,0,9.3,,2026-06-25
2202,BL,Technology,Software - Application,NASDAQ,1528199,27.03,51.22,-3,2,-54.62,,,,,,,9,12,17,61,,0,0,0,0,0,0,1570352774.9428368,58660917.0,0.17040001,0.097,1252947,1318053,0,30.0,,2026-06-25
2203,SERV,Industrials,Specialty Industrial Machinery,NASDAQ,5860614,6.12,51.15,-19,-14,-67.17,,,,,,,9,28,33,46,,0,0,0,0,0,0,594780695.2143917,85090231.0,0.2602,5.782,6005722,4972750,0,35.7,,2026-06-25
2204,UPWK,Communication Services,Internet Content & Information,NASDAQ,3674626,8.22,50.83,1,9,-64.01,,,,,,,9,8,16,80,,0,0,0,0,0,0,994321026.409215,123518137.0,0.28440002,0.014,3378610,4244528,0,34.7,,2026-06-25
2205,GLIBK,Communication Services,Telecom Services,NASDAQ,918811,20.15,50.44,-2,57,-51.06,,,,,,,9,11,70,65,,0,0,0,0,0,0,814859980.5245094,39904994.0,0.082399994,-0.038,805505,812583,0,48.7,,2026-06-25
2206,SMR,Industrials,Specialty Industrial Machinery,NYSE,36185067,10.21,50.42,-2,-3,-82.22,,,,,,,9,11,10,11,,0,0,0,0,0,0,4063281836.682673,346105785.0,0.1997,-0.958,37858753,38150572,0,10.7,,2026-06-25
2207,SHAK,Consumer Cyclical,Restaurants,NYSE,2505288,54.75,50.36,-1,22,-62.15,,,,,,,9,10,33,18,,0,0,0,0,0,0,2383921320.444397,40350732.0,0.1248,0.143,2065756,2418209,0,20.3,,2026-06-25
2208,ACN,Technology,Information Technology Services,NYSE,8323185,129.15,49.97,-8,-5,-58.04,,,,,,,9,17,20,36,,0,0,0,0,0,0,78316353164.06903,611942109.0,0.047,0.056,13509875,7028297,0,24.3,,2026-06-25
2209,DOCS,Healthcare,Health Information Services,NYSE,4909123,20.83,49.95,2,2,-72.77,,,,,,,9,7,7,16,,0,0,0,0,0,0,3741561914.1956406,182872047.0,0.127,0.051,3010931,4151348,0,10.0,,2026-06-25
2210,PODD,Healthcare,Medical Devices,NASDAQ,1568218,148.88,49.93,3,18,-58.05,,,,,,,9,6,21,44,,0,0,0,0,0,0,10096018501.757782,69264674.0,0.069,0.339,1525916,1543235,0,23.7,,2026-06-25
2211,QDEL,Healthcare,Medical Devices,NASDAQ,1794384,12.21,49.64,3,7,-65.68,,,,,,,8,5,9,27,,0,0,0,0,0,0,932170824.8325596,68190989.0,0.241,-0.105,1614544,2331518,0,13.7,,2026-06-25
2212,KVYO,Technology,Software - Application,NYSE,6729318,14.06,49.54,-1,2,-61.75,,,,,,,8,9,12,60,,0,0,0,0,0,0,3965457522.25,299279813.0,0.1833,0.279,6169444,6938702,0,27.0,,2026-06-25
2213,WHR,Consumer Cyclical,"Furnishings, Fixtures & Appliances",NYSE,2784702,37.86,49.53,0,10,-66.18,,,,,,,8,8,18,21,,0,0,0,0,0,0,2519026521.624893,64823121.0,0.0013,-0.096,2565277,3016339,0,15.7,,2026-06-25
2214,KD,Technology,Information Technology Services,NYSE,4231197,11.1,49.31,-2,-6,-74.89,,,,,,,8,10,6,21,,0,0,0,0,0,0,2425689288.0,220517208.0,0.1735,-0.008,4744402,4372960,0,12.3,,2026-06-25
2215,OCS,Healthcare,Biotechnology,NASDAQ,1016974,11.56,48.29,-74,-72,-66.47,,,,,,,8,82,84,68,,0,0,0,0,0,0,677554195.1853552,60388073.0,0.0125,-0.267,589844,796924,0,78.0,,2026-06-25
2216,FIG,Technology,Software - Application,NYSE,22045420,18.64,48.21,2,1,-86.96,,,,,,,8,6,5,8,,0,0,0,0,0,0,9975749254.808731,528376573.0,0.3678,0.461,18849771,20257544,0,6.3,,2026-06-25
2217,TTD,Communication Services,Advertising Agencies,NASDAQ,21448285,17.7,47.95,-1,-2,-80.65,,,,,,,8,9,8,12,,0,0,0,0,0,0,8701705869.709265,470108361.0,0.21020001,0.118,24081375,20548419,0,9.7,,2026-06-25
2218,NCI,Consumer Cyclical,Apparel Manufacturing,NASDAQ,545705,10.89,47.8,1,93,-90.14,,,,,,,8,7,99,8,,0,0,1,0,0,1,26030415.06113434,2364252.0,0.026600001,-0.508,93588,608152,1,38.0,,2026-06-25
2219,ZG,Communication Services,Internet Content & Information,NASDAQ,1376604,30.5,47.72,-2,1,-66.19,,,,,,,7,9,12,41,,0,0,0,0,0,0,7433771190.936241,228801810.0,0.16309999,0.184,1706154,1216700,0,20.7,,2026-06-25
2220,CCOI,Communication Services,Telecom Services,NASDAQ,1136888,13.52,47.7,-18,-32,-75.13,,,,,,,7,25,11,6,,0,0,0,0,0,0,710602016.9565763,50077663.0,0.1689,-0.032,1282145,1280069,0,14.0,,2026-06-25
2221,LBRDK,Communication Services,Telecom Services,NASDAQ,2049815,30.75,47.61,-1,21,-67.63,,,,,,,7,8,30,14,,0,0,0,0,0,0,4250402883.028088,143497730.0,0.0315,,1791307,2210879,0,17.3,,2026-06-25
2222,PSIX,Industrials,Specialty Industrial Machinery,NASDAQ,861149,38.44,47.53,-4,52,-68.43,,,,,,,7,11,67,84,,0,0,0,0,0,0,929163671.154976,23050450.0,0.1423,-0.051,407959,785171,0,54.0,,2026-06-25
2223,BLKB,Technology,Software - Application,NASDAQ,925277,27.61,47.5,0,6,-63.13,,,,,,,7,7,13,37,,0,0,0,0,0,0,1242004188.292099,45932106.0,0.13270001,0.042,1297631,797136,0,19.0,,2026-06-25
2224,Z,Communication Services,Internet Content & Information,NASDAQ,5043703,30.54,47.17,-2,1,-67.47,,,,,,,7,9,12,36,,0,0,0,0,0,0,7346826258.749542,228801810.0,0.099,0.184,5490531,4237920,0,19.0,,2026-06-25
2225,CHTR,Communication Services,Telecom Services,NASDAQ,3548556,131.42,47.0,-1,19,-68.88,,,,,,,7,8,28,13,,0,0,0,0,0,0,17820946119.026413,141178370.0,0.4429,-0.01,4325468,3636585,0,16.3,,2026-06-25
2226,HUBS,Technology,Software - Application,NYSE,2119917,180.73,46.81,-1,0,-68.19,,,,,,,7,8,9,19,,0,0,0,0,0,0,9011100266.751345,51190708.0,0.1512,0.234,1811102,1975800,0,12.0,,2026-06-25
2227,SOC,Energy,Oil & Gas Drilling,NYSE,4019002,7.93,46.46,-77,-74,-75.36,,,,,,,7,84,87,5,,0,0,0,0,0,0,1562152631.5345669,154362910.0,0.2198,,4584197,3651809,0,58.7,,2026-06-25
2228,BSX,Healthcare,Medical Devices,NYSE,21296720,44.46,46.31,-4,5,-59.4,,,,,,,7,11,20,41,,0,0,0,0,0,0,67317027417.70881,1486355179.0,0.0387,0.116,19381991,20543546,0,24.0,,2026-06-25
2229,CSGP,Real Estate,Real Estate Services,NASDAQ,8449950,29.81,46.09,0,3,-69.4,,,,,,,7,7,10,25,,0,0,0,0,0,0,12299674478.505754,408355715.0,0.0372,0.225,7835721,7696372,0,14.0,,2026-06-25
2230,GLOB,Technology,Information Technology Services,NYSE,1990829,29.12,45.91,-4,-2,-69.43,,,,,,,7,11,13,20,,0,0,0,0,0,0,1327339541.556984,43179556.0,0.1815,-0.007,1696537,1745575,0,14.7,,2026-06-25
2231,PONY,Technology,Information Technology Services,NASDAQ,5104415,7.21,45.83,-5,-1,-71.07,,,,,,,7,12,16,59,,0,0,0,0,0,0,3615736618.173191,433541553.0,0.0866,1.45,4092386,4605201,0,29.0,,2026-06-25
2232,EH,Industrials,Aerospace & Defense,NASDAQ,1320725,6.63,45.48,-4,-2,-67.58,,,,,,,7,11,13,18,,0,0,0,0,0,0,533192910.7729902,75845362.0,0.113900006,-0.017,1423016,1003095,0,14.0,,2026-06-25
2233,ANGI,Communication Services,Internet Content & Information,NASDAQ,1318770,5.29,45.04,1,2,-72.76,,,,,,,7,6,7,22,,0,0,0,0,0,0,203049039.5485153,40448016.0,0.13340001,-0.032,1073620,1348338,0,11.7,,2026-06-25
2234,ODD,Consumer Defensive,Household & Personal Products,NASDAQ,1865015,12.87,45.03,2,0,-83.46,,,,,,,7,5,3,17,,0,0,0,0,0,0,602847906.7039032,46124554.0,0.1871,-0.262,1492856,1636493,0,8.3,,2026-06-25
2235,VITL,Consumer Defensive,Farm Products,NASDAQ,2956191,11.11,44.89,4,6,-79.09,,,,,,,7,3,5,28,,0,0,0,0,0,0,446052399.6018448,42848454.0,0.3841,0.154,2900965,3400663,0,12.0,,2026-06-25
2236,EPAM,Technology,Information Technology Services,NYSE,2297938,78.39,44.4,-4,9,-64.77,,,,,,,6,10,23,76,,0,0,0,0,0,0,4004014692.7525177,52244451.0,0.257,0.076,1949516,1998679,0,36.3,,2026-06-25
2237,UPB,Healthcare,Biotechnology,NASDAQ,664878,6.35,44.18,-11,-12,-81.15,,,,,,,6,17,16,96,,0,0,0,0,0,0,340124918.75,54419987.0,0.103199996,0.827,770344,604896,1,43.0,,2026-06-25
2238,BRBR,Consumer Defensive,Packaged Foods,NYSE,5487324,11.91,43.61,3,5,-80.29,,,,,,,6,3,5,9,,0,0,0,0,0,0,1099988465.435648,116277850.0,0.1173,0.018,7373733,5361900,0,5.7,,2026-06-25
2239,MSTR,Technology,Software - Application,NASDAQ,19774813,94.13,43.57,-17,-29,-79.41,,,,,,,6,23,11,7,,0,0,0,0,0,0,39954190964.694855,355053687.0,0.113800004,0.119,22827109,19599349,0,13.7,,2026-06-25
2240,BLSH,Technology,Software - Infrastructure,NYSE,1739138,23.47,43.39,-14,-17,-80.11,,,,,,,6,20,17,11,,0,0,0,0,0,0,3654725196.449253,151648346.0,0.1935,0.655,1854666,1530961,0,16.0,,2026-06-25
2241,XXI,Financial Services,Shell Companies,NYSE,1383237,5.39,43.24,-4,-5,-87.09,,,,,,,6,10,9,10,,0,0,0,0,0,0,1914379248.1051652,346807836.0,0.1079,,1426362,1334278,0,9.7,,2026-06-25
2242,MRLN,Industrials,Aerospace & Defense,NASDAQ,3556249,5.63,43.04,-8,21,-66.88,,,,,,,6,14,43,57,,0,0,0,0,0,0,645745913.4031506,96524052.0,1.94,0.154,2891259,2695929,0,38.0,,2026-06-25
2243,INTU,Technology,Software - Application,NASDAQ,6556253,262.23,41.55,-2,4,-67.77,,,,,,,6,8,14,44,,0,0,0,0,0,0,73034379000.0,273537000.0,0.0436,0.104,5935160,4956982,0,22.0,,2026-06-25
2244,FUBO,Communication Services,Broadcasting,NYSE,1302413,8.75,40.08,1,-1,-84.55,,,,,,,5,4,2,34,,0,0,0,0,0,0,271396212.2001524,29435597.0,0.2432,0.398,1568789,1488933,0,13.3,,2026-06-25
2245,ICCM,Healthcare,Medical Devices,NASDAQ,6631266,9.3,37.79,3,8,-77.86,,,,,,,5,2,7,11,,0,0,0,0,0,0,15156185.667667866,2806701.0,0.0150999995,0.257,19727942,3986058,0,6.7,,2026-06-25
2246,EFOR,Technology,Information Technology Services,NYSE,1101920,18.31,36.55,0,18,-69.86,,,,,,,4,4,22,27,,0,0,0,0,0,0,782279996.8719482,41000000.0,0.1096,0.0,932771,1408674,0,17.7,,2026-06-25
2247,BRCB,Consumer Cyclical,Restaurants,NASDAQ,883178,7.53,33.63,0,5,-75.23,,,,,,,4,4,9,31,,0,0,0,0,0,0,166542729.43382692,21572893.0,0.051599998,0.237,601275,650023,0,14.7,,2026-06-25
2248,LENZ,Healthcare,Biotechnology,NASDAQ,779746,5.58,33.12,0,1,-88.93,,,,,,,4,4,5,7,,0,0,0,0,0,0,192829526.09018803,31354394.0,0.5375,,693998,786687,0,5.3,,2026-06-25
2249,MSAI,Technology,Electronic Components,NASDAQ,546307,5.43,33.01,1,4,-94.34,,,,,,,4,3,6,8,,0,0,0,0,0,0,11955049.434070587,2019434.0,1.2233,0.379,65441,348896,0,5.7,,2026-06-25
2250,WIX,Technology,Software - Infrastructure,NASDAQ,2370394,42.6,32.91,-6,1,-77.69,,,,,,,3,9,16,12,,0,0,0,0,0,0,1778185792.633015,41849511.0,0.2582,0.143,1754334,2098692,0,12.3,,2026-06-25
2251,LCID,Consumer Cyclical,Auto Manufacturers,NASDAQ,14499272,5.15,32.77,-2,5,-84.72,,,,,,,3,5,12,6,,0,0,0,0,0,0,2091776542.9849048,390256808.0,0.35909998,0.202,13255178,18673225,0,7.7,,2026-06-25
2252,OLOX,Industrials,Metal Fabrication,NASDAQ,1140810,5.2,23.51,1,2,-99.0,,,,,,,2,1,2,2,,0,0,0,0,0,0,7271969.631335735,1199995.0,0.3657,-0.4,27501,701818,0,1.7,,2026-06-25
2253,TDIC,Communication Services,Advertising Agencies,NASDAQ,2452255,6.74,18.74,-1,0,-99.32,,,,,,,1,2,3,0,,0,0,0,0,0,0,9204544.58183956,1501557.0,0.0047,0.289,2264305,1512909,0,1.7,,2026-06-25
2254,UBXG,Communication Services,Advertising Agencies,NASDAQ,1885418,8.49,15.79,1,20,-92.45,,,,,,,1,0,19,21,,0,0,0,0,0,0,13307994.552085876,1818032.0,0.0094,-0.326,5143759,1197552,0,13.3,,2026-06-25
2255,SDOT,Consumer Defensive,Farm Products,NASDAQ,2897408,7.25,12.79,1,7,-98.42,,,,,,,1,0,6,0,,0,0,0,0,0,0,16370972.848777773,1011803.0,0.0319,,1185067,2333453,0,2.0,,2026-06-25
