rank,ticker,sector,industry,exchange,avg_vol_30d,price,rs_score,rs_delta,rs_delta_momentum,pct_from_52w_high,pct_from_52w_low,range_position,price_vs_sma10,price_vs_sma20,price_vs_sma50,price_vs_sma200,percentile,pct_1m,pct_3m,pct_6m,pct_12m,elite_rs,elite_1m,elite_3m,elite_6m,elite_12m,elite_count,market_cap,float_shares,short_float_pct,revenue_growth,avg_vol_10d,avg_vol_50d,tf_count_10,avg_pct,shape_score,date
1,CLYM,Healthcare,Biotechnology,NASDAQ,1224623,17.44,455.17,0,0,2.59,957.3,99.4,13.3,25.4,33.7,123.0,99,99,99,99,99.8,1,1,1,1,1,5,937934039.7679616,57436255.0,0.1728,,1336060,1382184,4,99.2,-0.4,2026-08-19
2,QTTB,Healthcare,Biotechnology,NASDAQ,1907193,15.95,431.5,0,-2,-32.33,854.2,71.9,1.6,2.1,10.5,119.4,99,99,97,96,99.7,1,1,0,0,1,3,451007398.54385,29769466.0,0.1432,,433230,1334376,4,97.9,0.4,2026-08-19
3,SLS,Healthcare,Biotechnology,NASDAQ,6648380,13.0,427.88,0,0,-18.14,896.4,88.6,12.9,19.1,21.3,128.6,99,99,99,98,99.7,1,1,1,1,1,5,2512964243.213438,196632574.0,0.2807,,5303040,8311830,4,98.9,-0.1,2026-08-19
4,ERAS,Healthcare,Biotechnology,NASDAQ,4180226,18.28,421.48,0,0,-24.71,1163.6,79.1,-0.9,-1.6,3.3,51.4,99,99,99,99,100.0,1,1,1,1,1,5,6428625909.768019,349762035.0,0.0956,,2997740,4913938,4,99.2,-0.5,2026-08-19
5,AEHR,Technology,Semiconductor Equipment & Materials,NASDAQ,3122666,145.61,420.23,1,2,-1.21,521.2,70.6,-9.2,6.7,13.9,83.5,99,98,99,98,99.0,1,1,1,1,1,5,4373097447.3602295,32620450.0,0.1387,0.337,2616600,2567538,4,98.5,-0.6,2026-08-19
6,FBRX,Healthcare,Biotechnology,NASDAQ,1919810,76.89,382.85,0,-13,-0.4,646.6,99.9,0.1,4.8,74.5,157.5,99,99,86,96,99.5,1,1,0,0,1,3,1631030793.0816193,21229087.0,0.0936,,1085270,1319906,3,95.1,1.6,2026-08-19
7,AAOI,Technology,Communication Equipment,NASDAQ,11121560,154.89,350.33,1,2,-33.71,526.9,50.4,-9.8,2.5,-6.4,26.6,99,98,99,97,98.5,1,1,1,0,1,4,12709064833.126068,84569237.0,0.12810001,0.864,15626240,12292158,4,98.1,-0.1,2026-08-19
8,ORKA,Healthcare,Biotechnology,NASDAQ,884126,112.66,337.17,0,-1,1.16,661.7,96.6,2.6,9.6,24.8,106.8,99,99,98,96,99.5,1,1,1,0,1,4,7351925037.57679,66209699.0,0.17709999,,719880,1279124,4,98.1,0.5,2026-08-19
9,BFLY,Healthcare,Medical Devices,NYSE,7432693,9.02,326.83,1,-2,-10.25,564.5,93.6,1.3,10.6,20.0,91.4,99,98,95,75,99.4,1,1,0,0,1,3,2353961058.3518944,266285183.0,0.1528,0.395,6278820,9306520,3,91.8,4.2,2026-08-19
10,MU,Technology,Semiconductors,NASDAQ,42414316,1011.75,323.79,0,0,-19.38,709.3,74.8,1.7,4.7,-2.6,66.2,99,99,99,99,99.6,1,1,1,1,1,5,1097386118770.2776,1129393151.0,0.026500002,3.457,33462960,48758114,4,99.2,-0.3,2026-08-19
11,ANRO,Healthcare,Biotechnology,NYSE,566233,33.6,321.81,0,0,-0.21,1018.3,100.0,12.4,19.5,33.1,68.8,99,99,99,99,99.9,1,1,1,1,1,5,1261241198.6085205,39242104.0,0.09770001,,539450,579120,4,99.2,-0.5,2026-08-19
12,MXL,Technology,Semiconductors,NASDAQ,3515776,84.76,319.32,0,0,-33.94,409.0,46.4,-10.5,-6.9,-19.1,49.0,99,99,99,79,98.0,1,1,1,0,0,3,7694409992.311615,90693191.0,0.0643,0.552,2265790,3697886,3,93.7,4.5,2026-08-19
13,XHLD,Communication Services,Broadcasting,NASDAQ,6117506,7.36,318.68,58,23,-45.36,858.6,100.0,53.3,139.0,239.4,270.7,99,41,6,3,66.8,1,0,0,0,0,1,70427366.21070957,11977443.0,0.0049,-0.345,17247620,3765666,0,29.2,-1.8,2026-08-19
14,NUAI,Technology,Software - Infrastructure,NASDAQ,6855970,5.46,315.04,0,0,-42.19,1541.3,65.6,2.6,6.9,5.0,12.6,99,99,99,99,100.0,1,1,1,1,1,5,513545022.3477402,101290928.0,0.23719999,1.458,5106610,7964324,4,99.2,-0.5,2026-08-19
15,QMCO,Technology,Computer Hardware,NASDAQ,1834253,24.92,312.61,14,3,-10.36,405.6,80.2,10.1,41.2,63.6,147.7,99,85,74,12,94.8,1,0,0,0,0,1,1028995150.1639556,39410001.0,0.0614,0.257,3668360,1627618,1,66.5,10.8,2026-08-19
16,STTK,Healthcare,Biotechnology,NASDAQ,1151316,7.39,298.07,0,0,-11.28,790.7,96.3,4.2,5.5,19.6,50.6,99,99,99,98,99.8,1,1,1,1,1,5,744695344.9171085,100363253.0,0.065799996,,914590,1485654,4,98.9,-0.2,2026-08-19
17,SYRE,Healthcare,Biotechnology,NASDAQ,976136,104.6,297.55,0,-1,-3.27,635.0,100.0,4.0,6.2,15.7,92.8,99,99,98,96,99.3,1,1,1,0,1,4,9137446713.88353,88173762.0,0.14729999,,749090,1332382,4,98.1,0.5,2026-08-19
18,LITE,Technology,Communication Equipment,NASDAQ,4834800,968.9,293.07,0,0,-10.76,614.1,75.9,-5.6,2.2,1.8,28.1,99,99,99,99,99.4,1,1,1,1,1,5,82056005297.85156,88600000.0,0.1216,1.093,5822520,5169264,4,99.1,-0.2,2026-08-19
19,TXG,Healthcare,Health Information Services,NASDAQ,3098823,57.99,292.57,1,-5,-4.45,448.4,100.0,10.6,20.2,43.4,138.7,99,98,92,87,98.3,1,1,0,0,1,3,7308031633.0008545,130291168.0,0.1759,-0.127,3431470,3270036,3,93.8,2.7,2026-08-19
20,BLZE,Technology,Software - Infrastructure,NASDAQ,2772420,19.39,291.9,0,-11,-19.17,410.0,79.3,-10.8,2.4,18.4,129.8,99,99,88,15,90.4,1,1,0,0,0,2,1177338028.3355713,61900000.0,0.045300003,0.177,3901640,3675146,2,73.1,22.2,2026-08-19
21,TWST,Healthcare,Diagnostics & Research,NASDAQ,1511810,124.41,281.91,1,-11,-1.57,489.4,100.0,16.3,31.7,48.8,148.6,99,98,86,91,98.7,1,1,0,0,1,3,7435219244.543213,62707424.0,0.2874,0.232,1815260,1818164,3,93.4,2.2,2026-08-19
22,DFTX,Healthcare,Biotechnology,NASDAQ,2163210,45.26,279.92,0,-5,-8.93,416.0,93.4,3.0,4.8,13.6,99.2,99,99,94,95,98.6,1,1,0,0,1,3,5728063222.019386,134366950.0,0.081499994,,2771470,3268388,4,96.7,1.5,2026-08-19
23,STX,Technology,Computer Hardware,NASDAQ,5273146,994.79,274.37,0,0,-13.12,438.5,72.2,-5.3,-2.7,-6.5,48.7,99,99,99,98,98.8,1,1,1,1,1,5,220970880554.1992,227000000.0,0.040599998,0.485,4694760,5111192,4,98.7,0.3,2026-08-19
24,DELL,Technology,Computer Hardware,NYSE,6375386,479.81,273.15,1,-2,-6.65,293.9,85.1,-5.8,-1.5,2.8,86.7,99,98,95,41,95.8,1,1,0,0,0,2,317133163509.18384,646142428.0,0.0436,0.875,5922740,7198266,3,82.5,12.8,2026-08-19
25,RLAY,Healthcare,Biotechnology,NASDAQ,2441666,20.67,270.13,0,-2,-0.58,511.8,99.9,3.0,6.1,13.9,72.5,99,99,97,96,99.2,1,1,0,0,1,3,4352152925.413437,219141631.0,0.2139,-0.483,1935500,3318234,4,97.8,0.7,2026-08-19
26,ETON,Healthcare,Drug Manufacturers - Specialty & Generic,NASDAQ,598500,61.73,266.17,1,-3,3.24,328.4,96.0,21.9,28.7,54.1,143.4,99,98,94,58,97.2,1,1,0,0,0,2,1682403343.545761,28583135.0,0.0674,0.986,714470,530790,3,86.8,8.8,2026-08-19
27,WDC,Technology,Computer Hardware,NASDAQ,8008670,536.01,263.92,0,0,-32.99,518.9,57.7,-1.8,-6.5,-16.0,30.1,99,99,99,99,99.2,1,1,1,1,1,5,175374264045.25446,344682131.0,0.0805,0.438,9250510,9103924,4,99.0,-0.1,2026-08-19
28,ABCL,Healthcare,Biotechnology,NASDAQ,8343566,11.2,257.67,13,16,-2.61,332.0,100.0,20.6,54.2,72.6,155.5,99,86,89,53,93.0,1,0,0,0,0,1,3489238518.1688976,306611466.0,0.2041,-0.763,14345050,7983122,1,80.2,2.8,2026-08-19
29,APPS,Technology,Software - Application,NASDAQ,3790906,12.24,254.59,4,-33,-20.21,298.2,72.7,-13.0,2.7,7.3,83.8,99,95,58,36,93.5,1,0,0,0,0,1,1505442099.2195606,121016250.0,0.0917,0.268,6025130,4926566,2,70.6,16.2,2026-08-19
30,RVMD,Healthcare,Biotechnology,NASDAQ,1806060,212.0,253.51,1,0,1.55,501.8,99.3,3.7,8.8,17.7,74.2,99,98,97,96,99.1,1,1,0,0,1,3,43662473149.80624,214336418.0,0.056799997,,1629520,2451986,4,97.5,-0.0,2026-08-19
31,FCEL,Industrials,Electrical Equipment & Parts,NASDAQ,10199540,22.36,251.72,0,0,-40.97,417.9,51.0,-2.6,-3.9,-7.1,58.2,99,99,99,89,98.7,1,1,1,0,1,4,1788575431.6202316,79954196.0,0.1996,-0.049,7406970,11903698,3,96.4,2.2,2026-08-19
32,MBX,Healthcare,Biotechnology,NASDAQ,651986,68.25,248.53,0,-10,-6.04,601.9,96.2,1.7,4.3,22.2,80.6,99,99,89,96,98.8,1,1,0,0,1,3,3302337768.022705,48160096.0,0.1514,,460440,840664,3,95.7,1.7,2026-08-19
33,ALMS,Healthcare,Biotechnology,NASDAQ,1168043,25.5,247.23,0,-1,-18.66,507.3,76.1,-7.0,-10.2,-7.4,13.6,99,99,98,99,98.9,1,1,1,1,1,5,3276005829.9641247,129435239.0,0.0805,-0.377,861400,1383070,4,98.7,0.1,2026-08-19
34,ABSI,Healthcare,Biotechnology,NASDAQ,3199190,9.24,247.2,0,-4,-23.35,334.3,82.5,8.7,17.7,12.6,103.1,98,98,94,29,96.8,1,1,0,0,0,2,1575416664.1724396,171614010.0,0.2687,-0.464,2486810,5133326,3,79.4,14.8,2026-08-19
35,CDNA,Healthcare,Diagnostics & Research,NASDAQ,1198880,46.38,245.61,0,-19,-6.79,302.0,96.3,0.0,7.0,36.6,104.1,98,98,79,66,97.7,1,1,0,0,0,2,2344594970.571968,51734223.0,0.120799996,0.522,1184480,1114080,2,85.2,8.4,2026-08-19
36,DNTH,Healthcare,Biotechnology,NASDAQ,872950,114.86,244.77,-1,-2,-1.38,448.2,97.6,1.4,3.9,15.7,60.3,98,99,98,95,99.0,1,1,1,0,1,4,6339096328.631569,54666233.0,0.176,2.943,722050,1155600,4,97.8,0.9,2026-08-19
37,BAND,Technology,Software - Infrastructure,NASDAQ,1222060,52.79,238.56,-1,-1,-33.24,308.0,60.2,1.2,2.1,-10.7,68.5,98,99,99,35,97.3,1,1,1,0,0,3,1736797167.6431885,32180788.0,0.1492,0.222,915090,1396096,3,82.6,13.7,2026-08-19
38,PAYS,Technology,Software - Infrastructure,NASDAQ,651086,13.0,233.1,7,6,-1.89,334.0,100.0,6.7,25.5,51.6,126.7,98,91,90,23,92.5,1,0,0,0,0,1,743606598.8277206,56462156.0,0.0343,0.481,958610,633642,3,74.1,13.0,2026-08-19
39,UMAC,Technology,Computer Hardware,NYSE ARCA,4168463,30.15,228.8,20,33,-13.67,264.7,78.1,0.8,14.0,25.5,71.4,98,78,91,92,94.2,1,0,0,0,0,1,1701518628.9048195,49956505.0,0.19629999,6.873,5959200,4659682,3,88.8,-12.2,2026-08-19
40,SMJF,Consumer Cyclical,Textile Manufacturing,NYSE ARCA,943483,10.45,226.48,20,32,1.95,718.3,98.3,11.3,39.7,72.3,,98,78,90,3,,1,0,0,0,0,1,283976250.0,27705000.0,0.0481,-0.014,895720,838582,1,57.0,,2026-08-19
41,DRTS,Healthcare,Biotechnology,NASDAQ,593890,14.15,226.3,-1,-2,-4.07,372.9,99.7,3.7,10.4,19.2,77.7,98,99,98,96,98.1,1,1,1,0,1,4,1317813694.5,92478154.0,0.0517,,522730,700110,4,97.8,1.2,2026-08-19
42,IOVA,Healthcare,Biotechnology,NASDAQ,18072340,7.1,225.17,2,-8,1.43,341.4,100.0,17.8,40.3,64.7,124.4,98,96,86,88,96.0,1,0,0,0,0,1,3161740603.9997444,452971432.0,0.236,0.657,21982260,16518098,2,91.5,2.6,2026-08-19
43,ICHR,Technology,Semiconductor Equipment & Materials,NASDAQ,993426,71.87,223.21,-1,-2,-36.72,329.5,47.9,-9.5,-14.6,-27.0,17.8,98,99,98,98,96.4,1,1,1,1,0,4,2661123084.751236,37454229.0,0.053200003,0.227,955260,1138084,4,97.9,1.6,2026-08-19
44,TSEM,Technology,Semiconductors,NASDAQ,2047796,263.73,222.49,0,1,-17.57,353.2,66.1,-9.0,-3.9,-7.3,26.6,98,98,99,96,98.2,1,1,1,0,1,4,30007534836.99829,113031240.0,0.0222,0.237,2320540,1969118,4,97.8,0.2,2026-08-19
45,EVC,Communication Services,Advertising Agencies,NYSE,1783420,8.89,222.32,-1,-1,-35.3,325.8,56.1,-13.1,-18.8,-21.2,51.8,98,99,99,80,96.5,1,1,1,0,0,3,831517649.1731167,92288305.0,0.1243,1.262,2434630,1948288,3,93.6,5.0,2026-08-19
46,NESR,Energy,Oil & Gas Equipment & Services,NASDAQ,2040583,35.78,222.29,0,-2,-2.82,386.9,90.6,-1.7,9.6,18.8,52.9,98,98,96,98,98.5,1,1,0,1,1,4,3661927326.238808,100851754.0,0.060100004,0.591,2419620,2274268,4,97.6,-0.1,2026-08-19
47,NBIS,Communication Services,Internet Content & Information,NASDAQ,23924816,268.85,218.14,2,4,-10.34,249.5,71.8,-2.2,5.6,0.4,51.0,98,96,98,94,95.3,1,0,1,0,0,2,75488754943.11292,271855218.0,0.276,4.54,27389060,21769036,4,95.8,0.6,2026-08-19
48,SLN,Healthcare,Biotechnology,NASDAQ,1384970,14.35,216.83,4,-19,-18.35,216.5,83.6,-0.8,8.9,32.7,88.9,98,94,71,36,91.9,1,0,0,0,0,1,648224448.4962244,47246679.0,0.0515,,3112240,1067026,2,73.2,14.9,2026-08-19
49,REPL,Healthcare,Biotechnology,NASDAQ,6367136,14.63,216.02,-1,-88,-6.84,771.2,94.5,3.8,26.3,36.2,80.5,98,99,12,37,93.8,1,1,0,0,0,2,1257870305.3073816,84026071.0,0.5795,,5639790,5117458,2,60.4,23.7,2026-08-19
50,HYMC,Basic Materials,Gold,NASDAQ,1564830,26.32,215.43,3,7,-55.18,668.6,46.6,5.4,18.2,20.6,-3.5,98,95,99,99,99.6,1,0,1,1,1,4,2522428076.233208,93181681.0,0.2572,,1676610,2026994,4,98.1,-3.5,2026-08-19
51,IMMX,Healthcare,Biotechnology,NASDAQ,1698686,11.34,214.94,0,-1,-6.59,573.0,100.0,18.8,32.5,34.8,68.4,98,98,97,98,99.1,1,1,0,1,1,4,780953781.4797678,71189951.0,0.1612,,1446390,1878670,4,98.0,-0.5,2026-08-19
52,PENG,Technology,Information Technology Services,NASDAQ,3851776,63.08,214.38,0,-1,-29.8,226.0,56.3,-9.5,-4.8,-14.8,51.9,98,98,97,51,89.3,1,1,0,0,0,2,3269284157.1049232,51242699.0,0.1879,0.476,1638900,3600352,2,83.8,13.8,2026-08-19
53,INHD,Basic Materials,Steel,NASDAQ,527610,8.02,211.39,-1,-100,-99.9,611.4,0.1,-2.8,-58.4,-75.2,-88.5,98,99,0,0,0.1,1,1,0,0,0,2,38245105.25245094,4520698.0,0.6021,0.949,1086660,5897454,1,24.8,79.2,2026-08-19
54,FSLY,Technology,Software - Application,NASDAQ,6109136,29.04,211.05,2,-3,-16.6,228.6,62.6,-12.4,-3.3,12.4,32.1,98,96,91,96,96.5,1,0,0,0,0,1,4767849048.614502,159300000.0,0.1649,0.233,8385820,5853410,4,94.9,0.3,2026-08-19
55,VICR,Technology,Electronic Components,NASDAQ,838840,253.5,210.92,0,1,-33.75,367.5,51.3,-3.8,-0.2,-17.3,10.7,98,98,99,98,98.2,1,1,1,1,1,5,10823094522.951843,46106732.0,0.072,0.493,698020,876212,4,98.3,-0.2,2026-08-19
56,AGPU,Technology,Software - Infrastructure,NASDAQ,571273,10.62,206.42,13,4,-66.92,673.0,57.2,21.5,29.0,41.6,95.7,98,85,76,2,22.2,1,0,0,0,0,1,94153459.01161194,11384940.0,0.0701,-0.68,445130,440636,0,46.3,48.9,2026-08-19
57,MRVL,Technology,Semiconductors,NASDAQ,23131953,234.33,205.16,1,1,-28.97,280.8,68.8,7.9,15.1,1.2,65.3,98,97,97,49,95.4,1,0,0,0,0,1,199272816629.18347,897544423.0,0.0479,0.276,20364440,38323718,3,84.6,10.4,2026-08-19
58,NEWP,Basic Materials,Silver,NYSE ARCA,575170,6.66,205.03,14,27,-5.26,337.8,99.8,4.7,21.4,43.8,62.7,98,84,97,98,97.9,1,0,0,1,0,2,1265877836.4394188,185069855.0,0.043899998,,698890,757324,3,94.2,-11.1,2026-08-19
59,HPE,Technology,Communication Equipment,NYSE,17184456,57.61,204.67,1,-4,-10.33,165.7,83.2,-4.9,1.9,8.9,68.8,98,97,92,44,92.2,1,0,0,0,0,1,77743987505.56546,1324203521.0,0.0561,0.4,17229610,21059980,3,81.3,13.5,2026-08-19
60,CRNX,Healthcare,Biotechnology,NASDAQ,6593260,84.75,203.76,1,-61,0.05,191.1,99.9,0.3,0.7,30.7,75.2,98,97,35,73,94.5,1,0,0,0,0,1,8986263539.72313,106095205.0,0.0647,23.363,2149680,4492092,2,74.9,12.3,2026-08-19
61,TNGX,Healthcare,Biotechnology,NASDAQ,2374793,25.29,202.77,0,1,-26.46,296.2,71.0,-4.1,-6.0,-12.1,35.1,98,98,99,99,97.0,1,1,1,1,0,4,4316425459.519751,168610367.0,0.26790002,,2108260,4132966,4,98.2,0.2,2026-08-19
62,FORM,Technology,Semiconductor Equipment & Materials,NASDAQ,1373296,138.16,202.18,4,8,-13.8,312.7,65.9,-7.0,0.6,-6.4,16.5,98,94,98,98,97.8,1,0,1,1,0,3,10258848470.998169,77954772.0,0.045,0.319,1153000,1660372,4,96.9,-3.1,2026-08-19
63,UCTT,Technology,Semiconductor Equipment & Materials,NASDAQ,1452383,87.88,201.92,0,0,-39.07,246.5,44.1,-12.0,-12.2,-23.6,18.3,98,98,98,98,95.5,1,1,1,1,0,4,3845378086.7874527,45277029.0,0.0992,0.243,1373310,1482472,4,97.4,1.2,2026-08-19
64,VSXY,Consumer Cyclical,Apparel Retail,NYSE,1612883,84.1,201.76,-1,-13,-17.92,315.2,85.6,-3.3,-1.0,6.2,49.8,97,98,86,96,97.6,0,1,0,0,0,1,7076352647.551575,79491720.0,0.1895,0.153,1624040,1824698,3,94.4,1.8,2026-08-19
65,SIMO,Technology,Semiconductors,NASDAQ,1141976,272.7,201.63,-1,-1,-23.18,229.6,64.3,-3.1,-3.2,-13.2,38.8,97,98,98,94,96.1,0,1,1,0,0,2,9117793768.043518,33907750.0,0.0275,1.27,1475850,1046834,4,96.5,1.7,2026-08-19
66,INTC,Technology,Semiconductors,NASDAQ,114599410,103.49,200.59,-1,0,-27.3,294.9,59.0,-7.0,-3.6,-14.7,30.7,97,98,99,92,97.7,0,1,1,0,0,2,541825789355.0,5286105262.0,0.0248,0.254,109309780,121680074,4,96.7,1.3,2026-08-19
67,PACS,Healthcare,Medical Care Facilities,NYSE,904533,44.32,200.56,-1,-3,-10.45,474.1,89.7,-2.9,-3.4,3.0,23.3,97,98,96,98,97.6,0,1,0,1,0,2,7036434379.839127,158335612.0,0.0791,0.091,994220,941896,4,97.4,0.4,2026-08-19
68,PBF,Energy,Oil & Gas Refining & Marketing,NYSE,3263636,75.07,199.57,0,-9,0.44,233.1,97.6,5.7,9.5,31.2,75.1,97,97,88,81,95.5,0,0,0,0,0,0,8516872419.777122,118536849.0,0.1228,0.562,3192800,3040574,2,90.4,4.9,2026-08-19
69,DOCN,Technology,Software - Infrastructure,NYSE,3360936,135.28,199.45,-1,0,-27.85,289.0,57.3,-8.1,-6.0,-15.4,25.3,97,98,99,92,97.5,0,1,1,0,0,2,15188699618.254885,116908096.0,0.0915,0.286,2739730,3485324,4,96.6,1.4,2026-08-19
70,OMER,Healthcare,Biotechnology,NASDAQ,2003256,17.36,198.33,20,38,-4.3,356.3,100.0,18.8,35.7,61.9,61.1,97,77,95,95,97.8,0,0,0,0,0,0,1244355190.6995316,72388316.0,0.2209,,3127310,2177762,3,91.2,-15.8,2026-08-19
71,ASX,Technology,Semiconductors,NYSE,8906263,39.91,198.29,-1,-3,-12.32,270.3,73.3,-6.5,-3.8,-8.3,33.2,97,98,96,96,97.1,0,1,0,0,0,1,102948931864.78688,2603665389.0,0.0068,0.267,7031350,10936178,4,96.8,1.1,2026-08-19
72,ELVN,Healthcare,Biotechnology,NASDAQ,953306,59.53,197.06,1,-1,-4.48,292.3,96.3,0.2,4.0,17.0,70.7,97,96,94,82,94.9,0,0,0,0,0,0,4309786139.659538,73270761.0,0.1603,,1257500,1572648,3,91.7,3.5,2026-08-19
73,APGE,Healthcare,Biotechnology,NASDAQ,1272513,134.59,195.54,0,-8,-0.22,274.0,99.9,0.1,0.2,6.6,52.9,97,97,89,89,97.4,0,0,0,0,0,0,10183784975.230637,75687735.0,0.0719,,1437730,3141230,2,93.1,2.2,2026-08-19
74,MEI,Technology,Electronic Components,NYSE,595423,18.08,194.75,-1,-12,-11.29,181.4,63.7,-14.1,-9.5,-6.9,47.0,97,98,87,66,88.8,0,1,0,0,0,1,608383284.2156067,35494942.0,0.078200005,0.159,578700,745760,1,85.0,12.1,2026-08-19
75,LQDA,Healthcare,Drug Manufacturers - Specialty & Generic,NASDAQ,1566186,77.7,194.38,-2,-4,-17.0,245.6,77.3,-7.2,-10.2,-4.2,55.3,97,99,97,89,94.7,0,1,0,0,0,1,6619807906.669617,88928099.0,0.1671,18.427,1916710,2003334,3,94.9,4.4,2026-08-19
76,TER,Technology,Semiconductor Equipment & Materials,NASDAQ,3505076,443.14,194.16,1,2,-9.18,247.3,72.2,-4.3,0.5,-1.4,24.3,97,96,97,98,96.8,0,0,0,1,0,1,65473944028.419495,156340750.0,0.0594,1.039,2767050,4373584,4,97.0,-0.9,2026-08-19
77,CLMT,Basic Materials,Specialty Chemicals,NASDAQ,1263913,48.35,193.77,0,-4,-1.67,271.8,95.7,5.8,11.0,24.8,67.0,97,97,93,93,96.9,0,0,0,0,0,0,4194503833.777649,87898234.0,0.0481,0.408,1468560,1111220,4,95.0,1.3,2026-08-19
78,COHU,Technology,Semiconductor Equipment & Materials,NASDAQ,1087966,62.62,193.44,1,0,-16.06,194.5,66.1,-1.1,6.1,-2.3,43.6,97,96,95,88,93.2,0,0,0,0,0,0,2807169040.783642,47338433.0,0.2069,0.384,898000,1264294,3,93.1,3.1,2026-08-19
79,LIFE,Financial Services,Insurance Brokers,NASDAQ,1121520,35.17,193.14,30,47,-1.46,233.5,90.8,-1.0,20.5,51.4,,97,67,84,13,,0,0,0,0,0,0,2169096654.266762,63759454.0,0.0736,1.134,2223110,840330,0,54.7,,2026-08-19
80,PSNL,Healthcare,Diagnostics & Research,NASDAQ,4232373,13.89,192.11,0,-33,-15.25,249.0,100.0,11.3,18.6,23.8,69.8,97,97,64,86,96.7,0,0,0,0,0,0,1498782365.167777,106750881.0,0.1274,0.3,2197510,4052452,2,85.9,5.6,2026-08-19
81,ANAB,Healthcare,Biotechnology,NASDAQ,642146,59.69,191.96,0,1,-17.51,358.2,81.5,3.2,6.8,2.2,34.7,97,97,98,96,97.9,0,0,1,0,0,1,1731207920.2131653,29608481.0,0.406,-0.08,366220,630078,4,97.2,-0.3,2026-08-19
82,BE,Industrials,Electrical Equipment & Parts,NYSE,15941273,232.16,191.88,-2,-2,-33.91,379.4,54.0,-7.0,-2.4,-15.3,11.1,97,99,99,99,98.1,0,1,1,1,1,4,67723618658.3009,294527346.0,0.0787,1.655,12699150,15500674,4,98.8,0.4,2026-08-19
83,XNCR,Healthcare,Biotechnology,NASDAQ,1059843,23.12,191.58,7,-32,-1.41,269.9,100.0,19.6,28.2,58.4,92.2,97,90,51,45,97.1,0,0,0,0,0,0,1735408297.325428,74353397.0,0.2164,0.175,1003410,1034438,2,70.8,9.3,2026-08-19
84,NXTT,Technology,Software - Application,NASDAQ,6620243,5.9,190.04,95,94,-97.83,10966.7,2.7,32.2,141.6,261.1,58.3,97,2,1,1,0.1,0,0,0,0,0,0,9625799.910243988,1472961.0,0.0002,,19477230,4038452,0,1.0,1.2,2026-08-19
85,VIAV,Technology,Communication Equipment,NASDAQ,5037403,46.26,189.75,-1,0,-23.45,267.2,63.0,-5.8,-1.6,-9.9,15.1,97,98,99,97,97.2,0,1,1,0,0,2,10743487737.026217,246749828.0,0.0656,0.525,5575130,6823624,4,97.8,0.5,2026-08-19
86,QURE,Healthcare,Biotechnology,NASDAQ,1371403,47.97,188.99,0,-20,-32.91,440.0,64.5,4.2,11.4,18.3,76.1,97,97,77,83,95.3,0,0,0,0,0,0,3372594877.3486786,69366412.0,0.15609999,0.11,1092780,2010270,2,88.1,5.6,2026-08-19
87,SPHR,Communication Services,Entertainment,NYSE,741373,171.6,187.89,1,1,-5.52,299.4,87.8,-3.4,3.0,4.2,34.1,97,96,96,96,97.5,0,0,0,0,0,0,6033485976.0,35913607.0,0.3199,0.11,815680,750892,4,96.4,-0.8,2026-08-19
88,HELP,Healthcare,Biotechnology,NASDAQ,1912373,11.57,187.39,34,-17,-3.78,204.4,97.4,4.5,20.7,58.7,84.8,97,63,12,58,80.9,0,0,0,0,0,0,743189081.0329704,61984078.0,1.99,,2392400,1673130,0,53.5,-2.9,2026-08-19
89,TVTX,Healthcare,Biotechnology,NASDAQ,1559550,63.53,187.1,0,-4,-4.09,282.8,100.0,5.7,10.5,15.7,63.3,97,97,93,82,97.0,0,0,0,0,0,0,5857383577.947601,94261082.0,0.16129999,0.482,2161920,1902314,3,92.3,3.4,2026-08-19
90,MANE,Healthcare,Biotechnology,NYSE,756293,108.22,185.32,-1,-2,-17.54,200.4,80.0,0.5,1.4,1.7,,97,98,97,70,,0,1,0,0,0,1,4708875773.52047,41778687.0,0.17719999,,1004530,756222,2,88.3,,2026-08-19
91,CORT,Healthcare,Biotechnology,NASDAQ,1222643,117.17,185.21,1,-24,-4.12,270.2,100.0,4.7,10.7,26.7,86.3,97,96,71,8,78.6,0,0,0,0,0,0,12374023636.546053,108098397.0,0.117,0.317,827230,1140916,1,63.4,28.8,2026-08-19
92,XMAX,Consumer Cyclical,"Furnishings, Fixtures & Appliances",NASDAQ,716593,8.95,185.06,4,9,-4.79,435.5,94.1,-1.6,0.6,2.4,25.7,97,93,98,99,98.3,0,0,1,1,1,3,576873077.4101105,63602326.0,0.14649999,-0.324,568500,1108324,4,97.1,-4.4,2026-08-19
93,CIEN,Technology,Communication Equipment,NYSE,2081266,445.18,184.74,0,2,-30.17,361.1,57.9,-3.6,0.3,-5.6,9.0,97,97,99,98,98.0,0,0,1,1,1,3,60693644810.79315,141552922.0,0.041300002,0.395,2255650,2796714,4,98.0,-0.9,2026-08-19
94,IBRX,Healthcare,Biotechnology,NASDAQ,8920460,7.92,184.74,2,4,-36.28,310.6,64.3,5.9,9.8,5.6,30.2,97,95,97,99,96.6,0,0,0,1,0,1,8022960768.5429535,1059836273.0,0.3218,0.939,8180420,10776202,4,96.9,-1.8,2026-08-19
95,ONTO,Technology,Semiconductor Equipment & Materials,NYSE,1213623,351.16,184.42,3,4,-9.13,193.8,71.4,-5.3,2.8,-1.4,29.2,97,94,95,94,94.0,0,0,0,0,0,0,20275254433.26501,61123436.0,0.0685,0.353,1287410,1326718,4,94.2,-0.1,2026-08-19
96,CRDO,Technology,Semiconductors,NASDAQ,5437003,282.82,183.41,5,6,-8.37,167.4,68.5,-7.0,1.2,-2.9,36.2,97,92,93,82,87.1,0,0,0,0,0,0,48465604552.02924,186477898.0,0.0366,1.57,4463990,7757108,2,88.5,4.4,2026-08-19
97,LIND,Consumer Cyclical,Travel Services,NASDAQ,818230,32.77,183.31,1,-13,-6.37,177.9,88.4,-4.5,0.5,13.9,62.5,96,95,81,92,91.4,0,0,0,0,0,0,2203509276.773239,65619689.0,0.1175,0.186,940880,911892,3,89.8,3.8,2026-08-19
98,ATRO,Industrials,Aerospace & Defense,NASDAQ,619696,93.05,183.16,5,8,-1.49,211.2,82.5,-2.7,5.9,7.8,37.7,96,91,94,97,95.0,0,0,0,0,0,0,4611608577.00061,49348408.0,0.081,0.27,808340,761453,4,94.2,-3.5,2026-08-19
99,ARWR,Healthcare,Biotechnology,NASDAQ,1915310,88.7,183.15,0,1,-7.11,350.2,99.7,2.0,2.5,9.5,31.5,96,96,97,98,98.6,0,0,0,1,1,2,12238286934.665115,141254467.0,0.0951,1.71,1159990,2223550,4,97.4,-1.8,2026-08-19
100,URGN,Healthcare,Biotechnology,NASDAQ,870263,49.14,182.96,-1,-5,-1.07,206.3,100.0,4.8,13.0,27.3,86.8,96,97,93,95,93.1,0,0,0,0,0,0,2357020855.748657,48880564.0,0.096099995,1.992,1126260,796554,4,94.5,2.8,2026-08-19
101,ATI,Industrials,Metal Fabrication,NYSE,1502780,231.78,182.36,2,-3,-4.84,202.8,90.2,-4.8,3.1,8.7,43.5,96,94,89,95,94.5,0,0,0,0,0,0,31112208526.05736,136170383.0,0.041199997,0.106,1712760,1686368,3,93.1,0.0,2026-08-19
102,ACRS,Healthcare,Biotechnology,NASDAQ,1844333,5.92,182.3,-2,-4,-9.13,281.1,100.0,7.4,11.8,21.7,63.5,96,98,96,93,97.5,0,1,0,0,0,1,850809632.4235568,147198893.0,0.1062,-0.083,2002150,1921998,4,96.1,1.5,2026-08-19
103,KOD,Healthcare,Biotechnology,NASDAQ,601946,40.98,181.44,-3,-3,-14.34,368.7,83.2,-5.2,-4.3,3.2,26.6,96,99,99,99,98.4,0,1,1,1,1,4,2598824951.04934,62849457.0,0.2593,,607380,728412,4,98.8,0.3,2026-08-19
104,CMPS,Healthcare,Medical Care Facilities,NASDAQ,3951053,13.72,181.26,1,1,-10.91,243.4,90.4,2.8,11.3,10.3,61.5,96,95,95,92,96.2,0,0,0,0,0,0,1862513229.4876423,138476822.0,0.0998,,3050260,3703722,4,94.6,-0.0,2026-08-19
105,PUBM,Technology,Software - Application,NASDAQ,627203,17.27,179.82,10,3,-6.34,167.2,91.3,-1.4,11.9,24.8,70.1,96,86,79,13,87.1,0,0,0,0,0,0,801225579.9403877,45550061.0,0.061100002,0.105,1058130,619246,0,66.3,14.7,2026-08-19
106,ACMR,Technology,Semiconductor Equipment & Materials,NASDAQ,1007406,85.64,179.52,-1,-3,-32.67,209.5,51.6,-4.5,-3.1,-14.5,27.7,96,97,95,97,95.2,0,0,0,0,0,0,5601188214.788513,69649196.0,0.066599995,0.36,843310,1385986,4,96.1,1.1,2026-08-19
107,AGEN,Healthcare,Biotechnology,NASDAQ,7800520,7.15,179.46,25,-19,-19.21,198.2,99.3,14.0,15.3,61.7,106.7,96,71,27,23,84.2,0,0,0,0,0,0,329470792.1264219,45009670.0,0.1401,0.344,1428020,5025952,0,51.3,7.4,2026-08-19
108,LPTH,Technology,Electronic Components,NASDAQ,2747293,14.8,177.94,11,24,-21.86,288.3,66.7,-1.9,8.0,2.5,13.8,96,85,98,98,96.2,0,0,1,1,0,2,952515308.9804516,62789407.0,0.1698,1.089,2646850,3085374,3,94.3,-9.5,2026-08-19
109,NRIX,Healthcare,Biotechnology,NASDAQ,1113603,27.17,177.84,3,-11,-0.66,237.3,100.0,4.7,10.4,21.7,53.7,96,93,79,70,93.6,0,0,0,0,0,0,2797127162.7576256,103405813.0,0.17879999,-0.795,1049640,2238764,2,83.9,5.7,2026-08-19
110,AYA,Basic Materials,Silver,NASDAQ,711463,26.67,177.56,13,20,-7.68,227.1,96.0,1.7,14.4,30.5,58.7,96,83,90,96,95.7,0,0,0,0,0,0,3733417485.549088,144036168.0,14.92,1.507,977620,634912,3,91.2,-9.7,2026-08-19
111,SHAZ,Technology,Information Technology Services,NASDAQ,2194540,76.9,177.45,0,-5,-21.11,273.6,63.8,2.4,10.9,-4.5,,96,96,91,33,,0,0,0,0,0,0,2737894071.0554504,35803505.0,0.105399996,4.123,1866580,1967934,2,73.3,,2026-08-19
112,UMC,Technology,Semiconductors,NYSE,14992016,19.53,177.24,-2,-4,-32.56,175.4,53.8,-4.4,-4.7,-17.1,33.8,96,98,96,89,93.4,0,1,0,0,0,1,48026448350.3088,2507908580.0,0.0146,0.17,11109350,16994432,3,94.1,4.3,2026-08-19
113,BW,Industrials,Specialty Industrial Machinery,NYSE,4500950,9.92,176.72,-3,-3,-54.97,524.0,37.5,-3.5,-3.7,-24.1,-19.9,96,99,99,99,98.9,0,1,1,1,1,4,1532850523.4574337,148965066.0,0.1348,1.303,6611800,4319244,4,99.0,0.1,2026-08-19
114,CADL,Healthcare,Biotechnology,NASDAQ,1292910,12.16,176.03,5,2,1.8,205.4,100.0,18.2,26.4,37.2,96.8,96,91,88,29,90.4,0,0,0,0,0,0,858727220.6452646,73270239.0,0.22489999,,1318940,1641004,2,74.6,13.0,2026-08-19
115,AMAT,Technology,Semiconductor Equipment & Materials,NASDAQ,8192693,535.31,175.24,0,-2,-27.63,217.5,60.0,-5.5,-4.5,-11.5,26.3,96,96,94,95,95.0,0,0,0,0,0,0,402680337892.26746,793959430.0,0.018,0.248,7926590,10198980,4,95.0,0.9,2026-08-19
116,UPC,Healthcare,Drug Manufacturers - Specialty & Generic,NASDAQ,1443650,5.78,175.17,30,-18,-67.82,137.7,31.1,-9.1,4.5,12.8,42.5,96,66,18,18,75.9,0,0,0,0,0,0,3660284.761782646,647838.0,0.010199999,-0.013,167370,2619824,0,44.5,9.5,2026-08-19
117,DK,Energy,Oil & Gas Refining & Marketing,NYSE,1271886,67.21,175.0,-1,-7,-2.5,204.8,95.8,2.9,2.7,17.4,54.8,96,97,91,84,95.7,0,0,0,0,0,0,4012495449.553894,61287542.0,0.114300005,0.478,1425290,1264446,3,91.9,3.9,2026-08-19
118,PTGX,Healthcare,Biotechnology,NASDAQ,634053,158.62,174.82,1,-6,1.99,176.5,96.4,1.9,7.7,17.1,51.9,96,95,88,88,93.7,0,0,0,0,0,0,10036255398.448029,64708285.0,0.1355,37.492,501610,726306,2,91.2,2.7,2026-08-19
119,COHR,Technology,Scientific & Technical Instruments,NYSE,6201886,351.22,174.77,1,4,-20.18,232.1,59.0,-13.4,-5.8,-13.5,7.2,96,95,98,97,95.9,0,0,1,0,0,1,63745157334.437164,195639321.0,0.0542,0.337,9127850,6119502,4,96.5,-1.2,2026-08-19
120,AMD,Technology,Semiconductors,NASDAQ,27395083,506.0,174.49,-2,-2,-13.46,208.6,73.4,-3.9,-4.2,-8.5,42.3,96,98,98,86,93.3,0,1,1,0,0,2,839728860767.5886,1632475042.0,0.0232,0.501,27010370,29301360,3,93.8,4.8,2026-08-19
121,MAN,Industrials,Staffing & Employment Services,NYSE,1370816,56.77,173.91,2,-66,-5.16,130.8,99.8,3.5,7.3,32.6,78.6,96,94,26,17,70.4,0,0,0,0,0,0,2711378003.117714,46507342.0,0.1417,0.075,818910,1346962,1,51.8,34.0,2026-08-19
122,HUT,Financial Services,Capital Markets,NASDAQ,4454693,88.04,173.18,-2,-2,-37.47,284.1,54.4,-5.0,-13.9,-21.1,12.8,96,98,98,97,96.7,0,1,1,0,0,2,10531289246.846436,123259468.0,0.1099,0.814,4828050,4470098,4,97.4,0.9,2026-08-19
123,RNG,Technology,Software - Application,NYSE,2256303,64.07,173.17,10,12,-6.4,165.7,95.7,2.6,11.2,39.8,77.1,96,86,88,75,89.6,0,0,0,0,0,0,5385312208.991592,83506162.0,0.17719999,0.059,1856720,1958088,0,84.6,0.2,2026-08-19
124,FGI,Consumer Cyclical,"Furnishings, Fixtures & Appliances",NASDAQ,3590940,9.08,172.87,76,131,-54.44,161.1,65.2,22.2,52.9,72.3,57.9,96,20,75,84,91.4,0,0,0,0,0,0,19293396.847967148,1931271.0,0.040799998,-0.082,10714900,2166648,1,67.6,-54.0,2026-08-19
125,SMWB,Technology,Software - Application,NYSE,1056020,8.56,172.65,3,-64,-20.37,258.4,74.6,2.2,10.4,30.9,57.7,96,93,26,3,34.0,0,0,0,0,0,0,778768839.565259,87600541.0,0.0112,0.088,1315390,1028122,1,39.0,54.2,2026-08-19
126,BB,Technology,Software - Infrastructure,NYSE,16832823,8.73,172.62,-1,-6,-35.76,164.8,53.7,-5.1,-3.3,-12.2,44.1,96,97,92,22,90.3,0,0,0,0,0,0,5216293612.320429,586100431.0,0.067,0.256,10489880,25328756,3,75.3,18.9,2026-08-19
127,LRCX,Technology,Semiconductor Equipment & Materials,NASDAQ,10610070,343.84,172.29,0,0,-21.59,216.6,62.5,-4.3,-0.2,-9.1,21.9,96,96,96,97,95.4,0,0,0,0,0,0,415889029230.10254,1251321000.0,0.0241,0.3,8684040,12328390,4,96.1,0.1,2026-08-19
128,IMVT,Healthcare,Biotechnology,NASDAQ,1043570,43.71,171.49,1,-12,1.84,206.1,100.0,7.1,10.7,17.4,53.9,96,95,82,86,94.3,0,0,0,0,0,0,8638033098.205124,206552682.0,0.1783,,1153720,1287740,2,89.3,3.5,2026-08-19
129,CAKE,Consumer Cyclical,Restaurants,NASDAQ,1848343,109.07,171.14,6,-22,-7.93,145.3,84.5,-4.0,2.4,20.6,64.2,96,90,62,76,80.1,0,0,0,0,0,0,5641860546.248337,49760634.0,0.3655,0.077,1983500,1688278,1,77.0,10.5,2026-08-19
130,CGEM,Healthcare,Biotechnology,NASDAQ,620053,20.59,170.75,1,-6,-1.95,291.7,100.0,14.2,22.0,29.4,63.5,95,94,87,91,94.3,0,0,0,0,0,0,1250056665.0177536,61458046.0,0.2219,,707620,959532,3,91.6,1.1,2026-08-19
131,TH,Industrials,Specialty Business Services,NASDAQ,1040070,18.07,170.62,0,2,-13.33,174.0,75.7,1.7,5.3,-2.7,41.9,95,95,97,24,88.9,0,0,0,0,0,0,1737432550.324648,99623423.0,0.1201,0.387,1167280,1224126,2,76.2,17.0,2026-08-19
132,IRDM,Communication Services,Telecom Services,NASDAQ,1484226,50.05,170.54,0,1,-12.47,207.5,82.4,-1.5,1.0,1.5,52.4,95,95,96,65,86.4,0,0,0,0,0,0,5319211307.441357,105960383.0,0.0382,0.038,1029540,2330734,2,85.6,10.2,2026-08-19
133,PARR,Energy,Oil & Gas Refining & Marketing,NYSE,1076216,82.07,169.8,-1,-3,-5.7,156.2,84.1,1.2,-1.5,12.9,43.3,95,96,94,88,93.0,0,0,0,0,0,0,4024002025.350807,50099627.0,0.1276,0.568,1230790,996540,3,92.8,3.3,2026-08-19
134,ALAB,Technology,Semiconductors,NASDAQ,4616206,320.17,169.34,-2,-3,-35.9,188.2,49.3,-8.8,-6.7,-18.1,32.7,95,97,96,57,75.5,0,0,0,0,0,0,55794541756.1543,173485104.0,0.0689,1.045,4992240,5429518,2,81.4,18.8,2026-08-19
135,ACHV,Healthcare,Biotechnology,NASDAQ,1322913,7.5,169.24,1,-13,-1.32,234.5,100.0,18.9,26.8,37.8,73.5,95,94,80,77,96.6,0,0,0,0,0,0,779182258.294529,102659057.0,0.1594,,1307930,1903098,2,86.9,3.5,2026-08-19
136,NEO,Healthcare,Diagnostics & Research,NASDAQ,2675916,16.16,169.21,1,-37,-4.49,173.0,100.0,2.3,6.9,17.2,48.3,95,94,56,54,93.4,0,0,0,0,0,0,2075575718.560963,130211780.0,0.1416,0.112,1750070,3113214,2,74.4,12.1,2026-08-19
137,SMTC,Technology,Semiconductors,NASDAQ,2308726,154.22,168.77,1,4,-13.04,158.6,60.9,-8.2,-2.4,-10.4,21.0,95,94,97,94,92.4,0,0,0,0,0,0,13073766997.34961,93151168.0,0.0913,0.159,2133580,3226780,4,94.3,0.5,2026-08-19
138,JBIO,Healthcare,Biotechnology,NASDAQ,920806,23.45,167.19,3,7,-16.25,229.2,78.5,-1.8,4.8,9.7,30.1,95,92,96,75,95.0,0,0,0,0,0,0,1571491374.5448532,63597387.0,0.1674,,978590,1208402,3,89.5,1.5,2026-08-19
139,EWTX,Healthcare,Biotechnology,NASDAQ,1175750,44.04,167.08,-1,-7,-9.01,239.0,94.5,5.0,9.0,14.4,47.2,95,96,90,90,96.4,0,0,0,0,0,0,4797044179.0699005,108604129.0,0.1276,,1506930,1394596,4,93.1,1.6,2026-08-19
140,HZO,Consumer Cyclical,Specialty Retail,NYSE,675770,52.25,166.62,17,21,-0.4,143.7,99.2,7.0,24.3,38.6,72.6,95,78,82,69,87.7,0,0,0,0,0,0,1148951964.810505,22086735.0,0.1826,-0.07,1459270,521916,0,79.2,-3.4,2026-08-19
141,VSTS,Industrials,Rental & Leasing Services,NYSE,1339520,13.41,166.31,-3,-6,-20.65,221.4,72.3,-4.2,-8.8,-7.3,38.8,95,98,95,75,94.1,0,1,0,0,0,1,1761694189.5669842,132160105.0,0.0867,-0.018,1583280,1372798,3,90.5,6.8,2026-08-19
142,KOPN,Technology,Electronic Components,NASDAQ,4438363,5.32,166.19,11,24,-19.52,181.7,68.5,1.9,15.8,16.2,47.3,95,84,97,74,92.9,0,0,0,0,0,0,1022299377.0,185872614.0,0.1503,0.506,5244190,5490964,2,87.0,-3.7,2026-08-19
143,VSAT,Technology,Communication Equipment,NASDAQ,2152063,81.41,166.12,-2,-1,-12.49,195.2,79.4,-6.4,-3.2,4.0,40.0,95,97,98,98,94.0,0,0,1,1,0,2,11415824353.057632,137755810.0,0.1109,-0.012,2192870,2681476,4,96.8,1.2,2026-08-19
144,PANW,Technology,Software - Infrastructure,NASDAQ,6195903,375.76,165.65,-1,-11,-5.8,153.9,85.8,-4.6,1.3,8.3,60.1,95,96,86,20,88.0,0,0,0,0,0,0,313180041046.1426,815000000.0,0.025899999,0.311,5568540,6774068,1,72.5,20.2,2026-08-19
145,BWEN,Industrials,Specialty Industrial Machinery,NASDAQ,698833,5.27,165.6,-1,-5,-7.54,136.5,77.5,-6.5,-0.4,0.8,42.8,95,96,92,74,88.8,0,0,0,0,0,0,125914146.75838852,23404116.0,0.054,-0.381,972970,632404,2,87.7,8.4,2026-08-19
146,DSGN,Healthcare,Biotechnology,NASDAQ,526826,15.1,165.57,2,2,-12.46,232.8,100.0,8.5,18.0,20.8,44.0,95,93,93,94,94.9,0,0,0,0,0,0,928085879.555399,62581651.0,0.126,,399870,708364,4,93.7,-1.1,2026-08-19
147,GH,Healthcare,Diagnostics & Research,NASDAQ,2254163,161.67,165.44,-2,-14,-8.44,198.1,93.6,0.5,3.6,7.7,44.2,95,97,85,90,93.6,0,0,0,0,0,0,21096980786.675262,134196170.0,0.0887,0.443,2327550,2738710,3,91.4,4.3,2026-08-19
148,LFST,Healthcare,Medical Care Facilities,NASDAQ,3795340,12.55,165.18,-2,-22,-1.61,166.7,100.0,7.4,12.8,23.6,65.6,95,97,77,66,92.3,0,0,0,0,0,0,4745130692.92853,382055609.0,0.0519,0.261,5483310,3884090,2,83.1,10.5,2026-08-19
149,KYMR,Healthcare,Biotechnology,NASDAQ,590503,121.41,165.12,0,-7,-6.64,212.9,100.0,10.9,14.8,21.3,50.0,95,95,88,95,95.6,0,0,0,0,0,0,9656218205.113953,82257588.0,0.15439999,4.664,584970,877544,3,93.4,0.4,2026-08-19
150,OUST,Technology,Electronic Components,NASDAQ,3523893,48.13,164.82,17,32,-24.55,140.9,51.1,-10.5,-3.4,-6.4,36.3,95,78,93,79,59.4,0,0,0,0,0,0,3512591674.409188,72112333.0,0.0874,0.559,3149090,4308242,1,77.4,7.6,2026-08-19
151,STLN,Healthcare,Medical Care Facilities,NASDAQ,1939596,6.31,164.81,4,-5,-10.5,179.2,100.0,7.2,18.5,21.5,68.5,95,91,82,70,82.8,0,0,0,0,0,0,657358922.3110437,101916115.0,0.083000004,0.346,1935540,2000128,1,81.4,9.2,2026-08-19
152,NTAP,Technology,Software - Infrastructure,NASDAQ,2611613,204.2,164.59,4,-16,-2.32,106.7,88.8,-2.6,3.5,13.1,54.2,95,91,71,31,83.1,0,0,0,0,0,0,40571098841.9001,195919927.0,0.0777,0.125,2706890,2783930,1,69.0,17.9,2026-08-19
153,OII,Energy,Oil & Gas Equipment & Services,NYSE,1072570,54.11,164.45,2,-3,0.24,137.3,95.5,2.6,4.9,19.5,51.2,95,93,88,92,90.9,0,0,0,0,0,0,5195447544.935093,99529645.0,0.0845,0.1,836250,1125062,3,91.0,1.7,2026-08-19
154,ECO,Industrials,Marine Shipping,NYSE,517226,62.7,163.76,1,-1,-4.81,152.2,100.0,3.1,6.1,15.2,36.8,95,94,92,93,92.8,0,0,0,0,0,0,2354002285.6964493,39044655.0,0.0342,2.394,732080,484894,4,92.9,1.0,2026-08-19
155,VELO,Technology,Computer Hardware,NASDAQ,1884800,15.6,163.59,41,86,-50.87,367.7,39.5,-4.1,11.0,-10.5,3.8,95,54,99,95,91.5,0,0,1,0,0,1,519529741.9744339,32149118.0,0.3109,0.523,2191670,3366558,3,84.9,-31.4,2026-08-19
156,WYHG,Consumer Defensive,Packaged Foods,NASDAQ,2818616,5.32,163.59,6,0,-79.67,189.6,36.6,-22.7,-2.9,1.9,50.0,95,89,83,3,16.7,0,0,0,0,0,0,65178549.6000309,12582732.0,0.0125,-0.068,8352190,1837222,0,47.9,54.0,2026-08-19
157,CRL,Healthcare,Diagnostics & Research,NYSE,913363,286.64,163.23,19,-18,-0.48,99.2,100.0,3.8,13.1,27.1,50.7,95,76,39,48,85.0,0,0,0,0,0,0,13369270520.850098,47738872.0,0.0828,-0.027,1088280,895330,0,62.0,4.8,2026-08-19
158,ALM,Basic Materials,Other Industrial Metals & Mining,NASDAQ,6890010,16.36,163.04,4,11,-32.98,298.5,62.6,10.8,19.0,7.2,13.4,95,91,98,99,96.9,0,0,1,1,0,2,4353174561.518669,288480750.0,4.31,4.977,7008030,6749044,4,96.2,-5.3,2026-08-19
159,CRSR,Technology,Computer Hardware,NASDAQ,1968653,12.24,162.78,9,-19,-18.28,147.8,69.3,-10.2,-2.4,12.1,55.7,95,86,58,18,64.0,0,0,0,0,0,0,1405218672.650259,108176959.0,0.2306,-0.018,3018190,2072780,0,56.5,27.4,2026-08-19
160,OSCR,Healthcare,Healthcare Plans,NYSE,5226993,31.55,162.77,-1,-6,-5.17,197.7,97.9,8.3,7.8,8.4,65.0,95,96,91,25,86.2,0,0,0,0,0,0,10111209681.949615,308645000.0,0.0705,0.704,7291980,6142104,2,74.6,19.6,2026-08-19
161,RCEL,Healthcare,Medical Devices,NASDAQ,531343,7.9,162.59,36,7,-7.6,216.2,100.0,28.6,63.1,102.5,138.0,95,59,30,57,83.5,0,0,0,0,0,0,242775746.00058603,30926847.0,0.0851,0.178,1121520,466908,0,57.4,-9.0,2026-08-19
162,AXGN,Healthcare,Medical Devices,NASDAQ,1122666,49.15,162.23,-1,-1,-1.56,230.8,96.4,1.5,8.4,11.6,37.1,95,96,96,94,96.3,0,0,0,0,0,0,2619798503.8799324,53761513.0,0.0875,0.231,767670,1322034,4,95.6,0.2,2026-08-19
163,VLO,Energy,Oil & Gas Refining & Marketing,NYSE,2777326,347.19,162.12,0,-5,0.32,151.0,98.2,5.0,9.0,19.6,51.2,95,95,90,82,92.8,0,0,0,0,0,0,98376179466.08348,287927461.0,0.0367,0.517,2779320,2989216,3,90.0,4.2,2026-08-19
164,AVR,Healthcare,Medical Instruments & Supplies,NASDAQ,999696,9.42,161.83,-1,-4,-14.79,190.8,89.7,7.5,13.6,6.9,50.3,95,96,93,89,92.0,0,0,0,0,0,0,915016671.0668964,97342203.0,0.104899995,0.633,830100,1211580,3,92.5,3.7,2026-08-19
165,KLIC,Technology,Semiconductor Equipment & Materials,NASDAQ,978383,101.77,161.66,-2,-2,-25.06,144.5,51.8,-7.2,-7.4,-18.6,13.5,95,97,97,94,91.7,0,0,0,0,0,0,5185291813.715057,52329115.0,0.0481,1.226,916800,1129606,4,94.9,3.3,2026-08-19
166,HNGE,Healthcare,Health Information Services,NYSE,1712346,87.87,161.3,-2,-19,-5.65,183.8,94.9,0.9,7.0,12.0,64.9,95,97,80,29,74.2,0,0,0,0,0,0,7140648787.948128,80694417.0,0.0967,0.53,2006090,2014454,1,70.0,26.7,2026-08-19
167,ADPT,Healthcare,Diagnostics & Research,NASDAQ,2606623,24.77,161.02,2,-47,-5.3,107.3,100.0,2.5,6.4,18.9,49.7,95,93,44,81,87.0,0,0,0,0,0,0,3935135011.8741417,159059622.0,0.099300005,0.215,2328140,3227936,1,76.2,10.3,2026-08-19
168,AMLX,Healthcare,Drug Manufacturers - Specialty & Generic,NASDAQ,1790483,21.43,161.0,10,9,-12.89,393.6,100.0,50.8,70.5,104.0,150.5,94,84,83,95,98.4,0,0,0,0,1,1,2410080434.730057,111423048.0,0.15560001,,1958000,1845718,2,90.1,-9.3,2026-08-19
169,MRNA,Healthcare,Biotechnology,NASDAQ,5638836,64.46,161.0,2,-3,-24.7,679.9,100.0,140.2,171.6,172.9,266.4,94,92,87,94,99.3,0,0,0,0,1,1,25279616369.64288,399235889.0,0.1523,0.021,5782730,7288320,3,93.1,-3.5,2026-08-19
170,ATAI,Healthcare,Biotechnology,NASDAQ,15818480,7.24,160.71,-1,-18,-0.55,119.7,100.0,1.5,2.0,24.1,63.6,94,95,78,88,84.0,0,0,0,0,0,0,2692477581.8241863,370864669.0,0.0633,1.37,5548460,13397286,1,86.3,8.6,2026-08-19
171,VSH,Technology,Semiconductors,NYSE,5336793,35.58,159.51,-2,-1,-48.78,170.4,37.9,-5.3,-8.4,-28.4,15.0,94,96,97,84,89.5,0,0,0,0,0,0,5380541459.205643,153379167.0,0.111999996,0.166,5031590,6906300,2,91.6,5.5,2026-08-19
172,TTMI,Technology,Electronic Components,NASDAQ,2825290,140.98,159.27,-1,2,-37.01,190.5,42.1,-12.8,-9.1,-24.6,-0.7,94,95,98,98,93.9,0,0,1,1,0,2,14748840960.0,105348864.0,0.0322,0.374,3400180,2938368,4,96.2,-0.3,2026-08-19
173,FOSL,Consumer Cyclical,Footwear & Accessories,NASDAQ,982290,5.74,158.88,10,14,-8.16,217.9,90.7,3.2,9.5,24.2,39.5,94,84,88,97,84.7,0,0,0,0,0,0,329398959.79171944,59138052.0,0.1204,-0.049,1122140,989772,1,88.4,-3.3,2026-08-19
174,CBRL,Consumer Cyclical,Restaurants,NASDAQ,883656,59.04,158.54,4,-66,-6.51,124.1,82.7,-2.7,-0.7,10.0,59.3,94,90,20,23,27.0,0,0,0,0,0,0,1294820084.6211245,22351460.0,0.3891,-0.029,736500,1280878,1,40.0,51.9,2026-08-19
175,NAVN,Technology,Software - Application,NASDAQ,3327246,28.72,158.52,1,-8,-4.23,242.9,97.5,0.8,6.7,16.4,69.0,94,93,84,9,,0,0,0,0,0,0,7440460856.366711,254331262.0,0.3044,0.399,2184730,4407230,1,62.0,,2026-08-19
176,KNSA,Healthcare,Drug Manufacturers - Specialty & Generic,NASDAQ,680393,79.18,158.29,0,-8,-4.53,144.6,99.7,3.7,7.9,24.8,61.4,94,94,86,89,91.7,0,0,0,0,0,0,5988342997.75,78024013.0,0.108,0.554,452730,802720,2,90.2,2.9,2026-08-19
177,FTK,Energy,Oil & Gas Equipment & Services,NYSE,540213,28.66,158.04,-1,-12,-27.75,128.0,50.9,-25.2,-15.6,-4.7,29.7,94,95,84,81,90.1,0,0,0,0,0,0,1297778037.3915863,36220429.0,0.19690001,0.703,934250,444312,2,87.5,6.4,2026-08-19
178,FLEX,Technology,Electronic Components,NASDAQ,4400950,130.0,157.95,-1,1,-22.09,130.2,56.6,-7.7,-5.6,-14.8,22.9,94,95,97,82,90.7,0,0,0,0,0,0,46603881057.27411,369402978.0,0.028399998,0.206,3166080,6568410,3,91.2,4.6,2026-08-19
179,INSW,Energy,Oil & Gas Midstream,NYSE,500726,98.36,157.81,-1,-3,0.13,140.3,100.0,5.3,6.1,13.4,40.7,94,95,93,90,91.8,0,0,0,0,0,0,4807013883.707565,49531311.0,0.0616,1.401,533410,562180,4,92.4,2.8,2026-08-19
180,MKSI,Technology,Scientific & Technical Instruments,NASDAQ,1424903,320.74,157.67,-2,-2,-28.35,183.4,52.8,-6.4,-7.3,-17.7,10.3,94,96,96,96,93.9,0,0,0,0,0,0,21010804540.20868,67617558.0,0.0967,0.283,1564260,1466838,4,95.5,1.0,2026-08-19
181,SNOW,Technology,Software - Application,NYSE,4718563,330.11,157.38,3,-60,-3.46,168.4,94.3,-1.4,5.0,18.1,51.0,94,91,28,21,78.8,0,0,0,0,0,0,114003676654.05272,346600000.0,0.055999998,0.335,4372850,5651352,1,54.7,26.4,2026-08-19
182,PDFS,Technology,Software - Application,NASDAQ,515916,52.8,157.21,3,6,-26.35,136.8,50.5,-7.9,-6.9,-17.9,13.6,94,91,94,88,90.6,0,0,0,0,0,0,2149365358.833618,42227216.0,0.0729,0.189,517130,665290,3,90.9,0.5,2026-08-19
183,NAT,Energy,Oil & Gas Midstream,NYSE,2998190,6.82,155.84,0,-3,-0.0,148.1,100.0,6.6,8.0,15.1,39.5,94,94,91,91,92.4,0,0,0,0,0,0,1420846956.8076468,211750663.0,0.0784,1.043,2412990,3920572,4,92.1,1.7,2026-08-19
184,CGON,Healthcare,Biotechnology,NASDAQ,888430,77.11,155.62,3,5,-2.87,217.4,100.0,5.6,9.3,16.7,38.0,94,91,93,94,95.1,0,0,0,0,0,0,6650687228.046417,88640375.0,0.1365,,786050,1036626,4,93.3,-2.8,2026-08-19
185,EAT,Consumer Cyclical,Restaurants,NYSE,1150600,241.71,155.56,12,-38,-4.73,128.2,91.3,0.0,6.6,24.2,50.8,94,82,32,35,72.5,0,0,0,0,0,0,10170839136.733704,42887790.0,0.1759,0.051,1253690,1076024,0,55.4,19.1,2026-08-19
186,MPC,Energy,Oil & Gas Refining & Marketing,NYSE,2274690,358.18,154.91,0,-8,-0.53,121.8,97.3,6.1,11.1,22.9,56.1,94,94,86,66,90.2,0,0,0,0,0,0,103760122731.7476,291936635.0,0.028099999,0.537,2724660,2365336,2,84.0,8.3,2026-08-19
187,SATL,Industrials,Aerospace & Defense,NASDAQ,5590453,5.81,154.34,65,135,-51.58,335.4,45.0,-1.9,17.0,10.9,21.2,94,29,99,87,75.5,0,0,1,0,0,1,891691513.1235609,153739911.0,0.1539,2.585,7632760,7027186,1,72.6,-41.8,2026-08-19
188,MRAM,Technology,Semiconductors,NASDAQ,1274170,19.85,154.29,6,17,-61.46,193.1,30.2,0.7,7.4,-7.8,15.6,94,88,99,91,94.6,0,0,1,0,0,1,459728149.4846592,24350009.0,0.1512,0.419,1588870,1587908,3,93.1,-5.0,2026-08-19
189,ROIV,Healthcare,Biotechnology,NASDAQ,5232266,36.24,153.85,-1,-4,-2.05,221.3,100.0,3.3,6.2,9.5,35.6,94,95,92,95,95.8,0,0,0,0,0,0,26148093694.08873,722323015.0,0.0642,-0.335,6393460,5644784,4,94.4,-0.1,2026-08-19
190,CGAU,Basic Materials,Gold,NYSE,1560310,21.92,153.74,21,39,-1.7,218.8,100.0,5.4,16.8,30.4,35.5,94,73,91,97,96.1,0,0,0,0,0,0,4207518251.681013,195607541.0,3.07,0.535,1622070,1661900,3,89.3,-18.1,2026-08-19
191,CXW,Industrials,Security & Protection Services,NYSE,1311486,33.58,153.5,1,-20,-3.67,98.3,89.2,-2.3,1.0,4.6,44.8,94,93,72,27,75.4,0,0,0,0,0,0,3245684278.800102,98893489.0,0.0442,0.273,1889900,1433696,1,66.8,24.1,2026-08-19
192,AMBQ,Technology,Semiconductors,NYSE,502950,67.86,153.38,-4,-5,-25.93,160.1,53.8,-8.4,-9.6,-21.5,31.2,94,98,97,47,75.0,0,1,0,0,0,1,1560144469.023743,24184536.0,0.0771,0.897,437970,622244,2,79.2,21.8,2026-08-19
193,MRVI,Healthcare,Biotechnology,NASDAQ,2550396,5.68,153.13,-4,-13,-23.66,209.9,99.6,19.8,13.9,17.9,71.5,94,98,89,46,94.1,0,1,0,0,0,1,849240378.0824995,148989545.0,0.0677,0.085,2032290,2833290,2,81.8,13.3,2026-08-19
194,WTTR,Energy,Oil & Gas Equipment & Services,NYSE,1758796,21.32,152.92,-1,-1,-5.45,157.6,87.4,-1.8,2.3,5.0,35.2,94,95,95,83,92.5,0,0,0,0,0,0,2689748805.820496,128942892.0,0.0456,0.087,2158550,1851724,3,91.4,3.7,2026-08-19
195,MGNI,Communication Services,Advertising Agencies,NASDAQ,2739173,24.19,152.78,22,-16,-9.23,112.9,82.6,-2.2,8.8,19.0,54.3,94,72,34,16,33.0,0,0,0,0,0,0,3546879336.9556317,143424157.0,0.0917,0.112,3708260,3095534,0,38.8,34.5,2026-08-19
196,FIRY,Communication Services,Electronic Gaming & Multimedia,NYSE,888953,9.96,152.5,-1,-5,-50.2,325.0,72.9,-3.3,0.8,5.8,60.9,94,95,91,9,43.5,0,0,0,0,0,0,148271791.5,15607557.0,0.24379998,0.229,216210,613086,2,59.6,43.3,2026-08-19
197,ARM,Technology,Semiconductors,NASDAQ,5655656,271.43,152.46,-2,-3,-40.04,138.5,43.2,-8.0,-5.3,-18.3,27.0,94,96,95,34,82.7,0,0,0,0,0,0,298441522728.7784,1067998569.0,0.1161,0.224,4288060,7811060,2,76.9,19.2,2026-08-19
198,TGB,Basic Materials,Copper,NYSE ARCA,6126073,8.77,152.46,8,14,-5.19,175.0,92.9,-0.6,7.9,15.3,24.7,94,86,92,98,93.5,0,0,0,1,0,1,3056294844.926815,366023318.0,1.46,1.848,6669780,5655836,3,92.4,-6.7,2026-08-19
199,OSS,Technology,Computer Hardware,NASDAQ,1100353,13.44,152.16,1,6,-35.63,179.0,49.8,-7.0,-5.4,-16.0,12.4,94,93,98,97,91.2,0,0,1,0,0,1,337106312.8662329,24769017.0,0.1709,0.623,1021260,1193690,4,94.8,-0.4,2026-08-19
200,DCTH,Healthcare,Medical Devices,NASDAQ,586316,17.05,151.81,25,16,-2.12,109.4,97.7,2.9,18.5,29.2,59.1,93,68,59,28,79.5,0,0,0,0,0,0,580510824.4661522,34698795.0,0.0795,0.206,1043700,595164,0,58.6,3.1,2026-08-19
201,NEXA,Basic Materials,Other Industrial Metals & Mining,NYSE,595843,14.38,151.8,3,9,-14.86,197.7,78.7,-0.8,3.9,5.8,21.3,93,90,96,95,94.4,0,0,0,0,0,0,1877979544.3970568,132438611.0,0.0023,0.282,681950,710438,4,93.9,-3.8,2026-08-19
202,RCUS,Healthcare,Biotechnology,NYSE,1099103,29.56,151.72,-1,-3,-6.85,201.7,96.5,4.2,6.3,8.2,26.5,93,94,92,86,94.6,0,0,0,0,0,0,3707792758.185616,125773162.0,0.1682,-0.744,1267020,1344274,3,91.7,1.5,2026-08-19
203,GEO,Industrials,Security & Protection Services,NYSE,1652946,31.15,151.25,-1,-10,-4.51,131.4,94.2,-0.7,-0.8,1.9,49.0,93,94,85,16,71.9,0,0,0,0,0,0,4109163322.104004,131619584.0,0.1038,0.151,2017090,2005236,1,66.7,27.6,2026-08-19
204,AMN,Healthcare,Medical Care Facilities,NYSE,811590,34.54,151.12,-2,-12,-7.2,133.9,94.0,3.2,4.1,7.4,53.5,93,95,85,49,85.7,0,0,0,0,0,0,1336184689.5,38729991.0,0.1041,0.023,916820,903748,1,78.7,14.9,2026-08-19
205,QLYS,Technology,Software - Infrastructure,NASDAQ,799873,183.31,150.85,2,-66,-9.05,145.0,92.3,0.0,12.2,27.8,52.8,93,91,23,13,70.7,0,0,0,0,0,0,6552124259.823776,35217007.0,0.1486,0.11,904640,808766,1,49.4,32.5,2026-08-19
206,CRWD,Technology,Software - Infrastructure,NASDAQ,7926646,213.9,150.57,-2,-8,-5.98,130.3,82.7,-6.7,-0.9,5.0,45.8,93,95,89,21,85.5,0,0,0,0,0,0,220911347688.5193,1018259280.0,0.0255,0.256,6889870,9813986,1,72.6,20.1,2026-08-19
207,FROG,Technology,Software - Application,NASDAQ,2298160,94.64,150.51,-4,-14,-4.62,162.5,89.1,1.2,6.3,6.0,45.0,93,97,87,17,89.7,0,0,0,0,0,0,11648083635.303162,121119724.0,0.0879,0.287,2506200,2852862,1,72.7,20.6,2026-08-19
208,TWLO,Technology,Software - Infrastructure,NYSE,2310790,228.61,150.26,-1,-3,-11.51,121.7,78.1,-5.9,3.6,6.9,41.5,93,94,92,37,88.7,0,0,0,0,0,0,36581616935.32562,153575220.0,0.036199998,0.22,3574900,2270428,2,77.9,14.3,2026-08-19
209,DINO,Energy,Oil & Gas Refining & Marketing,NYSE,2976053,94.99,150.26,-3,-9,0.82,107.7,97.8,5.9,6.0,17.4,50.4,93,96,90,65,89.1,0,0,0,0,0,0,16653012810.29805,177783849.0,0.0559,0.532,2792850,2722234,2,85.0,10.3,2026-08-19
210,LWLG,Basic Materials,Specialty Chemicals,NASDAQ,3192536,7.42,150.16,8,22,-60.34,204.4,25.9,-15.7,-9.9,-18.0,-12.9,93,85,99,95,94.4,0,0,1,0,0,1,1167046146.8145633,154167255.0,0.1579,0.273,3337630,4086272,3,93.3,-8.1,2026-08-19
211,OKTA,Technology,Software - Infrastructure,NASDAQ,2749323,143.24,149.96,-3,-63,-8.76,124.4,85.1,-4.0,-1.8,3.0,44.4,93,96,36,20,75.1,0,0,0,0,0,0,25851324512.35431,175346441.0,0.045100003,0.112,2522330,3081518,1,56.8,31.6,2026-08-19
212,VREX,Healthcare,Medical Devices,NASDAQ,1007273,18.46,149.9,52,41,-0.91,98.1,98.7,7.0,29.3,53.2,54.5,93,41,30,79,81.6,0,0,0,0,0,0,779321243.7930298,42148256.0,0.033099998,0.037,2303330,789078,0,57.9,-26.8,2026-08-19
213,TRVI,Healthcare,Biotechnology,NASDAQ,2248860,18.48,149.88,-2,-9,-8.61,168.3,94.5,2.7,3.7,8.7,38.8,93,95,88,89,92.3,0,0,0,0,0,0,2630103894.419472,142475841.0,0.1024,,1598570,2318810,2,91.1,3.3,2026-08-19
214,PGEN,Healthcare,Biotechnology,NASDAQ,5021940,6.55,149.78,0,-7,-10.52,142.7,98.4,5.4,12.3,27.8,60.6,93,93,86,91,92.0,0,0,0,0,0,0,2184014972.555098,358035247.0,0.21540001,63.227,7180520,5319172,3,90.5,1.6,2026-08-19
215,MRX,Financial Services,Capital Markets,NASDAQ,729456,71.45,149.53,2,-3,-5.24,148.5,95.1,4.5,6.8,9.4,47.5,93,91,86,63,86.8,0,0,0,0,0,0,5111407446.587524,71930870.0,0.0442,0.321,732900,880690,1,81.7,8.2,2026-08-19
216,FTRE,Healthcare,Biotechnology,NASDAQ,1513750,18.1,149.52,-4,-8,-15.38,134.7,80.3,-0.3,-3.2,2.3,28.8,93,97,93,81,90.8,0,0,0,0,0,0,1655690985.4888916,95100000.0,0.1379,-0.045,1736170,1548248,3,90.5,6.7,2026-08-19
217,NTRA,Healthcare,Diagnostics & Research,NASDAQ,1304020,314.18,149.37,4,-27,-3.63,103.0,100.0,4.7,13.0,22.1,43.0,93,89,58,66,88.1,0,0,0,0,0,0,44674601552.35657,144144170.0,0.0312,0.377,1698640,1433856,0,75.3,8.2,2026-08-19
218,CCXI,Financial Services,Shell Companies,NASDAQ,3109153,17.2,149.33,4,-40,-12.65,44.7,50.1,-10.1,-4.9,1.8,,93,89,45,37,,0,0,0,0,0,0,950798983.001709,55700000.0,0.0506,,3153630,3253142,0,57.0,,2026-08-19
219,SN,Consumer Cyclical,"Furnishings, Fixtures & Appliances",NYSE,1735480,183.62,149.26,6,-47,-3.5,114.3,92.9,-1.9,5.1,16.5,47.9,93,87,34,78,73.9,0,0,0,0,0,0,26195423016.671844,141520379.0,0.1291,0.222,2258740,1765192,0,68.2,13.7,2026-08-19
220,ALOY,Basic Materials,Other Industrial Metals & Mining,NASDAQ,2904440,13.85,149.07,67,122,-48.51,119.1,33.7,-2.9,17.0,1.6,13.8,93,26,81,99,84.7,0,0,0,1,0,1,1015498108.661688,68987642.0,3.66,0.827,3452790,3109198,1,72.7,-49.5,2026-08-19
221,BJRI,Consumer Cyclical,Restaurants,NASDAQ,502846,66.27,148.86,-3,-31,-11.17,125.7,79.1,-4.3,-4.9,4.1,43.2,93,96,68,58,84.9,0,0,0,0,0,0,1445552266.8276217,21273765.0,0.0846,0.064,469540,541586,1,76.7,15.9,2026-08-19
222,AIP,Technology,Semiconductors,NASDAQ,690926,27.83,148.76,-4,-3,-44.63,189.1,40.6,-10.9,-14.5,-27.8,7.1,93,97,98,86,93.1,0,0,1,0,0,1,1391987513.6399689,49152102.0,0.059499998,0.462,743460,872456,3,93.5,4.0,2026-08-19
223,AEVA,Technology,Software - Infrastructure,NASDAQ,1711430,23.75,148.34,65,130,-24.12,115.2,52.7,-15.8,-1.8,-6.9,17.3,93,28,93,89,72.6,0,0,0,0,0,0,1622750094.1031456,69705758.0,0.113800004,0.113,2289260,2005438,1,70.6,-41.0,2026-08-19
224,GKOS,Healthcare,Medical Devices,NYSE,835460,185.62,148.27,3,-2,-2.31,153.9,100.0,3.3,9.8,22.7,53.2,93,90,85,71,89.0,0,0,0,0,0,0,10884305822.608124,58983937.0,0.074499995,0.495,759840,914772,1,83.8,4.8,2026-08-19
225,BTSG,Healthcare,Health Information Services,NASDAQ,4068853,60.38,148.2,-5,-8,-18.13,156.0,72.7,-1.6,-7.2,-10.6,22.3,93,98,95,89,92.9,0,1,0,0,0,1,12210202130.959875,197864241.0,0.0659,0.23,2798620,4044930,3,93.7,4.6,2026-08-19
226,ASML,Technology,Semiconductor Equipment & Materials,NASDAQ,1737633,1883.12,148.01,1,-1,-5.84,141.3,81.2,-2.2,1.3,-1.7,21.7,93,92,90,93,91.3,0,0,0,0,0,0,708311111120.6055,384100000.0,0.0028,0.213,1231290,2000210,4,91.6,0.3,2026-08-19
227,VPG,Technology,Scientific & Technical Instruments,NYSE,596846,76.23,147.83,-6,-7,-49.78,133.5,29.4,-8.1,-22.2,-41.1,-5.2,93,99,98,91,90.7,0,1,1,0,0,2,968661685.8602904,13320430.0,0.1065,0.117,821230,614946,4,94.7,5.8,2026-08-19
228,DIOD,Technology,Semiconductors,NASDAQ,585210,107.56,147.81,10,20,-14.63,122.7,64.6,-7.2,1.2,-5.1,22.9,93,83,93,85,81.4,0,0,0,0,0,0,4765430587.992516,46051705.0,0.0639,0.217,843110,624978,1,85.6,-0.6,2026-08-19
229,U,Technology,Software - Application,NYSE,10477703,45.45,147.74,58,87,-12.85,175.0,92.7,5.5,22.7,44.3,48.2,93,35,64,11,56.5,0,0,0,0,0,0,20354113151.25,440088933.0,0.0784,0.239,16205800,9356094,0,41.6,-8.8,2026-08-19
230,IMNM,Healthcare,Biotechnology,NASDAQ,1114640,27.4,147.74,13,24,-4.26,231.8,100.0,10.8,18.9,31.5,37.9,93,80,91,94,94.7,0,0,0,0,0,0,3080410803.2031937,113250394.0,0.1857,,1121110,1397694,3,89.9,-11.3,2026-08-19
231,GTE,Energy,Oil & Gas E&P,NYSE ARCA,1264276,9.38,147.67,14,28,-18.58,186.0,100.0,4.8,18.3,32.3,47.8,93,79,93,83,92.6,0,0,0,0,0,0,325146127.6637812,35380429.0,0.083900005,0.253,3173810,880588,2,86.9,-9.0,2026-08-19
232,FTNT,Technology,Software - Infrastructure,NASDAQ,5182026,155.85,147.37,-4,-11,-9.44,103.2,83.4,-4.4,-3.6,-1.7,44.8,93,97,90,26,85.6,0,0,0,0,0,0,117401517586.12051,733713653.0,0.023699999,0.256,4553050,5817046,2,74.6,20.6,2026-08-19
233,AUGO,Basic Materials,Gold,NASDAQ,890103,78.54,147.13,36,74,-28.81,212.0,70.5,11.8,28.5,35.3,30.6,93,57,95,98,96.0,0,0,0,1,0,1,6373276523.425285,83836843.0,0.148,0.764,951830,1011022,3,86.5,-31.5,2026-08-19
234,AMPL,Technology,Software - Application,NASDAQ,2190776,12.61,146.64,27,-23,-7.14,128.7,93.9,3.8,20.5,41.4,47.8,93,66,16,12,46.6,0,0,0,0,0,0,1728028739.9668407,132619246.0,0.0896,0.212,2664020,2375546,0,35.2,25.5,2026-08-19
235,DYN,Healthcare,Biotechnology,NASDAQ,2493323,26.15,146.29,1,-25,-4.23,123.7,100.0,2.2,4.2,16.8,36.8,93,92,66,48,89.4,0,0,0,0,0,0,4799383419.17622,186746431.0,0.1505,,2008800,2390534,1,73.8,12.7,2026-08-19
236,TIGO,Communication Services,Telecom Services,NASDAQ,1386716,94.26,145.58,-4,-7,-12.01,101.3,74.2,-6.3,-6.3,-4.0,21.8,92,96,93,93,87.6,0,0,0,0,0,0,15746291797.63794,167710000.0,0.0419,0.594,1461280,1560790,3,92.4,5.1,2026-08-19
237,FNKO,Consumer Cyclical,Leisure,NASDAQ,1089036,6.09,145.57,3,-5,-13.49,122.8,89.6,0.2,0.5,4.6,36.1,92,89,81,83,88.4,0,0,0,0,0,0,343813995.76375866,55995766.0,0.1096,0.074,1723180,926854,0,85.4,2.3,2026-08-19
238,QNST,Communication Services,Advertising Agencies,NASDAQ,919583,20.18,145.45,14,-33,-9.47,99.4,91.6,3.6,16.9,32.8,52.9,92,78,31,17,67.1,0,0,0,0,0,0,1177630085.0,57445370.0,0.1105,0.427,1406250,833352,0,48.3,22.4,2026-08-19
239,PRCH,Financial Services,Insurance - Property & Casualty,NASDAQ,1842983,16.76,145.24,5,-38,-13.77,166.3,84.2,4.3,13.5,24.8,66.8,92,87,44,30,41.2,0,0,0,0,0,0,1972974654.4103625,113519836.0,0.2142,0.117,1772670,1988960,0,50.6,38.6,2026-08-19
240,LILA,Communication Services,Telecom Services,NASDAQ,579256,8.51,145.15,4,-27,-4.38,79.5,91.1,-2.3,0.8,15.7,42.4,92,88,57,65,78.3,0,0,0,0,0,0,1688657977.5810242,195900000.0,0.0252,0.015,565400,828142,0,72.1,12.6,2026-08-19
241,FDMT,Healthcare,Biotechnology,NASDAQ,737116,14.55,144.59,2,-12,3.93,173.0,100.0,33.4,47.8,49.2,70.3,92,90,76,90,91.0,0,0,0,0,0,0,673426908.9086065,55244211.0,0.2662,251.067,855600,894992,3,86.8,0.9,2026-08-19
242,AVAH,Healthcare,Medical Care Facilities,NASDAQ,2550270,12.69,144.28,2,-28,1.36,111.6,100.0,21.4,29.3,41.9,61.6,92,90,60,65,85.2,0,0,0,0,0,0,2682744034.506386,217755203.0,0.0496,0.137,3482490,2427660,1,75.1,10.4,2026-08-19
243,PSX,Energy,Oil & Gas Refining & Marketing,NYSE,2661193,240.55,144.27,1,-6,1.87,98.3,99.0,6.9,11.7,23.1,46.0,92,91,84,75,86.9,0,0,0,0,0,0,93215276430.30304,399020916.0,0.021300001,0.531,2929690,2712314,1,84.2,5.9,2026-08-19
244,STM,Technology,Semiconductors,NYSE,10917616,55.79,144.08,-4,-3,-31.48,137.8,49.8,-6.6,-6.2,-21.8,15.7,92,96,97,84,86.7,0,0,0,0,0,0,48457543596.37085,892568480.0,0.0208,0.261,7306010,11892046,2,90.9,6.9,2026-08-19
245,UTZ,Consumer Defensive,Packaged Foods,NYSE,5270110,14.15,144.08,72,67,-0.28,108.1,99.7,0.1,0.2,38.0,52.2,92,20,15,25,44.5,0,0,0,0,0,0,2039944569.1934447,143962213.0,0.095699996,0.014,2220020,3917832,0,26.1,-12.8,2026-08-19
246,BCAX,Healthcare,Biotechnology,NASDAQ,603236,24.94,144.05,-1,-9,-19.52,147.7,77.3,1.3,-0.9,0.4,27.4,92,93,85,65,90.8,0,0,0,0,0,0,1595289911.5952644,65703866.0,0.204,,673260,752664,2,83.4,7.5,2026-08-19
247,GLW,Technology,Electronic Components,NYSE,12614140,173.21,143.85,-2,0,-36.27,136.3,46.0,-5.7,-0.0,-12.8,8.9,92,94,96,97,91.1,0,0,0,0,0,0,142691287293.8816,859637825.0,0.023599999,0.166,10348230,14768064,4,94.5,0.7,2026-08-19
248,NSP,Industrials,Staffing & Employment Services,NYSE,633613,50.46,143.81,6,-39,-11.81,160.6,89.5,0.4,0.5,14.8,43.3,92,86,41,7,33.6,0,0,0,0,0,0,1993793123.1406784,38195270.0,0.1101,0.017,454360,709600,0,41.9,46.5,2026-08-19
249,HIMX,Technology,Semiconductors,NASDAQ,1675936,15.41,143.49,7,19,-38.58,100.6,40.4,-5.3,1.3,-5.3,21.5,92,85,97,36,84.4,0,0,0,0,0,0,2656506590.374153,174425914.0,0.060300004,0.059,1734300,2324808,1,75.6,8.9,2026-08-19
250,EC,Energy,Oil & Gas Integrated,NYSE,2242270,17.67,143.45,0,-7,-0.45,107.8,100.0,3.5,6.4,11.6,35.3,92,92,85,80,87.5,0,0,0,0,0,0,35298682556.797745,2055834735.0,0.027999999,0.355,2039460,2617180,1,86.1,5.3,2026-08-19
251,CHEF,Consumer Defensive,Food Distribution,NASDAQ,688620,110.57,143.39,0,-17,-5.76,96.6,91.6,-2.0,1.2,8.8,45.2,92,92,75,68,82.3,0,0,0,0,0,0,4450036808.339859,40796083.0,0.17559999,0.129,712310,648532,1,79.3,11.4,2026-08-19
252,PTEN,Energy,Oil & Gas Drilling,NASDAQ,8788503,12.22,143.37,2,7,-6.57,132.8,89.7,8.0,14.7,18.2,32.5,92,90,95,85,90.5,0,0,0,0,0,0,4316252671.166207,379617653.0,0.094799995,0.007,7613280,9408102,3,90.1,0.3,2026-08-19
253,ADEA,Technology,Software - Application,NASDAQ,1189234,29.67,143.36,7,15,-13.6,134.2,72.0,-3.2,-0.4,-5.0,19.1,92,85,93,86,84.1,0,0,0,0,0,0,3291311001.0266304,110280150.0,0.121400006,0.121,1026439,1582331,1,87.0,-0.5,2026-08-19
254,RHI,Industrials,Staffing & Employment Services,NYSE,2371953,42.47,143.34,3,-55,-4.5,99.2,98.9,2.1,6.4,20.6,49.9,92,89,31,14,52.7,0,0,0,0,0,0,4424078331.113403,102361828.0,0.2778,-0.024,1657410,2360900,0,46.7,38.9,2026-08-19
255,CRS,Industrials,Metal Fabrication,NYSE,651963,542.38,143.34,-2,-11,-13.36,119.4,71.7,-5.9,-7.6,-9.4,21.7,92,94,85,89,87.8,0,0,0,0,0,0,27058288773.4104,49685612.0,0.0505,0.126,553440,778658,1,89.0,5.0,2026-08-19
256,P,Technology,Computer Hardware,NYSE,2742086,116.99,143.25,49,78,-1.53,101.7,90.2,3.9,21.5,38.1,49.6,92,43,72,48,85.9,0,0,0,0,0,0,39276967982.42322,332404932.0,0.0425,,3611340,2970840,0,62.2,-25.3,2026-08-19
257,VCTR,Financial Services,Asset Management,NASDAQ,538126,118.81,143.16,3,-10,0.0,90.6,94.8,1.1,8.3,20.7,51.2,92,89,76,68,78.0,0,0,0,0,0,0,7272584282.962463,61509572.0,0.0646,0.24,722250,526076,0,77.7,11.0,2026-08-19
258,MGTX,Healthcare,Biotechnology,NASDAQ,665363,13.77,143.02,3,-4,-10.29,114.2,100.0,12.0,17.8,23.9,60.5,92,89,82,59,83.5,0,0,0,0,0,0,1298501349.8849945,96042996.0,0.0596,86.086,523690,862522,0,78.4,9.5,2026-08-19
259,CLDX,Healthcare,Biotechnology,NASDAQ,968926,41.92,142.87,10,12,-7.13,99.6,86.8,-2.0,4.7,13.4,36.6,92,82,84,57,80.2,0,0,0,0,0,0,3294313927.313278,78529532.0,0.1153,-0.97,866410,1098020,0,75.8,5.7,2026-08-19
260,BVS,Healthcare,Medical Devices,NASDAQ,823850,13.88,142.77,1,-5,-12.67,125.5,93.4,4.2,8.8,28.2,59.2,92,91,85,70,86.4,0,0,0,0,0,0,1199150228.047104,84091880.0,0.0541,0.038,1038020,749836,1,83.1,7.1,2026-08-19
261,IMAX,Communication Services,Entertainment,NYSE,1511160,52.39,142.74,21,10,-3.46,112.3,100.0,4.5,9.4,21.9,39.2,92,71,60,73,88.5,0,0,0,0,0,0,2900051046.897697,54842114.0,0.2142,0.122,1208810,1319818,0,73.1,-8.1,2026-08-19
262,FRO,Energy,Oil & Gas Midstream,NYSE,1983486,42.18,142.7,1,1,-2.13,140.4,100.0,9.1,11.5,15.0,37.1,92,91,91,93,91.3,0,0,0,0,0,0,9174289093.082657,222622890.0,0.060599998,0.669,1845000,2649028,4,91.6,-0.5,2026-08-19
263,PL,Industrials,Aerospace & Defense,NYSE,6864893,24.38,142.67,4,15,-52.9,254.5,36.1,-4.9,0.8,-12.0,-14.6,92,88,99,99,96.3,0,0,1,1,0,2,8799578557.279484,356402526.0,0.096599996,0.421,5065360,11248218,3,95.6,-7.4,2026-08-19
264,CMBT,Energy,Oil & Gas Midstream,NYSE,841190,17.37,142.05,3,5,-1.98,125.8,100.0,5.8,9.7,15.3,36.8,92,89,91,87,87.8,0,0,0,0,0,0,5002526751.145411,290169769.0,0.0095,1.211,943570,1030112,1,88.7,0.8,2026-08-19
265,TNDM,Healthcare,Medical Devices,NASDAQ,2014676,22.25,142.04,55,41,-24.96,120.1,72.7,3.7,14.2,31.3,20.8,92,37,23,87,88.7,0,0,0,0,0,0,1580828175.2640934,69578707.0,0.2166,0.058,2736530,2137374,0,58.9,-34.5,2026-08-19
266,ENTG,Technology,Semiconductor Equipment & Materials,NASDAQ,2751443,163.09,142.03,18,29,-12.76,109.7,65.5,-5.9,3.0,-1.8,17.3,92,74,85,91,84.6,0,0,0,0,0,0,24636047163.391117,152300000.0,0.0736,0.115,2253910,3232424,1,83.7,-9.8,2026-08-19
267,SEZL,Financial Services,Credit Services,NASDAQ,792220,122.18,141.92,-6,-14,-37.57,133.4,49.4,-7.4,-18.2,-22.7,27.3,91,97,89,33,61.8,0,0,0,0,0,0,4342730031.529572,33675014.0,0.2299,0.517,1240160,753758,1,70.2,31.2,2026-08-19
268,ZETA,Technology,Software - Infrastructure,NYSE,9411843,28.83,141.79,17,11,-3.55,97.9,94.5,2.1,14.7,29.0,48.2,91,74,68,36,71.5,0,0,0,0,0,0,7291945033.741817,251013605.0,0.1173,0.435,13047400,9191230,0,62.4,9.4,2026-08-19
269,LILAK,Communication Services,Telecom Services,NASDAQ,1328066,8.44,141.66,4,-26,-4.51,76.1,92.7,-1.8,1.3,15.8,40.4,91,87,57,65,76.2,0,0,0,0,0,0,1663190955.1620483,195900000.0,0.0309,0.015,1292640,1715861,0,71.3,12.8,2026-08-19
270,GPCR,Healthcare,Biotechnology,NASDAQ,570513,53.76,141.64,6,-18,-43.35,191.6,47.3,0.9,5.3,9.8,1.5,91,85,61,97,94.8,0,0,0,0,0,0,3874271747.863785,71074516.0,0.1167,,575450,730744,2,84.4,-4.9,2026-08-19
271,AVT,Technology,Electronics & Computer Distribution,NASDAQ,1153270,98.63,141.55,1,1,-1.37,99.1,81.0,-7.6,-4.2,-1.0,28.7,91,90,90,83,77.9,0,0,0,0,0,0,7855204744.949944,82072979.0,0.1096,0.477,1508370,1272130,2,85.2,7.5,2026-08-19
272,ILMN,Healthcare,Diagnostics & Research,NASDAQ,1856390,193.14,141.34,-2,-12,-6.7,125.3,99.9,6.3,4.9,10.6,40.4,91,93,83,72,87.9,0,0,0,0,0,0,28824389907.836918,151000000.0,0.087299995,0.094,1833390,1928264,1,84.0,7.8,2026-08-19
273,NUVB,Healthcare,Biotechnology,NYSE,6259916,6.48,141.18,-2,-16,-33.54,169.9,66.7,11.5,11.7,21.1,24.3,91,93,79,92,92.6,0,0,0,0,0,0,2183986435.591414,351123233.0,0.2521,5.556,5949000,7218062,3,89.2,1.8,2026-08-19
274,BRUN,Technology,Software - Infrastructure,NASDAQ,1945183,22.63,141.08,-5,-5,-46.12,85.3,30.2,-5.4,-6.4,-28.9,9.0,91,96,96,43,84.8,0,0,0,0,0,0,1408559513.5665436,61428674.0,2.6,1.646,2385020,1867720,2,80.0,16.2,2026-08-19
275,RELY,Technology,Software - Infrastructure,NASDAQ,3007496,26.3,141.06,2,-8,-3.13,105.4,91.2,0.2,3.6,9.5,39.8,91,89,79,35,60.1,0,0,0,0,0,0,5537756217.054646,210561079.0,0.0705,0.202,3808530,3702060,0,65.8,26.2,2026-08-19
276,CIFR,Technology,Information Technology Services,NASDAQ,30710876,18.5,141.0,-1,4,-38.62,175.9,43.3,-7.5,-18.2,-26.8,-14.4,91,92,97,98,93.2,0,0,0,1,0,1,7410373351.324013,415030722.0,0.1634,-0.43,37358920,28279678,4,95.0,-2.3,2026-08-19
277,STGW,Communication Services,Advertising Agencies,NASDAQ,1419573,8.7,141.0,13,14,-8.9,98.0,87.1,-4.0,1.6,13.2,39.5,91,78,79,23,74.8,0,0,0,0,0,0,2229616085.142005,244475451.0,0.103999995,0.112,1623240,1461512,0,63.7,12.5,2026-08-19
278,CRVS,Healthcare,Biotechnology,NASDAQ,969323,14.91,140.93,-4,-7,-44.68,217.5,51.0,5.1,9.6,12.4,15.6,91,95,92,99,95.2,0,0,0,1,0,1,1252560885.0406342,84120944.0,0.2474,,854910,1141834,4,95.3,-0.6,2026-08-19
279,NEOG,Healthcare,Medical Devices,NASDAQ,2063976,11.87,140.9,3,-9,-7.63,130.6,100.0,4.5,9.5,20.6,35.0,91,88,76,93,90.1,0,0,0,0,0,0,2540352503.218231,218056016.0,0.057800002,-0.001,2027230,2055558,2,86.8,-0.9,2026-08-19
280,KLAC,Technology,Semiconductor Equipment & Materials,NASDAQ,11691246,205.76,140.83,-2,-3,-33.06,121.9,47.3,-6.1,-4.5,-15.3,11.5,91,93,92,92,89.1,0,0,0,0,0,0,266169712227.6657,1306546783.0,0.0231,0.152,10124870,13654130,3,91.5,2.2,2026-08-19
281,CHYM,Technology,Software - Application,NASDAQ,7567486,31.45,140.74,57,41,-5.87,101.2,100.0,4.9,21.6,46.4,50.9,91,34,18,23,47.2,0,0,0,0,0,0,12122295427.52251,378585111.0,0.0795,0.268,12496120,6978680,0,30.5,-2.8,2026-08-19
282,ERO,Basic Materials,Copper,NYSE,1117120,34.91,140.5,27,48,-12.28,151.3,83.9,-1.1,10.9,20.4,22.0,91,64,85,95,92.2,0,0,0,0,0,0,3525428915.823406,104302633.0,5.58,0.739,1660350,1222894,2,84.0,-22.4,2026-08-19
283,MITK,Technology,Software - Application,NASDAQ,715336,18.53,140.39,-3,-13,-11.97,118.3,89.0,2.1,6.7,4.8,37.1,91,94,84,82,84.9,0,0,0,0,0,0,876727740.5902557,45122374.0,0.0749,0.182,842210,930712,1,86.2,8.0,2026-08-19
284,ZURA,Healthcare,Biotechnology,NASDAQ,765443,5.68,140.32,1,3,-23.66,251.8,77.7,2.2,4.7,17.5,14.6,91,90,92,99,97.4,0,0,0,1,0,1,533768309.5401616,95829137.0,0.14739999,,805020,1175020,4,94.6,-5.7,2026-08-19
285,SGMT,Healthcare,Biotechnology,NASDAQ,1192786,10.43,140.23,42,71,-1.6,132.5,100.0,8.3,23.2,37.2,58.2,91,49,78,70,55.4,0,0,0,0,0,0,655773801.0058222,62158653.0,0.1911,,1623370,1286504,0,63.1,-10.3,2026-08-19
286,GSAT,Communication Services,Telecom Services,NASDAQ,983223,83.03,140.16,-2,2,-2.14,230.9,96.7,-0.7,0.6,1.8,16.8,91,93,97,96,95.6,0,0,0,0,0,0,10674727623.020782,129563390.0,0.0749,-0.035,776280,1256072,4,95.4,-2.3,2026-08-19
287,AMRX,Healthcare,Drug Manufacturers - Specialty & Generic,NASDAQ,1896996,18.42,139.99,-2,-26,-4.36,95.2,89.9,1.2,-0.3,4.1,29.4,91,93,69,89,86.6,0,0,0,0,0,0,6321572757.18561,348296027.0,0.0385,0.099,1889650,2112014,1,84.4,6.4,2026-08-19
288,PESI,Industrials,Waste Management,NASDAQ,558836,17.63,139.81,9,-56,-17.31,111.2,81.0,-2.9,0.5,19.5,30.8,91,82,17,73,71.7,0,0,0,0,0,0,368562774.6771488,21218351.0,0.1058,-0.117,643550,479772,0,60.9,13.4,2026-08-19
289,CNC,Healthcare,Healthcare Plans,NYSE,4685423,64.41,139.43,-5,-15,-7.14,128.0,90.0,-1.4,0.2,-0.4,33.7,91,96,86,51,90.6,0,0,0,0,0,0,33329843253.02124,493995000.0,0.0315,0.046,4082170,5116512,2,80.9,12.7,2026-08-19
290,BFH,Financial Services,Credit Services,NYSE,594750,111.25,139.33,3,-1,-2.51,100.6,91.8,-1.4,-0.2,4.7,31.3,91,88,84,72,83.0,0,0,0,0,0,0,4582161232.656288,40407065.0,0.0002,0.038,356960,664602,0,81.7,6.1,2026-08-19
291,VOR,Healthcare,Biotechnology,NASDAQ,997733,23.01,139.33,60,119,-54.16,243.7,39.9,1.3,8.3,26.9,54.3,91,31,90,94,6.4,0,0,0,0,0,0,1362507671.4435234,59162294.0,0.1601,,768380,1265392,2,55.3,-6.2,2026-08-19
292,WNC,Industrials,Farm & Heavy Construction Machinery,NYSE,1394946,12.73,139.21,2,-72,-11.1,79.6,74.0,-2.6,-3.9,-1.4,23.7,91,89,15,67,47.7,0,0,0,0,0,0,511658909.97399807,40737173.0,0.1144,-0.091,954140,1262512,0,54.7,32.5,2026-08-19
293,HP,Energy,Oil & Gas Drilling,NYSE,1235950,44.72,138.86,4,10,0.16,148.8,96.5,3.8,14.9,21.0,28.6,91,87,93,90,92.1,0,0,0,0,0,0,4417301445.247364,99938945.0,0.1197,-0.006,1681990,1269888,3,90.5,-3.7,2026-08-19
294,NWL,Consumer Defensive,Household & Personal Products,NASDAQ,9712470,6.04,138.82,20,-31,-15.29,98.1,93.0,1.3,6.3,12.7,42.7,91,71,20,51,40.3,0,0,0,0,0,0,2657615902.519226,425900000.0,0.19459999,0.03,8122910,12226970,0,45.6,24.4,2026-08-19
295,KEYS,Technology,Scientific & Technical Instruments,NYSE,1192936,361.15,138.61,1,5,-3.68,101.5,74.9,-7.3,-3.6,-4.3,14.9,91,90,94,86,85.4,0,0,0,0,0,0,61149781829.43506,170895368.0,0.0214,0.315,1039440,1373362,2,88.8,2.7,2026-08-19
296,LPG,Energy,Oil & Gas Midstream,NYSE,622170,48.42,138.28,2,3,0.62,107.4,100.0,7.4,8.7,17.0,42.6,90,88,89,87,78.1,0,0,0,0,0,0,2026615553.273167,42782681.0,0.0738,1.24,612120,690282,0,85.5,5.1,2026-08-19
297,FIVN,Technology,Software - Infrastructure,NASDAQ,3170210,31.85,138.07,3,-28,-7.89,140.6,91.7,0.9,10.5,28.9,59.3,90,87,56,18,57.4,0,0,0,0,0,0,2465876523.0,74723531.0,0.1251,0.103,3196940,2976472,0,54.6,31.7,2026-08-19
298,AMKR,Technology,Semiconductor Equipment & Materials,NASDAQ,5409066,61.3,137.32,-4,-1,-36.59,121.3,39.5,-8.5,-7.0,-24.2,-7.9,90,94,97,95,89.0,0,0,0,0,0,0,14656211740.299225,248452472.0,0.145,0.256,3602780,5844928,3,93.7,2.0,2026-08-19
299,RXO,Industrials,Trucking,NYSE,1954016,23.45,137.26,-4,-11,-21.57,111.7,62.3,-0.3,-1.3,-12.4,20.9,90,94,87,54,72.1,0,0,0,0,0,0,3879062606.05719,164926128.0,0.2511,0.25,2089490,2028574,1,76.8,19.7,2026-08-19
300,NUE,Basic Materials,Steel,NYSE,1301473,272.68,137.2,1,1,-2.65,88.8,81.8,-7.5,-5.6,-0.1,24.8,90,89,89,78,81.2,0,0,0,0,0,0,61009138864.00354,226875676.0,0.0215,0.23,1231410,1544890,0,84.3,6.1,2026-08-19
301,ZD,Communication Services,Advertising Agencies,NASDAQ,608410,54.31,137.01,1,-6,-6.46,109.4,98.6,2.1,3.2,8.5,34.2,90,89,82,19,73.8,0,0,0,0,0,0,1898825615.6626887,34287208.0,0.22770001,-0.027,795800,665416,0,65.9,22.3,2026-08-19
302,VECO,Technology,Semiconductor Equipment & Materials,NASDAQ,925560,54.4,136.92,-3,0,-37.2,101.0,40.1,-8.1,-6.6,-20.4,11.2,90,93,96,72,86.5,0,0,0,0,0,0,3203193229.276428,61129640.0,0.1584,0.165,847090,1374304,2,86.9,7.1,2026-08-19
303,ROKU,Communication Services,Entertainment,NASDAQ,2654750,158.31,136.82,2,1,0.29,89.1,98.0,1.7,4.9,10.3,36.9,90,88,87,42,82.0,0,0,0,0,0,0,23402701944.867004,148418969.0,0.0925,0.219,2768790,4932594,0,74.8,12.3,2026-08-19
304,LTH,Consumer Cyclical,Leisure,NYSE,2863056,45.34,136.7,-2,-20,-4.01,81.6,95.0,0.9,1.2,9.8,43.9,90,92,74,40,77.5,0,0,0,0,0,0,10113887391.40654,223461948.0,0.0554,0.137,3286850,3022836,1,70.9,19.4,2026-08-19
305,COGT,Healthcare,Biotechnology,NASDAQ,2049096,37.87,136.62,-5,-4,-13.4,214.7,80.8,-5.7,-7.3,-2.3,2.6,90,95,96,99,95.1,0,0,0,1,0,1,6581802620.215622,173524982.0,0.104899995,,1976760,2494710,4,96.3,-1.0,2026-08-19
306,DDOG,Technology,Software - Application,NASDAQ,4968300,247.32,136.58,-7,-12,-15.51,127.6,70.6,-4.5,-8.2,-6.3,34.6,90,97,92,21,83.8,0,0,0,0,0,0,91729308041.82202,359075024.0,0.0403,0.356,6523100,4935714,2,73.5,22.3,2026-08-19
307,LSCC,Technology,Semiconductors,NASDAQ,1879870,132.67,136.54,-3,-1,-15.5,91.7,60.0,-7.8,-7.4,-12.8,13.0,90,93,95,90,83.7,0,0,0,0,0,0,18492602757.825363,141749209.0,0.0652,0.622,2163640,1979214,3,90.4,5.1,2026-08-19
308,CYRX,Industrials,Integrated Freight & Logistics,NASDAQ,600000,15.32,136.2,-4,-5,-9.3,111.3,97.1,7.7,7.1,6.0,43.7,90,94,93,59,85.6,0,0,0,0,0,0,772398775.0,50649100.0,0.0594,0.077,543700,687514,2,82.9,11.3,2026-08-19
309,MT,Basic Materials,Steel,NYSE,1534546,73.8,136.17,0,-2,-2.46,129.9,98.2,1.4,4.6,10.5,31.3,90,90,88,94,90.0,0,0,0,0,0,0,55693520274.51053,754041698.0,0.0061000003,0.052,1194020,1619304,2,90.5,-0.6,2026-08-19
310,BLFS,Healthcare,Medical Instruments & Supplies,NASDAQ,1212996,35.45,136.06,10,-20,0.28,100.9,100.0,4.1,9.9,22.9,47.2,90,80,50,29,69.4,0,0,0,0,0,0,1715158094.3548584,48906704.0,0.1454,0.215,498970,1164952,0,57.1,18.5,2026-08-19
311,DAR,Consumer Defensive,Packaged Foods,NYSE,2148806,67.67,136.05,-2,-5,-0.01,123.8,96.4,3.9,7.1,12.7,30.8,90,92,89,88,88.5,0,0,0,0,0,0,10579107633.112885,157802916.0,0.0431,0.164,2002230,2282200,1,89.4,2.9,2026-08-19
312,FIEE,Technology,Communication Equipment,NASDAQ,834826,5.63,136.01,53,111,-46.84,194.9,50.3,8.3,27.3,20.0,-1.8,90,37,95,99,80.3,0,0,0,1,0,1,42642990.0,8528598.0,0.031400003,16974.912,962570,503128,2,77.8,-39.9,2026-08-19
313,FTI,Energy,Oil & Gas Equipment & Services,NYSE,3428040,79.81,135.92,-2,-2,0.73,121.6,93.8,2.1,4.4,9.0,24.6,90,92,92,93,90.0,0,0,0,0,0,0,30828042780.038147,392164388.0,0.0344,0.09,3375280,3984358,4,91.8,0.8,2026-08-19
314,AIRJ,Industrials,Building Products & Equipment,NASDAQ,1737353,5.81,135.8,55,61,-13.93,109.6,67.4,-10.7,-0.5,10.1,35.6,90,35,41,18,45.2,0,0,0,0,0,0,437299548.7581368,72400588.0,0.1515,,2316930,1730230,0,34.8,-2.3,2026-08-19
315,MTSI,Technology,Semiconductors,NASDAQ,1514910,327.53,135.75,2,10,-21.81,123.1,51.6,-11.0,-4.4,-14.9,5.1,90,88,96,93,89.9,0,0,0,0,0,0,24166817592.09247,76370931.0,0.0369,0.358,1541340,1690688,2,91.7,-2.8,2026-08-19
316,HUM,Healthcare,Healthcare Plans,NYSE,1387383,384.31,135.74,-5,-16,-10.39,131.0,87.2,-1.0,-0.6,-0.6,40.0,90,95,84,17,64.7,0,0,0,0,0,0,46717242361.57593,120080308.0,0.0346,0.262,1123640,1448734,1,65.2,31.9,2026-08-19
317,EPC,Consumer Defensive,Household & Personal Products,NYSE,657553,28.06,135.73,5,-61,-6.31,80.6,93.3,1.2,2.0,9.4,35.4,90,85,19,48,55.5,0,0,0,0,0,0,1309846967.8163052,46088915.0,0.103999995,0.017,622280,869084,0,51.9,28.8,2026-08-19
318,RBRK,Technology,Software - Infrastructure,NYSE,2837643,101.02,135.63,15,-5,-5.15,127.8,91.3,2.3,15.8,23.5,47.6,90,75,55,15,50.5,0,0,0,0,0,0,21041854993.132828,205828566.0,0.0805,0.39,3651910,3416478,0,48.9,26.2,2026-08-19
319,RGNX,Healthcare,Biotechnology,NASDAQ,1764116,11.33,135.63,53,26,-30.02,112.7,61.7,9.4,14.5,16.2,14.5,90,37,10,25,64.9,0,0,0,0,0,0,710632034.5438309,66013192.0,0.1154,4.057,1096670,2106212,0,34.2,-8.8,2026-08-19
320,CON,Healthcare,Medical Care Facilities,NYSE,944686,35.53,135.53,-1,-21,0.03,85.8,95.5,1.6,5.7,13.1,44.2,90,91,71,60,74.0,0,0,0,0,0,0,4517953425.395325,127517736.0,0.0442,0.1,1178430,1012546,1,74.0,16.7,2026-08-19
321,NET,Technology,Software - Infrastructure,NYSE,3812663,307.01,135.41,3,-11,-7.59,82.2,77.2,-4.6,0.2,9.9,33.4,90,87,73,33,70.6,0,0,0,0,0,0,112442851968.03238,356079715.0,0.028800001,0.359,5241230,3654510,0,65.9,20.4,2026-08-19
322,HAE,Healthcare,Medical Devices,NYSE,693153,90.27,135.39,10,-35,-2.15,127.4,100.0,17.5,23.7,34.4,54.3,90,80,35,30,88.0,0,0,0,0,0,0,4131132369.645981,45497051.0,0.075100005,0.056,829900,828362,0,58.2,10.5,2026-08-19
323,AMCX,Communication Services,Entertainment,NASDAQ,725046,12.09,135.17,3,-14,-3.43,85.9,95.9,1.3,7.7,15.6,37.0,90,87,70,36,81.3,0,0,0,0,0,0,509849627.3979464,41249971.0,0.2308,-0.088,723770,643078,0,68.6,14.8,2026-08-19
324,HBM,Basic Materials,Copper,NYSE,5033796,27.44,135.02,17,37,-14.65,153.9,79.1,1.0,9.3,12.7,20.7,90,73,93,97,92.7,0,0,0,0,0,0,11854223881.598892,444144760.0,2.03,0.177,5242270,5302882,3,88.9,-16.7,2026-08-19
325,TBBB,Consumer Defensive,Discount Stores,NYSE,638483,48.45,134.99,6,-5,-3.49,105.3,100.0,10.3,15.5,18.2,36.4,90,84,73,76,85.0,0,0,0,0,0,0,5761695127.628517,120562775.0,0.045700002,0.387,861090,647394,0,79.5,2.2,2026-08-19
326,SNX,Technology,Electronics & Computer Distribution,NYSE,733190,263.88,134.67,0,1,-10.99,76.8,74.0,-1.8,-0.6,-3.3,27.7,89,89,90,63,78.8,0,0,0,0,0,0,20688526711.63281,79958752.0,0.0228,0.31,614730,839818,1,80.2,10.2,2026-08-19
327,VOYG,Industrials,Aerospace & Defense,NYSE,1669140,43.98,134.46,71,139,-16.07,116.0,61.8,-7.8,11.9,14.2,28.4,89,18,86,31,63.6,0,0,0,0,0,0,2547087050.931942,59262147.0,0.203,0.155,2124110,2141972,0,49.7,-32.2,2026-08-19
328,TGTX,Healthcare,Biotechnology,NASDAQ,2136546,49.28,134.42,-3,-14,-16.9,91.9,77.1,4.3,1.2,-1.6,37.3,89,92,81,37,85.1,0,0,0,0,0,0,7460585900.141323,153069053.0,0.2768,0.703,1921690,2547598,1,73.8,15.5,2026-08-19
329,CVE,Energy,Oil & Gas Integrated,NYSE,7256766,32.13,134.41,-3,-2,0.19,118.6,99.8,6.6,9.2,16.9,36.9,89,92,93,84,89.7,0,0,0,0,0,0,57190037872.11418,1844245000.0,5.11,0.415,6996170,7827376,2,89.7,2.7,2026-08-19
330,AZTA,Healthcare,Medical Instruments & Supplies,NASDAQ,649413,33.58,134.38,60,42,-19.53,122.3,78.4,7.1,14.9,32.0,26.4,89,29,11,24,45.9,0,0,0,0,0,0,1462324205.132412,43808393.0,0.1982,0.12,697270,697972,0,27.5,-5.7,2026-08-19
331,WT,Financial Services,Asset Management,NYSE,2536743,23.09,134.38,3,6,-0.86,111.6,96.8,1.4,7.1,15.9,40.0,89,86,89,89,79.7,0,0,0,0,0,0,3455991170.993803,151512111.0,0.169,0.573,2416970,2907260,0,85.9,2.2,2026-08-19
332,CODI,Industrials,Conglomerates,NYSE,728526,12.1,134.3,6,15,-8.68,149.2,86.1,-1.6,5.0,9.4,38.7,89,83,92,50,74.4,0,0,0,0,0,0,956249130.7300245,75235966.0,0.0696,-0.114,971000,857468,1,74.8,10.0,2026-08-19
333,BLMN,Consumer Cyclical,Restaurants,NASDAQ,2079623,10.69,134.09,21,15,-15.36,101.7,81.2,-2.4,7.3,19.5,47.0,89,68,62,25,71.6,0,0,0,0,0,0,903300690.680894,85620917.0,0.1251,0.013,2912710,2207956,0,56.7,7.4,2026-08-19
334,ALKS,Healthcare,Drug Manufacturers - Specialty & Generic,NASDAQ,1658143,49.85,134.07,-5,-23,-10.45,89.2,82.4,1.5,0.1,1.1,37.8,89,94,76,61,82.4,0,0,0,0,0,0,8230466354.707794,167763272.0,0.118999995,0.27,1359640,2077888,1,78.3,14.2,2026-08-19
335,FA,Industrials,Specialty Business Services,NASDAQ,2444020,20.3,133.99,-4,-20,-19.28,136.2,80.4,-3.9,0.0,7.7,42.8,89,93,77,11,61.0,0,0,0,0,0,0,3706444638.676233,171753691.0,0.15100001,0.149,3669970,2403898,1,60.5,34.0,2026-08-19
336,RDW,Industrials,Aerospace & Defense,NYSE,17215313,13.41,133.89,67,139,-49.66,145.1,35.2,-5.4,11.6,8.2,20.4,89,22,94,52,66.7,0,0,0,0,0,0,3394899611.1470776,249992609.0,0.176,0.896,20664660,25584454,1,58.7,-35.6,2026-08-19
337,WYFI,Technology,Information Technology Services,NASDAQ,2370566,30.35,133.82,-1,-4,-35.25,98.3,31.2,-18.5,-16.0,-28.7,-2.7,89,90,87,51,48.7,0,0,0,0,0,0,1146796461.1432571,38848118.0,0.5722,0.557,1517030,2499418,1,69.2,28.8,2026-08-19
338,JAZZ,Healthcare,Biotechnology,NASDAQ,774440,248.36,133.79,-4,-6,-6.3,116.1,93.5,0.4,-0.4,3.8,27.9,89,93,91,75,89.5,0,0,0,0,0,0,15901475217.747849,64914577.0,0.053200003,0.155,863880,820162,2,87.1,5.6,2026-08-19
339,SLDB,Healthcare,Biotechnology,NASDAQ,1077920,9.1,133.63,6,5,-20.52,147.8,80.5,8.5,13.6,11.4,39.9,89,83,82,81,76.5,0,0,0,0,0,0,986472169.1484088,107225238.0,0.1847,,836930,1776216,0,80.6,3.8,2026-08-19
340,STT,Financial Services,Asset Management,NYSE,2106140,193.04,133.62,-1,-7,0.28,68.2,91.2,-1.5,-0.1,3.8,28.5,89,90,84,72,80.2,0,0,0,0,0,0,52671317930.08186,274701765.0,0.0,-0.028,1429180,2300856,1,81.5,9.1,2026-08-19
341,ACHC,Healthcare,Medical Care Facilities,NASDAQ,2625960,30.0,133.6,-5,-17,-16.27,134.2,65.5,-9.6,-11.2,-7.9,22.4,89,94,82,25,61.3,0,0,0,0,0,0,2870281471.1470127,93100275.0,0.35970002,-0.004,1506610,2941586,1,65.6,31.3,2026-08-19
342,WHD,Energy,Oil & Gas Equipment & Services,NYSE,815016,73.45,133.01,15,23,-0.8,120.7,100.0,2.7,13.4,25.8,39.6,89,74,82,79,84.2,0,0,0,0,0,0,5875547579.884735,80179417.0,0.054899998,0.643,832810,820380,0,79.8,-6.9,2026-08-19
343,NVT,Industrials,Electrical Equipment & Parts,NYSE,2074060,177.21,132.99,-1,2,-4.02,78.3,71.5,-6.0,-1.5,-2.9,18.5,89,90,93,87,82.2,0,0,0,0,0,0,27740832066.419758,161857939.0,0.019199999,0.528,1692440,2143106,2,88.0,4.2,2026-08-19
344,TEAM,Technology,Software - Application,NASDAQ,4783350,158.34,132.97,54,37,-13.95,204.9,93.5,12.8,37.3,69.4,61.5,89,35,18,5,38.4,0,0,0,0,0,0,41166222883.41522,253767862.0,0.0991,0.276,6707720,4646118,0,24.1,6.0,2026-08-19
345,APA,Energy,Oil & Gas E&P,NASDAQ,5498410,41.58,132.87,2,8,-8.94,114.7,96.1,7.6,13.8,21.1,34.1,89,87,93,82,89.2,0,0,0,0,0,0,14178726037.375183,350351510.0,0.11310001,0.092,5839290,5629186,1,87.8,-0.7,2026-08-19
346,CLBK,Financial Services,Banks - Regional,NASDAQ,7928302,11.68,132.68,-1,-14,-1.35,87.3,97.7,2.6,5.1,14.0,37.4,89,90,77,72,82.3,0,0,0,0,0,0,1226846586.6804934,104058235.0,0.76739997,0.131,5635890,5160954,1,80.3,8.7,2026-08-19
347,SB,Industrials,Marine Shipping,NYSE,858256,8.1,132.55,0,-2,0.62,97.3,100.0,5.7,6.3,14.9,33.0,89,89,87,88,85.8,0,0,0,0,0,0,789209415.75,101833473.0,0.048499998,0.33,610120,881412,0,87.5,2.0,2026-08-19
348,PURR,Financial Services,Capital Markets,NASDAQ,8187146,7.15,132.37,-4,-2,-38.47,202.9,79.9,32.9,39.6,24.5,,89,93,95,43,,0,0,0,0,0,0,1339765421.4509606,200563691.0,2.64,,6150890,11215186,2,77.0,,2026-08-19
349,CBZ,Industrials,Specialty Business Services,NYSE,1686830,54.67,132.31,48,24,-18.69,118.3,71.8,0.5,5.8,31.7,38.7,89,41,17,6,21.5,0,0,0,0,0,0,2955784046.610298,54274405.0,0.075,-0.002,1356550,1337254,0,21.4,19.2,2026-08-19
350,PEB,Real Estate,REIT - Hotel & Motel,NYSE,2216410,18.14,132.23,-4,-14,-8.98,84.8,89.2,1.3,-1.4,-0.4,31.4,89,93,83,66,83.4,0,0,0,0,0,0,2059379567.0,112842716.0,0.16950001,-0.001,2209900,2685170,1,81.4,11.2,2026-08-19
351,HTFL,Healthcare,Health Information Services,NASDAQ,1485513,41.94,132.13,68,90,-2.47,122.2,100.0,29.9,49.9,51.8,56.9,89,21,43,20,71.6,0,0,0,0,0,0,3659008783.3768463,86953627.0,0.1153,0.476,2150350,1761978,0,38.9,-27.3,2026-08-19
352,BHVN,Healthcare,Biotechnology,NYSE,1920510,14.46,132.1,13,-48,-22.12,81.5,61.5,-1.9,-0.7,-0.6,23.6,89,76,15,25,34.1,0,0,0,0,0,0,2211281005.696767,151043781.0,0.1541,,1670230,2822868,0,37.5,37.2,2026-08-19
353,DHC,Real Estate,REIT - Healthcare Facilities,NASDAQ,1699620,8.29,131.9,-6,-6,-14.18,140.4,75.8,-3.1,-7.2,-8.9,16.7,89,95,95,92,90.3,0,0,0,0,0,0,2029040947.149464,242128988.0,0.063,-0.045,2445810,1862938,4,93.1,2.9,2026-08-19
354,POWL,Industrials,Electrical Equipment & Parts,NASDAQ,766593,218.73,131.87,-6,-3,-33.31,141.2,48.4,-4.7,-6.0,-19.2,1.4,89,95,98,97,91.1,0,0,1,0,0,1,7777623607.063293,36432564.0,0.111,0.089,641540,791920,4,95.3,1.2,2026-08-19
355,AEIS,Industrials,Electrical Equipment & Parts,NASDAQ,679893,348.63,131.85,14,30,-12.28,102.6,61.1,-9.3,-5.1,-8.6,0.3,89,75,91,96,83.9,0,0,0,0,0,0,13227059366.037598,40050442.0,0.0644,0.3,611470,846462,2,86.5,-10.2,2026-08-19
356,STLD,Basic Materials,Steel,NASDAQ,1103513,258.16,131.34,0,0,-10.59,84.1,67.1,-10.3,-9.4,-7.8,13.1,88,88,88,83,83.2,0,0,0,0,0,0,36659025680.12366,143328088.0,0.0357,0.334,978440,1223456,0,85.5,3.4,2026-08-19
357,GCT,Technology,Software - Infrastructure,NASDAQ,689750,50.28,131.15,24,39,-10.65,104.7,95.8,0.7,11.6,32.6,31.9,88,64,79,82,78.2,0,0,0,0,0,0,1852289955.047352,35710237.0,0.19219999,0.276,851510,705984,0,75.8,-12.2,2026-08-19
358,FIGS,Consumer Cyclical,Apparel Manufacturing,NYSE,3292453,14.32,131.1,32,64,-18.08,120.5,75.1,2.7,18.5,27.3,19.5,88,56,88,91,88.1,0,0,0,0,0,0,2440600085.26478,166140242.0,0.2175,0.288,4039330,3251272,1,80.8,-26.3,2026-08-19
359,TENB,Technology,Software - Infrastructure,NASDAQ,3629056,35.29,130.95,-6,-60,-19.19,120.0,72.3,-4.5,0.5,3.7,37.9,88,94,40,11,54.9,0,0,0,0,0,0,4226724927.004013,110271973.0,0.1086,0.086,3073190,3451354,1,50.0,41.6,2026-08-19
360,ARW,Technology,Electronics & Computer Distribution,NYSE,580693,220.36,130.91,-3,-3,-7.15,101.8,78.0,-2.5,-3.4,-4.0,26.8,88,91,91,83,77.9,0,0,0,0,0,0,10893251747.40184,50905423.0,0.03,0.318,710200,584572,2,85.7,8.1,2026-08-19
361,LGN,Industrials,Engineering & Construction,NASDAQ,1420080,70.04,130.72,-4,0,-34.69,110.3,45.2,-4.1,-4.4,-14.9,2.1,88,92,96,88,,0,0,0,0,0,0,7173509985.0,108075480.0,0.0736,1.107,1134360,1514314,2,92.0,,2026-08-19
362,BRKR,Healthcare,Medical Devices,NASDAQ,2231133,57.67,130.7,1,-14,-11.68,99.8,83.7,3.6,1.0,0.9,25.8,88,87,72,33,80.8,0,0,0,0,0,0,8791132649.440933,152359316.0,0.16049999,0.052,2906070,2300910,0,68.2,15.4,2026-08-19
363,HALO,Healthcare,Biotechnology,NASDAQ,2168596,103.0,130.38,16,-1,-1.7,74.6,100.0,6.5,17.2,31.9,49.8,88,72,55,58,75.8,0,0,0,0,0,0,11197713095.64209,113498000.0,0.1619,0.477,3050560,2048354,0,65.2,2.6,2026-08-19
364,EXPE,Consumer Cyclical,Travel Services,NASDAQ,1608856,318.5,130.35,22,20,-4.42,73.1,95.5,1.8,7.2,19.8,28.8,88,66,64,34,75.7,0,0,0,0,0,0,39930145090.15265,120022077.0,0.0842,0.14,1800310,1630996,0,59.9,1.8,2026-08-19
365,LNTH,Healthcare,Drug Manufacturers - Specialty & Generic,NASDAQ,1473980,100.91,130.29,-4,-10,-9.79,100.5,82.8,-0.3,-1.1,-3.4,23.4,88,92,86,69,83.6,0,0,0,0,0,0,6589245451.354538,65272369.0,0.1285,0.027,2567710,1274222,1,82.6,9.4,2026-08-19
366,EQNR,Energy,Oil & Gas Integrated,NYSE,3686866,41.82,130.26,1,4,-3.77,87.6,98.1,2.9,4.2,14.4,29.9,88,87,90,77,81.5,0,0,0,0,0,0,96824017404.74556,2374883893.0,0.0295,0.374,2709320,3716558,1,83.9,4.5,2026-08-19
367,MAMA,Consumer Defensive,Packaged Foods,NASDAQ,568060,17.27,130.16,-1,-1,-17.76,106.5,67.1,-5.0,-6.8,-5.7,10.9,88,89,89,95,86.6,0,0,0,0,0,0,802078269.75,46497291.0,0.0563,0.497,513880,686436,1,89.9,-0.0,2026-08-19
368,TSHA,Healthcare,Biotechnology,NASDAQ,2917766,6.21,130.12,9,18,-14.93,127.2,86.7,1.9,6.2,5.4,20.6,88,79,88,92,89.9,0,0,0,0,0,0,1938709530.6021836,325833545.0,0.14829999,,2842670,3349162,1,87.2,-8.9,2026-08-19
369,KRYS,Healthcare,Biotechnology,NASDAQ,505396,335.73,130.04,-6,-10,-12.24,149.8,85.5,3.6,2.1,0.4,23.2,88,94,90,90,90.9,0,0,0,0,0,0,9834804912.537476,29598836.0,0.17719999,0.241,326990,460244,4,91.2,2.8,2026-08-19
370,ANGO,Healthcare,Medical Instruments & Supplies,NASDAQ,550126,15.67,129.86,3,-14,-2.73,84.1,100.0,2.3,6.9,17.6,34.1,88,85,68,57,82.9,0,0,0,0,0,0,655118381.4170551,41332389.0,0.031400003,0.08,511760,490678,0,73.2,8.4,2026-08-19
371,ANET,Technology,Computer Hardware,NYSE,7939040,201.8,129.83,12,7,-6.09,60.6,74.5,-5.1,-0.2,5.9,25.3,88,76,71,70,65.1,0,0,0,0,0,0,250756693752.8452,1261224648.0,0.0123000005,0.377,8932660,8029646,0,70.5,7.1,2026-08-19
372,ASTH,Healthcare,Medical Care Facilities,NASDAQ,558630,39.75,129.75,-5,-6,-22.97,117.0,67.1,5.2,4.4,-4.1,28.7,88,93,92,18,64.2,0,0,0,0,0,0,2024354244.5812304,49604366.0,0.1102,0.485,572410,661746,2,66.8,29.5,2026-08-19
373,KN,Technology,Electronic Components,NYSE,931073,38.99,129.6,-2,-2,-9.18,71.4,64.4,-8.6,-7.7,-8.9,18.0,88,90,90,85,79.6,0,0,0,0,0,0,3289151510.901604,85410326.0,0.08189999,0.143,725230,1075766,2,86.2,6.2,2026-08-19
374,CROX,Consumer Cyclical,Footwear & Accessories,NASDAQ,1023243,129.97,129.57,0,-23,-8.01,71.3,77.2,-4.7,-5.6,-2.4,25.8,88,88,65,53,73.3,0,0,0,0,0,0,6315325337.526703,47945075.0,0.1241,0.026,914410,1099430,0,69.8,16.6,2026-08-19
375,FTDR,Consumer Cyclical,Personal Services,NASDAQ,547890,83.75,129.32,10,0,-10.36,67.6,79.5,-3.6,3.2,9.1,30.5,88,78,68,46,67.2,0,0,0,0,0,0,5957205118.618286,68893316.0,0.063,0.045,607310,614438,0,64.8,12.8,2026-08-19
376,KMX,Consumer Cyclical,Auto & Truck Dealerships,NYSE,2467473,58.53,129.1,11,-45,-6.44,90.9,89.7,0.5,0.9,7.0,31.9,88,77,21,27,35.8,0,0,0,0,0,0,8503312612.473022,141911096.0,0.1106,0.055,1862910,3129512,0,40.2,36.2,2026-08-19
377,OMDA,Healthcare,Health Information Services,NASDAQ,1479583,23.75,129.07,-1,-35,-11.76,123.7,85.4,3.5,11.7,15.1,44.9,88,89,55,9,51.0,0,0,0,0,0,0,1456968295.4864502,60606000.0,0.1283,0.431,1861840,1331308,0,51.0,38.4,2026-08-19
378,RAL,Technology,Electronic Components,NYSE,1636056,71.97,128.9,-3,-12,-4.56,73.2,79.8,-4.8,-3.5,-2.7,24.3,88,91,82,31,72.3,0,0,0,0,0,0,7998166279.613953,110640008.0,0.080299996,0.128,1350140,1655390,1,69.1,22.3,2026-08-19
379,PAY,Technology,Software - Infrastructure,NYSE,1121770,40.66,128.89,37,5,-10.26,95.8,79.4,-1.4,6.2,34.5,38.5,88,51,19,18,42.5,0,0,0,0,0,0,5271833700.28746,125939647.0,0.0995,0.288,1306840,1262808,0,32.6,14.0,2026-08-19
380,AVTR,Healthcare,Medical Instruments & Supplies,NYSE,10962670,13.5,128.72,36,-1,-15.25,88.4,80.0,2.3,6.0,23.4,37.2,88,52,15,16,42.7,0,0,0,0,0,0,9239061651.195831,676358840.0,0.0955,0.005,7244600,10241796,0,31.4,15.5,2026-08-19
381,ITGR,Healthcare,Medical Devices,NYSE,1239766,125.08,128.67,42,48,-0.84,97.9,98.8,0.1,6.9,22.1,43.9,88,46,52,32,51.3,0,0,0,0,0,0,4257844005.0948486,33992048.0,0.1293,-0.026,1417090,923490,0,45.3,-0.4,2026-08-19
382,OBE,Energy,Oil & Gas E&P,NYSE ARCA,855406,11.57,128.64,3,13,-20.7,112.0,69.1,9.3,13.0,21.4,33.4,88,85,95,79,88.3,0,0,0,0,0,0,711961836.990757,66725570.0,8.99,0.417,731510,797058,1,86.8,-1.4,2026-08-19
383,NVTS,Technology,Semiconductors,NASDAQ,14780480,14.58,128.49,32,75,-57.33,131.6,27.8,-5.4,3.4,-16.0,0.6,88,56,99,91,85.7,0,0,1,0,0,1,3772800851.800369,261093488.0,0.1694,-0.273,13316590,19098416,2,82.9,-26.2,2026-08-19
384,NOK,Technology,Communication Equipment,NYSE,91334540,10.78,128.42,-3,2,-38.22,140.6,46.8,1.0,5.1,-11.6,7.6,88,91,96,85,91.6,0,0,0,0,0,0,60068068957.70067,5582534171.0,0.0066000004,0.084,75883240,97164412,3,90.9,0.4,2026-08-19
385,PK,Real Estate,REIT - Hotel & Motel,NYSE,4145093,15.0,128.38,0,-30,-3.1,60.9,100.0,6.1,5.8,8.0,32.3,88,88,58,56,70.1,0,0,0,0,0,0,3046248955.941344,201338330.0,0.2289,0.01,4766650,4999982,0,68.0,18.3,2026-08-19
386,ARIS,Basic Materials,Gold,NYSE,1575783,18.12,128.27,28,61,-22.2,190.9,80.7,11.5,22.3,26.4,16.3,88,60,93,98,94.2,0,0,0,1,0,1,3693044971.774704,206430693.0,3.12,0.623,1759250,1599486,3,86.3,-28.0,2026-08-19
387,SM,Energy,Oil & Gas E&P,NYSE,3760333,35.48,128.24,1,4,-1.11,105.7,100.0,10.3,12.6,19.9,40.8,88,87,90,38,67.9,0,0,0,0,0,0,8027574795.0,237854068.0,0.0621,1.761,4466120,3883936,1,70.7,19.0,2026-08-19
388,TKR,Industrials,Tools & Accessories,NYSE,922436,133.93,128.19,-3,-9,-8.5,77.5,73.6,-3.2,-5.9,-8.3,15.8,88,91,85,85,78.7,0,0,0,0,0,0,9277517085.0,69494510.0,0.045500003,0.075,1204020,999442,1,84.9,7.9,2026-08-19
389,MF,Communication Services,Advertising Agencies,NASDAQ,794093,11.6,128.18,87,86,-89.69,414.8,12.6,31.3,59.0,104.0,-52.6,88,1,0,16,0.6,0,0,0,0,0,0,23634416.0,1818032.0,0.067600004,-0.326,528960,1583474,0,4.4,-2.7,2026-08-19
390,ORIC,Healthcare,Biotechnology,NASDAQ,1609130,13.38,128.07,55,55,-10.38,96.0,100.0,6.9,15.2,35.5,37.7,87,32,32,88,72.8,0,0,0,0,0,0,1437662326.857895,103652656.0,0.21260001,,1589730,1694610,0,56.2,-31.6,2026-08-19
391,OGN,Healthcare,Drug Manufacturers - General,NYSE,2614560,13.7,127.96,-3,-1,-0.15,140.9,100.0,0.5,0.9,1.5,40.4,87,90,92,29,71.8,0,0,0,0,0,0,3603001490.884284,262609433.0,0.0728,-0.023,2446320,2502672,2,70.7,21.1,2026-08-19
392,ATRC,Healthcare,Medical Instruments & Supplies,NASDAQ,843630,44.77,127.96,25,-10,0.65,84.1,100.0,9.5,17.1,38.3,42.0,87,62,27,26,61.5,0,0,0,0,0,0,2253376785.392097,50866294.0,0.0791,0.128,634200,928928,0,44.1,11.0,2026-08-19
393,JBL,Technology,Electronic Components,NYSE,1078476,369.89,127.96,14,32,-13.76,67.7,67.5,-8.0,-3.0,-6.6,13.0,87,73,91,86,72.2,0,0,0,0,0,0,38048192655.46964,104787089.0,0.0392,0.118,1033560,1304996,1,80.5,-4.0,2026-08-19
394,ADVB,Healthcare,Diagnostics & Research,NASDAQ,3583860,8.23,127.93,0,-73,-66.03,125.1,30.4,4.5,-13.7,18.8,34.1,87,87,14,3,34.2,0,0,0,0,0,0,14786590.034880638,1652133.0,0.0657,,249930,2160186,0,34.5,50.5,2026-08-19
395,GLUE,Healthcare,Biotechnology,NASDAQ,1418946,15.38,127.92,-10,-11,-40.32,258.4,54.4,0.7,-11.1,-20.3,-14.1,87,97,96,98,97.3,0,0,0,1,0,1,1322357715.5,85313401.0,0.19590001,-0.613,1285590,1523410,4,97.1,-0.3,2026-08-19
396,AVTX,Healthcare,Biotechnology,NASDAQ,861663,19.95,127.84,-8,-10,-17.8,133.3,84.8,6.3,8.5,15.4,24.3,87,95,93,92,91.0,0,0,0,0,0,0,1050611492.6932868,53629989.0,0.24520001,,651200,1373420,4,92.7,2.8,2026-08-19
397,PAYC,Technology,Software - Application,NYSE,923143,214.19,127.66,51,43,-8.7,95.6,90.2,2.8,18.2,42.2,52.0,87,36,28,11,35.0,0,0,0,0,0,0,9831472472.546265,45071619.0,0.0845,0.098,1216880,996200,0,27.5,6.3,2026-08-19
398,INTA,Technology,Software - Application,NASDAQ,764173,38.49,127.6,50,24,-19.7,109.5,73.4,2.3,13.7,36.2,30.2,87,37,11,5,30.4,0,0,0,0,0,0,3068862192.9786987,76511148.0,0.0753,0.13,857830,852450,0,20.9,12.3,2026-08-19
399,MDB,Technology,Software - Infrastructure,NASDAQ,1457433,438.7,127.59,17,25,-7.27,107.8,87.8,2.2,15.5,24.5,29.9,87,70,78,75,86.3,0,0,0,0,0,0,37025227875.89145,80431927.0,0.0332,0.252,1721410,1540166,0,77.3,-9.9,2026-08-19
400,ZBIO,Healthcare,Biotechnology,NASDAQ,705673,30.5,127.54,-5,-65,-31.61,105.6,57.4,-0.1,-0.5,13.5,20.0,87,92,32,92,83.8,0,0,0,0,0,0,1923365110.647768,65176723.0,0.2775,,503240,848158,2,74.9,10.1,2026-08-19
401,VIR,Healthcare,Biotechnology,NASDAQ,1544990,9.39,127.53,3,8,-19.47,124.1,80.4,7.1,8.4,4.8,18.2,87,84,89,81,89.8,0,0,0,0,0,0,1563555413.1895409,169215958.0,0.113900006,195.825,1486300,1863942,0,86.0,-2.8,2026-08-19
402,SVM,Basic Materials,Silver,NYSE ARCA,2577536,11.92,127.52,25,58,-24.41,193.3,72.8,5.9,16.4,20.4,20.6,87,62,95,97,93.7,0,0,0,0,0,0,2658899935.440212,221206309.0,0.135,0.705,2925960,3294736,3,86.9,-26.1,2026-08-19
403,OPRT,Financial Services,Credit Services,NASDAQ,523713,7.52,127.47,31,13,-9.4,82.8,86.4,-1.7,12.4,26.3,39.9,87,56,38,27,54.5,0,0,0,0,0,0,354561722.3842745,45987253.0,0.0383,0.094,700690,512582,0,43.9,8.3,2026-08-19
404,JBHT,Industrials,Integrated Freight & Logistics,NASDAQ,1019466,283.37,127.45,-4,-6,-5.47,108.5,84.5,-0.4,-1.3,-2.5,18.5,87,91,89,86,85.2,0,0,0,0,0,0,26264768197.63184,93900000.0,0.0429,0.194,818520,1028440,1,87.8,4.1,2026-08-19
405,CSTM,Basic Materials,Aluminum,NYSE,1566023,29.92,127.44,-1,5,-19.11,93.3,57.1,-8.5,-8.5,-13.3,2.8,87,88,94,94,85.5,0,0,0,0,0,0,4011620800.499725,135527728.0,0.046,0.307,1270710,1736628,2,90.4,-0.5,2026-08-19
406,GTX,Consumer Cyclical,Auto Parts,NASDAQ,2198143,28.58,127.39,-10,-12,-21.16,117.4,61.8,-6.1,-9.2,-14.7,17.1,87,97,95,88,88.9,0,0,0,0,0,0,5408309006.0,186493414.0,0.0218,0.069,2110650,2544058,2,92.2,6.1,2026-08-19
407,JHX,Basic Materials,Building Materials,NYSE,7231673,30.43,127.3,25,-2,-2.97,80.9,93.9,-0.1,5.9,14.5,34.6,87,62,35,67,38.6,0,0,0,0,0,0,18019418559.00421,580522488.0,0.0214,0.639,7378630,7572018,0,50.6,13.4,2026-08-19
408,DHT,Energy,Oil & Gas Midstream,NYSE,2919813,18.9,127.25,0,-3,-8.03,86.5,100.0,5.6,7.1,10.2,22.7,87,87,84,89,84.0,0,0,0,0,0,0,3147318458.767788,161235573.0,0.077800006,0.955,3401790,3309754,0,86.0,1.4,2026-08-19
409,MAX,Communication Services,Internet Content & Information,NYSE,990753,12.69,127.1,2,-54,-13.67,88.1,89.0,2.9,2.3,10.2,23.4,87,85,29,16,61.1,0,0,0,0,0,0,806846594.9340706,61263978.0,0.094399996,0.259,745480,905560,0,47.8,31.4,2026-08-19
410,GEV,Industrials,Specialty Industrial Machinery,NYSE,2592806,1079.0,127.08,-4,-3,-9.78,80.2,70.1,-3.4,-1.8,-4.3,14.3,87,91,92,94,76.6,0,0,0,0,0,0,283179179998.25,266333581.0,0.032,0.219,1814150,2889450,3,88.4,6.5,2026-08-19
411,NKTR,Healthcare,Biotechnology,NASDAQ,720843,72.67,126.97,0,10,-33.33,184.7,67.0,1.8,4.3,10.8,19.0,87,87,97,99,93.8,0,0,0,1,0,1,2493121307.2642365,34142994.0,0.2058,-0.093,609610,945202,3,94.2,-6.8,2026-08-19
412,TPC,Industrials,Engineering & Construction,NYSE,908360,97.22,126.86,14,22,-4.97,61.3,79.6,-5.7,0.6,10.0,17.6,87,73,81,96,76.0,0,0,0,0,0,0,5094155528.403267,52614703.0,0.0661,0.192,601990,781912,1,81.5,-6.9,2026-08-19
413,ARMK,Industrials,Specialty Business Services,NYSE,2705010,61.8,126.82,1,-3,-1.36,65.9,90.1,0.6,2.6,5.7,32.3,87,86,82,56,73.3,0,0,0,0,0,0,16405672697.46588,262953564.0,0.0357,0.093,3197050,2592804,0,74.3,12.8,2026-08-19
414,TX,Basic Materials,Steel,NYSE,691933,54.35,126.5,11,15,-2.35,69.2,96.1,-0.1,5.1,12.7,26.5,87,76,80,82,78.4,0,0,0,0,0,0,10563316422.76757,196307678.0,0.010199999,0.1,790470,594314,0,79.1,-2.8,2026-08-19
415,GRMN,Technology,Scientific & Technical Instruments,NYSE,946130,307.5,126.46,37,49,-2.16,58.0,86.1,-3.6,2.0,13.9,26.9,87,50,62,73,58.1,0,0,0,0,0,0,59822859021.35693,192852536.0,0.022,0.114,753990,928546,0,60.8,-9.8,2026-08-19
416,SKE,Basic Materials,Other Industrial Metals & Mining,NYSE,567446,32.15,126.45,32,66,-17.08,130.9,82.9,4.6,14.1,20.7,22.4,87,55,89,97,89.6,0,0,0,0,0,0,4147797199.5968056,125462705.0,11.07,,586720,846114,1,82.7,-29.1,2026-08-19
417,KGS,Energy,Oil & Gas Equipment & Services,NYSE,1690630,66.12,126.41,-6,-4,-14.88,82.2,62.5,-2.9,-0.8,-8.5,11.2,87,93,95,85,81.3,0,0,0,0,0,0,6595050875.909958,100918914.0,0.094799995,0.211,1546970,1837622,2,88.6,7.2,2026-08-19
418,MLKN,Consumer Cyclical,"Furnishings, Fixtures & Appliances",NASDAQ,633696,23.34,126.39,10,-44,-5.54,67.4,88.1,-2.1,-0.4,14.5,28.0,87,77,23,74,42.2,0,0,0,0,0,0,1623376756.3426094,68123238.0,0.087299995,0.044,521850,838578,0,54.0,23.4,2026-08-19
419,SKM,Communication Services,Telecom Services,NYSE,2506976,39.96,126.37,11,25,-15.3,96.8,72.4,6.3,11.3,13.3,29.2,87,76,90,87,81.8,0,0,0,0,0,0,14783531164.936523,383888128.0,0.0084,0.005,2142330,2621792,1,83.7,-6.5,2026-08-19
420,CTOS,Industrials,Rental & Leasing Services,NYSE,1110853,10.49,126.33,-5,-8,-14.23,83.1,67.0,-6.5,-6.8,-8.0,22.3,87,92,89,87,77.4,0,0,0,0,0,0,2395633222.799468,227505535.0,0.0584,0.102,1109390,1110974,1,86.3,8.6,2026-08-19
421,MRCY,Industrials,Aerospace & Defense,NASDAQ,588346,113.36,126.21,7,12,-11.75,57.7,59.7,-6.9,-4.0,-6.4,12.7,87,80,85,89,73.7,0,0,0,0,0,0,6672009771.873802,60043283.0,0.095699996,0.115,537940,682288,0,81.9,0.8,2026-08-19
422,CAMT,Technology,Semiconductor Equipment & Materials,NASDAQ,544426,171.8,126.1,26,56,-20.46,96.3,56.5,-6.9,-1.2,-4.4,0.2,87,61,91,95,82.5,0,0,0,0,0,0,7717983340.131958,46668177.0,0.0866,0.025,595110,528908,2,82.4,-20.6,2026-08-19
423,BZH,Consumer Cyclical,Residential Construction,NYSE,740373,33.17,126.04,-3,-56,-3.97,84.1,94.5,0.0,0.3,7.8,35.1,86,89,36,70,61.6,0,0,0,0,0,0,871967724.5031052,26343437.0,0.1001,-0.053,1407710,617274,0,64.1,22.8,2026-08-19
424,PATH,Technology,Software - Infrastructure,NYSE,79532973,15.99,125.89,46,39,-19.41,68.2,64.6,1.4,13.0,28.8,24.0,86,40,33,22,69.0,0,0,0,0,0,0,8295105577.248318,518120266.0,0.3025,0.173,70762430,68861352,0,41.0,-10.2,2026-08-19
425,RLJ,Real Estate,REIT - Hotel & Motel,NYSE,1861746,11.07,125.81,-8,-22,-14.12,71.8,80.6,1.9,-3.3,-2.1,27.6,86,94,80,56,76.2,0,0,0,0,0,0,1674610798.403931,152375872.0,0.103,0.056,2078040,1985430,1,76.6,17.9,2026-08-19
426,TECH,Healthcare,Biotechnology,NASDAQ,3586063,72.39,125.77,11,-39,-0.06,67.4,100.0,0.3,0.6,8.2,20.6,86,75,25,40,63.4,0,0,0,0,0,0,11280691442.548187,155810652.0,0.068,0.013,2859580,5353800,0,50.9,17.8,2026-08-19
427,COMP,Real Estate,Real Estate Services,NYSE,12152486,12.39,125.76,-5,-68,-11.21,91.6,88.7,0.9,5.2,12.8,28.3,86,91,28,60,71.3,0,0,0,0,0,0,9994733433.999825,767644630.0,0.063,1.09,12090320,13569384,1,62.6,22.4,2026-08-19
428,CNK,Communication Services,Entertainment,NYSE,2648560,37.52,125.59,16,-19,-3.75,70.2,95.4,-0.1,2.4,11.1,31.4,86,70,35,29,69.9,0,0,0,0,0,0,4332785263.707218,115911855.0,0.1157,0.155,2300100,2589260,0,51.0,11.7,2026-08-19
429,STRL,Industrials,Engineering & Construction,NASDAQ,784386,603.89,125.57,-10,-9,-39.95,95.2,36.2,-3.1,-6.5,-22.9,3.9,86,96,97,96,86.3,0,0,0,0,0,0,17633668259.208008,30588518.0,0.044299997,0.901,737540,834194,3,93.8,4.7,2026-08-19
430,APPN,Technology,Software - Infrastructure,NASDAQ,835240,34.91,125.53,33,-3,-24.21,100.5,69.9,6.5,21.2,41.4,32.7,86,53,17,16,58.3,0,0,0,0,0,0,2536333198.840496,71627597.0,0.1182,0.191,949710,854294,0,36.1,8.3,2026-08-19
431,LUNR,Industrials,Aerospace & Defense,NASDAQ,10547493,20.38,125.45,63,138,-56.41,130.1,27.8,5.6,21.6,3.5,-4.6,86,23,98,94,87.9,0,0,1,0,0,1,3050198430.814619,160452309.0,0.2714,3.098,13819300,11762506,2,75.7,-54.2,2026-08-19
432,UGP,Energy,Oil & Gas Refining & Marketing,NYSE,4340463,6.48,125.33,-5,-10,-1.67,107.9,99.7,5.7,4.3,16.1,29.7,86,91,86,90,88.4,0,0,0,0,0,0,6564219197.559288,1065620026.0,0.0032,0.219,3529400,3737128,2,88.8,2.0,2026-08-19
433,ABNB,Consumer Cyclical,Travel Services,NASDAQ,4474890,179.29,125.27,26,28,-4.18,67.1,100.0,3.7,13.4,23.1,37.5,86,60,62,42,72.6,0,0,0,0,0,0,110212491167.0409,598785682.0,0.0312,0.165,6646380,4261352,0,59.2,-2.9,2026-08-19
434,TGT,Consumer Defensive,Discount Stores,NYSE,3823676,151.01,125.2,3,-3,-3.49,90.0,100.0,4.1,7.3,14.4,35.1,86,83,77,73,74.3,0,0,0,0,0,0,70163441041.24622,454191112.0,0.0369,0.067,4017830,4228250,0,76.8,6.9,2026-08-19
435,SSL,Basic Materials,Specialty Chemicals,NYSE,1156190,11.71,125.19,-7,-5,-18.51,127.0,75.6,5.0,5.3,8.2,22.4,86,93,95,88,88.6,0,0,0,0,0,0,7391164302.284471,641037682.0,0.0106,0.002,1072250,1446376,2,91.1,3.0,2026-08-19
436,W,Consumer Cyclical,Internet Retail,NYSE,3545903,103.08,125.14,19,-23,-14.09,87.8,81.8,4.1,9.6,18.0,21.8,86,67,25,75,66.5,0,0,0,0,0,0,13414803830.830788,131996499.0,0.1459,0.075,4719990,3594308,0,58.4,2.9,2026-08-19
437,VIK,Consumer Cyclical,Travel Services,NYSE,2083150,99.86,125.07,-2,-7,-9.29,59.0,65.8,-10.5,-11.5,-8.9,13.2,86,88,83,85,73.6,0,0,0,0,0,0,43718935627.66556,446157124.0,0.0352,0.175,2440920,2356194,0,82.4,8.3,2026-08-19
438,ATKR,Industrials,Electrical Equipment & Parts,NYSE,1017226,93.71,125.04,28,37,-0.46,69.0,98.9,-0.3,7.6,16.3,31.9,86,58,67,55,76.5,0,0,0,0,0,0,3167865293.065644,33772550.0,0.041500002,0.081,2362570,764456,0,64.1,-9.6,2026-08-19
439,XENE,Healthcare,Biotechnology,NASDAQ,988916,62.36,124.94,-6,-12,-14.18,74.8,75.5,-1.9,-2.4,0.8,20.9,86,92,86,71,79.1,0,0,0,0,0,0,6027096895.000076,96665550.0,0.0558,,647430,1295278,1,82.0,11.2,2026-08-19
440,ZIM,Industrials,Marine Shipping,NYSE,1399930,28.81,124.86,2,-2,-3.87,120.3,88.9,2.3,5.1,8.0,14.7,86,84,80,93,80.7,0,0,0,0,0,0,3391423327.680633,120519666.0,0.0272,-0.304,2432490,1324828,1,84.4,0.2,2026-08-19
441,LTRX,Technology,Communication Equipment,NASDAQ,748250,6.65,124.72,33,72,-24.0,108.0,56.1,-1.7,3.5,1.5,1.0,86,53,92,93,87.4,0,0,0,0,0,0,288617613.2307439,44608597.0,0.0554,0.059,741690,1094278,2,81.4,-29.1,2026-08-19
442,DNLI,Healthcare,Biotechnology,NASDAQ,1620030,24.35,124.56,2,-16,-10.81,101.5,89.5,3.6,5.7,7.0,26.5,86,84,66,77,82.9,0,0,0,0,0,0,3900276572.223055,159847403.0,0.115100004,,1427740,1800046,0,77.5,3.7,2026-08-19
443,CAT,Industrials,Farm & Heavy Construction Machinery,NYSE,2974296,881.65,124.55,-4,-2,-17.87,96.6,61.7,-3.8,-3.8,-10.1,7.6,86,90,92,93,87.2,0,0,0,0,0,0,393743723037.48944,459674889.0,0.0166,0.24,2871580,3354754,3,90.5,0.6,2026-08-19
444,ZBRA,Technology,Communication Equipment,NASDAQ,792773,371.26,124.52,43,32,-3.88,77.9,84.5,-4.9,6.5,25.2,41.3,86,43,32,25,40.4,0,0,0,0,0,0,17911584335.61377,47633392.0,0.066300005,0.204,950280,843442,0,35.1,6.0,2026-08-19
445,KRNY,Financial Services,Banks - Regional,NASDAQ,547420,9.77,124.51,0,-8,-0.51,59.7,96.0,0.3,0.6,4.4,20.4,86,86,78,75,75.0,0,0,0,0,0,0,605403119.9580364,62931718.0,0.0277,0.149,610350,611990,0,78.5,8.5,2026-08-19
446,ANNX,Healthcare,Biotechnology,NASDAQ,3621683,5.13,124.45,-3,-1,-28.55,168.3,70.3,2.7,4.4,2.7,4.4,86,89,91,92,91.2,0,0,0,0,0,0,1002873611.62813,189579134.0,0.2006,,2776840,3863846,3,90.8,-1.9,2026-08-19
447,RGEN,Healthcare,Medical Instruments & Supplies,NASDAQ,1130066,169.04,124.36,28,-6,-3.83,71.4,100.0,6.1,14.3,22.2,25.7,86,58,24,33,68.0,0,0,0,0,0,0,9415154754.766708,56435621.0,0.109,0.119,926950,1132756,0,45.7,3.4,2026-08-19
448,BWIN,Financial Services,Insurance Brokers,NASDAQ,1232703,30.77,124.3,46,31,-11.56,88.8,83.2,3.1,7.8,20.4,32.6,86,40,25,8,29.2,0,0,0,0,0,0,3051383425.88459,96838572.0,0.13430001,0.301,1289090,1619182,0,25.5,13.3,2026-08-19
449,XMTR,Industrials,Industrial Distribution,NASDAQ,797670,89.73,124.3,-11,-15,-15.41,134.3,70.5,-6.7,-4.5,-7.2,26.3,86,97,93,81,83.1,0,0,0,0,0,0,5517967259.436363,57323573.0,0.059499998,0.411,704600,795220,2,88.5,10.6,2026-08-19
450,PWR,Industrials,Engineering & Construction,NYSE,1084520,722.31,124.19,3,11,-8.42,81.9,73.9,-0.4,2.4,0.7,17.4,86,83,91,90,82.6,0,0,0,0,0,0,103102496456.1316,150343393.0,0.023599999,0.411,937090,1251860,2,86.7,-2.0,2026-08-19
451,BNY,Financial Services,Banks - Diversified,NYSE,3371183,164.27,124.12,0,-5,0.31,58.1,92.9,-0.9,0.4,4.6,23.4,86,86,81,71,76.8,0,0,0,0,0,0,110759019867.21455,678504142.0,0.0,0.131,2407260,3678966,0,78.7,8.1,2026-08-19
452,MFG,Financial Services,Banks - Regional,NYSE,3794050,10.83,124.05,-2,-9,-2.08,66.5,82.7,-4.9,-3.3,-0.1,17.7,85,87,80,86,76.9,0,0,0,0,0,0,132420435157.10866,12182192875.0,0.0011999999,0.35,2782990,3942554,0,82.5,6.0,2026-08-19
453,ADAM,Real Estate,REIT - Mortgage,NASDAQ,859933,10.12,124.0,4,3,-2.32,54.7,98.6,1.7,7.4,9.6,24.0,85,81,80,75,71.9,0,0,0,0,0,0,909583424.0340748,89879786.0,0.0396,1.298,834090,904846,0,77.0,5.8,2026-08-19
454,BMO,Financial Services,Banks - Diversified,NYSE,754103,185.28,123.54,-1,-7,-0.31,56.1,86.2,-3.6,-2.6,-0.3,18.5,85,86,80,78,74.7,0,0,0,0,0,0,130144410266.38847,700416619.0,8.77,0.158,574900,755724,0,79.7,7.9,2026-08-19
455,SBLK,Industrials,Marine Shipping,NASDAQ,1290506,30.09,123.42,2,2,2.0,79.7,100.0,4.2,5.8,11.5,26.9,85,83,83,85,77.3,0,0,0,0,0,0,3244053678.101494,111671386.0,0.0214,0.445,1440080,1296794,0,82.1,2.5,2026-08-19
456,VRT,Industrials,Electrical Equipment & Parts,NYSE,5559003,292.43,123.23,-6,-2,-23.03,114.3,54.7,-6.6,-4.2,-11.5,3.4,85,91,95,95,86.0,0,0,0,0,0,0,113124923344.4512,384988173.0,0.0321,0.241,4116040,6313006,3,91.7,1.3,2026-08-19
457,SSRM,Basic Materials,Gold,NASDAQ,3040290,32.78,123.13,14,34,-10.24,119.9,98.2,10.5,20.8,23.3,30.7,85,71,91,95,90.0,0,0,0,0,0,0,6679137290.544376,207491071.0,0.044499997,0.095,3187240,3319660,3,86.8,-16.3,2026-08-19
458,RPD,Technology,Software - Infrastructure,NASDAQ,2791223,12.37,123.12,5,-61,-43.18,141.7,43.6,-0.9,8.9,24.8,20.3,85,80,14,3,5.9,0,0,0,0,0,0,876208320.0,67400640.0,0.1282,-0.015,2808160,2552292,0,25.7,59.0,2026-08-19
459,NEXN,Communication Services,Advertising Agencies,NASDAQ,507330,10.53,123.08,1,-13,-6.81,76.3,82.9,-5.1,-3.6,4.6,32.5,85,84,70,17,36.7,0,0,0,0,0,0,583396571.0090532,55720779.0,0.05,0.105,537460,439854,0,51.9,38.5,2026-08-19
460,VIRT,Financial Services,Capital Markets,NYSE,1154220,59.5,123.01,-1,-2,-12.53,85.2,80.1,3.9,3.2,1.5,31.8,85,86,85,59,70.0,0,0,0,0,0,0,5299806733.980843,88300678.0,0.0555,0.291,1139700,1237792,0,75.0,13.5,2026-08-19
461,ICLR,Healthcare,Diagnostics & Research,NASDAQ,747366,169.45,122.86,14,-26,-16.9,115.4,75.2,3.7,3.4,6.2,17.2,85,71,31,13,32.8,0,0,0,0,0,0,12587708727.43808,77154209.0,0.0326,0.012,577780,886444,0,37.0,34.7,2026-08-19
462,POET,Technology,Semiconductors,NASDAQ,12944213,9.4,122.86,47,107,-54.83,102.4,26.0,-4.4,4.7,-7.4,5.6,85,38,98,83,80.1,0,0,1,0,0,1,1653412186.832428,172590000.0,0.1497,1.123,15157650,17800808,1,74.8,-36.0,2026-08-19
463,KSS,Consumer Cyclical,Department Stores,NYSE,3250776,19.28,122.85,3,-47,-23.55,60.8,54.8,-0.9,-1.0,4.9,9.8,85,82,32,87,62.0,0,0,0,0,0,0,2178413761.7092056,113399993.0,0.3215,-0.02,3180120,4116594,0,65.7,14.0,2026-08-19
464,TD,Financial Services,Banks - Diversified,NYSE,2715730,124.34,122.75,-2,-5,-0.42,62.5,87.6,-3.0,-2.1,-1.4,16.1,85,87,84,81,77.1,0,0,0,0,0,0,205449063368.3319,1652051000.0,3.4,-0.315,1976140,2580198,0,82.3,6.4,2026-08-19
465,IAG,Basic Materials,Gold,NYSE,5467410,19.05,122.7,27,56,-23.4,147.7,70.8,8.3,20.1,23.0,13.7,85,58,87,98,91.6,0,0,0,1,0,1,10449299564.361572,571000000.0,1.22,0.475,6738460,5755134,2,83.7,-27.7,2026-08-19
466,OVV,Energy,Oil & Gas E&P,NYSE,3405740,63.85,122.61,-1,-1,-1.18,82.3,100.0,4.2,6.2,13.5,29.3,85,86,86,78,79.7,0,0,0,0,0,0,17431332126.61743,276600000.0,0.0558,0.297,3465440,3341816,0,82.4,4.8,2026-08-19
467,KYTX,Healthcare,Biotechnology,NASDAQ,976653,8.95,122.46,30,70,-34.53,168.8,70.1,7.9,12.9,9.4,6.4,85,55,95,95,92.7,0,0,0,0,0,0,505260942.19828033,61843444.0,0.1584,,695080,1053842,3,84.4,-30.8,2026-08-19
468,PR,Energy,Oil & Gas E&P,NYSE,8376636,22.18,122.36,-2,-2,-2.18,90.4,100.0,7.2,9.2,15.4,28.0,85,87,87,81,81.8,0,0,0,0,0,0,18007476123.5,837557029.0,0.0276,0.551,8581790,9820116,0,84.2,3.8,2026-08-19
469,HPQ,Technology,Computer Hardware,NYSE,14672163,29.4,122.33,17,-13,-8.67,64.5,89.6,0.8,5.2,16.7,32.6,85,68,38,15,46.5,0,0,0,0,0,0,27536278754.080357,914522690.0,0.0994,0.09,13953750,15556794,0,41.9,24.4,2026-08-19
470,TDW,Energy,Oil & Gas Equipment & Services,NYSE,679826,93.97,122.31,6,14,-1.42,100.1,100.0,4.5,13.4,24.7,34.1,85,79,87,89,80.4,0,0,0,0,0,0,4691017397.942413,49756231.0,0.16290002,-0.431,773640,758256,0,83.8,-3.5,2026-08-19
471,ULCC,Industrials,Airlines,NASDAQ,3997356,6.35,122.28,-2,-52,-24.45,93.2,58.3,-11.1,-11.2,-12.4,16.7,85,87,37,62,58.6,0,0,0,0,0,0,1540143521.163052,230215771.0,0.4003,0.377,3224870,4115392,0,61.1,24.2,2026-08-19
472,TECK,Basic Materials,Copper,NYSE,3343736,64.84,122.21,18,38,-9.0,110.9,88.3,0.9,4.9,7.1,20.4,85,67,87,89,87.6,0,0,0,0,0,0,31167817401.123047,490600000.0,4.03,0.782,2640850,3189728,0,82.6,-16.7,2026-08-19
473,WPP,Communication Services,Advertising Agencies,NYSE,517676,25.84,122.2,50,37,-6.98,76.7,93.2,0.0,14.2,33.3,38.5,85,35,22,15,41.5,0,0,0,0,0,0,5804619014.456043,215704907.0,0.010199999,-0.044,775070,556230,0,28.4,2.1,2026-08-19
474,BBVA,Financial Services,Banks - Diversified,NYSE,1576303,28.8,122.04,3,-5,-0.48,58.9,97.5,-0.0,3.3,10.8,22.5,85,82,74,84,74.2,0,0,0,0,0,0,158375366234.03284,5518305297.0,0.00029999999,0.202,2075970,1665150,0,78.6,4.3,2026-08-19
475,NMAX,Communication Services,Broadcasting,NYSE,919163,10.36,121.87,50,43,-35.01,111.4,55.0,12.5,24.3,29.4,43.1,85,35,28,6,26.7,0,0,0,0,0,0,1403976196.3687372,129160645.0,0.85440004,0.165,1381900,1138988,0,23.9,10.7,2026-08-19
476,BKSY,Industrials,Specialty Business Services,NYSE,1149350,30.77,121.75,65,143,-41.81,112.3,38.3,-6.0,6.2,3.6,4.6,85,20,98,82,74.8,0,0,1,0,0,1,1265396241.442318,40924846.0,0.1906,0.501,1089070,1537546,1,68.7,-47.6,2026-08-19
477,EFXT,Energy,Oil & Gas Equipment & Services,NYSE,587796,22.48,121.55,-10,-8,-22.88,119.3,58.9,-3.0,-5.5,-11.4,1.2,85,95,97,94,89.2,0,0,0,0,0,0,2741209816.507107,122102883.0,2.72,-0.054,776730,542900,3,93.8,2.9,2026-08-19
478,ECHO,Communication Services,Telecom Services,NASDAQ,4940746,92.51,121.55,2,17,-37.17,221.7,53.3,-1.9,-0.2,-9.2,-17.1,85,83,98,98,95.9,0,0,1,1,0,2,26693190980.818542,290490708.0,0.241,-0.04,4114240,8597600,3,93.7,-10.9,2026-08-19
479,FWRD,Industrials,Integrated Freight & Logistics,NASDAQ,723090,19.32,121.49,74,67,-39.62,122.9,43.5,-2.6,8.7,25.0,-5.7,84,10,3,71,8.1,0,0,0,0,0,0,640485112.5926971,33780862.0,0.1028,0.088,702810,1002204,0,23.0,-10.6,2026-08-19
480,RPRX,Healthcare,Biotechnology,NASDAQ,2826943,59.45,121.46,-5,-10,-1.64,76.9,100.0,5.2,5.3,8.3,29.6,84,89,84,78,80.5,0,0,0,0,0,0,26093251678.960693,445277344.0,0.024300002,0.165,3087710,3199950,0,82.9,6.9,2026-08-19
481,APH,Technology,Electronic Components,NYSE,6462233,170.87,121.44,17,3,-4.29,43.6,70.0,-6.2,-3.8,-3.0,8.0,84,67,53,88,68.6,0,0,0,0,0,0,206043866251.82336,1232983457.0,0.014099999,0.55,5547900,7765962,0,69.1,-3.6,2026-08-19
482,PTRN,Technology,Software - Application,NASDAQ,1869633,20.67,121.31,-13,-26,-30.64,116.1,56.2,-4.2,-7.9,-12.6,26.8,84,97,84,12,,0,0,0,0,0,0,3803436562.901335,177399089.0,0.122700006,0.466,2089110,2216810,1,64.3,,2026-08-19
483,TALO,Energy,Oil & Gas E&P,NYSE,1951686,16.41,121.24,-3,1,-3.75,109.4,100.0,9.9,14.2,18.8,28.9,84,87,91,83,88.2,0,0,0,0,0,0,2633045506.7907257,166965468.0,0.0858,0.566,2007500,2021754,1,87.3,-0.2,2026-08-19
484,AMBP,Consumer Cyclical,Packaging & Containers,NYSE,2835750,5.22,121.23,12,-16,-4.57,57.5,97.4,2.2,4.5,11.1,22.4,84,72,44,83,67.7,0,0,0,0,0,0,3126004033.620343,597706314.0,0.0637,0.177,2254620,2640010,0,66.7,2.7,2026-08-19
485,HL,Basic Materials,Other Precious Metals & Mining,NYSE,39656783,18.82,121.13,23,54,-44.92,176.1,53.8,14.4,24.8,29.7,10.6,84,61,92,98,93.3,0,0,0,1,0,1,12340386641.240503,671768431.0,0.0,0.524,40534170,36814844,3,86.1,-26.7,2026-08-19
486,ETSY,Consumer Cyclical,Internet Retail,NYSE,2840106,78.41,121.09,-2,-22,-10.87,82.7,85.8,-0.3,-2.3,2.9,29.0,84,86,66,38,49.1,0,0,0,0,0,0,7333361805.247833,91781748.0,0.1245,0.062,3667850,2923590,0,59.8,30.0,2026-08-19
487,PBI,Industrials,Integrated Freight & Logistics,NYSE,1788140,16.02,120.95,-9,-12,-15.99,78.4,74.5,-3.6,-7.2,-8.0,22.9,84,93,90,48,70.9,0,0,0,0,0,0,2251021291.499153,137090212.0,0.0002,-0.023,1652400,2359584,2,75.5,20.3,2026-08-19
488,CECO,Industrials,Pollution & Treatment Controls,NASDAQ,944003,84.15,120.87,-8,-8,-16.88,68.6,55.6,0.0,3.9,-8.0,9.5,84,92,92,91,80.4,0,0,0,0,0,0,4661572555.210876,58569830.0,0.0339,0.537,1115560,936018,3,88.9,6.0,2026-08-19
489,PCVX,Healthcare,Biotechnology,NASDAQ,985263,60.22,120.87,13,3,-7.35,109.3,100.0,6.5,10.7,15.1,19.7,84,71,61,85,87.5,0,0,0,0,0,0,8641122448.048233,148805278.0,0.1004,,946330,1379564,0,76.1,-10.0,2026-08-19
490,FLYW,Technology,Software - Infrastructure,NASDAQ,2127770,18.3,120.8,-5,-12,-3.58,77.0,100.0,4.2,8.0,11.1,30.9,84,89,82,22,74.9,0,0,0,0,0,0,2288568882.962452,121667674.0,0.1078,0.272,2529400,2314838,0,67.0,21.1,2026-08-19
491,THC,Healthcare,Medical Care Facilities,NYSE,1227496,264.56,120.56,34,20,-2.22,66.4,98.4,1.6,5.1,24.6,31.5,84,50,36,84,76.0,0,0,0,0,0,0,21571039608.551025,80519000.0,0.0466,0.068,760660,1270400,0,61.5,-18.4,2026-08-19
492,FBP,Financial Services,Banks - Regional,NYSE,1407716,29.54,120.56,3,-8,-0.81,47.8,88.1,-2.3,-1.8,4.8,23.2,84,81,70,57,63.5,0,0,0,0,0,0,4534247676.076645,152668268.0,0.06,0.094,1058650,1574472,0,67.9,14.7,2026-08-19
493,IART,Healthcare,Medical Devices,NASDAQ,906133,17.66,120.5,-9,-25,-13.81,93.7,76.2,-1.6,-3.9,-4.0,28.4,84,93,77,24,55.6,0,0,0,0,0,0,1426347771.9071426,77772506.0,0.1148,0.008,610840,929346,1,62.4,34.1,2026-08-19
494,BBY,Consumer Cyclical,Specialty Retail,NYSE,3347143,85.44,120.34,3,-47,-6.39,60.7,97.2,5.6,4.3,10.2,25.6,84,81,31,24,56.2,0,0,0,0,0,0,18214494642.993862,210767126.0,0.0851,0.019,3208880,3573484,0,48.0,28.8,2026-08-19
495,WKC,Energy,Oil & Gas Refining & Marketing,NYSE,1324230,35.64,120.25,-5,-22,-13.5,61.5,78.7,-0.3,-3.6,3.5,31.0,84,89,72,36,69.7,0,0,0,0,0,0,1847085029.4204712,51151620.0,0.1958,0.503,1089400,1249094,0,66.7,22.0,2026-08-19
496,SXC,Basic Materials,Coking Coal,NYSE,1642260,9.51,120.25,11,12,-4.13,66.8,95.9,0.8,3.3,8.1,25.5,84,73,74,21,58.2,0,0,0,0,0,0,794428566.8605328,84874850.0,0.048499998,0.095,1615850,1549300,0,56.6,17.7,2026-08-19
497,RY,Financial Services,Banks - Diversified,NYSE,1355446,216.19,120.23,-2,-9,-1.09,52.4,87.4,-2.3,-1.6,-0.2,16.3,84,86,79,77,74.1,0,0,0,0,0,0,300945271874.8697,1389662335.0,4.39,0.161,1218360,1580416,0,79.0,8.5,2026-08-19
498,FDX,Industrials,Integrated Freight & Logistics,NYSE,1581580,331.49,120.22,0,1,-4.02,81.8,93.1,0.4,2.9,2.7,15.6,84,84,85,89,83.4,0,0,0,0,0,0,79169532217.86475,236581188.0,0.0215,0.125,1624170,1899636,0,85.3,-0.8,2026-08-19
499,GPRE,Basic Materials,Chemicals,NASDAQ,1390350,16.14,120.18,-6,-2,-17.86,110.4,72.4,3.4,-0.7,0.4,14.2,84,90,94,94,86.0,0,0,0,0,0,0,1092786174.2156982,70095328.0,0.20979999,-0.193,1371930,1415636,3,91.0,0.8,2026-08-19
500,KNX,Industrials,Trucking,NYSE,3861983,72.8,120.16,-4,-5,-12.14,79.1,70.8,-1.3,-1.8,-6.4,13.6,84,88,87,82,76.8,0,0,0,0,0,0,11786789221.984863,162756000.0,0.0652,0.126,2800460,4099740,0,83.4,6.9,2026-08-19
501,VRNS,Technology,Software - Infrastructure,NASDAQ,1913206,43.17,120.16,-5,-66,-32.44,109.4,51.2,-2.2,-2.8,3.2,31.8,84,89,28,9,13.4,0,0,0,0,0,0,5167573412.93951,114860485.0,0.0682,0.183,1418340,2068212,0,34.9,59.9,2026-08-19
502,S,Technology,Software - Infrastructure,NYSE,6914950,21.82,120.11,2,-8,-8.89,78.6,78.8,-3.8,3.6,15.8,35.0,84,82,72,17,58.3,0,0,0,0,0,0,7891651493.204132,341482098.0,0.056900002,0.208,6992250,6780558,0,57.3,25.9,2026-08-19
503,TSM,Technology,Semiconductors,NYSE,13436410,430.97,120.08,1,7,-10.03,81.3,73.8,-2.4,-0.1,-2.9,12.8,83,82,88,92,81.1,0,0,0,0,0,0,2211253227098.2754,5186474013.0,0.0069,0.36,10152000,14156584,1,85.8,-2.2,2026-08-19
504,HSBC,Financial Services,Banks - Diversified,NYSE,1302200,103.8,120.07,-2,-5,-3.82,60.2,87.4,-1.1,-1.3,3.8,17.8,83,85,82,84,76.3,0,0,0,0,0,0,355872031163.9226,3428769901.0,4.31,0.254,1258270,1422842,0,81.8,4.8,2026-08-19
505,MRK,Healthcare,Drug Manufacturers - General,NYSE,8563796,135.97,120.06,1,-7,-0.0,96.1,100.0,13.1,15.1,20.1,32.8,83,82,74,84,83.7,0,0,0,0,0,0,335140586270.8676,2467171638.0,0.0115,0.051,8375640,10184660,0,80.9,-0.5,2026-08-19
506,ASH,Basic Materials,Specialty Chemicals,NYSE,747566,74.17,120.02,3,-29,-5.21,52.6,86.3,-2.2,0.8,7.1,21.8,83,80,48,72,63.0,0,0,0,0,0,0,3375429260.7749176,45793370.0,0.1102,0.073,766600,958648,0,65.8,13.3,2026-08-19
507,GLBE,Consumer Cyclical,Internet Retail,NASDAQ,1555426,41.18,120.02,23,-10,-6.39,49.7,92.4,-0.4,2.6,10.7,16.5,83,60,27,35,59.5,0,0,0,0,0,0,7115098785.27916,167967391.0,0.0307,0.391,1863250,1653848,0,45.4,8.6,2026-08-19
508,FIVE,Consumer Cyclical,Specialty Retail,NASDAQ,1032380,238.56,119.98,19,39,-5.19,74.8,94.8,1.3,7.2,18.2,19.5,83,64,84,93,81.1,0,0,0,0,0,0,13521924762.294355,55295351.0,0.034,0.325,859300,1228626,1,80.5,-16.3,2026-08-19
509,PAYO,Technology,Software - Infrastructure,NASDAQ,4529096,7.13,119.95,3,-55,-0.7,66.3,97.9,-0.2,-0.3,2.3,24.1,83,80,22,19,39.5,0,0,0,0,0,0,2416006499.4584007,338850836.0,0.0537,0.052,6099860,7993966,0,40.1,38.2,2026-08-19
510,CALY,Consumer Cyclical,Leisure,NYSE,1944026,16.61,119.85,-10,-14,-18.1,92.4,68.8,-3.5,-8.5,-9.5,10.9,83,93,89,91,78.5,0,0,0,0,0,0,2962404555.953518,179757563.0,0.0475,0.02,2186220,2194048,2,87.9,8.0,2026-08-19
511,SWK,Industrials,Tools & Accessories,NYSE,1865483,99.59,119.84,7,-23,-4.86,60.7,90.0,-1.8,1.7,9.3,25.0,83,76,46,78,62.4,0,0,0,0,0,0,15414268500.78338,151016641.0,0.0622,0.004,1928910,1846434,0,65.6,9.4,2026-08-19
512,FCX,Basic Materials,Copper,NYSE,13798886,68.38,119.83,21,40,-5.4,95.5,92.8,1.1,4.7,7.5,17.5,83,62,81,92,79.4,0,0,0,0,0,0,93085997009.27734,1400000000.0,0.02,-0.073,11660880,14430582,1,78.6,-16.6,2026-08-19
513,SNDR,Industrials,Trucking,NYSE,903203,36.41,119.82,-6,-15,-7.28,72.8,79.6,-1.7,-2.4,-3.9,16.7,83,89,80,69,70.0,0,0,0,0,0,0,6328362186.412056,175300899.0,0.1153,0.104,673420,975980,0,77.0,14.4,2026-08-19
514,AG,Basic Materials,Silver,NYSE,10427436,19.57,119.77,30,70,-38.92,149.4,52.8,10.0,19.1,21.3,8.8,83,53,93,99,91.5,0,0,0,1,0,1,9493377049.397318,492906383.0,2.05,0.573,9941270,11329560,3,84.1,-32.5,2026-08-19
515,NTRS,Financial Services,Asset Management,NASDAQ,1104596,191.47,119.55,-1,-3,-2.2,51.1,91.2,-1.7,0.2,2.9,20.2,83,84,82,71,72.0,0,0,0,0,0,0,35019542210.73361,182955653.0,0.0214,0.364,1084190,1099590,0,77.2,8.8,2026-08-19
516,INVX,Energy,Oil & Gas Equipment & Services,NYSE,601013,30.79,119.41,5,17,-8.66,83.4,85.8,-2.2,2.4,8.3,16.0,83,78,90,90,83.3,0,0,0,0,0,0,2181188936.379381,69820389.0,0.0739,0.092,1130670,555160,2,85.3,-6.3,2026-08-19
517,CGNX,Technology,Scientific & Technical Instruments,NASDAQ,2241970,66.6,119.36,-6,-6,-8.62,74.3,68.7,-5.3,-5.4,-6.4,16.1,83,89,89,91,68.9,0,0,0,0,0,0,11040530288.419418,168223842.0,0.0584,0.169,3010960,2326196,1,84.5,9.7,2026-08-19
518,SEI,Energy,Oil & Gas Equipment & Services,NYSE,3453163,65.97,119.29,5,23,-23.46,136.0,58.5,-2.7,3.7,-10.9,-0.8,83,78,96,88,89.4,0,0,0,0,0,0,4167136431.774521,65831540.0,0.2592,0.469,2735330,2983088,1,87.9,-9.5,2026-08-19
519,HLX,Energy,Oil & Gas Equipment & Services,NYSE,1420390,10.54,119.28,1,6,-1.95,83.0,97.5,2.6,6.5,11.0,21.2,83,82,87,90,82.7,0,0,0,0,0,0,1537198967.1875534,147382447.0,0.0634,0.208,1550260,1531698,1,85.4,-2.5,2026-08-19
520,DAL,Industrials,Airlines,NYSE,5937186,87.59,119.27,-1,-7,-8.46,49.7,72.7,-6.4,-6.0,-4.8,14.3,83,84,78,73,66.0,0,0,0,0,0,0,58758616727.04689,657623030.0,0.0392,0.187,4063190,6843034,0,75.3,11.8,2026-08-19
521,TRGP,Energy,Oil & Gas Midstream,NYSE,1118473,277.94,119.21,-9,-14,-4.5,103.1,99.6,8.4,9.2,9.9,30.1,83,92,87,83,83.0,0,0,0,0,0,0,59137933113.88632,214431021.0,0.0251,0.042,1152600,1203014,1,86.3,6.8,2026-08-19
522,TEVA,Healthcare,Drug Manufacturers - Specialty & Generic,NYSE,5541120,36.46,118.95,1,7,-2.49,113.4,100.0,3.1,8.1,10.8,18.4,83,82,88,92,89.3,0,0,0,0,0,0,42847937542.11021,1165296084.0,0.0296,-0.008,5116730,5646492,1,87.8,-6.2,2026-08-19
523,MSM,Industrials,Industrial Distribution,NYSE,689456,124.6,118.94,-6,-18,-4.49,48.4,86.0,-1.5,-2.5,-0.4,21.2,83,89,77,63,65.3,0,0,0,0,0,0,6914888601.317062,55846298.0,0.047199998,0.078,658960,778470,0,73.6,18.2,2026-08-19
524,CM,Financial Services,Banks - Diversified,NYSE,1047943,123.45,118.88,-1,0,-0.25,62.3,88.5,-2.2,-1.2,1.3,15.7,83,84,85,82,77.7,0,0,0,0,0,0,112949953450.8074,912800674.0,12.19,0.153,934900,1345706,0,82.2,3.4,2026-08-19
525,SANM,Technology,Electronic Components,NASDAQ,769706,217.03,118.87,-5,1,-24.82,77.5,49.1,-4.9,-3.3,-11.3,7.5,83,88,94,86,80.0,0,0,0,0,0,0,11300466342.76062,53597356.0,0.0498,0.697,599770,1115578,1,87.0,3.8,2026-08-19
526,WCC,Industrials,Industrial Distribution,NYSE,700763,372.96,118.84,5,15,-3.22,66.7,81.8,-5.0,-2.2,-0.4,13.4,83,78,88,85,77.5,0,0,0,0,0,0,17619362768.81653,48732854.0,0.0396,0.13,520970,669466,0,82.1,-2.2,2026-08-19
527,HXL,Industrials,Aerospace & Defense,NYSE,1027230,103.1,118.83,-7,-20,-7.73,61.0,74.8,-4.0,-6.0,-3.4,12.2,83,90,77,86,77.2,0,0,0,0,0,0,7870132626.561554,75623452.0,0.066199996,0.08,689660,1021532,1,82.5,8.5,2026-08-19
528,IQV,Healthcare,Diagnostics & Research,NYSE,1367506,241.24,118.81,19,-2,-4.03,59.1,100.0,3.5,6.1,18.7,25.2,82,63,42,27,61.2,0,0,0,0,0,0,38954236602.7832,164600000.0,0.0322,0.087,1218690,1484218,0,48.3,10.2,2026-08-19
529,EXPD,Industrials,Integrated Freight & Logistics,NYSE,1244790,188.27,118.77,-3,-15,-0.84,64.8,97.6,1.8,4.3,8.7,20.5,82,85,73,61,74.3,0,0,0,0,0,0,24193853931.92017,129990622.0,0.0442,0.321,1131290,1289564,0,73.3,11.4,2026-08-19
530,AVNT,Basic Materials,Specialty Chemicals,NYSE,864926,45.39,118.76,25,3,-2.68,61.1,89.0,-1.7,7.9,15.0,23.7,82,57,35,76,57.2,0,0,0,0,0,0,4250283960.9952927,91719550.0,0.0586,0.058,1116800,954306,0,56.3,-1.7,2026-08-19
531,M,Consumer Cyclical,Department Stores,NYSE,4705386,23.22,118.74,-5,-14,-12.67,81.7,78.9,-2.8,-4.4,-2.9,9.4,82,87,78,84,84.3,0,0,0,0,0,0,6157718463.003593,263037954.0,0.1374,0.021,4438570,5461238,0,83.3,2.9,2026-08-19
532,YPF,Energy,Oil & Gas Integrated,NYSE,1257186,52.7,118.7,-9,-20,-8.33,112.4,80.8,-0.0,-0.8,0.6,18.3,82,91,80,58,73.8,0,0,0,0,0,0,19623356253.67047,392075056.0,3.91,0.722,1262510,1427130,1,75.7,16.3,2026-08-19
533,EGO,Basic Materials,Gold,NYSE,2339196,40.33,118.66,47,82,-21.17,89.5,71.3,6.9,16.9,27.3,19.7,82,35,70,95,84.1,0,0,0,0,0,0,10361994370.970505,260810332.0,5.93,0.079,2600030,2694000,1,71.0,-40.1,2026-08-19
534,BWA,Consumer Cyclical,Auto Parts,NYSE,2262923,69.9,118.66,-5,-7,-11.32,61.7,70.1,-3.0,0.4,-1.9,18.1,82,87,85,89,77.4,0,0,0,0,0,0,13983732611.488464,203666354.0,0.0497,0.003,2533040,2588174,0,84.6,4.6,2026-08-19
535,SMFG,Financial Services,Banks - Diversified,NYSE,1700813,26.24,118.65,-5,-14,-1.61,61.6,82.9,-4.5,-4.3,-1.7,14.5,82,87,78,84,71.8,0,0,0,0,0,0,167219765838.55615,6353334642.0,0.0019,0.248,1378780,1875094,0,80.2,9.1,2026-08-19
536,DRH,Real Estate,REIT - Hotel & Motel,NASDAQ,2544070,12.36,118.64,-8,-19,-10.37,69.6,88.8,2.8,-0.0,2.8,23.0,82,90,79,74,77.6,0,0,0,0,0,0,2528926146.914214,204605681.0,0.0858,0.041,2375690,2488550,1,80.2,10.5,2026-08-19
537,WBD,Communication Services,Entertainment,NASDAQ,22738073,27.93,118.59,2,14,-6.9,147.2,92.1,3.6,7.0,7.0,5.9,82,80,92,96,91.9,0,0,0,0,0,0,70174755715.14195,2507136702.0,0.028800001,-0.112,20790240,23347708,3,90.0,-10.3,2026-08-19
538,ESTC,Technology,Software - Application,NYSE,1945976,83.44,118.52,41,16,-13.15,101.7,86.1,8.7,21.0,34.7,35.8,82,41,16,12,48.6,0,0,0,0,0,0,9079857451.567612,104751470.0,0.0625,0.16,2619420,1955516,0,29.4,4.5,2026-08-19
539,BBNX,Healthcare,Medical Devices,NASDAQ,1272510,17.56,118.51,11,-51,-46.32,125.8,48.2,15.3,22.6,26.6,15.3,82,71,9,14,63.5,0,0,0,0,0,0,790468804.4302368,44989688.0,0.1698,0.378,1458360,1204534,0,39.4,21.3,2026-08-19
540,NVCR,Healthcare,Medical Devices,NASDAQ,1636676,17.53,118.48,12,26,-18.28,81.5,82.0,5.9,8.0,10.2,30.3,82,70,84,20,76.1,0,0,0,0,0,0,1973757076.8411252,116445840.0,0.1177,0.156,1166650,1704500,0,62.5,5.6,2026-08-19
541,ING,Financial Services,Banks - Diversified,NYSE,2317160,35.63,118.43,3,0,-1.68,46.6,90.0,-2.2,0.1,6.2,19.3,82,79,76,81,68.4,0,0,0,0,0,0,101943827830.8265,2855569346.0,0.0004,0.111,2293590,3408582,0,76.1,5.2,2026-08-19
542,IVZ,Financial Services,Asset Management,NYSE,5051166,32.57,118.36,1,0,-0.28,55.8,97.0,0.7,3.7,10.2,20.9,82,81,80,83,73.4,0,0,0,0,0,0,14370824663.162231,441500000.0,0.053400002,0.205,4882400,5235532,0,79.4,3.5,2026-08-19
543,HNI,Consumer Cyclical,"Furnishings, Fixtures & Appliances",NYSE,574066,48.32,118.29,41,13,-8.47,65.4,82.1,-1.0,4.0,18.8,19.8,82,41,13,63,42.4,0,0,0,0,0,0,3526802792.0562744,72181800.0,0.060700003,1.207,472510,693746,0,39.8,-2.3,2026-08-19
544,BAX,Healthcare,Medical Instruments & Supplies,NYSE,7142096,25.91,118.27,27,-4,-13.63,68.6,86.4,-1.0,2.0,14.6,34.1,82,55,24,27,44.1,0,0,0,0,0,0,13819302816.608011,516995999.0,0.099700004,0.053,7490410,7081410,0,37.5,14.1,2026-08-19
545,PD,Technology,Software - Application,NYSE,1423380,11.7,118.21,18,-33,-32.33,112.4,56.3,3.5,11.2,20.5,24.4,82,64,13,5,16.2,0,0,0,0,0,0,912127878.3605728,76649404.0,0.1221,0.01,1096010,1696380,0,24.6,40.8,2026-08-19
546,ANF,Consumer Cyclical,Apparel Retail,NYSE,986120,105.16,118.2,27,1,-21.0,60.7,62.0,-4.4,-0.3,10.4,13.4,82,55,29,69,39.4,0,0,0,0,0,0,4804400680.264664,44431710.0,0.1106,0.015,969560,1136724,0,48.1,7.6,2026-08-19
547,USFD,Consumer Defensive,Food Distribution,NYSE,2497953,108.61,118.06,14,-13,-2.52,53.5,91.6,-1.2,3.5,8.4,22.3,82,68,41,80,66.3,0,0,0,0,0,0,23562741953.046616,216330723.0,0.055999998,0.045,2662980,2787538,0,63.8,1.1,2026-08-19
548,MGA,Consumer Cyclical,Auto Parts,NYSE,1291026,71.29,118.04,-2,-7,-0.93,63.1,97.3,1.3,2.7,6.3,20.6,82,84,79,88,76.4,0,0,0,0,0,0,18790593411.555958,267519846.0,0.0359,0.033,1200340,1248864,0,81.8,3.5,2026-08-19
549,TRLV,Healthcare,Drug Manufacturers - Specialty & Generic,NYSE,813796,9.47,118.02,-4,-6,-28.69,112.0,64.7,7.6,13.0,10.0,29.4,82,86,84,74,58.0,0,0,0,0,0,0,1855763045.9906788,192307059.0,0.008,-0.103,820100,1325908,0,75.5,16.6,2026-08-19
550,LXP,Real Estate,REIT - Industrial,NYSE,835676,60.66,118.01,-2,-11,-1.54,49.5,99.9,0.3,0.2,6.9,18.8,82,84,75,63,72.1,0,0,0,0,0,0,3571041462.487671,58957264.0,0.0,0.004,813120,739772,0,73.5,11.0,2026-08-19
551,AXSM,Healthcare,Biotechnology,NASDAQ,740293,216.27,117.98,-10,-11,-16.88,100.6,74.8,1.4,-1.4,-6.8,15.3,82,92,91,83,87.3,0,0,0,0,0,0,11192209286.147858,52380818.0,0.1011,0.455,785540,925958,2,88.3,4.2,2026-08-19
552,SHOO,Consumer Cyclical,Footwear & Accessories,NASDAQ,1002736,46.6,117.98,5,7,-6.24,78.0,92.3,-0.7,1.9,6.8,16.7,82,77,79,66,81.9,0,0,0,0,0,0,3449568213.6362457,73177095.0,0.0648,0.191,969490,1111626,0,76.0,-0.4,2026-08-19
553,WSBC,Financial Services,Banks - Regional,NASDAQ,934853,42.48,117.93,4,-16,-1.26,38.0,88.0,-2.2,-1.5,4.5,16.3,82,78,58,63,62.8,0,0,0,0,0,0,4094222269.703304,95905889.0,0.069299996,0.035,780320,1484302,0,65.4,12.6,2026-08-19
554,XPRO,Energy,Oil & Gas Equipment & Services,NYSE,980133,18.57,117.9,2,3,-2.52,68.8,100.0,4.3,11.8,19.5,20.5,82,80,81,89,81.0,0,0,0,0,0,0,2121640440.7227936,113396074.0,0.0848,-0.07,830620,1184138,0,82.8,-2.4,2026-08-19
555,VOYA,Financial Services,Financial Conglomerates,NYSE,1010600,100.14,117.88,-4,-22,-3.57,49.7,90.5,-2.1,-1.6,2.6,23.5,82,86,68,40,62.3,0,0,0,0,0,0,9197341046.354073,90596349.0,0.0002,-0.043,1113790,1130258,0,64.1,22.9,2026-08-19
556,CFG,Financial Services,Banks - Regional,NYSE,4279363,74.31,117.87,0,-7,-0.73,46.6,85.0,-3.3,-2.7,0.3,12.9,82,82,75,82,70.3,0,0,0,0,0,0,31474542781.10251,421176788.0,0.0001,0.147,2793430,4458918,0,77.3,6.6,2026-08-19
557,CSCO,Technology,Communication Equipment,NASDAQ,22392166,112.9,117.86,-8,-7,-13.4,66.2,69.4,-5.5,-5.0,-5.2,19.4,82,90,91,66,79.2,0,0,0,0,0,0,440179424590.0304,3941434665.0,0.0168,0.176,26262300,24046906,2,81.6,10.1,2026-08-19
558,RSKD,Technology,Software - Application,NYSE,1017556,6.3,117.84,16,5,-4.69,58.8,81.1,2.2,8.5,14.8,26.5,82,66,55,28,51.8,0,0,0,0,0,0,875077298.1557875,133803869.0,0.0145000005,0.218,1867000,1100002,0,50.2,15.8,2026-08-19
559,ARX,Financial Services,Insurance Brokers,NYSE,5158913,19.54,117.73,53,92,-35.88,108.9,49.3,21.7,34.9,42.6,42.9,81,28,67,8,10.5,0,0,0,0,0,0,4349892861.370537,222160004.0,0.1065,0.572,10537300,3953780,0,28.4,8.8,2026-08-19
560,LSTR,Industrials,Integrated Freight & Logistics,NASDAQ,516380,193.38,117.52,-7,-11,-15.35,53.3,61.5,0.3,0.3,-7.7,9.6,81,88,84,60,70.2,0,0,0,0,0,0,6454463848.603821,33936925.0,0.056999996,0.181,466510,500578,0,75.5,14.9,2026-08-19
561,BHP,Basic Materials,Other Industrial Metals & Mining,NYSE,2495470,88.37,117.52,0,5,-5.82,77.0,97.9,3.4,6.0,8.4,24.4,81,81,86,88,81.7,0,0,0,0,0,0,220451143982.7528,2540345092.0,0.0076,0.108,2637690,2704672,0,84.2,-2.2,2026-08-19
562,BNS,Financial Services,Banks - Diversified,NYSE,2267370,91.35,117.51,-2,-8,-0.22,54.9,89.0,-2.2,-0.9,1.0,14.6,81,83,77,79,75.3,0,0,0,0,0,0,111595818641.47342,1219093484.0,3.66,0.126,2104510,2616842,0,78.6,5.2,2026-08-19
563,ESTA,Healthcare,Medical Devices,NASDAQ,535036,76.62,117.48,-13,-29,-21.49,104.6,66.7,-1.3,-10.7,-11.6,4.6,81,94,78,91,86.8,0,0,0,0,0,0,2368356314.149261,29801891.0,0.1823,0.317,702880,662926,2,87.4,5.8,2026-08-19
564,CBC,Financial Services,Banks - Regional,NASDAQ,663596,32.55,117.4,-3,-17,-3.75,37.0,79.3,-4.7,-4.2,1.1,,81,84,70,48,,0,0,0,0,0,0,7833225413.511383,239768162.0,0.0638,0.137,835880,768392,0,67.3,,2026-08-19
565,PRG,Industrials,Rental & Leasing Services,NYSE,515933,42.16,117.29,-9,-44,-11.67,57.9,71.1,-2.0,-4.5,-2.2,20.8,81,90,55,77,54.2,0,0,0,0,0,0,1697624155.915226,39831633.0,0.0913,0.223,510320,571670,1,69.0,24.0,2026-08-19
566,SA,Basic Materials,Gold,NYSE,576740,32.42,117.17,44,95,-19.07,107.2,75.0,5.3,15.2,21.1,13.3,81,37,88,97,87.3,0,0,0,0,0,0,3615843209.699524,107871216.0,0.0479,,731520,720584,1,77.3,-42.2,2026-08-19
567,DXCM,Healthcare,Medical Devices,NASDAQ,5137703,88.76,117.14,18,-7,-3.48,63.9,95.6,1.5,7.9,16.7,30.3,81,63,38,43,46.0,0,0,0,0,0,0,33868128658.75,377360765.0,0.0537,0.131,5243260,5151642,0,47.5,15.0,2026-08-19
568,PHVS,Healthcare,Biotechnology,NASDAQ,545226,35.32,117.03,-7,-17,-4.36,73.0,98.8,3.1,5.7,7.4,26.9,81,88,78,83,80.6,0,0,0,0,0,0,2455573528.9888,69879726.0,0.0208,,657450,493822,0,82.4,5.7,2026-08-19
569,ELF,Consumer Defensive,Household & Personal Products,NYSE,2529916,93.66,116.81,49,25,-37.97,101.0,51.6,5.7,12.8,28.8,32.7,81,32,8,69,18.7,0,0,0,0,0,0,5395691298.30249,59007996.0,0.1601,0.355,3109590,3121848,0,31.9,1.6,2026-08-19
570,MAC,Real Estate,REIT - Retail,NYSE,3357403,24.66,116.79,-7,-15,-7.57,53.7,84.4,1.7,-1.0,-0.6,19.3,81,88,80,72,71.1,0,0,0,0,0,0,7006751896.643639,283559375.0,0.1109,0.012,5621500,3898302,0,77.8,12.4,2026-08-19
571,WAB,Industrials,Railroads,NYSE,1020963,300.65,116.67,13,18,-1.95,57.4,88.7,-1.3,-1.5,4.9,17.3,81,68,73,82,74.9,0,0,0,0,0,0,50507720810.30997,168910851.0,0.0294,0.175,979330,963318,0,74.5,-6.7,2026-08-19
572,SAN,Financial Services,Banks - Diversified,NYSE,11546150,14.59,116.67,2,-1,-2.73,51.2,88.1,-3.0,-0.6,3.3,16.3,81,79,76,86,72.7,0,0,0,0,0,0,210279589860.8644,14246584458.0,0.0076,0.102,15011620,10353534,0,78.4,2.0,2026-08-19
573,SRRK,Healthcare,Biotechnology,NASDAQ,1017253,52.05,116.64,3,5,-11.01,102.4,95.2,6.2,11.0,11.1,23.3,81,78,80,80,82.6,0,0,0,0,0,0,6396163066.388878,121785282.0,0.1814,,924530,1351158,0,80.1,-2.9,2026-08-19
574,ADUR,Industrials,Pollution & Treatment Controls,NASDAQ,537056,15.85,116.64,24,56,-12.86,67.5,75.6,-2.5,3.4,3.3,18.6,81,57,89,76,62.5,0,0,0,0,0,0,573120168.7841187,35443424.0,4.76,,401150,582992,0,71.1,-9.8,2026-08-19
575,ASC,Industrials,Marine Shipping,NYSE,555876,18.07,116.63,0,8,-9.79,76.0,86.0,6.7,8.5,12.1,24.5,81,81,89,82,82.0,0,0,0,0,0,0,718534057.4439392,40802614.0,0.059499998,0.613,550600,619388,0,83.5,-1.5,2026-08-19
576,NTCT,Technology,Software - Infrastructure,NASDAQ,577600,39.14,116.63,-10,-13,-13.56,71.3,71.1,-1.9,-3.5,-6.1,15.5,81,91,88,69,79.5,0,0,0,0,0,0,2884298933.9089355,72707312.0,0.0668,0.127,660120,635352,1,81.9,10.5,2026-08-19
577,XHR,Real Estate,REIT - Hotel & Motel,NYSE,665880,19.07,116.59,-10,-26,-13.55,57.9,74.8,1.4,-3.3,-2.6,19.2,81,91,75,74,70.2,0,0,0,0,0,0,1767430184.5244026,92245835.0,0.066300005,0.028,676020,840828,1,77.6,15.4,2026-08-19
578,ECG,Industrials,Engineering & Construction,NYSE,590503,143.4,116.56,-7,-2,-16.42,74.7,58.3,-5.0,-2.2,-8.5,9.0,81,88,93,91,78.6,0,0,0,0,0,0,7198907767.553436,51041606.0,0.0478,0.337,632800,615136,2,87.7,3.6,2026-08-19
579,MUFG,Financial Services,Banks - Diversified,NYSE,3245110,23.03,116.54,-3,-11,-0.95,47.5,81.8,-4.4,-4.2,0.1,17.1,81,84,76,79,67.1,0,0,0,0,0,0,260044673643.0204,11276872492.0,0.00059999997,0.288,2621580,3261082,0,76.5,10.2,2026-08-19
580,VIST,Energy,Oil & Gas E&P,NYSE,925740,72.16,116.42,-2,5,-11.39,103.0,76.2,1.0,1.6,2.3,11.7,81,83,90,68,79.3,0,0,0,0,0,0,7559690097.055908,110667404.0,0.0295,1.023,797870,884958,1,80.1,4.2,2026-08-19
581,HWM,Industrials,Aerospace & Defense,NYSE,2018643,289.12,116.38,2,3,-6.74,65.8,92.5,-0.7,-0.6,2.2,17.1,81,79,80,89,78.7,0,0,0,0,0,0,115325385641.91132,398801399.0,0.0174,0.241,2172370,2701148,0,81.7,-1.9,2026-08-19
582,SCCO,Basic Materials,Copper,NYSE,1111160,192.04,116.23,0,5,-13.37,113.2,82.5,1.1,4.8,6.9,13.8,80,80,85,95,88.6,0,0,0,0,0,0,155874288387.8065,844343686.0,0.123,0.406,997270,1264120,1,87.2,-7.8,2026-08-19
583,BTX,Financial Services,Asset Management,NYSE,636866,9.25,116.17,6,14,-1.96,43.0,83.2,0.6,4.6,2.9,18.7,80,74,82,47,55.9,0,0,0,0,0,0,1063230783.8206989,116710299.0,0.29,,514650,701484,0,64.7,13.6,2026-08-19
584,TK,Energy,Oil & Gas Midstream,NYSE,518903,12.85,116.15,6,20,-10.64,77.7,85.5,9.4,13.2,15.4,17.6,80,74,88,88,81.9,0,0,0,0,0,0,1093511407.316122,87691370.0,0.060900003,0.435,500900,553520,0,83.0,-8.2,2026-08-19
585,LIVN,Healthcare,Medical Devices,NASDAQ,659280,81.48,116.08,-9,-17,-4.99,63.1,87.5,1.8,1.0,0.9,19.3,80,89,81,82,74.1,0,0,0,0,0,0,4516635561.4175415,54933538.0,0.0864,0.108,861990,725344,0,81.5,9.6,2026-08-19
586,WOLF,Technology,Semiconductors,NYSE,4121896,34.96,116.08,6,30,-56.74,96.6,24.3,-6.3,5.9,-18.6,2.3,80,74,98,44,,0,0,1,0,0,1,1652193138.3718796,51972101.0,5.81,-0.19,4328500,5026442,1,72.0,,2026-08-19
587,VVX,Industrials,Aerospace & Defense,NYSE,721616,82.65,116.04,-1,-6,-12.06,58.2,78.5,0.0,-0.7,1.9,19.7,80,81,76,82,66.6,0,0,0,0,0,0,2601664714.0,31345358.0,0.0759,0.165,734650,702606,0,76.4,7.5,2026-08-19
588,APLE,Real Estate,REIT - Hotel & Motel,NYSE,3026686,15.91,116.01,-9,-22,-7.93,46.5,88.0,2.6,0.3,-0.6,21.4,80,89,76,49,64.5,0,0,0,0,0,0,3793848884.813278,236082698.0,0.1189,0.047,3304850,3082564,0,69.6,21.6,2026-08-19
589,JXN,Financial Services,Insurance - Life,NYSE,626093,133.15,116.0,1,-11,-3.51,44.6,90.4,-0.9,2.3,11.5,19.3,80,79,67,77,65.7,0,0,0,0,0,0,9165054134.140137,67728744.0,0.0508,,630910,644638,0,72.2,8.3,2026-08-19
590,ROST,Consumer Cyclical,Apparel Retail,NASDAQ,2199516,235.28,115.97,-6,-12,-8.45,62.2,81.4,-4.6,-5.0,0.3,13.1,80,86,80,80,77.3,0,0,0,0,0,0,78706845003.14923,320781076.0,0.0353,0.206,2039170,2735542,0,80.8,6.1,2026-08-19
591,ATEN,Technology,Software - Infrastructure,NYSE,1308760,27.35,115.96,-15,-20,-28.94,55.6,42.7,-5.2,-12.9,-21.0,6.9,80,95,90,57,69.3,0,0,0,0,0,0,1989487147.7018569,72609021.0,0.1487,0.155,1389000,1320938,2,77.8,20.9,2026-08-19
592,HRI,Industrials,Rental & Leasing Services,NYSE,513600,173.12,115.95,7,-25,-8.09,84.6,85.5,-0.9,2.7,9.8,19.6,80,73,41,62,64.9,0,0,0,0,0,0,5800689664.795593,33431444.0,0.0809,0.202,353980,559480,0,60.2,9.4,2026-08-19
593,CNQ,Energy,Oil & Gas E&P,NYSE,7468623,49.27,115.9,-1,4,-4.03,68.9,95.1,3.7,5.5,12.2,19.5,80,81,86,82,79.8,0,0,0,0,0,0,98890157516.47948,2061500000.0,6.34,0.695,6635650,8452062,0,82.2,-0.1,2026-08-19
594,HRB,Consumer Cyclical,Personal Services,NYSE,2470620,50.13,115.9,22,14,-14.56,84.4,92.5,4.6,11.1,25.0,35.8,80,58,50,12,39.0,0,0,0,0,0,0,6834910129.335129,126760207.0,0.21959999,0.03,3636530,2367258,0,39.8,19.5,2026-08-19
595,OC,Industrials,Building Products & Equipment,NYSE,887770,153.81,115.9,14,-22,-3.81,53.9,87.3,-2.0,1.9,7.9,23.3,80,66,30,42,32.3,0,0,0,0,0,0,12226459654.867538,79048683.0,0.0394,0.003,920010,1117682,0,42.6,25.2,2026-08-19
596,WSM,Consumer Cyclical,Specialty Retail,NYSE,903833,240.42,115.85,8,-30,-5.68,43.7,88.6,-1.2,1.0,5.4,20.2,80,72,34,68,49.7,0,0,0,0,0,0,28445226500.980484,117746611.0,0.0482,0.044,963530,1076346,0,55.9,15.7,2026-08-19
597,TYRA,Healthcare,Biotechnology,NASDAQ,636670,26.22,115.83,-13,-10,-35.5,162.8,56.5,3.3,-5.7,-8.6,-8.9,80,93,96,97,92.5,0,0,0,0,0,0,1504005989.93676,59470381.0,0.2856,,770510,854448,4,94.6,-0.9,2026-08-19
598,SYNA,Technology,Semiconductors,NASDAQ,727313,110.58,115.82,-10,-6,-25.84,72.6,47.7,-4.9,-6.2,-15.1,6.9,80,90,94,75,70.4,0,0,0,0,0,0,4248191781.769455,39106986.0,0.1252,0.089,667880,1018190,2,82.4,12.4,2026-08-19
599,HOPE,Financial Services,Banks - Regional,NASDAQ,1049463,14.36,115.76,4,-1,-1.58,42.0,88.6,-1.6,-0.9,2.6,15.7,80,76,71,64,63.3,0,0,0,0,0,0,1845869505.8351784,127741836.0,0.0592,0.71,1011470,1120426,0,68.6,9.3,2026-08-19
600,GTLB,Technology,Software - Infrastructure,NASDAQ,4403876,40.52,115.75,13,-36,-22.64,119.4,73.3,4.2,14.1,28.5,34.6,80,67,18,9,29.3,0,0,0,0,0,0,7198517819.595337,168900000.0,0.1148,0.231,4884320,4724162,0,30.8,35.4,2026-08-19
601,CHRD,Energy,Oil & Gas E&P,NASDAQ,788590,142.88,115.64,0,9,-5.97,73.9,97.2,6.7,7.7,14.5,25.7,80,80,89,58,71.1,0,0,0,0,0,0,7511112183.65918,54697872.0,0.087799996,0.841,807090,828224,0,74.5,8.0,2026-08-19
602,PGY,Technology,Software - Infrastructure,NASDAQ,2970063,20.93,115.48,53,51,-53.48,92.4,29.6,-2.8,3.6,14.3,17.0,80,27,25,10,7.2,0,0,0,0,0,0,1798661130.525793,83425843.0,0.17549999,0.186,2567720,3497218,0,17.3,13.5,2026-08-19
603,ATOM,Technology,Semiconductor Equipment & Materials,NASDAQ,633190,5.42,115.47,-5,4,-56.17,137.7,27.1,-11.3,-10.0,-27.4,-7.2,80,85,94,94,71.0,0,0,0,0,0,0,218534631.4783773,39024042.0,0.1597,,593240,833370,2,86.0,4.3,2026-08-19
604,DV,Communication Services,Advertising Agencies,NYSE,3918030,13.3,115.44,37,18,-19.1,54.4,61.1,1.3,9.0,16.4,24.6,80,43,24,14,23.3,0,0,0,0,0,0,2039539065.9558055,153464189.0,0.08930001,0.025,7595130,3818102,0,26.1,17.5,2026-08-19
605,SNEX,Financial Services,Capital Markets,NASDAQ,1114388,68.41,115.43,-7,-2,-27.73,77.8,52.2,-0.9,-6.6,-14.9,10.4,80,87,92,86,78.1,0,0,0,0,0,0,8116612821.025207,120962936.0,0.0511,0.152,1162070,1377776,1,85.8,4.1,2026-08-19
606,FRPT,Consumer Defensive,Packaged Foods,NASDAQ,1317950,72.65,115.38,50,34,-15.52,58.3,72.5,5.5,13.7,27.2,20.5,80,30,14,70,50.9,0,0,0,0,0,0,3496705566.903122,48058074.0,0.19209999,0.155,1862510,1425100,0,41.2,-16.8,2026-08-19
607,EBC,Financial Services,Banks - Regional,NASDAQ,2570076,23.65,115.36,2,-12,-0.42,45.9,91.9,-1.1,-0.7,3.7,14.1,80,78,64,74,69.3,0,0,0,0,0,0,5398585416.0,228511552.0,0.073699996,0.276,1737400,3624470,0,71.3,6.6,2026-08-19
608,FRSH,Technology,Software - Application,NASDAQ,13817196,12.33,115.28,23,-4,-12.3,90.0,87.3,6.7,12.0,23.2,29.6,80,57,30,8,35.8,0,0,0,0,0,0,3499656512.0394936,276434167.0,0.102299996,0.16,8149530,18180236,0,32.7,23.1,2026-08-19
609,NOV,Energy,Oil & Gas Equipment & Services,NYSE,3375853,21.6,115.27,0,5,0.23,69.7,90.3,-0.2,2.1,5.1,11.3,80,80,85,87,80.9,0,0,0,0,0,0,7535947344.923019,356478125.0,0.1381,-0.025,2894340,3870102,0,83.2,-2.3,2026-08-19
610,USB,Financial Services,Banks - Regional,NYSE,7372180,64.87,115.25,0,-14,-1.13,38.7,87.1,-2.5,-1.9,1.7,12.9,80,80,66,72,64.7,0,0,0,0,0,0,101927722744.4426,1558051446.0,0.0001,0.104,5762300,8546866,0,70.7,10.6,2026-08-19
611,KNTK,Energy,Oil & Gas Midstream,NYSE,934750,52.98,115.16,-1,-1,-2.11,72.7,100.0,5.1,7.4,11.5,25.0,80,81,81,69,62.1,0,0,0,0,0,0,4298834424.249363,80442263.0,0.0888,0.363,1135970,1040898,0,73.3,11.9,2026-08-19
612,CDNL,Industrials,Engineering & Construction,NASDAQ,764630,39.23,115.13,-18,-21,-59.3,96.7,29.5,-6.3,-21.4,-34.7,,80,98,95,86,,0,1,0,0,0,1,805295768.7940979,20428610.0,0.1388,1.139,1030100,816596,2,93.0,,2026-08-19
613,FFIV,Technology,Software - Infrastructure,NASDAQ,658776,395.54,115.09,-8,-11,-9.07,70.8,76.5,-5.6,-5.1,-5.3,21.1,80,88,85,44,51.4,0,0,0,0,0,0,22832080473.64978,56627182.0,0.0328,0.109,620450,642884,0,67.1,27.4,2026-08-19
614,ONDS,Technology,Communication Equipment,NASDAQ,100080490,9.0,115.08,8,35,-41.1,147.9,51.0,-3.0,3.9,7.6,-5.4,79,71,98,99,90.2,0,0,1,1,0,2,5271903500.250933,570552341.0,0.4149,12.354,86583270,85566972,3,89.6,-17.9,2026-08-19
615,BEN,Financial Services,Asset Management,NYSE,4507760,34.19,115.0,-5,-7,-5.76,60.4,87.7,0.5,0.7,2.1,22.5,79,84,82,77,63.6,0,0,0,0,0,0,17203484482.705536,508076910.0,0.0529,0.143,3507410,4519754,0,76.6,11.8,2026-08-19
616,AMGN,Healthcare,Drug Manufacturers - General,NASDAQ,2504640,419.38,115.0,9,-7,-0.57,63.1,100.0,5.7,10.1,18.0,26.0,79,70,54,77,72.8,0,0,0,0,0,0,224092267835.77496,539708274.0,0.024600001,0.095,2755400,2797622,0,68.5,-1.2,2026-08-19
617,MS,Financial Services,Capital Markets,NYSE,5425440,218.21,114.92,-1,0,-6.05,48.7,83.1,-1.0,-0.1,-1.1,14.1,79,80,81,71,72.5,0,0,0,0,0,0,341689920959.47266,1572000000.0,0.01,0.28,4387040,5737454,0,76.1,5.4,2026-08-19
618,EZPW,Financial Services,Credit Services,NASDAQ,997366,29.29,114.87,-13,-11,-21.12,84.6,65.8,0.7,-1.6,-8.1,8.4,79,92,94,91,83.6,0,0,0,0,0,0,1814695977.1355324,61535978.0,0.2699,0.347,1268060,1086014,3,90.2,4.2,2026-08-19
619,SU,Energy,Oil & Gas Integrated,NYSE,4469210,66.66,114.85,-5,0,-5.16,76.8,92.8,4.7,4.0,10.6,19.2,79,84,89,83,82.2,0,0,0,0,0,0,77716647979.64517,1180745189.0,3.42,0.459,5699250,4789462,0,84.6,0.6,2026-08-19
620,ACAD,Healthcare,Biotechnology,NASDAQ,1650186,29.01,114.83,13,-24,-2.81,50.6,100.0,3.5,9.3,19.0,25.5,79,66,29,57,56.6,0,0,0,0,0,0,4865907788.882397,172305518.0,0.0992,0.164,2099680,1679196,0,52.2,10.2,2026-08-19
621,IDYA,Healthcare,Biotechnology,NASDAQ,817183,36.54,114.83,3,-14,-9.96,66.2,90.4,5.0,6.5,9.6,17.1,79,76,59,77,76.1,0,0,0,0,0,0,3494775239.148155,96274802.0,0.1221,,630610,1148186,0,72.0,1.4,2026-08-19
622,VLY,Financial Services,Banks - Regional,NASDAQ,6577253,14.94,114.77,-6,-12,-1.71,49.2,86.4,-2.2,-1.2,-1.0,11.4,79,85,79,80,72.0,0,0,0,0,0,0,8294604568.741299,552605226.0,0.1073,0.15,5799400,6871628,0,79.0,8.1,2026-08-19
623,NP,Financial Services,Insurance Brokers,NYSE,681836,31.48,114.74,6,6,-10.44,89.1,85.0,2.2,2.1,5.2,22.2,79,73,73,25,,0,0,0,0,0,0,4351661158.259354,137233090.0,0.0913,0.328,465800,827320,0,57.0,,2026-08-19
624,HPP,Real Estate,REIT - Office,NYSE,744380,13.8,114.71,-5,-20,-36.41,163.7,56.4,4.0,2.3,-1.8,31.1,79,84,69,6,16.8,0,0,0,0,0,0,754335479.1981182,54268741.0,0.0097,-0.013,945890,880804,0,44.0,50.7,2026-08-19
625,CFR,Financial Services,Banks - Regional,NYSE,607110,168.07,114.7,3,-13,-1.34,37.4,89.3,-1.2,-0.8,4.8,17.3,79,76,60,62,62.4,0,0,0,0,0,0,10570265466.597824,62148785.0,0.0002,0.061,528200,634988,0,65.1,11.2,2026-08-19
626,CZR,Consumer Cyclical,Resorts & Casinos,NASDAQ,4102540,29.66,114.67,10,14,-3.95,63.1,93.3,-0.7,-0.8,-0.6,14.9,79,69,73,23,49.3,0,0,0,0,0,0,6060681067.0,203720372.0,0.113400005,0.03,5026620,4734370,0,53.6,18.6,2026-08-19
627,ASPN,Basic Materials,Specialty Chemicals,NYSE,1458486,5.82,114.62,13,23,-37.74,112.1,46.1,-9.9,1.1,-1.8,27.1,79,66,76,20,13.6,0,0,0,0,0,0,485484378.4855728,82988784.0,0.1261,-0.361,2505380,1495210,0,43.9,34.4,2026-08-19
628,LASR,Technology,Semiconductors,NASDAQ,1354726,54.0,114.6,-17,-15,-37.9,84.4,37.2,-11.3,-22.1,-25.8,-15.2,79,96,98,98,84.3,0,0,1,1,0,2,3034504274.1717453,57690197.0,0.0511,0.338,1876840,1326936,3,94.1,5.2,2026-08-19
629,TXN,Technology,Semiconductors,NASDAQ,7335603,282.91,114.52,-9,-6,-15.3,74.4,63.8,-3.7,-3.7,-8.1,14.6,79,88,91,72,67.0,0,0,0,0,0,0,255325775789.03265,913247686.0,0.020399999,0.228,5757140,8635194,1,79.5,13.4,2026-08-19
630,WST,Healthcare,Medical Instruments & Supplies,NYSE,726833,346.61,114.48,-9,-17,-10.2,52.8,90.4,0.8,1.8,2.3,22.3,79,88,80,46,70.0,0,0,0,0,0,0,24590699703.02704,70375762.0,0.0417,0.138,480260,766196,0,71.0,18.2,2026-08-19
631,ACA,Industrials,Engineering & Construction,NYSE,698436,145.01,114.43,-9,-29,-1.3,62.9,99.7,0.1,0.1,2.8,21.1,79,88,68,78,71.0,0,0,0,0,0,0,7140129728.875824,49106809.0,0.0199,0.017,618020,827768,0,76.2,12.5,2026-08-19
632,ZION,Financial Services,Banks - Regional,NASDAQ,1597326,71.58,114.38,-3,-15,-2.4,45.5,81.0,-3.7,-3.1,-1.3,11.7,79,82,70,67,59.6,0,0,0,0,0,0,10537831785.585709,145953355.0,0.044,0.352,1187760,1692840,0,69.6,15.4,2026-08-19
633,CERT,Healthcare,Health Information Services,NASDAQ,3839936,8.0,114.37,52,33,-42.36,86.6,42.5,3.1,5.7,22.5,13.3,79,27,8,14,14.7,0,0,0,0,0,0,1220310240.0,152538780.0,0.2963,0.01,4248030,4411116,0,15.9,10.7,2026-08-19
634,UBS,Financial Services,Banks - Diversified,NYSE,1755640,53.44,114.32,-4,-12,-3.1,45.9,89.6,-0.7,0.2,2.8,18.1,79,83,75,68,64.6,0,0,0,0,0,0,175788694446.39362,3277805164.0,0.0018000001,0.146,1376310,1906414,0,72.7,13.0,2026-08-19
635,IEX,Industrials,Specialty Industrial Machinery,NYSE,691150,240.39,114.32,6,2,-1.4,47.2,92.5,-0.9,0.8,3.5,16.4,79,73,69,70,67.5,0,0,0,0,0,0,17614632130.220215,73719896.0,0.0294,0.064,521750,702064,0,69.9,3.8,2026-08-19
636,EMBJ,Industrials,Aerospace & Defense,NYSE,1160100,77.15,114.3,21,-5,-4.46,44.5,91.8,4.3,8.8,18.5,19.0,79,58,32,84,63.3,0,0,0,0,0,0,13414491265.52311,177958235.0,0.0148,0.104,1462630,1188574,0,59.3,-5.3,2026-08-19
637,GSHD,Financial Services,Insurance Brokers,NASDAQ,572370,64.4,114.29,46,26,-28.57,99.0,61.7,3.9,5.2,26.3,23.2,79,33,13,9,18.5,0,0,0,0,0,0,1577900891.7922974,23803000.0,0.097799994,0.207,388180,577752,0,18.4,14.1,2026-08-19
638,C,Financial Services,Banks - Diversified,NYSE,11217526,138.51,114.29,7,16,-6.39,43.5,75.9,-2.6,-1.3,-3.2,9.6,79,72,81,77,68.9,0,0,0,0,0,0,233717270046.86847,1677436783.0,0.00029999999,0.155,8671550,12398800,0,74.7,-0.4,2026-08-19
639,PUMP,Energy,Oil & Gas Equipment & Services,NYSE,4026916,12.79,114.28,-14,-10,-30.86,163.3,53.9,1.3,3.2,-8.9,-5.8,79,93,97,88,92.1,0,0,0,0,0,0,1486169442.553606,122823917.0,0.15640001,-0.062,2640620,4412332,3,92.5,1.0,2026-08-19
640,INCY,Healthcare,Biotechnology,NASDAQ,1773203,123.5,114.25,-4,-23,-6.86,57.3,97.0,5.4,5.9,12.4,24.8,79,83,64,73,73.0,0,0,0,0,0,0,24356161901.66132,202697746.0,0.0862,0.377,1494760,1963774,0,73.2,8.9,2026-08-19
641,LLY,Healthcare,Drug Manufacturers - General,NYSE,2585566,1183.16,114.21,-5,-17,-5.31,84.1,100.0,5.6,7.4,8.9,22.0,79,84,72,73,84.5,0,0,0,0,0,0,1052397568184.4026,891741406.0,0.010199999,0.477,2993930,2914026,0,78.4,3.2,2026-08-19
642,EGY,Energy,Oil & Gas E&P,NYSE,1192160,5.85,114.2,-1,7,-12.95,76.0,77.6,3.9,7.8,10.3,18.3,79,80,88,85,76.4,0,0,0,0,0,0,608008498.9101133,105191778.0,0.0838,0.395,1330900,1336232,0,82.4,-0.0,2026-08-19
643,CFFN,Financial Services,Banks - Regional,NASDAQ,827446,8.72,114.19,-4,-11,-5.83,41.0,77.9,-3.2,-3.5,-0.2,13.7,79,83,76,74,66.9,0,0,0,0,0,0,1077015207.1059494,123369446.0,0.0752,0.183,763390,835532,0,75.0,10.5,2026-08-19
644,CNO,Financial Services,Insurance - Life,NYSE,673326,54.81,114.14,-5,-17,-4.83,41.7,86.8,-2.7,-1.8,1.5,18.4,79,84,72,54,67.9,0,0,0,0,0,0,5114581275.938873,92521371.0,0.0001,0.116,603460,769092,0,69.5,15.3,2026-08-19
645,ADI,Technology,Semiconductors,NASDAQ,3613276,390.28,114.09,-2,5,-12.48,65.7,67.2,-2.6,-0.8,-4.2,9.7,79,81,88,88,77.8,0,0,0,0,0,0,189666829640.6641,487087040.0,0.0224,0.372,3038310,4513444,0,83.7,-0.5,2026-08-19
646,MCHB,Financial Services,Banks - Regional,NASDAQ,666473,16.75,114.01,2,-11,-3.62,30.6,89.3,-1.1,0.7,4.4,11.6,79,77,64,73,58.8,0,0,0,0,0,0,3781964756.826498,221426509.0,0.0876,0.357,473460,606238,0,68.2,11.2,2026-08-19
647,SLG,Real Estate,REIT - Office,NYSE,1017026,56.11,113.98,22,0,-15.36,63.2,73.6,2.5,4.6,9.9,26.5,79,57,35,17,41.8,0,0,0,0,0,0,3973971294.440838,70849907.0,0.2466,0.273,877050,1126878,0,37.7,17.8,2026-08-19
648,ALGM,Technology,Semiconductors,NASDAQ,2313736,44.25,113.98,-5,-2,-38.34,68.2,33.2,-9.6,-11.1,-22.8,-1.3,79,84,87,87,57.8,0,0,0,0,0,0,8274386708.16922,186402046.0,0.112399995,0.275,1652260,2895088,0,79.0,12.2,2026-08-19
649,RTX,Industrials,Aerospace & Defense,NYSE,4784206,221.64,113.96,14,2,-2.31,45.2,93.0,-1.1,0.4,9.0,15.2,79,65,53,81,69.1,0,0,0,0,0,0,300509635012.8926,1347758144.0,0.0134000005,0.145,4304500,5098642,0,67.0,-4.1,2026-08-19
650,IBKR,Financial Services,Capital Markets,NASDAQ,4418270,94.33,113.95,-3,-3,-3.59,50.5,81.6,0.1,0.5,-1.1,16.9,78,81,81,75,69.5,0,0,0,0,0,0,41710375316.11212,453078171.0,0.0238,0.263,4643080,4604464,0,76.6,6.9,2026-08-19
651,PAGP,Energy,Oil & Gas Midstream,NASDAQ,1454583,25.79,113.87,-7,-9,-3.7,54.9,94.2,2.3,1.1,4.5,16.9,78,85,83,74,66.6,0,0,0,0,0,0,5113842594.357773,197904124.0,0.0804,0.663,1696880,1434588,0,77.1,11.6,2026-08-19
652,MPWR,Technology,Semiconductors,NASDAQ,844186,1415.99,113.84,-1,12,-17.39,58.4,55.2,-5.7,-3.9,-6.9,5.9,78,79,92,90,73.4,0,0,0,0,0,0,68898977909.91211,49143000.0,0.0581,0.476,618830,1000862,2,83.6,-0.7,2026-08-19
653,POWI,Technology,Semiconductors,NASDAQ,679183,62.1,113.83,-9,-5,-31.89,80.4,44.1,-9.2,-10.5,-21.5,1.4,78,87,91,62,49.6,0,0,0,0,0,0,3506049449.5,55873298.0,0.14140001,0.027,596760,851284,1,72.4,23.3,2026-08-19
654,GBTG,Consumer Cyclical,Travel Services,NYSE,1413640,9.44,113.8,-10,-9,-1.05,90.1,98.7,0.0,0.2,0.5,23.3,78,88,89,15,54.4,0,0,0,0,0,0,4941652790.706965,522373443.0,0.0336,0.379,1402100,2077298,0,61.6,31.3,2026-08-19
655,VG,Energy,Oil & Gas Midstream,NYSE,15738240,13.75,113.8,-7,-6,-21.96,132.9,67.8,0.4,2.2,8.7,25.4,78,85,86,33,46.2,0,0,0,0,0,0,34976298413.26416,2500092851.0,0.8057,0.476,14067620,14674192,0,62.6,29.7,2026-08-19
656,SIRI,Communication Services,Entertainment,NASDAQ,4058726,29.13,113.76,-7,-12,-10.81,43.9,69.1,-0.6,-3.8,-2.4,16.8,78,85,80,36,55.5,0,0,0,0,0,0,9592923409.266045,337066891.0,0.1724,0.01,4188570,5133118,0,64.1,25.0,2026-08-19
657,BAC,Financial Services,Banks - Diversified,NYSE,30697150,63.89,113.7,4,-15,-2.01,35.2,90.9,-1.1,0.3,4.9,16.3,78,74,55,54,62.9,0,0,0,0,0,0,450962327120.7279,6992748365.0,0.0,0.168,25579570,33023170,0,61.5,11.5,2026-08-19
658,KURA,Healthcare,Biotechnology,NASDAQ,1452706,11.28,113.67,-1,1,-9.69,89.8,100.0,18.6,23.6,22.1,29.6,78,79,81,47,86.1,0,0,0,0,0,0,966112291.7977952,88960619.0,0.1522,0.365,1606820,1607906,0,73.3,2.7,2026-08-19
659,MOH,Healthcare,Healthcare Plans,NYSE,1268540,203.06,113.61,-8,-35,-17.08,64.0,65.3,-0.1,0.4,-4.2,16.0,78,86,59,21,59.0,0,0,0,0,0,0,11088845617.67578,52200000.0,0.0654,-0.057,573010,1197524,0,56.3,29.2,2026-08-19
660,BUSE,Financial Services,Banks - Regional,NASDAQ,834196,31.08,113.55,0,-9,-1.96,36.4,85.8,-2.4,-1.7,1.9,15.1,78,78,69,63,60.1,0,0,0,0,0,0,2578878298.0792694,82576956.0,0.0429,-0.009,664950,868210,0,67.5,12.9,2026-08-19
661,SXT,Basic Materials,Specialty Chemicals,NYSE,530110,133.45,113.54,13,23,-0.32,60.6,99.5,1.7,4.2,9.4,27.6,78,65,75,52,49.0,0,0,0,0,0,0,5680858436.126556,42562811.0,0.0627,0.116,293380,529252,0,60.2,9.6,2026-08-19
662,XPO,Industrials,Trucking,NYSE,941453,210.99,113.44,-5,-3,-9.08,59.7,70.5,-3.5,-3.6,-5.2,7.0,78,83,85,90,73.6,0,0,0,0,0,0,24712269017.044373,117086465.0,0.0543,0.132,800570,1205928,1,82.9,3.1,2026-08-19
663,BRZE,Technology,Software - Application,NASDAQ,2233093,27.95,113.34,19,-2,-25.12,94.1,72.8,8.1,15.6,26.0,25.1,78,59,38,9,54.0,0,0,0,0,0,0,3258434218.5424576,112631669.0,0.1178,0.302,1837960,2319200,0,40.0,14.6,2026-08-19
664,VSTM,Healthcare,Biotechnology,NASDAQ,2360113,7.18,113.31,49,28,-36.18,111.4,52.5,6.3,13.7,39.7,14.7,78,29,8,17,27.3,0,0,0,0,0,0,595907434.8705578,90563441.0,0.2204,17.754,2092550,2570086,0,20.3,5.3,2026-08-19
665,PFG,Financial Services,Asset Management,NASDAQ,1457626,112.97,113.26,-6,-13,-3.12,43.8,90.0,-1.7,-1.3,0.4,15.4,78,84,77,69,69.7,0,0,0,0,0,0,24403647699.915066,214104641.0,0.0452,0.064,1051500,1465872,0,74.9,10.8,2026-08-19
666,ALSN,Consumer Cyclical,Auto Parts,NYSE,831903,127.11,113.24,14,14,-7.64,57.5,80.3,1.1,3.1,5.4,12.0,78,64,64,81,67.0,0,0,0,0,0,0,10394097869.867355,82578038.0,0.060900003,0.924,780660,1126390,0,69.0,-4.9,2026-08-19
667,XERS,Healthcare,Drug Manufacturers - Specialty & Generic,NASDAQ,1762746,8.52,113.24,-6,-53,-15.48,66.0,75.7,5.5,5.8,10.9,24.8,78,84,37,70,54.1,0,0,0,0,0,0,1567954701.1496773,182320306.0,0.052199997,0.287,1924880,1956726,0,61.3,22.5,2026-08-19
668,UMBF,Financial Services,Banks - Regional,NASDAQ,620370,151.95,113.21,-2,-13,-0.35,40.5,87.6,-1.6,-0.3,2.1,16.2,78,80,69,60,59.2,0,0,0,0,0,0,11547442051.281586,75950030.0,0.0535,0.122,537630,689366,0,67.0,15.5,2026-08-19
669,MTB,Financial Services,Banks - Regional,NYSE,1070083,252.86,113.18,-1,-22,-1.1,36.9,87.4,-2.7,-2.4,1.5,12.9,78,79,58,68,59.4,0,0,0,0,0,0,36826025439.2395,144933000.0,0.0013,0.062,791320,1126502,0,66.1,14.1,2026-08-19
670,MD,Healthcare,Medical Care Facilities,NYSE,796236,26.34,113.15,-11,-22,-5.73,68.7,90.1,-0.8,-0.1,3.2,16.2,78,89,78,64,80.6,0,0,0,0,0,0,2162149590.903061,81253271.0,0.0727,0.04,911640,802314,0,77.9,10.3,2026-08-19
671,NWG,Financial Services,Banks - Regional,NYSE,3815483,19.04,113.14,5,-9,-1.96,35.2,82.6,-3.3,-1.8,2.8,10.1,78,73,59,70,56.6,0,0,0,0,0,0,75921458255.22133,3974945379.0,0.0004,0.145,3053310,4724966,0,64.6,10.2,2026-08-19
672,EOLS,Healthcare,Drug Manufacturers - Specialty & Generic,NASDAQ,944170,7.77,113.11,41,69,-7.83,118.3,100.0,7.8,22.5,27.4,44.9,78,37,65,8,60.6,0,0,0,0,0,0,538641320.5626297,66050440.0,0.0854,0.212,1357140,869680,0,42.6,-8.8,2026-08-19
673,MFC,Financial Services,Insurance - Life,NYSE,2077580,44.23,113.07,0,-6,-2.43,44.4,90.8,-1.5,-1.4,3.3,15.2,78,78,72,62,69.6,0,0,0,0,0,0,73888146059.7836,1661901655.0,8.5,0.107,3148200,2006370,0,70.4,8.0,2026-08-19
674,NWBI,Financial Services,Banks - Regional,NASDAQ,1004943,15.69,113.06,-2,-11,-2.91,35.1,84.3,-2.2,-2.4,0.6,14.4,78,80,71,56,57.4,0,0,0,0,0,0,2306731171.5,146459122.0,0.0659,0.232,793290,1151154,0,66.1,17.0,2026-08-19
675,AU,Basic Materials,Gold,NYSE,2460853,99.6,113.06,39,84,-22.87,108.1,74.1,11.5,21.8,27.4,17.1,78,39,84,97,87.5,0,0,0,0,0,0,48705580896.28528,505769256.0,0.0128999995,0.27,2327490,3203102,1,76.9,-40.3,2026-08-19
676,FFBC,Financial Services,Banks - Regional,NASDAQ,1033173,34.17,112.96,-9,-24,-5.74,41.5,74.7,-2.8,-3.2,-2.0,13.0,78,87,72,67,63.0,0,0,0,0,0,0,3608832269.318924,104968940.0,0.060700003,0.165,589630,1044976,0,72.2,17.5,2026-08-19
677,ZGN,Consumer Cyclical,Apparel Manufacturing,NYSE,1086453,13.37,112.94,-7,-11,-16.18,73.6,79.8,-2.3,-4.7,-1.7,17.0,78,85,81,75,81.5,0,0,0,0,0,0,3691973869.4117546,268312050.0,0.0832,0.003,775530,1273256,0,80.6,4.1,2026-08-19
678,NTNX,Technology,Software - Infrastructure,NASDAQ,2843003,65.66,112.91,16,-18,-20.33,90.1,66.4,1.0,6.5,18.1,33.2,78,62,28,10,28.4,0,0,0,0,0,0,18004698409.392998,270320509.0,0.0754,0.1,2405170,3296026,0,32.1,30.6,2026-08-19
679,EXTR,Technology,Communication Equipment,NASDAQ,1866853,24.28,112.88,-16,-23,-28.02,65.9,45.3,-4.8,-15.0,-22.3,11.0,78,94,87,22,45.3,0,0,0,0,0,0,3192293108.1248474,130778088.0,0.0853,0.103,2146860,2040206,1,62.1,39.4,2026-08-19
680,BETA,Industrials,Aerospace & Defense,NYSE,1575753,25.6,112.87,53,37,-35.19,94.3,55.2,6.4,20.7,39.0,,78,25,9,12,,0,0,0,0,0,0,5815774894.386292,233941060.0,0.0545,1.457,2212260,1545960,0,15.3,,2026-08-19
681,CENX,Basic Materials,Aluminum,NASDAQ,1944550,47.12,112.83,8,34,-33.1,100.9,46.5,-9.0,-6.3,-10.5,-9.8,78,70,96,97,84.4,0,0,0,0,0,0,4624966863.241425,98993295.0,0.1443,0.197,2441200,2236664,2,86.8,-15.2,2026-08-19
682,GE,Industrials,Aerospace & Defense,NYSE,3692076,369.43,112.77,8,-7,-4.99,34.0,78.3,-3.1,-2.3,-0.7,11.6,78,70,55,83,63.7,0,0,0,0,0,0,382217283605.1632,1037562513.0,0.0137,0.211,3220300,4267446,0,67.9,2.1,2026-08-19
683,CMCO,Industrials,Farm & Heavy Construction Machinery,NASDAQ,703286,19.08,112.74,46,42,-21.8,46.0,50.0,-7.9,-4.1,12.8,6.1,77,31,27,72,51.2,0,0,0,0,0,0,555636697.0,28864244.0,0.2895,1.253,523590,742478,0,45.3,-17.9,2026-08-19
684,INGM,Technology,Information Technology Services,NYSE,972146,27.99,112.73,-1,0,-11.68,42.1,63.7,-3.4,-5.5,-5.0,8.8,77,78,79,43,68.2,0,0,0,0,0,0,6585397183.218933,230661904.0,0.1498,0.136,922880,1230754,0,67.1,11.8,2026-08-19
685,HST,Real Estate,REIT - Hotel & Motel,NASDAQ,9711276,22.81,112.71,-11,-18,-11.28,46.3,75.4,1.1,-3.3,-3.7,12.3,77,88,81,75,71.5,0,0,0,0,0,0,15689348475.745785,685124399.0,0.089099996,0.036,11032080,10080328,0,78.9,11.6,2026-08-19
686,COCO,Consumer Defensive,Beverages - Non-Alcoholic,NASDAQ,1090203,65.5,112.68,-17,-18,-23.69,104.3,67.7,4.4,2.4,-5.6,13.6,77,94,93,81,87.7,0,0,0,0,0,0,3773321364.1537857,57864153.0,0.115,0.281,837300,1147054,2,88.9,5.8,2026-08-19
687,BVN,Basic Materials,Other Precious Metals & Mining,NYSE,802110,33.96,112.65,8,28,-23.98,86.8,62.0,0.2,4.3,7.4,5.4,77,69,89,96,84.8,0,0,0,0,0,0,8569517318.888523,253986867.0,0.0218,0.432,797410,1060736,1,84.7,-15.3,2026-08-19
688,FITB,Financial Services,Banks - Regional,NYSE,5829576,57.6,112.61,-4,-20,-3.19,36.2,76.8,-4.0,-3.9,-2.2,9.9,77,81,65,73,59.8,0,0,0,0,0,0,52635629624.98856,906573000.0,0.0,0.518,4912220,6585168,0,69.7,13.8,2026-08-19
689,SLDE,Financial Services,Insurance - Property & Casualty,NASDAQ,1077043,21.6,112.58,5,-1,-6.09,76.5,100.0,4.8,6.8,13.0,23.2,77,72,66,38,75.2,0,0,0,0,0,0,2561681033.318108,116811719.0,0.103599995,0.479,816230,1178226,0,62.8,5.8,2026-08-19
690,CSX,Industrials,Railroads,NASDAQ,12466783,50.58,112.57,-7,-12,-5.63,58.1,88.0,0.8,-0.1,3.0,20.0,77,84,79,79,68.8,0,0,0,0,0,0,92920141554.05476,1852474917.0,0.0197,0.101,9570950,12451708,0,77.7,9.1,2026-08-19
691,AXON,Industrials,Aerospace & Defense,NASDAQ,928926,604.32,112.52,35,9,-23.92,86.7,67.3,7.2,12.6,21.3,26.3,77,42,16,19,21.4,0,0,0,0,0,0,49784726422.78473,81237415.0,0.051999997,0.353,1152510,1031262,0,24.6,17.5,2026-08-19
692,OIS,Energy,Oil & Gas Equipment & Services,NYSE,651260,9.16,112.51,11,27,-36.83,78.0,41.4,1.3,4.4,7.0,-0.2,77,66,82,98,81.6,0,0,0,1,0,1,538681006.0790024,60322619.0,0.0448,-0.053,623950,720172,1,81.9,-15.8,2026-08-19
693,PNC,Financial Services,Banks - Regional,NYSE,1723663,254.55,112.5,-1,-14,-1.39,38.2,86.6,-2.7,-2.3,-0.3,11.6,77,78,65,70,60.8,0,0,0,0,0,0,103190063975.2312,401564632.0,0.018099999,0.236,1169140,2032390,0,68.5,11.5,2026-08-19
694,RIOT,Financial Services,Capital Markets,NASDAQ,20584510,20.04,112.5,8,33,-33.91,63.8,44.8,-2.2,-6.1,-14.8,4.9,77,69,94,87,76.3,0,0,0,0,0,0,7135548419.985123,375258935.0,0.148,0.139,26620800,18808686,1,81.6,-9.7,2026-08-19
695,TFSL,Financial Services,Banks - Regional,NASDAQ,909243,17.51,112.47,-10,-24,-10.16,36.6,78.1,-1.0,-3.2,-1.0,14.5,77,87,73,58,62.3,0,0,0,0,0,0,4947010027.031326,280442755.0,0.1452,0.152,884820,924130,0,70.1,19.5,2026-08-19
696,RSI,Consumer Cyclical,Gambling,NYSE,2708016,25.45,112.46,-17,-19,-26.3,61.9,52.8,2.9,-5.8,-12.5,12.4,77,94,92,69,66.3,0,0,0,0,0,0,2957721947.43841,115626347.0,0.073699996,0.463,2823850,3048770,2,80.3,19.1,2026-08-19
697,SFL,Industrials,Marine Shipping,NYSE,1273343,12.48,112.38,-5,-1,-3.55,84.9,97.5,4.2,4.8,10.7,25.1,77,82,86,79,67.4,0,0,0,0,0,0,1642460933.132721,132992784.0,0.0324,-0.067,1158310,1498758,0,78.6,7.5,2026-08-19
698,SDGR,Healthcare,Health Information Services,NASDAQ,1026826,17.4,112.34,39,20,-24.41,79.3,76.7,8.5,17.9,22.8,32.1,77,38,19,11,33.9,0,0,0,0,0,0,1315831007.934433,74805628.0,0.26229998,0.075,1298180,1229940,0,25.5,9.4,2026-08-19
699,WEX,Technology,Software - Infrastructure,NYSE,764886,188.87,112.32,31,22,-5.42,54.0,95.0,2.5,5.1,21.6,26.2,77,46,37,43,45.8,0,0,0,0,0,0,6536171315.976471,34081611.0,0.1001,0.142,578950,724006,0,43.0,1.6,2026-08-19
700,CRCT,Technology,Computer Hardware,NASDAQ,708453,5.51,112.3,35,16,-20.49,45.2,54.5,-6.0,2.9,13.9,18.7,77,42,23,27,31.5,0,0,0,0,0,0,1206399884.0980225,209444416.0,0.1015,-0.092,1197360,645384,0,30.9,10.1,2026-08-19
701,TRV,Financial Services,Insurance - Property & Casualty,NYSE,1973760,364.51,112.28,-9,-34,-8.58,38.5,74.2,-2.8,-4.1,3.8,17.9,77,86,61,63,66.4,0,0,0,0,0,0,77247842092.62183,208575022.0,0.0401,0.003,1581150,2048732,0,69.1,16.9,2026-08-19
702,CVLT,Technology,Software - Application,NASDAQ,671326,144.32,112.27,2,-46,-27.18,82.7,51.7,-2.7,0.3,0.3,21.2,77,75,27,11,13.1,0,0,0,0,0,0,6096080766.985474,41444564.0,0.0907,0.114,562820,784678,0,31.5,48.6,2026-08-19
703,RHP,Real Estate,REIT - Hotel & Motel,NYSE,789843,124.11,112.27,-9,-24,-9.71,49.4,84.7,3.5,0.4,1.8,22.1,77,86,71,60,62.7,0,0,0,0,0,0,7921475609.586365,63109272.0,0.045900002,0.136,1374990,761454,0,69.9,18.3,2026-08-19
704,HLIT,Technology,Communication Equipment,NASDAQ,1630200,13.43,112.26,4,10,-24.04,43.4,45.5,1.1,5.1,-5.0,11.5,77,73,79,64,67.8,0,0,0,0,0,0,1510270397.3976212,108496436.0,0.0757,-0.033,2096690,2051826,0,70.9,3.8,2026-08-19
705,STNG,Energy,Oil & Gas Midstream,NYSE,746126,80.33,112.23,-8,-5,-8.08,76.3,82.2,2.1,2.0,3.0,13.3,77,85,88,87,82.5,0,0,0,0,0,0,3976960345.7233887,50081352.0,0.0434,0.775,866850,817374,0,85.6,0.6,2026-08-19
706,MEOH,Basic Materials,Chemicals,NASDAQ,983443,57.29,112.22,-5,3,-14.17,67.8,71.5,2.4,3.0,6.1,12.1,77,82,90,82,79.9,0,0,0,0,0,0,4341682356.926052,77364263.0,1.51,0.752,670450,955442,1,83.5,0.3,2026-08-19
707,STOK,Healthcare,Biotechnology,NASDAQ,729606,32.13,112.2,7,25,-20.11,92.4,74.9,2.4,6.4,7.1,4.5,77,70,88,97,86.5,0,0,0,0,0,0,2017735616.8777692,64526242.0,0.2545,-0.325,948760,847928,1,85.4,-15.4,2026-08-19
708,NEM,Basic Materials,Gold,NYSE,7334686,120.33,112.13,39,83,-10.79,85.6,89.4,7.5,18.3,24.9,18.1,77,38,82,95,83.9,0,0,0,0,0,0,124082804083.88953,1053692271.0,0.0202,0.151,7680190,8211746,1,74.7,-38.8,2026-08-19
709,DC,Basic Materials,Gold,NYSE ARCA,1317350,6.13,112.08,56,114,-15.45,68.0,78.5,3.5,15.8,29.1,17.1,77,21,79,93,76.6,0,0,0,0,0,0,835897736.4891467,134172991.0,0.0622,,1401980,1621916,1,67.4,-48.0,2026-08-19
710,JNJ,Healthcare,Drug Manufacturers - General,NYSE,7523443,262.37,112.06,-2,-7,-4.56,57.0,100.0,4.0,4.6,7.8,18.4,77,79,74,84,75.6,0,0,0,0,0,0,627417114437.8037,2409898597.0,0.0117,0.066,6222550,8163062,0,78.1,1.2,2026-08-19
711,MANH,Technology,Software - Application,NASDAQ,925780,196.47,112.03,27,-1,-10.93,70.4,86.4,4.6,10.6,27.1,32.1,77,50,22,18,28.7,0,0,0,0,0,0,11508818387.49347,58304972.0,0.0538,0.093,925540,806182,0,29.7,19.9,2026-08-19
712,ARHS,Consumer Cyclical,Specialty Retail,NASDAQ,1353476,9.53,111.98,46,26,-25.89,71.0,57.9,1.2,12.5,22.1,14.4,77,31,11,26,17.9,0,0,0,0,0,0,1388508087.2325745,141540064.0,0.0879,0.074,2119770,1363668,0,21.5,9.6,2026-08-19
713,SHOP,Technology,Software - Application,NASDAQ,10148916,148.65,111.96,46,39,-18.41,53.6,61.2,-3.0,6.7,17.2,11.2,77,31,24,30,38.0,0,0,0,0,0,0,198554900855.5816,1286643931.0,0.0167,0.337,14027550,9584556,0,30.7,-2.6,2026-08-19
714,CYTK,Healthcare,Biotechnology,NASDAQ,1842866,75.87,111.92,-12,-10,-14.09,120.0,81.7,1.6,-0.2,-1.8,12.6,77,89,91,89,87.4,0,0,0,0,0,0,10305805594.500778,139023418.0,0.1685,-0.571,2083610,2143772,1,89.1,0.6,2026-08-19
715,FULT,Financial Services,Banks - Regional,NASDAQ,1795946,24.47,111.91,-3,-16,-3.01,40.9,81.7,-2.6,-3.1,-1.2,11.7,77,80,67,69,59.2,0,0,0,0,0,0,4717598923.14148,191461000.0,0.0496,0.137,1472720,2002596,0,68.8,13.9,2026-08-19
716,HTLD,Industrials,Trucking,NASDAQ,713680,12.82,111.9,-15,-18,-22.96,78.9,61.1,2.0,-1.0,-10.9,9.3,77,92,89,79,77.6,0,0,0,0,0,0,989084091.739995,77332611.0,0.0631,-0.125,813780,704808,1,84.4,10.1,2026-08-19
717,PAA,Energy,Oil & Gas Midstream,NASDAQ,2372116,23.75,111.88,-9,-13,-5.11,51.4,90.0,2.0,0.3,3.9,15.4,77,86,82,73,65.5,0,0,0,0,0,0,16863038124.847755,705566460.0,0.0165,0.663,2774400,2411582,0,76.6,13.3,2026-08-19
718,BCRX,Healthcare,Drug Manufacturers - Specialty & Generic,NASDAQ,3841103,9.94,111.87,5,-2,-11.41,61.4,78.6,2.0,5.2,6.1,20.2,76,71,64,33,52.0,0,0,0,0,0,0,2488911864.212656,255535105.0,0.1293,0.336,4088470,4720048,0,55.0,17.8,2026-08-19
719,TDAY,Communication Services,Publishing,NYSE,2038630,7.17,111.8,-18,-21,-22.15,92.8,58.5,-4.6,-14.3,-17.0,0.3,76,94,91,86,77.1,0,0,0,0,0,0,1033598299.03934,146817941.0,0.1392,-0.083,3259330,1878330,2,87.0,10.4,2026-08-19
720,KODK,Industrials,Specialty Business Services,NYSE,845523,9.97,111.77,43,94,-32.95,69.2,45.4,-1.9,6.1,7.5,9.3,76,33,84,64,83.3,0,0,0,0,0,0,979000000.0,97900000.0,0.106300004,0.183,1094580,910842,0,66.1,-36.4,2026-08-19
721,CLPT,Healthcare,Medical Devices,NASDAQ,584816,15.5,111.77,7,-35,-48.5,84.3,34.9,6.6,9.1,2.2,17.2,76,69,27,62,66.2,0,0,0,0,0,0,467934846.83457565,30504227.0,0.1321,0.181,741380,763710,0,56.1,7.0,2026-08-19
722,WERN,Industrials,Trucking,NASDAQ,1260653,39.11,111.76,-16,-24,-17.65,64.0,63.9,0.4,-2.2,-8.4,10.8,76,92,84,75,63.2,0,0,0,0,0,0,2331911889.342514,59977156.0,0.0923,0.24,907720,1182842,1,78.6,18.6,2026-08-19
723,SLF,Financial Services,Insurance - Diversified,NYSE,653353,80.71,111.75,-5,-12,-4.35,38.0,82.7,-1.9,-2.8,-0.5,15.9,76,81,74,60,65.9,0,0,0,0,0,0,45057735488.4093,553738896.0,9.51,0.075,851100,623246,0,70.2,12.4,2026-08-19
724,IOT,Technology,Software - Infrastructure,NYSE,5358700,39.0,111.71,8,-25,-17.84,61.6,71.3,-1.3,3.6,9.8,16.6,76,68,35,12,50.9,0,0,0,0,0,0,23186034696.267014,582710082.0,0.11359999,0.305,4938850,6103154,0,41.5,23.0,2026-08-19
725,FCF,Financial Services,Banks - Regional,NYSE,827550,21.51,111.67,-2,-13,-3.72,37.7,86.6,-1.9,-1.8,1.6,14.6,76,78,67,61,58.5,0,0,0,0,0,0,2184829183.3095074,101055925.0,0.0427,0.096,746820,803952,0,66.1,14.2,2026-08-19
726,HWC,Financial Services,Banks - Regional,NASDAQ,865503,78.84,111.58,-3,-19,-1.61,39.6,85.6,-2.6,-1.9,1.5,12.4,76,79,63,69,57.7,0,0,0,0,0,0,6400195469.311462,80223058.0,0.0853,0.076,647330,929490,0,67.2,14.2,2026-08-19
727,OUT,Real Estate,REIT - Specialty,NYSE,1670190,29.78,111.56,-15,-16,-14.82,77.6,78.8,0.3,-2.8,-4.6,9.7,76,91,90,84,78.0,0,0,0,0,0,0,5326329949.92584,176135251.0,0.06,0.135,2272480,1863726,2,85.8,8.0,2026-08-19
728,LYG,Financial Services,Banks - Regional,NYSE,15057103,6.15,111.49,1,-5,-3.0,39.1,83.1,-3.3,-3.0,0.8,9.0,76,75,69,82,61.4,0,0,0,0,0,0,90099731761.25732,14508813399.0,0.0001,0.123,12586370,21028596,0,71.9,6.0,2026-08-19
729,DUOT,Technology,Software - Application,NASDAQ,950750,10.28,111.48,41,66,-32.72,79.2,55.0,12.0,19.7,8.8,13.6,76,35,60,63,81.0,0,0,0,0,0,0,286174204.77513504,31413196.0,0.21700001,-0.45,1149800,867046,0,59.7,-31.1,2026-08-19
730,CPAY,Technology,Software - Infrastructure,NYSE,535033,407.62,111.48,5,-4,-4.3,59.6,89.3,-0.0,3.0,10.5,24.4,76,71,62,55,60.6,0,0,0,0,0,0,27419448943.15439,65659599.0,0.040900003,0.215,602960,635368,0,62.2,9.3,2026-08-19
731,EVER,Communication Services,Internet Content & Information,NASDAQ,717406,23.65,111.47,-9,-55,-17.68,75.4,79.1,1.4,0.5,5.7,17.7,76,85,39,15,42.4,0,0,0,0,0,0,863815451.4587669,35373278.0,0.23979999,0.246,781240,734268,0,45.4,39.9,2026-08-19
732,DGX,Healthcare,Diagnostics & Research,NYSE,982786,235.52,111.47,9,-5,-1.92,39.4,100.0,1.8,2.8,11.0,22.4,76,67,53,68,65.2,0,0,0,0,0,0,25871514910.334476,110373360.0,0.0335,0.102,688940,959484,0,63.3,2.1,2026-08-19
733,HCC,Basic Materials,Coking Coal,NYSE,653320,98.63,111.42,18,39,-10.65,90.5,90.5,8.8,18.6,19.9,20.7,76,58,79,88,79.0,0,0,0,0,0,0,5185164782.2608185,52802087.0,0.1179,0.713,624740,701404,0,76.0,-18.6,2026-08-19
734,IRM,Real Estate,REIT - Specialty,NYSE,1966803,129.9,111.41,3,10,-3.55,54.8,79.7,-2.0,-2.2,-2.1,12.9,76,73,80,78,64.4,0,0,0,0,0,0,38531672776.71948,297702812.0,0.0382,0.185,1753140,1867292,0,73.8,2.6,2026-08-19
735,KTB,Consumer Cyclical,Apparel Manufacturing,NYSE,753693,81.77,111.4,-1,-45,-8.08,43.0,80.4,2.1,-0.4,1.0,14.3,76,77,33,29,50.4,0,0,0,0,0,0,4640092421.394806,54653620.0,0.1272,0.186,893580,836000,0,47.3,27.3,2026-08-19
736,SKY,Consumer Cyclical,Residential Construction,NYSE,652423,93.21,111.37,20,-14,-6.01,44.1,85.3,-1.0,5.4,9.2,12.5,76,56,22,64,58.6,0,0,0,0,0,0,5131101000.760071,54280134.0,0.060300004,0.013,763730,759032,0,50.2,0.5,2026-08-19
737,DLTR,Consumer Defensive,Discount Stores,NASDAQ,2307646,129.54,111.35,5,-42,-9.03,55.0,83.3,1.6,3.0,8.0,14.5,76,71,24,84,48.5,0,0,0,0,0,0,24865469824.02594,192174588.0,0.0643,0.072,1805860,2872700,0,56.9,13.3,2026-08-19
738,BBIO,Healthcare,Biotechnology,NASDAQ,2970873,79.89,111.35,-6,-11,-14.48,77.5,85.5,1.5,1.5,8.7,15.4,76,82,77,86,80.0,0,0,0,0,0,0,15611629792.956083,195487474.0,0.13350001,1.204,2176950,3332200,0,81.2,0.7,2026-08-19
739,INDV,Healthcare,Drug Manufacturers - Specialty & Generic,NASDAQ,2103886,39.08,111.28,-17,-19,-8.71,73.4,85.6,0.6,-0.3,-1.4,10.5,76,93,91,95,80.0,0,0,0,0,0,0,4603712249.408009,118013649.0,0.1095,0.136,3245910,2031158,3,89.8,6.3,2026-08-19
740,BCS,Financial Services,Banks - Diversified,NYSE,4705653,27.8,111.06,-3,-17,-3.1,38.8,81.6,-3.4,-3.1,-0.5,9.7,76,79,65,83,62.5,0,0,0,0,0,0,94731883301.50237,3366449373.0,1.33,0.156,2762900,4841540,0,72.4,8.8,2026-08-19
741,VISN,Technology,Communication Equipment,NASDAQ,6885983,11.66,111.03,-19,-20,-43.26,13.1,12.2,-0.8,-3.5,-7.4,-29.2,76,95,94,95,12.6,0,0,0,0,0,0,2659122468.776104,230626412.0,0.081599995,-0.014,9876200,6526768,3,74.1,41.3,2026-08-19
742,MEC,Industrials,Metal Fabrication,NYSE,591960,24.5,111.0,-19,-30,-36.79,79.9,40.2,-4.1,-11.5,-26.5,-0.3,76,95,84,86,75.8,0,0,0,0,0,0,614302977.6810417,25500331.0,0.0998,0.232,725150,627166,1,85.2,12.5,2026-08-19
743,FANG,Energy,Oil & Gas E&P,NASDAQ,1831803,206.29,110.93,-5,-3,-3.83,55.0,93.5,4.0,4.8,8.8,17.6,76,81,83,71,72.9,0,0,0,0,0,0,56695607628.06104,280019792.0,0.042600002,0.525,1712810,2195912,0,77.0,5.9,2026-08-19
744,WULF,Financial Services,Capital Markets,NASDAQ,34559806,17.6,110.93,-18,-15,-41.02,76.5,33.3,-7.3,-10.7,-26.6,-12.6,76,94,97,98,79.3,0,0,0,1,0,1,8672075187.508821,498968677.0,0.262,-0.06,30080960,33354520,3,92.1,6.2,2026-08-19
745,FN,Technology,Electronic Components,NYSE,800123,598.58,110.84,21,61,-20.07,64.1,37.8,-15.9,-10.7,-14.8,-15.3,75,54,94,95,65.0,0,0,0,0,0,0,20430833293.100582,35829740.0,0.061300002,0.393,815250,938652,2,77.0,-17.7,2026-08-19
746,ASM,Basic Materials,Other Precious Metals & Mining,NYSE ARCA,3624370,7.2,110.82,40,91,-39.95,105.1,51.4,7.2,19.0,21.9,12.1,75,35,86,98,86.9,0,0,0,1,0,1,1230402578.1169703,175271023.0,0.044499997,0.228,4873500,3910564,1,76.5,-43.6,2026-08-19
747,PH,Industrials,Specialty Industrial Machinery,NYSE,617176,1053.76,110.79,9,-2,-4.2,42.8,85.8,-3.2,0.5,5.3,10.9,75,66,55,83,64.8,0,0,0,0,0,0,133128310747.36902,126086389.0,0.0123000005,0.098,745610,640164,0,67.2,-1.7,2026-08-19
748,GPN,Industrials,Specialty Business Services,NYSE,3226503,90.38,110.76,14,-18,-5.44,46.9,90.5,2.5,5.2,18.5,22.8,75,61,29,35,41.2,0,0,0,0,0,0,24622741997.05124,264618390.0,0.0797,0.686,3504740,3586604,0,41.5,18.3,2026-08-19
749,GL,Financial Services,Insurance - Life,NYSE,638980,179.41,110.73,-11,-27,-6.34,31.5,73.8,-4.9,-4.7,-2.5,13.7,75,86,70,60,56.9,0,0,0,0,0,0,14053701741.0,77644761.0,0.0007,0.08,532600,664432,0,68.2,21.4,2026-08-19
750,UBSI,Financial Services,Banks - Regional,NASDAQ,930956,48.98,110.73,-1,-10,-1.29,39.0,88.8,-1.9,-1.7,2.0,12.6,75,76,67,69,59.0,0,0,0,0,0,0,6711193435.523167,136212571.0,0.041199997,0.062,681730,1025344,0,67.7,10.8,2026-08-19
751,CDP,Real Estate,REIT - Office,NYSE,855056,36.81,110.71,-6,-23,-5.37,34.8,86.1,-0.2,-1.6,1.0,14.3,75,81,64,67,64.2,0,0,0,0,0,0,4190516509.625313,113410458.0,0.0847,0.039,712160,1010126,0,69.1,12.9,2026-08-19
752,RAMP,Technology,Software - Infrastructure,NYSE,901776,37.68,110.64,-10,-10,-1.44,68.2,98.1,-0.1,-0.1,0.0,22.4,75,85,85,27,70.5,0,0,0,0,0,0,2301089975.93422,60794982.0,0.0806,0.098,911660,1059234,0,66.9,18.8,2026-08-19
753,PRM,Basic Materials,Specialty Chemicals,NYSE,1590196,32.59,110.57,-15,-13,-14.62,65.3,62.1,-10.1,-10.5,-11.1,5.3,75,90,92,91,79.0,0,0,0,0,0,0,5548986939.466423,163686923.0,0.040799998,0.315,1585600,1779946,3,88.0,5.1,2026-08-19
754,WAT,Healthcare,Diagnostics & Research,NYSE,831310,407.74,110.49,15,2,-2.98,46.8,99.8,1.4,5.3,9.6,16.2,75,60,47,30,68.5,0,0,0,0,0,0,40469265173.76358,98185855.0,0.0425,1.134,880360,883962,0,51.4,3.1,2026-08-19
755,SGML,Basic Materials,Other Industrial Metals & Mining,NASDAQ,1676786,11.43,110.46,36,90,-53.31,133.8,33.0,-4.3,1.6,-8.1,-16.1,75,39,93,89,86.2,0,0,0,0,0,0,1343655079.890438,112064646.0,0.0498,-0.112,1935300,1933914,1,76.8,-39.0,2026-08-19
756,MGM,Consumer Cyclical,Resorts & Casinos,NYSE,2433146,43.78,110.38,-7,-32,-15.14,40.7,62.6,-1.6,-3.2,-6.3,10.9,75,82,57,47,53.4,0,0,0,0,0,0,11283039073.101995,255851235.0,0.16690001,0.01,2419470,2886726,0,59.8,23.8,2026-08-19
757,RVTY,Healthcare,Diagnostics & Research,NYSE,1404543,116.17,110.33,11,-11,-1.83,45.2,100.0,2.8,4.8,8.9,19.4,75,64,42,39,62.5,0,0,0,0,0,0,13037754684.198397,111586401.0,0.0947,0.013,1371860,1448170,0,51.9,8.0,2026-08-19
758,UAL,Industrials,Airlines,NASDAQ,3921520,122.26,110.25,2,-22,-11.9,35.9,60.1,-6.8,-6.6,-5.9,8.0,75,73,49,75,49.1,0,0,0,0,0,0,40681568518.91016,324569728.0,0.073,0.16,2814020,4685720,0,61.5,14.0,2026-08-19
759,AUR,Consumer Cyclical,Auto Parts,NASDAQ,23556873,6.97,110.25,4,20,-18.62,64.3,52.4,-8.6,-5.8,-3.4,17.7,75,71,87,36,31.6,0,0,0,0,0,0,13708809143.226236,1961203089.0,0.1865,1.0,23200660,26880696,0,56.4,25.1,2026-08-19
760,GS,Financial Services,Capital Markets,NYSE,1914856,1051.31,110.23,-6,-7,-8.9,42.7,70.1,-1.5,-1.6,-3.0,9.4,75,81,80,79,68.3,0,0,0,0,0,0,302649397698.9785,291171408.0,0.0214,0.425,1730870,2105686,0,77.1,6.9,2026-08-19
761,BMRN,Healthcare,Biotechnology,NASDAQ,2016366,66.64,110.22,14,-23,-6.11,39.6,95.6,3.0,8.7,15.1,21.4,75,61,24,54,54.5,0,0,0,0,0,0,13039128524.388046,193573759.0,0.0648,0.199,2855430,2035536,0,48.4,8.4,2026-08-19
762,SVRA,Healthcare,Biotechnology,NASDAQ,1668350,5.37,110.21,-11,-25,-23.34,85.4,65.4,0.4,1.3,-0.6,1.7,75,86,72,91,88.2,0,0,0,0,0,0,1102508424.0120585,204927212.0,0.2101,,1431050,1821984,1,84.3,-0.7,2026-08-19
763,WDS,Energy,Oil & Gas E&P,NYSE,675606,23.61,110.16,-5,-1,-6.27,67.3,91.5,3.3,4.5,11.4,18.9,75,80,84,76,66.9,0,0,0,0,0,0,44048490458.35243,1901100143.0,5.37,-0.111,506940,897340,0,76.7,7.0,2026-08-19
764,FLR,Industrials,Engineering & Construction,NYSE,2480096,54.74,110.09,25,14,-5.51,36.4,83.1,2.0,4.4,5.3,14.2,75,50,39,81,60.4,0,0,0,0,0,0,7004019535.939129,133741067.0,0.0996,0.088,3456080,2600126,0,57.6,-10.3,2026-08-19
765,ETN,Industrials,Specialty Industrial Machinery,NYSE,2239303,455.4,110.06,17,22,-4.73,34.5,75.5,-5.2,-1.0,2.3,12.1,75,58,63,67,53.9,0,0,0,0,0,0,175321336791.9922,388300000.0,0.0176,0.214,1815120,2373776,0,60.5,-0.2,2026-08-19
766,SLB,Energy,Oil & Gas Equipment & Services,NYSE,11746036,53.86,110.01,7,26,-8.43,68.8,83.0,1.4,4.3,7.7,11.8,75,68,87,86,77.8,0,0,0,0,0,0,79802382210.25685,1484143231.0,0.0432,0.05,9233030,13913938,0,79.7,-10.4,2026-08-19
767,MET,Financial Services,Insurance - Life,NYSE,3663113,96.68,109.93,-3,-21,-4.21,40.5,85.0,-2.1,-1.5,3.7,17.8,75,78,60,37,55.6,0,0,0,0,0,0,62060679018.00601,635476927.0,0.0178,0.105,3268150,3819800,0,57.6,21.2,2026-08-19
768,XYZ,Technology,Software - Infrastructure,NYSE,4954163,80.2,109.9,7,13,-7.55,64.9,89.6,1.1,0.2,3.9,19.2,75,68,74,20,40.8,0,0,0,0,0,0,49793887949.86725,600795000.0,0.0311,0.093,5665010,5449582,0,50.7,22.6,2026-08-19
769,AXTA,Basic Materials,Specialty Chemicals,NYSE,1589890,36.11,109.88,15,-18,-6.48,42.6,84.9,-1.9,1.0,5.5,15.8,75,60,27,58,51.9,0,0,0,0,0,0,7985086381.981739,214019997.0,0.056799997,0.031,1538430,1939686,0,49.2,7.8,2026-08-19
770,HSIC,Healthcare,Medical Distribution,NASDAQ,1344923,89.52,109.88,2,-30,-2.89,43.9,94.9,0.1,1.8,4.7,14.6,75,73,41,65,63.8,0,0,0,0,0,0,10226306893.479012,113916757.0,0.0685,0.067,1356270,1364622,0,60.7,9.4,2026-08-19
771,ODFL,Industrials,Trucking,NASDAQ,1685363,211.96,109.87,-9,-14,-15.9,62.4,64.3,-3.0,-5.2,-7.9,6.2,75,84,79,79,66.0,0,0,0,0,0,0,43746026796.46088,207356622.0,0.0463,0.104,1628700,1802714,0,77.0,10.5,2026-08-19
772,NMR,Financial Services,Capital Markets,NYSE,931310,9.81,109.85,-2,-15,-2.49,41.3,84.0,-3.1,-2.6,1.1,11.7,74,76,63,81,60.3,0,0,0,0,0,0,28699862878.735386,2922593052.0,0.0007,0.312,603560,1131580,0,70.1,8.1,2026-08-19
773,CART,Consumer Cyclical,Internet Retail,NASDAQ,4142496,48.86,109.83,11,-2,-4.31,53.9,100.0,3.2,8.2,9.9,21.9,74,63,50,23,45.1,0,0,0,0,0,0,11315723522.228748,231500067.0,0.1067,0.141,4997810,4288548,0,45.3,18.3,2026-08-19
774,ST,Technology,Scientific & Technical Instruments,NYSE,1610676,45.92,109.78,-7,0,-14.79,49.9,56.9,-5.9,-7.1,-9.0,8.6,74,81,88,79,61.0,0,0,0,0,0,0,6728122833.638969,145535862.0,0.0584,0.05,1207790,1751980,0,77.2,9.7,2026-08-19
775,CAH,Healthcare,Medical Distribution,NYSE,2250203,235.66,109.78,-4,-21,-8.76,60.8,94.3,-0.4,0.7,2.2,10.4,74,78,61,84,76.9,0,0,0,0,0,0,54694833527.90112,232575728.0,0.0327,0.058,2213120,2341646,0,75.0,1.0,2026-08-19
776,SON,Consumer Cyclical,Packaging & Containers,NYSE,1124770,56.75,109.77,4,-14,-6.46,47.4,87.5,0.3,0.3,5.5,15.7,74,70,52,79,57.6,0,0,0,0,0,0,5761446470.071384,98875003.0,0.1497,-0.013,725920,1190874,0,64.7,6.2,2026-08-19
777,ARQT,Healthcare,Biotechnology,NASDAQ,1532856,25.61,109.76,-10,-45,-19.39,72.7,70.2,1.5,-1.1,0.3,3.4,74,84,49,88,79.6,0,0,0,0,0,0,3291872525.716749,125691961.0,0.1076,0.593,1883540,1662598,0,75.1,4.9,2026-08-19
778,SEIC,Financial Services,Asset Management,NASDAQ,719900,105.47,109.76,-1,-11,-1.43,42.8,100.0,1.6,3.2,10.5,23.4,74,75,65,36,54.8,0,0,0,0,0,0,12767640251.517471,120019182.0,0.0179,0.147,517260,700346,0,57.7,18.9,2026-08-19
779,TEX,Industrials,Farm & Heavy Construction Machinery,NYSE,1303786,67.34,109.75,9,5,-9.84,54.6,69.6,-3.0,-2.7,-3.0,7.5,74,65,61,88,60.2,0,0,0,0,0,0,7763255790.710449,114300000.0,0.0651,0.505,1038800,1419018,0,68.6,-1.8,2026-08-19
780,HAFN,Industrials,Marine Shipping,NYSE,1043636,7.86,109.74,-5,5,-17.57,51.8,63.5,3.7,4.5,7.3,12.0,74,79,89,81,71.2,0,0,0,0,0,0,3868307186.309137,499781305.0,0.0172,0.225,937760,1473714,0,80.1,2.5,2026-08-19
781,EXK,Basic Materials,Silver,NYSE,7117066,10.14,109.73,46,104,-33.07,107.0,64.5,8.2,21.5,29.0,14.0,74,28,86,97,87.0,0,0,0,0,0,0,3156900100.9519386,296144479.0,3.84,1.394,8424200,7085084,1,74.5,-49.1,2026-08-19
782,CNI,Industrials,Railroads,NYSE,1554273,126.59,109.62,-6,-18,-3.77,40.4,92.6,0.8,0.2,3.6,17.5,74,80,68,66,65.7,0,0,0,0,0,0,76725513784.79004,604900000.0,2.87,0.113,1324590,1658764,0,69.9,11.1,2026-08-19
783,BOBS,Consumer Cyclical,Specialty Retail,NYSE,1032576,18.34,109.62,14,-35,-21.92,87.3,67.8,-0.0,4.9,16.7,,74,60,11,77,,0,0,0,0,0,0,2472599487.8906326,130687076.0,0.2018,0.088,1277350,1048876,0,49.3,,2026-08-19
784,VTRS,Healthcare,Drug Manufacturers - Specialty & Generic,NASDAQ,10324513,16.23,109.62,-17,-21,-11.75,71.2,80.7,0.1,-4.0,-2.0,13.4,74,91,87,90,74.6,0,0,0,0,0,0,18641629196.93683,1148590864.0,0.0397,0.049,12612150,10333688,2,85.6,8.8,2026-08-19
785,BMY,Healthcare,Drug Manufacturers - General,NYSE,11672033,64.63,109.6,0,-3,-5.1,58.7,100.0,4.4,5.2,12.6,18.9,74,74,71,79,68.1,0,0,0,0,0,0,130386480232.80225,2042714656.0,0.0256,0.057,10615070,12336502,0,73.0,2.2,2026-08-19
786,ASB,Financial Services,Banks - Regional,NYSE,1801856,32.06,109.53,-1,-12,-1.23,27.8,81.5,-2.8,-1.7,0.4,11.2,74,75,64,61,55.4,0,0,0,0,0,0,6105509821.264053,188849659.0,0.0001,0.235,1348720,2056626,0,63.8,13.7,2026-08-19
787,REGN,Healthcare,Biotechnology,NASDAQ,773746,805.93,109.51,22,6,-1.85,51.4,100.0,4.8,11.4,23.1,16.5,74,52,36,67,73.0,0,0,0,0,0,0,82722271747.40039,102954988.0,0.0348,0.167,737570,899860,0,57.0,-11.9,2026-08-19
788,PCAR,Industrials,Farm & Heavy Construction Machinery,NASDAQ,3532176,130.84,109.44,5,-7,-6.03,37.1,76.2,-2.5,-3.6,1.4,8.1,74,69,57,77,61.6,0,0,0,0,0,0,68843268668.92561,526364953.0,0.0269,0.005,3257090,3495044,0,66.2,3.3,2026-08-19
789,LH,Healthcare,Diagnostics & Research,NYSE,708503,323.34,109.42,16,-5,-0.69,34.0,100.0,2.6,5.6,14.7,22.1,74,58,37,61,54.9,0,0,0,0,0,0,25800343395.996094,81100000.0,0.025999999,0.058,511280,685848,0,52.7,3.0,2026-08-19
790,DBX,Technology,Software - Infrastructure,NASDAQ,4095693,33.38,109.4,1,-22,-8.04,54.1,86.0,-1.0,2.4,13.0,24.2,74,73,50,26,56.1,0,0,0,0,0,0,7484374547.830673,217442619.0,0.3143,0.009,4982950,4056204,0,51.3,20.1,2026-08-19
791,MHK,Consumer Cyclical,"Furnishings, Fixtures & Appliances",NYSE,922606,135.34,109.31,38,28,-5.44,43.4,89.4,-0.6,5.5,14.4,20.1,74,36,26,61,37.4,0,0,0,0,0,0,9490114527.940826,67738145.0,0.1097,0.068,947790,867634,0,40.1,-4.7,2026-08-19
792,FLS,Industrials,Specialty Industrial Machinery,NYSE,1848666,80.97,109.31,28,40,-12.38,58.7,67.1,-2.6,1.4,3.6,3.5,74,46,58,89,70.7,0,0,0,0,0,0,10279610867.725676,127112780.0,0.0639,-0.016,1398610,1900402,0,65.9,-22.1,2026-08-19
793,A,Healthcare,Diagnostics & Research,NYSE,1896043,148.45,109.28,20,-1,-7.38,41.0,96.2,4.7,8.0,13.8,18.4,74,54,33,34,62.2,0,0,0,0,0,0,41949616297.55444,282431944.0,0.0231,0.1,1286880,2056798,0,45.8,2.0,2026-08-19
794,LOAR,Industrials,Aerospace & Defense,NYSE,626280,77.83,109.26,36,23,-6.71,42.3,80.8,3.0,5.1,5.8,12.8,74,38,25,31,46.8,0,0,0,0,0,0,7252424883.207428,93688471.0,0.1376,0.394,615790,729694,0,35.2,-1.7,2026-08-19
795,VET,Energy,Oil & Gas E&P,NYSE,1454186,11.88,109.24,12,39,-19.84,77.7,74.7,9.0,11.2,20.2,18.9,74,62,89,80,82.1,0,0,0,0,0,0,1732752023.3154297,152800000.0,8.52,0.231,1092860,1450824,0,78.3,-16.4,2026-08-19
796,SKWD,Financial Services,Insurance - Property & Casualty,NASDAQ,545400,57.57,109.22,-3,-44,-12.36,36.7,62.1,-6.7,-7.3,-1.3,15.0,74,77,36,32,47.5,0,0,0,0,0,0,2424475256.068096,40543065.0,0.049000002,0.53,581440,588188,0,48.1,27.8,2026-08-19
797,BBT,Financial Services,Banks - Regional,NYSE,771743,32.61,109.19,8,2,-0.67,38.1,92.9,-0.2,1.8,4.1,9.9,74,66,60,73,59.6,0,0,0,0,0,0,2687981852.4413605,83816086.0,0.0424,1.445,737220,851028,0,64.7,2.4,2026-08-19
798,COP,Energy,Oil & Gas E&P,NYSE,6564350,127.56,109.18,1,7,-6.12,52.4,93.3,4.5,7.5,13.5,18.7,74,73,79,74,67.8,0,0,0,0,0,0,154455312720.2847,1218294007.0,0.0154,0.355,7062620,7194512,0,73.5,1.8,2026-08-19
799,TTAN,Technology,Software - Application,NASDAQ,1341580,88.39,109.16,35,13,-26.34,71.9,61.8,5.9,12.9,23.3,21.1,74,39,17,14,28.6,0,0,0,0,0,0,8623941287.165154,95397579.0,0.2024,0.246,1177600,1639964,0,24.6,12.4,2026-08-19
800,RUM,Communication Services,Internet Content & Information,NASDAQ,2851013,8.24,109.15,50,92,-21.82,78.2,71.9,14.1,25.2,26.1,29.0,74,24,66,21,40.6,0,0,0,0,0,0,2057049773.0787964,275743936.0,0.158,0.609,4316030,3320972,0,37.9,-11.9,2026-08-19
801,WBS,Financial Services,Banks - Regional,NYSE,4769236,78.69,109.12,0,2,-1.32,43.4,93.8,-1.4,-0.4,1.4,11.4,74,74,76,79,64.0,0,0,0,0,0,0,12800642392.0,162033448.0,0.0,0.058,6237010,4331584,0,73.3,3.8,2026-08-19
802,JCI,Industrials,Building Products & Equipment,NYSE,3408930,153.92,109.12,3,4,-2.0,40.0,80.8,-4.6,-2.5,-0.2,8.9,74,71,72,85,67.3,0,0,0,0,0,0,93066119081.08476,605741470.0,0.0231,0.093,3238750,4177624,0,73.8,-1.1,2026-08-19
803,SIBN,Healthcare,Medical Devices,NASDAQ,523226,18.69,109.1,7,-30,-14.62,71.5,84.8,5.3,8.7,15.8,22.9,74,67,30,26,61.8,0,0,0,0,0,0,839531940.7243271,44349283.0,0.1321,0.152,502940,542156,0,46.2,14.5,2026-08-19
804,SBH,Consumer Cyclical,Specialty Retail,NYSE,1428190,16.24,109.09,10,-18,-9.38,41.5,94.8,1.2,4.9,13.7,14.0,74,64,36,83,56.9,0,0,0,0,0,0,1537278041.782814,93622292.0,0.30629998,0.002,1543490,1493702,0,60.0,2.5,2026-08-19
805,PKG,Consumer Cyclical,Packaging & Containers,NYSE,660416,252.97,109.07,9,-2,-2.7,31.9,93.1,-0.7,0.6,5.9,14.9,73,64,53,66,58.9,0,0,0,0,0,0,22762833047.851,89098299.0,0.0428,0.147,466660,657702,0,60.5,3.3,2026-08-19
806,PRU,Financial Services,Insurance - Life,NYSE,1843156,124.56,109.06,1,-26,-2.47,32.8,91.2,-0.7,-0.2,6.0,14.3,73,72,45,35,48.7,0,0,0,0,0,0,43169849052.4292,345000000.0,0.04,0.141,1946600,1886002,0,50.2,21.7,2026-08-19
807,FHI,Financial Services,Asset Management,NYSE,567013,64.15,108.97,8,5,-4.54,35.3,94.5,0.7,3.1,7.4,15.7,73,65,62,75,53.2,0,0,0,0,0,0,4787963615.469414,74660281.0,0.0517,0.183,525380,597284,0,63.8,4.2,2026-08-19
808,UNP,Industrials,Railroads,NYSE,2862490,299.9,108.94,-9,-24,-5.09,40.4,94.0,2.0,1.9,6.0,18.1,73,82,67,69,66.7,0,0,0,0,0,0,174468087901.5011,594075498.0,0.049200002,0.115,2183580,2812510,0,71.2,11.8,2026-08-19
809,PRGS,Technology,Software - Infrastructure,NASDAQ,536073,42.86,108.94,18,-25,-9.52,74.7,86.0,1.2,5.0,17.9,18.7,73,55,12,26,30.2,0,0,0,0,0,0,1793495934.885765,41012942.0,0.1634,0.068,395450,722114,0,30.8,22.5,2026-08-19
810,PFS,Financial Services,Banks - Regional,NYSE,982876,24.57,108.9,-4,-11,-3.61,33.4,79.0,-3.5,-3.2,-0.4,9.1,73,77,70,74,56.4,0,0,0,0,0,0,3213613227.916352,130422618.0,0.0645,0.038,827990,1037612,0,69.4,11.6,2026-08-19
811,EWBC,Financial Services,Banks - Regional,NASDAQ,747680,135.52,108.86,-5,-10,-1.3,38.3,85.3,-2.5,-1.7,-0.6,10.5,73,78,73,68,59.1,0,0,0,0,0,0,18715820365.854004,137011856.0,0.0323,0.163,525950,895280,0,69.5,11.9,2026-08-19
812,LAUR,Consumer Defensive,Education & Training Services,NASDAQ,1031303,37.71,108.86,-1,-5,-7.86,48.8,85.8,2.1,2.2,2.9,12.7,73,74,70,81,72.4,0,0,0,0,0,0,5182130776.06781,137749360.0,0.0286,0.175,908380,1216464,0,74.3,-0.2,2026-08-19
813,COKE,Consumer Defensive,Beverages - Non-Alcoholic,NASDAQ,533856,186.21,108.85,-6,-9,-15.22,67.0,71.4,-0.5,0.0,1.2,6.1,73,79,76,85,78.3,0,0,0,0,0,0,12587973678.96762,66564294.0,0.0784,0.083,544880,540086,0,79.6,-0.6,2026-08-19
814,SFNC,Financial Services,Banks - Regional,NASDAQ,1479713,23.94,108.84,2,-5,-1.56,33.5,84.4,-2.6,-2.3,0.2,11.5,73,71,64,56,49.9,0,0,0,0,0,0,3479892028.094473,144513789.0,0.052399997,0.143,1253500,1570068,0,60.2,14.2,2026-08-19
815,CVI,Energy,Oil & Gas Refining & Marketing,NYSE,963213,36.42,108.84,-4,2,-12.6,77.1,82.8,6.5,7.2,15.5,20.5,73,77,83,21,66.1,0,0,0,0,0,0,3544708752.0027275,100530599.0,0.1858,0.555,864210,1021712,0,61.8,16.1,2026-08-19
816,RYTM,Healthcare,Biotechnology,NASDAQ,678420,115.44,108.82,7,-20,-5.53,52.6,95.5,0.5,5.1,8.7,16.7,73,66,39,73,51.9,0,0,0,0,0,0,7951038660.491867,68852082.0,0.1383,0.469,813170,831344,0,57.5,8.3,2026-08-19
817,XOM,Energy,Oil & Gas Integrated,NYSE,14318490,161.46,108.81,-2,4,-8.47,53.4,89.5,3.1,4.6,11.1,16.0,73,75,81,82,75.0,0,0,0,0,0,0,658317129893.1189,4111911960.0,0.0115,0.441,13726750,15950580,0,78.3,-2.0,2026-08-19
818,CRGY,Energy,Oil & Gas E&P,NYSE,5816120,12.69,108.8,1,16,-11.2,73.3,92.1,9.4,14.9,23.4,24.6,73,72,87,58,70.6,0,0,0,0,0,0,4030925028.180496,330403696.0,0.1273,0.553,6085730,5986164,0,71.9,2.0,2026-08-19
819,CEVA,Technology,Semiconductors,NASDAQ,819786,32.71,108.78,-19,-17,-36.61,73.7,38.6,-7.5,-10.0,-24.7,5.0,73,92,94,31,57.5,0,0,0,0,0,0,936967481.7922364,28154072.0,0.081999995,0.131,1032070,834614,2,68.6,29.3,2026-08-19
820,SVV,Consumer Cyclical,Specialty Retail,NYSE,1513393,10.56,108.77,34,16,-23.97,59.2,63.5,1.1,6.3,11.3,22.1,73,39,21,50,33.2,0,0,0,0,0,0,1633480332.9182625,153234555.0,0.21090001,0.074,3078120,1237040,0,35.8,2.5,2026-08-19
821,AUB,Financial Services,Banks - Regional,NYSE,1023696,42.54,108.76,-1,-10,-2.48,32.2,83.2,-2.1,-2.5,-0.1,9.5,73,74,65,71,54.4,0,0,0,0,0,0,6123902893.022766,142814896.0,0.070199996,0.358,773890,1141512,0,66.1,11.3,2026-08-19
822,SW,Consumer Cyclical,Packaging & Containers,NYSE,5070966,47.81,108.76,22,-1,-9.19,48.6,83.6,0.5,1.1,6.4,16.8,73,51,28,64,47.9,0,0,0,0,0,0,25832753219.0,524522908.0,0.0548,0.011,4217230,5706166,0,47.7,1.3,2026-08-19
823,HASI,Financial Services,Asset Management,NYSE,861390,42.13,108.73,0,7,-4.53,57.0,91.4,1.6,5.3,7.6,13.9,73,73,80,81,75.7,0,0,0,0,0,0,5412242537.551689,128495790.0,0.1254,8.044,975600,1010442,0,77.4,-3.7,2026-08-19
824,EQIX,Real Estate,REIT - Specialty,NASDAQ,570016,1097.61,108.7,3,13,-2.75,48.3,90.0,0.9,2.1,2.3,13.9,73,70,80,70,67.2,0,0,0,0,0,0,108746062731.62328,98671686.0,0.0221,0.167,638320,618076,0,71.8,0.4,2026-08-19
825,JLHL,Industrials,Building Products & Equipment,NASDAQ,5402496,7.5,108.69,-22,-18,-87.06,132.1,9.7,-10.1,-1.1,-41.6,-23.3,73,95,99,85,85.1,0,0,1,0,0,1,154215665.30730057,21448632.0,0.1739,0.854,3664620,3367728,2,91.0,6.6,2026-08-19
826,HIW,Real Estate,REIT - Office,NYSE,1400033,30.66,108.68,-9,-47,-13.49,51.9,77.3,0.2,-3.2,-0.6,17.2,73,82,44,25,43.3,0,0,0,0,0,0,3474692707.7094173,110272697.0,0.15890001,0.075,975100,1839874,0,48.6,34.5,2026-08-19
827,RKLB,Industrials,Aerospace & Defense,NASDAQ,19533713,82.08,108.65,43,111,-45.64,92.1,32.8,-4.9,3.2,-9.1,-3.5,73,30,98,96,80.5,0,0,1,0,0,1,51312731867.25,639410989.0,0.0771,0.62,21028840,23617022,2,76.1,-45.2,2026-08-19
828,PENN,Consumer Cyclical,Resorts & Casinos,NASDAQ,2759936,18.65,108.65,-12,-30,-16.59,57.8,66.0,-2.6,-6.1,-9.7,13.1,73,85,67,21,34.1,0,0,0,0,0,0,2520970074.522194,134165511.0,0.1338,0.052,2796310,3306252,0,51.8,40.1,2026-08-19
829,GCMG,Financial Services,Asset Management,NASDAQ,518123,13.7,108.59,2,-38,-4.7,45.8,94.1,-0.0,4.3,8.5,20.4,73,71,31,35,41.1,0,0,0,0,0,0,836910646.1690855,60383165.0,0.031600002,0.118,467130,545854,0,44.5,26.1,2026-08-19
830,ALL,Financial Services,Insurance - Property & Casualty,NYSE,1719366,258.1,108.55,-9,-30,-6.9,36.7,81.9,-1.3,-1.5,4.6,18.9,73,82,61,49,58.5,0,0,0,0,0,0,66099597635.49347,252857950.0,0.00029999999,0.118,1949470,1789994,0,62.6,20.5,2026-08-19
831,EMR,Industrials,Specialty Industrial Machinery,NYSE,2866573,162.05,108.53,34,40,-2.58,27.8,83.5,-1.9,1.0,7.0,11.5,73,39,45,72,51.2,0,0,0,0,0,0,91016224978.6377,557800000.0,0.0223,0.07,3269460,2880268,0,51.8,-13.3,2026-08-19
832,APLD,Technology,Information Technology Services,NASDAQ,19126330,31.18,108.53,7,38,-38.53,103.2,40.1,-5.2,-2.1,-15.4,-12.8,73,66,97,97,81.7,0,0,0,0,0,0,8916009834.824856,285769539.0,0.274,4.066,15534660,20055074,2,85.4,-17.2,2026-08-19
833,IMMR,Technology,Software - Application,NASDAQ,645510,7.51,108.51,35,35,-6.71,39.0,93.4,0.9,2.7,9.4,16.4,73,38,38,28,38.9,0,0,0,0,0,0,248939257.5,33191901.0,0.1093,-0.052,526440,650324,0,35.7,1.6,2026-08-19
834,RIO,Basic Materials,Other Industrial Metals & Mining,NYSE,2706540,97.21,108.44,3,20,-13.65,66.4,77.6,1.1,3.8,3.9,10.4,73,70,87,88,76.7,0,0,0,0,0,0,155662132447.53156,1626903553.0,0.0074,0.155,2221850,2726764,0,80.4,-8.6,2026-08-19
835,DAN,Consumer Cyclical,Auto Parts,NYSE,1417453,31.35,108.42,12,41,-20.75,70.0,61.0,3.0,7.6,8.6,4.1,72,60,89,94,79.8,0,0,0,0,0,0,3264952248.6872463,107576679.0,0.052800003,0.039,1739410,1806330,1,80.7,-19.6,2026-08-19
836,GMAB,Healthcare,Biotechnology,NASDAQ,2388210,32.84,108.41,29,42,-7.31,48.4,90.0,7.5,12.7,21.0,17.2,72,43,56,68,73.2,0,0,0,0,0,0,19915629021.80229,623532520.0,0.012,0.249,3032410,2073360,0,60.1,-21.4,2026-08-19
837,ESI,Basic Materials,Specialty Chemicals,NYSE,5956850,39.22,108.4,-7,0,-20.37,57.4,50.5,-4.8,-3.8,-11.1,5.0,72,79,86,88,69.2,0,0,0,0,0,0,9457456711.35189,243686070.0,0.0514,0.564,2870470,5044702,0,80.5,2.4,2026-08-19
838,TRIN,Financial Services,Asset Management,NYSE,1090580,17.92,108.38,-6,-7,-3.47,27.9,92.9,-0.0,1.6,3.4,13.0,72,78,77,60,48.1,0,0,0,0,0,0,1717741374.5636292,94693574.0,0.0579,0.193,1332390,1096942,0,65.8,18.6,2026-08-19
839,IREN,Financial Services,Capital Markets,NASDAQ,45819460,44.9,108.38,16,57,-41.59,128.7,41.8,2.0,8.2,-2.6,-8.5,72,56,97,98,88.3,0,0,0,1,0,1,15746104867.224922,357378674.0,0.2839,-0.0,43378890,44492808,2,84.8,-28.7,2026-08-19
840,CLS,Technology,Electronic Components,NYSE,2850306,340.4,108.37,7,34,-28.19,66.2,41.2,-6.8,-9.1,-12.7,-8.6,72,65,92,92,75.2,0,0,0,0,0,0,42253528211.40765,126111117.0,0.0287,0.624,3306370,2462660,2,81.1,-13.2,2026-08-19
841,AME,Industrials,Specialty Industrial Machinery,NYSE,1150900,254.17,108.3,3,1,-2.68,35.7,80.7,-3.9,-2.1,1.4,8.8,72,69,67,77,63.9,0,0,0,0,0,0,58413470819.53046,229261244.0,0.0155,0.15,1328300,1199842,0,69.2,1.1,2026-08-19
842,FSM,Basic Materials,Gold,NYSE,5524993,10.77,108.19,42,80,-22.24,67.8,69.8,9.3,20.4,28.8,18.4,72,30,68,95,77.7,0,0,0,0,0,0,3157865341.8697567,295957387.0,3.19,0.382,6148090,5341992,1,67.7,-40.6,2026-08-19
843,Q,Technology,Semiconductor Equipment & Materials,NYSE,1830950,140.76,108.16,-9,-2,-20.6,71.4,51.4,-8.1,-6.7,-12.4,5.6,72,81,88,78,,0,0,0,0,0,0,29770376307.35381,209208543.0,0.0269,0.221,1709980,1983366,0,82.3,,2026-08-19
844,UNM,Financial Services,Insurance - Life,NYSE,1459923,91.51,108.15,1,-1,-3.22,26.8,76.5,-3.5,-1.7,-2.1,9.4,72,71,69,35,60.0,0,0,0,0,0,0,14911916305.109024,159776235.0,0.024600001,0.003,1274280,1549286,0,58.8,12.9,2026-08-19
845,HQY,Healthcare,Health Information Services,NASDAQ,719986,102.33,108.12,10,-15,-4.92,42.0,91.5,-0.6,1.3,9.0,16.6,72,62,37,19,50.6,0,0,0,0,0,0,8755654183.25689,83602157.0,0.066,0.072,670990,845084,0,42.1,16.8,2026-08-19
846,NE,Energy,Oil & Gas Drilling,NYSE,1530493,45.18,108.1,-8,5,-17.82,72.4,69.4,4.4,7.7,9.2,12.9,72,80,93,92,79.9,0,0,0,0,0,0,7199863788.205307,159642218.0,0.0,-0.163,1148400,1607592,2,86.2,-3.7,2026-08-19
847,HBNC,Financial Services,Banks - Regional,NASDAQ,610923,20.36,108.09,-6,-16,-3.23,30.6,79.9,-3.4,-3.8,-1.5,9.4,72,78,68,60,54.6,0,0,0,0,0,0,1056156740.1608964,51344519.0,0.0382,0.169,492900,713590,0,65.2,16.3,2026-08-19
848,SRTA,Healthcare,Medical Care Facilities,NASDAQ,1051120,5.9,108.09,14,34,-9.23,47.6,76.6,0.3,5.9,7.4,17.0,72,58,78,62,65.5,0,0,0,0,0,0,521954163.8368521,88466806.0,0.0602,0.607,1249520,1211594,0,65.9,-6.6,2026-08-19
849,GRAL,Healthcare,Diagnostics & Research,NASDAQ,626633,69.95,108.08,-12,-33,-41.14,135.4,50.3,5.2,6.2,9.6,0.4,72,84,63,28,89.8,0,0,0,0,0,0,3031497424.259476,44666234.0,0.17040001,0.257,863740,646596,0,66.2,10.4,2026-08-19
850,OXY,Energy,Oil & Gas E&P,NYSE,9025006,59.04,108.07,-3,3,-12.47,54.4,77.5,3.0,5.4,10.0,17.2,72,75,81,71,65.6,0,0,0,0,0,0,58338837581.69023,999637371.0,0.0001,0.534,8822670,9272160,0,73.2,4.9,2026-08-19
851,BOX,Technology,Software - Infrastructure,NYSE,2810240,32.29,108.07,6,-25,-4.69,55.0,95.8,1.0,4.0,14.1,21.5,72,66,35,16,39.8,0,0,0,0,0,0,4520379030.907295,138449581.0,0.13859999,0.136,2920230,2554504,0,39.2,26.2,2026-08-19
852,VOD,Communication Services,Telecom Services,NASDAQ,4859993,16.2,108.0,-4,-4,-2.47,44.8,95.2,0.4,1.6,7.7,12.0,72,76,76,87,67.5,0,0,0,0,0,0,37946662933.99551,2311002604.0,0.0046,,4352010,4348074,0,76.6,2.1,2026-08-19
853,RF,Financial Services,Banks - Regional,NYSE,9354093,31.7,107.94,-3,-16,-2.37,31.0,80.0,-2.9,-2.4,0.4,9.0,72,75,62,72,51.4,0,0,0,0,0,0,27176550916.414684,851929506.0,0.0808,0.034,7599880,10018736,0,65.1,13.7,2026-08-19
854,BDX,Healthcare,Medical Instruments & Supplies,NYSE,1799403,182.09,107.88,21,3,-2.81,35.3,100.0,3.4,8.8,17.7,19.5,72,51,33,72,55.3,0,0,0,0,0,0,49955737457.48291,272386800.0,0.0419,0.054,1909990,2234438,0,52.8,-4.6,2026-08-19
855,ONB,Financial Services,Banks - Regional,NASDAQ,4390040,27.07,107.87,-2,-16,-1.06,32.2,82.1,-3.2,-3.0,-0.3,9.3,72,74,60,62,52.6,0,0,0,0,0,0,10394426929.187777,382570000.0,0.061,0.288,3196110,4420996,0,62.2,14.5,2026-08-19
856,GM,Consumer Cyclical,Auto Manufacturers,NYSE,6405563,84.37,107.87,6,13,-8.14,53.5,84.7,-1.8,-2.2,3.7,7.7,72,66,73,85,73.5,0,0,0,0,0,0,78479257176.38623,904451541.0,0.0229,0.019,4648660,7453124,0,74.4,-8.3,2026-08-19
857,AEG,Financial Services,Insurance - Diversified,NYSE,4791116,9.44,107.86,-5,-10,-1.77,36.7,90.9,-1.5,-0.7,3.8,15.5,72,77,72,52,58.4,0,0,0,0,0,0,13972919972.976398,1478615900.0,0.003,-0.137,4174070,5196562,0,64.8,14.8,2026-08-19
858,SDRL,Energy,Oil & Gas Drilling,NYSE,723063,46.9,107.84,-3,14,-15.45,62.9,67.7,0.3,4.1,8.8,13.3,72,75,92,88,77.5,0,0,0,0,0,0,3000738406.5107994,62541443.0,0.074099995,0.191,685040,858186,1,83.1,-5.5,2026-08-19
859,JPM,Financial Services,Banks - Diversified,NYSE,7965763,360.96,107.82,6,-5,-1.51,26.3,90.4,-1.0,0.1,4.4,13.2,72,66,55,54,56.0,0,0,0,0,0,0,964496269259.2314,2658186195.0,0.0107,0.304,5384770,8873182,0,57.8,8.5,2026-08-19
860,ON,Technology,Semiconductors,NASDAQ,9780593,83.38,107.81,-12,-1,-38.2,70.6,35.6,-5.1,-6.6,-18.8,-0.4,72,84,95,86,73.7,0,0,0,0,0,0,32180508283.562103,389311721.0,0.1091,0.092,10192700,11972090,1,84.7,3.7,2026-08-19
861,CCC,Technology,Software - Application,NASDAQ,9833313,6.69,107.73,46,33,-33.99,76.3,55.4,6.9,14.3,30.6,19.1,72,26,13,10,16.3,0,0,0,0,0,0,4105292963.303993,588994704.0,0.0937,0.098,8304430,10057440,0,16.3,9.4,2026-08-19
862,PYPL,Financial Services,Credit Services,NASDAQ,15806990,60.47,107.68,32,15,-23.66,56.7,59.8,2.0,4.3,19.7,18.9,72,40,23,16,25.1,0,0,0,0,0,0,52747717360.30703,855460874.0,0.0523,0.048,9512530,16579758,0,26.0,14.0,2026-08-19
863,DBRG,Financial Services,Asset Management,NYSE,3201896,15.91,107.66,4,17,-0.25,73.6,99.7,-0.0,0.2,0.8,7.9,72,68,81,86,67.7,0,0,0,0,0,0,2943298433.785267,184880554.0,0.0698,,3530550,3042502,0,75.7,-4.7,2026-08-19
864,WELL,Real Estate,REIT - Healthcare Facilities,NYSE,3034753,235.3,107.62,-13,-22,-7.8,45.1,81.8,0.7,-0.6,2.5,13.6,72,85,76,74,70.9,0,0,0,0,0,0,169709123109.33575,720572011.0,0.0278,0.391,3265430,3327034,0,76.5,10.2,2026-08-19
865,NVST,Healthcare,Medical Instruments & Supplies,NYSE,3016600,27.64,107.62,2,-12,-9.14,45.5,76.3,-1.5,-0.4,3.3,11.0,72,70,56,87,63.7,0,0,0,0,0,0,4508539042.613365,160617709.0,0.083100006,0.071,3689880,2878852,0,69.2,1.1,2026-08-19
866,TMO,Healthcare,Diagnostics & Research,NYSE,2011520,585.51,107.61,21,3,-9.08,40.0,87.1,3.0,5.1,14.5,15.1,71,50,32,44,58.7,0,0,0,0,0,0,217518622756.61,369747286.0,0.0135,0.105,1586410,2114648,0,46.2,-1.4,2026-08-19
867,ADM,Consumer Defensive,Farm Products,NYSE,3741383,81.29,107.56,-17,-24,-8.11,44.2,79.1,1.0,0.1,1.1,14.4,71,88,81,76,65.2,0,0,0,0,0,0,38773401126.3354,481956527.0,0.0444,0.072,4025720,3680542,0,77.6,14.5,2026-08-19
868,RDNT,Healthcare,Diagnostics & Research,NASDAQ,755486,75.93,107.53,33,15,-11.54,45.6,72.6,0.7,8.9,18.4,13.7,71,38,20,37,45.1,0,0,0,0,0,0,6008535451.867516,78697257.0,0.1568,0.25,936020,890288,0,35.0,-1.6,2026-08-19
869,CDE,Basic Materials,Gold,NYSE,32751453,19.31,107.49,44,98,-30.46,85.9,60.9,13.4,23.3,26.6,12.7,71,27,81,98,82.8,0,0,0,1,0,1,19335456763.403484,1027934998.0,0.056799997,1.259,42186490,39349372,1,72.2,-47.5,2026-08-19
870,BIIB,Healthcare,Drug Manufacturers - General,NASDAQ,1246660,209.15,107.47,-11,-20,-4.81,67.6,100.0,5.6,6.9,8.3,18.3,71,82,73,80,78.4,0,0,0,0,0,0,31003221670.88565,147753998.0,0.041100003,0.034,827600,1231944,0,78.3,3.1,2026-08-19
871,SWIM,Industrials,Building Products & Equipment,NASDAQ,836053,7.13,107.41,41,25,-20.48,51.1,69.6,-2.3,9.2,16.6,15.4,71,30,14,48,25.8,0,0,0,0,0,0,861169369.7152891,117646086.0,0.0761,0.144,1298000,876436,0,29.5,0.1,2026-08-19
872,CURB,Real Estate,REIT - Retail,NYSE,1285373,29.99,107.34,-11,-22,-6.72,35.6,81.6,0.2,-1.3,-1.8,11.5,71,82,71,73,65.8,0,0,0,0,0,0,3478749849.6698856,115038025.0,0.3023,0.529,1126410,1372912,0,72.9,11.0,2026-08-19
873,SOBO,Energy,Oil & Gas Midstream,NYSE,662783,36.68,107.34,-16,-19,-5.8,48.9,92.1,3.1,2.1,2.7,17.0,71,87,84,71,65.0,0,0,0,0,0,0,7673957383.298134,208588127.0,14.23,0.042,495450,795796,0,76.8,14.5,2026-08-19
874,B,Basic Materials,Gold,NYSE,9622826,42.52,107.3,23,58,-22.25,88.3,72.9,7.6,13.5,17.2,7.8,71,48,83,95,85.0,0,0,0,0,0,0,68468789318.97968,1645884419.0,1.94,0.438,13199440,10523396,1,77.7,-31.4,2026-08-19
875,OMF,Financial Services,Credit Services,NYSE,1042873,65.15,107.27,12,-7,-9.43,30.3,67.6,-0.7,1.1,6.1,7.6,71,59,40,43,45.7,0,0,0,0,0,0,7555923719.02787,115041469.0,0.045700002,-0.027,917450,1063536,0,46.9,11.8,2026-08-19
876,OMC,Communication Services,Advertising Agencies,NYSE,2983596,85.46,107.26,8,-21,-3.49,30.0,95.6,1.8,4.5,9.8,13.3,71,63,34,58,48.6,0,0,0,0,0,0,24957992496.74301,285006196.0,0.099300005,0.634,2384560,3902060,0,50.9,11.1,2026-08-19
877,GPC,Consumer Cyclical,Auto Parts,NYSE,1586410,132.52,107.22,23,-6,-12.57,45.5,74.1,0.3,3.0,11.7,12.7,71,48,19,32,32.5,0,0,0,0,0,0,18615202954.454163,137859758.0,0.072399996,0.06,1101610,1786980,0,32.9,13.8,2026-08-19
878,CVBF,Financial Services,Banks - Regional,NASDAQ,1396386,23.15,107.17,1,-11,-0.94,24.8,85.3,-1.6,-1.2,1.4,10.8,71,70,58,47,48.2,0,0,0,0,0,0,4091940363.75,175997435.0,0.06,0.42,1086630,1594002,0,55.8,16.7,2026-08-19
879,WWD,Industrials,Aerospace & Defense,NASDAQ,632430,370.4,107.1,-9,-10,-17.86,51.7,61.6,-0.8,-4.4,-8.6,1.9,71,80,79,92,71.3,0,0,0,0,0,0,21880018915.04517,59045820.0,0.0223,0.212,539300,765814,1,80.6,2.0,2026-08-19
880,WDAY,Technology,Software - Application,NASDAQ,4939260,191.18,107.04,41,24,-23.48,76.4,63.6,5.8,15.4,34.0,22.4,71,30,13,10,22.5,0,0,0,0,0,0,49068688998.83221,246973479.0,0.1447,0.135,5357130,5006748,0,18.9,9.4,2026-08-19
881,TOST,Technology,Software - Infrastructure,NYSE,10134050,34.32,107.03,39,21,-24.8,57.5,56.3,1.0,5.3,17.7,16.4,71,32,14,15,20.1,0,0,0,0,0,0,20085500000.0,578000000.0,0.067600004,0.231,10984230,11805046,0,20.3,11.2,2026-08-19
882,MOD,Consumer Cyclical,Auto Parts,NYSE,1487913,216.75,106.98,-19,-16,-32.95,63.1,40.3,-2.6,-4.8,-17.2,-6.2,71,90,93,95,68.4,0,0,0,0,0,0,11127112326.0,53112708.0,0.066199996,0.28,1112420,1593402,3,86.6,9.5,2026-08-19
883,CMI,Industrials,Specialty Industrial Machinery,NYSE,934243,641.16,106.95,-13,-9,-13.09,55.1,64.5,-3.8,-4.7,-8.2,3.1,71,84,88,88,72.9,0,0,0,0,0,0,86902085407.99976,137664487.0,0.0214,0.094,955770,1035700,0,83.2,4.3,2026-08-19
884,MMSI,Healthcare,Medical Instruments & Supplies,NASDAQ,1004850,89.73,106.9,30,6,-5.3,52.5,96.3,2.1,7.5,20.4,20.3,71,41,17,28,42.0,0,0,0,0,0,0,5419317846.7552185,59710420.0,0.0846,0.095,1180080,955184,0,32.0,4.5,2026-08-19
885,WBI,Energy,Oil & Gas Equipment & Services,NYSE,656506,31.78,106.88,-19,-28,-13.85,69.2,75.8,-0.6,-3.3,-1.9,19.1,71,90,81,60,,0,0,0,0,0,0,1759527408.755577,55453118.0,0.1378,1.28,579790,1316186,1,77.0,,2026-08-19
886,PBR,Energy,Oil & Gas Integrated,NYSE,15677676,18.25,106.83,-11,-5,-17.94,60.7,66.7,2.3,0.7,4.6,11.2,71,82,88,80,74.5,0,0,0,0,0,0,115225265483.9525,6444366381.0,2.68,0.423,16198530,15150542,0,81.1,3.6,2026-08-19
887,MTZ,Industrials,Engineering & Construction,NYSE,1505126,302.48,106.81,-15,-7,-31.48,57.7,37.6,-2.5,-6.4,-20.0,-9.5,71,86,94,92,74.5,0,0,0,0,0,0,23897949181.234497,80304948.0,0.0698,0.234,1567490,1377134,2,86.6,3.7,2026-08-19
888,FIBK,Financial Services,Banks - Regional,NASDAQ,1179853,38.89,106.78,-5,-12,-4.21,29.1,78.2,-1.0,-0.9,-0.3,6.5,71,76,69,72,57.0,0,0,0,0,0,0,3733081281.6820526,95304607.0,0.1464,0.074,1000660,1135240,0,68.5,11.0,2026-08-19
889,TREX,Industrials,Building Products & Equipment,NYSE,2231533,48.75,106.73,39,34,-26.2,60.3,52.6,-1.4,3.4,3.8,19.1,71,32,27,32,16.0,0,0,0,0,0,0,5156494031.245815,103898729.0,0.1046,0.078,2271200,2165814,0,26.8,8.5,2026-08-19
890,LNC,Financial Services,Insurance - Life,NYSE,2066370,44.67,106.71,2,-32,-6.29,33.4,75.6,-3.6,-2.3,6.4,10.7,71,69,35,34,43.2,0,0,0,0,0,0,8703195719.284729,191447336.0,0.0007,0.126,1830200,1942032,0,45.3,23.3,2026-08-19
891,CF,Basic Materials,Agricultural Inputs,NYSE,2338496,117.78,106.68,-12,-10,-17.03,56.4,69.8,0.7,-1.2,3.2,13.1,71,83,85,70,68.8,0,0,0,0,0,0,17903301240.84732,151338130.0,0.063200004,0.176,2429640,2580310,0,76.7,9.5,2026-08-19
892,OKE,Energy,Oil & Gas Midstream,NYSE,3603530,95.32,106.66,-8,-12,-0.78,49.3,96.8,3.8,5.4,6.8,15.6,71,79,75,59,60.4,0,0,0,0,0,0,59846819265.58463,630032852.0,0.0531,0.528,3871620,3727744,0,68.4,13.7,2026-08-19
893,BKR,Energy,Oil & Gas Equipment & Services,NASDAQ,8601420,64.9,106.63,3,21,-7.83,50.5,80.6,0.8,4.4,8.5,11.9,70,67,85,86,73.2,0,0,0,0,0,0,64345132979.27992,992674071.0,0.028299998,-0.024,6420400,8800540,0,77.8,-8.7,2026-08-19
894,WES,Energy,Oil & Gas Midstream,NYSE,833176,48.59,106.63,-7,-7,-0.84,31.5,93.7,1.7,3.0,7.6,16.1,70,77,77,59,59.7,0,0,0,0,0,0,20212500333.014725,413174593.0,0.0297,0.3,958490,916986,0,68.2,12.3,2026-08-19
895,SQM,Basic Materials,Specialty Chemicals,NYSE,937366,75.1,106.6,0,20,-23.37,84.9,63.5,3.0,6.5,2.6,1.8,70,70,90,91,78.2,0,0,0,0,0,0,21228601803.39026,285637808.0,2.61,0.698,826390,1005386,2,82.3,-10.3,2026-08-19
896,ABVX,Healthcare,Biotechnology,NASDAQ,996166,120.73,106.57,-29,-29,-18.88,74.8,67.6,-2.9,-3.3,-0.0,1.6,70,99,99,99,81.2,0,1,1,1,0,3,10379711611.236765,87253797.0,0.060300004,0.352,831290,1729420,3,94.6,8.9,2026-08-19
897,ZVRA,Healthcare,Biotechnology,NASDAQ,1437720,11.53,106.5,-4,-9,-23.31,67.8,65.2,5.1,11.8,-1.2,19.7,70,74,69,39,62.9,0,0,0,0,0,0,672224382.7975082,59383781.0,0.12149999,0.533,1141840,1625402,0,61.2,13.0,2026-08-19
898,VAL,Energy,Oil & Gas Drilling,NYSE,995666,87.08,106.47,-10,5,-23.69,96.4,61.7,2.9,7.8,8.0,12.0,70,80,95,95,84.6,0,0,0,0,0,0,5945093986.05114,69435807.0,0.1094,-0.124,1161010,999830,2,88.6,-6.8,2026-08-19
899,UNH,Healthcare,Healthcare Plans,NYSE,5072633,395.62,106.47,-15,-20,-14.3,50.0,73.1,-3.0,-5.1,-6.3,11.8,70,85,80,24,58.9,0,0,0,0,0,0,360590787746.5816,897594847.0,0.0188,0.004,4231360,5777520,0,62.0,25.7,2026-08-19
900,KEY,Financial Services,Banks - Regional,NYSE,9890333,23.04,106.47,-5,-9,-4.28,31.7,73.8,-3.0,-2.8,-3.5,4.4,70,75,71,75,55.1,0,0,0,0,0,0,24989135277.471542,1072035000.0,0.0001,0.101,8141360,11050640,0,69.0,10.4,2026-08-19
901,PRMB,Consumer Defensive,Beverages - Non-Alcoholic,NYSE,3670096,24.38,106.41,2,-1,-6.98,63.6,83.4,-1.2,0.5,-1.4,15.7,70,68,65,30,29.8,0,0,0,0,0,0,8940009789.641132,361943705.0,0.3398,0.038,6148690,3522724,0,48.2,27.0,2026-08-19
902,GRND,Technology,Software - Application,NYSE,1777810,15.81,106.37,6,-23,-14.54,58.3,71.0,-3.3,-5.0,3.0,17.4,70,64,35,15,28.9,0,0,0,0,0,0,2782868278.054384,173820627.0,0.1823,0.325,2037220,1809568,0,35.7,30.3,2026-08-19
903,AMP,Financial Services,Asset Management,NYSE,535980,561.63,106.32,7,-19,-1.91,30.1,92.2,-0.4,1.5,10.2,16.4,70,63,37,35,44.9,0,0,0,0,0,0,50309299608.34454,88333219.0,0.0437,0.116,410720,632922,0,45.0,17.3,2026-08-19
904,ZM,Technology,Software - Application,NASDAQ,3097576,105.56,106.32,4,10,-8.0,48.9,88.9,1.6,7.8,15.1,20.1,70,66,72,54,71.4,0,0,0,0,0,0,31070885550.817886,293232218.0,0.0273,0.055,2949030,3505660,0,65.9,-0.9,2026-08-19
905,MRTN,Industrials,Trucking,NASDAQ,675773,15.27,106.32,-17,-21,-17.37,57.6,61.1,-0.7,-2.9,-10.5,7.4,70,87,83,67,53.8,0,0,0,0,0,0,1242073988.6051457,81661669.0,0.0968,-0.028,662800,775248,0,72.7,21.0,2026-08-19
906,HAPN,Financial Services,Banks - Regional,NASDAQ,1566173,19.19,106.31,-1,-16,-11.44,39.3,63.4,-3.7,-3.6,-3.2,5.3,70,71,56,55,51.7,0,0,0,0,0,0,2258524035.260437,115407464.0,0.0515,0.065,1311050,1965186,0,58.4,14.3,2026-08-19
907,MICC,Consumer Defensive,Packaged Foods,NYSE,1005680,19.01,106.26,-9,-44,-5.45,48.6,90.3,0.3,3.0,6.1,,70,79,44,52,,0,0,0,0,0,0,11999351291.504236,612837147.0,9.36,0.042,691960,1174146,0,58.3,,2026-08-19
908,RIG,Energy,Oil & Gas Drilling,NYSE,43688440,5.87,106.24,-12,0,-23.37,108.6,63.6,3.1,7.7,9.0,7.2,70,82,94,95,87.2,0,0,0,0,0,0,6433229545.233564,1116880085.0,0.2502,-0.022,45855390,39708510,2,89.6,-6.4,2026-08-19
909,UNIT,Real Estate,REIT - Specialty,NASDAQ,2278940,9.85,106.2,-16,-14,-23.87,92.7,67.3,6.3,3.8,-4.3,13.3,70,86,88,71,79.4,0,0,0,0,0,0,2429678656.9053745,242725135.0,0.169,2.025,2275490,2515468,0,81.1,6.1,2026-08-19
910,TTE,Energy,Oil & Gas Integrated,NYSE,1581816,88.63,106.17,-2,11,-5.88,56.9,90.3,2.5,3.6,7.9,14.4,70,72,85,80,71.7,0,0,0,0,0,0,195842314291.67297,2217166424.0,0.002,0.278,1216400,1629250,0,77.2,-2.7,2026-08-19
911,INN,Real Estate,REIT - Hotel & Motel,NYSE,952676,5.95,106.15,-18,-28,-17.02,52.6,69.7,-0.4,-6.0,-6.6,15.7,70,88,78,25,51.3,0,0,0,0,0,0,651434912.4057169,107853463.0,0.0002,0.032,1020480,1611618,0,60.6,31.9,2026-08-19
912,OSW,Consumer Cyclical,Leisure,NASDAQ,876316,26.73,106.13,-5,-13,-8.61,36.2,75.4,-0.1,-0.1,-0.8,13.8,70,75,67,59,54.2,0,0,0,0,0,0,2732345334.783737,101498712.0,0.060599998,0.085,968510,926040,0,63.8,14.4,2026-08-19
913,SBCF,Financial Services,Banks - Regional,NASDAQ,999283,35.8,106.12,8,0,-1.05,22.0,86.1,-0.6,1.1,5.8,9.6,70,62,54,65,53.8,0,0,0,0,0,0,3498215093.4181213,96823000.0,0.064,0.383,790300,1066770,0,58.7,4.3,2026-08-19
914,RYAM,Basic Materials,Chemicals,NYSE,951016,8.32,106.12,2,24,-29.79,76.4,55.6,1.2,0.3,5.5,5.4,70,68,90,80,80.8,0,0,0,0,0,0,569564236.5208435,67644208.0,0.066700004,0.106,1169420,1005668,1,79.7,-11.0,2026-08-19
915,USAS,Basic Materials,Other Industrial Metals & Mining,NYSE ARCA,4318320,5.16,106.09,45,114,-50.86,147.8,40.9,5.8,17.7,16.4,-6.6,70,25,94,99,90.5,0,0,0,1,0,1,1771945819.9618645,338157614.0,0.0548,0.721,5177240,4220722,3,77.1,-54.5,2026-08-19
916,SPG,Real Estate,REIT - Retail,NYSE,1468220,221.67,106.06,-11,-22,-7.06,28.7,78.7,0.9,-1.0,0.2,11.7,70,81,70,67,61.1,0,0,0,0,0,0,71047198896.15517,323559515.0,0.0,0.195,1479340,1976178,0,69.8,13.8,2026-08-19
917,ACIW,Technology,Software - Infrastructure,NASDAQ,1120060,52.13,106.01,-10,-51,-14.65,35.1,62.2,-2.0,-6.0,0.3,13.3,70,80,39,23,44.8,0,0,0,0,0,0,5395047940.399075,100955241.0,0.08180001,0.073,1385220,1118420,0,46.7,33.1,2026-08-19
918,GFS,Technology,Semiconductors,NASDAQ,4162203,53.44,105.93,-12,0,-42.26,53.4,29.0,-6.1,-5.5,-24.7,-7.7,70,82,94,80,70.5,0,0,0,0,0,0,29950835060.35324,548751082.0,0.1497,0.058,5051210,3820860,1,81.6,5.0,2026-08-19
919,VRTX,Healthcare,Biotechnology,NASDAQ,1412286,515.55,105.92,6,-20,-5.61,46.6,100.0,6.6,10.7,13.6,20.4,70,64,38,63,68.6,0,0,0,0,0,0,128187862313.0,253460924.0,0.0176,0.125,1331650,1605578,0,58.4,0.5,2026-08-19
920,EOG,Energy,Oil & Gas E&P,NYSE,3009326,146.15,105.92,-9,-10,-3.77,46.9,99.1,4.7,4.4,8.0,18.4,70,79,78,59,59.7,0,0,0,0,0,0,75958154988.39066,532628530.0,0.0346,0.587,3160480,3507190,0,68.9,13.7,2026-08-19
921,SPT,Technology,Software - Application,NASDAQ,1123143,9.55,105.89,15,-27,-40.42,101.0,46.5,3.1,10.9,22.9,23.2,69,54,12,7,11.8,0,0,0,0,0,0,599256997.4826851,60592212.0,0.0871,0.108,1525670,1262590,0,21.2,34.7,2026-08-19
922,ABX,Financial Services,Insurance - Life,NYSE,648743,9.12,105.87,-21,-36,-26.69,82.3,59.2,-0.5,-6.9,-9.1,5.3,69,90,75,81,70.8,0,0,0,0,0,0,906534192.995739,97792249.0,0.1943,0.299,714720,654824,1,79.2,12.9,2026-08-19
923,SCHW,Financial Services,Capital Markets,NYSE,7745993,110.58,105.84,8,-13,-0.54,29.9,97.0,1.3,3.5,10.3,14.9,69,61,40,52,49.8,0,0,0,0,0,0,192111898135.24347,1729335714.0,0.01,0.209,6578000,9438128,0,50.7,9.5,2026-08-19
924,SSB,Financial Services,Banks - Regional,NYSE,883750,110.82,105.81,10,-6,-0.87,25.5,82.9,-2.3,-0.6,4.5,10.2,69,59,43,59,44.7,0,0,0,0,0,0,10821387893.92865,96974534.0,0.033299997,-0.001,928950,882784,0,51.4,8.8,2026-08-19
925,HMY,Basic Materials,Gold,NYSE,2882810,20.03,105.8,46,71,-23.14,67.2,63.1,7.5,18.0,28.3,16.8,69,23,48,86,67.4,0,0,0,0,0,0,12274127458.796043,631385140.0,0.0223,0.195,2914610,3515752,0,56.1,-37.3,2026-08-19
926,JACK,Consumer Cyclical,Restaurants,NASDAQ,896976,17.1,105.8,38,18,-28.33,82.4,54.9,-2.7,2.1,12.7,8.3,69,31,11,26,20.8,0,0,0,0,0,0,324823693.57681274,19073616.0,0.35979998,-0.018,1092560,1024708,0,22.2,8.1,2026-08-19
927,CARG,Consumer Cyclical,Auto & Truck Dealerships,NASDAQ,1091730,35.77,105.79,27,16,-13.22,37.4,83.5,-0.0,1.9,10.2,9.3,69,42,31,25,49.8,0,0,0,0,0,0,3334910893.996193,89073478.0,0.16440001,0.131,1027840,1209330,0,37.0,0.6,2026-08-19
928,PRKS,Consumer Cyclical,Leisure,NYSE,645216,44.45,105.66,5,-29,-21.95,52.4,61.1,1.5,0.5,-0.6,18.2,69,64,30,25,22.8,0,0,0,0,0,0,2037185027.2070692,45341309.0,0.3336,-0.014,684530,767718,0,35.4,31.8,2026-08-19
929,VEEV,Healthcare,Health Information Services,NYSE,1652556,238.34,105.61,35,18,-23.24,65.8,64.3,5.0,14.2,29.4,25.1,69,34,17,17,26.2,0,0,0,0,0,0,39595552181.25,162443291.0,0.049099997,0.163,1803020,2063310,0,23.6,9.0,2026-08-19
930,BDC,Technology,Communication Equipment,NYSE,515260,137.59,105.57,45,46,-14.0,29.0,56.3,-4.0,4.8,10.3,7.4,69,24,25,79,35.4,0,0,0,0,0,0,5310725918.385651,39078191.0,0.1439,0.116,407750,560256,0,40.8,-16.8,2026-08-19
931,CNMD,Healthcare,Medical Devices,NYSE,690870,49.25,105.49,18,-14,-13.05,59.6,80.8,3.0,7.1,24.4,27.7,69,51,19,30,31.4,0,0,0,0,0,0,1509842407.1098022,29951248.0,0.0887,0.003,388710,656946,0,32.9,17.2,2026-08-19
932,CVX,Energy,Oil & Gas Integrated,NYSE,7755806,202.7,105.38,-4,0,-5.59,40.2,91.6,4.1,5.7,11.2,15.5,69,73,77,76,63.4,0,0,0,0,0,0,392320654800.0,1961603274.0,0.0104,0.535,8125790,8646422,0,72.3,3.8,2026-08-19
933,SHC,Healthcare,Diagnostics & Research,NASDAQ,3099940,18.8,105.38,-2,-33,-5.29,44.7,94.4,0.6,3.9,8.5,14.4,69,71,40,71,54.7,0,0,0,0,0,0,5390729703.371048,285374795.0,0.0582,0.092,3323740,2932630,0,59.2,11.3,2026-08-19
934,LMT,Industrials,Aerospace & Defense,NYSE,1120266,593.74,105.35,30,37,-14.2,34.1,63.1,-1.4,0.1,7.7,6.8,69,39,46,86,64.4,0,0,0,0,0,0,140477713845.67804,230790753.0,0.014099999,0.105,931270,1230508,0,58.9,-22.8,2026-08-19
935,BCAT,Financial Services,Asset Management,NYSE,752086,15.72,105.34,-4,-3,-2.96,14.9,87.7,-0.4,0.7,0.7,5.8,69,73,74,68,42.6,0,0,0,0,0,0,1661735762.0882654,104775271.0,1.48,,690120,730104,0,64.4,16.1,2026-08-19
936,CP,Industrials,Railroads,NYSE,2695420,93.92,105.32,-5,-14,-0.78,37.1,100.0,1.9,2.9,4.9,15.4,69,74,65,68,60.5,0,0,0,0,0,0,82193907444.0,879079224.0,0.0207,0.126,3041460,2712842,0,66.9,8.9,2026-08-19
937,SENS,Healthcare,Medical Devices,NASDAQ,620153,8.03,105.3,54,52,-30.66,87.4,66.0,18.5,43.1,49.9,40.6,69,15,13,49,32.0,0,0,0,0,0,0,412946350.9045224,52874053.0,0.1197,1.178,879720,737234,0,27.3,-15.1,2026-08-19
938,MATV,Basic Materials,Specialty Chemicals,NYSE,581400,12.23,105.28,42,45,-20.99,68.3,63.0,-1.6,16.0,37.1,16.7,69,27,30,76,43.9,0,0,0,0,0,0,673871098.6853352,55190098.0,0.0248,0.012,814970,573972,0,44.2,-18.6,2026-08-19
939,ET,Energy,Oil & Gas Midstream,NYSE,9197576,20.94,105.28,-5,-7,-0.85,30.7,95.4,1.6,3.0,6.5,13.7,69,74,72,62,55.7,0,0,0,0,0,0,72481453974.02089,3443299601.0,0.0084,0.784,10290040,8995198,0,65.9,11.8,2026-08-19
940,PCTY,Technology,Software - Application,NASDAQ,804973,145.47,105.27,28,9,-20.43,57.0,62.2,0.8,4.9,19.9,19.8,69,41,22,11,20.9,0,0,0,0,0,0,8209670412.414551,55366000.0,0.07,0.11,994820,798490,0,23.7,18.0,2026-08-19
941,DOC,Real Estate,REIT - Healthcare Facilities,NYSE,5885213,20.58,105.14,-16,-26,-10.33,31.6,70.7,-0.2,-3.2,-2.8,12.8,68,84,74,39,55.2,0,0,0,0,0,0,14335272366.68106,689527260.0,0.046,0.111,5574350,6403356,0,63.1,24.4,2026-08-19
942,ZLAB,Healthcare,Biotechnology,NASDAQ,996030,25.64,105.12,44,40,-30.27,63.9,53.6,7.3,22.2,34.3,35.3,68,24,20,18,14.8,0,0,0,0,0,0,2907695262.3738327,112266228.0,0.0594,-0.033,1524560,1001944,0,19.2,6.2,2026-08-19
943,COLB,Financial Services,Banks - Regional,NASDAQ,2876076,32.34,105.1,-12,-26,-3.98,29.1,73.4,-2.3,-1.9,-1.5,5.8,68,80,66,68,52.9,0,0,0,0,0,0,9248074752.412855,282902268.0,0.0307,0.351,2602530,2990474,0,66.7,17.4,2026-08-19
944,EXEL,Healthcare,Biotechnology,NASDAQ,2623886,52.32,104.97,-15,-25,-9.12,57.5,88.0,4.1,0.7,0.6,16.9,68,83,73,62,69.0,0,0,0,0,0,0,12696334313.973345,247781692.0,0.1586,0.106,3088330,2681666,0,71.8,12.2,2026-08-19
945,SHEL,Energy,Oil & Gas Integrated,NYSE,6447213,91.62,104.97,-1,4,-3.46,31.9,94.2,2.5,3.4,9.1,13.0,68,69,74,68,61.5,0,0,0,0,0,0,249803470337.27448,2761174610.0,0.0177,0.447,5440940,6392447,0,68.1,3.4,2026-08-19
946,LAR,Basic Materials,Other Industrial Metals & Mining,NYSE,1922763,6.6,104.84,1,31,-45.23,105.0,36.1,-7.1,-2.1,-14.9,-14.7,68,67,97,97,85.4,0,0,0,0,0,0,1119162028.169632,164100000.0,0.033299997,,2368620,1921344,2,86.6,-18.2,2026-08-19
947,ITT,Industrials,Specialty Industrial Machinery,NYSE,972923,219.81,104.73,16,26,-4.56,29.5,85.7,-1.1,3.4,7.9,10.4,68,52,62,78,58.1,0,0,0,0,0,0,19710856837.26123,89839824.0,0.0915,0.515,1077720,1004220,0,62.5,-9.3,2026-08-19
948,VIA,Technology,Software - Application,NYSE,836496,25.42,104.73,50,39,-54.86,98.2,32.2,7.1,18.1,38.8,15.8,68,18,7,4,,0,0,0,0,0,0,2129138904.9066792,81295871.0,0.18120001,0.267,857160,1060808,0,9.7,,2026-08-19
949,DASH,Consumer Cyclical,Internet Retail,NASDAQ,3984760,212.72,104.71,38,29,-25.49,50.2,54.5,2.6,8.3,16.7,17.3,68,30,21,22,24.1,0,0,0,0,0,0,94559678910.03122,435718722.0,0.044499997,0.356,4825190,4537098,0,24.3,5.4,2026-08-19
950,MIRM,Healthcare,Biotechnology,NASDAQ,704540,99.83,104.7,-24,-33,-23.21,59.5,59.2,3.0,-2.1,-7.4,8.3,68,92,83,93,74.7,0,0,0,0,0,0,6137150648.060013,60981227.0,0.1468,0.379,895810,857254,2,85.7,9.3,2026-08-19
951,FNB,Financial Services,Banks - Regional,NYSE,5590790,19.4,104.66,-2,-8,-0.97,26.8,81.0,-2.9,-2.7,-1.4,5.7,68,70,64,67,51.1,0,0,0,0,0,0,6934177563.572636,355963949.0,0.097799994,0.068,3400650,5161076,0,63.0,10.6,2026-08-19
952,NN,Technology,Software - Infrastructure,NASDAQ,2829620,19.2,104.66,47,116,-21.38,60.6,56.4,1.5,16.9,7.2,9.3,68,21,90,79,56.5,0,0,0,0,0,0,2714412963.860874,136436939.0,0.1489,-0.043,3993340,2702118,1,61.6,-36.3,2026-08-19
953,AROC,Energy,Oil & Gas Equipment & Services,NYSE,1684090,34.62,104.65,-18,-19,-18.02,40.1,48.9,-3.6,-6.8,-11.3,-0.6,68,86,85,84,64.8,0,0,0,0,0,0,6082481396.859646,175338185.0,0.060300004,-0.031,1929150,1949888,0,80.0,11.1,2026-08-19
954,GO,Consumer Defensive,Grocery Stores,NASDAQ,2483843,11.49,104.65,31,7,-40.25,95.2,42.8,7.4,13.6,15.8,20.9,68,37,13,20,7.8,0,0,0,0,0,0,1102810407.2993202,99084492.0,0.3696,0.011,3348240,2607956,0,19.4,20.4,2026-08-19
955,LYV,Communication Services,Entertainment,NYSE,1985126,184.44,104.61,-7,-20,-2.54,46.6,93.2,0.2,0.9,3.3,16.8,68,75,62,58,50.3,0,0,0,0,0,0,43903549876.35918,232959505.0,0.15619999,0.094,1849230,2327570,0,61.3,17.1,2026-08-19
956,BATRK,Communication Services,Entertainment,NASDAQ,510153,52.72,104.59,-5,-2,-3.2,40.8,99.9,3.4,4.5,4.4,19.1,68,73,76,53,53.9,0,0,0,0,0,0,3438116038.7549286,64167897.0,0.0587,-0.023,710250,588002,0,64.0,13.2,2026-08-19
957,GD,Industrials,Aerospace & Defense,NYSE,1049193,391.14,104.53,0,-11,-2.22,25.5,95.6,-0.1,0.9,5.7,11.3,68,68,57,69,57.7,0,0,0,0,0,0,107081126306.83,270557195.0,0.0101,0.081,796420,1212812,0,62.9,6.1,2026-08-19
958,OCUL,Healthcare,Biotechnology,NASDAQ,2416143,10.65,104.5,43,48,-35.22,70.5,52.5,16.5,26.5,24.7,17.6,68,25,30,34,30.6,0,0,0,0,0,0,2204943306.3423195,219615868.0,0.1437,0.001,3052890,2723720,0,29.9,-5.1,2026-08-19
959,WAFD,Financial Services,Banks - Regional,NASDAQ,579130,37.76,104.48,-6,-10,-4.38,31.9,77.4,-2.2,-1.4,-1.6,8.5,68,74,70,52,52.2,0,0,0,0,0,0,2807379228.1030045,73995238.0,0.0705,0.056,537530,608826,0,62.1,15.7,2026-08-19
960,OSK,Industrials,Farm & Heavy Construction Machinery,NYSE,841700,153.97,104.44,23,11,-14.69,26.4,52.7,-2.2,-1.2,3.0,4.4,68,45,33,88,41.0,0,0,0,0,0,0,9439390186.927048,61739749.0,0.049000002,0.067,632640,771826,0,51.7,-5.4,2026-08-19
961,VNO,Real Estate,REIT - Office,NYSE,1668876,37.9,104.44,-7,-43,-12.61,55.3,74.9,-1.1,-2.5,-1.7,15.3,68,75,39,21,39.6,0,0,0,0,0,0,7335812484.0,188097756.0,0.0001,0.05,1571130,1730520,0,43.7,32.1,2026-08-19
962,BNL,Real Estate,REIT - Diversified,NYSE,2134553,21.22,104.42,-14,-22,-8.14,27.4,73.4,0.7,-1.5,-0.8,8.7,68,82,74,66,59.3,0,0,0,0,0,0,4376406794.681702,204600604.0,0.081,0.083,2714210,2111484,0,70.3,15.4,2026-08-19
963,MNTN,Technology,Software - Application,NYSE,1098673,12.46,104.42,51,42,-46.41,64.8,33.1,7.2,20.1,28.9,21.5,68,17,8,8,6.3,0,0,0,0,0,0,936535635.0021706,74803163.0,0.0988,0.206,1447300,1301278,0,9.8,8.0,2026-08-19
964,TNL,Consumer Cyclical,Travel Services,NYSE,783746,73.69,104.41,5,0,-9.02,25.6,72.2,-2.0,-3.1,-2.5,3.0,68,63,58,79,52.5,0,0,0,0,0,0,4626184465.737343,61282085.0,0.142,0.044,576010,775622,0,63.1,2.6,2026-08-19
965,TXRH,Consumer Cyclical,Restaurants,NASDAQ,865606,204.4,104.39,0,-21,-5.5,30.2,80.6,-2.1,-1.1,6.2,14.4,68,68,47,47,50.1,0,0,0,0,0,0,13594236175.240416,65640926.0,0.0319,0.111,979740,1016852,0,53.0,15.2,2026-08-19
966,ABBV,Healthcare,Drug Manufacturers - General,NYSE,5696543,250.33,104.38,-12,-40,-6.41,34.8,100.0,5.9,5.2,7.9,17.6,67,79,51,61,60.7,0,0,0,0,0,0,440825089780.2908,1767117285.0,0.014199999,0.102,5136300,7014900,0,62.9,15.5,2026-08-19
967,WGS,Healthcare,Diagnostics & Research,NASDAQ,785130,77.39,104.37,46,30,-54.71,130.8,33.9,2.2,11.7,20.7,-10.4,67,21,5,24,9.2,0,0,0,0,0,0,2328544055.8867035,29822541.0,0.3754,0.114,992270,916334,0,14.8,6.9,2026-08-19
968,DVN,Energy,Oil & Gas E&P,NYSE,10520346,47.57,104.37,-7,1,-9.75,51.8,80.9,5.8,7.5,10.2,13.0,67,74,82,76,70.1,0,0,0,0,0,0,50434998321.5332,1100000000.0,0.028800001,0.642,10934630,12677996,0,75.5,0.8,2026-08-19
969,BKNG,Consumer Cyclical,Travel Services,NASDAQ,5796696,204.76,104.33,36,29,-11.67,38.2,78.8,0.9,5.7,14.6,14.7,67,31,24,22,32.6,0,0,0,0,0,0,164320719246.36694,774878436.0,0.031600002,0.081,6004310,7154206,0,27.4,1.7,2026-08-19
970,REYN,Consumer Cyclical,Packaging & Containers,NASDAQ,1176600,25.91,104.3,-6,-47,-5.16,26.8,83.4,-0.3,0.5,2.6,10.8,67,73,32,55,46.9,0,0,0,0,0,0,5533263277.5,210790982.0,0.13319999,0.006,1188110,1217914,0,51.7,20.7,2026-08-19
971,SOLV,Healthcare,Medical Instruments & Supplies,NYSE,1182583,86.82,104.29,2,-17,-3.53,40.5,97.0,2.4,3.4,8.8,15.5,67,65,46,34,52.1,0,0,0,0,0,0,15080119528.732086,170223729.0,0.024300002,0.022,1454590,1350214,0,49.3,14.6,2026-08-19
972,PDM,Real Estate,REIT - Office,NYSE,781276,9.36,104.28,-9,-30,-7.6,49.9,89.4,1.4,-0.2,2.0,14.9,67,76,55,37,56.2,0,0,0,0,0,0,1186259123.7187386,125132825.0,0.036199998,0.027,917740,1071258,0,56.1,19.8,2026-08-19
973,BTG,Basic Materials,Gold,NYSE ARCA,22506123,5.2,104.26,43,86,-17.33,44.4,63.3,5.1,18.8,26.9,14.5,67,24,67,92,65.4,0,0,0,0,0,0,6790303540.298024,1321070762.0,3.18,0.14,30559560,23585480,1,62.1,-38.6,2026-08-19
974,GRPN,Communication Services,Internet Content & Information,NASDAQ,1559676,20.3,104.2,-25,-75,-32.11,111.1,54.2,-8.1,-17.6,-12.1,17.7,67,92,42,15,12.7,0,0,0,0,0,0,874710526.2675476,40665296.0,0.5515,-0.008,1777570,1612464,1,40.4,60.0,2026-08-19
975,RCAT,Industrials,Aerospace & Defense,NASDAQ,8973666,10.44,104.2,54,85,-44.41,61.1,33.4,-1.8,10.4,4.8,-10.0,67,13,44,93,42.8,0,0,0,0,0,0,1699710866.5367718,152714362.0,0.2321,5.272,11899930,10349720,1,48.2,-34.0,2026-08-19
976,TTC,Industrials,Tools & Accessories,NYSE,542356,97.5,104.18,0,-4,-7.31,43.3,87.2,-0.5,1.3,2.8,8.7,67,67,63,82,59.8,0,0,0,0,0,0,9368681293.364271,95229534.0,0.054899998,0.081,471430,718044,0,67.9,1.0,2026-08-19
977,AURA,Healthcare,Biotechnology,NASDAQ,621863,7.68,104.11,7,28,-19.45,56.7,71.8,-0.3,4.6,10.4,20.5,67,60,81,29,43.0,0,0,0,0,0,0,797489987.1440368,103704809.0,0.0619,,908980,651662,0,53.2,12.6,2026-08-19
978,AHR,Real Estate,REIT - Healthcare Facilities,NYSE,2616186,54.68,104.06,-16,-28,-6.85,37.4,85.6,1.4,-0.3,3.7,10.0,67,83,71,83,65.1,0,0,0,0,0,0,10466748812.143814,192722308.0,0.1329,0.247,2907850,3419048,0,75.5,10.2,2026-08-19
979,CLF,Basic Materials,Steel,NYSE,22555196,12.31,104.01,42,75,-26.29,42.8,40.1,-7.7,-6.5,-0.1,-1.7,67,25,58,58,40.9,0,0,0,0,0,0,6789426341.656244,570540047.0,0.142,0.059,13940030,21467456,0,45.5,-17.8,2026-08-19
980,DRI,Consumer Cyclical,Restaurants,NYSE,1299456,225.5,103.98,27,29,-1.85,31.1,90.1,0.7,4.7,6.9,11.7,67,40,42,65,42.9,0,0,0,0,0,0,25576415332.856503,113541756.0,0.0726,0.137,1044520,1406706,0,47.5,-6.7,2026-08-19
981,RL,Consumer Cyclical,Apparel Manufacturing,NYSE,605036,379.31,103.96,4,-10,-10.03,32.5,71.8,-3.2,-1.7,-3.2,3.7,67,63,49,76,62.1,0,0,0,0,0,0,23172725191.93448,59582239.0,0.0892,0.14,728020,657434,0,62.5,-0.8,2026-08-19
982,TWO,Real Estate,REIT - Mortgage,NYSE,2750256,12.01,103.95,-8,-3,-15.24,34.8,59.7,-0.2,-0.4,-1.3,5.9,67,75,80,56,52.9,0,0,0,0,0,0,1265822506.3894272,105134760.0,0.056399997,6.202,3662980,2498120,0,66.0,14.3,2026-08-19
983,AVPT,Technology,Software - Infrastructure,NASDAQ,2230090,13.25,103.95,10,-27,-20.99,47.7,56.3,0.8,1.9,9.0,13.7,67,57,20,14,24.3,0,0,0,0,0,0,2851901845.6330338,211565426.0,0.0618,0.22,2137680,2431486,0,28.8,28.6,2026-08-19
984,PSO,Communication Services,Publishing,NYSE,819970,16.15,103.93,-8,-16,-9.01,33.2,71.7,-1.1,-2.8,-0.6,12.7,67,75,67,26,45.5,0,0,0,0,0,0,9716777859.385654,601658086.0,0.0052,0.033,771830,808788,0,53.4,25.3,2026-08-19
985,OPLN,Consumer Cyclical,Auto & Truck Dealerships,NYSE,1098886,35.09,103.91,-19,-22,-18.21,40.5,53.9,-3.7,-8.8,-11.0,7.8,67,86,83,57,53.2,0,0,0,0,0,0,4333480207.5,122069865.0,0.02,0.151,1731660,1152924,0,69.8,22.5,2026-08-19
986,SDOT,Consumer Defensive,Farm Products,NASDAQ,1667476,10.57,103.91,60,53,-95.94,219.4,2.8,-23.1,-33.9,-55.3,-76.6,67,7,0,6,0.3,0,0,0,0,0,0,12313099.599945068,1048816.0,0.0647,,120420,2866738,0,3.3,4.3,2026-08-19
987,PAYX,Technology,Software - Application,NASDAQ,2957043,118.54,103.9,8,-24,-16.04,43.2,66.9,1.1,2.9,11.6,18.5,67,59,27,15,25.6,0,0,0,0,0,0,43400421383.19626,355682860.0,0.0634,0.125,2361160,3342684,0,31.7,28.7,2026-08-19
988,PLTR,Technology,Software - Infrastructure,NASDAQ,43334100,172.55,103.89,39,48,-16.85,63.3,68.0,1.8,15.3,27.8,15.4,67,28,37,37,35.5,0,0,0,0,0,0,418228281725.3845,2403058480.0,0.0317,0.928,57883530,43365092,0,34.4,-6.4,2026-08-19
989,CSWC,Financial Services,Asset Management,NASDAQ,670963,24.64,103.88,2,6,-2.88,26.1,88.1,-1.4,0.8,2.9,7.7,67,65,69,62,42.1,0,0,0,0,0,0,1585698557.4724102,63733867.0,0.0757,-0.04,739260,682930,0,59.5,11.7,2026-08-19
990,YEXT,Technology,Software - Infrastructure,NYSE,956166,5.84,103.86,27,-6,-36.52,88.0,50.5,7.0,10.6,26.3,8.1,67,40,7,17,15.0,0,0,0,0,0,0,594471310.6712704,100248116.0,0.0877,-0.014,694060,1189570,0,19.7,20.4,2026-08-19
991,WPM,Basic Materials,Gold,NYSE,1770126,136.61,103.85,40,85,-17.59,62.0,75.5,9.6,19.3,25.5,17.0,67,27,72,93,75.9,0,0,0,0,0,0,60952812354.44971,454159968.0,2.63,0.847,2199910,2081830,1,67.0,-42.2,2026-08-19
992,PNFP,Financial Services,Banks - Regional,NYSE,1173240,107.35,103.84,17,12,-2.7,23.8,72.7,-3.8,-3.2,0.7,6.4,67,50,45,35,44.2,0,0,0,0,0,0,16321676569.211426,151112640.0,0.039,1.37,900240,1293918,0,43.5,6.4,2026-08-19
993,SPIR,Industrials,Specialty Business Services,NYSE,765376,13.74,103.84,40,109,-47.01,95.2,36.2,-2.5,6.6,-9.8,4.0,67,27,96,30,57.3,0,0,0,0,0,0,540026101.166358,38711549.0,0.1166,-0.059,609170,1066934,1,52.6,-22.7,2026-08-19
994,FAST,Industrials,Industrial Distribution,NASDAQ,8669320,51.23,103.83,19,14,-3.19,31.4,92.9,-0.3,3.4,7.7,14.8,67,48,43,61,40.5,0,0,0,0,0,0,58545326699.74271,1147497573.0,0.0357,0.147,7982380,8238788,0,48.1,1.6,2026-08-19
995,MTG,Financial Services,Insurance - Specialty,NYSE,1770476,31.11,103.8,1,-22,-2.45,24.2,95.6,0.6,1.5,8.4,12.0,66,65,42,37,46.1,0,0,0,0,0,0,6391689983.100433,205124840.0,0.060300004,-0.029,1547520,1827078,0,47.5,17.3,2026-08-19
996,VATE,Industrials,Engineering & Construction,NYSE,694956,7.56,103.79,-21,-11,-64.51,96.2,23.8,-2.7,-2.8,-37.4,-6.9,66,87,97,24,81.4,0,0,0,0,0,0,108589253.88039587,13641866.0,0.074,0.742,1888230,467384,1,72.3,14.4,2026-08-19
997,CVS,Healthcare,Healthcare Plans,NYSE,8227790,94.01,103.75,-25,-35,-15.06,33.6,58.2,-1.5,-6.6,-8.3,9.4,66,91,81,57,64.3,0,0,0,0,0,0,124264765735.76938,1278970369.0,0.0147,0.071,9536700,8309082,1,73.3,21.2,2026-08-19
998,CUZ,Real Estate,REIT - Office,NYSE,1583740,29.18,103.72,-13,-33,-11.44,37.5,73.1,-0.4,-3.9,-2.2,12.2,66,79,59,27,39.3,0,0,0,0,0,0,4888681248.181404,164602058.0,0.083900005,0.116,1486350,1707518,0,51.1,32.3,2026-08-19
999,LNG,Energy,Oil & Gas Midstream,NYSE,1731463,266.93,103.69,-3,-10,-11.29,45.3,79.1,2.6,4.0,8.3,16.4,66,69,62,43,53.1,0,0,0,0,0,0,56102941704.52271,206534158.0,0.0184,0.227,1603960,1960052,0,56.8,13.8,2026-08-19
1000,RES,Energy,Oil & Gas Equipment & Services,NYSE,1366800,6.57,103.69,8,34,-19.49,49.6,55.7,1.4,7.2,4.2,1.7,66,58,84,71,69.8,0,0,0,0,0,0,1409738625.914404,221657012.0,0.2907,0.095,1272560,1598724,0,70.7,-11.1,2026-08-19
1001,MLI,Industrials,Metal Fabrication,NYSE,1384643,66.63,103.69,3,23,-6.31,38.4,69.4,-6.4,-5.2,-2.5,2.7,66,63,83,81,64.6,0,0,0,0,0,0,14575853806.696014,221181388.0,0.021300001,0.255,977370,1495068,0,72.9,-6.4,2026-08-19
1002,KEX,Industrials,Marine Shipping,NYSE,602863,141.13,103.66,-12,-9,-10.5,73.4,80.8,1.9,0.8,-0.2,7.0,66,78,81,75,68.1,0,0,0,0,0,0,7319135742.1875,52800000.0,0.0355,0.078,529410,613110,0,75.5,5.3,2026-08-19
1003,WTFC,Financial Services,Banks - Regional,NASDAQ,677160,160.96,103.55,-9,-18,-3.74,27.6,71.1,-4.1,-4.3,-3.8,4.4,66,75,66,69,53.3,0,0,0,0,0,0,10961195740.845917,67465967.0,0.0312,0.102,622370,622934,0,65.8,13.0,2026-08-19
1004,LUV,Industrials,Airlines,NYSE,5152566,43.35,103.54,-14,-35,-21.34,39.6,46.8,-7.1,-8.6,-11.9,-2.6,66,80,59,90,62.6,0,0,0,0,0,0,21652354155.14028,489208201.0,0.088999994,0.164,4183000,5903002,1,72.9,8.8,2026-08-19
1005,PBA,Energy,Oil & Gas Midstream,NYSE,904826,48.66,103.52,-17,-22,-5.66,32.9,80.8,-0.1,-1.3,0.2,11.0,66,83,78,70,63.9,0,0,0,0,0,0,28688109214.85901,581555000.0,13.22,0.201,895090,1120934,0,73.7,12.7,2026-08-19
1006,AKAM,Technology,Software - Infrastructure,NASDAQ,3687850,122.97,103.49,-23,-20,-25.68,56.8,45.8,-5.0,-4.1,-7.3,4.9,66,89,92,74,73.9,0,0,0,0,0,0,17963138651.8982,143716609.0,0.1619,0.054,4096700,3814238,1,82.2,10.2,2026-08-19
1007,GOOGL,Communication Services,Internet Content & Information,NASDAQ,28894856,344.0,103.48,-17,-9,-15.81,72.9,71.5,-1.0,-0.4,-2.2,3.7,66,83,91,85,80.7,0,0,0,0,0,0,4230334383397.302,12229934831.0,0.012,0.242,25477900,32322146,1,84.9,-0.0,2026-08-19
1008,AOSL,Technology,Semiconductors,NASDAQ,635220,31.07,103.45,18,64,-42.82,55.4,27.0,-16.0,-15.1,-27.1,-7.2,66,48,94,37,35.0,0,0,0,0,0,0,920933128.7606736,29929578.0,0.15640001,-0.035,639930,722530,1,53.5,4.1,2026-08-19
1009,QTWO,Technology,Software - Application,NYSE,891473,64.41,103.45,35,20,-24.39,52.2,52.2,0.5,4.4,20.2,12.0,66,31,16,12,21.1,0,0,0,0,0,0,4036219616.6705694,62354695.0,0.0992,0.126,824110,865552,0,20.0,10.3,2026-08-19
1010,LAMR,Real Estate,REIT - Specialty,NASDAQ,647513,152.38,103.43,-16,-21,-8.39,32.6,78.5,-0.8,-2.3,-1.4,11.0,66,82,77,60,59.5,0,0,0,0,0,0,15787929495.442017,101549684.0,0.0854,0.065,698140,664064,0,69.6,16.1,2026-08-19
1011,CCK,Consumer Cyclical,Packaging & Containers,NYSE,1067413,116.24,103.34,-2,-35,-5.43,29.6,83.7,-1.8,-1.8,3.8,11.3,66,68,35,73,52.3,0,0,0,0,0,0,12944675654.118189,108760511.0,0.0339,0.165,859320,1118700,0,57.1,10.1,2026-08-19
1012,UCB,Financial Services,Banks - Regional,NYSE,909336,36.63,103.29,-1,-8,-1.48,23.5,83.6,-1.1,-0.3,1.3,7.8,66,67,60,59,48.8,0,0,0,0,0,0,4400123204.999607,119763827.0,0.0437,0.244,793830,1011190,0,58.7,11.4,2026-08-19
1013,GLNG,Energy,Oil & Gas Midstream,NASDAQ,1234980,52.47,103.28,-4,9,-9.21,47.9,76.8,1.5,4.0,3.8,12.5,66,70,83,69,61.7,0,0,0,0,0,0,5359071701.366425,102097000.0,0.078200005,0.724,1219390,1225710,0,70.9,3.1,2026-08-19
1014,KO,Consumer Defensive,Beverages - Non-Alcoholic,NYSE,16084133,86.98,103.27,-6,-12,-4.33,37.6,100.0,3.2,4.1,7.6,16.9,66,72,66,65,62.2,0,0,0,0,0,0,377376590164.4285,4302549243.0,0.0105,0.067,13148860,18172680,0,66.3,6.9,2026-08-19
1015,FTAI,Industrials,Aerospace & Defense,NASDAQ,1623123,227.43,103.25,5,24,-29.7,50.2,41.6,-3.6,-2.7,-9.0,-9.1,66,61,80,95,71.2,0,0,0,0,0,0,22300791170.329468,102707091.0,0.108100004,0.409,1402600,1391844,1,76.8,-13.8,2026-08-19
1016,NLY,Real Estate,REIT - Mortgage,NYSE,7010483,23.37,103.24,0,-4,-4.69,17.5,84.2,2.3,3.3,4.6,5.6,66,66,62,69,49.5,0,0,0,0,0,0,17584157874.35615,753714442.0,0.0,4.794,6672010,7804738,0,61.6,8.1,2026-08-19
1017,NXE,Energy,Uranium,NYSE,5176920,10.75,103.23,37,90,-22.99,63.5,55.0,1.1,6.6,8.0,-1.3,66,29,82,94,75.4,0,0,0,0,0,0,6966558619.590001,670506101.0,9.12,,5795680,5501114,1,70.1,-41.5,2026-08-19
1018,ACVA,Consumer Cyclical,Auto & Truck Dealerships,NYSE,3536173,7.62,103.23,14,-23,-37.59,80.0,41.5,-1.9,-3.4,3.5,12.3,66,52,15,10,9.1,0,0,0,0,0,0,1404312072.3319244,169807980.0,0.094,0.104,4470120,3301218,0,21.5,33.6,2026-08-19
1019,WK,Technology,Software - Application,NYSE,781353,69.87,103.14,39,28,-28.04,70.9,64.1,9.5,19.2,36.2,13.4,66,27,16,17,36.2,0,0,0,0,0,0,3836906685.12616,54416488.0,0.1,0.186,861850,905924,0,24.0,-1.5,2026-08-19
1020,HOMB,Financial Services,Banks - Regional,NYSE,1764470,31.11,103.11,1,-29,-1.86,18.4,81.6,-1.8,-2.0,3.2,8.2,66,65,35,41,40.8,0,0,0,0,0,0,6279557763.599396,200049630.0,0.0621,0.086,1281550,1888212,0,45.5,19.9,2026-08-19
1021,BURL,Consumer Cyclical,Apparel Retail,NYSE,664383,336.85,103.05,-3,-30,-10.96,39.2,73.3,-4.6,-5.7,-0.7,8.8,66,69,42,67,51.5,0,0,0,0,0,0,21844201162.23819,62830271.0,0.0794,0.141,746790,687434,0,57.4,11.9,2026-08-19
1022,BEAM,Healthcare,Biotechnology,NASDAQ,2053103,27.1,103.04,27,69,-29.17,81.6,59.6,7.0,8.7,-3.4,3.5,65,38,80,89,79.2,0,0,0,0,0,0,2762945038.75,103287665.0,0.35169998,-0.942,1555950,2186584,0,71.5,-35.0,2026-08-19
1023,BEP,Utilities,Utilities - Renewable,NYSE,1012800,34.44,102.93,5,24,-9.65,35.9,70.0,-0.8,0.8,-0.3,5.7,65,60,79,77,65.0,0,0,0,0,0,0,10538839783.75,303275965.0,0.0050999997,0.011,968140,921044,0,70.2,-7.8,2026-08-19
1024,DNOW,Industrials,Industrial Distribution,NYSE,2489686,16.15,102.91,9,-18,-6.43,40.4,78.1,-3.9,2.9,10.6,15.3,65,56,29,24,41.7,0,0,0,0,0,0,2970312244.3014755,180785891.0,0.118,1.081,3126560,2833542,0,37.7,16.3,2026-08-19
1025,FRT,Real Estate,REIT - Retail,NYSE,855106,118.02,102.79,-14,-19,-7.95,23.9,70.3,-0.2,-3.0,-4.0,6.9,65,79,74,62,58.4,0,0,0,0,0,0,10227616980.10222,86389197.0,0.0002,0.072,949510,934904,0,68.4,14.2,2026-08-19
1026,GOOG,Communication Services,Internet Content & Information,NASDAQ,19113970,341.45,102.77,-18,-10,-15.58,70.7,71.2,-1.3,-0.9,-2.6,3.1,65,83,91,85,80.3,0,0,0,0,0,0,4201471916345.5776,12229934831.0,2.35,0.242,16578890,21470278,1,84.8,0.2,2026-08-19
1027,VCYT,Healthcare,Diagnostics & Research,NASDAQ,1275713,42.08,102.68,-31,-49,-30.91,47.5,42.6,-4.0,-12.5,-19.6,-0.4,65,96,78,46,68.2,0,0,0,0,0,0,3316117653.75,80390731.0,0.1008,0.155,1332090,1367786,1,72.0,25.7,2026-08-19
1028,NVMI,Technology,Semiconductor Equipment & Materials,NASDAQ,548870,420.79,102.56,2,32,-31.69,62.5,40.2,-3.4,-4.5,-16.8,-11.4,65,63,93,93,72.4,0,0,0,0,0,0,13298791882.01648,31806161.0,0.045700002,0.159,492100,559564,2,80.4,-13.7,2026-08-19
1029,CRI,Consumer Cyclical,Apparel Retail,NYSE,995203,37.82,102.53,0,1,-14.9,47.0,62.4,-4.6,-4.4,-6.6,2.8,65,65,66,81,69.4,0,0,0,0,0,0,1421457128.0134585,36711185.0,0.1027,0.052,891250,968402,0,70.4,-5.5,2026-08-19
1030,SPSC,Technology,Software - Application,NASDAQ,609566,76.23,102.53,40,28,-35.05,61.8,46.8,5.6,12.0,26.9,16.4,65,25,13,8,11.6,0,0,0,0,0,0,2858413870.531906,36000174.0,0.095,0.056,634720,693256,0,14.4,11.3,2026-08-19
1031,CNR,Energy,Thermal Coal,NYSE,535083,95.87,102.53,27,47,-16.49,34.5,54.6,-0.0,6.4,8.5,5.0,65,38,58,68,58.0,0,0,0,0,0,0,4762102617.762268,49636257.0,0.053200003,0.035,583050,617072,0,55.5,-18.0,2026-08-19
1032,LYB,Basic Materials,Specialty Chemicals,NYSE,4871066,64.73,102.51,3,25,-22.89,56.2,59.3,4.4,6.9,10.5,11.6,65,62,84,64,57.1,0,0,0,0,0,0,20596899277.311523,323037952.0,0.0478,0.198,4521080,5159640,0,66.8,-0.2,2026-08-19
1033,DB,Financial Services,Banks - Regional,NYSE,1791826,38.12,102.38,7,-13,-5.71,34.1,80.8,-0.4,2.3,6.4,8.9,65,58,38,73,39.2,0,0,0,0,0,0,72454242580.41382,1879000000.0,0.0033000002,0.087,1446070,2255402,0,52.1,8.4,2026-08-19
1034,BC,Consumer Cyclical,Recreational Vehicles,NYSE,697110,82.3,102.38,2,11,-8.81,38.9,75.0,0.2,0.6,0.6,4.8,65,63,72,84,59.1,0,0,0,0,0,0,5356803254.112366,64797428.0,0.0002,0.077,629020,692252,0,69.5,-3.1,2026-08-19
1035,HIMS,Healthcare,Drug Manufacturers - Specialty & Generic,NYSE,13990806,28.61,102.36,36,37,-56.19,114.1,34.3,4.5,5.0,-2.4,7.2,65,29,30,4,10.8,0,0,0,0,0,0,6567772486.947996,233313413.0,0.3206,0.382,12635230,15955314,0,18.5,14.0,2026-08-19
1036,EIX,Utilities,Utilities - Regulated Electric,NYSE,3012076,71.3,102.35,-18,-31,-12.64,40.9,77.1,4.4,0.4,-0.6,8.3,65,83,70,83,63.2,0,0,0,0,0,0,27479567649.62088,384813979.0,0.0502,-0.041,3938660,2766874,0,74.8,11.2,2026-08-19
1037,IFF,Basic Materials,Specialty Chemicals,NYSE,1780853,81.83,102.35,2,-10,-8.39,39.9,83.4,-0.7,2.1,5.3,13.7,65,63,51,68,59.9,0,0,0,0,0,0,21491446435.05244,255303473.0,0.0883,0.018,1753420,1870716,0,60.5,1.7,2026-08-19
1038,SHO,Real Estate,REIT - Hotel & Motel,NYSE,2493900,10.89,102.33,-18,-28,-9.78,27.9,76.5,2.0,-1.5,-2.6,12.0,65,83,73,44,57.3,0,0,0,0,0,0,2034226636.5148168,185943941.0,0.0002,0.061,2809680,2841852,0,64.3,21.7,2026-08-19
1039,FHN,Financial Services,Banks - Regional,NYSE,5902753,26.02,102.3,-2,-5,-2.03,24.7,78.4,-3.0,-3.2,-2.1,3.5,65,67,64,66,46.8,0,0,0,0,0,0,12422436757.443045,473777158.0,0.0,0.09,5481070,5391196,0,61.0,10.6,2026-08-19
1040,HRMY,Healthcare,Biotechnology,NASDAQ,856240,38.14,102.29,3,-22,-6.68,54.2,96.0,2.7,6.3,10.4,18.3,65,62,37,22,44.7,0,0,0,0,0,0,2219971238.956821,58236393.0,0.1031,0.303,863210,850472,0,41.4,19.1,2026-08-19
1041,AGNC,Real Estate,REIT - Mortgage,NASDAQ,18591970,10.95,102.2,-3,-9,-10.17,15.3,57.4,1.8,2.5,2.7,3.2,65,68,62,74,50.0,0,0,0,0,0,0,12992876704.34253,1185481447.0,0.0848,,16185720,17580070,0,63.5,8.4,2026-08-19
1042,MMM,Industrials,Conglomerates,NYSE,3459773,180.21,102.19,11,-9,-2.54,27.9,92.7,-0.7,0.5,7.4,12.7,65,54,34,55,52.2,0,0,0,0,0,0,94196696317.33015,515722417.0,0.019299999,0.025,2698270,3667006,0,48.8,2.7,2026-08-19
1043,ASND,Healthcare,Biotechnology,NASDAQ,547873,247.4,102.18,-12,-16,-12.32,36.8,79.9,3.0,3.5,3.6,13.3,65,77,73,78,64.5,0,0,0,0,0,0,16299818255.0,65592830.0,0.0615,1.443,615500,710746,0,73.1,6.4,2026-08-19
1044,DLR,Real Estate,REIT - Specialty,NYSE,2735256,197.91,102.12,25,55,-4.91,30.0,79.3,-1.3,-0.5,3.1,8.4,65,40,70,62,50.7,0,0,0,0,0,0,74062738367.87842,370036176.0,0.0001,0.299,2029560,3212216,0,55.7,-12.7,2026-08-19
1045,HOG,Consumer Cyclical,Recreational Vehicles,NYSE,2466886,27.03,102.11,-10,-28,-13.5,60.9,75.7,3.2,5.3,7.7,20.9,65,75,57,21,35.6,0,0,0,0,0,0,2891134315.9209194,104072507.0,0.23809999,-0.059,1941270,2713112,0,47.2,32.3,2026-08-19
1046,VTR,Real Estate,REIT - Healthcare Facilities,NYSE,3272176,91.17,102.07,-18,-26,-10.27,36.8,74.0,1.0,-1.4,1.9,9.4,64,82,74,74,65.8,0,0,0,0,0,0,46944849053.753136,512946359.0,0.0529,0.217,2977930,3762746,0,74.0,10.5,2026-08-19
1047,EQH,Financial Services,Asset Management,NYSE,2789026,51.13,102.07,3,-29,-7.29,41.4,75.8,-3.4,-0.4,6.1,12.6,64,61,29,24,27.6,0,0,0,0,0,0,14481135673.450756,272765787.0,0.0001,-0.298,3110480,3346258,0,35.4,27.3,2026-08-19
1048,GENI,Communication Services,Internet Content & Information,NYSE,6457926,7.76,102.05,30,6,-43.48,98.2,40.0,-0.0,3.9,14.1,7.3,64,34,10,11,7.1,0,0,0,0,0,0,2326513931.431884,277626957.0,0.1314,0.647,8459340,6708824,0,15.5,20.5,2026-08-19
1049,TFC,Financial Services,Banks - Regional,NYSE,7411673,52.53,102.05,-1,-7,-6.53,24.0,67.1,-2.7,-2.5,-0.4,3.5,64,65,59,66,47.6,0,0,0,0,0,0,64868348718.74637,1221626188.0,0.0227,0.082,6206710,8875228,0,59.4,9.1,2026-08-19
1050,AFRM,Financial Services,Credit Services,NASDAQ,3309766,74.52,102.04,2,14,-25.48,81.8,70.1,1.8,3.4,1.9,16.6,64,62,74,19,33.3,0,0,0,0,0,0,26239302056.735344,334898565.0,0.052699998,0.326,2720400,3776068,0,47.1,21.8,2026-08-19
1051,ELVA,Industrials,Electrical Equipment & Parts,NASDAQ,1729503,7.7,102.03,-21,-11,-39.75,73.0,38.5,-10.0,-12.5,-20.0,-13.2,64,85,95,96,76.7,0,0,0,0,0,0,393584456.5571976,49507480.0,1.69,0.034,787490,1170144,2,88.2,0.9,2026-08-19
1052,FDS,Financial Services,Financial Data & Stock Exchanges,NYSE,853333,276.76,102.01,30,21,-28.62,56.8,54.7,5.1,8.3,16.9,20.3,64,34,25,10,17.7,0,0,0,0,0,0,10082475437.750244,35565543.0,0.128,0.064,734380,941994,0,21.7,13.9,2026-08-19
1053,MPLX,Energy,Oil & Gas Midstream,NYSE,1561233,59.08,101.99,-3,-9,-3.07,22.8,85.7,-1.0,-0.4,1.9,4.8,64,67,61,68,52.7,0,0,0,0,0,0,60304288305.37253,1013858251.0,0.021,0.106,1530640,1497420,0,62.2,7.6,2026-08-19
1054,TS,Energy,Oil & Gas Equipment & Services,NYSE,1329316,53.44,101.98,-20,-16,-17.28,57.6,64.0,-0.4,-3.7,-5.9,2.2,64,84,88,86,72.7,0,0,0,0,0,0,27048249987.592804,504819878.0,0.026099999,-0.039,1900340,1254532,0,82.7,4.9,2026-08-19
1055,HCSG,Healthcare,Medical Care Facilities,NASDAQ,776090,21.59,101.96,-27,-43,-16.16,52.7,76.9,5.7,2.0,-0.4,11.9,64,91,75,86,74.0,0,0,0,0,0,0,1481769251.652443,68632202.0,0.045900002,0.027,818480,769726,1,81.5,11.1,2026-08-19
1056,PSA,Real Estate,REIT - Industrial,NYSE,1122936,324.31,101.95,4,1,-3.35,25.8,92.6,-0.2,0.0,0.9,10.0,64,60,57,58,50.2,0,0,0,0,0,0,60866040277.87329,186745748.0,0.0387,0.033,760730,1087900,0,56.3,5.6,2026-08-19
1057,FRNM,Healthcare,Diagnostics & Research,NASDAQ,653526,13.0,101.95,9,-9,-10.16,36.4,86.5,13.1,18.1,20.3,15.7,64,55,37,74,60.9,0,0,0,0,0,0,1226502970.1608572,106098869.0,0.55,9.716,907510,449240,0,56.7,-5.0,2026-08-19
1058,ESNT,Financial Services,Insurance - Specialty,NYSE,532786,69.43,101.95,-2,-20,-0.81,23.6,96.1,0.8,2.4,7.0,10.9,64,66,48,37,46.9,0,0,0,0,0,0,6252673292.5720215,89876000.0,0.0425,0.136,551890,761888,0,49.5,17.2,2026-08-19
1059,DRS,Industrials,Aerospace & Defense,NASDAQ,832420,45.35,101.92,13,32,-10.36,30.8,58.4,-4.9,-6.8,-6.0,2.2,64,51,70,76,36.8,0,0,0,0,0,0,12151570352.154694,266891515.0,0.0112,0.101,757300,1002042,0,58.5,0.2,2026-08-19
1060,MTDR,Energy,Oil & Gas E&P,NYSE,2047713,55.94,101.91,-2,15,-16.31,56.0,73.6,9.1,13.9,12.7,14.4,64,66,83,66,57.1,0,0,0,0,0,0,6644363687.089447,123754216.0,0.1252,0.268,2297030,1968506,0,68.0,2.8,2026-08-19
1061,RJF,Financial Services,Asset Management,NYSE,1120230,179.48,101.91,5,-15,-1.78,26.3,91.9,-0.9,0.7,7.3,11.8,64,59,39,45,43.6,0,0,0,0,0,0,34780920496.27692,192361711.0,0.0531,0.151,839530,1318798,0,46.6,12.5,2026-08-19
1062,RRR,Consumer Cyclical,Resorts & Casinos,NASDAQ,691393,63.21,101.86,-5,-42,-8.38,20.0,62.9,-1.8,-3.4,-2.9,2.8,64,69,32,68,35.3,0,0,0,0,0,0,3764240300.0774193,59130385.0,0.1041,-0.03,901800,748950,0,51.1,20.8,2026-08-19
1063,COLD,Real Estate,REIT - Industrial,NYSE,3971183,14.5,101.85,-12,-31,-14.1,49.0,80.9,2.2,3.2,0.8,14.8,64,76,57,42,35.5,0,0,0,0,0,0,4247950631.550656,285480551.0,0.088199995,0.018,3651190,4262864,0,52.6,28.9,2026-08-19
1064,WWW,Consumer Cyclical,Footwear & Accessories,NYSE,834393,19.83,101.85,29,18,-39.54,42.3,34.9,7.1,6.7,13.8,18.9,64,35,24,43,14.3,0,0,0,0,0,0,1724240103.52775,81989541.0,0.1184,0.068,966240,904094,0,29.1,9.8,2026-08-19
1065,ROK,Industrials,Specialty Industrial Machinery,NYSE,824460,444.6,101.76,-11,-9,-10.61,29.8,61.7,-2.0,-4.2,-6.0,4.2,64,75,77,72,57.5,0,0,0,0,0,0,49901942991.89014,111048676.0,0.0395,0.079,966370,855956,0,70.4,9.1,2026-08-19
1066,H,Consumer Cyclical,Lodging,NYSE,831426,181.6,101.75,-10,-14,-12.21,35.1,71.4,2.7,1.9,-2.7,9.0,64,74,70,64,61.9,0,0,0,0,0,0,17054964078.657228,94236736.0,0.2777,-0.066,811120,882214,0,67.5,8.5,2026-08-19
1067,FOXF,Consumer Cyclical,Auto Parts,NASDAQ,578933,20.55,101.65,27,12,-32.76,64.4,49.5,3.5,9.3,16.3,22.3,64,37,22,41,14.6,0,0,0,0,0,0,883491660.2602654,42031001.0,0.1189,-0.045,763160,617736,0,28.6,11.9,2026-08-19
1068,FMX,Consumer Defensive,Beverages - Brewers,NYSE,502836,117.28,101.64,-18,-24,-17.1,41.9,70.8,-0.1,-3.3,-5.3,5.7,64,82,76,71,67.6,0,0,0,0,0,0,40292396076.714935,340681468.0,3.49,0.093,439170,535808,0,74.2,10.0,2026-08-19
1069,GTES,Industrials,Specialty Industrial Machinery,NYSE,1929276,28.14,101.62,5,-17,-7.25,24.7,59.0,-5.8,-5.1,-3.8,6.0,64,59,37,76,42.5,0,0,0,0,0,0,7027476537.141705,253151170.0,0.052600004,0.066,1925930,1994464,0,53.6,7.1,2026-08-19
1070,ELAN,Healthcare,Drug Manufacturers - Specialty & Generic,NYSE,7008936,23.61,101.62,-16,-44,-15.62,41.2,75.3,5.9,0.3,-0.1,3.8,64,80,52,89,67.6,0,0,0,0,0,0,11821971667.71498,499449583.0,0.1145,0.102,11904630,6309872,0,72.1,7.2,2026-08-19
1071,GNW,Financial Services,Insurance - Life,NYSE,2783686,10.09,101.62,-12,-21,-1.08,24.9,89.2,-0.1,0.1,3.4,11.5,64,76,67,60,52.4,0,0,0,0,0,0,3838966478.2645073,377851037.0,0.0308,0.053,2693240,2972860,0,63.9,15.9,2026-08-19
1072,NVDA,Technology,Semiconductors,NASDAQ,123021216,225.01,101.61,3,23,-4.87,31.7,74.2,-1.8,2.4,5.0,11.5,64,61,81,74,53.4,0,0,0,0,0,0,5453600448699.951,24221000000.0,0.0126,0.852,110684950,135520306,0,67.4,-0.8,2026-08-19
1073,IVT,Real Estate,REIT - Retail,NYSE,624020,33.42,101.58,-17,-29,-10.21,22.2,63.9,0.1,-3.1,-4.4,6.4,64,81,69,60,52.3,0,0,0,0,0,0,2622414717.81995,77978431.0,0.0797,0.126,675500,1087052,0,65.6,19.8,2026-08-19
1074,FLOC,Energy,Oil & Gas Equipment & Services,NYSE,543353,23.41,101.55,10,43,-17.16,58.1,59.8,-0.8,5.4,5.2,5.6,64,54,87,76,68.7,0,0,0,0,0,0,1043471889.8409004,43972689.0,0.092,0.221,602530,683770,0,71.4,-15.1,2026-08-19
1075,DT,Technology,Software - Application,NYSE,5288256,47.61,101.52,1,-27,-10.65,53.3,92.7,0.4,5.8,11.5,19.9,63,62,34,16,39.2,0,0,0,0,0,0,14201564393.5271,289002128.0,0.0448,0.162,7874850,5574890,0,37.8,23.4,2026-08-19
1076,RNST,Financial Services,Banks - Regional,NYSE,626320,43.11,101.48,-8,-12,-3.21,25.9,79.3,-2.3,-3.0,-1.7,8.2,63,71,67,60,45.0,0,0,0,0,0,0,3980664381.013928,91404465.0,0.0505,0.453,569310,708840,0,60.7,15.6,2026-08-19
1077,SMCI,Technology,Computer Hardware,NASDAQ,52306130,38.28,101.41,48,65,-34.88,78.2,42.1,3.8,13.5,20.3,15.8,63,15,32,22,18.2,0,0,0,0,0,0,25771421494.38499,646873027.0,0.18450001,0.932,70889920,61512776,0,21.8,-4.7,2026-08-19
1078,DVA,Healthcare,Medical Care Facilities,NYSE,926936,176.7,101.4,-32,-41,-28.6,70.7,53.5,-1.5,-13.8,-17.7,10.4,63,95,86,66,63.8,0,0,0,0,0,0,11487827844.23828,63800000.0,0.132,0.052,1425220,894616,1,77.7,22.3,2026-08-19
1079,LPLA,Financial Services,Capital Markets,NASDAQ,695050,368.2,101.38,27,14,-7.99,35.1,73.3,-2.5,1.0,11.0,8.3,63,36,23,26,36.2,0,0,0,0,0,0,29187405691.630554,78742290.0,0.0369,0.364,635320,870236,0,30.3,3.2,2026-08-19
1080,CBSH,Financial Services,Banks - Regional,NASDAQ,1097573,59.71,101.35,-3,-33,-1.99,24.0,88.6,-0.9,-1.0,1.4,10.4,63,66,36,32,35.1,0,0,0,0,0,0,8644657433.71804,143432178.0,0.0467,0.142,802130,1228682,0,42.3,25.3,2026-08-19
1081,DD,Basic Materials,Specialty Chemicals,NYSE,1572503,143.07,101.35,-10,-3,-9.44,52.3,76.3,-2.2,-1.2,-0.2,3.5,63,73,80,88,73.1,0,0,0,0,0,0,19751384781.686783,135042975.0,0.0438,0.04,1557360,1537510,0,78.5,-3.8,2026-08-19
1082,SKT,Real Estate,REIT - Retail,NYSE,946516,38.41,101.34,-16,-32,-9.69,22.0,66.3,-0.2,-3.5,-3.0,7.4,63,79,63,60,51.1,0,0,0,0,0,0,4416976558.593319,114875851.0,0.0796,0.115,994400,1091288,0,63.3,19.4,2026-08-19
1083,CCEP,Consumer Defensive,Beverages - Non-Alcoholic,NASDAQ,1934056,105.57,101.34,-8,-37,-7.13,24.9,80.9,-0.4,-1.0,2.1,10.4,63,71,42,72,52.8,0,0,0,0,0,0,47565407566.72966,441893421.0,0.0589,0.044,1930500,2007266,0,59.4,11.8,2026-08-19
1084,NSC,Industrials,Railroads,NYSE,1160200,341.12,101.32,-8,-14,-4.87,26.9,93.7,2.3,1.9,6.1,13.4,63,71,65,71,56.0,0,0,0,0,0,0,75111286837.47043,224608373.0,0.034,0.114,1185610,1151718,0,65.7,8.1,2026-08-19
1085,SBUX,Consumer Cyclical,Restaurants,NASDAQ,7120926,107.92,101.32,-6,0,-2.34,33.8,88.1,-1.5,-0.4,0.8,9.0,63,69,75,58,47.7,0,0,0,0,0,0,122766602783.20312,1140000000.0,0.0383,-0.014,5830520,7487052,0,62.4,12.2,2026-08-19
1086,LYFT,Technology,Software - Application,NASDAQ,11761220,17.22,101.32,25,11,-32.58,37.8,40.1,1.7,6.8,13.1,7.3,63,38,24,23,43.8,0,0,0,0,0,0,6616883379.238026,378540249.0,0.2045,0.161,12544210,12373092,0,32.2,1.5,2026-08-19
1087,MUR,Energy,Oil & Gas E&P,NYSE,1684633,34.82,101.27,-14,-4,-19.66,66.6,71.5,5.6,0.8,3.0,5.6,63,77,87,74,79.1,0,0,0,0,0,0,4955594798.573181,143349576.0,0.09729999,0.356,2100620,1855350,0,79.3,-1.4,2026-08-19
1088,WTW,Financial Services,Insurance Brokers,NASDAQ,573453,326.06,101.15,26,11,-7.58,38.6,86.6,-0.3,2.7,14.2,12.1,63,37,22,30,34.8,0,0,0,0,0,0,30795405249.72281,92871937.0,0.0435,0.091,547510,631026,0,31.0,4.0,2026-08-19
1089,HBAN,Financial Services,Banks - Regional,NASDAQ,25077950,17.95,101.14,-1,-27,-7.76,14.3,50.6,-2.8,-1.7,-2.2,1.6,63,64,38,56,39.0,0,0,0,0,0,0,36185629225.36916,2020414826.0,0.0255,0.476,23529520,23975752,0,49.2,16.7,2026-08-19
1090,TARS,Healthcare,Biotechnology,NASDAQ,1091390,70.61,101.1,24,40,-17.17,48.8,72.6,6.4,14.3,16.5,7.0,63,39,55,73,68.0,0,0,0,0,0,0,3036703189.279724,43882996.0,0.1416,0.694,794640,1007912,0,58.8,-22.9,2026-08-19
1091,TFX,Healthcare,Medical Instruments & Supplies,NYSE,547550,133.07,100.96,-5,-2,-8.23,35.4,89.3,0.5,0.7,2.7,11.8,63,68,71,28,45.2,0,0,0,0,0,0,5812221618.903824,42372397.0,0.1047,0.289,728470,520974,0,53.1,19.1,2026-08-19
1092,AAPL,Technology,Consumer Electronics,NASDAQ,50783936,305.59,100.93,-21,-27,-11.31,40.9,79.8,2.7,0.2,2.4,12.7,63,84,78,64,66.8,0,0,0,0,0,0,4464797380509.033,14594180000.0,0.0097,0.164,42871190,58294096,0,73.2,13.2,2026-08-19
1093,HAL,Energy,Oil & Gas Equipment & Services,NYSE,11422370,34.73,100.88,-18,-8,-20.33,66.0,63.6,4.0,6.5,2.0,2.2,63,81,91,88,78.9,0,0,0,0,0,0,28676345706.632736,833130367.0,0.057600003,0.037,9772160,11945200,1,84.7,-1.4,2026-08-19
1094,DE,Industrials,Farm & Heavy Construction Machinery,NYSE,1008620,599.92,100.85,-4,-19,-11.02,32.2,63.4,-4.4,-4.9,-3.5,4.6,63,67,52,80,47.3,0,0,0,0,0,0,164454812051.28394,270107282.0,0.0233,-0.111,866300,1142224,0,61.6,8.7,2026-08-19
1095,TTI,Industrials,Conglomerates,NYSE,1641000,8.42,100.8,-23,-15,-32.85,90.8,42.4,-11.2,-9.2,-19.1,-19.7,63,86,94,97,85.8,0,0,0,0,0,0,1266022288.6926413,148072779.0,0.060599998,0.068,1665640,1762860,2,90.7,-2.9,2026-08-19
1096,EPR,Real Estate,REIT - Specialty,NYSE,721723,60.5,100.8,-6,-9,-6.88,24.5,76.3,-0.6,-1.9,0.3,8.7,63,69,66,68,49.4,0,0,0,0,0,0,4692296472.5,76608922.0,0.1314,0.106,773250,689292,0,63.1,10.3,2026-08-19
1097,BKU,Financial Services,Banks - Regional,NYSE,897840,47.86,100.74,-9,-12,-8.16,32.4,73.7,-0.9,-0.5,-2.2,1.7,62,71,68,76,56.7,0,0,0,0,0,0,3443366927.5291786,71232249.0,0.0519,0.042,516980,970274,0,67.9,6.5,2026-08-19
1098,ADP,Technology,Software - Application,NASDAQ,2328583,266.06,100.7,3,-27,-14.2,46.8,73.5,1.9,3.7,12.3,17.7,62,59,29,18,27.9,0,0,0,0,0,0,108436833296.94096,397262737.0,0.037,0.068,2101280,2601936,0,33.5,26.8,2026-08-19
1099,NATL,Technology,Software - Application,NYSE,589593,46.31,100.7,-17,-18,-4.52,35.0,85.2,-1.1,-1.7,1.0,9.0,62,79,78,75,52.4,0,0,0,0,0,0,3467983135.1715546,73896934.0,0.070300005,0.001,694930,671458,0,71.1,14.2,2026-08-19
1100,SJM,Consumer Defensive,Packaged Foods,NYSE,1344480,117.83,100.68,-8,-45,-7.69,37.2,90.5,2.9,2.8,6.9,16.7,62,70,33,46,43.7,0,0,0,0,0,0,12974246893.865204,106880690.0,0.054,0.058,962820,1543008,0,48.2,21.7,2026-08-19
1101,FNV,Basic Materials,Gold,NYSE,744733,238.56,100.65,28,59,-16.49,44.8,72.3,5.7,10.6,15.7,10.0,62,34,65,89,69.8,0,0,0,0,0,0,45168694976.106415,192855530.0,5.28,0.582,868220,869328,0,64.4,-32.0,2026-08-19
1102,EPD,Energy,Oil & Gas Midstream,NYSE,3280943,38.61,100.64,-14,-14,-3.88,26.3,82.5,-0.2,-0.3,1.2,6.3,62,76,76,67,55.2,0,0,0,0,0,0,84003665169.20065,2159477169.0,0.0231,0.608,3305000,3065068,0,68.5,12.2,2026-08-19
1103,AM,Energy,Oil & Gas Midstream,NYSE,2278630,22.15,100.6,-15,-17,-7.07,30.7,81.7,1.5,1.7,1.4,8.8,62,77,75,77,56.7,0,0,0,0,0,0,10703898337.852478,474674000.0,0.03,0.083,2737470,2409592,0,71.4,10.3,2026-08-19
1104,CRBG,Financial Services,Asset Management,NYSE,4298780,33.18,100.58,0,-33,-5.78,46.1,81.0,-3.4,-0.5,5.3,13.0,62,62,29,29,30.8,0,0,0,0,0,0,15365779377.49591,445772522.0,0.0744,0.259,5059670,4684714,0,37.7,25.5,2026-08-19
1105,BBDC,Financial Services,Asset Management,NYSE,685366,9.39,100.58,20,22,-5.34,17.9,74.9,1.0,6.6,9.9,7.7,62,42,44,39,32.1,0,0,0,0,0,0,974821133.976757,104706884.0,0.033099998,-0.124,960200,699006,0,39.3,5.3,2026-08-19
1106,SGHC,Consumer Cyclical,Gambling,NYSE,2495973,13.03,100.55,-21,-19,-17.84,54.5,65.7,1.1,-3.5,-5.3,10.3,62,83,85,36,49.7,0,0,0,0,0,0,6757421377.307957,508076788.0,0.15630001,0.181,2486950,3019512,0,63.4,25.9,2026-08-19
1107,IMCR,Healthcare,Biotechnology,NASDAQ,515353,35.05,100.53,5,-24,-13.91,32.6,73.0,6.0,7.5,13.2,13.1,62,57,28,35,48.4,0,0,0,0,0,0,1761767640.421608,51498617.0,0.17979999,0.183,424650,543660,0,42.1,11.6,2026-08-19
1108,KRP,Energy,Oil & Gas E&P,NYSE,806310,14.97,100.51,-12,-12,-5.25,32.4,86.6,0.2,1.0,1.2,7.2,62,74,74,53,43.1,0,0,0,0,0,0,1523529396.8887634,100895984.0,0.0319,0.378,1239860,761046,0,61.0,19.6,2026-08-19
1109,CORZ,Technology,Software - Infrastructure,NASDAQ,12483586,20.13,100.36,-18,-8,-33.91,38.2,33.1,-6.3,-10.0,-19.9,-5.4,62,80,90,85,60.8,0,0,0,0,0,0,6449265757.530212,319587000.0,0.22209999,1.088,11483450,12452230,1,78.9,7.6,2026-08-19
1110,BP,Energy,Oil & Gas Integrated,NYSE,7734356,42.85,100.36,-10,0,-11.23,33.4,73.7,2.1,1.6,6.1,8.4,62,72,82,68,60.5,0,0,0,0,0,0,109529304364.91162,2575342288.0,0.0041,0.482,7407800,8806354,0,70.6,5.5,2026-08-19
1111,XIFR,Utilities,Utilities - Renewable,NYSE,1029056,11.61,100.34,-14,-24,-12.38,31.1,69.8,0.6,-1.4,-2.4,9.1,62,76,66,67,54.7,0,0,0,0,0,0,1108025000.0,94300000.0,0.055,0.061,710990,966996,0,65.9,13.4,2026-08-19
1112,ITW,Industrials,Specialty Industrial Machinery,NYSE,1362226,287.28,100.33,5,-16,-5.24,17.9,73.8,-2.3,-1.9,3.2,7.4,62,57,36,69,43.4,0,0,0,0,0,0,82822687304.6875,284800000.0,0.031400003,0.061,955880,1419878,0,51.3,6.5,2026-08-19
1113,ELV,Healthcare,Healthcare Plans,NYSE,1305780,390.24,100.31,-13,-16,-10.54,41.9,80.6,0.7,2.6,0.3,12.7,62,75,72,35,65.3,0,0,0,0,0,0,86817115761.19812,216869290.0,0.028800001,0.014,928840,1508862,0,61.8,13.2,2026-08-19
1114,FPS,Industrials,Electrical Equipment & Parts,NYSE,8515876,38.83,100.3,-18,-11,-41.17,23.2,17.7,-8.5,-5.6,-23.7,,62,80,87,68,,0,0,0,0,0,0,10310456522.871548,259971169.0,0.2464,1.034,5548590,8333148,0,78.3,,2026-08-19
1115,KRG,Real Estate,REIT - Retail,NYSE,2724600,26.48,100.29,-19,-29,-11.5,24.0,60.1,-0.1,-4.0,-6.5,3.4,62,81,71,71,57.0,0,0,0,0,0,0,5371110428.877483,203066551.0,0.0945,-0.08,3051580,2705900,0,70.0,15.0,2026-08-19
1116,LBRT,Energy,Oil & Gas Equipment & Services,NYSE,4948060,22.24,100.27,-27,-20,-35.5,101.0,42.3,-4.5,2.1,-14.2,-18.0,62,89,96,94,84.5,0,0,0,0,0,0,3591843103.511551,163191416.0,0.122600004,0.14,3869460,4574254,2,90.9,0.5,2026-08-19
1117,SYF,Financial Services,Credit Services,NYSE,3713420,80.75,100.26,21,29,-9.03,24.8,64.2,0.1,2.3,5.2,6.4,62,41,49,50,44.4,0,0,0,0,0,0,26355038040.0,325370840.0,0.0775,0.006,2739410,3615636,0,46.1,-4.3,2026-08-19
1118,VRDN,Healthcare,Biotechnology,NASDAQ,1839146,23.09,100.26,23,3,-32.66,86.5,56.2,7.4,15.8,29.0,3.2,62,39,19,85,62.6,0,0,0,0,0,0,2501493290.876486,113292269.0,0.176,2.787,2022030,2061486,0,51.4,-19.0,2026-08-19
1119,RLI,Financial Services,Insurance - Property & Casualty,NYSE,826260,62.42,100.22,1,-37,-9.78,34.6,79.6,0.8,1.7,8.3,8.8,62,61,23,30,30.5,0,0,0,0,0,0,5852364252.010345,91773000.0,0.098000005,0.152,629400,911186,0,36.1,25.3,2026-08-19
1120,CRWV,Technology,Software - Infrastructure,NASDAQ,29670926,106.0,100.22,49,108,-30.81,49.4,36.5,-5.7,5.1,0.7,-1.6,62,13,72,86,29.2,0,0,0,0,0,0,58054743904.729294,551536602.0,0.2041,1.125,36066610,30191190,0,50.1,-28.6,2026-08-19
1121,TTEK,Industrials,Engineering & Construction,NASDAQ,2786450,35.82,100.19,28,13,-16.97,39.8,63.4,2.6,6.8,17.1,11.6,62,34,19,37,33.6,0,0,0,0,0,0,9348181636.51793,256044428.0,0.051999997,-0.039,2438830,3207670,0,30.9,1.1,2026-08-19
1122,BILL,Technology,Software - Application,NYSE,2334516,48.5,100.12,13,-12,-15.22,49.3,64.7,-2.4,0.8,16.0,8.8,61,48,23,29,52.1,0,0,0,0,0,0,4957924948.481964,99596727.0,0.1337,0.135,2405110,2522964,0,38.0,4.2,2026-08-19
1123,QSR,Consumer Cyclical,Restaurants,NYSE,2599696,77.16,100.11,4,15,-5.86,24.6,76.9,2.4,3.3,4.0,6.2,61,57,68,50,51.7,0,0,0,0,0,0,27077575953.73497,348758065.0,0.059499998,0.046,2569840,3009086,0,56.7,3.0,2026-08-19
1124,TROX,Basic Materials,Chemicals,NYSE,2719843,5.78,100.11,10,52,-45.42,99.0,37.5,-6.4,-6.0,-11.9,-12.9,61,51,93,93,74.6,0,0,0,0,0,0,951812178.9320726,159700029.0,0.19370002,0.187,3338550,2800500,2,77.9,-24.4,2026-08-19
1125,SAIL,Technology,Software - Infrastructure,NASDAQ,3773830,18.59,100.08,24,18,-22.54,82.9,66.2,1.0,9.1,21.2,18.9,61,37,31,15,31.9,0,0,0,0,0,0,11077084320.863655,567182997.0,0.2484,0.216,3179040,4433758,0,28.7,7.5,2026-08-19
1126,LINE,Real Estate,REIT - Industrial,NASDAQ,991100,40.8,100.07,-13,-42,-10.82,31.4,75.0,0.3,-0.5,-2.3,9.0,61,74,45,34,36.1,0,0,0,0,0,0,9505404738.75,227674365.0,0.0868,0.008,939130,1009508,0,47.3,29.9,2026-08-19
1127,SHMD,Industrials,Specialty Industrial Machinery,NASDAQ,534843,5.68,100.07,34,101,-46.67,128.1,32.3,-6.1,3.2,-5.5,-21.4,61,27,94,96,85.3,0,0,0,0,0,0,357932694.1733494,65675726.0,0.0752,-0.375,413800,755470,2,75.6,-49.6,2026-08-19
1128,KIM,Real Estate,REIT - Retail,NYSE,4230750,24.36,100.05,-14,-22,-8.59,23.0,68.8,0.1,-2.6,-3.2,6.8,61,75,67,64,49.3,0,0,0,0,0,0,16373968492.575665,670789373.0,0.0575,0.049,4371750,5055638,0,63.8,15.9,2026-08-19
1129,GMED,Healthcare,Medical Devices,NYSE,1628436,85.12,100.03,12,22,-16.06,60.3,79.7,3.7,7.5,9.6,3.7,61,49,59,79,68.7,0,0,0,0,0,0,11533098617.467422,134261914.0,0.062,0.059,1645740,1731732,0,63.9,-16.8,2026-08-19
1130,FR,Real Estate,REIT - Industrial,NYSE,1114336,62.9,99.94,-14,-19,-9.99,29.4,70.0,-0.5,-2.7,-1.8,3.8,61,75,70,69,60.3,0,0,0,0,0,0,8334702415.2795105,132570424.0,0.039300002,0.084,750990,1150952,0,68.6,9.1,2026-08-19
1131,SPNT,Financial Services,Insurance - Reinsurance,NYSE,701210,23.45,99.93,-14,-16,-11.44,33.8,66.8,0.7,-2.5,-1.6,6.6,61,75,73,66,57.9,0,0,0,0,0,0,2755434099.7558136,116165016.0,0.0448,-0.005,588260,792196,0,68.0,10.6,2026-08-19
1132,DCI,Industrials,Specialty Industrial Machinery,NYSE,661066,94.68,99.93,3,-17,-16.09,26.5,52.2,-3.3,-2.2,2.6,2.0,61,58,38,84,56.1,0,0,0,0,0,0,11121665469.46753,115911056.0,0.033,0.058,563210,756310,0,59.0,-2.2,2026-08-19
1133,AER,Industrials,Rental & Leasing Services,NYSE,1003566,150.45,99.93,-7,-14,-5.26,31.5,83.4,-1.6,-2.0,0.5,4.0,61,68,61,76,61.9,0,0,0,0,0,0,23962710229.5623,157184065.0,0.0074,0.149,918800,1104322,0,66.7,2.1,2026-08-19
1134,WFRD,Energy,Oil & Gas Equipment & Services,NASDAQ,1281650,93.08,99.85,1,31,-17.74,66.9,65.9,0.3,3.7,4.2,1.4,61,60,90,92,78.5,0,0,0,0,0,0,6794704977.274933,71685443.0,0.0929,-0.082,786660,1315706,2,80.1,-18.6,2026-08-19
1135,RGLD,Basic Materials,Gold,NASDAQ,715486,236.62,99.79,33,66,-22.74,48.8,59.2,6.9,14.4,19.4,7.1,61,28,61,91,70.8,0,0,0,0,0,0,19545021432.19464,84727857.0,0.040900003,1.155,790540,756942,1,62.7,-37.3,2026-08-19
1136,BANC,Financial Services,Banks - Regional,NYSE,3330226,19.69,99.74,-15,-24,-10.21,21.8,57.2,-1.9,-3.9,-5.6,-0.7,61,76,67,73,54.8,0,0,0,0,0,0,3127457908.537674,158432520.0,0.0523,,2692170,3184904,0,67.7,12.1,2026-08-19
1137,IP,Consumer Cyclical,Packaging & Containers,NYSE,5208406,40.26,99.7,31,15,-19.88,39.8,57.5,0.2,-0.9,6.3,7.1,61,30,14,42,22.9,0,0,0,0,0,0,21574678411.165485,529569895.0,0.16510001,-0.022,3745060,5598092,0,27.2,2.7,2026-08-19
1138,WFC,Financial Services,Banks - Diversified,NYSE,15055370,87.54,99.69,5,-18,-10.45,17.1,54.5,-2.0,-1.5,0.1,1.1,61,56,33,56,46.4,0,0,0,0,0,0,268591620100.66864,3023999336.0,0.0,0.095,11881490,15083220,0,47.9,7.1,2026-08-19
1139,FAF,Financial Services,Insurance - Specialty,NYSE,730873,73.18,99.67,-13,-25,-8.38,28.0,71.4,-0.6,-1.9,2.9,10.2,61,74,62,57,45.0,0,0,0,0,0,0,7541106062.316895,102100000.0,0.0678,0.15,616480,915372,0,59.5,19.1,2026-08-19
1140,AA,Basic Materials,Aluminum,NYSE,5486696,51.71,99.67,26,83,-38.72,75.7,40.8,1.6,7.6,0.2,-9.4,61,35,92,93,82.1,0,0,0,0,0,0,13190193940.291843,263909445.0,0.0355,0.314,5689230,6039422,2,75.5,-40.8,2026-08-19
1141,MAR,Consumer Cyclical,Lodging,NASDAQ,1614143,356.57,99.64,-12,-7,-13.24,39.0,70.3,1.4,-0.5,-3.5,5.8,61,73,78,74,65.6,0,0,0,0,0,0,93020550573.67822,260766288.0,0.0199,0.111,1803230,1653526,0,72.6,3.0,2026-08-19
1142,IMRX,Healthcare,Biotechnology,NASDAQ,774843,5.22,99.62,29,84,-48.21,59.1,33.5,8.3,15.6,14.7,-0.8,61,32,87,92,82.4,0,0,0,0,0,0,327368850.41798496,64697402.0,0.31370002,,697000,1144254,1,73.4,-42.7,2026-08-19
1143,TROW,Financial Services,Asset Management,NASDAQ,1979136,110.46,99.6,-12,-25,-9.46,30.2,73.4,0.1,-2.1,-0.7,9.0,61,73,60,34,37.5,0,0,0,0,0,0,23584199855.20935,213315850.0,0.1387,0.107,1679410,2137696,0,51.1,26.8,2026-08-19
1144,ATHM,Communication Services,Internet Content & Information,NYSE,723616,22.49,99.56,19,-7,-24.83,37.2,45.1,-1.0,-0.5,9.9,8.6,61,42,16,22,16.7,0,0,0,0,0,0,2610924561.156843,115170911.0,0.056799997,-0.279,653170,810212,0,24.2,19.2,2026-08-19
1145,HMC,Consumer Cyclical,Auto Manufacturers,NYSE,1117773,31.9,99.56,18,0,-8.57,35.8,74.1,1.0,4.4,11.8,13.1,61,43,25,43,30.9,0,0,0,0,0,0,40975896687.12656,1297526814.0,0.0017,0.135,1152170,1535636,0,35.5,7.9,2026-08-19
1146,INOD,Technology,Information Technology Services,NASDAQ,1321610,64.3,99.56,-8,19,-48.62,82.2,32.5,-0.2,1.0,-13.1,2.7,61,69,96,35,77.0,0,0,0,0,0,0,2085044558.471878,32655358.0,0.14060001,0.578,2069840,1376608,1,69.2,0.1,2026-08-19
1147,AMCR,Consumer Cyclical,Packaging & Containers,NYSE,3709743,45.53,99.54,6,-25,-10.62,29.3,77.5,1.6,2.8,8.2,11.9,61,55,24,63,46.7,0,0,0,0,0,0,21281771546.31317,462345690.0,0.057600003,0.259,3775150,3625650,0,47.2,5.6,2026-08-19
1148,LTC,Real Estate,REIT - Healthcare Facilities,NYSE,577046,40.51,99.52,-12,-23,-5.79,18.6,77.2,1.9,0.4,3.6,7.2,61,73,62,64,47.1,0,0,0,0,0,0,2168081809.662689,53905563.0,0.0508,-0.19,513950,591326,0,61.5,15.8,2026-08-19
1149,GRRR,Technology,Software - Infrastructure,NASDAQ,1237973,14.95,99.52,38,57,-36.36,54.0,41.6,1.2,11.5,-3.6,6.7,61,23,42,16,18.9,0,0,0,0,0,0,454389872.6749992,27757474.0,0.1723,0.546,1017010,1345604,0,25.0,1.5,2026-08-19
1150,TRNO,Real Estate,REIT - Industrial,NYSE,784836,68.18,99.5,-16,-27,-13.63,23.9,67.1,0.2,-2.2,-0.6,6.4,61,77,66,59,60.2,0,0,0,0,0,0,7433954681.220398,108970310.0,0.101,0.111,668510,938904,0,65.5,13.1,2026-08-19
1151,PGNY,Healthcare,Healthcare Plans,NASDAQ,1170843,25.33,99.47,-32,-60,-23.39,56.6,57.5,-4.3,-11.9,-11.4,7.5,61,93,65,30,47.4,0,0,0,0,0,0,2016380304.1241112,76726798.0,0.082600005,0.053,1288360,1260158,1,58.9,38.2,2026-08-19
1152,FTV,Technology,Scientific & Technical Instruments,NYSE,2678686,60.64,99.47,-7,-12,-6.07,25.2,69.6,-3.4,-3.3,-3.7,2.3,61,68,63,58,56.8,0,0,0,0,0,0,18785535788.3933,304861021.0,0.0582,0.079,2207980,2810994,0,61.5,8.1,2026-08-19
1153,F,Consumer Cyclical,Auto Manufacturers,NYSE,50048280,14.05,99.45,-11,-20,-20.98,29.3,52.8,3.3,1.4,2.3,7.9,61,72,63,78,59.3,0,0,0,0,0,0,57301749278.44589,3987595667.0,0.0,-0.038,41082980,51557756,0,68.1,6.0,2026-08-19
1154,EW,Healthcare,Medical Devices,NYSE,4561870,90.81,99.43,0,-6,-5.69,27.0,87.1,0.7,4.0,3.8,9.1,60,60,54,49,51.8,0,0,0,0,0,0,52743279121.398926,575800000.0,0.0198,0.136,3091750,4669278,0,53.7,6.9,2026-08-19
1155,FOXA,Communication Services,Entertainment,NASDAQ,5129443,69.19,99.42,26,59,-9.43,39.3,70.2,3.7,10.5,16.5,7.3,60,34,67,31,47.8,0,0,0,0,0,0,28989941398.51053,419900652.0,0.2624,0.281,5875470,7160768,0,45.0,-9.6,2026-08-19
1156,GSIT,Technology,Semiconductors,NASDAQ,676516,6.78,99.37,28,91,-62.64,105.2,30.4,-9.7,-5.1,-10.2,-17.8,60,32,95,92,85.3,0,0,0,0,0,0,269755681.2407813,38372073.0,0.1358,0.005,566640,950700,2,76.1,-45.0,2026-08-19
1157,DLO,Technology,Software - Infrastructure,NASDAQ,1979286,13.91,99.37,-7,-41,-17.1,29.9,68.3,0.2,-1.6,2.7,7.1,60,67,33,38,27.5,0,0,0,0,0,0,4169793637.060953,294269133.0,0.1351,0.558,2225970,2530838,0,41.4,29.0,2026-08-19
1158,REAL,Consumer Cyclical,Luxury Goods,NASDAQ,3231240,11.08,99.34,-6,-26,-36.29,62.0,46.8,1.4,0.1,3.9,-3.0,60,66,46,83,73.5,0,0,0,0,0,0,1387050664.586153,121671115.0,0.1486,0.166,4309660,3326076,0,67.1,-5.1,2026-08-19
1159,CXM,Technology,Software - Application,NYSE,2932920,6.7,99.3,30,20,-24.25,47.3,58.6,3.8,8.7,21.8,14.7,60,30,20,14,23.4,0,0,0,0,0,0,1613836138.9070864,234228762.0,0.119899996,0.068,2683970,3371460,0,21.8,7.5,2026-08-19
1160,BALL,Consumer Cyclical,Packaging & Containers,NYSE,1861956,61.18,99.29,-3,-18,-10.41,34.9,75.9,0.4,-1.3,2.3,8.0,60,63,48,79,50.8,0,0,0,0,0,0,16363961448.958946,264703357.0,0.0292,0.197,1901030,2457154,0,60.2,4.4,2026-08-19
1161,SLM,Financial Services,Credit Services,NASDAQ,2769696,27.28,99.27,17,-2,-14.94,41.9,55.1,-2.9,-0.1,6.1,8.1,60,43,24,14,18.6,0,0,0,0,0,0,5269640129.089355,188000000.0,0.124,0.081,1963460,2952838,0,24.9,19.9,2026-08-19
1162,MTN,Consumer Cyclical,Resorts & Casinos,NYSE,653176,146.6,99.26,2,-26,-11.42,28.6,75.6,3.3,2.5,6.4,10.7,60,58,30,38,33.8,0,0,0,0,0,0,5284452014.544891,35633526.0,0.2746,-0.07,443170,774444,0,39.9,18.9,2026-08-19
1163,PTCT,Healthcare,Biotechnology,NASDAQ,1325646,72.88,99.09,-15,-17,-19.8,51.3,61.1,1.2,0.3,-4.6,0.5,60,75,73,74,74.4,0,0,0,0,0,0,5984139248.697845,83460802.0,0.1716,1.015,983280,1875858,0,74.1,0.7,2026-08-19
1164,AEM,Basic Materials,Gold,NYSE,2777013,188.78,99.07,38,82,-26.04,59.5,63.5,12.6,24.8,30.9,13.0,60,22,66,94,75.6,0,0,0,0,0,0,94416795941.10645,506364864.0,0.0092,0.35,3533390,2994252,1,64.4,-45.6,2026-08-19
1165,GGN,Financial Services,Asset Management,NYSE ARCA,528466,5.4,99.05,21,47,-8.16,21.0,72.0,2.7,7.0,9.9,5.4,60,39,65,79,52.8,0,0,0,0,0,0,831115755.3377576,156224761.0,0.0008,0.12,511280,590436,0,59.0,-17.5,2026-08-19
1166,RH,Consumer Cyclical,Specialty Retail,NYSE,716286,175.9,99.03,-5,-59,-31.56,50.6,41.3,-6.0,-4.8,0.5,4.0,60,65,11,43,14.4,0,0,0,0,0,0,3440029824.995163,18926221.0,0.5525,-0.017,671980,867244,0,33.3,35.1,2026-08-19
1167,COF,Financial Services,Credit Services,NYSE,4027926,221.45,98.95,20,13,-14.71,25.3,54.5,-0.3,2.1,6.9,6.3,60,40,33,36,37.6,0,0,0,0,0,0,139473087753.2959,613500000.0,0.0197,11.11,2857330,4409660,0,36.6,2.7,2026-08-19
1168,PII,Consumer Cyclical,Recreational Vehicles,NYSE,819533,68.33,98.92,-20,-29,-12.37,37.8,67.6,-4.4,-5.8,-5.2,1.4,60,80,71,77,51.0,0,0,0,0,0,0,3954225761.2009583,56903524.0,0.1033,0.088,756240,854098,0,69.7,16.0,2026-08-19
1169,SIGI,Financial Services,Insurance - Property & Casualty,NASDAQ,527436,92.1,98.9,-13,-23,-8.27,21.9,61.0,-4.2,-5.2,-4.9,5.8,60,73,63,50,47.4,0,0,0,0,0,0,5621537923.641472,59569119.0,0.033099998,0.045,352570,580448,0,58.3,18.4,2026-08-19
1170,CMC,Industrials,Metal Fabrication,NYSE,1087680,72.73,98.89,3,19,-14.3,23.1,46.0,-5.6,-4.1,-1.9,-1.6,60,57,73,83,53.6,0,0,0,0,0,0,7924020812.211189,110624335.0,0.0511,0.229,1061610,1294774,0,66.7,-5.1,2026-08-19
1171,TOWN,Financial Services,Banks - Regional,NASDAQ,649926,37.59,98.85,-1,-9,-3.69,16.4,78.0,-0.8,-1.2,1.9,6.5,60,61,53,44,36.0,0,0,0,0,0,0,3495977712.2903824,92437275.0,3.48,1.178,531850,672780,0,48.5,16.7,2026-08-19
1172,ECAT,Financial Services,Asset Management,NYSE,509826,15.41,98.82,-6,-9,-8.49,13.8,54.1,-2.3,-0.9,-1.5,-0.3,60,66,63,54,28.1,0,0,0,0,0,0,1539769346.8270226,99468307.0,0.0043,,557710,502138,0,52.8,21.7,2026-08-19
1173,BIP,Utilities,Utilities - Diversified,NYSE,1007710,38.91,98.77,-10,-9,-11.65,32.2,75.0,0.8,-1.4,2.2,6.8,60,70,71,71,61.2,0,0,0,0,0,0,18280703074.28749,460007607.0,1.38,0.194,820080,894012,0,68.3,4.1,2026-08-19
1174,FLG,Financial Services,Banks - Regional,NYSE,4165483,14.0,98.75,-11,-18,-9.33,27.7,64.0,-2.6,-3.0,-6.0,1.7,60,71,64,66,48.8,0,0,0,0,0,0,5915072913.0,415092836.0,0.0001,0.153,3605320,4947856,0,62.5,12.8,2026-08-19
1175,DNP,Financial Services,Asset Management,NYSE,615200,10.94,98.73,-8,-10,-1.97,12.1,89.4,0.7,0.5,0.9,5.1,60,68,66,62,46.2,0,0,0,0,0,0,4137496801.144936,376821218.0,0.0025,0.043,602260,642750,0,60.5,12.3,2026-08-19
1176,ARR,Real Estate,REIT - Mortgage,NYSE,4100936,16.46,98.73,3,9,-14.76,17.3,47.9,-0.6,0.0,-1.7,-4.3,60,57,63,72,45.6,0,0,0,0,0,0,2369597957.641079,141553046.0,0.0001,,3789950,4012258,0,59.4,2.1,2026-08-19
1177,RNW,Utilities,Utilities - Renewable,NASDAQ,2312723,6.82,98.72,4,-24,-17.23,51.1,62.3,2.7,6.4,8.3,14.5,59,55,27,20,25.2,0,0,0,0,0,0,2482661451.499644,364561156.0,0.0197,0.095,4425280,1955088,0,31.8,24.7,2026-08-19
1178,GSBD,Financial Services,Asset Management,NYSE,989583,9.78,98.72,22,22,-15.18,15.6,45.2,1.7,7.0,7.7,5.7,59,37,37,30,25.8,0,0,0,0,0,0,1108805352.8916912,112569067.0,0.064,-0.08,1122270,962204,0,32.4,7.0,2026-08-19
1179,AAL,Industrials,Airlines,NASDAQ,93046306,14.43,98.72,-15,-40,-23.2,36.1,46.2,-7.2,-8.4,-12.1,-0.3,59,74,49,44,40.6,0,0,0,0,0,0,9817014322.8257,661969951.0,0.0975,0.163,46636410,116231390,0,51.9,25.2,2026-08-19
1180,RVLV,Consumer Cyclical,Internet Retail,NYSE,855736,23.14,98.7,17,-2,-26.96,36.3,45.6,0.1,-3.5,1.1,-2.5,59,42,23,55,45.6,0,0,0,0,0,0,1684013637.76371,71085420.0,0.1458,0.124,1117180,906558,0,41.4,-2.5,2026-08-19
1181,PB,Financial Services,Banks - Regional,NYSE,976336,74.48,98.7,-1,-17,-3.52,17.8,77.9,-1.6,-1.6,-0.1,3.7,59,60,44,47,43.2,0,0,0,0,0,0,9019267030.3004,120176771.0,0.0423,0.259,864090,1215846,0,48.6,12.6,2026-08-19
1182,ABEO,Healthcare,Biotechnology,NASDAQ,1585493,5.94,98.69,-12,-46,-22.35,47.0,59.6,-8.5,-6.2,-3.1,13.4,59,71,37,40,25.7,0,0,0,0,0,0,342532248.7416172,57184017.0,0.2569,27.45,2216580,1498568,0,43.4,32.2,2026-08-19
1183,NWSA,Communication Services,Entertainment,NASDAQ,3626206,28.7,98.56,2,-3,-9.21,31.5,81.7,1.7,3.7,8.0,13.5,59,57,52,25,34.5,0,0,0,0,0,0,15756238326.591057,540337394.0,0.033299997,0.108,4327800,5038528,0,42.1,18.1,2026-08-19
1184,SF,Financial Services,Capital Markets,NYSE,1114523,83.99,98.51,16,14,-6.5,21.7,70.8,-1.7,-0.5,7.2,5.2,59,43,41,51,41.9,0,0,0,0,0,0,12928768879.81865,151001734.0,0.0001,0.127,835770,1261588,0,44.2,-0.9,2026-08-19
1185,NPKI,Industrials,Building Products & Equipment,NYSE,822740,14.32,98.51,-17,-9,-13.21,44.0,65.1,1.2,3.2,-1.8,0.8,59,76,84,89,69.1,0,0,0,0,0,0,1207418715.3533878,84909894.0,0.031,0.196,673260,1007698,0,79.5,0.1,2026-08-19
1186,NNN,Real Estate,REIT - Retail,NYSE,1427356,46.16,98.46,-13,-21,-7.68,18.4,68.2,0.2,-2.1,-1.8,5.7,59,72,64,61,48.1,0,0,0,0,0,0,8751416142.0,190248177.0,0.052399997,0.077,1378650,1632090,0,61.3,15.0,2026-08-19
1187,PECO,Real Estate,REIT - Retail,NASDAQ,806166,39.95,98.46,-19,-31,-9.97,19.9,61.6,-0.7,-3.6,-4.6,3.8,59,78,66,66,52.0,0,0,0,0,0,0,5212350000.0,128700000.0,0.0424,0.067,732790,1024832,0,65.5,16.6,2026-08-19
1188,ENR,Industrials,Electrical Equipment & Parts,NYSE,1060566,22.36,98.45,21,-3,-26.18,33.8,40.9,-2.6,-0.3,2.7,7.8,59,38,14,52,15.4,0,0,0,0,0,0,1558687593.7946606,68483637.0,0.1097,0.012,1260190,1051980,0,29.9,10.9,2026-08-19
1189,J,Industrials,Engineering & Construction,NYSE,898600,143.63,98.44,23,9,-14.73,37.4,70.1,1.5,4.6,11.9,10.5,59,36,22,48,32.0,0,0,0,0,0,0,17081580388.565094,118080879.0,0.0515,0.345,974060,1095918,0,34.5,1.0,2026-08-19
1190,WMB,Energy,Oil & Gas Midstream,NYSE,6440606,73.45,98.42,-13,-7,-8.28,29.6,73.1,0.3,1.3,-0.1,5.7,59,72,78,78,61.4,0,0,0,0,0,0,91982190161.58913,1223167472.0,0.024400001,0.078,6267750,6975070,0,72.3,3.5,2026-08-19
1191,PLD,Real Estate,REIT - Industrial,NYSE,4841833,140.62,98.42,-13,-10,-8.3,34.0,80.4,0.8,-0.8,-1.1,3.8,59,72,75,73,64.3,0,0,0,0,0,0,134025514293.08508,950333372.0,0.0223,0.123,5737100,4580062,0,71.1,3.3,2026-08-19
1192,RCL,Consumer Cyclical,Travel Services,NYSE,2158083,301.79,98.39,19,9,-17.66,21.8,45.2,-2.4,-3.5,-0.8,4.8,59,40,30,71,27.9,0,0,0,0,0,0,81572885620.0,267452084.0,0.064,0.065,1488820,2355886,0,42.2,0.8,2026-08-19
1193,GWRE,Technology,Software - Application,NYSE,1213080,171.99,98.36,30,24,-36.91,76.4,49.3,4.0,10.8,27.6,14.1,59,29,23,12,21.3,0,0,0,0,0,0,14618984649.866089,83256364.0,0.0682,0.269,1070570,1612238,0,21.3,7.8,2026-08-19
1194,EHC,Healthcare,Medical Care Facilities,NYSE,954020,121.99,98.35,5,-15,-4.69,29.7,83.7,-1.7,3.0,10.9,13.7,59,54,34,31,37.7,0,0,0,0,0,0,12192571367.280518,98653384.0,0.0418,0.096,1129150,1040344,0,39.2,14.7,2026-08-19
1195,APG,Industrials,Engineering & Construction,NYSE,2722853,44.72,98.35,16,36,-10.54,26.4,56.3,-0.9,2.7,2.1,2.1,59,43,63,81,52.6,0,0,0,0,0,0,18993445382.86214,432160297.0,0.0305,0.133,2448050,2934246,0,59.9,-14.4,2026-08-19
1196,MCHP,Technology,Semiconductors,NASDAQ,10733996,80.26,98.33,-4,20,-24.22,57.2,52.1,-2.8,-1.3,-9.2,0.9,59,63,87,82,51.6,0,0,0,0,0,0,42989997072.19139,543008691.0,0.08930001,0.38,11009120,12020814,0,70.9,-0.5,2026-08-19
1197,CB,Financial Services,Insurance - Property & Casualty,NYSE,1873396,340.86,98.27,-15,-27,-6.85,27.1,76.3,-1.4,-2.7,-1.0,5.6,59,74,62,69,57.8,0,0,0,0,0,0,132576269198.12512,385799859.0,0.0109,0.061,1531770,1809018,0,65.7,10.3,2026-08-19
1198,NOG,Energy,Oil & Gas E&P,NYSE,2800190,25.53,98.23,24,28,-18.09,50.0,64.6,8.7,16.7,25.7,10.3,59,35,39,62,42.3,0,0,0,0,0,0,2610453636.0,106549128.0,0.22850001,0.16,2526070,3152016,0,44.6,-9.4,2026-08-19
1199,CDW,Technology,Information Technology Services,NASDAQ,1966126,135.3,98.2,23,3,-21.13,38.2,53.0,-0.2,-1.5,0.7,3.8,59,36,16,20,19.4,0,0,0,0,0,0,17429929304.006256,125017426.0,0.076,0.1,2234550,1978992,0,22.8,13.5,2026-08-19
1200,IONQ,Technology,Computer Hardware,NYSE,20343166,46.84,98.2,43,114,-44.66,63.1,30.2,-1.7,8.1,-3.8,-3.7,59,16,87,22,43.0,0,0,0,0,0,0,18741574766.553253,405135656.0,0.1244,2.868,21848230,22366040,0,42.0,-21.8,2026-08-19
1201,FWONK,Communication Services,Entertainment,NASDAQ,1980963,101.98,98.19,-1,-26,-6.75,28.8,87.0,2.0,4.2,8.9,13.8,59,60,35,29,40.0,0,0,0,0,0,0,26048611974.05079,250708485.0,0.0366,0.183,2147130,2056726,0,41.0,18.7,2026-08-19
1202,OZK,Financial Services,Banks - Regional,NASDAQ,1176443,51.11,98.17,0,-4,-4.75,16.0,65.1,-3.9,-3.6,-3.0,3.1,59,59,55,54,32.6,0,0,0,0,0,0,5723384751.836021,109037618.0,0.1682,-0.021,872340,1213752,0,50.2,14.6,2026-08-19
1203,AVGO,Technology,Semiconductors,NASDAQ,19497906,392.43,98.13,-2,22,-20.72,25.2,38.0,-10.5,-9.0,-6.9,-1.8,59,61,85,72,52.5,0,0,0,0,0,0,1869681395551.276,4757580198.0,0.013099999,0.479,18038310,24714140,0,67.6,-0.3,2026-08-19
1204,CUBE,Real Estate,REIT - Industrial,NYSE,2149696,41.14,98.13,2,-3,-4.9,17.3,85.4,0.3,-0.4,0.9,6.6,59,57,52,51,40.1,0,0,0,0,0,0,9354639763.88436,225521694.0,0.0641,0.015,1840550,2140566,0,50.0,10.1,2026-08-19
1205,ALKT,Technology,Software - Application,NASDAQ,1269290,20.21,98.12,29,21,-24.84,37.2,45.5,-0.3,5.6,13.7,8.3,59,30,22,12,23.8,0,0,0,0,0,0,2210490734.7590256,106941980.0,0.098900005,0.159,1157220,1705918,0,22.0,7.5,2026-08-19
1206,AMZN,Consumer Cyclical,Internet Retail,NASDAQ,44736863,261.31,98.12,0,19,-9.01,33.7,78.7,-0.8,2.7,6.8,11.6,59,59,78,35,49.2,0,0,0,0,0,0,2833025193851.3667,10786313572.0,0.01,0.196,38028930,52312654,0,55.3,7.8,2026-08-19
1207,SMA,Real Estate,REIT - Industrial,NYSE,702180,34.1,98.12,8,-13,-14.26,16.3,51.6,0.9,0.8,3.5,6.4,59,51,30,55,32.7,0,0,0,0,0,0,1890848121.936241,55368903.0,0.0879,0.114,635690,722072,0,42.2,10.4,2026-08-19
1208,VLRS,Industrials,Airlines,NYSE,578263,7.6,98.09,-4,-33,-29.63,22.3,27.1,-8.5,-9.0,-13.1,-11.0,59,63,34,89,54.6,0,0,0,0,0,0,905816808.7551404,114951370.0,0.0098,0.239,569710,612294,0,60.1,1.9,2026-08-19
1209,DOCU,Technology,Software - Application,NASDAQ,3085166,59.82,98.06,25,17,-30.96,48.8,47.1,3.1,8.6,22.4,14.4,58,33,25,11,24.9,0,0,0,0,0,0,11846203655.13501,190944608.0,0.1046,0.087,2876040,3813286,0,23.5,9.3,2026-08-19
1210,ALGN,Healthcare,Medical Instruments & Supplies,NASDAQ,898823,171.16,98.05,8,1,-14.61,30.6,52.5,-5.5,-5.6,-6.9,-3.3,58,50,43,70,46.7,0,0,0,0,0,0,12880235392.68286,71039852.0,0.067600004,0.043,793200,990334,0,52.4,-1.6,2026-08-19
1211,HLT,Consumer Cyclical,Lodging,NYSE,2081190,326.12,98.04,-2,5,-8.91,30.4,83.4,3.8,3.9,1.0,8.5,58,60,67,70,56.3,0,0,0,0,0,0,73643487277.93793,225064910.0,0.0234,0.025,2084440,2225312,0,63.3,-0.9,2026-08-19
1212,FHB,Financial Services,Banks - Regional,NASDAQ,2495340,27.52,98.02,-12,-16,-10.01,17.6,52.8,-2.5,-3.5,-6.1,0.8,58,70,66,48,44.2,0,0,0,0,0,0,3365686317.8730087,121680634.0,0.1462,0.059,1567740,2177002,0,57.1,17.7,2026-08-19
1213,NWS,Communication Services,Entertainment,NASDAQ,1171140,32.68,98.01,2,0,-7.45,30.7,82.8,1.6,3.7,8.3,13.5,58,56,54,24,33.5,0,0,0,0,0,0,17922990369.59268,540337394.0,0.1268,0.108,1285760,1588374,0,41.9,17.9,2026-08-19
1214,OCSL,Financial Services,Asset Management,NASDAQ,521506,12.85,97.98,17,18,-10.2,21.3,67.3,1.5,5.6,8.0,5.7,58,41,42,26,30.8,0,0,0,0,0,0,1143350048.2176476,88085523.0,0.0365,-0.078,726460,545786,0,34.9,8.0,2026-08-19
1215,VZ,Communication Services,Telecom Services,NYSE,24658150,48.06,97.94,-1,3,-7.0,28.5,84.4,3.3,4.5,8.4,9.4,58,59,63,72,46.0,0,0,0,0,0,0,201423499891.05484,4154775202.0,0.0201,-0.007,19653460,28722778,0,60.0,3.5,2026-08-19
1216,MTCH,Communication Services,Internet Content & Information,NASDAQ,3019603,37.22,97.92,-15,-19,-10.1,37.4,87.5,5.9,3.7,6.1,16.7,58,73,69,36,38.0,0,0,0,0,0,0,8852464839.668236,233266526.0,0.064899996,-0.012,3603930,3326934,0,54.0,25.3,2026-08-19
1217,AAUC,Basic Materials,Gold,NYSE,871220,22.37,97.91,22,76,-30.53,93.8,56.2,4.9,11.1,1.8,-10.1,58,36,90,97,86.1,0,0,0,0,0,0,3172951587.398403,139347893.0,0.0301,0.454,860830,739344,2,77.3,-42.7,2026-08-19
1218,UE,Real Estate,REIT - Retail,NYSE,768576,21.85,97.9,-17,-24,-9.37,17.3,59.0,-0.2,-2.8,-4.6,3.9,58,75,68,62,45.3,0,0,0,0,0,0,2760966577.368572,126244466.0,0.0456,0.076,817380,956132,0,62.6,18.2,2026-08-19
1219,OCFC,Financial Services,Banks - Regional,NASDAQ,896550,19.64,97.87,-5,-9,-4.71,12.3,64.1,-0.8,-1.7,0.6,2.4,58,63,59,56,44.3,0,0,0,0,0,0,1910676023.8706703,96645219.0,0.0432,0.322,963440,1039698,0,55.6,11.2,2026-08-19
1220,CLSK,Financial Services,Capital Markets,NASDAQ,22986556,12.4,97.85,-1,30,-47.48,42.7,23.2,-2.5,-10.2,-17.4,-7.9,58,59,90,59,52.5,0,0,0,0,0,0,3104918451.7571754,256817073.0,0.4031,-0.305,20700360,22254494,1,65.1,0.1,2026-08-19
1221,FOX,Communication Services,Entertainment,NASDAQ,1182816,61.49,97.85,25,57,-9.81,36.0,68.5,3.6,10.0,15.1,6.1,58,33,65,31,47.0,0,0,0,0,0,0,25786098975.248245,419900652.0,0.0825,0.281,1078330,1902616,0,44.0,-9.8,2026-08-19
1222,CAI,Healthcare,Biotechnology,NASDAQ,4261920,21.63,97.71,44,39,-49.11,56.4,33.2,3.0,19.9,25.7,7.7,58,14,9,13,7.8,0,0,0,0,0,0,6162438935.331745,282680695.0,0.1282,0.454,5673740,3792198,0,11.0,3.8,2026-08-19
1223,DOW,Basic Materials,Chemicals,NYSE,9764450,31.34,97.71,-2,23,-26.67,53.8,52.3,3.2,4.6,4.8,2.5,58,60,85,73,66.2,0,0,0,0,0,0,22443125670.32911,722340711.0,0.0552,0.197,7967870,11068254,0,71.0,-8.2,2026-08-19
1224,NTSK,Technology,Software - Infrastructure,NASDAQ,4705283,15.25,97.61,20,2,-45.52,90.2,38.6,-3.1,6.4,21.1,9.2,58,38,20,7,,0,0,0,0,0,0,6386033060.183108,403923649.0,0.0825,0.278,4840780,5783134,0,21.7,,2026-08-19
1225,HTHT,Consumer Cyclical,Lodging,NASDAQ,1510403,46.61,97.61,18,44,-17.71,47.1,67.5,11.8,13.7,13.6,2.7,58,40,66,85,72.3,0,0,0,0,0,0,12879097868.190876,307523819.0,0.0475,0.111,1570920,1731590,0,65.8,-27.8,2026-08-19
1226,MAS,Industrials,Building Products & Equipment,NYSE,2649860,73.93,97.59,-14,-47,-11.61,28.4,68.9,0.3,-1.0,-1.2,9.3,58,72,39,62,35.7,0,0,0,0,0,0,14656942032.960968,197187430.0,0.055,-0.029,2303560,2547730,0,52.2,23.5,2026-08-19
1227,EMN,Basic Materials,Specialty Chemicals,NYSE,1167380,73.97,97.58,15,21,-11.38,33.3,75.2,1.9,4.8,6.2,7.7,58,43,49,62,47.3,0,0,0,0,0,0,8468172930.7202835,114326623.0,0.0617,0.099,899480,1196512,0,50.3,-6.5,2026-08-19
1228,URBN,Consumer Cyclical,Apparel Retail,NASDAQ,997836,76.64,97.58,3,10,-9.14,24.9,64.0,-3.5,-2.0,0.9,4.9,58,55,62,38,28.7,0,0,0,0,0,0,6663265599.159973,85635083.0,0.115100004,0.114,886970,1080586,0,45.9,15.8,2026-08-19
1229,HUBB,Industrials,Electrical Equipment & Parts,NYSE,544677,504.3,97.56,11,19,-10.82,16.8,45.4,-5.7,-3.9,-3.9,-1.9,58,47,55,79,44.9,0,0,0,0,0,0,27018049257.60461,52832571.0,0.059299998,0.153,442979,605351,0,56.5,-6.2,2026-08-19
1230,LTM,Industrials,Airlines,NYSE,728963,52.29,97.55,3,-10,-25.75,23.6,36.5,-3.4,-3.4,-4.6,-2.7,58,55,42,84,49.2,0,0,0,0,0,0,15298797760.779018,292743939.0,0.0215,0.272,729600,752226,0,57.5,-1.6,2026-08-19
1231,BGC,Financial Services,Capital Markets,NASDAQ,2569476,11.16,97.53,-7,2,-13.42,30.0,57.4,0.7,-2.9,-3.9,7.2,58,65,74,48,38.5,0,0,0,0,0,0,5325224955.711958,475466522.0,0.033099998,0.083,2820810,3184304,0,56.4,15.8,2026-08-19
1232,UPS,Industrials,Integrated Freight & Logistics,NYSE,5266883,102.02,97.48,-14,-35,-16.66,24.6,54.2,-0.9,-3.1,-5.1,-1.3,58,72,51,74,50.5,0,0,0,0,0,0,88906675319.0,850781582.0,0.0318,0.076,5018460,5172730,0,61.9,12.5,2026-08-19
1233,PLAB,Technology,Semiconductor Equipment & Materials,NASDAQ,890593,33.6,97.48,21,79,-40.0,51.4,30.0,-5.9,-2.5,-0.6,-12.6,58,37,95,93,71.4,0,0,0,0,0,0,1964670399.3657076,58963698.0,0.1082,-0.005,714460,1205398,2,74.1,-34.2,2026-08-19
1234,D,Utilities,Utilities - Regulated Electric,NYSE,4071393,68.77,97.46,-16,-24,-5.78,19.6,76.7,0.4,-1.0,-0.9,7.3,58,74,66,60,46.5,0,0,0,0,0,0,60484996560.2198,879525949.0,0.0363,0.176,3621540,5135408,0,61.6,17.3,2026-08-19
1235,NCNO,Technology,Software - Application,NASDAQ,2205393,20.23,97.42,34,27,-40.36,47.7,35.8,4.6,8.8,19.4,6.4,57,23,16,9,14.8,0,0,0,0,0,0,2279796830.9924126,109552950.0,0.173,0.106,1970610,2952892,0,15.7,7.6,2026-08-19
1236,ETR,Utilities,Utilities - Regulated Electric,NYSE,2582670,108.52,97.38,-12,-6,-8.38,24.3,68.0,0.6,-0.9,-3.1,3.1,57,69,75,71,53.5,0,0,0,0,0,0,50321539035.46442,466631498.0,0.049099997,0.059,2141700,2933278,0,67.1,6.7,2026-08-19
1237,HESM,Energy,Oil & Gas Midstream,NYSE,1009776,39.66,97.37,-15,-17,-5.12,25.2,81.5,-0.8,-1.1,1.7,6.9,57,72,70,56,29.6,0,0,0,0,0,0,5202061050.251678,128350881.0,0.0659,-0.037,1347860,1046454,0,56.9,24.6,2026-08-19
1238,NDAQ,Financial Services,Financial Data & Stock Exchanges,NASDAQ,3571710,96.68,97.34,7,17,-5.02,25.4,80.8,0.4,1.4,7.5,7.4,57,50,60,33,37.7,0,0,0,0,0,0,54231982754.99008,558977372.0,0.0223,0.149,2527650,4090192,0,45.2,8.6,2026-08-19
1239,FBIN,Industrials,Building Products & Equipment,NYSE,2326490,46.55,97.32,0,-44,-28.21,39.2,42.2,-3.7,-6.2,-3.9,-2.2,57,57,13,55,17.4,0,0,0,0,0,0,5706997087.482731,119293417.0,0.0716,-0.041,2671890,2628700,0,35.6,24.6,2026-08-19
1240,BG,Consumer Defensive,Farm Products,NYSE,1327250,114.91,97.29,-20,-19,-14.8,47.8,67.9,1.5,1.2,-0.7,1.2,57,77,78,86,66.5,0,0,0,0,0,0,21842023562.910828,192119123.0,0.044299997,0.883,1241640,1507512,0,76.9,3.3,2026-08-19
1241,KMI,Energy,Oil & Gas Midstream,NYSE,9476300,32.33,97.25,-12,-8,-7.12,24.1,73.7,0.6,0.6,0.1,4.2,57,69,73,75,55.9,0,0,0,0,0,0,73083643881.41394,2226802089.0,0.0234,0.108,9203570,9966380,0,68.2,5.0,2026-08-19
1242,COO,Healthcare,Medical Instruments & Supplies,NASDAQ,1976956,75.1,97.22,16,-5,-16.4,30.1,70.0,1.3,3.6,7.8,4.7,57,41,20,54,38.8,0,0,0,0,0,0,14855482729.98825,195030630.0,0.048800003,0.079,1819090,2697178,0,38.4,0.6,2026-08-19
1243,CARS,Communication Services,Internet Content & Information,NYSE,690433,11.86,97.2,-1,-33,-15.1,64.1,78.3,2.5,3.2,10.2,14.8,57,58,26,28,31.6,0,0,0,0,0,0,662735005.4463329,53532714.0,0.1415,0.007,746070,728152,0,35.9,22.4,2026-08-19
1244,EVRG,Utilities,Utilities - Regulated Electric,NASDAQ,2010106,83.93,97.15,-11,-11,-5.29,18.1,73.8,0.4,-0.5,-1.2,4.2,57,68,68,68,48.3,0,0,0,0,0,0,19374559181.705933,230567172.0,0.0951,0.044,1900980,2037918,0,63.1,9.8,2026-08-19
1245,MUX,Basic Materials,Other Precious Metals & Mining,NYSE,910460,18.85,97.14,30,93,-36.53,104.7,53.9,6.6,10.4,10.5,-3.4,57,27,90,97,85.9,0,0,0,0,0,0,1153540993.9871292,61358566.0,0.2399,0.268,1164570,1189396,2,75.0,-49.8,2026-08-19
1246,MSI,Technology,Communication Equipment,NYSE,903403,457.08,97.1,19,13,-7.39,32.2,92.5,2.8,7.0,12.9,15.3,57,38,32,68,39.6,0,0,0,0,0,0,77204508656.03027,165493788.0,0.0272,0.133,959860,1003806,0,44.4,-6.2,2026-08-19
1247,OLMA,Healthcare,Biotechnology,NASDAQ,996426,10.77,97.09,-4,25,-70.3,108.3,19.3,2.3,-0.2,0.5,-35.7,57,61,90,98,86.7,0,0,0,1,0,1,930099572.4233063,87497607.0,0.2217,,943920,1427396,2,83.9,-23.1,2026-08-19
1248,GBCI,Financial Services,Banks - Regional,NYSE,1125666,49.61,97.07,-10,-17,-9.11,19.3,54.2,-2.2,-3.0,-4.7,1.4,57,67,60,60,38.7,0,0,0,0,0,0,6501482853.027535,130211953.0,0.0749,0.415,942740,1231436,0,56.4,16.2,2026-08-19
1249,QBTS,Technology,Computer Hardware,NASDAQ,17691970,20.87,97.01,41,88,-55.36,48.8,19.9,-4.9,-0.7,-7.0,-12.8,57,16,63,83,50.7,0,0,0,0,0,0,7884553410.024912,372439933.0,0.1998,-0.006,15260850,22128322,0,53.2,-35.5,2026-08-19
1250,ALLE,Industrials,Security & Protection Services,NYSE,1365580,162.1,97.0,26,16,-11.47,29.5,68.6,-1.6,0.8,11.8,7.2,57,31,21,52,31.4,0,0,0,0,0,0,14012361493.27533,85036786.0,0.056399997,0.127,1172330,1304298,0,33.8,-3.4,2026-08-19
1251,SNDX,Healthcare,Biotechnology,NASDAQ,1594606,19.76,96.93,-30,-38,-22.78,58.4,63.6,3.9,3.5,1.7,0.8,57,87,79,80,75.1,0,0,0,0,0,0,1758022949.200817,88610027.0,0.2582,0.918,1578290,1965306,0,80.3,8.2,2026-08-19
1252,IHS,Real Estate,Real Estate Services,NYSE,1097336,8.33,96.89,-10,-3,-6.93,33.5,83.9,0.2,0.7,1.1,5.6,57,67,74,85,55.0,0,0,0,0,0,0,2818380504.1866302,338341000.0,0.014400001,-0.011,583480,1280218,0,70.3,1.7,2026-08-19
1253,ALLY,Financial Services,Credit Services,NYSE,3053056,43.61,96.89,-5,-8,-7.78,19.9,63.3,-1.9,-2.0,-3.5,1.3,57,62,59,57,45.8,0,0,0,0,0,0,13661608166.21281,304199693.0,0.0434,0.11,2784910,3197866,0,55.9,9.4,2026-08-19
1254,HAS,Consumer Cyclical,Leisure,NASDAQ,2201800,95.05,96.88,17,39,-11.15,31.5,64.0,-1.5,-0.1,7.6,5.4,57,40,62,83,48.9,0,0,0,0,0,0,13638999528.466446,141044467.0,0.0596,0.162,1623140,2117828,0,58.5,-15.2,2026-08-19
1255,WEN,Consumer Cyclical,Restaurants,NASDAQ,9860340,8.62,96.87,15,1,-20.48,44.7,61.7,9.1,14.1,17.6,16.0,57,42,28,20,20.6,0,0,0,0,0,0,1647121025.4507065,190639000.0,0.4325,0.017,13385940,18676204,0,27.6,16.5,2026-08-19
1256,BKD,Healthcare,Medical Care Facilities,NYSE,5515276,12.23,96.86,-32,-37,-28.44,68.6,51.5,-6.5,-12.6,-14.3,-7.6,57,89,84,95,78.9,0,0,0,0,0,0,3018650147.2713966,238817252.0,0.16319999,-0.089,6130770,5343432,1,86.7,4.4,2026-08-19
1257,MCK,Healthcare,Medical Distribution,NYSE,990450,859.92,96.83,3,-18,-13.92,27.2,56.2,-2.0,-0.9,4.8,1.6,57,54,33,79,60.7,0,0,0,0,0,0,101317025447.0,116590363.0,0.031,0.077,1085700,1060758,0,56.7,-6.2,2026-08-19
1258,PCG,Utilities,Utilities - Regulated Electric,NYSE,22038023,17.5,96.8,-8,-35,-8.66,22.2,68.7,1.2,0.8,2.5,5.2,56,64,37,69,51.6,0,0,0,0,0,0,39290225939.09452,2202366906.0,0.0,0.001,24994570,20558990,0,55.4,7.9,2026-08-19
1259,TAK,Healthcare,Drug Manufacturers - Specialty & Generic,NYSE,3801010,17.38,96.79,-5,-10,-8.04,38.6,91.7,4.4,5.7,10.5,11.5,56,61,56,78,57.6,0,0,0,0,0,0,56301453059.04573,3193502878.0,0.00090000004,0.102,3537300,3465418,0,63.1,-1.2,2026-08-19
1260,NVS,Healthcare,Drug Manufacturers - General,NYSE,1654960,151.97,96.78,-10,-6,-10.85,31.6,82.3,3.8,3.5,4.4,8.7,56,66,70,84,63.1,0,0,0,0,0,0,286779864340.0342,1900714840.0,0.0028,0.008,1408920,1951564,0,70.8,-2.6,2026-08-19
1261,HRL,Consumer Defensive,Packaged Foods,NYSE,3456833,24.02,96.76,-8,-49,-18.16,23.7,49.1,-0.5,-2.2,-1.8,4.5,56,64,23,42,23.1,0,0,0,0,0,0,13503974943.580238,550284207.0,0.0659,-0.029,3084300,3874072,0,38.0,29.0,2026-08-19
1262,BRX,Real Estate,REIT - Retail,NYSE,2236376,29.76,96.76,-19,-28,-9.43,20.6,64.1,-0.5,-3.5,-4.9,2.9,56,75,66,67,45.4,0,0,0,0,0,0,9200031893.205002,306872316.0,0.081099994,0.043,2208710,2362850,0,63.3,17.3,2026-08-19
1263,UPBD,Technology,Software - Application,NASDAQ,1040450,19.42,96.76,-5,-41,-30.72,21.1,30.2,0.5,-2.3,-2.8,2.2,56,61,25,53,19.0,0,0,0,0,0,0,1143834375.0268078,58299405.0,0.135,0.005,948600,1062424,0,39.5,26.2,2026-08-19
1264,EFC,Real Estate,REIT - Mortgage,NYSE,1154543,13.59,96.74,-4,1,-3.75,21.3,88.6,1.0,1.8,1.4,3.7,56,60,65,38,34.7,0,0,0,0,0,0,1761890576.4533272,128887386.0,0.0668,0.338,1169050,1280394,0,49.4,16.6,2026-08-19
1265,AAP,Consumer Cyclical,Auto Parts,NYSE,1545520,56.72,96.73,16,36,-13.02,45.0,68.6,0.0,-0.4,-2.0,6.7,56,40,60,56,27.2,0,0,0,0,0,0,3411616666.372467,60329208.0,0.29659998,0.012,1287480,1609162,0,45.8,1.2,2026-08-19
1266,FFIN,Financial Services,Banks - Regional,NASDAQ,737796,34.86,96.69,-3,-24,-8.55,19.3,58.9,-1.8,-2.2,-0.8,6.0,56,59,38,34,30.0,0,0,0,0,0,0,5056594271.999664,143327507.0,0.078600004,0.098,600770,908760,0,40.2,21.6,2026-08-19
1267,EXR,Real Estate,REIT - Industrial,NYSE,1147070,146.89,96.68,8,6,-7.55,16.7,81.1,0.1,-0.4,0.3,5.2,56,48,46,57,42.2,0,0,0,0,0,0,31246766338.71295,211269558.0,0.030199999,0.038,829490,1214496,0,48.3,1.3,2026-08-19
1268,TOL,Consumer Cyclical,Residential Construction,NYSE,866286,145.45,96.6,-4,-11,-13.61,19.7,58.2,-0.4,-1.0,-1.5,3.5,56,60,53,80,46.3,0,0,0,0,0,0,13858945569.351196,93471000.0,0.0582,-0.076,775050,1013108,0,59.8,3.5,2026-08-19
1269,BXP,Real Estate,REIT - Office,NYSE,1381706,66.69,96.54,-5,-30,-15.93,31.8,58.0,-1.1,-2.5,-0.3,5.5,56,61,36,28,38.1,0,0,0,0,0,0,10928833020.9516,159661556.0,0.0884,0.037,1083160,1477948,0,40.8,20.5,2026-08-19
1270,ORI,Financial Services,Insurance - Property & Casualty,NYSE,1184883,42.51,96.53,-4,-11,-9.09,14.2,52.4,-1.7,-2.4,1.7,1.0,56,60,53,60,43.4,0,0,0,0,0,0,10345400339.302595,241432922.0,0.0517,0.134,1007900,1429488,0,54.1,9.0,2026-08-19
1271,PFE,Healthcare,Drug Manufacturers - General,NYSE,39397780,26.87,96.52,13,27,-6.54,19.7,93.7,5.0,8.7,11.8,8.8,56,43,57,63,47.2,0,0,0,0,0,0,152694260667.51703,5699673589.0,0.028299998,0.026,41117940,44203536,0,52.6,-7.5,2026-08-19
1272,GEN,Technology,Software - Infrastructure,NASDAQ,4475533,27.41,96.52,-10,-36,-14.02,53.9,70.5,-3.3,-1.1,4.8,13.0,56,66,40,22,24.8,0,0,0,0,0,0,17047758397.348602,598587032.0,0.0638,0.063,5679180,5555494,0,38.2,32.0,2026-08-19
1273,PPLI,Communication Services,Internet Content & Information,NASDAQ,948710,39.5,96.51,-9,-6,-18.25,21.7,42.4,-5.0,-7.9,-11.3,-3.6,56,65,68,45,42.8,0,0,0,0,0,0,3008342683.6229324,74463925.0,0.1472,-0.015,1235740,958118,0,55.2,14.8,2026-08-19
1274,V,Financial Services,Credit Services,NYSE,7323720,358.84,96.51,-9,-31,-4.05,23.7,93.4,0.6,0.5,4.1,10.2,56,65,43,29,41.8,0,0,0,0,0,0,679885247969.2979,1867047259.0,0.012200001,0.144,7127780,8122254,0,44.7,21.0,2026-08-19
1275,POR,Utilities,Utilities - Regulated Electric,NYSE,1032240,50.87,96.48,-15,-25,-6.87,19.9,67.1,1.2,0.1,-1.8,-0.8,56,71,61,72,53.6,0,0,0,0,0,0,5969768684.999313,117607740.0,0.071,0.009,1020070,1152894,0,64.4,9.5,2026-08-19
1276,KREF,Real Estate,REIT - Mortgage,NYSE,1107586,7.47,96.44,14,-4,-25.17,27.7,40.9,-0.9,1.2,3.5,2.4,56,42,24,21,18.8,0,0,0,0,0,0,489969170.18140125,64300417.0,0.120299995,,879650,1105860,0,26.5,17.6,2026-08-19
1277,BX,Financial Services,Asset Management,NYSE,4839316,140.57,96.43,28,28,-26.05,42.1,49.6,1.8,5.9,13.5,10.8,56,28,28,22,22.7,0,0,0,0,0,0,108037467160.27748,750625114.0,0.0355,0.286,4614020,5055784,0,25.2,3.9,2026-08-19
1278,NBIX,Healthcare,Drug Manufacturers - Specialty & Generic,NASDAQ,1345876,154.49,96.43,-27,-36,-16.99,26.4,52.0,-1.2,-6.0,-7.1,5.8,56,83,74,40,50.8,0,0,0,0,0,0,15523863046.403473,101649181.0,0.0561,0.395,1319360,1277832,0,62.0,25.6,2026-08-19
1279,HOOD,Financial Services,Capital Markets,NASDAQ,18890720,96.25,96.39,19,13,-37.44,47.0,35.1,1.2,2.4,-3.9,-0.8,56,37,31,32,20.3,0,0,0,0,0,0,85916299812.85492,899082273.0,0.0424,0.323,14443690,24948082,0,30.1,9.9,2026-08-19
1280,TPR,Consumer Cyclical,Luxury Goods,NYSE,2676680,129.02,96.37,-9,3,-21.71,37.7,52.1,-9.4,-10.7,-9.4,-3.5,56,65,77,91,50.3,0,0,0,0,0,0,25717537776.546844,199391678.0,0.0956,0.089,3659250,2801442,1,70.8,0.9,2026-08-19
1281,MB,Consumer Cyclical,Restaurants,NASDAQ,1105943,5.8,96.35,47,116,-70.63,42.5,16.5,-14.9,3.2,-0.8,-17.8,56,9,78,48,11.1,0,0,0,0,0,0,90921503.27205658,17155000.0,0.0004,-0.12,3312110,670370,0,36.5,-15.8,2026-08-19
1282,DCH,Consumer Cyclical,Auto Parts,NYSE,3128160,6.8,96.35,23,32,-26.49,29.9,38.9,0.6,7.7,13.2,4.1,56,33,42,77,53.0,0,0,0,0,0,0,1599078975.991948,237604602.0,0.098400004,0.924,3485740,3647172,0,51.3,-19.7,2026-08-19
1283,AJG,Financial Services,Insurance Brokers,NYSE,1362960,247.97,96.27,12,-12,-20.92,34.1,55.2,2.2,2.0,6.8,10.3,56,44,20,19,24.7,0,0,0,0,0,0,64395424331.03943,256341000.0,0.0247,0.309,1195720,1640330,0,26.9,17.1,2026-08-19
1284,GILD,Healthcare,Drug Manufacturers - General,NASDAQ,6592090,138.92,96.23,-7,-17,-11.68,33.5,81.9,7.3,9.6,12.6,11.1,56,63,53,78,58.2,0,0,0,0,0,0,171560196002.60858,1239955155.0,0.0197,0.102,6916730,7693834,0,63.0,0.4,2026-08-19
1285,HROW,Healthcare,Drug Manufacturers - Specialty & Generic,NASDAQ,566163,39.48,96.2,-10,-56,-28.02,43.4,48.9,4.3,4.5,2.8,1.3,55,65,19,90,48.4,0,0,0,0,0,0,1500638589.7384644,37487850.0,0.2014,0.109,620020,684306,1,55.6,7.9,2026-08-19
1286,SSNC,Technology,Software - Application,NASDAQ,1873446,79.8,96.17,23,18,-12.38,32.6,71.9,2.2,5.3,15.5,8.8,55,32,27,24,28.8,0,0,0,0,0,0,19124382174.0,234654996.0,0.0423,0.103,1709710,1977650,0,27.9,3.7,2026-08-19
1287,DX,Real Estate,REIT - Mortgage,NYSE,5634096,13.07,96.14,-3,-3,-12.46,12.5,51.2,2.5,3.5,2.5,-0.7,55,58,58,68,42.1,0,0,0,0,0,0,3231430039.8855715,247429551.0,0.0423,,4927960,5441972,0,56.5,5.9,2026-08-19
1288,DTM,Energy,Oil & Gas Midstream,NYSE,832473,135.0,96.13,-24,-21,-11.7,31.4,63.0,-1.4,-2.9,-6.3,-0.2,55,79,82,80,61.7,0,0,0,0,0,0,13965893399.748049,102015296.0,0.0504,0.11,955450,793158,0,75.7,8.1,2026-08-19
1289,APD,Basic Materials,Specialty Chemicals,NYSE,1031530,300.86,96.12,-5,-6,-4.45,31.4,86.9,-0.5,1.1,3.4,8.8,55,60,59,47,38.5,0,0,0,0,0,0,68803148475.93292,222685530.0,0.0179,0.046,775270,1297662,0,51.1,13.4,2026-08-19
1290,AMH,Real Estate,REIT - Residential,NYSE,2072703,33.63,96.11,-6,-28,-6.19,25.4,82.3,0.7,1.1,2.4,8.7,55,61,39,26,33.4,0,0,0,0,0,0,12262496506.360975,359815019.0,0.0395,0.028,2320390,2285380,0,39.8,23.0,2026-08-19
1291,NTLA,Healthcare,Biotechnology,NASDAQ,3902426,12.09,96.09,36,89,-57.2,65.2,26.3,10.6,16.0,-0.1,6.9,55,19,72,85,57.2,0,0,0,0,0,0,1668908892.2483635,140126693.0,0.3957,-0.462,3312190,5001774,0,58.3,-37.6,2026-08-19
1292,CAVA,Consumer Cyclical,Restaurants,NYSE,3802396,71.02,96.09,33,88,-28.11,64.2,52.0,6.2,8.5,-1.2,0.8,55,22,77,52,38.1,0,0,0,0,0,0,8692717041.281464,116806198.0,0.1172,0.313,4602700,3492344,0,47.3,-19.5,2026-08-19
1293,ZBH,Healthcare,Medical Devices,NYSE,2477510,98.2,96.06,17,8,-9.32,26.6,75.2,2.3,4.6,9.5,10.7,55,38,29,47,32.5,0,0,0,0,0,0,19197748688.892616,190737689.0,0.0774,0.048,2947440,2425568,0,36.6,1.8,2026-08-19
1294,NJR,Utilities,Utilities - Regulated Gas,NYSE,616540,54.97,96.02,-20,-20,-9.68,24.8,68.8,0.1,-3.0,-3.1,4.2,55,75,75,66,53.1,0,0,0,0,0,0,5611239304.805901,100921573.0,0.0493,0.168,731250,715828,0,67.3,12.8,2026-08-19
1295,UMH,Real Estate,REIT - Residential,NYSE,562590,16.14,95.99,5,-2,-3.12,17.3,98.4,2.5,4.7,6.9,7.5,55,50,43,49,35.6,0,0,0,0,0,0,1400983972.7266502,85166195.0,0.0001,0.077,774960,607098,0,44.4,8.1,2026-08-19
1296,KMT,Industrials,Tools & Accessories,NYSE,1324200,31.81,95.93,-15,-3,-27.39,49.5,44.4,-2.7,-7.5,-9.8,-9.6,55,70,82,92,69.6,0,0,0,0,0,0,2379279363.330675,76210103.0,0.1065,0.426,2109070,1253100,1,78.4,-5.4,2026-08-19
1297,MSFT,Technology,Software - Infrastructure,NASDAQ,35291426,480.35,95.93,25,31,-13.25,37.3,69.5,-2.0,4.6,16.3,12.2,55,30,36,25,29.0,0,0,0,0,0,0,3678615190919.4673,7425545491.0,0.011,0.177,30128190,40887482,0,30.0,0.9,2026-08-19
1298,MRP,Real Estate,REIT - Residential,NYSE,1153646,30.16,95.91,11,0,-16.22,14.7,44.0,2.7,4.8,5.0,2.6,55,44,33,63,30.3,0,0,0,0,0,0,5036233613.241549,166047927.0,0.0529,0.321,1117320,1513110,0,42.6,4.1,2026-08-19
1299,LW,Consumer Defensive,Packaged Foods,NYSE,1786656,52.49,95.89,15,-2,-21.74,40.0,54.8,2.2,2.9,12.4,12.9,55,40,23,26,33.4,0,0,0,0,0,0,7296231153.10347,137483158.0,0.0541,0.056,1289120,1657040,0,30.6,7.8,2026-08-19
1300,WRBY,Healthcare,Medical Instruments & Supplies,NYSE,2665493,25.6,95.88,13,38,-17.42,72.8,86.7,8.9,8.5,6.7,17.2,55,42,67,55,41.4,0,0,0,0,0,0,3202684660.278908,123608054.0,0.2001,0.098,3232530,3201218,0,51.4,-4.8,2026-08-19
1301,BUD,Consumer Defensive,Beverages - Brewers,NYSE,1735080,77.2,95.86,-19,-17,-10.85,34.9,71.6,-2.7,-4.4,-3.9,6.3,55,74,76,79,60.0,0,0,0,0,0,0,156997748473.04684,1969117545.0,0.0070999996,0.11,1734050,2037552,0,72.2,5.8,2026-08-19
1302,SAIA,Industrials,Trucking,NASDAQ,509173,385.22,95.85,-21,-10,-22.13,43.4,45.9,-2.4,-5.8,-13.8,-5.2,55,76,87,81,49.0,0,0,0,0,0,0,10251601683.370972,26674650.0,0.047199998,0.171,522490,474840,0,73.3,11.4,2026-08-19
1303,PAAS,Basic Materials,Gold,NYSE,4091670,48.11,95.85,18,68,-31.26,64.2,51.7,1.6,7.4,9.4,-2.1,55,37,87,96,77.0,0,0,0,0,0,0,19661184800.811768,414618000.0,1.51,0.384,4926090,4560726,1,74.3,-36.8,2026-08-19
1304,PFGC,Consumer Defensive,Food Distribution,NYSE,1738610,104.68,95.79,-16,-46,-10.89,27.5,62.6,-5.1,-6.9,-5.0,7.1,55,71,41,52,37.5,0,0,0,0,0,0,16846021227.75,157072459.0,0.0364,0.073,1975520,1682250,0,50.4,23.6,2026-08-19
1305,LEVI,Consumer Cyclical,Apparel Manufacturing,NYSE,2802923,22.57,95.79,-10,-19,-12.18,22.8,53.7,-4.0,-7.5,-7.9,0.7,55,65,56,63,40.3,0,0,0,0,0,0,8678379879.482323,384850562.0,0.070700005,0.08,2134120,2707812,0,56.1,13.7,2026-08-19
1306,QRVO,Technology,Semiconductors,NASDAQ,1184640,96.04,95.78,8,31,-12.28,27.3,64.5,-0.3,3.4,4.0,10.8,55,47,70,47,42.6,0,0,0,0,0,0,8655424467.476212,88221633.0,0.0841,-0.042,1241720,1279570,0,51.6,-0.1,2026-08-19
1307,PNW,Utilities,Utilities - Regulated Electric,NYSE,1190650,100.41,95.73,-12,-14,-9.67,15.8,57.7,-0.9,-2.5,-4.5,1.7,55,67,65,63,42.0,0,0,0,0,0,0,12299095713.171066,121197234.0,0.1105,0.071,1093730,1253706,0,59.3,13.5,2026-08-19
1308,JBLU,Industrials,Airlines,NASDAQ,33259336,5.24,95.71,-2,-27,-20.85,21.6,35.8,-12.7,-14.5,-12.5,-3.4,55,57,32,67,30.0,0,0,0,0,0,0,2131813858.6332936,377312181.0,0.2934,0.145,23142530,31545424,0,46.5,14.0,2026-08-19
1309,TT,Industrials,Building Products & Equipment,NYSE,1157533,475.32,95.67,-5,-10,-6.04,21.0,62.2,-4.2,-3.4,-3.9,2.9,55,60,55,67,41.4,0,0,0,0,0,0,105655132281.2298,220023177.0,0.014199999,0.106,869960,1264704,0,55.8,8.4,2026-08-19
1310,L,Financial Services,Insurance - Property & Casualty,NYSE,757326,112.38,95.65,-11,-16,-7.13,17.5,66.9,-1.9,-3.4,-1.5,2.8,55,66,61,65,50.6,0,0,0,0,0,0,23106464942.054443,204427720.0,0.026300002,0.039,646730,812256,0,60.7,8.4,2026-08-19
1311,TPG,Financial Services,Asset Management,NASDAQ,2597410,51.77,95.64,28,23,-26.44,40.2,48.1,3.5,11.2,20.1,7.4,55,27,22,21,19.6,0,0,0,0,0,0,8509194505.635956,160460017.0,0.0733,1.102,4226560,2587640,0,22.4,5.4,2026-08-19
1312,MTH,Consumer Cyclical,Residential Construction,NYSE,856953,72.23,95.59,6,-13,-15.4,26.3,58.4,1.7,1.9,-0.7,5.9,55,49,30,60,30.2,0,0,0,0,0,0,4762922835.7773285,65174093.0,0.0928,-0.138,688890,938476,0,42.3,9.1,2026-08-19
1313,INVH,Real Estate,REIT - Residential,NYSE,3912050,29.69,95.55,-9,-19,-5.38,23.8,84.2,0.5,0.6,1.2,8.6,54,63,53,26,35.7,0,0,0,0,0,0,17993531391.101654,594041956.0,0.027999999,0.101,3778470,4986616,0,44.4,22.0,2026-08-19
1314,GNL,Real Estate,REIT - Diversified,NYSE,2599633,8.81,95.48,-14,-11,-12.21,20.5,61.7,0.1,1.2,-0.5,-0.2,54,68,71,81,51.5,0,0,0,0,0,0,2026344480.264456,231317857.0,0.0001,-0.1,3127930,2844906,0,67.9,5.3,2026-08-19
1315,USA,Financial Services,Asset Management,NYSE,1478053,6.05,95.48,8,2,-8.89,11.3,50.0,-0.3,1.7,2.9,1.2,54,46,40,39,27.2,0,0,0,0,0,0,1870891525.6193583,308219353.0,0.0008,-0.098,1350530,1594790,0,38.1,11.4,2026-08-19
1316,BKH,Utilities,Utilities - Regulated Gas,NYSE,762756,73.39,95.48,-13,-12,-6.74,25.5,80.3,-0.5,-0.2,-0.5,1.1,54,67,68,70,55.0,0,0,0,0,0,0,5664845914.701836,76253141.0,0.16139999,0.031,851760,926434,0,65.0,5.3,2026-08-19
1317,DHR,Healthcare,Diagnostics & Research,NYSE,5500243,202.63,95.45,12,-8,-16.54,30.6,61.9,3.3,5.6,8.9,4.2,54,42,22,39,36.3,0,0,0,0,0,0,142319524486.95682,702986054.0,0.019199999,0.055,3317380,4996090,0,34.8,5.5,2026-08-19
1318,NTST,Real Estate,REIT - Retail,NYSE,1303156,20.43,95.45,-20,-25,-9.08,19.8,66.2,0.2,-2.6,-1.8,4.7,54,74,69,76,43.8,0,0,0,0,0,0,2014267081.9252548,97260607.0,0.35860002,0.269,1061180,1982750,0,65.7,15.2,2026-08-19
1319,AFL,Financial Services,Insurance - Life,NYSE,1949096,120.98,95.38,-16,-25,-7.1,10.6,46.0,-4.2,-6.2,-3.9,2.1,54,70,61,53,45.4,0,0,0,0,0,0,60888142012.12167,501343298.0,0.0319,-0.01,2042450,2276872,0,57.4,16.6,2026-08-19
1320,HTGC,Financial Services,Asset Management,NYSE,1593226,16.54,95.37,13,15,-15.7,21.7,53.4,0.3,2.3,5.5,2.4,54,41,43,25,24.4,0,0,0,0,0,0,3125638942.7948,187164000.0,0.059899997,0.085,1755110,1465192,0,33.3,11.3,2026-08-19
1321,FUL,Basic Materials,Specialty Chemicals,NYSE,717876,63.58,95.32,21,29,-7.36,23.5,63.5,-0.4,3.4,2.0,1.0,54,33,41,66,35.4,0,0,0,0,0,0,3375160040.25,53787411.0,0.0706,0.058,697410,807722,0,43.9,-8.6,2026-08-19
1322,BHC,Healthcare,Drug Manufacturers - Specialty & Generic,NYSE,4125490,6.58,95.31,34,46,-22.04,55.5,70.9,7.3,15.4,29.7,17.6,54,20,32,40,22.8,0,0,0,0,0,0,2434678637.709646,373990561.0,0.0253,0.127,4226660,3687620,0,28.7,-6.6,2026-08-19
1323,NU,Financial Services,Banks - Regional,NYSE,92532416,14.74,95.31,18,7,-22.34,25.9,42.0,3.0,2.4,7.2,-2.8,54,36,25,73,44.6,0,0,0,0,0,0,73571386065.25623,4830688659.0,0.039100002,0.521,67787640,76225620,0,44.7,-10.6,2026-08-19
1324,PINS,Communication Services,Internet Content & Information,NYSE,11282946,23.07,95.3,22,13,-40.19,51.7,35.4,-0.4,-1.1,4.3,4.5,54,32,23,10,8.9,0,0,0,0,0,0,13625491127.176214,566313027.0,0.1361,0.182,13217320,14572894,0,18.5,16.8,2026-08-19
1325,KVUE,Consumer Defensive,Household & Personal Products,NYSE,19649013,18.79,95.3,-13,-49,-13.98,35.6,66.8,0.4,-0.5,0.9,7.7,54,67,31,36,26.8,0,0,0,0,0,0,36878852031.83386,1920773467.0,0.0382,0.03,20078980,20209242,0,40.2,29.9,2026-08-19
1326,MAIN,Financial Services,Asset Management,NYSE,638483,58.15,95.3,15,7,-13.65,17.2,48.7,-0.4,2.8,8.0,3.1,54,39,31,48,25.7,0,0,0,0,0,0,5498297435.458706,93508461.0,0.10479999,0.039,718480,661464,0,35.9,5.7,2026-08-19
1327,FE,Utilities,Utilities - Regulated Electric,NYSE,4402530,47.42,95.29,-5,-20,-9.4,10.3,48.7,0.2,-1.6,-1.1,-0.5,54,59,44,67,43.3,0,0,0,0,0,0,27423421918.488407,578431175.0,0.0574,0.088,3849630,4342874,0,53.3,7.8,2026-08-19
1328,HR,Real Estate,REIT - Healthcare Facilities,NYSE,3812303,19.15,95.27,-25,-27,-13.11,18.5,54.1,-0.5,-4.8,-5.2,3.8,54,79,77,65,50.2,0,0,0,0,0,0,6670540376.5,346521578.0,0.0998,-0.043,3712620,4059052,0,67.8,17.4,2026-08-19
1329,YOU,Technology,Software - Application,NYSE,1448236,43.84,95.24,-37,-33,-36.53,49.6,44.9,-6.5,-13.3,-16.1,-3.2,54,91,95,61,63.1,0,0,0,0,0,0,4677307255.564899,102911049.0,0.16239999,0.266,2052330,1521718,2,77.5,19.6,2026-08-19
1330,ITRI,Technology,Scientific & Technical Instruments,NASDAQ,936120,100.61,95.24,33,31,-29.15,26.7,34.6,-2.6,0.2,10.8,6.0,54,21,19,33,16.1,0,0,0,0,0,0,4446982527.778748,43786753.0,0.19469999,-0.072,657030,847272,0,22.3,0.3,2026-08-19
1331,BIOA,Healthcare,Drug Manufacturers - Specialty & Generic,NASDAQ,1094490,10.4,95.2,-44,-46,-59.93,143.2,30.6,-0.7,-24.2,-42.2,-35.5,54,98,96,99,91.8,0,1,0,1,0,2,486507252.9082813,45896909.0,0.0629,0.016,1169210,932844,4,96.2,3.1,2026-08-19
1332,SYY,Consumer Defensive,Food Distribution,NYSE,3393790,81.85,95.2,-3,-25,-10.89,19.0,60.2,-1.2,-1.6,0.4,4.6,54,57,35,72,36.8,0,0,0,0,0,0,39730659129.98032,478740332.0,0.0363,0.047,3778080,3534390,0,50.2,9.3,2026-08-19
1333,DG,Consumer Defensive,Discount Stores,NYSE,2202410,120.08,95.17,-1,-28,-24.11,27.5,43.7,-0.1,-1.0,2.1,-1.8,54,55,28,90,44.0,0,0,0,0,0,0,27193921572.88919,220586647.0,0.038599998,0.034,1853220,2563032,1,54.3,1.2,2026-08-19
1334,APAM,Financial Services,Asset Management,NYSE,936140,41.48,95.17,15,6,-12.8,25.1,61.7,0.4,2.6,11.1,6.9,54,39,30,42,25.0,0,0,0,0,0,0,2994629565.606392,70996433.0,0.057800002,0.089,965620,914322,0,34.0,7.3,2026-08-19
1335,PM,Consumer Defensive,Tobacco,NYSE,4913956,184.52,95.15,-21,-30,-11.19,31.6,81.7,1.2,-0.1,2.3,10.3,54,75,66,68,48.3,0,0,0,0,0,0,296744411699.90784,1558613439.0,0.0104,0.104,4517590,5143060,0,64.3,15.7,2026-08-19
1336,GFI,Basic Materials,Gold,NYSE,3637736,41.5,95.09,31,81,-32.67,49.6,45.2,7.9,18.5,23.3,1.2,54,23,73,95,72.2,0,0,0,0,0,0,35991403550.85182,894418540.0,0.0076,0.714,3931470,3880842,1,65.8,-44.0,2026-08-19
1337,SE,Consumer Cyclical,Internet Retail,NYSE,5012360,119.45,95.09,22,0,-40.07,52.4,34.6,-0.7,5.0,15.0,10.2,54,32,10,18,10.0,0,0,0,0,0,0,74686364108.00354,612484522.0,0.0375,0.481,5859990,4583036,0,17.5,16.0,2026-08-19
1338,TAL,Consumer Defensive,Education & Training Services,NYSE,4554880,11.68,95.04,22,26,-12.64,35.4,80.1,0.6,3.6,15.5,10.1,54,32,36,35,42.7,0,0,0,0,0,0,6462269397.498264,554701254.0,0.0863,0.319,4409640,4152524,0,36.4,-6.3,2026-08-19
1339,VALE,Basic Materials,Other Industrial Metals & Mining,NYSE,22464553,13.75,94.99,-9,13,-23.36,43.2,51.7,-2.0,-4.1,-5.9,-7.2,54,63,85,92,68.5,0,0,0,0,0,0,58006047546.443405,4255762807.0,0.0123000005,0.064,22098750,22432302,1,77.1,-10.8,2026-08-19
1340,BLK,Financial Services,Asset Management,NYSE,716316,1147.11,94.99,15,20,-5.97,25.6,84.4,0.6,3.5,9.5,9.8,54,39,44,56,34.6,0,0,0,0,0,0,181774692341.2798,154869259.0,0.0143,0.306,549430,774552,0,43.4,-1.7,2026-08-19
1341,TRP,Energy,Oil & Gas Midstream,NYSE,2521063,63.28,94.97,-29,-31,-11.46,25.3,59.6,-1.7,-4.8,-7.3,1.2,53,82,80,77,55.8,0,0,0,0,0,0,66693913184.77771,1041766896.0,8.68,0.057,2505560,2521646,0,73.7,14.3,2026-08-19
1342,AUPH,Healthcare,Biotechnology,NASDAQ,1239273,15.29,94.93,-26,-25,-20.57,46.3,67.6,3.9,5.6,1.7,5.2,53,79,80,82,62.8,0,0,0,0,0,0,2058301604.4884949,133051168.0,0.0791,0.189,1251880,1529562,0,76.0,7.4,2026-08-19
1343,AIRO,Industrials,Aerospace & Defense,NASDAQ,507246,9.41,94.91,43,39,-63.67,46.8,13.7,-3.5,8.3,12.6,-6.1,53,10,6,19,2.2,0,0,0,0,0,0,301990116.0598984,31555917.0,0.1522,0.759,776570,507986,0,9.3,2.5,2026-08-19
1344,HUBG,Industrials,Integrated Freight & Logistics,NASDAQ,1053763,39.47,94.79,-28,-47,-25.89,20.8,35.4,-4.9,-11.1,-11.6,-4.9,53,81,62,62,44.1,0,0,0,0,0,0,2464486406.3435745,61153510.0,0.0892,-0.053,1643920,941220,0,62.3,24.2,2026-08-19
1345,PPG,Basic Materials,Specialty Chemicals,NYSE,1873393,113.44,94.78,-5,-29,-14.98,20.8,52.6,-1.1,-1.4,-2.8,3.4,53,58,34,71,36.1,0,0,0,0,0,0,25366653135.681152,222300000.0,0.0319,0.072,1343530,1927612,0,49.8,10.7,2026-08-19
1346,PHM,Consumer Cyclical,Residential Construction,NYSE,1693180,128.49,94.74,8,-1,-11.08,18.7,63.4,0.5,0.5,2.0,4.8,53,45,36,75,36.9,0,0,0,0,0,0,24797512038.37628,190486353.0,0.0642,-0.096,1289610,1771030,0,48.2,-1.1,2026-08-19
1347,SBRA,Real Estate,REIT - Healthcare Facilities,NASDAQ,2930203,20.31,94.66,-8,0,-10.8,19.2,64.1,0.5,-2.0,3.3,4.5,53,61,69,70,45.7,0,0,0,0,0,0,5191003123.958954,255462756.0,0.1317,0.253,2579120,3279936,0,61.4,5.0,2026-08-19
1348,WSC,Industrials,Rental & Leasing Services,NASDAQ,2458670,23.58,94.62,-24,-45,-20.79,50.9,54.2,-3.4,-8.3,-14.0,2.1,53,77,56,51,25.3,0,0,0,0,0,0,4305097203.551319,181190958.0,0.1512,0.039,3366210,2312808,0,52.3,33.1,2026-08-19
1349,FCPT,Real Estate,REIT - Retail,NYSE,693096,25.07,94.61,-7,-20,-6.66,10.1,64.4,1.0,-0.5,-0.2,2.2,53,60,47,47,34.9,0,0,0,0,0,0,2766958894.775009,109756406.0,0.047,0.069,621980,823962,0,47.2,16.5,2026-08-19
1350,RGTI,Technology,Computer Hardware,NASDAQ,20920933,18.67,94.61,40,87,-67.89,31.8,9.4,-5.3,2.4,-3.0,-16.2,53,13,60,54,37.8,0,0,0,0,0,0,6281527716.681862,333768747.0,0.1908,1.853,19437740,26358304,0,41.2,-25.3,2026-08-19
1351,KGC,Basic Materials,Gold,NYSE,7843996,27.72,94.58,25,77,-29.12,59.9,57.8,9.0,16.6,19.7,3.0,53,28,80,95,75.3,0,0,0,0,0,0,32396235314.06907,1186240789.0,2.37,0.295,8862920,8703200,1,69.6,-42.2,2026-08-19
1352,ACDC,Energy,Oil & Gas Equipment & Services,NASDAQ,1767853,5.28,94.57,19,76,-35.77,47.3,31.0,-6.0,2.8,-12.7,-13.1,53,34,91,67,61.3,0,0,0,0,0,0,977999211.097704,182122762.0,0.0456,-0.008,2343610,1641290,1,63.3,-25.9,2026-08-19
1353,RDN,Financial Services,Insurance - Specialty,NYSE,1235620,37.05,94.54,-19,-24,-9.74,14.8,58.3,-0.9,-4.0,-1.7,3.2,53,72,67,46,38.7,0,0,0,0,0,0,4976296335.830688,133556000.0,0.0456,0.935,1099060,1279532,0,55.9,22.4,2026-08-19
1354,CINF,Financial Services,Insurance - Property & Casualty,NASDAQ,808043,171.06,94.48,-17,-25,-12.19,12.5,44.3,-2.7,-4.6,-4.5,1.3,53,70,62,53,44.5,0,0,0,0,0,0,26577792771.623302,153478045.0,0.028199999,0.316,474820,844294,0,57.4,17.0,2026-08-19
1355,TTWO,Communication Services,Electronic Gaming & Multimedia,NASDAQ,2005000,241.61,94.48,0,8,-9.15,25.0,65.2,-2.7,-2.2,-0.8,3.5,53,53,61,28,37.5,0,0,0,0,0,0,46174819828.23097,186980443.0,0.0383,0.02,2468630,2419010,0,44.9,11.9,2026-08-19
1356,MA,Financial Services,Credit Services,NYSE,2945793,562.26,94.45,1,-20,-6.57,21.7,80.2,1.2,1.7,7.4,8.6,53,52,31,28,33.2,0,0,0,0,0,0,498703679494.3347,876009940.0,0.010299999,0.141,2735350,3467026,0,36.1,16.3,2026-08-19
1357,YETI,Consumer Cyclical,Leisure,NYSE,1473506,43.0,94.37,-30,-49,-20.36,37.3,58.2,-7.9,-10.8,-10.4,0.6,53,83,64,79,57.9,0,0,0,0,0,0,3252380849.994858,72988796.0,0.1424,0.085,2293370,1424108,0,71.0,15.2,2026-08-19
1358,TASK,Technology,Information Technology Services,NASDAQ,887970,7.19,94.36,35,32,-60.9,76.8,25.7,10.0,20.8,37.9,-8.1,53,18,15,20,3.0,0,0,0,0,0,0,687652657.5,91687021.0,0.2637,0.05,996060,787504,0,14.0,7.4,2026-08-19
1359,MDT,Healthcare,Medical Devices,NYSE,7103626,90.6,94.35,17,6,-14.79,27.6,64.5,4.3,7.2,12.3,4.8,53,36,25,53,36.3,0,0,0,0,0,0,116829720194.2733,1280045190.0,0.014199999,0.099,6487530,8327770,0,37.6,-2.5,2026-08-19
1360,CXT,Industrials,Specialty Industrial Machinery,NYSE,599876,50.33,94.35,13,-11,-27.06,34.4,37.9,-5.2,-6.7,-0.3,-0.6,53,40,16,31,17.2,0,0,0,0,0,0,2973616955.856842,57561304.0,0.1769,0.22,607210,923362,0,26.1,15.6,2026-08-19
1361,INMD,Healthcare,Medical Devices,NASDAQ,566520,15.02,94.34,-7,-29,-10.27,17.9,59.1,-0.7,-1.1,2.7,4.9,52,59,37,33,38.2,0,0,0,0,0,0,871794183.8486404,57544172.0,0.046,-0.0,424840,652208,0,41.8,17.8,2026-08-19
1362,GVA,Industrials,Engineering & Construction,NYSE,975703,128.02,94.33,-10,2,-21.01,28.0,44.6,0.3,1.7,-6.1,1.0,52,62,74,84,47.5,0,0,0,0,0,0,5562469154.220657,43764510.0,0.1438,0.293,813290,957358,0,66.9,1.7,2026-08-19
1363,MLYS,Healthcare,Biotechnology,NASDAQ,731776,26.05,94.3,3,33,-45.33,86.2,38.0,0.8,1.2,1.4,-11.7,52,49,79,92,82.5,0,0,0,0,0,0,2266752477.44072,88406885.0,0.1265,,729300,1240982,1,75.6,-28.3,2026-08-19
1364,TDOC,Healthcare,Health Information Services,NYSE,5306326,6.54,94.29,-36,-61,-33.85,49.0,41.7,-1.8,-9.0,-17.3,-1.5,52,88,63,11,25.9,0,0,0,0,0,0,1237268172.613957,181684021.0,0.1455,-0.04,4424750,4945116,0,47.0,48.9,2026-08-19
1365,TRU,Financial Services,Financial Data & Stock Exchanges,NYSE,2212083,78.7,94.26,12,-6,-17.6,29.7,65.3,4.2,4.6,11.4,9.3,52,40,22,24,26.6,0,0,0,0,0,0,15419968643.188477,191600000.0,0.0448,0.149,1751810,2500764,0,28.1,11.7,2026-08-19
1366,PCOR,Technology,Software - Application,NYSE,3436793,58.38,94.25,34,35,-29.08,64.3,59.6,6.5,15.7,32.3,8.1,52,18,19,15,31.2,0,0,0,0,0,0,9086929096.467278,151955338.0,0.105900005,0.158,4109850,3416938,0,20.8,-6.1,2026-08-19
1367,FTS,Utilities,Utilities - Regulated Electric,NYSE,764826,56.44,94.23,-16,-22,-4.98,15.1,73.9,0.1,-1.2,-1.3,2.3,52,68,62,69,46.3,0,0,0,0,0,0,28957812155.914307,510900000.0,16.82,0.041,784840,771782,0,61.3,11.3,2026-08-19
1368,O,Real Estate,REIT - Retail,NYSE,5308850,62.4,94.22,-12,-18,-8.15,12.6,60.4,0.8,-0.8,-0.3,2.3,52,64,58,72,43.7,0,0,0,0,0,0,59364715068.16864,946202000.0,0.0545,0.096,5864720,5830812,0,59.4,9.1,2026-08-19
1369,LEA,Consumer Cyclical,Auto Parts,NYSE,656186,124.89,94.19,-27,-30,-16.92,28.2,52.5,1.2,-5.2,-8.3,-1.1,52,79,76,82,54.0,0,0,0,0,0,0,8318516558.629944,66574764.0,0.056999996,0.03,639370,668132,0,72.7,12.2,2026-08-19
1370,SHW,Basic Materials,Specialty Chemicals,NYSE,1997016,349.97,94.16,15,6,-7.82,,,,,,,52,37,28,52,,0,0,0,0,0,0,87174453505.77817,242758151.0,0.025999999,0.075,1756520,2361974,0,39.0,,2026-08-19
1371,NTR,Basic Materials,Agricultural Inputs,NYSE,2437030,68.29,94.14,-5,9,-20.0,,,,,,,52,57,71,78,,0,0,0,0,0,0,32564814430.3293,477210074.0,0.0078,0.04,2854910,2778352,0,68.7,,2026-08-19
1372,CTAS,Industrials,Specialty Business Services,NASDAQ,2380813,197.82,94.13,-7,-41,-10.03,,,,,,,52,59,25,38,,0,0,0,0,0,0,79841832520.42882,400169561.0,0.038,0.089,1842220,2311228,0,40.7,,2026-08-19
1373,AGIO,Healthcare,Biotechnology,NASDAQ,1198653,33.63,94.1,-15,-56,-26.89,,,,,,,52,67,26,46,,0,0,0,0,0,0,2003595241.9080584,59701882.0,0.1158,2.593,1109280,1207682,0,46.3,,2026-08-19
1374,OHI,Real Estate,REIT - Healthcare Facilities,NYSE,1841980,46.57,94.08,-23,-25,-11.11,,,,,,,52,75,73,72,,0,0,0,0,0,0,13917634464.874268,299111000.0,0.042600002,0.112,1783790,2128750,0,73.3,,2026-08-19
1375,ES,Utilities,Utilities - Regulated Electric,NYSE,2203243,71.91,94.07,-13,-29,-6.09,,,,,,,52,65,49,71,,0,0,0,0,0,0,27213150838.54103,376080025.0,0.0378,0.023,2103290,2536708,0,61.7,,2026-08-19
1376,FERG,Industrials,Industrial Distribution,NYSE,3347606,244.98,94.01,16,24,-9.81,,,,,,,52,36,44,77,,0,0,0,0,0,0,47384308974.27667,193452717.0,0.0161,0.046,6511890,2559742,0,52.3,,2026-08-19
1377,RPM,Basic Materials,Specialty Chemicals,NYSE,1015680,112.23,93.98,17,10,-13.08,,,,,,,52,35,28,49,,0,0,0,0,0,0,14528326221.046448,127643000.0,0.0392,0.072,873340,912096,0,37.3,,2026-08-19
1378,GSK,Healthcare,Drug Manufacturers - General,NYSE,4142513,50.28,93.98,-10,-8,-18.51,,,,,,,52,62,64,86,,0,0,0,0,0,0,99178935367.77164,2002805623.0,0.0073,0.053,3145410,4117392,0,70.7,,2026-08-19
1379,EFOR,Technology,Information Technology Services,NYSE,1014760,30.86,93.96,46,44,-43.83,,,,,,,52,6,4,22,,0,0,0,0,0,0,1298470003.1280518,41000000.0,0.1358,-0.013,835510,1028998,0,10.7,,2026-08-19
1380,ZWS,Industrials,Pollution & Treatment Controls,NYSE,959513,50.31,93.93,-7,-13,-8.53,,,,,,,52,59,53,73,,0,0,0,0,0,0,8454093226.560822,165864097.0,0.038599998,0.105,764440,1005874,0,61.7,,2026-08-19
1381,ELS,Real Estate,REIT - Residential,NYSE,1568923,64.89,93.89,-3,-15,-5.96,,,,,,,52,55,43,59,,0,0,0,0,0,0,12732579771.037643,194064619.0,0.051999997,0.064,1183610,1571242,0,52.3,,2026-08-19
1382,SPXC,Industrials,Building Products & Equipment,NYSE,549413,217.63,93.89,-6,-11,-13.32,,,,,,,52,58,53,84,,0,0,0,0,0,0,10884659462.039797,50085860.0,0.031600002,0.229,361360,736864,0,65.0,,2026-08-19
1383,AHRT,Real Estate,REIT - Diversified,NYSE,662320,6.66,93.88,-15,-23,-13.62,,,,,,,52,67,59,29,,0,0,0,0,0,0,506486412.8345032,74592992.0,0.041100003,0.039,703320,747788,0,51.7,,2026-08-19
1384,IR,Industrials,Specialty Industrial Machinery,NYSE,4159246,82.31,93.86,12,-7,-18.47,,,,,,,52,40,21,70,,0,0,0,0,0,0,32335870991.963654,387999429.0,0.0433,0.085,3965090,4254074,0,43.7,,2026-08-19
1385,AES,Utilities,Utilities - Diversified,NYSE,7411166,14.76,93.82,-7,-3,-16.37,,,,,,,52,59,63,83,,0,0,0,0,0,0,10504812786.032309,713157713.0,0.029000001,0.199,6395860,7728978,0,68.3,,2026-08-19
1386,AMPX,Industrials,Electrical Equipment & Parts,NYSE,6389320,11.58,93.81,30,105,-52.2,,,,,,,52,22,97,96,,0,0,0,0,0,0,1827468564.6152,146080618.0,0.16620001,1.259,7358190,6793212,2,71.7,,2026-08-19
1387,EBAY,Consumer Cyclical,Internet Retail,NASDAQ,4063346,100.94,93.81,-26,-19,-15.4,,,,,,,52,78,85,57,,0,0,0,0,0,0,45897299728.39356,445000000.0,0.039100002,0.148,4936700,3818540,0,73.3,,2026-08-19
1388,QGEN,Healthcare,Diagnostics & Research,NYSE,3058866,42.6,93.79,19,4,-26.32,,,,,,,52,33,18,57,,0,0,0,0,0,0,8868960407.543182,206495000.0,0.045100003,0.003,3355400,2820858,0,36.0,,2026-08-19
1389,CHD,Consumer Defensive,Household & Personal Products,NYSE,1817903,97.98,93.78,-6,-15,-7.6,,,,,,,51,57,48,65,,0,0,0,0,0,0,24028756502.98888,237203907.0,0.0502,0.016,1788010,1899456,0,56.7,,2026-08-19
1390,JFR,Financial Services,Asset Management,NYSE,517806,7.64,93.78,-5,-10,-9.59,,,,,,,51,56,51,42,,0,0,0,0,0,0,1234620162.03084,160967425.0,0.0058999998,0.043,592560,547274,0,49.7,,2026-08-19
1391,CPT,Real Estate,REIT - Residential,NYSE,955756,108.26,93.76,-10,-27,-9.64,,,,,,,51,61,44,41,,0,0,0,0,0,0,11095522727.36435,100539350.0,0.048299998,-0.008,763780,1071480,0,48.7,,2026-08-19
1392,WTRG,Utilities,Utilities - Regulated Water,NYSE,1943916,39.8,93.75,3,-9,-6.07,,,,,,,51,48,36,49,,0,0,0,0,0,0,11453100156.49271,283632983.0,0.0225,0.031,1877780,2070152,0,44.3,,2026-08-19
1393,BLBD,Industrials,Farm & Heavy Construction Machinery,NASDAQ,519046,63.88,93.72,-39,-52,-23.4,,,,,,,51,90,77,82,,0,0,0,0,0,0,2051015355.82782,31646589.0,0.139,0.299,727790,488344,1,83.0,,2026-08-19
1394,BTU,Energy,Thermal Coal,NYSE,2421143,25.91,93.7,19,49,-37.02,,,,,,,51,32,62,94,,0,0,0,0,0,0,3106011944.1986084,121900000.0,0.14819999,0.127,2178700,2733536,1,62.7,,2026-08-19
1395,RIVN,Consumer Cyclical,Auto Manufacturers,NASDAQ,32290656,14.87,93.65,-17,-51,-34.46,,,,,,,51,68,34,57,,0,0,0,0,0,0,22239138779.7165,1447860630.0,0.1344,0.272,19415720,32528110,0,53.0,,2026-08-19
1396,ABT,Healthcare,Medical Devices,NYSE,10753096,110.37,93.64,16,-3,-19.73,,,,,,,51,35,16,27,,0,0,0,0,0,0,192505141680.0,1730383296.0,0.0146,0.13,7540000,12231204,0,26.0,,2026-08-19
1397,ZTO,Industrials,Integrated Freight & Logistics,NYSE,1687433,22.91,93.6,-15,-14,-12.56,,,,,,,51,66,67,81,,0,0,0,0,0,0,17409158942.597065,760225294.0,0.0255,0.22,1833750,1596896,0,71.3,,2026-08-19
1398,REG,Real Estate,REIT - Retail,NASDAQ,1320620,76.37,93.59,-16,-21,-8.71,,,,,,,51,67,62,59,,0,0,0,0,0,0,14047176992.718132,183120547.0,0.0395,0.089,1332640,1472734,0,62.7,,2026-08-19
1399,USAR,Basic Materials,Other Industrial Metals & Mining,NASDAQ,11408723,19.29,93.58,31,102,-56.14,,,,,,,51,20,91,92,,0,0,0,0,0,0,4894401980.0,244720099.0,0.1519,,13398520,12770894,2,67.7,,2026-08-19
1400,MDLZ,Consumer Defensive,Confectioners,NASDAQ,8776960,62.18,93.56,2,9,-6.71,,,,,,,51,49,56,44,,0,0,0,0,0,0,81652962398.73764,1283649766.0,0.028900001,0.041,6922870,9444270,0,49.7,,2026-08-19
1401,AEE,Utilities,Utilities - Regulated Electric,NYSE,1506376,109.47,93.5,-7,-8,-7.48,,,,,,,51,58,57,62,,0,0,0,0,0,0,30380777773.33901,276843251.0,0.0557,-0.062,1538960,1694140,0,59.0,,2026-08-19
1402,RITM,Real Estate,REIT - Mortgage,NYSE,5919386,10.26,93.5,19,16,-19.47,,,,,,,51,32,29,31,,0,0,0,0,0,0,5785096649.44616,558407031.0,0.0701,0.097,4873210,5645412,0,30.7,,2026-08-19
1403,AMBA,Technology,Semiconductor Equipment & Materials,NASDAQ,1748520,78.54,93.47,10,44,-18.77,,,,,,,51,41,75,33,,0,0,0,0,0,0,3598945937.562523,43868185.0,0.1423,0.169,1077600,1778586,0,49.7,,2026-08-19
1404,AKR,Real Estate,REIT - Retail,NYSE,1317640,20.82,93.43,-16,-18,-9.6,,,,,,,51,67,65,47,,0,0,0,0,0,0,2863387306.088276,137332722.0,0.2821,0.134,1393160,1653656,0,59.7,,2026-08-19
1405,GNRC,Industrials,Specialty Industrial Machinery,NYSE,1111823,221.25,93.43,-20,-5,-25.36,,,,,,,51,71,86,90,,0,0,0,0,0,0,12939936812.77092,59005639.0,0.0352,0.106,978710,1059054,1,82.3,,2026-08-19
1406,NAD,Financial Services,Asset Management,NYSE,579810,11.75,93.38,-4,-5,-4.55,,,,,,,51,55,54,59,,0,0,0,0,0,0,2774463706.5408697,233737467.0,0.003,-0.006,579300,578162,0,56.0,,2026-08-19
1407,AVY,Consumer Cyclical,Packaging & Containers,NYSE,827703,176.62,93.37,17,11,-11.49,,,,,,,51,34,28,64,,0,0,0,0,0,0,13560771692.97107,75788142.0,0.0404,0.109,777700,803642,0,42.0,,2026-08-19
1408,GEHC,Healthcare,Medical Devices,NASDAQ,5055486,72.37,93.36,25,20,-19.38,,,,,,,51,26,21,59,,0,0,0,0,0,0,33284761012.62964,451686252.0,0.048699997,0.058,3012480,4991240,0,35.3,,2026-08-19
1409,PFN,Financial Services,Asset Management,NYSE,544970,7.03,93.35,-4,-16,-8.34,,,,,,,51,55,43,51,,0,0,0,0,0,0,698088735.877409,98600105.0,1.91,-0.034,314590,478466,0,49.7,,2026-08-19
1410,ARCC,Financial Services,Asset Management,NASDAQ,4573180,19.64,93.31,9,6,-13.17,,,,,,,51,42,39,33,,0,0,0,0,0,0,14267114532.738752,718022845.0,0.057600003,0.031,4654840,4901024,0,38.0,,2026-08-19
1411,ED,Utilities,Utilities - Regulated Electric,NYSE,2166860,108.99,93.31,-10,-19,-6.23,,,,,,,51,61,52,62,,0,0,0,0,0,0,40237356399.02742,369828633.0,0.044499997,0.132,2181510,2272124,0,58.3,,2026-08-19
1412,KHC,Consumer Defensive,Packaged Foods,NASDAQ,13811453,24.75,93.3,-15,-46,-11.92,,,,,,,51,66,35,33,,0,0,0,0,0,0,30250364337.99352,1185823758.0,0.1003,-0.014,15732260,13949836,0,44.7,,2026-08-19
1413,VLTO,Industrials,Pollution & Treatment Controls,NYSE,1615343,96.75,93.26,13,3,-12.13,,,,,,,51,38,28,31,,0,0,0,0,0,0,23813733916.319824,243793344.0,0.0278,0.075,1228610,2012966,0,32.3,,2026-08-19
1414,IVR,Real Estate,REIT - Mortgage,NYSE,2632870,7.52,93.25,-11,-9,-20.84,,,,,,,51,62,64,71,,0,0,0,0,0,0,805150321.213078,107640417.0,0.0925,,2249390,2662310,0,65.7,,2026-08-19
1415,GBDC,Financial Services,Asset Management,NASDAQ,1063330,13.12,93.24,11,24,-12.12,,,,,,,51,40,53,27,,0,0,0,0,0,0,3442980129.5695324,259651589.0,0.05,-0.14,1365240,1143746,0,40.0,,2026-08-19
1416,SCI,Consumer Cyclical,Personal Services,NYSE,1143143,82.53,93.21,12,15,-9.3,,,,,,,50,38,41,47,,0,0,0,0,0,0,11479840830.531809,136291587.0,0.0555,0.036,900530,1416642,0,42.0,,2026-08-19
1417,ASAN,Technology,Software - Application,NYSE,5380476,8.83,93.2,24,9,-43.79,,,,,,,50,26,11,7,,0,0,0,0,0,0,2169500789.732228,237363316.0,0.3109,0.095,4591210,5422496,0,14.7,,2026-08-19
1418,CRSP,Healthcare,Biotechnology,NASDAQ,1484843,54.28,93.2,28,45,-30.84,,,,,,,50,22,39,72,,0,0,0,0,0,0,5177891494.37936,96692653.0,0.2228,10.414,1174280,1580448,0,44.3,,2026-08-19
1419,HRZN,Financial Services,Asset Management,NASDAQ,669493,5.0,93.18,15,-7,-29.28,,,,,,,50,35,13,34,,0,0,0,0,0,0,341988181.7337284,68261111.0,0.0419,0.021,846920,709502,0,27.3,,2026-08-19
1420,CL,Consumer Defensive,Household & Personal Products,NYSE,4428506,90.21,93.16,-17,-31,-9.18,,,,,,,50,67,53,67,,0,0,0,0,0,0,73300039193.77159,797172829.0,0.0249,0.049,4166500,4871632,0,62.3,,2026-08-19
1421,EXPO,Industrials,Engineering & Construction,NASDAQ,518206,66.19,93.15,18,9,-19.23,,,,,,,50,32,23,33,,0,0,0,0,0,0,3190342163.8504333,47546084.0,0.0836,0.12,373240,574642,0,29.3,,2026-08-19
1422,HLMN,Industrials,Tools & Accessories,NASDAQ,1381266,8.82,93.14,19,10,-18.71,,,,,,,50,31,22,38,,0,0,0,0,0,0,1692541454.1934862,194544999.0,0.0227,0.098,1882680,1654574,0,30.3,,2026-08-19
1423,CVNA,Consumer Cyclical,Auto & Truck Dealerships,NYSE,9860896,70.09,93.13,24,41,-28.02,,,,,,,50,26,43,61,,0,0,0,0,0,0,83113090723.41919,1099525000.0,0.13340001,0.524,7910930,10518594,0,43.3,,2026-08-19
1424,ARI,Real Estate,REIT - Mortgage,NYSE,5232123,6.83,93.12,-8,3,-39.23,,,,,,,50,58,69,64,,0,0,0,0,0,0,875688585.4081936,128212093.0,0.051799998,5.249,3381130,4780218,0,63.7,,2026-08-19
1425,KMB,Consumer Defensive,Household & Personal Products,NASDAQ,3593430,107.91,93.08,-4,-32,-20.75,,,,,,,50,54,26,31,,0,0,0,0,0,0,36713399801.829865,332579038.0,0.1509,0.006,3383690,4150884,0,37.0,,2026-08-19
1426,ROP,Technology,Software - Application,NASDAQ,844460,389.71,93.08,22,12,-28.49,,,,,,,50,28,18,14,,0,0,0,0,0,0,39495074660.97418,98900874.0,0.0625,0.085,745790,1042450,0,20.0,,2026-08-19
1427,CTRE,Real Estate,REIT - Healthcare Facilities,NYSE,2131456,39.26,93.07,-27,-30,-10.0,,,,,,,50,77,74,80,,0,0,0,0,0,0,9161087433.396442,236293199.0,0.1229,0.032,2182390,2759036,0,77.0,,2026-08-19
1428,GRNT,Energy,Oil & Gas E&P,NYSE,789353,5.26,93.03,10,40,-14.4,,,,,,,50,40,70,37,,0,0,0,0,0,0,674010254.2305822,131900242.0,0.0954,0.373,840910,886210,0,49.0,,2026-08-19
1429,WAY,Healthcare,Health Information Services,NASDAQ,2794753,24.68,93.03,31,22,-40.49,,,,,,,50,19,10,13,,0,0,0,0,0,0,4751525880.143188,191748416.0,0.0875,0.181,2969040,2821842,0,14.0,,2026-08-19
1430,OGE,Utilities,Utilities - Regulated Electric,NYSE,1365046,47.35,93.03,-11,-12,-6.4,,,,,,,50,61,60,60,,0,0,0,0,0,0,9802780247.5,206374321.0,0.059699997,-0.04,1282260,1380792,0,60.3,,2026-08-19
1431,PPTA,Basic Materials,Other Precious Metals & Mining,NASDAQ,1171166,24.39,93.03,36,104,-34.73,,,,,,,50,14,82,96,,0,0,0,0,0,0,3157385227.0881405,125094503.0,0.1228,,1323750,1549142,1,64.0,,2026-08-19
1432,MRSH,Financial Services,Insurance Brokers,NYSE,2366193,184.21,93.0,8,-8,-13.84,,,,,,,50,42,26,27,,0,0,0,0,0,0,89629823850.95972,477211268.0,0.015800001,0.062,1605590,2486734,0,31.7,,2026-08-19
1433,WPC,Real Estate,REIT - Diversified,NYSE,1332153,71.52,92.95,-17,-14,-7.38,,,,,,,50,67,70,68,,0,0,0,0,0,0,16315555942.311302,227807251.0,0.048600003,0.184,1123950,1517672,0,68.3,,2026-08-19
1434,AEP,Utilities,Utilities - Regulated Electric,NASDAQ,3831130,126.53,92.95,-14,-13,-9.99,,,,,,,50,64,65,71,,0,0,0,0,0,0,68376306580.51557,544397352.0,0.0577,0.07,3591980,4819286,0,66.7,,2026-08-19
1435,CBRE,Real Estate,Real Estate Services,NYSE,1660366,147.96,92.95,18,17,-15.1,,,,,,,50,32,31,40,,0,0,0,0,0,0,44264480229.022736,289575298.0,0.0167,0.155,1365830,1830084,0,34.3,,2026-08-19
1436,TBPH,Healthcare,Biotechnology,NASDAQ,606990,16.92,92.92,-13,-11,-19.54,,,,,,,50,63,65,88,,0,0,0,0,0,0,880586059.7494469,51890754.0,0.1283,-0.209,623680,691996,0,72.0,,2026-08-19
1437,EXLS,Technology,Information Technology Services,NASDAQ,2423290,34.56,92.9,29,29,-23.34,,,,,,,50,21,21,14,,0,0,0,0,0,0,5279147168.911537,151612499.0,0.08229999,0.156,2018610,2683982,0,18.7,,2026-08-19
1438,GAB,Financial Services,Asset Management,NYSE,806433,5.75,92.87,2,-5,-8.83,,,,,,,50,48,41,63,,0,0,0,0,0,0,1804940930.9560604,311196702.0,0.01,0.194,753310,960010,0,50.7,,2026-08-19
1439,KRC,Real Estate,REIT - Office,NYSE,1248000,36.03,92.86,-21,-44,-19.99,,,,,,,50,71,48,26,,0,0,0,0,0,0,4223179514.006088,116308988.0,0.1099,-0.06,1120130,1443600,0,48.3,,2026-08-19
1440,NEA,Financial Services,Asset Management,NYSE,806373,11.3,92.84,-5,-6,-5.04,,,,,,,50,55,54,59,,0,0,0,0,0,0,3400106732.617367,299041932.0,0.0043,-0.014,831690,769886,0,56.0,,2026-08-19
1441,ORC,Real Estate,REIT - Mortgage,NYSE,4866110,6.67,92.82,1,6,-20.6,,,,,,,50,49,54,64,,0,0,0,0,0,0,1322068663.709743,198807315.0,0.0848,,4002360,5083074,0,55.7,,2026-08-19
1442,MCO,Financial Services,Financial Data & Stock Exchanges,NYSE,814503,477.17,92.79,-7,-28,-12.75,,,,,,,49,56,35,31,,0,0,0,0,0,0,83985848520.82202,173180984.0,0.0207,0.151,697820,929704,0,40.7,,2026-08-19
1443,CCJ,Energy,Uranium,NYSE,3504223,98.58,92.77,24,79,-27.11,,,,,,,49,25,80,94,,0,0,0,0,0,0,42568992437.06118,435532979.0,1.83,-0.072,2676180,3450818,1,66.3,,2026-08-19
1444,FMS,Healthcare,Medical Care Facilities,NYSE,697726,23.5,92.73,-4,-28,-14.98,,,,,,,49,53,29,30,,0,0,0,0,0,0,12650854668.530691,532219370.0,4.37,0.014,888980,668342,0,37.3,,2026-08-19
1445,GDYN,Technology,Information Technology Services,NASDAQ,1864536,7.5,92.72,28,27,-26.54,,,,,,,49,21,20,12,,0,0,0,0,0,0,628733327.75,81126881.0,0.096999995,0.07,2016770,2311510,0,17.7,,2026-08-19
1446,COR,Healthcare,Medical Distribution,NYSE,1519120,312.52,92.72,12,-4,-17.22,,,,,,,49,37,21,71,,0,0,0,0,0,0,59885382317.9599,190827165.0,0.0308,0.051,1882570,1539732,0,43.0,,2026-08-19
1447,MGY,Energy,Oil & Gas E&P,NYSE,5677936,26.79,92.63,-18,-6,-18.22,,,,,,,49,67,79,72,,0,0,0,0,0,0,6218055799.842194,236968592.0,0.1148,0.501,3784110,4748560,0,72.7,,2026-08-19
1448,VNOM,Energy,Oil & Gas Midstream,NASDAQ,1612686,43.05,92.62,-20,-11,-15.8,,,,,,,49,69,78,67,,0,0,0,0,0,0,15224619772.404594,360005189.0,0.0456,1.152,1832530,1807910,0,71.3,,2026-08-19
1449,EPRT,Real Estate,REIT - Retail,NYSE,1468053,31.14,92.62,-12,-29,-10.34,,,,,,,49,61,44,56,,0,0,0,0,0,0,6717439388.737755,216273004.0,0.1155,0.181,1171880,1843176,0,53.7,,2026-08-19
1450,NZF,Financial Services,Asset Management,NYSE,530700,12.3,92.61,-8,-9,-5.53,,,,,,,49,57,56,60,,0,0,0,0,0,0,2439126381.103138,196386986.0,0.0023999999,-0.018,566290,534210,0,57.7,,2026-08-19
1451,BSBR,Financial Services,Banks - Regional,NYSE,3508303,5.71,92.58,11,8,-21.99,,,,,,,49,38,35,78,,0,0,0,0,0,0,43203033157.13675,7487527435.0,2.93,0.288,5456460,2868024,0,50.3,,2026-08-19
1452,IRT,Real Estate,REIT - Residential,NYSE,2752346,16.67,92.57,-3,-15,-8.31,,,,,,,49,52,40,32,,0,0,0,0,0,0,4014221196.312428,235714682.0,0.0631,0.03,3410050,3044428,0,41.3,,2026-08-19
1453,MFA,Real Estate,REIT - Mortgage,NYSE,1444043,9.11,92.54,-6,-2,-13.81,,,,,,,49,55,59,62,,0,0,0,0,0,0,925965496.6552048,101087938.0,0.037100002,0.202,1461980,1613542,0,58.7,,2026-08-19
1454,AWK,Utilities,Utilities - Regulated Water,NYSE,2199723,134.35,92.52,7,-3,-9.14,,,,,,,49,42,32,37,,0,0,0,0,0,0,27066887695.32725,198728989.0,0.078,0.062,2266260,2333800,0,37.0,,2026-08-19
1455,ECL,Basic Materials,Specialty Chemicals,NYSE,1207513,275.84,92.48,7,-5,-10.81,,,,,,,49,42,30,67,,0,0,0,0,0,0,77401526467.95398,280328603.0,0.0126,0.097,1176340,1479776,0,46.3,,2026-08-19
1456,CWK,Real Estate,Real Estate Services,NYSE,1891630,14.09,92.47,12,12,-19.02,,,,,,,49,37,37,42,,0,0,0,0,0,0,3379877305.663826,234713708.0,0.0635,0.112,1753400,2103924,0,38.7,,2026-08-19
1457,XEL,Utilities,Utilities - Regulated Electric,NASDAQ,4706070,79.21,92.45,-4,-1,-5.96,,,,,,,49,53,56,65,,0,0,0,0,0,0,49452296862.280426,624634306.0,0.0769,-0.051,4185520,5385710,0,58.0,,2026-08-19
1458,AXP,Financial Services,Credit Services,NYSE,2824686,336.21,92.4,-11,-34,-13.23,,,,,,,49,60,37,43,,0,0,0,0,0,0,231280119025.0154,675309833.0,0.0232,0.128,2149120,2975534,0,46.7,,2026-08-19
1459,VRSN,Technology,Software - Infrastructure,NASDAQ,822583,272.77,92.34,-7,17,-12.71,,,,,,,48,55,79,24,,0,0,0,0,0,0,25695295117.1875,90400000.0,0.0211,0.06,790300,844588,0,52.7,,2026-08-19
1460,DOV,Industrials,Specialty Industrial Machinery,NYSE,1150846,206.47,92.32,-10,-8,-13.08,,,,,,,48,58,60,76,,0,0,0,0,0,0,27888235177.17743,134680225.0,0.0335,0.069,895060,1142280,0,64.7,,2026-08-19
1461,KDP,Consumer Defensive,Beverages - Non-Alcoholic,NASDAQ,12679943,30.28,92.31,-16,-44,-15.75,,,,,,,48,64,36,48,,0,0,0,0,0,0,42784371361.47951,1360826038.0,0.0523,0.756,13657810,14900064,0,49.3,,2026-08-19
1462,HLF,Consumer Defensive,Packaged Foods,NYSE,1526133,11.99,92.28,7,38,-41.23,,,,,,,48,41,72,96,,0,0,0,0,0,0,1292225667.404137,104803380.0,0.1011,0.054,1872770,1629738,1,69.7,,2026-08-19
1463,MDU,Utilities,Utilities - Regulated Gas,NYSE,1422376,20.57,92.27,-11,4,-10.49,,,,,,,48,59,74,65,,0,0,0,0,0,0,4343716186.158051,210349456.0,0.0851,0.069,1654380,1516548,0,66.0,,2026-08-19
1464,TJX,Consumer Cyclical,Apparel Retail,NYSE,5016016,150.85,92.23,-11,-6,-11.26,,,,,,,48,59,64,67,,0,0,0,0,0,0,168036593955.31808,1104704446.0,0.0176,0.092,5347880,5577472,0,63.3,,2026-08-19
1465,EMA,Utilities,Utilities - Regulated Electric,NYSE,566523,51.16,92.08,-18,-20,-7.8,,,,,,,48,66,64,64,,0,0,0,0,0,0,15821295984.458923,307150000.0,13.36,0.012,728700,525050,0,64.7,,2026-08-19
1466,ACGL,Financial Services,Insurance - Diversified,NASDAQ,1729796,97.81,92.04,-17,-32,-8.67,,,,,,,48,65,50,56,,0,0,0,0,0,0,33682726715.055405,341229126.0,0.0278,-0.105,1527870,1962478,0,57.0,,2026-08-19
1467,RYAN,Financial Services,Insurance - Specialty,NYSE,2069120,41.68,92.03,16,-4,-30.92,,,,,,,48,32,12,13,,0,0,0,0,0,0,10698174230.631523,255814785.0,0.1254,0.074,1973850,2443346,0,19.0,,2026-08-19
1468,LNT,Utilities,Utilities - Regulated Electric,NASDAQ,2586900,70.35,92.02,-16,-17,-10.73,,,,,,,48,64,63,61,,0,0,0,0,0,0,18305499353.762947,259284699.0,0.120299995,0.01,2831880,2605820,0,62.7,,2026-08-19
1469,NGG,Utilities,Utilities - Regulated Electric,NYSE,745686,81.29,92.02,-11,-9,-14.11,,,,,,,48,59,61,80,,0,0,0,0,0,0,81484437308.96547,1005360077.0,0.0007,0.02,698290,934664,0,66.7,,2026-08-19
1470,CSL,Industrials,Building Products & Equipment,NYSE,513880,360.7,91.99,15,11,-16.68,,,,,,,48,33,29,71,,0,0,0,0,0,0,14695818114.674164,39714133.0,0.0699,0.083,403690,501780,0,44.3,,2026-08-19
1471,IEP,Energy,Oil & Gas Refining & Marketing,NASDAQ,998666,7.11,91.96,-9,-2,-23.71,,,,,,,48,57,64,37,,0,0,0,0,0,0,5274990044.298517,710915093.0,0.10479999,0.257,1702450,929446,0,52.7,,2026-08-19
1472,ALB,Basic Materials,Specialty Chemicals,NYSE,2225950,133.99,91.95,10,66,-39.37,,,,,,,47,37,93,96,,0,0,0,0,0,0,16066387790.30429,118005057.0,0.0007,0.311,2407010,2407596,2,75.3,,2026-08-19
1473,NMZ,Financial Services,Asset Management,NYSE,627016,10.19,91.94,-8,-18,-5.39,,,,,,,47,55,45,52,,0,0,0,0,0,0,2207519068.5,215367714.0,0.001,-0.013,631690,634180,0,50.7,,2026-08-19
1474,AEHL,Industrials,Building Products & Equipment,NASDAQ,7296480,5.11,91.93,42,44,-89.89,,,,,,,47,5,7,3,,0,0,0,0,0,0,5604563.444918156,1134527.0,0.0061000003,-0.386,674030,4504072,0,5.0,,2026-08-19
1475,SONO,Technology,Consumer Electronics,NASDAQ,2041596,15.45,91.91,-14,-16,-22.05,,,,,,,47,61,59,65,,0,0,0,0,0,0,1929374734.3141997,118293979.0,0.1363,0.088,1619180,2098464,0,61.7,,2026-08-19
1476,CLX,Consumer Defensive,Household & Personal Products,NYSE,2624360,105.94,91.86,16,6,-17.81,,,,,,,47,31,21,56,,0,0,0,0,0,0,12782406859.44786,120931005.0,0.1289,-0.02,2905300,2563658,0,36.0,,2026-08-19
1477,SIG,Consumer Cyclical,Luxury Goods,NYSE,639813,86.11,91.85,8,3,-21.86,,,,,,,47,39,34,81,,0,0,0,0,0,0,3562098434.3075027,39329783.0,0.1999,0.008,497990,766616,0,51.3,,2026-08-19
1478,VKTX,Healthcare,Biotechnology,NASDAQ,2023766,33.63,91.84,-11,-30,-22.06,,,,,,,47,58,39,64,,0,0,0,0,0,0,3871710818.8315697,116652937.0,0.2042,,1688450,2383558,0,53.7,,2026-08-19
1479,AVO,Consumer Defensive,Food Distribution,NASDAQ,959870,12.95,91.8,-10,-29,-16.61,,,,,,,47,57,38,73,,0,0,0,0,0,0,1154210787.844694,88377546.0,0.085,-0.235,852820,1366514,0,56.0,,2026-08-19
1480,RQI,Financial Services,Asset Management,NYSE,742286,12.35,91.76,-5,10,-8.99,9.2,48.4,-0.1,-0.7,-0.9,-0.2,47,52,67,65,37.4,0,0,0,0,0,0,1689769225.0,135181538.0,0.0014,-0.052,467550,871566,0,55.3,3.2,2026-08-19
1481,AON,Financial Services,Insurance Brokers,NYSE,1211720,347.22,91.76,-12,-37,-9.19,13.0,55.0,-1.5,-2.9,0.1,3.3,47,59,34,27,30.4,0,0,0,0,0,0,75480590331.85602,212125434.0,0.0234,0.022,811790,1488252,0,37.6,23.2,2026-08-19
1482,MC,Financial Services,Capital Markets,NYSE,919923,66.73,91.73,7,12,-14.68,33.4,65.1,2.2,1.8,1.9,4.1,47,40,45,36,27.5,0,0,0,0,0,0,5067874161.422333,74080893.0,0.0679,0.12,844570,968890,0,37.1,6.5,2026-08-19
1483,RRX,Industrials,Specialty Industrial Machinery,NYSE,1209456,174.52,91.68,-30,-31,-29.57,31.6,37.2,-2.5,-10.5,-17.6,-8.9,47,77,76,90,50.0,0,0,0,0,0,0,11686207105.63005,66591867.0,0.0477,0.042,1679190,1194516,1,73.2,11.0,2026-08-19
1484,HON,Industrials,Conglomerates,NASDAQ,3340146,229.45,91.68,3,8,-11.85,12.4,38.9,-5.3,-7.5,-5.2,-3.3,47,44,49,74,39.1,0,0,0,0,0,0,74151286867.49313,316940010.0,0.026600001,0.043,3226830,4433146,0,51.5,-4.0,2026-08-19
1485,NTES,Communication Services,Electronic Gaming & Multimedia,NASDAQ,875570,124.4,91.67,-8,-27,-22.03,16.5,35.9,0.0,0.4,0.7,0.9,47,55,36,35,33.1,0,0,0,0,0,0,80108106282.01968,640250196.0,0.0073,0.061,792650,937122,0,39.8,16.8,2026-08-19
1486,RRC,Energy,Oil & Gas E&P,NYSE,2898950,39.36,91.65,7,33,-18.53,23.0,50.7,1.4,2.1,5.9,3.3,47,40,66,49,55.3,0,0,0,0,0,0,9421957973.486671,233679515.0,0.1205,0.086,2116540,3106870,0,52.6,-12.0,2026-08-19
1487,APO,Financial Services,Asset Management,NYSE,4055023,134.54,91.61,15,40,-12.23,33.2,63.6,-1.2,2.7,5.0,4.7,47,32,57,26,30.1,0,0,0,0,0,0,83124851816.88954,590543159.0,0.0444,0.638,4177990,4350740,0,36.3,-0.4,2026-08-19
1488,BYD,Consumer Cyclical,Resorts & Casinos,NYSE,943836,82.77,91.61,-6,-19,-9.45,7.6,40.6,-0.3,-3.0,-4.4,-1.8,47,53,40,56,33.0,0,0,0,0,0,0,6112499780.265945,72655414.0,0.0738,0.0,761810,971056,0,45.5,10.7,2026-08-19
1489,NUV,Financial Services,Asset Management,NYSE,500076,9.0,91.57,-8,-6,-2.81,5.2,66.2,-0.1,-0.4,-1.0,-0.9,46,54,56,55,39.3,0,0,0,0,0,0,1903089645.2421808,210054035.0,0.0023,0.062,510200,509932,0,51.1,6.9,2026-08-19
1490,STRC,Technology,Software - Application,NASDAQ,1237776,94.36,91.54,9,35,-6.03,27.8,81.3,0.5,3.5,6.6,-1.4,46,37,63,59,33.9,0,0,0,0,0,0,,,2.2,0.069,1306040,2530216,0,48.2,-5.5,2026-08-19
1491,ASTS,Technology,Communication Equipment,NASDAQ,14333036,71.14,91.52,28,104,-46.85,80.0,30.7,-5.3,1.9,-6.9,-18.7,46,18,94,96,67.3,0,0,0,0,0,0,21279045875.27279,299789305.0,0.1909,26.266,12681480,18328066,2,68.8,-47.8,2026-08-19
1492,AR,Energy,Oil & Gas E&P,NYSE,4519620,36.4,91.51,7,37,-20.44,24.1,47.1,1.1,3.3,5.9,3.1,46,39,69,36,50.1,0,0,0,0,0,0,11488995101.61972,307439000.0,0.0448,0.126,4113580,4712566,0,48.5,-7.9,2026-08-19
1493,ARLO,Industrials,Building Products & Equipment,NYSE,1282893,13.71,91.5,18,28,-31.24,20.8,28.5,-5.4,-5.6,0.2,-1.4,46,28,38,25,17.7,0,0,0,0,0,0,1542098638.1097565,107613304.0,0.1311,0.205,1609320,1269378,0,27.2,4.7,2026-08-19
1494,SUPN,Healthcare,Drug Manufacturers - Specialty & Generic,NASDAQ,960430,48.27,91.45,-10,-2,-19.12,15.6,43.6,1.7,3.4,4.3,-0.5,46,56,64,79,49.5,0,0,0,0,0,0,2807769434.8971977,58168001.0,0.1018,0.324,1490890,909420,0,62.1,-2.2,2026-08-19
1495,OBDC,Financial Services,Asset Management,NYSE,4125423,11.5,91.44,12,13,-20.36,6.1,17.7,-2.1,0.8,2.4,-3.1,46,34,35,30,17.3,0,0,0,0,0,0,5779631040.363273,493142569.0,0.0396,-0.174,5306660,3920860,0,29.1,9.0,2026-08-19
1496,EXC,Utilities,Utilities - Regulated Electric,NASDAQ,8035136,45.57,91.44,-6,-17,-10.03,6.0,34.0,-0.0,-1.3,-2.0,-1.6,46,52,41,59,36.9,0,0,0,0,0,0,47247447555.43712,1030253967.0,0.0373,0.099,6082980,8514424,0,47.2,7.3,2026-08-19
1497,UDR,Real Estate,REIT - Residential,NYSE,3123880,37.24,91.4,-17,-27,-11.33,11.8,51.4,-0.4,-2.0,-3.8,1.7,46,63,53,40,33.5,0,0,0,0,0,0,12188764141.49073,321264222.0,0.0348,-0.001,2562760,3520662,0,47.4,20.3,2026-08-19
1498,AEO,Consumer Cyclical,Apparel Retail,NYSE,4351426,16.35,91.38,-18,-32,-42.55,36.9,28.0,-1.6,-3.5,-3.5,-15.7,46,64,50,92,56.8,0,0,0,0,0,0,2709660807.3948307,167573333.0,0.1372,0.097,4556900,4634404,1,65.7,-0.6,2026-08-19
1499,SLGN,Consumer Cyclical,Packaging & Containers,NYSE,1417386,41.67,91.33,-10,-43,-15.9,13.7,39.1,-0.7,-3.9,-4.3,-1.1,46,56,23,53,23.6,0,0,0,0,0,0,4489372161.22261,105682020.0,0.0933,0.068,861730,1242428,0,38.9,20.1,2026-08-19
1500,MIDD,Industrials,Specialty Industrial Machinery,NASDAQ,628876,114.88,91.33,-21,-38,-22.67,25.1,41.6,-7.3,-12.0,-14.5,-5.8,46,67,50,71,36.5,0,0,0,0,0,0,5332167336.199188,45222349.0,0.0465,0.099,765560,751394,0,56.1,16.2,2026-08-19
1501,INSP,Healthcare,Medical Devices,NYSE,857200,57.22,91.3,31,23,-61.08,54.0,20.8,5.0,10.0,24.1,-9.1,46,15,7,9,12.1,0,0,0,0,0,0,1650782368.3862686,28910375.0,0.1775,-0.076,854910,948860,0,10.8,3.4,2026-08-19
1502,CCL,Consumer Cyclical,Travel Services,NYSE,17926796,27.73,91.3,13,15,-18.51,11.7,27.7,-4.4,-4.3,-4.3,-4.4,46,33,35,74,26.1,0,0,0,0,0,0,38514534375.73528,1369649119.0,0.0296,0.053,15837410,21149578,0,42.0,-4.9,2026-08-19
1503,ALV,Consumer Cyclical,Auto Parts,NYSE,694686,120.76,91.28,4,16,-8.63,21.9,70.0,0.6,0.7,0.7,2.8,46,42,54,63,38.3,0,0,0,0,0,0,8942996612.57045,73237217.0,0.0621,0.033,483870,711964,0,49.3,-3.5,2026-08-19
1504,CELC,Healthcare,Biotechnology,NASDAQ,1479283,92.44,91.28,-51,-49,-38.79,107.1,48.5,2.4,5.1,-0.2,-11.0,46,97,99,99,83.2,0,0,1,1,0,2,4501735536.0,48931908.0,0.31620002,,845430,1426616,3,94.6,6.3,2026-08-19
1505,KBH,Consumer Cyclical,Residential Construction,NYSE,982603,55.44,91.28,7,-12,-19.31,25.2,49.5,0.0,-0.4,-0.0,-1.0,46,39,20,59,25.5,0,0,0,0,0,0,3436478084.1827397,61300000.0,0.206,-0.273,798700,1237696,0,35.9,4.6,2026-08-19
1506,DXYZ,Financial Services,Asset Management,NYSE,1169620,34.0,91.26,19,86,-53.34,60.6,25.0,10.5,25.0,23.4,8.8,45,26,93,33,49.4,0,0,0,0,0,0,974901248.0,30465664.0,0.023699999,,1462410,2411600,1,50.3,-19.8,2026-08-19
1507,NEE,Utilities,Utilities - Regulated Electric,NYSE,10337886,86.22,91.26,-11,-6,-12.69,23.1,57.4,0.4,-1.1,-1.5,-2.2,45,56,61,78,47.8,0,0,0,0,0,0,179758330897.82996,2085605358.0,0.0,0.124,10104110,10996054,0,60.7,-0.8,2026-08-19
1508,SARO,Industrials,Aerospace & Defense,NYSE,3486476,27.39,91.25,10,4,-20.56,8.8,24.1,-5.3,-7.6,-5.5,-5.4,45,35,29,72,29.1,0,0,0,0,0,0,9232651998.664255,330919431.0,0.081199996,0.046,3927850,3798260,0,41.3,-3.9,2026-08-19
1509,BLLN,Healthcare,Diagnostics & Research,NASDAQ,777490,93.91,91.24,-44,-108,-37.58,43.2,32.2,-2.5,-20.0,-19.6,,45,89,25,16,,0,0,0,0,0,0,4403966342.942047,47187038.0,0.074499995,0.644,1092320,788820,0,43.3,,2026-08-19
1510,DEI,Real Estate,REIT - Office,NYSE,1993983,11.6,91.21,-9,-22,-31.72,28.8,34.2,1.5,-0.3,-1.6,5.4,45,54,41,20,17.6,0,0,0,0,0,0,1956227969.6724472,167485267.0,0.2543,0.016,2062460,2099856,0,33.2,26.3,2026-08-19
1511,BULL,Technology,Software - Application,NASDAQ,8753573,8.16,91.19,18,17,-52.22,86.6,36.7,11.1,14.2,19.1,20.1,45,27,26,9,5.0,0,0,0,0,0,0,4275822046.312728,531818665.0,0.060500003,0.363,8784610,10358536,0,16.8,14.7,2026-08-19
1512,TEL,Technology,Electronic Components,NYSE,2464806,217.38,91.19,12,17,-13.93,3.9,14.5,-4.7,-3.5,-1.6,-7.0,45,33,38,79,35.2,0,0,0,0,0,0,62693870267.799805,289940672.0,0.037,0.138,1782900,2492458,0,46.3,-10.8,2026-08-19
1513,SHLS,Technology,Solar,NASDAQ,5546976,8.23,91.14,-41,-46,-37.56,39.2,31.7,-4.9,-8.4,-16.5,-9.2,45,86,81,92,62.7,0,0,0,0,0,0,1422134545.399332,168299950.0,0.1447,0.474,6080070,5712878,1,80.4,11.0,2026-08-19
1514,ARES,Financial Services,Asset Management,NYSE,2149816,141.34,91.14,13,5,-25.84,48.3,52.8,1.0,5.3,12.0,6.9,45,32,24,18,15.1,0,0,0,0,0,0,32479151138.158264,225518332.0,0.1305,0.058,2288230,2315950,0,22.3,12.1,2026-08-19
1515,JBS,Consumer Defensive,Packaged Foods,NYSE,5317040,13.44,91.11,15,19,-27.94,18.3,31.3,1.6,1.6,8.7,-5.1,45,30,34,67,28.0,0,0,0,0,0,0,44899813168.30733,3289363694.0,0.1486,0.138,6470850,6236534,0,39.7,-6.8,2026-08-19
1516,IBN,Financial Services,Banks - Regional,NYSE,6322670,29.4,91.11,5,-14,-11.95,16.8,52.2,-1.3,-1.5,1.5,1.8,45,40,21,37,26.7,0,0,0,0,0,0,106666627604.0236,3586638481.0,0.0108,0.114,4554700,6957726,0,31.2,9.1,2026-08-19
1517,WMS,Industrials,Building Products & Equipment,NYSE,702426,147.98,91.02,-10,-34,-17.47,13.1,36.9,0.5,1.3,1.2,-1.0,45,55,31,79,38.2,0,0,0,0,0,0,11379420437.36261,75405342.0,0.0309,0.206,914520,869106,0,50.8,6.0,2026-08-19
1518,DTE,Utilities,Utilities - Regulated Electric,NYSE,1337886,141.15,91.01,-13,-16,-9.37,9.0,43.1,-0.1,-2.0,-4.8,-1.6,44,57,54,58,33.3,0,0,0,0,0,0,29307122875.91873,208088069.0,0.0294,-0.015,1411570,1368540,0,50.6,11.9,2026-08-19
1519,BAM,Financial Services,Asset Management,NYSE,2551343,52.57,90.99,9,4,-15.98,22.8,52.6,-1.6,3.2,8.8,6.8,44,35,30,28,21.7,0,0,0,0,0,0,86746738381.72131,1597251633.0,0.0517,0.608,3264970,2669284,0,28.7,8.5,2026-08-19
1520,WY,Real Estate,REIT - Specialty,NYSE,5221353,24.08,90.97,6,5,-13.23,15.3,56.9,-0.6,-0.3,1.0,1.8,44,38,37,47,28.8,0,0,0,0,0,0,17701275775.08545,720736000.0,0.041500002,-0.009,5424860,5589598,0,37.7,2.9,2026-08-19
1521,DUK,Utilities,Utilities - Regulated Electric,NYSE,4209350,123.58,90.96,-9,-11,-8.11,8.4,49.3,-0.0,-1.4,-1.5,-0.7,44,53,51,57,34.3,0,0,0,0,0,0,96620694328.88264,779702193.0,0.0234,0.011,5447880,4124304,0,48.8,8.8,2026-08-19
1522,EDU,Consumer Defensive,Education & Training Services,NYSE,879060,53.2,90.95,12,16,-18.12,28.0,65.2,3.5,4.8,14.1,5.8,44,32,36,73,55.1,0,0,0,0,0,0,8759055620.449516,166712133.0,0.033800002,0.23,761640,706508,0,49.0,-20.2,2026-08-19
1523,MMYT,Consumer Cyclical,Travel Services,NASDAQ,806116,59.7,90.92,20,5,-42.83,68.7,37.3,1.3,5.4,14.2,4.6,44,24,9,13,8.7,0,0,0,0,0,0,5683024185.813446,94058662.0,0.1167,0.062,645820,1024506,0,13.7,11.3,2026-08-19
1524,BA,Industrials,Aerospace & Defense,NYSE,5471533,225.95,90.86,10,29,-11.17,24.1,59.0,-3.3,-1.5,0.2,1.3,44,34,53,72,31.0,0,0,0,0,0,0,183105021086.18927,790370020.0,0.0001,0.08,4620840,5662282,0,47.5,-8.0,2026-08-19
1525,WEC,Utilities,Utilities - Regulated Electric,NYSE,2245786,110.49,90.85,-5,-6,-7.86,5.7,38.1,0.4,-0.8,-3.2,-2.4,44,49,48,58,36.0,0,0,0,0,0,0,36012872715.30526,325849383.0,0.0498,0.026,2824830,2250318,0,47.8,4.8,2026-08-19
1526,LSPD,Technology,Software - Application,NYSE,801340,10.23,90.82,6,-8,-25.41,24.4,40.2,-0.6,0.6,2.5,1.6,43,37,23,21,21.4,0,0,0,0,0,0,1379626656.504776,129299592.0,0.0435,0.058,690370,1089924,0,25.6,12.4,2026-08-19
1527,WAL,Financial Services,Banks - Regional,NYSE,970310,81.72,90.82,-10,-28,-15.95,20.5,46.6,-1.3,-1.9,-1.4,-1.2,43,53,35,61,31.1,0,0,0,0,0,0,8981183091.185059,109100864.0,0.0001,0.136,861940,1011884,0,45.0,11.1,2026-08-19
1528,ALMU,Technology,Semiconductors,NASDAQ,501736,17.78,90.82,19,81,-44.07,43.9,22.7,-11.4,-6.9,-17.8,-13.3,43,24,86,90,19.3,0,0,0,0,0,0,337184272.0965862,18305335.0,0.2869,-0.026,442500,616788,1,54.8,-17.0,2026-08-19
1529,TFPM,Basic Materials,Other Precious Metals & Mining,NYSE,521620,31.64,90.82,15,51,-24.12,31.6,47.7,2.6,7.2,10.6,-0.6,43,28,64,91,58.8,0,0,0,0,0,0,6482915244.118944,206003031.0,3.12,0.373,593860,653246,1,60.4,-31.6,2026-08-19
1530,PVH,Consumer Cyclical,Apparel Manufacturing,NYSE,887033,78.18,90.82,5,34,-22.4,29.8,47.8,-4.6,-5.6,-1.1,3.0,43,38,67,27,37.3,0,0,0,0,0,0,3802534403.524292,46108092.0,0.1457,0.021,950910,986564,0,42.3,-0.3,2026-08-19
1531,JEF,Financial Services,Capital Markets,NYSE,1852710,54.56,90.8,-18,-40,-23.2,48.7,51.0,-2.8,-3.4,-3.9,-0.1,43,61,39,29,22.1,0,0,0,0,0,0,12712652082.22206,230552271.0,0.0309,0.35,1973080,2240216,0,37.8,28.0,2026-08-19
1532,WM,Industrials,Waste Management,NYSE,1877856,224.02,90.8,-19,-41,-9.72,14.4,56.9,-0.3,-1.6,-0.9,0.6,43,62,40,48,34.3,0,0,0,0,0,0,89756045787.03394,399715184.0,0.0155,0.04,1956920,2104138,0,46.1,18.8,2026-08-19
1533,CTVA,Basic Materials,Agricultural Inputs,NYSE,4203070,76.01,90.76,-33,-43,-16.44,28.8,59.5,2.5,-2.6,-3.2,3.5,43,76,66,66,44.4,0,0,0,0,0,0,51160589483.61206,667196000.0,0.030199999,-0.012,4884420,4410214,0,63.1,18.8,2026-08-19
1534,AWI,Industrials,Building Products & Equipment,NYSE,527033,179.17,90.74,17,17,-13.06,17.6,51.5,-2.0,1.1,8.5,1.7,43,26,26,47,27.4,0,0,0,0,0,0,7700286768.224091,42262826.0,0.051599998,0.112,371660,486926,0,31.6,-4.9,2026-08-19
1535,JPC,Financial Services,Asset Management,NYSE,877500,7.66,90.74,-9,-11,-7.71,4.7,32.7,-1.4,-1.6,-2.4,-4.8,43,52,50,58,29.0,0,0,0,0,0,0,2877987252.94751,375226496.0,0.0064999997,,1005540,890364,0,47.3,10.5,2026-08-19
1536,ACP,Financial Services,Asset Management,NYSE,506600,5.14,90.73,-11,-11,-14.19,3.6,18.7,1.2,1.8,0.2,-3.1,43,54,54,56,24.0,0,0,0,0,0,0,644919268.1678572,125470678.0,0.0,-0.069,432060,472672,0,47.0,14.6,2026-08-19
1537,ROAD,Industrials,Engineering & Construction,NASDAQ,1179930,120.46,90.72,12,18,-20.23,23.6,47.1,-1.2,4.3,4.1,0.5,43,31,37,82,34.4,0,0,0,0,0,0,6898637883.454208,56755555.0,0.0964,0.282,909070,996414,0,46.1,-12.5,2026-08-19
1538,NXT,Technology,Solar,NASDAQ,2883483,99.09,90.69,-26,-5,-39.26,43.8,30.4,-8.0,-6.6,-14.5,-15.8,43,69,90,93,65.9,0,0,0,0,0,0,15395994579.6167,151729520.0,0.0757,0.082,2472810,3242180,2,79.5,-5.3,2026-08-19
1539,TKO,Communication Services,Entertainment,NYSE,1128893,195.14,90.67,1,14,-14.01,14.3,52.0,3.8,6.8,3.8,2.3,43,42,55,74,40.7,0,0,0,0,0,0,14715801716.193054,73111098.0,0.12109999,0.182,1236230,1372774,0,52.9,-7.1,2026-08-19
1540,TIC,Industrials,Specialty Business Services,NYSE,2330516,9.61,90.63,27,40,-35.69,40.7,33.5,-5.9,7.1,11.9,0.8,42,15,28,29,31.0,0,0,0,0,0,0,2149470589.8444595,218220356.0,0.1082,0.861,3020390,2125856,0,25.8,-12.1,2026-08-19
1541,AESI,Energy,Oil & Gas Equipment & Services,NYSE,3400286,12.82,90.63,-29,-7,-36.31,60.9,42.3,8.1,12.4,-6.9,1.2,42,71,93,37,49.6,0,0,0,0,0,0,1555074496.9761505,124905584.0,0.2581,0.016,3716600,3156934,1,62.6,15.3,2026-08-19
1542,BOOT,Consumer Cyclical,Apparel Retail,NYSE,700196,164.13,90.62,12,3,-21.94,25.2,46.7,3.2,6.1,3.9,-2.5,42,30,21,73,35.1,0,0,0,0,0,0,4946120943.892822,30284844.0,0.0907,0.177,671650,703030,0,39.8,-10.3,2026-08-19
1543,MAA,Real Estate,REIT - Residential,NYSE,1059360,131.12,90.61,-5,-15,-10.44,9.0,43.2,-0.8,-1.4,-3.0,-0.5,42,47,37,33,29.5,0,0,0,0,0,0,15487771677.257645,116021957.0,0.039,0.01,833810,1067112,0,36.6,12.6,2026-08-19
1544,HGV,Consumer Cyclical,Resorts & Casinos,NYSE,1119666,44.92,90.56,-16,-16,-18.92,22.5,47.1,1.4,-2.6,-8.1,-1.2,42,58,58,70,37.2,0,0,0,0,0,0,3569870003.5695267,77724145.0,0.118999995,0.062,1122370,1259644,0,55.8,8.0,2026-08-19
1545,NRDS,Communication Services,Internet Content & Information,NASDAQ,677600,9.6,90.54,16,7,-40.89,33.5,30.4,3.8,7.0,11.1,-7.9,42,26,17,23,32.3,0,0,0,0,0,0,629004041.9139023,63923174.0,0.143,0.056,927670,725454,0,24.6,-1.6,2026-08-19
1546,HIG,Financial Services,Insurance - Diversified,NYSE,1586333,136.71,90.48,-20,-34,-6.41,12.4,65.1,-1.4,-2.5,0.6,1.5,42,62,48,59,40.0,0,0,0,0,0,0,37835536947.61322,274130820.0,0.0001,0.081,1306560,1669780,0,52.2,13.0,2026-08-19
1547,BIRK,Consumer Cyclical,Footwear & Accessories,NYSE,2134206,37.86,90.48,-15,-56,-29.27,15.8,22.2,-5.2,-7.9,-15.2,-10.7,42,57,16,23,13.1,0,0,0,0,0,0,6999885327.514732,177887817.0,0.1313,0.133,3716600,2223220,0,27.3,32.8,2026-08-19
1548,SO,Utilities,Utilities - Regulated Electric,NYSE,5012176,92.29,90.45,-10,-9,-8.48,9.6,51.9,-0.2,-1.7,-2.4,-0.4,42,52,53,56,32.9,0,0,0,0,0,0,106753686755.42915,1150362966.0,0.031600002,0.001,5353170,5844748,0,48.5,8.6,2026-08-19
1549,ARCO,Consumer Cyclical,Restaurants,NYSE,1231593,7.86,90.4,-13,6,-19.38,17.2,39.9,-2.6,-4.4,-5.7,-4.2,41,54,73,71,40.7,0,0,0,0,0,0,1666344748.7253685,210663057.0,0.028499998,0.143,1203790,1293006,0,59.7,1.4,2026-08-19
1550,PPL,Utilities,Utilities - Regulated Electric,NYSE,7543946,35.95,90.37,3,6,-10.37,6.7,34.0,0.1,-0.2,-1.0,-2.5,41,38,41,57,31.1,0,0,0,0,0,0,27099660383.638664,752350362.0,0.0594,0.042,8150990,9025234,0,41.8,-0.6,2026-08-19
1551,ALH,Consumer Cyclical,"Furnishings, Fixtures & Appliances",NYSE,564806,24.79,90.36,-13,-29,-12.19,25.6,54.5,-7.2,-8.4,-7.8,0.5,41,54,38,34,,0,0,0,0,0,0,5062648738.636093,198769096.0,0.0979,0.066,619660,640264,0,42.0,,2026-08-19
1552,ADC,Real Estate,REIT - Retail,NYSE,1211533,74.54,90.3,-22,-35,-9.19,5.9,35.6,-0.4,-3.2,-2.7,-1.4,41,63,50,59,38.3,0,0,0,0,0,0,9296109363.697128,124379310.0,0.0001,0.168,1345410,1216618,0,52.6,14.4,2026-08-19
1553,DLB,Industrials,Specialty Business Services,NYSE,915086,61.35,90.24,20,20,-18.91,29.3,52.3,1.5,7.6,15.6,3.3,41,21,21,28,23.5,0,0,0,0,0,0,5843996062.879105,93668795.0,0.1426,-0.033,822780,931084,0,23.4,-2.6,2026-08-19
1554,MKTX,Financial Services,Capital Markets,NASDAQ,1179370,162.56,90.21,26,28,-17.05,48.3,62.3,-0.5,8.3,24.9,2.5,41,15,17,41,22.5,0,0,0,0,0,0,5721308547.630432,35192891.0,0.056500003,-0.005,1085280,1044104,0,23.9,-9.2,2026-08-19
1555,PDO,Financial Services,Asset Management,NYSE,566793,12.72,90.18,-11,-20,-10.74,2.2,15.2,-1.7,-1.9,-2.5,-5.5,40,51,42,58,28.4,0,0,0,0,0,0,1822390358.124607,142485564.0,0.77,,671260,593212,0,44.9,10.8,2026-08-19
1556,LXU,Basic Materials,Chemicals,NYSE,839623,10.5,90.17,-23,3,-39.02,35.2,29.3,3.3,-1.4,-5.3,-8.6,40,63,89,74,65.4,0,0,0,0,0,0,736534432.9621582,71997504.0,0.055,0.111,953810,836156,0,72.9,-6.0,2026-08-19
1557,RMBS,Technology,Semiconductors,NASDAQ,2627906,100.61,90.17,-5,42,-42.21,30.4,21.0,-7.1,-5.1,-18.0,-16.5,40,45,92,84,53.7,0,0,0,0,0,0,10938352497.050728,108461603.0,0.0511,0.204,1948630,3139484,1,68.7,-16.9,2026-08-19
1558,CGBD,Financial Services,Asset Management,NASDAQ,626106,11.26,90.15,9,12,-19.77,13.4,33.5,1.5,6.1,6.2,-1.7,40,31,34,26,20.7,0,0,0,0,0,0,780932020.5968647,68804581.0,0.0623,-0.077,626330,585276,0,27.9,5.8,2026-08-19
1559,UGI,Utilities,Utilities - Regulated Gas,NYSE,1368116,35.09,90.14,-16,-31,-15.12,21.4,76.6,8.5,6.9,8.7,5.9,40,56,41,54,42.5,0,0,0,0,0,0,7586686753.684658,214494967.0,0.0765,-0.045,1648390,1438704,0,48.4,8.6,2026-08-19
1560,NOMD,Consumer Defensive,Packaged Foods,NYSE,1514673,11.38,90.14,-10,-42,-28.47,31.4,43.1,2.3,0.8,6.5,6.7,40,50,18,28,16.4,0,0,0,0,0,0,1639750348.3786812,139791169.0,0.026199998,-0.031,1714360,1425126,0,28.1,24.4,2026-08-19
1561,CNP,Utilities,Utilities - Regulated Electric,NYSE,6332080,40.63,90.13,-21,-24,-10.23,8.3,39.9,-0.2,-3.0,-5.5,-2.4,40,61,58,66,40.5,0,0,0,0,0,0,26895550565.19287,658720288.0,0.090299994,0.107,6314830,6512088,0,56.4,9.6,2026-08-19
1562,BBAR,Financial Services,Banks - Regional,NYSE,529973,15.26,90.13,-47,-105,-32.09,81.9,46.8,-9.5,-17.1,-23.1,-14.5,40,87,29,58,27.3,0,0,0,0,0,0,3132990901.784046,204236693.0,0.0291,0.008,605810,613754,0,50.3,41.5,2026-08-19
1563,AMX,Communication Services,Telecom Services,NYSE,2093240,23.68,90.09,-36,-33,-16.8,24.9,52.8,-0.1,-3.7,-7.5,-2.3,40,76,79,82,57.5,0,0,0,0,0,0,70341794788.55133,2999650000.0,0.0036000002,0.031,2743910,1737548,0,73.6,7.8,2026-08-19
1564,CX,Basic Materials,Building Materials,NYSE,6827370,11.11,90.04,-36,-31,-18.73,25.4,42.8,-3.9,-7.5,-11.8,-9.8,40,76,81,88,56.3,0,0,0,0,0,0,15959054735.666946,1442952453.0,1.85,0.122,8002160,5953500,0,75.3,7.0,2026-08-19
1565,XRAY,Healthcare,Medical Instruments & Supplies,NASDAQ,5058330,11.19,89.96,-14,-48,-24.7,14.4,27.6,-5.3,-12.5,-6.2,-6.1,39,53,19,43,18.0,0,0,0,0,0,0,2310511453.2589874,199353876.0,0.1321,-0.041,4921410,5444416,0,33.3,22.9,2026-08-19
1566,RARE,Healthcare,Biotechnology,NASDAQ,1923936,26.13,89.93,-26,-68,-34.49,41.8,42.9,-0.3,-0.1,-6.1,-1.4,39,65,23,14,26.9,0,0,0,0,0,0,2611619223.2047977,98588873.0,0.157,0.281,2001520,2378348,0,32.2,33.4,2026-08-19
1567,YUMC,Consumer Cyclical,Restaurants,NYSE,1631776,47.14,89.9,3,2,-19.27,18.4,41.6,-0.0,2.0,7.7,-0.3,39,36,35,72,39.7,0,0,0,0,0,0,16272167828.403477,341924097.0,0.015,0.126,1354130,1712070,0,45.7,-8.9,2026-08-19
1568,ENB,Energy,Oil & Gas Midstream,NYSE,4592150,50.58,89.82,-34,-32,-13.46,11.1,39.2,-1.8,-5.2,-7.7,-3.3,39,73,75,67,42.9,0,0,0,0,0,0,111191792929.925,2184085509.0,0.0143,0.971,7189570,4276102,0,64.5,16.1,2026-08-19
1569,BXSL,Financial Services,Asset Management,NYSE,1669223,24.21,89.8,2,-1,-20.26,6.9,22.3,0.4,2.9,3.5,-1.3,39,37,34,25,19.5,0,0,0,0,0,0,5749701225.936821,232970063.0,0.0525,-0.071,1772400,1717398,0,28.9,11.4,2026-08-19
1570,MH,Consumer Defensive,Education & Training Services,NYSE,667200,12.77,89.79,23,29,-29.06,44.3,45.8,6.8,14.4,21.3,-0.4,39,16,22,22,28.5,0,0,0,0,0,0,2506145536.378521,191308814.0,0.081999995,0.026,768080,869236,0,22.1,-8.0,2026-08-19
1571,BLKB,Technology,Software - Application,NASDAQ,680463,43.39,89.75,24,16,-38.64,73.9,45.0,1.7,10.1,35.4,2.2,39,15,7,20,13.7,0,0,0,0,0,0,2053901889.25,45390097.0,0.1433,0.03,543000,828096,0,13.9,0.5,2026-08-19
1572,OGS,Utilities,Utilities - Regulated Gas,NYSE,527463,79.98,89.71,-4,12,-11.9,10.0,44.4,1.3,2.0,3.6,-0.5,39,43,59,64,41.6,0,0,0,0,0,0,5090100955.604324,62856270.0,0.0713,-0.029,528190,633098,0,51.9,-5.1,2026-08-19
1573,SAP,Technology,Software - Application,NYSE,3228696,207.84,89.69,19,19,-26.13,47.3,51.6,3.7,12.5,25.0,8.3,38,19,19,19,16.5,0,0,0,0,0,0,240039855537.9807,1154204232.0,0.0074,0.094,2648000,2973336,0,18.4,1.3,2026-08-19
1574,DSL,Financial Services,Asset Management,NYSE,541603,10.78,89.69,-3,-5,-14.92,0.9,4.2,-1.2,-0.9,-1.8,-4.4,38,41,39,48,24.0,0,0,0,0,0,0,1241950687.2821617,114571095.0,0.0011,,461370,510660,0,38.0,7.3,2026-08-19
1575,OWL,Financial Services,Asset Management,NYSE,19217833,11.66,89.67,19,17,-39.74,43.0,32.6,-1.4,6.1,17.7,1.1,38,19,17,14,7.7,0,0,0,0,0,0,19052107381.382538,1559092223.0,0.19219999,0.071,22287190,21266270,0,14.4,6.8,2026-08-19
1576,HLN,Healthcare,Drug Manufacturers - Specialty & Generic,NYSE,9301406,9.58,89.63,-20,-48,-15.07,13.4,45.5,0.3,-0.2,2.5,0.5,38,58,30,61,37.3,0,0,0,0,0,0,42717473276.72974,4403863311.0,0.0041,0.022,6445130,9924578,0,46.6,12.5,2026-08-19
1577,SWKS,Technology,Semiconductors,NASDAQ,5461256,67.73,89.63,1,35,-25.49,30.4,51.7,-0.4,3.9,3.1,6.7,38,37,71,30,27.1,0,0,0,0,0,0,10475915496.12584,150472782.0,0.3298,-0.031,4406570,5578536,0,41.3,2.9,2026-08-19
1578,RYN,Real Estate,REIT - Specialty,NYSE,2577500,21.41,89.54,-1,-8,-21.69,10.1,25.9,-0.1,-0.7,-0.1,-0.5,38,39,32,34,19.7,0,0,0,0,0,0,6487117508.329231,300747223.0,0.0397,2.721,3321830,2617872,0,31.2,11.4,2026-08-19
1579,PDYN,Technology,Software - Infrastructure,NASDAQ,1102540,6.47,89.49,24,39,-39.69,50.1,33.8,-0.5,7.6,6.9,-0.6,38,14,29,67,21.1,0,0,0,0,0,0,326127557.6874018,49338510.0,0.1983,4.698,1073350,1669232,0,32.8,-15.7,2026-08-19
1580,ORA,Utilities,Utilities - Renewable,NYSE,844423,113.91,89.45,-1,43,-22.19,22.2,36.6,-1.3,4.8,-2.2,-4.8,38,39,83,81,53.7,0,0,0,0,0,0,7057389080.531639,61496941.0,0.0921,0.106,889740,895440,0,64.2,-20.1,2026-08-19
1581,RCI,Communication Services,Telecom Services,NYSE,1423156,36.09,89.44,-14,-7,-12.28,16.2,53.4,2.6,5.2,4.2,-0.6,38,52,59,73,40.2,0,0,0,0,0,0,19685808388.43348,540225278.0,8.76,0.077,1154370,1307420,0,56.1,1.0,2026-08-19
1582,GGG,Industrials,Specialty Industrial Machinery,NYSE,1407666,81.55,89.44,9,8,-14.78,13.1,44.1,0.2,1.4,6.7,0.3,38,29,28,62,32.4,0,0,0,0,0,0,13270496733.955078,161953824.0,0.0543,0.033,1273440,1406956,0,37.9,-8.2,2026-08-19
1583,KKR,Financial Services,Asset Management,NYSE,4612696,108.83,89.43,13,12,-28.45,31.7,40.6,1.6,4.7,11.0,3.6,38,25,24,20,15.1,0,0,0,0,0,0,102339436787.56651,897635601.0,0.020599999,0.078,6145860,4674850,0,21.0,6.0,2026-08-19
1584,GNTX,Consumer Cyclical,Auto Parts,NASDAQ,2458806,23.81,89.43,-13,-25,-18.96,14.2,35.2,-0.5,-0.3,-3.2,0.8,38,51,39,45,22.0,0,0,0,0,0,0,5029011287.782488,210683331.0,0.0727,-0.01,2062030,2629644,0,39.3,16.9,2026-08-19
1585,PCRX,Healthcare,Drug Manufacturers - Specialty & Generic,NASDAQ,654313,23.24,89.41,-30,-63,-15.98,27.1,61.5,1.1,-3.6,-1.9,3.0,38,68,35,34,32.9,0,0,0,0,0,0,916823378.0,39861886.0,0.2604,0.062,865130,585418,0,42.5,27.7,2026-08-19
1586,CRF,Financial Services,Asset Management,NYSE ARCA,1372203,6.66,89.4,-16,-8,-19.27,1.2,4.8,-5.6,-6.0,-6.8,-11.0,38,54,62,56,21.9,0,0,0,0,0,0,1141886339.41257,162199765.0,0.1001,12.282,1790690,1288932,0,48.5,14.8,2026-08-19
1587,SBGI,Communication Services,Broadcasting,NASDAQ,551130,14.25,89.4,-1,-5,-20.3,14.5,43.3,2.3,3.9,3.5,-0.4,38,39,35,36,41.1,0,0,0,0,0,0,1073200021.4348602,72318060.0,0.32009998,0.071,679820,567460,0,37.8,-0.0,2026-08-19
1588,RILY,Financial Services,Financial Conglomerates,NASDAQ,560250,7.11,89.38,-17,22,-36.74,94.4,50.4,-1.0,0.9,-6.0,1.6,38,55,94,92,54.1,0,0,0,0,0,0,299488167.0825052,40199755.0,0.1726,0.104,645020,761518,2,73.8,-10.9,2026-08-19
1589,LEG,Consumer Cyclical,"Furnishings, Fixtures & Appliances",NYSE,1944293,9.56,89.36,-5,-7,-26.46,14.0,27.0,1.3,-3.6,-8.8,-9.8,38,43,41,76,37.9,0,0,0,0,0,0,1319449670.8581734,136588995.0,0.19540001,-0.055,1685620,2362716,0,49.5,-3.9,2026-08-19
1590,DHI,Consumer Cyclical,Residential Construction,NYSE,2469473,148.34,89.36,-2,-5,-19.62,14.6,37.5,2.3,2.7,-0.0,1.3,38,40,37,69,27.7,0,0,0,0,0,0,41622344859.40558,279701267.0,0.0495,0.0,2013300,2397334,0,43.4,0.6,2026-08-19
1591,FER,Industrials,Engineering & Construction,NASDAQ,1488986,63.92,89.33,-7,11,-14.53,20.5,53.0,-0.5,0.1,-2.0,-3.5,37,44,62,81,53.0,0,0,0,0,0,0,46228246720.27042,720852155.0,0.0073,0.052,1226730,1639410,0,60.0,-13.7,2026-08-19
1592,CAE,Industrials,Aerospace & Defense,NASDAQ,633880,27.14,89.31,8,18,-20.74,12.2,25.9,-2.8,-1.3,1.1,-6.2,37,29,39,63,28.3,0,0,0,0,0,0,8426009038.800545,321849081.0,8.82,0.068,754130,662562,0,39.8,-7.5,2026-08-19
1593,CNX,Energy,Oil & Gas E&P,NYSE,1613426,35.34,89.3,3,25,-18.98,26.8,52.7,0.7,1.8,5.4,-3.1,37,34,56,66,59.9,0,0,0,0,0,0,5284546894.23526,147943637.0,0.1429,-0.181,1340130,1816878,0,54.0,-21.5,2026-08-19
1594,SRPT,Healthcare,Biotechnology,NASDAQ,3030816,18.18,89.29,9,3,-28.2,32.8,50.8,9.7,17.2,15.0,3.5,37,28,22,20,29.4,0,0,0,0,0,0,1911849120.3935108,105627021.0,0.31280002,-0.343,2816970,3384144,0,24.8,1.5,2026-08-19
1595,FIGR,Financial Services,Capital Markets,NASDAQ,3487063,35.76,89.24,16,66,-54.15,47.9,24.4,16.6,25.3,24.4,-0.3,37,21,71,30,,0,0,0,0,0,0,7028667930.056236,223629267.0,0.075100005,1.208,4824760,4059258,0,40.7,,2026-08-19
1596,LINC,Consumer Defensive,Education & Training Services,NASDAQ,906490,28.72,89.23,-53,-48,-49.02,47.8,22.4,-16.3,-28.4,-40.5,-25.4,37,90,95,92,64.1,0,0,0,0,0,0,949741098.2010976,31721479.0,0.1075,0.224,1551100,755262,3,85.3,12.1,2026-08-19
1597,TXT,Industrials,Aerospace & Defense,NYSE,1626423,87.65,89.22,-14,-9,-13.7,8.8,32.6,-2.1,-3.0,-4.2,-4.1,37,51,56,77,44.3,0,0,0,0,0,0,15306835613.0,171986917.0,0.045500003,0.03,1329260,1645158,0,57.1,-2.4,2026-08-19
1598,STAG,Real Estate,REIT - Industrial,NYSE,1730950,36.8,89.2,-30,-42,-13.64,6.1,27.0,-1.0,-4.6,-5.5,-4.7,37,67,55,55,38.9,0,0,0,0,0,0,7085520319.5,192803274.0,0.0507,0.081,1318470,1629816,0,54.0,17.6,2026-08-19
1599,WCN,Industrials,Waste Management,NYSE,1289953,165.01,89.18,-14,-34,-12.58,13.2,52.7,1.4,0.8,2.3,1.9,37,51,31,29,27.1,0,0,0,0,0,0,41833447895.75751,251569244.0,0.0146,0.064,1135880,1524844,0,34.5,18.4,2026-08-19
1600,TXNM,Utilities,Utilities - Regulated Electric,NYSE,864600,57.58,89.17,-9,2,-3.28,2.1,39.0,0.3,-0.1,0.3,-1.4,37,46,57,54,35.9,0,0,0,0,0,0,5914846928.635887,103046111.0,0.0643,0.092,742730,1475928,0,48.2,2.3,2026-08-19
1601,CARR,Industrials,Building Products & Equipment,NYSE,6542060,62.56,89.17,-30,-58,-18.5,21.5,42.3,-2.8,-4.2,-9.6,-0.1,37,67,39,54,28.0,0,0,0,0,0,0,52143837942.04788,830580423.0,0.026600001,0.039,5114330,6312622,0,47.0,24.9,2026-08-19
1602,EQX,Basic Materials,Gold,NYSE ARCA,14246873,11.79,89.17,16,70,-37.82,67.7,45.6,9.3,20.9,25.5,-4.1,37,21,75,96,77.2,0,0,0,0,0,0,13542534380.55058,1167459822.0,3.53,1.693,18029090,14612138,1,67.3,-48.5,2026-08-19
1603,ARVN,Healthcare,Biotechnology,NASDAQ,804440,9.2,89.13,14,25,-36.6,38.7,39.4,7.1,11.9,17.9,-8.9,37,23,34,79,66.1,0,0,0,0,0,0,578755163.2890186,64521198.0,0.0712,10.147,1230010,817404,0,50.5,-33.9,2026-08-19
1604,COLM,Consumer Cyclical,Apparel Manufacturing,NASDAQ,633180,57.09,89.1,-23,-29,-17.33,23.2,60.3,4.9,1.5,-3.2,3.0,37,60,54,45,48.0,0,0,0,0,0,0,2939513105.742462,51193194.0,0.1361,0.015,719380,592258,0,51.8,9.6,2026-08-19
1605,VNDA,Healthcare,Biotechnology,NASDAQ,984430,5.26,89.09,8,55,-47.08,28.9,23.9,7.6,7.4,-1.2,-14.5,37,29,76,93,55.8,0,0,0,0,0,0,315615213.4544234,60462687.0,0.1288,-0.039,1274190,956386,1,63.4,-30.9,2026-08-19
1606,AXS,Financial Services,Insurance - Specialty,NYSE,743546,99.88,89.08,-36,-67,-16.76,11.7,33.2,-2.5,-6.5,-8.0,-4.2,37,73,42,51,39.1,0,0,0,0,0,0,7460791258.214539,73723236.0,0.0274,0.074,609030,744484,0,51.3,24.4,2026-08-19
1607,LADR,Real Estate,REIT - Mortgage,NYSE,1204373,9.88,89.08,-4,-5,-17.11,6.5,26.6,2.4,3.2,1.5,-2.7,37,41,40,40,25.9,0,0,0,0,0,0,1266115665.865673,126865303.0,0.0466,0.022,1189720,1142132,0,36.7,7.9,2026-08-19
1608,FND,Consumer Cyclical,Home Improvement Retail,NYSE,2436960,56.62,89.04,7,-12,-38.73,32.0,29.7,-2.6,-0.8,2.7,-2.0,37,30,11,34,11.4,0,0,0,0,0,0,6237117217.551842,106489965.0,0.1381,0.03,2349040,2613104,0,21.6,10.4,2026-08-19
1609,CBOE,Financial Services,Financial Data & Stock Exchanges,BATS,1029146,295.0,89.03,-18,11,-20.52,21.3,36.4,-2.9,-3.7,1.6,-0.6,37,55,84,74,48.5,0,0,0,0,0,0,30926203496.41125,104431019.0,0.0298,0.229,747270,1373768,0,65.4,-3.4,2026-08-19
1610,VSNT,Communication Services,Entertainment,NASDAQ,1814360,39.23,89.03,5,41,-33.51,43.2,59.1,2.0,5.2,4.6,,37,32,68,13,,0,0,0,0,0,0,5518093805.056686,139170078.0,0.038900003,-0.037,2155160,1973044,0,37.7,,2026-08-19
1611,TLN,Utilities,Utilities - Independent Power Producers,NASDAQ,692500,356.92,89.0,-19,-41,-20.91,6.4,13.6,-7.1,-6.3,-12.5,-11.1,37,56,34,75,22.5,0,0,0,0,0,0,17380417841.747314,47914259.0,0.053200003,1.112,763040,830224,0,46.9,15.2,2026-08-19
1612,UA,Consumer Cyclical,Apparel Manufacturing,NYSE,2715224,5.19,88.98,-41,-93,-34.36,29.5,29.8,-4.9,-15.4,-17.1,-10.5,37,78,26,87,36.6,0,0,0,0,0,0,2255114090.25,429545541.0,10.0,-0.032,3423732,3181205,0,56.9,24.1,2026-08-19
1613,SMG,Basic Materials,Agricultural Inputs,NYSE,1027310,59.2,88.95,-30,-62,-21.42,16.7,41.5,-0.4,-6.1,-5.9,-1.5,37,67,35,76,31.3,0,0,0,0,0,0,3547943417.606621,58220274.0,0.1094,0.011,951310,948952,0,52.3,19.2,2026-08-19
1614,BCO,Industrials,Security & Protection Services,NYSE,551776,111.28,88.94,-25,-49,-18.4,18.5,39.2,-2.7,-5.4,1.7,-3.1,37,62,38,78,33.1,0,0,0,0,0,0,4705755931.318024,41181028.0,0.1778,0.071,495580,535344,0,52.8,13.7,2026-08-19
1615,CRC,Energy,Oil & Gas E&P,NYSE,771333,53.53,88.93,-12,18,-25.63,23.5,38.5,1.0,2.4,0.9,-2.7,37,49,79,78,46.4,0,0,0,0,0,0,4734988617.805561,88819893.0,0.0543,0.33,857880,819426,0,63.1,-7.5,2026-08-19
1616,DEC,Energy,Oil & Gas Integrated,NYSE,860713,14.39,88.91,-6,26,-23.86,15.9,33.8,1.2,5.5,6.3,0.1,36,42,74,32,29.9,0,0,0,0,0,0,989348573.395836,69088589.0,0.070300005,0.247,889140,1054866,0,44.5,4.9,2026-08-19
1617,JKHY,Technology,Information Technology Services,NASDAQ,1042043,149.87,88.84,0,-11,-22.5,32.1,57.3,5.3,5.4,13.3,2.3,36,36,25,30,34.6,0,0,0,0,0,0,10892794908.336182,71050780.0,0.0731,0.087,858890,1320594,0,31.4,3.0,2026-08-19
1618,WRB,Financial Services,Insurance - Property & Casualty,NYSE,1898890,69.75,88.82,-25,-51,-11.66,9.6,40.7,-1.2,-3.5,-1.7,-0.0,36,61,35,44,32.2,0,0,0,0,0,0,26175253862.81756,371227529.0,0.0002,0.012,1608280,1977854,0,43.1,20.4,2026-08-19
1619,IT,Technology,Information Technology Services,NYSE,1506433,179.19,88.81,20,22,-32.6,53.4,48.5,4.3,13.1,26.8,6.2,36,16,18,8,17.8,0,0,0,0,0,0,11435647832.581545,63148976.0,0.2164,-0.006,1849810,1499680,0,15.0,0.5,2026-08-19
1620,TRN,Industrials,Railroads,NYSE,749690,29.87,88.81,-47,-57,-22.03,19.0,35.8,0.3,-7.8,-12.9,-5.5,36,83,73,81,41.7,0,0,0,0,0,0,2357420102.896599,79669486.0,0.0775,-0.042,683490,775794,0,69.7,22.0,2026-08-19
1621,GFL,Industrials,Waste Management,NYSE,2660546,41.54,88.8,1,-13,-19.18,23.8,45.6,0.4,1.8,7.1,0.9,36,35,21,28,19.9,0,0,0,0,0,0,15121305210.074936,360890326.0,0.13340001,0.163,1704200,2976882,0,26.0,10.3,2026-08-19
1622,RSG,Industrials,Waste Management,NYSE,1368170,215.26,88.8,-15,-31,-9.79,11.8,60.7,2.7,3.2,3.0,3.2,36,51,35,35,30.3,0,0,0,0,0,0,65746990562.25327,306212978.0,0.0197,0.046,1396760,1478912,0,37.8,15.2,2026-08-19
1623,CWEN,Utilities,Utilities - Renewable,NYSE,1128673,34.15,88.75,-3,19,-18.18,20.7,43.2,-0.0,2.5,-2.9,-7.4,36,39,61,80,48.2,0,0,0,0,0,0,7008083321.990173,205274852.0,0.0752,0.227,1162090,1376362,0,57.1,-15.0,2026-08-19
1624,DEO,Consumer Defensive,Beverages - Wineries & Distilleries,NYSE,1220170,91.82,88.74,-1,-14,-21.12,28.2,47.7,-1.3,2.7,9.3,8.1,36,37,24,43,20.7,0,0,0,0,0,0,53055092203.4176,555899946.0,0.0070999996,,1737710,1222498,0,31.2,8.3,2026-08-19
1625,LIN,Basic Materials,Specialty Chemicals,NASDAQ,2065520,474.33,88.65,-28,-29,-13.48,23.6,58.3,-0.5,-2.1,-5.4,1.0,36,64,63,65,35.3,0,0,0,0,0,0,222533559384.8606,460980163.0,0.0121,0.093,1983320,2284396,0,56.8,14.2,2026-08-19
1626,HD,Consumer Cyclical,Home Improvement Retail,NYSE,3699080,337.88,88.63,1,-9,-20.82,15.7,37.2,-0.3,0.7,1.4,-0.6,36,35,25,53,24.3,0,0,0,0,0,0,337882944256.3186,997116682.0,0.0137,0.048,3435590,4328640,0,34.3,2.8,2026-08-19
1627,ITUB,Financial Services,Banks - Regional,NYSE,20478216,7.36,88.62,-36,-44,-23.33,14.5,29.8,-2.6,-7.2,-8.6,-8.6,36,72,64,89,44.0,0,0,0,0,0,0,81561857861.92767,11021872542.0,0.0034,0.175,23784520,21911382,0,67.2,11.4,2026-08-19
1628,VMC,Basic Materials,Building Materials,NYSE,1008683,278.15,88.58,-3,-10,-15.99,7.5,26.3,-1.5,-1.5,-4.2,-4.6,36,39,32,66,30.6,0,0,0,0,0,0,36541204398.0,129578739.0,0.0546,0.025,830540,1134962,0,41.9,-0.5,2026-08-19
1629,CLM,Financial Services,Asset Management,NYSE ARCA,2037710,6.94,88.58,-20,-13,-18.64,1.0,4.2,-5.5,-5.7,-6.9,-10.9,36,56,63,60,22.6,0,0,0,0,0,0,2189726546.6379457,297921983.0,18.25,1.473,2563430,1886354,0,50.4,15.2,2026-08-19
1630,REXR,Real Estate,REIT - Industrial,NYSE,2735333,35.86,88.57,-8,-16,-19.2,15.7,43.2,2.8,1.0,5.8,0.7,36,44,36,36,33.7,0,0,0,0,0,0,8078859630.444138,222988124.0,0.048699997,-0.016,2104410,2776838,0,37.4,7.5,2026-08-19
1631,CDNS,Technology,Software - Application,NASDAQ,2238686,323.47,88.42,-17,-2,-22.37,18.6,32.7,-3.5,-4.9,-11.7,-3.8,36,53,68,35,25.5,0,0,0,0,0,0,89453156277.03857,275393000.0,0.0223,0.242,2002260,2370092,0,45.4,15.9,2026-08-19
1632,PRGO,Healthcare,Drug Manufacturers - Specialty & Generic,NYSE,2950353,12.82,88.38,19,14,-47.91,50.9,30.9,8.1,18.4,26.7,12.2,36,17,12,23,6.6,0,0,0,0,0,0,1809550949.5063732,138769245.0,0.2558,-0.032,3079180,3616356,0,14.6,4.5,2026-08-19
1633,CMS,Utilities,Utilities - Regulated Electric,NYSE,3754313,71.4,88.37,-7,-6,-11.15,2.2,14.2,0.1,-1.7,-4.1,-4.4,36,43,44,56,32.2,0,0,0,0,0,0,21967273086.76956,308919602.0,0.0,-0.005,3857000,3695230,0,43.8,2.7,2026-08-19
1634,HII,Industrials,Aerospace & Defense,NYSE,505000,318.34,88.35,11,41,-30.8,17.5,24.6,-3.6,0.0,5.1,-10.8,36,25,55,94,50.0,0,0,0,0,0,0,12913280473.870789,39404598.0,0.0332,0.109,431420,506206,1,56.0,-29.3,2026-08-19
1635,ALC,Healthcare,Medical Instruments & Supplies,NYSE,2204440,72.49,88.33,6,-4,-19.82,19.7,43.6,1.5,4.3,7.8,-0.5,36,30,20,45,21.3,0,0,0,0,0,0,35892450000.0,483400000.0,5.89,0.087,1951340,2042210,0,29.1,2.4,2026-08-19
1636,BRO,Financial Services,Insurance Brokers,NYSE,2567723,68.86,88.32,6,-10,-29.95,31.5,40.2,0.9,1.0,7.2,2.2,36,30,14,18,14.9,0,0,0,0,0,0,23603414889.12493,334610357.0,0.0656,0.324,1904810,2791414,0,19.2,11.6,2026-08-19
1637,MO,Consumer Defensive,Tobacco,NYSE,8761413,63.96,88.32,-43,-48,-17.0,20.7,56.0,0.5,-3.3,-6.3,0.4,36,79,74,72,34.8,0,0,0,0,0,0,109702170842.54591,1669743926.0,0.0304,0.012,10153580,8694946,0,64.9,24.0,2026-08-19
1638,UAA,Consumer Cyclical,Apparel Manufacturing,NYSE,8409340,5.29,88.28,-41,-92,-35.09,25.9,27.2,-5.1,-15.5,-16.9,-10.8,35,76,25,86,36.7,0,0,0,0,0,0,2302364157.110517,429545541.0,0.3156,-0.032,10685780,8630406,0,55.9,22.7,2026-08-19
1639,CAG,Consumer Defensive,Packaged Foods,NYSE,13630976,15.54,88.26,1,-15,-23.52,28.9,48.9,6.1,7.2,12.9,1.8,35,34,18,37,22.4,0,0,0,0,0,0,7498656185.080621,480067621.0,0.1165,0.036,9661640,17961114,0,27.8,6.8,2026-08-19
1640,VERA,Healthcare,Biotechnology,NASDAQ,2341216,31.63,88.24,-29,-22,-43.57,51.2,31.9,3.0,0.2,-10.7,-17.3,35,64,71,91,72.5,0,0,0,0,0,0,2279363225.5720425,72063335.0,0.24139999,,2585670,2181832,1,74.6,-10.3,2026-08-19
1641,AMRC,Industrials,Engineering & Construction,NYSE,615160,28.5,88.23,10,60,-36.57,37.0,27.7,-4.3,3.7,-1.9,-14.1,35,25,75,88,56.4,0,0,0,0,0,0,1480547266.656847,53066211.0,0.16520001,0.091,793160,631324,0,61.1,-33.3,2026-08-19
1642,LOGI,Technology,Computer Hardware,NASDAQ,1118403,101.12,88.23,-16,-2,-22.01,17.0,35.8,-2.3,-3.5,-3.4,-1.7,35,51,65,30,36.6,0,0,0,0,0,0,14761284621.508669,143188332.0,0.0832,0.069,728260,1064394,0,45.7,10.0,2026-08-19
1643,FSK,Financial Services,Asset Management,NYSE,2560880,12.01,88.22,8,-2,-34.19,21.7,25.8,-1.1,4.7,9.9,-2.4,35,27,17,20,10.4,0,0,0,0,0,0,3415565765.926094,276340280.0,0.0517,-0.271,3022850,2683224,0,18.6,10.7,2026-08-19
1644,HYT,Financial Services,Asset Management,NYSE,813796,8.35,88.19,-7,-10,-14.18,1.0,5.9,-0.6,-0.4,-1.5,-4.9,35,42,39,37,23.9,0,0,0,0,0,0,1356559143.841705,163047980.0,0.0015,0.041,893920,779320,0,35.5,10.4,2026-08-19
1645,ATMU,Consumer Cyclical,Auto Parts,NYSE,647986,51.13,88.17,-11,-16,-23.11,16.3,29.6,-2.8,-5.3,-4.1,-9.7,35,46,41,88,46.6,0,0,0,0,0,0,4162187695.314617,81595527.0,0.0399,0.164,815770,776790,0,55.4,-8.2,2026-08-19
1646,PRDO,Consumer Defensive,Education & Training Services,NASDAQ,788733,32.04,88.12,2,30,-16.78,19.2,49.8,1.6,1.5,-1.4,-0.2,35,33,61,62,37.1,0,0,0,0,0,0,2003091425.516491,62577055.0,0.0681,0.018,724740,738542,0,48.3,-10.6,2026-08-19
1647,INFQ,Technology,Software - Infrastructure,NYSE,9870740,13.41,88.06,24,32,-36.98,41.9,33.4,1.8,12.3,5.6,,35,11,19,20,,0,0,0,0,0,0,2889399961.961837,224681185.0,2.69,1.164,10366440,12864730,0,16.7,,2026-08-19
1648,ARDT,Healthcare,Medical Care Facilities,NYSE,504523,10.89,88.04,-2,-6,-29.65,35.6,37.8,-4.0,-3.0,4.4,9.3,35,37,33,26,21.0,0,0,0,0,0,0,1538810823.8481026,141045907.0,0.1357,-0.014,443740,564572,0,29.2,10.6,2026-08-19
1649,ALK,Industrials,Airlines,NYSE,2900250,44.04,88.02,-5,-24,-33.15,20.6,23.7,-11.3,-12.8,-14.0,-10.1,35,40,21,52,13.3,0,0,0,0,0,0,5127617839.057388,111566970.0,0.108100004,0.097,2267650,3104782,0,31.6,12.8,2026-08-19
1650,STE,Healthcare,Medical Devices,NYSE,744970,229.75,87.97,2,-5,-14.73,18.8,54.2,0.8,2.9,8.4,1.0,35,33,26,40,31.3,0,0,0,0,0,0,22744825541.78131,97500110.0,0.0325,0.073,790370,800574,0,32.6,0.2,2026-08-19
1651,BKV,Energy,Oil & Gas E&P,NYSE,807910,26.35,87.95,-22,-11,-19.69,30.3,51.4,1.9,5.0,3.3,-3.8,35,57,68,76,55.0,0,0,0,0,0,0,2925273145.803337,109437830.0,0.14,0.188,835980,852214,0,64.0,-3.9,2026-08-19
1652,MSCI,Financial Services,Financial Data & Stock Exchanges,NYSE,726016,550.68,87.95,-30,-38,-14.59,10.4,40.5,0.2,-0.3,-3.2,-1.5,35,65,57,36,37.0,0,0,0,0,0,0,41375751354.98047,72700000.0,0.0196,0.122,704970,718938,0,48.8,20.6,2026-08-19
1653,SUI,Real Estate,REIT - Residential,NYSE,1655290,121.36,87.94,-3,-1,-11.96,3.2,20.0,1.4,0.5,0.4,-2.9,35,38,40,52,30.7,0,0,0,0,0,0,15016840100.042109,121800957.0,0.0465,0.002,1143430,1508398,0,40.2,0.6,2026-08-19
1654,NFG,Energy,Oil & Gas Integrated,NYSE,670910,81.82,87.91,-3,-1,-15.7,10.1,37.7,2.0,2.3,5.1,0.2,35,38,40,60,30.1,0,0,0,0,0,0,7786094336.047226,95045099.0,0.0657,0.011,560860,684304,0,42.0,-0.6,2026-08-19
1655,AVA,Utilities,Utilities - Diversified,NYSE,584693,39.03,87.9,-26,-29,-10.28,7.8,37.1,-0.7,-3.6,-5.8,-5.2,35,61,58,61,36.5,0,0,0,0,0,0,3278923422.2966766,83752830.0,0.0729,0.005,598580,718116,0,54.1,12.5,2026-08-19
1656,WIX,Technology,Software - Infrastructure,NASDAQ,1596566,73.72,87.9,24,20,-61.39,92.7,26.0,11.0,22.0,44.2,-2.1,35,11,7,8,9.1,0,0,0,0,0,0,4322827927.595398,58314152.0,0.2577,0.149,2065740,1609206,0,8.8,1.9,2026-08-19
1657,PACK,Consumer Cyclical,Packaging & Containers,NYSE,520543,5.24,87.89,-57,-74,-32.91,56.8,41.8,-5.2,-10.6,-21.5,-6.3,35,92,75,69,48.0,0,0,0,0,0,0,477673684.451386,85758289.0,0.059899997,0.14,517060,540534,1,71.0,28.3,2026-08-19
1658,PHG,Healthcare,Medical Devices,NYSE,1199436,26.82,87.89,-7,-7,-19.8,10.4,33.0,2.3,3.9,3.2,-0.6,35,42,42,73,36.4,0,0,0,0,0,0,26673996605.741577,977427472.0,2.2,0.005,856820,1144348,0,48.3,-3.4,2026-08-19
1659,KBR,Industrials,Engineering & Construction,NYSE,1600996,37.55,87.86,8,-4,-28.11,26.3,36.7,0.1,2.2,6.0,-1.7,35,27,15,27,14.9,0,0,0,0,0,0,4837219624.69511,126067755.0,0.0853,0.016,1236180,1705578,0,21.0,7.2,2026-08-19
1660,NOC,Industrials,Aerospace & Defense,NYSE,811873,570.2,87.86,7,12,-26.33,17.5,31.9,1.0,3.9,7.6,-3.6,35,28,33,84,34.5,0,0,0,0,0,0,83230464348.95288,142063026.0,0.0162,0.051,579630,926060,0,44.9,-14.9,2026-08-19
1661,BCE,Communication Services,Telecom Services,NYSE,3975526,23.35,87.81,-1,16,-11.95,13.6,50.7,2.3,5.6,4.8,-0.9,35,36,53,66,29.7,0,0,0,0,0,0,21886380284.67534,932525817.0,7.37,0.015,4370500,3988966,0,46.2,-4.5,2026-08-19
1662,INSM,Healthcare,Biotechnology,NASDAQ,2943113,128.32,87.79,13,17,-39.69,42.2,32.4,0.4,12.1,19.7,-10.4,35,22,26,85,41.5,0,0,0,0,0,0,27022526714.70678,218381503.0,0.0586,2.961,4038920,3808172,0,43.6,-22.8,2026-08-19
1663,AQN,Utilities,Utilities - Diversified,NYSE,3870790,5.83,87.69,-4,-3,-18.0,8.4,28.0,0.6,-0.6,-0.4,-5.1,34,38,39,73,34.7,0,0,0,0,0,0,4534722058.757008,769901895.0,2.94,0.031,3774710,4137842,0,46.2,-5.4,2026-08-19
1664,ERIC,Technology,Communication Equipment,NASDAQ,14924723,10.17,87.68,-10,31,-26.14,32.0,40.7,0.0,1.8,-5.4,-6.5,34,44,85,78,64.1,0,0,0,0,0,0,33646394942.847294,3276182419.0,0.0232,-0.061,9865510,12881564,0,67.8,-21.0,2026-08-19
1665,TAC,Utilities,Utilities - Independent Power Producers,NYSE,1633970,12.71,87.59,-20,-14,-28.91,5.1,10.1,-1.0,-2.7,-6.9,-7.1,34,54,60,63,33.8,0,0,0,0,0,0,4045476987.934113,316300000.0,0.026400002,0.125,1969450,1765178,0,52.7,7.7,2026-08-19
1666,NMRK,Real Estate,Real Estate Services,NASDAQ,1302620,15.13,87.57,-7,-12,-23.72,18.5,44.8,8.8,7.5,8.0,3.4,34,41,36,45,29.5,0,0,0,0,0,0,2763736561.75,181228627.0,0.0366,0.17,1306150,1378420,0,37.9,5.4,2026-08-19
1667,CHH,Consumer Cyclical,Lodging,NYSE,567480,104.93,87.55,-4,9,-15.54,29.4,64.8,3.3,0.7,-0.3,4.7,34,38,51,37,25.0,0,0,0,0,0,0,4700700591.564331,45008622.0,0.3038,0.071,546830,612128,0,37.8,5.4,2026-08-19
1668,KRMN,Industrials,Aerospace & Defense,NYSE,3462070,61.78,87.53,22,68,-47.81,29.8,19.0,-3.2,6.2,13.2,-21.1,34,12,58,93,47.0,0,0,0,0,0,0,8218415010.626572,132533708.0,0.1162,0.582,2898660,3533024,1,52.5,-38.3,2026-08-19
1669,TSLX,Financial Services,Asset Management,NYSE,522900,18.44,87.42,6,8,-25.62,15.4,29.2,-0.4,3.4,7.4,-2.7,34,28,30,25,16.6,0,0,0,0,0,0,1783517935.496521,95019600.0,0.0687,-0.149,555090,617202,0,24.9,6.1,2026-08-19
1670,IMXI,Technology,Software - Infrastructure,NASDAQ,582260,14.89,87.41,-5,17,-6.65,24.8,61.4,9.8,10.1,2.8,-6.0,34,39,61,58,31.8,0,0,0,0,0,0,440787642.5399285,30211627.0,0.0458,-0.186,1037520,540550,0,47.4,-2.4,2026-08-19
1671,SOLS,Basic Materials,Specialty Chemicals,NASDAQ,4118413,62.55,87.4,-5,43,-31.11,38.4,33.7,-6.3,-5.4,-17.5,-14.5,34,39,87,91,,0,0,0,0,0,0,9951787910.23185,158847369.0,0.1024,0.111,1892460,3230046,1,72.3,,2026-08-19
1672,TRTX,Real Estate,REIT - Mortgage,NYSE,782940,7.94,87.39,-29,-41,-19.39,4.1,14.7,-0.4,-2.7,-5.3,-7.4,34,63,51,50,23.1,0,0,0,0,0,0,608778228.1917262,76769009.0,0.045500003,-0.116,886810,770718,0,46.8,23.7,2026-08-19
1673,EPAC,Industrials,Specialty Industrial Machinery,NYSE,530416,37.08,87.36,3,-6,-17.6,11.6,35.3,-0.9,0.8,3.0,-2.0,34,31,22,44,22.3,0,0,0,0,0,0,1889024573.0131304,51137646.0,0.045300003,0.056,263140,531372,0,29.8,2.7,2026-08-19
1674,SRE,Utilities,Utilities - Diversified,NYSE,3376696,85.94,87.31,-19,-13,-14.94,7.8,30.4,0.0,-2.2,-5.5,-6.5,34,53,59,61,40.9,0,0,0,0,0,0,56503531465.3346,653900348.0,0.020399999,-0.001,4614610,3799302,0,53.5,3.8,2026-08-19
1675,TSN,Consumer Defensive,Farm Products,NYSE,3059613,58.61,87.27,-14,9,-15.64,15.4,43.4,1.7,0.3,1.2,-2.9,34,48,71,66,39.7,0,0,0,0,0,0,20464293308.872192,351801512.0,0.031,-0.001,2888270,3290094,0,56.2,-1.8,2026-08-19
1676,MBC,Consumer Cyclical,"Furnishings, Fixtures & Appliances",NYSE,1893253,8.99,87.18,10,-5,-36.78,38.3,36.9,2.5,4.9,3.9,-5.2,34,24,9,39,12.2,0,0,0,0,0,0,1861937905.8745384,203490490.0,0.089899994,0.115,1889760,2457448,0,21.1,4.4,2026-08-19
1677,PTY,Financial Services,Asset Management,NYSE,1143466,11.68,87.18,-5,-9,-20.49,1.1,4.4,-0.3,-0.0,-0.8,-5.8,34,39,35,40,21.2,0,0,0,0,0,0,2486547789.37238,211981917.0,0.38,0.072,1337080,1114530,0,33.8,9.1,2026-08-19
1678,MP,Basic Materials,Other Industrial Metals & Mining,NYSE,6598973,58.51,87.17,19,86,-41.64,48.8,30.7,3.3,15.7,9.8,-1.9,34,15,82,91,17.1,0,0,0,0,0,0,10461687578.057602,178101588.0,0.1729,1.197,8397380,6051694,1,51.3,-23.0,2026-08-19
1679,ATO,Utilities,Utilities - Regulated Gas,NYSE,1071523,169.9,87.16,-18,-15,-11.74,5.5,29.7,0.7,-0.9,-1.2,-2.7,34,52,55,63,39.8,0,0,0,0,0,0,28714534616.33272,168988553.0,0.0228,0.048,1189070,1239052,0,52.4,3.6,2026-08-19
1680,SNY,Healthcare,Drug Manufacturers - General,NASDAQ,3154383,44.41,87.13,-4,-6,-15.7,10.9,40.9,4.2,4.6,5.4,-0.8,34,38,36,32,29.4,0,0,0,0,0,0,106160821884.98895,2428198054.0,0.0047,0.146,2764870,3620090,0,33.9,5.7,2026-08-19
1681,UUUU,Energy,Uranium,NYSE ARCA,7111480,14.79,87.1,18,94,-46.99,75.3,33.1,3.1,13.5,9.1,-15.0,34,16,92,98,70.3,0,0,0,1,0,1,3774471595.35408,249965000.0,0.205,4.961,7662390,8491466,2,69.1,-51.2,2026-08-19
1682,HDSN,Basic Materials,Specialty Chemicals,NASDAQ,557956,6.15,87.08,8,-6,-41.54,21.1,18.2,2.7,-1.2,-1.0,-8.8,34,26,12,44,7.9,0,0,0,0,0,0,238642064.7011013,42088547.0,0.0493,0.075,735090,550356,0,22.5,6.9,2026-08-19
1683,DIS,Communication Services,Entertainment,NYSE,10828073,103.5,87.05,4,11,-13.59,15.7,54.9,2.3,6.0,7.4,2.7,34,30,37,36,27.8,0,0,0,0,0,0,184496492843.9849,1726686902.0,0.0113,0.068,10762560,11127906,0,32.7,-0.8,2026-08-19
1684,HAYW,Industrials,Electrical Equipment & Parts,NYSE,2881630,14.76,87.04,-1,-12,-16.75,15.4,47.8,-1.1,-0.5,-1.4,-1.6,34,35,24,52,27.6,0,0,0,0,0,0,3215732830.7531204,212119582.0,0.0596,0.063,2404270,2820268,0,34.6,1.4,2026-08-19
1685,ICE,Financial Services,Financial Data & Stock Exchanges,NYSE,3938380,154.31,87.03,5,11,-15.08,27.9,58.8,2.7,3.6,10.8,1.8,34,29,35,32,25.4,0,0,0,0,0,0,86864566574.97398,561394487.0,0.0159,0.048,3319730,4496640,0,30.3,0.6,2026-08-19
1686,PG,Consumer Defensive,Household & Personal Products,NYSE,8461260,143.12,86.99,-17,-36,-14.43,4.6,21.7,-0.3,-0.9,-2.3,-2.2,34,51,32,52,28.2,0,0,0,0,0,0,336598989376.2201,2328598978.0,0.0117,0.015,8057440,8883170,0,40.8,13.1,2026-08-19
1687,VVV,Consumer Cyclical,Auto & Truck Dealerships,NYSE,2133346,33.8,86.97,-39,-82,-18.22,18.1,44.3,0.1,-6.6,-9.2,-0.5,33,72,29,66,22.4,0,0,0,0,0,0,4360458365.865849,127536079.0,0.102299996,0.241,2715010,2193328,0,47.4,30.3,2026-08-19
1688,WMT,Consumer Defensive,Discount Stores,NASDAQ,20583513,114.33,86.96,-9,25,-15.41,19.0,47.8,0.2,1.4,0.1,-3.5,33,42,76,78,47.9,0,0,0,0,0,0,917327757482.1068,7958079155.0,0.0162,0.073,20076650,22403162,0,61.0,-13.6,2026-08-19
1689,NVO,Healthcare,Drug Manufacturers - General,NYSE,11655940,44.88,86.92,-11,-24,-30.05,31.7,39.0,0.1,-1.9,-2.0,0.1,33,44,31,14,23.5,0,0,0,0,0,0,201050982206.6781,4381150248.0,0.0093,0.021,15820560,12246240,0,28.1,17.5,2026-08-19
1690,NG,Basic Materials,Gold,NYSE ARCA,5199183,7.75,86.88,21,82,-46.18,63.3,36.4,9.9,23.1,27.5,-3.6,33,12,73,97,68.3,0,0,0,0,0,0,3483918100.267228,438780614.0,0.08979999,,5054200,5011962,1,62.6,-51.3,2026-08-19
1691,CI,Healthcare,Healthcare Plans,NYSE,1767473,275.33,86.85,-14,-20,-12.72,13.5,49.6,-0.2,-1.6,-2.8,-0.3,33,47,41,35,30.9,0,0,0,0,0,0,74663791079.04163,264240486.0,0.0201,0.067,2062680,1732650,0,38.5,11.0,2026-08-19
1692,MWA,Industrials,Specialty Industrial Machinery,NYSE,1093233,25.18,86.85,-5,-6,-18.77,10.4,31.9,-2.2,-1.5,-1.2,-3.9,33,38,37,72,28.1,0,0,0,0,0,0,3987449984.597328,156125679.0,0.044099998,0.041,1027560,1188392,0,43.8,-1.8,2026-08-19
1693,AIG,Financial Services,Insurance - Diversified,NYSE,3247343,75.81,86.82,-22,-37,-13.15,5.3,25.9,-1.7,-3.1,-2.2,-2.2,33,55,40,46,29.6,0,0,0,0,0,0,40074532153.01134,522893169.0,0.0164,0.005,3168130,3920200,0,42.6,16.0,2026-08-19
1694,SSYS,Technology,Computer Hardware,NASDAQ,509656,8.84,86.73,9,9,-30.99,15.9,23.5,-2.7,1.1,0.8,-5.8,33,24,24,45,22.9,0,0,0,0,0,0,781326000.0,86814000.0,0.0365,-0.003,637650,726716,0,29.0,-3.6,2026-08-19
1695,NCLH,Consumer Cyclical,Travel Services,NYSE,14193410,18.18,86.73,1,-13,-33.11,17.2,21.0,-7.0,-9.7,-11.5,-13.4,33,32,18,70,12.0,0,0,0,0,0,0,8729161057.559757,459187846.0,0.2074,0.049,12697980,16181784,0,33.0,3.8,2026-08-19
1696,WYNN,Consumer Cyclical,Resorts & Casinos,NASDAQ,1473903,102.79,86.58,4,5,-23.7,5.8,14.1,-2.2,-0.3,-0.5,-8.2,33,29,30,49,26.5,0,0,0,0,0,0,10557912918.52945,102973891.0,0.094799995,0.069,1664940,1519548,0,33.6,-2.8,2026-08-19
1697,UL,Consumer Defensive,Household & Personal Products,NYSE,4409686,61.23,86.5,-11,-32,-18.34,14.8,41.6,1.1,0.3,3.4,-0.3,33,44,23,60,26.4,0,0,0,0,0,0,133696191829.67207,2153264479.0,0.47,0.005,2728160,4237834,0,38.4,7.7,2026-08-19
1698,TDC,Technology,Software - Infrastructure,NYSE,3232400,27.53,86.49,-46,-45,-34.11,36.6,42.8,1.5,-2.9,-11.0,-5.6,33,79,80,76,62.0,0,0,0,0,0,0,2574240028.381348,93000000.0,0.3032,0.005,3833730,3335982,0,74.3,9.0,2026-08-19
1699,ENPH,Technology,Solar,NASDAQ,4375206,38.65,86.45,-31,-12,-47.59,50.7,28.7,-2.2,0.6,-9.8,-2.4,33,64,83,84,45.0,0,0,0,0,0,0,5335191885.267563,131798220.0,0.20979999,-0.196,3999390,5702456,0,69.0,3.6,2026-08-19
1700,PUK,Financial Services,Insurance - Life,NYSE,995136,28.19,86.35,-10,17,-17.16,11.5,33.4,-0.2,-2.9,-0.1,-5.8,33,43,70,78,40.4,0,0,0,0,0,0,34669160856.64177,1243513698.0,0.00059999997,0.188,1149480,1160378,0,57.9,-8.4,2026-08-19
1701,CHDN,Consumer Cyclical,Gambling,NASDAQ,986403,89.7,86.29,4,3,-24.21,11.0,26.0,3.3,5.1,5.2,-3.4,33,29,28,31,25.6,0,0,0,0,0,0,6330176047.989174,69700243.0,0.055999998,0.049,921360,1037100,0,28.4,1.4,2026-08-19
1702,GIS,Consumer Defensive,Packaged Foods,NYSE,9100920,37.98,86.26,-2,-21,-26.01,24.3,41.3,5.1,7.4,10.1,-0.7,33,35,16,29,18.9,0,0,0,0,0,0,20957475710.28992,534629472.0,0.119799994,0.022,8117730,10107490,0,24.7,11.2,2026-08-19
1703,HSY,Consumer Defensive,Confectioners,NYSE,1631140,181.06,86.23,-2,16,-24.39,16.3,35.8,2.7,4.4,5.7,-1.6,33,35,53,80,40.1,0,0,0,0,0,0,37014524777.81058,200925657.0,0.066599995,0.066,1234120,1974874,0,52.0,-13.3,2026-08-19
1704,PGR,Financial Services,Insurance - Property & Casualty,NYSE,2742420,203.84,86.14,-14,-30,-20.04,14.1,43.1,2.9,2.3,1.5,3.3,33,47,31,28,23.6,0,0,0,0,0,0,121855526540.41168,581371770.0,0.0139,0.073,2206740,3124454,0,32.4,17.1,2026-08-19
1705,NEXT,Energy,Oil & Gas Equipment & Services,NASDAQ,2681890,6.95,86.11,-32,-13,-38.33,40.0,32.4,-2.0,-0.8,-8.6,0.9,32,64,83,19,11.1,0,0,0,0,0,0,1913873278.501253,266185433.0,0.1336,,2373880,2833522,0,44.3,33.6,2026-08-19
1706,KTOS,Industrials,Aerospace & Defense,NASDAQ,3904520,63.29,86.11,20,36,-52.77,38.0,19.2,-2.5,9.2,14.6,-17.3,32,12,28,95,25.1,0,0,0,0,0,0,12110040910.079346,187519984.0,0.0584,0.305,4823820,4628892,1,40.0,-24.8,2026-08-19
1707,LIF,Technology,Software - Application,NASDAQ,830230,50.18,86.08,0,-20,-55.41,13.4,7.0,-18.0,-20.2,-17.5,-22.0,32,32,12,19,3.3,0,0,0,0,0,0,4172609621.892494,81480369.0,0.12100001,0.378,1385040,806556,0,16.6,18.9,2026-08-19
1708,WGO,Consumer Cyclical,Recreational Vehicles,NYSE,550520,31.58,86.03,-2,-17,-37.04,20.5,24.8,2.5,3.9,7.8,-7.5,32,34,19,74,31.5,0,0,0,0,0,0,891883552.5825462,28268893.0,0.1245,-0.099,467430,720788,0,39.6,-5.2,2026-08-19
1709,GGAL,Financial Services,Banks - Regional,NASDAQ,873660,43.42,86.01,-40,-87,-30.55,56.8,43.7,-6.5,-11.8,-16.5,-15.5,32,72,25,39,18.0,0,0,0,0,0,0,7349195728.654194,169453445.0,0.19,-0.147,733230,1022290,0,38.5,38.3,2026-08-19
1710,CIM,Real Estate,REIT - Mortgage,NYSE,705166,11.74,85.95,-18,-8,-21.1,0.4,1.7,-0.5,-3.4,-8.1,-9.2,32,50,60,57,22.7,0,0,0,0,0,0,987799468.3667622,83711818.0,0.0207,0.081,906520,755312,0,47.4,11.2,2026-08-19
1711,T,Communication Services,Telecom Services,NYSE,65813310,24.68,85.88,2,5,-17.15,22.7,50.8,2.8,4.4,10.1,0.1,32,30,33,56,24.1,0,0,0,0,0,0,170555874646.1357,6852385650.0,0.019,0.023,41492700,68571662,0,35.8,-2.5,2026-08-19
1712,SHAK,Consumer Cyclical,Restaurants,NYSE,2016093,74.19,85.81,23,26,-30.98,40.0,38.3,1.1,8.5,20.0,-9.4,32,9,12,27,11.2,0,0,0,0,0,0,3024145723.1809387,40408149.0,0.11270001,0.172,2351480,2017002,0,14.8,-5.0,2026-08-19
1713,TEM,Healthcare,Health Information Services,NASDAQ,4745680,51.64,85.76,12,8,-50.5,47.4,31.9,15.1,25.5,18.2,7.5,32,20,16,24,16.9,0,0,0,0,0,0,9400650512.278412,180434756.0,0.3327,0.216,3905710,5633166,0,19.2,1.2,2026-08-19
1714,STWD,Real Estate,REIT - Mortgage,NYSE,4276846,16.24,85.76,-5,-3,-22.07,4.0,13.2,1.1,1.3,-0.1,-5.8,32,37,39,36,20.5,0,0,0,0,0,0,6033753602.583504,370168950.0,0.051799998,0.134,5751700,4041030,0,33.1,8.3,2026-08-19
1715,YUM,Consumer Cyclical,Restaurants,NYSE,2724580,145.14,85.68,-6,-1,-14.69,5.6,25.8,-1.3,-2.2,-4.8,-5.5,32,38,43,62,34.2,0,0,0,0,0,0,40419379865.9156,272901085.0,0.0317,0.122,2447320,2593098,0,44.3,-3.4,2026-08-19
1716,BJ,Consumer Defensive,Discount Stores,NYSE,1550173,94.43,85.68,-8,-11,-12.26,9.5,33.9,-2.6,-3.6,0.3,-1.6,32,40,37,41,24.5,0,0,0,0,0,0,11927895793.299349,127693987.0,0.0753,0.099,1408960,1826360,0,35.6,7.9,2026-08-19
1717,OXLC,Financial Services,Asset Management,NASDAQ,954526,9.4,85.65,9,18,-50.66,14.1,10.8,-0.8,1.9,3.7,-15.3,32,23,32,12,5.0,0,0,0,0,0,0,938413083.754654,97649648.0,0.0558,-0.102,1021830,1034770,0,18.0,10.3,2026-08-19
1718,AGI,Basic Materials,Gold,NYSE,4615816,33.99,85.64,12,65,-38.66,38.7,33.8,7.2,14.5,13.6,-7.9,32,20,73,93,66.4,0,0,0,0,0,0,13964645207.89589,418604465.0,1.67,0.356,5198330,5074284,1,63.1,-43.1,2026-08-19
1719,ADT,Industrials,Security & Protection Services,NYSE,8019253,7.18,85.6,0,-7,-19.64,17.3,42.7,-0.6,-0.6,5.6,0.1,32,32,25,37,22.3,0,0,0,0,0,0,5471888600.308258,730559248.0,0.0759,0.02,8315100,8559970,0,29.1,4.5,2026-08-19
1720,SPGI,Financial Services,Financial Data & Stock Exchanges,NYSE,1962456,410.53,85.6,-9,-21,-22.46,15.4,36.2,3.1,2.4,3.0,-1.3,32,41,29,23,18.3,0,0,0,0,0,0,123462236401.3672,294800000.0,0.0299,0.104,1836480,2289382,0,27.8,16.1,2026-08-19
1721,NAVI,Financial Services,Credit Services,NASDAQ,1070800,9.16,85.6,7,1,-33.96,24.3,28.6,2.5,4.3,9.0,-5.6,32,25,19,16,11.7,0,0,0,0,0,0,861882961.0608234,93989417.0,0.2456,0.042,1632200,1133218,0,17.9,9.0,2026-08-19
1722,JANX,Healthcare,Biotechnology,NASDAQ,765236,16.26,85.58,2,-11,-53.99,43.8,23.7,6.6,9.7,14.1,7.7,32,30,17,7,11.6,0,0,0,0,0,0,985524832.0680218,61136773.0,0.1242,,612210,1025486,0,16.4,15.1,2026-08-19
1723,SYK,Healthcare,Medical Devices,NYSE,2378483,331.68,85.57,1,-4,-16.42,20.3,51.4,-0.0,0.4,4.4,-0.4,32,31,26,43,26.4,0,0,0,0,0,0,130111809656.05827,383573046.0,0.0227,0.094,2134210,2482994,0,31.6,0.4,2026-08-19
1724,CWST,Industrials,Waste Management,NASDAQ,641150,89.31,85.53,-22,-47,-17.27,23.8,55.2,2.4,2.6,1.0,1.0,32,54,29,28,30.5,0,0,0,0,0,0,5773425050.805603,63640046.0,0.1001,0.169,517720,686706,0,35.4,19.4,2026-08-19
1725,INGR,Consumer Defensive,Packaged Foods,NYSE,678143,103.59,85.52,2,-3,-20.61,13.1,35.7,2.5,3.8,6.4,-1.4,32,30,25,37,20.8,0,0,0,0,0,0,6634330398.344009,63063979.0,0.083500005,0.009,734710,879884,0,28.2,3.7,2026-08-19
1726,BEKE,Real Estate,Real Estate Services,NYSE,3204936,16.85,85.49,-15,1,-19.69,21.9,51.1,1.6,2.8,7.5,4.0,32,47,63,31,31.7,0,0,0,0,0,0,18773513380.42118,1103675081.0,0.0544,-0.19,2382910,3674790,0,43.2,9.2,2026-08-19
1727,CION,Financial Services,Asset Management,NYSE,591056,7.21,85.49,11,9,-34.03,23.9,28.5,-1.3,8.5,11.1,-8.1,32,21,19,28,10.8,0,0,0,0,0,0,369933821.75311565,49789210.0,0.0432,-0.047,784680,593486,0,19.7,3.9,2026-08-19
1728,NI,Utilities,Utilities - Regulated Gas,NYSE,5459226,42.37,85.48,-21,-10,-13.9,5.7,23.3,-1.5,-4.7,-8.9,-7.8,32,53,64,64,32.8,0,0,0,0,0,0,20381304250.0,479560100.0,0.0357,0.046,7402060,5125992,0,53.4,6.8,2026-08-19
1729,SPOT,Communication Services,Internet Content & Information,NYSE,1837826,492.47,85.47,7,0,-33.9,29.2,37.0,6.3,7.1,9.9,3.5,32,25,18,19,16.0,0,0,0,0,0,0,105446081188.0263,205620061.0,0.040900003,0.139,2229090,1848430,0,19.5,6.4,2026-08-19
1730,BIPC,Utilities,Utilities - Regulated Gas,NYSE,1008603,39.5,85.35,-6,-6,-23.63,12.9,29.5,0.9,-1.2,0.0,-7.2,32,38,38,68,34.4,0,0,0,0,0,0,4973742445.018021,122990668.0,9.43,0.085,1111900,1020264,0,44.6,-4.2,2026-08-19
1731,RDDT,Communication Services,Internet Content & Information,NYSE,6974336,164.5,85.31,-18,-31,-41.86,24.5,20.1,-4.7,-6.7,-12.8,-14.4,32,50,37,28,8.3,0,0,0,0,0,0,34263893761.322937,192396510.0,0.1325,0.611,9146110,5985044,0,30.8,26.6,2026-08-19
1732,EEFT,Technology,Software - Infrastructure,NASDAQ,695413,70.55,85.3,-12,-32,-28.39,7.7,14.1,-3.8,-8.4,-5.9,-5.2,32,44,24,21,11.8,0,0,0,0,0,0,2787096764.6040344,38075094.0,0.1165,0.032,641240,703678,0,25.2,22.7,2026-08-19
1733,REZI,Industrials,Industrial Distribution,NYSE,2760835,20.64,85.27,-15,-32,-34.51,15.5,23.5,-6.5,-10.0,-7.0,-10.8,32,47,30,83,32.4,0,0,0,0,0,0,3112871249.0,151847378.0,0.0614,0.02,3162821,2434591,0,48.1,1.8,2026-08-19
1734,LEU,Energy,Uranium,NYSE,751180,184.12,85.26,20,58,-60.34,25.3,12.8,-1.2,1.7,6.9,-15.5,32,12,50,83,38.8,0,0,0,0,0,0,3794035826.9174194,19952858.0,0.26680002,0.14,557580,811996,0,46.0,-31.4,2026-08-19
1735,OMCL,Healthcare,Health Information Services,NASDAQ,779923,36.03,85.25,-51,-53,-34.49,23.7,31.8,-0.9,-5.2,-10.3,-10.4,32,83,81,68,50.4,0,0,0,0,0,0,1696363271.002346,45478909.0,0.0923,0.075,683560,788546,0,70.6,19.5,2026-08-19
1736,OTF,Financial Services,Asset Management,NYSE,2659143,11.13,85.23,9,12,-29.65,13.1,22.8,-2.1,3.7,5.0,-8.0,32,23,26,22,15.5,0,0,0,0,0,0,5250804575.4183855,458185389.0,0.0115,0.058,3761480,2625926,0,21.6,3.6,2026-08-19
1737,CMCSA,Communication Services,Telecom Services,NASDAQ,30259653,25.57,85.18,5,4,-22.19,21.3,44.2,3.2,7.4,10.7,-1.0,31,26,25,58,22.0,0,0,0,0,0,0,92903306564.09792,3548636573.0,0.0231,-0.012,22996120,35565132,0,32.7,-4.3,2026-08-19
1738,EVR,Financial Services,Capital Markets,NYSE,522550,303.18,85.15,-11,17,-22.0,11.7,26.9,-1.8,-5.3,-11.1,-9.7,31,42,70,65,30.0,0,0,0,0,0,0,11821151989.42212,38457778.0,0.0357,0.188,530120,471696,0,51.8,-1.4,2026-08-19
1739,JD,Consumer Cyclical,Internet Retail,NASDAQ,8872496,28.5,85.15,-11,15,-22.68,16.5,37.9,-4.6,-6.4,0.5,0.2,31,42,68,26,28.2,0,0,0,0,0,0,39245529278.75519,1350500000.0,0.0199,-0.029,10822890,8686326,0,41.0,7.5,2026-08-19
1740,GLPI,Real Estate,REIT - Specialty,NASDAQ,2556320,42.25,85.13,-14,-1,-15.42,3.8,18.5,-0.5,-2.5,-4.1,-5.8,31,45,58,57,28.3,0,0,0,0,0,0,12675386184.728249,290920043.0,0.0378,0.09,2528580,2489200,0,47.1,4.7,2026-08-19
1741,AOS,Industrials,Specialty Industrial Machinery,NYSE,1683603,61.4,85.13,2,-6,-25.0,14.4,32.5,1.9,2.8,5.1,-2.7,31,29,21,67,23.7,0,0,0,0,0,0,8449435734.55397,135908573.0,0.1114,-0.007,1285230,1777188,0,35.2,-4.2,2026-08-19
1742,BTI,Consumer Defensive,Tobacco,NYSE,4103083,55.73,85.11,-42,-39,-17.19,11.1,34.3,-1.8,-4.9,-7.0,-5.2,31,73,76,79,32.1,0,0,0,0,0,0,122997778978.10782,2155586681.0,0.0036000002,0.014,3955830,4350372,0,65.0,19.0,2026-08-19
1743,CRM,Technology,Software - Application,NYSE,12436406,190.97,85.03,7,5,-29.04,37.3,48.2,5.2,9.7,19.0,2.4,31,24,22,18,21.5,0,0,0,0,0,0,160695995498.65723,819000000.0,0.041500002,0.133,11539120,14207512,0,21.4,2.6,2026-08-19
1744,FSLR,Technology,Solar,NASDAQ,2359496,217.85,84.99,-13,7,-32.12,20.4,28.2,-3.8,-0.2,-4.5,-5.0,31,44,64,76,46.1,0,0,0,0,0,0,24240885118.902588,107469788.0,0.1245,-0.037,3020180,2282416,0,57.5,-9.4,2026-08-19
1745,TRI,Industrials,Specialty Business Services,NASDAQ,2189426,99.06,84.99,8,2,-44.97,37.1,27.8,2.1,4.0,14.1,0.9,31,23,17,10,7.4,0,0,0,0,0,0,44886398790.9993,433224578.0,6.2,0.095,2132050,2126650,0,14.3,11.0,2026-08-19
1746,NXPI,Technology,Semiconductors,NASDAQ,4161163,232.72,84.97,-44,-32,-31.54,22.7,28.2,-2.9,-6.0,-16.0,-6.8,31,75,87,65,32.5,0,0,0,0,0,0,59185454972.53677,252164174.0,0.0392,0.195,3724980,4419480,0,64.9,22.1,2026-08-19
1747,BN,Financial Services,Asset Management,NYSE,4126456,42.75,84.95,-4,18,-13.76,10.2,35.7,-3.7,-2.4,-3.3,-5.4,31,35,57,56,31.9,0,0,0,0,0,0,97943166282.8035,2233595660.0,5.3,0.085,4626620,4106076,0,45.0,-4.8,2026-08-19
1748,EL,Consumer Defensive,Household & Personal Products,NYSE,2253660,84.34,84.91,-6,-15,-30.66,45.8,58.8,11.8,14.2,16.0,6.9,31,37,28,86,44.6,0,0,0,0,0,0,31150541629.44477,361794915.0,0.036199998,0.046,2516320,2799776,0,48.9,-12.7,2026-08-19
1749,GDS,Technology,Information Technology Services,NASDAQ,1815593,35.38,84.88,7,42,-27.22,14.9,23.4,0.4,2.4,3.2,-11.9,31,24,59,85,39.9,0,0,0,0,0,0,6894993632.754803,200377613.0,0.115,0.065,2043510,2150044,0,52.0,-23.7,2026-08-19
1750,MKC,Consumer Defensive,Packaged Foods,NYSE,3071070,53.94,84.87,2,-13,-25.68,23.9,40.8,4.8,7.4,10.6,-2.4,31,29,14,38,18.6,0,0,0,0,0,0,14698113855.558104,268851552.0,0.0,0.167,2122430,4030190,0,24.9,4.9,2026-08-19
1751,PRVA,Healthcare,Health Information Services,NASDAQ,1268766,21.5,84.86,-39,-55,-25.4,7.3,18.2,-1.7,-7.4,-11.7,-8.3,31,70,54,32,37.9,0,0,0,0,0,0,2810152554.0,127734207.0,0.044499997,0.214,1543460,1263946,0,48.5,25.3,2026-08-19
1752,SBSW,Basic Materials,Other Precious Metals & Mining,NYSE,4830260,10.97,84.86,16,82,-48.47,59.4,31.2,8.4,18.6,24.9,-8.1,31,15,81,97,69.5,0,0,0,0,0,0,7790698817.54266,723370333.0,0.02,0.316,5092880,5323558,1,65.6,-50.2,2026-08-19
1753,NOW,Technology,Software - Application,NYSE,22531513,117.7,84.84,7,0,-39.56,53.3,40.5,2.8,9.1,17.8,5.3,31,24,17,11,12.5,0,0,0,0,0,0,128198888000.0,1033862000.0,0.0356,0.24,17967450,23591344,0,16.1,9.0,2026-08-19
1754,SONY,Technology,Consumer Electronics,NYSE,5162690,23.7,84.78,-1,-1,-21.89,21.6,38.1,-0.5,2.3,9.0,1.9,31,32,32,22,20.2,0,0,0,0,0,0,142188950063.06934,5853805875.0,0.0017,0.082,4794720,5399868,0,26.5,7.9,2026-08-19
1755,GIL,Consumer Cyclical,Apparel Manufacturing,NYSE,1424810,55.89,84.76,-4,-1,-24.17,15.0,32.3,-0.2,3.5,5.2,-3.9,31,35,38,81,35.9,0,0,0,0,0,0,10504081844.624268,185191848.0,0.0594,0.723,1296310,1823514,0,47.5,-9.9,2026-08-19
1756,STAA,Healthcare,Medical Instruments & Supplies,NASDAQ,1057960,24.09,84.74,-30,-1,-32.84,53.2,49.7,-0.4,1.8,-7.8,1.7,31,61,90,27,23.3,0,0,0,0,0,0,1312769516.4227295,50143984.0,0.2101,1.11,1152400,882622,1,50.3,22.8,2026-08-19
1757,KT,Communication Services,Telecom Services,NYSE,1581996,19.0,84.74,2,1,-22.7,10.1,23.9,1.5,2.3,4.2,-4.1,31,29,28,79,29.1,0,0,0,0,0,0,9106160737.616331,476263616.0,0.0108,-0.101,1845210,1717690,0,41.3,-9.9,2026-08-19
1758,XYL,Industrials,Specialty Industrial Machinery,NYSE,1850833,117.47,84.72,-3,-15,-23.85,9.3,21.2,-2.8,-3.0,-1.0,-8.4,31,34,22,34,19.4,0,0,0,0,0,0,27943701731.41452,233486812.0,0.0428,0.015,1409430,1897498,0,27.4,8.5,2026-08-19
1759,PIPR,Financial Services,Capital Markets,NYSE,571423,75.24,84.71,0,28,-20.85,6.9,19.8,-0.9,-1.2,-1.7,-7.8,31,31,59,50,26.0,0,0,0,0,0,0,5406277261.5,70670291.0,0.0425,0.249,468780,600734,0,41.5,-4.1,2026-08-19
1760,PAGS,Technology,Software - Infrastructure,NYSE,2932906,8.66,84.66,-5,-5,-29.71,2.5,5.8,-2.9,-6.2,-4.8,-12.7,31,36,36,73,27.4,0,0,0,0,0,0,2437408710.719716,279519339.0,0.1184,-0.002,2957030,3052598,0,43.1,-3.1,2026-08-19
1761,SFD,Consumer Defensive,Packaged Foods,NASDAQ,1415560,22.61,84.66,-29,-22,-24.14,6.7,16.8,-3.8,-9.3,-10.2,-8.3,31,60,67,65,25.4,0,0,0,0,0,0,8955542595.939798,393477263.0,0.0954,-0.023,1805170,1358090,0,54.4,15.6,2026-08-19
1762,INVA,Healthcare,Biotechnology,NASDAQ,756866,20.96,84.65,-23,-21,-16.66,28.9,63.5,2.5,1.9,-2.1,-0.9,31,54,56,70,39.4,0,0,0,0,0,0,1530881865.7332516,72245485.0,0.1295,0.193,738530,799210,0,54.9,3.9,2026-08-19
1763,YELP,Communication Services,Internet Content & Information,NYSE,1085013,23.07,84.64,2,-2,-33.11,21.1,29.7,-1.0,-5.1,-3.4,-9.0,31,29,25,12,14.6,0,0,0,0,0,0,1340311480.099857,54263621.0,0.2602,0.014,1308060,1198600,0,20.2,11.0,2026-08-19
1764,ORLY,Consumer Cyclical,Auto Parts,NASDAQ,7010240,90.23,84.64,0,6,-17.01,10.2,33.8,-0.8,0.4,2.4,-1.6,31,31,37,36,26.5,0,0,0,0,0,0,73655882580.35242,808960792.0,0.0309,0.081,4385530,7964494,0,32.6,0.6,2026-08-19
1765,CEG,Utilities,Utilities - Independent Power Producers,NASDAQ,2752446,278.2,84.59,7,16,-32.59,15.9,22.5,0.1,1.4,4.6,-8.9,31,24,33,44,22.1,0,0,0,0,0,0,100091834567.5,354307379.0,0.032899998,0.23,2850040,3303494,0,30.8,-3.9,2026-08-19
1766,ENOV,Healthcare,Medical Devices,NYSE,1173163,24.74,84.55,-15,-20,-27.83,32.2,48.6,3.9,-3.1,5.7,5.4,31,46,41,17,26.3,0,0,0,0,0,0,1502866982.8411674,57669494.0,0.1765,0.032,1481840,1218718,0,32.6,16.1,2026-08-19
1767,COST,Consumer Defensive,Discount Stores,NASDAQ,2004250,953.5,84.53,-9,16,-13.04,12.6,43.8,0.3,0.5,0.8,-0.2,31,40,65,51,32.7,0,0,0,0,0,0,426227467697.2808,443478804.0,0.0173,0.215,1609520,2251324,0,47.2,-1.0,2026-08-19
1768,QCOM,Technology,Semiconductors,NASDAQ,11812150,162.18,84.51,-39,-26,-37.6,30.5,29.8,-0.7,0.3,-10.1,-3.9,31,70,83,31,37.2,0,0,0,0,0,0,174079492950.43945,1050000000.0,0.0369,-0.04,8884370,16207044,0,55.3,22.9,2026-08-19
1769,CRTO,Communication Services,Advertising Agencies,NASDAQ,576576,17.82,84.42,-33,-72,-29.54,12.5,22.2,-0.4,-8.4,-9.4,-7.2,30,63,24,15,15.2,0,0,0,0,0,0,930953621.0,48997559.0,0.0298,-0.113,819860,464544,0,29.3,37.4,2026-08-19
1770,CMG,Consumer Cyclical,Restaurants,NYSE,18645850,33.76,84.41,5,5,-23.74,23.0,41.9,4.7,2.3,3.5,0.5,30,25,25,30,18.3,0,0,0,0,0,0,42391503000.0,1265418000.0,0.0349,0.093,21060250,19788532,0,24.6,2.4,2026-08-19
1771,ATAT,Consumer Cyclical,Lodging,NASDAQ,807213,35.29,84.38,-1,19,-18.26,19.2,50.3,6.1,7.7,11.2,0.0,30,31,51,68,40.2,0,0,0,0,0,0,4724577509.110474,138185952.0,0.0278,0.475,747580,853938,0,47.5,-14.0,2026-08-19
1772,ARCT,Healthcare,Biotechnology,NASDAQ,529670,8.14,84.38,19,24,-66.32,85.9,26.9,31.2,49.9,49.3,39.3,30,11,16,22,4.4,0,0,0,0,0,0,233921844.8589516,28423069.0,0.3154,-0.895,632720,510596,0,13.4,0.6,2026-08-19
1773,LDOS,Technology,Information Technology Services,NYSE,1545486,142.25,84.36,16,17,-30.87,46.3,46.5,3.6,13.2,24.4,-7.0,30,14,15,54,19.5,0,0,0,0,0,0,18091723805.100067,125785466.0,0.047399998,0.072,1890430,1747690,0,25.6,-10.8,2026-08-19
1774,PRTA,Healthcare,Biotechnology,NASDAQ,519370,8.88,84.35,-6,13,-24.75,17.4,38.3,3.5,6.0,4.2,-3.0,30,36,55,34,49.9,0,0,0,0,0,0,454845572.0148487,51336974.0,0.1917,-0.771,429610,563710,0,43.7,-8.4,2026-08-19
1775,MIAX,Financial Services,Capital Markets,NYSE,1281330,42.41,84.31,-25,6,-25.78,32.1,37.8,-5.9,-7.5,-2.5,-6.8,30,55,86,60,,0,0,0,0,0,0,4318528726.3843,99230898.0,0.0789,0.183,1296670,1981902,0,67.0,,2026-08-19
1776,NVAX,Healthcare,Biotechnology,NASDAQ,3191530,8.07,84.26,-10,19,-32.58,41.3,51.7,9.2,13.1,3.9,4.3,30,40,69,82,26.9,0,0,0,0,0,0,1327813125.7609005,164945726.0,0.2786,-0.763,3357790,3735242,0,54.5,-4.7,2026-08-19
1777,PEG,Utilities,Utilities - Regulated Electric,NYSE,2887723,75.61,84.25,-9,-12,-13.72,1.0,6.2,-0.2,-1.7,-4.5,-6.4,30,39,36,55,23.9,0,0,0,0,0,0,37892359864.30687,498321402.0,0.0239,-0.089,2864380,2947980,0,38.5,4.6,2026-08-19
1778,ULS,Industrials,Specialty Business Services,NYSE,1023363,77.11,84.18,-33,-15,-28.3,21.4,31.7,-1.3,-7.4,-14.5,-11.0,30,63,81,62,43.1,0,0,0,0,0,0,15613078703.363457,201563115.0,0.0718,0.052,1381150,1117886,0,62.3,8.4,2026-08-19
1779,PDI,Financial Services,Asset Management,NYSE,2805860,15.43,84.13,-10,-11,-23.5,0.3,1.0,-3.8,-4.5,-6.5,-12.5,30,40,39,55,17.5,0,0,0,0,0,0,7269639520.5,461564414.0,0.19,,3224260,2802256,0,37.9,8.4,2026-08-19
1780,AMT,Real Estate,REIT - Specialty,NYSE,2872790,172.23,84.12,-1,5,-19.81,7.6,24.9,1.4,1.6,0.8,-2.0,30,31,37,40,21.6,0,0,0,0,0,0,81813266081.03833,465960048.0,0.0188,0.047,2381240,3190470,0,32.4,2.3,2026-08-19
1781,IBM,Technology,Information Technology Services,NYSE,11491270,228.85,84.04,7,12,-31.16,15.3,25.4,0.9,3.4,-4.7,-11.1,30,23,28,26,34.0,0,0,0,0,0,0,220760937165.1984,942134390.0,0.026199998,0.011,5727530,10234990,0,27.7,-6.6,2026-08-19
1782,WLK,Basic Materials,Specialty Chemicals,NYSE,1114956,78.21,84.04,3,45,-37.04,40.9,34.4,0.7,3.7,1.5,-9.1,30,27,69,85,28.5,0,0,0,0,0,0,10166215783.404114,127796548.0,0.14850001,0.108,1207250,1150666,0,52.4,-16.6,2026-08-19
1783,ADSK,Technology,Software - Application,NASDAQ,2048646,241.64,84.03,6,16,-26.57,33.9,45.7,0.6,5.0,14.5,0.0,30,24,34,19,24.5,0,0,0,0,0,0,53136814639.897,211145251.0,0.0469,0.184,1701130,2620692,0,25.4,-0.3,2026-08-19
1784,NYT,Communication Services,Publishing,NYSE,2029816,65.27,84.03,-40,-41,-25.06,20.7,36.2,2.1,-4.5,-8.0,-9.5,30,70,69,80,43.9,0,0,0,0,0,0,10449563684.599531,161283586.0,0.0862,0.113,3079910,1998228,0,65.7,11.2,2026-08-19
1785,CHRW,Industrials,Integrated Freight & Logistics,NASDAQ,2151366,144.78,84.01,-60,-70,-31.17,19.4,26.8,-1.6,-9.3,-18.6,-16.1,30,90,80,87,53.3,0,0,0,0,0,0,17360592256.904175,116851258.0,0.053600002,0.193,1539650,1863288,1,77.6,19.9,2026-08-19
1786,OR,Basic Materials,Gold,NYSE,1002753,33.33,84.01,9,52,-30.65,24.4,34.8,4.8,10.2,10.8,-4.4,30,21,64,91,47.5,0,0,0,0,0,0,6248449978.401077,187303653.0,2.34,0.62,951760,1059514,1,55.9,-31.5,2026-08-19
1787,BEPC,Utilities,Utilities - Renewable,NYSE,1881390,35.1,83.94,1,20,-22.31,6.0,15.8,-1.0,0.9,-3.6,-12.7,30,29,48,80,37.1,0,0,0,0,0,0,6588773730.0,185599260.0,6.82,0.13,2107330,1711010,0,48.5,-16.2,2026-08-19
1788,VNT,Technology,Scientific & Technical Instruments,NYSE,1537996,32.33,83.94,7,-1,-32.93,18.6,32.5,-1.7,0.6,7.5,-5.8,30,23,15,59,15.7,0,0,0,0,0,0,4439968020.629883,135200000.0,0.1067,-0.022,1791980,1656996,0,28.2,-2.8,2026-08-19
1789,CALM,Consumer Defensive,Farm Products,NASDAQ,916520,80.44,83.91,-31,-65,-31.51,11.2,18.3,-2.1,-5.7,-3.0,-1.8,30,61,27,32,14.4,0,0,0,0,0,0,3804505845.3845215,46917080.0,0.13149999,-0.499,666370,883858,0,33.6,32.5,2026-08-19
1790,ECVT,Basic Materials,Specialty Chemicals,NYSE,1319246,10.39,83.85,-47,-35,-31.12,33.3,36.6,1.3,-7.4,-12.9,-9.3,30,77,89,84,53.5,0,0,0,0,0,0,1137376692.802992,109468398.0,0.0376,0.42,1340670,1610452,0,75.9,9.2,2026-08-19
1791,TMDX,Healthcare,Medical Devices,NASDAQ,924910,88.35,83.85,17,11,-43.37,51.5,36.1,6.8,14.6,22.8,-12.6,30,13,7,74,12.4,0,0,0,0,0,0,3071524407.592087,34675145.0,0.3445,0.207,1104800,1017658,0,26.6,-11.3,2026-08-19
1792,EXE,Energy,Oil & Gas E&P,NASDAQ,3616306,94.18,83.81,-1,7,-25.62,10.4,25.3,0.9,2.6,6.0,-5.9,30,31,39,35,38.6,0,0,0,0,0,0,22674110016.1926,239228849.0,0.0373,-0.106,2543840,3754474,0,35.9,-5.4,2026-08-19
1793,BHF,Financial Services,Insurance - Life,NASDAQ,723683,55.74,83.74,-41,-54,-16.56,22.9,42.7,-8.5,-12.2,-14.9,-14.8,30,71,58,54,47.6,0,0,0,0,0,0,3374778534.391136,57511563.0,0.122700006,0.867,1039860,630062,0,57.6,16.4,2026-08-19
1794,AGRO,Consumer Defensive,Farm Products,NYSE,731436,9.26,83.65,-35,-11,-41.72,48.2,42.4,11.5,8.5,5.5,2.9,30,65,89,52,48.9,0,0,0,0,0,0,1285788410.0402756,144308466.0,0.0292,0.39,850930,839132,0,63.7,8.2,2026-08-19
1795,DPZ,Consumer Cyclical,Restaurants,NASDAQ,913226,335.42,83.63,4,-4,-28.48,18.9,29.0,-3.1,-3.6,3.5,-8.6,30,26,18,33,15.2,0,0,0,0,0,0,11455212015.003204,33081735.0,0.1092,0.043,678160,944782,0,23.1,4.8,2026-08-19
1796,CTSH,Technology,Information Technology Services,NASDAQ,9637866,56.61,83.62,15,17,-34.95,57.3,46.3,4.5,10.7,24.3,-4.3,30,15,17,22,24.8,0,0,0,0,0,0,27807670433.044437,473000000.0,0.0996,0.045,9897860,11562278,0,19.7,-6.5,2026-08-19
1797,BBWI,Consumer Cyclical,Specialty Retail,NYSE,5033890,18.81,83.62,0,-18,-41.8,32.5,28.3,1.7,-0.8,-2.6,-3.3,30,30,12,53,9.7,0,0,0,0,0,0,3912314740.164108,201561812.0,0.0779,-0.032,5270280,5329208,0,26.2,7.4,2026-08-19
1798,UBER,Technology,Software - Application,NYSE,18726816,74.99,83.58,2,4,-26.47,18.4,35.4,3.1,7.3,7.6,1.0,30,28,30,24,20.2,0,0,0,0,0,0,155132434956.5512,2042560121.0,0.0241,0.122,24144500,20489750,0,25.6,4.5,2026-08-19
1799,AS,Consumer Cyclical,Leisure,NYSE,4335006,32.57,83.55,-19,-36,-23.83,15.2,36.1,-0.6,-2.6,-2.4,-4.1,30,49,32,61,24.2,0,0,0,0,0,0,19124489307.427032,581822024.0,0.0868,0.321,5699960,4192962,0,41.6,11.7,2026-08-19
1800,FSCO,Financial Services,Asset Management,NYSE,901866,5.1,83.52,0,-5,-32.27,13.6,20.9,1.8,3.2,5.1,-5.7,29,29,24,24,11.4,0,0,0,0,0,0,1033597912.9559112,202269645.0,0.0081,,905640,992860,0,22.1,10.3,2026-08-19
1801,SOFI,Financial Services,Credit Services,NASDAQ,74624026,18.31,83.52,8,10,-44.06,21.6,19.2,1.4,4.8,4.8,-10.7,29,21,23,37,15.5,0,0,0,0,0,0,23622822408.427948,1291570324.0,0.1497,0.426,49571820,78586806,0,24.1,-0.6,2026-08-19
1802,PEP,Consumer Defensive,Beverages - Non-Alcoholic,NASDAQ,7917163,138.24,83.47,-4,10,-19.38,5.7,21.5,2.2,2.2,1.8,-4.3,29,33,47,71,30.7,0,0,0,0,0,0,192163073287.11932,1364891558.0,0.024,0.064,6217740,8863078,0,45.4,-7.8,2026-08-19
1803,RMD,Healthcare,Medical Instruments & Supplies,NYSE,1442246,220.37,83.46,5,3,-25.0,26.2,43.1,3.5,7.0,12.4,0.2,29,24,22,42,18.4,0,0,0,0,0,0,32378873573.250824,144252306.0,0.1245,0.086,1725820,1506820,0,26.6,-0.6,2026-08-19
1804,EQT,Energy,Oil & Gas E&P,NYSE,7097260,53.01,83.39,-2,17,-22.32,9.8,25.1,0.4,1.2,3.3,-4.8,29,31,50,57,41.3,0,0,0,0,0,0,34040579574.646,625516000.0,0.0332,-0.039,5929620,7445540,0,44.8,-12.3,2026-08-19
1805,RELX,Industrials,Specialty Business Services,NYSE,2765450,33.56,83.37,3,5,-31.48,26.6,35.2,0.6,-1.1,4.2,-2.1,29,26,28,15,13.8,0,0,0,0,0,0,60030399488.08899,1743549200.0,0.0023,0.027,2190390,2744870,0,20.7,8.1,2026-08-19
1806,OPCH,Healthcare,Medical Care Facilities,NASDAQ,2453460,23.37,83.31,10,6,-36.49,19.6,22.4,-1.9,0.3,5.1,-14.9,29,19,15,62,20.1,0,0,0,0,0,0,3760808840.602478,157027504.0,0.121199995,0.019,2312960,2661018,0,29.0,-8.8,2026-08-19
1807,RYAAY,Industrials,Airlines,NASDAQ,1515333,57.34,83.3,-10,-15,-22.76,2.9,7.5,-6.3,-6.6,-10.2,-13.3,29,39,34,67,20.4,0,0,0,0,0,0,30517265127.068348,518912845.0,0.0057,0.011,728830,1308030,0,40.1,4.2,2026-08-19
1808,WEAV,Healthcare,Health Information Services,NYSE,1219083,5.53,83.24,-43,-88,-31.81,67.3,81.0,25.6,17.0,18.4,22.0,29,72,27,13,26.8,0,0,0,0,0,0,436795192.7917242,79999119.0,0.0732,0.155,1543860,1144396,0,34.7,38.9,2026-08-19
1809,CNH,Industrials,Farm & Heavy Construction Machinery,NYSE,12836593,10.29,83.22,-12,-28,-22.69,11.6,27.6,-2.0,-3.6,-3.2,-3.1,29,41,25,64,18.5,0,0,0,0,0,0,16789176612.549736,1608158744.0,0.078,0.02,16549980,12065182,0,37.1,8.2,2026-08-19
1810,CME,Financial Services,Financial Data & Stock Exchanges,NASDAQ,2388450,267.88,83.21,-3,19,-18.62,22.1,44.8,0.5,1.2,6.1,-4.1,29,32,54,71,33.7,0,0,0,0,0,0,97014480768.0047,359579263.0,0.019299999,0.008,1756200,3136856,0,47.7,-10.8,2026-08-19
1811,FNF,Financial Services,Insurance - Specialty,NYSE,1538523,49.13,83.21,-15,-26,-17.02,11.9,33.5,-1.3,-3.9,-1.3,-5.7,29,44,33,32,19.8,0,0,0,0,0,0,13267499479.073822,268192827.0,0.0279,0.105,1653580,1643078,0,32.2,15.6,2026-08-19
1812,EFX,Industrials,Consulting Services,NYSE,1575320,176.8,83.2,3,-5,-34.96,26.4,36.4,5.6,6.9,12.4,1.3,29,26,18,24,15.3,0,0,0,0,0,0,21247144158.6709,117484896.0,0.0689,0.106,1045930,1731862,0,20.8,6.6,2026-08-19
1813,LRN,Consumer Defensive,Education & Training Services,NYSE,1043620,83.43,83.05,2,9,-51.26,37.9,21.3,2.8,-0.2,-3.9,2.4,29,27,34,24,4.6,0,0,0,0,0,0,3464428704.5661163,41559845.0,0.2292,-0.027,1354660,1009196,0,22.4,11.1,2026-08-19
1814,BSY,Technology,Software - Application,NASDAQ,2705453,34.74,83.02,7,6,-39.32,26.4,26.4,0.9,2.7,10.0,-1.2,29,22,21,17,10.9,0,0,0,0,0,0,10947846804.412884,302092889.0,0.093,0.128,2814440,3180986,0,17.7,6.7,2026-08-19
1815,BAH,Industrials,Consulting Services,NYSE,2186383,74.97,82.92,11,19,-33.19,32.0,37.5,2.4,7.0,12.5,-1.2,29,18,26,22,12.2,0,0,0,0,0,0,9317273898.455818,120284973.0,0.078600004,-0.042,1790260,2353686,0,19.5,1.3,2026-08-19
1816,PAL,Industrials,Integrated Freight & Logistics,NASDAQ,537200,5.89,82.9,-11,-39,-46.31,10.0,8.7,-9.8,-16.3,-21.7,-28.4,29,40,12,32,12.5,0,0,0,0,0,0,154291076.5,28052923.0,0.0641,-0.053,1197740,477974,0,24.1,18.2,2026-08-19
1817,DKS,Consumer Cyclical,Specialty Retail,NYSE,1255133,196.24,82.78,-11,11,-19.7,1.9,6.8,-5.0,-5.8,-11.3,-9.8,29,40,62,52,21.6,0,0,0,0,0,0,18076827507.146027,89502537.0,0.1508,0.627,1456210,1224436,0,43.9,4.6,2026-08-19
1818,NMFC,Financial Services,Asset Management,NASDAQ,586380,7.47,82.78,3,13,-30.25,11.3,20.1,-0.9,3.2,3.5,-8.6,29,26,36,25,13.2,0,0,0,0,0,0,730116976.5015364,94452390.0,0.041300002,-0.264,622940,660864,0,25.1,5.6,2026-08-19
1819,RKT,Financial Services,Mortgage Finance,NYSE,29084653,14.5,82.75,4,2,-40.48,18.5,20.6,3.0,5.7,3.7,-10.4,29,25,23,67,19.6,0,0,0,0,0,0,41795042782.07152,2831642421.0,0.0521,0.919,29372930,31585660,0,33.7,-5.5,2026-08-19
1820,WH,Consumer Cyclical,Lodging,NYSE,1359430,72.94,82.71,-5,-3,-19.27,9.4,31.7,2.9,1.8,-3.5,-3.4,29,34,36,46,20.3,0,0,0,0,0,0,5464164709.033066,74211122.0,0.1082,-0.055,1268090,1422632,0,34.1,4.3,2026-08-19
1821,OFRM,Consumer Defensive,Packaged Foods,NYSE,500680,17.44,82.67,-9,-32,-35.41,23.7,30.0,2.1,7.2,-0.8,,29,38,15,64,,0,0,0,0,0,0,733576679.0773067,41990653.0,0.2811,0.423,531610,554402,0,39.0,,2026-08-19
1822,GOF,Financial Services,Asset Management,NYSE,1280970,10.3,82.67,-4,-2,-32.06,0.0,0.0,-4.0,-3.8,-5.7,-13.3,29,33,35,35,10.2,0,0,0,0,0,0,2217971043.288803,212043120.0,0.71,,1153390,1380444,0,28.3,10.8,2026-08-19
1823,BR,Technology,Information Technology Services,NYSE,1140643,167.84,82.6,6,-1,-36.75,30.0,31.8,3.4,8.0,16.0,-2.6,28,22,15,19,10.1,0,0,0,0,0,0,19778724734.64,115658297.0,0.0395,0.075,1539460,1355638,0,16.5,7.2,2026-08-19
1824,DECK,Consumer Cyclical,Footwear & Accessories,NYSE,2261853,90.11,82.59,-15,-27,-28.17,15.1,27.1,-2.1,-5.0,-10.5,-10.4,28,43,31,70,23.8,0,0,0,0,0,0,12677168569.417145,136181857.0,0.067,0.057,2144830,2248806,0,41.9,5.4,2026-08-19
1825,HLNE,Financial Services,Asset Management,NASDAQ,740616,100.84,82.55,11,5,-36.77,42.1,36.7,2.2,8.8,20.8,-3.1,28,17,11,17,9.2,0,0,0,0,0,0,5744732787.390976,55110638.0,0.1096,0.565,808230,882464,0,13.6,4.5,2026-08-19
1826,LHX,Industrials,Aerospace & Defense,NYSE,1482173,278.38,82.52,-4,23,-26.59,2.4,6.1,-3.0,-3.8,-5.3,-12.3,28,32,59,85,37.8,0,0,0,0,0,0,54341150604.99658,186214616.0,0.0238,1.9,1415650,1515828,0,53.5,-16.2,2026-08-19
1827,CG,Financial Services,Asset Management,NASDAQ,3505733,48.54,82.51,4,7,-30.51,21.9,30.8,1.2,3.3,8.3,-3.5,28,24,27,36,16.6,0,0,0,0,0,0,17560079850.46344,356332798.0,0.064,-0.329,5143370,3713882,0,25.9,1.0,2026-08-19
1828,HUN,Basic Materials,Chemicals,NYSE,3701926,10.31,82.46,-32,-10,-35.92,37.2,32.6,-0.6,-5.5,-12.5,-14.2,28,60,82,76,37.0,0,0,0,0,0,0,1806399778.2508163,175378616.0,0.0987,0.141,2789630,5617980,0,63.7,6.1,2026-08-19
1829,ULTA,Consumer Cyclical,Specialty Retail,NASDAQ,556566,493.33,82.46,-1,2,-31.0,17.1,30.1,-0.2,1.7,8.0,-4.9,28,29,32,87,37.6,0,0,0,0,0,0,21956790593.25,42989311.0,0.0538,0.111,548570,663364,0,46.4,-16.2,2026-08-19
1830,PAX,Financial Services,Asset Management,NASDAQ,1063190,11.42,82.44,5,6,-35.84,7.3,11.3,0.9,2.3,2.5,-13.1,28,23,24,48,20.0,0,0,0,0,0,0,1856029240.5,161393847.0,0.1029,0.349,1269490,987468,0,28.7,-3.6,2026-08-19
1831,NICE,Technology,Software - Application,NASDAQ,621490,97.9,82.42,0,-11,-36.3,21.4,25.3,0.2,2.1,5.8,-5.2,28,28,17,27,17.4,0,0,0,0,0,0,5976379975.4676895,58442987.0,0.0317,0.076,729230,644980,0,22.3,6.6,2026-08-19
1832,CPB,Consumer Defensive,Packaged Foods,NASDAQ,5526213,22.68,82.33,-4,-23,-33.63,19.0,27.2,3.9,5.2,6.4,-3.0,28,32,13,24,14.0,0,0,0,0,0,0,6909438673.061331,298206243.0,0.3121,-0.044,4563050,8334228,0,20.8,12.5,2026-08-19
1833,CE,Basic Materials,Chemicals,NYSE,1943910,44.99,82.24,1,42,-36.36,30.2,31.8,3.6,3.5,-2.1,-7.9,28,27,68,70,45.5,0,0,0,0,0,0,5011135944.413643,109748926.0,0.123,0.087,2237690,1853358,0,52.6,-21.9,2026-08-19
1834,OEC,Basic Materials,Specialty Chemicals,NYSE,568526,6.23,82.12,-11,-14,-42.79,39.5,26.7,-8.0,-9.9,-10.0,-2.0,28,39,36,21,5.6,0,0,0,0,0,0,364006184.7942548,56522699.0,0.0279,0.074,452580,622690,0,25.4,20.6,2026-08-19
1835,G,Technology,Information Technology Services,NYSE,2166500,33.7,82.1,7,5,-30.72,32.4,42.4,5.4,6.7,15.2,-4.0,28,21,19,24,20.4,0,0,0,0,0,0,5689645123.580063,168034407.0,0.0757,0.071,2248960,2386702,0,21.1,-0.1,2026-08-19
1836,ICL,Basic Materials,Agricultural Inputs,NYSE,1144690,5.46,82.09,-3,35,-21.66,14.6,34.3,1.8,4.0,5.6,1.0,28,31,69,30,24.9,0,0,0,0,0,0,7163487149.73499,1290718361.0,0.0055,0.165,1186850,1338626,0,38.7,-0.6,2026-08-19
1837,PTON,Consumer Cyclical,Leisure,NASDAQ,8571526,5.29,82.07,-34,-65,-42.5,47.4,33.3,-0.5,-7.8,-7.0,-2.6,28,62,31,10,8.8,0,0,0,0,0,0,2470848289.854892,438871801.0,0.1458,0.001,11377420,9106926,0,28.0,40.1,2026-08-19
1838,TW,Financial Services,Capital Markets,NASDAQ,1591533,105.17,81.98,-1,1,-19.78,12.9,30.2,-1.0,0.3,2.5,-5.2,28,29,31,35,17.6,0,0,0,0,0,0,22636491467.349083,212969153.0,0.0343,0.09,1288210,1664120,0,28.1,4.3,2026-08-19
1839,SFM,Consumer Defensive,Grocery Stores,NASDAQ,1990566,80.6,81.97,3,18,-47.06,21.0,16.1,-4.7,-3.8,-3.1,0.3,28,25,40,13,5.2,0,0,0,0,0,0,7692929062.5,93247625.0,0.14930001,0.047,1497850,2109752,0,20.8,10.8,2026-08-19
1840,RPC,Financial Services,Asset Management,NYSE,557756,8.53,81.94,-7,-18,-33.88,25.9,30.7,-0.5,-0.2,4.9,-1.3,28,35,24,20,10.3,0,0,0,0,0,0,955767283.2105256,110238440.0,0.0473,0.113,676650,508416,0,22.3,16.5,2026-08-19
1841,LPX,Industrials,Building Products & Equipment,NYSE,1243790,72.29,81.83,-1,-5,-28.62,13.4,27.6,1.9,2.1,1.1,-3.4,28,29,25,36,17.0,0,0,0,0,0,0,5166640722.222137,69923410.0,0.0956,-0.121,1342300,1201542,0,26.8,5.0,2026-08-19
1842,CLB,Energy,Oil & Gas Equipment & Services,NYSE,738360,12.62,81.82,6,25,-38.02,28.2,28.4,3.5,9.3,8.8,-16.9,28,22,41,81,54.3,0,0,0,0,0,0,571262539.1482182,45884542.0,0.2191,-0.043,555490,939438,0,49.6,-29.8,2026-08-19
1843,LOW,Consumer Cyclical,Home Improvement Retail,NYSE,2877530,215.81,81.81,1,5,-26.36,9.0,21.2,0.6,2.1,1.9,-7.5,27,26,30,70,24.6,0,0,0,0,0,0,122561670684.81444,561000000.0,0.0224,0.103,2355060,2939460,0,37.6,-8.5,2026-08-19
1844,BRSL,Consumer Cyclical,Gambling,NYSE,1844890,11.57,81.75,4,0,-37.7,13.3,16.2,0.6,4.4,3.4,-13.3,27,23,19,32,14.3,0,0,0,0,0,0,2154532358.4789324,182742355.0,0.044,-0.074,2453420,1724150,0,22.1,3.0,2026-08-19
1845,VST,Utilities,Utilities - Independent Power Producers,NYSE,4444583,146.11,81.71,-5,-13,-33.53,5.9,9.6,-0.9,-3.5,-7.1,-11.0,27,32,24,51,13.0,0,0,0,0,0,0,49717643074.193726,335635195.0,0.0299,-0.055,5144130,4451298,0,30.0,6.5,2026-08-19
1846,GXO,Industrials,Integrated Freight & Logistics,NYSE,1580903,47.32,81.66,-10,-16,-29.21,1.9,4.2,-2.2,-6.5,-7.3,-12.9,27,37,31,84,23.0,0,0,0,0,0,0,5589060664.280258,115048589.0,0.059899997,0.043,1922190,1481562,0,43.8,-1.8,2026-08-19
1847,DUOL,Technology,Software - Application,NASDAQ,1224413,130.16,81.51,-1,-17,-64.98,62.2,20.1,7.9,9.3,13.2,7.4,27,28,12,5,2.7,0,0,0,0,0,0,6188963816.424545,46593117.0,0.20719999,0.183,1674170,1354482,0,11.9,18.9,2026-08-19
1848,BZ,Communication Services,Internet Content & Information,NASDAQ,3239040,15.55,81.5,-2,-13,-38.44,27.1,28.0,-0.3,0.1,8.9,-2.7,27,29,18,26,14.5,0,0,0,0,0,0,6931214758.034277,446886825.0,0.056799997,0.076,3293940,3446756,0,21.9,8.9,2026-08-19
1849,HCA,Healthcare,Medical Care Facilities,NYSE,1573416,404.98,81.47,-1,-2,-27.23,12.7,24.9,-0.8,1.0,3.4,-10.8,27,28,27,79,39.5,0,0,0,0,0,0,87613825434.29565,216501500.0,0.043,0.087,1085450,1588784,0,43.4,-15.8,2026-08-19
1850,YMM,Technology,Software - Application,NYSE,6233830,8.84,81.36,-6,-18,-37.17,15.4,18.0,-4.9,-6.3,-0.4,-9.5,27,33,21,25,16.1,0,0,0,0,0,0,9214328288.01467,1045894194.0,0.0223,0.055,5709140,6589412,0,23.8,11.2,2026-08-19
1851,GAP,Consumer Cyclical,Apparel Retail,NYSE,6215846,20.18,81.36,0,2,-31.27,9.5,16.2,-2.0,-0.7,-0.9,-16.6,27,27,29,64,31.7,0,0,0,0,0,0,7415566157.121065,359978933.0,0.1459,0.01,5240840,6994532,0,37.9,-9.9,2026-08-19
1852,LKQ,Consumer Cyclical,Auto Parts,NASDAQ,3282860,25.45,81.36,4,1,-31.46,15.2,27.6,3.3,4.0,1.8,-11.2,27,23,20,41,21.0,0,0,0,0,0,0,6431313045.422527,253002086.0,0.0695,-0.03,3436940,3123972,0,26.3,-2.3,2026-08-19
1853,BROS,Consumer Cyclical,Restaurants,NYSE,3609203,50.42,81.36,-43,-68,-32.46,7.7,13.0,-1.5,-13.3,-20.4,-12.6,27,70,45,20,18.2,0,0,0,0,0,0,9086942946.282944,174681716.0,0.33400002,0.325,5678780,3649248,0,38.3,38.4,2026-08-19
1854,KVYO,Technology,Software - Application,NYSE,5808536,17.54,81.34,5,-6,-51.58,41.5,23.2,2.2,1.9,10.2,-13.2,27,22,11,9,6.1,0,0,0,0,0,0,5533683673.870287,299279813.0,0.1496,0.264,8907600,5925218,0,12.0,11.6,2026-08-19
1855,CC,Basic Materials,Specialty Chemicals,NYSE,2845010,15.72,81.26,-25,15,-45.17,51.8,31.1,3.5,-1.3,-12.9,-11.3,27,52,92,87,41.6,0,0,0,0,0,0,2383486745.0145435,150377709.0,0.1191,-0.015,4129450,2799908,1,68.2,-5.8,2026-08-19
1856,DXC,Technology,Information Technology Services,NYSE,3811936,10.39,81.23,11,8,-33.74,32.0,36.5,0.4,1.4,11.3,-10.2,27,16,13,24,17.0,0,0,0,0,0,0,1724012048.2149267,159778689.0,0.2101,-0.051,3168820,4953662,0,17.5,-1.8,2026-08-19
1857,SNN,Healthcare,Medical Devices,NYSE,1642753,29.68,81.22,-7,-8,-23.49,2.0,5.8,-1.9,-4.1,-3.6,-9.6,27,34,33,67,18.1,0,0,0,0,0,0,12475674248.853493,418506356.0,0.0121,0.046,1287150,1539220,0,38.0,1.4,2026-08-19
1858,ACHR,Industrials,Aerospace & Defense,NYSE,38813496,6.39,81.11,13,14,-56.29,45.3,21.8,2.5,15.4,22.7,-2.7,27,14,15,26,9.4,0,0,0,0,0,0,5097577327.877426,770026800.0,0.13430001,,52016630,40250038,0,16.1,-0.2,2026-08-19
1859,NXTC,Healthcare,Biotechnology,NASDAQ,4391566,7.71,81.09,15,75,-51.02,323.8,40.9,-4.2,13.6,66.0,-27.0,27,12,72,91,60.9,0,0,0,0,0,0,37580117.56461239,4577359.0,0.0309,,407070,2686166,1,59.0,-46.2,2026-08-19
1860,DOLE,Consumer Defensive,Farm Products,NYSE,965120,12.93,81.06,-19,-28,-21.97,4.8,16.5,0.4,-2.9,-4.7,-8.9,27,46,37,64,29.7,0,0,0,0,0,0,1256302151.1165876,94458807.0,0.041300002,0.029,1127460,1075032,0,44.2,5.4,2026-08-19
1861,CTRI,Utilities,Utilities - Regulated Gas,NYSE,1946110,23.91,81.06,-31,-11,-44.38,16.8,14.5,-3.3,-8.4,-16.5,-20.1,27,58,78,90,43.6,0,0,0,0,0,0,2384747396.591566,100963053.0,0.040900003,0.329,2818110,1726600,1,67.4,-1.2,2026-08-19
1862,OTEX,Technology,Software - Application,NASDAQ,1696953,23.93,81.04,-1,-5,-40.03,22.5,22.9,-0.1,-0.0,5.7,-7.5,27,28,24,22,17.8,0,0,0,0,0,0,5954934536.564026,242662360.0,0.048499998,0.029,2263660,1910216,0,22.9,6.7,2026-08-19
1863,VFC,Consumer Cyclical,Apparel Manufacturing,NYSE,7646193,14.48,81.04,-23,-23,-34.98,11.8,17.5,-2.1,-5.9,-11.7,-18.4,27,50,50,77,45.9,0,0,0,0,0,0,5845911010.909319,393134570.0,0.0836,-0.052,6613250,7480432,0,55.7,-3.3,2026-08-19
1864,KLAR,Financial Services,Credit Services,NYSE,3655680,19.51,81.02,1,-8,-58.91,20.0,7.4,-21.9,-22.1,-21.6,-29.9,27,26,17,5,,0,0,0,0,0,0,7860979720.113235,378113486.0,0.1188,0.444,3698540,4205640,0,16.0,,2026-08-19
1865,BNTX,Healthcare,Biotechnology,NASDAQ,876590,91.6,81.01,-2,-8,-26.13,34.8,82.5,19.6,21.3,23.0,15.8,27,29,23,52,35.0,0,0,0,0,0,0,23384613511.002136,251204366.0,0.0369,-0.595,1088810,942330,0,34.8,-7.0,2026-08-19
1866,CRNC,Technology,Software - Application,NASDAQ,721160,8.52,80.98,-1,34,-37.98,36.2,29.4,-6.5,-6.6,-15.8,-15.7,27,28,63,17,10.7,0,0,0,0,0,0,406620000.0776157,45230257.0,0.1421,0.118,741990,816796,0,29.7,7.4,2026-08-19
1867,EMBC,Healthcare,Medical Instruments & Supplies,NASDAQ,1570790,5.13,80.96,24,23,-67.01,86.9,20.3,12.0,29.3,50.0,-35.3,27,3,2,24,2.1,0,0,0,0,0,0,288963949.4965196,56659599.0,0.1418,-0.081,2157280,1955796,0,7.8,-3.6,2026-08-19
1868,QDEL,Healthcare,Medical Devices,NASDAQ,1407700,14.58,80.94,-1,-23,-59.02,38.6,15.1,-3.1,-11.2,-11.6,-31.3,27,28,6,20,4.7,0,0,0,0,0,0,980628619.1797248,68575427.0,0.2585,0.028,1989090,1604320,0,14.7,15.5,2026-08-19
1869,MFIC,Financial Services,Asset Management,NASDAQ,555563,9.7,80.93,-1,8,-27.29,3.7,9.1,0.8,1.3,-0.8,-10.8,27,28,37,29,14.5,0,0,0,0,0,0,803133123.0,82372628.0,0.0346,-0.16,800410,568734,0,27.1,5.7,2026-08-19
1870,LAZ,Financial Services,Capital Markets,NYSE,1728996,43.75,80.92,-1,11,-25.53,15.6,32.7,2.7,4.1,4.7,-4.3,27,28,40,52,19.1,0,0,0,0,0,0,4350193474.600891,97450572.0,0.1093,0.001,1494560,2439494,0,34.8,-1.6,2026-08-19
1871,MLM,Basic Materials,Building Materials,NYSE,561876,538.66,80.91,-5,-9,-24.24,2.4,6.9,-1.3,-2.4,-6.0,-11.8,27,32,28,74,24.4,0,0,0,0,0,0,32911874723.334656,60065839.0,0.045300003,0.21,472020,601814,0,39.6,-4.2,2026-08-19
1872,ORN,Industrials,Engineering & Construction,NYSE,610370,9.81,80.9,-52,-42,-43.62,46.3,28.8,-2.4,-7.3,-25.6,-20.9,27,79,89,92,69.9,0,0,0,0,0,0,402118242.05818176,40495290.0,0.0653,0.081,474960,563368,1,82.5,1.0,2026-08-19
1873,HE,Utilities,Utilities - Regulated Electric,NYSE,1773350,11.81,80.83,-16,2,-32.05,7.5,13.2,-1.6,-6.4,-10.2,-14.7,27,43,61,83,38.4,0,0,0,0,0,0,2026099407.851395,172728004.0,0.1244,0.259,2190070,1797094,0,56.3,-7.5,2026-08-19
1874,SGRY,Healthcare,Medical Care Facilities,NASDAQ,1727876,14.36,80.79,-10,-28,-40.41,18.4,17.1,-8.8,-11.3,-12.1,-9.9,27,37,19,21,7.3,0,0,0,0,0,0,1967701412.841053,130918260.0,0.205,0.027,2243870,1569612,0,21.1,19.8,2026-08-19
1875,VYX,Technology,Information Technology Services,NYSE,2051896,7.7,80.77,-3,-22,-44.28,24.2,19.7,-4.9,-6.9,-3.8,-10.3,26,29,10,22,7.3,0,0,0,0,0,0,1126650346.6122055,138069898.0,0.3728,-0.208,2502130,2357322,0,17.1,14.2,2026-08-19
1876,PTC,Technology,Software - Application,NASDAQ,1494870,145.98,80.69,6,13,-32.93,35.7,38.5,2.1,9.2,18.0,0.5,26,20,27,26,13.7,0,0,0,0,0,0,16248812584.75,108506261.0,0.1013,-0.068,1269800,1831340,0,21.7,1.2,2026-08-19
1877,MLTX,Healthcare,Biotechnology,NASDAQ,1257196,16.35,80.67,-42,-91,-73.94,168.1,18.8,-1.4,-6.3,-10.7,1.0,26,68,19,23,1.4,0,0,0,0,0,0,1401707043.511877,85106685.0,0.092700005,,1641500,1316026,0,27.8,47.2,2026-08-19
1878,BABA,Consumer Cyclical,Internet Retail,NYSE,11156106,124.71,80.66,-1,9,-35.27,36.0,36.1,1.6,4.7,13.0,-6.7,26,27,37,65,41.3,0,0,0,0,0,0,296756916421.4078,2396873615.0,0.0178,0.029,8543640,12014842,0,42.6,-15.7,2026-08-19
1879,PHR,Healthcare,Health Information Services,NYSE,728200,11.58,80.65,4,-12,-64.65,48.4,15.9,-1.0,4.5,13.1,-8.9,26,22,6,8,2.5,0,0,0,0,0,0,758588264.7044849,61774290.0,0.058000002,0.129,737610,920280,0,9.6,14.2,2026-08-19
1880,RXST,Healthcare,Medical Devices,NASDAQ,983910,6.48,80.65,9,2,-50.98,34.2,18.5,-6.6,-1.0,11.0,-20.5,26,17,10,19,14.7,0,0,0,0,0,0,286577528.2867012,41593256.0,0.1029,0.003,856290,1186242,0,15.2,1.4,2026-08-19
1881,VRSK,Industrials,Consulting Services,NASDAQ,1668833,175.62,80.65,-11,-29,-36.41,18.9,25.5,1.7,-2.6,-0.8,-4.9,26,37,19,18,11.7,0,0,0,0,0,0,23645442461.717224,130156012.0,0.0383,0.044,1370010,2337074,0,21.4,18.3,2026-08-19
1882,TAP,Consumer Defensive,Beverages - Brewers,NYSE,2944456,40.74,80.6,-7,-13,-25.68,10.6,25.5,0.9,1.4,4.4,-4.2,26,33,27,38,19.7,0,0,0,0,0,0,7974634799.761837,186453933.0,0.2595,-0.033,2646300,3159006,0,29.4,6.2,2026-08-19
1883,BWXT,Industrials,Aerospace & Defense,NYSE,910913,171.54,80.57,-2,48,-29.06,3.1,6.0,-4.0,-4.4,-10.8,-16.9,26,28,78,87,28.6,0,0,0,0,0,0,15870759487.443235,91621980.0,0.0399,0.18,898470,955682,0,55.4,-17.1,2026-08-19
1884,ARE,Real Estate,REIT - Office,NYSE,1754026,46.94,80.56,-3,-9,-46.8,25.1,21.6,4.7,1.4,-0.2,0.4,26,29,23,25,10.2,0,0,0,0,0,0,8284666529.741379,172095277.0,0.0556,-0.119,2039050,1850100,0,21.8,10.8,2026-08-19
1885,IONS,Healthcare,Biotechnology,NASDAQ,3848140,58.63,80.52,1,59,-32.41,45.4,42.5,6.3,8.7,-7.1,-18.2,26,25,83,94,69.2,0,0,0,0,0,0,9512390870.214869,166184322.0,0.1711,-0.407,2079270,3150558,1,67.8,-41.7,2026-08-19
1886,PMT,Real Estate,REIT - Mortgage,NYSE,1434736,9.62,80.5,-2,1,-30.34,2.5,5.1,0.6,0.0,-4.6,-17.6,26,28,31,45,16.5,0,0,0,0,0,0,824062304.2674694,87202362.0,0.09060001,0.061,1096260,1567560,0,30.1,2.0,2026-08-19
1887,LBTYA,Communication Services,Telecom Services,NASDAQ,2426110,10.37,80.46,-8,14,-23.3,10.4,30.2,2.3,2.7,-2.1,-6.4,26,34,56,69,29.3,0,0,0,0,0,0,3571186907.1002064,341087566.0,0.0686,-0.077,2248970,2289430,0,47.1,-6.9,2026-08-19
1888,SBAC,Real Estate,REIT - Specialty,NASDAQ,1057923,182.11,80.39,-3,12,-19.18,10.5,29.5,-0.3,0.8,-1.4,-5.7,26,29,44,35,21.8,0,0,0,0,0,0,19647517648.24478,106088110.0,0.0365,0.023,1091250,1064832,0,32.5,0.9,2026-08-19
1889,SHOE,Consumer Cyclical,Apparel Retail,NASDAQ,689413,15.5,80.37,5,6,-41.66,11.0,13.5,1.8,2.9,2.4,-8.9,26,21,22,62,15.7,0,0,0,0,0,0,413785927.7055588,27151308.0,0.3515,-0.025,448760,666416,0,30.2,-5.6,2026-08-19
1890,RWAY,Financial Services,Asset Management,NASDAQ,670876,6.45,80.37,7,6,-40.93,26.4,24.7,-0.2,8.8,14.6,-11.4,26,19,18,25,7.4,0,0,0,0,0,0,290016538.8774719,41909904.0,0.1062,0.053,823350,642604,0,17.4,4.7,2026-08-19
1891,ASO,Consumer Cyclical,Specialty Retail,NASDAQ,1285140,46.1,80.35,-2,9,-26.18,14.0,30.1,-1.2,-1.5,-2.0,-9.3,26,28,39,79,23.2,0,0,0,0,0,0,2975951570.2880096,62018371.0,0.1928,0.067,1248840,1556056,0,42.3,-8.9,2026-08-19
1892,PBH,Healthcare,Drug Manufacturers - Specialty & Generic,NYSE,540206,50.04,80.35,3,-7,-29.59,13.7,25.2,-1.2,0.0,4.2,-9.8,26,23,13,38,18.1,0,0,0,0,0,0,2433981939.678932,47372166.0,0.09729999,0.065,661310,625066,0,23.0,0.5,2026-08-19
1893,PSKY,Communication Services,Entertainment,NASDAQ,11623180,10.28,80.27,10,17,-50.72,35.7,23.4,8.4,18.0,12.6,-6.1,26,16,23,19,17.2,0,0,0,0,0,0,11348415192.357576,1119173058.0,0.1608,0.009,12466980,10638070,0,18.8,-1.9,2026-08-19
1894,DKNG,Consumer Cyclical,Gambling,NASDAQ,12885460,25.3,80.19,1,3,-48.13,22.2,16.7,2.3,4.9,-0.0,-6.4,26,25,27,12,5.3,0,0,0,0,0,0,12977308511.708496,496454048.0,0.079,-0.046,16811170,13017750,0,17.3,12.3,2026-08-19
1895,VICI,Real Estate,REIT - Diversified,NYSE,9439720,25.96,80.17,-9,-8,-23.46,1.8,5.8,0.5,-0.2,-1.3,-6.2,26,35,36,44,19.3,0,0,0,0,0,0,29024405206.36441,1101077562.0,0.026400002,0.057,10183560,10201234,0,33.6,5.9,2026-08-19
1896,GDDY,Technology,Software - Infrastructure,NYSE,2019353,92.37,80.15,-4,-15,-38.61,29.1,29.6,3.5,3.4,9.6,-1.3,26,30,19,11,10.1,0,0,0,0,0,0,12020134050.437744,126647704.0,0.0557,0.066,2330320,2342658,0,17.5,14.9,2026-08-19
1897,UNCY,Healthcare,Biotechnology,NASDAQ,908026,5.57,80.1,-10,39,-36.27,49.2,38.2,4.8,5.9,-6.2,-12.7,26,36,85,80,54.3,0,0,0,0,0,0,153482472.44556236,27855257.0,0.1618,,769600,1718024,0,63.8,-22.9,2026-08-19
1898,IDXX,Healthcare,Diagnostics & Research,NASDAQ,640606,546.09,80.07,-10,-15,-29.08,6.8,14.9,-1.5,-0.9,0.2,-9.0,26,36,31,59,21.7,0,0,0,0,0,0,43405245402.39038,78781116.0,0.027999999,0.097,703780,653482,0,36.9,3.1,2026-08-19
1899,QUBT,Technology,Computer Hardware,NASDAQ,8864340,9.05,79.88,13,34,-64.98,33.4,11.5,-5.0,-0.9,-5.6,-14.0,26,13,34,21,4.5,0,0,0,0,0,0,2039385269.416685,226346861.0,0.3211,90.0,8447370,11676422,0,18.1,0.5,2026-08-19
1900,STZ,Consumer Defensive,Beverages - Brewers,NYSE,1910683,130.56,79.83,-3,7,-22.82,4.6,14.5,-0.4,0.9,-1.9,-7.9,26,29,39,49,17.3,0,0,0,0,0,0,23768941193.30139,170778434.0,0.061300002,-0.033,1635610,2217706,0,33.6,0.9,2026-08-19
1901,MCD,Consumer Cyclical,Restaurants,NYSE,4454646,265.53,79.75,-5,-6,-22.3,1.8,5.9,-1.6,-1.1,-2.0,-10.3,26,31,30,57,23.7,0,0,0,0,0,0,193065829400.7075,707641531.0,0.019299999,0.037,4518080,4696598,0,35.4,-1.4,2026-08-19
1902,AMRZ,Basic Materials,Building Materials,NYSE,3233503,45.73,79.72,-10,-17,-30.65,1.4,3.0,-3.1,-6.6,-11.1,-16.0,26,36,29,77,24.7,0,0,0,0,0,0,25535957567.271927,546925644.0,0.0147,0.086,4278590,3194134,0,41.7,-1.9,2026-08-19
1903,MWH,Utilities,Utilities - Renewable,NASDAQ,2059283,31.55,79.69,-4,43,-34.81,25.6,26.7,-0.8,3.6,-2.5,,26,30,77,43,,0,0,0,0,0,0,6476532032.0,202391626.0,0.2496,0.775,1693150,2077964,0,50.0,,2026-08-19
1904,LUMN,Communication Services,Telecom Services,NYSE,12635346,6.58,79.69,-8,49,-44.94,42.2,24.2,-3.3,-3.6,-12.6,-23.1,26,34,91,86,67.5,0,0,0,0,0,0,6923690174.232135,1030311070.0,0.0717,-0.093,17020310,13635250,1,69.6,-32.9,2026-08-19
1905,GRFS,Healthcare,Drug Manufacturers - General,NASDAQ,642583,7.77,79.61,-2,1,-27.04,17.5,33.1,4.1,4.5,9.2,-1.3,26,28,31,58,16.4,0,0,0,0,0,0,5294907929.251242,680579407.0,3.96,-0.009,355110,679156,0,33.4,-0.5,2026-08-19
1906,FBRT,Real Estate,REIT - Mortgage,NYSE,1265580,8.03,79.59,-3,5,-32.18,7.4,13.5,1.5,3.3,0.9,-11.5,26,29,37,28,13.8,0,0,0,0,0,0,670176481.7765503,83045416.0,0.0836,0.142,1409380,1308674,0,26.9,7.0,2026-08-19
1907,ADNT,Consumer Cyclical,Auto Parts,NYSE,1002120,20.1,79.57,-5,0,-26.43,10.3,19.7,1.0,-2.6,-3.3,-6.8,25,30,35,82,19.2,0,0,0,0,0,0,1571235409.4576795,77096932.0,0.093100004,0.05,1218600,1062814,0,41.5,-5.5,2026-08-19
1908,TKC,Communication Services,Telecom Services,NYSE,2340846,5.42,79.56,-12,-13,-24.51,0.6,1.7,-0.3,-1.1,-5.3,-10.1,25,37,36,65,26.3,0,0,0,0,0,0,4753350573.329878,870577022.0,0.0064999997,,1749690,2338674,0,41.1,-0.1,2026-08-19
1909,EVLV,Industrials,Security & Protection Services,NASDAQ,1880210,5.47,79.46,-3,22,-37.91,15.1,19.2,-2.4,-0.7,-2.3,-8.2,25,28,53,31,12.1,0,0,0,0,0,0,1043254212.3077488,179871410.0,0.0554,0.344,2186480,2240622,0,31.0,4.9,2026-08-19
1910,UHS,Healthcare,Medical Care Facilities,NYSE,897690,170.53,79.45,0,-6,-30.77,22.1,30.2,0.5,3.3,10.6,-9.4,25,25,19,65,31.8,0,0,0,0,0,0,10020386532.103958,58936515.0,0.0726,0.083,622540,933268,0,35.2,-10.8,2026-08-19
1911,FG,Financial Services,Insurance - Life,NYSE,628406,26.5,79.37,-46,-85,-25.56,13.9,19.6,-12.0,-16.5,-16.8,-16.5,25,71,32,16,9.7,0,0,0,0,0,0,3590243440.769564,130935209.0,0.097799994,0.042,547570,646400,0,32.2,45.5,2026-08-19
1912,ZS,Technology,Software - Infrastructure,NASDAQ,2369270,184.44,79.32,2,2,-45.27,56.4,30.5,3.1,11.7,24.2,2.0,25,23,23,11,9.8,0,0,0,0,0,0,29689869776.996613,161709525.0,0.0705,0.254,2312540,3037564,0,16.7,9.0,2026-08-19
1913,GILT,Technology,Communication Equipment,NASDAQ,563456,11.24,79.31,2,69,-46.3,26.0,18.2,-3.8,-3.6,-11.2,-26.8,25,23,90,94,55.7,0,0,0,0,0,0,886611369.7006893,77029657.0,0.0255,0.169,646340,679264,2,65.7,-37.3,2026-08-19
1914,AORT,Healthcare,Medical Devices,NYSE,638136,28.32,79.2,10,4,-41.31,43.4,31.7,2.7,5.7,18.3,-18.1,25,15,9,36,9.5,0,0,0,0,0,0,1420756250.1815643,48756221.0,0.066700004,0.113,823830,758528,0,17.4,-0.9,2026-08-19
1915,ADBE,Technology,Software - Application,NASDAQ,5195733,254.04,79.17,1,-1,-31.5,40.9,45.4,3.0,6.9,17.8,0.5,25,24,22,16,15.6,0,0,0,0,0,0,104947945632.93456,397500000.0,0.0545,0.127,4281020,6687212,0,19.4,6.0,2026-08-19
1916,VIPS,Consumer Cyclical,Internet Retail,NYSE,1911220,14.04,79.04,-7,-13,-33.4,11.8,19.7,-1.7,-2.6,2.4,-11.1,25,32,26,50,25.3,0,0,0,0,0,0,6810236403.766937,480270540.0,0.0219,0.012,1946790,2257076,0,33.3,0.4,2026-08-19
1917,MOMO,Communication Services,Internet Content & Information,NASDAQ,503563,5.72,79.02,-5,0,-33.44,6.4,11.1,-0.9,-1.9,-1.0,-8.8,25,30,35,32,12.5,0,0,0,0,0,0,849547555.75,147747401.0,0.0189,-0.054,452710,674330,0,27.4,7.9,2026-08-19
1918,UEC,Energy,Uranium,NYSE ARCA,7598230,11.17,79.02,7,70,-45.08,28.7,23.3,3.5,10.4,10.5,-12.5,25,18,81,95,44.8,0,0,0,0,0,0,5495374996.130439,490220783.0,0.1438,,6663630,9720182,1,59.7,-35.1,2026-08-19
1919,MQ,Technology,Software - Infrastructure,NASDAQ,1154943,15.52,78.91,-10,-21,-39.92,4.0,5.7,-1.6,-6.4,-4.7,-8.7,25,35,24,26,8.5,0,0,0,0,0,0,1700454358.084671,104098834.0,0.0525,0.17,1382830,1207201,0,23.4,16.1,2026-08-19
1920,GPK,Consumer Cyclical,Packaging & Containers,NYSE,4739150,11.0,78.84,0,-15,-53.13,27.9,17.6,-1.8,-0.5,4.1,-7.5,25,25,10,12,3.5,0,0,0,0,0,0,3373116098.9279194,295887387.0,0.0828,-0.007,4252920,5204594,0,12.6,14.8,2026-08-19
1921,META,Communication Services,Internet Content & Information,NASDAQ,17527653,568.97,78.76,-13,-18,-28.05,3.9,8.0,-5.8,-6.1,-8.1,-12.6,25,38,33,38,12.4,0,0,0,0,0,0,1502646484621.274,2547506225.0,0.0143,0.28,13736710,18321550,0,30.3,13.3,2026-08-19
1922,OTIS,Industrials,Specialty Industrial Machinery,NYSE,3679063,70.56,78.7,-2,-9,-25.38,3.8,10.7,-0.9,-0.9,-0.6,-11.5,25,27,20,40,19.8,0,0,0,0,0,0,27648013046.030437,380669339.0,0.0433,0.073,3130030,3744888,0,26.7,1.7,2026-08-19
1923,FLY,Industrials,Aerospace & Defense,NASDAQ,3387993,27.18,78.69,17,101,-56.28,50.8,20.3,-3.2,8.2,-0.6,-7.9,25,8,92,17,4.2,0,0,0,0,0,0,4464681894.921961,167404645.0,0.111499995,6.569,3456860,4960586,1,30.3,-8.3,2026-08-19
1924,PFLT,Financial Services,Asset Management,NYSE,1164670,7.26,78.68,0,13,-29.51,7.3,14.6,-0.6,1.9,0.1,-13.0,25,25,38,28,13.2,0,0,0,0,0,0,730243727.8070183,99217896.0,0.043,0.041,1091320,1200444,0,26.0,4.0,2026-08-19
1925,MDLN,Healthcare,Medical Instruments & Supplies,NASDAQ,6557196,34.88,78.66,-8,-14,-31.44,2.2,4.3,-2.6,-8.6,-10.4,,25,33,27,72,,0,0,0,0,0,0,31356534003.92489,877351218.0,0.082100004,0.116,9042320,8085982,0,44.0,,2026-08-19
1926,CRH,Basic Materials,Building Materials,NYSE,4241436,96.05,78.65,-6,-5,-26.99,1.6,3.9,-3.0,-3.8,-8.3,-16.0,25,31,32,68,21.8,0,0,0,0,0,0,64632391258.7936,665284511.0,0.024400001,0.056,4639630,4529286,0,38.2,-2.9,2026-08-19
1927,CRUS,Technology,Semiconductors,NASDAQ,741656,119.87,78.6,-28,3,-33.56,6.3,10.3,-2.5,-7.2,-17.5,-16.0,25,53,84,78,41.9,0,0,0,0,0,0,6068735277.95401,50117561.0,0.0793,0.129,882680,681284,0,64.2,-2.5,2026-08-19
1928,LBTYK,Communication Services,Telecom Services,NASDAQ,1340086,10.1,78.57,-8,11,-23.02,8.8,27.3,2.2,2.7,-1.5,-7.0,24,32,51,62,27.5,0,0,0,0,0,0,3485915015.6002064,341087566.0,0.077,-0.077,1289670,1304788,0,43.1,-5.6,2026-08-19
1929,FWRG,Consumer Cyclical,Restaurants,NASDAQ,1092963,12.31,78.57,-2,-15,-36.97,23.5,26.3,0.9,-0.4,2.4,-9.7,24,26,13,30,11.5,0,0,0,0,0,0,784982189.678998,61712435.0,0.1093,0.152,1528740,1179150,0,20.1,7.8,2026-08-19
1930,LAND,Real Estate,REIT - Specialty,NASDAQ,633896,8.24,78.45,-8,0,-36.62,6.8,12.4,3.9,3.2,0.2,-10.8,24,32,40,74,31.2,0,0,0,0,0,0,358464939.7308264,43136573.0,0.0734,0.042,738300,676546,0,44.3,-8.8,2026-08-19
1931,SGI,Consumer Cyclical,"Furnishings, Fixtures & Appliances",NYSE,2553470,65.01,78.36,-3,-9,-34.04,7.4,12.4,1.3,-2.1,-7.5,-17.8,24,27,21,69,19.1,0,0,0,0,0,0,13896743821.872375,210365491.0,0.0733,-0.03,3295670,2744068,0,34.0,-3.8,2026-08-19
1932,BFAM,Consumer Cyclical,Personal Services,NYSE,816946,70.29,78.34,0,-7,-43.43,23.5,21.7,1.1,-2.4,2.5,-11.7,24,24,17,13,7.5,0,0,0,0,0,0,3751381865.815735,52606675.0,0.0471,0.065,691480,924086,0,15.4,11.2,2026-08-19
1933,EYE,Consumer Cyclical,Specialty Retail,NASDAQ,2041543,18.47,78.29,3,-4,-38.47,22.5,24.8,-7.1,-9.7,-2.5,-21.0,24,21,14,81,19.0,0,0,0,0,0,0,1526037680.5749016,79069313.0,0.2518,0.025,2538950,2172052,0,33.8,-10.3,2026-08-19
1934,WU,Financial Services,Credit Services,NYSE,11612706,7.18,78.22,-32,-43,-30.63,13.2,21.4,0.0,-2.8,-5.0,-17.7,24,56,45,59,23.0,0,0,0,0,0,0,2323498348.963805,311878981.0,0.1873,-0.013,11378600,10430768,0,45.7,17.0,2026-08-19
1935,HNRG,Utilities,Utilities - Independent Power Producers,NASDAQ,794490,16.19,78.18,-10,-6,-34.45,19.6,26.5,4.4,7.3,1.1,-9.2,24,34,38,66,36.4,0,0,0,0,0,0,761836641.9264946,47143357.0,0.0817,-0.013,951950,832048,0,43.6,-8.0,2026-08-19
1936,DRVN,Consumer Cyclical,Auto & Truck Dealerships,NASDAQ,734143,12.76,78.14,-25,-53,-35.36,28.4,32.9,3.1,-3.1,-4.5,-5.0,24,49,21,58,15.8,0,0,0,0,0,0,2134530104.9417229,164955964.0,0.1322,0.068,812440,895178,0,36.0,17.6,2026-08-19
1937,AI,Technology,Software - Infrastructure,NYSE,4880120,9.7,78.11,9,7,-52.03,33.8,22.0,2.5,8.1,8.9,-5.0,24,15,13,11,5.8,0,0,0,0,0,0,1543611368.0493546,155449277.0,0.3238,-0.525,3938900,5627840,0,11.2,5.6,2026-08-19
1938,XP,Financial Services,Capital Markets,NASDAQ,4836920,15.7,78.11,-9,-13,-32.12,10.6,19.9,3.4,0.7,2.3,-8.6,24,33,29,79,29.9,0,0,0,0,0,0,8173836784.922562,516677430.0,0.0475,0.097,3931460,5155256,0,42.7,-7.3,2026-08-19
1939,PAR,Technology,Software - Application,NYSE,879093,18.55,78.05,8,-3,-66.04,63.1,17.4,5.1,9.9,16.0,-14.3,24,16,5,6,1.9,0,0,0,0,0,0,787959555.8427582,41362708.0,0.2761,0.187,1037860,1078944,0,7.2,10.2,2026-08-19
1940,RDY,Healthcare,Drug Manufacturers - Specialty & Generic,NYSE,2874540,12.11,78.04,-11,-10,-22.72,6.4,18.2,-1.0,0.4,-6.8,-10.6,24,35,36,52,22.2,0,0,0,0,0,0,10220911277.027172,833000073.0,0.0305,-0.056,2408220,2738548,0,36.3,2.9,2026-08-19
1941,DOCS,Healthcare,Health Information Services,NYSE,6174700,24.52,77.94,12,7,-67.95,43.0,13.6,2.4,11.1,17.2,-16.2,24,12,7,6,2.1,0,0,0,0,0,0,4420500168.0091095,178245980.0,0.1972,0.073,12821630,5186578,0,6.8,6.6,2026-08-19
1942,MBLY,Consumer Cyclical,Auto Parts,NASDAQ,6971243,9.23,77.92,-3,-3,-41.62,38.7,28.3,2.7,7.3,2.9,-4.1,24,27,27,14,8.6,0,0,0,0,0,0,7583673439.024166,850187598.0,0.19299999,0.004,3896920,6788278,0,19.2,11.8,2026-08-19
1943,FLNC,Utilities,Utilities - Renewable,NASDAQ,8260936,12.63,77.89,-26,18,-62.31,78.8,20.9,-5.8,-9.2,-27.8,-35.0,24,50,94,95,73.1,0,0,0,0,0,0,1745143024.1972065,132811490.0,0.2929,0.079,9583400,9247868,2,78.0,-24.9,2026-08-19
1944,MAT,Consumer Cyclical,Leisure,NASDAQ,4678973,14.58,77.82,-1,-4,-35.14,11.3,16.2,-1.3,-1.5,2.0,-13.8,24,25,22,28,17.9,0,0,0,0,0,0,4294070923.709869,285700000.0,0.14649999,0.105,4147760,4638252,0,23.2,3.2,2026-08-19
1945,TRIP,Consumer Cyclical,Travel Services,NASDAQ,3449783,10.17,77.81,-36,-78,-49.55,12.6,11.7,-2.0,-16.3,-19.2,-16.9,24,60,18,15,5.9,0,0,0,0,0,0,1258720906.2551994,117199342.0,0.2959,-0.072,4714300,3801704,0,24.7,40.3,2026-08-19
1946,AZN,Healthcare,Drug Manufacturers - General,NYSE,3824923,156.89,77.71,-13,13,-26.24,12.2,28.7,3.3,1.2,-5.0,-10.5,24,37,63,79,41.0,0,0,0,0,0,0,242636085247.972,1550885842.0,0.0011999999,0.064,4247040,3103466,0,55.0,-13.0,2026-08-19
1947,SNPS,Technology,Software - Infrastructure,NASDAQ,1744246,413.22,77.65,2,41,-34.02,7.8,12.0,-2.4,0.8,-5.1,-10.2,24,22,61,35,8.8,0,0,0,0,0,0,80708535487.5,191479325.0,0.0275,0.419,1252120,1892954,0,31.7,0.1,2026-08-19
1948,TSLA,Consumer Cyclical,Auto Manufacturers,NASDAQ,37143653,339.3,77.59,-12,18,-31.98,17.7,27.6,4.8,8.2,-4.4,-13.2,24,36,66,65,40.0,0,0,0,0,0,0,1351811543153.3564,3949547394.0,0.0194,0.255,30989560,42456542,0,51.8,-10.8,2026-08-19
1949,GT,Consumer Cyclical,Auto Parts,NASDAQ,9093353,6.05,77.55,-9,-32,-43.03,7.3,8.3,-2.8,-9.8,-9.3,-20.0,24,33,10,36,12.7,0,0,0,0,0,0,1759061321.5086284,287898737.0,0.1539,-0.048,10753360,10419486,0,22.9,11.9,2026-08-19
1950,CNM,Industrials,Industrial Distribution,NYSE,1866410,45.34,77.45,-2,-5,-32.51,6.9,11.9,-1.4,0.4,-2.7,-10.2,24,26,23,56,10.9,0,0,0,0,0,0,8607126283.689922,187192831.0,0.060399998,-0.001,1853720,2447992,0,29.0,1.8,2026-08-19
1951,AGCO,Industrials,Farm & Heavy Construction Machinery,NYSE,816956,99.75,77.39,-20,-23,-30.62,1.1,2.5,-1.2,-7.0,-10.9,-13.0,23,43,40,79,23.2,0,0,0,0,0,0,7096315227.801926,70031729.0,0.0563,-0.01,724270,795796,0,46.3,3.0,2026-08-19
1952,VIV,Communication Services,Telecom Services,NYSE,1525826,11.4,77.37,-43,-44,-33.95,1.8,3.4,-1.1,-7.4,-11.2,-17.3,23,66,65,87,29.8,0,0,0,0,0,0,18230933994.354584,1597803176.0,0.0107,0.076,2022370,1357444,0,61.9,14.0,2026-08-19
1953,THO,Consumer Cyclical,Recreational Vehicles,NYSE,629536,77.64,77.32,-3,-11,-36.79,11.3,16.8,1.3,2.4,4.8,-11.1,23,26,18,63,15.0,0,0,0,0,0,0,4112532467.0,52057373.0,0.1368,-0.039,569600,725842,0,30.5,-1.1,2026-08-19
1954,JBTM,Industrials,Specialty Industrial Machinery,NYSE,588166,118.73,77.21,-16,-24,-30.24,0.0,0.0,-3.7,-10.5,-13.1,-17.7,23,39,31,77,20.0,0,0,0,0,0,0,6234555882.891548,51876817.0,0.0777,0.049,866760,594264,0,41.8,2.7,2026-08-19
1955,DFH,Consumer Cyclical,Residential Construction,NYSE,664800,15.08,77.18,-3,-21,-52.12,18.6,12.7,2.1,1.3,-2.5,-10.6,23,26,8,35,4.1,0,0,0,0,0,0,1415292547.0084133,90723879.0,0.4396,-0.076,795080,679534,0,18.3,11.0,2026-08-19
1956,UPST,Financial Services,Credit Services,NASDAQ,4137410,29.75,77.06,9,13,-61.34,26.3,12.9,1.7,5.2,-0.8,-11.9,23,14,18,11,2.9,0,0,0,0,0,0,2912503073.878853,95711569.0,0.2965,0.423,5336340,4352802,0,11.5,5.7,2026-08-19
1957,BV,Industrials,Specialty Business Services,NYSE,1236466,11.35,76.96,-39,-75,-25.57,8.6,21.3,0.8,-7.4,-12.6,-9.7,23,62,26,44,15.9,0,0,0,0,0,0,1094167978.668213,93200000.0,0.2765,0.013,1936250,1040666,0,37.0,30.3,2026-08-19
1958,STEP,Financial Services,Asset Management,NASDAQ,1369236,48.28,76.74,4,19,-37.94,26.2,28.2,1.9,6.6,11.5,-8.3,23,19,34,19,18.4,0,0,0,0,0,0,4147361038.3629074,82288907.0,0.0964,0.04,1822640,1511174,0,22.6,-1.2,2026-08-19
1959,TMUS,Communication Services,Telecom Services,NASDAQ,4629746,180.12,76.69,-15,-28,-31.14,8.7,16.0,1.2,2.2,0.3,-7.1,23,38,25,34,12.8,0,0,0,0,0,0,195880563904.6368,1072671613.0,0.0379,0.079,4045280,5407852,0,27.5,14.7,2026-08-19
1960,BOXL,Technology,Consumer Electronics,NASDAQ,2625676,7.22,76.67,19,17,-98.02,90.8,1.5,-3.5,21.5,20.7,-56.8,23,4,2,2,0.3,0,0,0,0,0,0,4636046.022768974,667057.0,0.0469,0.001,7819110,2159814,0,2.1,2.4,2026-08-19
1961,BIDU,Communication Services,Internet Content & Information,NASDAQ,2150240,104.12,76.52,-11,33,-37.01,7.0,8.1,-10.3,-12.2,-15.9,-25.5,23,34,78,83,39.9,0,0,0,0,0,0,35163467047.70091,339186531.0,0.0311,-0.012,2140300,2276400,0,58.7,-17.1,2026-08-19
1962,CRMD,Healthcare,Biotechnology,NASDAQ,1169346,7.67,76.32,-13,-24,-48.73,36.3,26.5,10.8,11.6,4.6,0.6,23,36,25,13,12.0,0,0,0,0,0,0,587700199.98666,77944324.0,0.21030001,1.565,1703390,1340876,0,21.5,17.7,2026-08-19
1963,AVAV,Industrials,Aerospace & Defense,NASDAQ,1395593,181.13,76.29,13,17,-56.65,26.4,13.2,-6.5,1.6,6.4,-22.7,23,10,14,76,11.5,0,0,0,0,0,0,9757734140.74524,50608030.0,0.113199994,1.333,1283090,1689568,0,27.9,-14.4,2026-08-19
1964,MOS,Basic Materials,Agricultural Inputs,NYSE,7478156,21.23,76.27,-3,-12,-42.61,12.2,15.0,-0.6,-1.0,0.8,-9.7,23,26,17,51,10.7,0,0,0,0,0,0,6869725104.088104,317895646.0,0.1329,-0.06,7836160,8860804,0,26.2,3.5,2026-08-19
1965,TRMB,Technology,Scientific & Technical Instruments,NASDAQ,2702673,55.69,76.19,4,5,-34.03,21.2,30.0,2.5,3.6,10.3,-10.2,22,18,19,28,13.0,0,0,0,0,0,0,13427223138.70005,233111519.0,0.0563,0.11,2974670,3014960,0,19.5,0.4,2026-08-19
1966,POOL,Industrials,Industrial Distribution,NASDAQ,810276,190.47,76.16,0,-6,-43.34,11.8,13.1,-0.9,0.6,-2.0,-10.7,22,22,16,20,8.0,0,0,0,0,0,0,7080631012.39621,36340747.0,0.1162,0.022,618830,1004186,0,16.5,8.0,2026-08-19
1967,TYL,Technology,Software - Application,NYSE,784460,320.48,76.15,2,0,-44.45,26.0,24.0,7.2,8.9,12.6,-5.4,22,20,18,12,6.9,0,0,0,0,0,0,13458555927.246826,40952274.0,0.0994,0.082,737910,869712,0,14.2,8.4,2026-08-19
1968,UAMY,Basic Materials,Other Industrial Metals & Mining,NYSE,6336396,5.62,76.15,5,80,-71.49,34.5,11.1,-2.4,1.1,-9.5,-26.6,22,17,92,98,60.0,0,0,0,1,0,1,816502811.1369972,148185622.0,0.2344,-0.247,8188490,6966582,2,66.7,-45.2,2026-08-19
1969,MARA,Financial Services,Capital Markets,NASDAQ,46246720,9.72,76.15,-5,44,-58.55,43.4,18.1,0.1,-9.1,-20.5,-13.6,22,27,76,13,6.9,0,0,0,0,0,0,3553953458.7192564,386299297.0,0.3152,-0.267,39369600,44806032,0,30.7,7.9,2026-08-19
1970,SUZ,Basic Materials,Paper & Paper Products,NYSE,2755760,7.86,76.14,-8,-16,-31.86,8.7,17.7,3.4,1.4,2.3,-8.5,22,30,22,67,22.6,0,0,0,0,0,0,9987957032.59718,1231560722.0,0.009,-0.128,3284180,3005132,0,35.4,-2.9,2026-08-19
1971,PWP,Financial Services,Capital Markets,NASDAQ,1138696,16.78,76.01,1,10,-35.27,13.1,19.9,-3.1,0.3,3.2,-9.4,22,21,30,45,13.5,0,0,0,0,0,0,1267663578.0079365,72938069.0,0.1172,0.008,1050820,1316086,0,27.4,-1.9,2026-08-19
1972,KNF,Basic Materials,Building Materials,NYSE,638210,66.65,75.82,-27,-52,-30.77,9.8,17.2,-1.5,-7.7,-15.3,-16.0,22,49,24,53,11.2,0,0,0,0,0,0,3768456058.59951,56753855.0,0.0754,0.126,1095150,652504,0,34.3,20.6,2026-08-19
1973,SNAP,Communication Services,Internet Content & Information,NYSE,38735353,5.18,75.78,8,21,-44.18,33.3,25.4,-0.9,3.6,7.3,-12.7,22,14,27,12,12.6,0,0,0,0,0,0,9149379363.863708,1691197712.0,0.0813,0.189,46489150,42122380,0,16.4,-0.2,2026-08-19
1974,MNDY,Technology,Software - Application,NASDAQ,1627403,83.33,75.76,4,-2,-62.26,54.8,20.1,2.6,5.2,11.8,-9.9,22,18,12,5,4.1,0,0,0,0,0,0,3699830840.4885855,42274120.0,0.133,0.219,1852410,1477060,0,9.8,10.1,2026-08-19
1975,NRG,Utilities,Utilities - Independent Power Producers,NYSE,2772850,122.37,75.67,-4,-8,-35.58,4.3,7.3,0.4,-4.2,-8.6,-19.8,22,26,22,79,17.1,0,0,0,0,0,0,26536970924.86196,210210483.0,0.039100002,0.11,3800320,2810088,0,36.0,-5.7,2026-08-19
1976,FCUV,Technology,Scientific & Technical Instruments,NASDAQ,3987496,6.49,75.59,21,20,-96.91,355.9,3.3,25.8,34.4,88.0,-76.8,22,1,0,1,0.4,0,0,0,0,0,0,3949797.739569664,702811.0,0.0349,-0.748,339010,4584602,0,0.6,0.4,2026-08-19
1977,GLXY,Financial Services,Capital Markets,NASDAQ,6458403,21.87,75.55,0,55,-52.37,30.0,19.4,5.7,3.8,-12.9,-13.9,22,22,77,30,19.2,0,0,0,0,0,0,4208373181.0733337,194292392.0,0.16610001,-0.038,7422130,7423434,0,37.1,-5.7,2026-08-19
1978,IRTC,Healthcare,Medical Devices,NASDAQ,649323,116.92,75.52,0,-6,-44.85,22.6,26.3,1.1,3.3,6.5,-9.6,22,22,16,32,17.5,0,0,0,0,0,0,4167842179.7960815,32963003.0,0.098400004,0.201,871700,633520,0,21.9,0.9,2026-08-19
1979,SVC,Real Estate,REIT - Hotel & Motel,NASDAQ,1855993,8.09,75.52,-12,-20,-46.25,35.6,24.3,-2.0,-2.0,-4.4,-11.0,22,34,26,49,8.0,0,0,0,0,0,0,1052912152.2611848,129509488.0,0.0357,-0.164,1737960,1875552,0,29.3,10.8,2026-08-19
1980,CHWY,Consumer Cyclical,Internet Retail,NYSE,7400870,22.13,75.45,7,1,-49.13,37.0,26.1,5.0,5.6,14.2,-9.4,22,15,9,15,6.6,0,0,0,0,0,0,9179290752.176588,409424207.0,0.1195,0.077,6418950,9143260,0,11.4,4.8,2026-08-19
1981,AAON,Industrials,Building Products & Equipment,NASDAQ,1180020,88.09,75.16,-44,-24,-41.45,10.2,10.0,-7.1,-11.7,-26.8,-18.9,22,66,86,58,27.8,0,0,0,0,0,0,7239429755.828537,82453639.0,0.058000002,1.012,1348710,1096024,0,59.4,18.7,2026-08-19
1982,TDS,Communication Services,Telecom Services,NYSE,1145320,34.52,75.0,-3,29,-29.72,5.1,11.6,1.1,1.2,-4.0,-15.0,21,24,56,72,26.2,0,0,0,0,0,0,4053234254.608154,115116000.0,0.00090000004,0.036,1514380,1148924,0,44.5,-13.9,2026-08-19
1983,GLIBK,Communication Services,Telecom Services,NASDAQ,524333,25.57,74.97,9,12,-37.9,30.6,30.1,1.8,7.2,15.0,-18.3,21,12,15,67,15.8,0,0,0,0,0,0,1065463370.2450944,39904994.0,0.0855,0.0,489040,752234,0,27.4,-13.2,2026-08-19
1984,WMG,Communication Services,Entertainment,NASDAQ,2225160,26.37,74.95,-14,23,-25.55,15.1,32.2,4.7,2.4,-1.4,-5.7,21,35,72,33,21.9,0,0,0,0,0,0,13417765375.29946,523109769.0,0.0838,0.104,2447050,2154840,0,40.5,3.3,2026-08-19
1985,FUN,Consumer Cyclical,Leisure,NYSE,2317196,15.6,74.95,-6,5,-43.0,31.7,29.3,4.5,-0.7,-12.8,-5.4,21,27,38,21,9.5,0,0,0,0,0,0,1677987477.7694244,102316312.0,0.2275,-0.07,3075640,2398044,0,23.9,8.9,2026-08-19
1986,KC,Technology,Software - Application,NASDAQ,1577010,11.39,74.85,5,43,-38.5,44.2,39.4,5.1,9.7,17.9,-1.7,21,16,54,35,23.4,0,0,0,0,0,0,3505618788.5700464,299369665.0,0.0434,0.372,1504220,1485504,0,32.1,-11.3,2026-08-19
1987,TLK,Communication Services,Telecom Services,NYSE,755283,14.83,74.84,-9,-9,-36.95,9.8,13.1,-0.4,0.0,0.7,-20.1,21,30,30,69,13.3,0,0,0,0,0,0,14629411765.142578,985809408.0,0.0064999997,0.064,664390,993326,0,35.6,0.6,2026-08-19
1988,MLCO,Consumer Cyclical,Resorts & Casinos,NASDAQ,2371546,5.47,74.84,-3,-8,-46.11,6.0,6.2,-0.5,-1.5,0.3,-13.3,21,24,19,22,8.7,0,0,0,0,0,0,2174432648.569632,388291551.0,0.0291,-0.057,1575800,2532340,0,18.4,8.6,2026-08-19
1989,CSIQ,Technology,Solar,NASDAQ,2035220,14.79,74.76,-34,-37,-57.24,65.9,26.0,2.2,5.0,3.1,-15.7,21,55,52,89,58.7,0,0,0,0,0,0,1027956803.1704988,67896749.0,0.2905,-0.099,1570640,2273534,0,63.7,-8.3,2026-08-19
1990,LEN,Consumer Cyclical,Residential Construction,NYSE,2313723,86.54,74.74,-2,-7,-40.0,6.7,9.0,1.0,1.8,0.4,-13.2,21,23,18,36,9.6,0,0,0,0,0,0,20916925620.95218,240895142.0,0.0028,-0.052,2002550,2638402,0,21.7,4.6,2026-08-19
1991,IE,Basic Materials,Copper,NYSE ARCA,2012146,10.59,74.73,11,64,-50.86,30.9,21.1,-0.8,5.0,6.5,-20.9,21,10,63,93,42.3,0,0,0,0,0,0,1661334571.838459,159590259.0,0.09,-0.322,1971950,2247784,1,52.1,-38.1,2026-08-19
1992,LMND,Financial Services,Insurance - Property & Casualty,NYSE,1470733,49.95,74.73,-51,-54,-50.0,8.2,7.9,-1.2,-4.0,-13.9,-21.7,21,72,69,65,26.1,0,0,0,0,0,0,4074157766.360855,77396615.0,0.14819999,0.794,1073210,1536164,0,58.0,24.6,2026-08-19
1993,LVS,Consumer Cyclical,Resorts & Casinos,NYSE,5101456,45.43,74.72,-7,-1,-35.51,4.0,7.3,1.7,-0.1,-0.9,-15.8,21,28,34,54,25.2,0,0,0,0,0,0,29943225439.825928,647701184.0,0.1159,-0.007,4547390,4900364,0,35.3,-4.4,2026-08-19
1994,TSSI,Technology,Information Technology Services,NASDAQ,858903,9.48,74.46,10,73,-56.45,32.1,16.4,-14.4,-12.0,-18.3,-19.0,21,11,74,23,5.6,0,0,0,0,0,0,273160606.21177673,28219070.0,0.16309999,-0.201,1163950,888694,0,28.4,-6.0,2026-08-19
1995,CPRT,Industrials,Specialty Business Services,NASDAQ,11525033,31.7,74.45,3,4,-36.74,24.6,29.3,11.1,13.3,15.1,-3.2,21,18,19,19,12.9,0,0,0,0,0,0,30450178732.63678,963308388.0,0.056700002,0.021,10498460,12518368,0,17.2,2.3,2026-08-19
1996,AMTM,Industrials,Specialty Business Services,NYSE,2082810,20.43,74.3,-1,6,-46.39,4.7,5.4,-5.9,-6.7,-3.2,-20.6,21,22,29,81,20.6,0,0,0,0,0,0,5245546925.858875,244319846.0,0.0806,-0.02,2819370,2076582,0,38.2,-11.8,2026-08-19
1997,KR,Consumer Defensive,Grocery Stores,NYSE,6940310,56.07,74.16,-8,13,-26.78,1.3,3.7,-0.5,-1.6,-3.9,-12.8,21,29,50,51,18.8,0,0,0,0,0,0,34730973575.23699,612647282.0,0.0424,0.022,5824490,7980722,0,37.2,-1.4,2026-08-19
1998,DOX,Technology,Software - Infrastructure,NASDAQ,1281870,57.25,74.07,3,7,-35.28,20.7,26.9,3.2,6.9,10.1,-11.4,21,18,22,23,10.3,0,0,0,0,0,0,6180868209.594727,106164000.0,0.123500004,0.027,1279980,1481252,0,18.3,2.4,2026-08-19
1999,JBI,Industrials,Building Products & Equipment,NYSE,1274600,5.11,74.06,-1,-13,-52.69,7.8,6.3,-1.6,-3.1,-3.4,-14.8,21,22,10,34,3.1,0,0,0,0,0,0,697186905.1161432,136435790.0,0.042600002,0.024,1678610,1656754,0,17.3,8.3,2026-08-19
2000,GME,Consumer Cyclical,Specialty Retail,NYSE,5546206,18.4,74.0,-14,-12,-34.52,0.4,0.8,-3.1,-8.7,-14.3,-19.4,21,35,37,44,16.8,0,0,0,0,0,0,8372578787.155148,448691257.0,0.1313,0.141,6573180,5384746,0,33.2,7.1,2026-08-19
2001,RTO,Industrials,Specialty Business Services,NYSE,1406016,23.55,73.88,-33,-11,-32.07,0.0,0.0,-2.1,-8.2,-16.0,-21.8,20,53,75,72,28.9,0,0,0,0,0,0,11997431848.469547,503247977.0,0.0058,0.067,1500510,1198188,0,57.2,6.0,2026-08-19
2002,WB,Communication Services,Internet Content & Information,NASDAQ,744566,7.56,73.87,-4,2,-41.67,4.0,5.2,-3.2,-4.6,-2.3,-18.1,20,24,30,47,13.5,0,0,0,0,0,0,1884308645.9833295,245672572.0,0.1912,0.062,709460,1033454,0,28.6,0.0,2026-08-19
2003,XPOF,Consumer Cyclical,Leisure,NYSE,991066,5.09,73.86,-7,-24,-45.79,16.4,14.3,-2.8,-15.0,-21.1,-26.3,20,27,10,56,6.2,0,0,0,0,0,0,205606525.16841888,42219000.0,0.4093,-0.134,1682200,832658,0,24.8,6.3,2026-08-19
2004,ACN,Technology,Information Technology Services,NYSE,7186590,169.98,73.63,6,9,-41.61,47.2,35.8,3.7,8.4,19.8,-11.3,20,14,17,16,13.9,0,0,0,0,0,0,108246439287.51018,611942109.0,0.060100004,0.056,5424280,9277418,0,15.2,-0.7,2026-08-19
2005,CCI,Real Estate,REIT - Specialty,NYSE,4083856,74.44,73.52,-8,11,-28.84,1.4,3.4,-0.0,-0.9,-6.4,-13.0,20,28,47,34,14.1,0,0,0,0,0,0,32326105683.445656,425455439.0,0.0344,-0.049,3619680,4389332,0,30.8,3.8,2026-08-19
2006,ADTN,Technology,Communication Equipment,NASDAQ,2300900,8.66,73.45,-25,22,-56.66,10.5,6.3,0.3,-5.3,-30.3,-30.0,20,45,92,78,27.0,0,0,0,0,0,0,684443787.71731,81481407.0,0.1492,0.061,2460620,2275298,1,60.5,-2.3,2026-08-19
2007,INFY,Technology,Information Technology Services,NYSE,24044353,11.62,73.42,1,3,-61.27,14.7,15.8,-1.6,-0.1,3.9,-16.8,20,19,21,20,14.0,0,0,0,0,0,0,48965994676.01981,4050123578.0,0.0417,0.029,17625450,22988276,0,18.5,2.1,2026-08-19
2008,PATK,Consumer Cyclical,Recreational Vehicles,NASDAQ,565043,84.78,73.39,-7,-11,-42.91,5.7,7.5,1.3,1.6,1.1,-16.8,20,27,23,80,15.9,0,0,0,0,0,0,2764097721.426269,32118264.0,0.1925,-0.006,442710,664950,0,36.5,-4.7,2026-08-19
2009,WLTH,Technology,Software - Application,NASDAQ,967983,9.16,73.39,-2,33,-37.9,26.1,27.9,-3.0,-3.1,-0.9,,20,22,57,10,,0,0,0,0,0,0,1365161565.519104,149361216.0,0.0747,0.071,903970,1681530,0,29.7,,2026-08-19
2010,ATEC,Healthcare,Medical Devices,NASDAQ,2282933,9.45,73.2,5,-2,-59.42,39.5,17.6,2.3,4.1,8.3,-26.7,20,15,8,31,7.9,0,0,0,0,0,0,1505597290.0834036,153789305.0,0.103,0.151,2544540,2723412,0,15.5,1.0,2026-08-19
2011,SG,Consumer Cyclical,Restaurants,NYSE,6505286,5.88,73.15,-5,49,-44.68,36.6,31.2,10.0,7.0,-11.9,-4.9,20,25,79,10,11.0,0,0,0,0,0,0,747579483.1758618,119041315.0,0.2284,0.038,7841330,5887568,0,31.3,4.6,2026-08-19
2012,BPRE,Financial Services,Asset Management,NYSE,889366,12.04,73.06,-9,6,-34.08,0.7,1.3,-3.4,-3.6,-9.3,,20,29,44,73,,0,0,0,0,0,0,,,0.21,,911920,868342,0,48.7,,2026-08-19
2013,HUBS,Technology,Software - Application,NYSE,1961350,215.17,73.05,1,-8,-59.06,41.9,20.2,9.5,7.3,16.5,-11.6,20,19,10,7,5.5,0,0,0,0,0,0,11177010261.704086,49866201.0,0.120299995,0.198,2836510,1876264,0,10.4,10.0,2026-08-19
2014,ONT,Industrials,Waste Management,NYSE,691913,16.04,72.92,-12,-33,-48.62,14.6,12.8,1.5,-10.5,-12.4,-24.1,20,32,11,37,6.8,0,0,0,0,0,0,618769040.3517151,35117424.0,0.1283,-0.204,1136260,727196,0,21.7,13.7,2026-08-19
2015,TSCO,Consumer Cyclical,Specialty Retail,NASDAQ,11443856,34.68,72.81,7,3,-44.86,21.6,18.8,0.7,6.3,12.0,-17.9,20,13,9,38,6.4,0,0,0,0,0,0,18668869062.762985,521040137.0,0.0636,0.023,13990330,12211176,0,16.6,-1.3,2026-08-19
2016,SYM,Industrials,Specialty Industrial Machinery,NASDAQ,1626240,42.35,72.79,6,61,-51.81,8.9,7.1,2.0,-0.3,-0.1,-22.5,20,14,69,88,19.9,0,0,0,0,0,0,5545593467.785526,129873381.0,0.28100002,0.217,2011020,1867912,0,47.7,-23.2,2026-08-19
2017,PPC,Consumer Defensive,Packaged Foods,NASDAQ,1580266,28.77,72.78,-3,-14,-40.66,18.0,22.2,12.0,10.8,10.1,-10.7,20,23,12,36,8.3,0,0,0,0,0,0,6643227728.768806,238108524.0,0.0315,-0.028,1526540,1618386,0,19.8,5.8,2026-08-19
2018,CHKP,Technology,Software - Infrastructure,NASDAQ,1259393,127.01,72.68,-4,-13,-39.71,17.7,21.1,1.9,1.8,1.7,-15.0,20,24,15,20,11.9,0,0,0,0,0,0,13448695635.114565,102100634.0,0.0615,0.013,910610,1254488,0,17.7,7.8,2026-08-19
2019,UTI,Consumer Defensive,Education & Training Services,NYSE,1385860,26.15,72.66,-51,-44,-49.07,11.6,8.6,-6.9,-26.5,-37.0,-28.0,20,71,78,80,27.7,0,0,0,0,0,0,1385645038.6328373,55095231.0,0.0884,0.072,2330260,1282956,0,64.2,19.2,2026-08-19
2020,OLN,Basic Materials,Chemicals,NYSE,3224226,19.01,72.63,-16,26,-37.59,1.4,2.1,-0.6,-5.9,-11.5,-20.1,20,36,78,66,25.0,0,0,0,0,0,0,2177065602.4808693,113982490.0,0.1254,-0.009,2782230,3339418,0,51.2,-4.7,2026-08-19
2021,CALX,Technology,Software - Infrastructure,NYSE,1214683,39.52,72.56,3,1,-44.51,15.3,16.2,3.5,6.8,6.7,-15.5,20,17,15,57,12.8,0,0,0,0,0,0,2489596182.7052536,62963989.0,0.111099996,0.213,756270,1263308,0,25.4,-5.7,2026-08-19
2022,ISRG,Healthcare,Medical Instruments & Supplies,NASDAQ,3685510,390.33,72.54,1,9,-35.36,19.8,25.2,1.4,6.2,2.0,-16.2,20,19,27,30,20.0,0,0,0,0,0,0,141344272270.18896,358278038.0,0.0188,0.185,2927320,3242598,0,24.0,-3.5,2026-08-19
2023,NAMS,Healthcare,Biotechnology,NASDAQ,1005830,26.9,72.49,-26,3,-36.26,19.1,26.2,3.6,1.8,-6.9,-14.2,20,46,75,86,47.1,0,0,0,0,0,0,3154069299.9056053,116903979.0,0.099300005,-0.807,1151620,1081310,0,63.5,-11.4,2026-08-19
2024,FIG,Technology,Software - Application,NYSE,24037553,24.99,72.46,-3,-18,-69.05,59.1,16.5,6.8,8.8,20.8,-0.6,20,23,8,8,1.6,0,0,0,0,0,0,13549110859.805426,533009867.0,0.3023,0.482,26163120,22043680,0,10.2,15.2,2026-08-19
2025,PDD,Consumer Cyclical,Internet Retail,NASDAQ,6173826,86.94,72.42,-3,3,-37.64,23.1,26.1,1.5,2.4,7.1,-10.7,19,22,28,29,15.6,0,0,0,0,0,0,120689787316.13838,1423396462.0,0.04,0.11,5578190,7102346,0,23.6,1.2,2026-08-19
2026,OLED,Technology,Electronic Components,NASDAQ,742653,86.64,72.36,2,4,-43.51,11.0,11.7,-3.0,1.4,2.1,-15.4,19,17,19,22,7.5,0,0,0,0,0,0,4087370884.0322113,45966835.0,0.0955,-0.114,722790,764534,0,16.4,3.6,2026-08-19
2027,FIS,Technology,Information Technology Services,NYSE,6219493,41.17,72.06,0,-3,-42.74,7.8,8.6,-3.8,-5.6,-1.5,-20.6,19,19,16,16,5.7,0,0,0,0,0,0,22134097013.354263,515705917.0,0.0423,0.291,6384040,6227176,0,14.2,7.5,2026-08-19
2028,BXMT,Real Estate,REIT - Mortgage,NYSE,2346530,14.24,71.98,-14,-5,-31.11,4.5,9.1,1.2,-3.8,-12.6,-21.9,19,33,42,53,15.3,0,0,0,0,0,0,2440511120.526867,168543591.0,0.0783,-0.731,3100020,2059064,0,35.8,3.9,2026-08-19
2029,DNA,Healthcare,Biotechnology,NYSE,997923,6.92,71.97,-4,-1,-60.64,40.7,20.9,4.1,-1.1,-9.2,-9.1,19,23,26,40,5.4,0,0,0,0,0,0,457240478.2611723,67340277.0,0.0991,-0.485,1244090,1070726,0,23.6,5.1,2026-08-19
2030,KD,Technology,Information Technology Services,NYSE,4139970,12.72,71.85,8,7,-62.48,16.9,7.9,-6.7,-6.4,0.8,-27.7,19,11,10,4,2.3,0,0,0,0,0,0,2868666540.328214,217818263.0,0.1366,-0.033,4612960,4353062,0,6.8,5.8,2026-08-19
2031,VEEE,Consumer Cyclical,Recreational Vehicles,NASDAQ,4627603,10.74,71.75,-75,-168,-91.61,122.9,5.6,-5.9,-13.5,-14.1,-67.3,19,94,1,2,0.5,0,0,0,0,0,0,6727418.441915512,574502.0,0.0617,-0.342,198490,2797410,1,24.4,74.5,2026-08-19
2032,GPGI,Industrials,Metal Fabrication,NYSE,1321380,13.19,71.68,-4,-16,-50.75,13.4,10.6,-4.1,-6.3,-8.7,-26.4,19,23,11,84,11.3,0,0,0,0,0,0,3704795170.550997,289890082.0,0.2079,,1261320,1580912,0,32.3,-5.2,2026-08-19
2033,CPNG,Consumer Cyclical,Internet Retail,NYSE,19368243,15.72,71.57,3,0,-53.87,10.2,8.4,2.9,3.7,-1.6,-17.1,19,16,13,16,6.0,0,0,0,0,0,0,28975890144.77185,1797511702.0,0.0626,0.039,20649190,22858708,0,12.7,5.3,2026-08-19
2034,ASST,Financial Services,Asset Management,NASDAQ,2637780,13.2,71.56,6,50,-94.76,105.6,4.4,15.2,19.6,14.9,-1.4,19,13,57,3,0.5,0,0,0,0,0,0,1052216999.5921508,85441903.0,0.3028,0.946,2616620,3650772,0,18.4,3.8,2026-08-19
2035,BL,Technology,Software - Application,NASDAQ,1053773,29.3,71.55,0,-7,-50.81,24.6,18.5,5.4,4.0,7.8,-21.1,19,19,12,12,8.2,0,0,0,0,0,0,1774564533.0114555,58125270.0,0.1446,0.092,1364470,1149170,0,12.8,7.5,2026-08-19
2036,FLO,Consumer Defensive,Packaged Foods,NYSE,4938013,7.31,71.49,-6,-21,-54.51,6.4,5.1,1.8,1.1,-4.2,-19.2,19,25,10,20,3.0,0,0,0,0,0,0,1594189085.55655,211993230.0,0.2237,0.068,4779650,6360232,0,14.5,13.5,2026-08-19
2037,VERX,Technology,Software - Application,NASDAQ,2342913,12.47,71.46,0,-4,-53.16,27.8,19.1,8.2,8.1,10.1,-9.9,19,19,15,7,4.3,0,0,0,0,0,0,2063412748.916874,162217980.0,0.0866,0.105,3039820,2136660,0,11.3,10.2,2026-08-19
2038,VNET,Technology,Information Technology Services,NASDAQ,3725930,7.92,71.39,-6,41,-45.3,8.1,6.6,-7.0,-5.8,-13.0,-26.5,19,25,72,86,24.6,0,0,0,0,0,0,2163656459.649689,284691643.0,0.2321,0.198,3411600,4689894,0,51.9,-16.7,2026-08-19
2039,ALHC,Healthcare,Healthcare Plans,NASDAQ,5626826,13.46,71.39,-53,-87,-46.42,0.0,0.0,-5.4,-16.2,-32.7,-33.0,19,72,38,77,20.5,0,0,0,0,0,0,2895794687.953023,207435149.0,0.1092,0.316,5942440,5795672,0,51.9,28.1,2026-08-19
2040,LII,Industrials,Building Products & Equipment,NYSE,550923,416.13,71.21,-30,-48,-32.5,2.0,4.1,-1.0,-8.0,-17.3,-16.8,19,49,31,53,10.6,0,0,0,0,0,0,14584950794.256592,34560675.0,0.0701,0.03,536950,497338,0,35.9,20.2,2026-08-19
2041,FOUR,Technology,Software - Infrastructure,NYSE,1455246,44.35,70.91,-6,-21,-52.2,32.3,20.6,6.1,-2.6,2.0,-11.7,18,24,9,17,4.2,0,0,0,0,0,0,3582420560.061493,78960120.0,0.19549999,0.341,2267570,1657232,0,13.6,12.8,2026-08-19
2042,WRD,Technology,Software - Application,NASDAQ,2425360,6.08,70.88,2,20,-51.55,14.1,10.6,0.3,2.6,2.8,-18.1,18,16,34,21,7.6,0,0,0,0,0,0,1925883563.9540048,329210871.0,0.0416,0.822,3262810,2592406,0,19.7,1.4,2026-08-19
2043,ESAB,Industrials,Metal Fabrication,NYSE,665650,82.13,70.78,0,0,-40.23,0.0,0.0,-7.8,-9.2,-12.8,-24.3,18,18,18,59,12.9,0,0,0,0,0,0,5269751209.570862,62135967.0,0.103199996,0.129,744750,747218,0,27.0,-5.7,2026-08-19
2044,CRK,Energy,Oil & Gas E&P,NYSE,2311640,13.55,70.77,1,-1,-51.78,9.4,7.7,-1.7,0.8,0.2,-27.0,18,17,15,28,26.6,0,0,0,0,0,0,4128305028.088085,293620548.0,0.3174,-0.252,1760890,2476706,0,21.7,-6.8,2026-08-19
2045,BTDR,Technology,Software - Application,NASDAQ,11713623,9.39,70.69,-2,59,-66.22,32.3,12.6,2.8,-5.3,-26.4,-22.2,18,20,81,16,10.0,0,0,0,0,0,0,2481371927.9530096,271782245.0,0.3159,0.471,16481250,11283170,0,31.7,-0.3,2026-08-19
2046,JMIA,Consumer Cyclical,Internet Retail,NYSE,1777693,6.33,70.64,-5,33,-57.0,18.3,11.7,8.7,10.8,3.5,-23.6,18,23,61,91,20.9,0,0,0,0,0,0,771601793.8123012,123852615.0,0.0636,0.394,2419430,1853464,1,49.0,-16.4,2026-08-19
2047,SBET,Financial Services,Capital Markets,NASDAQ,7669616,6.51,70.62,8,41,-69.31,55.3,15.5,11.0,12.4,22.5,-8.2,18,10,43,22,1.7,0,0,0,0,0,0,1358315557.743538,216983308.0,0.18620001,15.539,5682850,9050034,0,19.2,-1.5,2026-08-19
2048,COUR,Consumer Defensive,Education & Training Services,NYSE,6409296,5.54,70.6,-2,-8,-55.03,14.9,10.9,2.5,2.8,4.1,-8.0,18,20,14,17,3.5,0,0,0,0,0,0,1655152953.040432,286358632.0,0.1038,0.596,4509630,6995858,0,13.6,9.5,2026-08-19
2049,ADMA,Healthcare,Biotechnology,NASDAQ,2571380,9.34,70.59,3,-6,-54.35,32.2,19.2,3.4,9.3,13.1,-22.6,18,15,6,28,5.8,0,0,0,0,0,0,2121134979.4103625,223984680.0,0.12060001,0.159,2781070,3074466,0,13.7,2.9,2026-08-19
2050,CRCL,Financial Services,Capital Markets,NYSE,12154523,74.59,70.52,7,82,-53.23,56.5,28.3,10.5,17.2,13.5,-8.2,18,11,86,18,5.4,0,0,0,0,0,0,18177512692.21615,253875881.0,0.10609999,0.066,11733970,13023480,0,30.1,-6.1,2026-08-19
2051,NFLX,Communication Services,Entertainment,NASDAQ,42345553,76.02,70.52,3,18,-40.0,18.7,21.5,5.1,8.0,7.5,-9.6,18,15,30,17,9.0,0,0,0,0,0,0,325453540324.9625,4163939676.0,0.0223,0.134,30008940,45338694,0,17.7,1.1,2026-08-19
2052,CNXC,Technology,Information Technology Services,NASDAQ,1347013,23.33,70.47,3,-1,-59.69,22.7,13.1,2.9,3.6,4.8,-17.2,18,15,11,17,4.8,0,0,0,0,0,0,1494339377.534008,61018350.0,0.19860001,0.019,1063010,1797652,0,11.9,5.1,2026-08-19
2053,MMS,Industrials,Specialty Business Services,NYSE,654423,54.43,70.31,-3,-4,-45.57,8.6,10.3,3.9,-0.7,0.7,-18.9,18,21,20,33,10.6,0,0,0,0,0,0,2894337074.726715,52357763.0,0.105900005,-0.051,764580,711162,0,21.2,2.9,2026-08-19
2054,PFSI,Financial Services,Mortgage Finance,NYSE,612880,76.31,70.27,-5,-5,-52.41,2.0,1.8,-0.2,-2.8,-5.5,-24.6,18,23,23,24,12.3,0,0,0,0,0,0,4053781099.7425537,51951572.0,0.089499995,0.018,680660,597126,0,20.6,5.1,2026-08-19
2055,TCOM,Consumer Cyclical,Travel Services,NASDAQ,2833823,44.85,70.23,-1,1,-43.22,16.7,17.1,1.7,1.8,4.7,-16.8,18,19,21,22,14.2,0,0,0,0,0,0,28324140597.303825,629705222.0,0.0185,0.172,2071270,3281186,0,19.1,1.6,2026-08-19
2056,LBRDK,Communication Services,Telecom Services,NASDAQ,1682956,33.96,70.21,9,8,-48.33,24.7,19.6,0.2,5.1,10.3,-17.6,18,9,8,28,6.5,0,0,0,0,0,0,5213272793.652191,143497730.0,0.035,,1589680,1792870,0,12.9,-2.5,2026-08-19
2057,HSAI,Consumer Cyclical,Auto Parts,NASDAQ,1543170,18.07,70.19,4,19,-41.43,21.7,20.9,-3.8,1.8,5.4,-16.6,18,14,29,87,9.9,0,0,0,0,0,0,22892476147.53607,1257137688.0,0.0771,0.296,1362810,1735154,0,35.0,-14.0,2026-08-19
2058,KEP,Utilities,Utilities - Regulated Electric,NYSE,1163210,11.81,70.1,-2,-1,-49.55,0.0,0.0,-6.0,-6.5,-7.8,-28.7,18,20,21,93,18.7,0,0,0,0,0,0,15111834960.315666,1283928154.0,0.0032,-0.001,1064510,1202878,1,38.2,-14.0,2026-08-19
2059,RBA,Industrials,Specialty Business Services,NYSE,1523893,82.11,70.02,-37,-50,-31.33,5.0,11.0,-2.3,-13.4,-18.7,-17.3,18,55,42,32,13.6,0,0,0,0,0,0,15697638397.979736,186300000.0,0.0941,0.111,2743900,1413580,0,35.7,26.6,2026-08-19
2060,CELH,Consumer Defensive,Beverages - Non-Alcoholic,NASDAQ,11083120,29.95,70.02,2,-4,-55.12,35.7,20.7,13.4,12.9,10.1,-16.6,18,16,10,78,4.4,0,0,0,0,0,0,7360789555.840084,253035047.0,0.1383,0.106,17833580,10276572,0,27.1,-6.0,2026-08-19
2061,TIMB,Communication Services,Telecom Services,NYSE,553080,17.59,69.66,-26,-17,-37.67,2.9,4.7,-0.6,-5.9,-13.7,-22.8,18,44,53,86,24.2,0,0,0,0,0,0,8288682288.890997,477733839.0,0.0217,0.055,529050,460250,0,51.8,0.6,2026-08-19
2062,SRAD,Technology,Software - Application,NASDAQ,2689766,13.13,69.39,1,-5,-59.25,5.8,3.7,-1.0,-4.0,-10.8,-25.4,17,16,10,18,2.4,0,0,0,0,0,0,4090051878.52272,295951662.0,0.1188,0.189,3975850,2721850,0,11.6,7.0,2026-08-19
2063,CHTR,Communication Services,Telecom Services,NASDAQ,2679013,144.1,69.37,8,7,-49.58,23.6,18.3,-0.1,4.6,9.6,-18.7,17,9,8,26,5.7,0,0,0,0,0,0,18400939354.71843,119277493.0,0.504,-0.017,1840780,3233840,0,12.2,-1.6,2026-08-19
2064,DJT,Communication Services,Internet Content & Information,NASDAQ,4654816,8.1,69.31,-3,-13,-57.3,18.3,11.7,-4.8,-9.7,-4.6,-19.6,17,20,10,16,2.7,0,0,0,0,0,0,2298574463.211418,277941274.0,0.1082,0.89,4679390,4898116,0,12.2,10.4,2026-08-19
2065,LEGN,Healthcare,Biotechnology,NASDAQ,2592676,20.65,69.31,-9,36,-45.83,35.7,29.9,8.1,11.1,-10.9,-4.9,17,26,71,13,7.2,0,0,0,0,0,0,3947084103.557804,193769462.0,0.22309999,0.519,2437440,2598130,0,29.3,7.5,2026-08-19
2066,EPAM,Technology,Information Technology Services,NYSE,1686806,98.73,69.25,6,5,-55.63,41.2,21.6,7.8,6.7,16.9,-24.3,17,11,10,16,9.3,0,0,0,0,0,0,5184491590.5,51586981.0,0.2233,0.045,1899550,1710346,0,11.6,-0.0,2026-08-19
2067,STNE,Technology,Software - Infrastructure,NASDAQ,4133280,9.27,69.23,-14,-20,-53.53,3.8,3.4,-5.0,-10.2,-12.3,-30.4,17,31,25,78,7.6,0,0,0,0,0,0,2322829604.6921024,243228226.0,0.0956,0.016,5047640,4142570,0,35.4,2.9,2026-08-19
2068,PHAT,Healthcare,Biotechnology,NASDAQ,1571360,9.28,68.76,-15,33,-49.32,13.2,11.1,3.8,-3.6,-10.0,-24.9,17,32,80,85,26.0,0,0,0,0,0,0,775030941.5477486,80900934.0,0.1734,0.88,1669950,1318866,0,55.7,-12.4,2026-08-19
2069,GOOS,Consumer Cyclical,Apparel Manufacturing,NYSE,733543,8.46,68.65,-4,-2,-45.05,3.7,4.7,1.2,-1.3,-6.3,-22.9,17,21,23,50,16.2,0,0,0,0,0,0,853553700.3072605,97660609.0,0.1012,0.103,866610,666074,0,27.5,-3.6,2026-08-19
2070,OPFI,Financial Services,Credit Services,NYSE,913043,7.02,68.59,-22,-34,-43.61,9.0,10.4,-6.6,-16.3,-18.6,-21.9,17,39,27,29,9.8,0,0,0,0,0,0,610091035.5182533,85208247.0,0.028199999,-0.139,1687910,906724,0,26.2,17.8,2026-08-19
2071,LULU,Consumer Cyclical,Apparel Retail,NASDAQ,2503643,115.74,68.49,3,-1,-48.78,13.3,12.7,-2.2,-0.9,1.5,-23.3,17,14,10,23,6.5,0,0,0,0,0,0,13575371243.439056,113553918.0,0.091000006,0.043,2561910,3316206,0,13.4,2.4,2026-08-19
2072,HDB,Financial Services,Banks - Regional,NYSE,8543456,23.15,68.48,-4,-11,-38.85,0.7,1.0,-0.7,-1.5,-5.8,-20.5,17,21,14,31,7.7,0,0,0,0,0,0,120051698681.33212,5137000187.0,0.0046,0.166,6845890,8966326,0,18.4,5.4,2026-08-19
2073,CRML,Basic Materials,Other Industrial Metals & Mining,NASDAQ,5992540,6.57,68.12,4,89,-79.56,20.3,4.2,-6.9,-2.0,-21.1,-37.5,17,13,98,98,35.2,0,0,1,1,0,2,978279072.566555,146888753.0,0.2937,0.578,5996040,5566442,2,61.1,-36.6,2026-08-19
2074,ORCL,Technology,Software - Infrastructure,NYSE,35454276,146.65,68.0,5,56,-57.58,25.1,13.5,-2.9,4.1,-2.7,-17.5,16,11,62,21,6.1,0,0,0,0,0,0,433568507226.6998,2880471000.0,0.0292,0.206,27809460,34510580,0,25.0,-4.6,2026-08-19
2075,SEDG,Technology,Solar,NASDAQ,3138526,30.79,68.0,-72,-66,-62.1,14.5,8.3,1.9,-12.7,-32.0,-23.1,16,88,94,92,43.5,0,0,0,0,0,0,1994664637.5029907,61525748.0,0.2044,0.196,5040310,2989392,2,79.4,20.9,2026-08-19
2076,BLDR,Industrials,Building Products & Equipment,NYSE,2224226,70.21,67.79,0,-5,-53.51,9.9,7.9,0.3,0.8,-4.8,-22.0,16,16,11,33,4.3,0,0,0,0,0,0,7801819326.92083,107596457.0,0.0889,-0.088,1805180,2303274,0,16.1,2.9,2026-08-19
2077,POST,Consumer Defensive,Packaged Foods,NYSE,981900,79.35,67.78,-11,-7,-32.34,3.4,6.8,-1.9,-8.2,-10.3,-19.6,16,27,31,38,13.4,0,0,0,0,0,0,3668863198.386444,45322586.0,0.18360001,-0.018,1283790,929730,0,27.3,4.2,2026-08-19
2078,APTV,Consumer Cyclical,Auto Parts,NYSE,3634126,50.04,67.47,-10,-20,-43.73,5.7,6.2,-0.2,-6.4,-16.3,-29.0,16,26,16,57,9.4,0,0,0,0,0,0,10290308169.500988,207633331.0,0.073,0.023,6011440,3413548,0,27.1,3.1,2026-08-19
2079,KMPR,Financial Services,Insurance - Property & Casualty,NYSE,848376,26.21,67.38,-2,-3,-52.03,16.7,12.1,-1.4,-5.2,-2.2,-19.2,16,18,17,13,4.0,0,0,0,0,0,0,1614331445.9317474,58874232.0,0.097799994,-0.091,888760,1105262,0,13.0,8.1,2026-08-19
2080,HLI,Financial Services,Capital Markets,NYSE,1022810,125.22,67.34,-7,-5,-40.87,5.4,7.8,2.3,-0.4,-3.9,-16.9,16,23,25,31,10.4,0,0,0,0,0,0,8992994308.135986,69886500.0,0.0405,-0.155,938250,897150,0,22.3,4.5,2026-08-19
2081,CPRI,Consumer Cyclical,Luxury Goods,NYSE,3937160,14.67,67.24,-4,2,-48.11,0.0,0.0,-4.8,-7.4,-18.1,-29.5,16,20,26,35,9.3,0,0,0,0,0,0,1760972283.5564957,114796106.0,0.0713,-0.035,5071660,3476376,0,22.6,1.7,2026-08-19
2082,MIR,Industrials,Specialty Industrial Machinery,NYSE,4152986,15.74,67.21,-2,9,-48.01,7.1,6.8,1.0,-0.4,-5.6,-25.2,16,18,29,51,15.0,0,0,0,0,0,0,3957208296.330291,249037647.0,0.2028,0.197,3990110,4146916,0,28.3,-6.2,2026-08-19
2083,BMNR,Financial Services,Capital Markets,NYSE,31982156,18.73,67.14,6,58,-71.45,52.1,13.9,9.5,12.9,23.4,-12.8,16,10,62,83,1.8,0,0,0,0,0,0,10906333157.497478,603226394.0,0.071,21.678,26372560,35846744,0,39.2,-15.7,2026-08-19
2084,PEGA,Technology,Software - Application,NASDAQ,3084113,31.88,67.13,1,0,-53.19,30.2,19.3,3.8,9.4,8.2,-21.6,16,15,14,27,8.9,0,0,0,0,0,0,5313567772.227592,164404945.0,0.1548,0.094,1518660,2809322,0,16.2,0.8,2026-08-19
2085,PLAY,Communication Services,Entertainment,NASDAQ,1473976,10.15,67.04,5,3,-61.42,4.5,2.6,-1.8,-3.1,-7.8,-27.9,16,11,9,25,2.0,0,0,0,0,0,0,354496777.26208305,34788694.0,0.36130002,-0.015,1709470,1742672,0,11.7,1.9,2026-08-19
2086,ONON,Consumer Cyclical,Footwear & Accessories,NYSE,6596143,31.31,66.74,-15,-26,-38.7,1.1,1.8,-6.1,-11.1,-14.2,-22.1,16,31,20,42,11.0,0,0,0,0,0,0,10768398138.636932,334214703.0,0.0789,0.135,11867680,5952054,0,26.0,8.9,2026-08-19
2087,GFUZ,Industrials,Specialty Industrial Machinery,NASDAQ,553246,7.77,66.61,-9,18,-47.68,5.9,5.7,-14.7,-14.8,-23.5,-29.6,16,25,52,47,,0,0,0,0,0,0,858600000.0,,0.06,,176550,615612,0,41.3,,2026-08-19
2088,OLLI,Consumer Defensive,Discount Stores,NASDAQ,1898143,74.93,66.3,4,5,-46.68,28.3,22.9,1.7,6.2,8.4,-17.4,16,12,13,31,6.7,0,0,0,0,0,0,4624072175.937836,60453292.0,0.1251,0.142,1291780,2084320,0,15.7,-1.2,2026-08-19
2089,AMSC,Industrials,Specialty Industrial Machinery,NASDAQ,742970,32.13,66.3,-6,60,-54.42,20.1,12.8,-2.3,-0.2,-11.8,-15.0,16,22,88,63,6.3,0,0,0,0,0,0,1546273208.2558422,48442143.0,0.0756,0.3,716300,920888,0,44.8,-6.9,2026-08-19
2090,EQPT,Industrials,Rental & Leasing Services,NASDAQ,3350746,21.43,66.24,3,3,-39.63,23.0,19.8,-3.2,-0.4,-0.1,,16,13,13,29,,0,0,0,0,0,0,5227145904.0484295,253375963.0,0.1533,0.263,2541030,2976728,0,18.3,,2026-08-19
2091,INTR,Financial Services,Banks - Regional,NASDAQ,5166053,5.29,65.76,-3,-4,-48.94,5.3,5.2,0.9,-1.8,-3.3,-29.5,15,18,17,76,9.6,0,0,0,0,0,0,2291454944.9436035,441513472.0,0.035099998,0.238,7499850,5189594,0,30.1,-7.3,2026-08-19
2092,QXO,Industrials,Industrial Distribution,NYSE,23920893,13.98,65.55,3,16,-49.37,6.1,5.9,-4.8,-2.6,-7.9,-27.1,15,12,25,88,10.5,0,0,0,0,0,0,15659343789.451668,1079210444.0,0.097600006,0.703,19773690,24040220,0,33.9,-15.7,2026-08-19
2093,SOUN,Technology,Software - Application,NASDAQ,35546353,7.04,65.53,4,22,-68.25,25.6,9.3,-2.5,5.7,6.8,-18.4,15,11,29,21,3.2,0,0,0,0,0,0,3299736064.6834927,444109844.0,0.4074,0.45,36292060,31729344,0,16.1,0.1,2026-08-19
2094,TU,Communication Services,Telecom Services,NYSE,8317573,9.69,65.48,-7,-1,-42.05,5.4,7.2,3.3,0.8,-5.2,-20.0,15,22,28,31,7.5,0,0,0,0,0,0,15372000360.488892,1575000000.0,8.48,-0.022,9051170,7798252,0,22.1,4.8,2026-08-19
2095,BILI,Communication Services,Internet Content & Information,NASDAQ,2149426,17.23,65.47,-2,-3,-52.66,8.5,6.8,-2.8,-4.3,-2.5,-27.1,15,17,16,81,11.3,0,0,0,0,0,0,7298740765.106192,418505765.0,0.0684,0.067,2233240,2305140,0,31.3,-9.8,2026-08-19
2096,SITE,Industrials,Industrial Distribution,NYSE,869563,95.65,65.44,-6,-6,-43.25,4.6,6.2,-0.2,-0.9,-6.1,-22.0,15,21,21,64,10.0,0,0,0,0,0,0,4304421387.387161,43655390.0,0.082200006,0.047,846770,879472,0,29.0,-3.1,2026-08-19
2097,FUTU,Financial Services,Capital Markets,NASDAQ,1231526,109.5,65.39,3,16,-45.93,21.9,18.0,2.3,3.7,8.8,-22.5,15,12,25,46,8.5,0,0,0,0,0,0,14752666442.863586,140194488.0,0.093,0.288,915940,1578530,0,22.9,-6.3,2026-08-19
2098,VITL,Consumer Defensive,Farm Products,NASDAQ,1555733,11.16,65.37,0,-13,-78.99,31.3,5.9,-5.2,-10.8,-9.6,-44.9,15,15,2,18,0.7,0,0,0,0,0,0,467953573.422924,42931522.0,0.2934,-0.101,1764900,1967008,0,8.9,7.9,2026-08-19
2099,JKS,Technology,Solar,NYSE,640043,16.62,65.31,-7,7,-47.87,16.3,14.9,2.0,6.3,1.4,-27.2,15,22,36,76,16.9,0,0,0,0,0,0,877200649.0,52370188.0,0.0736,-0.115,585930,710516,0,37.7,-9.7,2026-08-19
2100,GLOB,Technology,Information Technology Services,NYSE,2016366,36.26,65.06,6,10,-49.71,42.5,27.1,3.4,8.1,15.6,-19.6,15,9,13,9,3.9,0,0,0,0,0,0,1614051849.4007416,43179556.0,0.21790001,0.0,2282070,2089506,0,8.7,2.1,2026-08-19
2101,PONY,Technology,Information Technology Services,NASDAQ,3321356,7.98,65.02,7,9,-67.98,19.0,7.2,-3.4,-0.8,4.0,-31.3,15,8,10,33,3.4,0,0,0,0,0,0,3536126975.2440786,434413615.0,0.0657,1.45,2977270,3697746,0,13.6,-2.9,2026-08-19
2102,LZ,Industrials,Specialty Business Services,NASDAQ,3124680,5.44,64.98,-24,-46,-56.13,7.9,7.5,3.9,-13.2,-10.6,-22.3,15,39,17,14,5.1,0,0,0,0,0,0,962508223.8402976,171264812.0,0.1153,0.066,4381370,2904926,0,18.8,24.2,2026-08-19
2103,PSN,Technology,Information Technology Services,NYSE,1653916,45.76,64.94,-11,-22,-48.87,16.9,13.9,-0.4,-5.2,-10.7,-23.3,15,26,15,27,6.0,0,0,0,0,0,0,5115978535.572098,106805394.0,0.1714,-0.005,1428350,1437918,0,18.5,10.9,2026-08-19
2104,QFIN,Financial Services,Credit Services,NASDAQ,1194133,11.94,64.88,-5,-15,-63.48,1.2,0.6,-5.8,-9.3,-15.8,-25.3,15,20,10,10,1.6,0,0,0,0,0,0,1493895672.4135897,121751884.0,0.0327,-0.167,1241370,1287792,0,10.4,12.2,2026-08-19
2105,ABR,Real Estate,REIT - Mortgage,NYSE,3845870,5.0,64.78,4,7,-60.25,7.9,5.0,-0.3,0.9,0.7,-27.7,15,11,14,20,2.6,0,0,0,0,0,0,949580467.3364984,186558043.0,0.0002,-0.248,3728560,3970138,0,11.9,2.1,2026-08-19
2106,PNR,Industrials,Specialty Industrial Machinery,NYSE,3424480,64.1,64.64,2,5,-43.75,5.7,7.0,-1.3,-0.6,-7.0,-26.4,15,13,16,46,7.0,0,0,0,0,0,0,10691823184.377169,161605541.0,0.0481,-0.17,2551320,2880192,0,20.5,-3.9,2026-08-19
2107,COLL,Healthcare,Drug Manufacturers - Specialty & Generic,NASDAQ,563013,28.07,64.6,-33,-55,-44.73,11.8,12.6,3.0,-9.7,-15.0,-26.3,15,48,26,76,15.4,0,0,0,0,0,0,875107204.1996956,30999193.0,0.1873,0.063,950970,515110,0,41.3,12.9,2026-08-19
2108,JBGS,Real Estate,REIT - Diversified,NYSE,713956,11.39,64.41,-16,-20,-53.13,8.7,7.5,4.1,-4.9,-12.6,-22.3,14,30,26,32,7.0,0,0,0,0,0,0,672448676.2661858,58575671.0,0.2569,0.01,1194260,678714,0,23.7,11.5,2026-08-19
2109,IMSR,Utilities,Utilities - Regulated Electric,NASDAQ,1915866,5.82,64.39,7,20,-81.52,23.0,4.7,-0.3,5.4,-6.0,-27.0,14,7,20,12,3.3,0,0,0,0,0,0,623958702.5961161,105935266.0,0.120299995,,1271330,2079634,0,10.6,-0.4,2026-08-19
2110,METC,Basic Materials,Coking Coal,NASDAQ,1995550,12.23,64.3,3,19,-78.84,35.5,6.9,9.8,16.2,0.6,-23.8,14,11,27,83,4.7,0,0,0,0,0,0,776505927.75,63388239.0,0.6461,-0.053,2481100,1832552,0,31.4,-12.9,2026-08-19
2111,TOYO,Technology,Solar,NASDAQ,692670,5.94,64.15,-5,73,-65.92,0.0,0.0,-21.6,-17.8,-39.2,-49.0,14,19,97,94,21.2,0,0,0,0,0,0,259304021.69319344,42718948.0,0.048600003,1.77,746410,878130,2,57.8,-23.9,2026-08-19
2112,QS,Consumer Cyclical,Auto Parts,NASDAQ,24749620,6.12,64.11,2,60,-67.91,20.4,7.3,-3.0,4.1,-8.1,-31.7,14,12,70,52,9.9,0,0,0,0,0,0,3807748055.638884,615145076.0,0.2024,,15122840,24101992,0,36.0,-12.8,2026-08-19
2113,NKE,Consumer Cyclical,Footwear & Accessories,NYSE,21013783,39.09,64.05,-8,-17,-51.24,5.0,4.9,0.2,-1.3,-3.7,-22.3,14,22,13,34,4.6,0,0,0,0,0,0,60316528176.19371,1480887033.0,0.060100004,-0.011,27198830,24344436,0,18.4,7.2,2026-08-19
2114,UPWK,Communication Services,Internet Content & Information,NASDAQ,3956596,8.19,63.96,-2,-9,-64.14,10.8,6.0,-1.5,-4.3,-1.6,-34.8,14,16,9,22,8.1,0,0,0,0,0,0,1060429540.2618884,124903365.0,0.2805,-0.017,5487520,3684650,0,13.8,3.5,2026-08-19
2115,ZTS,Healthcare,Drug Manufacturers - Specialty & Generic,NYSE,6542186,72.97,63.7,2,-1,-54.53,6.7,5.7,2.7,1.6,0.6,-27.8,14,12,9,30,3.6,0,0,0,0,0,0,30491769969.897507,413223602.0,0.0585,-0.002,8771100,6827826,0,13.6,0.9,2026-08-19
2116,PRCT,Healthcare,Medical Devices,NASDAQ,1739273,21.09,63.69,2,15,-50.29,31.3,21.3,2.3,11.0,4.7,-17.7,14,12,25,15,4.9,0,0,0,0,0,0,1232292950.887184,56918844.0,0.1274,0.193,2081470,1766308,0,14.2,1.7,2026-08-19
2117,FLUT,Consumer Cyclical,Gambling,NYSE,3163840,96.39,63.61,-1,-8,-68.85,7.3,3.1,2.5,-1.1,-4.4,-29.6,14,15,8,8,1.5,0,0,0,0,0,0,17598600969.339172,173539102.0,0.0738,0.033,5185580,3069936,0,8.1,8.8,2026-08-19
2118,INTU,Technology,Software - Application,NASDAQ,3877820,335.6,63.44,3,10,-53.49,42.1,24.0,6.4,10.9,22.3,-18.6,14,11,18,10,3.9,0,0,0,0,0,0,94550800421.7224,273537000.0,0.0509,0.104,3258340,4676104,0,10.7,3.1,2026-08-19
2119,WHR,Consumer Cyclical,"Furnishings, Fixtures & Appliances",NYSE,2411216,39.59,63.29,5,3,-59.0,12.3,7.4,-4.1,-1.0,1.3,-32.5,14,9,7,28,2.8,0,0,0,0,0,0,2697298198.219551,65199378.0,0.0013,-0.068,2479170,2456702,0,11.7,-0.5,2026-08-19
2120,PSIX,Industrials,Specialty Industrial Machinery,NASDAQ,517413,39.5,63.05,9,13,-67.0,46.6,13.1,-6.1,7.1,3.1,-36.7,14,5,9,94,2.4,0,0,0,0,0,0,935073364.1170502,23065450.0,0.1583,-0.205,645590,488532,1,27.6,-16.9,2026-08-19
2121,ETOR,Financial Services,Capital Markets,NASDAQ,1023686,28.12,62.97,-21,-9,-41.76,15.1,16.0,-6.4,-15.2,-22.5,-19.3,14,35,47,15,6.7,0,0,0,0,0,0,2272884226.1325645,79527090.0,0.059499998,-0.246,1766740,914134,0,25.9,16.9,2026-08-19
2122,SMMT,Healthcare,Biotechnology,NASDAQ,4057003,12.78,62.96,2,15,-57.47,4.5,3.9,-5.4,-3.8,-7.3,-21.3,14,12,25,21,3.7,0,0,0,0,0,0,10649957491.017324,797749602.0,0.2317,,4863400,5041752,0,15.4,1.1,2026-08-19
2123,ZG,Communication Services,Internet Content & Information,NASDAQ,1285636,34.32,62.88,4,5,-61.96,28.5,14.4,7.6,9.3,12.4,-23.9,14,10,11,12,2.9,0,0,0,0,0,0,7906603348.326805,224874954.0,0.19479999,0.179,1474940,1374008,0,9.0,3.1,2026-08-19
2124,NNE,Industrials,Specialty Industrial Machinery,NASDAQ,2080526,19.59,62.86,6,29,-67.82,28.7,10.2,0.5,7.3,-2.5,-26.9,14,8,31,24,6.8,0,0,0,0,0,0,1055705542.1663132,53698146.0,0.355,,1947910,2517614,0,17.5,-4.9,2026-08-19
2125,ACI,Consumer Defensive,Grocery Stores,NYSE,9381953,12.2,62.69,-14,-9,-39.0,9.9,12.5,-0.5,1.9,-10.1,-25.5,13,27,32,36,8.6,0,0,0,0,0,0,6083048051.027128,489778423.0,0.1475,0.002,6834370,9118380,0,25.9,6.9,2026-08-19
2126,SPRY,Healthcare,Biotechnology,NASDAQ,2270676,6.24,62.66,-3,-4,-58.65,24.4,12.8,5.8,9.6,-13.9,-27.0,13,16,15,36,2.8,0,0,0,0,0,0,561877497.4340377,99447343.0,0.3117,1.142,2221110,2133078,0,17.4,2.7,2026-08-19
2127,MNRO,Consumer Cyclical,Auto Parts,NASDAQ,1010030,11.56,62.65,-30,-38,-51.65,11.5,10.4,5.8,-6.6,-17.0,-28.5,13,43,35,84,17.5,0,0,0,0,0,0,358911394.4884491,31264060.0,0.387,-0.046,1126060,1143550,0,44.9,5.3,2026-08-19
2128,BSX,Healthcare,Medical Devices,NYSE,18567886,51.43,62.44,3,3,-53.03,22.0,14.3,2.2,7.0,12.2,-25.6,13,10,10,18,3.8,0,0,0,0,0,0,75113568986.19852,1449229526.0,0.0154,0.075,17419290,19769500,0,10.4,1.5,2026-08-19
2129,COIN,Financial Services,Financial Data & Stock Exchanges,NASDAQ,7179843,150.55,62.44,0,14,-62.56,13.5,7.8,6.5,4.1,1.7,-19.9,13,13,27,13,3.7,0,0,0,0,0,0,39171868279.87656,263836923.0,0.0991,-0.173,6768870,7830230,0,14.2,3.2,2026-08-19
2130,PRIM,Industrials,Engineering & Construction,NYSE,1344813,83.05,62.42,-2,15,-59.59,6.9,4.0,-1.8,-4.0,-12.5,-37.4,13,15,32,91,11.9,0,0,0,0,0,0,4519436251.072922,54254935.0,0.1144,-0.107,1308650,1993972,1,37.5,-15.4,2026-08-19
2131,LCID,Consumer Cyclical,Auto Manufacturers,NASDAQ,20221366,6.22,62.28,-3,-15,-75.35,28.1,6.5,-8.1,-13.7,-5.0,-35.3,13,16,4,10,1.1,0,0,0,0,0,0,2427397263.880863,390256808.0,0.3561,0.562,8684760,18533336,0,7.8,9.9,2026-08-19
2132,SMPL,Consumer Defensive,Packaged Foods,NASDAQ,2544666,10.84,62.12,-1,-8,-64.3,12.0,6.2,3.5,5.1,-3.7,-25.3,13,14,7,13,2.0,0,0,0,0,0,0,1000270088.2814074,88441207.0,0.1331,-0.063,1954660,2422676,0,9.0,6.9,2026-08-19
2133,CLBT,Technology,Software - Infrastructure,NASDAQ,2913350,10.44,61.91,-38,-60,-47.75,7.7,8.8,-15.7,-20.1,-21.1,-25.2,13,51,29,18,13.9,0,0,0,0,0,0,2793755379.720517,250785933.0,0.0584,0.158,6183270,2633490,0,28.0,27.4,2026-08-19
2134,Z,Communication Services,Internet Content & Information,NASDAQ,3754590,33.72,61.63,3,3,-64.08,24.4,11.8,6.4,8.2,10.6,-26.0,13,10,10,11,2.6,0,0,0,0,0,0,7821150625.614441,224874954.0,0.0732,0.179,4705380,4235618,0,8.4,3.5,2026-08-19
2135,AMIX,Healthcare,Medical Devices,NASDAQ,7856770,6.4,61.6,9,12,-80.34,114.9,13.3,-26.4,-15.1,-14.1,-41.3,13,4,7,3,0.9,0,0,0,0,0,0,3719549.9482154846,543000.0,0.5011,,14016720,4721319,0,3.7,1.4,2026-08-19
2136,ERII,Industrials,Pollution & Treatment Controls,NASDAQ,885596,8.14,61.39,-3,-10,-55.57,2.4,1.8,-2.4,-5.2,-7.3,-31.8,13,16,9,67,4.9,0,0,0,0,0,0,426224725.7220745,51044875.0,0.0616,-0.572,1077670,979768,0,24.2,-4.0,2026-08-19
2137,ACM,Industrials,Engineering & Construction,NYSE,1856886,62.22,61.22,-3,-7,-54.09,6.6,5.5,-2.6,-6.7,-6.2,-26.0,13,16,12,29,5.0,0,0,0,0,0,0,8122031460.300064,128696425.0,0.0701,-0.142,2535590,1885154,0,15.5,3.3,2026-08-19
2138,BKKT,Technology,Software - Infrastructure,NYSE,967563,7.12,61.05,4,27,-85.7,13.0,2.3,4.6,4.6,-2.6,-30.0,13,9,32,27,16.3,0,0,0,0,0,0,342007972.8635845,44706924.0,0.2624,-0.701,1101940,1260048,0,21.1,-9.6,2026-08-19
2139,TME,Communication Services,Internet Content & Information,NYSE,7926210,8.87,60.55,-3,-11,-66.78,10.5,4.7,-0.2,-1.8,0.8,-30.8,12,15,7,25,1.7,0,0,0,0,0,0,14473501154.548164,1637273858.0,0.0456,0.058,11984550,9015408,0,12.2,5.4,2026-08-19
2140,XPEV,Consumer Cyclical,Auto Manufacturers,NYSE,6451236,12.2,60.36,-5,-2,-56.79,2.7,1.9,0.9,-2.0,-7.4,-30.6,12,17,20,31,7.1,0,0,0,0,0,0,11192145159.844246,956593619.0,0.0531,-0.176,6622210,7022312,0,18.8,1.8,2026-08-19
2141,CSGP,Real Estate,Real Estate Services,NASDAQ,7323180,31.35,60.28,3,1,-65.88,24.3,10.3,7.1,11.1,11.1,-27.2,12,9,7,14,1.9,0,0,0,0,0,0,13120298332.237717,405197588.0,0.040599998,0.184,5983430,7302416,0,8.0,2.7,2026-08-19
2142,TNXP,Healthcare,Biotechnology,NASDAQ,510450,12.66,60.11,-5,-8,-76.36,33.9,10.5,2.8,12.0,8.5,-11.5,12,17,14,25,0.9,0,0,0,0,0,0,217989515.69425964,17151024.0,0.2147,5.779,484970,544896,0,14.2,6.8,2026-08-19
2143,APP,Communication Services,Advertising Agencies,NASDAQ,6857130,311.98,60.05,-17,24,-58.16,2.3,1.6,-2.9,-14.5,-28.6,-38.3,12,29,70,28,12.3,0,0,0,0,0,0,105968763324.40485,335939521.0,0.040900003,0.528,8332740,6380602,0,34.8,4.5,2026-08-19
2144,PLNT,Consumer Cyclical,Leisure,NYSE,2044806,50.63,59.92,-2,-10,-55.69,22.6,14.6,7.1,1.9,3.0,-29.6,12,14,6,21,3.8,0,0,0,0,0,0,3803846609.581741,75533093.0,0.12640001,0.045,2655030,1975274,0,11.2,4.5,2026-08-19
2145,CWH,Consumer Cyclical,Auto & Truck Dealerships,NYSE,2306170,6.22,59.56,1,-4,-66.09,20.8,9.5,6.8,8.2,1.1,-22.5,12,11,6,26,2.2,0,0,0,0,0,0,662120395.7984467,103294916.0,0.17549999,-0.021,1765300,2280646,0,11.3,1.9,2026-08-19
2146,JOBY,Industrials,Airports & Air Services,NYSE,42637363,7.91,59.38,0,28,-60.41,16.1,8.3,-5.3,-0.3,-6.4,-28.8,12,12,40,43,3.1,0,0,0,0,0,0,7833864032.50419,989124237.0,0.16430001,2574.933,33126790,42969834,0,24.5,-4.6,2026-08-19
2147,PCT,Industrials,Pollution & Treatment Controls,NASDAQ,4437340,7.22,59.2,-1,65,-53.39,41.7,21.0,0.5,6.2,-5.6,-15.4,12,13,79,29,4.8,0,0,0,0,0,0,1396288391.1804483,200904810.0,0.39080003,1.735,4929790,5598250,0,31.5,-5.7,2026-08-19
2148,BRBR,Consumer Defensive,Packaged Foods,NYSE,4347190,10.18,58.97,4,-1,-76.34,35.8,8.1,-2.9,-10.7,-6.7,-41.9,12,8,3,6,1.2,0,0,0,0,0,0,1249990585.5,116278194.0,0.14109999,0.042,4839310,5456876,0,4.5,4.3,2026-08-19
2149,FUBO,Communication Services,Broadcasting,NYSE,1616153,10.27,58.82,6,4,-81.87,27.7,4.8,5.9,9.6,8.6,-45.7,12,6,4,4,0.8,0,0,0,0,0,0,306573400.0279827,30204277.0,0.2297,0.38,2140730,1588660,0,3.7,3.2,2026-08-19
2150,LI,Consumer Cyclical,Auto Manufacturers,NASDAQ,3368500,12.41,58.79,0,8,-54.21,8.3,6.5,1.4,-0.5,-0.0,-22.6,12,12,20,24,4.5,0,0,0,0,0,0,12024811703.711103,980816597.0,0.0499,-0.114,2403360,3606916,0,15.1,0.6,2026-08-19
2151,DQ,Technology,Semiconductor Equipment & Materials,NYSE,902523,14.24,58.62,3,14,-61.08,20.8,10.1,-2.3,4.8,4.1,-37.0,12,9,20,71,9.0,0,0,0,0,0,0,990632268.9113244,67666137.0,0.11,-0.784,1111870,989416,0,27.3,-13.5,2026-08-19
2152,WVE,Healthcare,Biotechnology,NASDAQ,2798976,5.09,58.47,-4,-7,-76.58,7.2,2.2,-1.3,-4.4,-7.2,-42.9,12,16,13,93,5.3,0,0,0,0,0,0,1066030596.6828346,197048175.0,0.1027,-0.739,3720040,3069044,1,31.8,-9.8,2026-08-19
2153,FMC,Basic Materials,Agricultural Inputs,NYSE,3716636,10.18,58.22,2,6,-75.07,8.0,2.6,4.3,1.5,-2.0,-21.3,11,9,13,14,1.3,0,0,0,0,0,0,1271052368.079752,125226839.0,0.2823,-0.175,2994930,4328818,0,9.3,2.5,2026-08-19
2154,PZZA,Consumer Cyclical,Restaurants,NASDAQ,1449620,23.23,58.2,-15,-11,-58.32,0.2,0.1,-3.0,-14.5,-25.8,-33.9,11,26,30,22,4.0,0,0,0,0,0,0,798202867.1706734,32902014.0,0.2451,-0.088,2481530,1263936,0,20.5,11.4,2026-08-19
2155,PODD,Healthcare,Medical Devices,NASDAQ,1587630,139.7,58.02,-5,-14,-60.63,13.7,8.3,5.1,-1.3,-1.6,-32.1,11,16,7,20,3.4,0,0,0,0,0,0,9941230630.677338,69354199.0,0.0624,0.235,2219990,1609520,0,11.6,6.4,2026-08-19
2156,ALNY,Healthcare,Biotechnology,NASDAQ,2152610,224.6,57.76,-12,-13,-54.68,18.1,13.0,7.9,2.8,-10.2,-27.6,11,23,22,33,5.2,0,0,0,0,0,0,30595454013.99396,133809118.0,0.0478,0.669,1883130,1800436,0,20.8,7.0,2026-08-19
2157,ROL,Consumer Cyclical,Personal Services,NYSE,5894840,36.02,57.08,-12,-4,-45.54,0.7,0.8,-1.0,-3.4,-13.4,-32.4,11,23,31,54,8.4,0,0,0,0,0,0,17417463991.88481,481145404.0,0.0652,0.079,5060150,5382378,0,29.1,0.3,2026-08-19
2158,OKLO,Utilities,Utilities - Independent Power Producers,NYSE,9298440,43.88,56.99,3,51,-77.36,16.6,4.4,-3.8,0.3,-10.4,-37.8,11,8,56,63,8.2,0,0,0,0,0,0,8255463505.688286,186017650.0,0.186,,10431710,9875376,0,33.8,-15.9,2026-08-19
2159,RUN,Technology,Solar,NASDAQ,10043396,9.83,56.92,-16,-20,-56.19,5.8,4.4,-0.3,-1.5,-15.3,-35.2,11,27,23,92,8.4,0,0,0,0,0,0,2430817134.430736,238549287.0,0.32189998,0.528,10441000,10646450,1,37.6,-3.3,2026-08-19
2160,MNSO,Consumer Cyclical,Specialty Retail,NYSE,680386,10.76,56.25,-8,-13,-59.76,4.1,2.8,-5.6,-8.8,-8.9,-32.4,11,19,14,34,5.1,0,0,0,0,0,0,3522307101.5344706,298500597.0,0.0249,0.285,663310,687714,0,18.0,4.4,2026-08-19
2161,BLSH,Technology,Software - Infrastructure,NYSE,1470416,24.96,56.18,4,26,-66.71,23.5,10.5,8.2,12.4,10.1,-22.6,11,7,29,11,2.5,0,0,0,0,0,0,3698703066.381195,151648346.0,0.16950001,0.688,1569370,1637574,0,12.4,-0.8,2026-08-19
2162,EVMN,Healthcare,Biotechnology,NYSE,663226,14.25,55.79,2,26,-57.08,35.8,19.3,5.7,15.9,-4.3,,11,9,33,84,,0,0,0,0,0,0,531679441.6056576,36292113.0,0.18280001,,567270,896620,0,42.0,,2026-08-19
2163,WING,Consumer Cyclical,Restaurants,NASDAQ,1317543,115.72,55.35,-2,-9,-66.54,8.2,4.0,3.4,-3.0,-16.1,-39.2,10,12,5,30,1.8,0,0,0,0,0,0,3435829976.343888,27242546.0,0.15640001,0.064,1396900,1240788,0,12.2,2.2,2026-08-19
2164,CAPR,Healthcare,Biotechnology,NASDAQ,7866853,7.45,54.95,-83,-78,-81.55,107.3,13.1,48.9,19.4,-53.7,-65.5,10,93,98,99,34.9,0,0,1,1,0,2,386424782.391705,58108989.0,0.3049,,12620300,5368502,3,81.2,27.3,2026-08-19
2165,FVRR,Communication Services,Internet Content & Information,NYSE,849503,8.74,54.91,-11,-21,-68.79,7.2,3.4,3.1,-2.8,-8.9,-32.5,10,21,11,7,2.5,0,0,0,0,0,0,323916067.5084686,35950728.0,0.0923,-0.1,848310,834360,0,10.4,13.0,2026-08-19
2166,LTBR,Industrials,Electrical Equipment & Parts,NASDAQ,866096,8.15,54.86,3,22,-73.99,11.8,4.1,-7.3,-4.8,-6.5,-37.1,10,7,26,36,3.6,0,0,0,0,0,0,316520861.80543613,37458091.0,0.121400006,,669100,944328,0,18.2,-6.0,2026-08-19
2167,UPB,Healthcare,Biotechnology,NASDAQ,566330,7.14,54.76,1,7,-78.8,26.9,6.0,5.8,10.1,9.7,-50.6,10,9,15,11,2.3,0,0,0,0,0,0,387231269.2720723,54771041.0,0.1024,-0.175,752720,625492,0,9.3,2.4,2026-08-19
2168,SMR,Industrials,Specialty Industrial Machinery,NYSE,29672633,9.19,54.45,5,7,-84.0,22.4,3.7,-1.5,3.0,-0.3,-35.0,10,5,7,11,1.0,0,0,0,0,0,0,3853557752.476061,410389522.0,0.1943,-0.991,29239820,31378158,0,6.0,0.6,2026-08-19
2169,FRMI,Real Estate,REIT - Specialty,NASDAQ,20911923,6.14,54.44,-5,-16,-83.4,20.0,3.5,-9.4,-9.8,-18.7,-36.5,10,15,4,7,,0,0,0,0,0,0,4083733558.452371,638083359.0,0.096999995,,22762720,21114146,0,8.7,,2026-08-19
2170,STLA,Consumer Cyclical,Auto Manufacturers,NYSE,20701010,5.12,54.21,-3,8,-58.1,7.5,5.4,1.0,-2.6,-6.9,-33.1,10,13,24,19,5.5,0,0,0,0,0,0,20192856446.192,3767323870.0,0.0363,0.131,18626930,20190984,0,15.4,1.5,2026-08-19
2171,OI,Consumer Cyclical,Packaging & Containers,NYSE,3650166,6.62,54.04,-8,-15,-60.85,3.5,2.1,-3.5,-12.8,-22.9,-42.7,10,18,11,67,3.2,0,0,0,0,0,0,1043349676.2683458,153659747.0,0.1079,-0.022,2923180,3396128,0,24.8,-1.7,2026-08-19
2172,STUB,Communication Services,Internet Content & Information,NYSE,6569440,7.12,53.96,-17,-25,-74.47,14.0,5.3,-13.6,-16.9,-31.2,-34.2,10,27,19,12,,0,0,0,0,0,0,3087286896.128849,382089966.0,0.1164,0.332,8304810,7520264,0,19.3,,2026-08-19
2173,MNST,Consumer Defensive,Beverages - Non-Alcoholic,NASDAQ,6386010,45.52,52.75,-78,-89,-54.63,4.2,3.5,-21.5,-39.1,-46.1,-40.9,9,87,76,80,14.2,0,0,0,0,0,0,91722802992.62485,1959051764.0,0.026199998,0.202,7928630,6253774,0,64.3,38.9,2026-08-19
2174,RBLX,Communication Services,Electronic Gaming & Multimedia,NYSE,12620186,37.93,51.96,-5,-11,-73.29,8.9,3.0,3.7,-4.5,-17.4,-39.4,9,14,8,21,1.5,0,0,0,0,0,0,27310591897.414646,714375941.0,0.0373,0.359,15086160,12438114,0,11.1,5.5,2026-08-19
2175,AHCO,Healthcare,Medical Devices,NASDAQ,3037453,5.81,51.4,-44,-34,-56.74,8.4,5.4,-1.0,-27.9,-38.6,-44.4,9,53,63,35,6.2,0,0,0,0,0,0,775107217.7762666,133409161.0,0.0805,0.127,6984470,2457130,0,39.3,26.0,2026-08-19
2176,ODD,Consumer Defensive,Household & Personal Products,NASDAQ,769706,12.09,50.8,-5,-17,-81.18,33.5,6.1,1.1,-8.2,-8.0,-44.3,9,14,2,12,0.7,0,0,0,0,0,0,604692887.1043911,46124554.0,0.294,-0.262,794060,1203356,0,7.2,8.2,2026-08-19
2177,MPLT,Healthcare,Biotechnology,NASDAQ,1198996,11.24,50.39,-87,-92,-72.2,22.7,7.5,1.6,-17.4,-53.5,-45.1,8,95,90,65,,0,0,0,0,0,0,544939526.0,46377832.0,0.16280001,,624760,912154,2,83.3,,2026-08-19
2178,BCAR,Financial Services,Shell Companies,NASDAQ,514726,5.82,50.19,-40,-29,-47.9,32.0,19.5,3.0,-4.6,-36.1,-44.0,8,48,59,43,,0,0,0,0,0,0,240195996.85668945,41200000.0,0.0023999999,,165680,498252,0,50.0,,2026-08-19
2179,ALIT,Technology,Software - Application,NYSE,690066,13.44,48.34,-30,-60,-83.79,40.5,5.8,-3.0,-16.2,-12.3,-43.8,8,38,8,2,0.6,0,0,0,0,0,0,371759488.5382242,26939093.0,0.0317,-0.032,662950,1105196,0,12.1,28.9,2026-08-19
2180,MSTR,Technology,Software - Application,NASDAQ,15782730,97.68,47.54,0,18,-73.43,26.7,7.9,7.5,8.3,4.5,-28.3,7,7,25,9,1.2,0,0,0,0,0,0,36641273114.31554,393822794.0,0.0892,0.069,16460510,21138940,0,10.6,0.7,2026-08-19
2181,CCOI,Communication Services,Telecom Services,NASDAQ,1456290,10.75,46.73,1,12,-76.47,4.5,1.3,-1.4,-11.4,-18.9,-46.2,7,6,17,15,1.1,0,0,0,0,0,0,579249995.6509781,51215736.0,0.1882,-0.042,2157390,1451698,0,9.8,-0.5,2026-08-19
2182,BETR,Financial Services,Mortgage Finance,NASDAQ,581390,13.54,45.73,-13,26,-85.6,0.0,0.0,-12.5,-28.5,-43.4,-62.1,7,20,59,87,14.1,0,0,0,0,0,0,260850480.97314072,18998579.0,0.2346,0.282,1234350,479890,0,45.0,-14.3,2026-08-19
2183,BTGO,Financial Services,Capital Markets,NYSE,1110696,5.55,43.85,2,6,-77.35,33.3,11.3,16.8,20.6,19.5,,6,4,8,9,,0,0,0,0,0,0,677062809.6240578,117545622.0,0.0395,0.796,1615940,1333308,0,7.0,,2026-08-19
2184,EH,Industrials,Aerospace & Defense,NASDAQ,850930,5.71,42.42,2,9,-71.73,17.6,5.9,0.8,5.5,-3.2,-46.3,6,4,11,17,1.4,0,0,0,0,0,0,449762983.6402807,75845362.0,0.16290002,-0.017,507520,1165252,0,8.4,-2.0,2026-08-19
2185,TTD,Communication Services,Advertising Agencies,NASDAQ,24187513,13.4,41.07,-3,-4,-76.24,1.1,0.4,-4.0,-16.4,-23.7,-49.7,6,9,8,7,0.8,0,0,0,0,0,0,6644106104.480562,469880194.0,0.2074,0.03,45175750,23157878,0,6.2,4.6,2026-08-19
2186,IPST,Financial Services,Capital Markets,NASDAQ,3518013,7.39,38.45,4,4,-98.61,342.4,1.6,83.4,145.3,176.6,-77.4,5,1,1,0,0.2,0,0,0,0,0,0,1587471.6344075203,721578.0,0.0138,0.607,10518840,2131526,0,0.5,0.6,2026-08-19
2187,AKAN,Healthcare,Drug Manufacturers - Specialty & Generic,NASDAQ,1094290,5.41,37.54,-84,-87,-97.41,51.5,1.3,-21.8,-28.3,-60.9,-68.9,5,89,86,0,0.2,0,0,0,0,0,0,3488424.346842766,540841.0,0.032,,2594570,782088,0,43.8,62.5,2026-08-19
2188,YSS,Industrials,Aerospace & Defense,NYSE,2270150,10.66,32.75,-4,14,-76.07,0.0,0.0,-5.8,-23.8,-48.9,,4,8,26,24,,0,0,0,0,0,0,1413388834.1631317,129312790.0,0.1175,0.104,4165380,2044210,0,19.3,,2026-08-19
2189,WETO,Technology,Software - Infrastructure,NASDAQ,3888874,24.59,30.02,-32,-31,-90.2,69100.0,62.9,81.4,214.8,558.4,1471.1,3,35,36,3,99.9,0,0,0,0,1,1,6746976.219177246,820800.0,0.0089,-0.45,9909610,2334303,1,43.5,-26.1,2026-08-19
2190,SSTK,Communication Services,Internet Content & Information,NYSE,1339063,5.41,28.29,-3,21,-81.66,2.8,0.7,-2.6,-5.4,-39.6,-65.0,3,6,30,21,1.0,0,0,0,0,0,0,210232324.07416344,36947684.0,0.070700005,-0.169,1153770,1103590,0,14.5,-2.9,2026-08-19
2191,ABTC,Financial Services,Capital Markets,NASDAQ,1552023,7.12,27.31,1,7,-96.73,52.2,2.0,12.7,23.0,-2.0,-64.2,3,2,8,3,0.4,0,0,0,0,0,0,528671133.0471096,72819713.0,0.13239999,1.213,1242920,1429796,0,3.3,0.0,2026-08-19
2192,SION,Healthcare,Biotechnology,NASDAQ,2972076,5.91,16.13,-90,-91,-89.25,38.9,3.8,-57.7,-79.7,-83.0,-83.9,1,91,90,90,1.3,0,0,0,0,0,0,291671133.5223484,45150330.0,0.1506,,7755890,1961882,3,68.1,45.1,2026-08-19
2193,PAVS,Consumer Defensive,Packaged Foods,NASDAQ,1939496,6.36,2.12,0,0,-100.0,40.2,0.0,-16.6,-4.6,-56.6,-99.9,0,0,0,0,0.0,0,0,0,0,0,0,6032181.072481155,862973.0,0.088,180.334,3669950,1612708,0,0.0,-0.0,2026-08-19
