rank,ticker,sector,industry,exchange,avg_vol_30d,price,rs_score,rs_delta,rs_delta_momentum,pct_from_52w_high,pct_from_52w_low,range_position,price_vs_sma10,price_vs_sma20,price_vs_sma50,price_vs_sma200,percentile,pct_1m,pct_3m,pct_6m,pct_12m,elite_rs,elite_1m,elite_3m,elite_6m,elite_12m,elite_count,market_cap,float_shares,short_float_pct,revenue_growth,avg_vol_10d,avg_vol_50d,tf_count_10,avg_pct,shape_score,date
1,STI,Industrials,Electrical Equipment & Parts,NASDAQ,5452540,27.59,548.32,60,53,-40.02,738.6,69.7,42.8,124.4,224.6,235.0,99,39,32,72,98.7,1,0,0,0,1,2,276675841.93518066,7745684.0,0.024,,16229612,3307762,1,60.4,-35.8,2026-06-11
2,OPTX,Technology,Electronic Components,NASDAQ,1318289,12.8,496.97,1,2,-6.88,1037.9,100.0,16.0,30.9,46.8,174.7,99,98,99,62,99.6,1,1,1,0,1,4,457176630.6655541,40279878.0,0.0731,-0.079,1094377,1311785,3,89.6,6.3,2026-06-11
3,AAOI,Technology,Communication Equipment,NASDAQ,13117287,175.13,465.65,0,0,-25.05,1016.9,75.8,-5.0,-4.2,5.6,136.1,99,99,99,69,99.7,1,1,1,0,1,4,14202969759.0,80242767.0,0.120699994,0.514,15352953,12778728,3,91.7,5.6,2026-06-11
4,OCC,Technology,Communication Equipment,NASDAQ,1116726,26.92,438.04,4,-1,65.97,793.1,85.5,34.5,58.4,90.8,180.9,99,95,90,97,99.5,1,0,0,1,1,3,109019637.19055653,8863385.0,0.0427,0.044,2717779,762695,4,95.4,-2.1,2026-06-11
5,ERAS,Healthcare,Biotechnology,NASDAQ,5607268,13.37,407.94,0,0,-44.93,1011.9,60.1,6.0,15.1,-0.6,70.0,99,99,99,96,99.3,1,1,1,0,1,4,3722485050.781832,310984542.0,0.113299996,,6097495,7134529,4,98.3,0.4,2026-06-11
6,MXL,Technology,Semiconductors,NASDAQ,5745257,71.95,406.1,0,-24,-32.3,594.9,76.6,-3.4,-9.6,24.4,179.6,99,99,75,66,98.1,1,1,0,0,1,3,7246058838.316452,89545959.0,0.047,0.43,5135892,5265136,2,84.5,9.5,2026-06-11
7,QTTB,Healthcare,Biotechnology,NASDAQ,1159245,12.87,402.8,2,3,-13.33,833.8,89.7,2.3,29.8,72.9,187.6,99,97,98,88,98.8,1,0,1,0,1,3,222298594.8284769,16956415.0,0.0777,,862106,842899,3,95.5,0.8,2026-06-11
8,MU,Technology,Semiconductors,NASDAQ,54588343,891.88,396.21,0,-1,-18.12,849.5,91.4,1.8,12.8,49.7,163.9,99,99,98,94,99.4,1,1,1,0,1,4,974373508417.5378,1127734051.0,0.0313,1.963,55770010,50196714,4,97.6,0.9,2026-06-11
9,BW,Industrials,Specialty Industrial Machinery,NYSE,3750882,14.64,379.71,0,0,-33.55,1694.1,71.4,-5.6,-13.8,-8.1,68.1,99,99,99,99,99.9,1,1,1,1,1,5,2435014818.0044403,148839531.0,0.0955,0.443,3040638,3499851,4,99.2,-0.5,2026-06-11
10,CLYM,Healthcare,Biotechnology,NASDAQ,1103692,10.8,377.06,0,0,-13.46,824.6,88.1,-0.3,-0.0,10.3,106.6,99,99,99,98,99.0,1,1,1,1,1,5,604124903.5720549,57263023.0,0.051599998,,1543136,929233,4,98.8,0.2,2026-06-11
11,LITE,Technology,Communication Equipment,NASDAQ,6372723,853.26,370.68,0,0,-21.41,980.1,83.2,-1.1,-2.2,-0.9,80.3,99,99,99,98,99.8,1,1,1,1,1,5,67192745910.64453,77800000.0,0.1302,0.901,6721050,6111208,4,98.9,-0.2,2026-06-11
12,WDC,Technology,Computer Hardware,NASDAQ,7638583,490.09,368.39,0,0,-18.66,850.8,88.0,-1.7,2.9,19.3,110.6,99,99,99,98,99.6,1,1,1,1,1,5,176380740496.07455,344682131.0,0.097399995,0.455,6843271,7389910,4,98.9,-0.1,2026-06-11
13,AEHR,Technology,Semiconductor Equipment & Materials,NASDAQ,2486619,93.32,356.67,0,-2,-23.38,824.0,87.1,1.5,4.7,16.7,139.2,99,99,97,90,99.3,1,1,0,0,1,3,3096572760.3122864,31453254.0,0.1608,-0.437,2069609,3376387,4,96.3,1.9,2026-06-11
14,LESL,Consumer Cyclical,Specialty Retail,NASDAQ,1967004,7.97,356.18,87,77,-44.65,761.2,58.7,43.0,79.8,190.1,171.9,99,12,2,2,0.5,1,0,0,0,0,1,43334245.31110382,9359448.0,0.2755,-0.16,612352,1248786,0,4.1,8.7,2026-06-11
15,BE,Industrials,Electrical Equipment & Parts,NYSE,10795607,234.23,351.83,0,0,-27.44,1066.3,79.4,-7.8,-10.8,1.0,67.9,99,99,99,98,99.9,1,1,1,1,1,5,74982243876.82178,284443868.0,0.1166,1.304,11445141,10556222,4,99.0,-0.2,2026-06-11
16,DOCN,Technology,Software - Infrastructure,NYSE,3742881,171.47,347.99,0,-4,-7.04,578.9,96.3,2.2,7.2,35.6,150.1,99,99,95,82,97.5,1,1,0,0,0,2,17728342916.879272,104364181.0,0.1557,0.224,3044714,4210388,3,93.4,4.6,2026-06-11
17,BAND,Technology,Software - Infrastructure,NASDAQ,1382638,59.31,346.05,0,-55,-21.44,401.5,85.3,-4.1,3.8,51.6,192.6,99,99,44,30,95.1,1,1,0,0,0,2,2311649467.690933,32017307.0,0.0315,0.198,1213344,1008146,2,67.0,21.3,2026-06-11
18,HYLN,Consumer Cyclical,Auto Parts,NYSE ARCA,5543578,6.92,337.29,15,4,-13.17,468.9,98.3,8.8,24.5,106.0,213.2,99,84,73,37,96.0,1,0,0,0,0,1,1230457973.0066109,178327240.0,0.093,4.791,6746296,3624017,1,72.5,4.5,2026-06-11
19,RXT,Technology,Software - Infrastructure,NASDAQ,32463572,5.28,335.66,0,-10,-30.98,1269.2,75.4,7.5,10.2,71.7,217.8,99,99,89,13,95.1,1,1,0,0,0,2,1172591838.7808323,249222499.0,0.203,0.019,16912948,22097113,2,74.0,20.1,2026-06-11
20,BNAI,Technology,Software - Infrastructure,NASDAQ,714903,20.09,331.04,0,0,-76.72,1668.3,32.4,21.5,15.0,-23.4,26.0,99,99,99,6,95.6,1,1,1,0,0,3,144275421.28649712,6507687.0,0.1104,9.431,1493039,728037,3,74.9,20.3,2026-06-11
21,STX,Technology,Computer Hardware,NASDAQ,4182889,815.99,321.7,0,-1,-15.6,588.6,91.1,-1.9,2.8,23.3,116.8,99,99,98,97,98.4,1,1,1,1,1,5,191741874118.04004,226252116.0,0.0476,0.441,3120278,3952605,4,98.1,0.8,2026-06-11
22,VPG,Technology,Scientific & Technical Instruments,NYSE,619267,122.25,321.0,2,-9,-10.25,451.8,100.0,11.9,20.1,73.0,186.7,99,97,86,88,96.9,1,0,0,0,0,1,1563000538.4140017,13301000.0,0.0748,0.176,561782,456742,2,92.0,2.9,2026-06-11
23,VICR,Technology,Electronic Components,NASDAQ,859586,275.51,314.36,0,-1,-23.87,582.8,84.2,-1.8,0.8,15.6,100.7,99,99,98,94,98.2,1,1,1,0,1,4,12354384942.769562,45581407.0,0.0759,0.202,718930,856802,4,97.3,1.5,2026-06-11
24,TNGX,Healthcare,Biotechnology,NASDAQ,3953806,28.68,311.49,0,0,0.95,535.8,93.5,18.6,29.5,28.0,117.2,99,99,99,97,98.3,1,1,1,1,1,5,2924782096.718113,144647982.0,0.2228,,5754539,3535277,4,98.3,0.8,2026-06-11
25,VSH,Technology,Semiconductors,NYSE,7509869,54.65,306.05,4,-20,-17.5,395.8,89.7,0.3,15.5,60.8,173.6,99,95,71,32,93.0,1,0,0,0,0,1,7785253408.240505,136105827.0,0.10560001,0.173,10810649,5610629,2,72.7,16.0,2026-06-11
26,EVC,Communication Services,Advertising Agencies,NYSE,4360092,8.95,301.22,1,-15,-11.56,404.0,100.0,9.7,11.5,60.7,175.1,99,98,82,87,94.7,1,1,0,0,0,2,807183650.732193,92039180.0,0.056900002,1.144,2201556,2740837,2,90.4,5.5,2026-06-11
27,VELO,Technology,Computer Hardware,NASDAQ,3432957,22.68,299.35,6,11,-14.42,930.6,100.0,45.1,44.6,88.5,181.4,99,93,98,97,93.7,1,0,1,1,0,3,472345893.0681801,29801002.0,0.2038,0.482,3853771,3107106,4,95.4,-1.7,2026-06-11
28,INTC,Technology,Semiconductors,NASDAQ,140917187,107.04,295.9,0,-6,-19.37,505.7,88.7,6.5,3.3,24.2,120.7,99,99,93,90,96.9,1,1,0,0,0,2,498428410797.1192,5026000000.0,0.028099999,0.072,127932223,136073596,4,94.7,3.5,2026-06-11
29,MRVL,Technology,Semiconductors,NASDAQ,42320133,252.59,287.27,4,-11,-22.09,350.5,85.9,4.5,22.7,56.4,161.1,99,95,80,59,94.4,1,0,0,0,0,1,230483557067.8711,874800000.0,0.0431,0.276,76031421,38066150,2,82.1,9.0,2026-06-11
30,ABVX,Healthcare,Biotechnology,NASDAQ,2218268,98.03,287.04,0,0,-34.13,1589.6,68.1,-2.5,-10.3,-13.2,-8.7,99,99,99,99,100.0,1,1,1,1,1,5,8091386041.266632,79694535.0,0.0315,0.352,4666324,1678866,4,99.2,-0.5,2026-06-11
31,HUT,Financial Services,Capital Markets,NASDAQ,4911490,105.68,283.06,0,-2,-24.94,632.0,85.7,-4.3,2.1,27.1,102.5,99,99,97,92,97.9,1,1,0,0,0,2,12637562890.353027,112594112.0,0.1532,2.255,4058230,4904528,4,96.5,2.1,2026-06-11
32,RLMD,Healthcare,Biotechnology,NASDAQ,1022982,6.38,279.64,0,0,-20.25,1116.4,81.7,1.9,-3.2,-7.7,45.9,99,99,99,99,99.2,1,1,1,1,1,5,624096806.8437777,104890223.0,0.0556,,1164517,1191301,4,99.0,-0.1,2026-06-11
33,ICHR,Technology,Semiconductor Equipment & Materials,NASDAQ,1170298,72.17,279.06,1,0,-7.47,497.7,100.0,17.1,18.9,26.0,129.5,99,98,97,23,95.4,1,1,0,0,0,2,2193486298.90971,34867053.0,0.053000003,0.047,1195306,989805,3,78.3,16.4,2026-06-11
34,PIII,Healthcare,Medical Care Facilities,NASDAQ,2635740,13.54,277.64,47,2,-19.83,791.8,80.5,10.7,13.2,108.7,138.4,99,52,7,9,80.5,1,0,0,0,0,1,38513435.38625717,3325858.0,0.1117,0.038,133422,1589652,0,37.1,-1.2,2026-06-11
35,SLS,Healthcare,Biotechnology,NASDAQ,9373322,7.15,269.23,2,4,-24.82,457.6,80.3,-6.3,-4.5,25.3,106.5,99,97,99,93,96.3,1,0,1,0,0,2,1618285994.008751,196632574.0,0.3081,,9600986,7568857,4,96.3,1.0,2026-06-11
36,ORKA,Healthcare,Biotechnology,NASDAQ,1757727,64.03,268.25,0,-1,-29.64,528.2,87.9,11.9,13.3,8.1,83.4,99,99,98,95,96.6,1,1,1,0,0,3,3627169717.328415,60312101.0,0.158,,1147313,1725540,4,97.1,2.1,2026-06-11
37,LWLG,Basic Materials,Specialty Chemicals,NASDAQ,8430486,9.23,268.01,0,0,-50.67,729.8,51.9,-7.2,-13.7,-18.5,57.2,99,99,99,92,99.0,1,1,1,0,1,4,1562367521.3790436,154079632.0,0.0889,0.273,6319109,8489399,4,97.2,1.4,2026-06-11
38,TSEM,Technology,Semiconductors,NASDAQ,2277132,233.54,267.55,1,0,-22.89,578.2,87.9,3.0,-1.2,11.6,87.4,99,98,97,97,98.0,1,1,0,1,0,3,27925856682.203705,118591206.0,0.0295,0.155,2051726,2454841,4,97.5,0.3,2026-06-11
39,KEEL,Technology,Information Technology Services,NASDAQ,45096588,5.25,267.27,3,-4,-20.45,639.9,83.4,-3.1,5.8,42.3,81.1,99,96,89,92,97.4,1,0,0,0,0,1,3097641048.732705,603828651.0,0.11270001,-0.224,60199795,39871021,3,93.6,0.8,2026-06-11
40,MRAM,Technology,Semiconductors,NASDAQ,5887316,22.86,261.84,0,-17,-55.61,323.8,48.3,-7.6,-18.5,10.2,88.8,99,99,82,84,93.9,1,1,0,0,0,2,554769668.2421837,23447577.0,0.127,0.132,3019760,3729760,2,89.7,7.2,2026-06-11
41,SYRE,Healthcare,Biotechnology,NASDAQ,1104457,75.08,261.69,0,-3,-5.61,450.2,100.0,8.7,10.0,16.7,106.1,99,99,96,95,95.3,1,1,0,0,0,2,6395858415.959236,86841253.0,0.1531,,1114021,1223452,4,96.3,3.0,2026-06-11
42,ALTO,Basic Materials,Specialty Chemicals,NASDAQ,2413692,5.66,261.26,0,0,-5.67,514.1,93.3,1.8,8.7,11.2,89.5,98,98,98,95,96.3,1,1,1,0,0,3,420749232.7686381,77486049.0,0.0196,-0.008,2538027,2000767,4,96.8,1.4,2026-06-11
43,KOD,Healthcare,Biotechnology,NASDAQ,679082,31.41,260.53,-1,-1,-34.34,862.3,70.9,2.3,-2.1,-14.3,32.0,98,99,99,99,99.1,1,1,1,1,1,5,1943060545.3064384,62578441.0,0.2587,,790306,817281,4,99.0,-0.1,2026-06-11
44,PENG,Technology,Information Technology Services,NASDAQ,3609124,58.52,258.91,2,-65,-20.1,296.1,87.2,0.9,12.9,58.2,147.0,98,96,29,28,91.0,1,0,0,0,0,1,3146251030.100174,52560157.0,0.2675,-0.062,3447054,2887346,2,61.0,22.8,2026-06-11
45,UCTT,Technology,Semiconductor Equipment & Materials,NASDAQ,1188690,90.9,258.89,1,1,-4.27,427.6,100.0,16.4,20.6,29.9,120.5,98,97,97,34,96.1,1,0,0,0,0,1,3679062834.9594727,44828352.0,0.0879,0.029,1381301,1084270,3,81.0,13.0,2026-06-11
46,VIAV,Technology,Communication Equipment,NASDAQ,7178061,46.82,258.84,-1,-2,-22.52,447.3,89.0,1.6,0.5,5.9,89.0,98,99,98,90,96.8,1,1,1,0,0,3,11732369710.091185,246685647.0,0.0834,0.428,6765584,6612820,4,95.9,3.0,2026-06-11
47,SVCO,Technology,Software - Application,NASDAQ,575472,11.48,257.34,1,-33,-18.81,255.1,83.7,-0.6,7.9,16.2,88.3,98,97,63,18,83.5,1,0,0,0,0,1,377886707.678422,33441301.0,0.074,0.26,887806,473733,1,65.4,25.9,2026-06-11
48,TTMI,Technology,Electronic Components,NASDAQ,2690048,172.12,255.47,0,-1,-14.23,429.1,94.0,5.2,5.5,23.8,99.2,98,98,97,95,96.5,1,1,0,0,0,2,17407346382.499634,103850059.0,0.048499998,0.304,2614605,2340709,4,96.6,1.5,2026-06-11
49,AIP,Technology,Semiconductors,NASDAQ,1124519,33.51,254.41,0,-8,-14.05,369.9,97.9,4.0,4.2,27.6,107.7,98,98,90,92,95.7,1,1,0,0,0,2,1582775486.5977173,46171982.0,0.0448,0.387,1000448,908671,4,93.9,3.1,2026-06-11
50,QUIK,Technology,Semiconductors,NASDAQ,669839,19.6,252.73,0,-8,-19.44,345.8,89.7,2.9,4.9,30.0,130.6,98,98,90,37,91.5,1,1,0,0,0,2,354480000.0,17724000.0,0.0785,0.168,503679,557665,3,79.1,16.3,2026-06-11
51,BRUN,Technology,Software - Infrastructure,NASDAQ,1842050,29.99,250.55,7,-32,-28.6,197.2,69.1,-9.0,0.3,42.6,114.8,98,91,52,68,89.7,1,0,0,0,0,1,1790031522.8669128,61428674.0,3.05,2.479,2625830,1396450,1,75.2,9.2,2026-06-11
52,ALMS,Healthcare,Biotechnology,NASDAQ,986738,20.06,250.29,0,1,-34.44,646.4,66.6,3.7,-1.2,-8.8,29.6,98,98,99,98,97.8,1,1,1,1,0,4,2429997070.711937,127491980.0,0.1585,-0.9,1219714,1137476,4,98.2,-0.0,2026-06-11
53,DELL,Technology,Computer Hardware,NYSE,10133915,369.83,249.78,4,-4,-21.22,257.3,79.1,-4.6,15.4,51.0,134.9,98,94,86,71,92.3,1,0,0,0,0,1,256183246225.09045,649568287.0,0.0708,0.875,17009446,8785807,2,85.8,6.3,2026-06-11
54,CIEN,Technology,Communication Equipment,NYSE,2713761,434.65,249.62,-1,-1,-31.82,517.0,67.2,-14.5,-18.3,-14.7,47.7,98,99,99,97,97.8,1,1,1,1,0,4,69107550840.06134,141552922.0,0.0505,0.395,4310774,2666102,4,98.2,1.0,2026-06-11
55,ASTI,Technology,Solar,NASDAQ,2095494,6.99,247.36,8,15,-29.18,647.6,96.1,15.6,36.2,64.1,116.2,98,90,97,95,96.4,1,0,0,0,0,1,61029169.34528828,9461887.0,0.1184,2.325,3373754,1968972,4,94.6,-4.9,2026-06-11
56,PL,Industrials,Aerospace & Defense,NYSE,12615057,30.72,246.36,-1,-1,-40.65,579.3,62.8,-13.1,-18.7,-12.1,46.7,98,99,99,99,97.6,1,1,1,1,0,4,11482989210.170288,356393196.0,0.1148,0.421,18172381,12844938,4,98.7,0.7,2026-06-11
57,AMPG,Technology,Communication Equipment,NASDAQ,5675824,7.6,246.19,47,60,24.59,392.6,100.0,42.9,67.5,162.2,162.3,98,51,64,76,94.2,1,0,0,0,0,1,131254974.47030687,25338799.0,0.0794,0.486,7894962,3583552,1,71.3,-27.9,2026-06-11
58,SIMO,Technology,Semiconductors,NASDAQ,1310558,251.68,245.82,0,-5,-19.93,309.7,86.5,-0.4,1.1,29.1,110.4,98,98,93,79,94.6,1,1,0,0,0,2,8771957328.414001,33907835.0,0.0214,1.055,1121374,1030028,3,91.2,6.0,2026-06-11
59,AMD,Technology,Semiconductors,NASDAQ,37867103,452.4,234.73,1,-11,-17.21,320.5,87.3,-2.0,2.0,28.3,93.7,98,97,85,91,93.8,1,0,0,0,0,1,760479533978.7372,1630600639.0,0.0275,0.378,31563199,38624887,3,91.7,4.0,2026-06-11
60,ROLR,Consumer Cyclical,Gambling,NYSE ARCA,769593,7.05,234.01,2,-2,-79.07,433.3,26.7,17.8,25.3,12.7,67.4,98,96,92,7,90.9,1,0,0,0,0,1,69433686.8731327,10968987.0,0.0596,-0.503,1604580,2726130,3,71.5,20.8,2026-06-11
61,OSS,Technology,Computer Hardware,NASDAQ,2145313,15.76,232.65,0,-2,-24.52,392.4,81.2,-4.7,-2.3,28.3,92.1,98,98,96,94,96.6,1,1,0,0,0,2,418348682.0121918,24769017.0,0.1534,0.55,1449199,1800949,4,96.2,1.7,2026-06-11
62,XMAX,Consumer Cyclical,"Furnishings, Fixtures & Appliances",NASDAQ,1459357,8.61,231.08,0,1,-2.49,607.4,100.0,1.5,3.0,8.9,39.1,98,98,99,99,98.7,1,1,1,1,1,5,518994970.4550552,63602326.0,0.041300002,-0.324,1002993,1238290,4,98.7,-0.6,2026-06-11
63,TE,Industrials,Electrical Equipment & Parts,NYSE,38115350,7.73,230.4,2,5,-38.11,630.2,67.2,-14.8,-7.1,27.1,52.6,98,96,99,99,97.7,1,0,1,1,0,3,2633529198.6268616,279271380.0,0.236,2.323,38557652,30855092,4,97.9,-1.7,2026-06-11
64,STRL,Industrials,Engineering & Construction,NASDAQ,750080,770.25,225.81,0,-3,-23.41,313.1,80.4,-4.2,0.9,26.3,92.8,98,98,95,90,94.9,1,1,0,0,0,2,27078206163.46936,30685954.0,0.066,0.916,793842,632872,4,94.5,3.4,2026-06-11
65,ALAB,Technology,Semiconductors,NASDAQ,6138128,330.86,224.53,10,-12,-11.15,327.5,100.0,6.7,17.6,58.7,102.8,98,88,66,73,94.1,1,0,0,0,0,1,54346600720.86359,171407939.0,0.0954,0.934,5736066,6011819,1,80.3,2.2,2026-06-11
66,COHR,Technology,Scientific & Technical Instruments,NYSE,6496320,354.77,224.21,0,-1,-19.37,369.9,81.9,-5.4,-4.3,5.6,68.0,98,98,97,95,95.7,1,1,0,0,0,2,73754065713.24976,195639321.0,0.051999997,0.205,6715630,6141926,4,96.4,1.9,2026-06-11
67,NVTS,Technology,Semiconductors,NASDAQ,37813106,20.5,223.8,-1,-5,-40.01,300.9,63.5,-12.5,-11.6,19.0,95.9,98,99,95,93,88.4,1,1,0,0,0,2,6026083137.508514,240274448.0,0.1877,-0.387,38638448,35685277,3,93.8,6.9,2026-06-11
68,HYMC,Basic Materials,Gold,NASDAQ,2179314,22.98,223.72,-1,-1,-60.87,717.9,42.0,-12.5,-20.0,-29.9,0.6,98,99,99,99,97.5,1,1,1,1,0,4,2414660712.311043,91360601.0,0.1612,,2081903,2191086,4,98.6,0.7,2026-06-11
69,TRT,Technology,Semiconductor Equipment & Materials,NYSE ARCA,1170384,9.68,223.28,0,-5,-54.72,300.4,44.1,-9.0,-21.1,-7.2,64.5,98,98,93,94,93.3,1,1,0,0,0,2,105676657.6211748,10112599.0,0.118599996,1.236,726214,1584932,4,94.6,3.6,2026-06-11
70,POWL,Industrials,Electrical Equipment & Parts,NASDAQ,689359,262.34,222.56,0,-2,-20.02,396.8,88.0,0.7,1.9,9.3,77.0,98,98,96,88,95.9,1,1,0,0,0,2,10378283672.741089,36431649.0,0.12529999,0.065,585559,650933,3,94.5,3.3,2026-06-11
71,NBIS,Communication Services,Internet Content & Information,NASDAQ,18087072,211.69,222.02,1,1,-24.08,401.7,80.8,-6.1,-0.7,22.1,85.0,98,97,97,94,95.0,1,0,0,0,0,1,57840546955.27136,253898194.0,0.2068,6.839,18402316,17420683,4,95.7,1.6,2026-06-11
72,VSAT,Technology,Communication Equipment,NASDAQ,2421132,61.5,219.18,0,0,-31.51,562.2,81.5,4.0,-0.4,10.2,60.4,98,98,98,97,98.5,1,1,1,1,1,5,9174702304.217537,136568953.0,0.096099995,0.021,3383686,2071999,4,97.9,-0.1,2026-06-11
73,AMBQ,Technology,Semiconductors,NYSE,801009,75.12,218.64,3,-68,-12.41,266.4,97.4,4.8,6.6,56.4,132.0,98,95,24,18,,1,0,0,0,0,1,1592279869.796463,21375754.0,0.048600003,0.593,585969,603161,1,45.7,,2026-06-11
74,ASBP,Healthcare,Biotechnology,NASDAQ,8604987,5.61,218.25,5,-87,-83.97,3771.0,24.9,1.8,4.1,106.2,-3.4,98,93,1,1,0.4,1,0,0,0,0,1,6916549.757637024,1295234.0,0.0591,,104923,16257588,1,23.8,73.9,2026-06-11
75,ABSI,Healthcare,Biotechnology,NASDAQ,4957939,6.38,217.26,4,-65,-13.67,183.0,83.5,-0.7,10.8,33.6,81.3,98,94,25,78,80.9,1,0,0,0,0,1,997792373.2682648,155905056.0,0.2572,-0.818,5832497,4847005,1,69.5,16.7,2026-06-11
76,STM,Technology,Semiconductors,NYSE,13020208,70.74,217.1,3,-10,-13.12,268.5,97.3,5.0,11.8,38.2,121.4,98,95,82,36,86.7,1,0,0,0,0,1,62855521958.55377,888794130.0,0.0216,0.23,15217444,12296760,1,74.9,17.2,2026-06-11
77,LQDA,Healthcare,Drug Manufacturers - Specialty & Generic,NASDAQ,1807973,65.25,217.07,1,-2,-1.49,496.9,100.0,15.4,17.2,46.9,99.8,97,96,93,97,96.0,0,0,0,1,0,1,5500202787.45649,88928099.0,0.1426,41.585,2018239,1521463,4,95.5,0.1,2026-06-11
78,FLEX,Technology,Electronic Components,NASDAQ,6654547,139.49,215.12,0,-16,-16.4,252.4,91.6,-0.1,5.3,33.4,103.2,97,97,81,88,92.4,0,0,0,0,0,0,55660133391.30199,366377923.0,0.0184,0.169,5995632,5415196,2,89.6,5.7,2026-06-11
79,LPTH,Technology,Electronic Components,NASDAQ,4027792,14.28,214.68,1,3,-24.6,458.6,83.6,-0.3,3.0,12.9,51.5,97,96,98,97,97.2,0,0,1,1,0,2,937445865.6718065,62789407.0,0.0706,1.089,4321807,3570927,4,97.0,-1.0,2026-06-11
80,WULF,Financial Services,Capital Markets,NASDAQ,28209025,23.19,214.24,-1,-1,-15.58,610.1,94.0,-0.1,3.8,15.2,62.4,97,98,98,97,97.3,0,1,1,1,0,3,11892783480.0,495532645.0,0.262,-0.011,26258326,30432093,4,97.6,0.5,2026-06-11
81,ASX,Technology,Semiconductors,NYSE,9759855,34.3,213.84,0,-3,-16.55,287.4,87.8,-0.5,2.3,15.2,81.2,97,97,94,89,92.8,0,0,0,0,0,0,74659972521.51352,2193945789.0,0.0098,0.172,11611297,8668875,3,93.2,4.0,2026-06-11
82,RVMD,Healthcare,Biotechnology,NASDAQ,2747643,144.19,212.6,0,-2,-13.4,330.1,88.8,-2.1,-1.5,6.3,61.9,97,97,95,94,92.6,0,0,0,0,0,0,31725769115.94992,212596462.0,0.055,,3532899,3400039,4,94.6,3.0,2026-06-11
83,VECO,Technology,Semiconductor Equipment & Materials,NASDAQ,1607352,65.94,212.36,1,-15,0.78,263.0,100.0,14.6,18.4,36.1,100.5,97,96,80,79,91.5,0,0,0,0,0,0,3567407244.8148537,61033485.0,0.16399999,-0.054,1651397,1484901,2,86.6,7.2,2026-06-11
84,CDNL,Industrials,Engineering & Construction,NASDAQ,505595,61.04,211.87,1,-16,-8.72,196.4,100.0,9.2,17.6,25.9,,97,96,79,65,,0,0,0,0,0,0,924613798.638855,15292984.0,0.0933,1.048,510006,476831,1,80.0,,2026-06-11
85,APPS,Technology,Software - Application,NASDAQ,7306733,10.22,211.76,72,73,4.29,259.6,98.9,8.8,41.5,103.8,103.8,97,25,26,89,74.7,0,0,0,0,0,0,1087164458.4073353,120661979.0,0.105500005,0.196,10966570,5293874,0,53.7,-37.7,2026-06-11
86,FCEL,Industrials,Electrical Equipment & Parts,NASDAQ,12228648,16.21,211.65,-1,-56,-41.46,351.3,61.3,-9.3,-15.2,21.0,87.9,97,98,43,71,87.5,0,1,0,0,0,1,918106413.7381096,52977866.0,0.1035,0.607,10858596,9057295,1,74.9,16.2,2026-06-11
87,FORM,Technology,Semiconductor Equipment & Materials,NASDAQ,2057468,115.81,211.62,-1,-2,-27.2,371.5,80.5,6.3,4.4,0.5,65.3,97,98,97,91,93.0,0,1,0,0,0,1,9097321654.500916,77954772.0,0.0514,0.32,1580584,1929882,4,94.8,4.0,2026-06-11
88,SMTC,Technology,Semiconductors,NASDAQ,3471739,154.28,210.59,1,-2,-10.49,317.9,95.6,3.1,6.7,32.6,89.6,97,96,93,86,93.6,0,0,0,0,0,0,14067689789.344728,93151168.0,0.068,0.159,3650377,3060291,3,92.1,3.5,2026-06-11
89,SKYT,Technology,Semiconductors,NASDAQ,1114139,34.85,209.65,1,3,-12.72,337.1,87.0,-3.6,-2.4,6.0,45.7,97,96,98,91,93.6,0,0,1,0,0,1,1720684992.0042114,49204602.0,0.0757,1.621,820829,1147637,4,94.7,2.0,2026-06-11
90,SITM,Technology,Semiconductors,NASDAQ,587151,664.23,209.58,-1,-13,-26.34,279.3,74.7,5.6,1.7,17.9,80.9,97,98,86,89,92.0,0,1,0,0,0,1,16515967149.703856,26396828.0,0.0551,0.883,528493,498202,2,91.2,6.0,2026-06-11
91,SATS,Communication Services,Telecom Services,NASDAQ,6524268,115.24,209.24,-1,-1,-21.74,660.9,89.1,5.1,1.1,1.7,26.4,97,98,98,99,98.9,0,1,1,1,1,4,33699512030.86377,289813488.0,0.36099997,-0.052,7617804,6366106,4,98.5,-0.6,2026-06-11
92,ACMR,Technology,Semiconductor Equipment & Materials,NASDAQ,1775308,79.96,209.12,5,3,-15.13,283.4,98.3,8.0,15.3,46.2,91.8,97,92,90,88,92.7,0,0,0,0,0,0,5272362826.501625,69109487.0,0.052199997,0.342,1732205,1490653,3,90.7,0.6,2026-06-11
93,UMC,Technology,Semiconductors,NYSE,17764684,18.9,209.08,3,-8,-20.22,214.3,86.5,-1.0,3.9,36.3,105.4,97,94,83,73,87.2,0,0,0,0,0,0,49432951362.23388,2509286774.0,0.0115,0.055,18125884,15050992,1,84.3,8.7,2026-06-11
94,ARM,Technology,Semiconductors,NASDAQ,12094889,307.43,209.05,8,-46,-28.17,227.3,77.3,-5.8,8.1,43.5,112.5,97,89,35,25,85.2,0,0,0,0,0,0,364895969042.1671,1064053821.0,0.1329,0.201,12907977,10785479,0,58.5,20.1,2026-06-11
95,BB,Technology,Software - Infrastructure,NYSE,39088695,8.82,207.87,7,-59,-19.3,194.9,85.4,-2.4,11.4,47.4,103.2,97,90,24,71,82.5,0,0,0,0,0,0,5514837750.444126,586061407.0,0.0584,0.101,54796987,30192651,1,66.9,14.1,2026-06-11
96,LRCX,Technology,Semiconductor Equipment & Materials,NASDAQ,9654538,321.8,207.29,2,2,-7.05,305.0,100.0,10.2,15.4,28.1,78.4,97,95,95,93,94.0,0,0,0,0,0,0,379263466393.46313,1250539000.0,0.0294,0.238,10548606,9446263,4,94.3,0.9,2026-06-11
97,COHU,Technology,Semiconductor Equipment & Materials,NASDAQ,1630765,54.47,207.01,2,-5,-6.84,227.9,100.0,7.0,14.1,27.1,92.5,97,95,88,65,90.0,0,0,0,0,0,0,2349804098.85548,47175347.0,0.16430001,0.293,1862557,1423799,2,84.5,9.2,2026-06-11
98,PSIG,Industrials,Integrated Freight & Logistics,NASDAQ,1057581,9.95,206.3,3,-3,5.51,290.6,100.0,8.8,19.0,37.5,91.5,97,94,88,72,91.7,0,0,0,0,0,0,141925752.52116394,15376572.0,0.0023999999,-0.373,1110854,825878,2,86.4,6.2,2026-06-11
99,RLAY,Healthcare,Biotechnology,NASDAQ,4343134,13.49,206.14,0,0,-22.78,365.4,81.4,-0.3,3.7,2.3,57.9,97,97,97,96,94.5,0,0,0,0,0,0,2946553388.4051666,217940332.0,0.17940001,-0.609,4511744,4116434,4,96.1,1.5,2026-06-11
100,CIFR,Technology,Information Technology Services,NASDAQ,25916461,21.02,203.35,-1,-2,-26.55,541.1,83.9,-5.4,-0.6,13.9,35.2,97,98,97,98,97.2,0,1,0,1,0,2,9183154784.72977,409049197.0,0.16350001,-0.288,24210565,25697707,4,97.6,0.5,2026-06-11
101,PDFS,Technology,Software - Application,NASDAQ,936633,57.6,201.35,2,-5,-0.93,236.6,100.0,15.0,26.1,38.9,93.4,97,95,88,82,90.5,0,0,0,0,0,0,2154094225.9425354,41867720.0,0.0538,0.259,883349,748985,2,88.9,5.6,2026-06-11
102,AMKR,Technology,Semiconductor Equipment & Materials,NASDAQ,5418119,69.61,200.29,1,-2,-12.44,282.9,96.7,6.4,8.3,12.3,64.6,97,96,93,92,93.2,0,0,0,0,0,0,16099319287.653109,247872518.0,0.122200005,0.275,5565807,4831389,4,93.5,2.5,2026-06-11
103,RKLB,Industrials,Aerospace & Defense,NASDAQ,27118876,105.05,199.98,-1,-3,-30.43,351.7,71.6,-2.4,-9.2,14.8,58.7,97,98,96,95,94.8,0,1,0,0,0,1,68780046392.07726,624818725.0,0.0581,0.635,22980518,25961697,4,96.0,2.4,2026-06-11
104,GTX,Consumer Cyclical,Auto Parts,NASDAQ,3403264,31.98,199.8,3,-3,-6.87,243.6,97.9,3.4,3.7,27.3,75.7,97,94,88,91,91.2,0,0,0,0,0,0,5982544384.503807,187188503.0,0.0365,0.122,3170673,2769346,3,91.0,2.6,2026-06-11
105,MKSI,Technology,Scientific & Technical Instruments,NASDAQ,1256130,316.07,198.93,1,0,-7.53,286.4,100.0,6.8,8.4,17.7,69.1,97,96,95,88,92.9,0,0,0,0,0,0,20374686100.593357,67544129.0,0.0729,0.152,1023092,1155904,3,93.0,3.3,2026-06-11
106,FLNC,Utilities,Utilities - Renewable,NASDAQ,15339961,21.62,198.27,2,3,-35.48,400.6,71.0,0.2,8.9,36.5,37.6,97,95,96,98,96.2,0,0,0,1,0,1,3042711215.634575,132811490.0,0.38189998,0.077,17373023,11011846,4,96.3,-1.3,2026-06-11
107,TER,Technology,Semiconductor Equipment & Materials,NASDAQ,4163702,347.59,197.64,1,3,-17.65,359.1,89.1,0.8,4.1,5.2,55.1,97,96,98,94,95.2,0,0,1,0,0,1,56031134898.11096,156542162.0,0.0452,0.87,3670828,3658699,4,95.8,0.6,2026-06-11
108,SATL,Industrials,Aerospace & Defense,NASDAQ,9874724,6.28,197.25,0,-35,-47.67,492.1,66.0,-2.6,-14.1,-2.4,79.4,97,97,62,8,79.5,0,0,0,0,0,0,1055497953.6748096,148244097.0,0.0935,0.803,8993803,10739920,1,61.6,30.1,2026-06-11
109,KLIC,Technology,Semiconductor Equipment & Materials,NASDAQ,909161,102.03,196.77,1,-3,-7.9,248.2,100.0,6.8,7.8,21.7,83.9,97,96,92,73,90.7,0,0,0,0,0,0,5136995397.96872,52332877.0,0.036,0.498,838264,794974,3,87.9,7.6,2026-06-11
110,VSXY,Consumer Cyclical,Apparel Retail,NYSE,2796902,74.24,196.01,11,17,-8.66,345.1,97.9,9.4,28.5,43.9,69.0,97,86,92,96,92.5,0,0,0,0,0,0,5925154711.606049,79425668.0,0.22459999,0.153,4132687,2457065,3,91.6,-5.9,2026-06-11
111,WOLF,Technology,Semiconductors,NYSE,10037780,43.42,195.94,-1,-66,-46.28,207.7,52.4,-17.2,-24.1,7.3,,97,98,33,21,,0,1,0,0,0,1,2661549866.2436256,48339081.0,3.16,-0.19,8174142,7487918,1,50.7,,2026-06-11
112,NOK,Technology,Communication Equipment,NYSE,126643532,13.4,195.42,1,-3,-23.21,247.9,78.4,-7.1,-5.5,11.5,77.1,97,96,92,83,87.6,0,0,0,0,0,0,80276842017.85034,5582534171.0,0.0108,0.024,138298036,114291497,2,89.6,7.2,2026-06-11
113,ANAB,Healthcare,Biotechnology,NASDAQ,591002,52.1,195.42,-1,-1,-28.0,319.4,72.7,3.8,-3.1,-2.3,55.2,97,98,98,97,92.2,0,1,1,1,0,3,1465812402.6568832,29100902.0,0.2377,-0.08,581086,714380,4,96.3,3.1,2026-06-11
114,DGXX,Utilities,Utilities - Independent Power Producers,NASDAQ,17826832,5.99,195.35,-2,-31,-34.89,243.9,70.2,-6.6,-11.4,23.5,79.7,97,99,70,84,90.6,0,1,0,0,0,1,546161904.8305922,90424157.0,0.09,-0.268,10654806,11585589,2,85.9,10.1,2026-06-11
115,ARTV,Healthcare,Biotechnology,NASDAQ,610330,7.42,194.82,-3,-5,-48.93,444.2,54.8,9.2,1.2,-11.5,50.0,96,99,97,91,93.3,0,1,0,0,0,1,332829151.66626835,48588198.0,0.014099999,,506052,509734,4,95.1,4.7,2026-06-11
116,CELC,Healthcare,Biotechnology,NASDAQ,1667420,88.24,194.24,-3,-3,-41.57,681.6,58.4,-8.2,-23.2,-25.9,-7.2,96,99,99,99,98.6,0,1,1,1,1,4,4305087845.11084,48766288.0,0.2945,,2570110,1297046,4,98.9,0.2,2026-06-11
117,LUNR,Industrials,Aerospace & Defense,NASDAQ,15139787,26.53,194.04,-2,-6,-43.25,280.6,60.0,-7.9,-12.0,3.7,71.5,96,98,94,71,88.3,0,1,0,0,0,1,4710879890.1723175,160452309.0,0.2331,1.987,14370311,15707162,2,87.8,10.6,2026-06-11
118,PACS,Healthcare,Medical Care Facilities,NYSE,871207,34.33,193.27,-1,-1,-20.31,350.8,78.6,-3.3,-5.9,-1.8,21.9,96,97,97,98,91.3,0,0,0,1,0,1,5857660370.105072,158272376.0,0.0888,0.112,791842,833642,4,95.8,2.6,2026-06-11
119,AMAT,Technology,Semiconductor Equipment & Materials,NASDAQ,8113253,497.01,192.32,3,4,-2.69,253.7,100.0,12.9,19.7,30.7,79.9,96,93,94,89,90.8,0,0,0,0,0,0,359671569137.81006,793959430.0,0.0231,0.114,9168911,7132720,3,91.7,1.8,2026-06-11
120,CRML,Basic Materials,Other Industrial Metals & Mining,NASDAQ,11105501,9.17,192.14,-1,0,-71.48,590.8,29.2,-7.7,-10.0,-10.5,-7.4,96,97,98,97,98.4,0,0,1,1,1,3,1430696420.5998323,146888753.0,0.2523,0.578,8027573,13681850,4,97.6,-0.8,2026-06-11
121,AMPX,Industrials,Electrical Equipment & Parts,NYSE,9424543,16.43,191.02,-2,-1,-32.18,412.0,70.3,-13.9,-6.8,-8.6,27.2,96,98,99,98,97.1,0,1,1,1,0,3,2788639052.937069,141627170.0,0.1627,1.529,9737511,8957904,4,98.0,0.4,2026-06-11
122,CUE,Healthcare,Biotechnology,NASDAQ,902842,27.86,190.83,1,-86,-32.74,410.2,71.6,-1.5,10.5,25.9,60.1,96,95,8,8,51.6,0,0,0,0,0,0,123742100.93447112,4200343.0,0.069,12.506,80228,923068,1,40.7,47.8,2026-06-11
123,FATN,Technology,Software - Infrastructure,NASDAQ,2282867,6.19,190.52,20,-50,-43.21,339.3,58.6,-6.0,11.5,66.9,82.6,96,76,6,3,2.0,0,0,0,0,0,0,85969990.44497299,14024468.0,0.0223,0.904,805033,1405922,0,21.8,58.6,2026-06-11
124,MTSI,Technology,Semiconductors,NASDAQ,1643452,354.4,189.96,0,-4,-15.4,216.7,88.0,2.1,0.1,17.0,74.2,96,96,92,86,89.4,0,0,0,0,0,0,26352559873.92755,76295774.0,0.0433,0.225,1865476,1387535,2,90.9,5.7,2026-06-11
125,ONDS,Technology,Communication Equipment,NASDAQ,76921333,9.31,189.79,-2,-1,-39.07,587.4,66.8,-13.3,-8.7,-3.3,6.6,96,98,99,99,98.1,0,1,1,1,1,4,5316354723.553467,509717600.0,0.3105,10.799,94208299,68567485,4,98.5,-0.4,2026-06-11
126,VSTS,Industrials,Rental & Leasing Services,NYSE,1767725,13.02,189.48,2,-22,-3.7,227.8,100.0,2.8,6.7,25.7,82.8,96,94,70,68,81.3,0,0,0,0,0,0,1697550354.0940895,132105082.0,0.1001,-0.009,1365226,1482779,1,78.3,14.0,2026-06-11
127,CRDO,Technology,Semiconductors,NASDAQ,7929869,237.68,189.14,2,-11,-3.36,269.6,100.0,15.7,25.1,45.3,76.1,96,94,81,92,93.5,0,0,0,0,0,0,38160847974.02069,184449940.0,0.0683,1.57,11323847,7782973,3,90.1,2.0,2026-06-11
128,HPE,Technology,Communication Equipment,NYSE,31021222,45.49,188.53,11,-9,-29.2,165.2,75.7,-5.4,10.6,40.0,82.4,96,85,65,76,86.5,0,0,0,0,0,0,65150814243.48711,1324203521.0,0.0583,0.4,60022868,24304643,0,78.1,3.0,2026-06-11
129,IRDM,Communication Services,Telecom Services,NASDAQ,2230984,45.61,188.29,1,-18,-15.27,215.1,94.0,2.8,5.0,18.8,95.3,96,95,76,16,67.9,0,0,0,0,0,0,5007266020.371094,105727744.0,0.0627,0.019,2526802,2493528,1,63.7,31.2,2026-06-11
130,LAR,Basic Materials,Other Industrial Metals & Mining,NYSE,2786674,8.1,188.24,-2,-4,-32.78,371.2,71.8,-4.8,-6.1,-4.2,39.2,96,98,96,93,95.8,0,1,0,0,0,1,1413887438.7493134,163834000.0,0.036199998,,1835984,3004894,4,95.7,2.3,2026-06-11
131,INOD,Technology,Information Technology Services,NASDAQ,2792379,99.89,187.62,1,-62,-20.18,205.8,81.5,-1.8,4.6,51.0,73.5,96,95,32,54,85.2,0,0,0,0,0,0,3329866895.1224976,32655358.0,0.0929,0.544,1913677,2055037,1,66.6,19.4,2026-06-11
132,MEC,Industrials,Metal Fabrication,NYSE,581001,33.84,186.86,8,-13,1.01,180.6,100.0,8.1,22.0,43.0,85.1,96,88,67,76,84.0,0,0,0,0,0,0,847675699.5,25494006.0,0.0537,0.068,814185,393841,0,78.8,6.5,2026-06-11
133,SPHR,Communication Services,Entertainment,NYSE,733489,142.0,186.8,0,1,-4.7,294.8,100.0,6.2,9.5,12.1,55.8,96,96,97,96,93.4,0,0,0,0,0,0,4993012318.5,35792203.0,0.36580002,0.377,734757,698189,4,95.6,1.2,2026-06-11
134,CECO,Industrials,Pollution & Treatment Controls,NASDAQ,1015151,92.29,186.07,5,4,0.32,255.2,100.0,15.4,15.9,28.0,56.5,96,91,90,93,92.7,0,0,0,0,0,0,2798813758.196617,35873031.0,0.1753,0.165,1406703,821416,4,91.7,-1.1,2026-06-11
135,AXGN,Healthcare,Medical Devices,NASDAQ,870148,41.34,185.97,1,1,-9.8,356.0,96.0,2.9,2.7,7.6,42.6,96,95,95,96,93.9,0,0,0,0,0,0,2276010826.62854,53177824.0,0.069699995,0.266,900085,1032729,4,95.0,0.4,2026-06-11
136,BFLY,Healthcare,Medical Devices,NYSE,4881609,5.39,185.28,3,2,-5.77,327.1,100.0,16.3,23.6,22.1,65.7,96,93,92,88,81.5,0,0,0,0,0,0,1195698985.3336382,261640906.0,0.122200005,0.25,4889898,4892125,2,88.6,6.9,2026-06-11
137,DRTS,Healthcare,Biotechnology,NASDAQ,1113969,9.24,184.05,0,-1,-20.48,233.8,81.9,-0.2,-3.9,10.3,56.8,96,96,95,92,90.4,0,0,0,0,0,0,844546975.0565872,90325876.0,0.0239,,1328867,781167,4,93.4,3.7,2026-06-11
138,GSAT,Communication Services,Telecom Services,NASDAQ,1277053,80.31,183.41,0,-2,-5.18,269.9,94.7,-0.9,-1.5,0.8,34.1,96,96,94,97,93.1,0,0,0,1,0,1,10495009712.067162,128788931.0,0.0651,0.167,1310949,1681715,4,95.0,1.4,2026-06-11
139,NESR,Energy,Oil & Gas Equipment & Services,NASDAQ,1833640,23.53,183.18,-1,-1,-13.65,334.6,90.6,1.4,-0.9,1.9,38.9,96,97,97,93,94.5,0,0,0,0,0,0,2410249356.029825,100847255.0,0.0424,0.335,1507090,1845000,4,95.4,2.0,2026-06-11
140,ARWR,Healthcare,Biotechnology,NASDAQ,1618255,70.73,182.72,-2,-3,-14.02,405.8,91.9,1.0,-1.1,2.6,31.2,96,98,97,99,95.4,0,1,0,1,0,2,10295239149.056185,140857021.0,0.1278,-0.864,1464267,1710955,4,97.4,1.2,2026-06-11
141,RXO,Industrials,Trucking,NYSE,2795581,28.75,182.43,14,-48,3.31,171.9,96.7,3.6,14.0,35.7,72.9,96,82,20,19,68.1,0,0,0,0,0,0,4429759680.97937,164920312.0,0.24790001,-0.006,1904614,2382388,0,47.3,25.8,2026-06-11
142,CPSH,Technology,Electronic Components,NASDAQ,2953642,6.81,182.12,16,25,-52.68,255.0,67.3,7.3,15.9,48.8,96.7,96,80,89,88,91.9,0,0,0,0,0,0,129483966.51731873,19268448.0,0.0517,-0.064,3829836,1882633,1,87.2,-8.5,2026-06-11
143,ATOM,Technology,Semiconductor Equipment & Materials,NASDAQ,2331242,8.02,181.97,-2,-12,-35.14,339.7,66.8,-1.8,-4.2,12.7,94.3,96,98,88,7,52.3,0,1,0,0,0,1,319794168.8613892,38716000.0,0.1547,1.75,1346336,2412469,1,61.3,42.0,2026-06-11
144,ON,Technology,Semiconductors,NASDAQ,13030555,110.17,181.56,2,-15,-18.34,158.3,79.8,-4.7,-2.4,15.9,73.6,96,94,77,57,81.1,0,0,0,0,0,0,45591063007.23322,388803191.0,0.1241,0.047,12099936,11862263,1,77.3,15.5,2026-06-11
145,LGN,Industrials,Engineering & Construction,NASDAQ,1441725,80.69,181.56,-1,-8,-24.76,186.4,76.4,-0.2,0.5,5.2,,96,97,90,87,,0,0,0,0,0,0,13745864804.854614,164247394.0,0.059299998,1.051,1079555,1859667,2,91.3,,2026-06-11
146,TWST,Healthcare,Diagnostics & Research,NASDAQ,1603691,67.77,180.1,7,6,-15.81,206.5,100.0,5.4,16.2,25.0,77.2,96,89,88,29,81.0,0,0,0,0,0,0,4310420431.094788,62271314.0,0.3416,0.193,1706344,1470102,0,71.7,16.1,2026-06-11
147,GLW,Technology,Electronic Components,NYSE,14610494,168.17,180.06,-1,-2,-20.6,255.9,80.0,-4.1,-5.4,0.4,50.0,96,97,96,89,92.4,0,0,0,0,0,0,152832066539.37494,860637825.0,0.0279,0.2,13420804,12981320,3,93.6,4.0,2026-06-11
148,XMTR,Industrials,Industrial Distribution,NASDAQ,1077072,82.37,179.96,5,-47,-17.51,185.6,85.9,1.0,-1.8,29.1,50.2,96,91,39,92,86.6,0,0,0,0,0,0,4456131027.936371,55245857.0,0.090500005,0.359,1104186,905265,2,77.1,7.2,2026-06-11
149,MX,Technology,Semiconductors,NYSE,3847564,6.08,179.58,13,-36,-38.34,175.3,59.8,-16.5,-1.9,31.9,87.4,96,83,34,14,64.8,0,0,0,0,0,0,252535111.96451285,36440854.0,0.0105,0.033,6322813,2866256,0,48.9,27.8,2026-06-11
150,IREN,Financial Services,Capital Markets,NASDAQ,54153005,51.52,179.47,-2,-2,-32.98,480.5,70.4,-5.3,-2.8,10.0,19.5,96,98,98,98,97.0,0,1,1,1,0,3,19423530386.58342,357378674.0,0.1472,-0.0,51403636,46459623,4,97.8,0.5,2026-06-11
151,IMMX,Healthcare,Biotechnology,NASDAQ,1260505,8.18,178.63,-2,-1,-29.54,313.3,67.0,-3.0,-7.0,-12.3,32.1,96,98,99,98,92.1,0,1,1,1,0,3,564536299.209435,71189951.0,0.0765,,1177677,1029555,4,96.8,2.9,2026-06-11
152,CEVA,Technology,Semiconductors,NASDAQ,1075134,41.08,178.18,6,-58,-19.84,164.6,86.2,0.6,8.4,38.6,78.6,95,89,25,20,80.2,0,0,0,0,0,0,1214111352.0320282,27859369.0,0.057600003,0.115,1212204,829730,0,53.6,24.6,2026-06-11
153,AVNS,Healthcare,Medical Devices,NYSE,1327209,24.98,177.58,1,-24,-2.0,152.6,99.5,-0.0,0.5,8.4,66.1,95,94,69,25,74.8,0,0,0,0,0,0,1172961028.925518,46824793.0,0.0327,0.088,1511849,1734201,1,65.7,25.9,2026-06-11
154,ALM,Basic Materials,Other Industrial Metals & Mining,NASDAQ,4852805,15.3,177.56,-4,-4,-37.32,399.1,68.2,-5.7,-7.1,-12.3,40.0,95,99,99,98,90.9,0,1,1,1,0,3,4627829405.655504,283741849.0,0.94,2.212,5862297,4998309,4,96.7,4.2,2026-06-11
155,WEST,Consumer Defensive,Packaged Foods,NASDAQ,876441,8.93,177.07,6,-55,-0.51,155.8,100.0,16.6,15.8,41.0,86.2,95,89,28,14,47.9,0,0,0,0,0,0,735587029.7584591,97557962.0,0.1571,0.444,530524,666710,0,44.7,41.6,2026-06-11
156,DFTX,Healthcare,Biotechnology,NASDAQ,1872259,23.24,176.73,1,3,-11.47,271.5,97.3,2.1,6.0,8.4,51.5,95,94,96,91,90.1,0,0,0,0,0,0,2568522656.438648,109066783.0,0.0855,,2665469,1970753,4,92.8,2.3,2026-06-11
157,TH,Industrials,Specialty Business Services,NASDAQ,1462424,17.04,176.6,-2,-21,-9.98,184.1,92.0,4.4,0.7,10.6,77.7,95,97,78,68,86.3,0,0,0,0,0,0,1604321918.0421448,99585466.0,0.1058,0.041,1916904,1626574,1,82.3,13.1,2026-06-11
158,ONTO,Technology,Semiconductor Equipment & Materials,NYSE,1213839,269.33,174.79,0,-5,-14.77,237.3,98.0,11.8,13.4,12.1,59.8,95,95,90,79,89.8,0,0,0,0,0,0,12597061180.329576,49743567.0,0.0279,0.095,1173588,1074371,2,88.5,6.3,2026-06-11
159,TXG,Healthcare,Health Information Services,NASDAQ,3038227,29.11,174.41,9,8,-18.33,178.9,80.7,-4.2,7.6,19.3,55.8,95,86,85,83,88.1,0,0,0,0,0,0,3940720222.791863,126956189.0,0.2591,-0.026,3347033,2826306,0,85.5,-0.3,2026-06-11
160,DNTH,Healthcare,Biotechnology,NASDAQ,726317,76.42,174.37,-3,-3,-20.81,353.4,75.5,-8.1,-10.2,-12.4,36.5,95,98,98,92,94.3,0,1,1,0,0,2,4401178535.609673,54666233.0,0.1354,-0.602,1206133,722952,4,95.6,3.0,2026-06-11
161,IBRX,Healthcare,Biotechnology,NASDAQ,13743432,6.98,174.13,-2,-1,-43.85,263.6,54.5,0.0,-4.3,-4.7,43.5,95,97,98,18,81.2,0,0,1,0,0,1,7247689600.746767,1047353977.0,0.3418,1.676,12812376,14264847,2,73.5,23.6,2026-06-11
162,BTSG,Healthcare,Health Information Services,NASDAQ,3536445,60.59,174.01,1,-2,-2.45,225.8,100.0,5.0,6.3,19.4,59.7,95,94,91,92,89.1,0,0,0,0,0,0,11324152240.832832,197284877.0,0.082600005,0.256,4331265,2853643,3,91.5,3.1,2026-06-11
163,GLUE,Healthcare,Biotechnology,NASDAQ,839884,16.52,173.96,-2,-3,-35.89,308.1,61.1,-2.7,-5.6,-7.9,10.3,95,97,96,98,92.1,0,0,0,1,0,1,1382928143.557949,84479418.0,0.17989999,-0.95,1073383,900560,4,95.8,2.3,2026-06-11
164,GFS,Technology,Semiconductors,NASDAQ,6177044,74.82,173.78,2,-15,-19.16,155.3,84.2,1.1,3.0,21.1,76.8,95,93,76,46,78.7,0,0,0,0,0,0,41421893043.74634,548416440.0,0.2208,0.031,5431912,5120292,1,73.4,18.2,2026-06-11
165,SNEX,Financial Services,Capital Markets,NASDAQ,642916,124.7,172.7,3,-13,-0.57,137.5,100.0,11.0,13.3,20.4,65.6,95,92,76,74,83.1,0,0,0,0,0,0,9156717920.396912,79251496.0,0.0769,0.238,658908,676145,1,81.3,9.6,2026-06-11
166,URGN,Healthcare,Biotechnology,NASDAQ,836106,28.0,172.61,4,-10,-13.5,304.1,92.4,7.0,4.0,15.8,35.4,95,91,77,92,94.8,0,0,0,0,0,0,1308177690.435854,48721701.0,0.1417,1.516,672139,821783,3,88.7,-0.7,2026-06-11
167,KLAC,Technology,Semiconductor Equipment & Materials,NASDAQ,1104664,2135.64,171.53,4,3,-0.98,1044.0,100.0,59.3,42.7,39.5,75.4,95,91,90,89,89.0,0,0,0,0,0,0,252006607134.90308,130627521.0,0.2889,0.115,1193164,1006234,2,89.7,1.5,2026-06-11
168,CENX,Basic Materials,Aluminum,NASDAQ,1764293,59.04,171.49,0,2,-16.17,260.4,84.9,-4.2,-2.7,-2.6,38.4,95,95,97,89,90.0,0,0,0,0,0,0,5950319599.924313,98974047.0,0.1192,0.024,2075351,1762032,2,92.7,3.5,2026-06-11
169,ACLS,Technology,Semiconductor Equipment & Materials,NASDAQ,648634,157.43,171.38,1,-22,-8.26,166.7,100.0,10.0,11.2,23.2,73.5,95,94,71,71,85.5,0,0,0,0,0,0,4522800395.070892,30733897.0,0.1237,0.033,571793,669700,1,80.4,11.2,2026-06-11
170,SANM,Technology,Electronic Components,NASDAQ,895594,231.32,171.3,2,-21,-19.87,186.1,81.8,-4.7,-1.5,16.5,54.6,95,93,70,91,88.8,0,0,0,0,0,0,13510917136.940384,53597735.0,0.0776,1.023,865722,875718,2,85.7,4.8,2026-06-11
171,VISN,Technology,Communication Equipment,NASDAQ,8266532,12.07,171.18,1,2,-41.27,122.3,46.8,3.3,5.0,-12.5,-24.3,95,94,95,97,78.9,0,0,0,1,0,1,2650443164.25,225569631.0,0.0854,0.216,5505388,7298787,3,91.2,6.9,2026-06-11
172,CMPS,Healthcare,Medical Care Facilities,NASDAQ,3995857,11.03,171.05,2,-10,-25.27,385.5,76.5,-7.9,-3.2,20.4,62.7,95,93,81,89,84.3,0,0,0,0,0,0,1634236218.8688278,134949320.0,0.057800002,,4124661,4547106,1,86.8,6.4,2026-06-11
173,TVTX,Healthcare,Biotechnology,NASDAQ,2365241,46.74,170.78,3,-10,-3.85,247.2,100.0,5.5,7.7,17.6,49.5,95,92,79,94,91.1,0,0,0,0,0,0,4260005105.756321,92992905.0,0.19700001,0.556,2043375,2522095,3,89.0,1.4,2026-06-11
174,LINC,Consumer Defensive,Education & Training Services,NASDAQ,568933,47.43,169.1,-1,-2,-11.35,167.5,87.1,-1.1,-1.4,6.6,57.1,95,96,95,79,82.6,0,0,0,0,0,0,1522277789.9621887,31720728.0,0.0767,0.225,534440,488578,2,88.2,10.2,2026-06-11
175,LASR,Technology,Semiconductors,NASDAQ,1260025,62.7,169.08,-3,-2,-27.89,303.4,78.1,0.1,-4.3,-0.8,44.5,95,98,99,97,94.2,0,1,1,1,0,3,3714513401.577141,56408709.0,0.0494,0.552,1126486,1259155,4,97.0,2.0,2026-06-11
176,ADEA,Technology,Software - Application,NASDAQ,2594523,30.85,168.8,1,0,-10.16,177.9,95.4,7.0,11.8,12.4,61.7,95,94,93,28,83.7,0,0,0,0,0,0,3196312795.5315285,110293749.0,0.1106,0.195,2986708,2013096,2,74.7,18.4,2026-06-11
177,APLD,Technology,Information Technology Services,NASDAQ,22437794,38.92,168.69,-3,-6,-23.27,351.7,79.8,-4.6,-5.4,10.4,36.0,95,98,95,96,91.8,0,1,0,0,0,1,11322188829.945202,285769539.0,0.299,1.393,21013292,24015642,4,95.2,3.8,2026-06-11
178,FTRE,Healthcare,Biotechnology,NASDAQ,1529462,16.34,168.19,3,-53,-12.48,279.1,89.0,4.1,12.8,32.2,37.3,95,92,36,92,90.3,0,0,0,0,0,0,1520922451.1837578,94584730.0,0.1179,-0.023,1460976,1337439,3,77.6,6.4,2026-06-11
179,SSL,Basic Materials,Specialty Chemicals,NYSE,1455446,13.54,167.55,-1,-1,-5.78,205.7,91.2,1.5,1.7,2.6,52.6,95,96,96,68,88.0,0,0,0,0,0,0,8587632746.780928,637537682.0,0.0076,0.002,1393748,1920043,2,87.0,9.6,2026-06-11
180,SEDG,Technology,Solar,NASDAQ,4509118,54.54,167.45,12,22,-32.87,266.2,67.9,-13.5,-9.8,13.2,46.9,95,83,93,89,88.8,0,0,0,0,0,0,3841885708.978546,60818202.0,0.1967,0.415,3055856,4126513,1,88.4,-5.1,2026-06-11
181,LSCC,Technology,Semiconductors,NASDAQ,2485918,132.37,167.15,4,1,-15.05,198.6,89.0,-0.9,2.0,14.4,58.9,95,91,88,75,88.7,0,0,0,0,0,0,18574156176.965515,137007857.0,0.077,0.422,1997585,2178343,1,85.7,4.7,2026-06-11
182,CNTA,Healthcare,Biotechnology,NASDAQ,1256504,39.69,166.82,0,-6,-1.42,230.3,99.5,-0.0,0.1,0.3,40.1,95,95,89,89,91.6,0,0,0,0,0,0,6130361467.651634,154728966.0,0.0188,,1344154,2900812,2,91.2,3.5,2026-06-11
183,GH,Healthcare,Diagnostics & Research,NASDAQ,2356962,130.7,166.29,10,13,-2.67,219.4,97.5,1.4,8.6,28.3,41.8,95,85,88,96,87.0,0,0,0,0,0,0,16655877162.622574,132599929.0,0.1017,0.483,2471676,2296443,1,89.0,-3.5,2026-06-11
184,COGT,Healthcare,Biotechnology,NASDAQ,2053695,31.38,166.01,-2,-1,-28.24,361.4,72.9,0.1,-0.7,-6.2,6.8,95,97,98,99,95.5,0,0,1,1,0,2,5300325562.297165,170868004.0,0.0657,,2637416,2155519,4,97.4,0.2,2026-06-11
185,EFXT,Energy,Oil & Gas Equipment & Services,NYSE,561145,23.91,165.99,-1,-1,-17.98,211.6,78.7,-4.2,-8.1,-4.2,35.9,95,96,96,93,90.3,0,0,0,0,0,0,2947916892.5351524,122066954.0,1.27,0.058,477006,600151,4,93.8,3.5,2026-06-11
186,OSCR,Healthcare,Healthcare Plans,NYSE,8716816,27.85,165.49,4,-57,8.87,166.5,100.0,17.4,21.2,46.3,69.3,94,90,29,39,76.2,0,0,0,0,0,0,7389593499.006271,301493000.0,0.075,0.526,8575069,7685619,1,58.6,23.2,2026-06-11
187,SKLZ,Communication Services,Electronic Gaming & Multimedia,NYSE,888705,8.75,164.81,14,-55,-56.25,296.1,66.4,-2.7,5.6,39.4,59.9,94,80,11,27,54.0,0,0,0,0,0,0,131571710.2730484,15607557.0,0.2642,0.329,290686,1563013,0,43.0,30.5,2026-06-11
188,CSTM,Basic Materials,Aluminum,NYSE,2349165,32.65,164.19,0,-1,-11.73,169.0,94.0,0.3,2.7,8.6,55.0,94,94,93,86,86.4,0,0,0,0,0,0,4614138667.40036,136150450.0,0.0452,0.244,2122595,2334667,2,89.9,5.5,2026-06-11
189,SNX,Technology,Electronics & Computer Distribution,NYSE,722639,267.81,164.05,6,-16,-6.44,124.7,98.6,1.6,9.2,19.6,59.2,94,88,66,68,81.9,0,0,0,0,0,0,21672372647.791138,80626390.0,0.0179,0.181,935447,847205,0,76.0,9.2,2026-06-11
190,TIGO,Communication Services,Telecom Services,NASDAQ,1919618,89.25,163.27,2,5,-0.27,156.4,100.0,6.1,8.4,10.8,46.4,94,92,95,92,86.4,0,0,0,0,0,0,13848976374.595093,167541444.0,0.04,0.451,3021175,1726297,3,91.3,2.5,2026-06-11
191,AXSM,Healthcare,Biotechnology,NASDAQ,849010,246.34,163.11,4,-5,1.62,152.8,100.0,7.3,8.4,21.0,53.9,94,90,81,85,83.4,0,0,0,0,0,0,11955133214.022585,51459766.0,0.0845,0.574,714361,753084,1,84.8,5.2,2026-06-11
192,TTI,Industrials,Conglomerates,NYSE,1606839,10.38,163.02,1,0,-17.22,223.5,79.4,3.5,1.6,8.4,21.9,94,93,92,96,91.8,0,0,0,0,0,0,1358205398.5528822,146200797.0,0.0544,-0.006,2100669,1679885,4,93.2,0.1,2026-06-11
193,DIOD,Technology,Semiconductors,NASDAQ,728676,100.45,162.37,1,-8,-17.64,152.2,87.3,0.2,2.8,7.9,59.6,94,93,84,33,79.2,0,0,0,0,0,0,4643174705.870239,45944734.0,0.053600002,0.221,679339,670321,1,72.3,19.8,2026-06-11
194,POET,Technology,Semiconductors,NASDAQ,53783764,10.98,162.35,-3,-14,-47.24,184.1,43.9,-12.1,-18.4,4.4,52.5,94,97,86,86,87.7,0,0,0,0,0,0,2046981455.90407,172595406.0,0.19950001,2.019,37468084,47246700,1,89.2,7.9,2026-06-11
195,CTOS,Industrials,Rental & Leasing Services,NYSE,1089937,10.27,162.12,3,-16,0.49,131.2,100.0,7.2,9.5,19.7,54.5,94,91,72,74,82.9,0,0,0,0,0,0,2201549776.686989,227432821.0,0.0342,0.093,855552,1018314,1,80.0,9.3,2026-06-11
196,BKSY,Industrials,Specialty Business Services,NYSE,2442356,31.79,161.75,-3,-6,-39.88,230.3,61.6,-5.4,-14.3,-5.5,40.3,94,97,94,87,89.7,0,0,0,0,0,0,1289909681.473732,37109026.0,0.19639999,-0.297,2435220,2373820,2,91.9,5.9,2026-06-11
197,MBX,Healthcare,Biotechnology,NASDAQ,664860,30.99,161.4,0,3,-32.41,282.8,82.4,19.7,18.1,15.3,33.3,94,94,97,98,91.4,0,0,0,1,0,1,1441253422.7626345,47597536.0,0.1263,,577641,590286,4,95.1,0.2,2026-06-11
198,CYRX,Industrials,Integrated Freight & Logistics,NASDAQ,919599,14.77,161.4,5,-34,-11.72,125.7,79.1,-7.6,-2.1,17.3,43.7,94,89,50,76,80.1,0,0,0,0,0,0,791316304.4865217,50402313.0,0.0454,0.165,1257299,728911,0,73.8,10.9,2026-06-11
199,PUMP,Energy,Oil & Gas Equipment & Services,NYSE,6384045,15.07,161.11,-1,0,-18.54,227.0,75.0,-4.0,-8.6,-5.9,34.7,94,95,96,90,84.2,0,0,0,0,0,0,1807374198.1752012,122616976.0,0.1475,-0.247,5425875,4793217,3,91.3,6.3,2026-06-11
200,ATI,Industrials,Metal Fabrication,NYSE,1792403,183.37,160.5,3,6,0.04,179.6,100.0,9.5,16.5,22.7,60.8,94,91,94,91,84.6,0,0,0,0,0,0,24219406846.27988,136470427.0,0.042,0.006,1689179,1798087,3,90.2,2.9,2026-06-11
201,UMAC,Technology,Computer Hardware,NYSE ARCA,7542599,22.85,159.81,6,14,-33.5,238.9,70.2,-8.2,13.5,45.9,80.9,94,88,96,38,89.3,0,0,0,0,0,0,1276097780.5638697,47793923.0,0.14060001,2.964,14271457,6259403,1,77.8,8.6,2026-06-11
202,DHC,Real Estate,REIT - Healthcare Facilities,NASDAQ,1863721,8.87,159.78,0,1,-2.95,169.1,94.4,3.0,1.9,10.4,49.0,94,94,95,88,87.4,0,0,0,0,0,0,2065172014.130476,242106926.0,0.043,-0.053,2292413,1663844,2,91.1,4.4,2026-06-11
203,SEI,Energy,Oil & Gas Equipment & Services,NYSE,2428280,68.24,159.57,-1,-2,-16.0,205.1,95.3,6.3,4.8,9.1,42.1,94,95,94,88,89.9,0,0,0,0,0,0,4052538198.1740417,58402338.0,0.21790001,0.553,2326221,2383036,2,91.7,4.1,2026-06-11
204,SYNA,Technology,Semiconductors,NASDAQ,1018115,128.82,159.2,4,-22,-13.61,132.5,87.1,0.1,0.9,25.7,63.7,94,90,64,55,79.0,0,0,0,0,0,0,4743934917.134857,38637685.0,0.2211,0.104,898065,912941,1,72.0,15.1,2026-06-11
205,MOD,Consumer Cyclical,Auto Parts,NYSE,1299995,258.17,159.02,1,1,-20.13,201.6,83.7,-4.3,-1.4,4.4,44.4,94,93,93,73,89.5,0,0,0,0,0,0,14604093226.12915,52815785.0,0.072399996,0.475,1317486,1128619,2,87.1,5.7,2026-06-11
206,HUM,Healthcare,Healthcare Plans,NYSE,1650863,364.46,158.98,10,-59,3.58,125.3,100.0,7.4,13.6,39.9,49.1,94,84,15,42,62.0,0,0,0,0,0,0,42031128307.84607,120061500.0,0.056700002,0.235,1314380,1719002,0,50.7,26.3,2026-06-11
207,OGN,Healthcare,Drug Manufacturers - General,NYSE,4981506,13.38,157.83,3,-71,-0.74,136.0,99.9,0.5,0.4,16.0,49.6,94,91,17,9,45.1,0,0,0,0,0,0,3508347426.163149,262600862.0,0.0867,-0.035,2685289,9897819,1,40.5,46.8,2026-06-11
208,STLD,Basic Materials,Steel,NASDAQ,1053041,268.34,157.05,7,-2,-4.33,130.3,100.0,3.6,10.0,21.8,54.8,94,87,78,83,79.5,0,0,0,0,0,0,38721131698.5,144212781.0,0.0323,0.191,1161325,1117195,0,81.9,5.4,2026-06-11
209,CRS,Industrials,Metal Fabrication,NYSE,651107,523.05,156.87,8,12,4.58,142.0,100.0,12.2,20.5,26.8,61.4,94,86,90,89,83.2,0,0,0,0,0,0,24027962266.45691,49685612.0,0.034,0.116,668481,670398,1,87.1,0.4,2026-06-11
210,MRVI,Healthcare,Biotechnology,NASDAQ,2905375,5.08,156.87,3,-17,-2.5,159.2,100.0,4.9,11.9,29.6,51.2,94,91,71,82,84.6,0,0,0,0,0,0,740480940.4665432,147506164.0,0.0685,0.405,3013046,2528067,1,82.1,7.0,2026-06-11
211,CNC,Healthcare,Healthcare Plans,NYSE,5939889,65.34,156.73,5,-59,2.9,152.0,93.5,1.5,5.0,24.4,54.2,94,89,25,28,23.8,0,0,0,0,0,0,30778367914.16931,493797000.0,0.035099998,0.051,5292237,5854791,0,41.5,51.2,2026-06-11
212,NKTR,Healthcare,Biotechnology,NASDAQ,935635,56.78,156.7,-4,-3,-47.91,595.8,55.2,0.0,-7.0,-21.6,-1.2,94,98,99,98,96.7,0,1,1,1,0,3,1936615343.9293213,33786032.0,0.1427,0.038,1080456,1066209,4,97.9,0.5,2026-06-11
213,HIMX,Technology,Semiconductors,NASDAQ,6078130,16.23,156.39,-3,-31,-35.31,155.1,62.3,-14.7,-13.1,15.6,75.2,94,97,69,37,76.3,0,0,0,0,0,0,3502472339.812359,174425914.0,0.056999996,-0.075,5417310,4751396,1,69.8,25.1,2026-06-11
214,HTLD,Industrials,Trucking,NASDAQ,582648,15.78,156.36,13,-8,-1.93,129.1,100.0,3.4,8.9,23.2,58.4,94,81,60,50,71.2,0,0,0,0,0,0,1219687797.304016,77489696.0,0.048699997,-0.197,638896,503429,0,65.6,13.2,2026-06-11
215,PTEN,Energy,Oil & Gas Drilling,NASDAQ,7838679,12.02,156.1,1,0,-8.1,121.8,82.3,-2.0,-3.9,0.6,42.4,94,93,92,33,73.2,0,0,0,0,0,0,4369399272.917585,379617653.0,0.045700002,-0.127,8367628,9179931,2,72.8,22.0,2026-06-11
216,CODI,Industrials,Conglomerates,NYSE,915008,10.92,155.95,1,-57,-13.61,116.8,69.3,-6.1,-10.4,-9.0,32.2,94,93,35,7,62.3,0,0,0,0,0,0,800510704.070219,75235966.0,0.0671,-0.059,890676,1024697,1,49.3,38.4,2026-06-11
217,QMCO,Technology,Computer Hardware,NASDAQ,1174158,12.59,155.2,22,-39,-31.87,203.0,75.2,1.7,21.6,50.7,64.3,94,72,11,15,33.4,0,0,0,0,0,0,185902965.50801757,14638029.0,0.1058,0.086,2138365,888823,0,32.8,36.8,2026-06-11
218,OUST,Technology,Electronic Components,NASDAQ,5311831,38.39,155.11,8,3,-22.27,138.2,75.4,-6.8,0.6,28.9,49.5,94,86,81,90,85.7,0,0,0,0,0,0,2526542635.751442,63672949.0,0.1004,0.489,4551894,3952536,1,85.7,-0.1,2026-06-11
219,PURR,Financial Services,Capital Markets,NASDAQ,15963066,7.57,154.85,5,8,-34.85,173.9,68.5,-9.1,-1.2,20.1,,93,88,91,28,,0,0,0,0,0,0,1232137742.0583372,144447571.0,1.38,,23043749,11492823,1,69.0,,2026-06-11
220,RIOT,Financial Services,Capital Markets,NASDAQ,18380439,24.08,154.65,-1,-17,-16.79,182.0,88.9,-0.9,2.3,22.8,49.7,93,94,78,70,86.1,0,0,0,0,0,0,9325209274.0987,378151230.0,0.185,0.036,17433957,18375361,1,82.0,10.4,2026-06-11
221,AVR,Healthcare,Medical Instruments & Supplies,NASDAQ,1161412,9.5,154.58,7,-3,-6.31,221.0,95.0,0.2,5.4,31.1,67.1,93,86,76,35,68.9,0,0,0,0,0,0,938378870.3397932,97342203.0,0.0615,-0.112,1325468,1009041,0,66.5,19.8,2026-06-11
222,TWLO,Technology,Software - Infrastructure,NYSE,3235335,207.09,154.22,1,-24,-13.16,123.5,79.2,-4.7,1.4,19.1,54.7,93,92,67,80,68.7,0,0,0,0,0,0,34299375455.118717,151773860.0,0.0519,0.2,3342227,2862859,1,76.9,16.5,2026-06-11
223,MRX,Financial Services,Capital Markets,NASDAQ,935701,61.91,154.16,7,-35,5.61,124.3,100.0,12.2,14.1,19.3,56.4,93,86,44,71,62.7,0,0,0,0,0,0,3964110289.603119,71930870.0,0.0373,0.551,1001545,1118573,0,65.9,18.8,2026-06-11
224,PACK,Consumer Cyclical,Packaging & Containers,NYSE,739944,6.72,154.11,12,-51,-6.15,120.4,100.0,3.2,8.7,32.4,38.2,93,81,18,58,74.5,0,0,0,0,0,0,580849697.986722,85544875.0,0.055999998,0.11,423822,592068,0,57.9,14.1,2026-06-11
225,NEXA,Basic Materials,Other Industrial Metals & Mining,NYSE,1192845,12.11,154.09,-2,-2,-28.3,177.0,68.4,-8.5,-10.1,-8.1,32.6,93,95,95,87,87.0,0,0,0,0,0,0,1728323898.8106604,132438611.0,0.007900001,0.417,1101105,1367869,2,91.0,5.6,2026-06-11
226,CLMT,Basic Materials,Specialty Chemicals,NASDAQ,948852,34.65,153.98,0,0,-10.58,163.9,89.7,-2.0,1.8,4.1,41.6,93,93,93,71,86.2,0,0,0,0,0,0,3064965000.418808,87147147.0,0.073699996,0.036,893736,1017861,2,85.8,7.8,2026-06-11
227,DDOG,Technology,Software - Application,NASDAQ,6998496,227.63,153.94,6,-36,-18.33,128.3,75.3,-4.1,1.8,33.9,57.1,93,87,45,62,75.5,0,0,0,0,0,0,83333840064.05086,355960189.0,0.0544,0.322,7185659,5998923,0,67.4,15.0,2026-06-11
228,COCO,Consumer Defensive,Beverages - Non-Alcoholic,NASDAQ,1360890,78.74,153.47,0,-4,-1.2,143.5,98.8,4.5,2.9,21.9,49.4,93,93,89,87,84.0,0,0,0,0,0,0,4231475510.717255,57112643.0,0.1041,0.373,872411,1271066,1,88.2,6.1,2026-06-11
229,EXTR,Technology,Communication Equipment,NASDAQ,2638523,28.58,153.22,10,-42,-4.03,126.1,100.0,7.7,15.4,39.1,65.8,93,83,31,30,72.5,0,0,0,0,0,0,3664402085.625458,130778088.0,0.0947,0.114,2082480,2581808,0,54.1,21.1,2026-06-11
230,ASML,Technology,Semiconductor Equipment & Materials,NASDAQ,1735232,1734.19,153.15,4,6,-2.53,175.4,100.0,10.2,15.6,24.4,53.2,93,89,91,85,84.8,0,0,0,0,0,0,632755593573.2556,385417665.0,0.0026,0.132,1918318,1792775,1,87.4,2.7,2026-06-11
231,INSW,Energy,Oil & Gas Midstream,NYSE,587872,82.61,153.14,-1,-3,-10.85,126.3,83.6,3.2,1.1,2.4,34.5,93,94,92,79,82.2,0,0,0,0,0,0,4013345689.6123657,49504696.0,0.052800003,0.785,509917,546079,2,86.8,9.1,2026-06-11
232,WTTR,Energy,Oil & Gas Equipment & Services,NYSE,1748922,18.4,152.96,1,-2,-10.16,133.5,87.1,-0.2,-2.1,7.3,43.1,93,92,89,49,78.9,0,0,0,0,0,0,2239614685.9723606,124353951.0,0.0344,-0.023,1333796,1889797,1,77.2,15.4,2026-06-11
233,FROG,Technology,Software - Application,NASDAQ,2795143,80.36,152.49,9,-42,-9.87,125.8,81.6,-6.1,1.8,28.9,43.9,93,84,33,92,72.9,0,0,0,0,0,0,10174056816.0,121119724.0,0.041500002,0.258,2591569,2673595,1,70.5,9.0,2026-06-11
234,RMBS,Technology,Semiconductors,NASDAQ,2483126,138.12,152.05,4,-5,-20.67,148.7,76.7,-5.4,-0.4,11.5,37.0,93,89,80,84,84.9,0,0,0,0,0,0,15713382410.763733,108136967.0,0.0958,0.081,2618930,2530628,0,84.5,4.0,2026-06-11
235,RILY,Financial Services,Financial Conglomerates,NASDAQ,1096406,8.32,151.31,2,4,-25.98,190.7,71.4,-5.8,-10.4,-0.7,25.4,93,91,93,77,87.8,0,0,0,0,0,0,314496124.15493774,37130592.0,0.1453,1.134,1099638,974349,2,87.2,4.2,2026-06-11
236,NUE,Basic Materials,Steel,NYSE,1430413,250.49,151.2,5,-11,-5.36,122.7,99.0,2.2,6.9,17.7,49.6,93,88,72,81,79.8,0,0,0,0,0,0,57935020131.49796,227740950.0,0.0278,0.213,1578791,1488582,0,80.2,7.1,2026-06-11
237,KALV,Healthcare,Biotechnology,NASDAQ,6041615,27.0,150.82,-2,-22,0.07,150.9,100.0,0.2,0.5,12.4,60.3,93,95,75,85,71.9,0,0,0,0,0,0,1434841972.219574,53240888.0,0.2531,,2313557,4070403,1,81.7,15.6,2026-06-11
238,KGS,Energy,Oil & Gas Equipment & Services,NYSE,2074805,66.49,150.63,-1,-4,-14.41,115.8,80.4,0.4,-4.1,-0.1,42.0,93,94,91,46,77.1,0,0,0,0,0,0,6570830552.136017,100918914.0,0.0692,0.049,1519637,1670573,2,77.0,18.3,2026-06-11
239,KN,Technology,Electronic Components,NYSE,1019416,37.31,150.52,4,-4,-6.54,135.0,100.0,3.0,6.1,18.6,51.2,93,89,81,72,82.4,0,0,0,0,0,0,3187990047.989273,85560660.0,0.0586,0.158,984928,921427,0,81.1,7.5,2026-06-11
240,LPG,Energy,Oil & Gas Midstream,NYSE,644286,43.37,150.31,7,4,-9.87,88.4,83.0,4.0,1.9,10.6,36.8,93,86,83,39,74.6,0,0,0,0,0,0,1778903954.3174286,42782681.0,0.0591,1.052,668819,560055,0,70.6,15.4,2026-06-11
241,ILPT,Real Estate,REIT - Industrial,NASDAQ,540288,8.66,150.09,3,-1,-5.36,164.2,100.0,2.7,4.8,20.1,45.6,93,90,86,77,86.7,0,0,0,0,0,0,573989682.4222269,66665471.0,0.0101,0.04,785464,474630,1,84.9,4.7,2026-06-11
242,ATEN,Technology,Software - Infrastructure,NYSE,1054641,31.72,150.04,7,-4,-3.73,97.3,100.0,3.9,8.7,17.3,56.9,93,86,75,45,71.3,0,0,0,0,0,0,2200984187.7779007,71998175.0,0.1373,0.134,1228234,1043320,0,69.3,16.7,2026-06-11
243,ARW,Technology,Electronics & Computer Distribution,NYSE,806950,215.49,149.91,5,-5,-7.63,118.8,94.9,0.8,2.5,15.2,56.8,93,88,78,35,70.6,0,0,0,0,0,0,11202936041.881895,51133946.0,0.030199999,0.39,667122,714708,0,67.9,20.3,2026-06-11
244,NVT,Industrials,Electrical Equipment & Parts,NYSE,2166321,156.79,149.55,0,-5,-11.92,141.5,89.0,-1.7,-1.1,7.8,39.6,93,93,88,85,84.9,0,0,0,0,0,0,26337792911.42633,161720452.0,0.028800001,0.535,1925704,2102002,1,87.7,6.1,2026-06-11
245,KNX,Industrials,Trucking,NYSE,4769541,79.25,149.37,19,17,-0.89,111.7,100.0,4.5,10.1,22.1,51.0,93,74,72,77,71.6,0,0,0,0,0,0,12767153530.410769,162494000.0,0.0621,0.014,4736405,4025335,0,73.6,0.8,2026-06-11
246,CAT,Industrials,Farm & Heavy Construction Machinery,NYSE,2780786,856.16,149.3,1,1,-9.58,151.4,92.7,-0.3,0.5,5.4,36.6,93,92,92,89,86.1,0,0,0,0,0,0,416504131881.14575,460591983.0,0.0202,0.222,3096390,2529568,2,89.8,3.5,2026-06-11
247,ATRO,Industrials,Aerospace & Defense,NASDAQ,586479,82.34,149.28,1,3,-9.17,215.9,100.0,10.3,12.6,21.4,51.0,93,92,94,94,89.2,0,0,0,0,0,0,3036394919.3504333,35840355.0,0.0866,0.12,533739,515911,3,92.3,0.8,2026-06-11
248,VRT,Industrials,Electrical Equipment & Parts,NYSE,5880791,280.98,149.24,-3,-3,-26.05,169.4,70.5,-3.9,-7.4,-5.9,35.8,93,96,96,85,88.5,0,0,0,0,0,0,115428544047.22266,384108816.0,0.0354,0.301,6394534,5749206,2,91.4,6.0,2026-06-11
249,ALOY,Basic Materials,Other Industrial Metals & Mining,NASDAQ,2125777,13.91,149.2,9,21,-48.29,179.0,43.3,11.2,27.9,36.8,41.9,93,84,96,96,89.6,0,0,0,0,0,0,763944427.0186844,61213498.0,1.91,,3134712,1977252,2,91.4,-6.4,2026-06-11
250,AOSL,Technology,Semiconductors,NASDAQ,1134751,38.61,148.64,1,-55,-28.95,148.0,72.1,-4.7,-1.4,11.6,57.6,92,91,35,13,68.6,0,0,0,0,0,0,1257341521.544197,29929578.0,0.082100004,-0.005,1070205,1036917,1,51.9,32.4,2026-06-11
251,AKAN,Healthcare,Drug Manufacturers - Specialty & Generic,NASDAQ,1796921,13.81,148.63,-5,-102,-93.4,474.2,12.1,-5.1,-16.8,-9.4,-42.3,92,97,0,1,0.2,0,0,0,0,0,0,8352953.4011592865,534418.0,0.0744,,68654,2883432,1,24.6,77.3,2026-06-11
252,NAVN,Technology,Software - Application,NASDAQ,3530044,20.87,148.55,14,-56,-11.3,165.9,98.3,3.7,10.7,29.0,,92,78,8,12,,0,0,0,0,0,0,5354114655.482319,252552569.0,0.1504,0.348,3564024,3241576,0,32.7,,2026-06-11
253,POWI,Technology,Semiconductors,NASDAQ,1411551,74.63,148.52,3,-24,-16.15,151.5,83.4,-2.9,0.3,11.5,58.6,92,89,62,14,45.1,0,0,0,0,0,0,4291552980.631714,55719984.0,0.1019,0.026,1312555,1251313,0,52.5,39.6,2026-06-11
254,JBHT,Industrials,Integrated Freight & Logistics,NASDAQ,969143,280.75,148.42,10,10,-3.17,121.3,100.0,2.3,6.1,14.9,44.4,92,82,82,86,77.3,0,0,0,0,0,0,26870559045.96332,94299203.0,0.060500003,0.046,1004470,959430,0,81.8,1.6,2026-06-11
255,CAPR,Healthcare,Biotechnology,NASDAQ,1003490,25.33,147.85,-6,-7,-37.26,444.3,66.5,-7.5,-10.5,-19.3,20.0,92,98,97,98,71.1,0,1,0,1,0,2,1546826609.0100784,57911893.0,0.2082,,779831,1006404,3,91.0,13.6,2026-06-11
256,BWLP,Energy,Oil & Gas Midstream,NYSE,521028,21.73,147.85,4,-7,-5.2,91.0,90.6,4.6,2.4,9.1,36.6,92,88,77,37,75.3,0,0,0,0,0,0,3112199382.0,151814604.0,0.0041,-0.027,585686,455117,0,69.3,17.6,2026-06-11
257,PBI,Industrials,Integrated Freight & Logistics,NYSE,3186812,16.91,147.74,4,-30,-1.28,90.0,100.0,2.3,5.7,16.1,46.7,92,88,54,60,64.2,0,0,0,0,0,0,2283542508.1668854,135441425.0,0.0001,-0.032,2715747,3272497,0,66.5,20.9,2026-06-11
258,CORZ,Technology,Software - Infrastructure,NASDAQ,15140899,25.69,147.58,5,0,-15.66,139.8,89.7,-0.7,3.8,20.8,48.2,92,87,82,69,80.4,0,0,0,0,0,0,8217334919.463615,317885292.0,0.2282,0.449,13484407,14566779,0,79.6,7.4,2026-06-11
259,CLS,Technology,Electronic Components,NYSE,2359257,362.92,147.07,-1,-3,-23.44,207.9,75.1,-4.6,1.3,2.4,25.0,92,93,91,96,90.6,0,0,0,0,0,0,42736652620.53378,114973107.0,0.0301,0.528,2780572,2367956,4,92.7,0.8,2026-06-11
260,CSCO,Technology,Communication Equipment,NASDAQ,26847404,118.8,147.06,9,0,-8.87,90.1,87.6,-1.2,1.1,20.5,49.7,92,83,74,78,73.3,0,0,0,0,0,0,479436110244.9392,3941434665.0,0.015,0.12,26527872,23202124,0,77.1,6.7,2026-06-11
261,BWA,Consumer Cyclical,Auto Parts,NYSE,3757409,71.29,147.04,8,11,-9.55,128.5,95.1,1.4,7.3,21.4,46.9,92,84,87,80,82.1,0,0,0,0,0,0,14897497601.464989,205114941.0,0.0471,0.005,3934288,2920339,0,83.3,1.5,2026-06-11
262,PRM,Basic Materials,Specialty Chemicals,NYSE,1420464,33.82,146.37,2,-4,-3.07,166.9,100.0,10.2,8.9,16.4,34.0,92,90,84,95,87.6,0,0,0,0,0,0,4919912195.188786,163127063.0,0.0275,0.736,1213662,1302142,2,89.2,0.8,2026-06-11
263,LBRT,Energy,Oil & Gas Equipment & Services,NYSE,3461441,28.23,146.24,-3,-2,-18.12,179.7,75.3,-4.7,-8.9,-8.3,26.4,92,95,96,86,81.9,0,0,0,0,0,0,4642795909.70517,163191416.0,0.0992,0.045,3543473,3554114,2,89.7,8.3,2026-06-11
264,OBE,Energy,Oil & Gas E&P,NYSE ARCA,891444,11.05,146.17,-3,-9,-24.26,103.5,61.0,-4.7,-8.4,-7.0,36.7,92,95,89,36,76.8,0,0,0,0,0,0,738551082.100647,66776768.0,4.81,-0.261,601864,1070078,1,74.2,21.5,2026-06-11
265,MPWR,Technology,Semiconductors,NASDAQ,726253,1473.04,145.78,1,-3,-14.06,136.2,90.1,1.2,1.1,5.3,41.0,92,91,87,84,81.4,0,0,0,0,0,0,72762903289.23999,49129267.0,0.0541,0.261,803299,664317,1,85.9,6.6,2026-06-11
266,GPRE,Basic Materials,Chemicals,NASDAQ,1560273,14.94,145.72,-2,0,-21.12,224.8,75.5,-2.8,-5.0,-7.6,17.9,92,94,96,80,91.2,0,0,0,0,0,0,1048351723.480074,70030174.0,0.2078,-0.259,1376979,1489545,3,90.3,4.0,2026-06-11
267,TDAY,Communication Services,Publishing,NYSE,1750242,7.92,145.66,4,7,-4.35,133.1,89.8,-3.4,-1.0,3.2,33.3,92,88,91,86,81.6,0,0,0,0,0,0,1198925677.6829605,147107452.0,0.1273,-0.04,1779238,1747229,1,86.6,3.3,2026-06-11
268,ARKO,Consumer Cyclical,Specialty Retail,NASDAQ,860125,8.07,145.57,13,2,1.51,126.2,100.0,11.3,14.1,26.8,58.5,92,79,68,56,72.9,0,0,0,0,0,0,840271024.6127262,112185721.0,0.0511,-0.031,741976,915513,0,69.0,8.8,2026-06-11
269,MEI,Technology,Electronic Components,NYSE,1092160,10.55,145.56,16,-43,-32.15,126.1,72.2,-2.5,0.6,23.2,46.6,92,76,17,20,42.7,0,0,0,0,0,0,402843882.7153101,35430421.0,0.0512,-0.026,607490,834806,0,38.9,33.7,2026-06-11
270,ELVN,Healthcare,Biotechnology,NASDAQ,772589,37.0,144.83,-2,-7,-23.76,166.6,76.5,10.3,3.4,-2.4,46.0,92,94,89,21,73.0,0,0,0,0,0,0,2114010619.8998568,60904946.0,0.1331,,1038519,908761,1,69.3,25.6,2026-06-11
271,FSLY,Technology,Software - Application,NASDAQ,10039649,18.65,144.81,-4,-2,-46.44,196.9,46.1,-1.6,4.6,-17.0,27.1,92,96,98,79,83.7,0,0,1,0,0,1,2827954952.23999,156500000.0,0.1584,0.198,8096619,11320953,2,89.2,9.4,2026-06-11
272,UNIT,Real Estate,REIT - Specialty,NASDAQ,2223354,11.61,144.53,4,-24,-6.26,133.6,100.0,8.5,10.6,11.2,55.5,92,88,60,38,69.3,0,0,0,0,0,0,2836086889.4614563,242815652.0,0.1181,2.36,1739223,2577002,0,63.8,22.2,2026-06-11
273,HBM,Basic Materials,Copper,NYSE,6130350,24.68,144.33,-2,-2,-23.23,194.0,77.1,-5.1,-0.6,6.1,30.1,92,94,94,94,88.5,0,0,0,0,0,0,10192052352.932682,397196119.0,1.85,0.273,7121122,5708512,3,92.6,2.7,2026-06-11
274,FTNT,Technology,Software - Infrastructure,NASDAQ,6565734,138.88,144.31,12,-27,-7.46,95.0,93.9,0.7,6.5,34.7,64.5,92,80,41,30,52.0,0,0,0,0,0,0,105999563843.80292,732648391.0,0.0324,0.201,7001474,6201686,0,50.8,27.9,2026-06-11
275,GEO,Industrials,Security & Protection Services,NYSE,1945033,28.14,143.92,18,-35,0.86,115.8,100.0,12.7,18.2,35.8,58.0,92,74,21,13,15.0,0,0,0,0,0,0,3381878696.6801376,133618284.0,0.103599995,0.166,1944381,1793502,0,30.7,47.0,2026-06-11
276,SKM,Communication Services,Telecom Services,NYSE,2819593,37.81,143.84,1,-3,-19.86,92.7,69.3,-7.0,-3.5,1.0,40.0,92,91,87,30,69.8,0,0,0,0,0,0,14372770985.129885,383888128.0,0.0136,-0.014,3899359,2490031,1,69.4,23.2,2026-06-11
277,BTDR,Technology,Software - Application,NASDAQ,10358957,16.1,143.28,57,39,-42.09,142.4,55.7,-2.6,7.9,29.3,29.1,92,35,17,14,33.9,0,0,0,0,0,0,4250689350.839773,243313653.0,0.34759998,1.694,14026582,8842350,0,25.0,6.6,2026-06-11
278,PAYS,Technology,Software - Infrastructure,NASDAQ,800939,6.95,143.19,0,-66,-21.73,110.4,65.2,-4.6,-0.0,4.5,27.4,92,92,26,86,45.2,0,0,0,0,0,0,379600196.537364,55905773.0,0.0336,0.508,639549,812889,1,62.3,31.2,2026-06-11
279,ADTN,Technology,Communication Equipment,NASDAQ,2997421,14.95,143.09,1,-12,-25.18,109.7,65.4,-6.9,-5.2,-4.1,37.8,91,90,77,38,73.8,0,0,0,0,0,0,1243320865.898323,80998100.0,0.16129999,0.155,3171585,2802663,1,69.7,19.8,2026-06-11
280,SPIR,Industrials,Specialty Business Services,NYSE,1550259,16.37,142.89,-3,-29,-36.87,181.9,69.2,3.9,-1.2,5.1,60.4,91,94,68,29,65.7,0,0,0,0,0,0,664290174.9330864,38711549.0,0.1233,-0.337,1341217,2031229,1,64.2,29.7,2026-06-11
281,EWTX,Healthcare,Biotechnology,NASDAQ,1485120,32.92,142.81,-2,-4,-19.24,169.1,77.1,-4.8,-1.0,1.0,33.2,91,93,91,80,82.0,0,0,0,0,0,0,3829235099.95739,107593006.0,0.1361,,1948120,1282478,2,86.5,8.3,2026-06-11
282,CADL,Healthcare,Biotechnology,NASDAQ,2109033,8.35,142.69,1,-62,-12.75,84.6,77.1,-4.6,-2.0,13.5,39.9,91,90,27,43,49.3,0,0,0,0,0,0,623529750.6602268,73270239.0,0.2564,,1793791,1944634,1,52.3,36.0,2026-06-11
283,ASTS,Technology,Communication Equipment,NASDAQ,23957825,87.32,142.61,9,23,-34.77,167.5,63.2,-3.5,-3.7,9.3,22.6,91,82,96,96,88.2,0,0,0,0,0,0,27962660992.9492,298746383.0,0.176,19.522,24005727,21200297,2,90.6,-7.3,2026-06-11
284,ECG,Industrials,Engineering & Construction,NYSE,671290,136.72,142.44,-4,-5,-20.32,142.8,76.8,-3.0,-4.1,-0.1,35.5,91,95,94,88,84.5,0,0,0,0,0,0,7671042623.053436,51041606.0,0.046,0.254,573042,610572,2,90.4,6.8,2026-06-11
285,JBL,Technology,Electronic Components,NYSE,1235855,352.36,142.34,1,-2,-8.41,114.3,98.4,3.0,4.6,11.5,47.0,91,90,87,77,80.1,0,0,0,0,0,0,37267745164.98096,105502622.0,0.028299998,0.231,1170955,1141909,1,83.5,7.9,2026-06-11
286,LIND,Consumer Cyclical,Travel Services,NASDAQ,792884,21.9,142.34,10,16,-7.91,118.2,100.0,3.8,8.8,16.1,43.4,91,81,87,77,78.6,0,0,0,0,0,0,1420895989.9902344,65600000.0,0.1008,0.157,899733,728564,0,80.9,1.4,2026-06-11
287,ROIV,Healthcare,Biotechnology,NASDAQ,6004942,28.41,142.06,-1,2,-13.37,176.8,87.6,2.6,1.2,3.0,28.8,91,92,95,94,87.1,0,0,0,0,0,0,20556747548.424023,719270385.0,0.0502,-0.667,4941227,5606427,3,92.0,1.7,2026-06-11
288,AA,Basic Materials,Aluminum,NYSE,4356568,65.55,141.96,0,4,-22.32,147.6,73.5,-8.1,-3.6,-0.2,29.9,91,91,95,87,84.3,0,0,0,0,0,0,18971042952.6844,263889875.0,0.0225,-0.052,4735454,4724870,2,89.3,3.7,2026-06-11
289,CORT,Healthcare,Biotechnology,NASDAQ,1208511,78.12,141.93,59,34,-14.15,158.9,87.8,12.0,23.7,51.7,39.6,91,32,7,77,25.0,0,0,0,0,0,0,7795873051.129959,107351594.0,0.111999996,0.049,985324,1150876,0,35.3,-3.0,2026-06-11
290,CASY,Consumer Cyclical,Specialty Retail,NASDAQ,549454,915.6,141.8,1,-4,1.62,85.3,100.0,15.8,12.9,14.5,42.8,91,90,85,73,73.2,0,0,0,0,0,0,28241665926.58014,37066933.0,0.0323,0.003,775743,667360,1,80.3,12.3,2026-06-11
291,UNFI,Consumer Defensive,Food Distribution,NYSE,665413,50.59,141.78,3,5,-9.45,134.1,83.5,-3.1,-2.4,0.7,25.8,91,88,90,78,80.7,0,0,0,0,0,0,3382934507.7323723,60931817.0,0.051999997,-0.026,891790,636462,1,84.2,5.4,2026-06-11
292,SGML,Basic Materials,Other Industrial Metals & Mining,NASDAQ,3511860,12.99,141.63,-6,-14,-46.94,244.2,53.9,-0.4,-3.2,-16.4,24.5,91,97,89,88,86.9,0,0,0,0,0,0,1488218468.955511,112064646.0,0.0434,-0.112,2557522,3798442,1,90.2,7.7,2026-06-11
293,AVT,Technology,Electronics & Computer Distribution,NASDAQ,1475481,85.39,141.17,4,-5,-10.36,99.4,90.9,0.3,1.9,10.8,46.3,91,87,78,35,66.6,0,0,0,0,0,0,7120510271.355896,82024081.0,0.090299994,0.339,1643643,1358380,0,66.7,21.5,2026-06-11
294,LSTR,Industrials,Integrated Freight & Logistics,NASDAQ,531546,218.92,140.9,15,1,-2.64,86.6,99.8,3.3,10.8,20.8,48.1,91,76,62,53,60.6,0,0,0,0,0,0,7398385389.767456,33928210.0,0.0497,0.016,489849,482157,0,62.9,13.7,2026-06-11
295,INDV,Healthcare,Drug Manufacturers - Specialty & Generic,NASDAQ,2217607,38.09,140.77,-1,0,-7.1,179.1,90.8,3.9,3.2,7.5,20.3,91,92,93,97,88.6,0,0,0,1,0,1,4446265663.177471,118204585.0,0.138,0.192,1700442,1938610,3,92.7,0.6,2026-06-11
296,TKR,Industrials,Tools & Accessories,NYSE,1164818,132.39,140.52,8,6,-1.29,95.1,100.0,3.7,9.2,19.1,45.8,91,83,81,71,73.5,0,0,0,0,0,0,9161461380.548248,69494510.0,0.032,0.08,1073654,955266,0,77.1,7.4,2026-06-11
297,MT,Basic Materials,Steel,NYSE,2294651,63.81,140.5,5,7,-11.99,130.5,93.9,0.4,3.7,11.0,38.3,91,86,88,89,82.7,0,0,0,0,0,0,51108353018.79754,760427819.0,0.0084,0.045,2303585,1973197,0,86.4,0.9,2026-06-11
298,CAMT,Technology,Semiconductor Equipment & Materials,NASDAQ,513964,166.69,140.2,0,3,-22.83,161.8,83.0,5.9,8.6,3.8,33.6,91,91,94,86,85.1,0,0,0,0,0,0,7560963877.306503,46044477.0,0.1026,0.025,498703,460018,2,89.0,3.7,2026-06-11
299,CAR,Industrials,Rental & Leasing Services,NASDAQ,1330619,186.83,140.08,16,-25,-77.96,116.2,16.3,6.4,12.8,-17.8,20.9,91,75,34,81,57.3,0,0,0,0,0,0,6245104037.772736,35324986.0,0.60080004,0.041,845847,3204807,0,61.8,11.8,2026-06-11
300,EC,Energy,Oil & Gas Integrated,NYSE,3115842,16.21,140.04,8,15,-1.46,96.1,100.0,3.6,9.5,14.1,39.8,91,83,90,59,71.0,0,0,0,0,0,0,31145895451.011284,2055834735.0,0.0477,-0.087,3135837,3045351,1,75.7,10.1,2026-06-11
301,DK,Energy,Oil & Gas Refining & Marketing,NYSE,1233360,48.01,139.94,-2,-2,-3.01,134.9,93.2,0.1,3.4,6.8,26.6,91,93,93,89,84.4,0,0,0,0,0,0,2958962452.946106,61287542.0,0.1295,0.004,1058160,1231392,2,89.9,5.1,2026-06-11
302,FRO,Energy,Oil & Gas Midstream,NYSE,2728575,36.28,139.8,-1,-1,-9.05,126.3,89.3,5.3,2.8,2.5,29.5,91,92,92,77,80.0,0,0,0,0,0,0,7829646633.665314,222622890.0,0.0431,0.669,2835055,2990951,2,85.2,9.0,2026-06-11
303,PARR,Energy,Oil & Gas Refining & Marketing,NYSE,1147962,57.63,139.74,-4,-3,-18.13,134.6,69.7,-1.7,-3.6,-9.3,20.4,91,95,96,93,85.8,0,0,0,0,0,0,2791030450.1685905,50144277.0,0.1141,0.045,811288,1260433,3,92.4,4.9,2026-06-11
304,AEIS,Industrials,Electrical Equipment & Parts,NASDAQ,990599,308.17,139.59,-1,3,-22.46,177.2,81.7,9.3,7.4,-1.7,30.9,91,92,96,91,87.9,0,0,0,0,0,0,11795541692.487732,40010657.0,0.0996,0.263,987597,819599,3,91.7,1.9,2026-06-11
305,JAZZ,Healthcare,Biotechnology,NASDAQ,945323,229.63,139.58,-1,-9,-5.63,122.9,97.1,1.3,0.8,9.1,36.9,91,92,84,85,79.6,0,0,0,0,0,0,14968555026.94214,62742820.0,0.088999994,0.191,1048930,952854,1,85.2,8.4,2026-06-11
306,RDW,Industrials,Aerospace & Defense,NYSE,50057375,14.87,139.54,9,-22,-44.18,237.7,57.7,-10.3,-6.6,28.7,75.5,91,82,51,11,6.4,0,0,0,0,0,0,3670050683.3629456,198918728.0,0.17959999,0.579,54838216,39722137,0,37.6,55.1,2026-06-11
307,SEZL,Financial Services,Credit Services,NASDAQ,667303,120.98,139.41,5,-37,-35.21,152.8,59.3,7.2,13.4,38.3,67.4,90,85,43,64,14.0,0,0,0,0,0,0,3901070546.025063,33627019.0,0.2881,0.292,505481,706272,0,51.5,43.9,2026-06-11
308,HP,Energy,Oil & Gas Drilling,NYSE,1169898,39.37,139.12,0,0,-5.86,158.5,91.1,1.0,-0.3,3.2,26.3,90,90,90,79,79.2,0,0,0,0,0,0,3743413370.430481,99930952.0,0.1165,-0.082,1117926,1139111,2,84.5,7.6,2026-06-11
309,CALY,Consumer Cyclical,Leisure,NYSE,3050222,16.26,139.0,4,8,-9.67,116.9,92.5,8.2,8.5,11.1,33.2,90,86,90,87,81.6,0,0,0,0,0,0,2660411966.686034,179757563.0,0.047,0.092,2156617,2753447,1,86.2,1.6,2026-06-11
310,ESTA,Healthcare,Medical Devices,NASDAQ,537652,79.46,138.74,6,8,-4.62,153.2,100.0,13.2,17.5,24.2,36.7,90,84,86,94,81.8,0,0,0,0,0,0,2186972209.048462,29430390.0,0.15560001,0.447,525686,489185,1,86.4,-1.1,2026-06-11
311,CVE,Energy,Oil & Gas Integrated,NYSE,8348856,28.37,138.73,-2,-5,-11.54,109.4,81.8,-0.3,-2.8,1.4,34.3,90,92,89,64,78.3,0,0,0,0,0,0,52625190899.53041,1864819000.0,4.45,-0.071,7030809,8710021,1,80.8,12.8,2026-06-11
312,ALKS,Healthcare,Drug Manufacturers - Specialty & Generic,NASDAQ,2188066,43.84,138.67,16,-18,-1.64,71.9,100.0,4.4,11.4,22.0,41.3,90,74,40,33,53.5,0,0,0,0,0,0,7133724412.436451,166675807.0,0.1523,0.282,2274788,2302663,0,50.1,21.8,2026-06-11
313,YPF,Energy,Oil & Gas Integrated,NYSE,2076480,54.27,138.55,14,8,-3.35,139.1,100.0,3.5,10.2,21.3,51.3,90,76,70,65,59.7,0,0,0,0,0,0,22573589321.5,421936249.0,3.6,0.428,1795551,2181378,0,67.7,10.9,2026-06-11
314,RSI,Consumer Cyclical,Gambling,NYSE,2312936,28.82,138.41,-2,-11,-1.44,121.4,100.0,10.3,9.1,15.0,40.8,90,92,83,82,80.6,0,0,0,0,0,0,2691206335.382126,102953573.0,0.0912,0.411,2044399,1941013,1,84.4,8.6,2026-06-11
315,PEB,Real Estate,REIT - Hotel & Motel,NYSE,2345592,17.23,138.17,13,6,0.17,97.9,100.0,7.0,13.1,21.5,43.5,90,77,70,40,71.4,0,0,0,0,0,0,1914806309.9549105,113369235.0,0.17899999,0.079,2274316,2413289,0,64.6,10.9,2026-06-11
316,PTRN,Technology,Software - Application,NASDAQ,1529680,20.61,138.11,14,-36,-1.01,119.8,100.0,5.2,11.4,33.1,,90,76,26,18,,0,0,0,0,0,0,3455783591.187916,176766431.0,0.0399,0.432,1609282,1154122,0,40.0,,2026-06-11
317,KEYS,Technology,Scientific & Technical Instruments,NYSE,1668971,324.0,137.99,-4,-6,-12.47,115.0,87.2,1.0,-0.4,0.5,40.7,90,94,92,79,79.3,0,0,0,0,0,0,56366416932.70239,170895368.0,0.0138,0.315,1713583,1430512,2,86.1,10.5,2026-06-11
318,AMN,Healthcare,Medical Care Facilities,NYSE,1271473,29.38,137.87,2,-43,-7.78,103.9,94.6,1.7,6.2,26.3,53.7,90,88,43,15,49.8,0,0,0,0,0,0,1229130008.5939865,38786052.0,0.0791,0.999,1086819,1034891,0,48.9,38.2,2026-06-11
319,OMER,Healthcare,Biotechnology,NASDAQ,1572591,10.2,137.6,-7,-9,-42.21,242.8,50.7,-0.6,-8.0,-17.9,2.0,90,97,95,94,87.3,0,0,0,0,0,0,708554722.6890993,72375355.0,0.2284,,1676734,1514162,3,93.3,5.7,2026-06-11
320,DAN,Consumer Cyclical,Auto Parts,NYSE,1004338,35.47,137.43,2,7,-10.34,95.9,62.6,-14.9,-13.5,-15.0,8.7,90,88,93,87,68.4,0,0,0,0,0,0,3828296558.021801,108235699.0,0.0416,0.049,1023365,970137,1,84.1,9.5,2026-06-11
321,WERN,Industrials,Trucking,NASDAQ,1174450,42.75,137.35,19,-14,-3.17,89.4,96.9,1.6,6.4,19.8,40.1,90,71,38,54,60.1,0,0,0,0,0,0,2605431943.0140305,59950115.0,0.0715,0.136,916581,1065554,0,55.8,12.1,2026-06-11
322,DSGN,Healthcare,Biotechnology,NASDAQ,1150239,10.66,137.28,-7,-9,-38.2,212.5,57.6,0.2,-4.9,-15.0,11.4,90,97,95,94,87.3,0,0,0,0,0,0,665166749.2745552,62456974.0,0.0616,,838117,831057,3,93.3,5.6,2026-06-11
323,SNDR,Industrials,Trucking,NYSE,1110614,37.06,137.2,23,-3,-2.05,88.2,96.5,2.7,8.0,20.2,41.9,90,67,41,66,59.1,0,0,0,0,0,0,6516375340.348907,175124308.0,0.1181,-0.002,1095773,1115600,0,58.3,6.7,2026-06-11
324,MTZ,Industrials,Engineering & Construction,NYSE,1215284,335.58,137.12,-5,-7,-23.98,121.2,71.3,-1.1,-5.2,-5.7,33.4,90,95,93,86,82.8,0,0,0,0,0,0,28754063500.33838,79018556.0,0.0521,0.345,1495622,1009632,2,89.2,8.1,2026-06-11
325,IMVT,Healthcare,Biotechnology,NASDAQ,2185255,31.18,136.88,4,0,-14.07,123.8,87.2,3.2,4.0,13.4,35.6,90,86,82,90,75.9,0,0,0,0,0,0,6387160533.180618,205308917.0,0.2244,,1563017,1955041,1,83.5,4.7,2026-06-11
326,TGTX,Healthcare,Biotechnology,NASDAQ,2205140,46.62,136.66,5,-51,4.41,82.1,100.0,16.7,19.1,26.4,45.2,90,85,29,28,31.7,0,0,0,0,0,0,6147836549.441299,153083580.0,0.26540002,0.696,2244260,2060120,0,43.4,43.6,2026-06-11
327,MRCY,Industrials,Aerospace & Defense,NASDAQ,654054,106.81,136.52,7,8,-9.92,140.9,100.0,6.3,14.2,31.0,45.3,90,83,84,85,83.0,0,0,0,0,0,0,6681015897.848686,60043283.0,0.094,0.115,842554,584850,0,83.7,-0.5,2026-06-11
328,QURE,Healthcare,Biotechnology,NASDAQ,1967001,26.82,136.52,1,-45,-62.49,197.0,28.9,-2.4,1.6,20.4,-0.9,90,89,43,89,64.5,0,0,0,0,0,0,1668135026.3666725,63067485.0,0.1657,1.273,1703164,1740956,0,71.4,16.9,2026-06-11
329,NTAP,Technology,Software - Infrastructure,NASDAQ,3573073,160.66,136.51,26,2,-16.68,70.5,76.3,-6.3,7.0,29.1,41.2,90,64,40,49,60.4,0,0,0,0,0,0,33083999200.16913,198060348.0,0.1402,0.125,5099240,2974904,0,53.4,7.2,2026-06-11
330,FTI,Energy,Oil & Gas Equipment & Services,NYSE,5422061,69.95,136.2,-2,-1,-10.07,119.3,85.7,2.7,0.8,-1.7,29.1,90,92,93,82,80.8,0,0,0,0,0,0,26641260635.86584,398701897.0,0.026300002,0.116,7713643,4569892,2,87.0,7.5,2026-06-11
331,ILMN,Healthcare,Diagnostics & Research,NASDAQ,1923064,162.47,135.75,6,-6,-8.32,91.2,94.4,1.5,7.5,17.9,32.8,90,84,72,83,73.7,0,0,0,0,0,0,24559017108.154297,151300000.0,0.081099994,0.048,2244822,1689788,0,78.2,6.6,2026-06-11
332,MRTN,Industrials,Trucking,NASDAQ,927310,17.69,135.69,16,-17,-1.72,94.3,100.0,3.0,6.9,17.4,44.8,90,74,41,30,46.3,0,0,0,0,0,0,1448207146.25,81589135.0,0.0629,-0.088,925571,900048,0,47.8,26.0,2026-06-11
333,MNTS,Industrials,Aerospace & Defense,NASDAQ,8200320,11.34,135.57,83,78,-73.97,404.6,42.3,13.2,34.4,107.2,36.1,90,7,2,3,0.6,0,0,0,0,0,0,215634530.89321136,14462410.0,0.0598,8.984,7092522,6397138,0,3.1,4.5,2026-06-11
334,ZGN,Consumer Cyclical,Apparel Manufacturing,NYSE,1060717,14.4,135.52,9,-5,-4.0,93.3,99.7,1.4,6.2,17.1,38.9,90,81,67,74,67.5,0,0,0,0,0,0,3929722197.174397,268240430.0,0.0531,0.003,1627052,904604,0,72.4,9.6,2026-06-11
335,TXN,Technology,Semiconductors,NASDAQ,8052190,282.01,135.39,2,-21,-14.93,93.8,83.8,0.2,-1.8,9.8,43.1,90,88,65,38,55.0,0,0,0,0,0,0,259431048780.55377,910092791.0,0.0223,0.186,9404150,7890810,0,61.5,28.8,2026-06-11
336,NVRI,Industrials,Waste Management,NYSE,1760459,20.49,135.31,-1,1,-4.3,155.5,100.0,9.0,8.4,8.6,25.8,90,91,93,95,85.9,0,0,0,0,0,0,542600429.4507103,28114013.0,,0.003,704238,1469663,3,91.2,1.5,2026-06-11
337,WBD,Communication Services,Entertainment,NASDAQ,18942068,26.23,135.09,-1,1,-12.57,167.8,84.4,0.3,-0.3,-1.0,8.4,90,91,93,96,87.9,0,0,0,0,0,0,65787266486.64195,2507136702.0,0.0255,-0.01,24413125,19770001,3,92.0,0.3,2026-06-11
338,NSA,Real Estate,REIT - Industrial,NYSE,872761,45.42,134.86,4,3,3.19,65.3,100.0,4.8,6.0,7.4,32.5,89,85,84,26,44.1,0,0,0,0,0,0,3353340331.753395,77212533.0,0.0001,0.18,861943,905074,0,59.8,32.4,2026-06-11
339,APGE,Healthcare,Biotechnology,NASDAQ,888767,82.72,134.73,-2,-5,-13.21,158.3,95.3,6.2,8.6,6.1,31.4,89,91,88,94,80.3,0,0,0,0,0,0,6552844336.957932,75389375.0,0.19590001,,1122293,810562,2,88.3,5.1,2026-06-11
340,HPP,Real Estate,REIT - Office,NYSE,1340943,15.06,134.69,16,-52,-30.6,176.4,60.8,9.5,20.3,51.3,26.1,89,73,5,9,4.6,0,0,0,0,0,0,745285397.344986,54242024.0,0.0114,-0.08,1505931,1298158,0,22.9,53.8,2026-06-11
341,BRKR,Healthcare,Medical Devices,NASDAQ,2883352,54.92,134.46,21,-21,-14.91,88.0,77.5,-4.4,6.7,25.2,33.6,89,68,26,69,46.6,0,0,0,0,0,0,8584002844.448853,152225624.0,0.17,0.027,3763587,2462755,0,52.4,14.7,2026-06-11
342,JBIO,Healthcare,Biotechnology,NASDAQ,893629,15.26,134.3,-8,-25,-45.5,137.9,46.4,-6.1,-18.7,-24.2,11.3,89,97,80,80,83.1,0,0,0,0,0,0,1005556314.2015934,59359875.0,0.090100005,,1643538,853083,1,85.0,12.1,2026-06-11
343,VCYT,Healthcare,Diagnostics & Research,NASDAQ,1200952,48.17,134.22,19,-8,-5.01,105.9,90.6,-1.6,3.7,21.9,25.1,89,70,43,84,66.9,0,0,0,0,0,0,3888295651.783825,79792647.0,0.1274,0.215,1320038,1006663,0,66.0,1.5,2026-06-11
344,EZPW,Financial Services,Credit Services,NASDAQ,785919,29.04,134.12,-4,-6,-21.79,134.2,81.9,-1.5,-4.5,-2.1,31.6,89,93,91,87,82.5,0,0,0,0,0,0,1966074544.0482252,61535978.0,0.23290001,0.459,926527,766119,2,88.4,6.7,2026-06-11
345,BLZE,Technology,Software - Infrastructure,NASDAQ,2891059,7.4,134.03,5,-64,-31.85,131.1,58.3,-4.9,-1.4,28.6,24.8,89,84,15,13,47.2,0,0,0,0,0,0,465714326.2962818,60014731.0,0.0295,0.117,1564099,1927205,0,39.8,39.5,2026-06-11
346,GSIT,Technology,Semiconductors,NASDAQ,2401312,7.29,133.92,-7,-5,-59.83,172.5,49.9,-11.4,-15.3,-2.2,14.2,89,96,98,93,85.5,0,0,1,0,0,1,289851494.3123646,36186203.0,0.065799996,0.074,1541926,1747427,3,93.1,5.6,2026-06-11
347,ESI,Basic Materials,Specialty Chemicals,NYSE,3104726,39.48,133.82,-1,-10,-13.27,104.3,91.1,3.5,3.4,6.2,37.6,89,90,81,46,75.1,0,0,0,0,0,0,9705310805.491508,243607198.0,0.0757,0.415,2590028,2998723,1,73.0,17.1,2026-06-11
348,VVX,Industrials,Aerospace & Defense,NYSE,612650,85.65,133.82,14,23,0.75,102.2,100.0,6.3,13.8,23.6,41.0,89,75,84,54,78.0,0,0,0,0,0,0,2659512587.401612,31310484.0,0.0355,0.234,514470,522528,0,72.8,1.8,2026-06-11
349,PSNL,Healthcare,Diagnostics & Research,NASDAQ,2960230,9.61,133.7,58,98,-23.3,113.8,65.2,-11.3,0.7,27.0,18.8,89,31,71,92,67.0,0,0,0,0,0,0,1125751803.5,104721098.0,0.20709999,-0.249,3497360,2429708,1,65.3,-34.2,2026-06-11
350,APA,Energy,Oil & Gas E&P,NASDAQ,6114163,38.0,133.6,-1,0,-16.78,106.6,71.4,-1.7,-3.0,-4.3,24.7,89,90,91,67,74.0,0,0,0,0,0,0,12926406093.519447,353470227.0,0.0956,-0.119,4680340,6875602,2,80.5,12.5,2026-06-11
351,NTCT,Technology,Software - Infrastructure,NASDAQ,643402,40.3,133.42,3,-4,-7.99,102.6,94.1,1.1,3.2,14.2,40.9,89,86,79,72,70.3,0,0,0,0,0,0,2901990787.759304,71495215.0,0.0505,-0.01,753706,594735,0,76.8,11.3,2026-06-11
352,FN,Technology,Electronic Components,NYSE,981367,580.25,132.81,-3,-3,-22.52,139.4,67.4,-9.2,-12.9,-11.8,15.5,89,92,92,91,85.4,0,0,0,0,0,0,22259225975.0,35829740.0,0.0885,0.393,1171361,861230,3,90.1,3.5,2026-06-11
353,TALK,Healthcare,Health Information Services,NASDAQ,1604225,5.21,132.77,0,4,-0.38,129.5,99.3,-0.0,0.1,0.4,30.5,89,89,93,81,69.1,0,0,0,0,0,0,874415559.374465,167512566.0,0.0394,0.182,1748436,1616067,1,83.0,11.1,2026-06-11
354,RLJ,Real Estate,REIT - Hotel & Motel,NYSE,2717629,10.64,132.68,16,-3,-0.56,66.2,100.0,5.7,10.5,23.9,39.5,89,73,54,38,56.0,0,0,0,0,0,0,1610455153.556591,151929726.0,0.13,0.036,2065167,2553327,0,55.2,17.4,2026-06-11
355,DY,Industrials,Engineering & Construction,NYSE,523210,445.89,132.56,3,6,-21.29,100.4,76.7,-2.2,1.0,8.8,30.8,89,86,89,92,77.2,0,0,0,0,0,0,14003066800.740507,30031455.0,0.0806,0.561,594852,468712,1,86.1,2.9,2026-06-11
356,DAR,Consumer Defensive,Packaged Foods,NYSE,2357201,58.61,132.55,-2,-1,-11.22,91.7,77.7,-4.0,-4.5,-6.6,26.3,89,91,92,57,69.3,0,0,0,0,0,0,9448231851.601955,158927363.0,0.0423,0.123,1866604,2615842,2,77.3,17.5,2026-06-11
357,BFH,Financial Services,Credit Services,NYSE,612504,96.45,132.49,9,3,-2.7,100.4,100.0,9.9,13.2,17.7,39.2,89,80,74,83,75.0,0,0,0,0,0,0,3681487716.8125153,40407065.0,0.0,0.061,761583,662614,0,78.0,2.5,2026-06-11
358,TS,Energy,Oil & Gas Equipment & Services,NYSE,1679384,61.47,132.08,0,-1,-4.85,84.0,93.3,-0.7,0.0,1.1,31.5,89,89,88,63,67.5,0,0,0,0,0,0,31016132611.0554,504819878.0,0.0228,0.061,1267173,1825486,0,76.9,16.0,2026-06-11
359,ZVRA,Healthcare,Biotechnology,NASDAQ,2043285,13.5,131.84,13,14,2.58,79.4,89.3,9.1,15.0,21.9,36.4,89,76,77,41,49.6,0,0,0,0,0,0,627211020.9444466,59115084.0,0.076,0.775,2546746,1518725,0,60.9,20.1,2026-06-11
360,CMBT,Energy,Oil & Gas Midstream,NYSE,1772157,14.87,131.77,3,0,-16.08,88.9,75.2,-0.0,-3.6,4.5,28.0,89,86,83,52,57.7,0,0,0,0,0,0,4288709108.336312,290169769.0,0.0113,1.211,1478643,1701854,0,69.7,21.2,2026-06-11
361,IART,Healthcare,Medical Devices,NASDAQ,1158559,17.09,131.59,24,-28,-4.15,96.7,95.7,4.6,10.5,34.1,37.7,89,65,13,19,36.3,0,0,0,0,0,0,1321769364.163702,77796903.0,0.16309999,0.024,978859,997233,0,33.3,28.8,2026-06-11
362,DBI,Consumer Cyclical,Footwear & Accessories,NYSE,615515,7.0,131.46,1,-3,-23.66,195.5,63.0,-18.2,-12.1,-9.1,11.2,89,88,84,97,81.0,0,0,0,1,0,1,428325935.9446535,50749521.0,0.45720002,0.0,927666,635811,1,87.5,2.1,2026-06-11
363,HAL,Energy,Oil & Gas Equipment & Services,NYSE,10589552,39.73,131.42,-1,-5,-8.86,96.2,85.8,-0.4,-2.3,-0.4,24.9,89,90,86,72,71.8,0,0,0,0,0,0,32730883512.24316,835397735.0,0.0519,-0.003,10671658,12323471,1,80.0,13.1,2026-06-11
364,VLO,Energy,Oil & Gas Refining & Marketing,NYSE,2963418,257.99,131.42,1,4,-2.87,94.0,94.6,-0.1,1.4,4.2,28.7,89,88,91,71,74.9,0,0,0,0,0,0,75961346466.04065,296932782.0,0.033,0.066,2658216,3030677,1,81.2,9.7,2026-06-11
365,AKAM,Technology,Software - Infrastructure,NASDAQ,6423144,129.97,131.21,-3,-12,-21.44,87.8,68.3,-10.2,-10.1,6.0,35.5,89,92,83,61,66.6,0,0,0,0,0,0,21708956608.154846,145385451.0,0.1468,0.058,4422832,5774178,1,75.6,19.8,2026-06-11
366,AMRX,Healthcare,Drug Manufacturers - Specialty & Generic,NASDAQ,1672733,15.32,131.12,18,25,-0.65,110.8,100.0,17.6,24.5,25.8,33.7,89,71,78,87,79.7,0,0,0,0,0,0,4386563390.0,319022792.0,0.038399998,0.039,1908380,1629688,0,78.9,-8.2,2026-06-11
367,TSM,Technology,Semiconductors,NYSE,13153655,408.75,130.93,2,5,-9.2,101.0,89.2,-1.7,0.7,6.2,27.6,88,86,89,84,76.9,0,0,0,0,0,0,2153268485619.8052,5186474013.0,0.0058999998,0.351,13364665,13473779,0,84.0,4.6,2026-06-11
368,ACHV,Healthcare,Biotechnology,NASDAQ,1283463,5.75,130.89,-5,-21,-6.5,166.7,88.0,3.6,8.2,20.6,29.3,88,93,77,88,56.7,0,0,0,0,0,0,526640974.1583967,102659057.0,0.0713,,1276950,1470392,1,78.7,20.7,2026-06-11
369,ALGM,Technology,Semiconductors,NASDAQ,2608918,44.54,130.87,3,-12,-18.13,110.4,81.6,-1.3,1.8,8.9,40.4,88,85,70,33,60.9,0,0,0,0,0,0,8638857300.678864,186222406.0,0.1066,0.261,2275814,2284922,0,62.2,24.0,2026-06-11
370,ST,Technology,Scientific & Technical Instruments,NYSE,2595650,47.02,130.86,4,-11,-12.75,81.3,85.8,-1.2,0.6,12.6,38.3,88,84,69,71,69.6,0,0,0,0,0,0,7248333194.831169,145432046.0,0.061300002,0.026,2682992,2283294,0,73.4,11.3,2026-06-11
371,DINO,Energy,Oil & Gas Refining & Marketing,NYSE,2426112,70.76,130.82,0,-3,-5.31,81.1,87.2,-2.1,-0.8,5.5,24.6,88,88,85,72,73.4,0,0,0,0,0,0,12869863337.398603,180275437.0,0.0452,0.118,2101998,2250025,0,79.6,10.8,2026-06-11
372,ALB,Basic Materials,Specialty Chemicals,NYSE,2141483,147.22,130.74,-7,-7,-33.38,180.7,64.4,-1.7,-5.7,-12.7,10.4,88,95,95,93,85.8,0,0,0,0,0,0,18331762439.366398,117934651.0,0.00090000004,0.327,2212380,2106346,3,92.2,5.0,2026-06-11
373,WCC,Industrials,Industrial Distribution,NYSE,625751,334.19,130.65,0,-7,-11.57,100.7,85.1,-3.6,-3.8,2.4,25.1,88,88,81,86,74.4,0,0,0,0,0,0,17256630165.611572,48704892.0,0.0444,0.138,489393,575624,0,82.3,7.9,2026-06-11
374,ODFL,Industrials,Trucking,NASDAQ,2102144,235.95,130.65,19,24,-5.29,96.2,99.2,3.8,10.6,15.8,42.0,88,69,74,43,55.3,0,0,0,0,0,0,50446867930.5152,207968283.0,0.0681,-0.029,2254862,2009094,0,60.3,11.5,2026-06-11
375,ADI,Technology,Semiconductors,NASDAQ,4593981,392.67,130.6,-2,-10,-10.7,86.8,88.2,0.0,0.1,5.3,34.6,88,90,82,78,69.9,0,0,0,0,0,0,195511874120.6641,487087040.0,0.0217,0.372,5058505,4047475,1,80.0,13.3,2026-06-11
376,LNTH,Healthcare,Drug Manufacturers - Specialty & Generic,NASDAQ,1065881,100.24,130.48,-1,-19,-3.62,108.2,100.0,4.2,5.9,15.9,49.8,88,89,71,34,40.8,0,0,0,0,0,0,6574412378.916794,65106082.0,0.13159999,0.012,884773,912526,0,58.7,36.9,2026-06-11
377,XPO,Industrials,Trucking,NYSE,1701950,216.26,130.42,9,18,-6.57,91.6,99.3,3.2,6.6,7.0,35.7,88,79,88,72,72.3,0,0,0,0,0,0,25705741526.78546,117409981.0,0.062,0.073,2320562,1496394,0,77.8,3.8,2026-06-11
378,SHLS,Technology,Solar,NASDAQ,5780311,9.25,130.41,12,0,-29.82,132.7,66.2,-12.3,-8.2,11.7,16.6,88,76,64,92,73.9,0,0,0,0,0,0,1813613412.169856,167771817.0,0.113299996,0.749,5253634,5677358,1,76.5,-1.0,2026-06-11
379,LTRX,Technology,Communication Equipment,NASDAQ,1332187,6.45,130.4,-3,-2,-26.29,194.0,74.3,-3.1,-1.2,6.3,20.2,88,91,92,93,89.4,0,0,0,0,0,0,292632393.7674756,44608597.0,0.0111,0.059,1913731,989810,3,91.3,0.3,2026-06-11
380,YOU,Technology,Software - Application,NYSE,1507738,51.97,130.39,-5,-8,-17.15,109.4,70.1,-6.6,-10.5,-7.5,23.2,88,93,90,85,75.9,0,0,0,0,0,0,5493667228.726215,100764255.0,0.1229,0.197,1332424,1490920,2,86.0,10.4,2026-06-11
381,VIRT,Financial Services,Capital Markets,NYSE,1347784,55.55,130.23,6,-9,-1.65,71.2,99.5,5.8,5.3,9.3,37.8,88,82,67,32,49.0,0,0,0,0,0,0,4540934836.137749,87024431.0,0.042,0.303,1327393,1350974,0,57.5,28.0,2026-06-11
382,NAT,Energy,Oil & Gas Midstream,NYSE,3160629,5.18,130.07,-4,-2,-18.3,97.3,71.1,-1.9,-3.4,-8.2,17.7,88,92,94,77,73.5,0,0,0,0,0,0,1141336045.2982364,211750663.0,0.0916,1.043,3767598,3935367,2,84.1,12.0,2026-06-11
383,DUOT,Technology,Software - Application,NASDAQ,766959,11.36,130.03,34,32,-25.65,101.7,70.6,-5.3,2.0,25.8,34.3,88,54,52,89,57.3,0,0,0,0,0,0,344844002.1516094,29323469.0,0.093,-0.45,673208,654505,0,63.1,-8.5,2026-06-11
384,PWR,Industrials,Engineering & Construction,NYSE,1253061,650.92,129.79,-5,-7,-17.47,92.1,76.3,-1.8,-4.4,1.0,32.6,88,93,91,82,75.7,0,0,0,0,0,0,104308307973.24329,150060149.0,0.0336,0.263,1169254,1112890,2,85.4,11.0,2026-06-11
385,CMP,Basic Materials,Other Industrial Metals & Mining,NYSE,775158,28.95,129.76,3,5,-16.09,82.6,80.6,-2.8,-1.4,8.7,34.9,88,85,87,80,58.9,0,0,0,0,0,0,1243225816.027153,41958348.0,0.0388,-0.084,704854,678812,0,77.7,13.8,2026-06-11
386,AAON,Industrials,Building Products & Equipment,NASDAQ,1329467,121.12,129.71,6,-19,-19.5,79.2,74.4,-5.3,-5.5,13.0,33.4,88,82,57,27,64.3,0,0,0,0,0,0,10863130580.24048,81911710.0,0.0794,0.543,1061812,1134752,0,57.6,22.3,2026-06-11
387,FDX,Industrials,Integrated Freight & Logistics,NYSE,2076135,319.25,129.59,5,10,-6.42,93.2,99.7,2.4,5.0,8.5,33.0,88,83,88,76,72.1,0,0,0,0,0,0,78978836236.0,238606756.0,0.0168,0.083,2196496,1987814,0,79.8,6.3,2026-06-11
388,GBTG,Consumer Cyclical,Travel Services,NYSE,6365245,9.34,129.25,0,-67,-2.1,88.3,96.7,0.1,-0.3,20.0,27.4,88,88,21,52,51.7,0,0,0,0,0,0,4870398652.567863,521455950.0,0.0238,0.353,4455685,4324873,0,53.2,32.0,2026-06-11
389,DVA,Healthcare,Medical Care Facilities,NYSE,968942,198.54,129.22,2,-13,-2.05,96.2,100.0,4.8,4.2,17.0,45.0,88,86,71,24,54.6,0,0,0,0,0,0,12333789835.05249,64185000.0,0.173,0.06,725497,837373,0,58.9,29.6,2026-06-11
390,OUT,Real Estate,REIT - Specialty,NYSE,1744205,30.35,129.04,-2,-2,-13.19,96.2,82.0,-1.7,-4.0,-0.7,24.2,88,90,90,87,72.6,0,0,0,0,0,0,5493181646.325798,176063510.0,0.0454,0.1,1719415,1506053,2,84.9,9.3,2026-06-11
391,Q,Technology,Semiconductor Equipment & Materials,NYSE,1922539,139.74,128.68,-2,-10,-18.53,102.8,79.7,-0.2,-2.4,3.6,,88,90,82,22,,0,0,0,0,0,0,29736634993.20256,209339207.0,0.0232,0.176,1795967,1738367,1,64.7,,2026-06-11
392,MITK,Technology,Software - Application,NASDAQ,1254391,16.01,128.64,2,5,-10.91,88.9,83.4,0.3,3.5,9.1,38.5,88,86,89,58,62.5,0,0,0,0,0,0,672415306.8940611,45158851.0,0.083100006,0.056,1077363,1118440,0,73.9,17.0,2026-06-11
393,ABCL,Healthcare,Biotechnology,NASDAQ,8904212,5.09,128.63,-1,-29,-25.04,89.6,67.7,-8.4,-0.2,15.0,24.5,88,89,61,53,69.0,0,0,0,0,0,0,1716209673.7125597,305375393.0,0.1823,0.963,7633058,7259443,0,68.0,20.0,2026-06-11
394,CRVS,Healthcare,Biotechnology,NASDAQ,1694063,11.16,128.59,-8,-6,-58.59,211.0,36.1,0.3,-3.9,-17.9,-0.7,88,96,98,89,88.2,0,0,1,0,0,1,935085505.2566148,84090424.0,0.2556,,1618529,1497641,2,92.8,5.1,2026-06-11
395,IONQ,Technology,Computer Hardware,NYSE,33503275,56.63,128.52,2,-58,-33.09,118.1,56.6,-9.0,-4.8,17.0,18.6,88,86,26,81,54.3,0,0,0,0,0,0,21194267191.788208,373269948.0,0.1974,7.547,30652506,33487237,0,61.8,22.8,2026-06-11
396,ALMU,Technology,Semiconductors,NASDAQ,1790203,22.3,128.5,-3,-14,-29.85,131.5,68.0,1.3,4.2,17.9,41.0,88,91,80,92,42.0,0,0,0,0,0,0,413517520.44317245,18305335.0,0.2379,-0.026,1340149,1906375,2,76.2,25.4,2026-06-11
397,TRMD,Energy,Oil & Gas Midstream,NASDAQ,914811,29.18,128.49,-4,-11,-17.41,73.8,67.5,2.0,-3.0,-5.7,16.0,88,92,85,48,66.8,0,0,0,0,0,0,2911320890.589939,102367118.0,0.0094,0.222,790805,837389,1,72.9,22.1,2026-06-11
398,TRGP,Energy,Oil & Gas Midstream,NYSE,1162597,272.54,128.47,4,6,-2.66,84.1,94.3,2.0,0.8,5.8,31.7,88,84,86,45,63.9,0,0,0,0,0,0,56685307557.22055,214643903.0,0.0242,-0.102,1028071,1215612,0,69.7,17.7,2026-06-11
399,SQM,Basic Materials,Specialty Chemicals,NYSE,1214395,74.24,128.34,-5,-6,-24.24,150.7,76.5,2.5,0.0,-5.6,18.9,88,93,92,91,83.8,0,0,0,0,0,0,21545659944.60974,285637808.0,1.3,0.698,1309165,1297123,3,90.0,5.1,2026-06-11
400,ADUR,Industrials,Pollution & Treatment Controls,NASDAQ,520228,15.46,128.13,5,4,-15.01,86.2,75.3,-4.5,-1.0,13.7,18.8,87,82,81,91,73.8,0,0,0,0,0,0,472856803.49913406,33727303.0,5.91,,732145,417467,1,81.9,2.4,2026-06-11
401,PANW,Technology,Software - Infrastructure,NASDAQ,8907017,263.22,128.04,14,-28,-13.11,97.3,86.8,0.5,6.0,31.3,44.2,87,73,31,34,51.9,0,0,0,0,0,0,221720740051.26956,815000000.0,0.0348,0.311,10864313,8406686,0,47.5,22.6,2026-06-11
402,CGNX,Technology,Scientific & Technical Instruments,NASDAQ,2625146,58.69,128.04,-4,-7,-18.37,109.8,83.9,-1.8,-3.0,4.7,30.4,87,91,88,45,76.5,0,0,0,0,0,0,10121630959.032814,166419451.0,0.036199998,0.243,2184738,2223109,1,75.1,16.7,2026-06-11
403,KODK,Industrials,Specialty Business Services,NYSE,1273632,9.71,127.95,0,-30,-34.7,78.3,46.8,0.5,0.2,-14.5,16.6,87,87,57,84,64.6,0,0,0,0,0,0,884256040.9545898,97600000.0,0.0671,0.073,1086647,1386439,0,73.2,14.8,2026-06-11
404,OII,Energy,Oil & Gas Equipment & Services,NYSE,928163,39.3,127.91,0,2,-2.04,95.2,100.0,3.0,3.2,5.7,32.3,87,87,89,52,74.4,0,0,0,0,0,0,3705536152.549171,99745249.0,0.0622,0.027,939391,1041916,0,75.6,13.1,2026-06-11
405,GPRK,Energy,Oil & Gas E&P,NYSE,618674,10.95,127.9,7,9,-7.75,85.6,87.6,0.7,6.1,13.8,35.9,87,80,82,37,57.9,0,0,0,0,0,0,683700093.5802917,64683076.0,0.0257,-0.065,765752,796992,0,64.2,19.4,2026-06-11
406,CMI,Industrials,Specialty Industrial Machinery,NYSE,986509,630.52,127.86,-2,-4,-12.19,108.6,84.9,-0.7,-1.4,1.1,22.4,87,89,87,87,77.7,0,0,0,0,0,0,89861236169.09155,137989067.0,0.014400001,0.027,1000409,888587,0,85.2,6.2,2026-06-11
407,CROX,Consumer Cyclical,Footwear & Accessories,NASDAQ,1277203,121.94,127.84,16,-24,-0.33,71.5,96.5,4.0,10.7,19.0,40.4,87,71,31,39,29.1,0,0,0,0,0,0,5930459412.979614,49689648.0,0.1353,-0.017,1306659,1290563,0,42.5,31.4,2026-06-11
408,SLB,Energy,Oil & Gas Equipment & Services,NYSE,12493392,55.51,127.71,3,-4,-5.63,76.5,92.4,0.1,-0.5,2.5,25.9,87,84,77,53,61.0,0,0,0,0,0,0,82033812262.17613,1495057661.0,0.047,0.027,13934957,13708753,0,68.8,18.4,2026-06-11
409,VIK,Consumer Cyclical,Travel Services,NYSE,3487852,88.48,127.65,6,8,-5.57,100.1,100.0,3.2,5.5,11.7,30.6,87,81,83,87,74.1,0,0,0,0,0,0,40127372821.81079,446157124.0,0.0374,0.175,2600226,3254847,0,81.3,2.0,2026-06-11
410,M,Consumer Cyclical,Department Stores,NYSE,6548002,23.16,127.57,19,14,-5.12,135.3,100.0,11.4,17.7,25.0,26.5,87,68,63,91,78.2,0,0,0,0,0,0,5828921020.503593,263037954.0,0.1415,0.021,8755506,5939829,1,75.0,-9.2,2026-06-11
411,VTRS,Healthcare,Drug Manufacturers - Specialty & Generic,NASDAQ,12104286,15.77,127.53,-1,-2,-10.04,86.6,87.5,2.4,0.7,6.0,27.2,87,88,87,75,71.1,0,0,0,0,0,0,18493096278.792477,1164552654.0,0.0328,0.081,9624390,10922886,0,80.3,11.1,2026-06-11
412,PTGX,Healthcare,Biotechnology,NASDAQ,580484,105.77,127.34,-1,-1,-1.92,120.9,100.0,9.5,9.0,8.2,27.4,87,88,88,93,75.2,0,0,0,0,0,0,6262641326.1035385,64311373.0,0.1319,0.99,702822,631132,1,86.0,5.4,2026-06-11
413,VAL,Energy,Oil & Gas Drilling,NYSE,884812,88.98,127.21,-4,0,-22.03,114.8,67.0,-1.3,-7.3,-6.8,25.8,87,91,95,62,78.0,0,0,0,0,0,0,6131552664.601898,69251780.0,0.1397,-0.25,792867,906447,2,81.5,11.9,2026-06-11
414,STT,Financial Services,Asset Management,NYSE,1884356,161.8,127.21,6,-4,-1.31,71.5,100.0,2.4,4.5,9.6,27.7,87,81,71,81,65.4,0,0,0,0,0,0,44767067587.75,276767033.0,0.0002,-0.028,1924340,2014550,0,74.6,8.8,2026-06-11
415,TGB,Basic Materials,Copper,NYSE ARCA,5118580,6.43,127.12,-7,-6,-30.49,144.6,66.6,-5.2,-2.6,-4.6,14.8,87,94,95,94,83.3,0,0,0,0,0,0,2431554692.920845,365647317.0,1.59,0.704,5856112,4857414,3,91.6,5.3,2026-06-11
416,IPWR,Technology,Semiconductors,NASDAQ,1169028,5.78,126.92,4,-61,-37.85,121.6,51.7,-10.9,-11.5,19.7,35.3,87,83,18,13,32.3,0,0,0,0,0,0,96528568.9786234,16008054.0,0.0159,,1175904,813474,0,36.6,45.8,2026-06-11
417,CRWD,Technology,Software - Infrastructure,NASDAQ,3509057,647.74,126.89,11,-26,-17.55,97.4,79.0,-2.1,3.0,28.6,43.2,87,76,39,68,55.8,0,0,0,0,0,0,170818090488.36914,254564820.0,0.119899996,0.256,4348873,3462826,0,59.7,15.4,2026-06-11
418,TEVA,Healthcare,Drug Manufacturers - Specialty & Generic,NYSE,7041785,33.58,126.86,-2,-3,-10.09,124.7,91.5,1.5,1.0,3.7,21.7,87,89,88,93,76.0,0,0,0,0,0,0,39811756573.5829,1164426972.0,0.023,0.023,6890466,6138633,1,86.5,5.8,2026-06-11
419,PBF,Energy,Oil & Gas Refining & Marketing,NYSE,2974488,42.57,126.84,-1,5,-18.42,97.5,66.8,-2.1,-0.4,-1.4,15.0,87,88,94,52,78.4,0,0,0,0,0,0,5028109507.5,118308459.0,0.1458,0.119,2384196,3060835,1,78.1,11.4,2026-06-11
420,TSHA,Healthcare,Biotechnology,NASDAQ,2346707,5.4,126.82,-8,-13,-26.03,141.6,70.0,-0.8,-1.2,-3.9,16.1,87,95,90,97,80.7,0,0,0,1,0,1,1580485610.0,287361020.0,0.13,,2277032,2574228,3,90.7,7.3,2026-06-11
421,LEGN,Healthcare,Biotechnology,NASDAQ,2895992,34.86,126.76,22,-28,-23.04,117.9,70.9,10.6,19.0,39.2,40.8,87,65,15,10,7.7,0,0,0,0,0,0,6058831816.648499,185739792.0,0.19639999,0.565,3922718,2676369,0,24.4,44.6,2026-06-11
422,CLSK,Financial Services,Capital Markets,NASDAQ,23776703,14.9,126.64,7,-34,-36.89,97.7,53.2,-3.9,-0.1,19.4,25.7,87,80,39,66,62.4,0,0,0,0,0,0,4000528206.695366,256608606.0,0.4584,-0.249,24091839,22294297,0,61.9,15.7,2026-06-11
423,RIG,Energy,Oil & Gas Drilling,NYSE,33263428,6.01,126.47,-4,-1,-21.54,136.5,69.2,-1.4,-7.2,-6.7,21.1,87,91,94,70,75.6,0,0,0,0,0,0,6585223621.502224,1106760308.0,0.2189,0.193,27537444,32793830,2,82.7,11.6,2026-06-11
424,AEVA,Technology,Software - Infrastructure,NASDAQ,2677569,22.69,126.45,1,10,-41.52,155.8,50.1,-5.2,-1.9,26.1,49.8,87,86,95,95,14.7,0,0,0,0,0,0,1553985036.4875813,67535203.0,0.1901,0.859,2564679,2071979,2,72.7,33.0,2026-06-11
425,TYRA,Healthcare,Biotechnology,NASDAQ,830056,25.42,126.44,-9,-7,-37.47,181.0,54.0,-8.2,-17.5,-24.5,-0.8,87,96,98,95,84.1,0,0,1,0,0,1,1584290913.54216,59470381.0,0.2507,,1018388,934165,3,93.3,5.9,2026-06-11
426,HCC,Basic Materials,Coking Coal,NYSE,965665,95.23,126.17,9,18,-13.73,128.6,76.5,-6.5,-0.8,3.4,14.9,87,78,87,89,76.7,0,0,0,0,0,0,5275972146.196716,52801964.0,0.1117,0.54,1042176,889273,0,82.7,-2.4,2026-06-11
427,VIST,Energy,Oil & Gas E&P,NYSE,1099900,72.5,126.16,4,9,-10.98,116.7,86.3,-2.0,-2.3,2.6,33.5,87,83,88,63,51.3,0,0,0,0,0,0,8293543501.622864,111442404.0,0.027999999,0.973,721010,1260592,0,71.3,19.3,2026-06-11
428,BHP,Basic Materials,Other Industrial Metals & Mining,NYSE,2670789,82.95,125.71,-1,-3,-11.47,90.7,89.0,0.6,1.8,6.9,31.1,86,87,85,73,68.3,0,0,0,0,0,0,210137349111.2472,2540345092.0,0.0061000003,0.108,3060419,2638787,0,78.3,12.4,2026-06-11
429,RPRX,Healthcare,Biotechnology,NASDAQ,4179191,54.52,125.58,4,5,-2.76,62.4,97.3,0.3,1.9,7.6,28.9,86,82,83,77,64.9,0,0,0,0,0,0,24765723717.012177,443274104.0,0.029000001,0.11,5374184,3685146,0,76.7,9.4,2026-06-11
430,WFRD,Energy,Oil & Gas Equipment & Services,NASDAQ,1070014,98.01,125.56,-2,-3,-13.38,114.7,83.9,-0.8,-4.1,-3.0,17.4,86,88,87,81,76.1,0,0,0,0,0,0,6988984378.740784,71925332.0,0.0689,-0.034,1000654,1181082,0,83.0,7.5,2026-06-11
431,STAA,Healthcare,Medical Instruments & Supplies,NASDAQ,953082,29.33,125.55,4,-49,-18.23,79.5,74.2,-1.7,-6.0,5.1,18.6,86,82,29,69,62.1,0,0,0,0,0,0,1493156953.654318,49788495.0,0.2488,1.196,729387,1049795,0,60.5,17.8,2026-06-11
432,AESI,Energy,Oil & Gas Equipment & Services,NYSE,3914697,17.03,125.54,-3,-24,-15.4,103.3,71.8,-4.2,-8.8,0.9,34.1,86,89,68,14,24.9,0,0,0,0,0,0,2083425179.2381592,124905584.0,0.1898,-0.108,2827713,5098928,0,49.0,49.2,2026-06-11
433,SOLS,Basic Materials,Specialty Chemicals,NASDAQ,2108709,77.69,125.49,-3,-2,-14.44,95.9,84.3,-1.8,-2.3,-0.8,,86,89,90,42,,0,0,0,0,0,0,12866321665.3646,158804273.0,0.0323,0.106,1702177,1978121,1,73.7,,2026-06-11
434,STNG,Energy,Oil & Gas Midstream,NYSE,993681,76.46,125.46,-2,-2,-12.51,94.7,78.0,0.6,-2.3,-2.9,16.6,86,88,88,58,74.3,0,0,0,0,0,0,3780419316.275528,49768554.0,0.0368,0.462,653835,1047319,0,77.1,12.9,2026-06-11
435,CDNA,Healthcare,Diagnostics & Research,NASDAQ,729046,23.46,125.43,6,-34,-2.33,104.5,100.0,4.1,7.7,14.0,30.9,86,80,40,65,28.7,0,0,0,0,0,0,1149423452.25,51659481.0,0.1283,0.39,768129,738123,0,53.4,32.6,2026-06-11
436,EQNR,Energy,Oil & Gas Integrated,NYSE,3788174,37.49,125.31,-3,-2,-13.74,64.0,71.7,-1.2,-3.0,-4.5,24.9,86,89,90,33,54.1,0,0,0,0,0,0,92020742564.6729,2491086789.0,0.0292,-0.053,3136513,4879366,1,66.5,28.5,2026-06-11
437,CC,Basic Materials,Specialty Chemicals,NYSE,2867909,20.31,125.25,-5,-11,-29.16,105.3,63.2,-0.1,-2.3,-7.6,24.7,86,91,85,19,72.6,0,0,0,0,0,0,3082743034.5,150377709.0,0.0885,0.01,2071687,2699767,1,66.9,24.2,2026-06-11
438,TK,Energy,Oil & Gas Midstream,NYSE,621718,11.92,125.18,-1,0,-17.11,65.0,67.3,2.2,-3.5,-6.7,12.7,86,87,88,82,53.2,0,0,0,0,0,0,1005856687.2716132,87011821.0,0.0515,0.235,553325,560907,0,77.6,17.8,2026-06-11
439,SVM,Basic Materials,Silver,NYSE ARCA,3534175,9.57,125.18,-11,-12,-39.32,158.9,55.4,-8.5,-13.2,-14.4,11.6,86,97,96,96,85.6,0,0,0,0,0,0,2353595048.3438635,221202535.0,0.1266,0.962,3031947,3562379,3,93.7,6.0,2026-06-11
440,ASC,Industrials,Marine Shipping,NYSE,705793,16.43,125.16,-4,-10,-17.97,70.6,67.3,0.6,-6.2,-4.2,18.6,86,90,84,38,66.9,0,0,0,0,0,0,670794995.9509468,40802614.0,0.0446,0.188,559519,640809,1,69.7,22.5,2026-06-11
441,HST,Real Estate,REIT - Hotel & Motel,NASDAQ,8566719,23.95,125.12,8,3,-3.35,59.9,97.0,1.4,5.0,12.0,28.4,86,78,73,68,57.6,0,0,0,0,0,0,16861728472.993568,684879281.0,0.0732,0.028,8852049,8477445,0,69.1,12.7,2026-06-11
442,ENTG,Technology,Semiconductor Equipment & Materials,NASDAQ,3174778,128.88,125.04,-1,-7,-19.02,110.6,86.9,6.3,7.2,4.6,32.4,86,87,81,34,71.5,0,0,0,0,0,0,19099943557.739258,152300000.0,0.0735,0.05,2975345,2926117,0,68.4,18.9,2026-06-11
443,SHOO,Consumer Cyclical,Footwear & Accessories,NASDAQ,1047358,44.23,124.88,11,-4,-5.65,99.3,98.5,3.5,7.7,15.4,20.7,86,75,60,89,69.9,0,0,0,0,0,0,3217951657.86438,73085436.0,0.0945,0.18,1005914,1019614,0,73.5,1.2,2026-06-11
444,VOYG,Industrials,Aerospace & Defense,NYSE,2551502,41.28,124.78,46,30,-44.18,166.1,77.6,5.9,10.0,38.3,60.5,86,40,24,10,,0,0,0,0,0,0,2462342162.63657,59262147.0,0.16700001,0.021,2655437,2104383,0,24.7,,2026-06-11
445,GOOGL,Communication Services,Internet Content & Information,NASDAQ,31982653,356.38,124.65,-4,-8,-12.78,116.6,81.1,-2.2,-5.5,-0.9,16.5,86,90,86,90,77.6,0,0,0,0,0,0,4494199462845.795,12194935223.0,0.014099999,0.218,37395801,29212084,2,85.9,6.6,2026-06-11
446,ORA,Utilities,Utilities - Renewable,NYSE,987302,136.69,124.53,8,8,-6.63,72.8,86.9,-2.1,-0.3,10.3,20.8,86,78,78,86,68.0,0,0,0,0,0,0,8603497700.0,61453555.0,0.0942,0.758,838608,906423,0,77.5,3.4,2026-06-11
447,GNRC,Industrials,Specialty Industrial Machinery,NYSE,918075,239.11,124.43,-3,-6,-18.72,107.5,82.7,-4.0,-3.2,5.6,33.0,86,89,86,45,76.2,0,0,0,0,0,0,15396515331.76828,58868681.0,0.045300003,0.124,946257,826123,0,74.0,15.5,2026-06-11
448,HLIT,Technology,Communication Equipment,NASDAQ,4230458,13.5,124.36,5,-36,-23.64,73.8,70.3,0.4,1.3,18.9,37.6,86,81,40,43,57.5,0,0,0,0,0,0,1439747755.385727,108496436.0,0.0401,0.434,4680565,2899443,0,55.4,23.5,2026-06-11
449,RAL,Technology,Electronic Components,NYSE,1819611,62.45,124.34,5,-42,-1.36,70.8,100.0,5.2,6.8,25.3,37.3,86,81,34,66,,0,0,0,0,0,0,6735017310.204285,111933148.0,0.105100006,0.11,1436795,1503213,0,60.3,,2026-06-11
450,VAC,Consumer Cyclical,Resorts & Casinos,NYSE,548422,87.73,124.27,9,-7,-4.24,104.2,100.0,4.7,12.9,22.4,40.2,86,77,61,18,47.5,0,0,0,0,0,0,3073360723.9953003,34343064.0,0.1108,0.0,644357,516957,0,50.9,28.2,2026-06-11
451,RIO,Basic Materials,Other Industrial Metals & Mining,NYSE,2592451,99.06,124.25,-2,-2,-12.01,85.4,85.0,-0.9,-1.1,1.6,23.0,86,88,88,81,69.0,0,0,0,0,0,0,163747333054.53217,1626252151.0,0.011,0.146,2677035,2533467,0,81.5,10.9,2026-06-11
452,LIVN,Healthcare,Medical Devices,NASDAQ,851330,78.38,124.15,5,0,3.38,94.4,100.0,6.8,8.1,16.8,28.9,86,81,76,82,65.9,0,0,0,0,0,0,3974990843.2087703,54933538.0,0.07,0.143,762250,799454,0,76.2,7.9,2026-06-11
453,MAC,Real Estate,REIT - Retail,NYSE,3270275,24.42,124.14,7,-4,2.82,58.9,100.0,7.1,9.6,14.1,30.6,86,79,68,56,56.9,0,0,0,0,0,0,6706691641.167255,283461187.0,0.0614,-0.067,2713486,2927145,0,65.0,16.8,2026-06-11
454,NN,Technology,Software - Infrastructure,NASDAQ,2459411,21.55,123.93,2,-9,-11.75,100.4,93.4,6.7,4.8,15.9,38.2,86,84,73,67,73.1,0,0,0,0,0,0,2947037934.446562,136436939.0,0.1848,-0.353,2588494,2786470,0,74.3,10.0,2026-06-11
455,APLE,Real Estate,REIT - Hotel & Motel,NYSE,3061041,15.86,123.89,14,-11,0.38,44.7,100.0,4.7,8.3,17.5,29.8,86,72,47,38,46.8,0,0,0,0,0,0,3692096625.6073623,236067554.0,0.1014,0.031,3158074,3570122,0,50.9,21.9,2026-06-11
456,RCUS,Healthcare,Biotechnology,NYSE,1014124,22.12,123.88,-7,-6,-22.98,193.1,82.2,-2.8,-2.5,-3.3,13.0,86,93,94,95,83.6,0,0,0,0,0,0,2916679693.950115,125773162.0,0.1424,-0.393,1199634,1140936,3,91.4,4.2,2026-06-11
457,TD,Financial Services,Banks - Diversified,NYSE,1921654,114.5,123.76,3,1,-0.05,65.5,100.0,2.3,3.8,8.6,25.8,86,83,81,87,64.7,0,0,0,0,0,0,186946097209.99146,1652051000.0,2.23,-0.315,2688974,2337980,0,78.9,8.6,2026-06-11
458,CXW,Industrials,Security & Protection Services,NYSE,1143625,26.45,123.76,38,30,12.89,66.5,100.0,14.3,20.1,27.2,37.9,86,48,40,30,33.1,0,0,0,0,0,0,2295201066.064911,98888460.0,0.0292,0.258,1182625,1009743,0,37.8,11.8,2026-06-11
459,NXPI,Technology,Semiconductors,NASDAQ,4309794,285.56,123.74,5,-44,-16.0,64.3,79.7,-1.9,-2.0,12.1,30.4,86,81,32,61,48.4,0,0,0,0,0,0,74721338383.49435,252471079.0,0.0347,0.122,4324202,3841914,0,55.6,25.2,2026-06-11
460,C,Financial Services,Banks - Diversified,NYSE,11486790,133.38,123.67,6,4,-1.8,80.8,100.0,4.3,7.6,8.6,23.1,86,80,78,86,70.2,0,0,0,0,0,0,225937781310.85312,1705576955.0,0.0002,0.159,12486352,11471948,0,78.5,3.9,2026-06-11
461,TEO,Communication Services,Telecom Services,NYSE,534653,14.23,123.6,32,51,-6.69,145.1,100.0,13.8,21.0,29.5,44.7,85,53,72,84,61.2,0,0,0,0,0,0,5702965751.891987,430737602.0,0.0050999997,0.305,617830,430162,0,67.6,-12.2,2026-06-11
462,PCLA,Communication Services,Telecom Services,NASDAQ,2964508,6.4,123.56,84,84,-94.3,353.3,4.8,-14.9,2.6,67.4,-17.6,85,1,1,1,0.3,0,0,0,0,0,0,68258014.58315611,9613805.0,0.0013,-0.423,130544,1780666,0,0.8,0.4,2026-06-11
463,IBKR,Financial Services,Capital Markets,NASDAQ,5221196,85.42,123.52,6,7,-6.15,75.8,100.0,2.0,3.8,9.6,24.4,85,79,80,76,68.5,0,0,0,0,0,0,37598914761.355804,445484764.0,0.0299,0.168,6052399,4955719,0,75.9,5.7,2026-06-11
464,MRNA,Healthcare,Biotechnology,NASDAQ,7159265,45.99,123.5,-8,-6,-22.77,122.0,77.0,3.9,3.9,0.2,29.2,85,93,95,52,70.8,0,0,0,0,0,0,18823539582.056995,396786259.0,0.17899999,2.602,5584895,6554315,2,77.7,19.1,2026-06-11
465,ADPT,Healthcare,Diagnostics & Research,NASDAQ,1934140,17.07,123.36,33,56,-17.77,84.7,83.2,12.6,23.7,29.1,22.0,85,52,75,93,70.8,0,0,0,0,0,0,2704750163.747909,160044392.0,0.070199996,0.351,2286401,1821596,1,72.7,-19.9,2026-06-11
466,GOOG,Communication Services,Internet Content & Information,NASDAQ,22355404,353.32,123.26,-5,-10,-12.65,114.8,81.8,-1.8,-5.0,-0.5,16.2,85,90,85,90,76.8,0,0,0,0,0,0,4460419626255.645,12194935223.0,2.39,0.218,28499974,20053738,2,85.5,7.1,2026-06-11
467,TALO,Energy,Oil & Gas E&P,NYSE,1800912,15.38,123.18,-2,-3,-9.79,90.0,79.7,-0.9,-3.3,-2.5,20.6,85,87,86,69,66.3,0,0,0,0,0,0,2410408741.875139,166925818.0,0.081599995,-0.079,1525836,1935005,0,77.1,14.0,2026-06-11
468,MUR,Energy,Oil & Gas E&P,NYSE,1753956,39.84,123.16,0,-2,-8.08,73.9,79.4,-0.3,0.0,-1.3,16.6,85,85,83,75,63.2,0,0,0,0,0,0,5543327841.439087,143349576.0,0.0922,0.089,1787140,1851504,0,76.5,13.1,2026-06-11
469,ARMK,Industrials,Specialty Business Services,NYSE,3212167,53.3,123.13,10,-1,-2.33,51.3,100.0,1.6,2.9,13.4,32.6,85,75,64,42,48.1,0,0,0,0,0,0,14044349813.11647,262953564.0,0.037100002,0.147,2661961,2939850,0,57.3,21.1,2026-06-11
470,MEOH,Basic Materials,Chemicals,NASDAQ,801754,58.68,123.06,-6,-12,-12.09,81.6,79.6,-1.2,-2.3,-2.7,24.9,85,91,85,41,70.1,0,0,0,0,0,0,4457728751.426052,77364263.0,0.74,0.086,630382,1182214,1,71.8,21.1,2026-06-11
471,TRVI,Healthcare,Biotechnology,NASDAQ,1290283,13.4,122.98,-5,-11,-16.87,146.1,80.5,-1.2,-3.0,-3.6,15.8,85,90,84,95,79.1,0,0,0,0,0,0,1892589496.807808,141979708.0,0.1039,,925440,1457286,2,87.0,5.1,2026-06-11
472,WST,Healthcare,Medical Instruments & Supplies,NYSE,769628,330.92,122.88,6,-30,0.01,57.2,96.5,2.7,4.6,10.9,22.5,85,79,43,59,53.7,0,0,0,0,0,0,22218668627.5,70647595.0,0.0377,0.21,748305,845957,0,58.7,20.3,2026-06-11
473,NOV,Energy,Oil & Gas Equipment & Services,NYSE,4039560,21.08,122.83,2,0,-2.18,77.8,96.6,2.0,1.9,5.0,23.2,85,83,81,69,61.9,0,0,0,0,0,0,7228013768.151855,358888480.0,0.1447,-0.024,3491950,4434102,0,73.7,13.5,2026-06-11
474,BEN,Financial Services,Asset Management,NYSE,4645449,31.14,122.8,4,-7,-4.1,50.2,95.2,1.7,1.4,8.9,24.4,85,81,70,62,53.9,0,0,0,0,0,0,16280232245.81483,519637162.0,0.051,0.087,4497838,4834941,0,66.7,18.5,2026-06-11
475,PENN,Consumer Cyclical,Resorts & Casinos,NASDAQ,3563740,21.45,122.79,30,7,4.08,80.4,97.5,6.1,14.7,24.0,32.8,85,55,32,17,37.3,0,0,0,0,0,0,2573807963.061367,133843371.0,0.1727,0.064,4047491,3937694,0,35.3,18.8,2026-06-11
476,SM,Energy,Oil & Gas E&P,NYSE,4012623,32.83,122.56,0,-12,-8.5,78.0,79.5,-3.6,-3.9,2.0,27.7,85,85,73,10,29.5,0,0,0,0,0,0,7722305439.713509,239748701.0,0.0616,0.73,3401010,4431524,0,49.4,43.9,2026-06-11
477,INN,Real Estate,REIT - Hotel & Motel,NYSE,1321117,6.12,122.49,21,-15,1.32,56.6,100.0,5.9,9.7,20.3,24.7,85,64,28,32,45.4,0,0,0,0,0,0,622015522.917202,108365078.0,0.0001,0.003,2351353,1128942,0,42.4,19.3,2026-06-11
478,CPRX,Healthcare,Biotechnology,NASDAQ,2675973,31.34,122.49,2,-22,-3.75,64.0,100.0,0.2,0.3,8.0,29.9,85,83,59,69,28.8,0,0,0,0,0,0,3826853675.861572,122380992.0,0.07,0.056,1628479,2347693,0,59.9,32.3,2026-06-11
479,HNGE,Healthcare,Health Information Services,NYSE,1892835,62.06,122.47,5,-32,-6.75,107.7,100.0,5.6,11.8,29.5,36.1,85,80,43,65,70.2,0,0,0,0,0,0,4922923724.329105,77380129.0,0.078200005,0.472,2109385,1411619,0,64.6,11.6,2026-06-11
480,DRH,Real Estate,REIT - Hotel & Motel,NASDAQ,1894509,11.64,122.45,10,9,-0.51,58.3,100.0,3.5,6.7,12.0,27.1,85,75,74,70,57.2,0,0,0,0,0,0,2374135691.303727,204490591.0,0.093100004,0.013,1701078,1812967,0,69.0,10.0,2026-06-11
481,URI,Industrials,Rental & Leasing Services,NYSE,514870,1056.35,122.37,17,-8,-3.2,55.2,93.7,1.8,6.6,16.5,21.1,85,68,43,59,56.4,0,0,0,0,0,0,66892115391.45557,62646557.0,0.0255,0.072,513461,541194,0,56.6,10.1,2026-06-11
482,MS,Financial Services,Capital Markets,NYSE,5707659,206.66,122.15,8,-6,-5.7,64.2,93.7,0.5,3.9,10.2,22.4,85,77,63,83,62.9,0,0,0,0,0,0,334273959714.43097,1577284817.0,0.0,0.163,6414697,5810823,0,71.5,7.3,2026-06-11
483,MCHP,Technology,Semiconductors,NASDAQ,11817132,87.91,122.14,-2,-34,-17.0,89.6,81.5,0.1,-0.8,5.8,29.5,85,87,55,61,44.6,0,0,0,0,0,0,47887281698.38638,542079281.0,0.0629,0.351,12293268,10856455,0,61.9,29.6,2026-06-11
484,PK,Real Estate,REIT - Hotel & Motel,NYSE,5235698,13.92,121.96,33,28,-2.21,45.9,100.0,5.2,14.4,22.9,28.3,85,52,47,35,46.4,0,0,0,0,0,0,2829133820.156722,201361835.0,0.28260002,-0.011,6151254,4760286,0,45.1,6.7,2026-06-11
485,NUVL,Healthcare,Biotechnology,NASDAQ,2630598,123.35,121.89,14,15,9.14,71.1,100.0,20.0,19.7,19.0,25.3,85,71,72,82,60.0,0,0,0,0,0,0,7184860128.167496,78997915.0,0.104399994,,6888744,1837944,0,71.2,3.2,2026-06-11
486,SMJF,Consumer Cyclical,Textile Manufacturing,NYSE ARCA,667139,5.35,121.88,70,67,-23.57,304.6,94.1,2.6,12.2,36.6,,85,15,12,50,,0,0,0,0,0,0,146836505.2843094,27705000.0,0.044499997,0.086,1077277,764759,0,25.7,,2026-06-11
487,CVS,Healthcare,Healthcare Plans,NYSE,8439891,98.02,121.87,3,-17,-0.42,71.0,100.0,6.2,6.6,16.5,26.3,85,82,62,79,60.3,0,0,0,0,0,0,122399706949.89212,1275927307.0,0.0154,0.061,7804443,8068412,0,70.8,13.4,2026-06-11
488,OPLN,Consumer Cyclical,Auto & Truck Dealerships,NYSE,1047501,36.69,121.84,2,-18,-5.49,75.0,100.0,3.7,6.1,14.1,31.0,85,83,63,81,63.6,0,0,0,0,0,0,3864913898.3817215,105946106.0,0.0184,0.147,1047714,858376,0,72.7,12.1,2026-06-11
489,XHR,Real Estate,REIT - Hotel & Motel,NYSE,752403,18.46,121.81,12,3,-0.65,60.5,100.0,5.9,10.0,15.8,29.0,85,73,64,64,58.8,0,0,0,0,0,0,1696400849.3476105,92245835.0,0.082200006,0.022,875231,744502,0,65.0,9.8,2026-06-11
490,MPC,Energy,Oil & Gas Refining & Marketing,NYSE,2389232,263.28,121.8,1,3,-3.37,64.5,94.1,-0.3,1.3,6.9,26.9,85,84,86,64,62.7,0,0,0,0,0,0,76490320587.2937,291936635.0,0.0235,0.088,2389286,2299371,0,74.2,14.5,2026-06-11
491,LFVN,Consumer Defensive,Packaged Foods,NASDAQ,594148,9.48,121.78,70,65,-36.8,136.1,52.1,2.4,24.6,59.8,37.8,85,15,10,7,1.9,0,0,0,0,0,0,125779748.70878792,12615822.0,0.35990003,-0.252,1254254,431878,0,8.5,8.7,2026-06-11
492,MFG,Financial Services,Banks - Regional,NYSE,3402054,9.35,121.75,9,11,-9.05,75.6,87.8,1.2,3.7,8.3,22.1,85,76,78,81,68.7,0,0,0,0,0,0,115974463706.16447,12182190980.0,0.00029999999,0.167,3624824,3915772,0,75.9,2.5,2026-06-11
493,FFIV,Technology,Software - Infrastructure,NASDAQ,735248,390.77,121.74,7,-18,-5.04,75.8,91.7,-0.8,1.1,13.8,32.4,85,78,53,27,45.4,0,0,0,0,0,0,22192511151.80576,56419247.0,0.0342,0.11,731445,727025,0,50.8,29.0,2026-06-11
494,TBBB,Consumer Defensive,Discount Stores,NYSE,794646,40.13,121.72,18,27,0.1,73.3,100.0,6.3,11.0,12.3,27.4,85,67,76,80,61.8,0,0,0,0,0,0,4752584369.742966,120562775.0,0.0729,0.334,1591658,635019,0,71.2,-0.9,2026-06-11
495,CHRW,Industrials,Integrated Freight & Logistics,NASDAQ,1886455,184.99,121.64,10,24,-9.02,106.3,91.2,3.7,7.0,8.7,17.8,84,74,88,88,77.1,0,0,0,0,0,0,21699247870.116028,117873042.0,0.0739,-0.008,1418186,1857939,0,81.8,-5.7,2026-06-11
496,VCTR,Financial Services,Asset Management,NASDAQ,504708,87.86,121.63,5,-8,-1.3,42.2,90.5,-0.2,0.2,8.9,23.3,84,79,66,46,48.9,0,0,0,0,0,0,5471471775.0,62531106.0,0.072399996,0.767,496424,504204,0,60.0,23.0,2026-06-11
497,NE,Energy,Oil & Gas Drilling,NYSE,1376004,46.27,121.44,-7,-5,-15.84,79.5,71.3,-0.6,-6.0,-6.5,21.7,84,91,93,47,62.6,0,0,0,0,0,0,7244981292.695221,159545944.0,0.076,-0.108,1069414,1446922,2,73.4,22.8,2026-06-11
498,LUMN,Communication Services,Telecom Services,NYSE,14497626,8.26,121.44,-1,-13,-30.88,129.5,58.9,-10.8,-12.6,-4.8,8.0,84,85,73,90,75.8,0,0,0,0,0,0,9180071476.487007,1030311070.0,0.0655,-0.089,13660889,14448137,1,80.9,4.8,2026-06-11
499,BG,Consumer Defensive,Farm Products,NYSE,1756023,128.21,121.43,3,12,-4.94,71.6,89.5,-1.8,0.5,0.2,17.7,84,81,90,74,65.1,0,0,0,0,0,0,24535530645.27111,194018115.0,0.0405,0.878,1943380,1631274,1,77.5,8.5,2026-06-11
500,UNH,Healthcare,Healthcare Plans,NYSE,7017088,407.46,121.43,2,-54,0.82,70.6,95.7,2.8,3.8,12.3,22.5,84,82,26,28,44.4,0,0,0,0,0,0,362776446174.4547,908144404.0,0.0214,0.02,7748054,7909690,0,45.1,35.2,2026-06-11
501,SBLK,Industrials,Marine Shipping,NASDAQ,1339433,26.57,121.42,-1,-5,-6.77,64.8,91.0,-0.1,0.7,5.1,24.6,84,85,81,56,64.4,0,0,0,0,0,0,3047024864.2834625,111530926.0,0.0171,0.219,1233919,1153523,0,71.6,16.5,2026-06-11
502,BTX,Financial Services,Asset Management,NYSE,754236,8.67,121.31,5,-25,-7.62,44.1,87.5,-0.8,0.5,10.1,26.6,84,79,49,39,35.5,0,0,0,0,0,0,1022382245.9528676,116710299.0,0.34,,867898,770069,0,50.6,32.7,2026-06-11
503,BLBD,Industrials,Farm & Heavy Construction Machinery,NASDAQ,512540,68.71,121.17,2,-3,-15.7,75.1,95.9,1.3,2.5,8.1,25.3,84,82,77,66,67.7,0,0,0,0,0,0,2205134331.1777725,31646589.0,0.1201,-0.017,400050,445092,0,73.2,10.9,2026-06-11
504,ROST,Consumer Cyclical,Apparel Retail,NASDAQ,3303873,231.92,121.08,3,9,-2.31,88.8,100.0,3.8,5.8,6.5,26.6,84,81,87,84,67.1,0,0,0,0,0,0,73898334911.80615,320781076.0,0.0271,0.206,3888809,2799145,0,79.8,5.8,2026-06-11
505,MSM,Industrials,Industrial Distribution,NYSE,701884,115.16,120.99,7,-5,-2.83,42.7,95.5,0.5,4.4,11.5,25.2,84,77,65,51,49.3,0,0,0,0,0,0,6449421382.884956,55834311.0,0.0577,0.029,772024,681012,0,60.6,20.3,2026-06-11
506,ZIM,Industrials,Marine Shipping,NYSE,1400222,25.33,120.99,-3,2,-15.48,108.3,80.0,3.3,2.9,-0.1,22.3,84,87,92,82,58.0,0,0,0,0,0,0,3041912076.6952763,120519497.0,0.0271,-0.304,1260937,1318669,1,79.8,15.0,2026-06-11
507,ADM,Consumer Defensive,Farm Products,NYSE,4059454,81.28,120.74,0,-1,-4.79,62.1,85.3,-3.0,-1.7,3.9,18.8,84,84,83,64,63.3,0,0,0,0,0,0,38999921282.35124,481956527.0,0.0367,0.016,3614564,3681506,0,73.6,14.5,2026-06-11
508,NXT,Technology,Solar,NASDAQ,2480078,111.95,120.73,-6,-2,-31.37,122.5,64.2,-11.9,-11.0,-3.7,16.7,84,90,94,92,78.3,0,0,0,0,0,0,19771613381.683105,150274472.0,0.0698,-0.047,2429165,2227155,3,88.6,5.0,2026-06-11
509,KYTX,Healthcare,Biotechnology,NASDAQ,835361,7.66,120.7,-13,-13,-43.96,208.6,61.1,-0.3,-6.5,-12.6,1.5,84,97,97,98,81.7,0,0,0,1,0,1,454140220.8846569,60795212.0,0.1024,,765185,1007945,3,93.4,7.4,2026-06-11
510,MAR,Consumer Cyclical,Lodging,NASDAQ,1426183,386.23,120.69,14,21,-2.63,55.6,100.0,3.1,5.4,8.9,25.6,84,70,77,74,56.1,0,0,0,0,0,0,103500423988.8142,263688623.0,0.0208,0.126,1549920,1428852,0,69.3,5.5,2026-06-11
511,INGM,Technology,Information Technology Services,NYSE,1649505,28.45,120.67,5,-10,-10.22,55.9,81.4,-1.5,4.7,4.4,26.4,84,79,64,61,53.1,0,0,0,0,0,0,6800420523.354586,230444611.0,0.13229999,0.137,1317066,1495583,0,64.3,18.0,2026-06-11
512,MGA,Consumer Cyclical,Auto Parts,NYSE,1426894,64.02,120.46,3,5,-8.46,76.8,90.6,-0.8,1.8,6.4,21.1,84,81,83,82,67.2,0,0,0,0,0,0,17991319512.583923,272224550.0,0.0305,0.031,1118762,1469764,0,78.3,6.5,2026-06-11
513,SXC,Basic Materials,Coking Coal,NYSE,1732643,9.11,120.44,46,30,-6.47,66.7,96.2,2.1,7.9,25.6,28.2,84,38,22,21,22.4,0,0,0,0,0,0,770467031.3662148,84853198.0,0.046,0.044,1614299,1498441,0,25.9,12.8,2026-06-11
514,NEO,Healthcare,Diagnostics & Research,NASDAQ,1846745,11.28,120.37,47,42,-17.9,137.0,79.1,5.6,15.7,27.0,15.7,84,37,32,80,54.6,0,0,0,0,0,0,1419308352.328148,130211780.0,0.078,0.111,1599827,1973997,0,50.9,-16.9,2026-06-11
515,SB,Industrials,Marine Shipping,NYSE,598231,6.58,120.29,-5,-6,-10.84,87.0,84.4,3.6,1.0,0.9,22.1,84,89,88,78,70.5,0,0,0,0,0,0,661872770.0,101826580.0,0.0481,0.015,693994,527642,0,81.4,11.6,2026-06-11
516,ULCC,Industrials,Airlines,NASDAQ,5615201,5.53,120.13,31,-8,-16.97,95.8,86.8,2.6,11.3,30.0,31.4,84,53,14,52,57.1,0,0,0,0,0,0,1364948663.0486512,229789335.0,0.39880002,0.088,4255395,5700827,0,44.0,2.0,2026-06-11
517,FNKO,Consumer Cyclical,Leisure,NASDAQ,813369,5.21,120.03,-3,-48,-14.45,120.3,91.9,1.8,3.9,17.0,42.0,84,87,42,10,14.4,0,0,0,0,0,0,284781873.0747223,55839584.0,0.1094,0.053,652777,724433,0,38.3,56.2,2026-06-11
518,MIRM,Healthcare,Biotechnology,NASDAQ,1089440,94.0,119.94,-4,0,-18.25,105.7,81.2,4.7,2.2,1.6,16.5,84,88,92,78,78.5,0,0,0,0,0,0,5700525304.6699295,60981227.0,0.17629999,0.433,669781,920722,1,84.1,6.4,2026-06-11
519,SU,Energy,Oil & Gas Integrated,NYSE,3734111,62.09,119.75,-4,-3,-11.67,65.0,75.4,-2.4,-5.2,-5.0,19.2,84,88,89,61,64.5,0,0,0,0,0,0,73465967100.91934,1180745189.0,3.65,0.175,4620723,3910582,0,75.6,17.0,2026-06-11
520,CBRL,Consumer Cyclical,Restaurants,NASDAQ,1372592,44.49,119.73,63,64,-38.15,81.9,43.7,25.3,34.3,44.6,35.1,84,21,22,8,3.1,0,0,0,0,0,0,749653331.8829727,22351023.0,0.4365,-0.079,2047307,1233277,0,13.5,11.4,2026-06-11
521,CGON,Healthcare,Biotechnology,NASDAQ,928101,54.92,119.69,-11,-10,-27.26,140.7,67.3,2.0,-4.3,-11.6,12.9,84,95,96,77,79.8,0,0,0,0,0,0,4738236957.229034,88202473.0,0.105900005,19.827,935013,1026074,2,87.0,11.1,2026-06-11
522,HELE,Consumer Defensive,Household & Personal Products,NASDAQ,613119,27.53,119.68,16,-39,-18.38,109.2,78.3,9.9,13.0,28.2,41.3,84,68,13,12,9.1,0,0,0,0,0,0,566092543.2488441,23257705.0,0.17549999,-0.033,494519,680265,0,25.5,46.1,2026-06-11
523,GEV,Industrials,Specialty Industrial Machinery,NYSE,2561905,867.09,119.68,-8,-8,-26.64,89.5,63.8,-3.3,-8.1,-10.4,18.9,84,92,92,90,75.3,0,0,0,0,0,0,250879670595.62195,268719995.0,0.033,0.163,3150036,2532975,3,87.3,8.8,2026-06-11
524,MLI,Industrials,Metal Fabrication,NYSE,544343,132.44,119.66,1,-5,-6.41,86.6,92.2,2.7,1.6,3.9,16.9,84,83,77,85,68.1,0,0,0,0,0,0,14683777743.834732,110570613.0,0.0172,0.193,544790,655456,0,78.3,7.6,2026-06-11
525,PFG,Financial Services,Asset Management,NASDAQ,1115197,109.21,119.64,8,-7,3.46,45.2,100.0,4.4,5.6,10.1,21.9,83,75,60,70,52.2,0,0,0,0,0,0,22728823308.166992,216012384.0,0.0479,-0.045,1187603,1230228,0,64.3,13.9,2026-06-11
526,GS,Financial Services,Capital Markets,NYSE,2137934,1001.29,119.64,7,1,-8.84,68.8,88.1,-0.7,2.6,8.7,19.3,83,76,70,85,66.1,0,0,0,0,0,0,306418323889.40515,295007421.0,0.0232,0.145,2451133,2086932,0,74.3,3.7,2026-06-11
527,TECK,Basic Materials,Other Industrial Metals & Mining,NYSE,3174596,59.91,119.63,-5,-16,-15.92,103.4,82.3,-1.9,-0.5,4.8,26.9,83,88,77,60,63.8,0,0,0,0,0,0,30211780213.95676,489894294.0,2.77,0.722,3235598,3147753,0,72.2,18.8,2026-06-11
528,TWO,Real Estate,REIT - Mortgage,NYSE,2242444,12.33,119.61,4,-42,-12.99,38.4,65.9,-0.2,-0.8,3.8,13.8,83,79,33,38,21.3,0,0,0,0,0,0,1296271765.2487984,105046333.0,0.0458,15.691,1318613,2271394,0,42.8,41.7,2026-06-11
529,BKD,Healthcare,Medical Care Facilities,NYSE,3935029,13.1,119.53,3,17,-23.35,93.4,62.0,4.1,0.6,-3.3,10.1,83,80,94,91,71.7,0,0,0,0,0,0,2947023102.940845,238818725.0,0.16370001,-0.067,4755828,3626041,2,84.2,0.5,2026-06-11
530,H,Consumer Cyclical,Lodging,NYSE,929509,190.63,119.48,21,6,-2.26,51.5,100.0,4.4,8.8,16.6,25.5,83,62,47,74,54.9,0,0,0,0,0,0,18178839424.473267,94161606.0,0.3549,-0.035,1032207,856727,0,59.5,2.6,2026-06-11
531,HAFN,Industrials,Marine Shipping,NYSE,1742009,7.36,119.32,-7,-11,-22.81,45.9,51.2,-2.6,-9.1,-12.3,7.5,83,90,86,58,51.8,0,0,0,0,0,0,3638408005.258291,499781305.0,0.040999997,0.225,2313437,1767931,1,71.4,25.9,2026-06-11
532,GOLD,Financial Services,Capital Markets,NYSE,549992,40.76,119.18,1,12,-38.89,110.5,52.1,6.1,5.4,0.3,13.9,83,82,93,80,77.9,0,0,0,0,0,0,1149153266.8999865,29004374.0,0.1378,2.44,452798,551921,1,83.2,1.4,2026-06-11
533,EGY,Energy,Oil & Gas E&P,NYSE,1226548,5.56,119.16,-5,-3,-17.26,61.7,63.0,0.2,-2.7,-7.3,16.1,83,88,90,22,56.4,0,0,0,0,0,0,566094290.5778103,107012154.0,0.045700002,-0.433,1019976,1399235,1,64.1,28.8,2026-06-11
534,IVZ,Financial Services,Asset Management,NYSE,4962430,27.46,119.07,2,-2,-7.26,94.8,92.3,2.0,2.8,7.7,12.5,83,81,77,89,74.1,0,0,0,0,0,0,12124162972.254244,443296629.0,0.0585,0.141,5875422,5632572,0,80.3,2.3,2026-06-11
535,SCCO,Basic Materials,Copper,NYSE,1337192,167.76,119.04,-4,1,-24.32,108.5,73.3,-1.3,-0.4,0.3,16.3,83,87,92,88,74.7,0,0,0,0,0,0,144313315790.73398,834325691.0,0.121800005,0.362,1399643,1383802,1,85.4,5.4,2026-06-11
536,VLY,Financial Services,Banks - Regional,NASDAQ,5509258,14.16,119.0,8,10,0.28,71.1,100.0,4.1,6.0,7.7,19.8,83,75,77,79,61.6,0,0,0,0,0,0,7635931618.870932,554131478.0,0.0929,0.238,6118065,6109367,0,73.2,5.7,2026-06-11
537,ECVT,Basic Materials,Specialty Chemicals,NYSE,1840307,12.75,118.8,-6,-7,-15.48,70.3,72.5,-0.2,-4.2,-6.1,19.7,83,89,88,70,62.2,0,0,0,0,0,0,1406477311.1531906,109453484.0,0.023699999,0.502,1699783,1956472,0,77.3,17.3,2026-06-11
538,OKTA,Technology,Software - Infrastructure,NASDAQ,4216203,114.92,118.66,58,58,-19.27,86.7,71.0,-4.8,10.9,34.0,35.7,83,25,25,36,26.6,0,0,0,0,0,0,20634410584.967197,173807365.0,0.0558,0.112,6885090,4171710,0,28.2,-3.0,2026-06-11
539,YETI,Consumer Cyclical,Leisure,NYSE,1652583,48.27,118.64,30,30,-5.89,73.0,99.6,5.7,10.1,20.9,24.8,83,53,53,78,60.3,0,0,0,0,0,0,3588671679.591381,75758323.0,0.142,0.083,1489529,1557165,0,61.1,-8.6,2026-06-11
540,MD,Healthcare,Medical Care Facilities,NYSE,881916,23.56,118.44,3,-5,-5.72,101.7,96.1,7.1,8.0,7.8,17.3,83,80,72,89,67.4,0,0,0,0,0,0,1856776457.8332367,82121911.0,0.059899997,0.039,703470,771332,0,77.1,5.3,2026-06-11
541,LEA,Consumer Cyclical,Auto Parts,NYSE,653462,140.44,118.39,7,4,-6.58,60.2,95.8,0.9,3.0,9.2,22.1,83,76,73,75,58.1,0,0,0,0,0,0,7088456508.5,50095099.0,0.0538,0.047,698446,592069,0,70.5,9.5,2026-06-11
542,UNCY,Healthcare,Biotechnology,NASDAQ,728296,7.69,118.25,-6,-15,-30.09,105.6,82.0,5.2,2.3,3.8,26.6,83,89,80,64,53.4,0,0,0,0,0,0,184764188.8770504,26700027.0,0.077800006,,851768,662113,0,71.6,23.7,2026-06-11
543,GLXY,Financial Services,Capital Markets,NASDAQ,6202236,30.15,118.23,2,-40,-34.34,97.6,63.1,11.6,12.6,23.0,20.8,83,81,39,39,65.5,0,0,0,0,0,0,4814104313.342667,191491823.0,0.1409,-0.206,8938418,6038135,0,56.1,20.3,2026-06-11
544,NEOG,Healthcare,Medical Devices,NASDAQ,2487132,9.17,118.14,11,26,-19.77,98.8,68.8,2.4,3.9,0.7,15.4,83,72,87,57,61.3,0,0,0,0,0,0,1937289981.8643248,217673041.0,0.0659,-0.044,2434788,2637391,0,69.3,6.8,2026-06-11
545,RY,Financial Services,Banks - Diversified,NYSE,1186472,197.61,118.14,6,4,1.06,56.7,100.0,2.7,4.6,9.8,21.7,83,77,75,82,59.8,0,0,0,0,0,0,269657524587.8137,1389700752.0,3.18,0.161,1535068,1486709,0,73.5,7.8,2026-06-11
546,MGM,Consumer Cyclical,Resorts & Casinos,NYSE,5913976,46.91,118.07,28,30,-9.07,53.7,82.6,-0.6,10.1,17.9,30.1,83,55,57,59,51.0,0,0,0,0,0,0,12155491745.412195,255851235.0,0.2049,0.042,7257898,5110505,0,55.5,1.0,2026-06-11
547,TTE,Energy,Oil & Gas Integrated,NYSE,1279107,88.41,118.05,-2,-2,-6.12,52.8,83.8,-1.1,-2.4,-2.8,18.8,83,85,85,63,53.0,0,0,0,0,0,0,197041938423.528,2221191979.0,0.0019,0.034,1283953,1620370,0,71.5,20.4,2026-06-11
548,IMNM,Healthcare,Biotechnology,NASDAQ,1116711,18.16,118.02,-8,-5,-34.32,118.6,53.6,-5.1,-10.2,-16.2,-4.0,83,91,94,97,74.2,0,0,0,1,0,1,2104192311.8796809,113250394.0,0.1821,,1284913,1120042,3,89.1,6.9,2026-06-11
549,BKR,Energy,Oil & Gas Equipment & Services,NASDAQ,7505525,63.02,117.92,0,-2,-10.5,68.9,80.7,-0.7,-1.8,-1.3,15.9,83,83,81,55,63.5,0,0,0,0,0,0,62093579896.60767,992068697.0,0.025799999,0.025,7287296,7982951,0,70.6,15.6,2026-06-11
550,LFST,Healthcare,Medical Care Facilities,NASDAQ,5837867,7.86,117.88,2,-19,-11.59,127.2,95.3,11.2,11.8,17.5,31.3,83,81,60,75,57.0,0,0,0,0,0,0,2829393082.856689,381834432.0,0.0466,0.212,2084301,4309918,0,68.3,15.3,2026-06-11
551,AMCX,Communication Services,Entertainment,NASDAQ,575616,10.2,117.83,15,-23,-4.23,79.0,90.6,1.3,6.6,16.3,22.7,83,68,30,81,52.5,0,0,0,0,0,0,430491585.9785461,43927712.0,0.1996,-0.024,582868,474963,0,57.9,9.0,2026-06-11
552,SHMD,Industrials,Specialty Industrial Machinery,NASDAQ,1161904,5.0,117.66,4,21,-53.05,172.4,43.5,-2.3,-12.0,-6.6,2.2,83,79,96,93,79.4,0,0,0,0,0,0,291894374.2246399,57800864.0,0.0793,-0.375,1100004,1059088,2,86.8,-4.7,2026-06-11
553,GIII,Consumer Cyclical,Apparel Manufacturing,NASDAQ,549823,34.07,117.44,25,9,-4.94,73.7,100.0,6.9,11.9,15.3,22.3,82,57,41,74,63.1,0,0,0,0,0,0,1422200826.144554,42189287.0,0.2291,-0.082,786290,496896,0,58.8,-4.9,2026-06-11
554,CM,Financial Services,Banks - Diversified,NYSE,1032762,110.14,117.43,-2,-2,-5.9,64.6,91.8,2.5,0.6,2.9,19.4,82,84,84,86,64.0,0,0,0,0,0,0,99349222015.3841,912800674.0,7.2,0.153,1270426,1255785,0,79.5,9.6,2026-06-11
555,NTRS,Financial Services,Asset Management,NASDAQ,1083361,166.13,117.41,3,-3,-4.34,58.5,96.5,0.9,1.7,5.1,19.6,82,79,73,79,59.9,0,0,0,0,0,0,31545006297.147766,185047258.0,0.016,0.139,1223724,1101668,0,72.7,10.2,2026-06-11
556,UTI,Consumer Defensive,Education & Training Services,NYSE,1410729,39.75,117.4,1,5,-13.1,87.3,82.2,-2.0,1.4,7.1,28.4,82,81,85,30,36.4,0,0,0,0,0,0,2399024353.3666,55061381.0,0.066300005,0.067,1467489,1050513,0,58.1,32.1,2026-06-11
557,CSX,Industrials,Railroads,NASDAQ,12295077,46.41,117.4,5,4,-1.78,47.8,100.0,1.8,2.3,5.9,22.3,82,77,76,71,53.7,0,0,0,0,0,0,87313947962.26437,1858138856.0,0.0182,0.017,13383952,12576020,0,69.4,12.9,2026-06-11
558,BMO,Financial Services,Banks - Diversified,NYSE,776001,164.39,117.35,5,5,-0.92,58.5,100.0,1.4,3.4,8.5,21.5,82,77,77,76,59.2,0,0,0,0,0,0,115127476245.02698,700416619.0,4.84,0.158,625534,766744,0,72.3,9.1,2026-06-11
559,CYTK,Healthcare,Biotechnology,NASDAQ,3045296,67.07,117.26,-7,-15,-16.37,113.6,79.5,-2.2,-6.3,-1.1,10.2,82,89,81,88,77.8,0,0,0,0,0,0,9704882443.412865,135770593.0,0.1875,11.258,1772520,2459284,0,84.0,6.6,2026-06-11
560,BNY,Financial Services,Banks - Diversified,NYSE,3592230,139.75,117.25,4,0,-3.61,60.4,96.5,0.3,1.6,5.4,19.7,82,78,74,80,61.2,0,0,0,0,0,0,97733511798.61748,686379045.0,0.0,0.134,3646222,3738392,0,73.3,8.4,2026-06-11
561,WT,Financial Services,Asset Management,NYSE,2920875,16.77,117.24,-4,-4,-15.52,71.8,74.1,-4.9,-7.4,-2.2,17.3,82,86,86,54,67.6,0,0,0,0,0,0,2780472280.73397,152941267.0,0.19129999,0.475,2969485,3166857,0,73.4,15.6,2026-06-11
562,TDC,Technology,Software - Infrastructure,NYSE,2551352,33.07,117.13,14,9,-20.85,63.1,71.4,-4.6,-2.6,9.5,19.5,82,68,63,79,53.1,0,0,0,0,0,0,3171170071.7926025,94100000.0,0.233,0.062,2354677,2167577,0,65.8,5.8,2026-06-11
563,VOYA,Financial Services,Financial Conglomerates,NYSE,1259947,89.14,117.12,15,-11,2.26,38.8,100.0,6.3,8.8,14.8,21.7,82,67,41,61,44.8,0,0,0,0,0,0,7859863068.703308,90666315.0,0.00029999999,0.031,1213743,1282326,0,53.5,14.9,2026-06-11
564,SOBO,Energy,Oil & Gas Midstream,NYSE,854697,37.69,117.09,0,-1,-1.82,49.5,96.7,2.6,1.7,8.2,25.2,82,82,81,60,51.1,0,0,0,0,0,0,7688429478.529953,208584627.0,7.23,-0.014,965682,951084,0,68.5,19.9,2026-06-11
565,HXL,Industrials,Aerospace & Defense,NYSE,898299,91.57,117.08,0,2,-6.81,79.1,100.0,7.6,9.0,9.6,24.2,82,82,84,78,67.8,0,0,0,0,0,0,6725088001.662598,75427184.0,0.0572,0.099,828898,1053207,0,78.0,7.7,2026-06-11
566,CRUS,Technology,Semiconductors,NASDAQ,631120,157.87,117.01,-1,-6,-12.5,67.5,80.4,-2.9,-2.8,-1.3,19.3,82,83,78,65,59.4,0,0,0,0,0,0,8294426531.261047,50452718.0,0.0618,0.057,559311,634886,0,71.4,15.9,2026-06-11
567,DAL,Industrials,Airlines,NYSE,7217250,76.47,116.99,12,7,-8.78,74.0,98.1,2.4,5.7,12.7,23.7,82,70,65,84,61.4,0,0,0,0,0,0,52178489279.80744,656994340.0,0.039100002,0.129,6265801,8701780,0,70.1,2.0,2026-06-11
568,ADAM,Real Estate,REIT - Mortgage,NASDAQ,794311,8.99,116.94,1,-4,-3.54,43.9,96.9,1.0,1.5,7.9,18.1,82,81,76,69,42.1,0,0,0,0,0,0,806952708.7048492,89861108.0,0.0349,0.107,541775,725931,0,67.0,22.3,2026-06-11
569,BEAM,Healthcare,Biotechnology,NASDAQ,1972669,29.49,116.85,-5,-22,-19.07,83.7,69.1,-3.2,-0.7,-0.2,10.5,82,87,70,73,63.6,0,0,0,0,0,0,3024648852.3546944,102879214.0,0.3993,3.249,1932917,2066635,0,73.4,16.2,2026-06-11
570,AUGO,Basic Materials,Gold,NASDAQ,881279,53.3,116.53,-14,-13,-51.69,140.8,38.6,-10.9,-18.4,-31.4,-3.4,82,96,97,93,,0,0,0,0,0,0,5043400127.410889,83500000.0,0.0917,1.365,1236108,919317,3,95.3,,2026-06-11
571,MNST,Consumer Defensive,Beverages - Non-Alcoholic,NASDAQ,5729909,91.21,116.4,7,7,0.85,56.9,100.0,2.9,4.2,12.8,22.1,82,75,75,80,54.4,0,0,0,0,0,0,87580629235.14389,978008110.0,0.0286,0.269,6199017,5285139,0,71.1,9.3,2026-06-11
572,SMFG,Financial Services,Banks - Diversified,NYSE,2065601,22.99,116.38,7,5,-5.55,63.9,100.0,3.7,5.0,9.6,22.3,82,75,73,78,61.5,0,0,0,0,0,0,147143229339.27808,6353334642.0,0.0017,,1844534,2106142,0,71.9,6.3,2026-06-11
573,SDRL,Energy,Oil & Gas Drilling,NYSE,653342,44.81,116.2,-7,-7,-19.22,72.5,64.2,-2.9,-8.6,-7.9,15.3,82,89,89,39,63.0,0,0,0,0,0,0,2775104011.829788,62530508.0,0.0715,0.088,648987,662591,0,70.0,23.0,2026-06-11
574,CHRD,Energy,Oil & Gas E&P,NASDAQ,727451,138.25,116.17,-5,-10,-9.02,57.4,75.4,-2.2,-4.3,-3.6,20.8,82,87,82,26,45.7,0,0,0,0,0,0,7588566498.584763,56299183.0,0.0705,0.385,650775,802893,0,60.2,33.4,2026-06-11
575,CAKE,Consumer Cyclical,Restaurants,NASDAQ,1218618,70.62,116.07,20,32,1.32,73.8,100.0,11.6,16.8,21.3,31.8,82,62,74,33,41.9,0,0,0,0,0,0,3285692918.725075,49685363.0,0.3434,0.056,1130475,1149845,0,52.7,14.6,2026-06-11
576,NPKI,Industrials,Building Products & Equipment,NYSE,886254,14.6,116.02,1,9,-11.52,75.2,78.7,0.5,-2.2,-2.5,10.7,82,81,89,90,70.5,0,0,0,0,0,0,1205903651.5302086,84447036.0,0.016900001,0.159,934783,816852,1,82.6,2.6,2026-06-11
577,RES,Energy,Oil & Gas Equipment & Services,NYSE,1639613,7.15,115.99,-1,-2,-12.38,67.1,75.3,1.2,1.1,-0.7,19.3,82,83,82,63,52.1,0,0,0,0,0,0,1509354324.6677756,221637935.0,0.29299998,0.366,1376351,1959740,0,70.0,19.6,2026-06-11
578,BCAX,Healthcare,Biotechnology,NASDAQ,521278,20.21,115.98,-10,-13,-16.66,144.3,82.2,4.0,3.0,-1.9,20.8,81,91,88,90,66.5,0,0,0,0,0,0,1314077320.0,65703866.0,0.2094,,541806,537355,2,83.9,12.8,2026-06-11
579,ULS,Industrials,Specialty Business Services,NYSE,704642,97.38,115.96,0,0,-9.45,57.1,84.7,0.1,-1.1,4.3,20.6,81,81,81,82,50.2,0,0,0,0,0,0,19513324671.05255,201563115.0,0.0356,0.075,655177,686723,0,73.6,15.2,2026-06-11
580,WKC,Energy,Oil & Gas Refining & Marketing,NYSE,775538,31.45,115.94,26,3,4.76,39.2,99.9,4.9,6.9,17.2,22.7,81,55,32,26,20.4,0,0,0,0,0,0,1531933099.41189,51355451.0,0.1792,0.025,710794,809572,0,33.3,25.4,2026-06-11
581,LYTS,Technology,Electronic Components,NASDAQ,525196,24.63,115.92,5,-14,-1.44,60.1,100.0,7.7,8.6,15.0,21.0,81,76,57,38,60.0,0,0,0,0,0,0,827864682.1906586,36712404.0,0.0405,0.136,623890,473982,0,57.8,17.5,2026-06-11
582,PBR,Energy,Oil & Gas Integrated,NYSE,16670221,18.11,115.85,-8,-6,-18.57,58.1,63.9,0.1,-4.0,-9.6,18.3,81,89,91,33,60.6,0,0,0,0,0,0,114387503262.75,6444366381.0,2.39,0.004,14222963,20914118,1,68.4,25.2,2026-06-11
583,DHT,Energy,Oil & Gas Midstream,NYSE,2802556,16.6,115.83,-5,-1,-19.22,55.3,66.4,0.8,-2.1,-6.2,12.1,81,86,90,67,55.5,0,0,0,0,0,0,2681343194.617491,161041637.0,0.057800002,0.781,2536349,3136745,1,74.6,18.6,2026-06-11
584,WHD,Energy,Oil & Gas Equipment & Services,NYSE,719643,58.08,115.8,6,-14,-9.67,75.4,85.8,0.2,-1.4,4.3,20.7,81,75,55,36,35.7,0,0,0,0,0,0,3930471432.453117,69418430.0,0.059699997,0.385,661651,788202,0,50.4,29.5,2026-06-11
585,QCOM,Technology,Semiconductors,NASDAQ,28158424,191.2,115.76,-4,-65,-26.44,63.6,62.1,-9.7,-8.3,11.3,22.7,81,85,24,66,39.0,0,0,0,0,0,0,227600762573.2422,1054000000.0,0.053600002,-0.035,21280104,22004808,0,53.5,32.9,2026-06-11
586,CGAU,Basic Materials,Gold,NYSE,1534958,14.74,115.57,-12,-9,-30.37,129.7,62.0,-3.9,-6.0,-12.2,4.0,81,93,96,95,82.2,0,0,0,0,0,0,3032546580.7596016,198595055.0,3.3,0.618,1451046,1563183,3,91.5,4.7,2026-06-11
587,RAMP,Technology,Software - Infrastructure,NYSE,2211711,37.67,115.56,18,-4,-0.63,67.8,98.6,0.3,2.3,18.2,31.7,81,63,41,57,21.5,0,0,0,0,0,0,2248487835.695832,60087866.0,0.09729999,0.092,2322723,1550172,0,45.6,24.1,2026-06-11
588,ENPH,Technology,Solar,NASDAQ,9381527,50.57,115.56,49,92,-31.42,110.3,62.3,-10.5,-8.2,23.3,41.3,81,32,75,14,31.6,0,0,0,0,0,0,7389926155.178375,131798220.0,0.2743,-0.206,7722082,8224502,0,38.1,-0.5,2026-06-11
589,WWD,Industrials,Aerospace & Defense,NASDAQ,787033,367.27,115.51,1,12,-9.76,67.3,91.2,7.8,8.6,5.3,21.2,81,80,91,87,66.4,0,0,0,0,0,0,21315172112.276123,59582861.0,0.026099999,0.234,792741,762930,1,81.1,4.3,2026-06-11
590,ACDC,Energy,Oil & Gas Equipment & Services,NASDAQ,1447205,7.39,115.44,0,2,-30.93,121.6,52.9,-0.4,-1.6,2.9,37.7,81,81,83,14,1.6,0,0,0,0,0,0,1253780787.2328944,180920753.0,0.0481,-0.251,1554825,1357569,0,44.9,52.9,2026-06-11
591,ELV,Healthcare,Healthcare Plans,NYSE,1684446,404.56,115.37,6,-43,-2.88,45.3,83.1,-1.4,-0.0,9.2,17.7,81,75,26,42,12.9,0,0,0,0,0,0,90237483496.3092,217162380.0,0.031400003,0.026,1813330,1719206,0,39.0,42.6,2026-06-11
592,NOVT,Technology,Scientific & Technical Instruments,NASDAQ,532137,154.58,115.33,3,-33,-10.05,63.7,91.1,0.1,2.1,14.5,28.9,81,78,42,34,36.2,0,0,0,0,0,0,5565777047.726715,35611858.0,0.1397,0.104,567901,448398,0,47.6,33.3,2026-06-11
593,WBI,Energy,Oil & Gas Equipment & Services,NYSE,655622,30.25,115.3,6,-4,-5.17,62.6,94.7,2.3,1.2,6.8,,81,75,65,26,,0,0,0,0,0,0,1384152802.0692844,47016059.0,0.0947,1.053,562636,679471,0,55.3,,2026-06-11
594,SILA,Real Estate,REIT - Healthcare Facilities,NYSE,653116,30.29,115.21,3,-13,-1.11,37.3,96.4,0.1,-0.1,4.4,19.2,81,78,62,36,32.2,0,0,0,0,0,0,1671043214.5,55241098.0,0.0114,0.091,543799,850279,0,52.1,32.9,2026-06-11
595,EXEL,Healthcare,Biotechnology,NASDAQ,2756233,52.58,115.21,5,-15,-0.76,54.9,100.0,3.5,5.1,12.2,24.1,81,76,56,62,37.0,0,0,0,0,0,0,13246413065.86871,251355083.0,0.16379999,0.1,2622169,2581717,0,57.7,24.3,2026-06-11
596,SWBI,Industrials,Aerospace & Defense,NASDAQ,511724,14.28,115.14,-7,-8,-9.56,89.3,88.3,-1.7,-2.9,-2.1,25.6,81,88,87,63,48.8,0,0,0,0,0,0,659397302.1415863,44493746.0,0.0336,0.171,667483,528656,0,71.7,24.7,2026-06-11
597,IMPP,Energy,Oil & Gas Midstream,NASDAQ,626050,5.28,115.09,-5,-8,-19.63,77.8,68.3,1.8,1.7,9.0,16.8,81,86,83,72,69.2,0,0,0,0,0,0,224711870.77379704,45213658.0,0.1035,0.923,458090,590448,0,77.5,11.5,2026-06-11
598,AROC,Energy,Oil & Gas Equipment & Services,NYSE,1774415,35.69,115.07,-3,1,-11.04,64.0,78.9,4.4,0.6,-0.9,20.6,81,84,88,48,53.8,0,0,0,0,0,0,5993946716.913986,175261596.0,0.0542,0.077,1732857,1620463,0,68.5,21.9,2026-06-11
599,PII,Consumer Cyclical,Recreational Vehicles,NYSE,844453,66.51,115.04,8,-15,-11.61,76.6,87.7,1.6,3.3,10.1,9.9,81,73,50,87,63.7,0,0,0,0,0,0,3757900053.137756,56886167.0,0.1337,0.075,731951,1324606,0,68.4,4.1,2026-06-11
600,SFL,Industrials,Marine Shipping,NYSE,1371178,11.14,115.02,-5,-9,-13.91,63.6,73.0,1.1,-4.1,-2.2,20.7,81,86,82,29,38.8,0,0,0,0,0,0,1457600917.713272,132992784.0,0.0301,-0.067,1204455,1287247,0,58.9,35.4,2026-06-11
601,OVV,Energy,Oil & Gas E&P,NYSE,3676901,57.94,115.0,-4,-3,-8.7,57.2,75.8,-2.0,-2.6,-2.3,20.8,81,85,86,31,52.8,0,0,0,0,0,0,15933754891.100178,281018601.0,0.045,0.085,2666924,3576706,0,63.7,26.8,2026-06-11
602,HLX,Energy,Oil & Gas Equipment & Services,NYSE,1583714,9.63,114.96,-2,-3,-10.42,71.4,83.9,2.0,-0.3,-0.1,22.5,81,83,82,27,50.7,0,0,0,0,0,0,1361813776.546835,147382447.0,0.0685,0.036,1175733,1753220,0,60.7,27.4,2026-06-11
603,FLOC,Energy,Oil & Gas Equipment & Services,NYSE,704409,23.98,114.93,-3,-8,-15.15,66.5,68.4,1.2,-5.7,-2.2,18.6,81,84,79,33,46.5,0,0,0,0,0,0,969484087.9237212,41824162.0,0.0582,0.089,732629,721049,0,60.6,29.5,2026-06-11
604,CLF,Basic Materials,Steel,NYSE,17453972,12.41,114.88,24,-6,-25.69,98.1,73.3,1.1,10.6,26.2,17.5,81,57,27,84,67.3,0,0,0,0,0,0,7717710156.892854,570414657.0,0.1391,0.063,21299708,17640327,0,58.8,-7.6,2026-06-11
605,PSX,Energy,Oil & Gas Refining & Marketing,NYSE,2349857,181.72,114.86,1,6,-4.66,50.5,85.4,-1.8,-0.5,3.3,18.3,81,80,85,58,57.0,0,0,0,0,0,0,73403184195.73395,400935020.0,0.0247,0.069,1975512,2603318,0,70.0,15.4,2026-06-11
606,LLY,Healthcare,Drug Manufacturers - General,NYSE,3514299,1136.37,114.86,10,10,-2.57,85.6,100.0,3.9,7.5,16.9,21.4,81,71,71,85,52.9,0,0,0,0,0,0,1008934100764.3748,891741406.0,0.0095,0.555,3614317,3278169,0,70.0,6.2,2026-06-11
607,TROX,Basic Materials,Chemicals,NYSE,3111136,7.15,114.85,-11,-20,-32.48,168.7,63.9,0.5,-0.9,-12.0,27.0,81,92,83,16,37.6,0,0,0,0,0,0,1170906874.301445,159524094.0,0.1531,0.03,2446668,2979995,1,57.1,43.3,2026-06-11
608,BAP,Financial Services,Banks - Regional,NYSE,536442,351.66,114.78,4,15,-7.51,70.4,95.7,8.6,9.8,10.5,21.5,80,76,87,83,66.7,0,0,0,0,0,0,25622082232.5,79448317.0,0.023699999,0.256,833567,496739,0,78.2,2.1,2026-06-11
609,RHP,Real Estate,REIT - Hotel & Motel,NYSE,640698,118.67,114.7,15,-8,-0.87,41.4,100.0,3.4,6.4,13.3,24.2,80,65,42,44,30.8,0,0,0,0,0,0,7511896569.122314,63109272.0,0.0387,0.132,493045,590317,0,45.5,23.6,2026-06-11
610,SHO,Real Estate,REIT - Hotel & Motel,NYSE,1939500,11.43,114.7,14,-4,-1.38,37.8,100.0,3.3,6.8,14.7,23.4,80,66,48,34,40.1,0,0,0,0,0,0,2138623694.322624,186291270.0,0.0001,0.11,1802691,1836572,0,47.0,21.1,2026-06-11
611,FIGS,Consumer Cyclical,Apparel Manufacturing,NYSE,3520580,11.48,114.66,-9,-1,-34.32,124.3,51.7,-3.2,-5.3,-16.6,1.1,80,89,97,95,81.3,0,0,0,0,0,0,1982850873.992959,167047253.0,0.145,0.28,2366340,3252154,2,90.6,1.8,2026-06-11
612,DAVE,Technology,Software - Application,NASDAQ,591862,270.9,114.61,0,3,-7.83,83.1,100.0,5.5,11.0,16.4,31.9,80,80,83,88,38.1,0,0,0,0,0,0,3283454287.75,12714247.0,0.1742,0.467,849648,588189,0,72.3,19.1,2026-06-11
613,TGT,Consumer Defensive,Discount Stores,NYSE,5418267,127.98,114.6,7,14,-3.85,58.5,100.0,5.6,5.8,5.8,24.5,80,73,80,43,42.9,0,0,0,0,0,0,55670204459.23187,454191112.0,0.0317,0.067,4145922,5108766,0,59.7,20.4,2026-06-11
614,UBS,Financial Services,Banks - Diversified,NYSE,2392494,46.77,114.55,6,-22,-5.25,58.4,94.4,1.4,2.2,8.3,14.1,80,74,46,83,56.5,0,0,0,0,0,0,154089615257.95288,3277805164.0,0.0022,0.138,2276912,2460576,0,64.9,9.7,2026-06-11
615,BEP,Utilities,Utilities - Renewable,NYSE,1068768,35.27,114.49,3,3,-7.48,45.5,85.1,-2.9,-1.4,2.0,17.4,80,77,77,70,46.0,0,0,0,0,0,0,11075638380.62872,303275965.0,0.0054,-0.042,889236,908739,0,67.5,16.9,2026-06-11
616,ASPN,Industrials,Building Products & Equipment,NYSE,1795093,5.44,114.46,8,-45,-44.38,122.6,50.4,-2.9,-1.2,23.1,21.9,80,72,19,5,4.7,0,0,0,0,0,0,467428823.85466623,82877453.0,0.1104,-0.519,1355289,1657673,0,25.2,52.3,2026-06-11
617,SUNC,Energy,Oil & Gas Midstream,NYSE,575335,66.12,114.39,-3,-7,-9.72,37.0,72.9,-0.9,-3.7,0.3,,80,83,79,42,,0,0,0,0,0,0,3447530795.829193,51517198.0,0.0297,1.064,439225,518513,0,68.0,,2026-06-11
618,AUPH,Healthcare,Biotechnology,NASDAQ,1295256,15.66,114.31,-1,0,-7.23,112.2,93.6,1.0,1.7,0.7,9.5,80,81,82,91,75.0,0,0,0,0,0,0,2037050488.2630577,128601671.0,0.077800006,0.244,1271189,1207133,1,82.3,0.9,2026-06-11
619,BVN,Basic Materials,Other Precious Metals & Mining,NYSE,1242677,30.68,114.3,-11,-8,-31.32,104.7,60.6,-0.7,-2.8,-4.8,8.5,80,91,94,93,76.5,0,0,0,0,0,0,7685642653.55298,253986867.0,0.0292,1.03,1332113,1294436,3,88.6,6.6,2026-06-11
620,VALE,Basic Materials,Other Industrial Metals & Mining,NYSE,23937675,14.93,114.3,-5,-1,-16.78,69.5,71.9,-2.1,-4.3,-6.9,8.9,80,85,89,86,62.1,0,0,0,0,0,0,64927787245.43436,4263150965.0,0.0117,0.027,22647817,24410257,0,80.5,10.9,2026-06-11
621,FTAI,Industrials,Aerospace & Defense,NASDAQ,1290178,225.76,114.27,-9,-6,-30.22,119.9,65.7,-0.1,-0.9,-2.7,10.7,80,89,92,77,77.4,0,0,0,0,0,0,24009544909.658382,102582972.0,0.10560001,0.655,945766,1273187,1,83.8,7.9,2026-06-11
622,PAGP,Energy,Oil & Gas Midstream,NASDAQ,1828427,24.63,114.18,2,4,-5.81,44.7,82.9,-0.9,-1.8,1.4,17.4,80,78,80,45,41.6,0,0,0,0,0,0,4840734691.853363,197904124.0,0.08,0.087,1451081,1826386,0,61.2,24.6,2026-06-11
623,CRSR,Technology,Computer Hardware,NASDAQ,3480739,8.63,114.16,8,-48,-34.12,95.4,57.8,-9.8,0.4,19.5,30.2,80,72,16,15,5.5,0,0,0,0,0,0,963008745.5733968,106882211.0,0.122,-0.041,6417128,2423147,0,27.1,50.2,2026-06-11
624,FCX,Basic Materials,Copper,NYSE,13497906,62.08,114.06,-4,-3,-13.89,87.7,85.2,-0.2,2.7,3.9,23.5,80,84,85,69,60.8,0,0,0,0,0,0,91098167109.5704,1437559865.0,0.020499999,0.088,13444350,14827718,0,74.7,14.5,2026-06-11
625,TFSL,Financial Services,Banks - Regional,NASDAQ,939481,16.69,113.9,15,14,1.09,33.7,100.0,3.1,5.1,10.0,18.3,80,65,64,69,38.3,0,0,0,0,0,0,4604695776.615274,280432141.0,0.16219999,0.098,937233,842110,0,59.1,12.6,2026-06-11
626,BBAR,Financial Services,Banks - Regional,NYSE,694785,17.66,113.88,55,62,-17.4,153.6,93.5,10.8,19.4,26.1,35.3,80,25,32,86,18.9,0,0,0,0,0,0,3574142127.5,204236693.0,0.048499998,0.261,654275,629721,0,40.5,-9.8,2026-06-11
627,AMLX,Healthcare,Drug Manufacturers - Specialty & Generic,NASDAQ,1179817,13.46,113.81,-10,-4,-27.65,177.1,66.6,1.9,2.2,-8.7,-0.0,80,90,96,96,84.7,0,0,0,0,0,0,1481001708.5086288,111186317.0,0.1689,,1280412,1163994,3,91.7,0.8,2026-06-11
628,RMAX,Real Estate,Real Estate Services,NYSE,556581,9.16,113.72,2,-61,-21.17,59.2,59.5,-2.1,-2.4,6.0,12.2,80,78,15,22,19.9,0,0,0,0,0,0,193430937.36029148,21232815.0,0.061300002,-0.057,225503,814124,0,33.7,46.6,2026-06-11
629,CX,Basic Materials,Building Materials,NYSE,4867565,11.8,113.71,-3,-4,-13.68,88.4,87.5,0.6,-0.0,2.4,13.4,80,83,82,92,72.0,0,0,0,0,0,0,17993617474.219875,1442952453.0,1.82,0.112,4083416,5302259,1,82.3,3.8,2026-06-11
630,CCRN,Healthcare,Medical Care Facilities,NASDAQ,922616,13.18,113.71,3,-47,-12.07,75.2,84.2,0.3,0.5,14.5,22.3,80,77,27,9,10.8,0,0,0,0,0,0,408687742.7829437,31008174.0,0.028499998,-0.178,433058,685257,0,30.9,51.7,2026-06-11
631,LAUR,Consumer Defensive,Education & Training Services,NASDAQ,1254722,36.49,113.7,13,30,-3.75,74.2,100.0,10.7,12.9,14.6,17.7,80,67,84,88,68.8,0,0,0,0,0,0,4734065691.262016,139978289.0,0.0512,0.154,1303768,1281673,0,77.0,-6.8,2026-06-11
632,IRM,Real Estate,REIT - Specialty,NYSE,1569745,123.36,113.7,0,-1,-8.0,58.7,87.0,-1.0,-0.9,3.4,21.9,80,80,79,23,34.4,0,0,0,0,0,0,37089427823.02792,297524681.0,0.0337,0.216,1404336,1507715,0,54.1,34.3,2026-06-11
633,CFG,Financial Services,Banks - Regional,NYSE,4088235,64.96,113.7,8,12,-5.57,64.9,94.2,4.5,5.7,4.8,14.0,80,72,76,82,61.5,0,0,0,0,0,0,27055986455.58001,422881942.0,0.0002,0.138,5055666,4436087,0,72.9,2.9,2026-06-11
634,NVCR,Healthcare,Medical Devices,NASDAQ,1865543,16.65,113.63,-9,-70,-13.51,76.6,91.1,4.7,2.6,18.1,33.9,80,89,28,18,7.6,0,0,0,0,0,0,1987487312.727127,115820940.0,0.0999,0.123,1533410,1560130,0,35.7,61.0,2026-06-11
635,KNSA,Healthcare,Drug Manufacturers - Specialty & Generic,NASDAQ,587610,49.27,113.6,-10,-11,-17.71,95.9,76.2,5.7,0.5,1.9,18.6,80,90,89,90,68.4,0,0,0,0,0,0,3725338593.842285,76938016.0,0.0836,0.555,532610,682652,2,84.4,10.9,2026-06-11
636,MUFG,Financial Services,Banks - Diversified,NYSE,3031419,19.67,113.55,11,12,-2.77,51.1,100.0,2.6,3.7,8.6,18.5,80,69,70,69,55.7,0,0,0,0,0,0,224522797125.67377,11276885929.0,0.0007,,3059777,3134897,0,65.9,6.6,2026-06-11
637,CNO,Financial Services,Insurance - Life,NYSE,790098,49.63,113.54,11,-4,3.12,40.8,100.0,4.9,5.6,10.4,18.9,80,69,54,67,43.0,0,0,0,0,0,0,4472326764.486149,93348503.0,0.0001,0.025,859415,706639,0,58.3,14.9,2026-06-11
638,PR,Energy,Oil & Gas E&P,NYSE,11259492,19.73,113.42,-5,-3,-12.99,59.3,68.7,-1.7,-3.5,-5.6,17.6,80,85,87,45,47.7,0,0,0,0,0,0,16050813400.960014,837288124.0,0.0251,0.009,7922808,11805541,0,66.2,26.5,2026-06-11
639,KEX,Industrials,Marine Shipping,NYSE,614076,139.56,113.38,0,-1,-11.5,75.5,83.1,-1.1,-2.3,-2.5,18.7,79,79,78,67,35.3,0,0,0,0,0,0,7542225763.183594,53472000.0,0.0353,0.074,517449,642149,0,64.8,24.3,2026-06-11
640,PAA,Energy,Oil & Gas Midstream,NASDAQ,2873451,22.73,113.27,1,2,-6.31,41.8,79.9,-1.1,-2.2,0.7,15.9,79,78,79,47,38.5,0,0,0,0,0,0,15945016327.53898,705531684.0,0.0235,0.087,2010863,2917628,0,60.6,25.9,2026-06-11
641,GKOS,Healthcare,Medical Devices,NYSE,1227425,122.49,113.25,-5,-41,-17.3,66.4,71.5,6.0,0.4,-0.3,16.2,79,84,48,71,41.2,0,0,0,0,0,0,7341738875.0,58733911.0,0.0682,0.412,1400567,981403,0,61.1,27.6,2026-06-11
642,KYMR,Healthcare,Biotechnology,NASDAQ,551856,78.23,113.19,-11,-11,-24.05,120.2,79.0,8.4,5.4,0.2,14.6,79,90,90,95,67.2,0,0,0,0,0,0,6097754772.512787,82257588.0,0.157,0.555,622579,541797,3,85.5,10.4,2026-06-11
643,RRX,Industrials,Specialty Industrial Machinery,NYSE,1113031,200.45,113.15,0,7,-15.19,64.1,80.4,1.2,3.6,2.7,23.0,79,79,86,48,54.8,0,0,0,0,0,0,13606820314.891573,66569573.0,0.0468,0.043,906924,1088384,0,66.9,17.6,2026-06-11
644,PUBM,Technology,Software - Application,NASDAQ,746705,11.18,113.12,2,-43,-19.45,79.5,67.5,-2.8,3.1,12.3,29.6,79,77,32,27,8.2,0,0,0,0,0,0,535955968.72832775,46443325.0,0.0674,-0.02,708156,689313,0,36.0,48.9,2026-06-11
645,DXYZ,Financial Services,Asset Management,NYSE,6144322,36.06,113.1,-13,-84,-50.51,85.9,35.5,-8.6,-19.6,-3.7,26.1,79,92,21,23,6.4,0,0,0,0,0,0,1273160126.4521484,30465664.0,0.049000002,,5621616,4401703,1,35.6,63.7,2026-06-11
646,CFFN,Financial Services,Banks - Regional,NASDAQ,748934,8.07,113.09,4,1,1.25,42.2,100.0,3.6,4.6,5.9,16.7,79,75,72,75,47.4,0,0,0,0,0,0,976482808.7369862,124392716.0,0.062800005,0.134,636923,808898,0,67.3,14.1,2026-06-11
647,TPR,Consumer Cyclical,Luxury Goods,NYSE,2653220,140.92,112.98,9,29,-13.0,84.2,81.5,2.7,4.7,2.2,12.8,79,70,90,89,71.4,0,0,0,0,0,0,28306465664.58307,202044714.0,0.09060001,0.212,2645442,2246260,1,80.1,-6.5,2026-06-11
648,TGEN,Industrials,Electrical Equipment & Parts,NYSE ARCA,588674,5.32,112.98,51,36,-55.92,185.5,36.8,-7.7,-6.3,17.2,0.2,79,28,13,90,5.8,0,0,0,0,0,0,171729037.63232422,29917952.0,0.0523,-0.129,410583,564926,1,34.2,0.2,2026-06-11
649,COKE,Consumer Defensive,Beverages - Non-Alcoholic,NASDAQ,654915,191.08,112.92,1,14,-13.01,76.2,72.5,4.1,5.7,-0.2,15.2,79,78,91,87,65.8,0,0,0,0,0,0,11975582377.305723,66564294.0,0.0643,0.083,521066,558425,1,80.5,3.0,2026-06-11
650,FANG,Energy,Oil & Gas E&P,NASDAQ,2506246,196.55,112.84,-2,-4,-8.37,42.4,72.1,-3.2,-3.8,-2.4,15.5,79,81,79,47,42.8,0,0,0,0,0,0,54186565894.53992,281313297.0,0.0545,0.042,3007708,2758299,0,62.5,26.1,2026-06-11
651,VOD,Communication Services,Telecom Services,NASDAQ,4096179,15.05,112.78,1,8,-9.39,55.7,83.7,1.9,1.8,-0.7,11.9,79,78,85,83,59.7,0,0,0,0,0,0,33849309242.399765,2302674128.0,0.0044,,3414019,3982635,0,76.4,7.5,2026-06-11
652,PGNY,Healthcare,Healthcare Plans,NASDAQ,1688670,25.89,112.76,21,-16,-9.95,57.4,77.1,-0.0,2.0,21.1,16.6,79,58,21,83,23.6,0,0,0,0,0,0,2025675136.0102844,78332370.0,0.096999995,0.014,1440570,1527878,0,46.4,15.9,2026-06-11
653,FUN,Consumer Cyclical,Leisure,NYSE,2156720,23.14,112.73,49,42,-31.13,90.1,57.5,12.4,16.7,23.2,30.0,79,30,23,7,1.6,0,0,0,0,0,0,2117665608.0621223,102203942.0,0.2048,0.117,2038312,1965126,0,15.4,19.5,2026-06-11
654,SGHC,Consumer Cyclical,Gambling,NYSE,3981556,13.72,112.68,-4,-23,-4.59,62.2,95.2,5.8,4.7,11.0,18.7,79,83,64,85,56.3,0,0,0,0,0,0,6574513423.522495,508076788.0,0.1197,0.184,3672380,3725194,0,72.1,14.9,2026-06-11
655,IMO,Energy,Oil & Gas Integrated,NYSE ARCA,590746,120.26,112.67,-6,-1,-13.76,56.1,71.5,-1.0,-4.8,-5.3,13.4,79,85,90,63,62.8,0,0,0,0,0,0,60523806193.65994,497237969.0,0.17899999,-0.004,647609,578307,1,75.2,15.0,2026-06-11
656,HUN,Basic Materials,Chemicals,NYSE,4923922,14.23,112.55,-2,-23,-10.5,103.2,95.2,2.9,4.1,6.8,31.7,79,81,60,22,35.2,0,0,0,0,0,0,2491710888.209038,175349112.0,0.1735,0.007,3706156,4879803,0,49.6,36.8,2026-06-11
657,MRK,Healthcare,Drug Manufacturers - General,NYSE,9834027,119.09,112.51,4,12,-4.83,55.6,93.2,2.0,2.9,3.9,15.4,79,75,83,72,56.2,0,0,0,0,0,0,298330093349.0418,2469824415.0,0.0117999995,0.049,11593861,9496758,0,71.6,9.2,2026-06-11
658,GRAL,Healthcare,Diagnostics & Research,NASDAQ,793203,58.59,112.47,15,-8,-50.7,91.5,34.0,-3.7,-6.2,4.0,-15.0,79,64,41,98,51.9,0,0,0,1,0,1,2574137228.494343,42916593.0,0.1694,0.281,1137009,782303,1,63.7,1.5,2026-06-11
659,AUR,Consumer Cyclical,Auto Parts,NASDAQ,34275418,6.05,112.47,-5,-64,-29.36,58.4,47.5,-11.0,-14.4,-1.5,18.3,79,84,25,12,10.3,0,0,0,0,0,0,12375191379.36906,1961203089.0,0.1732,,35746085,27807627,0,32.8,57.2,2026-06-11
660,KRG,Real Estate,REIT - Retail,NYSE,1965782,28.84,112.32,6,7,3.26,38.7,100.0,4.6,6.6,9.8,20.0,79,73,74,57,38.4,0,0,0,0,0,0,5622912905.639238,203066551.0,0.096599996,-0.092,1733268,1928181,0,60.6,20.4,2026-06-11
661,LTH,Consumer Cyclical,Leisure,NYSE,3295345,33.4,112.31,6,-26,-5.46,41.8,100.0,6.5,5.9,15.0,25.1,79,73,41,36,36.6,0,0,0,0,0,0,7210102547.954071,222602738.0,0.060900003,0.117,2122027,2745679,0,46.6,28.8,2026-06-11
662,CON,Healthcare,Medical Care Facilities,NYSE,899559,26.61,112.26,9,7,-0.17,45.6,100.0,6.6,6.3,14.0,24.4,79,70,68,34,34.5,0,0,0,0,0,0,3239992230.549164,127961780.0,0.031,0.137,815658,763585,0,51.6,25.2,2026-06-11
663,USAR,Basic Materials,Other Industrial Metals & Mining,NASDAQ,18383196,20.33,112.21,-12,-22,-53.77,134.8,44.5,-10.4,-9.2,-1.6,14.7,78,90,80,54,69.7,0,0,0,0,0,0,5497492662.695841,244659227.0,0.1174,,18028319,17613415,1,73.4,18.3,2026-06-11
664,UAMY,Basic Materials,Other Industrial Metals & Mining,NYSE,12585805,6.86,112.19,-17,-13,-65.2,272.1,34.6,-11.9,-13.2,-22.7,-10.7,78,95,99,93,86.0,0,0,1,0,0,1,1142511151.2728329,148185622.0,0.21290001,-0.031,9469805,11919025,3,93.2,4.5,2026-06-11
665,BNS,Financial Services,Banks - Diversified,NYSE,2066723,81.56,112.16,3,2,-0.8,53.6,100.0,2.3,3.6,7.4,15.9,78,75,74,84,58.5,0,0,0,0,0,0,98772679566.6504,1226076000.0,2.95,0.126,2243231,2547950,0,72.9,6.5,2026-06-11
666,ROKU,Communication Services,Entertainment,NASDAQ,2531651,116.94,112.15,-9,-30,-12.38,60.8,78.7,-3.3,-4.2,1.1,15.1,78,87,66,83,56.8,0,0,0,0,0,0,18057038312.76789,147693751.0,0.0926,0.224,2285905,2489407,0,73.2,18.0,2026-06-11
667,NEXT,Energy,Oil & Gas Equipment & Services,NASDAQ,2950794,8.43,112.15,-2,-50,-30.45,72.1,48.1,-0.9,-2.3,3.3,23.5,78,80,32,14,9.5,0,0,0,0,0,0,2260390108.3492384,264992987.0,0.1527,,2192414,3547960,0,33.9,53.2,2026-06-11
668,FRT,Real Estate,REIT - Retail,NYSE,997437,123.62,112.13,6,2,0.02,37.6,100.0,2.6,4.4,8.8,19.3,78,72,68,48,38.8,0,0,0,0,0,0,10587859773.408876,86389197.0,0.0001,0.103,1099842,958268,0,56.7,21.8,2026-06-11
669,EXPD,Industrials,Integrated Freight & Logistics,NYSE,1238597,164.71,112.12,11,12,-1.48,49.4,100.0,3.0,4.2,8.9,16.1,78,67,68,81,53.6,0,0,0,0,0,0,20984129697.83429,130791133.0,0.0469,0.044,1524892,1135668,0,67.4,3.8,2026-06-11
670,SIRI,Communication Services,Entertainment,NASDAQ,5563624,27.59,112.04,2,-17,-8.37,38.5,77.1,-1.6,-1.2,3.8,20.0,78,76,57,38,30.4,0,0,0,0,0,0,9092104548.406187,336619936.0,0.1453,0.011,7218142,5726066,0,50.4,32.3,2026-06-11
671,JEF,Financial Services,Capital Markets,NYSE,1944257,57.9,111.97,45,25,-18.5,65.6,68.8,6.8,10.6,19.1,8.6,78,33,13,36,22.2,0,0,0,0,0,0,11384834896.08495,204432307.0,0.025799999,0.266,1544241,1993444,0,26.0,6.8,2026-06-11
672,STOK,Healthcare,Biotechnology,NASDAQ,540049,28.48,111.97,-15,-12,-29.19,158.7,66.7,-0.8,-2.1,-9.4,-3.7,78,93,96,98,86.8,0,0,0,1,0,1,1869072480.8051395,62281655.0,0.2157,-0.961,492289,552801,3,93.5,1.8,2026-06-11
673,HSBC,Financial Services,Banks - Diversified,NYSE,1798058,86.16,111.9,-1,1,-9.88,55.3,87.8,-1.1,-1.0,0.3,13.7,78,79,81,81,58.2,0,0,0,0,0,0,311411495077.23645,3429641901.0,3.69,0.033,2173244,1840860,0,74.8,9.8,2026-06-11
674,ROK,Industrials,Specialty Industrial Machinery,NYSE,776940,440.07,111.84,0,-13,-5.99,44.0,96.0,0.5,1.6,7.3,17.2,78,78,65,83,50.4,0,0,0,0,0,0,49707186593.802765,111273953.0,0.0337,0.119,675890,741846,0,69.1,14.1,2026-06-11
675,QBTS,Technology,Computer Hardware,NYSE,38958805,23.25,111.81,0,-22,-50.27,83.5,34.1,-10.0,-5.4,10.9,0.7,78,78,56,97,50.4,0,0,0,1,0,1,8835117445.813618,370445170.0,0.1548,-0.809,39171397,36219633,1,70.3,12.2,2026-06-11
676,VOR,Healthcare,Biotechnology,NASDAQ,794169,13.0,111.8,-14,-18,-80.24,287.1,21.0,2.3,-1.2,-6.5,-24.1,78,92,88,83,90.2,0,0,0,0,0,0,713086133.0518913,54185877.0,0.1014,,685188,996557,2,88.3,3.1,2026-06-11
677,CMC,Industrials,Metal Fabrication,NYSE,974292,73.57,111.78,13,13,-13.31,60.7,84.3,2.8,5.0,11.2,16.4,78,65,65,84,58.6,0,0,0,0,0,0,8222299692.80072,110887384.0,0.077199996,0.215,1081938,985009,0,68.2,-0.6,2026-06-11
678,SRTA,Healthcare,Medical Care Facilities,NASDAQ,1028252,5.48,111.72,-1,-16,-15.69,49.2,64.9,-7.6,-6.2,5.8,11.9,78,79,64,80,42.4,0,0,0,0,0,0,500988836.9992733,86526570.0,0.1014,0.874,913667,903439,0,66.3,19.6,2026-06-11
679,CNK,Communication Services,Entertainment,NYSE,2187749,33.05,111.71,41,51,0.3,55.1,100.0,9.0,17.6,17.8,26.7,78,37,47,22,16.8,0,0,0,0,0,0,3647281660.108807,116787759.0,0.1417,0.189,2584318,2128377,0,30.7,12.1,2026-06-11
680,FSLR,Technology,Solar,NASDAQ,3036703,249.27,111.69,14,6,-22.33,88.7,73.0,-6.2,0.4,17.9,17.1,78,64,56,90,65.0,0,0,0,0,0,0,29980563859.979248,107453363.0,0.105299994,0.236,3496331,2612984,1,68.7,-4.9,2026-06-11
681,XPRO,Energy,Oil & Gas Equipment & Services,NYSE,1025317,16.41,111.66,-1,7,-12.39,97.9,80.0,3.3,2.8,-0.5,9.4,78,79,87,70,68.2,0,0,0,0,0,0,1744019465.5170605,113395283.0,0.0698,-0.06,1157532,1068888,0,76.1,6.4,2026-06-11
682,APH,Technology,Electronic Components,NYSE,11548785,149.22,111.61,19,47,-10.67,64.8,81.3,3.3,9.7,9.2,12.7,78,59,87,88,65.1,0,0,0,0,0,0,170768840306.94794,1230234445.0,0.0147,0.584,10400705,9783337,0,74.8,-11.7,2026-06-11
683,TRP,Energy,Oil & Gas Midstream,NYSE,2233545,68.78,111.61,1,5,-3.76,48.8,93.4,1.8,1.0,5.8,18.7,78,77,81,66,49.6,0,0,0,0,0,0,71548550735.20203,1041766896.0,6.27,0.066,1989235,2489677,0,68.4,15.5,2026-06-11
684,WYFI,Technology,Information Technology Services,NASDAQ,1793129,22.82,111.6,-6,-58,-44.0,127.7,48.6,-7.1,-10.2,15.9,16.3,78,84,32,22,,0,0,0,0,0,0,898552823.9961853,38614216.0,0.3413,0.306,988959,1380107,0,46.0,,2026-06-11
685,F,Consumer Cyclical,Auto Manufacturers,NYSE,75128812,14.3,111.55,36,50,-19.57,41.2,61.1,-5.2,-1.5,10.4,13.7,78,42,56,83,48.7,0,0,0,0,0,0,59371918666.96039,3984692630.0,0.0,0.064,73098496,59522993,0,57.4,-13.0,2026-06-11
686,GM,Consumer Cyclical,Auto Manufacturers,NYSE,7752369,79.4,111.46,5,10,-9.38,68.1,85.6,-1.7,1.0,3.3,9.6,78,73,78,90,65.3,0,0,0,0,0,0,74035729711.78276,901665195.0,0.0242,-0.009,9197377,7131507,1,76.6,-0.0,2026-06-11
687,VET,Energy,Oil & Gas E&P,NYSE,1509867,11.38,111.43,-9,-6,-23.21,58.6,56.3,-2.6,-6.0,-9.4,12.9,78,87,90,42,54.7,0,0,0,0,0,0,1737288023.3764648,153200000.0,8.58,0.099,1444201,1653828,1,68.4,24.8,2026-06-11
688,BUD,Consumer Defensive,Beverages - Brewers,NYSE,1935145,81.26,111.4,6,7,-3.79,44.1,93.7,2.9,1.5,5.9,19.6,78,72,73,62,27.0,0,0,0,0,0,0,151920531115.0,1935293390.0,0.0058999998,0.12,2013227,1855827,0,58.5,24.4,2026-06-11
689,GVA,Industrials,Engineering & Construction,NYSE,796555,135.76,111.36,-2,-1,-6.37,56.6,92.4,0.2,1.8,5.0,16.7,78,80,81,80,59.4,0,0,0,0,0,0,6183596170.658661,43746699.0,0.1521,0.304,748245,673529,0,75.1,10.2,2026-06-11
690,SN,Consumer Cyclical,"Furnishings, Fixtures & Appliances",NYSE,2561352,128.22,111.32,39,55,-4.31,65.1,100.0,9.2,15.6,18.0,23.1,78,39,55,69,57.6,0,0,0,0,0,0,16956971768.591408,141520379.0,0.11229999,0.156,2539538,2111821,0,55.2,-16.9,2026-06-11
691,KW,Real Estate,Real Estate Services,NYSE,1209563,11.03,111.3,-3,0,-0.54,67.3,97.8,-0.6,-0.6,-0.1,11.0,78,81,84,74,63.0,0,0,0,0,0,0,1533729089.633989,139303275.0,0.048600003,-0.008,1300991,1043972,0,75.5,10.1,2026-06-11
692,ZD,Communication Services,Advertising Agencies,NASDAQ,586195,45.8,111.27,1,-1,-9.4,72.5,88.5,-0.5,3.1,2.4,19.6,78,77,75,28,44.5,0,0,0,0,0,0,1687429724.585724,36835400.0,0.19559999,-0.019,568495,585737,0,56.1,26.3,2026-06-11
693,FMX,Consumer Defensive,Beverages - Brewers,NYSE,534639,123.65,111.22,0,-16,-1.64,53.4,100.0,5.1,5.3,7.8,22.1,78,78,62,66,31.4,0,0,0,0,0,0,41862937852.1304,340681468.0,2.67,0.061,549558,485161,0,59.4,27.3,2026-06-11
694,SVRA,Healthcare,Biotechnology,NASDAQ,1430262,5.09,111.18,-5,1,-27.34,158.3,65.9,2.2,3.2,-0.4,4.8,78,83,89,96,82.8,0,0,0,0,0,0,1043079540.349411,204927212.0,0.1592,,1922097,1367471,1,87.7,-3.1,2026-06-11
695,ASH,Basic Materials,Specialty Chemicals,NYSE,1155791,64.87,111.17,26,12,-1.19,38.0,100.0,10.3,13.2,16.2,17.9,78,52,38,62,34.1,0,0,0,0,0,0,2573273102.333301,45787777.0,0.1263,0.006,1068773,929372,0,46.5,8.3,2026-06-11
696,CRI,Consumer Cyclical,Apparel Retail,NYSE,1054982,39.33,111.1,27,39,-11.5,75.8,86.5,6.1,9.4,13.0,22.5,78,51,63,33,39.1,0,0,0,0,0,0,1407305917.6240654,36850117.0,0.1038,0.081,811018,1061613,0,46.5,8.4,2026-06-11
697,EWBC,Financial Services,Banks - Regional,NASDAQ,801261,128.09,111.09,10,-3,0.45,42.2,100.0,4.1,5.3,7.4,16.1,78,68,55,72,47.1,0,0,0,0,0,0,17253309570.74353,136996262.0,0.028299998,0.141,726723,869272,0,60.5,11.0,2026-06-11
698,IMAX,Communication Services,Entertainment,NYSE,1237431,42.18,111.07,17,36,-2.27,71.8,96.1,5.0,10.6,13.1,18.0,78,61,80,83,59.1,0,0,0,0,0,0,2143969339.42807,55015891.0,0.1715,-0.061,827875,1161543,0,70.8,-5.3,2026-06-11
699,CURB,Real Estate,REIT - Retail,NYSE,791286,29.63,111.06,7,12,0.47,36.5,100.0,2.1,3.8,6.7,19.1,78,71,76,47,40.4,0,0,0,0,0,0,3089136647.1920776,105539344.0,0.1841,0.499,953228,783107,0,58.6,19.6,2026-06-11
700,AMX,Communication Services,Telecom Services,NYSE,1349865,25.43,111.03,-3,-1,-8.53,62.7,100.0,8.4,6.5,5.4,19.8,77,80,82,79,63.3,0,0,0,0,0,0,74619360458.37402,3004000000.0,0.0046,0.021,1359847,1490117,0,76.1,8.3,2026-06-11
701,WSC,Industrials,Rental & Leasing Services,NASDAQ,2794012,26.47,111.01,3,-49,-16.97,83.0,74.6,4.1,7.3,18.5,28.5,77,74,22,16,7.6,0,0,0,0,0,0,4743870370.884422,180994679.0,0.19690001,-0.02,2011406,2618629,0,29.9,50.0,2026-06-11
702,WDS,Energy,Oil & Gas E&P,NYSE,719602,22.03,110.99,-6,0,-12.54,52.2,71.0,-1.1,-2.2,-4.8,15.9,77,83,89,51,52.2,0,0,0,0,0,0,40550465905.14757,1901100143.0,3.93,-0.111,647878,896659,0,68.8,21.2,2026-06-11
703,HUBG,Industrials,Integrated Freight & Logistics,NASDAQ,799360,44.44,110.99,40,37,-16.56,39.7,65.9,4.5,8.9,10.6,14.6,77,37,34,72,44.3,0,0,0,0,0,0,2625320202.96257,61153510.0,0.0713,-0.053,732992,733718,0,46.8,-10.4,2026-06-11
704,PCT,Industrials,Pollution & Treatment Controls,NASDAQ,5075012,9.89,110.96,32,-1,-43.06,78.3,33.4,-24.4,-25.4,-1.2,-9.0,77,45,12,13,2.4,0,0,0,0,0,0,2263507390.344572,180863550.0,0.39880002,1.612,4499476,4492521,0,18.1,31.0,2026-06-11
705,ERIC,Technology,Communication Equipment,NASDAQ,9383615,11.6,110.94,-5,0,-15.76,68.6,75.5,-4.6,-5.6,-0.5,16.9,77,82,87,77,52.6,0,0,0,0,0,0,41736880854.306274,3322999957.0,0.0149,-0.103,10275466,10546427,0,74.7,15.2,2026-06-11
706,NSP,Industrials,Staffing & Employment Services,NYSE,776818,37.0,110.91,50,30,-42.3,89.3,42.2,5.8,12.2,19.4,1.8,77,27,7,11,0.7,0,0,0,0,0,0,1350425699.9290848,38169182.0,0.1421,0.017,793055,813219,0,11.4,18.4,2026-06-11
707,CDNS,Technology,Software - Application,NASDAQ,2394330,385.13,110.89,10,-16,-7.57,44.4,78.3,-3.0,1.6,11.9,18.0,77,67,41,50,36.7,0,0,0,0,0,0,103759221713.3789,275816000.0,0.0198,0.187,2915032,2425426,0,48.7,21.2,2026-06-11
708,DOC,Real Estate,REIT - Healthcare Facilities,NYSE,10122630,20.47,110.88,4,-18,0.99,29.9,100.0,3.9,4.2,12.7,15.8,77,73,51,28,26.5,0,0,0,0,0,0,13643616533.762589,689419702.0,0.0612,0.071,12457471,9360520,0,44.6,34.5,2026-06-11
709,HWM,Industrials,Aerospace & Defense,NYSE,2613145,249.49,110.8,-6,-1,-11.13,55.4,91.3,4.5,3.1,4.7,19.7,77,83,88,82,60.5,0,0,0,0,0,0,100787072525.63773,400107483.0,0.0218,0.191,2898005,2393653,0,78.4,11.0,2026-06-11
710,EBAY,Consumer Cyclical,Internet Retail,NASDAQ,6334569,106.41,110.76,-5,-14,-10.81,48.8,79.4,0.7,-2.0,3.2,17.7,77,82,73,63,49.2,0,0,0,0,0,0,48551399322.509766,444000000.0,0.0326,0.195,4494437,5691915,0,66.8,21.1,2026-06-11
711,UNM,Financial Services,Insurance - Life,NYSE,1234013,90.68,110.74,13,-11,4.37,33.8,100.0,6.2,8.3,13.2,19.5,77,64,40,49,26.4,0,0,0,0,0,0,13874967662.281952,159776235.0,0.0248,0.085,1254841,1251808,0,44.8,24.2,2026-06-11
712,ETSY,Consumer Cyclical,Internet Retail,NYSE,3232416,68.73,110.72,16,2,-10.17,57.6,80.6,1.6,7.2,12.1,17.5,77,61,47,35,21.4,0,0,0,0,0,0,6344762062.580063,94896231.0,0.1822,0.031,3025220,3031890,0,41.1,26.4,2026-06-11
713,MDB,Technology,Software - Infrastructure,NASDAQ,2545010,348.28,110.68,11,-14,-21.69,76.3,64.0,-2.4,4.0,20.9,7.0,77,66,41,93,65.6,0,0,0,0,0,0,28210693290.511963,80431927.0,0.0497,0.252,4015172,2171494,1,66.4,-2.7,2026-06-11
714,SLF,Financial Services,Insurance - Diversified,NYSE,758567,74.92,110.6,7,1,1.02,34.1,100.0,3.5,4.1,7.4,18.8,77,70,64,53,27.1,0,0,0,0,0,0,40859698959.82114,554255267.0,9.22,0.002,546082,724472,0,53.5,25.4,2026-06-11
715,FITB,Financial Services,Banks - Regional,NASDAQ,6375849,52.65,110.57,17,15,-5.03,40.7,90.3,4.2,6.8,7.4,13.1,77,60,58,69,45.6,0,0,0,0,0,0,47137262090.26616,906311548.0,0.0542,0.33,8339427,6727459,0,58.1,5.6,2026-06-11
716,EIX,Utilities,Utilities - Regulated Electric,NYSE,2703597,71.5,110.53,2,13,-6.19,49.7,87.3,1.6,2.2,2.1,13.9,77,75,86,51,52.7,0,0,0,0,0,0,28216940398.10875,384793941.0,0.044899996,0.077,2548732,2729984,0,66.2,14.9,2026-06-11
717,HPK,Energy,Oil & Gas E&P,NASDAQ,828505,8.18,110.51,15,-10,-31.83,106.4,51.7,3.2,6.3,17.7,30.8,77,62,37,6,1.3,0,0,0,0,0,0,955267259.0097312,126358104.0,0.57,-0.207,750366,871109,0,26.6,44.0,2026-06-11
718,ERO,Basic Materials,Copper,NYSE,1370591,25.78,110.45,-13,-12,-35.22,113.4,58.8,-3.9,-2.1,-2.1,7.5,77,90,91,92,70.0,0,0,0,0,0,0,2688286086.6419983,104277968.0,2.62,1.104,1320044,1247700,3,85.8,9.5,2026-06-11
719,PAYO,Technology,Software - Infrastructure,NASDAQ,6386915,6.67,110.44,54,50,-12.98,58.1,78.7,20.1,28.3,32.4,21.4,77,23,19,21,9.3,0,0,0,0,0,0,1687284453.7892077,334778664.0,0.035099998,0.061,10684667,4941561,0,18.1,7.7,2026-06-11
720,ARIS,Basic Materials,Gold,NYSE,1218068,14.22,110.4,-18,-16,-38.94,130.2,53.0,-7.2,-11.1,-18.2,-2.4,77,95,97,98,83.9,0,0,0,1,0,1,3143471905.517578,206400000.0,3.89,1.365,1259264,1244896,3,93.5,4.8,2026-06-11
721,CNQ,Energy,Oil & Gas E&P,NYSE,7361837,45.52,110.4,-7,-1,-11.34,55.0,75.9,-1.6,-3.3,-2.2,18.0,77,84,90,41,50.8,0,0,0,0,0,0,95316948591.27045,2085710000.0,1.29,-0.012,7026991,9619414,1,66.5,24.6,2026-06-11
722,TRIN,Financial Services,Asset Management,NASDAQ,1097916,17.0,110.36,3,-15,-2.19,20.4,88.0,-0.5,-0.0,3.3,8.5,77,74,56,57,25.8,0,0,0,0,0,0,1517303473.4432812,89887651.0,0.0713,0.329,1140109,1141545,0,53.2,29.3,2026-06-11
723,FFBC,Financial Services,Banks - Regional,NASDAQ,823908,31.55,110.31,8,3,0.54,37.8,100.0,3.2,3.8,5.7,16.6,77,69,64,58,41.5,0,0,0,0,0,0,3237071227.92738,104929374.0,0.0433,0.323,963996,879909,0,58.1,16.5,2026-06-11
724,CBC,Financial Services,Banks - Regional,NASDAQ,631430,29.08,110.28,8,-5,0.03,25.6,94.1,1.5,2.1,7.3,,77,69,56,40,,0,0,0,0,0,0,6835790353.498577,239768162.0,0.0419,0.104,699171,672774,0,55.0,,2026-06-11
725,ZION,Financial Services,Banks - Regional,NASDAQ,1446300,65.82,110.22,12,-2,-0.54,41.6,100.0,5.0,6.7,7.3,14.4,77,65,51,67,44.2,0,0,0,0,0,0,9300615521.57671,147091817.0,0.038399998,0.102,1616162,1493770,0,56.8,11.4,2026-06-11
726,HCSG,Healthcare,Medical Care Facilities,NASDAQ,601538,21.31,110.19,0,7,-12.63,70.1,85.7,4.5,4.0,4.6,14.0,77,77,84,87,55.9,0,0,0,0,0,0,1398303026.0493546,68645212.0,0.0421,0.034,640304,685200,0,76.0,7.8,2026-06-11
727,DSY,Consumer Defensive,Household & Personal Products,NASDAQ,3786047,7.2,110.16,74,73,-95.09,119.2,4.0,50.1,70.8,67.8,-55.6,77,3,2,1,0.1,0,0,0,0,0,0,8410815.119365215,4751873.0,0.0173,-0.173,11333103,2276094,0,1.5,1.9,2026-06-11
728,AVTX,Healthcare,Biotechnology,NASDAQ,2400359,13.1,110.1,-19,-21,-46.02,205.8,50.0,-1.3,-10.3,-12.3,-11.4,77,96,94,97,89.1,0,0,0,1,0,1,688609013.2521744,52565572.0,0.1192,,1480999,1763741,3,94.0,3.5,2026-06-11
729,GILT,Technology,Communication Equipment,NASDAQ,1054484,13.56,110.04,-17,-17,-35.21,152.8,62.9,0.6,-2.2,-10.6,3.5,77,94,94,90,85.0,0,0,0,0,0,0,1095838199.5078585,75470948.0,0.020399999,0.2,906032,869374,3,90.8,5.3,2026-06-11
730,HAE,Healthcare,Medical Devices,NYSE,985128,78.8,109.99,48,50,-9.76,67.5,81.5,10.8,19.5,29.5,26.2,77,29,31,84,19.6,0,0,0,0,0,0,3239389612.7639465,45445983.0,0.0771,0.048,1020526,838881,0,40.9,-6.5,2026-06-11
731,NP,Financial Services,Insurance Brokers,NYSE,887114,26.95,109.93,-2,-51,-18.91,58.1,73.5,5.4,1.4,1.6,,76,78,29,71,,0,0,0,0,0,0,3526054940.7085667,138330913.0,0.0398,0.288,766234,671906,0,59.3,,2026-06-11
732,BLFS,Healthcare,Medical Instruments & Supplies,NASDAQ,640429,26.66,109.76,46,40,-9.99,46.6,79.4,-0.4,6.3,17.7,11.0,76,30,24,40,20.3,0,0,0,0,0,0,1302050091.1123753,48857415.0,0.12100001,0.247,769948,529655,0,28.6,3.4,2026-06-11
733,AGRO,Consumer Defensive,Farm Products,NYSE,1010801,11.28,109.74,-12,-16,-29.01,64.0,56.2,-1.4,-6.1,-12.0,18.5,76,88,84,21,37.0,0,0,0,0,0,0,1648002692.7298622,144308466.0,0.0432,0.225,778874,1188736,0,57.5,39.3,2026-06-11
734,HLT,Consumer Cyclical,Lodging,NYSE,1614445,338.22,109.72,13,22,-2.49,40.2,98.8,1.5,3.6,5.1,16.0,76,63,72,70,46.2,0,0,0,0,0,0,78106157822.6554,227648372.0,0.026400002,0.11,1644056,1588417,0,62.8,6.1,2026-06-11
735,JNJ,Healthcare,Drug Manufacturers - General,NYSE,7598126,238.49,109.66,4,18,-5.25,59.1,89.6,3.5,3.5,3.2,11.2,76,72,86,84,58.3,0,0,0,0,0,0,560327904624.4105,2407216971.0,0.0107,0.099,7948609,7610313,0,75.1,3.0,2026-06-11
736,HIW,Real Estate,REIT - Office,NYSE,1542904,30.2,109.63,34,16,-7.81,47.0,81.5,7.8,12.4,21.0,13.9,76,42,24,25,7.4,0,0,0,0,0,0,3074402699.8154697,110272697.0,0.097200006,0.076,1802764,1390710,0,24.6,22.5,2026-06-11
737,SPG,Real Estate,REIT - Retail,NYSE,1552148,212.82,109.57,6,6,0.75,36.9,100.0,3.4,4.4,6.1,13.3,76,70,70,64,44.5,0,0,0,0,0,0,68201410600.99658,324289912.0,0.0,0.193,1968285,1476743,0,62.1,13.9,2026-06-11
738,ALHC,Healthcare,Healthcare Plans,NASDAQ,7257180,20.56,109.56,16,12,-13.87,73.9,70.7,24.7,24.8,8.9,8.9,76,60,56,85,48.4,0,0,0,0,0,0,3177498835.8511915,206733823.0,0.1247,0.333,8384520,5771238,0,62.3,1.2,2026-06-11
739,INCY,Healthcare,Biotechnology,NASDAQ,1610024,105.39,109.53,6,10,-6.14,60.3,93.7,7.5,9.4,10.6,11.9,76,70,74,85,59.0,0,0,0,0,0,0,20453696480.181923,199782155.0,0.0952,0.209,2241914,1516830,0,72.0,2.1,2026-06-11
740,HOPE,Financial Services,Banks - Regional,NASDAQ,840499,12.89,109.48,11,-1,-1.0,34.0,100.0,3.2,4.5,5.2,13.8,76,65,53,59,32.9,0,0,0,0,0,0,1610769974.5666635,127838883.0,0.048800003,0.184,821237,933951,0,52.5,18.4,2026-06-11
741,HR,Real Estate,REIT - Healthcare Facilities,NYSE,4748374,20.46,109.45,-1,-9,-0.73,39.2,99.0,3.3,2.0,6.7,13.4,76,77,69,55,49.0,0,0,0,0,0,0,6809148875.512508,346521578.0,0.08270001,-0.065,4436132,4034436,0,62.5,19.2,2026-06-11
742,GL,Financial Services,Insurance - Life,NYSE,555765,162.52,109.38,7,-1,1.98,40.4,100.0,5.5,6.0,8.3,16.0,76,69,61,68,47.8,0,0,0,0,0,0,12359492487.292786,77644761.0,0.01,0.054,507567,537213,0,61.4,11.6,2026-06-11
743,PLD,Real Estate,REIT - Industrial,NYSE,3336563,145.77,109.35,2,1,-1.46,41.4,99.2,2.5,2.3,3.9,13.0,76,74,73,73,45.8,0,0,0,0,0,0,134760128260.4065,932338000.0,0.0154,0.083,4098439,3500213,0,66.5,14.4,2026-06-11
744,DD,Basic Materials,Specialty Chemicals,NYSE,3833089,45.06,109.31,-5,-1,-14.43,69.2,80.3,-1.0,-2.0,-1.2,11.8,76,81,85,82,62.4,0,0,0,0,0,0,18976976145.630238,405058202.0,0.033,0.043,3164418,3471531,0,77.6,8.7,2026-06-11
745,TRN,Industrials,Railroads,NYSE,762341,33.74,109.28,-3,-15,-9.69,46.9,81.9,3.9,3.1,2.2,14.3,76,79,67,39,40.3,0,0,0,0,0,0,2604600144.832653,79505503.0,0.080699995,-0.16,800004,701080,0,56.3,28.5,2026-06-11
746,VIR,Healthcare,Biotechnology,NASDAQ,1599081,8.25,109.28,-14,-12,-29.25,99.1,62.3,-2.8,-4.2,-10.4,15.8,76,90,92,67,60.7,0,0,0,0,0,0,1458839510.7643776,168651974.0,0.1011,,1838555,1707825,2,77.4,19.0,2026-06-11
747,TENX,Healthcare,Biotechnology,NASDAQ,662290,10.55,109.23,-13,-7,-42.6,90.9,40.4,-2.4,-6.3,-16.3,-1.6,76,89,95,94,72.7,0,0,0,0,0,0,284614943.9277458,26525159.0,0.0296,,806432,639278,2,87.7,6.5,2026-06-11
748,SNDA,Healthcare,Medical Care Facilities,NYSE,651359,35.85,109.21,0,9,-9.61,46.7,75.2,2.3,-1.8,-1.1,10.0,76,76,85,80,49.5,0,0,0,0,0,0,1627764366.2312584,47346257.0,0.0405,0.385,629669,621193,0,72.6,11.6,2026-06-11
749,ZYME,Healthcare,Biotechnology,NASDAQ,693952,22.85,109.2,-10,-8,-23.19,91.1,66.2,-4.4,-5.9,-11.0,1.6,76,86,88,94,69.5,0,0,0,0,0,0,1768717705.1589584,73573945.0,0.0908,-0.911,751596,658937,1,84.4,6.5,2026-06-11
750,XPER,Technology,Software - Application,NYSE,538548,7.55,109.18,-3,-52,-11.12,47.2,77.7,-2.0,-2.6,6.3,19.2,76,79,30,21,6.1,0,0,0,0,0,0,358174207.2028198,48271456.0,0.053000003,0.002,410435,440567,0,34.0,52.9,2026-06-11
751,GLNG,Energy,Oil & Gas Midstream,NASDAQ,1600168,50.83,109.13,-9,-17,-12.04,43.1,69.1,-0.6,-3.4,-5.6,14.2,76,85,77,32,30.6,0,0,0,0,0,0,5157180506.185684,101779765.0,0.081999995,1.201,1328365,1498541,0,56.1,38.6,2026-06-11
752,FDMT,Healthcare,Biotechnology,NASDAQ,763010,8.72,109.12,-14,-18,-29.34,138.1,59.9,-4.5,-2.1,-7.1,-3.6,76,90,86,96,76.6,0,0,0,0,0,0,451666852.5076275,52276254.0,0.2672,216.643,999991,731260,2,87.2,5.9,2026-06-11
753,PBA,Energy,Oil & Gas Midstream,NYSE,1170910,48.84,108.99,1,0,-2.51,37.1,93.5,0.6,0.2,5.4,16.8,76,75,74,37,41.4,0,0,0,0,0,0,28385656522.56012,581435000.0,7.6,-0.077,1226081,1136974,0,56.8,24.5,2026-06-11
754,IONS,Healthcare,Biotechnology,NASDAQ,1746264,73.32,108.97,-8,-4,-15.47,109.5,75.3,-0.7,-1.3,-1.6,-0.6,76,84,88,94,77.7,0,0,0,0,0,0,12308755725.655426,165262556.0,0.1291,0.87,1612794,1705710,1,85.9,0.8,2026-06-11
755,SUN,Energy,Oil & Gas Refining & Marketing,NYSE,570658,65.8,108.9,-4,-3,-9.71,32.8,66.8,-2.2,-5.1,-3.8,10.0,76,80,81,52,30.2,0,0,0,0,0,0,12482291820.0,188411952.0,0.032899998,1.064,330395,471615,0,60.8,30.4,2026-06-11
756,EQIX,Real Estate,REIT - Specialty,NASDAQ,557178,1038.33,108.88,-5,-5,-8.0,43.7,81.5,-2.0,-2.2,-2.2,17.7,75,80,80,30,24.7,0,0,0,0,0,0,106607876059.96288,98624248.0,0.022,0.121,532504,535224,0,53.7,37.6,2026-06-11
757,KMT,Industrials,Tools & Accessories,NYSE,1549987,33.3,108.84,-6,5,-23.99,73.3,62.8,4.4,1.3,-5.5,11.3,75,81,92,84,59.3,0,0,0,0,0,0,2486735742.291172,76210103.0,0.0608,0.218,1371511,1329344,1,79.1,9.2,2026-06-11
758,NWBI,Financial Services,Banks - Regional,NASDAQ,1012974,14.56,108.84,8,-8,1.96,29.0,100.0,2.5,4.0,6.2,14.5,75,67,51,53,25.9,0,0,0,0,0,0,2076204836.293929,146314651.0,0.0463,0.151,1040132,1054776,0,49.2,24.9,2026-06-11
759,XOM,Energy,Oil & Gas Integrated,NYSE,16754459,150.62,108.83,-1,10,-14.62,38.5,62.1,-2.0,-3.6,-3.7,9.6,75,76,87,53,47.2,0,0,0,0,0,0,621410470937.415,4144947162.0,0.011,0.026,15542207,18363411,0,65.8,17.9,2026-06-11
760,PFS,Financial Services,Banks - Regional,NYSE,961535,23.12,108.83,9,11,-3.59,45.5,93.1,3.5,4.5,4.4,12.1,75,66,68,72,46.7,0,0,0,0,0,0,2932057957.5,130313687.0,0.0635,0.092,891497,940371,0,63.2,8.2,2026-06-11
761,FULT,Financial Services,Banks - Regional,NASDAQ,1591446,22.72,108.82,12,11,-1.17,37.0,100.0,4.5,6.3,6.8,15.2,75,63,62,61,40.2,0,0,0,0,0,0,4195382358.5233536,191133586.0,0.0502,0.042,1687388,1865029,0,56.5,11.9,2026-06-11
762,BP,Energy,Oil & Gas Integrated,NYSE,8756896,42.95,108.74,-5,-2,-11.02,43.1,72.2,-1.0,-2.1,-5.1,10.1,75,80,83,60,50.7,0,0,0,0,0,0,110650488226.85825,2575063651.0,0.0067000003,0.116,7730758,10809245,0,68.4,18.4,2026-06-11
763,PDM,Real Estate,REIT - Office,NYSE,1070162,9.12,108.63,25,2,-0.76,40.7,91.5,2.8,6.6,11.9,10.4,75,50,27,59,27.8,0,0,0,0,0,0,1105168005.596386,125019003.0,0.044099998,0.004,1165437,1145815,0,41.0,11.6,2026-06-11
764,IEX,Industrials,Specialty Industrial Machinery,NYSE,700410,214.5,108.58,6,3,-4.18,37.7,91.9,0.9,2.4,4.0,15.8,75,69,66,44,27.4,0,0,0,0,0,0,15939141899.952026,74015052.0,0.0318,0.089,656291,685122,0,51.6,26.1,2026-06-11
765,AAPL,Technology,Consumer Electronics,NASDAQ,51826480,291.58,108.57,3,-6,-8.0,51.1,83.6,-2.8,-2.8,3.8,10.9,75,72,63,78,54.3,0,0,0,0,0,0,4514011939253.296,14687356000.0,0.0095,0.166,56985911,47800698,0,66.8,8.6,2026-06-11
766,AAUC,Basic Materials,Gold,NYSE,713163,25.06,108.54,-17,-14,-22.17,117.2,66.4,-2.1,-5.5,-13.6,2.3,75,92,95,95,67.8,0,0,0,0,0,0,3209971339.5,125881229.0,0.0293,0.138,469209,728829,3,87.4,11.2,2026-06-11
767,PANL,Industrials,Marine Shipping,NASDAQ,651556,7.3,108.5,-10,-17,-22.26,61.2,58.2,-0.8,-5.4,-4.1,6.1,75,85,78,87,58.7,0,0,0,0,0,0,471641597.3253813,65414923.0,0.0292,0.389,646399,576571,0,77.2,13.5,2026-06-11
768,UE,Real Estate,REIT - Retail,NYSE,782245,23.76,108.4,9,11,3.12,29.7,100.0,4.1,5.9,8.9,16.7,75,66,68,41,35.6,0,0,0,0,0,0,2884597585.7435,126019994.0,0.051999997,0.054,751345,808235,0,52.7,20.0,2026-06-11
769,BNL,Real Estate,REIT - Diversified,NYSE,1807456,21.08,108.36,5,10,1.57,32.7,96.6,2.0,2.6,4.5,11.2,75,70,75,57,39.7,0,0,0,0,0,0,3946555687.269373,191766555.0,0.0652,0.117,1567759,2729397,0,60.4,17.3,2026-06-11
770,ANET,Technology,Computer Hardware,NYSE,11551169,151.76,108.36,9,22,-15.6,81.3,76.7,-3.3,0.9,0.9,10.6,75,66,79,71,65.7,0,0,0,0,0,0,194252074580.01224,1259169438.0,0.02,0.351,8927547,9764741,0,70.4,-2.1,2026-06-11
771,DVN,Energy,Oil & Gas E&P,NYSE,15150993,46.6,108.28,-3,4,-11.59,40.5,63.3,-1.7,-3.7,-5.5,10.3,75,78,85,51,43.9,0,0,0,0,0,0,51072688169.99722,1153403107.0,0.024,-0.008,14377451,14251102,0,64.5,21.7,2026-06-11
772,ABX,Financial Services,Insurance - Life,NYSE,530008,9.11,108.2,-5,2,-13.53,102.6,84.0,5.7,4.2,4.6,20.4,75,80,87,80,57.9,0,0,0,0,0,0,840279956.8748875,95922367.0,0.2229,0.346,455114,553412,0,76.2,10.4,2026-06-11
773,MFC,Financial Services,Insurance - Life,NYSE,2470250,39.25,108.13,2,-10,-2.87,33.1,97.6,3.0,3.4,3.9,12.8,75,73,61,74,34.8,0,0,0,0,0,0,64602750269.0251,1668890514.0,7.38,0.121,3035661,2246890,0,60.7,20.1,2026-06-11
774,RGTI,Technology,Computer Hardware,NASDAQ,51300806,19.44,108.03,5,-19,-66.57,91.2,21.6,-9.7,-6.3,8.0,-12.6,74,69,45,95,72.0,0,0,0,0,0,0,6874007430.200066,332398807.0,0.1487,1.989,58485768,43177903,1,70.2,-4.3,2026-06-11
775,FBP,Financial Services,Banks - Regional,NYSE,1267432,24.76,107.99,11,2,0.49,29.9,100.0,2.9,3.7,5.7,14.5,74,63,54,60,32.8,0,0,0,0,0,0,3761923393.434082,154684352.0,0.0731,0.081,1697476,1381627,0,52.4,16.6,2026-06-11
776,SG,Consumer Cyclical,Restaurants,NYSE,6347603,8.6,107.99,39,16,-48.5,94.5,38.4,9.1,5.5,24.3,31.1,74,35,12,8,0.9,0,0,0,0,0,0,881701224.0058308,118827657.0,0.2243,-0.029,6437169,5427369,0,14.0,24.8,2026-06-11
777,LEVI,Consumer Cyclical,Apparel Manufacturing,NYSE,2600917,22.95,107.96,16,1,-7.53,45.0,94.7,5.1,7.7,9.2,12.7,74,58,43,77,48.3,0,0,0,0,0,0,8664953799.111288,384596251.0,0.1004,0.141,2007893,2966548,0,56.6,2.6,2026-06-11
778,GPCR,Healthcare,Biotechnology,NASDAQ,793464,41.53,107.93,7,35,-56.24,167.3,34.9,10.2,11.3,-0.8,-9.0,74,67,95,98,77.0,0,0,0,1,0,1,2670980441.4213257,71074516.0,0.109,,774072,861250,2,84.2,-14.0,2026-06-11
779,KRP,Energy,Oil & Gas E&P,NYSE,933614,15.54,107.89,4,8,-0.7,35.1,93.9,0.2,0.9,2.9,11.9,74,70,74,25,21.2,0,0,0,0,0,0,1505433632.2597122,98652268.0,0.0226,-0.067,866804,872608,0,47.6,33.0,2026-06-11
780,SAN,Financial Services,Banks - Diversified,NYSE,8361628,11.92,107.82,-1,1,-9.97,58.8,87.7,2.2,2.8,3.4,11.0,74,75,77,90,61.8,0,0,0,0,0,0,174964112323.95667,14400338915.0,0.0070999996,0.046,8325815,8679719,1,76.0,3.4,2026-06-11
781,MGTX,Healthcare,Biotechnology,NASDAQ,722587,9.14,107.82,-8,-46,-22.87,52.1,66.1,1.4,0.9,-0.1,15.1,74,82,44,76,49.9,0,0,0,0,0,0,833485644.0,92609516.0,0.0832,-0.848,780283,894580,0,63.0,21.0,2026-06-11
782,BC,Consumer Cyclical,Recreational Vehicles,NYSE,622288,78.68,107.76,3,2,-12.82,48.9,77.9,-0.1,1.3,2.9,10.0,74,71,70,76,49.9,0,0,0,0,0,0,5223944914.343124,64974438.0,0.0001,0.128,572904,686640,0,66.7,9.7,2026-06-11
783,DOW,Basic Materials,Chemicals,NYSE,11237030,34.24,107.66,-13,-14,-19.89,62.9,61.2,-1.8,-5.2,-10.6,14.3,74,87,86,20,18.4,0,0,0,0,0,0,24483587528.67133,720741438.0,0.0345,-0.061,11145020,12894734,0,52.9,47.8,2026-06-11
784,DTM,Energy,Oil & Gas Midstream,NYSE,709079,140.8,107.59,-5,-2,-7.9,41.5,79.2,-0.4,-2.9,-0.2,12.2,74,79,82,73,45.7,0,0,0,0,0,0,14537011815.0,102014118.0,0.0473,0.109,580329,729691,0,69.9,17.5,2026-06-11
785,SKT,Real Estate,REIT - Retail,NYSE,945826,39.6,107.59,10,16,4.35,34.9,100.0,6.9,9.1,9.5,15.5,74,64,70,57,41.2,0,0,0,0,0,0,4260745331.118664,114875851.0,0.0559,0.117,992038,846089,0,58.0,12.2,2026-06-11
786,LAMR,Real Estate,REIT - Specialty,NASDAQ,681183,150.74,107.57,-1,-5,-5.01,32.5,87.0,1.0,1.1,6.9,16.0,74,75,71,61,36.1,0,0,0,0,0,0,15365359607.61354,101475101.0,0.089499995,0.044,483580,600442,0,60.8,22.6,2026-06-11
787,INV,Financial Services,Asset Management,NASDAQ,2671464,5.51,107.56,-18,-98,-29.9,123.5,66.0,-5.0,-8.4,-3.8,23.6,74,92,12,16,11.3,0,0,0,0,0,0,491661767.7848682,84044748.0,0.1178,5.442,3169312,2410638,1,32.8,63.5,2026-06-11
788,KEY,Financial Services,Banks - Regional,NYSE,11471244,21.98,107.53,7,4,-5.87,42.7,88.4,3.4,4.1,3.8,11.1,74,67,64,77,47.0,0,0,0,0,0,0,23592751219.03957,1084225688.0,0.0,0.118,14856093,12396874,0,63.8,8.3,2026-06-11
789,HASI,Financial Services,Asset Management,NYSE,1131543,36.37,107.52,-8,-10,-17.58,53.1,68.4,-4.0,-6.4,-7.2,8.0,74,82,80,75,51.0,0,0,0,0,0,0,4942066988.209259,127801066.0,0.1294,-0.283,1251050,995730,0,72.0,17.1,2026-06-11
790,KELYA,Industrials,Staffing & Employment Services,NASDAQ,509331,11.72,107.43,41,32,-21.55,49.0,60.4,2.5,8.6,19.5,15.9,74,33,24,13,9.0,0,0,0,0,0,0,408056382.1702957,34669190.0,0.0403,-0.107,427255,432517,0,19.7,16.9,2026-06-11
791,PNC,Financial Services,Banks - Regional,NYSE,1710355,232.64,107.37,13,14,-4.63,35.1,87.7,3.6,5.7,6.2,12.1,74,61,62,68,41.8,0,0,0,0,0,0,91705313049.0752,401564632.0,0.0172,0.138,1924307,1928935,0,58.2,8.1,2026-06-11
792,JCI,Industrials,Building Products & Equipment,NYSE,3897628,139.36,107.37,1,11,-6.08,41.2,91.8,1.2,2.5,2.5,15.5,74,73,83,80,50.0,0,0,0,0,0,0,87643102647.09988,610115603.0,0.0189,0.082,4587554,3543034,0,71.5,9.1,2026-06-11
793,BIIB,Healthcare,Drug Manufacturers - General,NASDAQ,1127940,194.24,107.34,-6,-8,-5.7,63.0,94.4,2.5,3.2,6.1,15.5,74,80,78,78,55.4,0,0,0,0,0,0,28839433894.11673,147637117.0,0.0357,0.019,1004550,1221792,0,72.8,12.9,2026-06-11
794,BANC,Financial Services,Banks - Regional,NYSE,2647085,19.65,107.32,11,9,-9.07,49.0,84.1,3.1,4.5,5.9,8.4,74,63,61,82,49.1,0,0,0,0,0,0,2971474691.748123,154202108.0,0.0788,0.08,2538205,2883645,0,63.8,3.3,2026-06-11
795,BKU,Financial Services,Banks - Regional,NYSE,583977,48.11,107.31,7,10,-7.68,44.9,86.8,3.4,4.4,4.3,10.6,74,67,70,79,47.5,0,0,0,0,0,0,3426215953.5986023,72681714.0,0.0551,0.037,611291,744262,0,65.9,7.0,2026-06-11
796,SNOW,Technology,Software - Application,NYSE,10012071,239.9,107.3,55,66,-15.82,98.5,75.0,-3.1,13.9,40.3,17.1,74,19,30,72,25.3,0,0,0,0,0,0,82580914096.06934,346600000.0,0.057600003,0.335,13819313,9296262,0,36.6,-14.8,2026-06-11
797,CNI,Industrials,Railroads,NYSE,1505830,119.18,107.24,8,8,-2.69,30.1,90.2,-1.2,0.9,4.6,15.6,74,66,66,43,21.0,0,0,0,0,0,0,73022506333.92334,606600000.0,3.73,-0.005,1898660,1429158,0,49.0,27.1,2026-06-11
798,MO,Consumer Defensive,Tobacco,NYSE,9110767,73.13,107.24,3,6,-1.92,30.5,84.2,0.9,-0.7,2.9,10.7,74,71,74,50,31.9,0,0,0,0,0,0,120549452331.5329,1669891235.0,0.0309,0.053,8191433,8783346,0,56.7,23.5,2026-06-11
799,RNG,Technology,Software - Application,NYSE,1898720,38.73,107.21,-14,-18,-22.31,59.5,55.1,-11.5,-10.8,-8.7,13.8,73,87,83,37,46.9,0,0,0,0,0,0,3546380439.934845,83858604.0,0.2201,0.053,1586800,1721804,0,63.5,30.4,2026-06-11
800,PRKS,Consumer Cyclical,Leisure,NYSE,1070146,44.08,107.13,45,39,-22.6,56.2,65.6,10.7,18.2,25.6,17.0,73,28,22,15,17.5,0,0,0,0,0,0,1921715498.1369324,47135528.0,0.38880002,-0.03,904508,1037119,0,20.6,8.4,2026-06-11
801,UBSI,Financial Services,Banks - Regional,NASDAQ,763510,44.88,107.13,10,13,-2.29,31.1,95.2,2.8,3.8,3.8,12.0,73,63,66,64,30.9,0,0,0,0,0,0,6049358311.263962,137798590.0,0.0404,0.106,810601,814186,0,56.0,15.6,2026-06-11
802,PTCT,Healthcare,Biotechnology,NASDAQ,1439497,73.35,107.12,-6,-20,-16.17,72.5,73.1,3.9,5.0,6.3,7.3,73,79,65,86,53.3,0,0,0,0,0,0,5886914619.116516,82949338.0,0.16770001,-0.768,1181623,1226110,0,70.8,12.9,2026-06-11
803,VNO,Real Estate,REIT - Office,NYSE,1820032,38.28,107.12,41,26,-11.74,57.7,78.1,9.0,15.3,26.1,16.3,73,32,17,23,6.9,0,0,0,0,0,0,6622921816.551361,188097756.0,0.0002,-0.022,1892147,1822901,0,19.7,15.9,2026-06-11
804,IVT,Real Estate,REIT - Retail,NYSE,637216,34.76,107.1,10,16,2.87,31.1,100.0,4.2,6.0,8.4,16.8,73,63,69,43,34.0,0,0,0,0,0,0,2606954476.11034,77935857.0,0.0446,0.119,909590,550732,0,52.3,17.9,2026-06-11
805,RYAM,Basic Materials,Chemicals,NYSE,927476,7.94,107.08,-17,-11,-33.0,124.0,55.4,-3.5,-6.1,-11.9,2.5,73,90,96,38,78.6,0,0,0,0,0,0,546252272.6257648,67438549.0,0.052199997,-0.095,740769,1016005,2,75.7,15.5,2026-06-11
806,BURL,Consumer Cyclical,Apparel Retail,NYSE,952849,327.01,107.04,27,59,-7.06,53.6,95.6,5.9,8.7,6.8,16.2,73,46,78,49,51.3,0,0,0,0,0,0,19955825643.962524,62942206.0,0.066599995,0.141,1296398,818177,0,56.1,-6.4,2026-06-11
807,ELAN,Healthcare,Drug Manufacturers - Specialty & Generic,NYSE,6991117,22.87,107.02,9,35,-17.5,80.4,79.3,0.6,5.8,5.1,7.0,73,64,90,91,66.0,0,0,0,0,0,0,11801993227.13523,499449583.0,0.1014,0.149,6275201,5950242,2,77.7,-9.0,2026-06-11
808,NBIX,Healthcare,Drug Manufacturers - Specialty & Generic,NASDAQ,1266111,160.86,107.02,3,-25,-5.14,32.2,89.5,0.3,2.1,12.3,15.6,73,70,42,71,41.8,0,0,0,0,0,0,16478131705.006714,100549983.0,0.0669,0.422,1250674,1227856,0,56.2,16.7,2026-06-11
809,WAB,Industrials,Railroads,NYSE,911326,256.52,107.0,-3,-1,-7.0,41.2,89.6,0.4,0.5,-0.2,14.3,73,76,78,67,39.6,0,0,0,0,0,0,44183979862.77167,169677346.0,0.0216,0.13,861549,1008939,0,65.1,19.8,2026-06-11
810,ETR,Utilities,Utilities - Regulated Electric,NYSE,4067460,110.48,106.89,-3,0,-6.73,35.8,78.3,1.0,-0.1,-2.4,9.5,73,76,79,70,44.9,0,0,0,0,0,0,50706388458.62817,457886847.0,0.052600004,0.12,3695540,3558674,0,67.5,16.4,2026-06-11
811,BBVA,Financial Services,Banks - Diversified,NYSE,1501764,22.02,106.89,4,10,-15.95,57.2,74.0,1.7,2.3,3.2,6.7,73,69,75,91,58.8,0,0,0,0,0,0,123659906017.6044,5565252468.0,0.0002,0.119,1587974,1642396,1,73.4,0.1,2026-06-11
812,BVS,Healthcare,Medical Devices,NASDAQ,652749,9.05,106.88,-9,-16,-19.55,41.4,52.9,0.1,-6.5,-10.1,6.5,73,82,75,34,37.8,0,0,0,0,0,0,612442351.3356171,67748048.0,0.034,0.066,748068,573213,0,57.2,32.4,2026-06-11
813,KYIV,Communication Services,Telecom Services,NASDAQ,641615,13.3,106.85,9,-25,-19.3,47.3,75.5,-0.9,-1.2,8.1,10.5,73,64,30,86,35.8,0,0,0,0,0,0,3169757451.83902,230863624.0,0.0533,0.267,422905,613141,0,54.0,13.1,2026-06-11
814,COP,Energy,Oil & Gas E&P,NYSE,7274506,119.92,106.85,-3,3,-11.74,34.7,61.7,-1.6,-2.8,-4.5,10.1,73,76,82,37,37.7,0,0,0,0,0,0,142710959236.39233,1218294007.0,0.0229,-0.053,6958959,7965073,0,58.2,26.3,2026-06-11
815,SFD,Consumer Defensive,Packaged Foods,NASDAQ,1236050,26.83,106.84,10,12,-9.98,25.8,64.4,1.1,1.7,-1.9,9.9,73,63,65,60,23.2,0,0,0,0,0,0,10572734387.02926,393477263.0,0.0709,0.008,1157792,1564048,0,52.8,20.3,2026-06-11
816,KIM,Real Estate,REIT - Retail,NYSE,4472569,25.38,106.81,6,11,3.09,30.2,100.0,5.5,6.8,8.7,16.7,73,67,72,33,31.1,0,0,0,0,0,0,16340464351.448853,674389792.0,0.050300002,0.04,4677339,4494903,0,50.8,24.2,2026-06-11
817,ING,Financial Services,Banks - Diversified,NYSE,2830249,28.71,106.74,0,-6,-8.57,45.5,85.0,-1.2,-1.6,1.6,8.9,73,73,67,85,50.5,0,0,0,0,0,0,85085524188.30037,2867729153.0,0.0011,0.029,3640997,2821777,0,68.9,9.4,2026-06-11
818,CAH,Healthcare,Medical Distribution,NYSE,2442984,216.3,106.72,29,70,-7.41,51.4,89.6,8.2,9.6,9.2,13.2,73,44,85,87,53.4,0,0,0,0,0,0,48178488004.477005,234205855.0,0.0366,0.11,2213174,2065510,0,67.3,-17.4,2026-06-11
819,LC,Financial Services,Banks - Regional,NYSE,1892840,17.22,106.69,15,-2,-20.54,74.4,70.0,4.2,9.0,10.7,7.4,73,58,41,85,65.4,0,0,0,0,0,0,1978268319.7471144,115350925.0,0.058000002,0.125,2212842,2200898,0,62.4,-7.4,2026-06-11
820,DBRG,Financial Services,Asset Management,NYSE,2601587,15.68,106.64,-8,-5,-0.25,71.2,99.8,0.2,0.1,0.5,12.9,73,81,84,77,55.2,0,0,0,0,0,0,2895229447.4294662,184880554.0,0.0991,0.589,1915561,2898734,0,74.3,13.4,2026-06-11
821,BUSE,Financial Services,Banks - Regional,NASDAQ,663132,28.33,106.54,9,9,1.61,28.9,100.0,2.9,4.7,6.6,14.1,73,64,64,62,33.5,0,0,0,0,0,0,2332638066.347275,84577160.0,0.0467,1.434,815517,609653,0,55.9,15.6,2026-06-11
822,COLB,Financial Services,Banks - Regional,NASDAQ,2778171,30.32,106.5,14,12,-7.28,40.2,84.7,3.9,4.4,5.1,9.7,73,59,57,72,39.4,0,0,0,0,0,0,8586284211.387276,289490366.0,0.0309,0.399,2931794,2763338,0,56.8,7.4,2026-06-11
823,RL,Consumer Cyclical,Apparel Manufacturing,NYSE,742687,376.43,106.47,15,30,-4.32,51.1,100.0,5.7,8.7,8.1,13.3,73,58,73,87,54.9,0,0,0,0,0,0,21815715899.782104,59516346.0,0.1022,0.166,678172,667140,0,68.2,-5.7,2026-06-11
824,TDW,Energy,Oil & Gas Equipment & Services,NYSE,726497,73.44,106.45,-12,-8,-21.14,65.6,63.5,0.5,-4.0,-9.5,12.7,73,85,89,60,60.2,0,0,0,0,0,0,3604477823.902496,49730652.0,0.1348,-0.431,607733,760918,0,73.5,17.0,2026-06-11
825,CRGY,Energy,Oil & Gas E&P,NYSE,7025224,11.71,106.43,-10,-10,-18.05,48.1,60.5,-2.7,-6.9,-9.2,11.6,72,82,82,22,36.1,0,0,0,0,0,0,3811103774.5219,330251628.0,0.1154,0.245,5398892,7172598,0,55.5,35.0,2026-06-11
826,COLD,Real Estate,REIT - Industrial,NYSE,5033332,14.36,106.26,4,-40,-20.58,45.0,59.6,-1.4,-0.8,8.8,14.7,72,68,24,19,2.8,0,0,0,0,0,0,4196852035.803562,285306052.0,0.0832,0.003,5880008,4482407,0,28.4,46.8,2026-06-11
827,BRX,Real Estate,REIT - Retail,NYSE,2597938,31.86,106.19,6,15,1.17,30.4,100.0,4.1,5.1,6.5,14.6,72,66,75,37,34.6,0,0,0,0,0,0,9505798254.201344,306836617.0,0.0841,0.051,2596706,2564253,0,53.1,20.6,2026-06-11
828,IPGP,Technology,Semiconductor Equipment & Materials,NASDAQ,665098,104.07,106.16,0,20,-33.21,68.7,51.5,-2.1,-2.4,-3.5,13.2,72,72,92,54,63.9,0,0,0,0,0,0,4557171166.494873,42443616.0,0.16420001,0.166,629426,559931,1,70.5,5.6,2026-06-11
829,FCF,Financial Services,Banks - Regional,NYSE,671309,19.53,106.14,10,3,1.77,28.2,100.0,2.7,4.1,5.2,12.2,72,62,55,52,32.0,0,0,0,0,0,0,1943189997.113266,101684455.0,0.0337,0.091,719289,706641,0,50.3,17.7,2026-06-11
830,XIFR,Utilities,Utilities - Renewable,NYSE,1231675,11.47,106.13,2,7,-13.43,43.1,74.2,-3.8,-1.8,4.7,12.6,72,70,75,26,43.3,0,0,0,0,0,0,1095449867.1113348,94272795.0,0.0376,-0.025,1004587,1027475,0,53.6,21.7,2026-06-11
831,XENE,Healthcare,Biotechnology,NASDAQ,1271725,51.34,106.12,-13,-9,-19.72,72.2,67.4,-0.8,-2.4,-6.1,13.2,72,85,89,75,63.4,0,0,0,0,0,0,5000508857.250023,96665550.0,0.0397,,1565306,1116515,0,78.1,12.4,2026-06-11
832,CBOE,Financial Services,Financial Data & Stock Exchanges,BATS,1356347,301.08,106.1,-13,-18,-18.89,32.8,50.8,1.0,-8.9,-6.9,8.1,72,85,80,68,45.0,0,0,0,0,0,0,29502948630.693604,104653784.0,0.0298,0.065,2138412,1133334,0,69.5,23.9,2026-06-11
833,FLY,Industrials,Aerospace & Defense,NASDAQ,8162555,33.42,106.06,-14,-82,-54.72,134.6,51.8,-0.0,-9.0,-0.1,31.1,72,86,18,4,,0,0,0,0,0,0,5928891083.096947,164235217.0,0.097799994,0.448,9679967,7841331,0,36.0,,2026-06-11
834,SAIC,Technology,Information Technology Services,NASDAQ,553282,114.23,105.99,32,27,-7.44,39.8,85.2,1.3,8.9,15.5,16.6,72,40,35,35,19.8,0,0,0,0,0,0,4834354188.140694,42276819.0,0.0744,0.015,715036,530491,0,32.4,11.6,2026-06-11
835,SSRM,Basic Materials,Gold,NASDAQ,2911365,24.56,105.96,-22,-22,-32.75,123.1,60.7,-5.7,-10.3,-14.3,2.8,72,94,94,93,80.4,0,0,0,0,0,0,5546236232.848125,207491071.0,0.031600002,0.837,2514737,3204893,3,90.4,7.0,2026-06-11
836,WES,Energy,Oil & Gas Midstream,NYSE,1453006,44.23,105.94,1,-3,-7.87,17.9,66.3,0.0,-2.0,2.2,8.3,72,71,67,55,25.7,0,0,0,0,0,0,17472077590.826153,393781339.0,0.032899998,0.225,880440,1454654,0,54.7,26.2,2026-06-11
837,MICC,Consumer Defensive,Packaged Foods,NYSE,1609092,17.76,105.92,41,64,-10.89,38.1,73.0,5.9,9.3,18.9,,72,31,54,63,,0,0,0,0,0,0,10461129912.266945,612837147.0,7.43,-0.041,1217387,1532957,0,49.3,,2026-06-11
838,BGC,Financial Services,Capital Markets,NASDAQ,3162648,11.09,105.88,-2,-16,-6.88,34.9,82.9,4.9,3.1,1.5,15.6,72,74,60,35,24.8,0,0,0,0,0,0,5202554913.348956,479056637.0,0.0233,0.443,3138586,2995269,0,48.5,33.8,2026-06-11
839,GGAL,Financial Services,Banks - Regional,NASDAQ,1291243,49.62,105.85,50,64,-20.63,109.5,84.3,10.8,18.2,21.2,22.1,72,22,36,81,8.0,0,0,0,0,0,0,8101569438.158894,169453445.0,0.21110001,-0.147,1327329,1154651,0,36.8,-6.2,2026-06-11
840,HGV,Consumer Cyclical,Resorts & Casinos,NYSE,1088477,49.88,105.76,20,17,-7.32,38.3,88.0,1.5,3.8,8.5,14.3,72,52,49,63,37.9,0,0,0,0,0,0,3905358764.005581,78515453.0,0.113900006,0.119,1474962,965810,0,50.5,5.2,2026-06-11
841,OXY,Energy,Oil & Gas E&P,NYSE,11727096,57.1,105.73,-7,-2,-15.34,42.5,60.6,-3.8,-4.5,-4.3,13.2,72,79,84,23,37.4,0,0,0,0,0,0,56624553831.46842,994634701.0,0.0002,-0.083,10143710,13320138,0,55.9,31.5,2026-06-11
842,BZH,Consumer Cyclical,Residential Construction,NYSE,820032,26.4,105.69,34,32,-6.81,53.4,99.2,5.1,11.2,21.7,20.2,72,38,36,28,29.6,0,0,0,0,0,0,709586071.9751358,27333825.0,0.103999995,-0.275,537597,651783,0,32.9,6.4,2026-06-11
843,UUUU,Energy,Uranium,NYSE ARCA,10825733,13.69,105.68,-22,-19,-50.93,180.8,43.4,-8.1,-12.2,-21.2,-17.3,72,94,97,96,88.9,0,0,0,0,0,0,3755500943.2783127,249867000.0,0.1575,1.121,11956501,10528634,3,94.0,1.8,2026-06-11
844,LINE,Real Estate,REIT - Industrial,NASDAQ,1071888,44.33,105.67,24,10,-5.66,40.2,88.1,2.6,6.2,15.6,17.8,72,48,34,16,9.1,0,0,0,0,0,0,9705758423.132458,227674365.0,0.111499995,0.004,1041605,1010927,0,26.8,27.3,2026-06-11
845,CAL,Consumer Cyclical,Apparel Retail,NYSE,707560,13.74,105.54,44,32,-14.87,66.3,85.2,5.4,10.8,13.7,16.4,72,28,16,26,11.7,0,0,0,0,0,0,417373927.1686697,33740819.0,0.1353,0.085,793001,651138,0,20.4,9.8,2026-06-11
846,CGEM,Healthcare,Biotechnology,NASDAQ,1109376,12.05,105.52,-21,-23,-28.02,125.7,67.6,-9.0,-11.1,-10.4,15.3,72,93,91,83,52.8,0,0,0,0,0,0,830298215.5266304,61458046.0,0.20040001,,1280698,951681,2,80.0,22.3,2026-06-11
847,NATL,Technology,Software - Application,NYSE,771854,44.09,105.47,-6,1,-9.09,67.1,81.7,-0.2,-0.9,-0.8,8.6,72,78,85,75,61.7,0,0,0,0,0,0,3258177441.7566605,73797901.0,0.0337,0.065,569624,824402,0,74.9,8.1,2026-06-11
848,EEX,Communication Services,Advertising Agencies,NYSE,515826,5.03,105.42,11,15,-7.71,49.0,82.9,0.5,0.5,4.1,8.5,72,61,65,55,11.5,0,0,0,0,0,0,983609989.5869422,197909463.0,0.0637,0.052,99350,316980,0,48.1,25.5,2026-06-11
849,TILE,Consumer Cyclical,"Furnishings, Fixtures & Appliances",NASDAQ,585170,30.4,105.4,19,37,-13.41,56.1,76.0,4.3,6.5,11.1,10.2,71,52,70,74,56.7,0,0,0,0,0,0,1749813591.4453125,58056192.0,0.0683,0.113,593991,588600,0,63.2,-8.5,2026-06-11
850,HWC,Financial Services,Banks - Regional,NASDAQ,896224,70.84,105.39,14,19,-6.09,34.5,86.4,3.5,5.4,6.1,10.7,71,57,62,72,40.0,0,0,0,0,0,0,5630739596.932983,81157968.0,0.0958,-0.211,1022893,861478,0,57.8,5.0,2026-06-11
851,CRL,Healthcare,Diagnostics & Research,NYSE,901508,186.29,105.37,13,-12,-18.61,29.7,52.6,2.5,9.8,8.6,6.0,71,58,33,76,35.1,0,0,0,0,0,0,8734735981.804504,48167730.0,0.087,0.012,802205,873823,0,50.5,10.4,2026-06-11
852,NMR,Financial Services,Capital Markets,NYSE,1417610,8.52,105.28,17,23,-11.06,42.5,75.3,2.8,5.2,6.0,8.8,71,54,60,79,50.1,0,0,0,0,0,0,24579001604.40779,2922592396.0,0.0007,0.275,1543362,1617668,0,60.8,-3.7,2026-06-11
853,LXU,Basic Materials,Chemicals,NYSE,1085449,11.88,105.27,-21,-19,-31.01,63.4,46.7,-6.1,-9.9,-15.8,8.4,71,92,94,59,57.4,0,0,0,0,0,0,901393708.640256,71938845.0,0.0307,0.182,1004597,1248137,2,75.6,23.7,2026-06-11
854,ZM,Technology,Software - Application,NASDAQ,5325111,93.96,105.25,-6,-48,-18.11,32.3,53.6,-9.7,-8.6,-4.0,6.2,71,77,35,61,26.2,0,0,0,0,0,0,29798258798.54634,293232218.0,0.0252,0.055,4481334,4824582,0,49.8,32.8,2026-06-11
855,VCIG,Industrials,Consulting Services,NASDAQ,5433917,5.68,105.25,71,71,-99.91,664.4,0.1,-18.5,27.5,135.8,-96.5,71,0,0,0,0.1,0,0,0,0,0,0,45080645.75020599,6358342.0,0.0481,0.219,2634521,3369230,0,0.0,-0.0,2026-06-11
856,FA,Industrials,Specialty Business Services,NASDAQ,983901,15.84,105.22,1,-52,-16.68,73.9,68.6,-2.9,-0.4,11.8,13.7,71,70,17,31,3.2,0,0,0,0,0,0,2724008325.990857,171537047.0,0.16790001,0.086,706504,1003034,0,30.3,46.5,2026-06-11
857,ACHC,Healthcare,Medical Care Facilities,NASDAQ,2923266,23.91,105.16,-14,-20,-20.83,113.1,79.7,1.2,1.5,-3.0,19.4,71,85,79,9,19.0,0,0,0,0,0,0,2251352778.860836,91967027.0,0.3806,0.076,2430060,2832060,0,48.0,48.8,2026-06-11
858,BBIO,Healthcare,Biotechnology,NASDAQ,2845597,67.4,105.13,-4,10,-20.65,73.0,69.8,1.4,0.6,-3.9,0.6,71,75,89,95,66.2,0,0,0,0,0,0,13242178691.164215,195861242.0,0.1377,0.668,3101392,2689754,1,81.3,-1.0,2026-06-11
859,MET,Financial Services,Insurance - Life,NYSE,3433817,86.13,105.08,23,6,0.98,29.4,100.0,4.3,5.5,10.5,12.2,71,48,31,55,19.3,0,0,0,0,0,0,54363972083.18075,643436779.0,0.0189,0.027,3734321,3406036,0,38.3,14.7,2026-06-11
860,FLG,Financial Services,Banks - Regional,NYSE,3979874,14.48,105.06,6,-5,-2.95,37.2,93.6,3.0,4.6,4.0,13.0,71,65,54,64,31.3,0,0,0,0,0,0,5843748201.242821,416815122.0,0.0002,0.212,4231554,4391056,0,53.6,18.2,2026-06-11
861,UMBF,Financial Services,Banks - Regional,NASDAQ,716872,131.96,105.02,8,-6,-3.05,34.2,94.7,2.0,2.2,5.0,10.7,71,63,49,59,35.8,0,0,0,0,0,0,9871156072.718796,75978727.0,0.0559,0.49,607886,673225,0,51.7,15.8,2026-06-11
862,OSW,Consumer Cyclical,Leisure,NASDAQ,675297,23.81,104.92,9,10,-7.53,33.7,92.5,3.4,3.4,3.0,13.0,71,62,63,59,36.0,0,0,0,0,0,0,2443462312.240128,101514846.0,0.0641,0.127,527901,700360,0,55.0,13.5,2026-06-11
863,CVX,Energy,Oil & Gas Integrated,NYSE,9421177,189.8,104.92,0,14,-11.6,29.8,62.7,-0.8,-1.4,-1.6,8.5,71,71,85,37,40.7,0,0,0,0,0,0,373046166318.62085,1991597732.0,0.0101,0.023,7935692,10341922,0,58.4,20.5,2026-06-11
864,BCAT,Financial Services,Asset Management,NYSE,713101,15.6,104.9,0,0,-2.38,15.3,100.0,1.4,2.1,4.7,7.8,71,71,71,60,13.9,0,0,0,0,0,0,1619825693.6568594,104775271.0,1.37,,687583,645074,0,54.0,30.8,2026-06-11
865,CAVA,Consumer Cyclical,Restaurants,NYSE,3274479,81.56,104.9,7,30,-17.44,102.5,83.0,16.1,13.6,5.4,27.8,71,64,87,14,21.7,0,0,0,0,0,0,8456001767.875,116473856.0,0.1225,0.321,2851699,2972773,0,46.7,28.9,2026-06-11
866,EBC,Financial Services,Banks - Regional,NASDAQ,1958648,20.46,104.85,8,14,-9.37,46.2,84.1,3.4,4.4,3.2,8.2,71,63,69,72,46.1,0,0,0,0,0,0,4267352903.3583584,214979991.0,0.038900003,,2703894,2142300,0,62.5,6.0,2026-06-11
867,EOG,Energy,Oil & Gas E&P,NYSE,3409026,140.28,104.82,-2,0,-7.63,34.1,72.2,-1.3,-1.6,-0.4,13.3,71,73,75,24,25.9,0,0,0,0,0,0,73385558213.21869,532628530.0,0.0376,0.156,3416120,3749010,0,49.5,33.2,2026-06-11
868,KNTK,Energy,Oil & Gas Midstream,NYSE,1030902,47.62,104.81,-7,-16,-7.55,49.0,79.2,2.6,-1.4,-1.4,12.7,71,78,69,16,17.8,0,0,0,0,0,0,3326089372.382576,73602334.0,0.1034,-0.075,866626,1050183,0,45.2,43.4,2026-06-11
869,KSS,Consumer Cyclical,Department Stores,NYSE,5498280,15.87,104.8,33,54,-37.07,113.8,55.5,10.0,21.8,22.8,3.8,71,38,59,95,72.3,0,0,0,0,0,0,1753163896.1058664,113399993.0,0.2716,-0.02,7196861,4978214,1,66.1,-30.6,2026-06-11
870,OKE,Energy,Oil & Gas Midstream,NYSE,3893666,90.57,104.7,1,-1,-5.72,38.7,80.5,1.9,-0.5,1.1,12.9,71,70,68,26,18.1,0,0,0,0,0,0,55600399189.0,630032852.0,0.047399998,0.196,3419978,4127915,0,45.5,35.0,2026-06-11
871,USB,Financial Services,Banks - Regional,NYSE,8481534,56.81,104.69,7,10,-7.16,35.0,83.0,4.2,5.3,4.4,9.9,71,64,67,73,38.6,0,0,0,0,0,0,86382494008.01547,1551131193.0,0.0,0.046,8955164,8741144,0,60.7,10.6,2026-06-11
872,FIVE,Consumer Cyclical,Specialty Retail,NASDAQ,1376237,195.85,104.63,-13,-4,-22.17,65.8,63.7,-1.7,-4.7,-8.9,6.3,71,84,93,90,64.2,0,0,0,0,0,0,10532105572.469208,55295351.0,0.039,0.325,2204673,1293810,2,82.8,7.8,2026-06-11
873,CUZ,Real Estate,REIT - Office,NYSE,1945908,29.05,104.61,12,-18,-5.71,35.7,82.9,3.9,6.7,13.2,12.6,70,58,28,26,7.2,0,0,0,0,0,0,4556121908.644018,164540333.0,0.109,0.048,1778226,2000659,0,29.8,34.8,2026-06-11
874,SPNT,Financial Services,Insurance - Reinsurance,NYSE,713021,23.26,104.58,0,-8,-4.36,35.5,97.3,9.1,5.7,3.9,14.5,70,70,62,82,32.7,0,0,0,0,0,0,2553014982.8902245,117542130.0,0.0294,0.065,681363,723966,0,61.7,17.1,2026-06-11
875,AG,Basic Materials,Silver,NYSE,13010254,15.71,104.55,-26,-25,-50.97,116.1,37.6,-8.9,-12.6,-16.9,-5.2,70,96,97,96,78.1,0,0,0,0,0,0,8389144847.305115,493769568.0,1.54,0.954,11582143,13614078,3,91.8,8.8,2026-06-11
876,VG,Energy,Oil & Gas Midstream,NYSE,17563345,13.29,104.41,-12,-8,-31.85,115.4,52.2,0.5,-2.8,-1.9,17.1,70,82,86,4,1.7,0,0,0,0,0,0,31799783257.85369,2484358030.0,0.861,0.589,11285266,20843539,0,43.4,55.3,2026-06-11
877,WELL,Real Estate,REIT - Healthcare Facilities,NYSE,3618003,211.36,104.41,-5,2,-4.66,40.2,86.5,3.6,0.6,0.3,8.8,70,75,82,81,49.4,0,0,0,0,0,0,146074871968.22815,705914450.0,0.03,0.383,4087610,3209506,0,71.9,10.9,2026-06-11
878,TMHC,Consumer Cyclical,Residential Construction,NYSE,3242035,71.6,104.4,38,48,-1.24,31.2,100.0,2.3,12.8,16.9,15.0,70,32,42,37,29.8,0,0,0,0,0,0,6586114408.813934,92074857.0,0.0817,-0.268,7629077,2555377,0,35.2,-0.9,2026-06-11
879,BCS,Financial Services,Banks - Diversified,NYSE,5648262,23.64,104.39,13,18,-14.66,42.4,72.7,0.9,2.8,5.2,7.8,70,57,62,87,50.6,0,0,0,0,0,0,82161223278.52719,3385299618.0,0.64,0.039,4995586,6396561,0,64.1,-3.3,2026-06-11
880,SFNC,Financial Services,Banks - Regional,NASDAQ,1124836,21.95,104.38,13,0,-1.04,28.6,100.0,3.1,4.0,5.3,12.0,70,57,44,39,25.1,0,0,0,0,0,0,3130485619.152479,145064209.0,0.042,0.241,1503940,1209058,0,41.3,20.8,2026-06-11
881,SPXC,Industrials,Building Products & Equipment,NYSE,618205,223.63,104.37,30,63,-9.34,51.2,89.2,2.4,7.4,9.1,12.4,70,40,73,84,52.4,0,0,0,0,0,0,11404770476.985764,50064839.0,0.0418,0.174,631377,564815,0,62.3,-18.3,2026-06-11
882,WSM,Consumer Cyclical,Specialty Retail,NYSE,1186569,206.94,104.32,41,68,-6.78,42.1,97.1,5.6,11.4,14.8,13.2,70,29,56,51,48.5,0,0,0,0,0,0,24135699819.712204,117746611.0,0.056399997,0.044,1020358,1124415,0,46.1,-16.9,2026-06-11
883,UNP,Industrials,Railroads,NYSE,2918844,267.03,104.29,3,-3,-4.53,24.8,82.8,0.7,-0.0,2.4,11.3,70,67,61,59,28.0,0,0,0,0,0,0,161679986512.64545,593713213.0,0.0542,0.032,3265444,3016248,0,53.8,21.7,2026-06-11
884,FHB,Financial Services,Banks - Regional,NASDAQ,1574116,28.01,104.28,13,-1,-1.2,23.6,100.0,3.0,3.7,4.8,9.5,70,57,43,58,25.4,0,0,0,0,0,0,3327099457.9554005,121648973.0,0.1535,0.074,1346078,1675803,0,45.9,17.0,2026-06-11
885,BLLN,Healthcare,Diagnostics & Research,NASDAQ,797026,99.26,104.26,32,10,-28.44,55.6,53.8,1.7,7.8,14.1,,70,38,16,24,,0,0,0,0,0,0,4470301202.253662,45995484.0,0.0588,0.838,834649,642721,0,26.0,,2026-06-11
886,FIBK,Financial Services,Banks - Regional,NASDAQ,1217903,36.22,104.25,9,15,-7.74,40.8,81.3,2.8,3.6,4.7,7.0,70,61,67,75,41.1,0,0,0,0,0,0,3455372176.384346,97142879.0,0.144,0.036,927491,1229144,0,61.0,6.6,2026-06-11
887,EPD,Energy,Oil & Gas Midstream,NYSE,3809304,37.87,104.24,-4,-1,-5.73,23.5,73.8,-0.8,-2.6,-1.9,8.5,70,74,77,52,26.8,0,0,0,0,0,0,81802628797.6502,2163518271.0,0.0257,-0.067,2575962,4372962,0,57.5,27.7,2026-06-11
888,SJM,Consumer Defensive,Packaged Foods,NYSE,1904927,117.05,104.18,37,63,-1.96,30.5,99.2,10.4,12.3,17.8,13.0,70,33,59,37,34.3,0,0,0,0,0,0,11042367046.899452,106648319.0,0.0548,0.07,2006651,1911082,0,40.8,-4.0,2026-06-11
889,ENB,Energy,Oil & Gas Midstream,NYSE,4588368,56.44,104.16,0,7,-3.44,28.9,88.9,1.1,0.4,3.2,11.6,70,70,77,56,33.4,0,0,0,0,0,0,122963948127.50069,2183696415.0,0.022,0.208,3960205,4521585,0,59.1,20.4,2026-06-11
890,MTB,Financial Services,Banks - Regional,NYSE,983594,223.93,104.1,17,24,-6.31,28.0,83.0,3.4,5.8,5.7,10.8,70,53,60,64,32.6,0,0,0,0,0,0,32575239503.931885,146445060.0,0.0432,0.057,1083064,996524,0,52.4,7.3,2026-06-11
891,NWE,Utilities,Utilities - Regulated Electric,NASDAQ,502168,69.72,104.09,-1,3,-7.26,36.7,82.7,0.3,-1.3,-1.9,5.6,70,71,75,79,43.0,0,0,0,0,0,0,4334469962.603027,61508016.0,0.047199998,0.066,691404,504574,0,67.0,12.0,2026-06-11
892,HRI,Industrials,Rental & Leasing Services,NYSE,533428,141.38,104.07,34,25,-24.94,56.5,57.1,3.3,4.7,14.6,6.0,70,36,27,73,26.2,0,0,0,0,0,0,4564161966.10199,33393051.0,0.0862,0.323,523564,589398,0,40.5,-1.6,2026-06-11
893,KO,Consumer Defensive,Beverages - Non-Alcoholic,NYSE,15575606,83.59,104.06,6,13,1.13,25.7,94.1,3.4,2.6,5.1,12.4,70,64,71,61,23.3,0,0,0,0,0,0,341961317025.7878,4302482418.0,0.0113,0.121,18636210,14889302,0,54.8,20.2,2026-06-11
894,GNL,Real Estate,REIT - Diversified,NYSE,2237306,9.47,104.01,3,17,-5.63,37.2,82.0,0.2,0.2,-0.0,6.9,70,67,81,73,31.3,0,0,0,0,0,0,1990036397.6508892,211931451.0,0.0001,-0.175,2594879,1916187,0,63.1,15.2,2026-06-11
895,BLMN,Consumer Cyclical,Restaurants,NASDAQ,2708177,7.41,104.0,-3,-54,-30.75,53.2,53.0,5.7,3.5,14.9,18.2,70,73,22,25,8.8,0,0,0,0,0,0,622415864.8570371,85614287.0,0.1046,0.01,2049993,2466992,0,32.2,46.8,2026-06-11
896,ZETA,Technology,Software - Infrastructure,NYSE,9925889,19.93,103.98,32,63,-23.2,65.0,60.4,-10.7,-2.2,9.0,7.1,70,38,69,57,58.4,0,0,0,0,0,0,5488652928.521084,249257621.0,0.1383,0.499,10452209,8586405,0,55.6,-17.1,2026-06-11
897,WBS,Financial Services,Banks - Regional,NYSE,3153854,71.83,103.98,-2,3,-2.93,44.2,97.3,1.0,1.2,1.5,11.7,70,72,77,70,44.0,0,0,0,0,0,0,11709654466.547806,162026498.0,0.0,0.087,3104744,3000256,0,65.8,13.9,2026-06-11
898,TJX,Consumer Cyclical,Apparel Retail,NYSE,6235717,167.66,103.97,12,27,1.11,38.7,100.0,5.3,7.2,7.0,11.0,70,58,73,78,44.7,0,0,0,0,0,0,177537058933.49893,1104704446.0,0.0128,0.092,6705842,5343398,0,63.4,1.2,2026-06-11
899,LUV,Industrials,Airlines,NYSE,6263187,41.4,103.93,11,26,-24.88,52.4,59.2,5.0,7.3,9.9,13.4,70,59,74,84,40.3,0,0,0,0,0,0,20303660485.5057,488773713.0,0.0637,0.128,5478481,6907090,0,64.3,2.9,2026-06-11
900,FLS,Industrials,Specialty Industrial Machinery,NYSE,2612149,72.86,103.9,12,37,-21.16,69.8,69.7,3.7,8.1,3.1,10.7,70,58,83,84,64.8,0,0,0,0,0,0,9393816043.5,127807021.0,0.060599998,-0.067,1732279,2450743,0,72.5,-11.1,2026-06-11
901,AUB,Financial Services,Banks - Regional,NYSE,968677,38.77,103.88,10,5,-8.08,32.3,80.9,4.2,5.0,5.0,8.7,69,59,54,62,32.5,0,0,0,0,0,0,5432670778.093689,143115672.0,0.0879,0.862,973563,1000856,0,51.9,13.2,2026-06-11
902,JHG,Financial Services,Asset Management,NYSE,2344101,51.72,103.88,-3,4,-3.79,43.4,91.9,0.1,0.1,0.3,8.5,69,72,79,67,50.3,0,0,0,0,0,0,7974953263.229206,154075609.0,0.0361,0.11,2015564,2137692,0,67.1,11.2,2026-06-11
903,RNST,Financial Services,Banks - Regional,NYSE,694329,41.95,103.85,10,-3,-0.38,26.5,100.0,3.5,4.0,5.8,12.5,69,59,46,50,25.6,0,0,0,0,0,0,3767470828.555298,92272120.0,0.061300002,0.602,649538,670333,0,45.2,19.8,2026-06-11
904,ASB,Financial Services,Banks - Regional,NYSE,1730943,28.62,103.82,8,-3,-3.05,28.0,93.9,3.9,4.0,4.3,9.1,69,61,50,66,30.1,0,0,0,0,0,0,5244336268.599672,188917011.0,0.0,0.122,1767351,1945874,0,51.8,15.6,2026-06-11
905,ARQT,Healthcare,Biotechnology,NASDAQ,1949614,23.23,103.79,13,36,-26.88,85.4,63.2,11.6,14.7,8.9,3.5,69,56,79,94,70.4,0,0,0,0,0,0,2655519972.7613754,125083374.0,0.1496,0.601,1420254,1599904,1,74.8,-17.1,2026-06-11
906,NVDA,Technology,Semiconductors,NASDAQ,169956267,200.42,103.77,-10,-13,-15.27,44.3,67.1,-3.3,-5.2,-0.7,8.3,69,79,76,78,51.5,0,0,0,0,0,0,4967727247833.252,24221000000.0,0.0128,0.852,185830292,162109340,0,71.1,14.3,2026-06-11
907,CWEN,Utilities,Utilities - Renewable,NYSE,1125005,37.4,103.77,0,15,-10.4,35.1,73.3,-4.9,-3.1,-3.9,6.4,69,69,84,72,33.6,0,0,0,0,0,0,6190772093.19471,155781878.0,0.0635,0.188,1039985,987269,0,64.6,15.6,2026-06-11
908,PECO,Real Estate,REIT - Retail,NASDAQ,921040,41.57,103.74,3,5,1.22,25.7,97.8,3.2,3.3,5.0,13.1,69,66,68,44,24.3,0,0,0,0,0,0,5077706724.428558,125966424.0,0.0398,0.07,945630,906546,0,50.6,25.1,2026-06-11
909,STGW,Communication Services,Advertising Agencies,NASDAQ,1570573,6.53,103.73,-1,-1,-13.16,52.9,73.2,-2.4,-0.4,-0.1,15.2,69,70,70,45,47.3,0,0,0,0,0,0,1596182131.2223406,247854366.0,0.109799996,0.08,1470400,1446492,0,58.1,16.3,2026-06-11
910,RF,Financial Services,Banks - Regional,NYSE,10541389,28.58,103.72,14,19,-9.36,34.3,78.2,2.3,3.8,4.1,7.0,69,55,60,72,40.5,0,0,0,0,0,0,24355452795.8123,853379538.0,0.0847,0.073,10788228,10434085,0,56.9,3.4,2026-06-11
911,TPC,Industrials,Engineering & Construction,NYSE,549398,68.72,103.72,-15,-8,-31.28,76.1,57.3,2.1,-0.6,-8.8,1.7,69,84,91,94,71.7,0,0,0,0,0,0,3723381045.1173096,52791452.0,0.0476,0.115,499074,509214,2,85.2,3.5,2026-06-11
912,DNLI,Healthcare,Biotechnology,NASDAQ,1949959,20.61,103.7,-5,5,-13.29,64.9,82.8,4.0,6.7,6.6,15.5,69,74,84,70,48.1,0,0,0,0,0,0,3098014138.891552,158709737.0,0.0933,,1775249,1707959,0,69.0,12.8,2026-06-11
913,ALH,Consumer Cyclical,"Furnishings, Fixtures & Appliances",NYSE,687556,25.1,103.69,22,4,-8.66,35.6,86.1,2.0,3.7,4.6,,69,47,29,25,,0,0,0,0,0,0,4975146581.073624,198608652.0,0.0725,0.096,615159,878953,0,33.7,,2026-06-11
914,FNB,Financial Services,Banks - Regional,NYSE,4704038,18.11,103.63,8,7,-5.38,34.3,88.1,3.6,4.3,4.0,8.0,69,61,60,74,39.7,0,0,0,0,0,0,6297002447.915258,355963949.0,0.099,0.096,5071794,5947688,0,58.7,8.1,2026-06-11
915,BTU,Energy,Thermal Coal,NYSE,3901770,26.26,103.63,13,52,-36.17,108.1,51.0,-6.9,-1.0,-2.6,-10.3,69,56,95,91,75.6,0,0,0,0,0,0,3423536261.3759937,121834029.0,0.16399999,0.039,5154992,3600892,2,79.4,-20.7,2026-06-11
916,CDP,Real Estate,REIT - Office,NYSE,941368,34.19,103.58,6,14,2.58,25.7,100.0,4.9,5.9,7.2,12.7,69,63,71,43,29.2,0,0,0,0,0,0,3701755402.949394,113376883.0,0.0712,0.073,1022436,919681,0,51.6,20.1,2026-06-11
917,SRRK,Healthcare,Biotechnology,NASDAQ,1232723,44.09,103.56,-14,-36,-15.51,60.1,71.1,-1.5,-5.5,-6.7,6.9,69,83,61,81,41.0,0,0,0,0,0,0,5308395281.978233,119828338.0,0.16379999,,1159849,1415213,0,66.5,23.6,2026-06-11
918,COLM,Consumer Cyclical,Apparel Manufacturing,NASDAQ,575118,64.46,103.51,21,9,-5.62,35.9,93.5,1.6,4.5,8.6,17.3,69,48,36,28,12.7,0,0,0,0,0,0,3284261724.6677246,51140792.0,0.1173,0.001,459434,561350,0,31.2,22.8,2026-06-11
919,HTFL,Healthcare,Health Information Services,NASDAQ,1160127,29.43,103.5,26,2,-28.61,49.7,52.4,4.1,5.3,5.1,2.2,69,43,19,25,,0,0,0,0,0,0,2423367299.698265,86240828.0,0.0586,0.413,1154413,1163422,0,29.0,,2026-06-11
920,IMTX,Healthcare,Biotechnology,NASDAQ,607298,8.87,103.47,-20,-19,-28.53,78.0,58.6,-8.6,-13.9,-16.1,-6.6,69,89,90,91,58.5,0,0,0,0,0,0,1338030240.976333,136673161.0,0.0509,-0.59,675996,482287,2,82.1,14.8,2026-06-11
921,WAT,Healthcare,Diagnostics & Research,NYSE,1131319,363.18,103.41,13,-17,-12.31,29.5,60.8,-3.1,1.2,7.2,4.8,69,56,26,68,11.8,0,0,0,0,0,0,35873182544.53064,98185855.0,0.0401,0.914,1144327,1030531,0,40.4,22.7,2026-06-11
922,B,Basic Materials,Gold,NYSE,13792684,37.19,103.39,-20,-18,-32.0,93.2,57.6,-4.0,-4.5,-5.7,-2.8,69,89,91,95,75.4,0,0,0,0,0,0,66274584120.93666,1679538410.0,1.06,0.667,14370472,12436250,2,87.6,5.4,2026-06-11
923,NTRA,Healthcare,Diagnostics & Research,NASDAQ,1597930,216.5,103.38,6,7,-15.55,64.0,70.9,0.7,4.9,6.2,6.8,69,63,64,85,43.6,0,0,0,0,0,0,30835703548.77307,143215382.0,0.0272,0.388,1397391,1483838,0,63.9,5.2,2026-06-11
924,WPC,Real Estate,REIT - Diversified,NYSE,1365268,75.84,103.33,0,3,0.2,23.3,98.2,1.6,1.7,3.2,8.8,69,69,72,60,28.6,0,0,0,0,0,0,16591835455.627935,222739105.0,0.060700003,0.089,1637426,1343379,0,57.4,21.7,2026-06-11
925,FOXA,Communication Services,Entertainment,NASDAQ,2856833,68.0,103.32,2,-24,-10.98,27.2,65.2,2.7,3.9,6.5,6.9,69,67,41,83,35.5,0,0,0,0,0,0,28106262353.888622,420186315.0,0.16530001,-0.086,2704661,3037706,0,56.6,15.2,2026-06-11
926,IAG,Basic Materials,Gold,NYSE,5816932,14.84,103.31,-23,-19,-40.33,139.5,52.7,-1.7,-3.3,-8.7,-1.1,69,92,96,96,82.3,0,0,0,0,0,0,8912760044.0979,578000000.0,0.44,1.159,5217467,6263803,3,91.6,3.6,2026-06-11
927,NJR,Utilities,Utilities - Regulated Gas,NYSE,581176,55.33,103.3,-4,1,-5.53,23.5,73.6,-0.2,-2.6,-2.7,8.0,69,73,78,48,30.7,0,0,0,0,0,0,5592064344.53059,100921573.0,0.028399998,0.029,547978,534003,0,57.4,25.6,2026-06-11
928,SHC,Healthcare,Diagnostics & Research,NASDAQ,3940912,16.27,103.26,26,24,-18.04,49.8,64.8,3.9,4.7,5.1,0.9,69,43,41,80,43.9,0,0,0,0,0,0,4454308413.645227,285166994.0,0.0797,0.1,2556628,3456005,0,52.0,-7.6,2026-06-11
929,CARR,Industrials,Building Products & Equipment,NYSE,6972942,67.97,103.26,25,19,-16.18,38.5,63.8,3.3,6.1,9.5,17.1,69,44,38,21,8.5,0,0,0,0,0,0,55781784250.35635,830580423.0,0.028299998,0.024,7796128,6763759,0,27.9,23.0,2026-06-11
930,HL,Basic Materials,Other Precious Metals & Mining,NYSE,16265830,14.05,103.25,-25,-23,-58.88,168.2,35.9,-6.2,-10.3,-16.8,-14.6,69,94,96,98,85.3,0,0,0,1,0,1,9913129137.240467,670712403.0,0.0,1.004,20331772,14635358,3,93.3,3.3,2026-06-11
931,FLYW,Technology,Software - Infrastructure,NASDAQ,2525777,14.23,103.24,-16,-55,-21.16,43.1,60.1,-0.4,-4.2,2.4,9.6,69,85,46,69,51.6,0,0,0,0,0,0,1777217424.919815,123417880.0,0.0364,0.41,2432472,2114234,0,62.9,23.8,2026-06-11
932,TNL,Consumer Cyclical,Travel Services,NYSE,936065,71.21,103.18,19,46,-12.09,54.0,83.4,3.8,8.3,6.8,8.4,69,50,77,85,54.0,0,0,0,0,0,0,4475838538.795456,62424529.0,0.0681,0.029,1027095,927055,0,66.5,-11.7,2026-06-11
933,OIS,Energy,Oil & Gas Equipment & Services,NYSE,907766,8.39,103.06,-16,-4,-42.14,74.4,38.2,0.8,-1.6,-13.4,1.6,68,84,96,78,66.0,0,0,0,0,0,0,488770522.91141033,60193415.0,0.028399998,-0.091,816310,834152,1,81.0,9.0,2026-06-11
934,KRC,Real Estate,REIT - Office,NYSE,1665668,38.42,103.05,17,-11,-14.68,39.6,65.7,5.7,9.2,16.8,5.4,68,51,23,55,17.7,0,0,0,0,0,0,4305804081.268097,116278807.0,0.1304,-0.003,1961834,1976728,0,36.7,18.7,2026-06-11
935,CP,Industrials,Railroads,NYSE,3136861,89.6,103.0,4,4,-2.08,29.7,91.3,-0.3,0.9,4.6,13.9,68,64,64,39,19.0,0,0,0,0,0,0,79834135082.63565,887736404.0,0.0138,-0.025,2943464,2973424,0,46.5,27.5,2026-06-11
936,PVH,Consumer Cyclical,Apparel Manufacturing,NYSE,1242297,78.32,102.94,1,-35,-22.26,34.4,55.2,-4.3,-5.0,-6.8,5.4,68,67,31,31,36.7,0,0,0,0,0,0,3584560997.206833,46074047.0,0.1232,0.021,1868052,1317408,0,41.4,25.9,2026-06-11
937,AEG,Financial Services,Insurance - Diversified,NYSE,4409161,8.32,102.94,2,-20,-5.56,27.7,90.2,2.2,1.0,4.2,10.2,68,66,44,65,27.9,0,0,0,0,0,0,12463209386.530396,1512525453.0,0.0023999999,-0.137,5266414,5064932,0,50.7,21.5,2026-06-11
938,RHI,Industrials,Staffing & Employment Services,NYSE,1917126,31.24,102.85,40,27,-31.6,44.5,43.9,2.8,10.4,16.0,11.0,68,28,15,12,1.0,0,0,0,0,0,0,3197697615.5531445,102293589.0,0.29,-0.038,1996380,2419800,0,14.0,18.0,2026-06-11
939,FR,Real Estate,REIT - Industrial,NYSE,923148,62.41,102.83,-3,-2,-3.48,32.0,90.4,2.2,1.5,1.8,8.4,68,71,72,69,37.1,0,0,0,0,0,0,8163686952.663696,132570424.0,0.0375,0.1,988794,897656,0,62.3,17.2,2026-06-11
940,CLPT,Healthcare,Medical Devices,NASDAQ,596160,13.75,102.83,32,32,-54.32,59.8,24.7,4.3,11.0,20.9,-2.9,68,36,36,68,13.0,0,0,0,0,0,0,386565477.36609936,29989563.0,0.1549,0.429,663371,555040,0,38.2,5.1,2026-06-11
941,LYB,Basic Materials,Specialty Chemicals,NYSE,5392927,65.15,102.8,-18,-17,-22.39,50.1,52.8,-3.2,-7.2,-11.3,11.1,68,86,87,16,13.7,0,0,0,0,0,0,20819617858.5,322784773.0,0.04,-0.063,4897473,6184628,0,50.7,50.0,2026-06-11
942,CSWC,Financial Services,Asset Management,NASDAQ,661115,23.58,102.8,-1,-11,-3.48,20.3,81.8,0.1,0.4,-0.1,4.8,68,69,59,57,18.8,0,0,0,0,0,0,1442286193.5684662,62140726.0,0.0716,-0.04,639136,664307,0,51.0,28.5,2026-06-11
943,MC,Financial Services,Capital Markets,NYSE,890509,66.8,102.8,29,16,-14.6,34.2,66.6,0.6,3.3,5.5,3.4,68,39,26,56,28.9,0,0,0,0,0,0,5047176984.875702,74376318.0,0.0729,0.043,812808,1010661,0,37.5,3.0,2026-06-11
944,MDU,Utilities,Utilities - Regulated Gas,NYSE,1873133,21.14,102.73,-8,-8,-8.01,31.9,72.8,-0.4,-3.0,-4.3,4.2,68,76,76,75,35.4,0,0,0,0,0,0,4464368800.207153,209006024.0,0.0646,-0.102,1600140,1690088,0,65.6,20.5,2026-06-11
945,BIP,Utilities,Utilities - Diversified,NYSE,918251,38.99,102.72,3,15,-3.3,28.7,83.3,-1.1,-1.2,2.5,7.8,68,65,77,65,25.0,0,0,0,0,0,0,17848294800.642048,460007607.0,0.92,0.169,739035,871285,0,58.0,18.8,2026-06-11
946,TFC,Financial Services,Banks - Regional,NYSE,7630650,49.76,102.71,14,15,-11.46,30.0,69.5,3.9,5.1,3.2,6.0,68,54,55,74,35.0,0,0,0,0,0,0,61297261280.53046,1245879275.0,0.0231,0.052,9570721,8219382,0,54.5,5.4,2026-06-11
947,ARCO,Consumer Cyclical,Restaurants,NYSE,1319198,8.38,102.71,0,-7,-14.05,33.9,75.0,3.5,2.5,0.7,12.1,68,68,61,42,27.1,0,0,0,0,0,0,1727437027.2192106,210663057.0,0.0278,0.129,1195566,1213199,0,49.5,26.4,2026-06-11
948,XERS,Healthcare,Drug Manufacturers - Specialty & Generic,NASDAQ,1677035,6.71,102.67,33,36,-33.43,59.3,46.5,10.3,10.9,12.0,-1.9,68,35,38,85,58.2,0,0,0,0,0,0,1066927870.2640272,172642055.0,0.074099995,0.383,1603505,1571479,0,54.0,-21.9,2026-06-11
949,CRNC,Technology,Software - Application,NASDAQ,1226207,9.95,102.67,8,-34,-27.57,81.2,64.0,-6.6,-1.5,12.1,7.8,68,60,18,75,20.5,0,0,0,0,0,0,479442637.975997,45187809.0,0.1358,-0.177,1144401,989382,0,43.4,20.9,2026-06-11
950,PSO,Communication Services,Publishing,NYSE,952913,15.34,102.66,2,-29,-1.92,27.1,93.4,0.4,1.1,4.5,10.9,68,66,35,33,12.2,0,0,0,0,0,0,9342484679.66489,600416737.0,0.0064999997,0.032,908929,1005755,0,36.6,36.6,2026-06-11
951,NTLA,Healthcare,Biotechnology,NASDAQ,6800075,12.2,102.52,-14,-8,-56.81,53.6,21.6,-7.3,-5.6,-9.5,-7.8,68,82,88,17,54.2,0,0,0,0,0,0,1891839625.250018,139722277.0,0.4678,-0.095,5074987,6163365,0,60.3,26.3,2026-06-11
952,PPLI,Communication Services,Internet Content & Information,NASDAQ,1352881,42.28,102.51,1,-14,-8.74,34.6,78.8,-1.2,0.3,-0.2,11.9,68,67,52,51,24.1,0,0,0,0,0,0,3101958639.9531555,74387496.0,0.19,-0.122,1239773,1194700,0,48.5,26.1,2026-06-11
953,CLH,Industrials,Waste Management,NYSE,591894,288.64,102.5,-7,0,-8.94,42.2,76.0,1.1,-0.3,-3.1,10.3,68,75,82,59,39.3,0,0,0,0,0,0,14957012372.450684,52846032.0,0.0207,0.019,473933,539782,0,63.8,20.4,2026-06-11
954,TTC,Industrials,Tools & Accessories,NYSE,919216,91.25,102.44,-2,12,-13.25,36.9,72.2,2.2,2.3,-0.7,7.8,68,70,84,35,39.9,0,0,0,0,0,0,8304967572.954758,95229534.0,0.0497,0.081,1346318,815893,0,57.2,20.7,2026-06-11
955,D,Utilities,Utilities - Regulated Electric,NYSE,8546944,66.77,102.41,12,26,-3.19,24.0,89.0,0.7,0.4,3.9,8.2,68,56,70,63,29.4,0,0,0,0,0,0,58839386521.62955,879512484.0,0.0368,0.231,8634202,6739358,0,54.6,10.5,2026-06-11
956,VRSN,Technology,Software - Infrastructure,NASDAQ,798038,288.09,102.4,-5,-39,-7.81,32.2,69.1,-3.6,-5.5,-1.0,8.1,68,73,39,37,10.4,0,0,0,0,0,0,26837721221.92383,91000000.0,0.0229,0.066,834724,862914,0,39.9,41.9,2026-06-11
957,FOX,Communication Services,Entertainment,NASDAQ,999136,61.03,102.35,3,-21,-10.48,25.1,65.8,3.0,4.2,6.7,6.7,68,65,41,80,31.9,0,0,0,0,0,0,25160756991.007404,420186315.0,0.08,-0.086,1127680,1176438,0,54.5,15.9,2026-06-11
958,AAP,Consumer Cyclical,Auto Parts,NYSE,2241746,59.36,102.23,7,19,-15.2,56.4,78.8,3.6,7.9,8.1,14.5,67,60,72,32,23.0,0,0,0,0,0,0,3427302389.32956,60329208.0,0.3039,0.012,2026770,1852506,0,46.8,22.9,2026-06-11
959,PSA,Real Estate,REIT - Industrial,NYSE,890886,323.87,102.22,4,-1,3.3,25.6,100.0,4.8,6.1,7.4,12.5,67,63,58,33,15.4,0,0,0,0,0,0,54363005954.90454,175545748.0,0.0513,0.032,951460,967836,0,42.4,30.3,2026-06-11
960,SKE,Basic Materials,Other Industrial Metals & Mining,NYSE,600308,24.89,102.19,-26,-25,-35.8,87.8,50.2,-7.0,-9.9,-14.8,2.1,67,93,94,94,72.2,0,0,0,0,0,0,3249770109.418211,124084385.0,6.08,,571404,629926,3,88.3,10.1,2026-06-11
961,FHN,Financial Services,Banks - Regional,NYSE,3766023,24.72,102.18,8,7,-6.93,30.8,82.6,3.0,3.6,3.2,7.2,67,59,58,72,33.7,0,0,0,0,0,0,11466766289.65907,474617813.0,0.0002,0.097,4470191,4382638,0,55.7,10.2,2026-06-11
962,JFB,Real Estate,Real Estate - Development,NASDAQ,534376,5.25,102.16,10,51,-70.09,129.1,20.5,-5.9,-3.9,-8.6,-30.0,67,57,98,99,78.8,0,0,1,1,0,2,85391444.6316719,15330600.0,10.7152,1.145,1104469,393665,2,83.2,-23.4,2026-06-11
963,AES,Utilities,Utilities - Diversified,NYSE,11187026,14.63,102.15,12,29,-17.11,44.5,63.4,-0.1,0.1,1.2,2.5,67,55,72,69,41.3,0,0,0,0,0,0,10462023704.119616,713157713.0,0.0249,0.087,8966618,10205309,0,59.3,2.3,2026-06-11
964,IHS,Real Estate,Real Estate Services,NYSE,1196834,8.3,102.12,-2,16,-7.26,52.1,86.6,-0.2,-0.1,0.3,9.1,67,69,87,88,51.2,0,0,0,0,0,0,2794369364.214897,336671000.0,0.0041,0.059,1202082,1070430,0,73.8,3.3,2026-06-11
965,DLX,Industrials,Conglomerates,NYSE,515300,23.3,102.1,-10,3,-27.35,56.9,49.0,-1.0,-1.7,-13.2,-1.6,67,77,90,82,54.5,0,0,0,0,0,0,1060358845.7739068,45784061.0,0.1065,0.003,393330,447116,1,75.9,9.0,2026-06-11
966,NTST,Real Estate,REIT - Retail,NYSE,1279651,20.39,102.03,-4,3,-4.27,23.7,79.1,0.9,-0.2,-0.4,6.1,67,71,78,60,33.3,0,0,0,0,0,0,1952478250.1444817,97672750.0,0.3533,0.243,1356835,1328737,0,60.6,20.4,2026-06-11
967,ALGT,Industrials,Airlines,NASDAQ,646132,80.15,102.03,13,32,-32.08,78.8,56.9,0.6,3.5,4.7,8.5,67,54,73,87,56.1,0,0,0,0,0,0,2260719017.1741943,26874928.0,0.0717,0.048,521907,574145,0,67.5,-9.6,2026-06-11
968,RVTY,Healthcare,Diagnostics & Research,NYSE,1544694,101.29,102.03,14,-6,-14.38,23.4,54.3,0.1,2.6,7.6,6.6,67,53,33,41,14.5,0,0,0,0,0,0,10974135176.418068,111559773.0,0.1279,0.07,1630353,1333518,0,35.4,23.6,2026-06-11
969,AVA,Utilities,Utilities - Diversified,NYSE,705429,42.39,102.01,14,25,-2.55,18.2,85.8,0.6,1.3,1.9,5.8,67,53,64,60,20.2,0,0,0,0,0,0,3505522049.2845154,82638430.0,0.048499998,-0.076,930919,623075,0,49.3,13.9,2026-06-11
970,HOG,Consumer Cyclical,Recreational Vehicles,NYSE,2700667,24.42,102.0,2,-42,-21.86,49.7,61.8,4.3,5.6,8.5,9.8,67,65,21,19,10.9,0,0,0,0,0,0,2578020691.885998,105268302.0,0.1872,-0.118,2006071,2908414,0,29.0,40.7,2026-06-11
971,TROW,Financial Services,Asset Management,NASDAQ,2071835,106.43,101.99,8,-16,-9.97,25.6,87.2,2.5,3.9,7.5,7.2,67,59,35,56,21.7,0,0,0,0,0,0,22710117112.217148,214266606.0,0.1358,0.053,2164297,2076811,0,42.9,21.6,2026-06-11
972,EFC,Real Estate,REIT - Mortgage,NYSE,1230811,13.61,101.93,4,-19,-3.61,20.6,85.7,0.8,0.9,3.6,3.3,67,63,40,67,14.5,0,0,0,0,0,0,1699083629.1169355,125393624.0,0.0573,0.765,1094825,1259795,0,46.1,25.8,2026-06-11
973,BAC,Financial Services,Banks - Diversified,NYSE,36400622,54.54,101.91,16,9,-5.23,25.1,84.1,3.3,5.7,5.6,5.9,67,51,44,75,32.2,0,0,0,0,0,0,382009487737.5756,7096590651.0,0.0,0.081,41426576,35531953,0,50.5,5.3,2026-06-11
974,WMB,Energy,Oil & Gas Midstream,NYSE,6613584,72.26,101.9,-8,-1,-9.77,26.7,66.0,0.0,-3.6,-2.5,8.1,67,75,82,48,31.2,0,0,0,0,0,0,88006954029.71164,1222998265.0,0.0187,0.09,6513292,6316378,0,59.0,26.6,2026-06-11
975,OSPN,Technology,Software - Infrastructure,NASDAQ,580900,14.13,101.76,30,13,-22.06,41.0,52.7,-1.5,4.3,16.0,11.6,67,37,20,20,3.6,0,0,0,0,0,0,524580813.3578301,37072850.0,0.0813,0.041,614970,527660,0,20.1,21.8,2026-06-11
976,MOH,Healthcare,Healthcare Plans,NYSE,977238,197.89,101.74,-11,-71,-36.48,57.5,38.4,1.8,3.9,10.5,15.4,67,78,18,13,0.7,0,0,0,0,0,0,9943806031.799316,52100000.0,0.065,-0.043,943505,1142783,0,27.4,57.6,2026-06-11
977,QRVO,Technology,Semiconductors,NASDAQ,1308160,95.0,101.73,11,-5,-13.23,28.5,67.2,-2.7,-2.2,7.2,12.2,67,56,40,64,27.3,0,0,0,0,0,0,8649983675.001434,88013673.0,0.0998,-0.07,1371870,1184716,0,46.8,14.4,2026-06-11
978,PLAB,Technology,Semiconductor Equipment & Materials,NASDAQ,1715437,28.63,101.72,-28,-36,-48.88,68.8,34.1,-0.6,-23.0,-31.4,-7.9,67,95,87,89,65.2,0,0,0,0,0,0,1718870362.6061058,58966394.0,0.0709,-0.005,3543703,1379548,1,84.1,16.9,2026-06-11
979,AVGO,Technology,Semiconductors,NASDAQ,26391950,372.1,101.69,-16,-28,-24.83,55.0,58.8,-8.6,-8.5,-4.8,7.8,67,83,71,84,60.9,0,0,0,0,0,0,1826303610630.9385,4734668184.0,0.0115,0.479,42227060,24822492,0,74.7,12.0,2026-06-11
980,FHI,Financial Services,Asset Management,NYSE,798735,57.33,101.63,0,12,-2.91,37.7,97.4,1.9,3.7,3.0,8.0,67,67,79,73,46.9,0,0,0,0,0,0,4329298507.923187,75912653.0,0.05,0.131,812415,824337,0,66.5,7.7,2026-06-11
981,ALV,Consumer Cyclical,Auto Parts,NYSE,714987,124.13,101.57,17,5,-6.08,28.8,92.1,0.7,3.5,8.9,8.1,67,50,38,68,29.2,0,0,0,0,0,0,9549567212.50818,74863338.0,0.0616,0.068,713882,780402,0,46.3,8.0,2026-06-11
982,CFR,Financial Services,Banks - Regional,NYSE,557216,144.5,101.49,15,24,-3.0,21.9,96.4,5.0,5.5,4.3,9.6,67,52,61,50,22.0,0,0,0,0,0,0,8801634477.649658,62797048.0,0.00029999999,0.078,540999,525677,0,46.3,14.5,2026-06-11
983,FTV,Technology,Scientific & Technical Instruments,NYSE,3416129,60.06,101.48,2,-12,-4.37,28.5,81.9,-1.0,0.1,0.1,9.4,67,65,51,55,18.3,0,0,0,0,0,0,18681882994.7352,304861021.0,0.056900002,0.077,4058417,3162519,0,47.3,26.8,2026-06-11
984,VLRS,Industrials,Airlines,NYSE,554448,7.22,101.46,3,12,-33.15,82.6,53.7,0.7,5.6,3.3,0.0,67,64,73,83,61.1,0,0,0,0,0,0,844186370.546546,114855290.0,0.0279,0.136,528054,570008,0,70.3,-3.2,2026-06-11
985,DCH,Consumer Cyclical,Auto Parts,NYSE,4400974,6.04,101.38,17,20,-34.7,52.7,43.7,-2.3,-2.2,1.9,-2.6,66,49,52,75,50.9,0,0,0,0,0,0,1500157786.9867,237366732.0,0.115,0.686,3542483,4170526,0,56.7,-6.4,2026-06-11
986,SHEL,Energy,Oil & Gas Integrated,NYSE,7569389,86.05,101.36,-5,7,-9.33,23.6,66.4,-0.1,-0.1,-2.4,8.3,66,71,83,54,32.5,0,0,0,0,0,0,237102028710.4049,2776370310.0,0.0183,0.007,6614855,7850511,0,60.1,21.4,2026-06-11
987,ALSN,Consumer Cyclical,Auto Parts,NYSE,981311,113.82,101.36,-8,-6,-17.29,45.7,63.9,-0.2,1.0,-5.3,10.9,66,74,76,54,22.9,0,0,0,0,0,0,9599839800.75,82935981.0,0.0505,0.836,923874,876388,0,56.7,29.4,2026-06-11
988,SOLV,Healthcare,Medical Instruments & Supplies,NYSE,2167224,80.94,101.35,26,17,-8.23,26.8,70.7,0.2,2.4,9.9,6.6,66,40,31,65,13.8,0,0,0,0,0,0,14028883789.061096,173174712.0,0.053600002,-0.03,2996394,1763804,0,37.4,9.0,2026-06-11
989,KDP,Consumer Defensive,Beverages - Non-Alcoholic,NASDAQ,10467818,31.7,101.32,28,27,-11.8,23.4,59.9,1.8,4.2,9.7,12.0,66,38,37,36,7.0,0,0,0,0,0,0,41537881583.85205,1360559471.0,0.0495,0.094,11499636,11212797,0,29.5,16.0,2026-06-11
990,PNW,Utilities,Utilities - Regulated Electric,NYSE,1269969,103.1,101.31,3,15,-1.73,19.3,89.0,1.5,1.3,0.7,8.4,66,63,75,49,23.5,0,0,0,0,0,0,12489549032.092896,121187166.0,0.0849,0.114,1267027,1150269,0,52.6,21.4,2026-06-11
991,BTI,Consumer Defensive,Tobacco,NYSE,3938226,61.12,101.3,-10,-7,-9.18,31.5,73.5,2.0,-2.1,2.0,6.9,66,76,79,82,40.6,0,0,0,0,0,0,129084771052.86955,2161499806.0,0.0034999999,0.001,3874548,4006913,0,69.4,16.2,2026-06-11
992,RCI,Communication Services,Telecom Services,NYSE,1025020,38.6,101.19,5,23,-6.17,43.3,84.2,1.4,3.9,7.6,4.6,66,61,79,75,51.4,0,0,0,0,0,0,20328677788.16285,540225278.0,8.68,0.102,1229232,1347914,0,66.6,0.2,2026-06-11
993,BBT,Financial Services,Banks - Regional,NYSE,765034,29.67,101.17,13,31,-9.63,30.2,74.3,3.5,4.4,0.8,8.8,66,53,71,62,28.0,0,0,0,0,0,0,2416417752.98534,83816086.0,0.047199998,1.418,659214,729942,0,53.5,8.9,2026-06-11
994,BKH,Utilities,Utilities - Regulated Gas,NYSE,1025331,71.94,101.13,-2,2,-8.58,29.0,76.1,0.4,-1.3,-2.5,3.5,66,68,72,79,34.9,0,0,0,0,0,0,5540604335.110168,76128118.0,0.1594,-0.03,1359783,1016514,0,63.5,13.9,2026-06-11
995,SLG,Real Estate,REIT - Office,NYSE,1120032,51.05,101.13,32,15,-23.7,45.2,52.2,7.4,12.9,18.9,9.5,66,34,17,16,1.9,0,0,0,0,0,0,3401884152.122818,71124483.0,0.2007,-0.04,1197677,1228781,0,17.2,21.3,2026-06-11
996,CRC,Energy,Oil & Gas E&P,NYSE,823588,58.87,101.12,-10,-2,-18.21,30.6,50.1,-5.0,-6.2,-10.1,3.6,66,76,84,27,36.4,0,0,0,0,0,0,5180294537.889027,88794901.0,0.0498,0.067,736314,809884,0,55.9,28.8,2026-06-11
997,GE,Industrials,Aerospace & Defense,NYSE,5226938,318.71,101.08,9,28,-8.54,41.1,88.2,2.7,6.6,10.2,9.6,66,57,76,84,47.8,0,0,0,0,0,0,342704109784.0,1044829603.0,0.0137,0.247,4724935,5809089,0,66.2,-2.7,2026-06-11
998,DOV,Industrials,Specialty Industrial Machinery,NYSE,814083,213.76,101.07,4,12,-10.01,35.6,79.5,2.0,2.7,1.0,9.6,66,62,70,65,30.0,0,0,0,0,0,0,28919884530.92276,134661414.0,0.026500002,0.101,816539,914483,0,56.7,14.6,2026-06-11
999,NRIX,Healthcare,Biotechnology,NASDAQ,1984313,15.3,101.03,-13,-18,-32.0,106.1,66.1,5.8,3.8,3.5,14.1,66,79,74,92,43.7,0,0,0,0,0,0,1513861137.8215685,103405813.0,0.1822,-0.661,3871511,1641864,1,72.2,15.5,2026-06-11
1000,AU,Basic Materials,Gold,NYSE,2514123,78.47,101.0,-23,-18,-39.24,89.6,46.6,-5.2,-8.5,-14.4,-6.0,66,89,94,96,72.4,0,0,0,0,0,0,42533101858.418106,505624114.0,0.009,0.649,2799879,2451733,2,87.9,6.4,2026-06-11
1001,GRRR,Technology,Software - Infrastructure,NASDAQ,1592431,16.11,100.97,32,13,-42.26,87.7,52.7,-3.8,7.6,23.0,23.5,66,34,15,19,3.3,0,0,0,0,0,0,473987126.381424,27653859.0,0.1305,0.546,2709625,1186091,0,17.8,20.3,2026-06-11
1002,VTR,Real Estate,REIT - Healthcare Facilities,NYSE,4604024,84.35,100.97,-7,1,-7.37,34.3,76.8,2.7,-1.2,-1.5,6.3,66,73,81,78,43.3,0,0,0,0,0,0,39875639048.420525,486169723.0,0.052600004,0.219,3678414,4243380,0,68.8,13.0,2026-06-11
1003,ONB,Financial Services,Banks - Regional,NASDAQ,2933050,24.37,100.92,6,-7,-6.88,26.0,81.1,3.0,3.5,4.1,8.5,66,60,47,59,23.8,0,0,0,0,0,0,9257496726.264954,386373000.0,0.0771,0.462,3431330,3045960,0,47.4,19.6,2026-06-11
1004,EVRG,Utilities,Utilities - Regulated Electric,NASDAQ,2138811,82.83,100.86,-3,5,-2.86,24.1,90.9,1.0,0.4,0.6,6.2,66,69,77,66,31.6,0,0,0,0,0,0,19194818817.933083,230513025.0,0.065799996,0.05,2112583,1882088,0,60.9,18.5,2026-06-11
1005,ICLR,Healthcare,Diagnostics & Research,NASDAQ,1246415,144.59,100.84,42,28,-31.47,87.2,56.9,2.9,13.8,24.0,-0.4,66,24,10,54,12.4,0,0,0,0,0,0,11442986487.585068,76567325.0,0.0433,0.124,1532096,1222345,0,25.1,1.2,2026-06-11
1006,RRR,Consumer Cyclical,Resorts & Casinos,NASDAQ,935964,62.08,100.8,32,66,-10.02,30.6,76.5,6.0,10.5,12.2,5.8,66,34,68,78,38.2,0,0,0,0,0,0,3355342699.575409,58465634.0,0.1149,0.019,852132,911726,0,54.6,-14.3,2026-06-11
1007,MDLZ,Consumer Defensive,Confectioners,NASDAQ,7541458,64.18,100.76,14,6,-9.8,23.0,61.6,2.2,2.6,5.4,7.5,65,51,43,25,6.7,0,0,0,0,0,0,79637632657.85646,1283649766.0,0.03,0.082,7525204,7672410,0,31.4,28.1,2026-06-11
1008,SATA,Financial Services,Asset Management,NASDAQ,501376,97.34,100.66,-7,-7,-3.96,19.1,87.5,0.8,-0.5,-0.7,,65,72,72,58,,0,0,0,0,0,0,,,1.03,0.882,872690,363554,0,67.3,,2026-06-11
1009,FTDR,Consumer Cyclical,Personal Services,NASDAQ,560029,67.1,100.63,-5,4,-5.19,37.5,90.8,5.9,7.3,9.0,11.4,65,70,79,47,28.5,0,0,0,0,0,0,4469750393.212006,70234922.0,0.053000003,0.059,535699,571731,0,56.1,24.5,2026-06-11
1010,EA,Communication Services,Electronic Gaming & Multimedia,NASDAQ,1929991,203.2,100.61,3,17,-0.82,37.5,97.0,0.2,0.6,0.4,2.3,65,62,76,83,48.2,0,0,0,0,0,0,50902551252.0,250751484.0,0.0444,0.119,2129694,1812560,0,67.3,1.3,2026-06-11
1011,AME,Industrials,Specialty Industrial Machinery,NYSE,1322613,221.78,100.6,-3,1,-8.8,28.9,76.9,-0.1,-0.0,-1.3,7.3,65,68,72,66,36.8,0,0,0,0,0,0,51925940802.57205,229203002.0,0.0186,0.113,1196699,1195377,0,60.7,15.6,2026-06-11
1012,SEM,Healthcare,Medical Care Facilities,NYSE,1695722,16.6,100.58,-3,-3,-2.3,41.5,100.0,0.7,0.8,1.2,11.1,65,68,68,54,16.9,0,0,0,0,0,0,2051151878.2960048,124011594.0,0.027999999,0.05,1139446,1576719,0,51.7,28.3,2026-06-11
1013,EPR,Real Estate,REIT - Specialty,NYSE,673067,59.36,100.51,0,2,-4.38,21.5,83.6,2.9,2.3,4.9,8.5,65,65,67,39,12.5,0,0,0,0,0,0,4388479768.4565735,76507666.0,0.1169,0.036,648893,701916,0,45.9,31.2,2026-06-11
1014,WSBC,Financial Services,Banks - Regional,NASDAQ,710724,35.77,100.49,14,23,-6.12,22.4,78.0,3.4,4.5,3.9,7.0,65,51,60,66,22.3,0,0,0,0,0,0,3307649399.696045,96180560.0,0.0248,1.077,903393,697590,0,49.8,10.4,2026-06-11
1015,AAL,Industrials,Airlines,NASDAQ,71976312,13.42,100.47,29,21,-18.67,43.9,73.5,5.4,7.2,16.1,12.0,65,36,28,82,34.2,0,0,0,0,0,0,8928699349.5,661385137.0,0.1287,0.108,88867826,66244663,0,45.0,-7.5,2026-06-11
1016,MSCI,Financial Services,Financial Data & Stock Exchanges,NYSE,643959,608.52,100.46,5,-9,-5.61,16.1,62.5,-3.6,-1.2,1.7,4.5,65,60,46,39,15.1,0,0,0,0,0,0,44760925370.33838,72727592.0,0.024400001,0.141,696407,616935,0,40.0,28.0,2026-06-11
1017,NSIT,Technology,Electronics & Computer Distribution,NASDAQ,655874,109.08,100.43,41,39,-26.59,71.6,56.1,-2.1,6.5,28.4,20.5,65,24,22,9,2.2,0,0,0,0,0,0,3354749051.972496,30203917.0,0.0642,0.012,571124,531582,0,14.3,14.1,2026-06-11
1018,OZK,Financial Services,Banks - Regional,NASDAQ,969742,51.04,100.42,19,12,-4.88,21.1,85.6,4.4,6.2,7.2,7.8,65,46,39,49,20.5,0,0,0,0,0,0,5414627233.426094,109165875.0,0.1398,0.014,909057,1056757,0,38.6,12.9,2026-06-11
1019,UCB,Financial Services,Banks - Regional,NYSE,723125,33.97,100.42,11,4,-7.61,24.5,75.1,3.2,3.6,3.1,6.2,65,54,47,61,24.7,0,0,0,0,0,0,3990352695.882733,119686643.0,0.042,0.144,932336,814181,0,46.7,14.0,2026-06-11
1020,BBY,Consumer Cyclical,Specialty Retail,NYSE,4506226,75.64,100.38,42,52,-11.0,38.9,75.8,3.9,13.5,20.4,10.4,65,23,33,45,11.9,0,0,0,0,0,0,15073133870.877205,210695187.0,0.1017,0.019,5937109,3990101,0,28.2,0.1,2026-06-11
1021,UPS,Industrials,Integrated Freight & Logistics,NYSE,6113600,103.26,100.38,24,33,-15.64,31.6,69.7,0.6,4.4,5.4,9.7,65,41,50,54,14.8,0,0,0,0,0,0,92259682300.86398,850006279.0,0.0318,-0.016,5956172,5738916,0,39.9,9.6,2026-06-11
1022,NYT,Communication Services,Publishing,NYSE,1886918,73.0,100.35,-12,-3,-16.19,44.3,66.1,-0.9,-1.0,-5.2,6.3,65,77,86,79,45.3,0,0,0,0,0,0,12444003854.55082,161862699.0,0.071100004,0.121,1649186,1940287,0,71.8,14.6,2026-06-11
1023,TEX,Industrials,Farm & Heavy Construction Machinery,NYSE,1236406,59.51,100.34,-8,-1,-16.77,50.3,75.7,2.6,4.7,2.8,10.5,65,73,80,68,42.1,0,0,0,0,0,0,6900965312.783203,114216576.0,0.0513,0.411,1033578,1166277,0,65.8,15.8,2026-06-11
1024,AHRT,Real Estate,REIT - Diversified,NYSE,998607,6.85,100.27,24,10,-11.15,33.0,70.5,0.9,1.3,8.5,4.8,65,41,27,32,8.4,0,0,0,0,0,0,510420245.1839237,75955396.0,0.0625,0.078,1067001,911104,0,27.1,19.5,2026-06-11
1025,ALL,Financial Services,Insurance - Property & Casualty,NYSE,1737418,223.34,100.27,7,5,-1.88,15.6,85.5,2.6,2.1,2.3,6.0,65,58,56,58,20.8,0,0,0,0,0,0,56892598325.2446,257420930.0,0.0001,0.03,1712584,1541952,0,48.2,18.8,2026-06-11
1026,MAS,Industrials,Building Products & Equipment,NYSE,2603637,70.87,100.26,23,20,-10.51,25.9,78.8,4.9,7.1,8.2,9.2,65,42,39,32,21.8,0,0,0,0,0,0,14132368515.481417,203607085.0,0.0692,0.065,2376152,2924814,0,33.7,12.4,2026-06-11
1027,APG,Industrials,Engineering & Construction,NYSE,2869588,41.36,100.24,-3,9,-17.26,33.7,61.5,1.6,1.4,-3.3,6.2,65,68,80,83,45.5,0,0,0,0,0,0,18186910779.903965,433227989.0,0.0225,0.153,3053454,2892484,0,69.1,7.0,2026-06-11
1028,LNT,Utilities,Utilities - Regulated Electric,NASDAQ,2643841,73.0,100.2,-2,5,-3.64,21.0,89.8,1.3,0.5,0.3,5.7,65,67,74,60,28.9,0,0,0,0,0,0,18820648395.56907,258277037.0,0.0986,0.05,2588964,2309468,0,57.5,19.7,2026-06-11
1029,KTB,Consumer Cyclical,Apparel Manufacturing,NYSE,833968,75.94,100.2,25,37,-12.71,46.7,81.4,10.7,14.7,12.5,12.4,65,40,52,28,27.4,0,0,0,0,0,0,3872934178.262215,55272359.0,0.1016,0.45,743096,733393,0,36.8,7.5,2026-06-11
1030,NSC,Industrials,Railroads,NYSE,1191615,308.93,100.17,0,3,-5.24,24.9,80.3,0.7,-0.6,0.7,5.1,64,64,67,72,32.8,0,0,0,0,0,0,70398992355.07599,224594001.0,0.032,0.002,1276956,1258971,0,59.0,13.7,2026-06-11
1031,LYG,Financial Services,Banks - Regional,NYSE,20304265,5.16,100.15,1,12,-18.61,34.5,62.6,1.1,1.5,0.9,5.8,64,63,74,86,42.7,0,0,0,0,0,0,77344467837.32748,14565813309.0,0.0005,0.115,24293946,20358047,0,66.4,4.5,2026-06-11
1032,HALO,Healthcare,Biotechnology,NASDAQ,1812575,70.5,100.15,22,34,-14.25,36.0,64.1,1.4,2.4,5.0,2.1,64,42,54,57,42.6,0,0,0,0,0,0,8484387745.20874,118613000.0,0.146,0.422,1754895,1661795,0,48.9,-4.5,2026-06-11
1033,AEP,Utilities,Utilities - Regulated Electric,NASDAQ,4832219,128.53,100.13,-6,4,-7.82,27.0,75.9,1.0,0.3,-2.3,4.9,64,70,80,71,37.2,0,0,0,0,0,0,70265723500.38464,544105032.0,0.052600004,0.102,4794069,3853263,0,64.5,15.2,2026-06-11
1034,REG,Real Estate,REIT - Retail,NASDAQ,1550458,80.1,100.03,4,16,-1.91,20.1,96.9,3.7,3.6,3.0,9.4,64,60,72,37,20.0,0,0,0,0,0,0,14230282742.306824,183096790.0,0.0291,0.1,1707886,1480891,0,47.3,23.4,2026-06-11
1035,MASI,Healthcare,Medical Devices,NASDAQ,984963,179.95,99.99,-13,-17,0.53,41.2,100.0,0.5,0.6,0.8,15.3,64,77,73,27,13.6,0,0,0,0,0,0,9364640342.082642,52369086.0,0.078200005,0.085,1145090,882788,0,47.7,42.1,2026-06-11
1036,NEM,Basic Materials,Gold,NYSE,7409986,92.77,99.98,-23,-18,-31.22,83.1,56.3,-5.3,-8.0,-12.2,-4.0,64,87,92,93,72.8,0,0,0,0,0,0,106445685121.06624,1067552764.0,0.020499999,0.458,8728380,7733210,2,86.2,5.4,2026-06-11
1037,CLDX,Healthcare,Biotechnology,NASDAQ,722493,29.35,99.95,-20,-23,-17.99,49.7,68.4,1.1,-1.3,-6.2,8.0,64,84,81,71,52.5,0,0,0,0,0,0,2246443166.5131683,78492072.0,0.1078,-0.978,759239,920959,0,72.1,18.6,2026-06-11
1038,NNN,Real Estate,REIT - Retail,NYSE,1995023,46.3,99.94,2,9,0.59,18.1,97.4,2.9,3.1,4.1,8.1,64,62,69,40,17.3,0,0,0,0,0,0,8553557863.742592,190248177.0,0.059899997,0.041,1978791,1828370,0,47.1,26.0,2026-06-11
1039,GSK,Healthcare,Drug Manufacturers - General,NYSE,3976902,51.17,99.91,-2,13,-17.07,46.0,66.7,4.2,3.9,-0.5,6.2,64,66,81,83,39.4,0,0,0,0,0,0,103309350260.00056,2005228054.0,0.0068,0.015,4155927,3988209,0,67.4,8.4,2026-06-11
1040,IDA,Utilities,Utilities - Regulated Electric,NYSE,538563,141.65,99.91,-4,5,-5.4,25.5,79.9,1.8,0.9,-1.3,4.8,64,68,77,63,33.2,0,0,0,0,0,0,7831399731.988983,55408235.0,0.1103,-0.067,531791,521242,0,60.3,17.5,2026-06-11
1041,DNP,Financial Services,Asset Management,NYSE,693607,10.75,99.91,-1,1,-1.56,11.4,88.0,0.7,0.2,0.9,4.9,64,65,67,63,19.5,0,0,0,0,0,0,4043291496.644936,376821218.0,0.0015,0.089,787903,677226,0,53.6,23.0,2026-06-11
1042,PM,Consumer Defensive,Tobacco,NYSE,4603735,182.95,99.81,-1,3,-5.23,25.2,76.7,2.1,-0.8,5.2,8.9,64,65,69,55,10.7,0,0,0,0,0,0,277875446189.38293,1558558846.0,0.0113,0.091,4096825,4727493,0,49.9,28.7,2026-06-11
1043,SWKS,Technology,Semiconductors,NASDAQ,5492120,70.29,99.79,22,5,-22.67,38.5,65.4,-4.1,-3.6,8.2,9.4,64,42,25,27,8.2,0,0,0,0,0,0,11065366652.009745,150405963.0,0.2575,-0.01,5147691,4456154,0,25.6,21.6,2026-06-11
1044,NVS,Healthcare,Drug Manufacturers - General,NYSE,1522917,148.12,99.78,-6,7,-13.11,35.6,73.3,4.1,3.2,3.2,8.7,64,70,83,77,40.9,0,0,0,0,0,0,284611004487.0415,1908091965.0,0.0023,-0.007,2084042,1522512,0,67.7,11.9,2026-06-11
1045,TRNO,Real Estate,REIT - Industrial,NYSE,709263,66.2,99.74,0,-5,-2.0,25.7,96.7,2.7,1.8,2.0,7.6,64,64,59,49,20.1,0,0,0,0,0,0,6800799634.954315,105717386.0,0.1009,0.127,855371,657744,0,48.0,25.5,2026-06-11
1046,DRS,Industrials,Aerospace & Defense,NASDAQ,897478,46.11,99.68,-1,13,-6.49,52.7,100.0,5.2,8.5,12.1,21.2,64,65,79,25,23.4,0,0,0,0,0,0,12311070722.096642,266762087.0,0.0128999995,0.059,913436,962161,0,48.1,27.4,2026-06-11
1047,LIN,Basic Materials,Specialty Chemicals,NASDAQ,2254829,509.16,99.61,-1,4,-2.33,32.4,98.3,1.9,1.5,2.3,10.5,64,65,70,33,17.2,0,0,0,0,0,0,234826195927.056,462347310.0,0.0153,0.082,2784297,2135033,0,46.3,29.8,2026-06-11
1048,ET,Energy,Oil & Gas Midstream,NYSE,13185609,19.04,99.56,-8,-11,-8.02,15.7,61.0,-2.7,-4.4,-3.6,4.5,64,72,69,34,13.1,0,0,0,0,0,0,66724076280.71306,3441159277.0,0.0105,0.321,8753748,14700257,0,47.0,37.3,2026-06-11
1049,GNW,Financial Services,Insurance - Life,NYSE,2561986,8.93,99.54,4,-5,-5.5,29.2,81.0,2.6,-0.1,0.2,1.9,64,60,51,71,40.0,0,0,0,0,0,0,3316860098.517425,383009256.0,0.026199998,-0.005,2592728,2669553,0,55.5,8.7,2026-06-11
1050,LOGI,Technology,Computer Hardware,NASDAQ,1314584,109.13,99.51,4,-15,-15.83,31.4,61.0,-6.2,-1.9,5.9,6.2,63,59,40,76,37.6,0,0,0,0,0,0,16209473657.853584,143535585.0,0.1091,0.074,1389074,1127752,0,53.2,9.2,2026-06-11
1051,ARI,Real Estate,REIT - Mortgage,NYSE,1264822,10.89,99.5,-3,-5,-3.11,12.1,72.5,-1.3,-1.3,-1.4,3.3,63,66,64,58,16.6,0,0,0,0,0,0,1437800756.0371056,130947251.0,0.053400002,0.002,986766,1329287,0,51.1,26.5,2026-06-11
1052,JXN,Financial Services,Insurance - Life,NYSE,588999,106.64,99.49,-2,4,-13.73,32.8,65.6,1.9,1.1,-0.3,2.6,63,65,71,75,39.8,0,0,0,0,0,0,7522491240.007812,69743104.0,0.0573,-0.226,569467,562999,0,62.7,10.0,2026-06-11
1053,SA,Basic Materials,Gold,NYSE,1020645,25.06,99.42,-27,-24,-37.44,91.7,51.1,-12.5,-11.6,-11.8,-4.3,63,90,93,95,73.6,0,0,0,0,0,0,3166266873.5909786,107622939.0,0.0429,,1291266,945407,3,87.9,6.9,2026-06-11
1054,CPT,Real Estate,REIT - Residential,NYSE,1250215,115.31,99.41,23,21,-3.1,18.0,81.2,3.1,5.5,8.9,8.5,63,40,38,35,8.1,0,0,0,0,0,0,11157600958.39975,99090596.0,0.077,-0.005,1344816,1216873,0,30.3,17.2,2026-06-11
1055,CNR,Energy,Thermal Coal,NYSE,721226,91.28,99.25,9,35,-20.49,37.9,51.6,-3.3,0.6,0.2,2.0,63,54,80,50,44.8,0,0,0,0,0,0,4710087201.465454,50407610.0,0.0641,0.066,671599,793357,0,57.2,2.8,2026-06-11
1056,IVR,Real Estate,REIT - Mortgage,NYSE,2345815,7.9,99.24,-3,4,-16.84,11.6,37.1,1.7,1.2,-1.1,-1.1,63,66,73,70,12.1,0,0,0,0,0,0,724949725.57861,92823269.0,0.09020001,,1901926,2214639,0,55.3,25.4,2026-06-11
1057,MGY,Energy,Oil & Gas E&P,NYSE,2302071,27.81,99.24,-10,-1,-15.11,28.2,53.9,-1.6,-4.0,-6.1,5.8,63,73,82,28,26.0,0,0,0,0,0,0,5087917018.921217,184947909.0,0.1455,0.023,2159045,2262977,0,52.3,31.6,2026-06-11
1058,TFX,Healthcare,Medical Instruments & Supplies,NYSE,731043,132.15,99.24,-5,-43,-5.38,28.9,75.3,-0.6,-1.1,0.8,7.6,63,68,30,33,12.0,0,0,0,0,0,0,5748044034.117645,44270211.0,0.08229999,0.323,615041,814546,0,35.7,38.8,2026-06-11
1059,POR,Utilities,Utilities - Regulated Electric,NYSE,1306720,50.72,99.11,7,30,-7.14,26.0,71.2,0.5,0.9,-1.1,2.6,63,56,79,74,30.3,0,0,0,0,0,0,5847837314.558014,115730011.0,0.0638,-0.053,1220591,1248234,0,59.8,7.0,2026-06-11
1060,UAL,Industrials,Airlines,NASDAQ,5652096,102.78,99.08,25,34,-13.78,52.9,88.8,4.1,8.1,14.4,10.5,63,38,47,81,46.6,0,0,0,0,0,0,34316758430.999023,324569728.0,0.0434,0.106,5044600,6814102,0,53.1,-13.8,2026-06-11
1061,CF,Basic Materials,Agricultural Inputs,NYSE,2983951,109.26,99.08,-24,-21,-23.03,40.0,49.5,-4.9,-8.9,-11.8,8.2,63,87,90,30,25.6,0,0,0,0,0,0,17435385978.072464,153629274.0,0.0705,0.194,2746864,3398000,1,58.1,41.8,2026-06-11
1062,AM,Energy,Oil & Gas Midstream,NYSE,2316650,21.49,99.06,-7,7,-9.84,26.6,66.7,0.4,-1.0,-1.2,8.0,63,70,84,55,27.6,0,0,0,0,0,0,10221569817.428589,474980000.0,0.0317,0.086,1851680,2420114,0,59.1,22.8,2026-06-11
1063,MTDR,Energy,Oil & Gas E&P,NYSE,1728179,54.91,99.05,-16,-16,-17.85,44.2,58.1,-2.3,-4.4,-8.1,8.8,63,79,79,23,20.9,0,0,0,0,0,0,6652227582.493813,124178227.0,0.08939999,-0.064,1722848,1727237,0,50.5,40.2,2026-06-11
1064,ARR,Real Estate,REIT - Mortgage,NYSE,3049969,16.83,99.03,-6,-5,-12.84,21.9,60.7,0.3,1.1,-0.7,1.4,63,69,70,68,11.2,0,0,0,0,0,0,2122429120.4717407,124046116.0,0.0001,,2924198,2985215,0,54.5,29.0,2026-06-11
1065,VNOM,Energy,Oil & Gas Midstream,NASDAQ,1654697,44.78,98.95,-12,-16,-12.42,21.9,52.0,-4.1,-5.7,-6.8,4.7,63,75,71,36,14.8,0,0,0,0,0,0,8829014404.090843,194215015.0,0.041100003,1.091,1883253,1730358,0,49.2,38.3,2026-06-11
1066,CZR,Consumer Cyclical,Resorts & Casinos,NASDAQ,8942880,29.47,98.95,-5,-12,-6.68,62.7,85.0,0.8,3.0,6.0,19.6,63,68,61,22,13.3,0,0,0,0,0,0,5947852574.6058655,203693576.0,0.1461,0.027,18903672,6753702,0,41.1,37.2,2026-06-11
1067,CTRI,Utilities,Utilities - Regulated Gas,NYSE,1601316,28.19,98.87,-18,-13,-34.42,53.5,46.2,-1.1,-1.9,-8.9,10.5,63,81,86,82,41.5,0,0,0,0,0,0,3011890329.481407,100934662.0,0.0402,0.315,1092410,1362780,0,72.6,19.0,2026-06-11
1068,GMED,Healthcare,Medical Devices,NYSE,1888244,80.86,98.86,13,42,-20.26,55.2,63.7,0.6,-0.4,-6.5,0.0,63,50,79,85,42.2,0,0,0,0,0,0,10859570080.0,135744626.0,0.030299999,0.27,1655274,1546058,0,64.1,-6.0,2026-06-11
1069,NI,Utilities,Utilities - Regulated Gas,NYSE,4406484,46.63,98.86,-3,7,-4.8,19.5,80.2,1.2,-0.1,-1.3,5.0,63,66,76,62,27.5,0,0,0,0,0,0,22346663502.07649,479439245.0,0.0315,0.082,3331542,4386160,0,57.9,19.0,2026-06-11
1070,HRMY,Healthcare,Biotechnology,NASDAQ,795571,35.48,98.83,37,35,-13.19,35.9,63.7,7.1,11.0,14.1,8.7,63,26,24,75,9.2,0,0,0,0,0,0,1864144211.3686063,57892676.0,0.153,0.166,944193,834230,0,33.6,-1.2,2026-06-11
1071,KMI,Energy,Oil & Gas Midstream,NYSE,9960051,31.84,98.8,-8,3,-8.53,21.4,65.2,-0.1,-3.1,-2.8,5.8,62,70,81,40,24.1,0,0,0,0,0,0,70482480660.72293,2224825757.0,0.0223,0.138,9212945,11068923,0,53.8,27.9,2026-06-11
1072,SBUX,Consumer Cyclical,Restaurants,NASDAQ,8329628,98.76,98.77,-10,-13,-9.29,30.4,84.0,5.5,1.6,1.9,11.7,62,72,69,36,20.8,0,0,0,0,0,0,108602014043.42651,1139700000.0,0.0506,0.088,8242715,7592065,0,49.5,33.1,2026-06-11
1073,AFL,Financial Services,Insurance - Life,NYSE,2509789,117.11,98.77,5,2,-2.25,18.7,89.2,1.2,0.5,1.7,4.7,62,57,54,56,23.1,0,0,0,0,0,0,60182373961.65094,508984904.0,0.0219,0.279,3042689,2315157,0,47.5,17.5,2026-06-11
1074,MAN,Industrials,Staffing & Employment Services,NYSE,844903,33.07,98.76,37,31,-30.14,32.0,41.4,5.3,12.6,13.9,8.2,62,25,19,13,2.1,0,0,0,0,0,0,1502187111.117714,46507342.0,0.1593,0.103,843671,995876,0,14.8,14.5,2026-06-11
1075,APO,Financial Services,Asset Management,NYSE,3425047,131.14,98.74,21,1,-16.62,33.5,60.3,3.7,2.7,7.1,4.0,62,41,21,47,9.6,0,0,0,0,0,0,73811536485.63327,576517513.0,0.057800002,-0.092,3528383,3821642,0,29.6,16.5,2026-06-11
1076,SWK,Industrials,Tools & Accessories,NYSE,1671140,77.47,98.66,8,-3,-17.03,33.8,70.4,4.9,6.7,9.3,10.0,62,54,43,39,29.5,0,0,0,0,0,0,12200153184.574003,155455564.0,0.0548,0.027,1319050,1960624,0,41.4,16.4,2026-06-11
1077,HPQ,Technology,Computer Hardware,NYSE,21950510,24.69,98.66,30,19,-16.73,35.6,58.1,-5.5,1.2,13.2,7.1,62,32,21,29,7.8,0,0,0,0,0,0,23393490340.427456,914522690.0,0.1526,0.09,27397580,19879382,0,22.4,13.8,2026-06-11
1078,SBS,Utilities,Utilities - Regulated Water,NYSE,5988514,5.36,98.59,-13,-6,-25.12,42.9,50.5,0.7,-2.1,-11.4,1.3,62,75,82,81,43.5,0,0,0,0,0,0,18760458775.431908,3506627871.0,0.0062,0.183,6990923,6373588,0,70.4,13.9,2026-06-11
1079,ZTO,Industrials,Integrated Freight & Logistics,NYSE,1836083,22.44,98.52,-11,-7,-14.35,31.9,61.8,0.7,-1.0,-6.9,2.8,62,73,77,68,39.1,0,0,0,0,0,0,17050942364.37159,765302596.0,0.0269,0.22,1461390,1649658,0,64.3,17.5,2026-06-11
1080,GTES,Industrials,Specialty Industrial Machinery,NYSE,2080109,25.33,98.52,4,3,-11.03,27.6,82.7,2.9,5.8,6.7,10.6,62,58,57,35,30.7,0,0,0,0,0,0,6510017941.474777,253999928.0,0.045100003,0.004,1988948,2060885,0,45.2,18.4,2026-06-11
1081,ITUB,Financial Services,Banks - Regional,NYSE,23950891,7.62,98.5,-3,16,-20.63,31.8,53.5,3.0,1.5,-5.3,1.6,62,65,84,81,35.2,0,0,0,0,0,0,83102823579.85953,11021594695.0,0.0064,-0.021,20677035,22115925,0,66.3,9.8,2026-06-11
1082,INVH,Real Estate,REIT - Residential,NYSE,5566552,29.71,98.47,20,9,-13.26,20.7,52.5,0.1,0.9,5.1,6.4,62,42,31,25,3.9,0,0,0,0,0,0,17845020902.101654,594041956.0,0.039100002,0.092,5581676,5404883,0,25.5,23.6,2026-06-11
1083,ALLY,Financial Services,Credit Services,NYSE,3189281,41.88,98.47,-2,-31,-11.4,20.9,67.8,2.5,2.6,1.6,4.4,62,64,35,71,27.7,0,0,0,0,0,0,13109991502.055122,306523062.0,0.0385,0.197,3812525,3363611,0,49.4,19.6,2026-06-11
1084,CVBF,Financial Services,Banks - Regional,NASDAQ,1515863,20.87,98.47,13,11,-2.84,15.9,84.9,2.2,2.9,3.1,6.3,62,49,47,52,17.1,0,0,0,0,0,0,3617331518.0,176455196.0,0.0544,0.003,1277201,1821600,0,41.3,15.6,2026-06-11
1085,MTA,Basic Materials,Other Precious Metals & Mining,NYSE ARCA,503834,6.65,98.45,-24,-18,-28.11,108.1,66.6,-2.8,-0.1,2.4,0.1,62,86,92,96,76.4,0,0,0,0,0,0,655968187.4577208,93442762.0,1.82,0.78,618783,457002,2,87.6,2.2,2026-06-11
1086,AXTA,Basic Materials,Specialty Chemicals,NYSE,2776501,32.1,98.45,34,39,-10.13,28.5,71.5,3.4,8.2,12.3,8.4,62,28,33,39,14.3,0,0,0,0,0,0,6887124019.553345,214018768.0,0.0542,-0.006,3434135,2530483,0,28.6,4.1,2026-06-11
1087,CVLT,Technology,Software - Application,NASDAQ,716338,125.28,98.44,37,21,-37.57,68.7,43.0,3.9,11.4,24.8,3.5,62,25,9,13,1.0,0,0,0,0,0,0,4895624424.948692,41250627.0,0.082100004,0.133,767326,910711,0,12.0,16.0,2026-06-11
1088,GRPN,Communication Services,Internet Content & Information,NASDAQ,2050824,16.09,98.39,16,-20,-62.65,75.0,26.1,-4.2,-7.0,6.2,-0.8,62,46,10,23,0.4,0,0,0,0,0,0,625216276.0246277,37983980.0,0.5812,0.0,1646583,2091512,0,19.9,31.0,2026-06-11
1089,PFGC,Consumer Defensive,Food Distribution,NYSE,1778935,100.74,98.37,12,4,-7.62,28.4,83.2,6.0,7.5,12.5,9.6,62,50,42,52,28.3,0,0,0,0,0,0,15256566760.580162,157089851.0,0.055999998,0.064,1476515,1764511,0,43.1,11.2,2026-06-11
1090,DGX,Healthcare,Diagnostics & Research,NYSE,790958,203.78,98.34,17,42,-4.55,22.5,82.2,3.0,4.5,4.7,7.8,62,45,70,56,24.6,0,0,0,0,0,0,22171387021.20888,110696429.0,0.0337,0.092,754494,892336,0,48.9,5.5,2026-06-11
1091,EPC,Consumer Defensive,Household & Personal Products,NYSE,908957,21.59,98.33,33,48,-21.41,36.1,51.3,10.2,18.3,5.6,8.8,62,29,44,16,2.9,0,0,0,0,0,0,915635986.2929878,46081326.0,0.1232,0.006,811232,757316,0,23.0,14.1,2026-06-11
1092,ECAT,Financial Services,Asset Management,NYSE,524346,15.14,98.32,2,-12,-11.67,13.5,49.3,-1.9,-1.4,1.3,-2.0,62,60,46,59,6.1,0,0,0,0,0,0,1527833161.370267,99468307.0,0.0036000002,,536068,513717,0,42.8,28.6,2026-06-11
1093,CUBE,Real Estate,REIT - Industrial,NYSE,2201662,41.68,98.31,2,-8,-5.55,18.0,79.5,3.4,4.3,5.4,7.4,62,60,50,26,7.3,0,0,0,0,0,0,9126733736.231804,226413630.0,0.0336,0.033,2394157,2207943,0,35.8,34.2,2026-06-11
1094,FTS,Utilities,Utilities - Regulated Electric,NYSE,716670,56.48,98.3,-3,10,-3.91,21.1,82.1,1.8,1.3,0.3,5.6,62,65,78,68,28.4,0,0,0,0,0,0,28460535197.375298,509132995.0,26.73,0.019,833221,741382,0,59.9,16.4,2026-06-11
1095,SLDB,Healthcare,Biotechnology,NASDAQ,1134064,6.61,98.27,-28,-30,-25.45,83.7,70.0,5.1,5.9,-2.1,15.9,62,90,88,73,56.6,0,0,0,0,0,0,659612341.4222279,98449606.0,0.106400006,,1000784,1063538,1,76.9,20.3,2026-06-11
1096,EQR,Real Estate,REIT - Residential,NYSE,3112295,67.61,98.26,7,-9,-3.7,15.0,71.1,-0.4,0.5,3.6,6.3,62,55,39,31,7.1,0,0,0,0,0,0,25551622014.18457,374712144.0,0.0342,0.025,3489856,2852583,0,33.0,30.3,2026-06-11
1097,MP,Basic Materials,Other Industrial Metals & Mining,NYSE,6938399,53.45,98.25,-23,-20,-46.68,123.0,43.2,-8.1,-7.5,-7.2,-8.5,62,85,88,90,79.9,0,0,0,0,0,0,10535353731.968063,178022198.0,0.16780001,1.186,6465787,6374621,1,85.7,1.2,2026-06-11
1098,PRDO,Consumer Defensive,Education & Training Services,NASDAQ,620584,35.22,98.14,-8,-1,-8.52,28.8,75.0,4.2,4.1,1.8,6.4,61,69,76,40,20.2,0,0,0,0,0,0,2148836396.6132164,62703133.0,0.0694,0.041,589742,595928,0,51.3,29.5,2026-06-11
1099,ETN,Industrials,Specialty Industrial Machinery,NYSE,2814108,375.46,98.05,-1,5,-13.77,24.6,66.4,-2.3,-1.0,-1.9,7.1,61,62,68,38,31.0,0,0,0,0,0,0,153743502947.99805,388300000.0,0.023699999,0.168,2457216,2559623,0,49.7,19.7,2026-06-11
1100,CXDO,Communication Services,Telecom Services,NASDAQ,741049,6.94,98.03,-25,-50,-38.2,43.0,41.5,-13.4,-19.3,-7.7,6.4,61,86,61,71,43.1,0,0,0,0,0,0,245384379.1744676,32415373.0,0.026800001,0.29,1097907,493261,0,65.3,26.9,2026-06-11
1101,USFD,Consumer Defensive,Food Distribution,NYSE,2872174,90.18,97.93,7,32,-11.7,30.2,66.3,7.2,9.4,4.1,10.3,61,54,79,57,28.2,0,0,0,0,0,0,18632954448.57263,220221656.0,0.040799998,0.028,3007193,2497270,0,54.5,9.8,2026-06-11
1102,CNP,Utilities,Utilities - Regulated Electric,NYSE,5273373,42.74,97.93,0,16,-3.89,19.7,81.5,1.1,0.7,-0.3,5.1,61,61,77,62,27.2,0,0,0,0,0,0,27926494202.83493,654169480.0,0.072,0.019,5247610,4951208,0,56.8,15.1,2026-06-11
1103,SGMT,Healthcare,Biotechnology,NASDAQ,890343,6.5,97.93,-23,-74,-43.03,41.3,33.0,-5.3,-6.7,-5.1,-2.1,61,84,33,68,17.0,0,0,0,0,0,0,417442229.45386696,61751807.0,0.0694,,663270,1755414,0,50.5,41.8,2026-06-11
1104,PPG,Basic Materials,Specialty Chemicals,NYSE,1842110,112.97,97.93,27,37,-15.33,25.3,64.2,4.1,7.3,8.2,9.9,61,34,44,34,11.6,0,0,0,0,0,0,25366020680.236816,222900000.0,0.038599998,0.067,1785421,1940644,0,30.9,10.2,2026-06-11
1105,OMCL,Healthcare,Health Information Services,NASDAQ,573637,38.18,97.91,-19,-57,-30.58,40.7,44.6,-9.2,-11.5,-6.6,-2.0,61,80,42,85,30.5,0,0,0,0,0,0,1955593087.0,45478909.0,0.0715,0.149,550601,547406,0,59.4,27.5,2026-06-11
1106,NVST,Healthcare,Medical Instruments & Supplies,NYSE,3716981,24.06,97.9,4,28,-20.91,32.9,51.3,4.3,4.4,-2.4,4.9,61,57,81,70,39.5,0,0,0,0,0,0,3759015083.375776,162727923.0,0.078600004,0.144,2866625,3131223,0,61.9,3.7,2026-06-11
1107,CPAY,Technology,Software - Infrastructure,NYSE,556417,348.99,97.89,7,-5,-5.02,37.6,87.8,-1.2,0.3,6.5,12.6,61,54,42,37,10.1,0,0,0,0,0,0,22709999554.424988,65361919.0,0.0421,0.254,542181,541628,0,35.8,26.5,2026-06-11
1108,MARA,Financial Services,Capital Markets,NASDAQ,42839936,12.62,97.88,-9,-62,-46.18,102.2,42.7,-0.6,0.6,12.6,8.2,61,70,17,12,2.7,0,0,0,0,0,0,4697252480.605476,381270503.0,0.29860002,-0.184,39729950,43259044,0,25.4,50.6,2026-06-11
1109,ADNT,Consumer Cyclical,Auto Parts,NYSE,1020706,21.72,97.88,10,22,-20.5,26.1,49.9,0.1,1.6,4.0,2.1,61,51,63,39,38.5,0,0,0,0,0,0,1730583427.1601334,78413387.0,0.089899994,0.07,1048980,922916,0,47.9,7.4,2026-06-11
1110,A,Healthcare,Diagnostics & Research,NYSE,2503664,131.62,97.86,31,32,-17.88,17.5,41.1,-3.8,3.5,8.1,-0.6,61,30,31,67,16.4,0,0,0,0,0,0,38252583184.89111,282431944.0,0.0222,0.1,2967624,2227912,0,36.1,-0.7,2026-06-11
1111,AKR,Real Estate,REIT - Retail,NYSE,1215549,21.4,97.85,-2,-8,-4.97,21.6,87.4,-0.1,0.7,2.9,7.5,61,63,57,36,19.1,0,0,0,0,0,0,2990783907.4672527,133517141.0,0.2775,-0.012,1496857,1176835,0,43.8,27.9,2026-06-11
1112,CB,Financial Services,Insurance - Property & Casualty,NYSE,1676823,330.58,97.84,1,11,-4.37,23.3,80.7,2.7,1.7,1.0,6.8,61,60,70,67,24.2,0,0,0,0,0,0,126547112523.4616,387860106.0,0.0086,0.102,2031140,1622222,0,55.3,15.5,2026-06-11
1113,GBCI,Financial Services,Banks - Regional,NYSE,859523,47.89,97.83,15,14,-11.3,21.5,66.2,3.3,3.2,2.2,4.9,61,46,45,36,21.1,0,0,0,0,0,0,6136226334.681931,130142654.0,0.0533,0.397,893570,871070,0,37.0,14.5,2026-06-11
1114,RDDT,Communication Services,Internet Content & Information,NYSE,5754716,172.21,97.82,19,3,-39.14,50.6,37.4,-0.7,5.7,9.7,-8.3,61,42,26,84,55.8,0,0,0,0,0,0,33390692400.509037,192509040.0,0.0945,0.691,5314240,4989666,0,52.0,-13.7,2026-06-11
1115,EXR,Real Estate,REIT - Industrial,NYSE,1069056,149.6,97.82,3,-2,-3.6,18.6,90.0,3.3,4.5,5.8,7.4,61,58,53,31,9.7,0,0,0,0,0,0,30698326094.38623,211260936.0,0.0301,0.038,1043570,1124596,0,37.9,30.0,2026-06-11
1116,LILAK,Communication Services,Telecom Services,NASDAQ,839641,7.88,97.81,1,9,-13.69,49.2,72.0,0.8,0.8,-2.9,-2.0,61,60,68,76,55.2,0,0,0,0,0,0,1532654026.889801,201400000.0,0.0304,-0.001,889384,760070,0,64.8,-1.6,2026-06-11
1117,MIAX,Financial Services,Capital Markets,NYSE,1491279,40.79,97.79,-24,-42,-28.61,34.3,40.3,-0.7,-12.0,-10.7,-4.3,61,85,67,83,,0,0,0,0,0,0,3721306755.169968,94907086.0,0.047399998,0.13,1863668,1365131,0,78.3,,2026-06-11
1118,RELY,Technology,Software - Infrastructure,NASDAQ,5514504,18.04,97.7,-27,-80,-27.61,54.0,54.6,-2.7,-7.6,-7.7,13.9,61,88,35,16,7.0,0,0,0,0,0,0,3952231549.2172127,210561079.0,0.069,0.252,4180382,4639314,0,36.5,60.2,2026-06-11
1119,MIDD,Industrials,Specialty Industrial Machinery,NASDAQ,628281,153.75,97.67,6,-5,-9.26,41.4,80.9,0.9,4.0,7.7,11.3,61,55,44,57,14.9,0,0,0,0,0,0,7005081534.119141,45214496.0,0.0672,0.15,537755,600913,0,42.7,20.7,2026-06-11
1120,SEIC,Financial Services,Asset Management,NASDAQ,667841,88.8,97.66,-4,-28,-5.49,17.3,69.7,-0.3,-1.5,1.6,4.9,61,65,41,44,13.6,0,0,0,0,0,0,10754809293.693604,120272976.0,0.019299999,0.128,643005,864197,0,40.9,32.3,2026-06-11
1121,CWAN,Technology,Software - Application,NYSE,2876894,24.33,97.63,-9,-19,-2.95,53.6,99.8,0.1,0.1,0.7,10.4,61,70,60,36,9.4,0,0,0,0,0,0,7247032776.917162,297375155.0,0.0805,0.744,2760573,3348670,0,43.8,38.1,2026-06-11
1122,TKO,Communication Services,Entertainment,NYSE,1324343,206.43,97.6,21,51,-9.04,37.3,83.8,4.2,7.6,10.6,8.2,61,40,70,79,40.9,0,0,0,0,0,0,15255172190.579727,74967673.0,0.1435,0.259,1161070,1403832,0,57.5,-11.3,2026-06-11
1123,JPM,Financial Services,Banks - Diversified,NYSE,8546522,309.14,97.52,7,6,-8.34,18.3,69.7,2.2,3.2,2.4,2.3,60,53,52,74,26.9,0,0,0,0,0,0,836998968557.1082,2679511418.0,0.0101,0.127,9217828,8507777,0,51.5,8.9,2026-06-11
1124,FG,Financial Services,Insurance - Life,NYSE,929797,28.64,97.46,28,10,-21.96,38.2,53.4,3.5,3.1,4.5,-1.4,60,32,14,36,4.5,0,0,0,0,0,0,3684407501.145382,132484990.0,0.099300005,0.307,540632,788418,0,21.6,14.8,2026-06-11
1125,RTO,Industrials,Specialty Business Services,NYSE,902829,30.12,97.4,-15,-8,-13.12,33.8,65.8,2.4,-0.6,-5.7,2.8,60,75,82,77,37.3,0,0,0,0,0,0,14946465300.847736,503247977.0,0.0066000004,0.058,1040967,957033,0,67.8,17.7,2026-06-11
1126,WAL,Financial Services,Banks - Regional,NYSE,1066341,81.57,97.38,29,26,-16.11,23.4,53.2,2.6,4.4,5.0,0.2,60,31,28,56,18.5,0,0,0,0,0,0,8751206770.603638,109185360.0,0.0011999999,0.079,815224,1044704,0,33.4,1.5,2026-06-11
1127,CTRE,Real Estate,REIT - Healthcare Facilities,NYSE,2402451,37.73,97.38,-16,-11,-12.42,30.8,60.3,-3.7,-7.6,-6.9,-1.6,60,76,81,76,39.2,0,0,0,0,0,0,8970042011.329193,236240235.0,0.0361,0.032,2512005,2290999,0,68.1,17.9,2026-06-11
1128,WMT,Consumer Defensive,Discount Stores,NASDAQ,22554876,120.59,97.37,-13,-6,-10.78,27.9,65.7,2.4,-1.1,-4.1,4.0,60,73,80,77,34.3,0,0,0,0,0,0,946056428088.8828,7958079155.0,0.0184,0.073,27553778,20226753,0,66.1,17.8,2026-06-11
1129,AMZN,Consumer Cyclical,Internet Retail,NASDAQ,43939448,238.0,97.35,-16,-50,-14.56,21.5,56.1,-3.7,-6.6,-5.0,3.9,60,76,42,49,19.9,0,0,0,0,0,0,2646571621407.843,10757109436.0,0.0106,0.166,44993124,44636474,0,46.7,36.8,2026-06-11
1130,BHF,Financial Services,Insurance - Life,NASDAQ,517613,63.09,97.34,7,12,-4.88,45.8,87.8,0.9,1.1,2.1,6.3,60,53,58,83,18.6,0,0,0,0,0,0,3598978517.905312,57445785.0,0.132,-0.362,516930,524296,0,53.1,10.7,2026-06-11
1131,DYN,Healthcare,Biotechnology,NASDAQ,1458069,17.67,97.32,-17,-16,-29.32,119.4,60.6,0.3,1.4,-1.6,2.4,60,77,78,87,31.0,0,0,0,0,0,0,2816947235.1893005,165313796.0,0.1684,,1598438,1602077,0,68.3,20.9,2026-06-11
1132,LYV,Communication Services,Entertainment,NYSE,2577975,167.5,97.29,-5,-2,-4.42,37.2,96.4,4.2,3.8,6.3,12.3,60,65,68,36,29.3,0,0,0,0,0,0,37250339440.369446,232712799.0,0.1372,0.122,2293596,2751175,0,49.6,23.3,2026-06-11
1133,GTLS,Industrials,Specialty Industrial Machinery,NYSE,1115351,206.45,97.26,3,21,-1.11,44.8,97.1,-0.4,-0.5,-0.5,0.8,60,57,75,74,50.1,0,0,0,0,0,0,9923738028.69214,47869076.0,0.0949,-0.117,1131853,1228792,0,64.0,-1.7,2026-06-11
1134,SUPV,Financial Services,Banks - Regional,NYSE,860373,9.66,97.26,48,65,-28.71,132.2,75.9,11.2,21.3,21.1,17.0,60,12,29,87,3.7,0,0,0,0,0,0,888160093.7237463,93985197.0,0.0475,0.011,709621,776862,0,32.9,-12.5,2026-06-11
1135,HSIC,Healthcare,Medical Distribution,NASDAQ,1724928,78.85,97.25,27,49,-11.69,29.3,85.3,3.4,6.0,6.7,9.3,60,33,55,63,21.6,0,0,0,0,0,0,8822852482.003647,113916757.0,0.090500005,0.063,1494044,1433690,0,43.1,-2.5,2026-06-11
1136,PCAR,Industrials,Farm & Heavy Construction Machinery,NASDAQ,2831830,113.99,97.25,3,18,-13.57,29.6,69.3,2.1,3.9,-0.1,5.4,60,57,72,69,34.6,0,0,0,0,0,0,61407077360.32981,526286229.0,0.0286,-0.089,3238211,2840754,0,58.2,7.3,2026-06-11
1137,AGNC,Real Estate,REIT - Mortgage,NASDAQ,14582942,10.18,97.24,-8,-8,-16.49,12.1,37.2,0.6,0.0,-2.2,-2.3,60,68,68,70,19.4,0,0,0,0,0,0,11674440783.820051,1147929272.0,0.08140001,,13824378,14748683,0,56.4,23.9,2026-06-11
1138,MUX,Basic Materials,Other Precious Metals & Mining,NYSE,1094368,17.29,97.22,-34,-33,-41.78,104.1,47.1,-6.8,-11.5,-17.2,-9.9,60,94,95,95,77.4,0,0,0,0,0,0,1092048831.3802624,59740087.0,0.20629999,1.074,1029225,1027621,3,90.4,8.0,2026-06-11
1139,DE,Industrials,Farm & Heavy Construction Machinery,NYSE,1375114,560.05,97.21,-4,8,-16.93,29.5,58.0,-0.4,1.7,-0.9,8.3,60,64,76,51,19.2,0,0,0,0,0,0,157492291901.02692,269937425.0,0.0202,-0.111,1739513,1279104,0,52.5,23.8,2026-06-11
1140,PH,Industrials,Specialty Industrial Machinery,NYSE,885891,875.6,97.16,2,22,-15.4,38.4,67.5,4.0,4.3,-0.5,3.5,60,58,78,82,45.9,0,0,0,0,0,0,111251067856.36908,126086389.0,0.0111,0.106,956453,752470,0,66.0,-0.7,2026-06-11
1141,MPLX,Energy,Oil & Gas Midstream,NYSE,2127932,56.39,97.15,-1,10,-5.99,18.2,76.4,1.0,1.3,1.5,4.2,60,61,72,66,19.7,0,0,0,0,0,0,57312159984.61177,1014733719.0,0.018099999,-0.028,1526506,2131545,0,54.7,18.5,2026-06-11
1142,GOOD,Real Estate,REIT - Diversified,NASDAQ,506317,12.76,97.14,1,-4,-15.1,21.9,52.2,0.2,0.1,1.1,6.5,60,59,54,20,3.5,0,0,0,0,0,0,617189160.75,48406993.0,0.0468,0.118,603381,433110,0,34.1,36.0,2026-06-11
1143,INVA,Healthcare,Biotechnology,NASDAQ,835270,23.0,97.12,-2,5,-8.55,34.6,76.2,1.6,1.3,-1.9,6.9,60,62,69,53,13.0,0,0,0,0,0,0,1662173061.266964,73808749.0,0.1168,0.106,1020272,734736,0,49.3,25.6,2026-06-11
1144,NWG,Financial Services,Banks - Regional,NYSE,3818366,15.56,97.11,5,13,-19.63,24.8,53.1,1.6,2.9,2.5,2.2,60,55,63,85,26.1,0,0,0,0,0,0,62869451231.904045,3981599201.0,0.0002,0.075,3991729,3684011,0,57.3,7.7,2026-06-11
1145,FER,Industrials,Engineering & Construction,NASDAQ,1590152,64.3,97.1,-7,1,-14.03,34.0,70.9,1.4,0.4,-1.7,3.0,60,67,75,86,41.7,0,0,0,0,0,0,47852285746.82648,716244387.0,0.0057,0.057,1828057,1454407,0,67.4,8.1,2026-06-11
1146,IFF,Basic Materials,Specialty Chemicals,NYSE,2141253,74.23,97.09,-6,-16,-12.1,30.2,76.6,4.3,3.7,4.9,11.3,60,66,56,29,8.9,0,0,0,0,0,0,18639707109.117058,255303473.0,0.0574,-0.036,2369770,1851468,0,40.0,36.9,2026-06-11
1147,AMSC,Industrials,Specialty Industrial Machinery,NASDAQ,1365340,36.78,97.08,-30,-66,-47.82,52.3,33.3,-12.0,-18.0,-14.4,-5.8,60,90,54,35,24.4,0,0,0,0,0,0,2019382808.5775948,47694445.0,0.08180001,0.296,1668691,1338610,1,50.8,47.4,2026-06-11
1148,GNTX,Consumer Cyclical,Auto Parts,NASDAQ,2086589,24.63,97.03,24,21,-16.17,24.2,59.8,3.9,6.8,10.8,6.5,59,35,32,32,25.3,0,0,0,0,0,0,5245003837.523697,212951848.0,0.057800002,0.171,2249768,2113529,0,31.1,5.7,2026-06-11
1149,TDOC,Healthcare,Health Information Services,NYSE,5012728,7.03,97.03,-9,-59,-28.05,63.5,56.9,0.3,5.1,14.9,7.6,59,68,18,28,9.7,0,0,0,0,0,0,1272617297.780139,180513087.0,0.1476,-0.025,4835026,4805283,0,30.9,42.2,2026-06-11
1150,PRMB,Consumer Defensive,Beverages - Non-Alcoholic,NYSE,4180428,22.88,97.0,-9,-39,-27.02,62.8,55.9,-0.7,-0.3,8.7,16.7,59,68,38,11,2.2,0,0,0,0,0,0,8327833774.746742,362868562.0,0.4355,0.008,3471695,3989725,0,29.8,47.3,2026-06-11
1151,AEO,Consumer Cyclical,Apparel Retail,NYSE,5567997,17.53,96.98,22,59,-38.4,96.5,47.6,8.8,10.4,6.4,-6.8,59,37,74,95,69.6,0,0,0,0,0,0,2754905684.013815,167573333.0,0.1237,0.097,7551763,5307276,1,68.9,-31.6,2026-06-11
1152,BYD,Consumer Cyclical,Resorts & Casinos,NYSE,1060786,86.82,96.97,12,19,-3.49,18.1,81.5,0.0,3.9,2.3,3.3,59,47,54,67,25.2,0,0,0,0,0,0,6531391011.873871,74330156.0,0.0594,0.006,1309519,1012289,0,48.3,6.2,2026-06-11
1153,TT,Industrials,Building Products & Equipment,NYSE,1422267,449.12,96.92,3,12,-10.8,22.2,72.1,0.4,0.4,-1.0,7.2,59,56,65,46,18.0,0,0,0,0,0,0,100986983303.15068,221055477.0,0.0195,0.06,1486492,1337868,0,46.2,20.1,2026-06-11
1154,ZWS,Industrials,Pollution & Treatment Controls,NYSE,848766,47.12,96.91,-2,5,-12.35,36.7,73.5,1.5,0.9,-1.2,1.2,59,61,68,75,42.3,0,0,0,0,0,0,7936478761.525513,167542304.0,0.0379,0.114,855868,1051079,0,61.6,5.9,2026-06-11
1155,BMY,Healthcare,Drug Manufacturers - General,NYSE,11638630,55.6,96.91,-7,3,-11.59,33.6,72.3,1.7,-0.1,-1.5,6.6,59,66,76,67,23.2,0,0,0,0,0,0,116949421250.47604,2042071247.0,0.018,0.026,13996500,10617098,0,58.0,20.2,2026-06-11
1156,OHI,Real Estate,REIT - Healthcare Facilities,NYSE,2454082,45.86,96.86,-12,-5,-7.03,25.5,71.3,0.7,-2.7,-2.3,1.6,59,71,78,73,33.7,0,0,0,0,0,0,13243255303.527832,297802000.0,0.043,0.167,2856726,2338477,0,63.9,17.5,2026-06-11
1157,FAF,Financial Services,Insurance - Specialty,NYSE,897588,66.13,96.84,-3,-3,-7.47,18.5,61.7,-1.2,-2.7,-2.4,0.6,59,62,62,48,22.8,0,0,0,0,0,0,6829337657.928467,101900000.0,0.048899997,0.162,1080916,925643,0,48.7,22.4,2026-06-11
1158,BDJ,Financial Services,Asset Management,NYSE,525103,9.18,96.83,3,8,-5.94,10.1,65.9,1.0,1.6,2.0,1.4,59,56,61,67,16.3,0,0,0,0,0,0,1619043836.850958,176944689.0,0.00029999999,-0.04,587350,514192,0,50.1,17.2,2026-06-11
1159,UDR,Real Estate,REIT - Residential,NYSE,5139229,39.32,96.82,18,16,-6.87,16.5,66.2,2.3,3.1,7.0,7.2,59,41,39,29,6.0,0,0,0,0,0,0,12736693845.49097,324915653.0,0.077199996,0.042,7497307,4412027,0,28.7,20.1,2026-06-11
1160,SBAC,Real Estate,REIT - Specialty,NASDAQ,852503,207.33,96.8,3,-16,-14.74,23.3,51.9,0.2,0.0,-3.3,3.7,59,56,37,30,4.9,0,0,0,0,0,0,22063229249.490097,106063017.0,0.031400003,0.059,965399,1197909,0,32.0,32.7,2026-06-11
1161,NAC,Financial Services,Asset Management,NYSE,638369,12.05,96.79,0,5,-1.63,10.6,90.6,-0.0,1.0,1.6,2.3,59,59,64,64,19.6,0,0,0,0,0,0,1877483678.7603416,156326698.0,0.0050999997,,576808,629439,0,51.7,18.2,2026-06-11
1162,AMH,Real Estate,REIT - Residential,NYSE,3293540,33.22,96.79,22,16,-10.46,20.5,59.7,0.8,2.2,5.3,4.5,59,37,31,30,4.6,0,0,0,0,0,0,11997015510.907562,360595592.0,0.028199999,0.028,2734511,3077296,0,25.7,18.2,2026-06-11
1163,QSR,Consumer Cyclical,Restaurants,NYSE,3564723,73.2,96.77,-11,-11,-10.69,19.5,60.8,1.6,-0.4,-3.7,4.7,59,70,70,65,15.3,0,0,0,0,0,0,25211856748.87326,346983973.0,0.0572,0.073,3517540,3326180,0,55.1,28.4,2026-06-11
1164,FLR,Industrials,Engineering & Construction,NYSE,3124530,46.84,96.77,11,19,-18.54,26.5,61.4,3.2,7.1,4.3,9.9,59,48,56,37,20.6,0,0,0,0,0,0,6642700445.567413,139669896.0,0.0854,-0.08,2561722,2662436,0,40.4,15.1,2026-06-11
1165,BN,Financial Services,Asset Management,NYSE,5125770,44.61,96.69,6,-7,-10.01,17.7,62.1,0.2,-0.6,0.3,0.0,59,53,40,64,23.5,0,0,0,0,0,0,99618363027.8035,2233595660.0,2.81,0.079,4569891,5301554,0,45.1,13.8,2026-06-11
1166,ATRA,Healthcare,Biotechnology,NASDAQ,2866572,9.86,96.67,-28,-106,-48.5,150.2,45.1,4.4,5.7,41.7,4.0,59,87,9,94,24.4,0,0,0,0,0,0,89380906.92742157,9010172.0,0.0864,-0.995,89866,1745619,1,53.6,37.7,2026-06-11
1167,L,Financial Services,Insurance - Property & Casualty,NYSE,914562,108.05,96.65,6,24,-5.96,21.6,78.5,1.5,0.7,-0.5,2.4,59,53,71,72,31.5,0,0,0,0,0,0,22134557605.814323,205768873.0,0.025899999,0.014,1031126,783041,0,56.9,5.2,2026-06-11
1168,AEE,Utilities,Utilities - Regulated Electric,NYSE,1807146,108.77,96.61,-2,12,-5.9,14.7,69.6,0.7,-0.1,-1.8,2.6,59,61,75,54,22.1,0,0,0,0,0,0,30240648151.283203,276751616.0,0.0403,0.037,1796038,1705671,0,53.0,19.4,2026-06-11
1169,CEPT,Financial Services,Shell Companies,NASDAQ,761424,11.8,96.56,-3,-16,-16.01,13.4,42.4,-5.7,-7.1,-1.0,3.3,59,62,49,42,12.3,0,0,0,0,0,0,371241210.4988098,30580000.0,0.020499999,,671002,645280,0,41.3,30.2,2026-06-11
1170,AFRM,Financial Services,Credit Services,NASDAQ,5141806,62.81,96.52,4,-30,-37.19,56.3,48.3,-1.6,-1.6,5.4,-0.7,59,55,21,63,17.8,0,0,0,0,0,0,21302897924.055862,334898565.0,0.0647,0.326,4601209,5067025,0,39.2,20.4,2026-06-11
1171,TRV,Financial Services,Insurance - Property & Casualty,NYSE,1371370,303.36,96.46,1,13,-3.12,21.3,86.8,2.5,1.4,1.3,5.2,59,58,70,66,25.5,0,0,0,0,0,0,64484503152.25,212644693.0,0.0306,0.01,1470822,1385748,0,54.9,13.5,2026-06-11
1172,VFC,Consumer Cyclical,Apparel Manufacturing,NYSE,8033759,16.41,96.45,-7,-19,-26.31,52.8,59.8,4.3,4.0,-3.1,1.1,59,66,54,80,46.0,0,0,0,0,0,0,6499459465.729313,391769705.0,0.1031,0.01,6537637,7525709,0,61.5,8.4,2026-06-11
1173,BWXT,Industrials,Aerospace & Defense,NYSE,1013499,183.0,96.44,-19,-8,-24.32,43.4,57.4,3.2,-0.5,-7.4,-0.6,58,77,88,82,55.6,0,0,0,0,0,0,17035743701.96428,91614649.0,0.0402,0.261,1062889,990897,0,75.7,8.6,2026-06-11
1174,TXT,Industrials,Aerospace & Defense,NYSE,1412479,91.33,96.36,0,13,-10.08,22.4,70.9,2.3,2.8,3.1,6.2,58,58,71,63,29.7,0,0,0,0,0,0,15837808707.880234,173888981.0,0.035,0.118,1399267,1277939,0,55.4,11.9,2026-06-11
1175,REYN,Consumer Cyclical,Packaging & Containers,NASDAQ,1205207,23.45,96.29,24,29,-10.67,13.9,57.2,5.2,6.6,8.2,1.7,58,34,39,54,15.5,0,0,0,0,0,0,4733835094.456703,210767377.0,0.18100001,0.072,1023302,1149364,0,35.6,4.7,2026-06-11
1176,SRE,Utilities,Utilities - Diversified,NYSE,3530747,91.03,96.25,-5,10,-9.91,24.1,68.4,1.8,1.0,-1.7,0.8,58,63,78,70,29.8,0,0,0,0,0,0,59761929402.446,653707401.0,0.0167,-0.039,3891672,3407456,0,60.2,13.7,2026-06-11
1177,NEE,Utilities,Utilities - Regulated Electric,NYSE,12130665,85.12,96.22,-15,-9,-13.8,22.2,54.2,-0.3,-3.0,-7.1,-0.7,58,73,79,73,26.5,0,0,0,0,0,0,179028356293.00507,2085605358.0,0.0001,0.073,12692306,10703773,0,62.9,22.6,2026-06-11
1178,TRTX,Real Estate,REIT - Mortgage,NYSE,549711,8.58,96.2,11,6,-12.89,12.7,46.0,1.3,2.6,3.3,-1.3,58,47,42,65,16.2,0,0,0,0,0,0,657119776.5,77308209.0,0.044499997,0.119,580234,571036,0,42.5,12.3,2026-06-11
1179,CVI,Energy,Oil & Gas Refining & Marketing,NYSE,850946,31.15,96.18,-23,-45,-25.25,46.7,50.1,-8.6,-8.4,-7.0,-2.0,58,81,59,73,33.1,0,0,0,0,0,0,3332589510.2475204,100530599.0,0.2041,0.203,720479,927711,0,61.5,27.8,2026-06-11
1180,OGE,Utilities,Utilities - Regulated Electric,NYSE,1497876,47.64,96.13,-3,6,-4.97,12.2,67.0,0.8,-0.1,-0.9,3.5,58,61,70,46,16.5,0,0,0,0,0,0,9864692386.348888,206374321.0,0.064,0.007,1514739,1516893,0,48.4,24.4,2026-06-11
1181,TENB,Technology,Software - Infrastructure,NASDAQ,4027533,26.8,96.1,38,34,-24.91,67.5,55.8,-5.1,2.2,20.6,9.7,58,20,16,16,3.0,0,0,0,0,0,0,3071074490.1154194,110271973.0,0.1658,0.096,4115479,3738943,0,13.7,9.7,2026-06-11
1182,XNCR,Healthcare,Biotechnology,NASDAQ,750797,11.83,96.07,-15,-34,-36.7,72.7,45.7,3.1,4.6,-0.6,-5.3,58,73,54,88,34.7,0,0,0,0,0,0,872646618.8593292,74141596.0,0.2052,-0.862,715153,759792,0,62.4,18.0,2026-06-11
1183,GLPI,Real Estate,REIT - Specialty,NASDAQ,1932362,48.41,96.05,-2,1,-3.08,15.8,77.0,1.8,1.4,1.7,4.0,58,60,63,36,10.2,0,0,0,0,0,0,13359573721.37532,283221841.0,0.06,0.063,2653856,2043429,0,42.3,29.4,2026-06-11
1184,NLY,Real Estate,REIT - Mortgage,NYSE,6567595,21.41,96.05,-8,-6,-12.68,17.0,57.2,2.7,2.3,0.0,-0.4,58,66,68,72,22.7,0,0,0,0,0,0,15549511076.222494,732776229.0,0.0,0.488,8871057,6277147,0,57.2,20.2,2026-06-11
1185,CR,Industrials,Specialty Industrial Machinery,NYSE,548095,195.65,96.0,24,32,-8.71,26.9,87.5,6.9,11.3,12.0,9.4,58,34,42,64,18.4,0,0,0,0,0,0,10905850293.20517,57745686.0,0.0273,0.249,501137,558895,0,39.6,1.0,2026-06-11
1186,AMGN,Healthcare,Drug Manufacturers - General,NASDAQ,2695720,337.73,95.99,-1,19,-13.69,30.6,70.8,3.8,5.0,4.1,7.2,58,59,79,74,30.1,0,0,0,0,0,0,188671211177.86063,539708274.0,0.0228,0.058,2631171,2603156,0,60.5,9.4,2026-06-11
1187,HUBB,Industrials,Electrical Equipment & Parts,NYSE,729939,467.59,95.88,-2,13,-17.31,22.8,49.6,-1.7,-1.2,-6.7,-0.2,58,60,75,62,30.4,0,0,0,0,0,0,25196016496.164734,52841777.0,0.0585,0.111,658741,623707,0,56.8,12.9,2026-06-11
1188,VZ,Communication Services,Telecom Services,NYSE,21395886,46.95,95.87,-7,8,-9.15,22.2,65.8,0.9,-0.4,-0.5,5.8,58,65,80,41,15.1,0,0,0,0,0,0,189445103286.72192,4175558910.0,0.021,0.029,23782968,23429825,0,50.3,28.3,2026-06-11
1189,PRU,Financial Services,Insurance - Life,NYSE,1978759,105.17,95.83,17,7,-12.18,15.8,54.3,3.2,3.5,6.3,2.3,58,41,31,67,10.5,0,0,0,0,0,0,36337153648.2969,347325107.0,0.0401,0.153,1937567,2104499,0,37.4,11.1,2026-06-11
1190,DTE,Utilities,Utilities - Regulated Electric,NYSE,1689721,146.07,95.83,3,20,-5.54,14.2,75.5,1.5,1.6,0.4,4.3,58,55,72,43,16.9,0,0,0,0,0,0,30324288074.80284,208028313.0,0.0296,0.158,1613294,1429414,0,46.7,19.8,2026-06-11
1191,FUL,Basic Materials,Specialty Chemicals,NYSE,625877,61.19,95.82,16,14,-10.84,29.0,78.6,3.1,5.2,4.0,5.4,58,42,40,47,17.2,0,0,0,0,0,0,3262699222.918709,54487294.0,0.0543,-0.023,756052,604522,0,36.6,11.6,2026-06-11
1192,DKS,Consumer Cyclical,Specialty Retail,NYSE,1235904,214.97,95.8,4,-13,-9.58,29.1,83.1,2.4,1.8,2.5,4.6,58,54,37,51,32.4,0,0,0,0,0,0,19227830187.59404,89502537.0,0.133,0.627,1326414,1203696,0,43.6,13.1,2026-06-11
1193,CCJ,Energy,Uranium,NYSE,3283058,95.03,95.8,-26,-19,-29.73,49.6,48.3,-8.3,-7.9,-13.0,-3.2,58,84,91,87,59.6,0,0,0,0,0,0,45051532307.632935,435532978.0,1.84,0.071,3670474,3169074,1,80.4,10.9,2026-06-11
1194,ITT,Industrials,Specialty Industrial Machinery,NYSE,689895,184.24,95.74,-11,-5,-18.21,23.5,48.9,-3.1,-4.3,-9.3,-1.8,58,69,75,67,31.8,0,0,0,0,0,0,17199834030.630615,89839824.0,0.0648,0.327,677846,778099,0,60.7,18.4,2026-06-11
1195,ABBV,Healthcare,Drug Manufacturers - General,NYSE,5820520,224.95,95.73,11,26,-8.11,23.3,68.4,1.5,3.4,6.8,2.1,57,46,61,70,28.3,0,0,0,0,0,0,401468325167.2767,1766792821.0,0.014199999,0.124,5553272,6117732,0,51.3,2.6,2026-06-11
1196,MTCH,Communication Services,Internet Content & Information,NASDAQ,3481923,34.35,95.7,-8,-35,-12.37,19.6,57.4,-1.1,-2.3,-2.0,3.2,57,65,38,39,17.9,0,0,0,0,0,0,8029033397.796234,233266526.0,0.052800003,0.039,2762479,3361857,0,40.0,31.4,2026-06-11
1197,CINF,Financial Services,Insurance - Property & Casualty,NASDAQ,629279,166.43,95.68,3,14,-4.5,17.1,85.0,4.1,2.6,3.0,4.1,57,54,65,66,23.7,0,0,0,0,0,0,25568170546.63376,154686742.0,0.0221,0.116,669767,676455,0,52.2,11.7,2026-06-11
1198,PB,Financial Services,Banks - Regional,NYSE,901556,71.11,95.65,20,22,-7.89,15.6,68.2,3.2,3.8,3.8,4.3,57,37,39,54,10.6,0,0,0,0,0,0,6995281290.596817,100854689.0,0.0582,0.199,955109,907087,0,35.2,9.6,2026-06-11
1199,BXP,Real Estate,REIT - Office,NYSE,1498376,65.48,95.65,24,12,-17.46,29.8,54.5,5.4,8.0,13.2,1.8,57,33,21,39,5.2,0,0,0,0,0,0,9940226073.041824,159477391.0,0.0926,0.006,1487988,1704125,0,24.5,13.9,2026-06-11
1200,HEI,Industrials,Aerospace & Defense,NYSE,826276,320.88,95.65,24,34,-11.28,30.0,80.6,2.3,6.7,14.7,8.3,57,33,43,60,21.9,0,0,0,0,0,0,46287273153.214905,139659277.0,0.0113,0.253,785888,730183,0,39.5,-0.8,2026-06-11
1201,CL,Consumer Defensive,Household & Personal Products,NYSE,5388632,89.95,95.62,13,36,-9.44,19.2,59.6,1.7,0.5,3.1,6.1,57,44,67,32,8.5,0,0,0,0,0,0,70880770544.99039,800189310.0,0.0277,0.084,5517198,5343973,0,37.9,17.8,2026-06-11
1202,LRN,Consumer Defensive,Education & Training Services,NYSE,734122,99.84,95.49,27,29,-41.67,63.0,35.3,1.3,6.0,6.5,3.2,57,30,32,7,1.2,0,0,0,0,0,0,4252909339.242859,42524840.0,0.2227,0.027,750176,716237,0,17.5,18.8,2026-06-11
1203,CI,Healthcare,Healthcare Plans,NYSE,1721023,295.81,95.43,2,-17,-12.71,20.6,56.0,3.8,3.4,4.5,4.7,57,55,36,33,6.5,0,0,0,0,0,0,76576843216.15979,264532404.0,0.025799999,0.046,1663681,1579522,0,32.6,30.5,2026-06-11
1204,DX,Real Estate,REIT - Mortgage,NYSE,4157201,12.76,95.43,-5,-2,-14.53,8.9,36.3,0.0,-0.1,-2.1,-3.5,57,62,65,74,13.9,0,0,0,0,0,0,2768992148.4679327,215150907.0,0.044899996,,3456344,4781934,0,53.7,21.3,2026-06-11
1205,NET,Technology,Software - Infrastructure,NYSE,4872573,219.67,95.38,15,49,-20.64,42.0,59.8,-9.0,-1.1,5.3,9.9,57,42,76,80,37.9,0,0,0,0,0,0,88405443252.90868,353466247.0,0.032,0.335,4995179,4680623,0,59.0,-9.0,2026-06-11
1206,AMRC,Industrials,Engineering & Construction,NYSE,664946,25.79,95.36,-18,-8,-42.6,94.0,46.8,-9.9,-12.2,-4.5,-10.8,57,75,85,88,70.7,0,0,0,0,0,0,1506997279.3415298,52951417.0,0.1453,0.138,662389,617089,0,79.7,-1.4,2026-06-11
1207,HESM,Energy,Oil & Gas Midstream,NYSE,2274985,38.78,95.35,-6,-4,-12.14,21.7,58.4,0.4,-1.2,-0.1,5.7,57,63,65,30,9.9,0,0,0,0,0,0,4982581161.25042,128350881.0,0.0851,0.021,1268675,2183665,0,42.0,33.0,2026-06-11
1208,PKG,Consumer Cyclical,Packaging & Containers,NYSE,687263,216.64,95.34,3,14,-13.17,20.5,63.5,0.8,2.7,4.1,5.0,57,54,65,42,22.9,0,0,0,0,0,0,19852961177.11798,89098647.0,0.0525,0.106,652500,771276,0,46.0,16.8,2026-06-11
1209,DEI,Real Estate,REIT - Office,NYSE,2849640,12.42,95.31,8,-22,-26.9,34.2,40.6,2.0,4.3,10.9,3.1,57,49,19,15,2.5,0,0,0,0,0,0,2043320225.4547205,167485267.0,0.2789,-0.002,3021091,2566362,0,21.4,33.1,2026-06-11
1210,TOWN,Financial Services,Banks - Regional,NASDAQ,527629,35.04,95.3,12,9,-7.45,9.8,55.6,2.9,2.8,1.1,1.7,57,45,42,50,11.1,0,0,0,0,0,0,3116915541.976089,91298055.0,3.7,0.362,529779,493413,0,37.0,16.3,2026-06-11
1211,NWS,Communication Services,Entertainment,NASDAQ,1351002,30.9,95.26,7,-10,-13.15,17.5,47.1,-1.4,-0.6,0.6,1.1,57,50,33,31,6.7,0,0,0,0,0,0,17000525210.705215,545063319.0,0.1767,0.088,1263828,1382925,0,30.2,27.2,2026-06-11
1212,NVG,Financial Services,Asset Management,NYSE,542452,12.72,95.11,0,7,-6.4,10.3,61.0,0.5,1.6,1.0,0.9,56,56,63,61,16.0,0,0,0,0,0,0,2684670731.35128,213577629.0,0.0028,-0.02,463586,551267,0,49.0,18.3,2026-06-11
1213,SON,Consumer Cyclical,Packaging & Containers,NYSE,1261442,48.99,95.1,-8,7,-16.17,28.7,61.3,3.8,4.1,-0.9,6.5,56,64,79,33,18.7,0,0,0,0,0,0,4695274206.557812,98868689.0,0.0975,-0.019,1232578,1338209,0,48.7,27.4,2026-06-11
1214,ABM,Industrials,Specialty Business Services,NYSE,525821,44.87,95.06,31,34,-10.47,23.5,71.5,10.7,13.3,14.9,7.0,56,25,28,40,7.9,0,0,0,0,0,0,2489986216.388397,58532820.0,0.0659,0.084,784413,496150,0,25.2,5.3,2026-06-11
1215,VCEL,Healthcare,Biotechnology,NASDAQ,642283,37.38,95.05,28,29,-18.69,31.5,62.2,8.3,10.1,11.0,9.1,56,28,29,28,3.4,0,0,0,0,0,0,1853776637.438034,51068228.0,0.1347,0.301,581999,620977,0,22.1,12.2,2026-06-11
1216,JHX,Basic Materials,Building Materials,NYSE,7452208,22.01,95.02,32,38,-26.22,43.1,55.5,3.8,9.4,12.9,13.7,56,24,30,24,3.8,0,0,0,0,0,0,13149928271.591022,580314579.0,3.34,0.445,7252796,7365649,0,20.5,9.5,2026-06-11
1217,BROS,Consumer Cyclical,Restaurants,NYSE,4144858,60.28,94.99,31,31,-19.25,39.3,66.6,11.7,16.6,18.7,15.3,56,25,25,53,5.7,0,0,0,0,0,0,7616934436.241798,137192622.0,0.4441,0.308,3209696,4139769,0,27.2,4.1,2026-06-11
1218,REPL,Healthcare,Biotechnology,NASDAQ,7641469,8.47,94.93,48,67,-36.03,407.1,63.3,-5.5,22.9,70.0,23.9,56,8,27,92,3.4,0,0,0,0,0,0,781962723.9792681,82572619.0,0.5135,,10027427,8969093,1,32.6,-16.4,2026-06-11
1219,NZF,Financial Services,Asset Management,NYSE,552514,12.65,94.93,0,5,-2.84,10.0,79.3,0.8,1.8,1.4,1.3,56,56,61,62,15.7,0,0,0,0,0,0,2437111434.2196465,193729050.0,0.0023999999,-0.012,525002,539090,0,48.7,18.5,2026-06-11
1220,BRSP,Real Estate,REIT - Mortgage,NYSE,881626,5.63,94.91,-6,-11,-8.68,14.1,56.1,0.3,-0.9,-3.1,-1.6,56,62,57,64,13.5,0,0,0,0,0,0,723043285.5985689,130278065.0,0.0382,0.069,851140,822256,0,49.1,24.4,2026-06-11
1221,URBN,Consumer Cyclical,Apparel Retail,NASDAQ,1293970,72.69,94.91,13,9,-13.82,29.9,77.0,6.2,6.8,9.4,10.3,56,43,39,85,20.7,0,0,0,0,0,0,6394108624.378403,89678939.0,0.1263,0.114,1035462,1268196,0,46.9,3.2,2026-06-11
1222,HTHT,Consumer Cyclical,Lodging,NASDAQ,2292527,44.54,94.9,-16,-4,-21.36,47.4,56.5,0.8,-0.1,-8.0,-2.9,56,72,84,86,38.7,0,0,0,0,0,0,13838571855.0,307523819.0,0.0401,0.111,3014601,2180150,0,70.2,12.7,2026-06-11
1223,AER,Industrials,Rental & Leasing Services,NYSE,1401424,135.07,94.9,-9,-5,-12.82,28.6,64.4,1.0,-0.1,-2.3,1.0,56,65,69,82,29.0,0,0,0,0,0,0,21593398115.91339,157685101.0,0.0095,0.079,1393542,1306986,0,61.3,14.2,2026-06-11
1224,BLD,Industrials,Engineering & Construction,NYSE,792781,393.22,94.9,20,35,-29.72,39.4,45.1,0.8,0.4,-0.9,-4.5,56,36,51,79,43.4,0,0,0,0,0,0,11309048108.976929,28144562.0,0.0838,0.172,936245,829553,0,52.4,-13.8,2026-06-11
1225,ALGN,Healthcare,Medical Instruments & Supplies,NASDAQ,1013595,170.5,94.87,16,37,-18.15,41.3,62.7,3.4,6.1,1.9,10.8,56,40,61,46,6.3,0,0,0,0,0,0,12013225016.39012,71618127.0,0.0784,0.062,1015086,1006895,0,38.3,13.6,2026-06-11
1226,EMN,Basic Materials,Specialty Chemicals,NYSE,1179980,71.34,94.79,1,-6,-14.53,30.1,67.3,-0.4,0.2,-0.4,7.2,56,55,48,24,4.9,0,0,0,0,0,0,8214900707.637939,114349960.0,0.0596,-0.049,996972,1223568,0,33.0,31.9,2026-06-11
1227,LMND,Financial Services,Insurance - Property & Casualty,NYSE,1746153,55.86,94.76,11,35,-44.08,57.6,34.7,4.0,3.3,-2.0,-10.5,56,45,69,94,48.0,0,0,0,0,0,0,3953197731.608467,76820789.0,0.1591,0.706,1685401,1661754,1,64.0,-13.7,2026-06-11
1228,EW,Healthcare,Medical Devices,NYSE,4941841,85.98,94.75,10,29,-3.91,18.0,84.5,-1.1,0.5,3.7,4.8,56,46,65,73,22.0,0,0,0,0,0,0,49495767472.83936,575800000.0,0.0225,0.167,5390753,5164900,0,51.5,4.7,2026-06-11
1229,MAA,Real Estate,REIT - Residential,NYSE,988063,139.78,94.75,21,21,-9.19,14.5,53.7,2.5,4.6,7.0,3.9,56,35,35,31,5.2,0,0,0,0,0,0,16007564885.687897,116384802.0,0.0279,0.008,1125220,957924,0,26.6,15.7,2026-06-11
1230,DECK,Consumer Cyclical,Footwear & Accessories,NYSE,2173343,111.18,94.73,26,35,-12.11,43.8,78.5,3.3,7.3,8.8,10.6,56,30,39,24,12.8,0,0,0,0,0,0,15017197498.96206,138880957.0,0.0493,0.096,1788431,1942154,0,26.5,8.9,2026-06-11
1231,EOLS,Healthcare,Drug Manufacturers - Specialty & Generic,NASDAQ,896603,6.72,94.71,-10,-63,-36.72,65.2,40.8,-0.1,0.6,14.6,9.8,56,66,13,24,0.8,0,0,0,0,0,0,439251194.1943188,65854751.0,0.0949,0.067,776921,834672,0,26.0,46.3,2026-06-11
1232,ARDX,Healthcare,Biotechnology,NASDAQ,3968196,5.61,94.7,-19,-28,-33.21,63.1,50.5,3.0,-2.3,-6.3,-5.5,56,75,66,73,59.5,0,0,0,0,0,0,1373483377.584865,247029387.0,0.0987,0.275,3024678,3598035,0,68.4,9.0,2026-06-11
1233,AHCO,Healthcare,Medical Devices,NASDAQ,1440457,9.93,94.67,-13,-16,-26.06,21.7,35.4,2.5,-0.8,-11.8,-0.8,56,69,66,68,24.0,0,0,0,0,0,0,1345575609.990486,136054152.0,0.0698,0.054,1303471,1355824,0,56.7,23.0,2026-06-11
1234,WEC,Utilities,Utilities - Regulated Electric,NYSE,2124096,114.01,94.65,3,21,-4.69,9.9,64.1,1.4,1.3,-0.7,1.1,56,53,71,48,15.9,0,0,0,0,0,0,36790714336.06412,325725678.0,0.052199997,0.09,2296920,1971660,0,47.0,17.8,2026-06-11
1235,SONO,Technology,Consumer Electronics,NASDAQ,1704716,14.67,94.64,7,-1,-25.98,55.8,59.8,-1.0,0.2,4.9,-1.9,56,49,41,87,55.1,0,0,0,0,0,0,1796460349.5912037,119128671.0,0.13069999,0.084,1516260,1451362,0,58.0,-9.8,2026-06-11
1236,TOL,Consumer Cyclical,Residential Construction,NYSE,1084185,138.9,94.63,15,47,-17.5,40.4,69.1,5.2,7.9,6.0,4.8,56,41,73,69,42.5,0,0,0,0,0,0,12890585952.301023,93471000.0,0.0496,-0.076,971956,1040001,0,56.4,-9.6,2026-06-11
1237,NEA,Financial Services,Asset Management,NYSE,859295,11.59,94.63,-1,5,-2.61,9.7,80.5,0.9,1.9,1.6,1.3,56,57,63,61,16.1,0,0,0,0,0,0,3438982218.0,299041932.0,0.0044,-0.014,824117,849665,0,49.3,19.0,2026-06-11
1238,BIDU,Communication Services,Internet Content & Information,NASDAQ,2824187,117.48,94.62,-21,-25,-28.93,38.9,41.2,-8.4,-10.8,-8.5,-8.8,55,76,72,71,43.6,0,0,0,0,0,0,41395139739.98245,340252659.0,0.0322,-0.012,2643182,2476060,0,65.7,17.6,2026-06-11
1239,SNPS,Technology,Software - Infrastructure,NASDAQ,1845805,460.54,94.6,-7,-30,-29.34,19.9,28.6,-4.7,-7.5,-3.7,-1.5,55,62,39,39,5.0,0,0,0,0,0,0,89009165394.94705,191479325.0,0.027,0.419,2382567,1783557,0,36.3,35.4,2026-06-11
1240,ASM,Basic Materials,Other Precious Metals & Mining,NYSE ARCA,4304307,5.48,94.56,-37,-33,-54.3,88.1,34.7,-7.6,-10.5,-12.6,-7.1,55,92,96,98,66.3,0,0,0,1,0,1,1023582801.0642356,175271023.0,0.0295,1.093,3834411,4397718,3,88.1,11.3,2026-06-11
1241,O,Real Estate,REIT - Retail,NYSE,6121635,62.11,94.52,-5,8,-8.58,10.7,51.4,2.1,1.0,-0.9,2.1,55,60,73,53,16.7,0,0,0,0,0,0,56732845667.48707,932492530.0,0.0419,0.12,7147146,5755529,0,50.7,21.7,2026-06-11
1242,DXCM,Healthcare,Medical Devices,NASDAQ,6769006,74.77,94.51,27,35,-16.9,37.2,58.8,1.0,5.5,14.7,11.4,55,28,36,26,4.3,0,0,0,0,0,0,28114705339.73817,385872977.0,0.052399997,0.15,5748148,5685873,0,23.6,11.4,2026-06-11
1243,TLN,Utilities,Utilities - Independent Power Producers,NASDAQ,755581,336.59,94.49,-11,-17,-25.41,30.6,44.4,-6.2,-4.6,-3.5,-7.2,55,66,60,85,46.3,0,0,0,0,0,0,16666796771.679688,45695008.0,0.0574,0.967,706054,705524,0,64.3,6.6,2026-06-11
1244,CIM,Real Estate,REIT - Mortgage,NYSE,582760,13.22,94.46,-10,-16,-11.16,13.6,52.8,-0.1,0.1,-0.5,1.3,55,65,59,35,7.3,0,0,0,0,0,0,1107473259.1749458,83646018.0,0.0201,-0.766,575651,638308,0,41.6,35.4,2026-06-11
1245,GD,Industrials,Aerospace & Defense,NYSE,1226879,341.07,94.45,-5,9,-7.74,30.1,89.4,4.5,4.8,5.5,4.6,55,60,74,75,40.6,0,0,0,0,0,0,93687834644.50996,270430187.0,0.0115,0.103,1050108,1290455,0,62.4,5.3,2026-06-11
1246,ED,Utilities,Utilities - Regulated Electric,NYSE,2553580,107.6,94.45,2,24,-7.42,12.0,57.0,1.6,0.6,-1.6,2.6,55,53,75,51,13.2,0,0,0,0,0,0,39159967240.564384,368529705.0,0.036,0.062,2761521,2223534,0,48.0,18.1,2026-06-11
1247,BCAR,Financial Services,Shell Companies,NASDAQ,847440,10.57,94.41,3,2,-5.37,7.1,64.4,-1.9,-1.3,1.3,4.3,55,52,51,46,,0,0,0,0,0,0,431574820.8057003,40561542.0,0.0014,,837271,634934,0,49.7,,2026-06-11
1248,NGG,Utilities,Utilities - Regulated Electric,NYSE,1551069,80.38,94.39,-12,4,-15.07,19.9,52.2,0.8,-1.8,-4.9,0.9,55,67,83,74,23.9,0,0,0,0,0,0,81462334796.16655,995142123.0,0.0015,0.02,1055207,1269095,0,62.0,18.5,2026-06-11
1249,OLMA,Healthcare,Biotechnology,NASDAQ,1261102,9.82,94.38,-36,-30,-72.92,143.1,18.0,-9.8,-19.6,-30.7,-42.5,55,91,97,99,83.4,0,0,0,1,0,1,900552462.6624575,87347471.0,0.1612,,1607398,1107945,3,92.6,1.6,2026-06-11
1250,MTH,Consumer Cyclical,Residential Construction,NYSE,830059,70.56,94.34,29,38,-16.73,25.2,61.6,6.6,11.3,11.7,5.5,55,26,35,37,17.5,0,0,0,0,0,0,4564489561.765671,66800665.0,0.0691,-0.177,878717,875355,0,28.9,1.2,2026-06-11
1251,RUM,Communication Services,Internet Content & Information,NASDAQ,3599263,7.0,94.33,-10,-57,-36.31,61.5,53.6,-7.7,-7.7,5.1,13.2,55,65,18,22,2.5,0,0,0,0,0,0,1640289182.8502195,216396992.0,0.2214,0.074,3965209,3325229,0,26.9,44.5,2026-06-11
1252,FAST,Industrials,Industrial Distribution,NASDAQ,6847723,46.03,94.33,15,42,-9.09,18.5,64.4,1.2,3.3,2.8,4.3,55,40,67,47,17.4,0,0,0,0,0,0,53716561555.24749,1148035061.0,0.027999999,0.124,7111339,7117863,0,42.8,7.2,2026-06-11
1253,SSB,Financial Services,Banks - Regional,NYSE,730965,96.67,94.32,15,19,-10.87,14.5,54.5,2.8,3.3,1.8,1.4,55,40,44,43,16.3,0,0,0,0,0,0,9309717828.95408,97668043.0,0.0286,0.228,699877,807201,0,35.8,10.8,2026-06-11
1254,PCVX,Healthcare,Biotechnology,NASDAQ,1608124,45.42,94.29,-27,-24,-30.12,59.4,52.8,-0.8,-2.9,-13.5,-2.7,55,82,85,47,38.2,0,0,0,0,0,0,6838674307.653351,144397682.0,0.096,,1315562,1430450,0,63.0,28.6,2026-06-11
1255,WFC,Financial Services,Banks - Diversified,NYSE,16657217,81.97,94.27,24,32,-16.15,13.9,41.8,2.5,5.8,3.6,-2.1,55,31,39,78,18.2,0,0,0,0,0,0,250751934609.52576,3060189494.0,0.0,0.057,15817142,16529412,0,41.6,-3.8,2026-06-11
1256,XEL,Utilities,Utilities - Regulated Electric,NASDAQ,5813801,78.1,94.21,-5,8,-7.28,19.2,69.1,0.4,-0.8,-1.9,-0.1,55,60,73,61,22.5,0,0,0,0,0,0,49342266593.93585,624269560.0,0.059299998,0.029,6795984,5205604,0,54.1,17.3,2026-06-11
1257,BCE,Communication Services,Telecom Services,NYSE,3591924,24.71,94.19,1,19,-6.83,13.2,60.3,-0.1,0.4,1.5,1.4,55,54,72,55,18.1,0,0,0,0,0,0,22762955050.677853,932525817.0,6.81,0.04,4885574,3481338,0,49.8,15.9,2026-06-11
1258,DNOW,Industrials,Industrial Distribution,NYSE,3355181,13.8,94.16,27,21,-20.05,22.8,44.2,2.3,3.2,6.2,-0.9,55,28,22,29,5.4,0,0,0,0,0,0,2415083284.75708,182545984.0,0.0964,0.975,2926555,3090329,0,21.1,11.7,2026-06-11
1259,CCI,Real Estate,REIT - Specialty,NYSE,3755046,93.38,94.16,10,4,-19.33,19.6,40.8,0.1,0.9,3.6,2.4,55,45,39,33,5.5,0,0,0,0,0,0,41240346941.307976,436451983.0,0.0375,-0.048,4447519,3489221,0,30.6,22.8,2026-06-11
1260,OMDA,Healthcare,Health Information Services,NASDAQ,1221168,17.1,94.15,17,6,-36.47,62.1,42.9,-0.8,2.9,15.9,1.9,55,38,27,14,8.6,0,0,0,0,0,0,1065911748.6522446,59448507.0,0.1043,0.42,1190644,1033834,0,21.9,20.6,2026-06-11
1261,HBAN,Financial Services,Banks - Regional,NASDAQ,21649446,16.84,94.09,18,19,-13.46,14.6,51.5,4.5,6.7,5.7,2.9,55,37,38,62,14.6,0,0,0,0,0,0,33488198225.18674,2027130587.0,0.028099999,0.336,25275050,21968432,0,37.9,6.1,2026-06-11
1262,WRBY,Healthcare,Medical Instruments & Supplies,NYSE,3317573,25.02,94.09,-25,-67,-19.29,56.8,68.2,5.9,2.0,6.9,8.0,55,80,38,69,26.7,0,0,0,0,0,0,2788090077.6581345,122715236.0,0.14039999,0.083,2736389,2818161,0,53.4,33.1,2026-06-11
1263,VVV,Consumer Cyclical,Auto & Truck Dealerships,NYSE,2384119,36.32,94.07,25,39,-12.12,31.0,75.8,6.8,10.1,11.7,10.8,55,30,44,21,12.1,0,0,0,0,0,0,4556864044.288616,127536079.0,0.1429,0.25,2017149,2181687,0,26.8,9.4,2026-06-11
1264,CBSH,Financial Services,Banks - Regional,NASDAQ,1193990,54.56,94.04,22,21,-13.66,16.0,49.1,4.0,5.1,6.7,4.6,54,32,31,30,5.1,0,0,0,0,0,0,7733478120.680855,145777158.0,0.0397,0.173,1334842,1201260,0,24.5,14.0,2026-06-11
1265,DLR,Real Estate,REIT - Specialty,NYSE,2007782,180.78,93.99,-16,-13,-13.14,23.6,62.4,-1.3,-2.8,-4.8,5.1,54,70,73,29,11.8,0,0,0,0,0,0,65639137456.00632,351406070.0,0.0,0.167,2203677,2082259,0,46.0,37.0,2026-06-11
1266,RTX,Industrials,Aerospace & Defense,NYSE,5677388,177.41,93.96,-6,19,-17.29,30.7,60.7,3.3,4.0,0.8,1.3,54,60,85,82,43.8,0,0,0,0,0,0,243736241031.273,1346683428.0,0.0107,0.087,5790874,5399572,0,67.7,1.2,2026-06-11
1267,CHD,Consumer Defensive,Household & Personal Products,NYSE,2079756,98.19,93.9,12,33,-7.4,19.0,65.4,1.3,1.1,2.1,5.7,54,42,63,26,8.8,0,0,0,0,0,0,22921923551.313854,236943602.0,0.0505,0.002,2077960,1987612,0,35.0,17.7,2026-06-11
1268,CCEP,Consumer Defensive,Beverages - Non-Alcoholic,NASDAQ,1866484,97.51,93.86,9,36,-12.07,14.4,49.0,4.2,4.8,3.5,5.1,54,45,72,63,14.2,0,0,0,0,0,0,41948696676.38618,442777049.0,0.050300002,0.002,2290133,1833786,0,48.5,9.1,2026-06-11
1269,SBCF,Financial Services,Banks - Regional,NASDAQ,760232,30.88,93.81,6,19,-13.14,27.2,64.0,3.4,3.4,0.9,-0.3,54,48,61,72,27.7,0,0,0,0,0,0,2932962628.68132,97246772.0,0.0591,0.241,661767,737851,0,52.2,4.1,2026-06-11
1270,NWSA,Communication Services,Entertainment,NASDAQ,4523684,26.97,93.8,2,-17,-14.68,17.4,45.1,-1.5,-0.6,0.9,0.4,54,52,33,29,6.6,0,0,0,0,0,0,14858426200.695091,545063319.0,0.0399,0.088,4186823,4601176,0,30.1,29.2,2026-06-11
1271,XYZ,Technology,Software - Infrastructure,NYSE,5985302,66.63,93.79,-21,-59,-19.24,40.7,62.5,-2.5,-2.2,-0.3,2.4,54,75,37,28,16.0,0,0,0,0,0,0,40561586058.17413,595181000.0,0.0456,0.049,5792667,5654395,0,39.0,42.7,2026-06-11
1272,NAMS,Healthcare,Biotechnology,NASDAQ,1514387,29.33,93.78,-29,-43,-30.51,68.5,52.4,-3.8,-9.6,-9.1,-8.7,54,83,69,88,48.6,0,0,0,0,0,0,3684813471.594394,116903979.0,0.0717,0.021,1395721,1290684,0,72.1,17.6,2026-06-11
1273,GRMN,Technology,Scientific & Technical Instruments,NYSE,770085,231.72,93.78,-15,-15,-15.22,27.5,64.0,0.6,1.1,-2.6,4.3,54,69,69,37,22.6,0,0,0,0,0,0,45623994065.94104,192856206.0,0.0241,0.142,713396,760865,0,49.4,29.6,2026-06-11
1274,EMR,Industrials,Specialty Industrial Machinery,NYSE,2917286,137.11,93.74,8,20,-16.98,15.2,48.9,0.8,2.6,1.8,3.2,54,46,58,61,21.1,0,0,0,0,0,0,77361009265.13672,560100000.0,0.0241,0.029,2412328,2862021,0,46.5,8.3,2026-06-11
1275,PTON,Consumer Cyclical,Leisure,NASDAQ,16178200,5.59,93.65,20,-4,-39.24,52.3,36.7,-5.2,-1.3,6.0,-7.0,54,34,10,23,1.5,0,0,0,0,0,0,2498363398.9913344,432991925.0,0.1424,0.011,11647580,14845972,0,17.1,20.9,2026-06-11
1276,VIV,Communication Services,Telecom Services,NYSE,1117211,12.82,93.65,-17,0,-25.72,23.8,38.9,0.8,-1.9,-11.9,-4.4,54,71,88,75,38.0,0,0,0,0,0,0,20467859355.02489,1597803176.0,0.0137,0.074,1160073,1062418,0,68.0,14.0,2026-06-11
1277,CWT,Utilities,Utilities - Regulated Water,NYSE,520239,46.07,93.62,16,26,-8.66,7.4,40.8,0.1,2.3,1.4,0.3,54,38,48,37,7.5,0,0,0,0,0,0,2742476446.574234,59853262.0,0.039100002,0.052,586829,539383,0,32.6,14.5,2026-06-11
1278,NAD,Financial Services,Asset Management,NYSE,701291,11.86,93.47,-2,4,-3.66,8.7,76.2,1.4,2.1,2.0,1.0,53,55,61,64,15.7,0,0,0,0,0,0,2740870417.6642704,233464265.0,0.0026,-0.016,694773,682760,0,48.9,17.2,2026-06-11
1279,AHR,Real Estate,REIT - Healthcare Facilities,NYSE,2596788,46.82,93.47,-18,-3,-14.36,32.2,63.1,-0.7,-4.3,-5.4,-2.1,53,71,86,87,43.2,0,0,0,0,0,0,9815175089.210035,206722308.0,0.097799994,0.209,2566266,2452121,0,71.8,9.2,2026-06-11
1280,IEP,Energy,Oil & Gas Refining & Marketing,NASDAQ,1042664,7.2,93.46,-4,3,-26.15,2.8,8.1,-0.3,-1.9,-5.1,-7.0,53,57,64,39,4.2,0,0,0,0,0,0,4979894495.183224,672050553.0,0.1175,0.198,703172,927284,0,41.0,29.3,2026-06-11
1281,PCG,Utilities,Utilities - Regulated Electric,NYSE,18854565,16.72,93.42,6,38,-12.73,29.2,62.0,0.9,1.7,-0.2,2.5,53,47,79,38,22.6,0,0,0,0,0,0,37680066440.2113,2202224728.0,0.0,0.15,18362516,20487143,0,46.6,10.8,2026-06-11
1282,JFR,Financial Services,Asset Management,NYSE,694291,7.66,93.41,10,9,-10.83,7.4,37.6,0.9,1.4,2.1,-1.2,53,43,42,41,5.6,0,0,0,0,0,0,1221742780.3116798,160967425.0,0.0013,0.043,769675,707831,0,32.9,19.2,2026-06-11
1283,AVB,Real Estate,REIT - Residential,NYSE,1152614,186.59,93.4,2,-15,-11.09,14.6,49.0,-0.7,-0.4,2.5,2.1,53,51,34,27,4.3,0,0,0,0,0,0,26915969103.86368,141872069.0,0.0394,0.025,1202763,1070664,0,29.1,29.9,2026-06-11
1284,LNG,Energy,Oil & Gas Midstream,NYSE,2282205,241.81,93.39,-11,1,-19.64,27.2,47.5,1.7,0.9,-4.9,4.3,53,64,76,23,13.3,0,0,0,0,0,0,50045178650.56372,209551868.0,0.019,0.242,2065646,2476745,0,44.1,32.4,2026-06-11
1285,RDN,Financial Services,Insurance - Specialty,NYSE,1362676,34.73,93.35,-9,-29,-10.58,7.8,38.7,0.6,-3.2,-3.5,-1.6,53,62,42,59,11.0,0,0,0,0,0,0,4494561523.347977,132975196.0,0.0388,0.588,1371320,1184254,0,43.5,28.1,2026-06-11
1286,NUV,Financial Services,Asset Management,NYSE,557737,9.13,93.35,-3,3,-1.4,8.2,85.2,0.6,0.7,0.2,0.8,53,56,62,57,15.2,0,0,0,0,0,0,1880326946.8479197,207541596.0,0.0022,0.062,552353,529576,0,47.6,19.6,2026-06-11
1287,AZN,Healthcare,Drug Manufacturers - General,NYSE,2023526,178.96,93.33,-10,3,-15.87,32.6,62.2,0.5,-0.7,-3.8,0.2,53,63,76,80,34.0,0,0,0,0,0,0,288382821914.99414,1550862203.0,0.0014,0.125,2109358,1987649,0,63.2,9.8,2026-06-11
1288,ORCL,Technology,Software - Infrastructure,NYSE,23326418,201.26,93.28,4,-21,-41.79,34.9,24.8,-16.4,-10.5,-0.1,-10.7,53,49,24,30,12.4,0,0,0,0,0,0,614553488215.21,2876046000.0,0.0212,0.217,30079976,26683885,0,28.9,24.6,2026-06-11
1289,KSPI,Technology,Software - Infrastructure,NASDAQ,509589,78.57,93.27,-11,-45,-20.8,19.6,46.7,-1.8,-5.7,-3.0,3.8,53,64,30,24,6.8,0,0,0,0,0,0,15424512833.269684,190027266.0,0.015700001,0.313,511299,525019,0,31.2,40.0,2026-06-11
1290,FE,Utilities,Utilities - Regulated Electric,NYSE,5795772,46.43,93.26,8,43,-11.29,17.5,57.0,1.6,2.1,-1.8,-0.4,53,45,80,64,26.3,0,0,0,0,0,0,26850774084.36089,578431175.0,0.0519,0.116,4912488,5122149,0,53.8,2.0,2026-06-11
1291,DPRO,Technology,Computer Hardware,NASDAQ,2063741,5.72,93.23,-24,-8,-60.28,186.8,36.9,-3.6,1.6,11.0,-8.4,53,77,93,94,69.4,0,0,0,0,0,0,228464586.49325752,36495939.0,0.1177,0.494,3214793,1898880,2,83.4,-1.2,2026-06-11
1292,NVAX,Healthcare,Biotechnology,NASDAQ,5849634,8.56,93.22,-23,-11,-28.49,45.2,56.5,-6.4,-5.9,1.1,7.2,53,76,88,22,36.5,0,0,0,0,0,0,1560517711.6731014,164438119.0,0.2771,-0.791,5127332,4775160,0,55.6,29.3,2026-06-11
1293,MMM,Industrials,Conglomerates,NYSE,3914999,156.85,93.21,25,39,-11.59,11.8,50.0,2.5,3.6,5.9,0.2,53,28,42,69,17.6,0,0,0,0,0,0,80196179186.30547,521567261.0,0.0164,0.013,3984849,3757607,0,39.2,-4.4,2026-06-11
1294,CLM,Financial Services,Asset Management,NYSE ARCA,1599211,7.41,93.15,-7,-13,-13.13,8.4,36.9,-0.7,-0.7,-0.3,-5.4,53,60,54,69,6.2,0,0,0,0,0,0,2246331740.4551783,297921983.0,20.28,1.473,1549294,1653078,0,47.3,25.7,2026-06-11
1295,AMT,Real Estate,REIT - Specialty,NYSE,2996945,192.5,93.14,17,22,-17.85,13.2,33.9,0.1,2.3,4.7,3.5,53,36,41,30,4.0,0,0,0,0,0,0,90439160279.4115,465893069.0,0.0222,0.068,3218147,3064043,0,27.8,16.7,2026-06-11
1296,PFE,Healthcare,Drug Manufacturers - General,NYSE,35107101,25.6,93.1,-4,6,-10.96,12.4,54.8,1.6,1.5,-1.0,1.2,53,57,67,61,16.6,0,0,0,0,0,0,148413531378.757,5699444169.0,0.0276,0.054,34265235,34964137,0,50.4,18.4,2026-06-11
1297,IQV,Healthcare,Diagnostics & Research,NYSE,1791483,182.17,93.05,15,7,-26.26,17.5,29.9,-1.3,2.4,4.7,-7.4,53,38,30,78,22.3,0,0,0,0,0,0,30617804490.66162,166900000.0,0.0342,0.084,1601700,1624454,0,42.1,0.7,2026-06-11
1298,DLTR,Consumer Defensive,Discount Stores,NASDAQ,4087230,110.32,92.97,30,83,-22.53,35.1,53.1,3.2,11.5,13.6,5.1,52,22,75,91,33.8,0,0,0,0,0,0,20908595760.8703,192174588.0,0.0841,0.072,4571881,3831370,1,55.5,-25.0,2026-06-11
1299,CRF,Financial Services,Asset Management,NYSE ARCA,1132589,7.1,92.93,-7,-13,-13.94,8.3,34.8,-0.5,-0.5,-0.4,-6.0,52,59,53,66,5.8,0,0,0,0,0,0,1167838277.06285,162199765.0,0.111899994,12.282,1050127,1126847,0,46.0,25.8,2026-06-11
1300,IBM,Technology,Information Technology Services,NYSE,10145246,272.36,92.93,28,39,-18.08,28.1,52.5,-6.7,3.1,10.6,0.7,52,24,35,76,9.8,0,0,0,0,0,0,267716919713.2373,939885280.0,0.0317,0.095,14811759,8598107,0,36.2,-4.4,2026-06-11
1301,ES,Utilities,Utilities - Regulated Electric,NYSE,2681238,69.18,92.92,0,21,-9.46,9.7,43.7,-0.4,-0.6,-0.6,-1.5,52,52,73,67,12.7,0,0,0,0,0,0,26551249191.147423,376080025.0,0.0299,0.094,3114244,2349700,0,51.2,14.6,2026-06-11
1302,FIVN,Technology,Software - Infrastructure,NASDAQ,4115881,21.35,92.92,2,-34,-29.72,53.0,46.4,-11.2,-8.5,6.1,2.8,52,50,14,16,1.3,0,0,0,0,0,0,1800785032.8082125,76563988.0,0.136,0.092,3331954,3291170,0,20.3,34.8,2026-06-11
1303,GIL,Consumer Cyclical,Apparel Manufacturing,NYSE,999092,57.04,92.91,10,36,-22.61,28.9,51.0,2.0,2.5,2.5,-0.9,52,42,68,81,32.1,0,0,0,0,0,0,10668274815.355484,185180953.0,0.039100002,0.638,837586,1033869,0,55.8,-5.4,2026-06-11
1304,SO,Utilities,Utilities - Regulated Electric,NYSE,5801627,94.02,92.91,-3,14,-6.76,10.9,58.8,1.6,0.6,-0.8,0.8,52,55,72,41,13.4,0,0,0,0,0,0,104388079954.67503,1127301098.0,0.0231,0.08,6098511,5159488,0,45.4,21.9,2026-06-11
1305,PIPR,Financial Services,Capital Markets,NYSE,619341,76.53,92.9,3,-3,-19.5,23.8,47.4,0.8,-0.7,-4.6,-6.4,52,49,43,72,28.1,0,0,0,0,0,0,5181161357.692032,67577429.0,0.0507,0.328,549593,606402,0,48.0,6.4,2026-06-11
1306,DRI,Consumer Cyclical,Restaurants,NYSE,993117,203.64,92.86,7,26,-10.79,24.6,73.6,5.1,5.5,6.6,7.7,52,45,64,42,8.7,0,0,0,0,0,0,22691674235.107056,114535003.0,0.0641,0.059,1017432,1094176,0,39.9,16.9,2026-06-11
1307,SENS,Healthcare,Medical Devices,NASDAQ,1113063,7.3,92.81,37,42,-41.97,46.6,34.9,4.6,12.4,14.0,3.0,52,15,20,13,1.1,0,0,0,0,0,0,348193780.53277016,52202965.0,0.1008,0.718,569641,780302,0,12.3,6.8,2026-06-11
1308,DCTH,Healthcare,Medical Devices,NASDAQ,527589,11.19,92.77,-12,-47,-32.91,43.7,46.0,7.7,6.9,8.9,15.1,52,64,29,20,1.4,0,0,0,0,0,0,368345976.1237927,34521647.0,0.1082,0.263,627377,427845,0,28.6,43.6,2026-06-11
1309,BEPC,Utilities,Utilities - Renewable,NYSE,1779616,37.49,92.77,7,40,-17.02,19.9,48.1,-2.6,-1.2,-3.6,-4.2,52,45,78,80,26.8,0,0,0,0,0,0,7061815348.713776,182381589.0,5.68,-0.026,1595308,1517845,0,57.4,-1.2,2026-06-11
1310,DUK,Utilities,Utilities - Regulated Electric,NYSE,3247846,125.04,92.77,-1,19,-7.03,8.9,52.4,1.3,0.7,-1.6,0.2,52,53,73,47,15.4,0,0,0,0,0,0,96841443027.39554,779596217.0,0.023,0.113,3233800,3190004,0,47.1,18.0,2026-06-11
1311,RGEN,Healthcare,Medical Instruments & Supplies,NASDAQ,1258949,130.76,92.73,28,31,-25.61,29.6,43.9,6.0,12.6,11.1,-3.3,52,24,27,76,10.3,0,0,0,0,0,0,6899230541.685791,56407740.0,0.1013,0.148,996637,1132981,0,34.3,-3.9,2026-06-11
1312,FFIN,Financial Services,Banks - Regional,NASDAQ,793111,33.21,92.73,17,14,-14.27,16.5,50.2,2.0,3.0,4.2,3.6,52,35,32,26,4.4,0,0,0,0,0,0,4653797020.810738,143281930.0,0.0765,0.131,931635,741829,0,24.4,17.4,2026-06-11
1313,TARS,Healthcare,Biotechnology,NASDAQ,738443,61.27,92.72,0,28,-28.13,61.3,54.5,4.5,2.5,-2.3,-8.2,52,52,80,91,57.8,0,0,0,0,0,0,2550460237.000519,43023959.0,0.1178,1.069,670240,645232,1,70.2,-13.5,2026-06-11
1314,LBTYA,Communication Services,Telecom Services,NASDAQ,1803681,11.78,92.72,-9,-3,-12.87,24.0,70.0,0.8,0.5,-0.3,4.0,52,61,67,36,29.9,0,0,0,0,0,0,3976025936.504362,338097437.0,0.0646,0.088,1651093,2001094,0,48.5,19.9,2026-06-11
1315,HE,Utilities,Utilities - Regulated Electric,NYSE,1990251,13.07,92.71,-4,23,-24.8,28.5,42.8,-1.4,-2.1,-9.0,-2.0,52,56,83,60,34.9,0,0,0,0,0,0,2337486342.3744736,172635624.0,0.14220001,0.003,1617785,1767473,0,58.5,7.1,2026-06-11
1316,PAAS,Basic Materials,Gold,NYSE,5193274,44.17,92.63,-40,-41,-36.89,72.2,46.8,-7.9,-12.0,-15.4,-5.5,52,92,91,93,64.1,0,0,0,0,0,0,20047833771.514893,421350000.0,0.7,0.493,4786854,4946436,3,85.0,13.9,2026-06-11
1317,PI,Technology,Semiconductors,NASDAQ,546063,122.69,92.56,-20,-68,-50.34,42.4,25.7,-2.8,-6.9,-0.1,-15.3,52,72,24,76,21.4,0,0,0,0,0,0,3683429251.3454056,30459185.0,0.1398,-0.0,483631,491006,0,48.3,29.3,2026-06-11
1318,STRC,Technology,Software - Application,NASDAQ,3695065,95.81,92.55,-7,0,-4.59,4.0,50.8,0.2,-1.3,-2.5,-2.2,52,59,66,60,,0,0,0,0,0,0,,,0.47,0.119,4214487,3793999,0,61.7,,2026-06-11
1319,STAG,Real Estate,REIT - Industrial,NYSE,1190041,37.99,92.54,-5,0,-5.0,10.9,66.3,1.9,0.8,-0.3,0.7,51,56,61,60,11.5,0,0,0,0,0,0,7124300028.368664,191205055.0,0.0468,0.091,1206285,1155107,0,47.1,21.0,2026-06-11
1320,ASND,Healthcare,Biotechnology,NASDAQ,632697,209.79,92.53,-25,-22,-16.33,32.0,60.4,0.3,-5.4,-7.0,-0.7,51,76,79,80,35.9,0,0,0,0,0,0,13001548198.963163,61779750.0,0.0334,1.443,622893,686360,0,67.7,18.9,2026-06-11
1321,LHX,Industrials,Aerospace & Defense,NYSE,1272271,303.0,92.49,-11,15,-20.1,26.6,49.7,1.4,1.1,-3.3,-0.9,51,62,88,73,38.9,0,0,0,0,0,0,57347172264.81088,186294951.0,0.0156,1.9,1044023,1291544,0,65.5,6.7,2026-06-11
1322,CHH,Consumer Cyclical,Lodging,NYSE,700965,104.23,92.42,16,16,-23.61,27.3,45.2,-0.7,-1.8,-2.6,3.4,51,35,35,18,2.6,0,0,0,0,0,0,4995859975.257019,45495493.0,0.3464,0.035,687747,644727,0,22.7,19.6,2026-06-11
1323,PRA,Financial Services,Insurance - Property & Casualty,NYSE,1004701,24.72,92.38,0,20,-0.52,8.4,96.0,1.1,0.8,0.5,1.8,51,51,71,78,15.8,0,0,0,0,0,0,1275226862.2117157,51607726.0,0.2408,-0.049,1257185,985715,0,54.0,10.2,2026-06-11
1324,OCFC,Financial Services,Banks - Regional,NASDAQ,874114,18.29,92.38,1,-3,-11.26,12.7,51.0,1.6,0.1,-1.3,-0.7,51,50,46,72,14.1,0,0,0,0,0,0,1044865216.503708,57600069.0,0.0877,0.085,1291062,797218,0,45.5,14.0,2026-06-11
1325,LTM,Industrials,Airlines,NYSE,853680,47.42,92.36,-6,10,-32.66,38.1,45.5,3.0,3.1,2.4,1.0,51,57,73,88,42.4,0,0,0,0,0,0,14145387043.14164,292743939.0,0.0155,0.219,760531,933970,0,65.1,-0.5,2026-06-11
1326,WMG,Communication Services,Entertainment,NASDAQ,2944030,28.69,92.35,-18,-48,-19.0,20.7,44.3,-4.7,-10.5,-5.6,-5.4,51,69,39,30,15.6,0,0,0,0,0,0,15611952912.224426,521615528.0,0.0784,0.167,2637000,2492152,0,38.4,37.5,2026-06-11
1327,AXIA,Utilities,Utilities - Renewable,NYSE,2024071,9.74,92.34,-27,-21,-28.06,52.4,53.0,2.6,-1.1,-11.2,-3.9,51,78,84,92,48.7,0,0,0,0,0,0,22040466224.56788,2249027122.0,0.0054,0.221,2051433,2412886,1,75.7,11.3,2026-06-11
1328,BIRK,Consumer Cyclical,Footwear & Accessories,NYSE,2878517,43.95,92.34,24,23,-23.16,48.2,66.1,5.0,13.5,17.9,12.1,51,27,26,38,2.8,0,0,0,0,0,0,7786582439.101837,183906056.0,0.1656,0.077,2351372,2529172,0,23.5,10.0,2026-06-11
1329,NIO,Consumer Cyclical,Auto Manufacturers,NYSE,40095770,5.18,92.32,-25,-20,-35.41,53.4,40.6,-5.8,-7.0,-13.1,-10.7,51,76,81,41,47.6,0,0,0,0,0,0,13430375572.46264,2505667022.0,0.0721,1.122,36119342,38846386,0,61.4,20.7,2026-06-11
1330,RCAT,Industrials,Aerospace & Defense,NASDAQ,15577348,10.9,92.31,-23,-1,-41.96,95.6,52.3,-9.3,4.0,2.1,5.3,51,74,96,35,49.7,0,0,0,0,0,0,1905410420.6184464,150268957.0,0.2101,8.491,25156884,13978136,1,63.7,17.7,2026-06-11
1331,CWK,Real Estate,Real Estate Services,NYSE,1897583,13.22,92.31,12,11,-24.02,28.8,42.5,0.9,2.2,-1.9,-10.9,51,39,38,73,33.0,0,0,0,0,0,0,3132597725.036435,234300505.0,0.041100003,0.11,2135161,1697482,0,45.7,-3.7,2026-06-11
1332,AVNT,Basic Materials,Specialty Chemicals,NYSE,744139,34.97,92.29,11,23,-22.03,32.9,57.2,4.6,5.3,1.5,5.3,51,40,52,21,8.3,0,0,0,0,0,0,3112642942.035252,91710167.0,0.0277,0.025,683769,660003,0,30.3,18.4,2026-06-11
1333,P,Technology,Computer Hardware,NYSE,3869901,66.53,92.23,-24,-54,-33.86,34.4,37.7,-8.5,-11.5,-5.3,-8.5,51,75,45,62,36.9,0,0,0,0,0,0,23971452822.490417,332152604.0,0.0436,,4893933,3349030,0,54.7,24.7,2026-06-11
1334,UMH,Real Estate,REIT - Residential,NYSE,762815,15.34,92.22,11,8,-12.04,7.7,33.9,0.8,-0.0,-0.8,-0.3,51,40,37,42,4.0,0,0,0,0,0,0,1299636155.192995,85166195.0,0.0001,0.076,625406,707889,0,30.7,17.9,2026-06-11
1335,SYF,Financial Services,Credit Services,NYSE,3737247,69.56,92.21,3,-7,-21.64,20.9,43.6,2.1,1.7,-0.7,-2.6,51,48,38,81,28.6,0,0,0,0,0,0,23828466711.455383,336370242.0,0.08140001,0.061,3633331,3758910,0,48.9,4.1,2026-06-11
1336,LNC,Financial Services,Insurance - Life,NYSE,1815315,36.21,92.16,16,13,-22.66,12.7,29.5,4.5,4.3,2.5,-6.5,50,34,31,82,18.7,0,0,0,0,0,0,6642746784.725002,191213197.0,0.0002,0.125,1639667,1755377,0,41.4,-1.7,2026-06-11
1337,VNET,Technology,Information Technology Services,NASDAQ,10203741,8.8,92.14,17,54,-39.23,64.5,40.9,-7.0,-9.7,-3.1,-7.2,50,33,70,83,55.5,0,0,0,0,0,0,2516674167.5604973,284691643.0,0.24120001,0.198,8123535,8135455,0,60.4,-24.9,2026-06-11
1338,IRT,Real Estate,REIT - Residential,NYSE,2699742,16.98,92.11,12,7,-9.39,13.3,52.3,1.6,1.5,3.8,1.4,50,38,33,33,4.8,0,0,0,0,0,0,3917578212.6596336,235714682.0,0.060399998,0.023,3353746,2539455,0,27.2,18.1,2026-06-11
1339,GCT,Technology,Software - Infrastructure,NASDAQ,817958,31.71,92.1,-33,-23,-38.85,89.1,46.2,0.5,-5.5,-18.3,-9.0,50,83,93,95,70.9,0,0,0,0,0,0,1148067042.8220634,36411894.0,0.1402,0.322,783456,780173,2,85.5,2.6,2026-06-11
1340,GBDC,Financial Services,Asset Management,NASDAQ,1309677,13.21,92.1,3,-9,-15.48,11.4,38.7,1.3,1.9,1.5,-0.7,50,47,35,41,3.7,0,0,0,0,0,0,3396857150.302897,260495181.0,0.052699998,-0.12,1094422,1660572,0,31.7,24.0,2026-06-11
1341,NMRK,Real Estate,Real Estate Services,NASDAQ,1472621,14.98,92.09,-11,-29,-24.48,32.7,43.3,2.0,2.3,-3.4,-10.7,50,61,43,74,37.5,0,0,0,0,0,0,2593679884.420696,177527717.0,0.029000001,0.272,1371005,1412009,0,53.9,11.0,2026-06-11
1342,SMG,Basic Materials,Agricultural Inputs,NYSE,1028093,59.38,92.07,9,31,-17.93,18.1,52.4,6.0,5.7,1.3,2.4,50,41,63,37,7.9,0,0,0,0,0,0,3355352200.2556915,58181937.0,0.1197,0.05,1010850,992516,0,37.2,15.1,2026-06-11
1343,RBA,Industrials,Specialty Business Services,NYSE,1042209,105.64,91.97,16,21,-11.66,12.4,47.3,1.0,1.6,2.3,1.0,50,34,39,41,10.0,0,0,0,0,0,0,19466486602.020264,186300000.0,0.0789,0.114,874498,1053575,0,31.0,10.1,2026-06-11
1344,IMXI,Technology,Software - Infrastructure,NASDAQ,697826,14.67,91.95,-15,-5,-8.03,70.8,85.3,-0.9,-1.6,-4.3,-2.5,50,65,75,67,44.2,0,0,0,0,0,0,449912649.6599312,30094492.0,0.0435,-0.149,463588,557751,0,62.8,9.0,2026-06-11
1345,ELS,Real Estate,REIT - Residential,NYSE,1487771,64.32,91.94,2,20,-6.78,9.4,55.4,2.7,2.5,1.3,1.7,50,48,66,41,10.9,0,0,0,0,0,0,12107521492.975044,193937553.0,0.0464,0.012,1633005,1425095,0,41.5,18.1,2026-06-11
1346,JMIA,Consumer Cyclical,Internet Retail,NYSE,2655056,6.91,91.93,-17,5,-53.06,135.1,35.7,2.5,1.7,-0.3,-27.1,50,67,89,98,77.5,0,0,0,1,0,1,809996097.3753977,123852615.0,0.0494,0.394,2135169,2510385,1,82.9,-13.7,2026-06-11
1347,ADC,Real Estate,REIT - Retail,NYSE,1100094,75.53,91.87,-5,8,-7.98,6.5,39.0,1.7,0.5,-1.5,0.4,50,55,68,41,10.0,0,0,0,0,0,0,8816751319.019806,120102859.0,0.0001,0.187,1286713,1093974,0,43.5,24.0,2026-06-11
1348,KMX,Consumer Cyclical,Auto & Truck Dealerships,NYSE,2881002,48.5,91.86,28,30,-32.63,67.0,50.8,9.9,19.8,24.3,17.9,50,22,24,10,1.8,0,0,0,0,0,0,6686846928.6512375,141820715.0,0.1372,-0.012,3170648,3279577,0,14.4,12.3,2026-06-11
1349,NMZ,Financial Services,Asset Management,NYSE,781687,10.27,91.85,2,8,-4.64,4.7,52.9,0.8,1.4,0.8,-0.9,50,48,54,46,10.6,0,0,0,0,0,0,1196151125.118187,117500107.0,0.0028,,817383,628248,0,39.6,18.5,2026-06-11
1350,KHC,Consumer Defensive,Packaged Foods,NASDAQ,15016240,24.05,91.84,17,18,-17.61,14.2,38.9,3.6,3.0,5.3,0.0,50,33,34,32,5.3,0,0,0,0,0,0,26774858975.572346,1185777638.0,0.098500006,0.008,15127801,14273700,0,26.1,13.9,2026-06-11
1351,LH,Healthcare,Diagnostics & Research,NYSE,678213,268.63,91.83,14,34,-8.54,9.1,46.4,1.0,2.2,1.2,-1.0,49,35,55,48,11.2,0,0,0,0,0,0,21742299499.51172,82000000.0,0.041199997,0.058,605691,644994,0,37.3,7.3,2026-06-11
1352,OLN,Basic Materials,Chemicals,NYSE,2045411,23.92,91.82,-28,-40,-21.47,32.7,50.1,-3.1,-5.9,-10.6,0.1,49,77,65,22,19.3,0,0,0,0,0,0,2795051355.536522,113897769.0,0.1166,-0.037,1993475,2203305,0,45.8,41.0,2026-06-11
1353,FERG,Industrials,Industrial Distribution,NYSE,1431418,224.56,91.76,-3,13,-17.33,7.8,29.3,0.2,0.7,-6.0,-5.0,49,52,68,69,14.2,0,0,0,0,0,0,44524246448.190765,193937826.0,0.0166,0.036,1452636,1432513,0,50.8,13.9,2026-06-11
1354,BLK,Financial Services,Asset Management,NYSE,635291,1010.68,91.72,-3,-19,-17.15,10.2,33.5,0.4,-2.3,-2.2,-5.1,49,52,36,53,11.4,0,0,0,0,0,0,154550955658.5077,155233989.0,0.014199999,0.27,782533,672680,0,38.1,21.7,2026-06-11
1355,CCL,Consumer Cyclical,Travel Services,NYSE,28927211,25.99,91.68,21,38,-23.63,25.5,49.3,2.4,5.3,5.0,-1.0,49,28,45,63,24.5,0,0,0,0,0,0,37966675594.21448,1385139577.0,0.0427,0.061,22104764,27431510,0,40.1,-7.0,2026-06-11
1356,WY,Real Estate,REIT - Specialty,NYSE,5374162,24.16,91.63,16,23,-13.28,14.0,49.6,-0.1,1.7,0.6,0.3,49,33,40,28,4.1,0,0,0,0,0,0,17651122738.252888,721042609.0,0.040799998,-0.02,5236326,4881147,0,26.3,14.7,2026-06-11
1357,CMS,Utilities,Utilities - Regulated Electric,NYSE,3118658,73.46,91.61,0,21,-8.59,6.2,37.6,1.5,0.4,-2.7,-0.9,49,49,70,48,12.6,0,0,0,0,0,0,22254568410.904343,308919602.0,0.0,0.116,4240755,3051975,0,44.9,16.3,2026-06-11
1358,RBRK,Technology,Software - Infrastructure,NYSE,4001181,71.32,91.57,20,6,-28.5,63.1,50.5,-6.3,0.6,17.8,5.6,49,29,15,48,2.3,0,0,0,0,0,0,15108500814.45813,205809836.0,0.1,0.39,5857925,3777547,0,23.6,10.9,2026-06-11
1359,APD,Basic Materials,Specialty Chemicals,NYSE,1144333,276.51,91.56,-13,-8,-10.21,20.5,62.8,-0.6,-2.5,-5.1,1.4,49,62,67,24,9.4,0,0,0,0,0,0,62873893051.23505,222680686.0,0.0143,0.088,1197829,1112397,0,40.6,33.4,2026-06-11
1360,HQY,Healthcare,Health Information Services,NASDAQ,972364,89.72,91.5,16,9,-20.4,21.5,48.9,0.8,2.2,5.4,0.7,48,32,25,49,3.1,0,0,0,0,0,0,7413003108.109879,83602157.0,0.071,0.072,1145582,974060,0,27.3,11.8,2026-06-11
1361,MGNI,Communication Services,Advertising Agencies,NASDAQ,2696592,15.67,91.48,13,-2,-41.2,44.6,32.6,7.4,14.3,20.4,2.6,48,35,20,29,5.9,0,0,0,0,0,0,2119268936.936508,144364366.0,0.0964,0.055,2561187,2395635,0,22.5,17.2,2026-06-11
1362,DHI,Consumer Cyclical,Residential Construction,NYSE,2207874,146.71,91.48,11,19,-20.5,,,,,,,48,37,45,62,,0,0,0,0,0,0,41289193383.6326,283579613.0,0.0651,-0.023,2212124,2421352,0,48.0,,2026-06-11
1363,KURA,Healthcare,Biotechnology,NASDAQ,1906529,8.68,91.47,-32,-49,-30.5,,,,,,,48,80,63,86,,0,0,0,0,0,0,775887929.7811604,88774365.0,0.18090001,0.295,1999179,1707139,0,76.3,,2026-06-11
1364,ENR,Industrials,Electrical Equipment & Parts,NYSE,1196617,19.4,91.46,30,33,-35.95,,,,,,,48,18,21,18,,0,0,0,0,0,0,1331124584.9687862,68473485.0,0.1116,-0.03,990601,1134838,0,19.0,,2026-06-11
1365,BBDC,Financial Services,Asset Management,NYSE,804260,8.36,91.46,-1,-11,-15.73,,,,,,,48,49,39,52,,0,0,0,0,0,0,873255428.5370026,104706884.0,0.0222,-0.06,935841,736718,0,46.7,,2026-06-11
1366,HAS,Consumer Cyclical,Leisure,NASDAQ,1978553,82.29,91.43,-21,-6,-23.08,,,,,,,48,69,84,78,,0,0,0,0,0,0,11910686495.739532,141490692.0,0.056700002,0.127,1875429,1973431,0,77.0,,2026-06-11
1367,SUPN,Healthcare,Drug Manufacturers - Specialty & Generic,NASDAQ,702492,45.09,91.42,-23,-12,-24.45,,,,,,,48,71,82,82,,0,0,0,0,0,0,2597277514.75,58039721.0,0.1001,0.386,568038,628053,0,78.3,,2026-06-11
1368,ITGR,Healthcare,Medical Devices,NYSE,607944,91.37,91.35,14,15,-26.18,,,,,,,48,34,35,12,,0,0,0,0,0,0,3123166205.20414,33954839.0,0.1499,0.005,440962,531922,0,27.0,,2026-06-11
1369,DOLE,Consumer Defensive,Farm Products,NYSE,1232444,14.33,91.32,7,12,-13.52,,,,,,,48,41,46,65,,0,0,0,0,0,0,1333176911.2801552,95158950.0,0.0394,0.116,1607693,1002794,0,50.7,,2026-06-11
1370,TEL,Technology,Electronic Components,NYSE,2807523,202.0,91.3,-2,12,-20.02,,,,,,,48,50,64,84,,0,0,0,0,0,0,62071639875.75943,291895799.0,0.029000001,0.145,2822819,2680595,0,66.0,,2026-06-11
1371,EXC,Utilities,Utilities - Regulated Electric,NASDAQ,8703249,45.61,91.29,-2,23,-9.95,,,,,,,48,50,75,61,,0,0,0,0,0,0,46811772496.5,1023208142.0,0.040799998,0.079,8903728,8180633,0,62.0,,2026-06-11
1372,CTVA,Basic Materials,Agricultural Inputs,NYSE,3654694,74.46,91.28,-23,-18,-13.04,,,,,,,48,71,76,41,,0,0,0,0,0,0,51519203783.569336,668820000.0,0.0293,0.11,3679783,3569952,0,62.7,,2026-06-11
1373,YUM,Consumer Cyclical,Restaurants,NYSE,2008223,151.08,91.25,-2,14,-10.81,,,,,,,48,50,66,59,,0,0,0,0,0,0,41582969399.93335,275621202.0,0.0277,0.152,2388450,1802936,0,58.3,,2026-06-11
1374,FCPT,Real Estate,REIT - Retail,NYSE,763662,25.16,91.24,0,10,-10.49,,,,,,,48,48,58,27,,0,0,0,0,0,0,2710805249.6319923,109749197.0,0.0471,0.069,797226,758691,0,44.3,,2026-06-11
1375,DCI,Industrials,Specialty Industrial Machinery,NYSE,706675,83.56,91.22,9,36,-25.95,,,,,,,48,39,66,79,,0,0,0,0,0,0,9695960011.266235,115911056.0,0.0321,0.058,1036035,659173,0,61.3,,2026-06-11
1376,CSIQ,Technology,Solar,NASDAQ,3364347,15.24,91.2,-27,-16,-55.94,,,,,,,47,74,85,96,,0,0,0,0,0,0,1163734973.4919891,67816724.0,0.314,-0.2,3061503,3005186,1,85.0,,2026-06-11
1377,CNA,Financial Services,Insurance - Property & Casualty,NYSE,538607,44.8,91.12,10,35,-11.67,,,,,,,47,37,62,53,,0,0,0,0,0,0,11811401974.22018,270531425.0,0.1344,0.1,478051,468730,0,50.7,,2026-06-11
1378,MFA,Real Estate,REIT - Mortgage,NYSE,1396592,9.21,91.07,-14,-10,-12.87,,,,,,,47,61,65,49,,0,0,0,0,0,0,947431012.0979975,102093862.0,0.0328,-0.465,1351877,1350229,0,58.3,,2026-06-11
1379,NXE,Energy,Uranium,NYSE,6419742,9.27,91.05,-40,-34,-33.6,,,,,,,47,87,93,78,,0,0,0,0,0,0,6804428671.131116,661909421.0,7.1,,7089517,5986269,1,86.0,,2026-06-11
1380,EL,Consumer Defensive,Household & Personal Products,NYSE,3967070,85.39,91.01,10,38,-29.8,,,,,,,47,37,65,85,,0,0,0,0,0,0,30206256680.47268,361794915.0,0.033,0.046,4157890,4053426,0,62.3,,2026-06-11
1381,COST,Consumer Defensive,Discount Stores,NASDAQ,2294251,983.37,90.99,-8,3,-10.32,,,,,,,47,55,66,30,,0,0,0,0,0,0,431003743078.05615,443478804.0,0.0166,0.215,2828815,2101439,0,50.3,,2026-06-11
1382,JPC,Financial Services,Asset Management,NYSE,953138,7.78,90.99,-6,-1,-6.27,,,,,,,47,53,58,58,,0,0,0,0,0,0,2896408596.959279,370858978.0,0.0081,,920126,957747,0,56.3,,2026-06-11
1383,CDE,Basic Materials,Gold,NYSE,22872146,15.41,90.98,-40,-32,-44.51,,,,,,,47,87,95,94,,0,0,0,0,0,0,16869851464.729012,1030534551.0,0.045100003,1.378,28841538,21533335,2,92.0,,2026-06-11
1384,UA,Consumer Cyclical,Apparel Manufacturing,NYSE,3136346,5.53,90.97,18,69,-30.06,,,,,,,47,29,80,16,,0,0,0,0,0,0,2297891110.959486,426324892.0,8.2,-0.008,2794254,2899614,0,41.7,,2026-06-11
1385,DB,Financial Services,Banks - Regional,NYSE,3066549,30.99,90.95,15,22,-23.35,,,,,,,47,32,39,88,,0,0,0,0,0,0,60283786765.79841,1913163641.0,0.0019,0.012,3054617,3063739,0,53.0,,2026-06-11
1386,SIG,Consumer Cyclical,Luxury Goods,NYSE,891813,85.92,90.91,12,49,-22.03,,,,,,,46,34,71,57,,0,0,0,0,0,0,3275777662.077492,39329783.0,0.2157,0.008,1128010,831064,0,54.0,,2026-06-11
1387,AMBA,Technology,Semiconductor Equipment & Materials,NASDAQ,1532532,62.63,90.88,-20,-61,-35.23,,,,,,,46,66,25,63,,0,0,0,0,0,0,2786507131.281261,43868185.0,0.0665,0.169,2560507,1209603,0,51.3,,2026-06-11
1388,ORI,Financial Services,Insurance - Property & Casualty,NYSE,1346560,38.4,90.86,-4,8,-17.88,,,,,,,46,50,62,78,,0,0,0,0,0,0,9294022281.876602,243554044.0,0.0468,0.135,1445402,1388934,0,63.3,,2026-06-11
1389,MRP,Real Estate,REIT - Residential,NYSE,1682090,28.8,90.85,14,46,-20.0,,,,,,,46,32,64,72,,0,0,0,0,0,0,4803766578.783806,166047927.0,0.0369,1.357,1502160,1470380,0,56.0,,2026-06-11
1390,KVUE,Consumer Defensive,Household & Personal Products,NYSE,20927535,18.05,90.81,15,23,-21.08,,,,,,,46,31,39,26,,0,0,0,0,0,0,34003351752.459564,1920008668.0,0.037,0.045,22145516,19720707,0,32.0,,2026-06-11
1391,WYNN,Consumer Cyclical,Resorts & Casinos,NASDAQ,1519523,105.26,90.79,19,34,-21.87,,,,,,,46,27,42,80,,0,0,0,0,0,0,10843637794.325155,103786729.0,0.1079,0.092,1410540,1458186,0,49.7,,2026-06-11
1392,PRVA,Healthcare,Health Information Services,NASDAQ,1067043,22.9,90.78,-5,-19,-13.62,,,,,,,46,51,37,61,,0,0,0,0,0,0,2725647543.866207,126012374.0,0.0402,0.258,981190,949490,0,49.7,,2026-06-11
1393,BALL,Consumer Cyclical,Packaging & Containers,NYSE,3012188,54.72,90.67,-6,21,-19.87,,,,,,,45,51,78,42,,0,0,0,0,0,0,14089764874.608078,266246511.0,0.0276,0.163,3395015,2744815,0,57.0,,2026-06-11
1394,REAL,Consumer Cyclical,Luxury Goods,NASDAQ,3792266,9.12,90.65,-12,9,-47.56,,,,,,,45,57,78,95,,0,0,0,0,0,0,1068726133.5712738,120487728.0,0.1591,0.185,2767260,3397872,1,76.7,,2026-06-11
1395,TMO,Healthcare,Diagnostics & Research,NYSE,2450179,482.04,90.62,14,22,-25.15,,,,,,,45,31,39,77,,0,0,0,0,0,0,175702624115.60516,371621465.0,0.0128999995,0.062,2564279,2282655,0,49.0,,2026-06-11
1396,HOMB,Financial Services,Banks - Regional,NYSE,1412010,27.61,90.56,13,19,-10.44,,,,,,,45,32,38,44,,0,0,0,0,0,0,5462332200.792871,201413423.0,0.0651,0.024,1466672,1510548,0,38.0,,2026-06-11
1397,LEG,Consumer Cyclical,"Furnishings, Fixtures & Appliances",NYSE,2812462,10.21,90.54,11,39,-21.46,,,,,,,45,34,62,78,,0,0,0,0,0,0,1365688915.786911,136432456.0,0.1864,-0.102,2454996,3244285,0,58.0,,2026-06-11
1398,PDO,Financial Services,Asset Management,NYSE,675327,12.99,90.53,3,14,-8.84,,,,,,,45,42,53,62,,0,0,0,0,0,0,1860861525.629322,142485564.0,0.15,,542191,646016,0,52.3,,2026-06-11
1399,ORC,Real Estate,REIT - Mortgage,NYSE,4648964,6.55,90.52,-12,-1,-22.02,,,,,,,45,57,68,63,,0,0,0,0,0,0,1334656522.040265,200700226.0,0.0552,,5068233,5458650,0,62.7,,2026-06-11
1400,EXPE,Consumer Cyclical,Travel Services,NASDAQ,1705335,218.94,90.48,-7,9,-27.93,,,,,,,45,52,68,90,,0,0,0,0,0,0,27470653569.805298,120022077.0,0.0744,0.147,1544596,1664799,1,70.0,,2026-06-11
1401,LADR,Real Estate,REIT - Mortgage,NYSE,699801,10.31,90.48,5,2,-13.51,,,,,,,45,40,37,54,,0,0,0,0,0,0,1306044440.878189,127668084.0,0.018099999,0.017,823315,872479,0,43.7,,2026-06-11
1402,HRL,Consumer Defensive,Packaged Foods,NYSE,6304214,24.29,90.45,22,31,-23.76,,,,,,,45,23,32,25,,0,0,0,0,0,0,12998439793.422691,550314959.0,0.0848,-0.029,8850454,5738734,0,26.7,,2026-06-11
1403,TSLA,Consumer Cyclical,Auto Manufacturers,NASDAQ,51105270,381.59,90.44,-21,-20,-23.5,,,,,,,45,66,67,87,,0,0,0,0,0,0,1468488033561.0,3755723871.0,0.0225,0.158,46268951,58569650,0,73.3,,2026-06-11
1404,GO,Consumer Defensive,Grocery Stores,NASDAQ,3314264,9.24,90.41,32,27,-52.4,,,,,,,45,13,8,13,,0,0,0,0,0,0,846778113.8296051,98922672.0,0.3789,0.036,2557973,3160748,0,11.3,,2026-06-11
1405,TDS,Communication Services,Telecom Services,NYSE,1117863,39.92,90.36,-14,3,-18.73,,,,,,,44,58,75,59,,0,0,0,0,0,0,4458365982.627869,113850000.0,0.0005,0.065,1018080,956482,0,64.0,,2026-06-11
1406,OCSL,Financial Services,Asset Management,NASDAQ,765586,12.0,90.36,4,-8,-18.75,,,,,,,44,40,28,37,,0,0,0,0,0,0,1049979440.880392,88085523.0,0.0361,-0.093,671158,932109,0,35.0,,2026-06-11
1407,PNFP,Financial Services,Banks - Regional,NYSE,1091352,93.11,90.32,-1,-18,-22.7,,,,,,,44,45,28,38,,0,0,0,0,0,0,14553096694.806885,151106812.0,0.0354,1.564,1330477,1284381,0,37.0,,2026-06-11
1408,TXNM,Utilities,Utilities - Regulated Electric,NYSE,1587898,57.45,90.3,-12,-9,-3.49,,,,,,,44,56,59,65,,0,0,0,0,0,0,6568261760.521042,110707257.0,0.0746,0.046,1820305,1420307,0,60.0,,2026-06-11
1409,SNDX,Healthcare,Biotechnology,NASDAQ,1876196,17.58,90.29,-37,-26,-31.3,,,,,,,44,81,92,91,,0,0,0,0,0,0,1536497881.700817,88610027.0,0.2493,2.236,2164920,1725498,2,88.0,,2026-06-11
1410,OMF,Financial Services,Credit Services,NYSE,1142243,54.52,90.24,7,1,-24.2,,,,,,,44,37,31,81,,0,0,0,0,0,0,6395793573.234497,115530952.0,0.0372,0.091,1045241,1150838,0,49.7,,2026-06-11
1411,AXS,Financial Services,Insurance - Specialty,NYSE,606889,99.88,90.18,2,9,-9.48,,,,,,,44,42,49,68,,0,0,0,0,0,0,7284592769.171631,73723236.0,0.0207,0.08,637697,579085,0,53.0,,2026-06-11
1412,LMT,Industrials,Aerospace & Defense,NYSE,1255720,525.02,90.17,-9,24,-24.13,,,,,,,44,53,86,49,,0,0,0,0,0,0,120759997577.67772,230563608.0,0.013200001,0.003,1128601,1333324,0,62.7,,2026-06-11
1413,SLDE,Financial Services,Insurance - Property & Casualty,NASDAQ,1402719,17.1,90.14,-13,-18,-33.98,,,,,,,44,57,52,53,,0,0,0,0,0,0,1917721751.8194692,114559246.0,0.101,0.382,867518,1466481,0,54.0,,2026-06-11
1414,AQN,Utilities,Utilities - Diversified,NYSE,4554357,5.91,90.13,5,38,-16.88,,,,,,,44,39,72,76,,0,0,0,0,0,0,4625690095.602463,769665544.0,3.06,0.144,5142452,4349370,0,62.3,,2026-06-11
1415,BKV,Energy,Oil & Gas E&P,NYSE,791958,25.81,90.06,-20,-6,-21.33,,,,,,,43,63,77,71,,0,0,0,0,0,0,2838582638.905361,109386611.0,0.0956,0.389,649845,822795,0,70.3,,2026-06-11
1416,ATO,Utilities,Utilities - Regulated Gas,NYSE,1628616,169.27,90.03,-18,-3,-12.07,,,,,,,43,61,76,67,,0,0,0,0,0,0,28416431414.197968,166919822.0,0.023,0.006,2281089,1280991,0,68.0,,2026-06-11
1417,QS,Consumer Cyclical,Auto Parts,NASDAQ,23935544,7.0,90.02,-14,-24,-63.29,,,,,,,43,57,47,93,,0,0,0,0,0,0,4718162779.851845,615145076.0,0.19,,21613023,22979824,1,65.7,,2026-06-11
1418,PEP,Consumer Defensive,Beverages - Non-Alcoholic,NASDAQ,7472227,144.32,90.02,-9,8,-15.84,,,,,,,43,52,69,62,,0,0,0,0,0,0,193996259391.77637,1366940966.0,0.020299999,0.085,9429891,6869224,0,61.0,,2026-06-11
1419,SYY,Consumer Defensive,Food Distribution,NYSE,3510271,78.54,90.01,11,51,-14.49,,,,,,,43,32,72,40,,0,0,0,0,0,0,36480551602.10925,478182608.0,0.033099998,0.047,3194003,4680166,0,48.0,,2026-06-11
1420,MWA,Industrials,Specialty Industrial Machinery,NYSE,1197086,25.63,89.98,8,41,-17.32,,,,,,,43,35,68,41,,0,0,0,0,0,0,3963412419.132204,156471079.0,0.030199999,0.055,1224300,1227928,0,48.0,,2026-06-11
1421,SVV,Consumer Cyclical,Specialty Retail,NYSE,1238064,9.52,89.96,28,41,-31.46,,,,,,,43,15,28,32,,0,0,0,0,0,0,1384335525.1753654,153986158.0,0.2077,0.089,1034154,1142578,0,25.0,,2026-06-11
1422,RRC,Energy,Oil & Gas E&P,NYSE,2564191,39.14,89.96,-23,-14,-18.98,,,,,,,43,66,75,32,,0,0,0,0,0,0,9212829615.46898,235622250.0,0.111,0.261,2878845,3077109,0,57.7,,2026-06-11
1423,ABNB,Consumer Cyclical,Travel Services,NASDAQ,3953737,129.1,89.95,-20,-33,-12.33,,,,,,,43,63,50,53,,0,0,0,0,0,0,79256643432.70677,593504923.0,0.0337,0.179,3772062,3675552,0,55.3,,2026-06-11
1424,APP,Communication Services,Advertising Agencies,NASDAQ,4920912,492.98,89.95,-16,-31,-33.88,,,,,,,43,59,44,93,,0,0,0,0,0,0,187185505202.02423,335939521.0,0.040999997,0.59,4623156,4612909,1,65.3,,2026-06-11
1425,UAA,Consumer Cyclical,Apparel Manufacturing,NYSE,8788976,5.7,89.95,15,66,-30.06,,,,,,,43,28,79,16,,0,0,0,0,0,0,2370366375.125494,426324892.0,0.3096,-0.008,6659270,8047208,0,41.0,,2026-06-11
1426,WH,Consumer Cyclical,Lodging,NYSE,1221485,76.71,89.93,-6,-16,-17.24,,,,,,,43,49,39,30,,0,0,0,0,0,0,6135565036.183182,74860482.0,0.1003,0.035,1203185,1188589,0,39.3,,2026-06-11
1427,LBTYK,Communication Services,Telecom Services,NASDAQ,1203798,11.37,89.93,-10,-1,-13.34,,,,,,,43,53,62,32,,0,0,0,0,0,0,3830643935.4152126,338097437.0,0.059299998,0.088,1381904,1362608,0,49.0,,2026-06-11
1428,PPL,Utilities,Utilities - Regulated Electric,NYSE,9410202,35.58,89.93,-7,15,-11.29,,,,,,,43,50,72,46,,0,0,0,0,0,0,26889003200.675102,752350362.0,0.059499998,0.108,9609357,8299759,0,56.0,,2026-06-11
1429,DNA,Healthcare,Biotechnology,NYSE,1439533,7.94,89.74,14,7,-54.84,,,,,,,43,29,22,27,,0,0,0,0,0,0,536967333.463521,65324491.0,0.0877,-0.491,1645591,1274474,0,26.0,,2026-06-11
1430,DEC,Energy,Oil & Gas Integrated,NYSE,769628,14.34,89.59,-32,-43,-24.13,,,,,,,42,74,63,39,,0,0,0,0,0,0,999510347.1486282,72323471.0,0.033299997,0.66,937606,800267,0,58.7,,2026-06-11
1431,EAT,Consumer Cyclical,Restaurants,NYSE,1162758,147.41,89.56,8,15,-21.22,,,,,,,42,34,41,49,,0,0,0,0,0,0,6024019271.342926,42887790.0,0.1975,0.032,844335,1150381,0,41.3,,2026-06-11
1432,FLGT,Healthcare,Diagnostics & Research,NASDAQ,591842,18.93,89.55,27,28,-39.01,,,,,,,42,15,16,86,,0,0,0,0,0,0,543871919.6160221,28400623.0,0.1509,-0.032,556666,529853,0,39.0,,2026-06-11
1433,DRVN,Consumer Cyclical,Auto & Truck Dealerships,NASDAQ,1755916,13.54,89.53,22,16,-31.41,,,,,,,42,20,14,28,,0,0,0,0,0,0,2144128233.0,164932941.0,0.1838,0.041,988729,1599799,0,20.7,,2026-06-11
1434,TECH,Healthcare,Biotechnology,NASDAQ,3322662,52.5,89.46,19,27,-27.25,,,,,,,42,23,31,46,,0,0,0,0,0,0,8140009627.28545,156568751.0,0.106000006,-0.015,3020368,2790377,0,33.3,,2026-06-11
1435,GAB,Financial Services,Asset Management,NYSE,1246935,5.56,89.44,2,14,-11.84,,,,,,,42,40,52,66,,0,0,0,0,0,0,1720917827.3516665,311196702.0,0.01,0.194,1140967,1227153,0,52.7,,2026-06-11
1436,AON,Financial Services,Insurance Brokers,NYSE,1550650,336.33,89.44,7,6,-11.72,,,,,,,42,35,34,40,,0,0,0,0,0,0,70166434794.25595,213576949.0,0.0135,0.065,1615391,1428712,0,36.3,,2026-06-11
1437,BLCO,Healthcare,Medical Instruments & Supplies,NYSE,520067,15.26,89.4,-18,-13,-19.32,,,,,,,42,60,65,70,,0,0,0,0,0,0,5512052108.280783,356536358.0,0.0556,0.094,562631,469444,0,65.0,,2026-06-11
1438,WM,Industrials,Waste Management,NYSE,2191921,224.28,89.37,3,28,-9.61,,,,,,,42,39,64,44,,0,0,0,0,0,0,88507293289.77612,401575752.0,0.0168,0.035,2274714,2075164,0,49.0,,2026-06-11
1439,ESNT,Financial Services,Insurance - Specialty,NYSE,816241,58.81,89.37,3,5,-12.34,,,,,,,42,39,41,65,,0,0,0,0,0,0,5293260151.847305,92152860.0,0.036199998,0.058,975914,708306,0,48.3,,2026-06-11
1440,CRBG,Financial Services,Asset Management,NYSE,7382974,27.18,89.37,18,15,-25.68,,,,,,,42,24,21,46,,0,0,0,0,0,0,12267851908.827774,456733121.0,0.078200005,0.021,5313663,6427082,0,30.3,,2026-06-11
1441,CRSP,Healthcare,Biotechnology,NASDAQ,1702101,49.44,89.35,-21,-41,-37.0,,,,,,,42,63,43,69,,0,0,0,0,0,0,5105417210.547485,98484128.0,0.3241,0.686,1825213,1733814,0,58.3,,2026-06-11
1442,TREX,Industrials,Building Products & Equipment,NYSE,2076078,42.79,89.35,17,19,-37.79,,,,,,,42,25,27,10,,0,0,0,0,0,0,4119584763.386879,103898729.0,0.0951,0.01,1829586,1918509,0,20.7,,2026-06-11
1443,BDX,Healthcare,Medical Instruments & Supplies,NYSE,3025556,147.79,89.34,7,32,-21.12,,,,,,,42,35,60,45,,0,0,0,0,0,0,41650691954.37918,275540427.0,0.0348,0.052,2350608,2894951,0,46.7,,2026-06-11
1444,SBRA,Real Estate,REIT - Healthcare Facilities,NASDAQ,2704715,18.82,89.29,-27,-22,-11.56,,,,,,,42,69,74,62,,0,0,0,0,0,0,4655428922.813072,252190095.0,0.1713,0.217,3514875,2360887,0,68.3,,2026-06-11
1445,EBS,Healthcare,Drug Manufacturers - Specialty & Generic,NYSE,813560,8.24,89.26,8,35,-41.39,,,,,,,42,34,61,93,,0,0,0,0,0,0,416382092.97406006,51596296.0,0.1891,-0.297,857550,734078,1,62.7,,2026-06-11
1446,BXMT,Real Estate,REIT - Mortgage,NYSE,1434147,18.23,89.25,-1,2,-11.8,,,,,,,42,43,46,63,,0,0,0,0,0,0,3095342656.347656,168683520.0,0.0691,0.349,1045352,1423206,0,50.7,,2026-06-11
1447,EVLV,Industrials,Security & Protection Services,NASDAQ,3186321,5.84,89.23,-30,-62,-34.46,,,,,,,42,72,40,87,,0,0,0,0,0,0,1063040005.653801,179871410.0,0.047199998,0.447,2546814,2834100,0,66.3,,2026-06-11
1448,PG,Consumer Defensive,Household & Personal Products,NYSE,8504768,149.05,89.22,8,22,-10.88,,,,,,,42,34,48,30,,0,0,0,0,0,0,341232878602.2157,2328598978.0,0.0127,0.074,9440585,8580379,0,37.3,,2026-06-11
1449,HIG,Financial Services,Insurance - Diversified,NYSE,1791826,129.26,89.19,-2,15,-10.55,,,,,,,41,43,60,69,,0,0,0,0,0,0,36223646387.48383,274130820.0,0.0002,0.061,2147288,1620715,0,57.3,,2026-06-11
1450,WLK,Basic Materials,Specialty Chemicals,NYSE,1123933,87.12,89.19,-30,-15,-29.87,,,,,,,41,71,86,23,,0,0,0,0,0,0,10844325901.95996,128122944.0,0.1096,-0.068,897080,1089440,0,60.0,,2026-06-11
1451,AWF,Financial Services,Asset Management,NYSE,514471,10.1,89.17,2,6,-11.64,,,,,,,41,39,43,46,,0,0,0,0,0,0,870057464.1776047,86229678.0,0.09,-0.011,305185,425215,0,42.7,,2026-06-11
1452,HTGC,Financial Services,Asset Management,NYSE,1796285,15.5,89.16,5,-6,-21.2,,,,,,,41,36,25,56,,0,0,0,0,0,0,2859172005.233946,187118590.0,0.0579,0.184,1488907,1823183,0,39.0,,2026-06-11
1453,SUI,Real Estate,REIT - Residential,NYSE,1000821,126.64,89.16,-5,17,-8.13,,,,,,,41,46,68,44,,0,0,0,0,0,0,15242412634.18634,123230757.0,0.0355,0.086,1427083,892266,0,52.7,,2026-06-11
1454,NTES,Communication Services,Electronic Gaming & Multimedia,NASDAQ,1066938,125.52,89.13,3,2,-21.33,,,,,,,41,38,37,69,,0,0,0,0,0,0,76552686386.95929,640715469.0,0.0081,0.061,854324,882924,0,48.0,,2026-06-11
1455,AXP,Financial Services,Credit Services,NYSE,3055317,313.34,89.11,6,8,-19.14,,,,,,,41,35,37,80,,0,0,0,0,0,0,211971535281.1341,682326443.0,0.0232,0.116,2950151,3054492,0,50.7,,2026-06-11
1456,SMA,Real Estate,REIT - Industrial,NYSE,687175,32.89,89.08,4,10,-17.3,,,,,,,41,37,43,32,,0,0,0,0,0,0,1711341260.0019264,55365295.0,0.073,0.131,749565,670359,0,37.3,,2026-06-11
1457,VMC,Basic Materials,Building Materials,NYSE,1183747,272.67,89.06,7,16,-17.64,,,,,,,41,34,43,62,,0,0,0,0,0,0,36510430174.86877,129754885.0,0.0374,0.074,1364213,1106092,0,46.3,,2026-06-11
1458,GEN,Technology,Software - Infrastructure,NASDAQ,8428458,24.62,89.05,18,15,-23.59,,,,,,,41,23,20,36,,0,0,0,0,0,0,15831962096.7785,602433854.0,0.0589,0.27,7753306,7614409,0,26.3,,2026-06-11
1459,KGC,Basic Materials,Gold,NYSE,7840941,23.66,89.02,-44,-37,-39.5,,,,,,,41,85,92,95,,0,0,0,0,0,0,31309549299.9301,1194109463.0,2.06,0.608,8508094,7960596,2,90.7,,2026-06-11
1460,DLO,Technology,Software - Infrastructure,NASDAQ,2745344,11.78,89.02,-19,-34,-29.8,,,,,,,41,60,45,79,,0,0,0,0,0,0,3307584987.5671406,294269133.0,0.1089,0.549,2360593,2347020,0,61.3,,2026-06-11
1461,HLF,Consumer Defensive,Packaged Foods,NYSE,1541482,11.32,88.99,-40,-31,-44.51,,,,,,,41,81,90,93,,0,0,0,0,0,0,1184941456.517395,103669416.0,0.088999994,0.078,1602427,1379359,2,88.0,,2026-06-11
1462,U,Technology,Software - Application,NYSE,10948712,26.66,88.98,-6,-40,-48.88,,,,,,,41,47,13,90,,0,0,0,0,0,0,12733725895.794975,436534997.0,0.0859,0.168,10500147,11569631,1,50.0,,2026-06-11
1463,NDAQ,Financial Services,Financial Data & Stock Exchanges,NASDAQ,3159959,86.72,88.95,-17,-29,-14.8,,,,,,,41,58,46,67,,0,0,0,0,0,0,49360400159.08258,565540798.0,0.018,0.137,3562039,3228673,0,57.0,,2026-06-11
1464,BA,Industrials,Aerospace & Defense,NYSE,6912947,209.0,88.93,-20,-15,-17.83,,,,,,,41,61,66,62,,0,0,0,0,0,0,169839734808.2422,788302331.0,0.0021,0.14,6514352,6745056,0,63.0,,2026-06-11
1465,TAC,Utilities,Utilities - Independent Power Producers,NYSE,1638773,12.38,88.9,-9,-1,-30.76,,,,,,,41,50,58,69,,0,0,0,0,0,0,3775912635.55674,297784901.0,0.0179,-0.255,2185950,1423260,0,59.0,,2026-06-11
1466,VRNS,Technology,Software - Infrastructure,NASDAQ,2341179,32.9,88.9,19,9,-48.51,,,,,,,41,22,12,12,,0,0,0,0,0,0,3839366034.340092,117447727.0,0.085200004,0.269,1720308,2319149,0,15.3,,2026-06-11
1467,ARCC,Financial Services,Asset Management,NASDAQ,5216599,19.04,88.89,6,5,-18.7,,,,,,,41,35,34,40,,0,0,0,0,0,0,13491649914.919548,718022845.0,0.056199998,0.042,5101299,5789345,0,36.3,,2026-06-11
1468,SKY,Consumer Cyclical,Residential Construction,NYSE,801130,75.13,88.83,18,43,-24.24,,,,,,,40,22,47,63,,0,0,0,0,0,0,4104413279.3049774,54893854.0,0.067,0.046,711820,661296,0,44.0,,2026-06-11
1469,SNY,Healthcare,Drug Manufacturers - General,NASDAQ,2591050,43.57,88.83,9,10,-17.29,,,,,,,40,31,32,40,,0,0,0,0,0,0,107767450051.82016,2393768302.0,0.0031,0.06,2495792,2662158,0,34.3,,2026-06-11
1470,NMAX,Communication Services,Broadcasting,NYSE,1468026,8.97,88.83,22,13,-46.13,,,,,,,40,18,9,7,,0,0,0,0,0,0,1176653431.6062117,129160645.0,0.92370003,0.14,1692719,2013821,0,11.3,,2026-06-11
1471,SBH,Consumer Cyclical,Specialty Retail,NYSE,1642518,13.08,88.8,4,44,-27.01,,,,,,,40,36,76,83,,0,0,0,0,0,0,1152534503.6009102,95408486.0,0.2802,0.023,1329525,1470195,0,65.0,,2026-06-11
1472,EXK,Basic Materials,Silver,NYSE,7694506,7.42,88.77,-52,-52,-51.02,,,,,,,40,92,92,94,,0,0,0,0,0,0,2368550416.0,296068802.0,2.54,2.302,6522970,7582516,3,92.7,,2026-06-11
1473,RJF,Financial Services,Asset Management,NYSE,1283182,150.59,88.75,3,3,-15.24,,,,,,,40,37,37,50,,0,0,0,0,0,0,29515034904.56418,194883034.0,0.0545,0.131,1319188,1362777,0,41.3,,2026-06-11
1474,OMC,Communication Services,Advertising Agencies,NYSE,3863313,73.98,88.75,-19,-20,-15.13,,,,,,,40,59,58,57,,0,0,0,0,0,0,21463815924.94409,285006196.0,0.1155,0.692,3226290,4088274,0,58.0,,2026-06-11
1475,ARES,Financial Services,Asset Management,NYSE,2766504,128.31,88.74,18,9,-34.29,,,,,,,40,22,13,50,,0,0,0,0,0,0,28336378759.913666,225518332.0,0.14850001,0.283,2627602,3014678,0,28.3,,2026-06-11
1476,BV,Industrials,Specialty Business Services,NYSE,666497,12.88,88.73,9,11,-24.7,,,,,,,40,31,33,27,,0,0,0,0,0,0,1148223971.5576172,93200000.0,0.3443,0.061,584533,575336,0,30.3,,2026-06-11
1477,ATMU,Consumer Cyclical,Auto Parts,NYSE,1083317,47.46,88.72,-26,-8,-28.63,,,,,,,40,66,84,83,,0,0,0,0,0,0,3749581157.017777,81672428.0,0.048600003,0.146,814902,1351664,0,77.7,,2026-06-11
1478,AGCO,Industrials,Farm & Heavy Construction Machinery,NYSE,740258,108.71,88.67,-5,22,-24.39,,,,,,,40,45,72,56,,0,0,0,0,0,0,8429076893.237946,72408527.0,0.0348,0.143,755626,713449,0,57.7,,2026-06-11
1479,TSN,Consumer Defensive,Farm Products,NYSE,3442188,56.13,88.67,-31,-36,-19.21,,,,,,,40,71,66,58,,0,0,0,0,0,0,20680559618.267952,352129402.0,0.042600002,0.044,4466356,3002125,0,65.0,,2026-06-11
1480,ACGL,Financial Services,Insurance - Diversified,NASDAQ,2623414,91.31,88.65,-4,3,-11.68,,,,,,,40,44,51,59,,0,0,0,0,0,0,31860837382.721924,349389588.0,0.0271,-0.033,2717764,2353224,0,51.3,,2026-06-11
1481,WRB,Financial Services,Insurance - Property & Casualty,NYSE,2147785,68.15,88.65,7,23,-13.69,,,,,,,40,33,49,53,,0,0,0,0,0,0,25527015399.63016,372276732.0,0.0001,0.04,2711927,2100469,0,45.0,,2026-06-11
1482,PHM,Consumer Cyclical,Residential Construction,NYSE,1689400,118.49,88.64,8,35,-18.0,,,,,,,40,32,59,62,,0,0,0,0,0,0,22553584485.859108,190486353.0,0.0584,-0.124,1392630,1828200,0,51.0,,2026-06-11
1483,BMRN,Healthcare,Biotechnology,NASDAQ,2410847,56.17,88.62,9,30,-15.25,,,,,,,40,31,52,26,,0,0,0,0,0,0,10972757633.738594,193284438.0,0.0589,0.028,2626501,2081316,0,36.3,,2026-06-11
1484,CVNA,Consumer Cyclical,Auto & Truck Dealerships,NYSE,11219177,67.25,88.52,-24,-44,-30.94,,,,,,,40,64,44,92,,0,0,0,0,0,0,47640342016.50707,716288385.0,0.1374,0.52,9796312,11998846,1,66.7,,2026-06-11
1485,PEG,Utilities,Utilities - Regulated Electric,NYSE,3084768,78.59,88.46,4,31,-13.88,,,,,,,40,36,63,40,,0,0,0,0,0,0,39606586703.791855,498321402.0,0.0252,0.194,2907545,2744159,0,46.3,,2026-06-11
1486,PHG,Healthcare,Medical Devices,NYSE,1357185,25.67,88.44,5,36,-23.24,,,,,,,40,35,66,54,,0,0,0,0,0,0,25378467715.30113,971982655.0,1.2,-0.047,1282727,1191671,0,51.7,,2026-06-11
1487,V,Financial Services,Credit Services,NYSE,8108140,322.96,88.43,2,-1,-13.99,,,,,,,40,38,35,55,,0,0,0,0,0,0,615347255294.7876,1901743800.0,0.0156,0.171,8325891,7386234,0,42.7,,2026-06-11
1488,VERA,Healthcare,Biotechnology,NASDAQ,1078744,31.62,88.36,-39,-35,-43.59,,,,,,,40,79,83,93,,0,0,0,0,0,0,2317870035.8792114,71782904.0,0.1599,,1317003,1156608,1,85.0,,2026-06-11
1489,RCL,Consumer Cyclical,Travel Services,NYSE,3042547,268.73,88.33,11,44,-26.68,,,,,,,40,29,62,58,,0,0,0,0,0,0,75094593840.0,268194978.0,0.0674,0.113,2684023,2804660,0,49.7,,2026-06-11
1490,HYT,Financial Services,Asset Management,NYSE,761122,8.57,88.33,1,2,-13.26,,,,,,,40,39,40,41,,0,0,0,0,0,0,1400582173.079147,163047980.0,0.0027,0.041,749487,790513,0,40.0,,2026-06-11
1491,CE,Basic Materials,Chemicals,NYSE,1994525,50.38,88.32,-33,-32,-28.74,,,,,,,40,73,74,19,,0,0,0,0,0,0,5596079231.304596,109662539.0,0.0892,-0.022,1678426,2110297,0,55.3,,2026-06-11
1492,BPRE,Financial Services,Asset Management,NYSE,646485,14.87,88.27,-19,-2,-18.59,,,,,,,39,58,75,44,,0,0,0,0,0,0,,,0.67,,798105,574951,0,59.0,,2026-06-11
1493,EPRT,Real Estate,REIT - Retail,NYSE,1731194,30.79,88.24,-12,2,-11.34,,,,,,,39,51,65,41,,0,0,0,0,0,0,6545765156.839542,216245955.0,0.1014,0.228,2247902,2058352,0,52.3,,2026-06-11
1494,FNV,Basic Materials,Gold,NYSE,870565,208.46,88.23,-33,-20,-27.03,,,,,,,39,72,85,82,,0,0,0,0,0,0,42185219691.58707,192855530.0,3.42,0.777,1076385,791957,0,79.7,,2026-06-11
1495,VNDA,Healthcare,Biotechnology,NASDAQ,1067768,6.03,88.23,-38,-22,-39.34,,,,,,,39,77,93,88,,0,0,0,0,0,0,362617451.476943,60135562.0,0.1112,0.034,850845,1075841,1,86.0,,2026-06-11
1496,MSDL,Financial Services,Asset Management,NYSE,577881,15.32,88.21,4,-3,-23.17,,,,,,,39,35,28,36,,0,0,0,0,0,0,1284185354.4648285,84764712.0,0.045500003,-0.122,510405,651921,0,33.0,,2026-06-11
1497,DBX,Technology,Software - Infrastructure,NASDAQ,4172768,27.65,88.18,3,1,-14.66,,,,,,,39,36,34,40,,0,0,0,0,0,0,6420433967.276562,233300649.0,0.2726,0.008,3977656,3805435,0,36.7,,2026-06-11
1498,ITW,Industrials,Specialty Industrial Machinery,NYSE,1425821,250.17,88.07,4,31,-17.48,,,,,,,39,35,62,40,,0,0,0,0,0,0,72707544351.19629,287700000.0,0.0328,0.046,1426385,1319947,0,45.7,,2026-06-11
1499,NTR,Basic Materials,Agricultural Inputs,NYSE,2834703,65.03,88.05,-31,-16,-23.82,,,,,,,39,70,85,71,,0,0,0,0,0,0,32257580960.684387,480023548.0,0.0053,0.19,2736659,2846661,0,75.3,,2026-06-11
1500,PRTA,Healthcare,Biotechnology,NASDAQ,528314,7.91,88.03,-24,-24,-32.97,,,,,,,39,63,63,68,,0,0,0,0,0,0,460184951.2328825,52353237.0,0.1626,17.064,469223,491948,0,64.7,,2026-06-11
1501,ACIW,Technology,Software - Infrastructure,NASDAQ,763173,43.73,88.02,4,-5,-19.44,,,,,,,39,35,26,35,,0,0,0,0,0,0,4351115118.438377,101661570.0,0.0678,0.079,858151,755836,0,32.0,,2026-06-11
1502,PRCH,Financial Services,Insurance - Property & Casualty,NASDAQ,1967328,9.41,88.02,-20,-53,-51.58,,,,,,,39,59,26,46,,0,0,0,0,0,0,1013074305.2404212,109403270.0,0.22700001,0.156,1247306,1836173,0,43.7,,2026-06-11
1503,MCK,Healthcare,Medical Distribution,NYSE,1290150,790.44,88.01,7,57,-20.88,,,,,,,39,32,82,78,,0,0,0,0,0,0,93237470970.52386,120204051.0,0.024,0.06,1017210,1074544,0,64.0,,2026-06-11
1504,ASO,Consumer Cyclical,Specialty Retail,NASDAQ,1499801,49.88,88.01,-2,31,-20.12,,,,,,,39,41,74,67,,0,0,0,0,0,0,3338295934.5,64508134.0,0.1555,0.025,1975673,1423044,0,60.7,,2026-06-11
1505,GILD,Healthcare,Drug Manufacturers - General,NASDAQ,7435525,121.48,88.0,-20,3,-22.77,,,,,,,39,59,82,70,,0,0,0,0,0,0,160361169472.60468,1241569874.0,0.0187,0.044,10094736,6616007,0,70.3,,2026-06-11
1506,SCHW,Financial Services,Capital Markets,NYSE,11011516,89.27,88.0,1,23,-16.96,,,,,,,39,38,60,68,,0,0,0,0,0,0,154504792072.97556,1739135507.0,0.0,0.158,12460470,11473850,0,55.3,,2026-06-11
1507,TAK,Healthcare,Drug Manufacturers - Specialty & Generic,NYSE,3246796,15.68,87.98,-17,7,-17.04,,,,,,,39,56,80,44,,0,0,0,0,0,0,49290910301.31985,3159673660.0,0.0011999999,0.039,3250639,3163471,0,60.0,,2026-06-11
1508,MTN,Consumer Cyclical,Resorts & Casinos,NYSE,768292,135.89,87.97,10,12,-20.99,,,,,,,39,29,31,47,,0,0,0,0,0,0,4823645939.880493,35633051.0,0.344,-0.047,944007,783977,0,35.7,,2026-06-11
1509,OGS,Utilities,Utilities - Regulated Gas,NYSE,643436,76.94,87.86,-22,-8,-15.25,,,,,,,39,61,75,62,,0,0,0,0,0,0,4920582682.968025,62762533.0,0.061300002,-0.111,720010,552868,0,66.0,,2026-06-11
1510,FCN,Industrials,Consulting Services,NYSE,571124,159.65,87.85,5,14,-15.66,,,,,,,39,34,43,46,,0,0,0,0,0,0,4814003575.107681,30144043.0,0.1034,0.095,418904,460294,0,41.0,,2026-06-11
1511,WTRG,Utilities,Utilities - Regulated Water,NYSE,1754701,37.57,87.81,-7,13,-11.33,,,,,,,39,46,66,53,,0,0,0,0,0,0,10596528417.995834,283632983.0,0.0163,0.1,1826553,1997838,0,55.0,,2026-06-11
1512,VRTX,Healthcare,Biotechnology,NASDAQ,1279051,435.71,87.75,-14,-10,-14.22,,,,,,,39,53,57,57,,0,0,0,0,0,0,113407871070.07828,253805417.0,0.0199,0.078,1293995,1204069,0,55.7,,2026-06-11
1513,CNM,Industrials,Industrial Distribution,NYSE,2107863,49.44,87.71,15,25,-26.41,,,,,,,39,24,34,60,,0,0,0,0,0,0,9777778375.49643,188142739.0,0.0482,-0.069,2310699,2398111,0,39.3,,2026-06-11
1514,SW,Consumer Cyclical,Packaging & Containers,NYSE,5173222,38.95,87.71,6,17,-26.02,,,,,,,39,33,44,23,,0,0,0,0,0,0,21649876499.62506,524464078.0,0.0586,0.007,5292876,4992317,0,33.3,,2026-06-11
1515,GRNT,Energy,Oil & Gas E&P,NYSE,972133,5.01,87.71,-16,-18,-25.45,,,,,,,39,55,53,25,,0,0,0,0,0,0,634419704.3528509,131895990.0,0.0764,0.05,1002320,954950,0,44.3,,2026-06-11
1516,HON,Industrials,Conglomerates,NASDAQ,4467796,205.88,87.7,-9,19,-17.04,,,,,,,39,48,76,42,,0,0,0,0,0,0,135582758645.93234,633653119.0,0.0171,0.024,5024639,4181013,0,55.3,,2026-06-11
1517,CPRI,Consumer Cyclical,Luxury Goods,NYSE,3461848,19.49,87.69,13,16,-31.06,,,,,,,39,26,29,81,,0,0,0,0,0,0,2173357403.818932,115175268.0,0.1035,-0.037,4188614,3090798,0,45.3,,2026-06-11
1518,SF,Financial Services,Capital Markets,NYSE,1351771,70.46,87.65,-1,0,-21.56,,,,,,,38,39,40,77,,0,0,0,0,0,0,10848573290.93802,153401769.0,0.0001,0.143,1406015,1370123,0,52.0,,2026-06-11
1519,REZI,Industrials,Industrial Distribution,NYSE,1467784,30.02,87.62,-38,-32,-33.72,,,,,,,38,76,82,86,,0,0,0,0,0,0,4726013435.965118,151426260.0,0.0446,0.08,1182542,1347644,0,81.3,,2026-06-11
1520,RYN,Real Estate,REIT - Specialty,NYSE,2657512,20.69,87.62,7,9,-24.32,,,,,,,38,31,33,31,,0,0,0,0,0,0,6306669059.80327,300747223.0,0.0381,2.338,2641647,2405981,0,31.7,,2026-06-11
1521,UGI,Utilities,Utilities - Regulated Gas,NYSE,2245544,34.79,87.61,4,28,-15.84,,,,,,,38,34,58,77,,0,0,0,0,0,0,7471620536.061157,214393712.0,0.0713,0.007,1790144,1896962,0,56.3,,2026-06-11
1522,RPM,Basic Materials,Specialty Chemicals,NYSE,784057,104.28,87.6,12,20,-19.24,,,,,,,38,26,34,29,,0,0,0,0,0,0,13442823675.38321,128075684.0,0.0317,0.089,766113,923444,0,29.7,,2026-06-11
1523,VICI,Real Estate,REIT - Diversified,NYSE,8476249,28.41,87.59,1,4,-16.47,,,,,,,38,37,40,30,,0,0,0,0,0,0,29999096667.03447,1076780187.0,0.031,0.035,8628567,7805455,0,35.7,,2026-06-11
1524,NTNX,Technology,Software - Infrastructure,NASDAQ,4329737,49.66,87.59,17,12,-39.75,,,,,,,38,21,16,12,,0,0,0,0,0,0,14499991937.769457,270320509.0,0.0856,0.1,5123993,3926862,0,16.3,,2026-06-11
1525,GSBD,Financial Services,Asset Management,NYSE,1256839,9.1,87.52,0,-3,-24.34,,,,,,,38,38,35,32,,0,0,0,0,0,0,997361894.972478,112569067.0,0.060500003,-0.187,907609,1301205,0,35.0,,2026-06-11
1526,OC,Industrials,Building Products & Equipment,NYSE,1184466,115.08,87.49,6,2,-27.81,,,,,,,38,32,28,18,,0,0,0,0,0,0,9598975379.047071,80528319.0,0.0699,-0.105,1005358,1134049,0,26.0,,2026-06-11
1527,USA,Financial Services,Asset Management,NYSE,1146545,5.66,87.42,0,1,-18.68,,,,,,,38,38,39,40,,0,0,0,0,0,0,1739952812.7983594,301551615.0,0.00029999999,-0.098,1374045,1171617,0,39.0,,2026-06-11
1528,CART,Consumer Cyclical,Internet Retail,NASDAQ,4443725,41.21,87.4,-9,-23,-22.97,,,,,,,38,47,33,59,,0,0,0,0,0,0,9697329731.15026,235029814.0,0.1,0.136,3796637,3994423,0,46.3,,2026-06-11
1529,CRWV,Technology,Software - Infrastructure,NASDAQ,29135445,95.61,87.33,-33,-34,-48.87,,,,,,,38,71,70,46,,0,0,0,0,0,0,54769806701.95029,545570346.0,0.1714,1.116,29732697,30822221,0,62.3,,2026-06-11
1530,MCO,Financial Services,Financial Data & Stock Exchanges,NYSE,992689,450.69,87.33,-2,-7,-17.59,,,,,,,38,40,35,55,,0,0,0,0,0,0,78840211357.44037,174676438.0,0.026099999,0.081,964698,1009243,0,43.3,,2026-06-11
1531,CLNN,Consumer Defensive,Packaged Foods,NASDAQ,944271,5.5,87.32,-51,-73,-59.26,,,,,,,38,89,67,81,,0,0,0,0,0,0,69641770.71273136,12778307.0,0.1385,-0.815,113443,598610,0,79.0,,2026-06-11
1532,CARS,Communication Services,Internet Content & Information,NYSE,854797,9.59,87.31,6,-12,-31.35,,,,,,,38,32,14,47,,0,0,0,0,0,0,514866880.8025312,55903027.0,0.14130001,0.007,761243,914864,0,31.0,,2026-06-11
1533,SCZM,Basic Materials,Other Industrial Metals & Mining,NASDAQ,559589,6.03,87.29,-59,-58,-65.83,,,,,,,38,97,98,99,,0,0,1,1,0,2,593540482.4444423,92740699.0,5.41,0.814,580599,528931,3,98.0,,2026-06-11
1534,ICL,Basic Materials,Agricultural Inputs,NYSE,1319257,5.5,87.26,-22,-44,-25.17,,,,,,,38,60,38,22,,0,0,0,0,0,0,7228022698.507505,1290718361.0,0.0055,0.145,1226203,1342730,0,40.0,,2026-06-11
1535,HRB,Consumer Cyclical,Personal Services,NYSE,2763622,37.21,87.17,5,-13,-36.08,,,,,,,38,33,15,24,,0,0,0,0,0,0,4828296303.972073,126760207.0,0.22600001,0.053,2284797,2493119,0,24.0,,2026-06-11
1536,INMD,Healthcare,Medical Devices,NASDAQ,904537,13.47,87.14,2,0,-19.53,,,,,,,38,36,34,31,,0,0,0,0,0,0,823350472.6803303,60808750.0,0.0543,0.053,614181,816396,0,33.7,,2026-06-11
1537,BAX,Healthcare,Medical Instruments & Supplies,NYSE,7705255,20.31,87.11,18,17,-36.61,,,,,,,38,20,19,14,,0,0,0,0,0,0,10009168941.60196,516469008.0,0.1233,0.029,6683985,7291517,0,17.7,,2026-06-11
1538,IMMR,Technology,Software - Application,NASDAQ,555589,6.47,87.04,3,2,-20.61,,,,,,,38,35,34,27,,0,0,0,0,0,0,210849875.4519539,33100452.0,0.124,0.1,620328,587959,0,32.0,,2026-06-11
1539,ETOR,Financial Services,Capital Markets,NASDAQ,1183175,37.76,87.03,-17,-56,-52.78,,,,,,,38,55,16,15,,0,0,0,0,0,0,3040320614.2953877,79527090.0,0.056900002,-0.356,930916,1195471,0,28.7,,2026-06-11
1540,RYTM,Healthcare,Biotechnology,NASDAQ,712340,85.71,86.9,-18,-1,-29.86,,,,,,,38,56,73,92,,0,0,0,0,0,0,5926484898.265488,68593574.0,0.121800005,0.838,551961,691874,1,73.7,,2026-06-11
1541,JD,Consumer Cyclical,Internet Retail,NASDAQ,9911516,28.45,86.88,-19,-45,-22.82,,,,,,,37,56,30,20,,0,0,0,0,0,0,39002438866.615295,1350500000.0,0.022,0.049,7102508,9570509,0,35.3,,2026-06-11
1542,NMIH,Financial Services,Insurance - Specialty,NASDAQ,616482,37.04,86.87,2,8,-14.26,,,,,,,37,35,41,56,,0,0,0,0,0,0,2776772558.088047,75971891.0,0.028199999,0.059,614508,514567,0,44.0,,2026-06-11
1543,CCK,Consumer Cyclical,Packaging & Containers,NYSE,1128118,95.45,86.77,0,31,-18.15,,,,,,,37,37,68,64,,0,0,0,0,0,0,10434898788.53875,111746617.0,0.0476,0.129,1067974,1140590,0,56.3,,2026-06-11
1544,RIVN,Consumer Cyclical,Auto Manufacturers,NASDAQ,33015871,14.76,86.73,-1,24,-34.95,,,,,,,37,38,63,84,,0,0,0,0,0,0,21955866266.712883,1342866407.0,0.14109999,0.114,37518105,29299725,0,61.7,,2026-06-11
1545,AURA,Healthcare,Biotechnology,NASDAQ,704998,6.12,86.73,-46,-74,-35.82,,,,,,,37,83,55,30,,0,0,0,0,0,0,685452891.3716526,103386558.0,0.0366,,426236,547867,0,56.0,,2026-06-11
1546,AIG,Financial Services,Insurance - Diversified,NYSE,4341756,74.94,86.72,-2,-3,-14.15,,,,,,,37,39,38,63,,0,0,0,0,0,0,40025266490.64732,530206221.0,0.0184,0.014,4096220,4116610,0,46.7,,2026-06-11
1547,TXRH,Consumer Cyclical,Restaurants,NASDAQ,1272153,164.24,86.64,-16,-21,-16.63,,,,,,,37,53,48,38,,0,0,0,0,0,0,11204270614.199903,65729615.0,0.0563,0.128,1121739,1175767,0,46.3,,2026-06-11
1548,LVS,Consumer Cyclical,Resorts & Casinos,NYSE,4322121,50.81,86.63,1,26,-27.88,,,,,,,37,36,61,87,,0,0,0,0,0,0,33297525581.25,662637325.0,0.0949,0.253,3386203,4197874,0,61.3,,2026-06-11
1549,MTG,Financial Services,Insurance - Specialty,NYSE,2050218,25.72,86.61,0,7,-14.18,,,,,,,37,37,44,68,,0,0,0,0,0,0,5395116785.086281,211490268.0,0.0525,-0.03,1830214,1915710,0,49.7,,2026-06-11
1550,FWONK,Communication Services,Entertainment,NASDAQ,1936257,88.61,86.58,-3,-6,-18.98,,,,,,,37,40,37,39,,0,0,0,0,0,0,21973108553.918797,250605708.0,0.0376,0.183,1680661,1938336,0,38.7,,2026-06-11
1551,PDI,Financial Services,Asset Management,NYSE,2745157,16.52,86.53,-5,5,-18.1,,,,,,,37,42,52,41,,0,0,0,0,0,0,7749666933.634842,461564414.0,0.17,,2770983,2523970,0,45.0,,2026-06-11
1552,HROW,Healthcare,Drug Manufacturers - Specialty & Generic,NASDAQ,945262,35.9,86.51,16,41,-34.55,,,,,,,37,21,46,81,,0,0,0,0,0,0,1237160750.1404305,37275107.0,0.19399999,-0.076,758307,761579,0,49.3,,2026-06-11
1553,ABEO,Healthcare,Biotechnology,NASDAQ,1081278,5.36,86.47,-26,-56,-28.91,,,,,,,37,63,33,27,,0,0,0,0,0,0,311193488.4141922,56995144.0,0.2725,,829474,1046794,0,41.0,,2026-06-11
1554,HOOD,Financial Services,Capital Markets,NASDAQ,28692131,86.36,86.42,4,14,-43.87,,,,,,,37,33,43,94,,0,0,0,0,0,0,74264653150.03934,900505057.0,0.0482,0.151,35930774,30414646,1,56.7,,2026-06-11
1555,IDYA,Healthcare,Biotechnology,NASDAQ,1011323,27.6,86.35,-23,4,-29.74,,,,,,,37,60,87,88,,0,0,0,0,0,0,2485585507.2390747,87860920.0,0.15720001,,1435360,1307852,0,78.3,,2026-06-11
1556,AVAH,Healthcare,Medical Care Facilities,NASDAQ,1777798,6.89,86.28,5,23,-33.24,,,,,,,37,32,50,88,,0,0,0,0,0,0,1454604718.659842,217755203.0,0.0452,0.159,1910435,1525791,0,56.7,,2026-06-11
1557,CGNT,Technology,Software - Infrastructure,NASDAQ,797582,8.77,86.24,-43,-86,-28.76,,,,,,,37,80,37,65,,0,0,0,0,0,0,662616087.0600567,73705907.0,0.0063,0.104,1143816,703851,0,60.7,,2026-06-11
1558,ANF,Consumer Cyclical,Apparel Retail,NYSE,1455034,85.33,86.23,11,23,-35.9,,,,,,,37,26,38,81,,0,0,0,0,0,0,3384609706.6416626,44924474.0,0.102299996,0.015,1463992,1325146,0,48.3,,2026-06-11
1559,AVTR,Healthcare,Medical Instruments & Supplies,NYSE,10704521,9.65,86.23,20,15,-39.42,,,,,,,37,17,12,17,,0,0,0,0,0,0,6254039378.139793,682755402.0,0.0687,0.0,11659093,9793624,0,15.3,,2026-06-11
1560,SIBN,Healthcare,Medical Devices,NASDAQ,748941,15.37,86.2,10,6,-29.79,,,,,,,37,27,23,82,,0,0,0,0,0,0,670561153.8846273,44349283.0,0.15010001,0.112,474353,715376,0,44.0,,2026-06-11
1561,CRH,Basic Materials,Building Materials,NYSE,4914227,99.98,86.13,-1,1,-24.0,,,,,,,37,38,40,80,,0,0,0,0,0,0,70201113061.61182,668200216.0,0.0224,0.091,3873141,4686400,0,52.7,,2026-06-11
1562,AGIO,Healthcare,Biotechnology,NASDAQ,935916,28.88,86.13,7,15,-37.22,,,,,,,37,30,38,15,,0,0,0,0,0,0,1682451873.0578842,59471609.0,0.1266,1.377,904880,1129756,0,27.7,,2026-06-11
1563,ECL,Basic Materials,Specialty Chemicals,NYSE,1730963,256.99,86.11,6,33,-16.9,,,,,,,37,31,58,46,,0,0,0,0,0,0,72602432734.49164,281437502.0,0.014199999,0.1,1846981,1572102,0,45.0,,2026-06-11
1564,OSK,Industrials,Farm & Heavy Construction Machinery,NYSE,841640,126.95,86.09,-2,39,-29.66,,,,,,,37,39,80,71,,0,0,0,0,0,0,8138716287.657562,62351309.0,0.0585,0.002,735891,736794,0,63.3,,2026-06-11
1565,AMP,Financial Services,Asset Management,NYSE,602943,450.62,86.07,1,-2,-18.1,,,,,,,37,36,33,38,,0,0,0,0,0,0,40872608540.65296,89897084.0,0.0544,0.09,679199,643205,0,35.7,,2026-06-11
1566,BSBR,Financial Services,Banks - Regional,NYSE,1104108,5.28,85.98,-1,29,-27.87,,,,,,,36,37,67,77,,0,0,0,0,0,0,39246060864.502205,7489706599.0,2.73,0.004,1418296,987179,0,60.3,,2026-06-11
1567,STZ,Consumer Defensive,Beverages - Brewers,NYSE,2035182,142.27,85.94,6,22,-20.14,,,,,,,36,30,46,29,,0,0,0,0,0,0,24264486615.57962,172198467.0,0.0452,-0.113,2238117,2116027,0,35.0,,2026-06-11
1568,W,Consumer Cyclical,Internet Retail,NYSE,4647601,68.67,85.89,11,71,-42.77,,,,,,,36,25,85,94,,0,0,0,0,0,0,9021960505.239326,131996499.0,0.1993,0.074,3280334,4080228,1,68.0,,2026-06-11
1569,RNW,Utilities,Utilities - Renewable,NASDAQ,1297301,6.06,85.88,9,3,-26.46,,,,,,,36,27,21,16,,0,0,0,0,0,0,2199753598.8269634,364197618.0,0.0468,0.095,1479903,1060716,0,21.3,,2026-06-11
1570,FMS,Healthcare,Medical Care Facilities,NYSE,927855,22.28,85.87,6,13,-23.36,,,,,,,36,30,37,36,,0,0,0,0,0,0,11832957966.617392,537129260.0,1.44,-0.055,957895,761467,0,34.3,,2026-06-11
1571,BIPC,Utilities,Utilities - Regulated Gas,NYSE,1351729,41.31,85.87,3,42,-20.13,,,,,,,36,33,72,73,,0,0,0,0,0,0,5080744663.981979,122990668.0,6.16,-0.048,922769,1130889,0,59.3,,2026-06-11
1572,KREF,Real Estate,REIT - Mortgage,NYSE,1165016,7.15,85.76,11,6,-28.38,,,,,,,36,25,20,28,,0,0,0,0,0,0,444958890.5457325,64300417.0,0.0986,,1290469,1282767,0,24.3,,2026-06-11
1573,COMP,Real Estate,Real Estate Services,NYSE,13514912,7.91,85.74,2,5,-43.32,,,,,,,36,34,37,87,,0,0,0,0,0,0,5760550005.451627,747153045.0,0.053000003,0.994,12456047,13510817,0,52.7,,2026-06-11
1574,BCRX,Healthcare,Drug Manufacturers - Specialty & Generic,NASDAQ,4588971,8.19,85.73,-32,-27,-27.07,,,,,,,36,68,73,31,,0,0,0,0,0,0,2137507931.817856,254162660.0,0.14310001,0.075,3586545,4451957,0,57.3,,2026-06-11
1575,CME,Financial Services,Financial Data & Stock Exchanges,NASDAQ,3073614,263.8,85.73,-16,10,-19.86,,,,,,,36,52,78,61,,0,0,0,0,0,0,93004473902.06094,361322751.0,0.0147,0.144,4612322,2801142,0,63.7,,2026-06-11
1576,ARX,Financial Services,Insurance Brokers,NYSE,1367612,14.12,85.71,7,-11,-54.71,,,,,,,36,29,11,15,,0,0,0,0,0,0,3270838036.6576767,218201340.0,0.0696,0.597,1182956,1340319,0,18.3,,2026-06-11
1577,STWD,Real Estate,REIT - Mortgage,NYSE,3156518,17.05,85.69,-3,-2,-19.0,,,,,,,36,39,40,36,,0,0,0,0,0,0,6321262835.641289,370748570.0,0.044,0.218,3403176,2928487,0,38.3,,2026-06-11
1578,S,Technology,Software - Infrastructure,NYSE,9291355,14.79,85.61,-5,-17,-30.89,,,,,,,36,41,29,18,,0,0,0,0,0,0,5467719316.465379,342803723.0,0.069,0.208,12733007,8391359,0,29.3,,2026-06-11
1579,EQH,Financial Services,Asset Management,NYSE,4639206,41.91,85.59,10,6,-25.97,,,,,,,36,26,22,34,,0,0,0,0,0,0,11485990897.21775,281519390.0,0.0001,-0.076,5895970,4398702,0,27.3,,2026-06-11
1580,WMS,Industrials,Building Products & Equipment,NYSE,933574,129.5,85.58,1,30,-27.78,,,,,,,36,35,64,74,,0,0,0,0,0,0,9968930928.6969,76595708.0,0.0434,0.099,1090982,954836,0,57.7,,2026-06-11
1581,ATAT,Consumer Cyclical,Lodging,NASDAQ,1125477,33.51,85.51,-22,-40,-22.38,,,,,,,36,58,40,81,,0,0,0,0,0,0,4618174262.813965,138185952.0,0.0209,0.475,973992,1183224,0,59.7,,2026-06-11
1582,EVER,Communication Services,Internet Content & Information,NASDAQ,1112345,19.82,85.38,-3,-30,-31.01,,,,,,,36,39,12,72,,0,0,0,0,0,0,683411720.1649323,35373278.0,0.21270001,0.145,767095,928385,0,41.0,,2026-06-11
1583,AS,Consumer Cyclical,Leisure,NYSE,4659197,33.76,85.35,0,4,-21.05,,,,,,,36,36,40,74,,0,0,0,0,0,0,19840130130.610046,581822024.0,0.0799,0.321,4000413,4252024,0,50.0,,2026-06-11
1584,GDS,Technology,Information Technology Services,NASDAQ,2687439,33.48,85.34,-33,-20,-31.13,,,,,,,36,69,82,74,,0,0,0,0,0,0,6812838842.0,200377613.0,0.0795,0.236,3169558,2153013,0,75.0,,2026-06-11
1585,CRMD,Healthcare,Biotechnology,NASDAQ,1325327,8.77,85.32,15,4,-49.68,,,,,,,36,21,10,56,,0,0,0,0,0,0,655857781.8256807,78451891.0,0.2007,2.261,1215652,1202694,0,29.0,,2026-06-11
1586,MSI,Technology,Communication Equipment,NYSE,1228779,411.64,85.32,3,45,-16.37,,,,,,,36,33,75,22,,0,0,0,0,0,0,68114626509.98602,165995582.0,0.023599999,0.074,1078427,1061785,0,43.3,,2026-06-11
1587,PTY,Financial Services,Asset Management,NYSE,1015800,11.8,85.31,0,4,-19.67,,,,,,,36,36,40,37,,0,0,0,0,0,0,2511985797.314684,211981917.0,0.22,0.072,968390,1041064,0,37.7,,2026-06-11
1588,GXO,Industrials,Integrated Freight & Logistics,NYSE,1527998,47.8,85.28,0,33,-28.5,,,,,,,36,36,69,69,,0,0,0,0,0,0,5600565347.630043,115048589.0,0.0533,0.108,1065484,1331076,0,58.0,,2026-06-11
1589,CGBD,Financial Services,Asset Management,NASDAQ,550068,10.98,85.23,1,-7,-24.22,,,,,,,36,35,27,31,,0,0,0,0,0,0,739449465.7799454,69497128.0,0.0481,0.168,531596,690489,0,31.0,,2026-06-11
1590,EOSE,Industrials,Electrical Equipment & Parts,NASDAQ,28024429,6.07,85.22,7,5,-69.44,,,,,,,36,29,27,98,,0,0,0,1,0,1,2403759285.2571354,339514027.0,0.31309998,4.447,21606359,27591715,1,51.3,,2026-06-11
1591,HAYW,Industrials,Electrical Equipment & Parts,NYSE,2765804,14.11,85.21,9,21,-20.42,,,,,,,36,27,39,61,,0,0,0,0,0,0,3052669231.2281494,216962992.0,0.0554,0.115,2042263,2546900,0,42.3,,2026-06-11
1592,EMBJ,Industrials,Aerospace & Defense,NYSE,1765286,53.82,85.16,-1,20,-33.35,,,,,,,36,37,58,82,,0,0,0,0,0,0,10086672814.108543,177958235.0,0.0147,0.184,1352590,1635584,0,59.0,,2026-06-11
1593,TKC,Communication Services,Telecom Services,NYSE,1444979,5.72,85.15,-8,-1,-20.33,,,,,,,35,43,50,40,,0,0,0,0,0,0,5023229400.335061,870577022.0,0.0029,0.089,2272387,1281097,0,44.3,,2026-06-11
1594,PFLT,Financial Services,Asset Management,NYSE,1122941,8.08,85.12,-5,-14,-25.74,,,,,,,35,40,31,36,,0,0,0,0,0,0,802672793.7794495,99217896.0,0.045,0.065,1066163,1075738,0,35.7,,2026-06-11
1595,PCRX,Healthcare,Drug Manufacturers - Specialty & Generic,NASDAQ,551463,23.42,85.1,-5,-11,-15.27,,,,,,,35,40,34,64,,0,0,0,0,0,0,895165271.0,39347924.0,0.2567,0.05,381469,528145,0,46.0,,2026-06-11
1596,SPRC,Healthcare,Biotechnology,NASDAQ,1560355,8.66,85.09,29,24,-89.19,,,,,,,35,6,1,3,,0,0,0,0,0,0,6557899.6794576645,573243.0,0.0126,-0.345,4636477,1338771,0,3.3,,2026-06-11
1597,MFIC,Financial Services,Asset Management,NASDAQ,643530,10.23,85.02,-5,-10,-24.28,,,,,,,35,40,35,43,,0,0,0,0,0,0,863265103.7328033,82372628.0,0.026400002,-0.087,525570,779348,0,39.3,,2026-06-11
1598,SCI,Consumer Cyclical,Personal Services,NYSE,1565745,73.84,85.01,-2,13,-16.72,,,,,,,35,37,52,40,,0,0,0,0,0,0,9613819182.745407,137970998.0,0.0573,0.021,2075197,1398167,0,43.0,,2026-06-11
1599,ORLY,Consumer Cyclical,Auto Parts,NASDAQ,6840810,90.46,85.0,-2,2,-16.8,,,,,,,35,37,41,43,,0,0,0,0,0,0,74857834603.49263,828715079.0,0.0242,0.102,8019180,5947200,0,40.3,,2026-06-11
1600,RDAC,Financial Services,Shell Companies,NASDAQ,633725,7.2,84.9,-18,-60,-69.99,,,,,,,35,53,11,34,,0,0,0,0,0,0,41657210.0,5951030.0,0.0028,,3037,381503,0,32.7,,2026-06-11
1601,KR,Consumer Defensive,Grocery Stores,NYSE,6429840,64.46,84.9,0,39,-15.83,,,,,,,35,35,74,38,,0,0,0,0,0,0,39194762048.73061,616560677.0,0.0419,0.012,8443451,5785490,0,49.0,,2026-06-11
1602,KMB,Consumer Defensive,Household & Personal Products,NASDAQ,4588491,101.58,84.85,9,13,-26.1,,,,,,,35,26,30,21,,0,0,0,0,0,0,32873951343.88733,331926000.0,0.1455,0.027,5114143,4681882,0,25.7,,2026-06-11
1603,VSNT,Communication Services,Entertainment,NASDAQ,1813167,39.49,84.8,-29,-66,-33.07,,,,,,,35,64,27,55,,0,0,0,0,0,0,5686805028.532047,141498015.0,0.0321,-0.011,1552351,1894102,0,48.7,,2026-06-11
1604,BHVN,Healthcare,Biotechnology,NYSE,2505878,11.07,84.78,16,12,-40.37,,,,,,,35,19,15,9,,0,0,0,0,0,0,1626058720.7172298,150560990.0,0.205,,3250765,2316505,0,14.3,,2026-06-11
1605,FNF,Financial Services,Insurance - Specialty,NYSE,1508856,47.6,84.75,9,13,-19.61,,,,,,,35,26,30,41,,0,0,0,0,0,0,12758067806.701813,269157540.0,0.0279,0.167,1338958,1610243,0,32.3,,2026-06-11
1606,SNN,Healthcare,Medical Devices,NYSE,1305925,30.9,84.69,4,32,-20.34,,,,,,,35,31,59,61,,0,0,0,0,0,0,12984585486.157608,424194225.0,0.0076,0.074,1233966,1194181,0,50.3,,2026-06-11
1607,AR,Energy,Oil & Gas E&P,NYSE,4506149,35.64,84.67,-18,0,-22.1,,,,,,,35,53,71,34,,0,0,0,0,0,0,11017768585.494995,309836000.0,0.039,0.343,4622619,4907185,0,52.7,,2026-06-11
1608,BXSL,Financial Services,Asset Management,NYSE,2071412,23.93,84.65,3,0,-27.06,,,,,,,35,32,29,39,,0,0,0,0,0,0,5483607639.710243,232652003.0,0.0579,-0.09,1511768,2323713,0,33.3,,2026-06-11
1609,RUN,Technology,Solar,NASDAQ,8705763,11.9,84.63,0,31,-46.97,,,,,,,35,35,66,94,,0,0,0,0,0,0,3185825618.6858025,238549287.0,0.2987,0.432,8999889,8606019,1,65.0,,2026-06-11
1610,EHC,Healthcare,Medical Care Facilities,NYSE,919037,103.35,84.63,1,3,-19.25,,,,,,,35,34,36,38,,0,0,0,0,0,0,10317696522.712095,99199080.0,0.0387,0.09,774142,930360,0,36.0,,2026-06-11
1611,PAGS,Technology,Software - Infrastructure,NYSE,3509891,8.55,84.62,-9,7,-30.6,,,,,,,35,44,60,65,,0,0,0,0,0,0,2384299887.030284,279519339.0,0.13260001,0.015,2881234,3581216,0,56.3,,2026-06-11
1612,EYPT,Healthcare,Biotechnology,NASDAQ,964026,12.33,84.57,-49,-53,-35.48,,,,,,,35,84,80,94,,0,0,0,0,0,0,987650468.051958,83841298.0,0.17790002,1.617,1118830,945818,1,86.0,,2026-06-11
1613,REGN,Healthcare,Biotechnology,NASDAQ,1123804,601.65,84.55,-29,-17,-26.73,,,,,,,35,64,76,78,,0,0,0,0,0,0,66619964164.17334,104839032.0,0.027999999,0.19,1174324,939636,0,72.7,,2026-06-11
1614,CBRE,Real Estate,Real Estate Services,NYSE,2554339,134.06,84.54,-4,-7,-23.07,,,,,,,35,39,36,67,,0,0,0,0,0,0,38338472543.81732,292816579.0,0.0137,0.186,3032858,2295373,0,47.3,,2026-06-11
1615,GOF,Financial Services,Asset Management,NYSE,1345367,10.93,84.47,1,-1,-28.09,,,,,,,35,34,32,26,,0,0,0,0,0,0,2334594799.7328186,212043120.0,0.63,,1240011,1264066,0,30.7,,2026-06-11
1616,CNH,Industrials,Farm & Heavy Construction Machinery,NYSE,13859976,10.18,84.47,5,15,-28.66,,,,,,,35,30,40,22,,0,0,0,0,0,0,13329468272.75,1239950537.0,0.067,-0.001,11524860,14515476,0,30.7,,2026-06-11
1617,METC,Basic Materials,Coking Coal,NASDAQ,1547727,14.28,84.46,-13,-4,-75.29,,,,,,,35,48,57,51,,0,0,0,0,0,0,1019986581.0877628,65174863.0,0.4756,-0.097,1710993,1580208,0,52.0,,2026-06-11
1618,CWST,Industrials,Waste Management,NASDAQ,696648,91.03,84.45,12,20,-23.45,,,,,,,35,23,31,42,,0,0,0,0,0,0,5464094028.961067,63609941.0,0.0864,0.096,608145,770225,0,32.0,,2026-06-11
1619,REXR,Real Estate,REIT - Industrial,NYSE,1892639,34.58,84.4,-1,-5,-22.08,,,,,,,35,36,32,52,,0,0,0,0,0,0,7690216245.446297,225718119.0,0.0618,-0.029,2133239,2175247,0,40.0,,2026-06-11
1620,HII,Industrials,Aerospace & Defense,NYSE,575041,289.13,84.39,-28,1,-37.15,,,,,,,35,63,92,88,,0,0,0,0,0,0,11546956994.86435,39404029.0,0.026300002,0.134,558153,510518,1,81.0,,2026-06-11
1621,ARE,Real Estate,REIT - Office,NYSE,2235384,52.31,84.39,14,17,-40.72,,,,,,,35,21,24,9,,0,0,0,0,0,0,8936538721.668701,174269480.0,0.0579,-0.115,2562652,2386200,0,18.0,,2026-06-11
1622,RSG,Industrials,Waste Management,NYSE,1871088,212.59,84.33,4,20,-16.1,,,,,,,34,30,46,34,,0,0,0,0,0,0,64621762767.86418,307664087.0,0.016,0.026,1800866,1784831,0,36.7,,2026-06-11
1623,ADP,Technology,Software - Application,NASDAQ,2846046,231.1,84.31,8,3,-29.08,,,,,,,34,26,21,29,,0,0,0,0,0,0,92718365490.00778,399734282.0,0.046,0.07,2654328,2874815,0,25.3,,2026-06-11
1624,WPM,Basic Materials,Gold,NYSE,2020340,107.52,84.3,-47,-40,-35.14,,,,,,,34,81,88,86,,0,0,0,0,0,0,52782960618.93777,454125089.0,1.37,0.916,1977940,2073818,0,85.0,,2026-06-11
1625,BOOT,Consumer Cyclical,Apparel Retail,NYSE,781971,165.19,84.29,9,29,-21.43,,,,,,,34,25,45,86,,0,0,0,0,0,0,5086236660.026276,30347473.0,0.1144,0.187,682574,755408,0,52.0,,2026-06-11
1626,HSY,Consumer Defensive,Confectioners,NYSE,1962579,176.61,84.16,-15,17,-26.25,,,,,,,34,49,81,61,,0,0,0,0,0,0,37440829975.17731,202843372.0,0.0828,0.106,1889649,1948485,0,63.7,,2026-06-11
1627,EGO,Basic Materials,Gold,NYSE,3293106,27.94,84.15,-45,-33,-45.39,,,,,,,34,79,91,93,,0,0,0,0,0,0,7709258208.454628,260535930.0,1.63,0.499,2572418,3211959,2,87.7,,2026-06-11
1628,TRIP,Consumer Cyclical,Travel Services,NASDAQ,3701612,11.57,84.14,21,22,-42.61,,,,,,,34,13,14,37,,0,0,0,0,0,0,1380043424.390563,116361169.0,0.3254,-0.04,3984878,3634903,0,21.3,,2026-06-11
1629,CLB,Energy,Oil & Gas Equipment & Services,NYSE,577346,13.42,84.07,2,38,-34.09,,,,,,,34,32,68,70,,0,0,0,0,0,0,596030112.327591,46096682.0,0.2618,-0.014,569878,473283,0,56.7,,2026-06-11
1630,AMCR,Consumer Cyclical,Packaging & Containers,NYSE,4155771,38.17,84.07,10,25,-25.07,,,,,,,34,24,39,33,,0,0,0,0,0,0,17629241653.538475,462345690.0,0.0728,0.774,3572914,4130900,0,32.0,,2026-06-11
1631,PPTA,Basic Materials,Other Precious Metals & Mining,NASDAQ,1676022,21.36,84.05,-55,-49,-42.84,,,,,,,34,89,95,95,,0,0,0,0,0,0,2833390445.230234,125094503.0,0.121800005,,1901386,1526671,2,93.0,,2026-06-11
1632,HCAI,Industrials,Farm & Heavy Construction Machinery,NASDAQ,2245074,9.19,84.05,10,-11,-77.24,,,,,,,34,24,3,2,,0,0,0,0,0,0,7846875.0,1162500.0,0.0228,,237144,1848911,0,9.7,,2026-06-11
1633,OBDC,Financial Services,Asset Management,NYSE,3556037,11.12,84.0,1,-2,-26.77,,,,,,,34,33,30,36,,0,0,0,0,0,0,5469285999.670593,496305424.0,0.04,-0.146,3595381,4101776,0,33.0,,2026-06-11
1634,AWK,Utilities,Utilities - Regulated Water,NYSE,1976786,126.46,83.95,-7,7,-14.48,,,,,,,34,41,55,41,,0,0,0,0,0,0,24306566687.249542,195280521.0,0.0732,0.057,2364889,1929997,0,45.7,,2026-06-11
1635,MLM,Basic Materials,Building Materials,NYSE,551248,552.87,83.95,0,21,-22.24,,,,,,,34,34,55,69,,0,0,0,0,0,0,34576231623.17505,60045900.0,0.031600002,0.172,546605,492769,0,52.7,,2026-06-11
1636,AMRZ,Basic Materials,Building Materials,NYSE,3394860,50.51,83.94,-8,7,-23.4,,,,,,,34,42,57,60,,0,0,0,0,0,0,29658492523.775803,553536609.0,0.0146,0.047,4396702,3018846,0,53.0,,2026-06-11
1637,SPRY,Healthcare,Biotechnology,NASDAQ,1745208,9.26,83.93,14,17,-51.01,,,,,,,34,20,23,32,,0,0,0,0,0,0,850035964.389307,99303262.0,0.3765,1.845,1616224,1677510,0,25.0,,2026-06-11
1638,BAM,Financial Services,Asset Management,NYSE,3196872,45.7,83.93,4,2,-28.71,,,,,,,34,30,28,38,,0,0,0,0,0,0,73739598055.60056,1596786435.0,0.056900002,0.238,3279836,3352569,0,32.0,,2026-06-11
1639,BJ,Consumer Defensive,Discount Stores,NYSE,2399970,92.49,83.92,4,17,-19.87,,,,,,,34,30,43,31,,0,0,0,0,0,0,11391580463.362663,127693987.0,0.0637,0.099,2570282,2198112,0,34.7,,2026-06-11
1640,COO,Healthcare,Medical Instruments & Supplies,NASDAQ,3153275,67.69,83.83,16,36,-24.65,,,,,,,34,18,38,64,,0,0,0,0,0,0,13139002846.789734,195114398.0,0.0299,0.079,4785406,2694003,0,40.0,,2026-06-11
1641,CDW,Technology,Information Technology Services,NASDAQ,2385247,129.3,83.83,21,30,-29.69,,,,,,,34,13,22,26,,0,0,0,0,0,0,16996318263.320295,127753451.0,0.0795,0.092,2346151,2000920,0,20.3,,2026-06-11
1642,CAE,Industrials,Aerospace & Defense,NYSE,941090,25.38,83.82,5,29,-25.88,,,,,,,34,29,53,70,,0,0,0,0,0,0,8204226868.5,321734387.0,4.23,0.04,730551,953388,0,50.7,,2026-06-11
1643,RWT,Real Estate,REIT - Mortgage,NYSE,1076249,5.11,83.78,-13,1,-26.69,,,,,,,34,47,61,38,,0,0,0,0,0,0,667399868.6567974,125215737.0,0.0002,-0.134,1034457,1153719,0,48.7,,2026-06-11
1644,CHDN,Consumer Cyclical,Gambling,NASDAQ,857829,88.66,83.75,5,2,-25.16,,,,,,,34,29,26,66,,0,0,0,0,0,0,6058055115.74115,69696908.0,0.0622,0.031,718267,931707,0,40.3,,2026-06-11
1645,IDXX,Healthcare,Diagnostics & Research,NASDAQ,646101,556.94,83.68,9,37,-27.67,,,,,,,34,25,53,85,,0,0,0,0,0,0,44344863475.08014,78882997.0,0.0293,0.143,679935,603053,0,54.3,,2026-06-11
1646,ZBH,Healthcare,Medical Devices,NYSE,2357354,88.17,83.66,6,20,-18.58,,,,,,,34,28,42,29,,0,0,0,0,0,0,16895078907.300385,193462482.0,0.0622,0.093,2144862,2346146,0,33.0,,2026-06-11
1647,NVO,Healthcare,Drug Manufacturers - General,NYSE,15488964,42.81,83.6,-3,-25,-47.43,,,,,,,33,36,14,13,,0,0,0,0,0,0,190309596283.4821,4429925520.0,0.0068,0.24,14628713,15838060,0,21.0,,2026-06-11
1648,DHR,Healthcare,Diagnostics & Research,NYSE,4689133,183.63,83.57,13,28,-24.37,,,,,,,33,20,35,66,,0,0,0,0,0,0,130442128716.04454,707770627.0,0.013300001,0.037,4484620,4628752,0,40.3,,2026-06-11
1649,ENVX,Industrials,Electrical Equipment & Parts,NASDAQ,7879012,6.28,83.49,1,-19,-61.92,,,,,,,33,32,12,25,,0,0,0,0,0,0,1588157088.9704132,218153440.0,0.26049998,0.491,8220527,7014061,0,23.0,,2026-06-11
1650,NMFC,Financial Services,Asset Management,NASDAQ,524399,7.95,83.41,0,-7,-27.99,,,,,,,33,33,26,35,,0,0,0,0,0,0,739562206.4938545,94452390.0,0.045700002,-0.197,450539,643163,0,31.3,,2026-06-11
1651,BX,Financial Services,Asset Management,NYSE,5139143,118.48,83.36,7,0,-37.67,,,,,,,33,26,19,32,,0,0,0,0,0,0,140987918796.8262,1222261991.0,0.0248,0.057,5869799,5771829,0,25.7,,2026-06-11
1652,ROAD,Industrials,Engineering & Construction,NASDAQ,594090,104.26,83.3,-26,-10,-30.95,,,,,,,33,59,75,66,,0,0,0,0,0,0,6251046405.686966,56534742.0,0.053400002,0.346,584952,543850,0,66.7,,2026-06-11
1653,PGR,Financial Services,Insurance - Property & Casualty,NYSE,2996713,204.2,83.22,3,3,-26.73,,,,,,,33,30,30,31,,0,0,0,0,0,0,119045672492.98096,583500000.0,0.012,0.087,3371260,2863270,0,30.3,,2026-06-11
1654,AZ,Technology,Software - Application,NASDAQ,535432,5.93,83.21,-10,-29,-52.02,,,,,,,33,43,24,14,,0,0,0,0,0,0,285896496.2775345,44532164.0,0.0996,0.68,357398,476093,0,27.0,,2026-06-11
1655,LAZ,Financial Services,Capital Markets,NYSE,1524749,41.36,83.16,2,0,-29.6,,,,,,,33,31,29,50,,0,0,0,0,0,0,4563571136.681595,98437685.0,0.054899998,0.154,1903148,1441611,0,36.7,,2026-06-11
1656,RGLD,Basic Materials,Gold,NASDAQ,712305,197.07,83.12,-39,-27,-35.65,,,,,,,33,72,84,83,,0,0,0,0,0,0,17488461295.721558,84866602.0,0.033099998,1.43,660665,749893,0,79.7,,2026-06-11
1657,SSYS,Technology,Computer Hardware,NASDAQ,1159224,8.46,83.07,13,20,-33.96,,,,,,,33,20,27,28,,0,0,0,0,0,0,768303933.1169128,86814000.0,0.0438,-0.025,1287214,903354,0,25.0,,2026-06-11
1658,LOAR,Industrials,Aerospace & Defense,NYSE,805087,64.87,83.04,9,20,-28.32,,,,,,,33,24,35,27,,0,0,0,0,0,0,5925492855.305763,93624471.0,0.1649,0.361,684453,863874,0,28.7,,2026-06-11
1659,MHK,Consumer Cyclical,"Furnishings, Fixtures & Appliances",NYSE,854433,101.75,83.04,10,21,-28.91,,,,,,,33,23,34,32,,0,0,0,0,0,0,6269640531.902847,60953145.0,0.14649999,0.08,567310,877132,0,29.7,,2026-06-11
1660,AEM,Basic Materials,Gold,NYSE,2384385,152.48,83.01,-45,-33,-40.26,,,,,,,33,78,90,88,,0,0,0,0,0,0,81835932378.60739,500036237.0,0.0101,0.661,2818945,2287215,1,85.3,,2026-06-11
1661,RH,Consumer Cyclical,Specialty Retail,NYSE,849503,148.69,82.98,21,27,-42.14,,,,,,,33,12,18,14,,0,0,0,0,0,0,2771419850.758911,18900769.0,0.5729,0.037,852260,1203726,0,14.7,,2026-06-11
1662,AKTX,Healthcare,Biotechnology,NASDAQ,1559001,14.63,82.96,32,35,-71.87,,,,,,,33,1,4,2,,0,0,0,0,0,0,17248940.810699463,1144588.0,0.206,,292214,962512,0,2.3,,2026-06-11
1663,ACAD,Healthcare,Biotechnology,NASDAQ,1555988,21.25,82.96,-10,-16,-25.04,,,,,,,33,43,37,82,,0,0,0,0,0,0,3691845265.7501793,171235870.0,0.1058,0.097,1156374,1636178,0,54.0,,2026-06-11
1664,BEKE,Real Estate,Real Estate Services,NYSE,5651895,16.0,82.94,-19,-39,-23.74,,,,,,,33,52,32,23,,0,0,0,0,0,0,17914018738.764282,1114055897.0,0.0496,-0.19,4995726,4800635,0,35.7,,2026-06-11
1665,DT,Technology,Software - Application,NYSE,6171831,40.58,82.87,2,-3,-29.49,,,,,,,33,31,26,26,,0,0,0,0,0,0,12297360774.988997,291475733.0,0.0446,0.194,5236595,6198661,0,27.7,,2026-06-11
1666,WWW,Consumer Cyclical,Footwear & Accessories,NYSE,1229128,17.17,82.87,7,13,-47.65,,,,,,,33,26,32,29,,0,0,0,0,0,0,1303633670.6234722,81989541.0,0.1129,0.11,1068296,1091151,0,29.0,,2026-06-11
1667,YUMC,Consumer Cyclical,Restaurants,NYSE,1629201,43.79,82.85,-6,29,-25.0,,,,,,,33,39,74,51,,0,0,0,0,0,0,15052371312.545586,351034770.0,0.0117999995,0.097,1859683,1473894,0,54.7,,2026-06-11
1668,FDS,Financial Services,Financial Data & Stock Exchanges,NYSE,886656,249.08,82.76,10,-1,-45.07,,,,,,,33,23,12,19,,0,0,0,0,0,0,9312524505.853638,36431127.0,0.18110001,0.071,940029,941337,0,18.0,,2026-06-11
1669,IE,Basic Materials,Copper,NYSE ARCA,2007800,10.12,82.68,-47,-41,-53.04,,,,,,,32,79,85,93,,0,0,0,0,0,0,1818770367.3399296,158291593.0,0.0639,0.167,2199932,1981420,1,85.7,,2026-06-11
1670,SLGN,Consumer Cyclical,Packaging & Containers,NYSE,875891,39.36,82.68,7,21,-31.0,,,,,,,32,25,39,24,,0,0,0,0,0,0,3871049648.41816,105679758.0,0.09,0.065,947684,804646,0,29.3,,2026-06-11
1671,QLYS,Technology,Software - Infrastructure,NASDAQ,793601,110.2,82.67,16,16,-29.12,,,,,,,32,16,16,56,,0,0,0,0,0,0,3870349123.036888,35217007.0,0.1903,0.098,696964,843626,0,29.3,,2026-06-11
1672,TTWO,Communication Services,Electronic Gaming & Multimedia,NASDAQ,2461365,210.46,82.57,-19,-37,-20.52,,,,,,,32,51,33,65,,0,0,0,0,0,0,39805075767.24806,185666663.0,0.0397,0.061,2689376,2079209,0,49.7,,2026-06-11
1673,PRAA,Financial Services,Credit Services,NASDAQ,604620,15.24,82.56,-46,-75,-32.42,,,,,,,32,78,49,36,,0,0,0,0,0,0,610635625.6097565,38140888.0,0.030199999,0.167,609102,474036,0,54.3,,2026-06-11
1674,PAYX,Technology,Software - Application,NASDAQ,3118671,101.1,82.54,8,4,-36.57,,,,,,,32,24,20,24,,0,0,0,0,0,0,36018981829.5632,358290881.0,0.064,0.199,3138974,3271026,0,22.7,,2026-06-11
1675,CRNX,Healthcare,Biotechnology,NASDAQ,1231273,34.32,82.54,-5,0,-40.82,,,,,,,32,37,42,84,,0,0,0,0,0,0,3471091454.293213,105440208.0,0.1463,28.734,999120,1150578,0,54.3,,2026-06-11
1676,POST,Consumer Defensive,Packaged Foods,NYSE,863526,93.53,82.52,-3,-1,-20.25,,,,,,,32,35,37,29,,0,0,0,0,0,0,4098521465.811356,45322586.0,0.1633,0.047,895378,789609,0,33.7,,2026-06-11
1677,WCN,Industrials,Waste Management,NYSE,1705234,159.03,82.49,6,18,-17.48,,,,,,,32,26,38,39,,0,0,0,0,0,0,39438439470.79736,254080912.0,0.0085,0.064,1981273,1639582,0,34.3,,2026-06-11
1678,DIS,Communication Services,Entertainment,NYSE,8983732,98.61,82.42,-5,-8,-20.92,,,,,,,32,37,34,46,,0,0,0,0,0,0,173147552497.2163,1736511424.0,0.0148,0.065,8606428,8482173,0,39.0,,2026-06-11
1679,RYAAY,Industrials,Airlines,NASDAQ,1542403,55.75,82.35,-1,27,-24.91,,,,,,,32,33,61,86,,0,0,0,0,0,0,29672102454.161434,520745923.0,0.005,0.094,1139561,1513948,0,60.0,,2026-06-11
1680,DEO,Consumer Defensive,Beverages - Wineries & Distilleries,NYSE,1336850,79.78,82.35,11,15,-31.47,,,,,,,32,21,25,26,,0,0,0,0,0,0,44711036928.357216,555899997.0,0.0072000003,-0.04,1328441,1431318,0,24.0,,2026-06-11
1681,CNX,Energy,Oil & Gas E&P,NYSE,1703954,33.2,82.34,-20,8,-23.89,,,,,,,32,52,80,70,,0,0,0,0,0,0,4752232404.047768,141477594.0,0.1378,0.282,1545414,1818416,0,67.3,,2026-06-11
1682,KBH,Consumer Cyclical,Residential Construction,NYSE,1072967,52.16,82.31,13,27,-24.09,,,,,,,32,19,33,56,,0,0,0,0,0,0,3257704057.312012,62600000.0,0.17870001,-0.226,1117412,1097042,0,36.0,,2026-06-11
1683,LAND,Real Estate,REIT - Specialty,NASDAQ,567186,9.11,82.31,-6,37,-29.92,,,,,,,32,38,81,28,,0,0,0,0,0,0,399876051.4563561,43136573.0,0.0481,-0.018,497389,539653,0,49.0,,2026-06-11
1684,HLN,Healthcare,Drug Manufacturers - Specialty & Generic,NYSE,9527246,9.08,82.3,3,35,-19.5,,,,,,,32,29,61,48,,0,0,0,0,0,0,40337569879.9102,4422979209.0,0.0034,0.006,8992188,8420245,0,46.0,,2026-06-11
1685,AVY,Consumer Cyclical,Packaging & Containers,NYSE,688371,156.07,82.26,3,19,-21.79,,,,,,,32,29,45,59,,0,0,0,0,0,0,11869777384.067688,76490385.0,0.033800002,0.07,710445,655257,0,44.3,,2026-06-11
1686,SYM,Industrials,Specialty Industrial Machinery,NASDAQ,2464589,41.24,82.25,-29,-4,-53.07,,,,,,,32,61,86,95,,0,0,0,0,0,0,5600022450.454594,127215411.0,0.2746,0.231,3321308,2023775,1,80.7,,2026-06-11
1687,LW,Consumer Defensive,Packaged Foods,NYSE,1484182,44.13,82.24,11,9,-34.2,,,,,,,32,21,19,55,,0,0,0,0,0,0,5815626314.882336,138072803.0,0.0559,0.029,1300828,1869631,0,31.7,,2026-06-11
1688,APAM,Financial Services,Asset Management,NYSE,788681,34.53,82.19,4,9,-28.8,,,,,,,32,28,33,40,,0,0,0,0,0,0,2640239130.335598,70993257.0,0.1091,0.093,828324,782488,0,33.7,,2026-06-11
1689,PUK,Financial Services,Insurance - Life,NYSE,1148762,25.01,82.16,-34,-26,-26.51,,,,,,,32,66,74,86,,0,0,0,0,0,0,31893560119.788803,1251218533.0,0.001,0.188,1828058,1022795,0,75.3,,2026-06-11
1690,J,Industrials,Engineering & Construction,NYSE,1436545,121.76,82.13,10,32,-27.71,,,,,,,32,22,44,42,,0,0,0,0,0,0,14470812081.804243,118080879.0,0.0635,0.27,1242807,1160389,0,36.0,,2026-06-11
1691,GMAB,Healthcare,Biotechnology,NASDAQ,2051276,24.49,82.11,-26,-31,-30.88,,,,,,,32,58,53,86,,0,0,0,0,0,0,15440440871.80275,613934040.0,0.0167,0.253,1819070,1862184,0,65.7,,2026-06-11
1692,UPBD,Technology,Software - Application,NASDAQ,832883,18.08,82.06,2,1,-35.5,,,,,,,32,30,29,14,,0,0,0,0,0,0,1065026400.70475,58293726.0,0.1066,0.037,824661,817062,0,24.3,,2026-06-11
1693,CTAS,Industrials,Specialty Business Services,NASDAQ,2150828,180.4,81.99,10,32,-20.59,,,,,,,32,22,44,31,,0,0,0,0,0,0,71964620490.0917,400136881.0,0.0399,0.089,2483785,2129381,0,32.3,,2026-06-11
1694,BMNR,Financial Services,Capital Markets,NYSE,36379396,15.64,81.95,-40,-17,-90.29,,,,,,,32,72,95,99,,0,0,0,1,0,1,9056271204.823689,569576819.0,0.0463,6.278,41807328,38695825,2,88.7,,2026-06-11
1695,GLBE,Consumer Cyclical,Internet Retail,NASDAQ,1830726,32.73,81.94,6,19,-21.96,,,,,,,32,26,39,49,,0,0,0,0,0,0,5396792452.238529,167967391.0,0.031,0.328,1764170,1516178,0,38.0,,2026-06-11
1696,MCD,Consumer Cyclical,Restaurants,NYSE,4333614,282.52,81.92,3,38,-17.33,,,,,,,32,29,64,60,,0,0,0,0,0,0,198827956980.60983,710505859.0,0.0162,0.094,4410962,3825118,0,51.0,,2026-06-11
1697,FOXF,Consumer Cyclical,Auto Parts,NASDAQ,553820,17.65,81.89,11,10,-43.39,,,,,,,32,21,20,13,,0,0,0,0,0,0,730108069.1310539,41936133.0,0.1172,0.038,518741,516162,0,18.0,,2026-06-11
1698,SBSW,Basic Materials,Other Precious Metals & Mining,NYSE,4832286,9.08,81.88,-55,-47,-57.35,,,,,,,31,86,94,97,,0,0,0,1,0,1,7320507687.176835,723370333.0,0.0164,0.316,5326070,4842202,2,92.3,,2026-06-11
1699,SHW,Basic Materials,Specialty Chemicals,NYSE,2190998,303.91,81.84,3,16,-19.95,,,,,,,31,28,41,36,,0,0,0,0,0,0,75297852080.61127,246635621.0,0.0235,0.068,2222934,1962988,0,35.0,,2026-06-11
1700,KT,Communication Services,Telecom Services,NYSE,1600932,18.43,81.81,-11,18,-25.02,,,,,,,31,42,71,47,,0,0,0,0,0,0,8689330724.369019,479543616.0,0.0068,-0.01,2342908,1454305,0,53.3,,2026-06-11
1701,ADT,Industrials,Security & Protection Services,NYSE,13489878,6.7,81.8,6,8,-25.01,,,,,,,31,25,27,51,,0,0,0,0,0,0,5164143651.067268,760551352.0,0.0748,0.009,9459534,11120718,0,34.3,,2026-06-11
1702,AVO,Consumer Defensive,Food Distribution,NASDAQ,1346572,11.24,81.79,-15,-17,-27.62,,,,,,,31,46,44,61,,0,0,0,0,0,0,903218543.7193508,88377546.0,0.16059999,-0.166,2085476,1224547,0,50.3,,2026-06-11
1703,RDY,Healthcare,Drug Manufacturers - Specialty & Generic,NYSE,2361759,13.3,81.75,2,19,-17.75,,,,,,,31,29,46,37,,0,0,0,0,0,0,11021654160.867031,832451235.0,0.0294,-0.116,1450947,2462213,0,37.3,,2026-06-11
1704,KNF,Basic Materials,Building Materials,NYSE,548183,72.51,81.67,-8,0,-23.91,,,,,,,31,39,47,29,,0,0,0,0,0,0,4208866094.638825,56753855.0,0.0675,0.16,506120,513780,0,38.3,,2026-06-11
1705,DG,Consumer Defensive,Discount Stores,NYSE,4070233,109.96,81.67,1,52,-30.51,,,,,,,31,30,81,88,,0,0,0,0,0,0,22874834620.722977,220586647.0,0.0422,0.034,4668861,3593104,0,66.3,,2026-06-11
1706,MA,Financial Services,Credit Services,NYSE,3925835,489.08,81.66,1,6,-18.73,,,,,,,31,30,35,51,,0,0,0,0,0,0,433910347648.8707,883583855.0,0.0081,0.158,4241777,3623071,0,38.7,,2026-06-11
1707,ARRY,Technology,Solar,NASDAQ,5555931,6.84,81.64,-12,-24,-44.07,,,,,,,31,43,31,79,,0,0,0,0,0,0,1244455421.4920423,153826378.0,0.235,-0.261,6103363,5427230,0,51.0,,2026-06-11
1708,EQT,Energy,Oil & Gas E&P,NYSE,6386119,52.61,81.63,-15,16,-22.9,,,,,,,31,46,77,58,,0,0,0,0,0,0,33619442500.0,625478000.0,0.038900003,0.499,5819749,7098635,0,60.3,,2026-06-11
1709,LSPD,Technology,Software - Application,NYSE,1223940,9.53,81.6,4,0,-33.54,,,,,,,31,27,23,38,,0,0,0,0,0,0,1273142719.3432846,137786012.0,0.041300002,0.147,1522040,1084854,0,29.3,,2026-06-11
1710,ESTC,Technology,Software - Application,NYSE,2224957,60.78,81.53,18,19,-36.73,,,,,,,31,13,14,22,,0,0,0,0,0,0,6472593427.202835,104751470.0,0.060100004,0.16,3187742,2031176,0,16.3,,2026-06-11
1711,AJG,Financial Services,Insurance Brokers,NYSE,1873250,220.14,81.42,10,10,-32.85,,,,,,,31,21,21,23,,0,0,0,0,0,0,55535443723.17505,256942000.0,0.021300001,0.346,1654652,1835350,0,21.7,,2026-06-11
1712,MAIN,Financial Services,Asset Management,NYSE,737861,51.54,81.35,0,8,-23.95,,,,,,,31,31,39,55,,0,0,0,0,0,0,4817803634.482109,92989838.0,0.105900005,0.022,589324,723894,0,41.7,,2026-06-11
1713,NOC,Industrials,Aerospace & Defense,NYSE,876610,542.14,81.27,-5,45,-29.96,,,,,,,31,36,86,66,,0,0,0,0,0,0,77323027802.01416,142033476.0,0.0123000005,0.044,1157540,853542,0,62.7,,2026-06-11
1714,HMY,Basic Materials,Gold,NYSE,4639933,14.42,81.26,-22,-34,-44.67,,,,,,,31,53,41,91,,0,0,0,0,0,0,9919060573.485432,631385140.0,0.0163,0.195,4475570,4986514,1,61.7,,2026-06-11
1715,SPGI,Financial Services,Financial Data & Stock Exchanges,NYSE,2050009,426.38,81.22,-1,-4,-26.37,,,,,,,31,32,29,43,,0,0,0,0,0,0,125634240722.65623,296000000.0,0.0136,0.104,2119757,1932819,0,34.7,,2026-06-11
1716,TSSI,Technology,Information Technology Services,NASDAQ,1761518,11.85,81.21,-30,-16,-62.9,,,,,,,31,61,75,10,,0,0,0,0,0,0,375629534.4928093,28073956.0,0.18200001,-0.441,2109185,1710949,0,48.7,,2026-06-11
1717,HMC,Consumer Cyclical,Auto Manufacturers,NYSE,2024969,26.11,81.15,13,23,-25.16,,,,,,,31,18,28,52,,0,0,0,0,0,0,34643966923.7344,1297526814.0,0.0026,0.086,2155947,1997181,0,32.7,,2026-06-11
1718,QUBT,Technology,Computer Hardware,NASDAQ,26880015,9.53,81.08,-36,-90,-63.12,,,,,,,31,67,13,39,,0,0,0,0,0,0,2245200778.378046,225534987.0,0.29479998,93.641,21501665,22064737,0,39.7,,2026-06-11
1719,MRSH,Financial Services,Insurance Brokers,NYSE,2812173,167.15,81.06,4,7,-27.02,,,,,,,31,27,30,29,,0,0,0,0,0,0,79708083421.6961,481794501.0,0.0145000005,0.076,3040591,2876960,0,28.7,,2026-06-11
1720,NG,Basic Materials,Gold,NYSE ARCA,2921308,6.8,81.05,-52,-41,-52.78,,,,,,,31,83,94,96,,0,0,0,0,0,0,3216261867.143696,438780614.0,0.052399997,,2754316,2981543,2,91.0,,2026-06-11
1721,IBN,Financial Services,Banks - Regional,NYSE,7382130,26.77,81.04,9,19,-22.56,,,,,,,31,22,32,34,,0,0,0,0,0,0,93041757715.26147,3585424084.0,0.0155,0.669,7657290,7216902,0,29.3,,2026-06-11
1722,GENI,Communication Services,Internet Content & Information,NYSE,6719673,6.8,81.01,23,24,-50.47,,,,,,,30,7,8,46,,0,0,0,0,0,0,1585319969.1182263,267338957.0,0.091000006,0.305,6987730,5878858,0,20.3,,2026-06-11
1723,GAP,Consumer Cyclical,Apparel Retail,NYSE,8608077,21.1,80.98,1,25,-28.13,,,,,,,30,29,53,79,,0,0,0,0,0,0,7761145603.230509,359978933.0,0.13340001,0.01,11138582,7722804,0,53.7,,2026-06-11
1724,BHC,Healthcare,Drug Manufacturers - Specialty & Generic,NYSE,2005813,5.15,80.97,-1,-12,-40.74,,,,,,,30,31,20,45,,0,0,0,0,0,0,2005564165.5391045,373475644.0,0.02,0.117,2266491,1720960,0,32.0,,2026-06-11
1725,BOX,Technology,Software - Infrastructure,NYSE,2434664,26.48,80.96,3,-2,-29.48,,,,,,,30,27,22,32,,0,0,0,0,0,0,3696050717.396805,138532634.0,0.1234,0.136,2435133,2332322,0,27.0,,2026-06-11
1726,OR,Basic Materials,Gold,NYSE,800117,31.47,80.92,-45,-34,-34.52,,,,,,,30,75,86,87,,0,0,0,0,0,0,6350484713.412811,187495864.0,2.68,0.873,838272,885610,0,82.7,,2026-06-11
1727,ETD,Consumer Cyclical,"Furnishings, Fixtures & Appliances",NYSE,524966,21.35,80.9,11,23,-32.03,,,,,,,30,19,31,26,,0,0,0,0,0,0,525975829.0714016,25446339.0,0.1182,-0.048,529020,458252,0,25.3,,2026-06-11
1728,FSM,Basic Materials,Gold,NYSE,5379592,8.09,80.87,-51,-47,-41.59,,,,,,,30,81,85,89,,0,0,0,0,0,0,2632699565.9040213,302957387.0,3.16,0.756,5180556,5643263,0,85.0,,2026-06-11
1729,LOW,Consumer Cyclical,Home Improvement Retail,NYSE,3016869,216.19,80.78,1,24,-26.23,,,,,,,30,29,52,50,,0,0,0,0,0,0,118163404900.39577,560707041.0,0.0198,0.103,2965879,2775927,0,43.7,,2026-06-11
1730,GFI,Basic Materials,Gold,NYSE,3228549,33.53,80.73,-50,-39,-45.6,,,,,,,30,80,91,94,,0,0,0,0,0,0,32753605979.45793,894418540.0,0.0052,0.714,3799457,3134681,2,88.3,,2026-06-11
1731,ARDT,Healthcare,Medical Care Facilities,NYSE,540038,9.32,80.7,2,2,-39.79,,,,,,,30,28,28,12,,0,0,0,0,0,0,1244278312.8269577,143350031.0,0.0865,0.07,763585,459297,0,22.7,,2026-06-11
1732,HD,Consumer Cyclical,Home Improvement Retail,NYSE,5229494,318.92,80.68,7,23,-25.27,,,,,,,30,23,39,32,,0,0,0,0,0,0,309883921214.77655,997116682.0,0.0139,0.048,4951954,4563748,0,31.3,,2026-06-11
1733,SARO,Industrials,Aerospace & Defense,NYSE,4131142,24.77,80.66,-3,2,-28.16,,,,,,,30,33,38,39,,0,0,0,0,0,0,8514607405.844788,332471972.0,0.0799,0.133,4139758,3907807,0,36.7,,2026-06-11
1734,RDNT,Healthcare,Diagnostics & Research,NASDAQ,831153,58.16,80.65,6,36,-32.25,,,,,,,30,24,54,63,,0,0,0,0,0,0,4272984396.238632,78634236.0,0.1362,0.221,746350,805314,0,47.0,,2026-06-11
1735,WNC,Industrials,Farm & Heavy Construction Machinery,NYSE,817240,8.26,80.63,15,25,-36.17,,,,,,,30,15,25,22,,0,0,0,0,0,0,298546923.9863548,40673967.0,0.0845,-0.204,611600,719638,0,20.7,,2026-06-11
1736,MLYS,Healthcare,Biotechnology,NASDAQ,1641470,23.76,80.59,-52,-62,-50.14,,,,,,,30,82,72,95,,0,0,0,0,0,0,2088474414.5917072,88158479.0,0.1328,,2559780,1470692,1,83.0,,2026-06-11
1737,RITM,Real Estate,REIT - Mortgage,NYSE,5155285,9.16,80.57,-1,-2,-28.1,,,,,,,30,31,30,42,,0,0,0,0,0,0,5097339294.503119,558306597.0,0.0519,0.646,4880716,5620451,0,34.3,,2026-06-11
1738,PHAT,Healthcare,Biotechnology,NASDAQ,1347193,9.82,80.57,-60,-79,-46.37,,,,,,,30,90,71,92,,0,0,0,0,0,0,807927813.0173445,79755953.0,0.1359,1.044,1336790,1253934,2,84.3,,2026-06-11
1739,CLX,Consumer Defensive,Household & Personal Products,NYSE,3379840,99.32,80.55,13,38,-24.77,,,,,,,30,17,42,18,,0,0,0,0,0,0,11383535909.335464,120921351.0,0.08939999,0.001,2781841,2964126,0,25.7,,2026-06-11
1740,STE,Healthcare,Medical Devices,NYSE,850495,208.1,80.54,4,12,-22.77,,,,,,,30,26,34,63,,0,0,0,0,0,0,20725888285.46829,97602485.0,0.0254,0.073,840895,754447,0,41.0,,2026-06-11
1741,BRZE,Technology,Software - Application,NASDAQ,3314919,21.66,80.53,6,-6,-41.97,,,,,,,30,24,12,50,,0,0,0,0,0,0,2580391519.603771,112631669.0,0.1291,0.302,3884798,3167659,0,28.7,,2026-06-11
1742,MDT,Healthcare,Medical Devices,NYSE,11593919,80.25,80.5,7,24,-24.53,,,,,,,30,23,40,66,,0,0,0,0,0,0,104854882659.01642,1283884964.0,0.0114,0.099,14648309,10206651,0,43.0,,2026-06-11
1743,WEAV,Healthcare,Health Information Services,NYSE,1344886,5.58,80.46,11,4,-44.42,,,,,,,30,19,12,17,,0,0,0,0,0,0,452728467.70278215,79565635.0,0.0583,0.174,877409,1278075,0,16.0,,2026-06-11
1744,TAP,Consumer Defensive,Beverages - Brewers,NYSE,3459127,40.9,80.45,7,13,-25.39,,,,,,,30,23,29,35,,0,0,0,0,0,0,7325756379.162598,187551360.0,0.1967,0.02,3416923,3199406,0,29.0,,2026-06-11
1745,CION,Financial Services,Asset Management,NYSE,537395,6.98,80.45,10,9,-36.14,,,,,,,30,20,19,58,,0,0,0,0,0,0,334583480.753808,49789210.0,0.024,-0.117,451355,549917,0,32.3,,2026-06-11
1746,AGI,Basic Materials,Gold,NYSE,3415399,33.01,80.39,-53,-47,-40.43,,,,,,,30,83,89,88,,0,0,0,0,0,0,14917171590.964909,419965411.0,2.42,0.792,3846448,3175675,0,86.7,,2026-06-11
1747,AMPH,Healthcare,Drug Manufacturers - Specialty & Generic,NASDAQ,713336,20.29,80.33,19,29,-35.09,,,,,,,30,11,21,27,,0,0,0,0,0,0,870394210.9679317,44092919.0,0.17940001,0.004,602809,607499,0,19.7,,2026-06-11
1748,RACE,Consumer Cyclical,Auto Manufacturers,NYSE,700870,346.56,80.32,9,13,-33.24,,,,,,,30,21,25,20,,0,0,0,0,0,0,61098320528.14966,176080931.0,0.0273,0.032,642981,658262,0,22.0,,2026-06-11
1749,COF,Financial Services,Credit Services,NYSE,4678752,177.63,80.27,2,6,-31.59,,,,,,,29,27,31,78,,0,0,0,0,0,0,112429635965.15788,622292783.0,0.016,0.463,5103266,4498751,0,45.3,,2026-06-11
1750,PDYN,Technology,Software - Infrastructure,NASDAQ,1886228,6.19,80.18,-12,11,-52.38,,,,,,,29,41,64,15,,0,0,0,0,0,0,324567820.3433275,47244225.0,0.16219999,1.069,2534624,1579124,0,40.0,,2026-06-11
1751,UL,Consumer Defensive,Household & Personal Products,NYSE,4218410,58.64,80.04,5,26,-21.79,,,,,,,29,24,45,37,,0,0,0,0,0,0,122823725581.51865,2165439403.0,0.83,,4834462,4754100,0,35.3,,2026-06-11
1752,DKNG,Consumer Cyclical,Gambling,NASDAQ,13115058,28.79,80.02,9,4,-40.98,,,,,,,29,20,15,24,,0,0,0,0,0,0,12368491559.2165,496128817.0,0.0805,0.168,15792224,12431018,0,19.7,,2026-06-11
1753,NFG,Energy,Oil & Gas Integrated,NYSE,899937,77.13,80.01,-10,25,-20.53,,,,,,,29,39,74,58,,0,0,0,0,0,0,7357637552.025055,95035362.0,0.0588,0.176,707962,812682,0,57.0,,2026-06-11
1754,ALK,Industrials,Airlines,NYSE,3345248,41.68,79.98,13,17,-36.73,,,,,,,29,16,20,36,,0,0,0,0,0,0,4771388803.954575,111428978.0,0.1262,0.052,3337785,3973849,0,24.0,,2026-06-11
1755,BNTX,Healthcare,Biotechnology,NASDAQ,952570,86.15,79.95,1,9,-30.52,,,,,,,29,28,36,29,,0,0,0,0,0,0,22274046171.92491,252884261.0,0.0358,-0.354,1036952,923066,0,31.0,,2026-06-11
1756,GME,Consumer Cyclical,Specialty Retail,NYSE,8929825,22.42,79.93,-4,19,-26.73,,,,,,,29,33,56,27,,0,0,0,0,0,0,9781468406.27576,448691227.0,0.1415,0.141,6879466,8158429,0,38.7,,2026-06-11
1757,MBC,Consumer Cyclical,"Furnishings, Fixtures & Appliances",NYSE,4177377,8.8,79.93,18,23,-38.12,,,,,,,29,11,16,27,,0,0,0,0,0,0,1082749636.282225,127984590.0,0.221,-0.064,4777213,3236188,0,18.0,,2026-06-11
1758,NOMD,Consumer Defensive,Packaged Foods,NYSE,1650526,10.31,79.93,15,18,-43.75,,,,,,,29,14,17,21,,0,0,0,0,0,0,1385330463.4595604,139791169.0,0.0148,-0.059,1177748,1397737,0,17.3,,2026-06-11
1759,JBTM,Industrials,Specialty Industrial Machinery,NYSE,546302,119.0,79.89,-1,9,-30.08,,,,,,,29,30,40,76,,0,0,0,0,0,0,6456408688.0,52067812.0,0.047199998,0.096,381988,478127,0,48.7,,2026-06-11
1760,HLMN,Industrials,Tools & Accessories,NASDAQ,1542332,7.44,79.76,8,24,-31.43,,,,,,,29,21,37,46,,0,0,0,0,0,0,1432330161.2240124,196209606.0,0.0233,0.03,2294428,1450175,0,34.7,,2026-06-11
1761,ALRM,Technology,Software - Application,NASDAQ,511361,46.15,79.71,6,11,-23.06,,,,,,,29,23,28,28,,0,0,0,0,0,0,2244026597.880398,49460583.0,0.0764,0.11,532694,483920,0,26.3,,2026-06-11
1762,MDLN,Healthcare,Medical Instruments & Supplies,NASDAQ,11721247,36.54,79.65,-2,19,-28.18,,,,,,,29,31,52,44,,0,0,0,0,0,0,28420824461.187057,845606187.0,0.0572,0.107,14609333,9361218,0,42.3,,2026-06-11
1763,BBNX,Healthcare,Medical Devices,NASDAQ,768860,13.72,79.6,18,15,-58.06,,,,,,,29,11,8,89,,0,0,0,0,0,0,618961958.8490438,44561695.0,0.1283,0.566,885561,954640,0,36.0,,2026-06-11
1764,SDGR,Healthcare,Health Information Services,NASDAQ,1407491,14.15,79.5,8,1,-48.79,,,,,,,29,21,14,26,,0,0,0,0,0,0,1074484019.6711082,74720724.0,0.24520001,-0.016,1529204,1428686,0,20.3,,2026-06-11
1765,PINS,Communication Services,Internet Content & Information,NYSE,22207414,21.77,79.5,6,-5,-45.48,,,,,,,29,23,12,18,,0,0,0,0,0,0,11998569987.076612,560157327.0,0.1899,0.178,26483653,18649434,0,17.7,,2026-06-11
1766,UFPI,Basic Materials,Lumber & Wood Production,NASDAQ,536318,82.08,79.48,9,26,-30.44,,,,,,,29,20,37,29,,0,0,0,0,0,0,4524066336.818008,56480230.0,0.035099998,-0.084,456354,462570,0,28.7,,2026-06-11
1767,MSFT,Technology,Software - Infrastructure,NASDAQ,36575271,397.36,79.46,-1,0,-28.46,,,,,,,29,30,31,55,,0,0,0,0,0,0,3095205987862.728,7428434704.0,0.0104,0.183,41601053,34996478,0,38.7,,2026-06-11
1768,PGY,Technology,Software - Infrastructure,NASDAQ,4215938,14.5,79.43,9,0,-67.77,,,,,,,29,20,11,83,,0,0,0,0,0,0,1206599494.2939892,82870842.0,0.2008,0.096,4686246,3778463,0,38.0,,2026-06-11
1769,CBZ,Industrials,Specialty Business Services,NYSE,784124,34.2,79.43,16,9,-56.1,,,,,,,29,13,6,22,,0,0,0,0,0,0,1820301493.1322937,53648732.0,0.0907,0.013,575914,830060,0,13.7,,2026-06-11
1770,APTV,Consumer Cyclical,Auto Parts,NYSE,4277508,65.2,79.42,14,42,-26.68,,,,,,,29,15,43,66,,0,0,0,0,0,0,14517167829.292702,211620527.0,0.0555,0.054,5241724,3666150,0,41.3,,2026-06-11
1771,SOC,Energy,Oil & Gas Drilling,NYSE,3401106,11.88,79.41,-52,-44,-63.08,,,,,,,29,81,89,2,,0,0,0,0,0,0,1890945647.5,154362910.0,0.22129999,,4523959,3622205,0,57.3,,2026-06-11
1772,BDC,Technology,Communication Equipment,NYSE,606238,105.83,79.35,2,21,-33.85,,,,,,,29,27,46,48,,0,0,0,0,0,0,4136635976.3391113,38944040.0,0.0686,0.114,591914,493950,0,40.3,,2026-06-11
1773,BRSL,Consumer Cyclical,Gambling,NYSE,1607005,11.75,79.34,8,20,-36.73,,,,,,,29,21,33,63,,0,0,0,0,0,0,2078578853.1935809,184926948.0,0.030199999,0.007,1463076,1447165,0,39.0,,2026-06-11
1774,SLRC,Financial Services,Asset Management,NASDAQ,503082,13.0,79.29,0,7,-24.42,,,,,,,29,29,36,45,,0,0,0,0,0,0,697753766.7789059,54554634.0,0.016,-0.073,279578,428967,0,36.7,,2026-06-11
1775,MBLY,Consumer Cyclical,Auto Parts,NASDAQ,5952457,9.14,79.26,10,4,-54.71,,,,,,,29,19,13,13,,0,0,0,0,0,0,7975502980.157962,842186141.0,0.1765,0.274,5542701,6494892,0,15.0,,2026-06-11
1776,KKR,Financial Services,Asset Management,NYSE,4710944,95.02,79.23,5,-4,-38.25,,,,,,,29,24,15,40,,0,0,0,0,0,0,83861334059.44537,897872941.0,0.0231,-0.066,4635322,4847218,0,26.3,,2026-06-11
1777,SFM,Consumer Defensive,Grocery Stores,NASDAQ,2314122,86.82,79.22,-11,-28,-50.09,,,,,,,28,39,22,9,,0,0,0,0,0,0,7793451482.170387,94044301.0,0.1359,0.041,1853706,2087725,0,23.3,,2026-06-11
1778,INGR,Consumer Defensive,Packaged Foods,NYSE,859914,102.54,79.14,-1,6,-27.0,,,,,,,28,29,36,26,,0,0,0,0,0,0,6304645130.46508,63059061.0,0.0573,-0.012,763704,709952,0,30.3,,2026-06-11
1779,EDU,Consumer Defensive,Education & Training Services,NYSE,640898,46.11,79.1,-9,14,-29.03,,,,,,,28,37,60,55,,0,0,0,0,0,0,7625413243.24078,166712133.0,0.0287,0.198,498976,756625,0,50.7,,2026-06-11
1780,JBS,Consumer Defensive,Packaged Foods,NYSE,8486124,12.03,79.08,-26,-19,-35.5,,,,,,,28,54,61,42,,0,0,0,0,0,0,13107532558.015738,1070876863.0,0.1022,0.107,10439802,6800240,0,52.3,,2026-06-11
1781,PSN,Technology,Information Technology Services,NYSE,1342193,56.47,79.05,9,15,-36.91,,,,,,,28,19,25,22,,0,0,0,0,0,0,6281778883.709015,106978521.0,0.1276,-0.041,1282899,1242537,0,22.0,,2026-06-11
1782,QNST,Communication Services,Advertising Agencies,NASDAQ,912291,12.31,79.01,-4,-13,-28.14,,,,,,,28,32,23,23,,0,0,0,0,0,0,686472160.5431652,57445370.0,0.1325,0.283,718575,801615,0,26.0,,2026-06-11
1783,BAH,Industrials,Consulting Services,NYSE,1770148,77.29,79.0,5,5,-35.62,,,,,,,28,23,23,20,,0,0,0,0,0,0,9517422814.379808,119746130.0,0.0739,-0.065,1831744,1617704,0,22.0,,2026-06-11
1784,TPG,Financial Services,Asset Management,NASDAQ,2422464,41.77,78.99,3,-4,-40.65,,,,,,,28,25,18,74,,0,0,0,0,0,0,6609347879.8717,160460017.0,0.055,-0.568,2503733,2656524,0,39.0,,2026-06-11
1785,IOT,Technology,Software - Infrastructure,NYSE,6277317,32.64,78.96,4,6,-31.24,,,,,,,28,24,26,37,,0,0,0,0,0,0,20278310409.02749,582710082.0,0.1258,0.305,9184523,6161646,0,29.0,,2026-06-11
1786,NCLH,Consumer Cyclical,Travel Services,NYSE,24534933,17.92,78.9,11,35,-34.07,,,,,,,28,17,41,36,,0,0,0,0,0,0,8608315125.0,459110140.0,0.17559999,0.096,20011419,22772511,0,31.3,,2026-06-11
1787,MNRO,Consumer Cyclical,Auto Parts,NASDAQ,1145268,14.21,78.86,-7,-10,-40.57,,,,,,,28,35,32,76,,0,0,0,0,0,0,436267106.962389,30025266.0,0.27879998,-0.072,1341895,989843,0,47.7,,2026-06-11
1788,SGI,Consumer Cyclical,"Furnishings, Fixtures & Appliances",NYSE,3203368,68.45,78.84,8,44,-30.55,,,,,,,28,20,56,86,,0,0,0,0,0,0,14305266287.57605,210340624.0,0.095,0.123,2522046,3117905,0,54.0,,2026-06-11
1789,CPB,Consumer Defensive,Packaged Foods,NASDAQ,8224996,22.88,78.82,15,19,-33.8,,,,,,,28,13,17,22,,0,0,0,0,0,0,6463815950.827087,298146488.0,0.3261,-0.045,10670179,8197007,0,17.3,,2026-06-11
1790,OXLC,Financial Services,Asset Management,NASDAQ,1018866,9.3,78.81,3,-11,-59.03,,,,,,,28,25,11,19,,0,0,0,0,0,0,941342640.245346,97649648.0,0.041100003,-0.102,976890,1021130,0,18.3,,2026-06-11
1791,WEX,Technology,Software - Infrastructure,NYSE,537649,137.35,78.79,1,27,-26.5,,,,,,,28,27,53,36,,0,0,0,0,0,0,5138165706.787308,34668143.0,0.073699996,0.058,482658,569969,0,38.7,,2026-06-11
1792,ATR,Healthcare,Medical Instruments & Supplies,NYSE,563023,114.67,78.69,1,16,-30.2,,,,,,,28,27,42,24,,0,0,0,0,0,0,7234671060.71283,63820316.0,0.033,0.108,466671,502462,0,31.0,,2026-06-11
1793,GTLB,Technology,Software - Infrastructure,NASDAQ,7079399,28.51,78.68,18,17,-45.57,,,,,,,28,10,9,18,,0,0,0,0,0,0,5256168141.746521,168900000.0,0.1292,0.231,10345978,6760907,0,12.3,,2026-06-11
1794,RLI,Financial Services,Insurance - Property & Casualty,NYSE,992953,53.94,78.64,10,28,-29.09,,,,,,,28,18,36,34,,0,0,0,0,0,0,4815729875.980732,91938331.0,0.0624,0.04,1019041,889036,0,29.3,,2026-06-11
1795,FRSH,Technology,Software - Application,NASDAQ,11350557,9.39,78.61,2,-12,-41.5,,,,,,,28,26,12,25,,0,0,0,0,0,0,2612302825.424367,276434167.0,0.0922,0.165,12364843,10740232,0,21.0,,2026-06-11
1796,SNAP,Communication Services,Internet Content & Information,NYSE,42642127,5.38,78.52,3,-10,-48.32,,,,,,,28,25,12,22,,0,0,0,0,0,0,9545247359.134035,1657160934.0,0.1144,0.121,45013562,50884726,0,19.7,,2026-06-11
1797,CG,Financial Services,Asset Management,NASDAQ,3509333,44.11,78.52,-7,-9,-36.85,,,,,,,28,35,33,63,,0,0,0,0,0,0,15651687921.176785,359974427.0,0.0653,-0.941,3722370,3387340,0,43.7,,2026-06-11
1798,JBGS,Real Estate,REIT - Diversified,NYSE,546666,14.72,78.51,0,-2,-39.42,,,,,,,28,28,26,33,,0,0,0,0,0,0,867430296.5505743,58255895.0,0.22530001,0.059,379569,535547,0,29.0,,2026-06-11
1799,OTF,Financial Services,Asset Management,NYSE,2088540,11.06,78.47,5,11,-48.84,,,,,,,28,23,29,30,,0,0,0,0,0,0,5223230465.5116005,462642204.0,0.0164,0.783,2168621,2004806,0,27.3,,2026-06-11
1800,COR,Healthcare,Medical Distribution,NYSE,2067764,281.24,78.47,7,58,-25.51,,,,,,,28,21,72,81,,0,0,0,0,0,0,53512075604.90906,194561060.0,0.0309,0.038,1505923,1780490,0,58.0,,2026-06-11
1801,LPLA,Financial Services,Capital Markets,NASDAQ,1078146,289.18,78.45,5,7,-28.35,,,,,,,28,23,25,62,,0,0,0,0,0,0,23074254788.807373,79982861.0,0.0395,0.35,1184418,951173,0,36.7,,2026-06-11
1802,STNE,Technology,Software - Infrastructure,NASDAQ,6406518,10.6,78.43,8,36,-46.87,,,,,,,28,20,48,64,,0,0,0,0,0,0,2529573457.615795,243228226.0,0.112799995,0.043,5085686,5903719,0,44.0,,2026-06-11
1803,TNDM,Healthcare,Medical Devices,NASDAQ,2965735,16.23,78.42,0,51,-45.26,,,,,,,27,27,78,81,,0,0,0,0,0,0,1325352591.7167091,68529089.0,0.21219999,0.055,2964896,2382897,0,62.0,,2026-06-11
1804,PAX,Financial Services,Asset Management,NASDAQ,999343,11.22,78.32,1,2,-36.97,,,,,,,27,26,27,73,,0,0,0,0,0,0,1778738845.094839,159528153.0,0.1148,0.22,1013781,952446,0,42.0,,2026-06-11
1805,WTW,Financial Services,Insurance Brokers,NASDAQ,888343,263.91,78.29,3,14,-25.19,,,,,,,27,24,35,54,,0,0,0,0,0,0,24890820402.090576,94447976.0,0.0335,0.085,739839,768875,0,37.7,,2026-06-11
1806,PSKY,Communication Services,Entertainment,NASDAQ,9331706,10.31,78.28,-4,-17,-50.58,,,,,,,27,31,18,53,,0,0,0,0,0,0,11437948951.611448,1119173058.0,0.1508,0.022,7687850,10393918,0,34.0,,2026-06-11
1807,DV,Communication Services,Advertising Agencies,NYSE,3169124,10.32,78.24,-1,-4,-38.64,,,,,,,27,28,25,19,,0,0,0,0,0,0,1573007937.25,153464189.0,0.0988,0.096,3261532,2827016,0,24.0,,2026-06-11
1808,ZBRA,Technology,Communication Equipment,NASDAQ,1169219,216.79,78.23,-1,-10,-38.53,,,,,,,27,28,19,21,,0,0,0,0,0,0,11056186646.193115,47633392.0,0.1013,0.143,1360007,1003839,0,22.7,,2026-06-11
1809,FBRT,Real Estate,REIT - Mortgage,NYSE,911634,8.35,78.22,-3,-4,-29.48,,,,,,,27,30,29,36,,0,0,0,0,0,0,659572963.6427536,76963009.0,0.081999995,0.061,906243,805212,0,31.7,,2026-06-11
1810,ESRT,Real Estate,REIT - Diversified,NYSE,1992905,5.59,78.13,5,0,-36.19,,,,,,,27,22,17,23,,0,0,0,0,0,0,908707187.6011548,172430207.0,0.078,0.049,2894926,1783397,0,20.7,,2026-06-11
1811,SLM,Financial Services,Credit Services,NASDAQ,2272355,21.3,78.08,7,6,-39.09,,,,,,,27,20,19,33,,0,0,0,0,0,0,4222597042.941971,188592995.0,0.1388,0.025,2833615,2963103,0,24.0,,2026-06-11
1812,ONON,Consumer Cyclical,Footwear & Accessories,NYSE,6527392,38.0,77.97,9,18,-34.57,,,,,,,27,18,27,42,,0,0,0,0,0,0,12359867258.304976,333329737.0,0.063,0.145,4828658,6359139,0,29.0,,2026-06-11
1813,T,Communication Services,Telecom Services,NYSE,40266393,23.21,77.88,-7,21,-22.09,,,,,,,27,34,62,30,,0,0,0,0,0,0,158074708496.25,6948338835.0,0.015800001,0.029,51721850,39628272,0,42.0,,2026-06-11
1814,GGG,Industrials,Specialty Industrial Machinery,NYSE,1426054,73.47,77.84,-1,28,-23.22,,,,,,,27,28,57,40,,0,0,0,0,0,0,12338073670.386383,165968177.0,0.0358,0.022,1380644,1347992,0,41.7,,2026-06-11
1815,IR,Industrials,Specialty Industrial Machinery,NYSE,3920018,70.48,77.78,2,33,-30.19,,,,,,,27,25,56,34,,0,0,0,0,0,0,28274086256.5,391336834.0,0.0458,0.076,3887854,3781040,0,38.3,,2026-06-11
1816,SYK,Healthcare,Medical Devices,NYSE,2985047,308.84,77.77,6,26,-23.72,,,,,,,27,21,41,34,,0,0,0,0,0,0,117178051916.82904,383360762.0,0.0156,0.026,2701182,2522536,0,32.0,,2026-06-11
1817,LPX,Industrials,Building Products & Equipment,NYSE,1211071,71.76,77.61,7,16,-30.24,,,,,,,27,20,29,30,,0,0,0,0,0,0,4932460421.394653,69864880.0,0.091800004,-0.207,1036994,1174510,0,26.3,,2026-06-11
1818,SSNC,Technology,Software - Application,NASDAQ,2546988,68.25,77.6,2,6,-25.06,,,,,,,27,25,29,57,,0,0,0,0,0,0,16836708548.450592,240834039.0,0.0326,0.088,2789644,2588940,0,37.0,,2026-06-11
1819,MANH,Technology,Software - Application,NASDAQ,601722,145.15,77.57,6,8,-41.29,,,,,,,27,21,23,22,,0,0,0,0,0,0,8735061803.168793,59164602.0,0.0571,0.074,599238,679159,0,22.0,,2026-06-11
1820,ZBIO,Healthcare,Biotechnology,NASDAQ,538272,17.91,77.56,-33,-4,-59.84,,,,,,,27,60,89,99,,0,0,0,1,0,1,1102940052.8397503,63133377.0,0.2523,,541267,618039,1,82.7,,2026-06-11
1821,PMT,Real Estate,REIT - Mortgage,NYSE,979377,9.86,77.55,-4,8,-28.6,,,,,,,27,31,43,55,,0,0,0,0,0,0,887720071.772049,87202362.0,0.0682,-0.241,794451,1045810,0,43.0,,2026-06-11
1822,VKTX,Healthcare,Biotechnology,NASDAQ,2211488,27.75,77.52,-12,26,-35.69,,,,,,,27,39,77,77,,0,0,0,0,0,0,3303205631.931576,116105643.0,0.2028,,2046674,2178122,0,64.3,,2026-06-11
1823,RELX,Industrials,Specialty Business Services,NYSE,2547909,33.98,77.42,-4,-13,-37.5,,,,,,,27,31,22,24,,0,0,0,0,0,0,61934121525.49077,1761994846.0,0.0023999999,0.012,2742588,2620153,0,25.7,,2026-06-11
1824,TWI,Industrials,Farm & Heavy Construction Machinery,NYSE,570294,7.23,77.37,3,9,-38.21,,,,,,,27,24,30,39,,0,0,0,0,0,0,469271585.9444046,64371960.0,0.0466,0.029,492733,960070,0,31.0,,2026-06-11
1825,ACI,Consumer Defensive,Grocery Stores,NYSE,6077299,15.28,77.36,1,12,-32.92,,,,,,,27,26,37,30,,0,0,0,0,0,0,8090590316.960114,494534842.0,0.120799996,0.077,6404909,6697947,0,31.0,,2026-06-11
1826,TFPM,Basic Materials,Other Precious Metals & Mining,NYSE,606894,26.85,77.34,-49,-39,-35.61,,,,,,,27,76,86,90,,0,0,0,0,0,0,5840692686.815765,206603912.0,2.41,0.787,613093,558172,1,84.0,,2026-06-11
1827,CALM,Consumer Defensive,Farm Products,NASDAQ,730624,79.07,77.27,-3,14,-37.44,,,,,,,26,29,46,28,,0,0,0,0,0,0,3584039030.140938,47376589.0,0.14829999,-0.53,698133,810720,0,34.3,,2026-06-11
1828,TRU,Financial Services,Financial Data & Stock Exchanges,NYSE,1965200,67.85,77.27,-1,0,-31.73,,,,,,,26,27,28,33,,0,0,0,0,0,0,13623248706.054688,192800000.0,0.048600003,0.137,1809540,2060282,0,29.3,,2026-06-11
1829,TIC,Industrials,Specialty Business Services,NYSE,2471419,7.94,77.21,-7,-24,-46.87,,,,,,,26,33,16,24,,0,0,0,0,0,0,1852337046.8163185,221042604.0,0.0987,1.084,2208529,2546891,0,24.3,,2026-06-11
1830,HRTG,Financial Services,Insurance - Property & Casualty,NYSE,518940,22.2,77.21,-6,45,-30.58,,,,,,,26,32,83,91,,0,0,0,0,0,0,670861309.3806267,30273525.0,0.0403,0.005,494991,428302,1,68.7,,2026-06-11
1831,SGRY,Healthcare,Medical Care Facilities,NASDAQ,1597020,14.2,77.18,6,0,-41.08,,,,,,,26,20,14,15,,0,0,0,0,0,0,1793105706.0091724,130788162.0,0.2197,0.045,1249962,1386270,0,16.3,,2026-06-11
1832,TSLX,Financial Services,Asset Management,NYSE,748691,17.2,77.13,-1,-1,-31.66,,,,,,,26,27,27,49,,0,0,0,0,0,0,1652390786.004639,95019600.0,0.0851,-0.197,651635,697619,0,34.3,,2026-06-11
1833,FSK,Financial Services,Asset Management,NYSE,3487567,11.0,77.11,8,3,-51.5,,,,,,,26,18,13,28,,0,0,0,0,0,0,2996710779.681567,280066433.0,0.0464,-0.24,2768852,3406178,0,19.7,,2026-06-11
1834,ASPI,Basic Materials,Chemicals,NASDAQ,5543640,5.85,76.95,2,8,-59.63,,,,,,,26,24,30,27,,0,0,0,0,0,0,844812134.1728354,125903447.0,0.2044,2.793,6911361,5004618,0,27.0,,2026-06-11
1835,ICE,Financial Services,Financial Data & Stock Exchanges,NYSE,4126614,140.34,76.91,-12,-10,-25.88,,,,,,,26,38,40,35,,0,0,0,0,0,0,80020018042.5,565512495.0,0.0164,0.204,5770574,3638938,0,37.7,,2026-06-11
1836,ALLE,Industrials,Security & Protection Services,NYSE,1039084,129.35,76.9,5,28,-29.36,,,,,,,26,21,44,61,,0,0,0,0,0,0,11185411982.466522,85935861.0,0.0419,0.097,1004383,1022960,0,42.0,,2026-06-11
1837,RVLV,Consumer Cyclical,Internet Retail,NYSE,1414927,20.35,76.88,3,18,-35.76,,,,,,,26,23,38,71,,0,0,0,0,0,0,1350968591.7881985,71555543.0,0.113000005,0.156,1175572,1172296,0,44.0,,2026-06-11
1838,VLTO,Industrials,Pollution & Treatment Controls,NYSE,2349594,82.62,76.88,-2,5,-24.97,,,,,,,26,28,35,39,,0,0,0,0,0,0,21133817588.80948,245599266.0,0.028499998,0.068,2656542,2139626,0,34.0,,2026-06-11
1839,MORN,Financial Services,Financial Data & Stock Exchanges,NASDAQ,553689,186.06,76.85,-1,-7,-41.25,,,,,,,26,27,21,18,,0,0,0,0,0,0,7064084414.785858,38028018.0,0.0743,0.108,476637,519023,0,22.0,,2026-06-11
1840,DSGX,Technology,Software - Application,NASDAQ,511334,73.91,76.82,3,1,-32.19,,,,,,,26,23,21,26,,0,0,0,0,0,0,6466229726.967705,85690827.0,3.06,0.147,719792,553068,0,23.3,,2026-06-11
1841,BBWI,Consumer Cyclical,Specialty Retail,NYSE,6205468,18.12,76.81,7,19,-46.64,,,,,,,26,19,31,14,,0,0,0,0,0,0,3513222444.6717834,201561812.0,0.0675,-0.032,5681366,6115953,0,21.3,,2026-06-11
1842,AOS,Industrials,Specialty Industrial Machinery,NYSE,1807426,57.22,76.73,4,26,-30.11,,,,,,,26,22,44,41,,0,0,0,0,0,0,7883797397.954895,137828624.0,0.0788,-0.019,1662878,1644837,0,35.7,,2026-06-11
1843,PRCT,Healthcare,Medical Devices,NASDAQ,1494002,29.09,76.68,2,-8,-55.19,,,,,,,26,24,14,14,,0,0,0,0,0,0,1584051424.1774368,56918844.0,0.12149999,0.202,1053008,1383737,0,17.3,,2026-06-11
1844,TAL,Consumer Defensive,Education & Training Services,NYSE,3511779,9.3,76.67,-12,-7,-30.44,,,,,,,26,38,43,42,,0,0,0,0,0,0,5817468089.745884,608521740.0,5.07,0.315,3564648,3693127,0,41.0,,2026-06-11
1845,GEHC,Healthcare,Medical Devices,NASDAQ,6208677,63.76,76.67,3,15,-28.97,,,,,,,26,23,35,62,,0,0,0,0,0,0,29417850967.688263,454891786.0,0.030299999,0.074,4888902,5037354,0,40.0,,2026-06-11
1846,UEC,Energy,Uranium,NYSE ARCA,10413188,9.42,76.57,-61,-57,-53.69,,,,,,,26,87,91,90,,0,0,0,0,0,0,6201292717.945612,490220783.0,0.1379,-0.594,12917136,9512861,2,89.3,,2026-06-11
1847,STUB,Communication Services,Internet Content & Information,NYSE,5581573,10.16,76.47,19,18,-63.57,,,,,,,26,7,6,11,,0,0,0,0,0,0,3487812511.9682035,375437301.0,0.085200004,0.122,4843471,4846232,0,8.0,,2026-06-11
1848,PRGO,Healthcare,Drug Manufacturers - Specialty & Generic,NYSE,2853155,11.17,76.42,14,12,-60.72,,,,,,,26,12,10,8,,0,0,0,0,0,0,1498522938.543377,138367770.0,0.1603,-0.072,3460365,2872339,0,10.0,,2026-06-11
1849,VIPS,Consumer Cyclical,Internet Retail,NYSE,2644542,13.71,76.39,-4,0,-34.96,,,,,,,26,30,34,76,,0,0,0,0,0,0,6498060277.95393,480270540.0,0.0202,0.012,3037247,2432309,0,46.7,,2026-06-11
1850,MAX,Communication Services,Internet Content & Information,NYSE,651244,9.59,76.38,-8,-14,-31.11,,,,,,,26,34,28,70,,0,0,0,0,0,0,490343729.3515396,54062155.0,0.104499996,0.173,589384,572948,0,44.0,,2026-06-11
1851,PERI,Communication Services,Internet Content & Information,NASDAQ,511280,7.91,76.34,-43,-75,-30.86,,,,,,,25,68,36,61,,0,0,0,0,0,0,325466770.04674053,41302889.0,0.0145000005,0.012,668442,396852,0,55.0,,2026-06-11
1852,SPOT,Communication Services,Internet Content & Information,NYSE,2360527,503.1,76.33,7,16,-35.91,,,,,,,25,18,27,31,,0,0,0,0,0,0,102182891823.96053,205620061.0,0.040700004,0.082,1918462,2195700,0,25.3,,2026-06-11
1853,TM,Consumer Cyclical,Auto Manufacturers,NYSE,514063,172.03,76.28,0,42,-30.88,,,,,,,25,25,67,71,,0,0,0,0,0,0,230899429516.36765,1303338365.0,0.0007,0.019,642830,466522,0,54.3,,2026-06-11
1854,OSG,Financial Services,Insurance - Specialty,NYSE,766121,5.58,76.27,3,-5,-46.24,,,,,,,25,22,14,33,,0,0,0,0,0,0,245774214.03713223,45013592.0,0.0301,0.66,439715,684683,0,23.0,,2026-06-11
1855,YELP,Communication Services,Internet Content & Information,NYSE,1310454,24.28,76.23,2,-1,-35.34,,,,,,,25,23,20,28,,0,0,0,0,0,0,1278533868.0,54990704.0,0.236,0.008,1285514,1178370,0,23.7,,2026-06-11
1856,ENSG,Healthcare,Medical Care Facilities,NASDAQ,669661,151.65,76.23,-16,28,-30.44,,,,,,,25,41,85,73,,0,0,0,0,0,0,9953251798.361206,58445400.0,0.0405,0.184,832584,545080,0,66.3,,2026-06-11
1857,ROL,Consumer Cyclical,Personal Services,NYSE,3960830,47.77,76.18,-4,10,-27.77,,,,,,,25,29,43,68,,0,0,0,0,0,0,22676859465.34729,481462000.0,0.0344,0.102,6064662,3517772,0,46.7,,2026-06-11
1858,TMUS,Communication Services,Telecom Services,NASDAQ,4911973,185.55,76.07,-3,13,-29.06,,,,,,,25,28,44,24,,0,0,0,0,0,0,192740666702.9534,1082204717.0,0.038399998,0.106,5386170,5594170,0,32.0,,2026-06-11
1859,AMTM,Industrials,Specialty Business Services,NYSE,2171184,22.0,75.94,-10,28,-42.27,,,,,,,25,35,73,85,,0,0,0,0,0,0,5565259656.973846,244090344.0,0.090299994,-0.004,1875213,1997522,0,64.3,,2026-06-11
1860,LYFT,Technology,Software - Application,NASDAQ,15355663,13.39,75.89,-3,-6,-47.57,,,,,,,25,28,25,77,,0,0,0,0,0,0,5182666416.962608,379682532.0,0.2336,0.138,13597050,14368036,0,43.3,,2026-06-11
1861,PRIM,Industrials,Engineering & Construction,NYSE,2524533,93.88,75.86,-12,41,-54.32,,,,,,,25,37,90,89,,0,0,0,0,0,0,6610421081.712494,54254935.0,0.08939999,-0.054,2156211,1803576,1,72.0,,2026-06-11
1862,EQX,Basic Materials,Gold,NYSE ARCA,11160158,9.73,75.81,-63,-60,-48.68,,,,,,,25,88,91,95,,0,0,0,0,0,0,8514523305.397749,789112450.0,2.45,2.243,15521656,10219275,2,91.3,,2026-06-11
1863,META,Communication Services,Internet Content & Information,NASDAQ,18242192,570.98,75.8,-5,4,-28.29,,,,,,,25,30,39,38,,0,0,0,0,0,0,1505285019272.0,2538423304.0,0.0146,0.331,21174928,16954125,0,35.7,,2026-06-11
1864,TU,Communication Services,Telecom Services,NYSE,5105737,11.87,75.77,-1,13,-29.09,,,,,,,25,26,40,23,,0,0,0,0,0,0,19220205417.208065,1561348884.0,13.17,-0.006,5470393,5555532,0,29.7,,2026-06-11
1865,GRFS,Healthcare,Drug Manufacturers - General,NASDAQ,589937,7.32,75.75,0,10,-34.29,,,,,,,25,25,35,57,,0,0,0,0,0,0,5199595292.813393,680575312.0,8.37,-0.048,637102,674820,0,39.0,,2026-06-11
1866,MMSI,Healthcare,Medical Instruments & Supplies,NASDAQ,901270,66.99,75.6,10,18,-30.75,,,,,,,25,15,23,34,,0,0,0,0,0,0,3846545250.657387,59654855.0,0.0652,0.075,807480,769796,0,24.0,,2026-06-11
1867,BABA,Consumer Cyclical,Internet Retail,NYSE,11756151,115.38,75.54,-7,2,-40.12,,,,,,,25,32,41,75,,0,0,0,0,0,0,290439155577.4393,2399133995.0,0.0197,0.029,10925585,11000353,0,49.3,,2026-06-11
1868,AZTA,Healthcare,Medical Instruments & Supplies,NASDAQ,1440029,22.38,75.54,16,20,-46.37,,,,,,,25,9,13,47,,0,0,0,0,0,0,1045845747.3762132,46092804.0,0.2134,0.01,1182558,1216641,0,23.0,,2026-06-11
1869,QGEN,Healthcare,Diagnostics & Research,NYSE,2338433,37.02,75.53,10,31,-35.97,,,,,,,25,15,36,48,,0,0,0,0,0,0,7565250062.942505,206250000.0,0.0498,0.018,2297609,2093481,0,33.0,,2026-06-11
1870,AI,Technology,Software - Infrastructure,NYSE,6661459,10.8,75.52,15,13,-64.13,,,,,,,25,10,8,12,,0,0,0,0,0,0,1515387489.7993622,145291222.0,0.3548,-0.525,10878308,5839659,0,10.0,,2026-06-11
1871,CARG,Consumer Cyclical,Auto & Truck Dealerships,NASDAQ,1574709,28.1,75.48,-27,-46,-28.72,,,,,,,25,52,33,66,,0,0,0,0,0,0,2472930234.040729,90187098.0,0.1667,0.148,1487637,1290931,0,50.3,,2026-06-11
1872,ULTA,Consumer Cyclical,Specialty Retail,NASDAQ,839389,470.75,75.47,-8,19,-34.16,,,,,,,25,33,60,84,,0,0,0,0,0,0,20079017803.63312,42989311.0,0.052600004,0.111,1131699,758379,0,59.0,,2026-06-11
1873,HNRG,Utilities,Utilities - Independent Power Producers,NASDAQ,981589,15.81,75.43,-33,-52,-35.99,,,,,,,25,58,39,85,,0,0,0,0,0,0,785192323.5284729,47130392.0,0.075100005,-0.135,715938,946411,0,60.7,,2026-06-11
1874,WU,Financial Services,Credit Services,NYSE,7922419,7.35,75.42,-17,4,-28.99,,,,,,,25,42,63,64,,0,0,0,0,0,0,2337014583.8792267,312435104.0,0.1785,-0.001,9106189,8646725,0,56.3,,2026-06-11
1875,XYL,Industrials,Specialty Industrial Machinery,NYSE,2003419,107.13,75.31,0,12,-30.56,,,,,,,24,24,36,61,,0,0,0,0,0,0,26132023200.72638,237693493.0,0.0435,0.027,2015958,2225761,0,40.3,,2026-06-11
1876,MOMO,Communication Services,Internet Content & Information,NASDAQ,631311,5.48,75.22,-10,-16,-40.56,,,,,,,24,34,28,26,,0,0,0,0,0,0,828862939.3364062,147747401.0,0.0252,-0.023,985394,676166,0,29.3,,2026-06-11
1877,SONY,Technology,Consumer Electronics,NYSE,7856191,20.76,75.21,-5,-8,-31.58,,,,,,,24,29,26,48,,0,0,0,0,0,0,128910014846.255,5888991249.0,0.0015,0.154,5910933,6558936,0,34.3,,2026-06-11
1878,FBIN,Industrials,Building Products & Equipment,NYSE,2794457,40.43,75.21,12,26,-37.65,,,,,,,24,12,26,26,,0,0,0,0,0,0,4659601031.844578,119293417.0,0.1034,-0.021,2236391,2652440,0,21.3,,2026-06-11
1879,HLI,Financial Services,Capital Markets,NYSE,750942,135.96,75.19,-1,-2,-35.8,,,,,,,24,25,24,39,,0,0,0,0,0,0,9616519639.75,69059387.0,0.034,-0.046,593296,657239,0,29.3,,2026-06-11
1880,ASST,Financial Services,Asset Management,NASDAQ,4446746,14.43,75.13,-26,-68,-94.27,,,,,,,24,50,8,19,,0,0,0,0,0,0,1097858754.9772396,78869163.0,0.2048,0.882,5324878,4161823,0,25.7,,2026-06-11
1881,LEN,Consumer Cyclical,Residential Construction,NYSE,2527969,89.85,75.11,8,18,-37.71,,,,,,,24,16,26,35,,0,0,0,0,0,0,22287532278.89008,246298296.0,0.0028,-0.133,2506017,2713293,0,25.7,,2026-06-11
1882,PD,Technology,Software - Application,NYSE,2124861,8.8,75.09,13,9,-51.11,,,,,,,24,11,7,18,,0,0,0,0,0,0,713383726.25,77122565.0,0.12529999,0.01,2982433,2335180,0,12.0,,2026-06-11
1883,PATH,Technology,Software - Infrastructure,NYSE,40384963,10.75,75.06,1,8,-45.82,,,,,,,24,23,30,84,,0,0,0,0,0,0,5823671671.251682,518120266.0,0.31780002,0.173,52696369,33377161,0,45.7,,2026-06-11
1884,WLTH,Technology,Software - Application,NASDAQ,1463213,8.95,75.05,-36,-85,-39.32,,,,,,,24,60,11,32,,0,0,0,0,0,0,1472333978.2703876,149475525.0,0.050100002,0.071,2596309,1289259,0,34.3,,2026-06-11
1885,THC,Healthcare,Medical Care Facilities,NYSE,1610199,164.77,75.01,-27,5,-33.35,,,,,,,24,51,83,80,,0,0,0,0,0,0,13959362009.70459,86137000.0,0.0337,0.028,1462819,1476513,0,71.3,,2026-06-11
1886,TW,Financial Services,Capital Markets,NASDAQ,1826459,100.99,74.89,-6,21,-31.53,,,,,,,24,30,57,22,,0,0,0,0,0,0,22354207666.984955,218026021.0,0.026800001,0.212,2262108,1653577,0,36.3,,2026-06-11
1887,GPC,Consumer Cyclical,Auto Parts,NYSE,1479195,98.43,74.84,6,15,-35.06,,,,,,,24,18,27,54,,0,0,0,0,0,0,13654835112.48349,139122108.0,0.0582,0.068,1442125,1661045,0,33.0,,2026-06-11
1888,KEP,Utilities,Utilities - Regulated Electric,NYSE,1085749,11.9,74.83,-9,44,-49.17,,,,,,,24,33,86,93,,0,0,0,0,0,0,15907870268.86175,1283928154.0,0.001,0.007,1321479,933537,1,70.7,,2026-06-11
1889,MLKN,Consumer Cyclical,"Furnishings, Fixtures & Appliances",NASDAQ,732527,14.84,74.75,2,46,-35.98,,,,,,,24,22,66,25,,0,0,0,0,0,0,1010578520.7019768,68374732.0,0.0563,0.058,834363,799392,0,37.7,,2026-06-11
1890,PAYC,Technology,Software - Application,NYSE,934847,136.72,74.71,-3,-16,-48.58,,,,,,,24,27,14,16,,0,0,0,0,0,0,6416820999.088623,46627098.0,0.1033,0.078,801503,926590,0,19.0,,2026-06-11
1891,OPFI,Financial Services,Credit Services,NYSE,783338,8.27,74.7,-9,-19,-44.98,,,,,,,24,33,23,62,,0,0,0,0,0,0,709617926.7124329,85393248.0,0.036199998,-0.022,674675,604785,0,39.3,,2026-06-11
1892,PLTR,Technology,Software - Infrastructure,NASDAQ,42758733,130.21,74.65,-8,25,-37.25,,,,,,,24,32,65,92,,0,0,0,0,0,0,324907689316.4038,2397311977.0,0.033099998,0.847,45998181,45146376,1,63.0,,2026-06-11
1893,UBER,Technology,Software - Application,NYSE,19791205,68.61,74.64,-9,-10,-32.73,,,,,,,24,33,32,52,,0,0,0,0,0,0,143937204345.58344,2035599013.0,0.0305,0.145,22343745,17426659,0,39.0,,2026-06-11
1894,OCUL,Healthcare,Biotechnology,NASDAQ,2670059,8.74,74.57,-13,-25,-46.84,,,,,,,24,37,25,89,,0,0,0,0,0,0,1806422953.5,218960358.0,0.1336,0.008,2271918,2956293,0,50.3,,2026-06-11
1895,KTOS,Industrials,Aerospace & Defense,NASDAQ,4630551,54.82,74.53,-7,56,-59.09,,,,,,,24,31,94,93,,0,0,0,0,0,0,10973669549.519836,187519984.0,0.080299996,0.226,5369133,4343714,2,72.7,,2026-06-11
1896,BKNG,Consumer Cyclical,Travel Services,NASDAQ,7659803,160.64,74.44,0,4,-31.23,,,,,,,24,24,28,59,,0,0,0,0,0,0,128505836988.55042,774878436.0,0.033299997,0.162,7245439,7429879,0,37.0,,2026-06-11
1897,ATRC,Healthcare,Medical Instruments & Supplies,NASDAQ,853502,27.51,74.43,2,8,-36.29,,,,,,,24,22,28,77,,0,0,0,0,0,0,1372370306.317997,50640970.0,0.0911,0.143,714797,795841,0,42.3,,2026-06-11
1898,EXE,Energy,Oil & Gas E&P,NASDAQ,3058587,88.56,74.41,-9,10,-30.06,,,,,,,24,33,52,55,,0,0,0,0,0,0,22025800054.42315,239228849.0,0.0253,0.41,3632981,3168694,0,46.7,,2026-06-11
1899,CHA,Consumer Cyclical,Restaurants,NASDAQ,742996,11.72,74.4,8,5,-65.22,,,,,,,24,16,13,11,,0,0,0,0,0,0,2201408774.7629566,190763326.0,0.027,0.045,1301950,671764,0,13.3,,2026-06-11
1900,CMG,Consumer Cyclical,Restaurants,NYSE,20102678,30.42,74.35,-1,1,-47.93,,,,,,,24,25,27,17,,0,0,0,0,0,0,37635415755.72968,1282734000.0,0.0375,0.074,25304624,17633922,0,23.0,,2026-06-11
1901,HCA,Healthcare,Medical Care Facilities,NYSE,1575305,373.34,74.26,-14,32,-32.92,,,,,,,24,38,84,83,,0,0,0,0,0,0,82553245857.20215,221839800.0,0.0305,0.043,1928167,1368611,0,68.3,,2026-06-11
1902,ISRG,Healthcare,Medical Instruments & Supplies,NASDAQ,2386232,412.02,74.25,0,18,-31.77,,,,,,,24,24,42,73,,0,0,0,0,0,0,149477968229.86462,354162842.0,0.019,0.23,2687418,2300849,0,46.3,,2026-06-11
1903,XPOF,Consumer Cyclical,Leisure,NYSE,667047,5.99,74.17,11,17,-46.23,,,,,,,23,12,18,22,,0,0,0,0,0,0,223623186.3899231,41877000.0,0.28219998,-0.21,488332,549332,0,17.3,,2026-06-11
1904,MLCO,Consumer Cyclical,Resorts & Casinos,NASDAQ,2297962,5.63,74.13,3,6,-44.53,,,,,,,23,20,23,63,,0,0,0,0,0,0,2213261766.639264,388291551.0,0.0376,0.109,1991637,1880845,0,35.3,,2026-06-11
1905,LKQ,Consumer Cyclical,Auto Parts,NASDAQ,3464204,25.47,74.1,1,9,-36.31,,,,,,,23,22,30,26,,0,0,0,0,0,0,6425824683.749018,254790835.0,0.078,0.043,2690014,2961058,0,26.0,,2026-06-11
1906,ALC,Healthcare,Medical Instruments & Supplies,NYSE,2494118,66.11,74.0,3,23,-28.57,,,,,,,23,20,40,37,,0,0,0,0,0,0,32583235809.32617,487700000.0,2.8,0.094,1966124,2027936,0,32.3,,2026-06-11
1907,TLK,Communication Services,Telecom Services,NYSE,968535,15.33,73.99,-6,9,-34.82,,,,,,,23,29,44,82,,0,0,0,0,0,0,15339604265.30495,987104524.0,0.0044,0.015,1316755,921281,0,51.7,,2026-06-11
1908,THO,Consumer Cyclical,Recreational Vehicles,NYSE,763505,74.84,73.97,6,22,-39.07,,,,,,,23,17,33,65,,0,0,0,0,0,0,3940742977.233505,52057373.0,0.1078,-0.039,995435,749307,0,38.3,,2026-06-11
1909,SUZ,Basic Materials,Paper & Paper Products,NYSE,3260247,8.02,73.96,-5,32,-30.47,,,,,,,23,28,65,32,,0,0,0,0,0,0,10110852747.171158,1236045522.0,0.0099,-0.051,3745311,3257910,0,41.7,,2026-06-11
1910,SHOP,Technology,Software - Application,NASDAQ,12478567,108.2,73.94,3,28,-40.61,,,,,,,23,20,45,85,,0,0,0,0,0,0,142145087167.4383,1297654610.0,0.0179,0.343,9170182,10483140,0,50.0,,2026-06-11
1911,SAIL,Technology,Software - Infrastructure,NASDAQ,4346109,14.71,73.9,11,18,-41.04,,,,,,,23,12,19,38,,0,0,0,0,0,0,10346139857.053053,567222587.0,0.162,0.227,6535038,3829289,0,23.0,,2026-06-11
1912,ARLO,Industrials,Building Products & Equipment,NYSE,1444318,12.32,73.89,-12,-4,-38.21,,,,,,,23,35,43,32,,0,0,0,0,0,0,1390205678.3156786,108609817.0,0.1142,0.263,1063816,1281767,0,36.7,,2026-06-11
1913,PWP,Financial Services,Capital Markets,NASDAQ,1408671,14.71,73.87,-2,7,-43.26,,,,,,,23,25,34,24,,0,0,0,0,0,0,1129081274.7316017,72938069.0,0.13149999,-0.297,1606003,1186396,0,27.7,,2026-06-11
1914,CMCSA,Communication Services,Telecom Services,NASDAQ,31999526,23.97,73.77,-1,37,-30.23,,,,,,,23,24,62,27,,0,0,0,0,0,0,85090483137.58237,3572228557.0,0.0269,0.053,32589029,30611845,0,37.7,,2026-06-11
1915,SITC,Real Estate,REIT - Retail,NYSE,591985,5.03,73.75,-4,4,-61.59,,,,,,,23,27,35,34,,0,0,0,0,0,0,261849609.2494545,52474874.0,0.0719,-0.698,664910,606931,0,32.0,,2026-06-11
1916,ALNY,Healthcare,Biotechnology,NASDAQ,1100469,291.22,73.7,-2,10,-41.23,,,,,,,23,25,37,79,,0,0,0,0,0,0,40460983617.85785,133512573.0,0.0539,0.964,1244018,1076675,0,47.0,,2026-06-11
1917,MAT,Consumer Cyclical,Leisure,NASDAQ,4554719,14.69,73.68,-4,-5,-34.65,,,,,,,23,27,26,67,,0,0,0,0,0,0,4091211497.8313446,290569000.0,0.10479999,0.043,3969417,4469747,0,40.0,,2026-06-11
1918,KC,Technology,Software - Application,NASDAQ,1501271,11.07,73.6,-42,-51,-40.23,,,,,,,23,65,56,21,,0,0,0,0,0,0,3499631258.2294893,299369665.0,0.0404,0.372,1542555,1387791,0,47.3,,2026-06-11
1919,HIMS,Healthcare,Drug Manufacturers - Specialty & Generic,NYSE,21579172,27.78,73.55,-9,-29,-60.56,,,,,,,23,32,12,24,,0,0,0,0,0,0,6061877155.661745,231457695.0,0.32959998,0.038,18008997,26943267,0,22.7,,2026-06-11
1920,GPN,Industrials,Specialty Business Services,NYSE,4059828,62.47,73.54,-7,-10,-31.08,,,,,,,23,30,27,30,,0,0,0,0,0,0,18141405300.761147,273543507.0,0.0639,0.631,4829724,3489594,0,29.0,,2026-06-11
1921,SOFI,Financial Services,Credit Services,NASDAQ,75444518,15.87,73.5,4,22,-51.51,,,,,,,23,19,37,89,,0,0,0,0,0,0,20562342316.788483,1282741200.0,0.1368,0.425,85630696,66968161,0,48.3,,2026-06-11
1922,SWIM,Industrials,Building Products & Equipment,NASDAQ,785626,5.33,73.5,6,21,-40.55,,,,,,,23,17,32,32,,0,0,0,0,0,0,619933214.5539317,117411589.0,0.058000002,0.053,684468,674397,0,27.0,,2026-06-11
1923,ACVA,Consumer Cyclical,Auto & Truck Dealerships,NYSE,3884251,5.94,73.44,8,0,-65.38,,,,,,,23,15,7,10,,0,0,0,0,0,0,988150473.4004592,174584894.0,0.1092,0.118,3567865,3269537,0,10.7,,2026-06-11
1924,RARE,Healthcare,Biotechnology,NASDAQ,1652005,22.97,73.25,-13,-36,-45.79,,,,,,,23,36,13,40,,0,0,0,0,0,0,2157898882.811737,98489224.0,0.1468,-0.022,1628625,1681327,0,29.7,,2026-06-11
1925,NOG,Energy,Oil & Gas E&P,NYSE,2672899,21.35,73.24,-15,14,-34.55,,,,,,,23,38,67,16,,0,0,0,0,0,0,2282291501.122566,108784154.0,0.19299999,-0.071,2504538,2535683,0,40.3,,2026-06-11
1926,IP,Consumer Cyclical,Packaging & Containers,NYSE,6687766,31.85,73.23,7,23,-43.26,,,,,,,23,16,32,20,,0,0,0,0,0,0,17797065819.331512,529516974.0,0.1499,0.134,5656939,6825825,0,22.7,,2026-06-11
1927,OKLO,Utilities,Utilities - Independent Power Producers,NYSE,14541349,54.02,73.21,-56,-84,-72.13,,,,,,,23,79,51,96,,0,0,0,0,0,0,10107136461.378918,173990987.0,0.2309,,16518438,14389557,1,75.3,,2026-06-11
1928,VST,Utilities,Utilities - Independent Power Producers,NYSE,5282886,138.54,73.19,-5,12,-36.98,,,,,,,22,27,44,53,,0,0,0,0,0,0,50159262087.48138,337182468.0,0.0461,0.434,3931230,4617846,0,41.3,,2026-06-11
1929,AVPT,Technology,Software - Infrastructure,NASDAQ,2188829,10.72,73.09,2,-1,-46.27,,,,,,,22,20,17,22,,0,0,0,0,0,0,2277064636.513115,212017196.0,0.0614,0.26,2191618,1891565,0,19.7,,2026-06-11
1930,GOOS,Consumer Cyclical,Apparel Manufacturing,NYSE,672844,9.82,73.06,-16,-17,-36.34,,,,,,,22,38,37,74,,0,0,0,0,0,0,950053056.8201694,97142442.0,0.0883,0.179,741064,568064,0,49.7,,2026-06-11
1931,CHPT,Consumer Cyclical,Specialty Retail,NYSE,580045,6.4,73.04,5,-4,-63.22,,,,,,,22,17,8,9,,0,0,0,0,0,0,186980890.3864608,25897631.0,0.1472,0.073,730106,551903,0,11.3,,2026-06-11
1932,NU,Financial Services,Banks - Regional,NYSE,60359135,11.62,72.98,-7,11,-38.78,,,,,,,22,29,47,78,,0,0,0,0,0,0,58195044072.69498,4861741251.0,0.0379,0.437,74812695,51774631,0,51.3,,2026-06-11
1933,SMCI,Technology,Computer Hardware,NASDAQ,48921293,29.27,72.96,-9,-12,-53.06,,,,,,,22,31,28,17,,0,0,0,0,0,0,25043065223.40329,601418482.0,0.18049999,1.227,67689021,41727622,0,25.3,,2026-06-11
1934,ARHS,Consumer Cyclical,Specialty Retail,NASDAQ,1432997,6.7,72.94,11,21,-48.38,,,,,,,22,11,21,67,,0,0,0,0,0,0,895948594.3213501,141540064.0,0.0876,0.009,992932,1358890,0,33.0,,2026-06-11
1935,STEP,Financial Services,Asset Management,NASDAQ,1087216,42.35,72.79,-13,-25,-45.56,,,,,,,22,35,23,61,,0,0,0,0,0,0,3668219730.76672,81679353.0,0.0664,0.558,1556989,1053497,0,39.7,,2026-06-11
1936,IBP,Consumer Cyclical,Residential Construction,NYSE,542956,195.65,72.77,0,63,-43.94,,,,,,,22,22,85,83,,0,0,0,0,0,0,5323753719.543304,26940710.0,0.06,-0.035,462540,449518,0,63.3,,2026-06-11
1937,ENOV,Healthcare,Medical Devices,NYSE,1134834,21.97,72.74,-13,-26,-40.33,,,,,,,22,35,22,16,,0,0,0,0,0,0,1368838738.8651028,57562603.0,0.1741,0.054,1019683,1002522,0,24.3,,2026-06-11
1938,OTIS,Industrials,Specialty Industrial Machinery,NYSE,3690764,69.66,72.57,-1,11,-31.32,,,,,,,22,23,35,33,,0,0,0,0,0,0,26990587380.62976,383716076.0,0.039,0.064,3090274,3562878,0,30.3,,2026-06-11
1939,XP,Financial Services,Capital Markets,NASDAQ,6154631,14.94,72.52,-18,10,-35.41,,,,,,,22,40,68,39,,0,0,0,0,0,0,7925831855.038719,516677430.0,0.044099998,0.097,6238313,5584574,0,49.0,,2026-06-11
1940,WGO,Consumer Cyclical,Recreational Vehicles,NYSE,628927,27.59,72.52,3,26,-45.0,,,,,,,22,19,42,68,,0,0,0,0,0,0,782962321.4650841,28265787.0,0.090500005,0.06,643631,658642,0,43.0,,2026-06-11
1941,CLBT,Technology,Software - Infrastructure,NASDAQ,2387805,12.99,72.48,-2,0,-34.98,,,,,,,22,24,26,49,,0,0,0,0,0,0,3444763977.4391127,249439817.0,0.033299997,0.193,2428237,2105059,0,33.0,,2026-06-11
1942,WEN,Consumer Cyclical,Restaurants,NASDAQ,12232405,6.63,72.44,-8,-19,-47.0,,,,,,,22,30,19,16,,0,0,0,0,0,0,1278125101.6662598,190480640.0,0.3734,0.033,8587346,10232437,0,21.7,,2026-06-11
1943,FIGR,Financial Services,Capital Markets,NASDAQ,3832682,28.07,72.43,-48,-73,-64.01,,,,,,,22,70,45,66,,0,0,0,0,0,0,6299163137.404032,221100849.0,0.0582,1.192,3364427,3907351,0,60.3,,2026-06-11
1944,MMS,Industrials,Specialty Business Services,NYSE,762722,61.34,72.34,2,19,-38.66,,,,,,,22,20,37,73,,0,0,0,0,0,0,3180793624.122139,52540363.0,0.1167,-0.041,517898,730027,0,43.3,,2026-06-11
1945,PCTY,Technology,Software - Application,NASDAQ,765882,111.64,72.2,2,-3,-43.55,,,,,,,22,20,15,24,,0,0,0,0,0,0,6075108771.658951,53544058.0,0.0677,0.105,606868,782349,0,19.7,,2026-06-11
1946,IRTC,Healthcare,Medical Devices,NASDAQ,595953,113.94,72.2,4,10,-46.25,,,,,,,22,18,24,84,,0,0,0,0,0,0,3552590727.1569214,32862408.0,0.0953,0.257,576060,508648,0,42.0,,2026-06-11
1947,PFSI,Financial Services,Mortgage Finance,NYSE,567051,80.08,72.16,-7,-13,-50.06,,,,,,,22,29,23,77,,0,0,0,0,0,0,4218376734.0765,51924875.0,0.0686,-0.166,580655,539677,0,43.0,,2026-06-11
1948,WB,Communication Services,Internet Content & Information,NASDAQ,1297596,7.66,72.12,-8,0,-40.9,,,,,,,22,30,38,39,,0,0,0,0,0,0,1891678757.541676,245672572.0,0.184,0.062,1488039,1252185,0,35.7,,2026-06-11
1949,SSTK,Communication Services,Internet Content & Information,NYSE,534284,13.7,72.11,-4,2,-53.56,,,,,,,22,26,32,29,,0,0,0,0,0,0,476124662.841444,36738014.0,0.0529,-0.179,1001092,408550,0,29.0,,2026-06-11
1950,GFL,Industrials,Waste Management,NYSE,2458457,36.59,71.97,2,18,-28.97,,,,,,,22,20,36,33,,0,0,0,0,0,0,12818089866.511677,360971289.0,0.0642,0.054,2951731,2663462,0,29.7,,2026-06-11
1951,QFIN,Financial Services,Credit Services,NASDAQ,1679621,14.83,71.94,11,9,-67.89,,,,,,,22,11,9,8,,0,0,0,0,0,0,1769054842.0087397,121751884.0,0.0201,-0.167,2023393,1470812,0,9.3,,2026-06-11
1952,GRND,Technology,Software - Application,NYSE,1715990,11.58,71.9,-26,-50,-51.24,,,,,,,22,48,24,19,,0,0,0,0,0,0,1937213081.50292,177725977.0,0.13430001,0.383,1784372,1457674,0,30.3,,2026-06-11
1953,TEAM,Technology,Software - Application,NASDAQ,7597160,91.54,71.87,8,0,-58.88,,,,,,,22,14,6,20,,0,0,0,0,0,0,25242289542.915222,253767862.0,0.1249,0.317,6298392,7671916,0,13.3,,2026-06-11
1954,UPST,Financial Services,Credit Services,NASDAQ,4929248,30.3,71.81,8,4,-65.29,,,,,,,21,13,9,16,,0,0,0,0,0,0,2846462040.1533604,95711569.0,0.3196,0.446,4634914,4660272,0,12.7,,2026-06-11
1955,KBR,Industrials,Engineering & Construction,NYSE,2051591,34.22,71.77,6,14,-37.07,,,,,,,21,15,23,22,,0,0,0,0,0,0,4508651045.039509,126789957.0,0.060399998,-0.047,2038463,1767548,0,20.0,,2026-06-11
1956,XRAY,Healthcare,Medical Instruments & Supplies,NASDAQ,5999720,10.04,71.66,-3,7,-41.25,,,,,,,21,24,34,18,,0,0,0,0,0,0,2003266830.0,200326683.0,0.1319,0.001,5969930,4844282,0,25.3,,2026-06-11
1957,JOBY,Industrials,Airports & Air Services,NYSE,31860369,8.86,71.54,-16,-14,-57.71,,,,,,,21,37,39,89,,0,0,0,0,0,0,9393789424.214985,983642852.0,0.1297,,30336769,28929965,0,55.0,,2026-06-11
1958,CRBP,Healthcare,Biotechnology,NASDAQ,596264,7.7,71.52,-63,-81,-62.55,,,,,,,21,84,66,30,,0,0,0,0,0,0,140070129.13983107,18527795.0,0.0743,,588292,463178,0,60.0,,2026-06-11
1959,VRSK,Industrials,Consulting Services,NASDAQ,1995531,183.13,71.51,1,7,-42.49,,,,,,,21,20,26,21,,0,0,0,0,0,0,23810598423.414307,131021840.0,0.0651,0.039,2003983,1971418,0,22.3,,2026-06-11
1960,TEM,Healthcare,Health Information Services,NASDAQ,6995650,49.48,71.48,2,5,-52.57,,,,,,,21,19,22,69,,0,0,0,0,0,0,8337192186.608818,179564767.0,0.3552,0.361,8688352,6341858,0,36.7,,2026-06-11
1961,MELI,Consumer Cyclical,Internet Retail,NASDAQ,664663,1588.29,71.46,5,15,-39.96,,,,,,,21,16,26,26,,0,0,0,0,0,0,81510931695.04834,50697182.0,0.020499999,0.49,526470,553644,0,22.7,,2026-06-11
1962,TTEK,Industrials,Engineering & Construction,NASDAQ,3825708,27.15,71.31,1,18,-37.07,,,,,,,21,20,37,37,,0,0,0,0,0,0,7240739003.099184,259524699.0,0.0577,-0.049,3752155,3323835,0,31.3,,2026-06-11
1963,SITE,Industrials,Industrial Distribution,NYSE,1028781,104.24,71.28,-4,21,-38.16,,,,,,,21,25,50,40,,0,0,0,0,0,0,4654579591.667984,44308229.0,0.071100004,0.001,891243,858712,0,38.3,,2026-06-11
1964,LIF,Technology,Software - Application,NASDAQ,794596,44.85,71.16,10,14,-60.15,,,,,,,21,11,15,59,,0,0,0,0,0,0,3676407734.118816,81031691.0,0.1383,0.381,768110,865042,0,28.3,,2026-06-11
1965,FDP,Consumer Defensive,Farm Products,NYSE,512253,29.08,71.1,-16,25,-33.27,,,,,,,21,37,78,71,,0,0,0,0,0,0,1404461519.4588432,47576609.0,0.074099995,-0.049,689331,406022,0,62.0,,2026-06-11
1966,IMSR,Utilities,Utilities - Regulated Electric,NASDAQ,3508734,6.84,71.01,2,-3,-78.29,,,,,,,21,19,14,15,,0,0,0,0,0,0,803405992.1463614,106411387.0,0.0844,,3938804,3048334,0,16.0,,2026-06-11
1967,TCOM,Consumer Cyclical,Travel Services,NASDAQ,2850439,47.97,70.96,-3,-4,-39.27,,,,,,,21,24,23,50,,0,0,0,0,0,0,30030641172.41148,629705222.0,0.0231,0.208,2725488,2762507,0,32.3,,2026-06-11
1968,INHD,Basic Materials,Steel,NASDAQ,10962762,39.49,70.96,21,22,-99.48,,,,,,,21,0,1,0,,0,0,0,0,0,0,4746732.684436321,4520698.0,0.061100002,0.949,27972270,6957229,0,0.3,,2026-06-11
1969,EXLS,Technology,Information Technology Services,NASDAQ,2612468,29.02,70.95,-1,-7,-40.21,,,,,,,21,22,16,34,,0,0,0,0,0,0,4533069574.426413,152782931.0,0.1087,0.138,2475096,2402655,0,24.0,,2026-06-11
1970,OTEX,Technology,Software - Application,NASDAQ,2984380,21.68,70.9,-7,-15,-45.66,,,,,,,21,28,20,64,,0,0,0,0,0,0,5610353966.850357,242662360.0,0.0542,0.022,3185110,2435098,0,37.3,,2026-06-11
1971,MKC,Consumer Defensive,Packaged Foods,NYSE,3716545,49.69,70.87,7,20,-36.43,,,,,,,21,14,27,35,,0,0,0,0,0,0,12700152983.044376,268843195.0,0.0,0.167,4015167,4314269,0,25.3,,2026-06-11
1972,MLTX,Healthcare,Biotechnology,NASDAQ,897150,17.49,70.8,-14,-33,-72.13,,,,,,,21,35,16,3,,0,0,0,0,0,0,1317715560.317955,73615396.0,0.1088,,793300,1045802,0,18.0,,2026-06-11
1973,RMD,Healthcare,Medical Instruments & Supplies,NYSE,1577821,193.57,70.74,0,17,-34.12,,,,,,,20,20,37,43,,0,0,0,0,0,0,28436852545.470703,145056384.0,0.1078,0.108,1692934,1345636,0,33.3,,2026-06-11
1974,DLB,Industrials,Specialty Business Services,NYSE,882486,52.89,70.65,-1,8,-31.31,,,,,,,20,21,30,28,,0,0,0,0,0,0,5087486509.223785,94598115.0,0.1017,0.071,738588,735873,0,26.3,,2026-06-11
1975,PTC,Technology,Software - Application,NASDAQ,1589223,135.08,70.59,-4,5,-38.51,,,,,,,20,24,33,34,,0,0,0,0,0,0,15824293367.0,115505791.0,0.0577,0.217,1740511,1389856,0,30.3,,2026-06-11
1976,BULL,Technology,Software - Application,NASDAQ,13440133,6.12,70.57,0,-12,-66.59,,,,,,,20,20,8,16,,0,0,0,0,0,0,2978184473.28182,531818665.0,0.0425,0.363,14388481,14030100,0,14.7,,2026-06-11
1977,GIB,Technology,Information Technology Services,NYSE,518153,66.85,70.53,3,7,-39.27,,,,,,,20,17,21,29,,0,0,0,0,0,0,14089780304.680298,209420044.0,9.23,0.033,418881,494240,0,22.3,,2026-06-11
1978,HDSN,Basic Materials,Specialty Chemicals,NASDAQ,539352,5.45,70.5,9,22,-48.19,,,,,,,20,11,24,42,,0,0,0,0,0,0,225488709.2967892,42068788.0,0.0369,0.087,412317,429491,0,25.7,,2026-06-11
1979,POOL,Industrials,Industrial Distribution,NASDAQ,942555,189.89,70.45,8,17,-44.96,,,,,,,20,12,21,17,,0,0,0,0,0,0,6760906072.261307,36443003.0,0.1216,0.062,948227,857245,0,16.7,,2026-06-11
1980,RKT,Financial Services,Mortgage Finance,NYSE,23508237,12.54,70.44,-11,-10,-48.52,,,,,,,20,31,32,75,,0,0,0,0,0,0,35792284903.95822,2829429722.0,0.074200004,1.671,23275131,24354056,0,46.0,,2026-06-11
1981,ROP,Technology,Software - Application,NASDAQ,1083938,334.1,70.42,1,0,-42.05,,,,,,,20,19,18,23,,0,0,0,0,0,0,33522727573.479187,100917359.0,0.0461,0.113,1031126,1125241,0,20.0,,2026-06-11
1982,VYX,Technology,Information Technology Services,NYSE,2356648,6.98,70.39,5,4,-52.42,,,,,,,20,15,14,21,,0,0,0,0,0,0,952247558.222294,137807175.0,0.3335,-0.01,2316765,2248507,0,16.7,,2026-06-11
1983,ADSK,Technology,Software - Application,NASDAQ,2251687,221.28,70.36,-9,-8,-32.76,,,,,,,20,29,30,39,,0,0,0,0,0,0,48554963337.56117,211145251.0,0.0313,0.184,3040052,2116084,0,32.7,,2026-06-11
1984,CPRT,Industrials,Specialty Business Services,NASDAQ,9499583,31.36,70.33,3,8,-38.4,,,,,,,20,17,22,19,,0,0,0,0,0,0,28663122635.114277,925811482.0,0.045900002,0.021,10905829,8831321,0,19.3,,2026-06-11
1985,YMM,Technology,Software - Application,NYSE,11165647,8.34,70.28,-1,-3,-40.72,,,,,,,20,21,19,28,,0,0,0,0,0,0,8984231286.050789,1045894194.0,0.0175,0.055,17922822,8806096,0,22.7,,2026-06-11
1986,PZZA,Consumer Cyclical,Restaurants,NASDAQ,1254931,31.73,70.27,-9,-12,-43.07,,,,,,,20,29,26,30,,0,0,0,0,0,0,1050232289.3902245,32902014.0,0.2476,-0.077,1112593,1057880,0,28.3,,2026-06-11
1987,NFLX,Communication Services,Entertainment,NASDAQ,34310951,82.0,70.21,-10,-4,-38.86,,,,,,,20,30,36,26,,0,0,0,0,0,0,346043424316.0737,4210798528.0,0.0234,0.162,37567604,37838816,0,30.7,,2026-06-11
1988,EFX,Industrials,Consulting Services,NYSE,1558652,166.06,70.2,2,8,-39.81,,,,,,,20,18,24,25,,0,0,0,0,0,0,20764833770.64612,120634597.0,0.0571,0.143,1571207,1667943,0,22.3,,2026-06-11
1989,EXPO,Industrials,Engineering & Construction,NASDAQ,566727,55.37,70.15,-1,12,-32.43,,,,,,,20,21,34,39,,0,0,0,0,0,0,2894203778.737713,48511629.0,0.0842,0.105,634952,523084,0,31.3,,2026-06-11
1990,OWL,Financial Services,Asset Management,NYSE,28638854,9.47,70.04,7,3,-55.08,,,,,,,20,13,9,21,,0,0,0,0,0,0,6622863776.299081,675802413.0,0.2376,0.103,26901834,28793192,0,14.3,,2026-06-11
1991,NAVI,Financial Services,Credit Services,NASDAQ,1223041,7.9,70.02,2,-1,-50.84,,,,,,,20,18,15,41,,0,0,0,0,0,0,734057341.3918824,93989417.0,0.2288,-0.008,1525283,1088516,0,24.7,,2026-06-11
1992,EEFT,Technology,Software - Infrastructure,NASDAQ,716532,64.01,69.93,-7,-10,-43.97,,,,,,,20,27,24,19,,0,0,0,0,0,0,2541131692.222824,38075094.0,0.1309,0.105,730886,701313,0,23.3,,2026-06-11
1993,APPN,Technology,Software - Infrastructure,NASDAQ,1113766,23.44,69.92,4,12,-49.11,,,,,,,20,16,24,68,,0,0,0,0,0,0,1815481693.9945984,73412120.0,0.1523,0.215,1243890,993318,0,36.0,,2026-06-11
1994,G,Technology,Information Technology Services,NYSE,3249848,32.19,69.86,1,10,-33.82,,,,,,,20,19,28,65,,0,0,0,0,0,0,5529302175.147514,169506510.0,0.122600004,0.067,2841815,2949723,0,37.3,,2026-06-11
1995,ITRI,Technology,Scientific & Technical Instruments,NASDAQ,713078,79.68,69.83,2,13,-43.89,,,,,,,20,18,29,21,,0,0,0,0,0,0,3550251500.758705,44339347.0,0.1933,-0.033,633884,798414,0,22.7,,2026-06-11
1996,NNE,Industrials,Specialty Industrial Machinery,NASDAQ,2960765,22.11,69.8,-12,-29,-63.68,,,,,,,20,32,15,39,,0,0,0,0,0,0,1227991347.1639156,52121875.0,0.2177,,3581085,2618121,0,28.7,,2026-06-11
1997,NRG,Utilities,Utilities - Independent Power Producers,NYSE,2711856,120.65,69.67,-7,32,-36.49,,,,,,,20,27,66,81,,0,0,0,0,0,0,27259451280.12039,210986470.0,0.0257,0.195,2392579,2683973,0,58.0,,2026-06-11
1998,JBI,Industrials,Building Products & Equipment,NYSE,1900277,5.15,69.65,8,12,-52.31,,,,,,,20,12,16,18,,0,0,0,0,0,0,695601527.8926015,136392459.0,0.0377,0.058,1827912,1665514,0,15.3,,2026-06-11
1999,CAG,Consumer Defensive,Packaged Foods,NYSE,14536188,13.34,69.53,2,13,-40.92,,,,,,,19,17,28,24,,0,0,0,0,0,0,6224467509.065575,478437156.0,0.12100001,-0.019,15016035,14804749,0,23.0,,2026-06-11
2000,CEG,Utilities,Utilities - Independent Power Producers,NASDAQ,3876044,242.3,69.46,-18,-1,-41.29,,,,,,,19,37,54,85,,0,0,0,0,0,0,91000307645.98332,357102017.0,0.0325,0.638,4732513,3495940,0,58.7,,2026-06-11
2001,ATHM,Communication Services,Internet Content & Information,NYSE,627951,17.46,69.44,0,-1,-41.64,,,,,,,19,19,18,22,,0,0,0,0,0,0,1903775237.911589,115170911.0,0.0232,-0.279,754305,585379,0,19.7,,2026-06-11
2002,BWIN,Financial Services,Insurance Brokers,NASDAQ,1452180,19.37,69.31,-7,-15,-57.11,,,,,,,19,26,18,10,,0,0,0,0,0,0,1938100203.7031744,97489954.0,0.1491,0.287,1599750,1416192,0,18.0,,2026-06-11
2003,GIS,Consumer Defensive,Packaged Foods,NYSE,10112473,33.82,69.25,4,13,-38.72,,,,,,,19,15,24,27,,0,0,0,0,0,0,17691533191.032913,533681218.0,0.1126,0.022,11261189,9316253,0,22.0,,2026-06-11
2004,EVTC,Technology,Software - Infrastructure,NYSE,697878,23.94,69.15,-3,9,-37.03,,,,,,,19,22,34,23,,0,0,0,0,0,0,1376598494.3625183,61620344.0,0.048299998,0.084,686204,536500,0,26.3,,2026-06-11
2005,TTAN,Technology,Software - Application,NASDAQ,1494173,71.39,69.1,4,6,-40.5,,,,,,,19,15,17,42,,0,0,0,0,0,0,7383040710.950722,95388121.0,0.1441,0.246,2307979,1312785,0,24.7,,2026-06-11
2006,RWAY,Financial Services,Asset Management,NASDAQ,658190,6.05,69.06,1,3,-46.95,,,,,,,19,18,20,32,,0,0,0,0,0,0,261581596.8804245,42464546.0,0.1181,-0.168,539832,697894,0,23.3,,2026-06-11
2007,AVAV,Industrials,Aerospace & Defense,NASDAQ,1265012,172.93,69.02,4,51,-58.62,,,,,,,19,15,62,80,,0,0,0,0,0,0,9408494707.659348,50605071.0,0.12109999,1.434,1565087,1196483,0,52.3,,2026-06-11
2008,STLA,Consumer Cyclical,Auto Manufacturers,NYSE,18228095,6.57,69.02,-4,-14,-46.24,,,,,,,19,23,13,67,,0,0,0,0,0,0,20601280596.00902,2897507765.0,0.027,0.065,15191007,19360485,0,34.3,,2026-06-11
2009,GDYN,Technology,Information Technology Services,NASDAQ,2480773,6.13,68.98,-4,-15,-52.33,,,,,,,19,23,12,27,,0,0,0,0,0,0,547750669.650404,83626054.0,0.13239999,0.037,2199009,1966769,0,20.7,,2026-06-11
2010,HSAI,Consumer Cyclical,Auto Parts,NASDAQ,1776668,17.53,68.91,-15,23,-43.18,,,,,,,19,34,72,69,,0,0,0,0,0,0,2905559445.4230022,157142211.0,0.0416,0.296,1983044,1793508,0,58.3,,2026-06-11
2011,GPK,Consumer Cyclical,Packaging & Containers,NYSE,7993043,10.33,68.87,8,6,-56.52,,,,,,,19,11,9,14,,0,0,0,0,0,0,3118653047.692792,295887387.0,0.1739,0.017,8072100,7163118,0,11.3,,2026-06-11
2012,FWRG,Consumer Cyclical,Restaurants,NASDAQ,1404391,10.98,68.85,6,13,-43.78,,,,,,,19,13,20,40,,0,0,0,0,0,0,627544948.1125259,61644885.0,0.0845,0.173,1284973,1407436,0,24.3,,2026-06-11
2013,JACK,Consumer Cyclical,Restaurants,NASDAQ,832847,12.37,68.59,5,3,-51.18,,,,,,,19,14,12,28,,0,0,0,0,0,0,215913327.29919437,19073616.0,0.3157,-0.043,709083,840024,0,18.0,,2026-06-11
2014,DFH,Consumer Cyclical,Residential Construction,NYSE,813880,14.43,68.59,9,16,-54.18,,,,,,,19,10,17,16,,0,0,0,0,0,0,1336417342.1179962,91535432.0,0.4202,-0.103,562840,715492,0,14.3,,2026-06-11
2015,DUOL,Technology,Software - Application,NASDAQ,1836109,121.92,68.49,9,4,-76.07,,,,,,,19,10,5,9,,0,0,0,0,0,0,5080047489.633636,46593117.0,0.2226,0.265,1562219,1793813,0,8.0,,2026-06-11
2016,BILI,Communication Services,Internet Content & Information,NASDAQ,3755694,18.08,68.41,-5,38,-50.33,,,,,,,19,24,67,62,,0,0,0,0,0,0,7277181006.795891,416791603.0,0.0523,0.067,3023574,3073786,0,51.0,,2026-06-11
2017,WDAY,Technology,Software - Application,NASDAQ,5235324,137.47,68.31,8,8,-46.53,,,,,,,19,11,11,27,,0,0,0,0,0,0,35633333248.6387,246973479.0,0.1519,0.135,5603203,5156344,0,16.3,,2026-06-11
2018,ASAN,Technology,Software - Application,NYSE,7024687,7.58,68.22,11,11,-51.75,,,,,,,19,8,8,33,,0,0,0,0,0,0,1807197078.8530085,230509827.0,0.3437,0.095,8603243,7069020,0,16.3,,2026-06-11
2019,SPT,Technology,Software - Application,NASDAQ,1504420,7.07,68.21,8,2,-68.7,,,,,,,19,11,5,9,,0,0,0,0,0,0,434563040.88642216,60105538.0,0.1058,0.112,1419812,1475364,0,8.3,,2026-06-11
2020,DASH,Consumer Cyclical,Internet Retail,NASDAQ,5101428,151.0,68.19,-2,0,-47.11,,,,,,,18,20,22,57,,0,0,0,0,0,0,68320696939.308014,435718722.0,0.036199998,0.331,4521816,4650349,0,33.0,,2026-06-11
2021,RYAN,Financial Services,Insurance - Specialty,NYSE,2919940,34.67,68.16,8,11,-50.11,,,,,,,18,10,13,26,,0,0,0,0,0,0,4215482685.957428,129468136.0,0.1176,0.158,2567261,2534304,0,16.3,,2026-06-11
2022,WRD,Technology,Software - Application,NASDAQ,2883778,6.1,68.15,-13,-29,-51.39,,,,,,,18,31,15,18,,0,0,0,0,0,0,2178267948.324876,330040603.0,0.0399,0.576,3240484,2864692,0,21.3,,2026-06-11
2023,FND,Consumer Cyclical,Home Improvement Retail,NYSE,3209055,49.34,68.09,5,17,-46.6,,,,,,,18,13,25,15,,0,0,0,0,0,0,5124743635.006142,108094150.0,0.1197,-0.007,2495245,3096515,0,17.7,,2026-06-11
2024,UTZ,Consumer Defensive,Packaged Foods,NYSE,2013340,7.09,67.99,6,9,-51.67,,,,,,,18,12,15,19,,0,0,0,0,0,0,625957036.4683938,88537061.0,0.1153,0.026,1612500,1925782,0,15.3,,2026-06-11
2025,HNI,Consumer Cyclical,"Furnishings, Fixtures & Appliances",NYSE,729489,31.83,67.93,4,26,-40.27,,,,,,,18,14,36,28,,0,0,0,0,0,0,2241859111.179016,71992908.0,0.0396,1.247,635967,676603,0,26.0,,2026-06-11
2026,AXON,Industrials,Aerospace & Defense,NASDAQ,1259840,447.59,67.91,3,11,-49.48,,,,,,,18,15,23,20,,0,0,0,0,0,0,39182281277.67517,80602077.0,0.0494,0.337,1283272,1212998,0,19.3,,2026-06-11
2027,CWH,Consumer Cyclical,Auto & Truck Dealerships,NYSE,2757015,7.22,67.86,12,13,-63.24,,,,,,,18,6,7,9,,0,0,0,0,0,0,407161805.74765015,63519784.0,0.1975,-0.042,2264745,2978001,0,7.3,,2026-06-11
2028,ZLAB,Healthcare,Biotechnology,NASDAQ,860685,17.26,67.81,-6,-10,-61.07,,,,,,,18,24,20,7,,0,0,0,0,0,0,1867337834.2519493,112354858.0,0.0471,-0.065,1112906,861371,0,17.0,,2026-06-11
2029,UHS,Healthcare,Medical Care Facilities,NYSE,1194605,144.82,67.78,-5,22,-41.21,,,,,,,18,23,50,78,,0,0,0,0,0,0,8788061963.82463,60536351.0,0.070700005,0.096,1539905,978775,0,50.3,,2026-06-11
2030,DOX,Technology,Software - Infrastructure,NASDAQ,1137863,56.97,67.77,-3,1,-40.29,,,,,,,18,21,25,32,,0,0,0,0,0,0,6379394776.199341,106164000.0,0.0739,0.039,1301650,1048054,0,26.0,,2026-06-11
2031,SMMT,Healthcare,Biotechnology,NASDAQ,5575953,13.05,67.74,-25,-38,-57.88,,,,,,,18,43,30,28,,0,0,0,0,0,0,11463922621.949062,776162645.0,0.2211,,7656210,4897580,0,33.7,,2026-06-11
2032,JKHY,Technology,Information Technology Services,NASDAQ,1611885,127.59,67.74,-10,2,-34.02,,,,,,,18,28,40,68,,0,0,0,0,0,0,9244417029.165956,71050780.0,0.0921,0.087,2116815,1305943,0,45.3,,2026-06-11
2033,BRO,Financial Services,Insurance Brokers,NYSE,3509093,60.18,67.73,4,10,-45.83,,,,,,,18,14,20,20,,0,0,0,0,0,0,19950470128.137344,338947841.0,0.062800005,0.357,3255909,3122083,0,18.0,,2026-06-11
2034,VNT,Technology,Scientific & Technical Instruments,NYSE,2227794,28.32,67.72,1,29,-41.24,,,,,,,18,17,45,38,,0,0,0,0,0,0,3963519946.289063,140800000.0,0.0766,0.013,1835523,1697648,0,33.3,,2026-06-11
2035,OLED,Technology,Electronic Components,NASDAQ,1048539,87.57,67.7,4,9,-46.35,,,,,,,18,14,19,20,,0,0,0,0,0,0,4025719252.54448,46750891.0,0.0713,-0.145,711187,887437,0,17.7,,2026-06-11
2036,CXM,Technology,Software - Application,NYSE,3636338,5.35,67.67,1,2,-43.09,,,,,,,18,17,18,35,,0,0,0,0,0,0,1258752380.5956087,233968839.0,0.2031,0.068,3684875,4130341,0,23.3,,2026-06-11
2037,BSY,Technology,Software - Application,NASDAQ,2641046,32.45,67.65,-2,8,-45.23,,,,,,,18,20,30,23,,0,0,0,0,0,0,10004024567.531387,303796674.0,0.105100006,0.145,2589388,2402039,0,24.3,,2026-06-11
2038,ABT,Healthcare,Medical Devices,NYSE,12596706,89.17,67.64,4,20,-35.88,,,,,,,18,14,30,45,,0,0,0,0,0,0,158626923403.22083,1741813154.0,0.0149,0.078,12793040,12464644,0,29.7,,2026-06-11
2039,DPZ,Consumer Cyclical,Restaurants,NASDAQ,817745,314.77,67.42,0,16,-36.54,,,,,,,18,18,34,41,,0,0,0,0,0,0,10443894236.47705,33261870.0,0.1176,0.035,684075,893281,0,31.0,,2026-06-11
2040,CTSH,Technology,Information Technology Services,NASDAQ,8608841,51.81,67.39,5,16,-40.47,,,,,,,18,13,24,68,,0,0,0,0,0,0,25168329566.955566,473000000.0,0.100200005,0.058,8944865,7437401,0,35.0,,2026-06-11
2041,PPC,Consumer Defensive,Packaged Foods,NASDAQ,1558657,29.5,67.36,5,24,-41.65,,,,,,,18,13,32,32,,0,0,0,0,0,0,7109107397.407961,237921941.0,0.0228,0.016,1496572,1350498,0,25.7,,2026-06-11
2042,BZ,Communication Services,Internet Content & Information,NASDAQ,3956640,13.24,67.35,1,3,-47.59,,,,,,,18,17,19,55,,0,0,0,0,0,0,6322262189.900266,450624541.0,0.0477,0.076,3821842,3860526,0,30.3,,2026-06-11
2043,PDD,Consumer Cyclical,Internet Retail,NASDAQ,10172139,81.82,67.32,-6,5,-41.31,,,,,,,18,24,35,33,,0,0,0,0,0,0,121088336587.95387,1423396462.0,0.0369,0.11,13321437,8822901,0,30.7,,2026-06-11
2044,JANX,Healthcare,Biotechnology,NASDAQ,898547,13.15,67.31,-1,-4,-62.79,,,,,,,18,19,16,7,,0,0,0,0,0,0,814750948.5026836,60984354.0,0.16440001,,736163,943312,0,14.0,,2026-06-11
2045,SAP,Technology,Software - Application,NYSE,3491054,170.3,67.3,3,9,-45.64,,,,,,,18,15,21,30,,0,0,0,0,0,0,217831324999.32217,1178932294.0,0.0098,0.06,3638384,3618472,0,22.0,,2026-06-11
2046,INFY,Technology,Information Technology Services,NYSE,16800085,11.76,67.26,2,7,-60.8,,,,,,,18,16,21,37,,0,0,0,0,0,0,50202700381.17976,4048604994.0,0.041100003,0.066,19141375,17039709,0,24.7,,2026-06-11
2047,ESAB,Industrials,Metal Fabrication,NYSE,605302,82.92,67.1,-1,9,-39.66,,,,,,,17,18,28,40,,0,0,0,0,0,0,5354546384.60376,60881712.0,0.0531,0.099,564457,649979,0,28.7,,2026-06-11
2048,DOCU,Technology,Software - Application,NASDAQ,3685647,45.13,67.08,-2,-8,-47.92,,,,,,,17,19,13,20,,0,0,0,0,0,0,9182210576.24836,194291386.0,0.106400006,0.087,5109822,3627020,0,17.3,,2026-06-11
2049,MIR,Industrials,Specialty Industrial Machinery,NYSE,4053615,15.82,67.05,-12,-7,-47.75,,,,,,,17,29,34,79,,0,0,0,0,0,0,4178719644.77425,244655718.0,0.1775,0.275,3756147,3745183,0,47.3,,2026-06-11
2050,NRDS,Communication Services,Internet Content & Information,NASDAQ,1138273,8.4,67.03,-1,12,-48.28,,,,,,,17,18,31,82,,0,0,0,0,0,0,524416286.70486593,65798783.0,0.1442,0.062,925751,874378,0,43.7,,2026-06-11
2051,PRGS,Technology,Software - Infrastructure,NASDAQ,632749,31.82,66.96,7,14,-51.42,,,,,,,17,10,17,22,,0,0,0,0,0,0,1319585235.2827454,42078610.0,0.1445,0.041,720808,891565,0,16.3,,2026-06-11
2052,CXT,Industrials,Specialty Industrial Machinery,NYSE,877864,37.59,66.79,-2,2,-45.52,,,,,,,17,19,23,25,,0,0,0,0,0,0,2079005781.1718788,57542367.0,0.17860001,0.174,988014,798120,0,22.3,,2026-06-11
2053,PBH,Healthcare,Drug Manufacturers - Specialty & Generic,NYSE,777541,49.13,66.7,0,15,-43.61,,,,,,,17,17,32,23,,0,0,0,0,0,0,2235018806.336838,47372166.0,0.08,-0.05,620793,681412,0,24.0,,2026-06-11
2054,CRM,Technology,Software - Application,NYSE,14302866,170.92,66.68,-3,-1,-38.25,,,,,,,17,20,22,34,,0,0,0,0,0,0,152055542999.26758,819000000.0,0.0885,0.133,18248369,14134763,0,25.3,,2026-06-11
2055,NCNO,Technology,Software - Application,NASDAQ,3645034,15.41,66.64,0,-7,-54.57,,,,,,,17,17,10,22,,0,0,0,0,0,0,1634530022.3582268,109552950.0,0.1376,0.106,4478203,3776360,0,16.3,,2026-06-11
2056,LZ,Industrials,Specialty Business Services,NASDAQ,3052522,5.87,66.61,2,0,-52.66,,,,,,,17,15,13,61,,0,0,0,0,0,0,985258126.0729446,171647764.0,0.1308,0.129,2673398,2853435,0,29.7,,2026-06-11
2057,TLRY,Healthcare,Drug Manufacturers - Specialty & Generic,NASDAQ,3918160,5.02,66.55,2,22,-78.36,,,,,,,17,15,35,94,,0,0,0,0,0,0,590844868.4638085,119604223.0,0.1416,-0.078,3944630,5252630,1,48.0,,2026-06-11
2058,SRPT,Healthcare,Biotechnology,NASDAQ,2981183,15.11,66.52,-19,-42,-65.6,,,,,,,17,36,13,19,,0,0,0,0,0,0,1662825496.5,105576222.0,0.2841,-0.019,3009189,2800593,0,22.7,,2026-06-11
2059,ORLA,Basic Materials,Gold,NYSE ARCA,3703921,9.78,66.43,-58,-44,-55.51,,,,,,,17,75,89,90,,0,0,0,0,0,0,3740173632.75402,345991997.0,1.86,1.693,4258604,3274120,1,84.7,,2026-06-11
2060,JKS,Technology,Solar,NYSE,845802,17.46,66.42,-32,-12,-45.23,,,,,,,17,49,69,76,,0,0,0,0,0,0,1050545943.3113022,52370188.0,0.043899998,-0.115,874697,801263,0,64.7,,2026-06-11
2061,QXO,Industrials,Industrial Distribution,NYSE,16200848,15.06,66.38,-11,30,-45.45,,,,,,,17,28,69,75,,0,0,0,0,0,0,11430812403.20922,725305345.0,0.1846,127.163,17168775,15917915,0,57.3,,2026-06-11
2062,CRCL,Financial Services,Capital Markets,NYSE,16905537,78.93,66.36,-72,-79,-73.6,,,,,,,17,89,82,15,,0,0,0,0,0,0,19955683384.962463,248576030.0,0.080299996,0.2,15110902,14633830,0,62.0,,2026-06-11
2063,PNR,Industrials,Specialty Industrial Machinery,NYSE,2289224,71.4,66.3,0,16,-37.34,,,,,,,17,17,33,51,,0,0,0,0,0,0,11821445570.740486,161605541.0,0.0502,0.026,2786224,2056252,0,33.7,,2026-06-11
2064,MRLN,Industrials,Aerospace & Defense,NASDAQ,3130706,7.05,66.26,-1,1,-58.53,,,,,,,17,18,20,60,,0,0,0,0,0,0,830106884.0210037,96524052.0,1.7,0.154,6097710,2478456,0,32.7,,2026-06-11
2065,XPEV,Consumer Cyclical,Auto Manufacturers,NYSE,6873515,14.86,66.22,-4,22,-47.37,,,,,,,17,21,47,44,,0,0,0,0,0,0,15244223323.205025,955750690.0,0.064899996,-0.176,7125695,6479617,0,37.3,,2026-06-11
2066,CAI,Healthcare,Biotechnology,NASDAQ,3087526,17.16,66.15,4,6,-59.62,,,,,,,17,13,15,32,,0,0,0,0,0,0,4661404595.849524,282680695.0,0.102,0.788,2828088,2564159,0,20.0,,2026-06-11
2067,VEEV,Healthcare,Health Information Services,NYSE,4029498,163.76,66.0,2,8,-47.26,,,,,,,17,15,21,24,,0,0,0,0,0,0,28169727361.38858,163198698.0,0.0694,0.163,3311134,3279692,0,20.0,,2026-06-11
2068,PYPL,Financial Services,Credit Services,NASDAQ,15871643,40.7,65.99,-8,-16,-48.81,,,,,,,17,25,17,24,,0,0,0,0,0,0,36422136613.5617,882105493.0,0.0545,0.072,16586529,14481667,0,22.0,,2026-06-11
2069,SRAD,Technology,Software - Application,NASDAQ,3285219,16.73,65.96,7,19,-48.08,,,,,,,17,10,22,34,,0,0,0,0,0,0,4113727988.9034,295951662.0,0.064,0.113,3362159,3943303,0,22.0,,2026-06-11
2070,FRPT,Consumer Defensive,Packaged Foods,NASDAQ,1828865,50.6,65.61,-2,50,-41.16,,,,,,,17,19,71,30,,0,0,0,0,0,0,2444362506.824543,49142791.0,0.22709998,0.131,1543896,1587111,0,40.0,,2026-06-11
2071,PLAY,Communication Services,Entertainment,NASDAQ,1662514,12.49,65.56,10,15,-64.85,,,,,,,17,7,12,21,,0,0,0,0,0,0,389081329.37398434,34739405.0,0.3439,-0.009,1610984,1772124,0,13.3,,2026-06-11
2072,CALX,Technology,Software - Infrastructure,NYSE,896835,38.59,65.5,-2,41,-45.82,,,,,,,17,19,62,75,,0,0,0,0,0,0,2377166312.9272194,63782299.0,0.118,0.271,1109505,1026465,0,52.0,,2026-06-11
2073,NKE,Consumer Cyclical,Footwear & Accessories,NYSE,21137331,43.96,65.39,3,16,-45.17,,,,,,,16,13,26,38,,0,0,0,0,0,0,63648524000.44371,1480887033.0,0.056999996,0.001,22399883,24817472,0,25.7,,2026-06-11
2074,BKKT,Technology,Software - Infrastructure,NYSE,2127127,7.68,65.16,-5,3,-84.58,,,,,,,16,21,29,33,,0,0,0,0,0,0,350055211.5091324,44706924.0,0.2035,-0.771,1872041,1685866,0,27.7,,2026-06-11
2075,ACN,Technology,Information Technology Services,NYSE,5582566,170.5,65.06,2,7,-47.01,,,,,,,16,14,19,37,,0,0,0,0,0,0,109701317091.75,615435159.0,0.043899998,0.083,5194638,5421951,0,23.3,,2026-06-11
2076,IT,Technology,Information Technology Services,NYSE,1772021,154.91,65.05,1,-4,-63.99,,,,,,,16,15,10,16,,0,0,0,0,0,0,10981449119.82933,66951889.0,0.2425,-0.015,2006003,1577896,0,13.7,,2026-06-11
2077,AMPL,Technology,Software - Application,NASDAQ,2927540,6.9,65.02,2,2,-52.38,,,,,,,16,14,14,33,,0,0,0,0,0,0,1015863404.123909,132619246.0,0.073,0.169,3264982,2411150,0,20.3,,2026-06-11
2078,ADBE,Technology,Software - Application,NASDAQ,4907247,233.38,65.02,-4,-8,-44.41,,,,,,,16,20,16,28,,0,0,0,0,0,0,101632048986.8164,404200000.0,0.052399997,0.12,5976361,5090116,0,21.3,,2026-06-11
2079,TOST,Technology,Software - Infrastructure,NYSE,12896250,24.3,64.98,3,12,-51.07,,,,,,,16,13,22,27,,0,0,0,0,0,0,14291199645.996094,580000000.0,0.0696,0.219,11203742,11302064,0,20.7,,2026-06-11
2080,GDDY,Technology,Software - Infrastructure,NYSE,2779316,80.28,64.9,0,-6,-56.12,,,,,,,16,16,10,16,,0,0,0,0,0,0,11172742526.185492,132409847.0,0.076799996,0.061,4067569,2419599,0,14.0,,2026-06-11
2081,FLO,Consumer Defensive,Packaged Foods,NYSE,9292736,7.77,64.78,5,12,-54.16,,,,,,,16,11,18,16,,0,0,0,0,0,0,1585709364.44345,211993230.0,0.1879,0.068,6490238,7375817,0,15.0,,2026-06-11
2082,BLDR,Industrials,Building Products & Equipment,NYSE,3083720,74.62,64.42,6,16,-50.59,,,,,,,16,10,20,20,,0,0,0,0,0,0,7920709202.990662,107559876.0,0.0964,-0.101,3078761,2637348,0,16.7,,2026-06-11
2083,NOW,Technology,Software - Application,NYSE,31202238,106.06,64.34,4,6,-49.85,,,,,,,16,12,14,21,,0,0,0,0,0,0,115970581452.69775,1031308000.0,0.0563,0.221,38672665,30063713,0,15.7,,2026-06-11
2084,LEU,Energy,Uranium,NYSE,900669,146.61,64.24,-51,-33,-68.42,,,,,,,16,67,85,95,,0,0,0,0,0,0,3182664589.305359,19672794.0,0.22569999,0.049,946358,901985,1,82.3,,2026-06-11
2085,LDOS,Technology,Information Technology Services,NYSE,1384503,121.69,64.17,-1,34,-40.86,,,,,,,16,17,52,71,,0,0,0,0,0,0,15651485572.766678,125785466.0,0.0404,0.037,1358990,1156692,0,46.7,,2026-06-11
2086,EYE,Consumer Cyclical,Specialty Retail,NASDAQ,2659082,17.58,64.02,-12,44,-41.44,,,,,,,16,28,84,92,,0,0,0,0,0,0,1237001273.9817097,80116665.0,0.1692,0.066,2202346,2149717,1,68.0,,2026-06-11
2087,COUR,Consumer Defensive,Education & Training Services,NYSE,6769229,5.34,63.87,-2,0,-60.62,,,,,,,16,18,20,27,,0,0,0,0,0,0,1566381656.959568,286358632.0,0.1004,0.091,7016928,6388299,0,21.7,,2026-06-11
2088,HDB,Financial Services,Banks - Regional,NYSE,9061770,23.2,63.79,2,16,-41.72,,,,,,,16,14,28,53,,0,0,0,0,0,0,120152148749.67052,5132513863.0,0.0039,-0.018,10646180,8894226,0,31.7,,2026-06-11
2089,BILL,Technology,Software - Application,NYSE,2864878,32.39,63.61,-16,-22,-43.38,,,,,,,15,31,25,48,,0,0,0,0,0,0,3582494391.768036,99596727.0,0.16950001,0.135,3108025,2395667,0,34.7,,2026-06-11
2090,MNSO,Consumer Cyclical,Specialty Retail,NYSE,544201,13.17,63.44,0,14,-50.75,,,,,,,15,15,29,31,,0,0,0,0,0,0,4034387708.829274,311535735.0,0.0182,0.285,700773,517312,0,25.0,,2026-06-11
2091,GT,Consumer Cyclical,Auto Parts,NASDAQ,8900811,5.87,63.27,3,11,-51.21,,,,,,,15,12,20,35,,0,0,0,0,0,0,1641274593.9749136,287438631.0,0.13939999,-0.087,7782195,8295805,0,22.3,,2026-06-11
2092,KDK,Technology,Software - Infrastructure,NASDAQ,1108743,5.79,63.27,-22,3,-48.99,,,,,,,15,37,62,67,,0,0,0,0,0,0,1232301245.664339,193150662.0,0.0723,0.244,881799,929159,0,55.3,,2026-06-11
2093,SE,Consumer Cyclical,Internet Retail,NYSE,4461059,82.44,63.13,0,-2,-58.64,,,,,,,15,15,13,23,,0,0,0,0,0,0,53016658728.99646,612484522.0,0.0587,0.466,3809567,4139781,0,17.0,,2026-06-11
2094,OPCH,Healthcare,Medical Care Facilities,NASDAQ,4491167,21.38,63.11,4,30,-41.9,,,,,,,15,11,37,71,,0,0,0,0,0,0,3220634142.9807434,157027504.0,0.1301,0.013,2848873,3359900,0,39.7,,2026-06-11
2095,PAY,Technology,Software - Infrastructure,NYSE,781562,21.0,63.07,-11,-14,-46.67,,,,,,,15,26,23,35,,0,0,0,0,0,0,2628997095.315176,125789337.0,0.0471,0.302,1022737,624839,0,28.0,,2026-06-11
2096,SOUN,Technology,Software - Application,NASDAQ,29809592,6.75,63.05,-3,-5,-69.55,,,,,,,15,18,16,27,,0,0,0,0,0,0,3198167544.86902,432769635.0,0.3806,0.517,28435927,28186185,0,20.3,,2026-06-11
2097,BR,Technology,Information Technology Services,NYSE,1575415,146.44,63.01,-2,4,-46.14,,,,,,,15,17,23,37,,0,0,0,0,0,0,17503726244.426666,115658297.0,0.0313,0.078,1442967,1465667,0,25.7,,2026-06-11
2098,WK,Technology,Software - Application,NYSE,1201733,49.3,62.93,3,13,-49.22,,,,,,,15,12,22,59,,0,0,0,0,0,0,2757143037.6219177,56119336.0,0.0884,0.199,924880,1104904,0,31.0,,2026-06-11
2099,ORIC,Healthcare,Biotechnology,NASDAQ,1592333,7.54,62.88,-27,15,-49.5,,,,,,,15,42,84,42,,0,0,0,0,0,0,776381715.0,103517562.0,0.2142,,2334449,1988907,0,56.0,,2026-06-11
2100,INTR,Financial Services,Banks - Regional,NASDAQ,7610529,5.56,62.88,-4,42,-46.33,,,,,,,15,19,65,79,,0,0,0,0,0,0,2503239108.59289,441488373.0,0.044899996,0.253,6753837,5934483,0,54.3,,2026-06-11
2101,TYL,Technology,Software - Application,NYSE,819687,302.81,62.45,-1,-1,-51.27,,,,,,,15,16,16,20,,0,0,0,0,0,0,12838733300.172424,41140555.0,0.0655,0.086,871942,673740,0,17.3,,2026-06-11
2102,TRMB,Technology,Scientific & Technical Instruments,NASDAQ,2787867,50.6,62.19,-5,6,-42.17,,,,,,,15,20,31,60,,0,0,0,0,0,0,12632312894.480043,233111519.0,0.0343,0.118,3263752,2290744,0,37.0,,2026-06-11
2103,OLLI,Consumer Defensive,Discount Stores,NASDAQ,1880865,78.3,62.17,3,28,-44.76,,,,,,,14,11,36,29,,0,0,0,0,0,0,4636767311.911194,60453292.0,0.0856,0.142,2387876,1674593,0,25.3,,2026-06-11
2104,FLUT,Consumer Cyclical,Gambling,NYSE,3076649,112.94,62.12,8,9,-64.0,,,,,,,14,6,7,21,,0,0,0,0,0,0,17425013362.326622,173400475.0,0.0837,0.174,3219338,3009225,0,11.3,,2026-06-11
2105,CHKP,Technology,Software - Infrastructure,NASDAQ,2019133,125.69,61.8,4,15,-45.84,,,,,,,14,10,21,32,,0,0,0,0,0,0,14129057508.662416,104027807.0,0.048499998,0.048,1614109,1659115,0,21.0,,2026-06-11
2106,NICE,Technology,Software - Application,NASDAQ,857708,88.36,61.55,1,22,-51.08,,,,,,,14,13,34,13,,0,0,0,0,0,0,5457742054.555115,58597188.0,0.070300005,0.098,905736,717627,0,20.0,,2026-06-11
2107,INTA,Technology,Software - Application,NASDAQ,1125326,23.83,61.54,0,-5,-59.47,,,,,,,14,14,9,24,,0,0,0,0,0,0,1876449867.6466656,77061595.0,0.0946,0.131,1241259,996341,0,15.7,,2026-06-11
2108,ALKT,Technology,Software - Application,NASDAQ,1800102,15.01,61.52,-10,-14,-51.71,,,,,,,14,24,20,19,,0,0,0,0,0,0,1700534711.6021175,107019174.0,0.1177,0.289,1805956,1643267,0,21.0,,2026-06-11
2109,ARVN,Healthcare,Biotechnology,NASDAQ,927712,6.98,61.44,-39,-7,-51.9,,,,,,,14,53,85,85,,0,0,0,0,0,0,478747294.0825768,64521198.0,0.0912,-0.917,778467,874865,0,74.3,,2026-06-11
2110,INSM,Healthcare,Biotechnology,NASDAQ,4112846,91.88,61.35,-23,14,-56.81,,,,,,,14,37,74,96,,0,0,0,0,0,0,20422416197.810394,216752451.0,0.0916,2.296,3995770,3242190,1,69.0,,2026-06-11
2111,QTWO,Technology,Software - Application,NYSE,936727,44.09,61.35,0,-1,-54.4,,,,,,,14,14,13,23,,0,0,0,0,0,0,2861465278.017601,62600423.0,0.0642,0.141,818512,843188,0,16.7,,2026-06-11
2112,VRDN,Healthcare,Biotechnology,NASDAQ,2818606,15.77,61.25,-6,61,-54.01,,,,,,,14,20,87,95,,0,0,0,0,0,0,1742548792.4726276,110427682.0,0.134,0.958,1437270,2942998,1,67.3,,2026-06-11
2113,MNDY,Technology,Software - Application,NASDAQ,2138166,81.7,61.25,4,-1,-74.23,,,,,,,14,10,5,11,,0,0,0,0,0,0,4420022327.494194,51551463.0,0.17639999,0.245,2230069,1894993,0,8.7,,2026-06-11
2114,KRMN,Industrials,Aerospace & Defense,NYSE,2922821,45.87,61.21,-43,-4,-61.25,,,,,,,14,57,96,90,,0,0,0,0,0,0,6552100040.562824,132526299.0,0.076,0.51,4454295,2445101,2,81.0,,2026-06-11
2115,KLAR,Financial Services,Credit Services,NYSE,6341251,15.78,61.01,8,7,-66.76,,,,,,,14,6,5,15,,0,0,0,0,0,0,6185936861.742157,378113486.0,0.1092,0.444,5215683,5793734,0,8.7,,2026-06-11
2116,ACM,Industrials,Engineering & Construction,NYSE,2283205,68.58,60.77,3,21,-49.39,,,,,,,14,11,29,25,,0,0,0,0,0,0,9143120450.355837,128522920.0,0.0685,0.008,3254907,1823399,0,21.7,,2026-06-11
2117,BFAM,Consumer Cyclical,Personal Services,NYSE,1588647,64.29,60.75,-1,1,-50.83,,,,,,,14,15,17,29,,0,0,0,0,0,0,3270556888.424301,52606675.0,0.0614,0.07,1174352,1205608,0,20.3,,2026-06-11
2118,VERX,Technology,Software - Application,NASDAQ,1579583,12.79,60.55,-4,-12,-69.27,,,,,,,13,17,9,11,,0,0,0,0,0,0,2129510787.268696,161816931.0,0.0919,0.111,1744439,1433097,0,12.3,,2026-06-11
2119,OI,Consumer Cyclical,Packaging & Containers,NYSE,3312698,8.35,60.51,2,14,-50.62,,,,,,,13,11,23,77,,0,0,0,0,0,0,1212599519.938343,153299563.0,0.1149,-0.017,3521624,2640408,0,37.0,,2026-06-11
2120,SPSC,Technology,Software - Application,NASDAQ,608698,55.68,60.36,3,4,-61.6,,,,,,,13,10,11,14,,0,0,0,0,0,0,2036453624.75531,36712702.0,0.0892,0.058,727085,592069,0,11.7,,2026-06-11
2121,PCOR,Technology,Software - Application,NYSE,2692750,43.54,60.32,-9,-6,-47.11,,,,,,,13,22,25,46,,0,0,0,0,0,0,7328737745.07196,150890216.0,0.0925,0.157,2247271,2454572,0,31.0,,2026-06-11
2122,LI,Consumer Cyclical,Auto Manufacturers,NASDAQ,4952524,13.69,60.19,-13,-12,-57.25,,,,,,,13,26,27,12,,0,0,0,0,0,0,14410082203.443302,1014794535.0,0.041300002,-0.114,5745214,4129338,0,21.7,,2026-06-11
2123,TRDA,Healthcare,Biotechnology,NASDAQ,567957,5.97,59.92,-16,46,-63.71,,,,,,,13,29,91,89,,0,0,0,0,0,0,247287319.47733307,38820616.0,0.060399998,-0.957,252641,402820,1,69.7,,2026-06-11
2124,CHYM,Technology,Software - Application,NASDAQ,5130517,16.44,59.87,-4,-3,-63.42,,,,,,,13,17,18,26,,0,0,0,0,0,0,6660214375.30328,381019139.0,0.0394,0.248,4038941,4463284,0,20.3,,2026-06-11
2125,LULU,Consumer Cyclical,Apparel Retail,NASDAQ,4073413,118.93,59.77,1,10,-55.45,,,,,,,13,12,21,29,,0,0,0,0,0,0,12971264434.332962,113553918.0,0.0581,0.043,5733831,3511098,0,20.7,,2026-06-11
2126,TASK,Technology,Information Technology Services,NASDAQ,636184,5.53,59.69,-2,3,-69.93,,,,,,,13,15,20,14,,0,0,0,0,0,0,525658875.7394123,91578205.0,0.1276,0.103,416162,607954,0,16.3,,2026-06-11
2127,MOS,Basic Materials,Agricultural Inputs,NYSE,8450616,19.82,59.68,-5,19,-48.16,,,,,,,13,18,42,18,,0,0,0,0,0,0,7068909289.810677,317846644.0,0.081499994,0.144,8114319,8566189,0,26.0,,2026-06-11
2128,HLNE,Financial Services,Asset Management,NASDAQ,981831,78.09,59.6,2,10,-51.54,,,,,,,13,11,19,27,,0,0,0,0,0,0,3515889867.4338684,43697364.0,0.1112,-0.022,1166775,935209,0,19.0,,2026-06-11
2129,CNXC,Technology,Information Technology Services,NASDAQ,1561143,25.75,59.43,4,13,-58.56,,,,,,,13,9,18,19,,0,0,0,0,0,0,1697154240.7028046,61004826.0,0.2027,0.054,1259331,1493568,0,15.3,,2026-06-11
2130,PEGA,Technology,Software - Application,NASDAQ,1847046,32.91,59.42,-4,8,-51.67,,,,,,,13,17,29,76,,0,0,0,0,0,0,5800597977.210686,167116051.0,0.139,-0.096,1895720,2135220,0,40.7,,2026-06-11
2131,GPGI,Industrials,Metal Fabrication,NYSE,3067313,11.52,59.41,-1,45,-56.98,,,,,,,13,14,60,83,,0,0,0,0,0,0,3446452680.566029,289861445.0,0.2384,,1665791,3166632,0,52.3,,2026-06-11
2132,ARQQ,Technology,Software - Infrastructure,NASDAQ,635029,13.09,58.98,-1,-4,-78.89,,,,,,,13,14,11,26,,0,0,0,0,0,0,211265275.51464367,17402411.0,0.129,8.299,664919,531857,0,17.0,,2026-06-11
2133,TRI,Industrials,Specialty Business Services,NASDAQ,2022515,81.96,58.79,-4,-8,-62.48,,,,,,,13,17,13,19,,0,0,0,0,0,0,37559801935.14324,436538837.0,6.12,0.098,1582927,1962681,0,16.3,,2026-06-11
2134,ACHR,Industrials,Aerospace & Defense,NYSE,51220407,5.05,58.72,-8,-10,-65.46,,,,,,,12,20,18,27,,0,0,0,0,0,0,4226271400.5590143,762864879.0,0.1617,,52058511,40530026,0,21.7,,2026-06-11
2135,LTBR,Industrials,Electrical Equipment & Parts,NASDAQ,943920,8.72,58.63,-21,-24,-72.18,,,,,,,12,33,30,89,,0,0,0,0,0,0,309395070.0458355,32844487.0,0.123900004,,1149251,897180,0,50.7,,2026-06-11
2136,ELF,Consumer Defensive,Household & Personal Products,NYSE,4211575,58.12,58.62,-1,13,-61.51,,,,,,,12,13,27,15,,0,0,0,0,0,0,2946466855.680191,59440526.0,0.1784,0.351,4339516,3488359,0,18.3,,2026-06-11
2137,FIS,Technology,Information Technology Services,NYSE,7191045,38.97,58.51,-4,0,-52.9,,,,,,,12,16,20,31,,0,0,0,0,0,0,21166201627.797497,516879151.0,0.0394,0.301,7260055,6708625,0,22.3,,2026-06-11
2138,ERII,Industrials,Pollution & Treatment Controls,NASDAQ,1188756,7.92,58.38,2,11,-56.77,,,,,,,12,10,19,39,,0,0,0,0,0,0,412877536.3877735,51545259.0,0.0417,0.203,744419,1059049,0,22.7,,2026-06-11
2139,FUTU,Financial Services,Capital Markets,NASDAQ,5683519,92.93,58.36,-21,2,-54.12,,,,,,,12,33,56,83,,0,0,0,0,0,0,12944157333.743774,140194488.0,0.0715,0.288,4289458,3894313,0,57.3,,2026-06-11
2140,SMPL,Consumer Defensive,Packaged Foods,NASDAQ,2226664,12.61,58.36,5,11,-63.26,,,,,,,12,7,13,10,,0,0,0,0,0,0,1105348517.7938766,92575256.0,0.1114,-0.094,1952513,3026618,0,10.0,,2026-06-11
2141,ONT,Industrials,Waste Management,NYSE,716238,16.81,58.19,0,33,-47.47,,,,,,,12,12,45,81,,0,0,0,0,0,0,619787729.263979,36139227.0,0.065799996,-0.052,669415,546455,0,46.0,,2026-06-11
2142,MNTN,Technology,Software - Application,NYSE,966304,8.53,58.09,5,10,-73.34,,,,,,,12,7,12,8,,0,0,0,0,0,0,692668677.3600597,73924086.0,0.0214,0.142,1056862,750178,0,9.0,,2026-06-11
2143,NUS,Consumer Defensive,Household & Personal Products,NYSE,672357,5.43,58.06,-2,7,-62.86,,,,,,,12,14,23,74,,0,0,0,0,0,0,260716410.3538313,48550543.0,0.064899996,-0.12,669771,560472,0,37.0,,2026-06-11
2144,KMPR,Financial Services,Insurance - Property & Casualty,NYSE,1131408,24.72,58.05,-7,-14,-62.16,,,,,,,12,19,12,14,,0,0,0,0,0,0,1457137242.0,58874232.0,0.0716,-0.071,1277775,946519,0,15.0,,2026-06-11
2145,COIN,Financial Services,Financial Data & Stock Exchanges,NASDAQ,9709737,153.97,57.97,-31,-48,-65.37,,,,,,,12,43,26,29,,0,0,0,0,0,0,40151419130.3631,263460766.0,0.1166,-0.308,9634261,9758746,0,32.7,,2026-06-11
2146,DXC,Technology,Information Technology Services,NYSE,5734049,8.82,57.9,1,12,-46.38,,,,,,,12,11,22,34,,0,0,0,0,0,0,1460343206.7272282,162080263.0,0.2682,-0.012,4322428,4636011,0,22.3,,2026-06-11
2147,CRK,Energy,Oil & Gas E&P,NYSE,2867531,13.37,57.79,-4,31,-57.11,,,,,,,12,16,51,66,,0,0,0,0,0,0,3818045816.0,293695832.0,0.27290002,0.142,2597283,2543538,0,44.3,,2026-06-11
2148,BETA,Industrials,Aerospace & Defense,NYSE,1900210,15.72,57.55,-2,-8,-60.2,,,,,,,12,14,8,19,,0,0,0,0,0,0,3952850411.811842,230756019.0,0.0398,0.056,1823081,1655586,0,13.7,,2026-06-11
2149,SERV,Industrials,Specialty Industrial Machinery,NASDAQ,5215883,6.98,57.48,-17,-10,-62.55,,,,,,,12,29,36,39,,0,0,0,0,0,0,659449290.25,85090231.0,0.2628,5.782,6889901,4434020,0,34.7,,2026-06-11
2150,CHWY,Consumer Cyclical,Internet Retail,NYSE,9401272,19.98,57.29,-4,-1,-57.94,,,,,,,12,16,19,32,,0,0,0,0,0,0,8441422451.496185,408983658.0,0.1159,0.005,9763307,8510719,0,22.3,,2026-06-11
2151,CPNG,Consumer Cyclical,Internet Retail,NYSE,25395537,15.12,57.2,-3,5,-55.63,,,,,,,12,15,23,23,,0,0,0,0,0,0,27195221960.387352,1795064201.0,0.0308,0.075,24998442,22396496,0,20.3,,2026-06-11
2152,DQ,Technology,Semiconductor Equipment & Materials,NYSE,1033580,14.46,57.07,-12,22,-60.48,,,,,,,12,24,58,91,,0,0,0,0,0,0,1104311335.1899338,67666137.0,0.0685,-0.784,1186881,870918,1,57.7,,2026-06-11
2153,RPD,Technology,Software - Infrastructure,NASDAQ,2086604,7.21,57.05,3,-2,-72.11,,,,,,,11,8,3,11,,0,0,0,0,0,0,501897956.47631454,66830618.0,0.1516,-0.003,2070933,2089960,0,7.3,,2026-06-11
2154,ZTS,Healthcare,Drug Manufacturers - Specialty & Generic,NYSE,8553416,81.29,56.65,3,25,-52.04,,,,,,,11,8,30,19,,0,0,0,0,0,0,33303482717.426147,419228118.0,0.036,0.029,6991928,6418781,0,19.0,,2026-06-11
2155,GLOB,Technology,Information Technology Services,NYSE,1863809,36.85,56.64,4,8,-65.05,,,,,,,11,7,11,19,,0,0,0,0,0,0,1653776961.8566132,43179556.0,0.2005,-0.007,1648789,1657127,0,12.3,,2026-06-11
2156,FVRR,Communication Services,Internet Content & Information,NYSE,969254,10.07,56.41,2,0,-70.22,,,,,,,11,9,7,17,,0,0,0,0,0,0,368135446.4915314,35950728.0,0.1297,-0.016,1029842,870010,0,11.0,,2026-06-11
2157,AIRO,Industrials,Aerospace & Defense,NASDAQ,659437,7.96,56.09,2,13,-79.63,,,,,,,11,9,20,4,,0,0,0,0,0,0,260684387.56044388,31445644.0,0.09689999,-0.245,938202,615246,0,11.0,,2026-06-11
2158,MKTX,Financial Services,Capital Markets,NASDAQ,694098,116.11,55.96,-8,11,-49.11,,,,,,,11,19,38,28,,0,0,0,0,0,0,4155628250.13578,35539453.0,0.0868,0.119,830375,577923,0,28.3,,2026-06-11
2159,CELH,Consumer Defensive,Beverages - Non-Alcoholic,NASDAQ,10587840,28.37,55.93,-2,50,-57.49,,,,,,,11,13,65,58,,0,0,0,0,0,0,7191163112.258072,255640360.0,0.105100006,1.377,10419340,9028470,0,45.3,,2026-06-11
2160,GLIBK,Communication Services,Telecom Services,NASDAQ,989058,21.38,55.66,-11,37,-48.08,,,,,,,11,22,70,53,,0,0,0,0,0,0,860351649.328434,39904994.0,0.0698,-0.038,1191146,734869,0,48.3,,2026-06-11
2161,RGNX,Healthcare,Biotechnology,NASDAQ,1798060,6.13,55.4,-61,-100,-62.14,,,,,,,11,72,33,91,,0,0,0,0,0,0,314321531.73578453,51697621.0,0.14850001,-0.928,1355211,1301176,1,65.3,,2026-06-11
2162,DJT,Communication Services,Internet Content & Information,NASDAQ,4254803,7.79,55.28,1,7,-64.02,,,,,,,11,10,16,8,,0,0,0,0,0,0,2290408284.339401,276953828.0,0.0683,0.061,4748760,3939538,0,11.3,,2026-06-11
2163,PONY,Technology,Information Technology Services,NASDAQ,5093890,8.18,55.12,2,19,-67.17,,,,,,,11,9,26,50,,0,0,0,0,0,0,3737128137.245106,433541553.0,0.074499995,1.45,5084200,4495462,0,28.3,,2026-06-11
2164,CERT,Healthcare,Health Information Services,NASDAQ,3839626,5.18,55.11,2,8,-62.68,,,,,,,11,9,15,19,,0,0,0,0,0,0,835381927.1570435,155564608.0,0.2518,0.009,3877099,3841499,0,14.3,,2026-06-11
2165,WAY,Healthcare,Health Information Services,NASDAQ,2635657,18.8,54.95,-1,4,-54.69,,,,,,,11,12,17,27,,0,0,0,0,0,0,3836257820.0,191812891.0,0.0775,0.224,2238312,2541020,0,18.7,,2026-06-11
2166,MMYT,Consumer Cyclical,Travel Services,NASDAQ,919591,39.06,54.81,1,-1,-62.8,,,,,,,11,10,8,24,,0,0,0,0,0,0,4182694509.7555847,94867192.0,0.115200005,0.019,751053,1178128,0,14.0,,2026-06-11
2167,PSIX,Industrials,Specialty Industrial Machinery,NASDAQ,995929,38.29,54.75,2,63,-68.56,,,,,,,11,9,70,88,,0,0,0,0,0,0,866927438.5688782,23050450.0,0.1296,-0.051,574218,822219,0,55.7,,2026-06-11
2168,ABR,Real Estate,REIT - Mortgage,NYSE,5391491,5.2,54.39,-4,7,-58.66,,,,,,,10,14,25,17,,0,0,0,0,0,0,1009896315.75,192361203.0,0.0002,-0.103,4404585,4086621,0,18.7,,2026-06-11
2169,ZG,Communication Services,Internet Content & Information,NASDAQ,1245910,34.1,54.37,-4,-7,-62.2,,,,,,,10,14,11,30,,0,0,0,0,0,0,8097295916.250458,228801810.0,0.1578,0.184,1185822,1077244,0,18.3,,2026-06-11
2170,BL,Technology,Software - Application,NASDAQ,1464629,27.63,54.31,2,8,-53.62,,,,,,,10,8,14,55,,0,0,0,0,0,0,1681221872.2690544,58660917.0,0.17950001,0.097,1491839,1289327,0,25.7,,2026-06-11
2171,TSCO,Consumer Cyclical,Specialty Retail,NASDAQ,13493090,30.77,54.2,2,30,-51.91,,,,,,,10,8,36,35,,0,0,0,0,0,0,15618109924.590973,524449616.0,0.0547,0.036,13175411,11728734,0,26.3,,2026-06-11
2172,ZS,Technology,Software - Infrastructure,NASDAQ,5839623,124.73,54.1,-2,-1,-62.99,,,,,,,10,12,13,33,,0,0,0,0,0,0,21148371482.10068,161709525.0,0.1058,0.254,7506359,4659869,0,19.3,,2026-06-11
2173,TMDX,Healthcare,Medical Devices,NASDAQ,1701968,74.77,53.87,4,71,-52.07,,,,,,,10,6,73,86,,0,0,0,0,0,0,2399564061.277153,34560911.0,0.3691,0.212,1217085,1365453,0,55.0,,2026-06-11
2174,WING,Consumer Cyclical,Restaurants,NASDAQ,1435887,145.59,53.79,4,22,-62.49,,,,,,,10,6,24,32,,0,0,0,0,0,0,3873285896.839981,27232553.0,0.1919,0.074,1095301,1392094,0,20.7,,2026-06-11
2175,FWRD,Industrials,Integrated Freight & Logistics,NASDAQ,1740341,12.25,53.57,6,18,-62.27,,,,,,,10,4,16,47,,0,0,0,0,0,0,327635465.7024021,31625046.0,0.15,-0.051,1053023,1265192,0,22.3,,2026-06-11
2176,GWRE,Technology,Software - Application,NYSE,1580728,116.59,53.55,-9,-7,-57.23,,,,,,,10,19,21,28,,0,0,0,0,0,0,11327860682.577393,83256364.0,0.0717,0.269,2131165,1529011,0,22.7,,2026-06-11
2177,WGS,Healthcare,Diagnostics & Research,NASDAQ,1861149,54.32,53.19,5,19,-68.21,,,,,,,10,5,19,90,,0,0,0,0,0,0,1550011862.4897995,29688027.0,0.3193,0.174,1188357,1357037,1,38.0,,2026-06-11
2178,Z,Communication Services,Internet Content & Information,NASDAQ,4375904,33.93,53.12,-3,-6,-63.86,,,,,,,10,13,10,28,,0,0,0,0,0,0,8021791772.81147,228801810.0,0.093,0.184,5708482,3862900,0,17.0,,2026-06-11
2179,UPWK,Communication Services,Internet Content & Information,NASDAQ,5055971,8.57,52.77,2,13,-62.48,,,,,,,10,8,19,85,,0,0,0,0,0,0,1082018908.391058,123518137.0,0.2809,0.014,3542925,4211057,0,37.3,,2026-06-11
2180,FOUR,Technology,Software - Infrastructure,NYSE,1699512,35.63,52.7,1,3,-67.16,,,,,,,10,9,11,16,,0,0,0,0,0,0,3020845571.175598,79328924.0,0.1911,0.322,1705997,1651111,0,12.0,,2026-06-11
2181,PHR,Healthcare,Health Information Services,NYSE,1571657,9.14,52.6,3,5,-72.1,,,,,,,10,7,9,12,,0,0,0,0,0,0,589685418.7020636,61811889.0,0.0685,0.129,1992771,2042346,0,9.3,,2026-06-11
2182,EPAM,Technology,Information Technology Services,NYSE,2218014,93.04,52.58,2,15,-58.19,,,,,,,10,8,21,74,,0,0,0,0,0,0,5122046023.871223,52244451.0,0.2508,0.076,2818713,1877444,0,34.3,,2026-06-11
2183,MSTR,Technology,Software - Application,NASDAQ,17519121,115.35,52.55,-22,-42,-74.77,,,,,,,10,32,12,6,,0,0,0,0,0,0,42384226014.11902,351911534.0,0.1196,0.119,23142234,18231416,0,16.7,,2026-06-11
2184,SHAK,Consumer Cyclical,Restaurants,NYSE,3030070,54.48,52.52,-2,28,-62.34,,,,,,,10,12,42,18,,0,0,0,0,0,0,2111957319.037033,40350732.0,0.1557,0.143,2908072,2239180,0,24.0,,2026-06-11
2185,QDEL,Healthcare,Medical Devices,NASDAQ,2099990,13.5,52.29,4,10,-62.06,,,,,,,9,5,11,29,,0,0,0,0,0,0,977176867.1674404,68190989.0,0.23629999,-0.105,1721212,2393920,0,15.0,,2026-06-11
2186,CSGP,Real Estate,Real Estate Services,NASDAQ,8390177,34.23,51.9,2,6,-64.87,,,,,,,9,7,11,19,,0,0,0,0,0,0,13839174932.109451,408355715.0,0.046,0.225,7602113,7352448,0,12.3,,2026-06-11
2187,NTSK,Technology,Software - Infrastructure,NASDAQ,5128425,8.47,51.82,-3,-9,-69.74,,,,,,,9,12,6,28,,0,0,0,0,0,0,3891804450.5657854,403923649.0,0.0685,0.278,8179765,4851485,0,15.3,,2026-06-11
2188,KVYO,Technology,Software - Application,NYSE,8076604,14.51,51.71,1,6,-60.53,,,,,,,9,8,13,25,,0,0,0,0,0,0,4662779463.706762,299279813.0,0.15609999,0.279,6183844,6468178,0,15.3,,2026-06-11
2189,ATEC,Healthcare,Medical Devices,NASDAQ,4063228,8.13,51.68,2,31,-65.09,,,,,,,9,7,36,93,,0,0,0,0,0,0,1230314440.0,153789305.0,0.1065,0.136,2401875,3447023,1,45.3,,2026-06-11
2190,FMC,Basic Materials,Agricultural Inputs,NYSE,3166516,10.8,51.65,-4,-4,-75.88,,,,,,,9,13,13,3,,0,0,0,0,0,0,1455527346.570897,125045301.0,0.1933,-0.041,3070998,2927207,0,9.7,,2026-06-11
2191,BLSH,Technology,Software - Infrastructure,NYSE,1580092,26.1,51.62,-29,-46,-77.88,,,,,,,9,38,21,12,,0,0,0,0,0,0,4088439269.3217926,151648346.0,0.2564,0.655,1802646,1370901,0,23.7,,2026-06-11
2192,LMRI,Healthcare,Medical Devices,NASDAQ,968873,9.04,51.59,-3,3,-53.52,,,,,,,9,12,18,38,,0,0,0,0,0,0,816686247.5,96080735.0,0.1347,0.031,771381,932550,0,22.7,,2026-06-11
2193,BSX,Healthcare,Medical Devices,NYSE,21270078,48.34,51.49,-1,8,-55.85,,,,,,,9,10,19,36,,0,0,0,0,0,0,72162542806.45099,1486355179.0,0.0212,0.116,25352066,19998779,0,21.7,,2026-06-11
2194,CCOI,Communication Services,Telecom Services,NASDAQ,1442891,14.46,51.3,1,4,-73.4,,,,,,,9,8,11,6,,0,0,0,0,0,0,842807064.4693775,50077663.0,0.1461,-0.032,1039783,1211704,0,8.3,,2026-06-11
2195,WHR,Consumer Cyclical,"Furnishings, Fixtures & Appliances",NYSE,3325145,40.11,51.15,2,11,-64.17,,,,,,,9,7,16,22,,0,0,0,0,0,0,2558568664.9997864,64823121.0,0.0013,-0.096,2630077,2915987,0,15.0,,2026-06-11
2196,LBRDK,Communication Services,Telecom Services,NASDAQ,2144023,32.24,51.07,0,19,-66.06,,,,,,,9,9,28,14,,0,0,0,0,0,0,4435514812.403984,143497730.0,0.0271,,2562609,2027875,0,17.0,,2026-06-11
2197,KD,Technology,Information Technology Services,NYSE,4469111,11.25,50.75,-1,-6,-74.55,,,,,,,9,10,5,18,,0,0,0,0,0,0,2555449412.35236,219918196.0,0.1634,-0.008,3986005,4131467,0,11.0,,2026-06-11
2198,PLNT,Consumer Cyclical,Leisure,NYSE,3282206,50.6,50.37,3,17,-55.8,,,,,,,9,6,20,62,,0,0,0,0,0,0,4010138595.467537,79126649.0,0.0958,0.197,1912729,2484513,0,29.3,,2026-06-11
2199,CHTR,Communication Services,Telecom Services,NASDAQ,3313837,137.79,50.36,0,18,-67.37,,,,,,,9,9,27,13,,0,0,0,0,0,0,18652485555.05249,141178370.0,0.4483,-0.01,3009083,3167068,0,16.3,,2026-06-11
2200,AORT,Healthcare,Medical Devices,NYSE,853032,20.47,50.15,-2,54,-57.58,,,,,,,8,10,66,88,,0,0,0,0,0,0,976692242.7392006,48543350.0,0.0481,0.175,742148,679081,0,54.7,,2026-06-11
2201,TME,Communication Services,Internet Content & Information,NYSE,11664760,9.21,49.79,1,24,-65.51,,,,,,,8,7,30,49,,0,0,0,0,0,0,14866446505.725918,1637273858.0,0.04,0.073,11627790,10508094,0,28.7,,2026-06-11
2202,DOCS,Healthcare,Health Information Services,NYSE,4797444,20.24,49.27,-6,-13,-73.55,,,,,,,8,14,7,14,,0,0,0,0,0,0,3765335475.63406,182872047.0,0.12149999,0.051,3365754,4206458,0,11.7,,2026-06-11
2203,PODD,Healthcare,Medical Devices,NASDAQ,1809638,150.71,49.01,0,14,-57.53,,,,,,,8,8,22,39,,0,0,0,0,0,0,10612733434.831604,69264674.0,0.049099997,0.339,1677975,1422163,0,23.0,,2026-06-11
2204,HUBS,Technology,Software - Application,NYSE,2220966,192.79,48.68,-1,1,-68.43,,,,,,,8,9,11,12,,0,0,0,0,0,0,10885192117.875671,51190708.0,0.1409,0.234,2580498,1949715,0,10.7,,2026-06-11
2205,VIA,Technology,Software - Application,NYSE,789457,14.74,48.14,2,0,-73.82,,,,,,,8,6,4,10,,0,0,0,0,0,0,1198301119.9328518,81295871.0,0.1248,0.292,980363,663060,0,6.7,,2026-06-11
2206,NCI,Consumer Cyclical,Apparel Manufacturing,NASDAQ,575657,10.74,47.68,-2,87,-90.28,,,,,,,8,10,99,16,,0,0,1,0,0,1,193868684.5,18914018.0,0.03,-0.508,1020489,674034,1,41.7,,2026-06-11
2207,WVE,Healthcare,Biotechnology,NASDAQ,4042251,5.66,47.62,-10,53,-73.95,,,,,,,8,18,81,95,,0,0,0,0,0,0,1102464621.1297808,192402202.0,0.1146,3.169,3505373,4095740,1,64.7,,2026-06-11
2208,RBLX,Communication Services,Electronic Gaming & Multimedia,NYSE,13474554,41.5,47.37,2,12,-72.44,,,,,,,8,6,16,51,,0,0,0,0,0,0,29942230897.400627,715978745.0,0.038900003,0.393,9851063,11579272,0,24.3,,2026-06-11
2209,TTD,Communication Services,Advertising Agencies,NASDAQ,20929975,19.29,47.01,0,5,-78.91,,,,,,,7,7,12,11,,0,0,0,0,0,0,9378662160.614216,470108361.0,0.21059999,0.118,23246155,19534103,0,10.0,,2026-06-11
2210,ANGI,Communication Services,Internet Content & Information,NASDAQ,1649688,5.69,46.61,2,6,-70.7,,,,,,,7,5,9,16,,0,0,0,0,0,0,239452257.80593872,40448016.0,0.1317,-0.032,1379436,1266947,0,10.0,,2026-06-11
2211,INSP,Healthcare,Medical Devices,NYSE,1304132,42.28,46.47,0,1,-71.24,,,,,,,7,7,8,43,,0,0,0,0,0,0,1186813732.501156,28813153.0,0.1674,0.016,946276,1160453,0,19.3,,2026-06-11
2212,BLKB,Technology,Software - Application,NASDAQ,720666,28.34,46.35,-2,5,-62.15,,,,,,,7,9,16,33,,0,0,0,0,0,0,1300337896.329609,45932106.0,0.1224,0.042,806090,656086,0,19.3,,2026-06-11
2213,FIG,Technology,Software - Application,NYSE,20786325,19.79,46.25,1,3,-86.15,,,,,,,7,6,8,5,,0,0,0,0,0,0,11492190462.75,528376573.0,0.3689,0.461,18007697,18838273,0,6.3,,2026-06-11
2214,PAR,Technology,Software - Application,NYSE,1468748,13.48,46.14,1,-1,-81.32,,,,,,,7,6,4,12,,0,0,0,0,0,0,555173840.1134176,41246199.0,0.33099997,0.194,1564614,1558554,0,7.3,,2026-06-11
2215,INTU,Technology,Software - Application,NASDAQ,5425462,284.22,45.75,-10,-11,-65.07,,,,,,,7,17,16,45,,0,0,0,0,0,0,81174842791.25977,273537000.0,0.0462,0.104,6604478,4620033,0,26.0,,2026-06-11
2216,SMR,Industrials,Specialty Industrial Machinery,NYSE,33866470,9.29,45.7,-2,-2,-83.82,,,,,,,7,9,9,10,,0,0,0,0,0,0,3634110742.5,346105785.0,0.19629999,-0.958,39635582,35415170,0,9.3,,2026-06-11
2217,FRMI,Real Estate,REIT - Specialty,NASDAQ,16251149,6.89,45.63,4,8,-81.37,,,,,,,7,3,7,3,,0,0,0,0,0,0,3685179235.188399,637574239.0,0.0986,,16716627,17762263,0,4.3,,2026-06-11
2218,OCS,Healthcare,Biotechnology,NASDAQ,986170,10.97,45.35,-78,-78,-68.18,,,,,,,7,85,85,66,,0,0,0,0,0,0,676950300.6336222,60388073.0,0.0095999995,-0.267,2039370,725496,0,78.7,,2026-06-11
2219,ADMA,Healthcare,Biotechnology,NASDAQ,5519712,8.48,44.79,1,24,-62.09,,,,,,,7,6,29,62,,0,0,0,0,0,0,1847228489.9221487,231772715.0,0.105500005,0.159,3029486,5676297,0,32.3,,2026-06-11
2220,XXI,Financial Services,Shell Companies,NYSE,1346631,5.34,44.24,-13,-24,-87.21,,,,,,,6,19,8,12,,0,0,0,0,0,0,1955996148.7361584,346807836.0,0.1104,,1577273,1271526,0,13.0,,2026-06-11
2221,UPB,Healthcare,Biotechnology,NASDAQ,543730,6.28,43.77,-4,-1,-81.35,,,,,,,6,10,13,97,,0,0,0,1,0,1,383660918.7297888,54419987.0,0.0963,0.827,580750,573258,1,40.0,,2026-06-11
2222,EH,Industrials,Aerospace & Defense,NASDAQ,1067218,6.82,43.76,-7,0,-66.65,,,,,,,6,13,20,17,,0,0,0,0,0,0,598799131.5433645,75845362.0,0.11310001,-0.073,2014224,857564,0,16.7,,2026-06-11
2223,EFOR,Technology,Information Technology Services,NYSE,1320252,20.32,41.53,1,14,-66.55,,,,,,,5,4,17,22,,0,0,0,0,0,0,825329965.5914307,41000000.0,0.0949,0.0,1036396,1332063,0,14.3,,2026-06-11
2224,SBET,Financial Services,Capital Markets,NASDAQ,7379812,5.16,41.08,-50,-63,-89.58,,,,,,,5,55,42,71,,0,0,0,0,0,0,1023527239.5645276,197211412.0,0.1173,15.251,8249556,7671941,0,56.0,,2026-06-11
2225,ODD,Consumer Defensive,Household & Personal Products,NASDAQ,1803725,10.97,39.61,2,2,-85.91,,,,,,,5,3,3,17,,0,0,0,0,0,0,563475368.2323103,57438873.0,0.1889,-0.262,2691317,1605845,0,7.7,,2026-06-11
2226,FUBO,Communication Services,Broadcasting,NYSE,1422364,9.98,39.35,1,2,-82.38,,,,,,,5,4,5,33,,0,0,0,0,0,0,280815594.2571211,29435597.0,0.25030002,0.398,1339102,1775220,0,14.0,,2026-06-11
2227,ERNA,Healthcare,Biotechnology,NASDAQ,3366043,6.34,38.0,-15,-34,-91.55,,,,,,,5,20,1,11,,0,0,0,0,0,0,9202367.214277744,1166333.0,0.22129999,,55040,2029926,0,10.7,,2026-06-11
2228,WIX,Technology,Software - Infrastructure,NASDAQ,2216433,46.21,37.09,-13,-16,-75.8,,,,,,,5,18,15,9,,0,0,0,0,0,0,2192495855.7470856,41849511.0,0.24239999,0.143,1943740,2471102,0,14.0,,2026-06-11
2229,VITL,Consumer Defensive,Farm Products,NASDAQ,3902599,10.54,37.01,3,8,-80.16,,,,,,,5,2,7,24,,0,0,0,0,0,0,430198476.5254612,42848454.0,0.4596,0.154,2223908,3344957,0,11.0,,2026-06-11
2230,SDOT,Consumer Defensive,Farm Products,NASDAQ,3608659,28.11,36.7,4,9,-93.89,,,,,,,4,0,5,1,,0,0,0,0,0,0,10671060.3017807,879000.0,0.0115,,7744916,2165467,0,2.0,,2026-06-11
2231,LENZ,Healthcare,Biotechnology,NASDAQ,801015,6.58,31.37,-1,3,-86.94,,,,,,,3,4,8,7,,0,0,0,0,0,0,219794309.1164513,31354394.0,0.5829,,572967,798113,0,6.3,,2026-06-11
2232,BRBR,Consumer Defensive,Packaged Foods,NYSE,5596535,8.63,30.22,-1,2,-86.32,,,,,,,3,4,7,10,,0,0,0,0,0,0,1019756797.7277756,116277850.0,0.1225,0.018,4773106,4560733,0,7.0,,2026-06-11
2233,BRCB,Consumer Cyclical,Restaurants,NASDAQ,788314,6.45,27.5,-5,0,-78.78,,,,,,,3,8,13,18,,0,0,0,0,0,0,136124953.59558916,21572893.0,0.056599997,0.237,704712,608452,0,13.0,,2026-06-11
2234,MSAI,Technology,Electronic Components,NASDAQ,544385,5.35,26.67,0,5,-94.43,,,,,,,2,2,7,7,,0,0,0,0,0,0,9511534.217035294,2019434.0,1.2843,0.379,1541396,348579,0,5.3,,2026-06-11
2235,OLOX,Industrials,Metal Fabrication,NASDAQ,1147543,7.31,24.58,0,-1,-98.82,,,,,,,2,2,1,1,,0,0,0,0,0,0,9083962.355992794,1199995.0,0.1038,-0.4,3359294,708943,0,1.3,,2026-06-11
2236,SMX,Industrials,Specialty Business Services,NASDAQ,1186816,12.87,12.26,-1,-3,-99.77,,,,,,,1,2,0,98,,0,0,0,1,0,1,8482500.123977661,650000.0,0.1164,,109451,1305221,1,33.3,,2026-06-11
