rank,ticker,sector,industry,exchange,avg_vol_30d,price,rs_score,rs_delta,rs_delta_momentum,pct_from_52w_high,pct_from_52w_low,range_position,price_vs_sma10,price_vs_sma20,price_vs_sma50,price_vs_sma200,percentile,pct_1m,pct_3m,pct_6m,pct_12m,elite_rs,elite_1m,elite_3m,elite_6m,elite_12m,elite_count,market_cap,float_shares,short_float_pct,revenue_growth,avg_vol_10d,avg_vol_50d,tf_count_10,avg_pct,shape_score,date
1,TNON,Healthcare,Medical Devices,NASDAQ,3799344,6.14,582.1,97,111,252.87,4205.3,91.7,195.3,435.6,717.5,561.5,99,2,16,15,96.3,1,0,0,0,0,1,65035.73463881016,496456.0,0.0301,0.899,1762674,9189322,1,32.3,-51.2,2026-08-12
2,DBGI,Consumer Cyclical,Apparel Retail,NASDAQ,532655,15.8,506.55,98,98,-48.92,5637.9,76.6,3.1,47.8,233.9,195.6,99,1,1,26,70.2,1,0,0,0,0,1,8820708.869207382,574639.0,0.1104,-0.297,347182,4873829,0,24.6,-39.6,2026-08-12
3,ERAS,Healthcare,Biotechnology,NASDAQ,4376067,18.31,455.68,0,0,-24.59,1199.3,81.5,1.7,-1.0,10.0,62.1,99,99,99,99,99.9,1,1,1,1,1,5,6390615362.622562,347127399.0,0.09819999,,3305223,5209106,4,99.2,-0.5,2026-08-12
4,QTTB,Healthcare,Biotechnology,NASDAQ,1921429,15.41,441.86,0,-2,-34.62,825.9,69.5,-1.8,-0.7,9.3,122.7,99,99,97,95,99.7,1,1,0,0,1,3,464318395.75406456,29763999.0,0.1522,,552657,1372765,4,97.7,0.6,2026-08-12
5,FBRX,Healthcare,Biotechnology,NASDAQ,1856144,76.87,404.15,1,-6,-0.43,645.4,99.7,0.1,15.7,93.8,167.9,99,98,91,98,99.2,1,1,0,1,1,4,1573426581.2291489,20489993.0,0.1013,,1819223,1280000,4,96.5,0.1,2026-08-12
6,SLS,Healthcare,Biotechnology,NASDAQ,7894688,11.05,380.62,0,0,-30.42,746.8,73.8,4.4,2.4,7.5,103.5,99,99,99,98,99.3,1,1,1,1,1,5,2361557258.7456245,196632574.0,0.2823,,5137226,8516211,4,98.8,0.1,2026-08-12
7,CLYM,Healthcare,Biotechnology,NASDAQ,1161302,13.85,374.59,0,0,-4.68,793.8,100.0,11.7,12.2,15.7,92.9,99,99,99,99,99.6,1,1,1,1,1,5,804107570.0,57436255.0,0.1694,,1015388,1355209,4,99.2,-0.3,2026-08-12
8,BFLY,Healthcare,Medical Devices,NYSE,8063060,9.37,327.83,1,-4,-3.3,584.8,97.0,9.4,22.2,31.0,104.5,99,98,93,87,99.0,1,1,0,0,1,3,2351298145.574053,266285183.0,0.1509,0.395,8365780,9311770,3,94.2,2.2,2026-08-12
9,AEHR,Technology,Semiconductor Equipment & Materials,NASDAQ,2993350,117.18,326.71,1,2,-7.46,643.6,100.0,27.6,41.6,39.2,129.5,99,98,99,96,99.1,1,1,1,0,1,4,3362189771.5450287,32620450.0,0.15619999,0.337,2366140,2500350,4,98.0,-0.3,2026-08-12
10,ORKA,Healthcare,Biotechnology,NASDAQ,1083850,104.68,325.53,0,-1,4.33,669.9,100.0,7.5,12.7,26.8,106.7,99,99,98,96,99.6,1,1,1,0,1,4,5960041802.414207,60312101.0,0.2232,,764381,1304018,4,98.1,0.4,2026-08-12
11,NUAI,Technology,Software - Infrastructure,NASDAQ,7520284,5.23,318.17,1,2,-44.63,1580.9,67.3,7.1,10.7,6.9,15.0,99,98,99,99,100.0,1,1,1,1,1,5,534816121.0916824,101290928.0,0.2364,1.458,4868063,8389200,4,99.0,-1.3,2026-08-12
12,STTK,Healthcare,Biotechnology,NASDAQ,1268230,7.18,308.81,0,0,-13.81,913.5,94.0,3.1,4.4,19.9,49.8,99,99,99,98,99.9,1,1,1,1,1,5,694344357.7283263,95508165.0,0.0848,,991600,1498266,4,99.0,-0.2,2026-08-12
13,TXG,Healthcare,Health Information Services,NASDAQ,3107765,58.48,307.92,1,-9,11.99,409.3,98.3,12.9,19.0,41.8,131.6,99,98,88,89,97.2,1,1,0,0,0,2,6605530358.694183,126956189.0,0.1901,-0.127,3433105,3325145,2,93.1,3.2,2026-08-12
14,SYRE,Healthcare,Biotechnology,NASDAQ,1063654,102.74,305.58,0,-1,-4.99,602.4,98.6,1.6,3.2,12.5,87.2,99,99,98,94,98.9,1,1,1,0,1,4,9250309694.32196,88173762.0,0.1542,,819232,1365340,4,97.5,1.2,2026-08-12
15,ANRO,Healthcare,Biotechnology,NYSE,513799,28.78,285.27,0,0,-2.41,853.6,100.0,4.0,5.7,16.4,44.0,99,99,99,99,99.8,1,1,1,1,1,5,1114413682.8855743,38870376.0,0.0935,,355429,543083,4,99.2,-0.4,2026-08-12
16,BLZE,Technology,Software - Infrastructure,NASDAQ,2888751,18.71,280.51,0,-15,-22.01,484.3,97.3,10.8,28.2,46.8,171.2,99,99,84,19,87.9,1,1,0,0,0,2,1164957981.1096191,61900000.0,0.0454,0.177,3956364,3650628,1,72.5,23.0,2026-08-12
17,TWST,Healthcare,Diagnostics & Research,NASDAQ,1559610,123.12,275.83,2,-8,4.06,418.3,100.0,18.3,27.0,38.3,125.8,99,97,87,94,97.4,1,0,0,0,0,1,7253367619.259277,62707424.0,0.2908,0.232,1918302,1822838,3,93.8,1.4,2026-08-12
18,AAOI,Technology,Communication Equipment,NASDAQ,10522191,134.33,274.12,0,0,-42.51,608.5,58.2,13.2,23.8,1.5,47.0,99,99,99,95,98.8,1,1,1,0,1,4,11470126027.245728,84569237.0,0.1286,0.864,14515213,12235928,4,98.0,0.9,2026-08-12
19,MU,Technology,Semiconductors,NASDAQ,44307364,868.52,273.07,0,0,-30.8,687.0,72.5,4.6,3.7,-5.6,67.2,99,99,99,98,99.0,1,1,1,1,1,5,991121555794.9924,1129393151.0,0.0321,3.457,42957462,49842652,4,98.8,0.2,2026-08-12
20,RLAY,Healthcare,Biotechnology,NASDAQ,2692857,19.99,263.97,1,0,-3.85,517.5,96.1,3.4,4.2,12.6,70.0,99,98,97,96,98.7,1,1,0,0,1,3,4332430145.185078,219141631.0,0.22760001,-0.609,2015313,3571706,4,97.4,0.2,2026-08-12
21,APPS,Technology,Software - Application,NASDAQ,4178965,13.04,263.56,1,-65,-14.99,340.1,82.9,6.6,23.5,22.3,108.0,99,98,32,26,90.5,1,1,0,0,0,2,1735373043.4656143,121016250.0,0.091400005,0.268,5813057,5448863,2,61.6,24.8,2026-08-12
22,PLAG,Industrials,Conglomerates,NYSE ARCA,8682214,5.81,258.63,25,-23,29.4,126.4,12.7,2.9,29.1,-17.4,-39.7,99,74,26,92,1.0,1,0,0,0,0,1,7970320.433933437,14232715.0,0.0036000002,6.566,18535002,5222528,1,48.2,37.7,2026-08-12
23,MXL,Technology,Semiconductors,NASDAQ,3804597,69.02,257.66,0,0,-46.2,469.6,53.3,6.5,3.5,-10.5,72.7,99,99,99,81,97.7,1,1,1,0,0,3,6800175765.63102,90693191.0,0.059699997,0.552,2604943,3940990,3,94.2,4.3,2026-08-12
24,ALMS,Healthcare,Biotechnology,NASDAQ,1261593,25.37,256.15,0,0,-19.07,546.8,82.0,-6.2,-7.8,-0.5,23.1,99,99,99,99,98.4,1,1,1,1,1,5,3518778696.6343307,127491980.0,0.094399996,-0.9,918541,1417992,4,98.9,0.3,2026-08-12
25,RVMD,Healthcare,Biotechnology,NASDAQ,1991123,205.55,254.76,1,0,-0.17,491.5,99.0,5.3,8.2,15.4,70.2,99,98,97,96,98.4,1,1,0,0,1,3,43971114844.49432,214336418.0,0.0696,,1817531,2627428,4,97.3,0.3,2026-08-12
26,DFTX,Healthcare,Biotechnology,NASDAQ,2082492,40.91,246.79,0,-5,-17.69,381.9,85.7,-2.2,-1.7,10.8,91.5,99,99,94,94,96.6,1,1,0,0,0,2,6124773658.539948,132743254.0,0.080699995,,2085698,3160085,4,95.9,2.7,2026-08-12
27,MBX,Healthcare,Biotechnology,NASDAQ,708142,66.01,246.01,1,-3,-9.13,587.2,93.9,0.4,5.1,26.7,81.9,99,98,94,98,98.1,1,1,0,1,1,4,3266217696.022705,48160096.0,0.1703,,501248,843719,4,97.0,0.3,2026-08-12
28,CDNA,Healthcare,Diagnostics & Research,NASDAQ,1188790,47.23,245.67,6,-9,-5.08,308.9,98.5,6.7,16.1,48.8,114.4,99,93,78,75,96.0,1,0,0,0,0,1,2415470800.8238564,51734223.0,0.1225,0.522,1458291,1107584,2,85.5,3.6,2026-08-12
29,LITE,Technology,Communication Equipment,NASDAQ,4536443,820.59,244.26,0,0,-24.42,713.5,87.1,14.3,19.6,14.1,48.4,99,99,99,99,99.5,1,1,1,1,1,5,69255224670.41016,77800000.0,0.125,0.901,5256039,5207803,4,99.1,-0.2,2026-08-12
30,DELL,Technology,Computer Hardware,NYSE,6480560,440.97,240.82,0,-4,-9.21,336.2,100.0,9.0,13.7,15.5,113.9,99,99,95,34,94.3,1,1,0,0,0,2,293200042454.8273,646142428.0,0.0433,0.875,5781421,7993226,3,80.6,15.7,2026-08-12
31,BAND,Technology,Software - Infrastructure,NASDAQ,1256419,51.62,240.33,0,0,-34.72,305.4,59.7,15.6,-4.9,-13.0,70.0,99,99,99,26,95.6,1,1,1,0,0,3,1607752139.0176086,32180788.0,0.121700004,0.222,1500379,1424849,3,79.9,16.3,2026-08-12
32,DNTH,Healthcare,Biotechnology,NASDAQ,937145,108.49,239.24,1,1,-5.29,495.1,99.8,2.6,6.0,17.5,62.3,99,98,98,93,98.5,1,1,1,0,1,4,5954245998.263138,54666233.0,0.1942,2.943,830617,1164339,4,96.9,0.7,2026-08-12
33,HYMC,Basic Materials,Gold,NASDAQ,1585037,27.53,238.51,1,3,-53.12,684.3,45.8,14.5,25.1,16.9,-3.5,98,97,99,99,99.4,1,0,1,1,1,4,2473041899.050377,93181681.0,0.22489999,,1681533,2046482,4,98.6,-1.8,2026-08-12
34,OPTX,Technology,Electronic Components,NASDAQ,504200,8.87,236.12,0,0,-40.55,596.0,57.9,14.8,16.8,-9.8,30.8,98,98,98,99,98.0,1,1,1,1,0,4,313780248.0834446,40279878.0,0.2343,-0.079,391462,737846,4,98.2,-0.2,2026-08-12
35,ABSI,Healthcare,Biotechnology,NASDAQ,3545309,9.41,235.94,-1,-6,-21.94,313.0,77.3,11.3,16.0,10.3,97.4,98,99,94,26,93.6,1,1,0,0,0,2,1512745025.386879,169400333.0,0.2575,-0.818,2513899,5367965,3,78.1,17.8,2026-08-12
36,FSLY,Technology,Software - Application,NASDAQ,5814245,28.78,231.44,2,-4,-17.35,316.5,81.4,14.6,26.0,41.0,63.7,98,96,90,96,96.6,1,0,0,0,0,1,3657527854.156494,159300000.0,0.1902,0.233,8281876,6331257,4,94.6,0.3,2026-08-12
37,LQDA,Healthcare,Drug Manufacturers - Specialty & Generic,NASDAQ,1358193,88.05,228.96,-1,-5,-3.84,261.4,82.3,-9.4,-7.5,1.7,65.8,98,99,95,90,95.0,1,1,0,0,0,2,8023093200.334808,88928099.0,0.1723,41.585,1164099,1944371,4,94.8,4.2,2026-08-12
38,REPL,Healthcare,Biotechnology,NASDAQ,6171376,13.65,228.8,-1,-87,-1.8,796.5,100.0,27.3,44.2,46.8,88.6,98,99,13,36,91.4,1,1,0,0,0,2,1013354451.5187426,84026071.0,0.4984,,9844190,5429746,2,59.9,25.0,2026-08-12
39,SLN,Healthcare,Biotechnology,NASDAQ,1133621,14.72,227.87,5,-2,19.63,215.8,83.4,10.8,15.7,39.9,91.8,98,93,86,25,88.3,1,0,0,0,0,1,564453616.3407125,47234613.0,0.044099998,1.972,2348865,880955,1,73.1,16.7,2026-08-12
40,VSXY,Consumer Cyclical,Apparel Retail,NYSE,1667904,94.16,227.61,0,-14,-5.2,335.9,91.2,0.6,4.5,11.9,58.7,98,98,84,96,96.9,1,1,0,0,0,2,7833114161.576843,79491720.0,0.1898,0.153,1588123,2196574,3,93.7,2.4,2026-08-12
41,EVC,Communication Services,Advertising Agencies,NYSE,1847958,9.23,227.17,-1,-1,-32.82,355.6,61.2,-18.3,-17.3,-16.5,64.7,98,99,99,77,95.1,1,1,1,0,0,3,1101709009.1771126,92039180.0,0.1302,1.144,2325315,1985943,3,92.5,6.4,2026-08-12
42,NESR,Energy,Oil & Gas Equipment & Services,NASDAQ,2166984,36.01,226.51,0,-1,18.81,415.9,96.7,19.7,22.5,28.2,62.0,98,98,97,98,97.8,1,1,0,1,0,3,2926587386.2642097,100847255.0,0.062,0.335,2527794,2292760,4,97.7,0.2,2026-08-12
43,DRTS,Healthcare,Biotechnology,NASDAQ,726311,14.27,223.98,0,-1,1.13,353.3,96.4,6.8,8.5,18.8,75.9,98,98,97,96,95.7,1,1,0,0,0,2,1186882041.6509285,90325876.0,0.048,,497645,812499,4,96.7,1.7,2026-08-12
44,STX,Technology,Computer Hardware,NASDAQ,5226753,820.52,223.61,-1,-1,-28.34,468.7,77.0,4.7,5.7,-1.2,61.7,98,99,99,98,98.3,1,1,1,1,1,5,184496522216.79688,227000000.0,0.037,0.485,5613279,4959627,4,98.6,0.6,2026-08-12
45,IMMX,Healthcare,Biotechnology,NASDAQ,1801957,11.49,222.73,0,0,-5.35,480.1,93.5,21.5,21.8,20.5,48.7,98,98,98,98,97.3,1,1,1,1,0,4,691966342.7297678,71189951.0,0.1444,,1530081,1882806,4,97.8,0.3,2026-08-12
46,TSEM,Technology,Semiconductors,NASDAQ,2066392,249.58,222.38,0,1,-21.99,464.7,79.1,10.5,11.6,6.3,49.1,98,98,99,96,98.2,1,1,1,0,1,4,28539258408.499146,113031240.0,0.024400001,0.237,2636957,1999129,4,97.8,0.2,2026-08-12
47,QMCO,Technology,Computer Hardware,NASDAQ,1407804,19.4,221.49,18,13,4.98,408.9,100.0,65.8,81.3,78.5,159.9,98,80,75,12,90.0,1,0,0,0,0,1,474068978.497982,39374500.0,0.0583,0.273,2595853,1573070,1,64.3,9.1,2026-08-12
48,WYHG,Consumer Defensive,Packaged Foods,NASDAQ,2771599,7.39,221.04,11,-22,-71.76,310.2,59.9,26.3,47.3,49.3,114.1,98,87,54,4,33.3,1,0,0,0,0,1,55741500.6000309,12582732.0,0.0095,-0.068,8204319,1824282,0,44.6,46.8,2026-08-12
49,IOVA,Healthcare,Biotechnology,NASDAQ,18183329,6.49,219.07,8,6,-6.21,272.4,100.0,24.9,30.2,48.2,96.2,98,90,88,51,94.0,1,0,0,0,0,1,2871838947.997956,452971432.0,0.2395,0.657,21614459,16474695,2,80.8,6.0,2026-08-12
50,PAYS,Technology,Software - Infrastructure,NASDAQ,641297,12.63,217.87,8,4,-1.71,302.5,100.0,17.3,29.6,49.0,115.2,98,90,86,20,84.4,1,0,0,0,0,1,704647681.0336761,56462156.0,0.0353,0.481,934322,655606,1,70.1,17.2,2026-08-12
51,FCEL,Industrials,Electrical Equipment & Parts,NASDAQ,11076597,19.2,216.33,-1,-1,-49.31,452.8,55.3,2.4,4.4,-0.2,73.5,98,99,99,80,97.9,1,1,1,0,0,3,1633464248.6800842,79954196.0,0.1891,-0.049,7947951,11817678,3,94.0,4.3,2026-08-12
52,ICHR,Technology,Semiconductor Equipment & Materials,NASDAQ,1135763,67.51,215.3,-1,-2,-40.56,385.5,56.0,-1.5,-9.7,-17.7,36.1,98,99,98,98,96.7,1,1,1,1,0,4,2558872913.8498764,37454229.0,0.0643,0.227,1165950,1198764,4,97.9,1.4,2026-08-12
53,WDC,Technology,Computer Hardware,NASDAQ,7988564,437.93,215.1,-1,-1,-45.25,508.2,56.5,-7.1,-8.5,-18.3,31.2,98,99,99,99,98.6,1,1,1,1,1,5,149695445285.75446,344682131.0,0.0761,0.438,9358653,8929188,4,98.9,0.2,2026-08-12
54,TNGX,Healthcare,Biotechnology,NASDAQ,2554202,26.34,210.41,-1,-1,-23.41,302.2,72.4,-7.1,-7.6,-9.9,41.2,98,99,99,98,95.5,1,1,1,1,0,4,4407392498.742912,162814649.0,0.26540002,,2036808,4165275,4,97.9,1.9,2026-08-12
55,ABCL,Healthcare,Biotechnology,NASDAQ,7483034,9.76,209.04,6,-2,15.64,272.5,100.0,43.5,60.3,61.5,127.2,98,92,84,37,84.7,1,0,0,0,0,1,2116251421.06884,305375393.0,0.19139999,0.963,10590632,7581300,1,74.4,15.4,2026-08-12
56,APGE,Healthcare,Biotechnology,NASDAQ,1525755,134.69,208.27,1,-6,-0.14,288.3,99.7,0.1,0.2,11.9,57.0,98,97,90,90,95.3,1,0,0,0,0,1,10137771855.269012,75183715.0,0.0704,,1360887,3113499,4,93.1,2.9,2026-08-12
57,KOD,Healthcare,Biotechnology,NASDAQ,643069,42.11,206.79,-1,-1,-11.98,440.6,92.1,1.4,2.8,12.7,38.6,98,99,99,99,98.1,1,1,1,1,1,5,2839183801.329014,62578441.0,0.2641,,558158,735825,4,98.8,0.5,2026-08-12
58,CRNX,Healthcare,Biotechnology,NASDAQ,6517350,84.36,206.11,2,-40,0.07,208.5,100.0,0.6,0.7,39.1,77.9,98,96,54,73,92.2,1,0,0,0,0,1,8920485030.666122,106095205.0,0.0687,23.363,2072322,4417422,2,78.8,10.7,2026-08-12
59,ELVN,Healthcare,Biotechnology,NASDAQ,1042191,58.78,204.85,3,2,-5.68,282.6,93.1,0.1,4.6,18.0,69.6,98,95,94,79,93.3,1,0,0,0,0,1,4429950142.978615,73270761.0,0.1765,,1340805,1610083,3,90.3,4.2,2026-08-12
60,PSNL,Healthcare,Diagnostics & Research,NASDAQ,4572639,14.02,203.87,1,-38,-14.46,215.8,86.0,7.0,6.6,13.9,54.4,98,97,58,89,92.3,1,0,0,0,0,1,1511592458.6711082,106750881.0,0.1674,0.3,2788638,4186269,2,84.1,7.8,2026-08-12
61,ARWR,Healthcare,Biotechnology,NASDAQ,2077626,89.24,199.02,3,6,-6.55,390.2,96.7,-0.0,3.7,8.5,29.9,98,95,98,98,97.8,1,0,1,1,0,3,12380954248.087212,141254467.0,0.0953,1.71,1373160,2282414,4,97.2,-2.3,2026-08-12
62,NXTT,Technology,Software - Application,NASDAQ,6638691,6.42,198.82,96,95,-98.28,10150.0,2.1,194.3,335.3,347.2,34.3,98,2,1,0,0.1,1,0,0,0,0,1,88377.65802460536,1472961.0,0.00029999999,,19545495,4051557,0,0.8,1.5,2026-08-12
63,SMJF,Consumer Cyclical,Textile Manufacturing,NYSE ARCA,991063,9.1,197.12,21,-42,4.6,632.8,100.0,37.4,55.4,71.0,,98,77,14,4,,1,0,0,0,0,1,231336760.5686188,27705000.0,0.0299,-0.014,1024650,906268,0,31.7,,2026-08-12
64,NEWP,Basic Materials,Silver,NYSE ARCA,562004,6.51,196.38,15,30,2.2,323.7,100.0,16.0,31.3,45.3,60.5,97,82,97,97,96.5,0,0,0,0,0,0,1171492168.0302906,185069855.0,0.0424,,631242,775446,3,93.1,-11.7,2026-08-12
65,INTC,Technology,Semiconductors,NASDAQ,113863221,97.71,196.36,-1,0,-31.36,362.9,66.4,3.9,5.1,-8.0,45.3,97,98,99,91,97.5,0,1,1,0,0,2,512722607696.5332,5044000000.0,0.024,0.254,112777075,121155551,4,96.4,1.5,2026-08-12
66,HPE,Technology,Communication Equipment,NYSE,17339456,54.38,195.72,0,-7,-15.36,194.0,100.0,12.1,19.0,21.5,91.7,97,97,90,54,89.9,0,0,0,0,0,0,70474113004.07938,1324203521.0,0.055999998,0.4,16800089,26887653,2,82.7,12.9,2026-08-12
67,PACS,Healthcare,Medical Care Facilities,NYSE,971298,44.95,195.45,0,0,-9.17,489.8,92.7,-1.9,-1.3,8.3,30.2,97,97,97,98,96.3,0,0,0,1,0,1,7669776827.839127,158335612.0,0.0938,0.091,1082625,953505,4,97.1,0.2,2026-08-12
68,UCTT,Technology,Semiconductor Equipment & Materials,NASDAQ,1534173,86.07,193.96,-1,-1,-40.32,318.7,57.1,6.7,3.0,-8.6,43.8,97,98,98,97,96.4,0,1,1,0,0,2,3950420780.25,45277029.0,0.1069,0.243,1540120,1486768,4,97.4,1.0,2026-08-12
69,UMAC,Technology,Computer Hardware,NYSE ARCA,3928572,25.97,193.0,11,18,-24.42,248.3,75.1,9.2,23.9,20.2,67.6,97,86,93,91,88.7,0,0,0,0,0,0,1304364376.041031,49956505.0,0.1966,6.873,4032907,4877211,2,89.7,-3.1,2026-08-12
70,PENG,Technology,Information Technology Services,NASDAQ,4087895,57.33,192.33,-2,-5,-36.2,261.6,65.2,5.6,5.9,-6.7,73.1,97,99,96,33,87.2,0,1,0,0,0,1,2994110918.2080307,51242699.0,0.2694,0.476,2012765,3740537,2,78.8,19.4,2026-08-12
71,BW,Industrials,Specialty Industrial Machinery,NYSE,4068945,9.19,192.12,-2,-2,-58.28,569.2,40.8,3.3,1.2,-22.3,-13.5,97,99,99,99,99.3,0,1,1,1,1,4,1394626388.4366674,148839531.0,0.1296,0.443,5182517,3973295,4,99.1,-0.2,2026-08-12
72,MEI,Technology,Electronic Components,NYSE,630015,16.75,190.31,-1,-13,-17.81,235.8,82.9,7.8,9.4,14.3,79.8,97,98,86,65,87.8,0,1,0,0,0,1,591700685.8480492,35494942.0,0.0779,0.159,567805,762967,1,84.2,12.9,2026-08-12
73,XMAX,Consumer Cyclical,"Furnishings, Fixtures & Appliances",NASDAQ,810085,9.34,189.34,2,5,0.32,436.7,94.4,-1.1,1.8,3.1,26.6,97,95,98,99,97.6,0,0,1,1,0,2,578145153.0449448,63602326.0,0.1584,-0.324,598355,1140675,4,97.4,-2.4,2026-08-12
74,CLMT,Basic Materials,Specialty Chemicals,NASDAQ,1208487,46.04,188.8,2,-2,1.86,256.7,100.0,9.2,10.1,22.1,62.2,97,95,91,94,94.5,0,0,0,0,0,0,3440569323.667202,87147147.0,0.0533,0.036,1431713,1092972,4,93.6,0.9,2026-08-12
75,MANE,Healthcare,Biotechnology,NYSE,736068,108.95,188.77,-1,-2,-16.98,194.5,77.7,0.9,-0.7,0.5,,97,98,97,81,,0,1,0,0,0,1,4779063980.430313,41778687.0,0.1447,,955455,735761,2,92.0,,2026-08-12
76,ETON,Healthcare,Drug Manufacturers - Specialty & Generic,NASDAQ,506741,42.05,188.54,1,-3,-16.2,189.8,78.5,-8.9,-5.3,10.4,69.3,97,96,92,37,86.3,0,0,0,0,0,0,1221699125.0025787,27392358.0,0.0629,0.404,475034,470122,2,77.8,17.1,2026-08-12
77,PGEN,Healthcare,Biotechnology,NASDAQ,4938732,6.86,188.3,5,6,-5.51,280.6,93.0,2.1,14.0,28.0,55.6,97,92,93,95,95.8,0,0,0,0,0,0,2588594842.6389804,358035247.0,0.21180001,63.227,6777297,5361397,4,94.0,-2.6,2026-08-12
78,PBF,Energy,Oil & Gas Refining & Marketing,NYSE,3245665,69.35,188.16,1,-10,-7.21,220.6,94.6,5.1,8.4,32.3,70.7,97,96,85,74,92.9,0,0,0,0,0,0,7314908843.2662735,118536849.0,0.1401,0.562,3922605,3002681,2,87.0,7.0,2026-08-12
79,CMPS,Healthcare,Medical Care Facilities,NASDAQ,4147051,13.38,188.02,-1,-4,-13.12,248.5,92.3,11.6,16.6,12.9,67.4,97,98,95,93,93.4,0,1,0,0,0,1,1827213787.652092,134949320.0,0.0964,,3035074,3932742,4,94.8,3.6,2026-08-12
80,AMPG,Technology,Communication Equipment,NASDAQ,2457677,6.21,187.6,-1,-34,-38.58,264.2,58.6,17.0,13.5,-0.9,67.4,97,98,65,49,77.3,0,1,0,0,0,1,146965039.03299236,25338799.0,0.3031,0.486,1729412,4198820,1,72.3,23.5,2026-08-12
81,ASX,Technology,Semiconductors,NYSE,9982261,38.65,187.26,-1,-2,-15.09,307.9,83.5,5.5,5.4,1.3,50.1,97,98,97,96,95.7,0,1,0,0,0,1,82213706052.65959,2198815389.0,0.0058,0.267,9000205,11160583,4,96.7,1.6,2026-08-12
82,SPHR,Communication Services,Entertainment,NYSE,709400,162.37,185.08,2,3,-7.0,352.4,100.0,13.0,19.0,16.5,50.7,97,95,96,97,96.8,0,0,0,0,0,0,5729656619.660812,35913607.0,0.33200002,0.11,880600,738344,4,96.2,-1.4,2026-08-12
83,LIND,Consumer Cyclical,Travel Services,NASDAQ,812754,32.84,184.59,4,-7,-6.04,198.9,100.0,5.1,13.6,26.6,78.1,97,93,82,93,89.2,0,0,0,0,0,0,2227788491.6138496,65619689.0,0.1161,0.186,905822,918762,2,89.3,3.0,2026-08-12
84,PUBM,Technology,Software - Application,NASDAQ,611526,17.65,184.12,7,-12,-4.28,173.6,94.8,18.7,25.3,33.7,77.7,97,90,71,13,60.5,0,0,0,0,0,0,809880115.8567448,45550061.0,0.078200005,0.105,917999,621129,1,58.6,32.1,2026-08-12
85,MRVL,Technology,Semiconductors,NASDAQ,24867080,212.31,183.44,-1,-3,-35.64,248.4,60.9,5.3,9.0,-9.9,55.0,97,98,96,39,89.6,0,1,0,0,0,1,196310917294.19528,897544423.0,0.0434,0.276,22363831,43615546,2,80.6,16.2,2026-08-12
86,ACRS,Healthcare,Biotechnology,NASDAQ,2010728,5.92,182.46,0,-1,-9.13,256.1,89.0,0.6,3.8,12.4,50.1,97,97,96,91,94.6,0,0,0,0,0,0,868555326.3751221,146963680.0,0.1093,0.372,2293735,1974517,4,94.7,2.5,2026-08-12
87,CORT,Healthcare,Biotechnology,NASDAQ,1257325,111.86,181.84,2,-35,-8.47,248.9,92.9,-0.1,9.4,22.9,77.5,97,95,58,9,59.7,0,0,0,0,0,0,11974059072.81086,108098397.0,0.112799995,0.317,1516165,1162849,1,55.4,38.5,2026-08-12
88,TVTX,Healthcare,Biotechnology,NASDAQ,1613357,60.21,181.27,1,-2,-9.1,260.8,98.7,5.5,7.8,12.8,57.3,97,96,93,71,94.8,0,0,0,0,0,0,5780089519.473801,94261082.0,0.169,0.482,2145022,1934888,3,88.7,5.9,2026-08-12
89,BE,Industrials,Electrical Equipment & Parts,NYSE,16207328,211.21,180.45,-2,-2,-39.87,474.9,64.3,7.8,13.3,-5.0,29.4,97,99,99,99,98.7,0,1,1,1,1,4,64601626993.048645,294527346.0,0.074499995,1.655,19676194,15253556,4,98.9,0.1,2026-08-12
90,XNCR,Healthcare,Biotechnology,NASDAQ,1066572,22.1,180.26,18,11,0.64,231.1,100.0,12.5,18.6,44.5,65.2,97,79,72,42,92.8,0,0,0,0,0,0,1547294151.861002,74353397.0,0.2077,0.175,1089157,1007829,1,71.5,1.2,2026-08-12
91,AYA,Basic Materials,Silver,NASDAQ,624625,27.84,180.22,9,15,1.87,236.6,100.0,14.6,27.6,38.5,66.3,97,88,94,95,92.5,0,0,0,0,0,0,3887804289.293055,142986547.0,15.85,2.466,812565,590857,3,92.4,-4.3,2026-08-12
92,ATI,Industrials,Metal Fabrication,NYSE,1510678,230.08,179.57,4,2,-2.91,223.0,100.0,9.3,14.8,18.2,55.0,97,93,91,94,92.4,0,0,0,0,0,0,31025059564.049164,136170383.0,0.0416,0.106,1837984,1708810,4,92.6,0.3,2026-08-12
93,EWTX,Healthcare,Biotechnology,NASDAQ,1198124,44.31,179.22,1,-3,-8.45,235.3,86.5,2.9,6.1,9.8,41.9,97,96,92,91,94.1,0,0,0,0,0,0,4726451743.795025,108604129.0,0.1325,,1535873,1521828,4,93.3,2.3,2026-08-12
94,ANAB,Healthcare,Biotechnology,NASDAQ,707462,57.87,179.11,0,1,-20.02,340.6,77.4,3.9,4.8,-0.6,31.3,97,97,98,97,96.1,0,0,1,0,0,1,1676136127.4815826,29608481.0,0.3758,-0.08,473677,662153,4,97.0,0.3,2026-08-12
95,RNG,Technology,Software - Application,NYSE,2270808,63.45,178.19,11,8,-1.9,153.3,96.9,5.2,21.2,41.1,73.4,96,85,82,47,82.7,0,0,0,0,0,0,5283930497.286118,83858604.0,0.2024,0.059,2106816,1991695,0,74.2,9.1,2026-08-12
96,DOCN,Technology,Software - Infrastructure,NYSE,3532275,120.86,178.17,-2,-1,-35.54,344.7,68.3,6.8,7.7,-6.4,46.7,96,98,99,93,97.0,0,1,1,0,0,2,14514140296.787598,116908096.0,0.14220001,0.286,3780757,3607439,4,96.8,1.4,2026-08-12
97,PANW,Technology,Software - Infrastructure,NASDAQ,6640417,383.8,178.16,0,-15,1.81,173.2,100.0,7.1,11.3,20.1,75.4,96,96,81,19,84.8,0,0,0,0,0,0,296545888061.52344,815000000.0,0.0252,0.311,6120111,7554722,1,70.2,22.5,2026-08-12
98,IRDM,Communication Services,Telecom Services,NASDAQ,1835864,49.38,177.97,0,-2,-13.64,213.4,84.8,1.8,4.4,3.5,57.8,96,96,94,59,80.6,0,0,0,0,0,0,5290601955.526543,105960383.0,0.0312,0.038,1131894,2451632,2,82.4,15.3,2026-08-12
99,URGN,Healthcare,Biotechnology,NASDAQ,847181,47.11,177.74,-1,-6,-2.24,198.4,100.0,13.3,15.9,32.7,88.2,96,97,92,90,89.1,0,0,0,0,0,0,2287971034.3539505,48721701.0,0.1191,1.992,985565,776503,3,92.0,5.8,2026-08-12
100,RUSHA,Consumer Cyclical,Auto & Truck Dealerships,NASDAQ,714010,81.59,177.56,15,9,-2.42,72.7,94.1,0.0,2.6,9.3,23.0,96,81,75,84,52.8,0,0,0,0,0,0,6223318603.658157,77713767.0,0.1924,-0.016,852375,814903,0,73.2,14.1,2026-08-12
101,VSAT,Technology,Communication Equipment,NASDAQ,2546672,84.52,177.42,-1,0,-9.15,238.5,96.0,6.1,12.9,19.5,61.2,96,97,98,98,94.0,0,0,1,1,0,2,11072811629.442368,137755810.0,0.1158,-0.012,2506616,2806077,4,96.7,1.2,2026-08-12
102,CAKE,Consumer Cyclical,Restaurants,NASDAQ,1753635,113.06,177.24,11,-15,4.73,171.9,100.0,9.1,20.4,39.4,85.0,96,85,59,76,75.7,0,0,0,0,0,0,5326876021.557404,49760634.0,0.3423,0.077,2320107,1606609,0,73.9,9.1,2026-08-12
103,BB,Technology,Software - Infrastructure,NYSE,20418595,8.98,177.22,-2,-10,-33.92,178.4,58.2,0.3,0.9,-8.8,54.1,96,98,90,21,86.4,0,1,0,0,0,1,5263181602.084515,586100431.0,0.0722,0.256,12285567,30305345,2,73.9,22.0,2026-08-12
104,FOSL,Consumer Cyclical,Footwear & Accessories,NASDAQ,891584,5.24,175.47,11,20,-14.94,201.1,81.1,-3.8,9.1,19.1,32.0,96,85,94,96,91.6,0,0,0,0,0,0,317966604.0036411,59101598.0,0.1117,-0.037,1232082,934810,3,91.6,-6.4,2026-08-12
105,UMC,Technology,Semiconductors,NYSE,16117721,18.94,175.39,-3,-7,-34.6,193.5,59.4,0.8,-1.4,-12.5,45.6,96,99,95,88,90.2,0,1,0,0,0,1,46948046895.55584,2507908580.0,0.0088,0.17,15471325,17513795,3,93.1,7.0,2026-08-12
106,AMLX,Healthcare,Drug Manufacturers - Specialty & Generic,NASDAQ,1848728,23.63,175.16,9,11,-3.94,198.6,94.9,7.3,17.1,32.6,54.7,96,87,89,96,91.5,0,0,0,0,0,0,2542673921.3563843,111423048.0,0.1428,,2271415,1826575,2,90.9,-4.2,2026-08-12
107,LIFE,Financial Services,Insurance Brokers,NASDAQ,991747,33.45,174.5,18,31,2.92,241.0,100.0,26.2,48.0,70.0,,96,78,91,14,,0,0,0,0,0,0,2015436379.8556824,63759454.0,0.082200006,1.134,2016082,772884,1,61.0,,2026-08-12
108,VICR,Technology,Electronic Components,NASDAQ,813617,210.88,174.24,-3,-3,-44.89,386.4,53.9,4.7,4.8,-16.2,17.3,96,99,99,98,97.5,0,1,1,1,0,3,10198808977.69342,46106732.0,0.0615,0.493,657192,847876,4,98.4,1.0,2026-08-12
109,FORM,Technology,Semiconductor Equipment & Materials,NASDAQ,1519108,121.07,174.02,0,1,-24.46,362.4,76.4,12.0,18.0,5.5,32.9,96,96,97,98,97.1,0,0,0,1,0,1,9151110637.500183,77954772.0,0.0507,0.319,1569106,1719017,4,97.0,-1.0,2026-08-12
110,QURE,Healthcare,Biotechnology,NASDAQ,1484765,45.0,173.71,-1,-10,-37.06,399.8,58.6,1.2,7.6,13.4,61.7,96,97,88,78,92.6,0,0,0,0,0,0,3219988718.026306,69366412.0,0.1515,0.11,1583445,2103403,2,88.9,6.9,2026-08-12
111,ACMR,Technology,Semiconductor Equipment & Materials,NASDAQ,1194960,79.92,173.68,-2,-8,-37.16,226.0,55.2,1.4,-0.1,-10.8,36.0,96,98,92,97,93.8,0,1,0,0,0,1,5791375221.505417,69109487.0,0.0729,0.342,1122791,1466548,4,95.2,2.9,2026-08-12
112,NEO,Healthcare,Diagnostics & Research,NASDAQ,2942854,16.53,173.27,3,-56,-0.42,170.1,98.0,2.2,8.4,20.3,48.2,96,93,34,65,89.7,0,0,0,0,0,0,2157609154.8625183,130211780.0,0.1271,0.112,3297634,3152298,1,70.4,13.1,2026-08-12
113,VSTS,Industrials,Rental & Leasing Services,NYSE,1338015,13.88,173.19,-1,-3,-17.87,248.8,81.2,-0.6,-5.8,-0.2,52.1,96,97,95,78,90.8,0,0,0,0,0,0,1877213220.259409,132105082.0,0.0888,-0.009,1543566,1404875,3,90.2,7.1,2026-08-12
114,IBRX,Healthcare,Biotechnology,NASDAQ,9944360,7.6,172.91,-1,-1,-38.86,290.9,60.2,4.9,5.1,1.4,26.6,96,97,97,99,92.1,0,0,0,1,0,1,8097148984.216591,1059836273.0,0.346,0.939,9667240,11367972,4,96.3,2.1,2026-08-12
115,RCEL,Healthcare,Medical Devices,NASDAQ,541046,8.2,172.89,74,85,1.61,148.3,98.4,37.5,51.3,73.4,91.7,96,22,33,23,67.3,0,0,0,0,0,0,240301600.6001172,30926847.0,0.0859,0.04,1015388,459739,0,36.3,-24.0,2026-08-12
116,NRIX,Healthcare,Biotechnology,NASDAQ,1156891,25.96,172.1,3,-10,0.27,223.2,100.0,8.0,10.7,24.0,51.2,96,93,80,80,88.7,0,0,0,0,0,0,2639950476.893137,103405813.0,0.1752,-0.795,1020005,2233821,1,85.4,6.1,2026-08-12
117,GH,Healthcare,Diagnostics & Research,NASDAQ,2367114,165.09,171.48,-1,-15,-6.51,201.4,95.1,3.3,6.2,11.8,49.2,96,97,83,93,91.3,0,0,0,0,0,0,22609370148.252106,134196170.0,0.089099996,0.443,2318482,2668014,3,91.1,5.0,2026-08-12
118,TWLO,Technology,Software - Infrastructure,NYSE,2144225,255.95,171.28,1,-2,0.57,159.0,94.2,14.2,20.0,19.6,60.0,96,95,92,33,88.2,0,0,0,0,0,0,36619996755.529175,151773860.0,0.036,0.22,3049995,2389745,2,77.1,16.1,2026-08-12
119,HUT,Financial Services,Capital Markets,NASDAQ,4441305,88.78,171.18,-1,1,-36.95,324.8,62.2,-6.1,-8.8,-16.0,26.2,96,97,99,96,96.9,0,0,1,0,0,1,10919555818.730349,123259468.0,0.1158,0.814,4892557,4367099,4,97.2,0.0,2026-08-12
120,CGEM,Healthcare,Biotechnology,NASDAQ,596702,19.63,170.49,2,1,1.03,240.9,100.0,11.2,11.8,17.4,46.4,96,94,93,87,88.6,0,0,0,0,0,0,1089651127.4467392,61458046.0,0.2375,,580046,960303,2,90.6,4.2,2026-08-12
121,HNGE,Healthcare,Health Information Services,NYSE,1777153,89.01,170.05,0,-17,-2.72,176.9,91.3,4.8,6.3,11.7,62.5,96,96,79,35,58.9,0,0,0,0,0,0,7208432418.36589,80694417.0,0.1157,0.53,2070351,2085338,1,67.2,32.4,2026-08-12
122,AGEN,Healthcare,Biotechnology,NASDAQ,7755494,6.83,169.98,38,28,-22.82,149.1,74.7,-7.4,4.5,47.1,76.5,96,58,48,19,63.5,0,0,0,0,0,0,289831321.3485327,41642431.0,0.1717,0.344,1848104,4993460,0,47.1,6.1,2026-08-12
123,HZO,Consumer Cyclical,Specialty Retail,NYSE,586994,52.46,169.65,16,16,37.55,143.3,98.9,29.0,39.1,45.3,76.1,96,80,80,71,84.3,0,0,0,0,0,0,785964541.4424591,22028154.0,0.16229999,-0.07,1186922,471124,0,78.8,-0.3,2026-08-12
124,BWEN,Industrials,Specialty Industrial Machinery,NASDAQ,660365,5.34,169.42,-1,-5,-3.26,176.1,100.0,18.6,17.7,20.6,70.4,96,97,93,61,82.6,0,0,0,0,0,0,109063176.98881532,23404116.0,0.0543,-0.075,1082737,616705,2,83.4,14.8,2026-08-12
125,DK,Energy,Oil & Gas Refining & Marketing,NYSE,1261739,63.94,169.03,0,-5,-7.24,219.9,98.6,5.6,5.1,21.6,58.5,96,96,91,86,93.1,0,0,0,0,0,0,3582869649.2095795,61287542.0,0.1216,0.478,1339267,1228579,3,91.5,3.9,2026-08-12
126,COGT,Healthcare,Biotechnology,NASDAQ,2230498,38.7,168.31,1,3,-11.5,256.6,87.9,-4.6,-3.0,3.8,9.4,96,95,97,99,94.6,0,0,0,1,0,1,7243094585.270447,170868004.0,0.0975,,1990574,2601672,4,96.4,-0.8,2026-08-12
127,UPC,Healthcare,Drug Manufacturers - Specialty & Generic,NASDAQ,1698286,5.94,167.62,26,-23,-66.93,169.7,38.4,5.9,26.4,34.2,62.5,95,69,20,13,67.7,0,0,0,0,0,0,3601979.2429304123,647838.0,0.024600001,-0.013,4152038,2618051,0,42.4,16.7,2026-08-12
128,PTGX,Healthcare,Biotechnology,NASDAQ,644116,148.29,167.25,3,1,0.2,182.8,100.0,8.0,9.8,21.2,52.6,95,92,90,88,91.1,0,0,0,0,0,0,9438997216.991575,64708285.0,0.15,37.492,519269,738909,3,90.3,1.5,2026-08-12
129,MAN,Industrials,Staffing & Employment Services,NYSE,1428676,56.24,166.57,20,-34,-2.93,118.3,98.8,2.5,4.6,32.3,71.9,95,75,21,23,49.2,0,0,0,0,0,0,2632315486.235428,46507342.0,0.1844,0.075,1038748,1346037,0,42.1,28.7,2026-08-12
130,AXGN,Healthcare,Medical Devices,NASDAQ,1252940,48.48,166.04,0,0,3.26,250.8,100.0,8.5,15.6,15.6,40.9,95,95,95,96,94.4,0,0,0,0,0,0,2496147064.996712,53761513.0,0.1173,0.231,1144312,1328520,4,95.1,0.1,2026-08-12
131,CRSR,Technology,Computer Hardware,NASDAQ,1924184,12.83,165.89,8,-38,-12.0,182.1,85.4,8.5,17.7,30.8,79.8,95,87,41,18,50.4,0,0,0,0,0,0,1552339402.916235,108176959.0,0.2194,-0.018,2843993,2264868,0,49.1,36.7,2026-08-12
132,AVR,Healthcare,Medical Instruments & Supplies,NASDAQ,1135490,9.17,165.22,-1,-7,-17.05,162.4,76.4,6.0,6.3,-2.7,37.2,95,96,90,83,86.5,0,0,0,0,0,0,867319013.8767586,97342203.0,0.1185,-0.112,1028022,1266878,2,88.9,7.9,2026-08-12
133,SNOW,Technology,Software - Application,NYSE,5001100,334.14,165.14,4,-69,0.83,174.3,98.9,4.4,12.7,24.6,55.5,95,91,18,24,69.6,0,0,0,0,0,0,114547830615.23438,346600000.0,0.0642,0.335,6102972,6480598,1,50.6,31.4,2026-08-12
134,AMAT,Technology,Semiconductor Equipment & Materials,NASDAQ,8607387,525.61,164.57,-2,-6,-28.94,250.8,69.1,4.0,4.1,-1.7,42.1,95,97,93,95,91.0,0,0,0,0,0,0,428055298720.4651,793959430.0,0.0211,0.114,7118541,9977864,4,94.0,3.8,2026-08-12
135,MRVI,Healthcare,Biotechnology,NASDAQ,2627247,5.81,164.42,-1,-7,-21.91,180.6,71.8,-9.0,-13.4,-3.6,40.0,95,96,90,43,88.0,0,0,0,0,0,0,918963404.5334568,147506164.0,0.0746,0.085,1930963,2918546,2,79.2,15.2,2026-08-12
136,ADPT,Healthcare,Diagnostics & Research,NASDAQ,2786557,25.39,163.62,6,-38,1.72,107.8,98.5,4.9,8.7,22.3,49.8,95,89,45,86,79.9,0,0,0,0,0,0,3965356425.001144,159059622.0,0.09060001,0.215,3000533,3242740,0,75.0,9.5,2026-08-12
137,ONTO,Technology,Semiconductor Equipment & Materials,NYSE,1289627,319.79,163.07,-1,-3,-17.25,230.9,85.1,17.7,20.8,13.2,48.2,95,96,94,93,93.1,0,0,0,0,0,0,15335941098.878723,49743567.0,0.0684,0.353,1411623,1328494,4,94.0,2.3,2026-08-12
138,CRWD,Technology,Software - Infrastructure,NASDAQ,8589728,221.9,163.04,-1,-18,1.16,153.3,97.5,6.1,11.4,17.7,62.8,95,96,79,27,80.2,0,0,0,0,0,0,218335152953.1116,1018259280.0,0.0274,0.256,7698615,11007469,1,70.6,23.4,2026-08-12
139,AMD,Technology,Semiconductors,NASDAQ,28656198,474.32,163.01,-3,-4,-18.88,219.5,77.2,-0.3,-2.3,-5.6,50.0,95,98,97,77,89.4,0,1,0,0,0,1,789073112387.9114,1632475042.0,0.024500001,0.501,30657464,29947658,2,90.4,8.6,2026-08-12
140,TER,Technology,Semiconductor Equipment & Materials,NASDAQ,3839065,379.56,162.36,-1,-1,-22.21,268.5,78.3,5.9,11.5,5.2,34.6,95,96,96,98,95.5,0,0,0,1,0,1,59301609500.80872,156340750.0,0.0539,1.039,4082367,4444729,4,96.4,-0.1,2026-08-12
141,NEXA,Basic Materials,Other Industrial Metals & Mining,NYSE,665544,14.45,161.83,-1,-1,-14.45,206.1,82.0,6.8,10.0,8.3,27.6,95,96,96,96,91.1,0,0,0,0,0,0,1867384465.6213207,132438611.0,0.0031,0.282,712733,766582,4,94.8,2.4,2026-08-12
142,NTAP,Technology,Software - Infrastructure,NASDAQ,2698088,198.47,160.96,1,-23,1.42,114.7,100.0,6.8,13.5,19.5,63.0,95,94,70,32,75.8,0,0,0,0,0,0,37130745402.10024,195919927.0,0.0758,0.125,2711204,2939176,1,68.0,23.9,2026-08-12
143,OKTA,Technology,Software - Infrastructure,NASDAQ,2782406,150.33,160.22,-1,-70,-4.25,134.1,92.0,1.9,2.7,9.4,53.4,95,96,27,28,63.2,0,0,0,0,0,0,26007385413.39569,175346441.0,0.0511,0.112,2428020,3372824,1,53.5,36.9,2026-08-12
144,CXW,Industrials,Security & Protection Services,NYSE,1225886,33.92,160.08,3,-25,-0.24,108.3,98.2,6.2,6.9,13.5,54.5,95,92,64,37,66.5,0,0,0,0,0,0,3191292935.299846,98893489.0,0.026600001,0.273,1293939,1327565,1,64.9,26.5,2026-08-12
145,OUST,Technology,Electronic Components,NASDAQ,4055249,45.13,160.03,2,2,-29.25,177.3,64.3,6.7,16.6,8.2,58.4,95,93,93,70,65.9,0,0,0,0,0,0,2920595507.683754,67294825.0,0.093100004,0.559,3152319,4373011,2,80.5,18.1,2026-08-12
146,IMVT,Healthcare,Biotechnology,NASDAQ,1014163,40.93,159.36,1,-6,-0.73,190.0,100.0,7.6,7.7,13.9,47.8,95,94,87,85,89.0,0,0,0,0,0,0,8251779803.48719,206552682.0,0.19559999,,1032361,1312610,1,88.8,5.0,2026-08-12
147,SIMO,Technology,Semiconductors,NASDAQ,1054605,224.0,159.12,-4,-5,-36.9,227.6,63.7,-3.3,-5.0,-14.6,41.1,95,99,98,94,93.0,0,1,1,0,0,2,8684474534.6344,33907835.0,0.0242,1.27,1646105,1051033,4,96.0,4.1,2026-08-12
148,LFST,Healthcare,Medical Care Facilities,NASDAQ,3785693,11.5,159.05,0,-18,-2.21,167.6,100.0,12.3,11.0,22.0,60.5,95,95,77,65,89.3,0,0,0,0,0,0,4141482859.85706,382055609.0,0.0513,0.261,4794449,3727901,1,81.6,10.6,2026-08-12
149,FIRY,Communication Services,Electronic Gaming & Multimedia,NYSE,880908,10.22,159.0,-1,-20,-48.9,337.7,75.7,1.4,8.7,9.5,67.9,95,96,77,9,39.1,0,0,0,0,0,0,163098967.67309475,15607557.0,0.2116,0.329,301655,620811,1,55.3,47.8,2026-08-12
150,FTRE,Healthcare,Biotechnology,NASDAQ,1453164,19.52,158.87,-2,-6,-8.74,186.9,83.4,-2.5,-2.2,4.3,31.5,95,97,93,79,89.3,0,0,0,0,0,0,1752693029.0222168,95100000.0,0.1267,-0.045,1853563,1513514,2,89.6,7.9,2026-08-12
151,FTNT,Technology,Software - Infrastructure,NASDAQ,5377749,161.89,158.81,-1,-13,-5.93,113.8,92.0,-0.6,1.4,4.2,55.1,95,96,84,28,82.3,0,0,0,0,0,0,117130047117.09673,733713653.0,0.0239,0.256,6573617,6076919,1,72.6,21.7,2026-08-12
152,OII,Energy,Oil & Gas Equipment & Services,NYSE,1075580,50.76,157.74,3,-1,-5.97,130.7,94.4,3.3,6.5,19.6,49.6,95,92,88,86,85.4,0,0,0,0,0,0,4774437192.146149,99529645.0,0.0917,0.1,792172,1124212,1,87.8,4.9,2026-08-12
153,ATAI,Healthcare,Biotechnology,NASDAQ,16409306,7.21,157.66,4,-3,-0.55,115.8,99.5,0.3,0.5,28.4,62.0,95,91,84,85,73.8,0,0,0,0,0,0,2682169632.0,369954432.0,0.1205,-0.387,9097138,13435647,1,83.4,10.5,2026-08-12
154,PARR,Energy,Oil & Gas Refining & Marketing,NYSE,1058042,75.47,156.98,1,1,-13.28,176.4,85.7,1.3,0.3,18.0,47.2,95,94,94,91,89.9,0,0,0,0,0,0,3321104319.6975784,50099627.0,0.1266,0.568,1250258,982525,3,92.2,2.6,2026-08-12
155,KYMR,Healthcare,Biotechnology,NASDAQ,676401,109.62,156.93,1,-2,-15.71,202.6,93.5,7.3,4.7,12.1,36.0,95,94,91,95,89.5,0,0,0,0,0,0,8844335585.62674,82257588.0,0.15529999,4.664,706953,915410,3,92.4,2.4,2026-08-12
156,TH,Industrials,Specialty Business Services,NASDAQ,1168977,16.62,156.92,0,2,-20.29,159.5,69.4,3.2,0.9,-7.5,36.3,95,95,97,31,76.1,0,0,0,0,0,0,1644156066.4533043,99585466.0,0.1234,0.041,1342502,1285192,2,74.8,22.1,2026-08-12
157,NAVN,Technology,Software - Application,NASDAQ,3575388,28.93,156.92,4,-8,-1.67,238.2,98.5,3.8,8.6,18.3,,95,91,79,10,,0,0,0,0,0,0,7395953079.556065,254331262.0,0.3436,0.399,2324836,4471001,1,60.0,,2026-08-12
158,KOPN,Technology,Electronic Components,NASDAQ,4411155,5.2,156.7,5,12,-21.33,186.9,70.5,20.3,27.8,16.1,51.7,95,90,97,74,88.5,0,0,0,0,0,0,791236474.8756585,185301283.0,0.1551,0.001,4744147,5745375,2,87.4,3.2,2026-08-12
159,JBIO,Healthcare,Biotechnology,NASDAQ,905194,22.35,156.63,1,4,-20.18,242.8,81.9,10.3,12.4,17.1,37.1,95,94,97,77,91.9,0,0,0,0,0,0,1336482799.2811203,60859875.0,0.1529,,802464,1224658,3,90.0,4.2,2026-08-12
160,KNSA,Healthcare,Drug Manufacturers - Specialty & Generic,NASDAQ,723355,77.8,156.55,3,1,-6.2,138.7,94.3,1.7,10.7,25.6,58.5,95,92,90,88,86.4,0,0,0,0,0,0,5934506238.291687,78024013.0,0.1129,0.554,651436,813079,2,89.1,3.8,2026-08-12
161,NBIS,Communication Services,Internet Content & Information,NASDAQ,21656980,193.23,156.38,0,3,-35.56,304.6,87.7,26.4,31.8,16.8,78.8,95,95,98,93,94.9,0,0,1,0,0,1,47725243836.11432,253898194.0,0.28,6.839,25898880,19985294,4,95.2,0.2,2026-08-12
162,CGON,Healthcare,Biotechnology,NASDAQ,924518,77.03,156.32,2,5,0.04,221.5,100.0,5.5,6.8,14.0,33.0,94,92,95,93,91.8,0,0,0,0,0,0,6656892027.245522,88640375.0,0.1397,,780215,1050655,4,92.9,-0.4,2026-08-12
163,CIEN,Technology,Communication Equipment,NYSE,1949691,387.53,156.11,-4,-3,-39.21,398.7,63.9,8.5,11.0,-0.8,19.8,94,98,99,98,97.2,0,1,1,1,0,3,58375011577.10913,141552922.0,0.0444,0.395,1892435,2876051,4,98.0,0.3,2026-08-12
164,COHU,Technology,Semiconductor Equipment & Materials,NASDAQ,1133291,52.82,155.96,-3,-5,-29.2,199.6,67.8,9.9,11.0,-0.1,48.3,94,97,95,87,90.7,0,0,0,0,0,0,2503256387.602901,47338433.0,0.2034,0.384,1220604,1342946,3,92.4,5.4,2026-08-12
165,CLDX,Healthcare,Biotechnology,NASDAQ,993730,44.33,155.87,9,9,3.29,114.8,100.0,9.5,17.2,25.3,48.4,94,85,85,35,83.7,0,0,0,0,0,0,3275466707.824066,78529532.0,0.1159,-0.978,973541,1091048,0,72.2,10.6,2026-08-12
166,SN,Consumer Cyclical,"Furnishings, Fixtures & Appliances",NYSE,1756688,187.68,155.63,9,-42,0.03,120.1,100.0,7.4,14.6,25.8,55.3,94,85,34,79,62.4,0,0,0,0,0,0,26254861316.72029,141520379.0,0.133,0.222,2112505,1756343,0,65.1,17.6,2026-08-12
167,VLO,Energy,Oil & Gas Refining & Marketing,NYSE,2784208,323.92,155.05,1,-5,1.15,147.6,100.0,6.1,6.9,17.6,47.0,94,93,87,82,87.0,0,0,0,0,0,0,85891640187.9621,287927461.0,0.0442,0.517,2908425,3003255,1,87.3,5.8,2026-08-12
168,HNST,Consumer Defensive,Household & Personal Products,NASDAQ,2194323,5.21,155.04,19,10,-10.79,141.4,88.4,12.3,21.5,31.2,63.1,94,75,66,12,34.6,0,0,0,0,0,0,585772713.4325743,107284379.0,0.0942,-0.109,4178399,1915419,0,46.9,33.7,2026-08-12
169,ZURA,Healthcare,Biotechnology,NASDAQ,881511,5.56,154.81,2,4,-25.27,309.9,77.6,2.8,5.0,18.9,14.1,94,92,94,99,96.2,0,0,0,1,0,1,566661354.6455002,94997710.0,0.1446,,755275,1178649,4,95.3,-3.7,2026-08-12
170,HELP,Healthcare,Biotechnology,NASDAQ,1785871,10.09,154.39,37,0,-13.17,196.9,98.4,17.1,32.1,71.9,83.7,94,57,20,46,61.1,0,0,0,0,0,0,719635124.2994556,61984078.0,2.16,,2049023,1562662,0,46.0,3.9,2026-08-12
171,ATRO,Industrials,Aerospace & Defense,NASDAQ,619067,74.91,154.3,1,1,-15.57,235.6,100.0,16.6,22.2,19.3,50.2,94,93,93,97,94.3,0,0,0,0,0,0,3836838722.0,49348408.0,0.0802,0.12,523403,706797,4,94.3,-1.4,2026-08-12
172,LPTH,Technology,Electronic Components,NASDAQ,2638885,13.09,154.0,4,10,-30.89,302.6,70.0,13.6,19.0,4.9,19.4,94,90,96,98,95.2,0,0,0,1,0,1,820029681.7674837,62789407.0,0.1535,1.089,2175196,3175411,4,94.8,-4.8,2026-08-12
173,GEO,Industrials,Security & Protection Services,NYSE,1689071,31.75,153.75,3,-5,-1.55,137.2,98.4,1.4,2.1,6.6,55.4,94,91,83,18,59.2,0,0,0,0,0,0,4039405103.2524414,131619584.0,0.111,0.151,1740064,1975362,1,62.8,31.3,2026-08-12
174,STLN,Healthcare,Medical Care Facilities,NASDAQ,2009077,6.2,153.73,-1,-11,-12.06,165.0,97.8,17.2,18.6,19.5,61.8,94,95,85,62,54.6,0,0,0,0,0,0,640890585.2738152,99982933.0,0.083000004,0.346,1969713,2020168,1,74.1,27.8,2026-08-12
175,GTE,Energy,Oil & Gas E&P,NYSE ARCA,1194646,9.53,153.42,19,38,-17.27,172.6,97.0,11.7,22.8,29.1,43.1,94,75,94,80,87.8,0,0,0,0,0,0,317008645.18965626,35380429.0,0.078,0.273,3040939,841315,1,84.2,-9.3,2026-08-12
176,WTTR,Energy,Oil & Gas Equipment & Services,NYSE,1899739,21.11,153.39,-1,-3,-6.39,168.1,92.7,7.8,6.9,10.4,42.9,94,95,93,89,87.4,0,0,0,0,0,0,2608514646.1346283,128942892.0,0.0497,0.087,2225238,1875499,2,91.1,5.2,2026-08-12
177,QLYS,Technology,Software - Infrastructure,NASDAQ,865462,188.31,153.15,4,-71,-6.56,145.6,100.0,12.8,20.1,35.4,55.3,94,90,15,18,52.3,0,0,0,0,0,0,6461616293.896713,35217007.0,0.1498,0.11,969258,822907,1,43.8,40.8,2026-08-12
178,LRCX,Technology,Semiconductor Equipment & Materials,NASDAQ,11757033,311.41,153.03,-3,-5,-28.98,236.1,68.1,6.2,7.1,-3.4,31.6,94,97,95,97,92.8,0,0,0,0,0,0,389585412937.1948,1251278000.0,0.026400002,0.3,11388950,12326014,4,95.4,2.3,2026-08-12
179,MRNA,Healthcare,Biotechnology,NASDAQ,6606737,60.57,153.02,-1,-6,-29.24,184.7,69.5,10.1,10.0,5.8,38.1,94,95,90,92,87.0,0,0,0,0,0,0,23622786821.10725,399235889.0,0.16149999,0.021,5614632,7329984,3,91.0,5.1,2026-08-12
180,ROIV,Healthcare,Biotechnology,NASDAQ,5168304,35.25,152.85,-1,-3,-4.73,223.7,97.5,4.1,4.3,8.8,33.7,94,95,93,95,92.2,0,0,0,0,0,0,26249218475.317745,722323015.0,0.0669,-0.335,6118153,5550142,4,93.8,1.6,2026-08-12
181,GKOS,Healthcare,Medical Devices,NYSE,857372,182.0,152.64,6,4,-1.09,149.9,100.0,8.0,14.2,27.8,54.9,94,88,86,73,83.1,0,0,0,0,0,0,10618288590.746569,58983937.0,0.0968,0.495,1194966,955093,0,82.5,5.6,2026-08-12
182,VIAV,Technology,Communication Equipment,NASDAQ,5174964,38.4,152.53,-4,-4,-36.46,308.6,72.7,11.3,11.4,-1.7,30.8,94,98,98,96,96.0,0,1,1,0,0,2,9655276073.01503,246685647.0,0.0678,0.525,6267743,6944514,4,97.0,1.4,2026-08-12
183,VREX,Healthcare,Medical Devices,NASDAQ,905924,18.58,152.48,56,49,27.57,98.0,98.6,32.6,49.3,64.0,56.8,94,38,31,77,75.2,0,0,0,0,0,0,523037872.4189568,42146485.0,0.0324,0.015,1918984,727936,0,55.3,-25.7,2026-08-12
184,SITM,Technology,Semiconductors,NASDAQ,504445,667.1,152.13,-2,0,-26.03,235.1,68.4,13.7,17.4,6.8,44.7,94,96,98,94,93.9,0,0,1,0,0,1,21809921871.067383,30071036.0,0.0495,1.265,620575,576941,4,95.5,1.3,2026-08-12
185,VSH,Technology,Semiconductors,NYSE,6528194,33.29,151.9,-4,-6,-52.08,183.8,40.9,-2.4,-6.0,-28.5,22.1,94,98,96,82,85.9,0,1,0,0,0,1,5431156280.066196,153379167.0,0.1249,0.166,5718043,7535670,2,90.5,9.4,2026-08-12
186,SATL,Industrials,Aerospace & Defense,NASDAQ,5734461,5.75,151.78,55,114,-52.08,370.9,49.7,24.7,41.8,15.3,33.9,94,39,98,84,73.6,0,0,1,0,0,1,848644305.7876439,153739911.0,0.1714,2.585,7164895,7292283,1,73.7,-32.2,2026-08-12
187,CGAU,Basic Materials,Gold,NYSE,1510571,21.68,151.4,15,29,0.93,210.1,100.0,10.6,21.8,29.1,32.1,94,79,93,97,91.6,0,0,0,0,0,0,4154704126.068987,195607541.0,3.45,0.535,1828403,1605554,3,90.2,-11.3,2026-08-12
188,CRL,Healthcare,Diagnostics & Research,NYSE,899298,282.0,151.38,12,-23,5.22,95.3,100.0,10.7,17.6,29.4,49.3,94,82,47,43,76.0,0,0,0,0,0,0,12769670405.080078,47738872.0,0.0801,-0.027,994575,874815,0,62.0,14.3,2026-08-12
189,TE,Industrials,Electrical Equipment & Parts,NYSE,40841316,5.47,150.93,-3,-4,-56.2,292.0,33.8,-4.6,-6.4,-33.0,-23.9,94,97,96,99,95.9,0,0,0,1,0,1,1633737546.3666058,279271380.0,0.235,2.323,47420390,39291314,4,97.0,0.3,2026-08-12
190,TIGO,Communication Services,Telecom Services,NASDAQ,1485665,95.03,150.66,-1,-4,-11.29,126.8,87.3,0.7,0.4,4.4,33.4,94,95,92,92,84.6,0,0,0,0,0,0,16284640744.094849,167710000.0,0.051599998,0.594,1689915,1608665,3,90.9,6.1,2026-08-12
191,AIP,Technology,Semiconductors,NASDAQ,795245,27.45,150.55,-4,-4,-45.38,228.1,49.0,-4.8,-7.9,-20.5,22.5,94,98,98,85,91.2,0,1,1,0,0,2,1375001655.663784,46171982.0,0.0733,0.387,769135,913151,3,93.1,6.0,2026-08-12
192,OMER,Healthcare,Biotechnology,NASDAQ,1447012,13.6,150.28,3,7,-22.95,240.2,73.6,6.1,18.4,29.1,22.6,94,91,95,95,93.5,0,0,0,0,0,0,956230372.5,72168330.0,0.21620001,,1385607,1853323,4,93.6,-2.5,2026-08-12
193,ZETA,Technology,Software - Infrastructure,NYSE,9218806,29.15,150.07,12,-26,2.28,96.2,95.9,12.3,23.2,31.3,49.1,94,82,44,28,61.3,0,0,0,0,0,0,6687002283.993454,251013605.0,0.1426,0.435,12169048,9558705,0,53.8,25.0,2026-08-12
194,STGW,Communication Services,Advertising Agencies,NASDAQ,1535980,9.28,150.06,9,-4,-1.28,112.5,100.0,4.5,13.6,24.2,51.2,94,85,72,27,68.7,0,0,0,0,0,0,2241839904.3219967,244475451.0,0.089099996,0.112,2205321,1521162,0,63.2,21.1,2026-08-12
195,ARM,Technology,Semiconductors,NASDAQ,5991102,268.93,150.0,-2,-7,-40.59,160.0,50.0,2.5,2.5,-14.1,40.1,94,96,91,29,76.8,0,0,0,0,0,0,301784363464.58514,1067998569.0,0.12020001,0.224,6428396,8710051,2,73.2,23.5,2026-08-12
196,ALAB,Technology,Semiconductors,NASDAQ,4855184,311.99,149.81,-4,-10,-37.54,217.9,57.1,-1.2,2.5,-10.6,48.8,94,98,92,56,71.6,0,1,0,0,0,1,57973519533.191895,173485104.0,0.0732,1.045,5500492,5511976,2,79.4,22.2,2026-08-12
197,AMBQ,Technology,Semiconductors,NYSE,533616,65.29,149.74,-5,-7,-28.73,188.2,63.2,0.9,-3.3,-14.5,46.0,93,98,96,34,73.0,0,1,0,0,0,1,1629575559.0397797,24145438.0,0.077199996,0.593,532370,640190,2,75.3,25.5,2026-08-12
198,DCTH,Healthcare,Medical Devices,NASDAQ,552752,17.22,149.64,18,10,5.16,108.9,98.8,18.3,27.7,35.1,61.1,93,75,67,24,64.6,0,0,0,0,0,0,524298780.5371141,34698795.0,0.085,0.206,937587,580857,0,57.6,16.2,2026-08-12
199,CBRL,Consumer Cyclical,Restaurants,NASDAQ,927889,56.03,148.99,2,-70,-11.92,134.8,89.8,2.3,6.1,17.9,68.2,93,91,19,25,12.2,0,0,0,0,0,0,1291690893.8633728,22351460.0,0.4193,-0.029,792259,1278357,1,36.8,59.8,2026-08-12
200,RCUS,Healthcare,Biotechnology,NYSE,1090152,28.74,148.64,-1,-2,-9.44,216.2,90.3,2.8,2.6,5.6,22.3,93,94,93,90,92.7,0,0,0,0,0,0,3599628001.993038,125773162.0,0.16430001,-0.744,1100787,1323929,4,92.4,1.6,2026-08-12
201,BVS,Healthcare,Medical Devices,NASDAQ,832048,13.85,148.43,4,-1,-12.85,113.7,84.6,1.1,7.8,26.7,53.2,93,89,84,62,79.0,0,0,0,0,0,0,1187797805.0,84091880.0,0.0589,0.038,1070495,779853,0,78.5,10.9,2026-08-12
202,DYN,Healthcare,Biotechnology,NASDAQ,2518944,26.71,148.28,0,-15,-1.4,132.8,97.8,1.4,4.9,17.9,34.6,93,93,78,49,85.1,0,0,0,0,0,0,4902093813.75,186746431.0,0.172,,2065224,2382364,1,76.3,14.3,2026-08-12
203,MPC,Energy,Oil & Gas Refining & Marketing,NYSE,2136876,336.42,147.72,1,-8,2.91,118.9,100.0,10.5,11.1,22.6,53.4,93,92,83,68,83.1,0,0,0,0,0,0,87055508120.67963,291936635.0,0.0254,0.537,2325219,2322895,1,81.5,10.2,2026-08-12
204,MGNI,Communication Services,Advertising Agencies,NASDAQ,2662729,24.3,147.54,11,-46,-8.82,117.3,85.8,12.1,19.3,28.8,59.1,93,82,25,18,15.8,0,0,0,0,0,0,3545445062.558447,143424157.0,0.1073,0.112,3160857,3014343,0,35.2,51.6,2026-08-12
205,DSGN,Healthcare,Biotechnology,NASDAQ,635821,14.62,147.4,-2,-1,-15.25,206.1,89.7,8.0,14.6,14.4,34.1,93,95,96,95,91.3,0,0,0,0,0,0,875517283.1661968,62581651.0,0.120299995,,451975,746709,4,94.3,1.8,2026-08-12
206,AMPL,Technology,Software - Application,NASDAQ,2386645,12.69,147.32,24,-31,2.09,120.7,95.6,16.6,26.3,43.9,43.9,93,69,14,14,18.0,0,0,0,0,0,0,1493292740.3141365,132619246.0,0.0983,0.212,2530185,2449857,0,28.7,42.0,2026-08-12
207,LILA,Communication Services,Telecom Services,NASDAQ,641383,8.57,147.31,5,-21,-3.49,86.2,98.8,2.5,7.6,23.1,48.8,93,88,62,60,68.1,0,0,0,0,0,0,1667109044.8379517,195900000.0,0.025899999,0.015,654889,860588,0,69.5,18.2,2026-08-12
208,EAT,Consumer Cyclical,Restaurants,NYSE,1073450,221.38,147.27,18,-24,-3.74,140.4,100.0,9.8,18.2,35.3,60.6,93,75,33,63,63.5,0,0,0,0,0,0,9658330177.116852,42887790.0,0.1865,0.032,1101952,1013790,0,58.6,12.3,2026-08-12
209,QNST,Communication Services,Advertising Agencies,NASDAQ,890980,20.9,147.22,11,-47,-1.79,96.9,89.3,17.0,22.8,36.7,52.3,93,82,24,18,50.6,0,0,0,0,0,0,1210948395.217266,57445370.0,0.113400005,0.427,1271821,821782,0,43.7,34.3,2026-08-12
210,COHR,Technology,Scientific & Technical Instruments,NYSE,5348192,328.57,146.8,-3,-1,-25.32,310.9,79.1,12.0,19.0,4.3,34.9,93,96,98,96,92.0,0,0,1,0,0,1,74172736726.00012,195639321.0,0.0521,0.205,7097968,5760235,4,95.5,1.8,2026-08-12
211,VELO,Technology,Computer Hardware,NASDAQ,1866301,13.69,146.42,3,10,-56.88,408.4,43.9,19.1,32.8,-4.8,14.9,93,90,97,93,87.5,0,0,0,0,0,0,421982183.772728,29801002.0,0.35099998,0.482,1829643,3351086,3,91.9,-0.0,2026-08-12
212,STM,Technology,Semiconductors,NYSE,11616316,55.04,145.77,-4,-5,-32.4,155.6,56.2,0.8,-2.6,-18.3,26.0,93,97,96,85,82.8,0,0,0,0,0,0,50022759410.91755,891671315.0,0.0187,0.261,9033969,12538285,2,90.2,9.6,2026-08-12
213,TGB,Basic Materials,Copper,NYSE ARCA,6112748,8.82,145.65,4,9,-4.65,183.4,97.4,9.5,15.9,20.5,30.5,93,89,94,98,89.6,0,0,0,1,0,1,3045313894.058548,366023318.0,1.81,1.848,7657615,5719025,2,92.7,-2.6,2026-08-12
214,TNDM,Healthcare,Medical Devices,NASDAQ,2003995,23.44,145.65,67,65,-20.94,131.7,73.4,14.7,25.1,35.6,21.9,93,26,24,49,80.5,0,0,0,0,0,0,1557171404.2672253,69578707.0,0.2576,0.058,2876007,2237421,0,44.9,-31.7,2026-08-12
215,CNC,Healthcare,Healthcare Plans,NYSE,4879020,64.88,145.16,-2,-9,-6.46,156.3,96.1,3.8,3.7,3.7,40.3,93,95,88,51,88.1,0,0,0,0,0,0,32490049491.69159,493995000.0,0.0311,0.046,5408110,5238118,1,80.5,13.0,2026-08-12
216,CADL,Healthcare,Biotechnology,NASDAQ,1282021,10.65,145.11,-1,-5,-6.25,141.6,100.0,2.8,5.8,11.9,58.5,93,94,90,48,69.0,0,0,0,0,0,0,775931842.1901512,73270239.0,0.23040001,,972974,1652520,2,75.2,22.1,2026-08-12
217,SMWB,Technology,Software - Application,NYSE,819181,7.25,145.08,1,-84,-32.56,277.3,80.0,17.5,23.7,45.7,66.7,93,92,7,3,30.4,0,0,0,0,0,0,657880082.9601727,87600541.0,0.014199999,0.101,500355,891725,1,33.1,57.1,2026-08-12
218,KLIC,Technology,Semiconductor Equipment & Materials,NASDAQ,1058037,91.02,144.89,-4,-5,-32.97,169.6,60.8,4.6,0.2,-11.1,26.8,93,97,96,95,88.8,0,0,0,0,0,0,4778171362.893372,52329115.0,0.060900003,1.226,1228811,1133596,3,94.2,4.6,2026-08-12
219,BTSG,Healthcare,Health Information Services,NASDAQ,4215791,57.89,144.87,-4,-7,-21.51,174.8,74.2,-3.9,-10.2,-9.8,24.8,93,97,94,90,90.4,0,0,0,0,0,0,12352664626.013374,197864241.0,0.0792,0.23,3783583,4228170,4,92.8,5.0,2026-08-12
220,NTRA,Healthcare,Diagnostics & Research,NASDAQ,1297505,312.72,144.73,6,-20,-3.19,101.2,96.3,11.5,15.3,23.2,40.8,93,87,61,73,80.2,0,0,0,0,0,0,46428838036.786194,144144170.0,0.0357,0.377,1572437,1419249,0,75.3,8.8,2026-08-12
221,SEZL,Financial Services,Credit Services,NASDAQ,780813,128.27,144.39,-5,-17,-34.46,146.1,54.1,-16.0,-20.4,-19.2,34.6,93,98,86,44,51.0,0,1,0,0,0,1,3968660669.49633,33627019.0,0.2318,0.517,1101430,732010,1,69.8,35.5,2026-08-12
222,AUGO,Basic Materials,Gold,NASDAQ,926463,76.06,144.31,18,38,-31.06,191.7,61.7,21.2,31.8,27.3,21.1,93,75,95,97,90.9,0,0,0,0,0,0,6189854770.6604,83500000.0,0.1402,0.764,981249,1027377,3,89.5,-14.4,2026-08-12
223,MITK,Technology,Software - Application,NASDAQ,761121,18.52,144.02,-1,-18,-12.02,114.7,86.3,5.2,5.4,4.7,37.1,93,94,77,86,75.9,0,0,0,0,0,0,834312684.9323082,45122374.0,0.077,0.182,799814,956370,1,83.2,12.3,2026-08-12
224,GSAT,Communication Services,Telecom Services,NASDAQ,1016425,83.56,143.94,1,5,-1.52,233.9,98.0,0.0,2.4,2.9,19.5,93,92,96,96,90.8,0,0,0,0,0,0,10805586923.698044,129563390.0,0.0626,-0.035,1164055,1302035,4,93.7,-0.6,2026-08-12
225,ACHV,Healthcare,Biotechnology,NASDAQ,1404625,6.77,143.89,-2,-5,-4.78,174.2,98.2,2.1,4.9,11.4,37.4,93,95,92,72,89.0,0,0,0,0,0,0,682682738.8403306,102659057.0,0.1443,,1041867,1867109,2,87.0,7.9,2026-08-12
226,FLEX,Technology,Electronic Components,NASDAQ,4732251,122.41,143.88,-4,-4,-26.64,154.1,66.8,3.6,4.0,-8.5,37.5,93,97,97,81,86.8,0,0,0,0,0,0,44827050816.63579,369402978.0,0.0234,0.206,4977435,6788937,2,90.5,8.3,2026-08-12
227,TRVI,Healthcare,Biotechnology,NASDAQ,2384573,17.8,143.7,-1,-3,-11.97,152.9,85.8,-2.9,-1.7,4.4,32.0,93,94,92,86,85.5,0,0,0,0,0,0,2637227849.520132,142475841.0,0.099,,1599099,2288459,2,89.4,6.1,2026-08-12
228,ZBIO,Healthcare,Biotechnology,NASDAQ,813742,32.44,143.65,3,-30,-27.26,109.9,58.0,-1.3,0.1,20.5,20.5,93,90,57,95,81.7,0,0,0,0,0,0,2047415435.3767776,63133377.0,0.2874,,545647,854053,2,80.9,6.5,2026-08-12
229,AIRJ,Industrials,Building Products & Equipment,NASDAQ,1714158,6.4,143.51,37,22,-5.19,151.8,93.4,13.6,31.0,33.7,63.4,92,55,40,15,41.8,0,0,0,0,0,0,428611486.4837265,72400588.0,0.12109999,,2112716,1846851,0,38.0,16.1,2026-08-12
230,LILAK,Communication Services,Telecom Services,NASDAQ,1419789,8.47,142.92,5,-20,-4.17,81.4,99.2,2.4,7.3,22.2,45.6,92,87,62,60,65.0,0,0,0,0,0,0,1643601067.2569275,195900000.0,0.0336,0.015,1287668,1733940,0,68.5,18.9,2026-08-12
231,LWLG,Basic Materials,Specialty Chemicals,NASDAQ,3291296,7.56,142.9,-2,3,-59.59,290.7,36.9,9.1,18.2,-0.6,12.7,92,94,99,90,94.9,0,0,1,0,0,1,1249585762.6209564,154079632.0,0.1471,0.273,3351880,4426756,4,94.5,-0.2,2026-08-12
232,SMTC,Technology,Semiconductors,NASDAQ,2417063,131.18,142.85,-4,-4,-26.03,188.8,72.5,9.5,10.5,-1.6,37.4,92,96,96,93,90.3,0,0,0,0,0,0,12987135671.995115,93151168.0,0.08140001,0.159,2009611,3288156,4,93.8,3.4,2026-08-12
233,AEVA,Technology,Software - Infrastructure,NASDAQ,1936050,24.06,142.82,21,40,-23.13,173.8,79.5,15.8,33.7,17.0,50.3,92,71,90,89,74.3,0,0,0,0,0,0,1855567336.4594,69705758.0,0.1022,0.113,2338662,2087068,1,81.1,-7.2,2026-08-12
234,CCXI,Financial Services,Shell Companies,NASDAQ,3901611,16.37,142.73,1,-47,-16.86,60.5,67.7,3.6,8.2,17.7,,92,91,43,38,,0,0,0,0,0,0,925734046.7453004,55700000.0,0.024400001,,2952573,2988756,1,57.3,,2026-08-12
235,INSW,Energy,Oil & Gas Midstream,NYSE,509414,89.06,142.73,-3,-5,-9.34,122.6,93.1,-1.0,0.8,7.1,32.3,92,95,93,89,82.2,0,0,0,0,0,0,4574729138.651611,49504696.0,0.062,0.785,522814,560530,2,89.8,7.8,2026-08-12
236,GPCR,Healthcare,Biotechnology,NASDAQ,606317,52.13,142.67,6,-5,-45.07,207.9,47.7,6.4,8.4,12.7,2.1,92,86,75,98,93.4,0,0,0,1,0,1,3776899736.859558,71074516.0,0.1197,,464603,723296,2,88.1,-5.0,2026-08-12
237,NKTR,Healthcare,Biotechnology,NASDAQ,825384,75.5,142.66,3,11,-30.73,222.2,68.3,3.5,6.6,13.4,19.5,92,89,97,99,93.7,0,0,0,1,0,1,2583955840.777466,33786032.0,0.2227,0.038,617394,992978,3,94.7,-5.2,2026-08-12
238,MKSI,Technology,Scientific & Technical Instruments,NASDAQ,1514580,294.38,142.62,-5,-7,-34.23,208.8,60.1,1.4,-1.5,-10.8,22.1,92,97,95,97,91.9,0,0,0,0,0,0,20622678354.092285,67617558.0,0.0868,0.283,1920330,1447614,4,95.2,2.7,2026-08-12
239,NAT,Energy,Oil & Gas Midstream,NYSE,3185691,6.17,142.59,-2,-5,-8.32,128.4,94.3,1.0,1.3,7.5,29.3,92,94,91,89,84.6,0,0,0,0,0,0,1367909291.0576468,211750663.0,0.0817,1.043,3020014,4019586,2,89.7,6.0,2026-08-12
240,PDFS,Technology,Software - Application,NASDAQ,593223,49.15,142.59,-2,-3,-31.44,171.0,63.2,6.8,5.5,-6.5,30.7,92,94,93,88,88.9,0,0,0,0,0,0,2070358785.9425356,41867720.0,0.0792,0.189,555469,693765,2,91.0,3.9,2026-08-12
241,EC,Energy,Oil & Gas Integrated,NYSE,2352998,17.01,142.53,0,-9,-4.17,98.1,95.0,0.8,2.8,6.9,30.0,92,92,83,76,78.2,0,0,0,0,0,0,34496908264.92969,2055834735.0,0.039100002,0.355,2334156,2796485,1,82.3,11.0,2026-08-12
242,FIVN,Technology,Software - Infrastructure,NASDAQ,3151355,32.63,142.18,5,-38,-4.31,129.2,84.3,2.6,12.7,27.2,53.6,92,87,44,15,37.4,0,0,0,0,0,0,2539852944.1109657,74723531.0,0.1031,0.103,4970416,3083715,0,45.9,43.5,2026-08-12
243,TENB,Technology,Software - Infrastructure,NASDAQ,3855608,37.84,142.0,-3,-79,-13.35,130.7,78.8,5.8,5.4,11.3,45.7,92,95,19,17,35.3,0,0,0,0,0,0,4011694495.5231743,110271973.0,0.113000005,0.086,3876654,3634356,1,41.6,53.1,2026-08-12
244,ULCC,Industrials,Airlines,NASDAQ,4068068,6.91,141.88,2,-32,-17.79,116.1,72.6,-7.3,0.3,-1.0,32.4,92,90,56,68,78.7,0,0,0,0,0,0,1698992416.3261042,230215771.0,0.4047,0.377,4184686,4225749,1,73.2,13.5,2026-08-12
245,NUVB,Healthcare,Biotechnology,NYSE,6519537,6.37,141.87,1,-10,-34.67,176.7,56.8,0.2,0.6,10.3,10.6,92,91,80,95,90.1,0,0,0,0,0,0,2317413304.314279,351123233.0,0.2647,5.556,5531243,7084534,3,89.0,0.8,2026-08-12
246,CRDO,Technology,Semiconductors,NASDAQ,5895998,247.69,141.83,-2,-4,-19.76,205.4,84.0,15.3,21.1,12.8,57.7,92,94,92,82,84.2,0,0,0,0,0,0,46598961817.40292,186477898.0,0.036199998,1.57,5092146,8310127,2,88.0,7.5,2026-08-12
247,ASML,Technology,Semiconductor Equipment & Materials,NASDAQ,1906972,1799.38,141.81,1,-1,-10.03,149.4,85.8,5.8,5.5,2.2,27.4,92,91,89,93,87.1,0,0,0,0,0,0,668714255249.0234,384100000.0,0.0033000002,0.213,1519976,2035345,2,90.0,1.8,2026-08-12
248,CHEF,Consumer Defensive,Food Distribution,NASDAQ,574489,109.31,141.41,1,-12,-6.84,103.4,93.0,0.4,6.8,14.9,51.9,92,91,78,62,71.7,0,0,0,0,0,0,4495728222.100235,40796083.0,0.1594,0.129,646518,573855,1,75.7,16.7,2026-08-12
249,NWL,Consumer Defensive,Household & Personal Products,NASDAQ,10474223,6.15,141.33,22,-20,-13.74,98.1,93.0,3.3,10.2,17.9,43.7,92,70,28,54,35.1,0,0,0,0,0,0,2559659097.480774,425900000.0,0.22690001,0.03,14261791,12743388,0,46.8,24.8,2026-08-12
250,CRVS,Healthcare,Biotechnology,NASDAQ,1058242,14.73,141.29,-4,-6,-45.34,234.4,50.2,8.3,8.8,11.5,13.7,92,96,94,99,94.2,0,0,0,1,0,1,1170963546.8979187,84120944.0,0.2442,,819136,1193401,4,95.8,0.5,2026-08-12
251,OSCR,Healthcare,Healthcare Plans,NYSE,5290877,27.97,141.17,-4,-11,-15.5,172.9,88.0,0.9,0.6,2.2,53.7,92,96,89,27,75.5,0,0,0,0,0,0,8610888482.265472,308634000.0,0.0798,0.704,6371301,6300150,1,71.9,24.7,2026-08-12
252,ACHC,Healthcare,Medical Care Facilities,NASDAQ,2919263,31.1,141.04,3,-2,-13.2,171.4,83.7,2.6,-1.4,8.2,42.8,92,89,84,22,66.4,0,0,0,0,0,0,2935451734.6768856,93100275.0,0.37330002,-0.004,2681151,3065880,0,65.3,25.2,2026-08-12
253,TTMI,Technology,Electronic Components,NASDAQ,2924409,130.74,140.92,-4,-2,-41.59,244.7,54.0,7.2,6.8,-13.2,19.7,92,96,98,97,91.7,0,0,1,0,0,1,14454918336.73828,105348864.0,0.0327,0.374,3904129,2936033,4,95.7,1.7,2026-08-12
254,RHI,Industrials,Staffing & Employment Services,NYSE,2371166,42.14,140.86,12,-43,-4.62,90.1,94.3,2.6,3.3,17.6,44.0,92,80,25,19,31.3,0,0,0,0,0,0,4374944700.53093,102361828.0,0.26700002,-0.024,1826070,2404718,0,38.8,42.0,2026-08-12
255,ILMN,Healthcare,Diagnostics & Research,NASDAQ,2011067,192.84,140.82,-1,-11,-6.84,112.0,89.3,-2.1,-0.7,5.8,34.3,92,93,83,67,79.3,0,0,0,0,0,0,28381961013.793945,151000000.0,0.0946,0.094,2519613,2043516,1,80.6,13.1,2026-08-12
256,NET,Technology,Software - Infrastructure,NYSE,3639801,306.97,140.05,2,-32,-5.47,94.4,100.0,5.5,10.4,19.4,43.7,92,90,56,49,58.8,0,0,0,0,0,0,106920052111.0414,356079715.0,0.0347,0.359,5048435,3784619,1,63.5,27.2,2026-08-12
257,CRS,Industrials,Metal Fabrication,NYSE,680438,537.57,140.05,-3,-13,-14.12,127.5,76.6,-3.2,-5.4,-6.1,26.6,92,95,85,86,81.4,0,0,0,0,0,0,28353590009.5896,49685612.0,0.0387,0.126,762505,787199,1,86.9,9.6,2026-08-12
258,IMAX,Communication Services,Entertainment,NYSE,1479449,50.59,139.9,22,14,-1.96,102.8,100.0,2.7,11.3,19.7,34.4,92,70,62,78,79.1,0,0,0,0,0,0,2659294199.9106674,54842114.0,0.18,0.122,1542769,1286767,0,72.3,-5.4,2026-08-12
259,IMNM,Healthcare,Biotechnology,NASDAQ,1205512,26.25,139.51,2,3,-5.06,211.3,100.0,11.9,17.7,28.2,31.1,91,89,90,95,90.5,0,0,0,0,0,0,2834657439.5828743,113250394.0,0.17809999,,1055918,1437995,3,91.1,-2.1,2026-08-12
260,JAZZ,Healthcare,Biotechnology,NASDAQ,813135,247.98,139.46,0,1,-6.44,119.7,91.5,-2.5,-1.7,2.7,26.9,91,91,92,74,84.0,0,0,0,0,0,0,16654483716.637146,64914577.0,0.0624,0.155,971345,863653,2,85.2,6.8,2026-08-12
261,ERO,Basic Materials,Copper,NYSE,1112399,36.3,139.42,28,53,-8.79,166.0,92.0,14.5,26.1,29.5,30.4,91,63,88,94,88.1,0,0,0,0,0,0,3578623481.467869,104302633.0,3.96,0.739,1463527,1215235,1,83.3,-21.3,2026-08-12
262,VOYG,Industrials,Aerospace & Defense,NYSE,1695254,42.9,139.37,60,106,-18.13,139.0,74.0,21.5,41.2,26.7,43.5,91,31,77,36,53.1,0,0,0,0,0,0,2480120761.52314,59262147.0,0.2165,0.155,2017362,2199294,0,49.3,-16.6,2026-08-12
263,FIGS,Consumer Cyclical,Apparel Manufacturing,NYSE,3480289,14.27,139.15,41,80,-18.36,130.0,75.1,21.5,31.8,30.4,20.8,91,50,89,91,84.9,0,0,0,0,0,0,2369159888.946484,166140242.0,0.2141,0.28,4740309,3277115,1,78.7,-29.6,2026-08-12
264,NEOG,Healthcare,Medical Devices,NASDAQ,2084446,11.49,139.1,9,-5,-10.58,119.1,91.5,-1.0,7.6,16.7,28.8,91,82,68,92,83.8,0,0,0,0,0,0,2501102561.747238,218056016.0,0.0661,-0.001,3058810,2135478,1,81.5,-1.5,2026-08-12
265,OMDA,Healthcare,Health Information Services,NASDAQ,1483228,24.01,139.07,1,-33,-10.79,117.9,81.4,13.0,10.0,16.1,40.7,91,90,56,10,32.9,0,0,0,0,0,0,1407146165.2255611,59448507.0,0.1369,0.431,1914546,1341217,1,47.2,47.9,2026-08-12
266,AVT,Technology,Electronics & Computer Distribution,NASDAQ,1147003,95.96,139.05,1,0,-4.04,119.3,99.8,3.7,7.5,9.4,42.9,91,90,89,82,75.0,0,0,0,0,0,0,7917784438.802948,82024081.0,0.092,0.477,1456381,1323084,1,84.0,9.2,2026-08-12
267,CODI,Industrials,Conglomerates,NYSE,722952,12.32,138.94,10,22,-2.53,159.6,94.8,9.8,14.1,15.8,45.7,91,81,93,28,73.5,0,0,0,0,0,0,827595626.0,75235966.0,0.0684,-0.059,783807,837375,1,68.9,13.2,2026-08-12
268,UTZ,Consumer Defensive,Packaged Foods,NYSE,5318181,14.11,138.85,71,64,-0.56,107.8,99.5,0.1,10.7,48.1,52.8,91,20,13,20,18.3,0,0,0,0,0,0,2031306776.0044968,143962213.0,0.1149,0.014,2972544,3901124,0,17.8,1.6,2026-08-12
269,AMCX,Communication Services,Entertainment,NASDAQ,713909,11.79,138.78,8,-6,-5.83,80.2,94.9,2.7,8.3,14.3,34.1,91,83,69,68,69.7,0,0,0,0,0,0,489224641.8979464,41249971.0,0.21149999,-0.088,1165339,658299,0,72.4,11.0,2026-08-12
270,HBM,Basic Materials,Copper,NYSE,4749424,27.67,138.45,12,27,-13.93,182.9,81.8,8.5,16.9,13.4,24.0,91,79,94,97,90.6,0,0,0,0,0,0,12262837094.684448,444144760.0,2.08,0.177,5189004,5342474,3,90.2,-10.9,2026-08-12
271,PL,Industrials,Aerospace & Defense,NYSE,7841096,23.7,138.44,-2,4,-54.21,284.0,40.2,8.7,11.0,-10.3,-6.6,91,93,99,99,95.4,0,0,1,1,0,2,8528712555.945419,356402526.0,0.11,0.421,5789538,12073817,4,96.6,-3.0,2026-08-12
272,MT,Basic Materials,Steel,NYSE,1631365,73.71,138.24,2,1,-2.58,128.7,97.3,1.6,6.5,10.6,31.6,91,89,88,95,83.9,0,0,0,0,0,0,55263716736.76579,754041698.0,0.0056,0.052,1401177,1729471,1,89.0,1.5,2026-08-12
273,AMN,Healthcare,Medical Care Facilities,NYSE,838454,33.11,138.21,-4,-7,-10.17,114.8,80.7,-3.5,-4.1,-0.7,41.9,91,95,92,28,77.9,0,0,0,0,0,0,1396297872.0,38786052.0,0.1105,0.023,935403,930906,2,73.2,22.3,2026-08-12
274,BLFS,Healthcare,Medical Instruments & Supplies,NASDAQ,1260097,34.82,137.91,10,-41,0.17,92.7,100.0,4.6,9.7,20.3,41.9,91,81,30,31,60.0,0,0,0,0,0,0,1695106353.1774292,48906704.0,0.0915,0.215,601053,1207712,0,50.5,25.6,2026-08-12
275,PRCH,Financial Services,Insurance - Property & Casualty,NASDAQ,1951295,15.76,137.83,2,-34,-18.91,152.5,77.2,6.1,15.2,23.6,59.1,91,89,53,38,21.3,0,0,0,0,0,0,1799289443.9043808,113519836.0,0.2092,0.117,2368015,1963319,0,50.3,47.7,2026-08-12
276,BCAX,Healthcare,Biotechnology,NASDAQ,679169,23.76,137.82,-2,-7,-23.33,146.5,71.7,-7.0,-9.0,-4.1,21.7,91,93,88,51,86.1,0,0,0,0,0,0,1843650444.87035,65703866.0,0.1981,,799848,776617,1,79.5,12.4,2026-08-12
277,NUE,Basic Materials,Steel,NYSE,1387421,271.95,137.61,2,2,-2.91,106.3,98.0,1.1,6.2,9.7,38.2,91,89,89,81,78.1,0,0,0,0,0,0,62087569735.71045,227735644.0,0.0234,0.23,1425193,1572464,0,84.3,7.1,2026-08-12
278,BLMN,Consumer Cyclical,Restaurants,NASDAQ,2133969,11.12,137.44,23,28,-11.96,116.5,93.0,13.5,23.5,33.3,59.6,91,68,73,27,68.9,0,0,0,0,0,0,937549024.819106,85620917.0,0.1108,0.013,2821977,2219013,0,59.2,7.2,2026-08-12
279,AEHL,Industrials,Building Products & Equipment,NASDAQ,7229950,5.39,137.26,86,97,-89.33,1593.3,18.6,167.2,297.0,350.8,2.6,91,5,16,3,0.2,0,0,0,0,0,0,1059091.842084527,3530306.0,0.0018000001,-0.386,637542,4486698,0,6.1,1.7,2026-08-12
280,SVM,Basic Materials,Silver,NYSE ARCA,2737211,12.61,137.23,23,52,-20.04,181.4,68.4,14.9,21.5,16.0,17.5,91,68,97,97,88.4,0,0,0,0,0,0,2532768983.5589647,221202535.0,0.1275,0.962,2817324,3332764,2,87.6,-18.9,2026-08-12
281,OSS,Technology,Computer Hardware,NASDAQ,1128899,12.72,137.22,-5,-3,-39.08,207.6,57.7,2.7,4.7,-10.7,26.2,91,96,98,96,85.3,0,0,1,0,0,1,327941779.4108219,24769017.0,0.1397,0.623,1106609,1245405,3,93.8,5.1,2026-08-12
282,ONDS,Technology,Communication Equipment,NASDAQ,98393141,9.74,137.2,15,38,-36.26,177.6,59.6,11.2,20.7,14.6,4.4,91,76,99,99,89.8,0,0,1,1,0,2,5191412761.774534,569858722.0,0.4053,10.799,71488213,84720752,2,90.9,-13.8,2026-08-12
283,MAMA,Consumer Defensive,Packaged Foods,NASDAQ,671254,17.8,137.14,1,-4,-15.24,122.7,77.3,-2.6,-0.3,2.4,20.3,91,90,85,93,83.2,0,0,0,0,0,0,832766474.7150764,46497291.0,0.07,0.497,510254,684586,2,87.8,3.3,2026-08-12
284,VCTR,Financial Services,Asset Management,NASDAQ,528923,113.65,136.96,3,-6,3.38,91.3,100.0,11.3,14.6,25.1,53.9,91,88,79,69,65.6,0,0,0,0,0,0,6652875532.77478,61509572.0,0.0588,0.24,669909,528679,0,75.4,15.9,2026-08-12
285,PSX,Energy,Oil & Gas Refining & Marketing,NYSE,2619973,224.36,136.73,3,-7,3.83,90.6,100.0,7.7,8.5,18.5,38.5,91,88,78,74,75.3,0,0,0,0,0,0,81364356442.81824,399020916.0,0.0227,0.531,2711961,2626174,0,78.8,10.1,2026-08-12
286,FROG,Technology,Software - Application,NASDAQ,2351808,86.1,136.62,-5,-20,-13.22,147.6,81.0,3.5,2.8,1.1,38.6,91,96,81,38,77.9,0,0,0,0,0,0,10842637285.88913,121119724.0,0.1022,0.287,2557374,2902754,1,73.2,22.1,2026-08-12
287,CYRX,Industrials,Integrated Freight & Logistics,NASDAQ,652769,14.95,136.59,-3,-7,-11.49,91.7,80.0,-1.8,-4.1,-4.2,31.7,91,94,90,60,73.9,0,0,0,0,0,0,762082966.791913,50402313.0,0.0602,0.077,553037,759905,2,79.5,17.2,2026-08-12
288,WNC,Industrials,Farm & Heavy Construction Machinery,NYSE,1352235,12.39,136.48,4,-70,-13.48,83.9,78.0,-0.7,-3.4,4.9,27.9,91,87,13,77,35.4,0,0,0,0,0,0,526731659.3219986,40737173.0,0.095699996,-0.091,1216505,1214813,0,53.1,35.2,2026-08-12
289,HAE,Healthcare,Medical Devices,NYSE,705705,87.22,136.44,20,-18,-1.55,91.6,100.0,5.7,10.1,17.2,32.2,91,71,33,30,69.9,0,0,0,0,0,0,3996460793.224823,45497051.0,0.0806,0.056,877637,844323,0,51.0,12.5,2026-08-12
290,HP,Energy,Oil & Gas Drilling,NYSE,1202246,42.56,136.35,6,12,1.77,144.3,100.0,15.6,20.4,21.4,27.5,91,85,91,91,86.6,0,0,0,0,0,0,3707734707.005272,99938945.0,0.1259,-0.006,1449949,1240683,2,88.4,-2.6,2026-08-12
291,CROX,Consumer Cyclical,Footwear & Accessories,NASDAQ,1040000,131.71,136.19,4,-25,-6.77,78.0,84.4,-2.3,-2.9,1.6,31.2,91,87,58,59,68.2,0,0,0,0,0,0,6550255912.393188,47945075.0,0.1381,0.026,1257380,1124264,0,68.1,17.9,2026-08-12
292,MGTX,Healthcare,Biotechnology,NASDAQ,731020,13.05,135.94,4,3,-14.98,85.4,77.8,4.6,5.3,10.4,40.4,90,86,85,58,65.2,0,0,0,0,0,0,1210406345.8578186,92609516.0,0.0645,-0.848,430911,854890,0,73.6,16.1,2026-08-12
293,TSHA,Healthcare,Biotechnology,NASDAQ,3000746,6.68,135.92,4,11,-8.49,126.3,86.1,2.4,7.3,5.7,20.7,90,86,93,92,85.0,0,0,0,0,0,0,1885088274.7570703,287361020.0,0.16049999,,2746308,3270443,2,89.0,-1.4,2026-08-12
294,FNKO,Consumer Cyclical,Leisure,NASDAQ,1065822,5.93,135.45,-1,-6,-15.77,123.4,88.4,1.6,0.7,5.3,37.3,90,91,86,62,81.4,0,0,0,0,0,0,328336760.31033325,55839584.0,0.1096,0.074,1852948,895781,1,80.1,11.1,2026-08-12
295,DDOG,Technology,Software - Application,NASDAQ,4918894,246.78,135.42,-7,-16,-15.69,134.8,74.5,-7.1,-6.2,-3.3,40.6,90,97,88,25,74.8,0,0,0,0,0,0,83998417734.37598,359075024.0,0.0435,0.356,6824012,5288822,1,71.2,26.4,2026-08-12
296,DINO,Energy,Oil & Gas Refining & Marketing,NYSE,2893258,85.55,135.18,-3,-10,-9.2,98.4,90.6,1.4,-0.2,12.1,42.1,90,93,86,69,79.2,0,0,0,0,0,0,14473383798.1539,177783849.0,0.051799998,0.532,2953655,2666833,1,81.8,12.4,2026-08-12
297,APA,Energy,Oil & Gas E&P,NASDAQ,5531835,40.62,135.12,5,11,-11.04,97.5,81.7,6.1,9.2,12.6,25.1,90,85,91,82,78.7,0,0,0,0,0,0,13183727695.515783,350351510.0,0.12,0.092,6241135,5594605,1,84.2,3.1,2026-08-12
298,FA,Industrials,Specialty Business Services,NASDAQ,2187780,21.17,135.07,0,-18,-15.83,134.5,79.4,-2.5,-1.1,9.9,43.6,90,90,72,13,41.3,0,0,0,0,0,0,4123806160.2213,171753691.0,0.18450001,0.149,2907100,2171794,1,54.1,41.5,2026-08-12
299,BFH,Financial Services,Credit Services,NYSE,623132,108.01,134.81,2,-4,-5.35,104.2,96.6,0.5,3.8,7.9,34.6,90,88,82,77,75.2,0,0,0,0,0,0,4376893268.468742,40407065.0,0.00029999999,0.038,452068,694613,0,80.6,9.2,2026-08-12
300,NSP,Industrials,Staffing & Employment Services,NYSE,650799,50.69,134.66,7,-52,-11.41,153.2,85.4,-2.8,-1.3,13.6,39.6,90,83,24,10,11.0,0,0,0,0,0,0,2006015597.884407,38195270.0,0.124,0.017,708197,742125,0,32.0,56.5,2026-08-12
301,GTX,Consumer Cyclical,Auto Parts,NASDAQ,2328283,29.12,134.64,-7,-9,-19.67,135.3,71.0,-3.2,-5.0,-9.0,28.0,90,97,95,91,84.9,0,0,0,0,0,0,5566828479.041592,186493414.0,0.0295,0.069,2289521,2641290,3,92.0,7.5,2026-08-12
302,SHAZ,Technology,Information Technology Services,NASDAQ,2288209,56.58,134.51,-7,-12,-41.96,290.8,67.8,26.4,18.7,-0.3,,90,97,92,39,,0,0,0,0,0,0,1782656546.7290878,35803505.0,0.1003,4.123,2432699,1832801,2,76.0,,2026-08-12
303,KLAC,Technology,Semiconductor Equipment & Materials,NASDAQ,13107427,200.47,134.47,-5,-9,-34.78,146.8,57.0,8.1,4.3,-6.1,25.5,90,95,91,91,84.5,0,0,0,0,0,0,258839983977.5829,1306546783.0,0.0239,0.152,12559602,13635774,3,90.4,6.5,2026-08-12
304,STLD,Basic Materials,Steel,NASDAQ,1178061,263.69,134.36,2,2,-8.68,109.8,87.6,0.7,4.5,4.9,29.5,90,88,88,83,82.0,0,0,0,0,0,0,37616458445.21045,143328088.0,0.0312,0.334,1080573,1238788,0,85.2,4.0,2026-08-12
305,HUM,Healthcare,Healthcare Plans,NYSE,1463684,372.82,134.32,-5,-16,-13.07,137.6,91.6,4.2,1.8,2.8,44.5,90,95,84,18,52.3,0,0,0,0,0,0,46230918580.0,120080308.0,0.0402,0.262,1686653,1492624,1,62.3,37.8,2026-08-12
306,CHYM,Technology,Software - Application,NASDAQ,7263090,31.73,134.26,60,48,-5.03,92.2,99.1,14.8,28.0,48.7,46.3,90,30,18,22,13.1,0,0,0,0,0,0,11016826874.51876,378585111.0,0.0785,0.268,11482670,6648932,0,20.8,11.2,2026-08-12
307,DHC,Real Estate,REIT - Healthcare Facilities,NASDAQ,1666852,8.16,134.01,-4,-3,-15.53,147.2,79.1,-4.3,-7.2,-7.0,20.4,90,94,95,94,86.7,0,0,0,0,0,0,2135577600.268097,242128988.0,0.0575,-0.045,2385567,1887505,3,92.4,3.6,2026-08-12
308,TGTX,Healthcare,Biotechnology,NASDAQ,2251365,49.9,133.98,-3,-13,-15.85,83.7,70.2,-0.6,-5.2,-4.0,32.9,90,93,83,33,74.9,0,0,0,0,0,0,7616715820.358677,153069053.0,0.2897,0.703,2697227,2592623,1,71.0,22.1,2026-08-12
309,GLUE,Healthcare,Biotechnology,NASDAQ,1519240,15.76,133.97,-7,-7,-38.84,280.7,55.7,-6.8,-21.0,-21.5,-13.1,90,97,97,98,94.7,0,0,0,1,0,1,1354776817.643344,85313401.0,0.2068,-0.613,2116250,1538950,4,96.7,0.9,2026-08-12
310,ANGO,Healthcare,Medical Instruments & Supplies,NASDAQ,536108,15.75,133.91,11,-9,0.13,80.4,100.0,2.9,7.9,17.7,32.1,90,79,59,54,74.7,0,0,0,0,0,0,648505166.0662394,41332389.0,0.0339,0.08,534334,477310,0,66.7,9.1,2026-08-12
311,HIMX,Technology,Semiconductors,NASDAQ,1858468,14.98,133.52,-2,3,-40.29,117.7,47.3,8.9,13.3,-2.4,33.4,90,92,97,32,80.8,0,0,0,0,0,0,2548362543.655615,174425914.0,0.066599995,0.059,1882665,2710919,2,75.5,17.1,2026-08-12
312,CLRO,Technology,Communication Equipment,NASDAQ,9360681,6.35,133.51,-1,-84,-61.52,112.9,27.6,-5.7,-4.9,7.7,17.9,90,91,8,67,34.8,0,0,0,0,0,0,27208940.244117737,2675412.0,0.1618,,8772424,5625738,1,50.2,41.2,2026-08-12
313,LSCC,Technology,Semiconductors,NASDAQ,1957012,126.12,133.43,-4,-6,-19.67,110.5,72.3,0.6,1.2,-5.2,24.7,90,94,92,91,81.6,0,0,0,0,0,0,18431649473.236298,141749209.0,0.0688,0.622,2235996,1979727,3,89.6,7.0,2026-08-12
314,SSL,Basic Materials,Specialty Chemicals,NYSE,1226747,11.51,132.98,2,10,-19.9,115.4,68.6,1.1,0.7,1.2,17.7,90,88,96,87,85.5,0,0,0,0,0,0,7096286944.110825,641037682.0,0.0088,0.002,1063061,1453382,1,89.1,0.6,2026-08-12
315,ZD,Communication Services,Advertising Agencies,NASDAQ,636886,53.49,132.97,6,-1,-7.87,107.2,98.5,2.6,3.2,8.6,33.5,90,84,77,27,61.9,0,0,0,0,0,0,1984322958.655548,36835400.0,0.1825,-0.186,726188,660331,0,62.5,23.2,2026-08-12
316,FRO,Energy,Oil & Gas Midstream,NYSE,2045429,38.14,132.91,-2,-4,-11.51,114.0,86.4,1.3,2.5,4.4,23.8,90,92,90,91,81.7,0,0,0,0,0,0,8847034022.26513,222622890.0,0.0497,0.669,1926027,2673441,3,88.7,5.5,2026-08-12
317,VPG,Technology,Scientific & Technical Instruments,NYSE,620185,67.14,132.6,-9,-10,-55.76,159.4,35.1,-10.7,-22.3,-37.8,6.6,90,99,98,91,88.4,0,1,1,0,0,2,913648244.9191284,13320430.0,0.1104,0.117,815626,608119,3,94.1,7.0,2026-08-12
318,ITGR,Healthcare,Medical Devices,NYSE,1192500,125.04,132.47,51,53,-0.87,97.5,98.4,2.3,13.6,25.8,45.5,90,39,41,32,26.0,0,0,0,0,0,0,4258183738.850952,33992048.0,0.1525,-0.026,2686361,892952,0,34.5,7.7,2026-08-12
319,CTOS,Industrials,Rental & Leasing Services,NYSE,1114312,10.64,132.43,-3,-5,-13.0,102.6,82.7,2.6,2.8,2.3,37.4,90,93,91,82,75.6,0,0,0,0,0,0,2370607692.057295,227505535.0,0.0543,0.102,1479896,1094251,2,85.4,11.1,2026-08-12
320,MDB,Technology,Software - Infrastructure,NASDAQ,1425501,439.16,132.43,7,-12,-1.25,114.2,98.8,14.0,25.9,26.5,30.2,90,83,64,84,82.6,0,0,0,0,0,0,32076251505.764957,80431927.0,0.036199998,0.252,1673555,1664897,0,78.4,1.9,2026-08-12
321,ALOY,Basic Materials,Other Industrial Metals & Mining,NASDAQ,2849111,12.75,132.28,33,60,-52.6,119.6,33.9,14.7,31.5,2.2,15.3,89,56,83,97,71.2,0,0,0,0,0,0,837194867.4936905,68231038.0,2.03,,4131394,3163416,1,76.8,-18.5,2026-08-12
322,WHD,Energy,Oil & Gas Equipment & Services,NYSE,829111,72.04,132.26,19,25,4.55,116.8,100.0,10.3,20.7,27.2,39.0,89,70,76,81,75.1,0,0,0,0,0,0,5444182536.644081,80179417.0,0.060599998,0.643,1029654,827452,0,75.5,-5.3,2026-08-12
323,RBRK,Technology,Software - Infrastructure,NYSE,2923880,96.93,132.25,2,-53,-2.83,120.8,96.8,13.7,20.8,23.5,44.5,89,87,32,16,20.3,0,0,0,0,0,0,18538978876.806107,205828566.0,0.0862,0.39,3116161,3681680,0,38.8,53.1,2026-08-12
324,KEYS,Technology,Scientific & Technical Instruments,NYSE,1225764,343.7,132.1,-1,3,-8.34,123.6,91.2,7.6,9.4,6.6,28.9,89,90,94,84,81.9,0,0,0,0,0,0,58270193835.57251,170895368.0,0.0209,0.315,1011503,1411052,2,87.5,4.9,2026-08-12
325,CMBT,Energy,Oil & Gas Midstream,NYSE,903120,16.3,131.88,-1,-5,-8.01,111.8,94.5,3.8,6.2,9.6,29.7,89,90,86,86,74.3,0,0,0,0,0,0,4726865802.668358,290169769.0,0.0121,1.211,926651,1077916,1,84.1,9.1,2026-08-12
326,RDW,Industrials,Aerospace & Defense,NYSE,18258776,13.51,131.69,58,119,-49.29,166.6,40.5,18.7,34.4,11.4,32.6,89,31,92,42,57.9,0,0,0,0,0,0,3245636474.991856,238825345.0,0.2101,0.896,21350820,28503320,1,55.7,-21.7,2026-08-12
327,LTH,Consumer Cyclical,Leisure,NYSE,2894979,43.81,131.61,-1,-17,-7.25,78.2,91.1,-0.6,0.5,9.5,42.2,89,90,74,52,60.6,0,0,0,0,0,0,9789868248.758286,223461948.0,0.0617,0.137,3728108,2955785,1,69.1,23.9,2026-08-12
328,ZBRA,Technology,Communication Equipment,NASDAQ,804210,383.06,131.59,47,37,-0.15,89.8,97.4,8.4,22.8,38.8,52.0,89,42,32,30,28.6,0,0,0,0,0,0,17933495288.910156,47633392.0,0.077199996,0.204,1069922,862078,0,33.2,10.1,2026-08-12
329,ABNB,Consumer Cyclical,Travel Services,NASDAQ,4263802,184.98,131.57,26,23,3.64,61.5,93.3,10.1,16.5,23.0,34.2,89,63,60,34,57.4,0,0,0,0,0,0,106625770779.37732,598785682.0,0.0339,0.165,6049366,4186243,0,53.6,8.9,2026-08-12
330,PEB,Real Estate,REIT - Hotel & Motel,NYSE,2254993,17.79,131.55,-2,-15,-10.74,84.7,83.2,-2.6,-4.4,-2.0,29.7,89,91,78,66,76.7,0,0,0,0,0,0,2051480611.316864,112842716.0,0.1889,-0.001,2301600,2709748,1,77.9,13.5,2026-08-12
331,OGN,Healthcare,Drug Manufacturers - General,NYSE,2471892,13.65,131.55,-1,0,0.29,139.6,100.0,0.6,0.8,1.2,40.8,89,90,91,22,55.1,0,0,0,0,0,0,3571488388.9775486,262609433.0,0.070300005,-0.023,2137118,2472171,2,64.5,30.9,2026-08-12
332,LNTH,Healthcare,Drug Manufacturers - Specialty & Generic,NASDAQ,1498936,100.68,131.5,1,0,-9.99,101.0,83.2,-0.1,-2.3,-3.0,25.7,89,88,87,69,71.0,0,0,0,0,0,0,6589245451.354538,65272369.0,0.1309,0.027,2815788,1301547,0,78.7,12.4,2026-08-12
333,KRYS,Healthcare,Biotechnology,NASDAQ,514102,327.05,131.28,-3,-4,-14.5,142.2,81.2,-0.6,-1.9,-2.2,20.3,89,92,91,93,85.8,0,0,0,0,0,0,9662540373.513916,29598836.0,0.19469999,0.241,383646,465395,3,90.4,3.0,2026-08-12
334,ROKU,Communication Services,Entertainment,NASDAQ,2975731,150.91,131.18,2,0,-1.71,83.0,98.1,2.0,3.8,9.0,33.9,89,87,85,44,74.4,0,0,0,0,0,0,22724428434.17775,148418969.0,0.0718,0.219,3209955,4921825,0,72.6,15.1,2026-08-12
335,ALKS,Healthcare,Drug Manufacturers - Specialty & Generic,NASDAQ,1760817,49.21,131.14,-4,-21,-11.6,89.6,82.8,1.7,-0.8,1.7,38.8,89,93,76,49,75.5,0,0,0,0,0,0,8248919777.056274,167763272.0,0.1243,0.27,1859191,2156732,1,73.4,19.3,2026-08-12
336,ANF,Consumer Cyclical,Apparel Retail,NYSE,1002212,117.97,131.13,36,7,-11.37,71.1,72.6,2.0,8.7,19.7,21.3,89,53,24,68,19.6,0,0,0,0,0,0,5003899302.235336,44431710.0,0.1415,0.015,956428,1149329,0,41.2,16.6,2026-08-12
337,VIK,Consumer Cyclical,Travel Services,NYSE,2050186,101.55,130.87,2,-1,-7.76,82.5,92.0,-1.1,1.6,5.2,31.1,89,87,84,87,74.0,0,0,0,0,0,0,47198962556.42905,446157124.0,0.0358,0.175,1966729,2321529,0,83.0,6.8,2026-08-12
338,AMRX,Healthcare,Drug Manufacturers - Specialty & Generic,NASDAQ,1843053,17.1,130.66,-1,-24,-11.21,95.8,85.7,-2.7,-2.6,4.4,28.0,89,90,67,91,78.4,0,0,0,0,0,0,5792670421.535614,319331346.0,0.0375,0.099,1904991,2064222,2,81.6,7.9,2026-08-12
339,HALO,Healthcare,Biotechnology,NASDAQ,2111767,102.62,130.61,21,8,-0.66,65.2,96.8,11.8,19.0,30.0,43.5,89,68,55,65,63.9,0,0,0,0,0,0,12231372885.780334,118613000.0,0.145,0.477,2770583,2028860,0,63.0,3.9,2026-08-12
340,EPC,Consumer Defensive,Household & Personal Products,NYSE,704208,28.61,130.57,7,-57,-4.47,80.1,92.7,1.8,1.8,11.0,35.7,89,82,18,39,38.0,0,0,0,0,0,0,1308003369.0206432,46088915.0,0.108,0.017,659404,904086,0,44.3,37.0,2026-08-12
341,PTRN,Technology,Software - Application,NASDAQ,2052913,22.36,130.54,-8,-32,-24.97,134.2,65.0,-1.8,-6.4,-5.1,38.0,89,97,73,14,,0,0,0,0,0,0,3911649777.105236,177399089.0,0.097799994,0.466,1915140,2235220,1,61.3,,2026-08-12
342,WT,Financial Services,Asset Management,NYSE,2684679,22.0,130.53,4,7,-4.97,111.8,100.0,6.6,10.7,18.7,42.5,89,85,88,90,69.1,0,0,0,0,0,0,3219632358.75,151512111.0,0.1741,0.573,3262277,3008139,1,83.0,6.6,2026-08-12
343,CSCO,Technology,Communication Equipment,NASDAQ,21111405,120.43,130.49,-3,-5,-7.62,87.1,90.4,3.4,6.6,5.0,35.3,89,92,90,64,70.4,0,0,0,0,0,0,478608412573.7804,3941434665.0,0.0164,0.12,19740355,23120005,2,79.1,16.6,2026-08-12
344,STT,Financial Services,Asset Management,NYSE,2178296,187.22,130.34,0,-8,-2.75,72.1,100.0,2.4,3.1,8.0,33.2,89,89,81,74,69.5,0,0,0,0,0,0,50731919948.22418,274701765.0,0.0001,-0.028,1635429,2314433,0,78.4,13.5,2026-08-12
345,GCT,Technology,Software - Infrastructure,NASDAQ,708864,51.52,130.3,29,48,-8.44,103.1,94.3,9.0,21.1,39.3,33.1,89,60,79,85,72.0,0,0,0,0,0,0,1901570120.25,35710237.0,0.19870001,0.276,887723,729290,0,74.0,-12.9,2026-08-12
346,XENE,Healthcare,Biotechnology,NASDAQ,1083187,63.22,130.25,-2,-6,-12.99,83.0,83.9,2.3,0.6,7.4,27.9,89,91,87,64,76.2,0,0,0,0,0,0,6124729306.9999695,96665550.0,0.0656,,610482,1363824,1,79.6,13.2,2026-08-12
347,KN,Technology,Electronic Components,NYSE,945831,38.57,130.24,-2,-3,-10.16,98.1,83.6,2.6,4.6,2.1,33.3,89,91,90,84,77.6,0,0,0,0,0,0,3337835696.470978,85410326.0,0.08229999,0.143,812964,1085546,2,85.7,8.2,2026-08-12
348,WPP,Communication Services,Advertising Agencies,NYSE,525022,27.04,130.16,59,48,-2.66,77.8,94.5,13.7,25.0,39.7,40.4,89,30,19,15,16.7,0,0,0,0,0,0,5942670023.280216,215704907.0,0.0116,-0.044,747458,554663,0,20.2,10.7,2026-08-12
349,DAR,Consumer Defensive,Packaged Foods,NYSE,2311568,62.36,129.75,0,1,-5.54,112.1,96.0,4.3,3.3,7.7,24.9,89,89,90,87,81.5,0,0,0,0,0,0,9441874611.579609,158927363.0,0.0517,0.164,2481344,2288248,1,86.9,4.0,2026-08-12
350,CON,Healthcare,Medical Care Facilities,NYSE,967626,33.03,129.71,0,-17,-6.03,84.6,100.0,7.4,8.3,15.3,44.8,89,89,72,62,61.7,0,0,0,0,0,0,4358378402.528763,127961780.0,0.047399998,0.1,983739,980717,0,71.2,20.7,2026-08-12
351,FTDR,Consumer Cyclical,Personal Services,NASDAQ,577585,83.57,129.7,12,2,-10.55,74.2,87.3,6.8,11.4,16.5,36.5,89,77,67,51,59.6,0,0,0,0,0,0,6257580018.427429,68893316.0,0.0623,0.045,633407,627403,0,63.6,14.9,2026-08-12
352,MTSI,Technology,Semiconductors,NASDAQ,1641007,299.93,129.62,-5,-3,-28.4,162.6,66.0,13.3,13.5,-3.8,23.0,89,94,96,94,87.6,0,0,0,0,0,0,23737613332.777405,76370931.0,0.0301,0.358,1774891,1741120,3,92.9,3.0,2026-08-12
353,AZTA,Healthcare,Medical Instruments & Supplies,NASDAQ,650906,33.39,129.62,61,41,-19.99,109.3,70.1,7.5,14.6,28.1,19.5,89,28,8,34,27.2,0,0,0,0,0,0,1476813482.3592224,46092804.0,0.2061,0.12,782740,750126,0,24.3,1.2,2026-08-12
354,JHX,Basic Materials,Building Materials,NYSE,7176246,31.08,129.56,22,-22,1.11,84.9,98.5,7.2,12.8,19.8,38.5,89,67,23,63,17.7,0,0,0,0,0,0,17549194546.497894,580522488.0,0.0336,0.639,8204198,7648325,0,42.7,29.8,2026-08-12
355,PTEN,Energy,Oil & Gas Drilling,NASDAQ,9544262,11.06,129.48,2,9,-15.44,112.7,76.1,6.8,8.7,7.9,22.9,89,87,94,82,79.3,0,0,0,0,0,0,3746826191.6662073,379617653.0,0.08979999,0.007,9644057,9640357,1,85.6,4.1,2026-08-12
356,S,Technology,Software - Infrastructure,NYSE,7020692,22.46,129.35,4,-28,4.44,86.8,98.5,6.9,13.0,25.3,42.4,88,84,52,17,48.8,0,0,0,0,0,0,7307716766.934917,341482098.0,0.0641,0.208,6137626,7053523,0,50.5,34.2,2026-08-12
357,FTI,Energy,Oil & Gas Equipment & Services,NYSE,3814382,75.32,129.34,-3,-3,-3.34,116.5,95.9,5.6,3.8,7.5,22.6,88,91,91,93,82.0,0,0,0,0,0,0,27302485769.67166,392164388.0,0.0436,0.09,3926638,4089691,3,89.3,4.1,2026-08-12
358,CVE,Energy,Oil & Gas Integrated,NYSE,7243856,29.84,129.32,-1,2,-6.95,103.4,90.4,3.1,4.5,9.7,29.2,88,89,92,85,80.3,0,0,0,0,0,0,52099921250.0,1844245000.0,4.13,0.415,7485830,7867364,1,86.6,4.8,2026-08-12
359,INTA,Technology,Software - Application,NASDAQ,789350,39.91,129.29,56,34,-16.73,106.5,71.5,12.3,24.3,43.1,28.5,88,32,10,7,14.5,0,0,0,0,0,0,2907533944.0740013,77061595.0,0.0971,0.13,962301,924482,0,15.9,15.9,2026-08-12
360,ADEA,Technology,Software - Application,NASDAQ,1312030,27.72,129.26,0,7,-19.28,139.4,74.8,-0.0,3.9,-3.6,23.3,88,88,95,85,78.4,0,0,0,0,0,0,3111002930.535507,110280150.0,0.1306,0.121,1288976,1817010,1,86.6,4.7,2026-08-12
361,P,Technology,Computer Hardware,NYSE,2616954,109.38,129.25,20,28,8.74,100.6,100.0,24.3,37.6,44.2,49.9,88,68,76,54,77.0,0,0,0,0,0,0,29933065141.01935,332404932.0,0.044299997,,3095922,2960152,0,68.8,-2.5,2026-08-12
362,TEAM,Technology,Software - Application,NASDAQ,4639766,154.08,129.16,55,34,-16.26,171.6,78.3,24.5,42.9,60.7,44.0,88,33,12,7,8.7,0,0,0,0,0,0,37829177046.99133,253767862.0,0.1108,0.276,6582750,4901728,0,15.2,19.4,2026-08-12
363,RAL,Technology,Electronic Components,NYSE,1757958,71.52,129.16,0,-7,-5.16,89.2,97.1,7.9,6.3,7.2,36.8,88,88,81,33,63.4,0,0,0,0,0,0,7462668201.953491,110640008.0,0.091000006,0.128,2333724,1704924,0,66.3,24.0,2026-08-12
364,BRKR,Healthcare,Medical Devices,NASDAQ,2356509,57.02,129.04,0,-14,-12.68,101.9,85.5,3.7,1.1,1.5,27.5,88,88,74,36,76.7,0,0,0,0,0,0,8137511044.311813,152359316.0,0.18540001,0.052,3075907,2496257,0,68.7,17.4,2026-08-12
365,MLKN,Consumer Cyclical,"Furnishings, Fixtures & Appliances",NASDAQ,710564,23.8,128.93,15,-37,-3.68,73.1,95.7,1.1,4.8,21.0,33.0,88,73,21,80,27.3,0,0,0,0,0,0,1668338083.0278282,68123238.0,0.0796,0.044,617673,869008,0,50.3,26.7,2026-08-12
366,ATOM,Technology,Semiconductor Equipment & Materials,NASDAQ,694597,5.57,128.82,-5,-1,-54.95,177.9,35.0,5.2,2.4,-20.6,9.9,88,93,97,92,60.4,0,0,0,0,0,0,213851750.90432453,39024042.0,0.16479999,,653042,886108,3,85.6,16.1,2026-08-12
367,GLW,Technology,Electronic Components,NYSE,13906743,159.19,128.8,-9,-9,-41.43,159.5,53.8,8.4,10.8,-5.9,21.2,88,97,97,96,87.7,0,0,0,0,0,0,142424788549.82452,859637825.0,0.0252,0.166,13581670,15035460,3,94.4,4.9,2026-08-12
368,SLDB,Healthcare,Biotechnology,NASDAQ,1245077,8.85,128.76,-2,-1,-22.71,130.7,71.1,7.0,7.4,6.3,31.6,88,90,91,83,51.4,0,0,0,0,0,0,899619783.632864,107225238.0,0.2065,,905472,1800716,2,78.8,20.6,2026-08-12
369,DNLI,Healthcare,Biotechnology,NASDAQ,1665345,24.69,128.68,6,-4,-9.56,98.2,86.6,3.7,5.7,6.9,25.3,88,82,72,66,73.5,0,0,0,0,0,0,3969011004.294611,159847403.0,0.1066,,1478975,1832327,0,73.4,8.4,2026-08-12
370,CBZ,Industrials,Specialty Business Services,NYSE,1599922,54.6,128.68,50,25,-18.8,117.1,71.1,-0.4,10.8,35.6,38.5,88,38,13,7,5.1,0,0,0,0,0,0,2957955072.5,54274405.0,0.0837,-0.002,3417637,1285009,0,15.8,25.2,2026-08-12
371,M,Consumer Cyclical,Department Stores,NYSE,4650917,24.52,128.62,2,-16,-7.78,86.9,82.0,-5.3,-3.3,-1.0,11.6,88,86,68,89,77.8,0,0,0,0,0,0,6681163931.258984,263037954.0,0.1297,0.021,4518262,5971530,0,80.2,5.3,2026-08-12
372,U,Technology,Software - Application,NYSE,9922613,43.87,128.61,31,39,-15.88,160.0,84.7,15.8,30.1,43.7,41.1,88,57,65,13,42.3,0,0,0,0,0,0,18923824119.0,440088933.0,0.078,0.239,15786960,9234288,0,44.3,15.4,2026-08-12
373,CLBK,Financial Services,Banks - Regional,NASDAQ,7452180,11.09,128.48,4,-5,-5.54,86.7,100.0,6.9,7.4,17.0,39.3,88,84,75,72,72.1,0,0,0,0,0,0,1127991283.2780266,104058235.0,0.1691,0.131,5338155,4855529,0,75.8,9.2,2026-08-12
374,ATKR,Industrials,Electrical Equipment & Parts,NYSE,946686,93.87,128.42,28,40,0.04,74.2,100.0,7.7,16.2,19.4,33.7,88,60,72,48,68.2,0,0,0,0,0,0,3164825629.580307,33772550.0,0.0425,0.081,2234360,729044,0,62.0,-2.9,2026-08-12
375,CSTM,Basic Materials,Aluminum,NYSE,1670032,29.91,128.42,-1,5,-19.14,125.5,71.2,2.2,2.1,-5.3,15.4,88,89,95,95,82.8,0,0,0,0,0,0,3989936384.699616,135527728.0,0.048800003,0.307,1607868,1841931,2,90.5,1.3,2026-08-12
376,EQNR,Energy,Oil & Gas Integrated,NYSE,3797816,40.93,128.28,5,11,-5.82,82.9,92.9,2.4,4.1,12.7,28.4,88,83,89,74,67.4,0,0,0,0,0,0,92449646422.91583,2375376433.0,0.0292,0.374,3275499,3797269,0,78.4,9.0,2026-08-12
377,BHVN,Healthcare,Biotechnology,NYSE,2143642,14.49,128.18,12,-46,-21.95,84.7,64.0,3.1,0.5,3.2,25.3,88,76,18,30,8.9,0,0,0,0,0,0,2207224090.426216,150560990.0,0.16450001,,1610058,2890697,0,33.2,48.6,2026-08-12
378,EXPE,Consumer Cyclical,Travel Services,NASDAQ,1575355,321.07,128.15,19,4,-3.09,72.7,100.0,5.2,11.8,22.7,29.4,88,69,54,36,67.6,0,0,0,0,0,0,37288458003.29205,120022077.0,0.091000006,0.14,1945516,1626893,0,56.6,8.8,2026-08-12
379,CIFR,Technology,Information Technology Services,NASDAQ,29593215,17.21,128.13,-3,4,-42.9,278.6,53.8,-8.4,-12.2,-20.6,-4.1,88,91,98,97,95.2,0,0,1,0,0,1,7130227930.617325,415030722.0,0.1674,-0.43,37718617,27902841,4,95.3,-4.0,2026-08-12
380,MRCY,Industrials,Aerospace & Defense,NASDAQ,601835,109.15,128.12,4,5,-15.03,73.8,76.5,4.7,8.7,2.8,25.4,88,84,85,89,80.4,0,0,0,0,0,0,6523102228.472488,60043283.0,0.0928,0.115,524457,705819,0,84.6,0.7,2026-08-12
381,ARMK,Industrials,Specialty Business Services,NYSE,2641243,60.47,127.98,2,-2,3.05,67.5,99.5,5.4,5.7,7.9,34.6,88,86,82,55,58.5,0,0,0,0,0,0,14712252106.417648,262953564.0,0.039300002,0.147,2786100,2590322,0,70.4,20.3,2026-08-12
382,EOLS,Healthcare,Drug Manufacturers - Specialty & Generic,NASDAQ,921983,8.34,127.9,24,27,4.91,106.1,95.0,17.3,26.6,23.4,37.5,88,64,67,8,48.6,0,0,0,0,0,0,501322849.6784973,66050440.0,0.0908,0.212,1299659,871063,0,46.9,18.6,2026-08-12
383,KMX,Consumer Cyclical,Auto & Truck Dealerships,NYSE,2581206,58.18,127.83,13,-39,-7.0,90.1,88.9,1.1,1.2,9.1,32.5,88,75,23,34,13.3,0,0,0,0,0,0,8256387608.58783,141911096.0,0.0924,0.055,2084598,3249483,0,36.3,44.3,2026-08-12
384,TGT,Consumer Defensive,Discount Stores,NYSE,3865468,152.29,127.73,6,-1,1.48,84.0,100.0,3.4,6.7,12.8,32.0,88,82,75,69,54.9,0,0,0,0,0,0,67992408080.318726,454191112.0,0.044299997,0.067,3550856,4177989,0,70.2,16.9,2026-08-12
385,MRX,Financial Services,Capital Markets,NASDAQ,718225,59.93,127.68,-5,-12,-15.81,151.9,100.0,10.9,11.0,13.1,51.6,88,93,86,70,78.8,0,0,0,0,0,0,4374116303.4820175,71930870.0,0.0507,0.551,602047,861979,1,82.0,12.4,2026-08-12
386,PESI,Industrials,Waste Management,NASDAQ,509270,17.45,127.57,15,-42,-5.16,137.2,100.0,10.3,14.6,38.9,47.7,88,73,16,80,66.4,0,0,0,0,0,0,383360218.54229736,21203552.0,0.1166,-0.201,398111,420030,0,58.9,7.6,2026-08-12
387,SNX,Technology,Electronics & Computer Distribution,NYSE,777425,254.0,127.54,-2,-3,-14.33,79.2,76.4,-0.4,1.6,-2.2,30.2,88,90,89,65,70.3,0,0,0,0,0,0,20183188033.431152,79958752.0,0.0242,0.31,651287,869771,1,78.6,14.9,2026-08-12
388,SHOO,Consumer Cyclical,Footwear & Accessories,NASDAQ,1046296,48.29,127.41,8,4,-2.84,82.8,94.0,-0.9,4.4,8.3,18.1,87,79,75,74,77.0,0,0,0,0,0,0,3554943409.091263,73177095.0,0.090299994,0.191,1349819,1118433,0,76.2,2.4,2026-08-12
389,ADAM,Real Estate,REIT - Mortgage,NASDAQ,858804,10.23,127.12,3,-1,3.12,54.4,98.1,5.9,10.5,10.8,24.6,87,84,80,77,58.2,0,0,0,0,0,0,882619471.0908661,89879786.0,0.0401,1.298,1053833,892680,0,74.8,14.7,2026-08-12
390,SKE,Basic Materials,Other Industrial Metals & Mining,NYSE,603644,33.32,127.1,19,44,-14.06,124.7,79.0,9.5,17.1,19.2,20.2,87,68,93,97,81.1,0,0,0,0,0,0,4037706001.502648,124084385.0,5.45,,563233,841080,2,84.8,-14.9,2026-08-12
391,PBI,Industrials,Integrated Freight & Logistics,NYSE,1920739,16.54,126.79,-5,-7,-13.27,84.0,79.9,-5.6,-7.1,-5.4,28.0,87,92,90,65,55.9,0,0,0,0,0,0,2388111503.499153,137090212.0,0.0002,-0.023,2146779,2463539,2,75.7,23.7,2026-08-12
392,PAYC,Technology,Software - Application,NYSE,942339,212.23,126.69,54,43,-9.54,86.0,81.2,13.1,26.4,43.1,45.9,87,33,22,12,6.3,0,0,0,0,0,0,9687693897.898132,45071619.0,0.08930001,0.098,1290289,1001773,0,18.3,18.6,2026-08-12
393,WKC,Energy,Oil & Gas Refining & Marketing,NYSE,1312502,36.84,126.61,-2,-28,-10.58,63.5,81.3,-3.0,-2.4,6.8,33.8,87,89,63,50,54.2,0,0,0,0,0,0,1863453532.210236,51151620.0,0.1894,0.503,1185028,1225787,0,64.1,27.8,2026-08-12
394,TX,Basic Materials,Steel,NYSE,719209,54.69,126.37,12,15,0.57,72.0,100.0,5.1,11.3,16.0,29.4,87,75,78,82,69.4,0,0,0,0,0,0,10580984143.741743,196307678.0,0.0125,0.1,849867,623213,0,76.1,1.1,2026-08-12
395,BAX,Healthcare,Medical Instruments & Supplies,NYSE,7063660,27.61,126.37,31,-3,-7.97,70.6,88.8,-1.5,7.3,19.2,36.4,87,56,22,34,22.3,0,0,0,0,0,0,14243239378.013355,516995999.0,0.112399995,0.053,9955780,7039634,0,33.6,24.7,2026-08-12
396,RLJ,Real Estate,REIT - Hotel & Motel,NYSE,1913627,10.83,126.26,-5,-21,-15.98,65.2,73.1,-7.2,-8.9,-5.3,24.1,87,92,76,61,59.0,0,0,0,0,0,0,1690977867.7669773,151929726.0,0.1009,0.036,2047213,1972580,1,72.0,24.3,2026-08-12
397,ANET,Technology,Computer Hardware,NYSE,8214916,197.85,126.2,3,-11,-7.93,81.3,100.0,10.5,16.6,21.8,42.4,87,84,70,70,57.7,0,0,0,0,0,0,237955252028.7887,1261224648.0,0.0191,0.377,9223129,8190485,0,70.4,17.3,2026-08-12
398,ALM,Basic Materials,Other Industrial Metals & Mining,NASDAQ,6581140,13.29,126.15,-7,-3,-45.56,253.9,53.3,9.8,8.4,-6.9,2.2,87,94,98,99,93.2,0,0,1,1,0,2,4023459505.411141,283741849.0,3.15,2.212,8110851,6418004,4,96.1,-1.0,2026-08-12
399,GRMN,Technology,Scientific & Technical Instruments,NYSE,954057,309.65,126.1,41,61,-0.98,65.7,97.5,1.6,11.7,22.0,33.8,87,46,66,68,43.5,0,0,0,0,0,0,59955927742.02832,192852536.0,0.0239,0.114,1210261,928848,0,55.9,-5.1,2026-08-12
400,DAL,Industrials,Airlines,NYSE,6303750,90.41,125.99,4,-6,-5.51,61.6,90.2,-0.8,2.2,3.8,24.7,87,83,73,75,67.0,0,0,0,0,0,0,60067285151.91254,657623030.0,0.0385,0.187,4691581,6993090,0,74.5,10.6,2026-08-12
401,XMTR,Industrials,Industrial Distribution,NASDAQ,861873,91.43,125.94,-10,-14,-13.81,157.9,82.9,5.0,2.0,2.8,41.5,87,97,93,79,83.5,0,0,0,0,0,0,5339404014.653572,57323573.0,0.0695,0.411,761809,872111,2,88.1,10.7,2026-08-12
402,COMP,Real Estate,Real Estate Services,NYSE,12798696,12.69,125.94,-4,-67,-9.06,90.6,87.7,4.9,6.9,17.4,29.3,87,91,28,79,59.9,0,0,0,0,0,0,9656969386.833364,767644630.0,0.066700004,1.09,12302489,13986699,1,64.5,24.3,2026-08-12
403,ANNX,Healthcare,Biotechnology,NASDAQ,3565687,5.34,125.84,2,11,-25.63,160.0,66.8,0.7,-1.2,-0.6,2.4,87,85,94,95,84.1,0,0,0,0,0,0,886388105.5796127,163842538.0,0.19450001,,2385063,3803118,2,89.5,-2.5,2026-08-12
404,BZH,Consumer Cyclical,Residential Construction,NYSE,681933,33.17,125.73,-1,-56,-3.97,84.0,94.5,0.2,0.5,10.3,36.4,87,88,33,75,50.9,0,0,0,0,0,0,906936321.8416214,27333825.0,0.0986,-0.275,1217160,600900,0,61.7,26.6,2026-08-12
405,TALK,Healthcare,Health Information Services,NASDAQ,1861951,5.24,125.7,0,3,-0.19,113.0,100.0,0.5,0.5,0.5,16.3,87,87,90,75,81.0,0,0,0,0,0,0,874415559.374465,167512566.0,0.0337,0.136,2019723,2100360,1,83.2,5.1,2026-08-12
406,ENTG,Technology,Semiconductor Equipment & Materials,NASDAQ,3049209,150.21,125.57,2,3,-19.65,134.1,80.1,14.9,19.2,11.2,32.7,87,85,86,91,83.6,0,0,0,0,0,0,23161784278.86963,152300000.0,0.0715,0.115,2934937,3290883,1,86.4,-0.6,2026-08-12
407,DXCM,Healthcare,Medical Devices,NASDAQ,5101507,89.53,125.46,28,-10,1.91,65.6,100.0,6.7,14.0,20.4,32.6,87,59,21,41,24.3,0,0,0,0,0,0,31981324833.75,377360765.0,0.0571,0.131,6741932,5195940,0,36.3,24.7,2026-08-12
408,RPD,Technology,Software - Infrastructure,NASDAQ,2892270,13.38,125.38,0,-80,-38.57,143.0,44.0,11.4,14.3,30.1,20.6,87,87,7,5,0.7,0,0,0,0,0,0,773230229.864914,66830618.0,0.1333,-0.003,2775040,2563322,0,24.9,67.6,2026-08-12
409,ORIC,Healthcare,Biotechnology,NASDAQ,1738644,13.73,125.35,49,49,-8.04,83.9,90.5,8.1,15.1,32.4,29.9,87,38,38,78,55.9,0,0,0,0,0,0,1399310856.0,103652656.0,0.21530001,,1914022,1831688,0,52.5,-17.0,2026-08-12
410,CNK,Communication Services,Entertainment,NYSE,2699250,36.66,125.01,30,13,-5.95,70.1,95.3,-0.1,6.9,13.2,32.6,86,56,39,27,54.3,0,0,0,0,0,0,4316557674.7542,115911855.0,0.1241,0.155,2992552,2628798,0,44.1,8.4,2026-08-12
411,GTLB,Technology,Software - Infrastructure,NASDAQ,4191813,42.11,124.97,19,-39,-19.61,110.1,67.6,8.9,16.8,27.3,28.3,86,67,9,11,13.3,0,0,0,0,0,0,6582033206.176758,168900000.0,0.114700004,0.231,4411291,5559770,0,25.1,43.8,2026-08-12
412,ABEO,Healthcare,Biotechnology,NASDAQ,1333440,7.4,124.94,3,-26,-1.86,78.9,100.0,7.6,11.7,18.8,38.6,86,83,54,32,26.2,0,0,0,0,0,0,412644829.5148468,56995144.0,0.2493,,1160042,1268372,0,48.8,41.5,2026-08-12
413,STOK,Healthcare,Biotechnology,NASDAQ,878764,32.96,124.94,12,29,-18.05,150.5,78.6,5.9,9.4,8.2,4.4,86,74,91,96,87.2,0,0,0,0,0,0,2110653316.744461,64526242.0,0.26209998,-0.325,1049494,856540,2,87.1,-12.7,2026-08-12
414,VECO,Technology,Semiconductor Equipment & Materials,NASDAQ,1076287,50.15,124.7,-10,-11,-42.11,125.8,49.9,3.8,4.0,-11.7,25.8,86,96,95,69,83.4,0,0,0,0,0,0,3227033751.565857,61129640.0,0.1929,0.165,1002113,1425456,2,85.9,11.8,2026-08-12
415,SWK,Industrials,Tools & Accessories,NYSE,1890458,104.0,124.7,8,-21,-0.38,65.6,97.4,2.0,7.5,14.5,29.6,86,78,49,78,56.1,0,0,0,0,0,0,15689118741.316755,151016641.0,0.0477,0.004,2633486,1822271,0,65.3,13.9,2026-08-12
416,BRUN,Technology,Software - Infrastructure,NASDAQ,1660043,18.61,124.63,-11,-12,-55.69,116.1,41.2,12.5,6.6,-20.2,28.4,86,97,96,45,82.1,0,0,0,0,0,0,1118001913.666359,61428674.0,1.97,1.646,1758810,1802248,2,80.0,17.9,2026-08-12
417,APPN,Technology,Software - Infrastructure,NASDAQ,850605,35.51,124.58,47,20,-22.9,86.0,59.8,14.6,25.7,37.9,23.9,86,39,12,15,27.0,0,0,0,0,0,0,2481179916.3619843,71627597.0,0.1507,0.191,1026725,948335,0,23.2,13.5,2026-08-12
418,OPRT,Financial Services,Credit Services,NASDAQ,546683,7.6,124.5,30,13,-8.43,82.1,85.6,13.7,21.4,31.7,40.8,86,56,39,28,35.3,0,0,0,0,0,0,372036883.78709793,45987253.0,0.0398,0.094,709770,529064,0,39.6,17.6,2026-08-12
419,W,Consumer Cyclical,Internet Retail,NYSE,3555846,103.2,124.42,14,-29,-13.99,79.3,73.9,3.6,9.6,17.3,16.8,86,72,29,86,49.9,0,0,0,0,0,0,14070826591.989326,131996499.0,0.1807,0.075,4891960,3599694,0,59.2,12.6,2026-08-12
420,PATH,Technology,Software - Infrastructure,NYSE,78242317,15.72,124.38,52,39,-20.77,62.7,59.3,7.7,18.2,29.2,19.8,86,34,21,25,53.0,0,0,0,0,0,0,7797710102.123598,518120266.0,0.2811,0.173,61988852,67024456,0,33.3,-6.4,2026-08-12
421,LPG,Energy,Oil & Gas Midstream,NYSE,645301,43.04,124.37,-3,-6,-10.56,86.9,87.4,-0.9,0.9,7.2,30.6,86,89,86,87,52.1,0,0,0,0,0,0,1957735410.7506905,42782681.0,0.0725,1.24,618363,697862,0,78.5,19.1,2026-08-12
422,TDW,Energy,Oil & Gas Equipment & Services,NYSE,692596,91.2,124.29,11,21,-2.07,93.7,100.0,11.9,15.8,23.6,31.1,86,75,85,83,66.8,0,0,0,0,0,0,4121805993.82724,49756231.0,0.1588,-0.431,764868,752313,0,77.5,1.5,2026-08-12
423,ZGN,Consumer Cyclical,Apparel Manufacturing,NYSE,1134234,14.15,124.19,4,2,-11.29,82.0,83.8,-5.6,-3.4,-0.6,20.2,86,82,80,76,72.0,0,0,0,0,0,0,4000532624.5588303,268312050.0,0.0718,0.003,841223,1321372,0,77.5,6.4,2026-08-12
424,MAX,Communication Services,Internet Content & Information,NYSE,1037915,13.11,124.12,0,-58,-10.82,79.1,79.9,-0.7,-3.8,7.1,17.7,86,86,28,14,24.9,0,0,0,0,0,0,820937281.8296471,61263978.0,0.089899994,0.259,1045717,906401,0,38.2,50.7,2026-08-12
425,ARW,Technology,Electronics & Computer Distribution,NYSE,596385,206.47,124.07,-4,-4,-13.0,106.4,81.6,-2.0,-1.1,-2.3,30.4,86,90,90,82,70.5,0,0,0,0,0,0,10359762355.09816,50905423.0,0.0332,0.318,685747,594235,2,83.1,11.3,2026-08-12
426,CALY,Consumer Cyclical,Leisure,NYSE,1955127,16.86,124.05,-7,-12,-16.86,97.0,72.2,-8.3,-9.5,-7.3,14.2,86,93,88,89,79.0,0,0,0,0,0,0,3161935560.5988274,179757563.0,0.0626,0.02,2225073,2190068,1,87.3,8.3,2026-08-12
427,ROST,Consumer Cyclical,Apparel Retail,NASDAQ,2221412,251.81,124.04,6,5,-2.02,71.6,93.7,-1.7,0.9,6.4,20.3,86,80,79,81,67.8,0,0,0,0,0,0,81872952656.95538,320781076.0,0.0373,0.206,1955076,2764175,0,76.9,6.0,2026-08-12
428,PAY,Technology,Software - Infrastructure,NYSE,1168528,40.61,124.02,45,27,-10.37,99.7,82.6,4.4,16.2,43.7,42.5,86,41,23,14,25.6,0,0,0,0,0,0,4857492146.35627,125939647.0,0.0908,0.288,1631576,1291023,0,25.9,14.9,2026-08-12
429,AVTR,Healthcare,Medical Instruments & Supplies,NYSE,11380888,13.77,123.93,28,-14,-13.56,88.0,79.6,1.6,11.3,27.8,36.7,86,58,16,17,28.7,0,0,0,0,0,0,9191716738.804169,676358840.0,0.1005,0.005,13212874,10579480,0,29.9,27.0,2026-08-12
430,RAMP,Technology,Software - Infrastructure,NYSE,841449,37.76,123.82,1,-21,-1.23,68.6,98.7,-0.0,0.0,0.3,23.1,86,85,63,25,53.8,0,0,0,0,0,0,2298658352.9092026,60794982.0,0.088,0.098,748017,1191245,0,56.7,29.8,2026-08-12
431,VIR,Healthcare,Biotechnology,NASDAQ,1586793,8.93,123.6,0,4,-23.41,109.3,68.7,0.9,-1.0,-3.3,9.7,86,86,90,86,80.5,0,0,0,0,0,0,1492484697.9193878,169215958.0,0.1108,195.825,1506450,1904022,1,85.6,2.4,2026-08-12
432,JBHT,Industrials,Integrated Freight & Logistics,NASDAQ,1006094,265.38,123.5,-5,-10,-11.47,111.2,86.6,2.3,-1.0,-1.4,20.6,86,91,86,86,78.5,0,0,0,0,0,0,25214026968.38379,93900000.0,0.0332,0.194,832322,1011754,1,85.4,7.7,2026-08-12
433,IART,Healthcare,Medical Devices,NASDAQ,940219,17.37,123.49,-4,-21,-15.23,95.3,77.4,0.2,-4.3,-2.9,29.5,86,90,73,25,44.7,0,0,0,0,0,0,1341575728.5,77772506.0,0.11,0.008,1029797,957583,1,58.2,37.3,2026-08-12
434,OVV,Energy,Oil & Gas E&P,NYSE,3181543,63.45,123.41,4,6,-1.8,75.7,98.7,2.9,4.4,10.1,25.4,86,82,84,77,64.1,0,0,0,0,0,0,16418976168.823242,276600000.0,0.057600003,0.297,2935701,3214430,0,76.8,9.7,2026-08-12
435,ATRC,Healthcare,Medical Instruments & Supplies,NASDAQ,921298,42.95,123.37,31,0,-0.53,68.4,100.0,7.8,14.1,31.7,30.9,86,55,24,32,30.4,0,0,0,0,0,0,2105355877.613678,50866294.0,0.0996,0.128,873644,940400,0,35.3,20.0,2026-08-12
436,WEST,Consumer Defensive,Packaged Foods,NASDAQ,504171,8.27,123.35,-3,-3,-18.84,122.9,75.7,1.3,4.6,2.1,44.5,86,89,89,28,25.7,0,0,0,0,0,0,802901982.6015091,97557962.0,0.1418,0.088,452953,651400,0,57.9,43.8,2026-08-12
437,LLY,Healthcare,Drug Manufacturers - General,NYSE,2704896,1215.02,123.23,5,-5,-2.76,90.8,97.4,3.8,3.4,4.8,17.4,86,81,71,71,76.4,0,0,0,0,0,0,1057346667674.6112,891741406.0,0.0115,0.477,3244749,2979929,0,74.9,5.3,2026-08-12
438,PK,Real Estate,REIT - Hotel & Motel,NYSE,4170594,14.34,123.17,1,-30,-7.36,50.9,91.4,-0.3,-0.2,2.6,25.4,86,85,54,58,52.7,0,0,0,0,0,0,2972100730.6880665,201361835.0,0.2544,-0.011,4461553,5212144,0,62.4,24.6,2026-08-12
439,PURR,Financial Services,Capital Markets,NASDAQ,8664555,6.57,123.14,-7,-8,-43.46,117.7,46.4,2.1,2.5,-13.0,,86,93,92,50,,0,0,0,0,0,0,1365838724.2336535,200563691.0,1.62,,6826155,13207313,2,78.3,,2026-08-12
440,BWA,Consumer Cyclical,Auto Parts,NYSE,2355704,69.68,123.12,-1,-2,-11.6,71.5,77.8,3.8,6.3,1.9,23.4,86,87,86,92,72.2,0,0,0,0,0,0,13934851567.755768,203666354.0,0.0513,0.003,2533262,2746424,1,84.3,6.5,2026-08-12
441,TECH,Healthcare,Biotechnology,NASDAQ,4707011,72.15,122.87,10,-45,-0.3,66.8,99.8,0.2,0.4,9.4,20.3,86,76,21,50,51.3,0,0,0,0,0,0,11263552175.728912,155810652.0,0.0888,-0.015,3891605,5385801,0,49.6,23.0,2026-08-12
442,HELE,Consumer Defensive,Household & Personal Products,NASDAQ,523026,29.28,122.81,-2,-24,-4.56,115.3,100.0,3.3,4.8,7.5,38.7,86,88,66,19,43.8,0,0,0,0,0,0,693404666.6322594,23292061.0,0.1167,0.082,358470,528766,0,54.2,38.1,2026-08-12
443,ASH,Basic Materials,Specialty Chemicals,NYSE,766619,74.58,122.8,8,-17,-4.69,57.3,94.0,1.7,5.5,11.9,26.2,86,78,53,71,51.9,0,0,0,0,0,0,3500902996.7497253,45793370.0,0.1401,0.073,1037307,983693,0,63.5,16.9,2026-08-12
444,ETSY,Consumer Cyclical,Internet Retail,NYSE,2981994,79.48,122.69,-2,-24,-9.66,80.8,83.9,-4.5,-4.4,2.6,27.8,85,87,65,21,38.9,0,0,0,0,0,0,7851928821.495666,91781748.0,0.1712,0.062,3728583,3002608,0,53.0,39.5,2026-08-12
445,JLHL,Industrials,Building Products & Equipment,NASDAQ,5534045,8.22,122.66,-8,-2,-85.82,152.5,11.1,1.4,4.6,-48.7,-15.8,85,93,99,86,78.3,0,0,1,0,0,1,189820401.38200375,21448632.0,0.2174,0.854,3589276,3345587,2,89.1,8.2,2026-08-12
446,NVT,Industrials,Electrical Equipment & Parts,NYSE,2139478,167.16,122.66,-6,-4,-9.47,94.5,86.3,6.2,9.4,6.0,30.4,85,91,93,84,76.9,0,0,0,0,0,0,26656384369.070984,161857939.0,0.028199999,0.528,2610296,2151513,2,86.2,8.3,2026-08-12
447,BBVA,Financial Services,Banks - Diversified,NYSE,1441630,28.5,122.55,2,-11,-0.52,58.7,100.0,1.1,5.6,12.3,23.0,85,83,70,85,58.0,0,0,0,0,0,0,156443957275.01642,5518305297.0,0.0002,0.202,2076302,1598728,0,74.0,13.4,2026-08-12
448,NVCR,Healthcare,Medical Devices,NASDAQ,1706236,17.66,122.47,13,28,-17.67,75.4,75.9,10.0,7.7,7.5,26.8,85,72,87,23,61.0,0,0,0,0,0,0,1908547246.5271,116445840.0,0.1331,0.156,1318589,1745685,0,60.7,13.8,2026-08-12
449,ELF,Consumer Defensive,Household & Personal Products,NYSE,2916223,94.99,122.39,61,49,-37.09,86.8,44.3,3.4,9.9,26.7,22.0,85,24,12,58,3.4,0,0,0,0,0,0,5811697399.985321,59007996.0,0.1529,0.355,3129889,3296547,0,24.4,4.7,2026-08-12
450,KRNY,Financial Services,Banks - Regional,NASDAQ,523042,9.53,122.3,1,-10,-2.95,58.0,94.3,-0.7,-0.1,4.1,19.6,85,84,73,79,62.5,0,0,0,0,0,0,599109984.1678543,62931718.0,0.0292,0.149,466007,572943,0,74.6,12.9,2026-08-12
451,TEVA,Healthcare,Drug Manufacturers - Specialty & Generic,NYSE,5473665,36.48,122.28,3,8,-2.33,121.3,100.0,3.9,9.7,9.9,17.2,85,82,87,93,83.7,0,0,0,0,0,0,41204870241.480286,1165296084.0,0.028199999,-0.008,6800575,5785725,1,86.4,-3.5,2026-08-12
452,PR,Energy,Oil & Gas E&P,NYSE,8621100,21.46,121.92,3,5,-5.36,77.4,89.7,3.4,4.1,8.9,21.2,85,82,84,81,63.7,0,0,0,0,0,0,16876773814.84735,837557029.0,0.0305,0.551,8897022,9942430,0,77.7,9.2,2026-08-12
453,TECK,Basic Materials,Copper,NYSE,3347180,66.14,121.85,6,14,-7.17,110.9,88.3,2.2,8.1,7.4,21.1,85,79,87,90,79.4,0,0,0,0,0,0,32610182598.876957,490600000.0,3.46,0.782,3261182,3286222,1,83.9,-3.2,2026-08-12
454,THC,Healthcare,Medical Care Facilities,NYSE,1322298,259.45,121.78,49,63,-2.21,65.3,100.0,3.5,12.2,30.2,31.6,85,36,50,83,62.2,0,0,0,0,0,0,21106445863.15918,80519000.0,0.0434,0.068,964215,1364947,0,57.8,-23.9,2026-08-12
455,RELY,Technology,Software - Infrastructure,NASDAQ,3037610,23.61,121.73,-4,-4,-13.04,98.6,87.6,0.9,2.0,8.4,36.6,85,89,89,21,35.0,0,0,0,0,0,0,5141901565.244535,210561079.0,0.0763,0.202,3613411,3784832,0,58.5,40.6,2026-08-12
456,SCCO,Basic Materials,Copper,NYSE,1169724,194.48,121.71,4,10,-12.27,113.4,82.6,3.3,5.4,6.9,14.3,85,81,87,94,80.0,0,0,0,0,0,0,166082067359.41736,834331706.0,0.23030001,0.406,1089786,1306542,1,85.5,-2.7,2026-08-12
457,INVX,Energy,Oil & Gas Equipment & Services,NYSE,564297,30.14,121.7,8,16,-10.59,89.5,92.0,3.5,9.4,13.1,20.5,85,77,85,85,76.6,0,0,0,0,0,0,1961952957.5343647,69820389.0,0.0719,0.092,1028781,533146,0,80.9,-2.2,2026-08-12
458,CYTK,Healthcare,Biotechnology,NASDAQ,1898830,76.45,121.42,-3,-1,-13.43,120.5,78.1,-2.9,-4.4,-3.9,10.1,85,88,90,87,84.3,0,0,0,0,0,0,10421751008.717278,135770593.0,0.1942,-0.571,2138710,2122046,1,87.3,1.8,2026-08-12
459,TKR,Industrials,Tools & Accessories,NYSE,938645,128.54,121.34,-7,-17,-12.18,84.0,79.8,-1.6,-3.8,-5.1,21.5,85,92,82,85,70.8,0,0,0,0,0,0,9057219615.548248,69494510.0,0.0482,0.075,1222136,1003885,1,82.4,13.0,2026-08-12
460,SM,Energy,Oil & Gas E&P,NYSE,3796513,32.51,121.3,5,10,-9.39,84.5,86.1,4.4,3.4,8.1,28.0,85,80,85,46,34.1,0,0,0,0,0,0,6869225284.224922,237854068.0,0.0739,1.934,3976750,3867776,0,61.3,29.3,2026-08-12
461,FFIV,Technology,Software - Infrastructure,NASDAQ,681507,414.0,121.25,-4,-12,-4.83,88.8,96.0,3.6,4.5,4.5,34.2,85,89,81,48,40.4,0,0,0,0,0,0,22663897673.9848,56627182.0,0.030199999,0.109,752723,653402,0,64.6,33.3,2026-08-12
462,AEIS,Industrials,Electrical Equipment & Parts,NASDAQ,737232,327.59,121.23,-1,5,-17.57,132.2,78.8,6.8,11.2,5.2,15.5,85,86,92,96,83.3,0,0,0,0,0,0,13017194218.832705,40050442.0,0.061300002,0.3,904647,883931,2,89.3,-1.2,2026-08-12
463,BBIO,Healthcare,Biotechnology,NASDAQ,3061556,83.7,121.21,3,-1,-10.4,77.3,85.2,1.6,1.5,10.0,15.9,85,82,78,90,72.9,0,0,0,0,0,0,16546358381.653185,195861242.0,0.1468,0.668,2193818,3505699,1,80.7,3.4,2026-08-12
464,MRAM,Technology,Semiconductors,NASDAQ,1276872,16.44,121.17,-9,-4,-68.08,186.7,29.2,6.8,10.4,-13.7,14.6,85,94,99,92,90.2,0,0,1,0,0,1,405184134.897934,24350009.0,0.16530001,0.419,1399626,1732933,4,93.8,1.8,2026-08-12
465,WULF,Financial Services,Capital Markets,NASDAQ,36174608,16.75,121.16,-9,-5,-43.87,228.1,50.3,-2.4,-4.3,-22.0,-2.8,85,94,98,97,92.5,0,0,1,0,0,1,8522384965.091711,498968677.0,0.248,-0.06,34613416,33007701,4,95.4,-0.2,2026-08-12
466,TPC,Industrials,Engineering & Construction,NYSE,925200,97.53,121.12,18,36,-4.66,71.7,93.1,5.6,10.5,19.0,25.8,85,67,85,95,67.9,0,0,0,0,0,0,5214643246.443466,52614703.0,0.0586,0.192,670402,794624,1,78.7,-7.9,2026-08-12
467,BMO,Financial Services,Banks - Diversified,NYSE,733983,181.17,121.06,-2,-10,-1.65,63.1,99.9,1.6,2.1,4.7,24.3,84,86,78,78,64.5,0,0,0,0,0,0,127160639316.95187,700416619.0,7.63,0.158,849490,741634,0,76.6,13.1,2026-08-12
468,ARIS,Basic Materials,Gold,NYSE,1586176,17.34,120.97,19,49,-25.55,163.4,69.1,12.6,17.9,15.7,6.7,84,65,95,98,86.7,0,0,0,1,0,1,3591893979.45294,206430693.0,2.1,0.623,1974939,1574033,2,86.2,-20.5,2026-08-12
469,USFD,Consumer Defensive,Food Distribution,NYSE,2551865,110.52,120.94,9,-20,0.4,58.4,100.0,6.9,10.3,14.5,27.1,84,75,46,80,46.8,0,0,0,0,0,0,23977733300.42316,220221656.0,0.0535,0.045,2650196,2792353,0,62.0,16.0,2026-08-12
470,BWIN,Financial Services,Insurance Brokers,NASDAQ,1244587,29.76,120.92,44,28,-14.46,87.9,82.0,7.8,11.8,25.0,33.0,84,40,24,8,8.1,0,0,0,0,0,0,2860611505.5383606,96838572.0,0.1382,0.301,1130082,1624892,0,20.0,23.9,2026-08-12
471,SVV,Consumer Cyclical,Specialty Retail,NYSE,921385,11.8,120.77,44,19,-15.05,50.8,54.6,-3.3,3.2,7.3,14.9,84,40,15,63,8.6,0,0,0,0,0,0,1881710891.8787403,153986158.0,0.2042,0.074,1368626,945361,0,31.6,13.6,2026-08-12
472,NVTS,Technology,Semiconductors,NASDAQ,15348490,13.6,120.73,-7,1,-60.2,151.4,32.0,11.1,16.2,-16.3,9.3,84,91,99,95,81.3,0,0,1,0,0,1,3626588637.9593353,261093488.0,0.1696,-0.273,14507460,22045596,3,91.6,3.3,2026-08-12
473,BNY,Financial Services,Banks - Diversified,NYSE,3530294,160.32,120.63,-1,-7,-2.11,61.3,100.0,2.9,3.0,7.9,26.9,84,85,79,74,60.7,0,0,0,0,0,0,106939038234.74606,678504142.0,0.0,0.131,2580614,3789808,0,74.7,14.9,2026-08-12
474,AVNT,Basic Materials,Specialty Chemicals,NYSE,868587,45.47,120.61,30,11,-2.28,65.0,98.0,10.2,16.2,21.1,27.8,84,54,35,79,46.5,0,0,0,0,0,0,4190666113.542366,91719550.0,0.0612,0.058,1019701,929806,0,53.6,0.6,2026-08-12
475,PRM,Basic Materials,Specialty Chemicals,NYSE,1613991,34.53,120.55,-5,-2,-9.54,94.0,83.9,0.8,0.9,1.3,20.2,84,89,92,91,76.4,0,0,0,0,0,0,5771600630.236935,163686923.0,0.0383,0.315,2197025,1771029,2,87.1,5.6,2026-08-12
476,AVTX,Healthcare,Biotechnology,NASDAQ,1029878,19.47,120.47,-10,-8,-19.78,119.8,76.2,3.8,4.4,12.5,17.5,84,94,96,94,82.9,0,0,0,0,0,0,982501382.1134262,53629989.0,0.2401,,813105,1451695,3,91.7,5.3,2026-08-12
477,AXSM,Healthcare,Biotechnology,NASDAQ,770649,215.77,120.35,-8,-8,-17.07,106.5,73.2,-1.3,-5.3,-8.9,14.1,84,92,92,87,79.5,0,0,0,0,0,0,10947550901.516935,51459766.0,0.092,0.574,775808,921355,2,87.6,7.3,2026-08-12
478,TALO,Energy,Oil & Gas E&P,NYSE,2042633,15.57,120.31,3,9,-8.68,97.7,87.5,5.5,6.1,8.3,17.4,84,81,87,86,78.2,0,0,0,0,0,0,2400963448.9476814,166965468.0,0.0856,0.566,2297991,2027212,0,83.0,-0.2,2026-08-12
479,TD,Financial Services,Banks - Diversified,NYSE,2905902,121.37,120.16,-3,-8,-2.8,69.3,97.1,1.9,2.1,3.3,21.7,84,87,82,83,67.3,0,0,0,0,0,0,200410302776.6724,1652051000.0,3.33,-0.315,2343046,2712077,0,79.8,11.2,2026-08-12
480,SVRA,Healthcare,Biotechnology,NASDAQ,1686522,5.57,120.14,-1,-5,-20.49,120.9,71.6,2.6,2.3,1.5,4.2,84,85,81,91,82.3,0,0,0,0,0,0,1194725630.3252945,204927212.0,0.19479999,,1333658,1845559,1,84.8,0.5,2026-08-12
481,RPRX,Healthcare,Biotechnology,NASDAQ,2861793,57.79,120.06,-1,-3,-4.38,69.7,97.0,2.3,1.6,4.5,25.2,84,85,83,76,65.0,0,0,0,0,0,0,25278395022.711792,445277344.0,0.0278,0.165,3082790,3331544,0,77.2,12.0,2026-08-12
482,FBP,Financial Services,Banks - Regional,NYSE,1448262,29.04,120.05,7,-6,-1.29,51.7,99.2,0.8,1.8,8.6,27.0,84,77,64,61,49.1,0,0,0,0,0,0,4377175231.668133,152674406.0,0.0672,0.094,1451217,1626819,0,62.8,18.5,2026-08-12
483,PHVS,Healthcare,Biotechnology,NASDAQ,509478,34.42,119.76,0,-2,-5.96,75.0,100.0,7.5,7.2,9.4,28.5,84,84,82,79,73.4,0,0,0,0,0,0,2439501223.9972,69879726.0,0.0198,,500916,458615,0,79.6,6.5,2026-08-12
484,MRK,Healthcare,Drug Manufacturers - General,NYSE,8676281,130.42,119.71,9,10,-3.43,71.3,100.0,2.6,2.9,6.6,17.3,84,75,76,86,66.2,0,0,0,0,0,0,317570027803.0836,2469824415.0,0.0119,0.051,8146393,10291090,0,75.8,2.1,2026-08-12
485,FIVE,Consumer Cyclical,Specialty Retail,NASDAQ,1058261,234.24,119.62,21,43,-6.91,80.5,91.7,5.5,11.2,18.7,19.0,84,63,85,93,71.8,0,0,0,0,0,0,13512524653.873169,55295351.0,0.041500002,0.325,917234,1311842,1,78.2,-12.6,2026-08-12
486,BHP,Basic Materials,Other Industrial Metals & Mining,NYSE,2424872,90.02,119.61,-1,2,-4.06,72.8,92.6,2.4,5.5,6.0,22.8,84,85,88,85,67.6,0,0,0,0,0,0,229672609070.7416,2540345092.0,0.0062,0.108,2478516,2699685,0,81.4,8.4,2026-08-12
487,KSS,Consumer Cyclical,Department Stores,NYSE,3392126,18.49,119.55,6,-47,-26.69,64.4,58.1,-0.2,2.7,8.6,12.6,84,78,25,90,60.8,0,0,0,0,0,0,2188619778.382672,113399993.0,0.3166,-0.02,3202788,4320043,1,63.4,11.5,2026-08-12
488,XPRO,Energy,Oil & Gas Equipment & Services,NYSE,1040308,18.26,119.51,5,6,-2.51,86.1,100.0,11.5,13.2,18.6,18.1,84,79,80,86,72.4,0,0,0,0,0,0,1923197311.2227936,113396074.0,0.0941,-0.07,819086,1181117,0,79.4,1.8,2026-08-12
489,PCVX,Healthcare,Biotechnology,NASDAQ,1092797,59.22,119.5,13,23,-8.89,98.8,89.7,5.0,6.2,10.0,13.3,84,71,81,79,78.9,0,0,0,0,0,0,8641122448.048233,148805278.0,0.0991,,956163,1422910,0,77.5,-6.5,2026-08-12
490,JBL,Technology,Electronic Components,NYSE,1109647,356.61,119.47,-1,5,-16.86,90.2,89.9,8.8,13.5,6.3,29.1,83,84,90,84,65.2,0,0,0,0,0,0,35755450636.49393,104787089.0,0.037100002,0.118,1067653,1320108,1,80.8,8.8,2026-08-12
491,BBNX,Healthcare,Medical Devices,NASDAQ,1225674,17.62,119.43,11,-53,-46.13,95.6,36.6,17.2,10.2,13.3,-0.2,83,72,8,15,25.1,0,0,0,0,0,0,715336022.037796,44989688.0,0.1476,0.378,1772654,1182974,0,30.0,41.2,2026-08-12
492,HSBC,Financial Services,Banks - Diversified,NYSE,1353681,103.21,119.43,-1,-5,-4.36,63.1,91.5,-0.6,0.8,6.0,20.4,83,84,80,84,64.1,0,0,0,0,0,0,355747513187.5107,3429552701.0,4.87,0.254,1528934,1512124,0,78.0,10.4,2026-08-12
493,MGA,Consumer Cyclical,Auto Parts,NYSE,1331095,70.27,119.41,1,-3,-2.35,60.1,92.7,0.1,1.9,4.7,19.0,83,82,78,90,65.7,0,0,0,0,0,0,18822696527.84116,267519846.0,0.027999999,0.033,1511016,1271221,1,78.9,7.0,2026-08-12
494,RXO,Industrials,Trucking,NYSE,1909322,21.48,119.38,-11,-29,-28.16,116.7,65.0,6.6,-6.3,-12.4,24.1,83,94,76,64,59.7,0,0,0,0,0,0,3578897103.42865,164926128.0,0.2566,0.25,2341617,2026061,1,73.4,25.0,2026-08-12
495,OBE,Energy,Oil & Gas E&P,NYSE ARCA,830001,10.64,119.36,-1,10,-27.07,88.6,54.7,3.4,4.5,7.3,20.5,83,84,95,85,74.0,0,0,0,0,0,0,661757760.6906738,66776768.0,9.83,0.417,795294,792656,1,84.5,3.7,2026-08-12
496,RGEN,Healthcare,Medical Instruments & Supplies,NASDAQ,1165457,164.77,119.36,26,-13,-6.26,61.1,90.5,6.4,11.9,18.1,18.4,83,57,18,40,55.0,0,0,0,0,0,0,9249797937.444304,56435621.0,0.1033,0.119,1085332,1142246,0,42.5,8.3,2026-08-12
497,AOSL,Technology,Semiconductors,NASDAQ,590332,34.84,119.26,1,12,-35.89,107.7,52.5,8.1,11.5,-6.3,23.9,83,82,93,40,50.9,0,0,0,0,0,0,1079859229.042694,29929578.0,0.120799996,-0.005,466926,738067,1,66.5,22.9,2026-08-12
498,WBD,Communication Services,Entertainment,NASDAQ,22162703,27.07,119.19,-3,2,-9.77,146.4,87.6,4.6,5.5,4.3,3.3,83,86,91,96,87.5,0,0,0,0,0,0,67141122601.07416,2507136702.0,0.025999999,-0.112,21256109,23132369,2,90.1,-3.3,2026-08-12
499,ASPN,Basic Materials,Specialty Chemicals,NYSE,1521899,6.14,119.12,5,9,-34.32,139.3,57.3,10.5,17.6,11.4,42.9,83,78,82,18,5.2,0,0,0,0,0,0,517984081.25,82877453.0,0.1174,-0.361,2543029,1519845,0,45.8,48.0,2026-08-12
500,SRRK,Healthcare,Biotechnology,NASDAQ,1099086,52.07,119.09,6,14,-10.98,92.8,86.3,8.0,7.4,7.4,18.5,83,77,85,84,67.2,0,0,0,0,0,0,6444876900.444489,121785282.0,0.184,,1095620,1373272,0,78.3,2.7,2026-08-12
501,SB,Industrials,Marine Shipping,NYSE,863078,7.33,119.08,-5,-4,-8.94,80.2,87.1,-2.6,-0.7,6.5,22.5,83,88,89,88,72.3,0,0,0,0,0,0,773934385.0884032,101833473.0,0.0617,0.33,754306,888839,0,84.3,7.8,2026-08-12
502,MFG,Financial Services,Banks - Regional,NYSE,3934672,10.44,118.97,-6,-19,-3.87,77.5,100.0,2.8,4.1,7.2,26.2,83,89,76,88,69.6,0,0,0,0,0,0,130471286155.96378,12182192875.0,0.0011,0.35,3649086,4005105,0,80.7,11.2,2026-08-12
503,SAN,Financial Services,Banks - Diversified,NYSE,10762269,14.71,118.91,3,-5,-1.47,58.2,100.0,2.0,5.4,9.1,22.2,83,80,72,87,61.6,0,0,0,0,0,0,209718788811.46497,14266584458.0,0.0074,,13905229,9811935,0,75.1,8.6,2026-08-12
504,HPQ,Technology,Computer Hardware,NYSE,14699383,29.07,118.85,12,-27,-3.29,60.9,93.5,2.7,8.1,15.9,30.1,83,71,32,16,22.1,0,0,0,0,0,0,27481406136.77456,914522690.0,0.1148,0.09,14990549,16572953,0,35.3,39.3,2026-08-12
505,BCRX,Healthcare,Drug Manufacturers - Specialty & Generic,NASDAQ,4088897,10.34,118.81,13,20,-7.84,69.7,89.3,12.0,12.3,12.7,27.0,83,70,77,27,37.1,0,0,0,0,0,0,2396919314.143672,255535105.0,0.1237,0.336,3712923,4738014,0,52.8,24.3,2026-08-12
506,SSRM,Basic Materials,Gold,NASDAQ,3201447,31.97,118.79,3,17,-12.46,102.2,83.6,11.6,17.4,15.0,21.0,83,80,94,94,80.7,0,0,0,0,0,0,6594066378.852812,207491071.0,0.0423,0.095,3667131,3344776,2,87.2,-4.5,2026-08-12
507,BRZE,Technology,Software - Application,NASDAQ,2237317,28.22,118.76,25,-8,-24.4,75.3,58.3,4.9,9.1,16.6,13.3,83,58,25,10,17.3,0,0,0,0,0,0,2989244598.3773727,112631669.0,0.1248,0.302,2064603,2455976,0,27.6,33.2,2026-08-12
508,FDMT,Healthcare,Biotechnology,NASDAQ,735397,11.47,118.76,-9,-14,-18.07,114.6,81.6,13.3,11.8,10.7,21.4,83,92,87,87,81.2,0,0,0,0,0,0,561969730.5,52276254.0,0.25129998,216.643,541063,854894,1,86.8,6.9,2026-08-12
509,SNDR,Industrials,Trucking,NYSE,910267,34.89,118.71,-4,-10,-11.15,76.5,83.7,0.7,-2.1,-2.3,20.8,83,87,81,74,55.6,0,0,0,0,0,0,6245971218.611561,175300899.0,0.1084,0.104,806102,991546,0,74.4,18.9,2026-08-12
510,VRNS,Technology,Software - Infrastructure,NASDAQ,2006104,42.11,118.6,-7,-76,-34.1,107.7,50.4,0.1,-4.9,3.6,29.6,83,90,21,12,2.8,0,0,0,0,0,0,4998728359.778957,114860485.0,0.0715,0.183,2017452,2140560,1,31.4,66.1,2026-08-12
511,IQV,Healthcare,Diagnostics & Research,NYSE,1438281,243.84,118.57,19,-6,-2.99,54.3,93.6,1.9,8.1,19.0,21.8,83,64,39,29,42.7,0,0,0,0,0,0,39290019497.68066,164600000.0,0.037100002,0.087,1450645,1518175,0,43.7,20.2,2026-08-12
512,SKWD,Financial Services,Insurance - Property & Casualty,NASDAQ,556911,61.66,118.54,7,-38,-6.13,45.7,77.4,-2.9,-1.1,6.9,23.1,83,76,31,27,31.4,0,0,0,0,0,0,2581376874.313431,40543065.0,0.055999998,0.53,473174,565486,0,41.3,36.6,2026-08-12
513,YETI,Consumer Cyclical,Leisure,NYSE,1087687,50.79,118.52,3,-21,-5.93,59.6,91.2,-0.8,-0.3,2.4,16.2,83,80,56,85,59.4,0,0,0,0,0,0,3951208170.149666,75693642.0,0.13939999,0.083,1159833,1210174,0,70.1,11.7,2026-08-12
514,KNX,Industrials,Trucking,NYSE,3868434,68.53,118.49,-5,-10,-17.29,83.1,74.4,2.2,-0.8,-4.8,16.6,83,88,83,81,69.9,0,0,0,0,0,0,11396174573.638916,162756000.0,0.0637,0.126,3629483,4159986,0,80.5,11.0,2026-08-12
515,WSBC,Financial Services,Banks - Regional,NASDAQ,986859,42.19,118.24,12,-9,-0.73,42.2,100.0,1.2,2.3,8.7,20.2,83,71,50,69,50.8,0,0,0,0,0,0,3998316380.703304,95905889.0,0.0735,0.035,761458,1465745,0,60.2,12.6,2026-08-12
516,HNI,Consumer Cyclical,"Furnishings, Fixtures & Appliances",NYSE,612597,49.52,118.21,46,23,-6.19,68.3,85.8,2.7,9.6,24.2,22.3,83,37,14,69,21.5,0,0,0,0,0,0,3587435515.070343,72181800.0,0.0584,1.207,696382,720348,0,35.4,3.7,2026-08-12
517,CBC,Financial Services,Banks - Regional,NASDAQ,660917,32.99,118.15,0,-15,-2.45,46.6,99.9,1.1,3.1,9.3,,82,82,67,54,,0,0,0,0,0,0,8034630706.177101,239768162.0,0.0691,0.137,703473,748256,0,67.7,,2026-08-12
518,CRCT,Technology,Computer Hardware,NASDAQ,677093,5.97,118.08,44,28,-13.85,57.2,69.0,9.7,18.7,27.5,29.2,82,38,22,32,12.7,0,0,0,0,0,0,1223155421.3986816,209444416.0,0.111099996,-0.092,1123281,638562,0,26.2,15.5,2026-08-12
519,FCX,Basic Materials,Copper,NYSE,14533818,68.87,118.06,13,28,-4.72,95.9,93.1,2.9,7.6,7.7,19.0,82,69,84,90,66.7,0,0,0,0,0,0,97468003845.21484,1400000000.0,0.02,-0.073,13656164,14775284,1,77.4,-4.6,2026-08-12
520,AMBP,Consumer Cyclical,Packaging & Containers,NYSE,2864145,5.05,117.95,18,-2,-7.0,52.4,92.1,2.3,4.5,10.9,19.6,82,64,44,86,42.4,0,0,0,0,0,0,3012439799.7593136,597706314.0,0.067,0.177,2143095,2543103,0,59.1,8.4,2026-08-12
521,HLX,Energy,Oil & Gas Equipment & Services,NYSE,1418904,10.19,117.95,1,5,-5.21,77.4,90.9,4.7,5.4,8.4,18.1,82,81,85,79,70.7,0,0,0,0,0,0,1414871547.4219418,147382447.0,0.0629,0.006,1643594,1504920,0,78.9,5.2,2026-08-12
522,NTRS,Financial Services,Asset Management,NASDAQ,1058446,187.78,117.94,-2,-7,-1.99,55.9,100.0,3.4,4.3,7.0,24.7,82,84,79,76,57.6,0,0,0,0,0,0,33938273631.5,182955653.0,0.020399999,0.364,1045848,1088057,0,74.2,15.3,2026-08-12
523,TRV,Financial Services,Insurance - Property & Casualty,NYSE,1929470,375.61,117.93,7,-8,-5.79,41.5,80.1,-2.0,-1.7,8.3,21.5,82,75,60,61,48.0,0,0,0,0,0,0,80157466195.60364,208575022.0,0.0353,0.003,1850212,2019270,0,61.0,17.8,2026-08-12
524,RY,Financial Services,Banks - Diversified,NYSE,1392508,210.26,117.86,-4,-12,-3.8,58.4,94.7,1.3,1.2,3.6,20.7,82,86,78,77,62.0,0,0,0,0,0,0,293329928216.3477,1389662335.0,4.98,0.161,1098515,1580615,0,75.7,14.6,2026-08-12
525,IOT,Technology,Software - Infrastructure,NYSE,5448819,40.32,117.84,11,-36,-15.06,62.2,72.0,2.3,6.0,11.4,17.1,82,71,24,14,24.2,0,0,0,0,0,0,23821188774.56152,582710082.0,0.1263,0.305,5382157,6418953,0,33.3,39.5,2026-08-12
526,KGS,Energy,Oil & Gas Equipment & Services,NYSE,1727124,61.1,117.82,-12,-12,-21.34,88.3,67.2,5.6,1.5,-5.8,15.8,82,94,94,86,76.1,0,0,0,0,0,0,6045043102.590042,100918914.0,0.0947,0.211,1763882,1833970,2,87.5,10.5,2026-08-12
527,FDX,Industrials,Integrated Freight & Logistics,NYSE,1614777,322.43,117.82,-3,-6,-6.64,80.9,92.4,3.5,3.8,2.3,16.2,82,85,82,89,73.2,0,0,0,0,0,0,75367670793.93237,236581188.0,0.0249,0.125,1489173,1952324,0,82.3,5.4,2026-08-12
528,BBY,Consumer Cyclical,Specialty Retail,NYSE,3482390,83.28,117.77,0,-59,-8.75,49.5,79.3,-1.3,-2.8,3.3,17.0,82,82,23,28,28.4,0,0,0,0,0,0,17282904332.0,210767126.0,0.09729999,0.019,3561222,3778606,0,40.4,43.5,2026-08-12
529,HPK,Energy,Oil & Gas E&P,NASDAQ,500598,8.26,117.77,5,-11,-7.88,85.3,73.1,2.7,0.1,-1.0,17.5,82,77,61,16,3.1,0,0,0,0,0,0,909778324.6991044,126358104.0,0.4389,-0.207,578466,603227,0,39.3,50.8,2026-08-12
530,WSM,Consumer Cyclical,Specialty Retail,NYSE,944356,250.59,117.73,10,-34,-0.95,45.4,92.0,0.3,3.9,7.8,22.1,82,72,28,63,30.3,0,0,0,0,0,0,29646241573.846344,117746611.0,0.0545,0.044,903228,1070293,0,48.3,27.1,2026-08-12
531,IAG,Basic Materials,Gold,NYSE,5364526,18.16,117.71,17,43,-26.98,127.0,60.9,10.7,17.4,14.2,5.3,82,65,91,97,85.6,0,0,0,0,0,0,10460719825.744629,571000000.0,1.0,0.475,6565750,5628212,2,84.7,-19.3,2026-08-12
532,CAT,Industrials,Farm & Heavy Construction Machinery,NYSE,3089624,843.37,117.64,-10,-9,-21.43,109.8,68.1,1.4,-0.0,-6.5,13.9,82,92,93,93,80.9,0,0,0,0,0,0,387133595889.1632,459674889.0,0.0195,0.24,3417324,3381428,3,89.7,5.2,2026-08-12
533,CFFN,Financial Services,Banks - Regional,NASDAQ,823868,8.81,117.41,1,-6,-4.86,47.5,90.2,-0.7,0.9,4.9,19.2,82,81,74,79,57.3,0,0,0,0,0,0,1095614822.5997255,123380046.0,0.069,0.183,977896,831563,0,72.8,13.0,2026-08-12
534,PD,Technology,Software - Application,NYSE,1513721,11.87,117.37,6,-59,-31.35,98.3,49.2,2.0,8.5,15.3,15.0,82,76,11,6,1.7,0,0,0,0,0,0,896031500.5966301,76649404.0,0.1117,0.01,1232783,1826284,0,23.7,57.6,2026-08-12
535,TPR,Consumer Cyclical,Luxury Goods,NYSE,2257285,160.54,117.36,23,36,-2.07,60.7,84.0,-2.6,1.7,4.8,12.5,82,59,72,92,50.1,0,0,0,0,0,0,32803979888.358307,202044714.0,0.098900005,0.212,2172525,2555515,1,68.3,-3.5,2026-08-12
536,CENX,Basic Materials,Aluminum,NASDAQ,1998963,52.29,117.35,4,22,-25.76,122.1,56.2,0.7,4.8,-2.7,0.0,82,78,96,97,81.8,0,0,0,0,0,0,5071426457.534466,98993295.0,0.1423,0.197,2283461,2234498,2,88.2,-7.5,2026-08-12
537,ING,Financial Services,Banks - Diversified,NYSE,2503062,35.35,117.32,2,-3,-2.46,50.5,97.5,0.6,4.4,10.0,23.0,82,80,75,80,54.4,0,0,0,0,0,0,101958075137.34096,2857569346.0,0.00029999999,0.111,2772477,3471227,0,72.3,13.3,2026-08-12
538,WCC,Industrials,Industrial Distribution,NYSE,757790,366.17,117.28,-3,1,-4.98,76.8,94.1,0.5,5.6,5.8,20.9,82,85,89,86,72.5,0,0,0,0,0,0,17726087838.053223,48732854.0,0.029000001,0.13,696162,670544,0,83.1,5.7,2026-08-12
539,IDYA,Healthcare,Biotechnology,NASDAQ,910066,36.84,117.22,3,-8,-9.22,61.8,79.9,2.1,2.4,7.2,12.0,82,79,68,77,62.0,0,0,0,0,0,0,3564093214.111107,96274802.0,0.1155,,714558,1178433,0,71.5,10.0,2026-08-12
540,TXN,Technology,Semiconductors,NASDAQ,7808309,281.24,117.11,-9,-11,-15.8,80.4,68.9,-0.8,-1.7,-5.7,19.9,82,91,89,79,56.5,0,0,0,0,0,0,261261885748.03265,913247686.0,0.019199999,0.228,7188237,8903629,1,78.9,19.8,2026-08-12
541,TSM,Technology,Semiconductors,NYSE,14476827,422.06,117.04,-4,-2,-11.89,88.8,80.7,3.3,4.7,0.8,18.5,82,86,88,90,71.4,0,0,0,0,0,0,2178526588738.5352,5186474013.0,0.0069,0.36,13176731,14473534,1,83.9,6.3,2026-08-12
542,ADVB,Healthcare,Diagnostics & Research,NASDAQ,3540618,7.77,117.0,70,67,-67.93,104.9,25.5,-3.4,-19.5,15.2,21.6,82,12,9,4,10.9,0,0,0,0,0,0,10524087.020928385,1652133.0,0.0121,,158904,2134838,0,9.0,2.5,2026-08-12
543,CGNX,Technology,Scientific & Technical Instruments,NASDAQ,2246635,62.9,116.88,-8,-10,-13.69,74.3,68.8,-8.0,-5.3,-6.4,17.1,82,90,88,91,56.2,0,0,0,0,0,0,11252492688.704315,168223842.0,0.056399997,0.169,2459095,2247701,2,81.3,16.9,2026-08-12
544,SAIL,Technology,Software - Infrastructure,NASDAQ,3773384,19.06,116.86,43,20,-20.58,78.6,62.7,4.7,13.0,19.8,16.0,82,39,16,22,12.0,0,0,0,0,0,0,10583634637.474745,567182997.0,0.2758,0.216,3185083,4701934,0,22.3,19.2,2026-08-12
545,VOYA,Financial Services,Financial Conglomerates,NYSE,1019586,98.22,116.83,-3,-20,-5.42,51.9,94.4,-0.7,-0.0,5.3,25.9,82,85,68,55,47.8,0,0,0,0,0,0,9193564479.345818,90666315.0,0.0001,-0.043,1072799,1155137,0,64.0,26.3,2026-08-12
546,ZYME,Healthcare,Biotechnology,NASDAQ,501716,24.32,116.83,6,15,-18.25,100.4,77.5,8.1,6.9,3.9,3.2,82,76,85,85,80.1,0,0,0,0,0,0,1670380598.1051254,70959241.0,0.0833,-0.911,495198,601149,0,81.5,-4.7,2026-08-12
547,OC,Industrials,Building Products & Equipment,NYSE,1043076,158.92,116.82,14,-21,-0.62,58.6,95.0,4.3,7.2,13.0,27.6,82,68,33,54,17.5,0,0,0,0,0,0,12418548581.774872,79048683.0,0.0497,0.003,993369,1153483,0,43.1,31.5,2026-08-12
548,DRH,Real Estate,REIT - Hotel & Motel,NASDAQ,2666879,12.01,116.8,-4,-15,-12.91,63.1,80.4,-4.2,-4.3,-0.3,19.6,82,86,75,72,62.9,0,0,0,0,0,0,2563709128.294389,204605681.0,0.090500005,0.041,3174657,2494049,0,74.0,15.5,2026-08-12
549,UGP,Energy,Oil & Gas Refining & Marketing,NYSE,4089000,5.96,116.77,-5,-4,-9.56,85.7,79.2,-6.2,-6.9,4.6,16.4,81,86,87,88,77.2,0,0,0,0,0,0,6541185780.803118,1068821226.0,0.0014,0.103,2935221,3622210,0,84.5,3.9,2026-08-12
550,VRT,Industrials,Electrical Equipment & Parts,NYSE,5973518,281.81,116.77,-11,-7,-25.83,136.7,65.5,8.1,4.4,-3.4,15.2,81,92,96,94,79.9,0,0,0,0,0,0,104870775975.41869,384988173.0,0.0292,0.241,8340705,6459991,3,90.5,5.3,2026-08-12
551,POWL,Industrials,Electrical Equipment & Parts,NASDAQ,805451,208.38,116.72,-15,-13,-36.47,153.1,52.4,-1.0,-4.7,-17.5,6.9,81,96,98,97,85.2,0,0,1,0,0,1,7707673150.893311,36432564.0,0.09729999,0.089,891393,801146,3,94.1,5.0,2026-08-12
552,MCHB,Financial Services,Banks - Regional,NASDAQ,655887,17.17,116.71,6,-6,-0.12,34.2,100.0,2.5,4.7,8.6,15.2,81,75,63,75,43.8,0,0,0,0,0,0,3684519669.012619,221425469.0,0.0858,0.363,578781,603434,0,64.2,16.8,2026-08-12
553,SGMT,Healthcare,Biotechnology,NASDAQ,1102866,9.52,116.71,10,23,-5.39,106.4,96.2,11.2,19.6,27.2,41.6,81,71,84,37,15.1,0,0,0,0,0,0,559471397.3320894,61751807.0,0.16059999,,1416100,1210218,0,51.8,33.5,2026-08-12
554,MUFG,Financial Services,Banks - Diversified,NYSE,3319974,22.12,116.71,-5,-23,-4.86,55.7,96.0,1.7,2.0,7.1,24.9,81,86,68,81,60.3,0,0,0,0,0,0,253616859764.00876,11276872492.0,0.0007,0.288,3250333,3263204,0,73.8,15.6,2026-08-12
555,APH,Technology,Electronic Components,NYSE,7067312,167.23,116.62,5,-11,-6.32,56.4,90.6,1.6,6.4,7.0,18.2,81,76,60,88,58.6,0,0,0,0,0,0,208596132224.61945,1232983457.0,0.0150999995,0.55,7466438,8049029,0,70.7,7.9,2026-08-12
556,EFXT,Energy,Oil & Gas Equipment & Services,NYSE,526404,20.82,116.58,-14,-13,-28.58,133.6,63.7,0.1,-4.0,-9.1,6.0,81,95,96,95,85.2,0,0,0,0,0,0,2436456290.084366,122066954.0,2.53,-0.054,721663,507294,3,92.8,4.8,2026-08-12
557,TRGP,Energy,Oil & Gas Midstream,NYSE,1230901,265.45,116.57,-9,-13,-8.79,83.6,87.9,1.3,-0.9,-0.2,18.3,81,90,86,81,63.6,0,0,0,0,0,0,55080895317.24353,214431021.0,0.0227,0.042,1203055,1211183,1,80.2,15.4,2026-08-12
558,ESTA,Healthcare,Medical Devices,NASDAQ,558244,74.28,116.56,-11,-21,-23.89,124.8,67.6,-12.5,-15.5,-12.1,5.1,81,92,82,92,82.4,0,0,0,0,0,0,2278500739.9113464,29430390.0,0.191,0.317,669224,660978,2,87.1,5.8,2026-08-12
559,ECHO,Communication Services,Telecom Services,NASDAQ,5295538,87.98,116.51,-2,13,-40.25,236.5,56.9,4.9,4.0,-7.4,-13.0,81,83,98,99,93.7,0,0,1,1,0,2,26155783614.272182,290490708.0,0.2762,-0.04,5411346,8780915,3,93.4,-10.0,2026-08-12
560,CZR,Consumer Cyclical,Resorts & Casinos,NASDAQ,3634307,29.74,116.41,12,21,-3.69,63.3,93.6,-0.9,-1.0,-0.4,15.5,81,69,78,24,31.2,0,0,0,0,0,0,6142169138.086845,203720372.0,0.1191,0.03,3504443,4944230,0,50.5,27.0,2026-08-12
561,LIVN,Healthcare,Medical Devices,NASDAQ,647614,78.58,116.36,-6,-14,-8.37,63.0,87.3,1.3,1.2,1.5,19.9,81,87,79,82,65.8,0,0,0,0,0,0,4187034333.4175415,54933538.0,0.0855,0.108,827532,731756,0,78.5,12.4,2026-08-12
562,CFG,Financial Services,Banks - Regional,NYSE,4513379,72.99,116.35,1,-8,-2.29,57.5,98.2,1.8,2.1,6.1,18.8,81,80,71,85,60.0,0,0,0,0,0,0,30606916412.762268,421176788.0,0.0001,0.147,3165378,4578055,0,74.0,9.9,2026-08-12
563,LGN,Industrials,Engineering & Construction,NASDAQ,1425684,64.97,116.28,-12,-9,-39.42,131.1,53.7,8.2,3.3,-8.8,13.3,81,93,96,84,,0,0,0,0,0,0,10567676728.46808,164247394.0,0.0877,1.051,1284482,1448814,2,91.0,,2026-08-12
564,CHRD,Energy,Oil & Gas E&P,NASDAQ,810529,139.23,116.25,10,26,-8.37,61.9,81.3,0.9,2.3,6.8,18.3,81,71,87,56,46.7,0,0,0,0,0,0,7394898030.672943,56299183.0,0.0762,0.841,852697,826113,0,65.2,13.6,2026-08-12
565,LXP,Real Estate,REIT - Industrial,NYSE,806414,60.66,116.18,6,5,-1.54,49.9,97.8,0.2,0.4,7.5,18.9,81,75,74,63,56.7,0,0,0,0,0,0,3570451988.805481,58957264.0,0.0001,0.004,815263,722394,0,67.2,11.7,2026-08-12
566,TYRA,Healthcare,Biotechnology,NASDAQ,668028,25.18,116.12,-13,-11,-38.06,150.5,51.5,-13.2,-16.3,-15.4,-13.8,81,94,96,97,86.2,0,0,0,0,0,0,1576559813.92169,59470381.0,0.3087,,847436,879865,3,93.3,3.1,2026-08-12
567,CNO,Financial Services,Insurance - Life,NYSE,728554,54.63,116.06,0,-10,-5.14,44.3,92.2,-1.3,0.4,4.1,21.0,81,81,71,59,53.5,0,0,0,0,0,0,5103478810.242359,92521371.0,0.0002,0.116,709093,813816,0,66.1,19.2,2026-08-12
568,ATEN,Technology,Software - Infrastructure,NYSE,1325786,27.17,116.02,-14,-21,-29.41,66.1,50.7,-5.2,-14.1,-17.5,14.2,81,95,88,62,60.9,0,0,0,0,0,0,1948826134.719257,72609021.0,0.1354,0.155,1687109,1349685,1,76.5,24.3,2026-08-12
569,ACAD,Healthcare,Biotechnology,NASDAQ,1675557,29.41,116.01,14,-3,-0.24,46.8,100.0,5.2,10.3,18.9,23.1,81,67,50,44,25.9,0,0,0,0,0,0,5033044023.029587,172305518.0,0.1022,0.164,2181162,1672018,0,46.7,26.9,2026-08-12
570,UBS,Financial Services,Banks - Diversified,NYSE,1780298,53.69,116.0,-3,-12,-2.65,48.1,93.9,1.3,2.0,5.8,21.1,81,84,75,70,44.9,0,0,0,0,0,0,176214800114.95288,3277805164.0,0.0019,0.146,1827294,1949012,0,68.5,23.3,2026-08-12
571,GEV,Industrials,Specialty Industrial Machinery,NYSE,2723050,1011.88,116.0,-9,-6,-15.39,89.8,78.5,3.5,3.1,1.6,21.9,81,90,93,91,61.8,0,0,0,0,0,0,263755473886.6054,266333581.0,0.038,0.219,2255080,2937364,3,84.0,13.6,2026-08-12
572,MD,Healthcare,Medical Care Facilities,NYSE,817132,26.14,115.99,-2,-6,-6.44,80.0,93.0,1.0,1.2,5.2,17.9,81,83,79,75,74.9,0,0,0,0,0,0,2200338572.4808674,81253271.0,0.0849,0.04,912187,812649,0,78.0,6.0,2026-08-12
573,AXON,Industrials,Aerospace & Defense,NASDAQ,1016458,636.31,115.98,27,-12,-24.62,73.4,57.0,3.9,9.5,15.2,17.4,81,54,15,14,1.6,0,0,0,0,0,0,46387377132.48413,81237415.0,0.0547,0.353,1167126,1078329,0,21.2,38.1,2026-08-12
574,SMFG,Financial Services,Banks - Diversified,NYSE,1796029,25.15,115.98,-7,-23,-5.7,71.4,96.0,2.1,1.8,4.9,22.2,81,88,72,85,66.0,0,0,0,0,0,0,163534832230.9171,6353334642.0,0.0019,0.248,1752788,1905759,0,77.7,13.2,2026-08-12
575,HXL,Industrials,Aerospace & Defense,NYSE,1073979,100.51,115.91,-6,-12,-10.05,68.5,83.9,-0.3,-2.5,2.3,18.3,81,87,81,84,68.0,0,0,0,0,0,0,7821733663.438446,75623452.0,0.0637,0.08,1059859,1038917,0,80.0,10.7,2026-08-12
576,NTCT,Technology,Software - Infrastructure,NASDAQ,575193,38.6,115.88,-11,-16,-14.75,76.4,76.2,-1.3,-1.8,-3.9,19.3,81,92,87,71,72.9,0,0,0,0,0,0,2794868973.4317017,72707312.0,0.0553,0.127,584919,652939,1,80.7,14.2,2026-08-12
577,DHT,Energy,Oil & Gas Midstream,NYSE,2876711,18.2,115.84,-6,-10,-11.44,74.6,86.6,1.7,2.3,4.9,16.1,81,87,83,84,67.0,0,0,0,0,0,0,3021141146.979505,161041637.0,0.0708,0.955,3009634,3212992,0,80.2,11.0,2026-08-12
578,HOPE,Financial Services,Banks - Regional,NASDAQ,1084695,14.24,115.79,8,0,-1.66,45.3,98.7,1.2,2.6,6.1,19.0,81,73,65,71,50.7,0,0,0,0,0,0,1787108256.402214,127741836.0,0.0621,0.795,1123977,1122781,0,64.9,12.3,2026-08-12
579,ADI,Technology,Semiconductors,NASDAQ,4000282,385.3,115.77,-6,-3,-13.59,70.7,72.3,1.8,2.3,-2.3,14.2,81,87,90,89,68.8,0,0,0,0,0,0,189929845939.668,487087040.0,0.024,0.372,3826836,4656529,1,83.7,8.4,2026-08-12
580,TBBB,Consumer Defensive,Discount Stores,NYSE,523065,41.44,115.73,-4,-21,-7.04,75.4,97.1,2.1,3.5,3.1,17.5,81,85,68,83,62.7,0,0,0,0,0,0,4918961128.017902,120562775.0,0.0533,0.334,451467,619297,0,74.7,13.2,2026-08-12
581,POWI,Technology,Semiconductors,NASDAQ,731404,63.27,115.61,-11,-13,-30.61,106.5,58.3,2.8,-1.3,-12.0,16.1,80,91,89,59,52.2,0,0,0,0,0,0,3608856113.205872,55873298.0,0.13939999,0.027,690882,895250,1,72.8,26.0,2026-08-12
582,PRG,Industrials,Rental & Leasing Services,NYSE,535896,41.62,115.56,-10,-36,-12.8,57.5,70.5,-5.4,-6.7,-2.2,20.6,80,90,64,69,35.9,0,0,0,0,0,0,1706785413.2717514,39831633.0,0.104399994,0.223,672519,564631,1,64.7,33.9,2026-08-12
583,WST,Healthcare,Medical Instruments & Supplies,NYSE,762571,351.37,115.54,-6,-16,-8.97,52.5,90.0,1.0,1.1,2.5,22.4,80,86,76,50,53.5,0,0,0,0,0,0,24917946566.78748,70375762.0,0.0392,0.138,601053,780326,0,66.4,24.4,2026-08-12
584,CM,Financial Services,Banks - Diversified,NYSE,1084827,118.96,115.52,-4,-5,-2.89,66.5,99.3,1.7,1.9,4.6,19.2,80,84,83,80,66.3,0,0,0,0,0,0,108349437218.1534,912800674.0,6.39,0.153,769422,1351556,0,78.3,9.8,2026-08-12
585,VIRT,Financial Services,Capital Markets,NYSE,1133756,55.08,115.47,-9,-13,-19.02,76.3,71.7,-0.6,-1.5,-2.6,26.5,80,89,85,52,42.7,0,0,0,0,0,0,4931592731.563858,88300678.0,0.0581,0.291,1036389,1242099,0,67.2,30.9,2026-08-12
586,CAH,Healthcare,Medical Distribution,NYSE,2213818,240.26,115.47,2,-16,-1.88,60.3,93.5,-0.4,1.2,2.8,10.5,80,78,60,84,55.2,0,0,0,0,0,0,55366262692.520905,234205855.0,0.033299997,0.11,2154944,2316238,0,69.3,12.0,2026-08-12
587,ST,Technology,Scientific & Technical Instruments,NYSE,1674991,46.23,115.46,-3,1,-14.21,61.8,70.4,-1.5,-0.3,-2.8,17.5,80,83,87,77,60.3,0,0,0,0,0,0,6792158413.055878,145535862.0,0.059899997,0.05,1804833,1868342,0,76.8,12.2,2026-08-12
588,AMGN,Healthcare,Drug Manufacturers - General,NASDAQ,2500599,414.3,115.34,15,9,-0.98,53.5,99.3,3.7,7.4,13.4,19.5,80,65,59,76,52.6,0,0,0,0,0,0,221793121788.53577,539708274.0,0.0238,0.095,2902177,2776365,0,63.1,4.6,2026-08-12
589,CRI,Consumer Cyclical,Apparel Retail,NYSE,994235,39.74,115.31,8,-19,-10.58,57.0,72.8,-1.2,0.0,-2.1,8.1,80,72,45,76,64.4,0,0,0,0,0,0,1466978918.9899063,36711185.0,0.1225,0.052,1324535,972891,0,64.3,5.7,2026-08-12
590,CNQ,Energy,Oil & Gas E&P,NYSE,7347528,47.61,115.26,6,16,-7.27,62.3,86.0,2.2,3.9,8.3,16.0,80,74,84,81,61.5,0,0,0,0,0,0,93818861539.8407,2061500000.0,4.42,0.695,6145695,8417371,0,75.1,3.8,2026-08-12
591,NOK,Technology,Communication Equipment,NYSE,86387020,9.44,115.26,-14,-11,-45.9,149.9,48.7,8.9,7.7,-13.9,10.7,80,94,97,84,87.3,0,0,0,0,0,0,52252517923.949,5582534171.0,0.009,0.084,72765450,101185836,2,90.6,5.0,2026-08-12
592,OUT,Real Estate,REIT - Specialty,NYSE,1672470,29.92,115.25,-10,-10,-14.42,77.9,77.3,-4.6,-6.1,-6.1,9.2,80,90,90,82,72.6,0,0,0,0,0,0,5497181022.4533615,176135251.0,0.0583,0.135,2269801,1889010,2,83.6,10.3,2026-08-12
593,VVX,Industrials,Aerospace & Defense,NYSE,754229,80.54,115.13,3,0,-14.3,56.2,75.9,-3.0,-1.1,0.4,18.7,80,77,74,82,62.6,0,0,0,0,0,0,2645861783.5701294,31345358.0,0.0563,0.165,849108,709231,0,73.9,6.5,2026-08-12
594,ARQT,Healthcare,Biotechnology,NASDAQ,1505638,26.23,115.13,3,-10,-17.44,78.3,70.1,-0.5,-3.2,0.5,3.0,80,77,64,89,74.5,0,0,0,0,0,0,3178749808.764427,125691961.0,0.1157,0.593,1860025,1673661,0,76.1,0.2,2026-08-12
595,WAB,Industrials,Railroads,NYSE,982683,298.04,115.11,12,20,-2.8,59.2,91.5,0.2,2.2,7.5,19.8,80,68,76,80,58.3,0,0,0,0,0,0,49289875017.92999,168910851.0,0.025899999,0.175,912311,930544,0,70.6,1.6,2026-08-12
596,MSM,Industrials,Industrial Distribution,NYSE,791642,120.06,115.07,-7,-18,-7.97,47.3,83.0,-3.0,-3.8,-1.1,20.7,80,87,76,62,48.5,0,0,0,0,0,0,6864626847.902374,55846298.0,0.0512,0.078,617588,779329,0,68.4,25.3,2026-08-12
597,FLYW,Technology,Software - Infrastructure,NASDAQ,2244225,17.47,115.06,-7,-10,-7.96,64.1,83.8,1.4,1.3,4.7,22.2,80,87,84,22,55.0,0,0,0,0,0,0,2163251327.262562,121667674.0,0.111499995,0.272,2708817,2395231,0,62.0,29.3,2026-08-12
598,UNH,Healthcare,Healthcare Plans,NYSE,5232838,402.19,115.0,-4,-6,-12.87,56.6,82.7,-1.1,-2.8,-2.1,17.0,80,84,82,25,62.9,0,0,0,0,0,0,369687411785.99817,908144404.0,0.021300001,0.004,4208216,6051625,0,63.5,22.5,2026-08-12
599,AMKR,Technology,Semiconductor Equipment & Materials,NASDAQ,5651276,54.3,114.98,-16,-16,-43.84,141.7,46.2,4.7,-1.8,-19.0,1.7,80,96,96,95,85.8,0,0,0,0,0,0,13731968241.172516,248452472.0,0.142,0.256,5546789,6024189,3,93.2,5.3,2026-08-12
600,UAL,Industrials,Airlines,NASDAQ,4201205,126.31,114.94,4,-33,-8.98,46.8,78.4,-1.7,1.9,2.8,17.3,80,76,39,77,47.9,0,0,0,0,0,0,42051253167.27344,324569728.0,0.0677,0.16,3149535,4818463,0,60.0,17.5,2026-08-12
601,SBLK,Industrials,Marine Shipping,NASDAQ,1258958,27.67,114.89,-5,-7,-6.2,66.1,89.8,-1.9,1.0,4.0,18.8,80,85,83,85,56.6,0,0,0,0,0,0,3223243718.854328,111530926.0,0.0112,0.445,1394946,1281097,0,77.4,14.4,2026-08-12
602,MAC,Real Estate,REIT - Retail,NYSE,3408127,24.53,114.84,-5,-10,-8.06,52.2,82.0,-1.2,-2.9,-0.9,19.1,80,85,80,63,54.8,0,0,0,0,0,0,6918848641.830683,283559375.0,0.111099996,0.012,5442813,3903284,0,70.7,20.0,2026-08-12
603,GRAL,Healthcare,Diagnostics & Research,NASDAQ,609064,75.48,114.79,-2,-14,-36.49,119.4,44.3,-1.1,-1.3,3.0,-6.7,80,82,70,96,81.1,0,0,0,0,0,0,3103410088.2615814,44666234.0,0.1832,0.257,853422,712000,1,82.3,-1.1,2026-08-12
604,XHR,Real Estate,REIT - Hotel & Motel,NYSE,708021,18.65,114.76,-8,-23,-15.46,52.8,68.3,-6.3,-8.9,-5.9,15.8,80,88,73,71,56.3,0,0,0,0,0,0,1790491643.2744026,92245835.0,0.0678,0.028,874393,861154,0,72.1,20.7,2026-08-12
605,PFG,Financial Services,Asset Management,NASDAQ,1507493,113.03,114.73,-3,-11,-3.07,47.3,95.7,-0.4,0.9,2.9,18.1,80,83,75,66,55.3,0,0,0,0,0,0,24279466616.097755,214104641.0,0.0462,0.064,1443001,1476984,0,69.8,18.0,2026-08-12
606,BNS,Financial Services,Banks - Diversified,NYSE,2631524,88.86,114.7,-4,-13,-1.78,60.1,100.0,2.1,2.6,4.7,18.5,80,84,75,81,63.3,0,0,0,0,0,0,108316454193.21095,1219093484.0,3.55,0.126,2265583,2688076,0,75.8,11.8,2026-08-12
607,RTX,Industrials,Aerospace & Defense,NYSE,4903504,223.86,114.68,19,15,-0.79,46.8,98.1,1.1,4.9,12.7,17.2,80,61,57,83,51.2,0,0,0,0,0,0,300590497211.1074,1347758144.0,0.0127,0.145,4773223,5155986,0,63.1,0.9,2026-08-12
608,VOR,Healthcare,Biotechnology,NASDAQ,1137407,23.59,114.68,48,108,-53.01,225.7,37.0,0.9,9.1,25.3,46.0,80,32,92,86,0.3,0,0,0,0,0,0,1282576398.9240437,54185737.0,0.1609,,790931,1255464,1,52.6,-0.9,2026-08-12
609,NOV,Energy,Oil & Gas Equipment & Services,NYSE,3494840,21.02,114.63,1,4,-2.46,72.1,94.2,4.6,4.8,6.4,13.3,80,79,82,87,70.8,0,0,0,0,0,0,7004795020.264387,356478125.0,0.13340001,-0.025,3688471,3958718,0,79.7,2.2,2026-08-12
610,BUSE,Financial Services,Banks - Regional,NASDAQ,865141,31.08,114.62,5,-6,-1.96,41.0,96.7,0.4,2.3,6.1,19.4,80,75,64,68,47.7,0,0,0,0,0,0,2558234059.0792694,82576956.0,0.0454,-0.009,846145,884939,0,63.7,16.2,2026-08-12
611,APLE,Real Estate,REIT - Hotel & Motel,NYSE,3102143,15.57,114.58,-7,-20,-9.9,40.8,77.3,-3.6,-5.1,-3.9,17.9,80,87,74,47,42.4,0,0,0,0,0,0,3819818125.686722,236082698.0,0.0951,0.047,3765650,3163948,0,62.6,31.6,2026-08-12
612,SLF,Financial Services,Insurance - Diversified,NYSE,590060,80.6,114.55,1,-9,-4.48,39.3,85.5,-2.1,-2.1,1.4,17.8,80,79,69,63,48.9,0,0,0,0,0,0,45356754999.2124,553738896.0,5.09,0.075,721961,591562,0,65.0,19.2,2026-08-12
613,EGY,Energy,Oil & Gas E&P,NYSE,1219968,5.79,114.48,-2,4,-13.84,69.7,71.2,5.5,6.1,7.0,14.9,79,81,87,82,61.4,0,0,0,0,0,0,593917475.1109486,107012154.0,0.0722,0.395,1195486,1322497,0,77.9,9.0,2026-08-12
614,GM,Consumer Cyclical,Auto Manufacturers,NYSE,6813296,89.35,114.4,12,18,-2.72,60.2,90.2,-1.5,1.9,6.3,10.6,79,67,73,87,62.6,0,0,0,0,0,0,79211867616.88023,904451541.0,0.0279,0.019,5387890,7779736,0,72.4,-2.4,2026-08-12
615,MATV,Basic Materials,Specialty Chemicals,NYSE,558963,12.8,114.33,55,53,-17.31,73.1,67.4,16.0,31.7,47.7,20.8,79,24,22,89,40.3,0,0,0,0,0,0,710554875.4854965,55124504.0,0.0251,0.012,757059,564581,0,43.8,-21.0,2026-08-12
616,SBH,Consumer Cyclical,Specialty Retail,NYSE,1419919,16.84,114.32,21,-9,-6.03,40.2,91.7,2.3,6.4,14.6,13.2,79,58,28,82,47.6,0,0,0,0,0,0,1575663167.217186,93622292.0,0.3013,0.002,1670619,1507877,0,53.9,3.4,2026-08-12
617,KYTX,Healthcare,Biotechnology,NASDAQ,999010,8.02,114.29,13,44,-41.33,166.6,61.1,5.3,6.4,0.2,-3.0,79,66,97,96,86.9,0,0,0,0,0,0,483929889.8391533,60795212.0,0.152,,633192,1058880,2,86.5,-19.5,2026-08-12
618,ACA,Industrials,Engineering & Construction,NYSE,726183,144.91,114.17,-8,-19,-1.37,62.7,99.4,-0.0,0.0,3.6,21.8,79,87,76,78,57.0,0,0,0,0,0,0,7112630035.725494,49106809.0,0.024300002,0.017,638261,806678,0,74.5,17.9,2026-08-12
619,EBC,Financial Services,Banks - Regional,NASDAQ,2689740,23.13,114.11,4,-9,-2.61,53.0,97.6,1.1,1.4,6.5,16.3,79,75,62,78,58.1,0,0,0,0,0,0,5228076034.927368,228900000.0,0.084300004,0.276,2620920,3680882,0,68.3,9.2,2026-08-12
620,JNJ,Healthcare,Drug Manufacturers - General,NYSE,7773195,259.8,114.04,-1,-6,-5.49,51.0,93.2,1.2,1.2,4.4,13.9,79,80,75,86,56.4,0,0,0,0,0,0,624742088752.114,2409898597.0,0.0127,0.066,6917015,8266985,0,74.3,11.1,2026-08-12
621,VLY,Financial Services,Banks - Regional,NASDAQ,6710329,14.77,114.02,-3,-12,-2.83,54.2,95.3,2.2,2.2,3.2,16.1,79,82,73,83,62.3,0,0,0,0,0,0,8040406143.701082,552605226.0,0.105399996,0.15,6163208,6888085,0,75.1,10.5,2026-08-12
622,JXN,Financial Services,Insurance - Life,NYSE,634645,129.16,114.01,2,-7,-6.4,44.2,91.1,1.8,4.1,13.3,19.6,79,77,68,79,51.7,0,0,0,0,0,0,8802028024.961792,67728744.0,0.0552,,628017,656983,0,68.9,13.2,2026-08-12
623,DBX,Technology,Software - Infrastructure,NASDAQ,3959637,34.08,113.97,7,-29,-4.59,52.4,89.4,-0.5,5.4,14.6,23.6,79,72,36,23,32.5,0,0,0,0,0,0,8121195912.079685,233300649.0,0.2904,0.009,4772271,4042480,0,40.9,33.1,2026-08-12
624,COCO,Consumer Defensive,Beverages - Non-Alcoholic,NASDAQ,1201206,64.46,113.94,-13,-12,-24.9,105.3,66.0,2.4,-2.7,-8.5,12.2,79,92,93,77,79.6,0,0,0,0,0,0,3602043524.25,57864153.0,0.117,0.281,998109,1162509,2,85.4,9.1,2026-08-12
625,ALL,Financial Services,Insurance - Property & Casualty,NYSE,1719328,262.23,113.93,3,-15,-5.41,34.7,77.4,-3.4,-2.0,5.0,18.1,79,76,58,47,31.6,0,0,0,0,0,0,67513072650.0,252857950.0,0.0005,0.118,1843166,1789949,0,53.2,29.8,2026-08-12
626,BMRN,Healthcare,Biotechnology,NASDAQ,1931923,69.55,113.88,25,2,4.93,41.4,100.0,10.6,13.9,19.1,23.8,79,54,31,54,31.5,0,0,0,0,0,0,12351941827.623104,193573759.0,0.0743,0.199,2680581,2052928,0,42.6,13.6,2026-08-12
627,VCYT,Healthcare,Diagnostics & Research,NASDAQ,1231517,46.41,113.85,-14,-38,-23.81,59.6,51.4,-7.6,-15.9,-16.3,5.7,79,93,69,51,64.8,0,0,0,0,0,0,3796050415.953217,80390731.0,0.099,0.155,1675622,1362430,1,69.5,24.9,2026-08-12
628,DGX,Healthcare,Diagnostics & Research,NYSE,1011229,237.5,113.83,12,-11,-1.1,37.1,98.9,0.8,4.2,11.3,21.3,79,67,44,64,41.1,0,0,0,0,0,0,26307491029.665527,110373360.0,0.0319,0.102,789909,960635,0,54.0,15.9,2026-08-12
629,AXTA,Basic Materials,Specialty Chemicals,NYSE,1541993,37.28,113.78,18,-15,-3.44,46.5,92.9,1.0,6.9,10.1,19.7,79,61,28,64,39.4,0,0,0,0,0,0,8173423391.518261,214019997.0,0.0509,0.031,1506910,2035216,0,48.1,13.5,2026-08-12
630,CFR,Financial Services,Banks - Regional,NYSE,606553,166.01,113.7,7,-13,-2.51,40.2,98.1,1.1,1.9,7.9,20.1,79,72,52,65,46.5,0,0,0,0,0,0,10223475132.5,62148785.0,0.00029999999,0.061,660651,633386,0,58.9,16.2,2026-08-12
631,PAGP,Energy,Oil & Gas Midstream,NASDAQ,1367518,25.11,113.67,-3,-6,-6.24,49.3,84.6,-2.0,-2.5,1.0,13.5,79,82,79,73,38.8,0,0,0,0,0,0,4896147982.463341,197904124.0,0.0845,0.087,1814616,1370653,0,68.2,23.7,2026-08-12
632,FFBC,Financial Services,Banks - Regional,NASDAQ,1102577,34.0,113.67,-4,-17,-6.21,46.5,83.7,0.3,-0.6,2.2,17.6,79,83,70,75,51.6,0,0,0,0,0,0,3533254504.383011,104968940.0,0.0552,0.165,749743,1092406,0,69.9,18.6,2026-08-12
633,USB,Financial Services,Banks - Regional,NYSE,7860227,64.29,113.66,2,-13,-1.12,43.6,100.0,1.7,1.9,6.3,17.4,79,77,62,79,52.5,0,0,0,0,0,0,99621807317.58194,1558051446.0,0.0,0.104,6856521,8811718,0,67.6,13.4,2026-08-12
634,NWBI,Financial Services,Banks - Regional,NASDAQ,1094169,15.63,113.66,4,-4,-3.28,39.1,93.8,-0.1,0.6,4.1,18.0,79,75,67,60,45.2,0,0,0,0,0,0,2277439375.0348606,146459122.0,0.0652,0.232,1077279,1191393,0,61.8,18.7,2026-08-12
635,SXC,Basic Materials,Coking Coal,NYSE,1583860,9.26,113.63,4,-17,-6.65,66.5,95.4,3.8,5.5,7.9,25.8,79,75,54,31,28.5,0,0,0,0,0,0,796974870.6394672,84874850.0,0.0602,0.095,2364090,1540100,0,47.1,34.2,2026-08-12
636,SDGR,Healthcare,Health Information Services,NASDAQ,1150707,18.65,113.62,28,-1,-18.98,68.3,66.0,12.0,16.7,18.1,23.1,79,51,22,11,8.5,0,0,0,0,0,0,1358470193.065567,74805628.0,0.2527,0.075,1317421,1281040,0,23.1,32.1,2026-08-12
637,IVZ,Financial Services,Asset Management,NYSE,4943278,31.36,113.61,-1,-2,-3.66,52.6,95.9,1.1,3.5,9.3,19.1,79,80,79,84,58.4,0,0,0,0,0,0,13942569966.316223,441500000.0,0.0636,0.205,4962424,5318326,0,75.3,10.1,2026-08-12
638,MET,Financial Services,Insurance - Life,NYSE,3836459,96.8,113.6,4,-20,-4.09,42.8,89.8,-0.4,1.0,6.5,20.2,79,75,51,46,36.3,0,0,0,0,0,0,62130577019.53616,635476927.0,0.0199,0.105,4415068,3902437,0,52.1,27.5,2026-08-12
639,SIRI,Communication Services,Entertainment,NASDAQ,4097322,28.51,113.6,-7,-17,-12.71,42.8,67.2,-4.5,-6.1,-3.3,16.3,79,86,76,33,44.0,0,0,0,0,0,0,10081670658.377674,337066891.0,0.1826,0.01,4979378,5093517,0,59.7,32.6,2026-08-12
640,SPIR,Industrials,Specialty Business Services,NYSE,786363,14.82,113.54,25,65,-42.85,110.0,41.8,14.7,20.1,-4.4,12.6,79,54,94,49,58.2,0,0,0,0,0,0,554736494.2165432,38711549.0,0.1181,-0.337,565211,1108284,1,63.8,-5.1,2026-08-12
641,WEX,Technology,Software - Infrastructure,NYSE,777706,189.06,113.53,42,32,-1.72,49.8,100.0,1.2,6.1,20.8,23.3,79,37,27,56,21.2,0,0,0,0,0,0,6312596031.023529,34081611.0,0.0953,0.142,668249,717923,0,35.3,5.1,2026-08-12
642,MS,Financial Services,Capital Markets,NYSE,5526759,215.07,113.51,-7,-15,-7.4,51.1,87.1,1.5,1.6,0.6,16.6,79,86,78,73,57.0,0,0,0,0,0,0,340070762878.418,1572000000.0,0.0,0.28,5156839,5938561,0,73.5,17.9,2026-08-12
643,SWIM,Industrials,Building Products & Equipment,NASDAQ,845443,7.59,113.47,45,27,-15.35,64.5,88.0,20.8,27.5,31.6,26.1,79,34,16,40,13.9,0,0,0,0,0,0,879992725.523921,117646086.0,0.0727,0.144,1197729,861761,0,26.0,10.6,2026-08-12
644,CPAY,Technology,Software - Infrastructure,NYSE,549050,406.16,113.42,13,-6,0.05,60.7,100.0,3.5,6.7,12.7,25.9,79,66,47,60,42.9,0,0,0,0,0,0,25683312611.435,65361919.0,0.0396,0.215,668082,640594,0,54.0,14.7,2026-08-12
645,REAL,Consumer Cyclical,Luxury Goods,NASDAQ,3224063,11.8,113.39,7,-16,-32.15,70.3,44.6,-8.2,-5.5,-0.7,-8.2,79,72,49,80,70.0,0,0,0,0,0,0,1496554737.7069235,121671115.0,0.1713,0.166,4071999,3312859,0,67.8,1.7,2026-08-12
646,CSX,Industrials,Railroads,NASDAQ,12893754,49.94,113.37,-5,-11,-6.83,56.3,85.1,-0.6,-1.3,2.5,19.6,79,84,78,74,49.8,0,0,0,0,0,0,93123914925.58572,1852474917.0,0.02,0.101,11870624,12739470,0,71.5,19.7,2026-08-12
647,VAL,Energy,Oil & Gas Drilling,NYSE,967211,86.8,113.34,-4,6,-23.94,92.6,59.2,8.2,9.2,6.0,10.6,78,82,92,95,73.3,0,0,0,0,0,0,5470152790.699493,69435807.0,0.123,-0.124,1108635,959021,2,85.6,0.7,2026-08-12
648,BAC,Financial Services,Banks - Diversified,NYSE,31727760,64.0,113.32,5,-22,0.05,38.7,100.0,2.7,4.0,9.5,19.9,78,73,46,61,48.2,0,0,0,0,0,0,441731901412.9453,6992748365.0,0.0,0.168,26020372,34357358,0,57.0,17.5,2026-08-12
649,PAYO,Technology,Software - Infrastructure,NASDAQ,4165357,7.09,113.32,-3,-63,-1.25,66.7,98.3,-0.0,-0.0,4.2,24.7,78,81,21,23,15.0,0,0,0,0,0,0,2405840903.284666,338850836.0,0.0541,0.052,6714851,7967736,0,35.0,50.6,2026-08-12
650,SKY,Consumer Cyclical,Residential Construction,NYSE,655501,94.17,113.29,19,-19,-5.04,46.1,89.2,6.5,10.2,13.4,14.8,78,59,21,65,50.0,0,0,0,0,0,0,5138157683.219788,54280134.0,0.0992,0.013,761583,757160,0,48.8,7.1,2026-08-12
651,TROX,Basic Materials,Chemicals,NYSE,2701797,6.39,113.29,15,44,-39.66,114.2,43.3,-0.2,-0.0,-7.0,-6.1,78,63,92,94,77.5,0,0,0,0,0,0,1039647225.3424358,159700029.0,0.2159,0.187,3445293,2758922,2,81.6,-16.3,2026-08-12
652,SIBN,Healthcare,Medical Devices,NASDAQ,589731,18.8,113.28,19,-11,-14.12,63.7,75.5,3.4,7.0,13.7,17.9,78,59,29,28,28.9,0,0,0,0,0,0,825340183.6986542,44349283.0,0.1449,0.152,561555,561129,0,36.2,24.3,2026-08-12
653,ECG,Industrials,Engineering & Construction,NYSE,611042,134.48,113.18,-11,-6,-21.62,97.5,70.3,6.4,6.1,-1.6,18.5,78,89,94,88,77.7,0,0,0,0,0,0,6987085414.186676,51041606.0,0.0448,0.337,692206,629259,1,87.2,5.3,2026-08-12
654,VCEL,Healthcare,Biotechnology,NASDAQ,508313,44.35,113.12,-4,-59,-10.08,52.5,81.1,-1.5,-2.1,3.2,18.4,78,82,27,28,34.0,0,0,0,0,0,0,2308906233.073509,51206614.0,0.1159,0.225,504681,602540,0,42.8,40.3,2026-08-12
655,EGO,Basic Materials,Gold,NYSE,2399504,39.09,113.08,40,78,-23.59,80.1,63.8,11.9,20.0,24.2,14.9,78,38,76,97,71.5,0,0,0,0,0,0,9889927311.88202,260810332.0,4.67,0.079,3243832,2707898,1,70.6,-32.4,2026-08-12
656,WGS,Healthcare,Diagnostics & Research,NASDAQ,811825,81.74,113.06,61,48,-52.16,138.7,36.0,15.5,23.5,29.7,-7.8,78,17,4,25,2.5,0,0,0,0,0,0,2298721514.8867035,29822541.0,0.3775,0.114,1127727,954077,0,12.1,6.9,2026-08-12
657,INCY,Healthcare,Biotechnology,NASDAQ,1862551,121.07,113.02,-3,-19,-8.7,48.0,81.0,0.3,0.8,7.0,17.8,78,81,65,75,57.5,0,0,0,0,0,0,24437239762.892456,202697746.0,0.089700006,0.377,1896395,2021651,0,69.6,14.6,2026-08-12
658,FCF,Financial Services,Banks - Regional,NYSE,827030,21.54,113.0,6,-4,-3.58,41.4,95.0,0.1,1.3,5.6,18.5,78,72,62,66,40.9,0,0,0,0,0,0,2187232650.3237247,101684455.0,0.0442,0.096,1032261,822752,0,60.2,17.8,2026-08-12
659,PWR,Industrials,Engineering & Construction,NYSE,1101836,670.58,112.95,-9,-3,-14.98,82.0,74.0,0.7,4.7,0.6,18.7,78,87,93,85,71.1,0,0,0,0,0,0,101009709818.6842,150343393.0,0.0242,0.411,1336198,1253251,1,84.0,7.7,2026-08-12
660,BVN,Basic Materials,Other Precious Metals & Mining,NYSE,888540,34.8,112.91,8,29,-22.1,90.2,64.4,5.3,8.6,9.8,7.9,78,70,91,96,75.8,0,0,0,0,0,0,8673651895.603203,253986867.0,0.0233,0.432,880831,1114168,2,83.2,-10.2,2026-08-12
661,SYNA,Technology,Semiconductors,NASDAQ,909752,106.92,112.89,-16,-18,-28.29,88.0,57.9,4.0,-0.1,-9.9,17.6,78,94,92,79,68.8,0,0,0,0,0,0,4148065659.807861,39062676.0,0.1496,0.089,777106,1032917,2,83.5,15.8,2026-08-12
662,SRTA,Healthcare,Medical Care Facilities,NASDAQ,1180259,6.03,112.89,10,20,-7.23,51.1,82.3,9.0,13.0,10.2,20.4,78,68,78,65,57.9,0,0,0,0,0,0,512222803.3652592,88466806.0,0.0638,0.607,1429598,1226403,0,67.2,4.6,2026-08-12
663,VTRS,Healthcare,Drug Manufacturers - Specialty & Generic,NASDAQ,10276105,16.28,112.89,-10,-10,-11.47,69.7,79.0,-5.1,-6.3,-2.8,13.3,78,88,88,91,64.9,0,0,0,0,0,0,18871348246.042114,1148590864.0,0.040700004,0.049,12036627,10133107,1,83.0,11.0,2026-08-12
664,TFSL,Financial Services,Banks - Regional,NASDAQ,931817,17.24,112.83,-6,-21,-11.54,37.7,80.5,-2.6,-3.6,-0.1,15.6,78,84,69,69,46.0,0,0,0,0,0,0,4933576154.53727,280476186.0,0.1517,0.152,1270363,950626,0,67.0,23.5,2026-08-12
665,GLBE,Consumer Cyclical,Internet Retail,NASDAQ,1475872,40.86,112.82,11,-31,-3.88,47.2,88.0,-0.7,3.9,11.6,15.0,78,67,25,32,31.5,0,0,0,0,0,0,7108379935.86042,167967391.0,0.031400003,0.328,1650958,1666969,0,38.9,28.9,2026-08-12
666,SDRL,Energy,Oil & Gas Drilling,NYSE,784650,46.7,112.81,3,17,-15.81,64.5,69.4,7.2,7.5,10.3,15.2,78,75,89,89,62.3,0,0,0,0,0,0,2703819270.875381,62530508.0,0.077800006,0.088,822321,871220,0,78.8,2.2,2026-08-12
667,GL,Financial Services,Insurance - Life,NYSE,656651,181.04,112.81,-4,-17,-5.49,36.5,85.4,-2.7,-1.9,1.6,18.3,78,82,69,61,35.9,0,0,0,0,0,0,14274989783.756012,77644761.0,0.00090000004,0.08,654063,663942,0,62.0,28.5,2026-08-12
668,ADUR,Industrials,Pollution & Treatment Controls,NASDAQ,555885,15.69,112.8,-3,2,-13.74,66.8,74.8,1.2,7.5,3.3,18.5,78,81,86,81,35.7,0,0,0,0,0,0,570639139.9205933,35443424.0,4.59,,398067,585063,0,70.9,22.1,2026-08-12
669,DV,Communication Services,Advertising Agencies,NYSE,3907280,13.25,112.79,27,-6,-19.4,54.4,61.1,9.9,14.2,19.7,25.1,78,51,18,16,5.6,0,0,0,0,0,0,2027261942.5441945,153464189.0,0.0922,0.025,7509352,3926298,0,22.6,33.0,2026-08-12
670,RYAM,Basic Materials,Chemicals,NYSE,986909,8.72,112.78,34,80,-26.41,85.7,52.6,-6.7,-4.0,0.3,0.7,78,44,90,88,73.7,0,0,0,0,0,0,610150787.125061,67644208.0,0.0644,0.106,1180818,1000853,1,73.9,-28.2,2026-08-12
671,PGY,Technology,Software - Infrastructure,NASDAQ,3364765,21.2,112.67,37,17,-52.88,90.9,29.2,-2.7,7.8,17.3,14.9,78,41,21,12,1.3,0,0,0,0,0,0,1775301996.3239803,83425843.0,0.1714,0.186,4113007,3745129,0,18.8,27.7,2026-08-12
672,IEX,Industrials,Specialty Industrial Machinery,NYSE,698822,237.31,112.67,3,-4,-2.66,51.0,100.0,2.3,4.7,7.0,20.0,78,75,68,72,57.6,0,0,0,0,0,0,17284367311.10559,73719896.0,0.0364,0.064,775758,707481,0,68.1,10.0,2026-08-12
673,NWG,Financial Services,Banks - Regional,NYSE,3901814,19.05,112.66,12,-1,-1.91,41.4,97.2,0.9,4.0,9.3,15.8,78,66,53,75,41.8,0,0,0,0,0,0,76373920971.80583,3979881128.0,0.00029999999,0.145,4265614,4739232,0,58.9,11.6,2026-08-12
674,RIG,Energy,Oil & Gas Drilling,NYSE,42579668,5.81,112.61,-5,4,-24.15,103.6,60.7,6.4,8.3,5.7,5.6,78,83,92,94,77.6,0,0,0,0,0,0,5821559473.397331,1106760308.0,0.2409,-0.022,45097436,38194993,2,86.6,-0.4,2026-08-12
675,SON,Consumer Cyclical,Packaging & Containers,NYSE,1173821,57.8,112.56,11,7,-4.73,48.0,88.4,0.9,1.4,6.9,16.6,78,67,63,81,37.0,0,0,0,0,0,0,5736727719.321384,98875003.0,0.1371,-0.013,1068094,1241432,0,62.0,12.6,2026-08-12
676,WBI,Energy,Oil & Gas Equipment & Services,NYSE,758040,32.3,112.53,-12,-26,-12.44,69.5,74.7,-3.4,-5.8,-2.0,19.6,78,90,76,50,,0,0,0,0,0,0,1504513888.0,47016059.0,0.1339,1.053,665420,1313770,1,72.0,,2026-08-12
677,BCS,Financial Services,Banks - Diversified,NYSE,4949427,27.84,112.53,-1,-20,-2.96,44.8,94.3,0.3,0.9,4.2,14.7,78,79,60,85,47.7,0,0,0,0,0,0,94111268366.36217,3369540542.0,0.93,0.156,3792533,5019358,0,67.9,16.3,2026-08-12
678,BKSY,Industrials,Specialty Business Services,NYSE,1198235,29.89,112.49,46,112,-43.48,142.5,48.7,19.2,30.6,15.8,20.3,77,31,97,89,74.2,0,0,0,0,0,0,1193368503.115364,40924846.0,0.19629999,0.501,1090997,1662119,1,72.8,-39.8,2026-08-12
679,MTB,Financial Services,Banks - Regional,NYSE,1097178,252.16,112.48,4,-17,-1.11,41.9,99.4,1.2,1.3,5.9,17.5,77,73,52,75,44.3,0,0,0,0,0,0,36298469407.69959,144933000.0,0.0454,0.062,938745,1136109,0,61.1,16.1,2026-08-12
680,GSHD,Financial Services,Insurance Brokers,NASDAQ,590468,65.31,112.47,49,29,-28.06,90.7,55.4,-0.6,6.9,29.6,17.7,77,28,8,9,2.2,0,0,0,0,0,0,1551955527.3590088,23803000.0,0.1137,0.207,524395,594369,0,11.8,18.7,2026-08-12
681,SHOP,Technology,Software - Application,NASDAQ,10131136,152.61,112.45,41,25,-16.24,57.7,65.8,8.9,15.3,24.0,13.5,77,36,20,31,11.9,0,0,0,0,0,0,195016630045.3316,1286643931.0,0.0218,0.337,15065688,9686495,0,24.7,14.6,2026-08-12
682,NTNX,Technology,Software - Infrastructure,NASDAQ,3030383,64.32,112.44,12,-31,-21.96,87.9,64.7,5.4,11.0,19.5,31.9,77,65,22,11,5.8,0,0,0,0,0,0,16940985804.058365,270320509.0,0.1312,0.1,2475251,3449918,0,26.0,44.7,2026-08-12
683,NMR,Financial Services,Capital Markets,NYSE,998394,9.78,112.43,-3,-27,-2.78,47.3,96.1,1.2,1.8,6.8,17.4,77,80,56,85,49.0,0,0,0,0,0,0,29079792320.109768,2922592249.0,0.00059999997,0.312,914194,1179922,0,67.5,16.9,2026-08-12
684,BEN,Financial Services,Asset Management,NYSE,4690395,33.36,112.4,-8,-11,-8.05,58.6,85.1,-1.6,0.6,1.6,21.9,77,85,82,79,40.2,0,0,0,0,0,0,17157757483.279152,508076910.0,0.0513,0.143,5463437,4712583,0,71.5,23.9,2026-08-12
685,CATY,Financial Services,Banks - Regional,NASDAQ,503719,63.7,112.31,0,-6,-1.83,42.7,100.0,1.2,2.0,4.7,20.0,77,77,71,70,49.4,0,0,0,0,0,0,4237396511.273258,66825367.0,0.059499998,0.138,412207,520641,0,66.9,15.8,2026-08-12
686,ZION,Financial Services,Banks - Regional,NASDAQ,1624356,71.0,112.29,0,-12,-3.19,53.2,94.7,1.6,2.0,4.7,18.0,77,77,65,74,47.1,0,0,0,0,0,0,10263439879.05857,145953355.0,0.0563,0.352,1334448,1700379,0,65.8,16.8,2026-08-12
687,FRPT,Consumer Defensive,Packaged Foods,NASDAQ,1462560,71.75,112.27,51,42,-16.57,52.6,65.4,11.3,17.8,27.4,17.1,77,26,17,53,22.7,0,0,0,0,0,0,3215565907.333924,48058074.0,0.2029,0.155,1865081,1478676,0,29.7,-2.9,2026-08-12
688,KNTK,Energy,Oil & Gas Midstream,NYSE,956646,51.11,112.23,-4,-5,-2.72,61.8,97.7,2.6,2.3,5.7,17.7,77,81,80,66,31.7,0,0,0,0,0,0,7981914049.530029,162300000.0,0.099700004,0.363,1237068,1052469,0,64.7,27.8,2026-08-12
689,FITB,Financial Services,Banks - Regional,NYSE,6039768,57.6,112.22,-2,-22,-3.19,43.7,92.8,1.4,1.0,4.0,16.5,77,79,59,80,48.2,0,0,0,0,0,0,51756252708.33206,906573000.0,0.0,0.518,5228335,6799731,0,66.6,17.2,2026-08-12
690,ARHS,Consumer Cyclical,Specialty Retail,NASDAQ,1396673,9.84,112.19,41,16,-23.9,67.8,55.3,13.4,19.1,25.3,12.5,77,36,11,29,4.3,0,0,0,0,0,0,1358784668.3932495,141540064.0,0.0865,0.074,2034349,1349115,0,20.1,19.7,2026-08-12
691,TTAN,Technology,Software - Application,NASDAQ,1368963,88.39,112.17,30,-3,-26.34,66.4,57.1,7.3,14.4,22.0,17.3,77,47,14,13,6.8,0,0,0,0,0,0,8187974380.248184,95397579.0,0.2034,0.246,1415489,1728053,0,20.2,30.2,2026-08-12
692,TRLV,Healthcare,Drug Manufacturers - Specialty & Generic,NYSE,894920,9.3,112.13,-10,-18,-29.97,91.4,52.8,3.1,4.9,-1.6,17.8,77,87,79,71,22.4,0,0,0,0,0,0,1682686766.25,192307059.0,0.0105,-0.103,882031,1306470,0,64.9,36.3,2026-08-12
693,ZIM,Industrials,Marine Shipping,NYSE,1231372,24.53,112.12,-6,-4,-18.15,103.1,76.2,-2.1,0.1,0.7,7.2,77,83,85,93,49.7,0,0,0,0,0,0,3241978969.425396,120519666.0,0.0253,-0.304,1571018,1171355,1,77.7,14.5,2026-08-12
694,HWM,Industrials,Aerospace & Defense,NYSE,2107584,281.34,112.09,-4,-3,-9.25,64.7,91.9,-1.0,-0.2,2.9,17.4,77,81,82,87,60.2,0,0,0,0,0,0,112414140297.39246,398801399.0,0.0198,0.241,2157373,2730088,0,77.5,9.1,2026-08-12
695,CAMT,Technology,Semiconductor Equipment & Materials,NASDAQ,563873,164.41,112.06,7,27,-23.88,127.0,74.6,15.3,16.7,9.6,16.7,77,70,90,94,79.7,0,0,0,0,0,0,7248090822.118805,46656521.0,0.0866,0.025,656051,547084,2,83.4,-11.7,2026-08-12
696,PENN,Consumer Cyclical,Resorts & Casinos,NASDAQ,2795171,19.13,112.01,-3,-17,-14.45,63.0,71.9,-3.3,-5.9,-7.2,17.0,77,80,66,22,21.6,0,0,0,0,0,0,2705463847.2938766,134066591.0,0.1603,0.052,2832844,3397750,0,47.4,42.2,2026-08-12
697,BURL,Consumer Cyclical,Apparel Retail,NYSE,626685,358.83,112.0,10,-8,-5.15,45.9,85.7,-4.0,-1.9,4.2,14.3,77,67,49,67,38.3,0,0,0,0,0,0,23181856251.280243,62830271.0,0.0775,0.141,644256,698609,0,55.3,16.1,2026-08-12
698,PAA,Energy,Oil & Gas Midstream,NASDAQ,2342609,23.15,111.99,-5,-8,-7.51,46.6,81.7,-1.6,-3.1,0.8,12.4,77,82,79,73,39.2,0,0,0,0,0,0,16093177335.24543,705531684.0,0.0214,0.663,3169627,2395255,0,68.3,23.5,2026-08-12
699,HSIC,Healthcare,Medical Distribution,NASDAQ,1391013,89.18,111.91,3,-30,-3.25,46.3,100.0,3.1,4.3,8.0,17.4,77,74,41,57,45.9,0,0,0,0,0,0,10039483481.528282,113916757.0,0.0692,0.067,1516080,1382516,0,54.5,20.7,2026-08-12
700,PNC,Financial Services,Banks - Regional,NYSE,1856909,254.23,111.9,0,-16,-1.51,43.2,100.0,1.1,1.4,4.4,16.4,77,77,61,78,43.7,0,0,0,0,0,0,101419162477.5376,401564632.0,0.0168,0.236,1538377,2104247,0,64.9,18.1,2026-08-12
701,HRI,Industrials,Rental & Leasing Services,NYSE,528852,171.03,111.88,1,-38,-9.2,85.1,86.0,2.5,6.3,12.5,20.7,77,76,37,57,57.1,0,0,0,0,0,0,5613139243.550659,33431444.0,0.089499995,0.202,495076,580237,0,56.8,17.1,2026-08-12
702,DLTR,Consumer Defensive,Discount Stores,NASDAQ,2677249,128.06,111.84,4,-47,-10.07,51.2,77.6,-0.4,1.3,6.3,12.1,77,73,22,85,20.1,0,0,0,0,0,0,25155652396.2594,192174588.0,0.0725,0.072,1800129,3047071,0,50.0,29.2,2026-08-12
703,RHP,Real Estate,REIT - Hotel & Motel,NYSE,678164,122.07,111.82,-5,-22,-11.2,44.3,76.0,-2.0,-3.7,-1.5,18.3,77,82,65,56,43.1,0,0,0,0,0,0,7626124197.366943,63109272.0,0.048299998,0.132,965993,682964,0,61.5,26.3,2026-08-12
704,SA,Basic Materials,Gold,NYSE,568149,32.03,111.78,27,66,-20.04,100.8,70.5,11.5,18.8,17.5,10.7,77,50,89,96,77.4,0,0,0,0,0,0,3342527096.6788387,107373183.0,0.0401,,680517,768695,1,78.1,-26.8,2026-08-12
705,CART,Consumer Cyclical,Internet Retail,NASDAQ,4317503,49.39,111.76,8,-24,-5.58,47.1,82.4,4.1,5.7,7.3,17.5,77,69,37,22,7.4,0,0,0,0,0,0,11791445338.027555,235029814.0,0.111999996,0.141,4694611,4353036,0,33.8,43.4,2026-08-12
706,ODFL,Industrials,Trucking,NASDAQ,1684535,209.44,111.73,-6,-15,-16.9,68.3,70.5,-0.4,-4.3,-5.8,11.2,77,83,74,76,55.3,0,0,0,0,0,0,44863678862.48044,207356622.0,0.0521,0.104,2038655,1851957,0,72.1,16.2,2026-08-12
707,SU,Energy,Oil & Gas Integrated,NYSE,4403195,63.28,111.7,-3,4,-9.97,67.4,81.5,0.0,-0.1,5.1,14.2,77,80,87,84,65.5,0,0,0,0,0,0,70962784057.22583,1180745189.0,1.85,0.459,5334256,4862331,0,79.1,5.8,2026-08-12
708,MANH,Technology,Software - Application,NASDAQ,878671,195.2,111.69,36,14,-11.56,59.4,72.2,0.3,8.5,21.8,24.0,77,41,19,19,7.1,0,0,0,0,0,0,11382879434.454285,58304972.0,0.0637,0.093,1186184,778188,0,21.5,23.6,2026-08-12
709,XPO,Industrials,Trucking,NYSE,968557,203.4,111.61,-6,-7,-12.35,69.0,81.4,3.8,1.3,0.1,13.7,77,83,82,89,70.6,0,0,0,0,0,0,23719376294.09172,117086465.0,0.0495,0.132,1053242,1242638,0,81.2,5.1,2026-08-12
710,EXPD,Industrials,Integrated Freight & Logistics,NYSE,1278326,177.21,111.55,-8,-22,-5.61,63.1,100.0,4.4,4.5,8.8,19.9,77,85,71,69,60.6,0,0,0,0,0,0,23230624930.35977,129990622.0,0.0423,0.321,1344630,1330780,0,71.4,16.8,2026-08-12
711,HQY,Healthcare,Health Information Services,NASDAQ,748889,105.57,111.51,17,-6,-0.8,44.1,96.2,1.5,4.8,12.2,18.6,77,60,37,20,20.9,0,0,0,0,0,0,8747293457.289818,83602157.0,0.0797,0.072,651159,868301,0,34.5,29.9,2026-08-12
712,HWC,Financial Services,Banks - Regional,NASDAQ,908042,78.22,111.49,2,-16,-1.44,45.0,99.5,1.7,2.2,6.1,17.1,77,75,57,75,43.9,0,0,0,0,0,0,6244549477.210999,80471000.0,0.0999,0.078,774596,968787,0,62.7,17.3,2026-08-12
713,VISN,Technology,Communication Equipment,NASDAQ,7376335,11.7,111.46,-18,-18,-43.07,17.0,15.8,-0.1,-2.0,-4.9,-27.4,76,94,94,96,1.9,0,0,0,0,0,0,2523052850.5053062,230626412.0,0.078600004,-0.014,10384835,6644603,3,71.5,45.6,2026-08-12
714,FULT,Financial Services,Banks - Regional,NASDAQ,1866266,24.27,111.44,-2,-17,-3.8,45.3,90.6,-0.1,-0.4,2.4,15.6,76,78,63,74,45.6,0,0,0,0,0,0,4641014596.178055,191461000.0,0.059299998,0.137,1769370,2035932,0,65.2,18.5,2026-08-12
715,YPF,Energy,Oil & Gas Integrated,NYSE,1255566,49.15,111.38,-13,-27,-14.51,107.5,77.3,-2.6,-3.0,-2.4,16.5,76,89,75,46,50.3,0,0,0,0,0,0,19276956672.72619,392126866.0,0.0015,0.428,1173108,1497471,0,65.1,29.4,2026-08-12
716,FRSH,Technology,Software - Application,NASDAQ,15963642,11.97,111.34,23,-6,-14.86,69.3,67.2,-0.1,4.5,12.8,16.0,76,53,24,9,6.4,0,0,0,0,0,0,3272980579.4605064,276434167.0,0.0825,0.16,8754646,18358765,0,23.1,35.0,2026-08-12
717,MPWR,Technology,Semiconductors,NASDAQ,949628,1402.11,111.32,-10,-4,-18.2,73.6,69.5,3.7,5.3,1.0,16.3,76,86,92,88,71.9,0,0,0,0,0,0,68875882139.64844,49143000.0,0.0673,0.476,971824,1006378,1,84.5,6.1,2026-08-12
718,WAT,Healthcare,Diagnostics & Research,NYSE,877617,415.0,111.3,11,-10,0.21,46.9,100.0,4.6,7.9,10.8,16.6,76,65,44,30,55.5,0,0,0,0,0,0,39947895527.03064,98185855.0,0.0373,1.133,964761,914530,0,48.6,13.9,2026-08-12
719,OXY,Energy,Oil & Gas E&P,NYSE,9106534,59.06,111.3,6,16,-12.44,50.4,71.9,3.5,4.3,7.4,15.2,76,70,80,58,41.9,0,0,0,0,0,0,55889725260.07744,999637371.0,0.0001,0.534,8818364,9427888,0,62.5,15.4,2026-08-12
720,FANG,Energy,Oil & Gas E&P,NASDAQ,2042115,201.71,111.28,0,5,-5.97,49.3,83.8,2.5,2.0,5.0,14.3,76,76,81,72,53.8,0,0,0,0,0,0,52654919807.66431,280019792.0,0.0469,0.525,1992245,2338601,0,70.7,11.4,2026-08-12
721,SLB,Energy,Oil & Gas Equipment & Services,NYSE,12387662,53.68,111.05,7,23,-8.74,65.9,79.5,3.1,5.8,5.1,10.8,76,69,85,87,64.3,0,0,0,0,0,0,74993755650.73172,1484143231.0,0.048800003,0.05,10996478,14172805,0,76.3,-2.8,2026-08-12
722,VRTX,Healthcare,Biotechnology,NASDAQ,1488521,529.65,111.04,19,11,-0.75,39.6,97.4,6.2,7.7,10.0,15.2,76,57,49,57,48.1,0,0,0,0,0,0,125734362425.08324,253460924.0,0.0222,0.125,1421794,1624026,0,52.8,5.3,2026-08-12
723,HST,Real Estate,REIT - Hotel & Motel,NASDAQ,10198842,22.29,111.04,-9,-16,-13.3,45.0,72.1,-4.9,-6.0,-5.7,11.5,76,85,78,76,55.4,0,0,0,0,0,0,15950839081.515709,684879281.0,0.081599995,0.036,11640928,10103027,0,73.6,17.3,2026-08-12
724,MMSI,Healthcare,Medical Instruments & Supplies,NASDAQ,977038,91.11,111.03,46,32,-3.84,51.2,94.0,4.1,11.9,23.8,19.6,76,30,16,28,16.1,0,0,0,0,0,0,5316615851.466522,59710420.0,0.0779,0.095,1553284,942984,0,22.5,8.7,2026-08-12
725,GPRE,Basic Materials,Chemicals,NASDAQ,1382858,15.56,111.0,-16,-15,-20.81,98.3,64.5,-5.5,-9.0,-5.1,8.7,76,92,93,94,68.5,0,0,0,0,0,0,1026896528.4607544,70095328.0,0.2151,-0.193,1628044,1444504,3,86.9,11.2,2026-08-12
726,PH,Industrials,Specialty Industrial Machinery,NYSE,615652,1061.33,110.96,9,0,-3.51,49.2,98.8,4.2,7.2,11.5,16.4,76,67,58,81,53.2,0,0,0,0,0,0,135400389939.7738,126086389.0,0.0116,0.098,754848,694227,0,64.8,5.0,2026-08-12
727,MGM,Consumer Cyclical,Resorts & Casinos,NYSE,2630364,44.13,110.94,-7,-31,-14.46,43.2,66.4,-1.3,-2.8,-5.6,13.7,76,83,59,58,35.8,0,0,0,0,0,0,11377704732.768402,255851235.0,0.1607,0.01,2932963,3676354,0,58.9,31.0,2026-08-12
728,MFC,Financial Services,Insurance - Life,NYSE,1755793,43.82,110.94,0,-10,-3.33,45.6,93.3,-1.3,-0.3,4.8,16.5,76,76,66,67,53.3,0,0,0,0,0,0,73655480842.42786,1661901655.0,3.26,0.107,2306690,1864288,0,65.6,14.1,2026-08-12
729,NE,Energy,Oil & Gas Drilling,NYSE,1597558,44.48,110.94,-4,7,-19.1,68.0,63.4,6.2,5.9,5.0,9.2,76,80,91,92,65.4,0,0,0,0,0,0,6508613300.938408,159642218.0,0.1193,-0.163,1537566,1625025,2,82.1,3.8,2026-08-12
730,FWRD,Industrials,Integrated Freight & Logistics,NASDAQ,766844,18.6,110.93,67,62,-41.87,134.5,47.7,16.3,23.7,39.4,-0.6,76,9,4,70,0.8,0,0,0,0,0,0,653659692.5863762,33780862.0,0.1149,0.088,731813,1033094,0,21.0,-7.6,2026-08-12
731,BMY,Healthcare,Drug Manufacturers - General,NYSE,11889760,63.61,110.92,11,13,-6.59,49.5,90.6,-1.4,0.9,7.6,13.0,76,65,67,76,46.9,0,0,0,0,0,0,132204495029.86816,2042714656.0,0.022,0.057,14700870,12800268,0,63.7,6.6,2026-08-12
732,EXTR,Technology,Communication Equipment,NASDAQ,1880364,23.9,110.92,-20,-29,-29.14,77.7,53.5,-9.1,-14.0,-18.4,18.6,76,96,87,22,29.3,0,0,0,0,0,0,3134750679.5618134,130778088.0,0.081499994,0.103,2092353,2075452,1,58.6,49.0,2026-08-12
733,AUR,Consumer Cyclical,Auto Parts,NASDAQ,24019741,6.95,110.91,-1,12,-18.86,82.2,67.0,1.0,6.2,6.8,31.5,76,77,90,29,17.7,0,0,0,0,0,0,13846093696.11906,1961203089.0,0.1674,1.0,25796175,27139427,1,53.4,38.0,2026-08-12
734,COP,Energy,Oil & Gas E&P,NYSE,6601946,125.92,110.85,11,22,-7.32,48.6,86.5,5.9,7.4,11.6,16.7,76,65,76,73,44.4,0,0,0,0,0,0,143283558906.85767,1218294007.0,0.017,0.355,6826919,7159699,0,64.6,7.6,2026-08-12
735,SNEX,Financial Services,Capital Markets,NASDAQ,1142751,65.97,110.85,-13,-11,-30.31,86.5,58.0,-2.8,-4.0,-11.6,16.6,76,89,91,87,70.2,0,0,0,0,0,0,7964199263.260498,120962936.0,0.0708,0.152,1080825,1370791,1,84.3,9.6,2026-08-12
736,AG,Basic Materials,Silver,NYSE,10530512,18.96,110.82,13,45,-40.82,129.2,45.7,10.6,14.5,11.7,0.9,76,63,95,98,83.0,0,0,0,1,0,1,9069477259.171137,492906383.0,1.56,0.573,12065507,11320989,2,84.7,-20.2,2026-08-12
737,EVER,Communication Services,Internet Content & Information,NASDAQ,718190,25.09,110.81,-6,-59,-12.67,72.4,76.0,-0.9,-3.2,5.6,16.0,76,82,29,11,12.8,0,0,0,0,0,0,909446944.9947968,35373278.0,0.2178,0.246,874521,744726,0,33.7,54.1,2026-08-12
738,LYG,Financial Services,Banks - Regional,NYSE,15929254,6.1,110.79,0,-14,-3.79,45.0,95.5,-0.2,1.4,5.8,14.0,76,76,62,85,47.2,0,0,0,0,0,0,91332776672.53416,14543435290.0,0.0002,0.123,14746502,21379966,0,67.6,14.0,2026-08-12
739,CNI,Industrials,Railroads,NYSE,1575555,126.28,110.76,1,-9,-4.01,39.0,89.3,-0.2,-1.0,2.7,16.6,76,75,65,59,43.5,0,0,0,0,0,0,76580339076.99585,604900000.0,1.97,0.113,1598016,1677413,0,60.6,19.9,2026-08-12
740,ABVX,Healthcare,Biotechnology,NASDAQ,1498884,126.81,110.72,-23,-23,-14.8,82.0,74.1,-0.2,-2.4,5.8,6.4,76,99,99,99,72.3,0,1,1,1,0,3,11411945753.786194,87160669.0,0.0467,0.352,951543,2303454,3,92.3,13.3,2026-08-12
741,COKE,Consumer Defensive,Beverages - Non-Alcoholic,NASDAQ,547851,181.71,110.71,1,-1,-17.27,68.7,73.2,1.4,1.7,2.7,7.8,76,75,73,75,65.5,0,0,0,0,0,0,12846243464.708588,66564294.0,0.082399994,0.083,517444,536124,0,72.1,4.9,2026-08-12
742,MICC,Consumer Defensive,Packaged Foods,NYSE,1046785,19.43,110.64,-4,-48,-2.51,50.6,97.1,4.5,6.0,9.4,,76,80,36,56,,0,0,0,0,0,0,11809372103.224585,612837147.0,7.77,0.042,752296,1219033,0,57.3,,2026-08-12
743,GE,Industrials,Aerospace & Defense,NYSE,3784126,368.06,110.64,4,-14,-5.34,37.4,86.2,-0.9,1.7,3.1,14.9,76,72,54,78,40.0,0,0,0,0,0,0,383981120878.92615,1037562513.0,0.014400001,0.211,3221880,4355726,0,61.0,16.6,2026-08-12
744,GBTG,Consumer Cyclical,Travel Services,NYSE,1496654,9.44,110.61,-12,-12,-1.05,89.9,98.5,0.1,0.2,0.5,23.9,76,88,88,18,33.5,0,0,0,0,0,0,4941652790.706965,522373443.0,0.032,0.379,1530792,2506030,0,56.9,41.3,2026-08-12
745,HASI,Financial Services,Asset Management,NYSE,850480,41.08,110.49,2,9,-6.91,63.0,91.6,7.1,8.1,8.3,14.6,75,73,80,79,64.4,0,0,0,0,0,0,5198947403.88179,127801066.0,0.116000004,8.044,992590,1014580,0,74.1,2.4,2026-08-12
746,LUV,Industrials,Airlines,NYSE,5408672,45.52,110.48,-3,-23,-17.4,51.6,60.9,-3.2,-3.5,-4.3,6.3,75,78,58,93,58.7,0,0,0,0,0,0,23017245483.813763,489208201.0,0.0855,0.164,4927987,6040167,1,71.9,8.7,2026-08-12
747,ON,Technology,Semiconductors,NASDAQ,10957557,81.11,110.44,-16,-12,-39.88,85.6,43.2,3.2,-0.9,-15.8,9.4,75,91,95,88,71.4,0,0,0,0,0,0,31600431680.71895,389311721.0,0.1105,0.092,12014443,12240682,2,86.3,10.0,2026-08-12
748,SXT,Basic Materials,Specialty Chemicals,NYSE,530326,131.9,110.38,3,6,-0.32,57.1,96.8,1.7,6.5,8.8,26.0,75,72,75,44,19.8,0,0,0,0,0,0,5527632056.743774,42562811.0,0.051999997,0.116,292179,531479,0,52.7,31.4,2026-08-12
749,NVST,Healthcare,Medical Instruments & Supplies,NYSE,3013285,28.52,110.36,8,-1,-6.25,51.5,86.3,2.6,5.1,10.0,16.6,75,67,58,87,49.5,0,0,0,0,0,0,4521388447.079206,160617709.0,0.0645,0.071,4042035,2862791,0,65.4,5.6,2026-08-12
750,BOX,Technology,Software - Infrastructure,NYSE,2796289,32.83,110.36,12,-24,-3.1,51.4,89.8,0.6,4.0,13.3,18.8,75,63,27,16,11.6,0,0,0,0,0,0,4602064304.823025,138449581.0,0.1318,0.136,2941047,2572005,0,29.4,38.7,2026-08-12
751,UBSI,Financial Services,Banks - Regional,NASDAQ,980550,48.5,110.36,3,-6,-2.26,42.5,96.9,0.5,1.4,5.3,15.8,75,72,63,74,44.7,0,0,0,0,0,0,6617044597.888573,136942149.0,0.044099998,0.062,816101,1040234,0,63.4,14.2,2026-08-12
752,DC,Basic Materials,Gold,NYSE ARCA,1330953,6.3,110.34,51,113,-13.1,67.2,77.5,15.0,25.8,30.7,17.6,75,24,86,91,57.8,0,0,0,0,0,0,803568582.0,133928097.0,0.0572,,1421139,1609821,1,64.7,-36.5,2026-08-12
753,PCAR,Industrials,Farm & Heavy Construction Machinery,NASDAQ,3622718,132.53,110.3,8,0,-4.82,40.9,84.2,-1.3,-0.4,5.2,11.7,75,67,59,79,43.0,0,0,0,0,0,0,70064439215.09767,526364953.0,0.0327,0.005,4024944,3573328,0,62.0,10.4,2026-08-12
754,PRGS,Technology,Software - Infrastructure,NASDAQ,727475,43.15,110.3,27,-11,-8.91,73.7,84.9,3.5,6.9,19.4,18.2,75,48,10,19,10.8,0,0,0,0,0,0,1756994441.5380783,41012942.0,0.15010001,0.068,499877,761877,0,22.0,28.2,2026-08-12
755,SW,Consumer Cyclical,Packaging & Containers,NYSE,5186818,49.62,110.29,27,9,-5.75,50.2,86.4,2.8,4.8,9.2,18.7,75,48,30,78,21.0,0,0,0,0,0,0,25323965357.953247,524522908.0,0.0554,0.011,4541206,5660145,0,44.2,9.3,2026-08-12
756,TEX,Industrials,Farm & Heavy Construction Machinery,NYSE,1346681,67.73,110.25,7,10,-9.32,63.2,80.5,3.8,3.1,3.0,14.0,75,68,71,87,48.3,0,0,0,0,0,0,7741539383.69751,114300000.0,0.060500003,0.505,1589013,1415556,0,68.6,5.7,2026-08-12
757,CVLT,Technology,Software - Application,NASDAQ,713514,139.43,110.19,-3,-56,-29.64,88.5,55.4,7.9,4.3,4.7,25.0,75,78,25,11,2.2,0,0,0,0,0,0,5606206349.350281,41444564.0,0.0996,0.114,719463,801310,0,29.1,56.6,2026-08-12
758,SLG,Real Estate,REIT - Office,NYSE,1024009,55.75,110.16,19,-3,-15.9,59.8,69.6,2.7,5.2,9.7,24.2,75,56,34,19,16.0,0,0,0,0,0,0,3993250099.404968,70852556.0,0.2178,0.273,856827,1132159,0,31.2,29.6,2026-08-12
759,A,Healthcare,Diagnostics & Research,NYSE,2044380,149.49,110.12,20,-5,-6.73,34.5,80.9,3.6,6.2,9.7,13.1,75,55,30,36,37.7,0,0,0,0,0,0,41226591210.44556,282431944.0,0.030299999,0.1,1586231,2185026,0,39.7,15.0,2026-08-12
760,GRPN,Communication Services,Internet Content & Information,NASDAQ,1631896,21.87,110.08,-16,-68,-37.83,129.8,60.4,-13.2,-16.0,-3.9,27.9,75,91,39,17,1.0,0,0,0,0,0,0,1017852386.8026428,40665296.0,0.5991,-0.008,1781058,1672385,1,37.0,65.0,2026-08-12
761,WDS,Energy,Oil & Gas E&P,NYSE,723124,23.3,110.07,1,8,-7.5,60.8,82.7,0.5,2.2,7.7,15.3,75,74,81,70,39.4,0,0,0,0,0,0,42622665351.10243,1901100143.0,4.03,-0.111,732892,913168,0,66.1,17.4,2026-08-12
762,PFS,Financial Services,Banks - Regional,NYSE,999015,24.74,110.06,1,-7,-2.94,40.0,94.7,0.2,1.8,5.1,14.9,75,74,66,79,46.1,0,0,0,0,0,0,3190147708.0541306,130423051.0,0.0646,0.038,1075116,1051081,0,66.3,13.8,2026-08-12
763,OIS,Energy,Oil & Gas Equipment & Services,NYSE,664246,8.82,110.05,9,27,-39.17,78.0,41.4,6.1,5.9,7.5,0.1,75,66,84,93,71.7,0,0,0,0,0,0,491026139.3701277,60322619.0,0.0433,-0.053,773250,744958,1,78.7,-10.0,2026-08-12
764,XOM,Energy,Oil & Gas Integrated,NYSE,14923039,159.8,110.02,6,15,-9.42,50.5,82.1,2.4,3.5,8.5,13.4,75,69,78,83,56.9,0,0,0,0,0,0,634342685843.8552,4144947162.0,0.0115,0.441,14396459,16003931,0,71.7,2.4,2026-08-12
765,LH,Healthcare,Diagnostics & Research,NYSE,728648,322.42,110.0,20,0,0.78,31.2,100.0,2.3,6.4,14.1,20.0,75,55,35,57,28.3,0,0,0,0,0,0,25884688088.989258,81100000.0,0.033800002,0.058,746515,689487,0,43.8,15.0,2026-08-12
766,GCMG,Financial Services,Asset Management,NASDAQ,525211,13.98,109.99,-5,-53,-2.75,47.3,100.0,5.4,7.7,12.2,22.2,75,80,32,37,18.1,0,0,0,0,0,0,820003376.0931301,60383165.0,0.0387,-0.012,471045,550711,0,41.8,44.3,2026-08-12
767,ESTC,Technology,Software - Application,NYSE,1699198,76.35,109.97,34,6,-20.53,78.2,66.2,9.8,17.9,23.6,20.5,75,41,13,14,12.8,0,0,0,0,0,0,7867882975.635223,104751470.0,0.0779,0.16,1992624,1908680,0,20.2,22.3,2026-08-12
768,SGML,Basic Materials,Other Industrial Metals & Mining,NASDAQ,1578669,11.84,109.97,0,21,-51.63,152.6,37.6,10.4,13.2,-3.0,-8.4,75,75,96,93,82.5,0,0,0,0,0,0,1275295684.304781,112064646.0,0.0337,-0.112,1618198,1902525,2,86.6,-9.4,2026-08-12
769,ALSN,Consumer Cyclical,Auto Parts,NYSE,1356118,124.99,109.93,10,21,-9.18,55.9,78.1,3.4,4.2,5.1,11.5,75,65,76,80,47.9,0,0,0,0,0,0,9816876930.632645,82578038.0,0.0657,0.924,951826,1147975,0,67.2,4.5,2026-08-12
770,INGM,Technology,Information Technology Services,NYSE,1065178,27.63,109.92,-6,-9,-12.81,49.1,72.0,-2.4,-3.3,-2.5,13.6,75,81,78,55,56.0,0,0,0,0,0,0,6550797985.609467,230661904.0,0.16530001,0.136,1108935,1290079,0,67.5,18.0,2026-08-12
771,C,Financial Services,Banks - Diversified,NYSE,12111585,135.77,109.91,-3,-1,-8.24,48.6,84.8,1.9,3.4,0.6,14.4,75,78,80,80,55.6,0,0,0,0,0,0,226453965705.0,1677436783.0,0.0004,0.155,9517536,12721251,0,73.4,10.6,2026-08-12
772,WBS,Financial Services,Banks - Regional,NYSE,4287358,78.75,109.9,1,-1,-1.24,46.2,99.8,0.9,2.3,4.2,14.5,75,74,72,80,50.6,0,0,0,0,0,0,12805503197.645264,162033448.0,0.0,0.058,5040785,4039353,0,69.1,10.7,2026-08-12
773,UMBF,Financial Services,Banks - Regional,NASDAQ,634262,147.54,109.81,-2,-16,-1.64,43.7,100.0,1.9,2.9,6.0,19.8,75,77,63,70,44.4,0,0,0,0,0,0,11058324831.562197,75950030.0,0.0639,0.122,636838,691841,0,63.6,19.1,2026-08-12
774,ASM,Basic Materials,Other Precious Metals & Mining,NYSE ARCA,3297903,7.38,109.79,25,66,-38.45,93.5,45.7,11.8,18.5,16.0,6.7,75,50,91,99,72.8,0,0,0,1,0,1,1205864658.2981768,175271023.0,0.041199997,1.093,3925751,3740970,2,78.2,-25.3,2026-08-12
775,MHK,Consumer Cyclical,"Furnishings, Fixtures & Appliances",NYSE,899943,136.68,109.79,36,19,-4.51,45.1,93.6,3.2,11.8,18.4,22.1,75,39,22,68,21.6,0,0,0,0,0,0,9216451843.32367,67738145.0,0.1302,0.068,1297049,838779,0,37.6,4.6,2026-08-12
776,CDP,Real Estate,REIT - Office,NYSE,901283,36.39,109.77,-3,-16,-6.45,35.4,87.6,-0.9,-1.5,2.8,15.6,75,78,65,65,43.0,0,0,0,0,0,0,4212064340.8997498,113410458.0,0.082399994,0.039,842909,1042109,0,62.8,21.4,2026-08-12
777,HCC,Basic Materials,Coking Coal,NYSE,676140,97.79,109.7,6,15,-11.41,75.4,75.4,12.6,16.3,11.1,12.1,74,68,77,87,61.7,0,0,0,0,0,0,4856208005.845673,52802087.0,0.1014,0.713,733062,758414,0,73.4,-1.5,2026-08-12
778,XERS,Healthcare,Drug Manufacturers - Specialty & Generic,NASDAQ,1906151,8.39,109.67,-6,-45,-16.77,60.5,69.4,4.7,2.4,9.5,20.5,74,80,41,74,25.4,0,0,0,0,0,0,1445799995.2826452,182320306.0,0.060399998,0.287,1864755,1963585,0,55.1,32.4,2026-08-12
779,HL,Basic Materials,Other Precious Metals & Mining,NYSE,37946946,17.76,109.66,1,22,-48.02,143.3,43.7,12.1,16.8,16.2,-1.7,74,73,94,98,85.7,0,0,0,1,0,1,11319298318.60932,671768431.0,0.0,0.524,34999319,34925625,2,87.7,-13.4,2026-08-12
780,AEG,Financial Services,Insurance - Diversified,NYSE,5136251,9.39,109.64,2,-2,-2.29,38.4,95.3,-0.5,1.5,6.5,17.7,74,72,68,57,35.5,0,0,0,0,0,0,14091209132.166958,1478615900.0,0.0034,-0.137,5111153,5241200,0,58.1,21.7,2026-08-12
781,TRIN,Financial Services,Asset Management,NYSE,1111583,18.19,109.62,-5,-10,-0.3,29.0,96.7,2.3,3.0,4.9,14.5,74,79,74,62,23.6,0,0,0,0,0,0,1709218938.4545364,94693574.0,0.0594,0.193,1337670,1107354,0,59.6,31.6,2026-08-12
782,AURA,Healthcare,Biotechnology,NASDAQ,536734,8.04,109.62,10,30,-15.68,55.9,70.7,5.2,7.7,11.4,20.6,74,64,84,23,21.4,0,0,0,0,0,0,826456940.1652832,103436416.0,0.0546,,470052,564036,0,48.1,27.5,2026-08-12
783,TMO,Healthcare,Diagnostics & Research,NYSE,2131168,605.0,109.6,23,3,-6.05,37.6,81.9,3.1,6.2,15.0,13.3,74,51,31,43,38.4,0,0,0,0,0,0,219629887884.0,369747286.0,0.0143,0.105,1914386,2192971,0,40.9,9.9,2026-08-12
784,MOH,Healthcare,Healthcare Plans,NYSE,1296747,194.54,109.47,-12,-27,-20.56,68.0,69.4,5.2,0.9,-1.5,19.2,74,86,71,20,42.0,0,0,0,0,0,0,10254689840.698242,52200000.0,0.0747,-0.057,626321,1213894,0,54.7,36.7,2026-08-12
785,TDAY,Communication Services,Publishing,NYSE,1930724,6.84,109.47,-19,-24,-25.73,96.6,60.8,-16.5,-17.9,-16.8,3.5,74,93,88,84,71.1,0,0,0,0,0,0,1064430072.25,146817941.0,0.1384,-0.083,2942093,1827142,1,84.0,13.3,2026-08-12
786,CMCO,Industrials,Farm & Heavy Construction Machinery,NASDAQ,729260,19.55,109.44,51,54,-19.88,59.1,64.2,-4.6,8.6,24.8,16.1,74,23,26,72,49.7,0,0,0,0,0,0,583634993.8604965,28864244.0,0.2809,1.253,1075131,763856,0,42.7,-23.5,2026-08-12
787,WES,Energy,Oil & Gas Midstream,NYSE,795816,48.12,109.42,-1,-4,-1.05,29.3,100.0,2.3,2.6,6.6,14.5,74,75,72,68,36.5,0,0,0,0,0,0,19262199084.341923,413174593.0,0.0287,0.3,945329,894365,0,62.9,21.0,2026-08-12
788,GENI,Communication Services,Internet Content & Information,NYSE,6279012,7.78,109.39,38,8,-43.34,95.2,38.7,0.9,7.0,15.0,4.9,74,36,6,12,0.6,0,0,0,0,0,0,2107188645.992512,277626957.0,0.13520001,0.647,9199038,6819857,0,13.6,25.5,2026-08-12
789,RIO,Basic Materials,Other Industrial Metals & Mining,NYSE,2737444,100.99,109.38,-3,8,-10.29,67.7,79.1,1.7,6.1,4.5,11.7,74,77,88,89,64.7,0,0,0,0,0,0,164479946725.8422,1626903553.0,0.0086,0.155,2536824,2747558,0,79.7,2.7,2026-08-12
790,SHC,Healthcare,Diagnostics & Research,NASDAQ,3039307,19.11,109.33,3,-28,-3.73,43.9,92.6,3.3,5.2,9.7,14.1,74,71,40,72,43.3,0,0,0,0,0,0,5382168807.878952,285374795.0,0.0641,0.092,3033521,2883842,0,56.6,16.8,2026-08-12
791,KURA,Healthcare,Biotechnology,NASDAQ,1360630,9.93,109.33,-9,-13,-20.5,60.3,63.0,4.9,0.5,-1.4,3.2,74,83,79,48,72.6,0,0,0,0,0,0,849570645.9582138,88774365.0,0.1588,0.295,1197162,1584466,0,70.7,12.6,2026-08-12
792,RL,Consumer Cyclical,Apparel Manufacturing,NYSE,606325,397.72,109.28,12,5,-5.66,38.9,86.1,1.7,3.1,1.9,9.2,74,62,55,77,46.2,0,0,0,0,0,0,23566562918.93777,59582239.0,0.0995,0.14,706977,662049,0,60.0,5.6,2026-08-12
793,CRGY,Energy,Oil & Gas E&P,NYSE,5980049,12.42,109.25,16,39,-13.09,55.6,69.9,5.3,8.5,11.6,13.3,74,58,81,54,38.6,0,0,0,0,0,0,3822770661.888794,330403696.0,0.1475,0.553,6097608,6092001,0,57.9,8.2,2026-08-12
794,EOG,Energy,Oil & Gas E&P,NYSE,3114783,143.4,109.19,3,4,-5.58,40.6,86.0,1.0,0.7,3.8,14.2,74,71,72,55,30.1,0,0,0,0,0,0,71766371058.0159,532628530.0,0.0365,0.587,3219920,3544320,0,57.0,23.6,2026-08-12
795,ASTH,Healthcare,Medical Care Facilities,NASDAQ,646380,34.48,109.17,-20,-22,-33.18,97.1,55.7,0.2,-7.4,-12.7,17.2,74,94,92,18,32.3,0,0,0,0,0,0,1773102944.4558792,49583418.0,0.103,0.485,579462,655302,2,59.1,46.3,2026-08-12
796,INDV,Healthcare,Drug Manufacturers - Specialty & Generic,NASDAQ,2061809,38.43,109.13,-18,-19,-10.23,73.8,84.1,-0.1,-2.2,-1.3,10.8,74,92,91,95,70.9,0,0,0,0,0,0,4581289818.165092,118013649.0,0.113299996,0.136,3110518,2045939,3,87.2,10.0,2026-08-12
797,BOBS,Consumer Cyclical,Specialty Retail,NYSE,1081066,18.35,109.1,13,-36,-21.88,86.3,67.0,3.4,9.0,19.8,,74,61,12,68,,0,0,0,0,0,0,2335378157.796959,130687076.0,0.24440001,0.088,1425069,1073901,0,47.0,,2026-08-12
798,EXK,Basic Materials,Silver,NYSE,6554792,10.59,109.06,38,93,-30.1,99.8,60.2,17.7,26.3,26.7,10.7,74,36,91,97,76.3,0,0,0,0,0,0,2825218318.3629847,296144479.0,3.47,1.394,8204246,6815039,2,75.1,-37.8,2026-08-12
799,SOBO,Energy,Oil & Gas Midstream,NYSE,695509,36.3,109.04,-10,-13,-6.78,45.0,84.8,0.8,-1.2,-0.1,14.5,74,84,81,65,41.7,0,0,0,0,0,0,7429908860.943844,208588127.0,8.29,0.042,550907,833907,0,67.9,25.3,2026-08-12
800,ALGT,Industrials,Airlines,NASDAQ,502960,88.34,109.02,-14,-41,-28.54,51.1,45.1,-12.5,-13.9,-15.6,-3.8,74,88,61,93,69.2,0,0,0,0,0,0,2569757791.404724,26877500.0,0.072,0.369,509800,574652,1,77.8,11.1,2026-08-12
801,GS,Financial Services,Capital Markets,NYSE,1977422,1034.41,109.0,-12,-21,-10.36,44.9,73.7,0.1,-1.0,-1.7,11.8,74,86,77,81,51.5,0,0,0,0,0,0,302704703205.6738,291171408.0,0.0215,0.425,1977937,2178577,0,73.9,19.1,2026-08-12
802,CDNL,Industrials,Engineering & Construction,NASDAQ,756942,38.27,108.99,-24,-26,-60.3,63.3,19.3,-37.5,-42.4,-47.8,,74,98,96,50,,0,1,0,0,0,1,1273349376.0,19896084.0,0.115200005,1.048,741086,758253,2,81.3,,2026-08-12
803,JBLU,Industrials,Airlines,NASDAQ,35131822,5.81,108.99,15,-11,-12.24,43.4,72.0,-4.6,0.5,4.1,14.5,74,59,33,80,43.4,0,0,0,0,0,0,2290285003.4399285,377312181.0,0.2628,0.145,34606576,32005045,0,53.9,6.2,2026-08-12
804,BDX,Healthcare,Medical Instruments & Supplies,NYSE,1844668,181.41,108.98,30,19,-3.17,32.4,96.1,5.5,10.5,17.4,17.5,74,44,33,71,29.1,0,0,0,0,0,0,48174329614.25171,272386800.0,0.0429,-0.095,2061096,2284897,0,44.3,3.2,2026-08-12
805,AVAH,Healthcare,Medical Care Facilities,NASDAQ,1978358,8.95,108.95,-14,-57,-13.28,45.5,69.9,-4.2,-5.0,4.6,12.1,74,88,45,59,54.1,0,0,0,0,0,0,2064170296.245901,217510047.0,0.0507,0.159,1668695,2124527,0,61.5,27.0,2026-08-12
806,DBRG,Financial Services,Asset Management,NYSE,3516501,15.94,108.93,2,11,-0.06,73.7,99.9,0.3,0.5,0.9,8.3,74,72,81,88,57.3,0,0,0,0,0,0,2946995953.181032,184880554.0,0.098500006,,3752153,3037952,0,74.6,3.2,2026-08-12
807,IMO,Energy,Oil & Gas Integrated,NYSE ARCA,508402,129.56,108.86,-4,2,-7.09,58.0,85.9,2.1,3.1,7.4,15.2,74,78,84,87,60.1,0,0,0,0,0,0,62129882709.10014,497237969.0,0.22219999,0.426,536198,545445,0,77.3,6.5,2026-08-12
808,HBNC,Financial Services,Banks - Regional,NASDAQ,646720,20.38,108.84,0,-12,-3.14,36.5,95.3,0.0,0.4,3.3,14.6,74,74,62,66,42.2,0,0,0,0,0,0,1043320044.0580902,51093048.0,0.0297,0.169,575560,712732,0,61.1,18.7,2026-08-12
809,RSI,Consumer Cyclical,Gambling,NYSE,2827649,25.15,108.82,-20,-22,-27.16,52.8,45.0,-8.7,-17.5,-18.1,6.4,74,94,92,63,38.9,0,0,0,0,0,0,2876783416.322508,115626347.0,0.0964,0.463,3709517,3047121,2,72.0,33.9,2026-08-12
810,ASB,Financial Services,Banks - Regional,NYSE,1938226,31.88,108.8,0,-11,-0.38,33.3,100.0,2.3,3.1,6.1,16.6,73,73,62,69,42.6,0,0,0,0,0,0,5907217463.19277,188849659.0,0.0,0.235,1403198,2083857,0,61.6,17.1,2026-08-12
811,AU,Basic Materials,Gold,NYSE,2604437,97.44,108.73,19,53,-24.55,87.8,60.1,10.0,17.1,16.5,6.5,73,54,88,96,69.3,0,0,0,0,0,0,48665118429.71411,505769256.0,0.013200001,0.27,3286972,3246380,1,76.8,-19.4,2026-08-12
812,PKG,Consumer Cyclical,Packaging & Containers,NYSE,671015,257.43,108.72,12,6,-0.53,33.7,98.3,1.1,4.0,8.4,16.9,73,61,55,72,38.3,0,0,0,0,0,0,22812818339.220978,89098647.0,0.0466,0.147,548637,665387,0,56.6,9.8,2026-08-12
813,AUB,Financial Services,Banks - Regional,NYSE,1086520,42.15,108.7,0,-14,-3.37,35.6,92.1,0.0,-0.1,3.0,12.6,73,73,59,75,40.6,0,0,0,0,0,0,5966806180.54541,142814896.0,0.0713,0.358,807251,1180912,0,61.9,17.2,2026-08-12
814,PRU,Financial Services,Insurance - Life,NYSE,1868707,122.32,108.66,6,-18,-4.23,33.4,96.3,0.5,1.4,7.9,15.2,73,67,43,43,26.4,0,0,0,0,0,0,41841599578.85742,345000000.0,0.0403,0.141,2222091,1906048,0,44.8,27.5,2026-08-12
815,VOD,Communication Services,Telecom Services,NASDAQ,5024136,15.9,108.55,-3,0,-4.27,44.0,94.3,1.5,2.2,8.0,12.3,73,76,79,89,47.5,0,0,0,0,0,0,37415133392.968544,2311002604.0,0.0039,,5227220,4346728,0,72.9,11.3,2026-08-12
816,WOLF,Technology,Semiconductors,NYSE,4286900,30.14,108.52,-17,-8,-62.71,114.3,28.8,15.0,17.0,-17.8,11.7,73,90,99,34,,0,0,1,0,0,1,1708322904.3578072,51972101.0,4.77,-0.19,4899010,5475420,2,74.3,,2026-08-12
817,CERT,Healthcare,Health Information Services,NASDAQ,4010601,8.13,108.48,49,32,-41.43,78.8,38.7,-0.4,4.2,20.0,8.1,73,24,7,13,2.3,0,0,0,0,0,0,1250817966.905537,152538780.0,0.29610002,0.01,4499084,4364758,0,11.6,14.7,2026-08-12
818,VG,Energy,Oil & Gas Midstream,NYSE,14652665,13.22,108.46,-3,2,-24.97,131.8,67.2,3.2,1.6,9.1,26.1,73,76,81,31,21.1,0,0,0,0,0,0,32942588046.424427,2484358030.0,1.0785,0.589,12504217,14378095,0,52.3,35.9,2026-08-12
819,RVTY,Healthcare,Diagnostics & Research,NYSE,1455830,115.73,108.45,3,-14,-2.17,43.3,100.0,2.8,4.7,8.5,18.2,73,70,53,46,46.2,0,0,0,0,0,0,12791443980.72409,111559773.0,0.0999,0.013,1751551,1472892,0,53.8,18.4,2026-08-12
820,JCI,Industrials,Building Products & Equipment,NYSE,3925550,154.76,108.45,-3,-3,-1.46,47.6,96.2,1.2,4.5,5.6,15.4,73,76,76,81,51.8,0,0,0,0,0,0,92199913215.56778,605741470.0,0.0202,0.093,4037661,4314282,0,71.2,11.1,2026-08-12
821,SFNC,Financial Services,Banks - Regional,NASDAQ,1464449,23.7,108.44,0,-15,-2.55,38.1,95.9,0.6,1.9,4.7,16.2,73,73,58,63,32.9,0,0,0,0,0,0,3390293357.6336746,144513789.0,0.0498,0.143,1295327,1547111,0,56.7,23.5,2026-08-12
822,NEM,Basic Materials,Gold,NYSE,7535750,117.21,108.43,24,61,-13.1,74.9,78.1,11.4,19.0,19.3,12.3,73,49,86,95,68.6,0,0,0,0,0,0,119046156314.75496,1053692271.0,0.0216,0.151,7659340,8231038,1,74.7,-22.7,2026-08-12
823,IFF,Basic Materials,Specialty Chemicals,NYSE,1923285,85.0,108.38,12,7,-4.84,40.8,85.2,0.7,4.5,7.3,15.1,73,61,56,69,39.8,0,0,0,0,0,0,21928015140.145126,255303473.0,0.0808,0.018,1890265,1954231,0,56.5,9.5,2026-08-12
824,ADM,Consumer Defensive,Farm Products,NYSE,3652955,80.46,108.37,-11,-12,-9.04,42.4,75.8,0.9,-2.6,-0.5,13.5,73,84,83,78,45.4,0,0,0,0,0,0,36913048637.95248,481956527.0,0.0456,0.072,4629306,3665537,0,72.6,20.6,2026-08-12
825,LTRX,Technology,Communication Equipment,NASDAQ,845097,5.91,108.35,9,36,-32.46,113.5,59.0,6.4,10.4,4.0,4.1,73,64,91,92,80.8,0,0,0,0,0,0,266313314.73074389,44608597.0,0.0641,0.059,636792,1120772,2,81.9,-16.7,2026-08-12
826,TTE,Energy,Oil & Gas Integrated,NYSE,1601793,87.95,108.33,3,17,-6.61,52.8,83.7,1.1,2.9,5.2,12.0,73,70,84,77,51.2,0,0,0,0,0,0,190442658461.0092,2218835540.0,0.0026,0.278,1210689,1620477,0,70.5,6.6,2026-08-12
827,SKM,Communication Services,Telecom Services,NYSE,2491107,33.67,108.27,-3,10,-28.64,78.1,58.4,3.9,5.7,1.5,18.6,73,76,89,89,59.8,0,0,0,0,0,0,13152006620.936523,383888128.0,0.0147,0.005,1946113,2828296,0,78.5,4.2,2026-08-12
828,UNP,Industrials,Railroads,NYSE,2896602,292.87,108.24,-3,-10,-7.32,36.7,85.3,0.2,-0.6,4.3,15.9,73,76,69,68,41.6,0,0,0,0,0,0,174141353629.49927,594075498.0,0.0529,0.115,2537647,2836871,0,63.7,19.5,2026-08-12
829,HRMY,Healthcare,Biotechnology,NASDAQ,890514,39.52,108.23,9,-27,-3.3,53.6,94.9,4.9,8.9,12.0,18.7,73,64,28,37,21.8,0,0,0,0,0,0,2236859846.243832,58236393.0,0.1182,0.303,876792,874284,0,37.7,30.1,2026-08-12
830,PUMP,Energy,Oil & Gas Equipment & Services,NYSE,4450305,11.65,108.22,-20,-18,-37.03,156.4,51.7,4.6,-1.5,-13.1,-7.7,73,93,95,90,86.0,0,0,0,0,0,0,1348606552.4356728,122823917.0,0.16399999,-0.062,3913455,4576791,3,91.0,3.9,2026-08-12
831,LNC,Financial Services,Insurance - Life,NYSE,2070135,44.43,108.2,5,-34,-6.8,35.3,79.9,-3.8,0.7,10.7,12.6,73,68,29,61,22.9,0,0,0,0,0,0,8812320642.379639,191447336.0,0.0005,0.126,2594917,1947517,0,45.2,27.9,2026-08-12
832,YOU,Technology,Software - Application,NYSE,1403619,48.28,108.15,-17,-14,-30.1,55.9,50.5,-14.3,-14.6,-14.6,1.7,73,90,93,65,51.5,0,0,0,0,0,0,5278307797.427879,102911049.0,0.1761,0.266,1992118,1470449,2,74.9,24.0,2026-08-12
833,ETN,Industrials,Specialty Industrial Machinery,NYSE,2339858,459.29,108.1,8,10,0.33,45.6,100.0,4.7,9.9,11.7,21.9,73,65,67,64,35.6,0,0,0,0,0,0,174222441156.00586,388300000.0,0.020599999,0.214,2848155,2417545,0,57.9,14.7,2026-08-12
834,AME,Industrials,Specialty Industrial Machinery,NYSE,1091177,256.3,108.09,5,7,-0.64,44.2,100.0,3.1,5.6,8.8,16.5,73,68,70,76,49.3,0,0,0,0,0,0,58154407992.61975,229261244.0,0.015800001,0.15,1287723,1164676,0,65.8,7.6,2026-08-12
835,SFL,Industrials,Marine Shipping,NYSE,1341866,11.55,108.09,-9,-7,-10.74,72.8,83.6,-1.9,-0.2,4.3,17.6,73,82,84,75,38.0,0,0,0,0,0,0,1605222862.2938232,132992784.0,0.0305,-0.067,1254529,1503717,0,69.7,23.2,2026-08-12
836,KODK,Industrials,Specialty Business Services,NYSE,850714,10.08,108.08,39,86,-32.21,86.6,51.8,8.1,16.6,13.2,14.6,73,34,81,63,55.8,0,0,0,0,0,0,982915996.2654114,97900000.0,0.10609999,0.183,1069812,933142,0,58.4,-21.4,2026-08-12
837,SEIC,Financial Services,Asset Management,NASDAQ,743908,104.63,108.07,6,5,-2.21,40.4,100.0,1.1,3.3,10.7,22.2,73,67,66,37,28.0,0,0,0,0,0,0,12566007989.130524,120019182.0,0.020599999,0.147,591614,706298,0,49.5,25.6,2026-08-12
838,LMT,Industrials,Aerospace & Defense,NYSE,1154000,597.77,107.95,36,53,-13.62,40.6,71.5,3.0,7.2,12.6,10.5,72,36,53,86,50.0,0,0,0,0,0,0,135693426043.61992,230790753.0,0.0162,0.105,1132961,1242334,0,56.2,-18.7,2026-08-12
839,RF,Financial Services,Banks - Regional,NYSE,9449036,31.6,107.93,-2,-22,-2.68,35.3,91.2,0.4,1.0,4.5,13.1,72,74,54,77,36.2,0,0,0,0,0,0,26776144633.568253,851929506.0,0.0864,0.034,7770780,10291388,0,60.3,20.3,2026-08-12
840,BTX,Financial Services,Asset Management,NYSE,640766,8.6,107.9,-8,-5,-8.85,42.4,81.9,6.0,7.0,2.2,19.2,72,80,83,42,26.0,0,0,0,0,0,0,1001374356.5157108,116710299.0,0.37,,470339,697489,0,57.7,34.3,2026-08-12
841,WTW,Financial Services,Insurance Brokers,NASDAQ,579965,342.39,107.88,38,26,-2.95,40.5,91.1,0.0,6.7,17.7,13.9,72,34,22,32,12.5,0,0,0,0,0,0,32024101996.554382,92871937.0,0.045500003,0.091,642277,634311,0,25.1,12.3,2026-08-12
842,ABBV,Healthcare,Drug Manufacturers - General,NYSE,5936943,250.09,107.79,1,-24,-6.5,26.0,77.9,-0.2,-1.4,2.6,10.4,72,71,46,60,33.3,0,0,0,0,0,0,434781524937.2092,1767117285.0,0.014199999,0.102,5669780,7064872,0,52.6,23.5,2026-08-12
843,HTLD,Industrials,Trucking,NASDAQ,645542,11.8,107.77,-19,-26,-29.09,73.6,57.0,-0.1,-8.5,-15.3,7.2,72,91,84,83,63.1,0,0,0,0,0,0,956065204.6220398,77476920.0,0.0466,-0.125,745478,678793,1,80.3,16.3,2026-08-12
844,INN,Real Estate,REIT - Hotel & Motel,NYSE,930517,6.04,107.75,-12,-27,-15.76,50.6,67.1,-7.9,-9.9,-7.6,14.6,72,84,69,26,26.6,0,0,0,0,0,0,699968950.1843014,107853463.0,0.00029999999,0.032,853573,1645416,0,51.4,41.8,2026-08-12
845,RIOT,Financial Services,Capital Markets,NASDAQ,19946516,20.24,107.73,-2,18,-33.25,79.3,51.8,-2.5,-2.8,-13.4,9.6,72,74,94,80,73.8,0,0,0,0,0,0,7759663412.703896,378151230.0,0.1532,0.036,25865960,18310380,1,80.5,-3.1,2026-08-12
846,BIIB,Healthcare,Drug Manufacturers - General,NASDAQ,1305631,203.89,107.73,0,4,-7.2,62.0,91.2,1.3,2.0,3.1,12.4,72,72,76,81,64.7,0,0,0,0,0,0,30723966704.84753,147753998.0,0.045300003,0.034,1073765,1246257,0,73.4,1.4,2026-08-12
847,WERN,Industrials,Trucking,NASDAQ,1257112,36.43,107.67,-18,-29,-23.29,63.5,60.9,1.5,-6.1,-9.7,10.6,72,90,79,76,52.1,0,0,0,0,0,0,2249743020.890335,59977156.0,0.1009,0.24,1385516,1174567,1,74.3,22.9,2026-08-12
848,ABX,Financial Services,Insurance - Life,NYSE,642174,8.92,107.64,-21,-38,-28.3,69.9,50.3,-14.5,-16.1,-15.8,-1.7,72,93,76,80,54.4,0,0,0,0,0,0,913180977.7497748,95922367.0,0.2068,0.299,552232,627538,1,75.9,23.6,2026-08-12
849,FLS,Industrials,Specialty Industrial Machinery,NYSE,1860279,80.86,107.64,13,5,-12.5,64.9,74.2,3.0,8.9,8.7,8.1,72,59,51,88,59.1,0,0,0,0,0,0,10162666373.08258,127112780.0,0.0738,-0.016,1934799,1912755,0,64.3,-5.0,2026-08-12
850,TREX,Industrials,Building Products & Equipment,NYSE,2207301,49.74,107.62,37,26,-24.7,64.4,54.3,4.5,8.9,8.4,22.1,72,35,24,31,4.0,0,0,0,0,0,0,5108700314.685745,103898729.0,0.1153,0.078,2604493,2146036,0,23.5,17.4,2026-08-12
851,RDNT,Healthcare,Diagnostics & Research,NASDAQ,826848,76.34,107.62,31,10,-11.07,48.4,76.9,9.8,16.7,24.0,16.1,72,41,20,51,31.8,0,0,0,0,0,0,5691939340.840851,78634236.0,0.15100001,0.221,959685,907363,0,35.9,4.7,2026-08-12
852,SNDA,Healthcare,Medical Care Facilities,NYSE,504569,38.92,107.56,-12,-17,-12.32,54.5,77.4,-2.3,-3.8,0.7,12.7,72,84,79,75,61.2,0,0,0,0,0,0,1908054120.9776728,47346257.0,0.094,0.385,477257,675471,0,74.8,13.7,2026-08-12
853,EWBC,Financial Services,Banks - Regional,NASDAQ,808812,133.04,107.55,-2,-8,-2.35,43.2,97.4,2.0,2.0,3.6,14.9,72,74,68,75,45.3,0,0,0,0,0,0,18042407287.320587,136996262.0,0.0361,0.163,573007,906335,0,65.6,14.8,2026-08-12
854,DT,Technology,Software - Application,NYSE,5028411,49.66,107.45,8,-31,-6.8,53.2,92.5,3.9,9.0,12.9,20.1,72,64,25,17,15.4,0,0,0,0,0,0,14152434560.9458,289002128.0,0.0437,0.162,6693333,5426724,0,30.4,37.6,2026-08-12
855,BKR,Energy,Oil & Gas Equipment & Services,NASDAQ,9366990,64.81,107.44,1,12,-7.95,51.2,80.2,3.3,7.7,8.2,12.4,72,71,82,85,56.5,0,0,0,0,0,0,61099088312.69978,992674071.0,0.0306,-0.024,7697182,8695616,0,73.6,3.4,2026-08-12
856,CURB,Real Estate,REIT - Retail,NYSE,1502795,29.59,107.4,-7,-15,-7.96,37.4,83.1,-0.2,-2.0,-1.0,12.6,72,79,71,66,44.8,0,0,0,0,0,0,3407426397.0437527,115038025.0,0.2945,0.529,1074285,1352501,0,65.2,20.5,2026-08-12
857,VIST,Energy,Oil & Gas E&P,NYSE,910761,66.13,107.34,-11,-8,-18.8,95.9,70.9,-1.5,-0.5,-2.2,8.7,72,83,86,67,59.4,0,0,0,0,0,0,7316111866.292084,110917404.0,0.025999999,1.023,762793,867294,0,73.8,14.7,2026-08-12
858,OPLN,Consumer Cyclical,Auto & Truck Dealerships,NYSE,856118,36.5,107.28,-15,-20,-14.92,44.3,58.9,-7.9,-9.5,-9.6,10.7,72,87,82,73,32.4,0,0,0,0,0,0,4541049829.687786,122797455.0,0.0291,0.151,995416,1030419,0,68.6,30.6,2026-08-12
859,SPT,Technology,Software - Application,NASDAQ,1144185,9.9,107.23,17,-30,-38.24,91.4,42.1,6.2,11.0,20.4,17.4,72,55,8,8,0.9,0,0,0,0,0,0,621491272.0913773,60105538.0,0.0955,0.108,1453995,1301501,0,18.0,41.2,2026-08-12
860,ZM,Technology,Software - Application,NASDAQ,3159491,106.06,107.14,7,13,-7.56,50.7,84.0,5.1,10.8,12.6,18.4,72,65,71,63,54.0,0,0,0,0,0,0,30642766781.0,293232218.0,0.027,0.055,3097765,3655785,0,63.2,5.3,2026-08-12
861,PBA,Energy,Oil & Gas Midstream,NYSE,908008,48.69,107.11,-9,-13,-5.6,37.1,84.2,1.0,-1.3,0.8,12.1,71,80,76,66,45.3,0,0,0,0,0,0,27623862500.0,581555000.0,7.71,0.201,868434,1161936,0,66.8,20.5,2026-08-12
862,MNST,Consumer Defensive,Beverages - Non-Alcoholic,NASDAQ,11479737,45.53,107.1,-15,-26,-54.62,1.0,0.8,-45.9,-49.2,-50.2,-43.2,71,86,75,80,1.2,0,0,0,0,0,0,88509959295.37515,979525882.0,0.026700001,0.202,11739852,11805190,0,60.5,44.7,2026-08-12
863,BKNG,Consumer Cyclical,Travel Services,NASDAQ,6375374,212.87,107.09,44,39,-8.17,37.7,77.8,4.1,9.4,16.8,14.4,71,27,22,23,9.5,0,0,0,0,0,0,166149432828.2752,774878436.0,0.0295,0.081,6933043,7342700,0,20.4,10.1,2026-08-12
864,RLI,Financial Services,Insurance - Property & Casualty,NYSE,908628,63.94,107.07,20,-11,-7.59,31.7,72.9,0.3,0.9,7.3,6.7,71,51,20,30,7.5,0,0,0,0,0,0,5894580098.075867,91773000.0,0.0943,0.152,796485,960453,0,27.1,29.0,2026-08-12
865,CNMD,Healthcare,Medical Devices,NYSE,711824,49.58,107.07,33,14,-12.46,54.1,73.3,0.5,7.2,24.9,23.6,71,38,19,26,7.2,0,0,0,0,0,0,1471205269.7686155,29951248.0,0.0923,0.003,598112,681516,0,22.6,19.7,2026-08-12
866,UNM,Financial Services,Insurance - Life,NYSE,1492351,89.85,107.06,4,2,-3.62,33.8,96.1,2.3,3.7,3.2,15.1,71,67,65,37,39.9,0,0,0,0,0,0,14469335451.5213,159776235.0,0.0248,0.003,1620823,1522898,0,52.2,19.8,2026-08-12
867,HIW,Real Estate,REIT - Office,NYSE,1497079,30.85,107.05,-8,-35,-12.95,52.2,77.8,-2.6,-4.4,0.8,17.7,71,79,52,24,18.2,0,0,0,0,0,0,3468076404.781391,110272697.0,0.1468,0.075,1453627,1881741,0,43.3,44.1,2026-08-12
868,FAST,Industrials,Industrial Distribution,NASDAQ,8791354,52.38,107.02,18,10,0.92,33.4,98.8,4.1,8.2,10.5,17.1,71,53,45,62,17.0,0,0,0,0,0,0,59486274359.41423,1147497573.0,0.0313,0.147,8821492,8230272,0,44.3,17.0,2026-08-12
869,PFGC,Consumer Defensive,Food Distribution,NYSE,1597655,113.96,107.01,-4,-33,-2.99,32.6,74.1,-5.4,-4.7,-1.1,11.3,71,75,46,54,18.5,0,0,0,0,0,0,18049624119.60009,157089851.0,0.0463,0.064,1573977,1580037,0,48.4,35.4,2026-08-12
870,FHI,Financial Services,Asset Management,NYSE,588553,63.0,106.97,6,6,-6.25,33.2,88.9,0.3,3.7,6.9,14.4,71,65,65,75,29.6,0,0,0,0,0,0,4715543336.567745,74660281.0,0.0545,0.183,609659,621425,0,58.7,15.7,2026-08-12
871,EMR,Industrials,Specialty Industrial Machinery,NYSE,2848832,164.38,106.87,32,43,-0.47,32.8,98.6,3.9,8.8,12.8,16.4,71,39,50,72,31.8,0,0,0,0,0,0,88277424935.91309,557800000.0,0.0211,0.07,3631566,2846859,0,48.2,-4.1,2026-08-12
872,MEOH,Basic Materials,Chemicals,NASDAQ,1003673,54.27,106.86,-7,4,-18.7,65.0,64.2,-0.5,-1.3,0.7,7.2,71,78,89,82,66.1,0,0,0,0,0,0,4121194325.424549,77364263.0,1.47,0.752,849411,947242,0,78.8,4.0,2026-08-12
873,JPM,Financial Services,Banks - Diversified,NYSE,8650823,362.04,106.81,6,-8,-0.26,29.1,100.0,2.2,3.6,8.4,16.2,71,65,51,57,33.8,0,0,0,0,0,0,950354699232.6942,2658186195.0,0.0111,0.304,6293360,9148170,0,51.7,18.6,2026-08-12
874,WAFD,Financial Services,Banks - Regional,NASDAQ,601106,38.06,106.67,-6,-16,-3.62,35.7,86.4,1.0,1.4,1.6,11.8,71,77,67,63,34.8,0,0,0,0,0,0,2749663032.7892227,73995238.0,0.0654,0.056,594290,614680,0,60.5,24.9,2026-08-12
875,WXM,Industrials,Industrial Distribution,NASDAQ,1506725,7.9,106.64,67,77,-81.29,73.1,5.5,12.6,25.5,18.8,-19.8,71,4,14,6,0.1,0,0,0,0,0,0,11706040.06248188,2827546.0,0.0375,-0.517,4211367,965284,0,6.0,0.5,2026-08-12
876,LSTR,Industrials,Integrated Freight & Logistics,NASDAQ,508356,177.74,106.61,-17,-28,-22.2,54.0,62.3,4.2,-2.3,-8.7,11.1,71,88,77,60,54.1,0,0,0,0,0,0,6210118092.171097,33936925.0,0.0537,0.181,668078,500441,0,69.8,23.7,2026-08-12
877,SANM,Technology,Electronic Components,NASDAQ,821972,202.75,106.61,-19,-15,-29.77,90.6,57.4,5.1,4.6,-6.6,16.2,71,90,94,81,70.5,0,0,0,0,0,0,10865791752.88739,53597356.0,0.0456,0.697,870818,1137961,2,83.9,11.2,2026-08-12
878,MMM,Industrials,Conglomerates,NYSE,3378239,183.13,106.59,26,10,-0.96,30.2,100.0,1.8,4.8,11.1,14.9,71,45,29,52,25.8,0,0,0,0,0,0,94325626921.58015,515722417.0,0.0212,0.025,2689257,3641727,0,38.0,9.8,2026-08-12
879,CF,Basic Materials,Agricultural Inputs,NYSE,2383749,117.8,106.57,-5,3,-17.02,57.7,71.4,0.5,-1.2,4.5,14.9,71,76,84,67,52.0,0,0,0,0,0,0,17305514934.57634,151338130.0,0.0719,0.176,2275229,2569325,0,69.7,13.0,2026-08-12
880,TXRH,Consumer Cyclical,Restaurants,NASDAQ,893909,209.82,106.55,9,-9,-1.61,37.5,100.0,2.6,5.4,13.2,21.1,71,62,44,53,30.1,0,0,0,0,0,0,13671759920.0,65729615.0,0.0404,0.111,1014737,1059357,0,47.3,19.5,2026-08-12
881,ASC,Industrials,Marine Shipping,NYSE,595701,16.21,106.55,-14,-10,-19.07,62.5,68.0,-1.3,0.9,2.6,13.5,71,85,89,79,60.9,0,0,0,0,0,0,681811642.5840912,40802614.0,0.0616,0.613,612183,616842,0,78.5,12.9,2026-08-12
882,MLI,Industrials,Metal Fabrication,NYSE,1559738,68.45,106.54,12,36,-3.75,50.6,91.5,0.2,4.5,6.3,12.0,71,59,83,78,57.2,0,0,0,0,0,0,15228338226.303986,221181388.0,0.0187,0.255,1128176,1509707,0,69.3,-5.3,2026-08-12
883,BCAT,Financial Services,Asset Management,NYSE,758856,16.11,106.53,-3,-6,-0.43,16.0,96.9,0.7,2.2,1.8,7.0,71,74,71,65,14.2,0,0,0,0,0,0,1680595442.7646255,104775271.0,2.56,,662610,718420,0,56.0,32.0,2026-08-12
884,VSTM,Healthcare,Biotechnology,NASDAQ,2483639,7.05,106.46,44,30,-37.33,101.4,47.8,10.8,13.3,38.4,9.4,71,27,13,18,5.7,0,0,0,0,0,0,610397571.6116734,90563441.0,0.23020001,,2106679,2666613,0,15.9,13.8,2026-08-12
885,PRMB,Consumer Defensive,Beverages - Non-Alcoholic,NYSE,3575730,23.61,106.44,1,-1,-9.92,65.4,85.8,1.8,1.4,-0.0,17.3,71,70,68,25,9.8,0,0,0,0,0,0,8540684730.068321,362354045.0,0.32669997,0.038,5575990,3437884,0,43.2,39.3,2026-08-12
886,CVBF,Financial Services,Banks - Regional,NASDAQ,1498765,22.82,106.39,1,-19,-2.35,27.4,94.3,1.0,1.3,4.2,13.3,71,70,50,60,29.8,0,0,0,0,0,0,3993760052.206821,176247135.0,0.0644,0.42,1383886,1617901,0,52.4,24.1,2026-08-12
887,NP,Financial Services,Insurance Brokers,NYSE,771500,31.27,106.38,-5,-4,-11.04,79.5,75.8,-4.3,-2.2,2.5,16.8,71,76,77,18,,0,0,0,0,0,0,4394203604.620323,137233090.0,0.0763,0.328,818730,862772,0,57.0,,2026-08-12
888,ACIW,Technology,Software - Infrastructure,NASDAQ,1135545,52.24,106.37,-6,-51,-14.47,37.1,65.8,-4.8,-6.5,2.1,15.0,71,77,32,24,26.3,0,0,0,0,0,0,5418267599.615433,100955241.0,0.0671,0.073,1346885,1109545,0,39.8,40.4,2026-08-12
889,REGN,Healthcare,Biotechnology,NASDAQ,813009,797.0,106.33,31,52,-2.94,43.6,94.4,3.0,10.3,19.5,11.2,70,39,60,73,52.9,0,0,0,0,0,0,80753772879.5503,102954988.0,0.0359,0.167,925987,930029,0,56.2,-15.9,2026-08-12
890,EZPW,Financial Services,Credit Services,NASDAQ,1035357,26.97,106.32,-20,-17,-27.36,85.7,66.6,-0.3,-3.8,-8.3,10.1,70,90,93,91,74.6,0,0,0,0,0,0,1716853762.7258873,61535978.0,0.2498,0.347,1144442,1065120,3,87.1,7.2,2026-08-12
891,CCK,Consumer Cyclical,Packaging & Containers,NYSE,1054671,120.01,106.23,13,-8,-2.36,33.8,95.5,0.4,1.5,9.5,15.5,70,57,36,71,27.1,0,0,0,0,0,0,13126306338.118591,108760511.0,0.0436,0.165,795554,1112684,0,47.8,14.2,2026-08-12
892,SSB,Financial Services,Banks - Regional,NYSE,886468,110.38,106.19,16,0,-0.08,29.4,99.9,1.9,4.0,8.9,13.9,70,54,38,64,27.4,0,0,0,0,0,0,10484886882.428513,96974534.0,0.0346,-0.001,911706,862697,0,45.8,12.9,2026-08-12
893,ONB,Financial Services,Banks - Regional,NASDAQ,4634716,26.84,106.16,-1,-16,-1.9,38.2,97.3,1.2,1.5,4.8,14.5,70,71,56,70,39.6,0,0,0,0,0,0,10161058995.685575,382570000.0,0.0626,0.288,3924018,4473593,0,59.1,17.4,2026-08-12
894,ICLR,Healthcare,Diagnostics & Research,NASDAQ,797331,165.58,106.13,-3,-40,-18.8,108.8,70.9,2.4,0.2,3.7,13.5,70,73,36,11,13.2,0,0,0,0,0,0,12692638498.769272,77154209.0,0.038,0.012,911444,957026,0,33.3,46.0,2026-08-12
895,PAYX,Technology,Software - Application,NASDAQ,3119847,121.3,106.1,19,-11,-14.33,40.7,63.0,1.1,2.9,11.6,16.5,70,51,21,18,4.5,0,0,0,0,0,0,42696170840.03738,355682860.0,0.060599998,0.125,2927071,3389442,0,23.6,32.8,2026-08-12
896,TRMD,Energy,Oil & Gas Midstream,NASDAQ,509957,28.63,106.09,-15,-13,-18.96,56.2,63.8,-2.0,-2.1,0.1,9.3,70,85,87,83,56.7,0,0,0,0,0,0,3018806286.390026,102367118.0,0.0107,0.222,421352,706666,0,77.9,14.3,2026-08-12
897,LAMR,Real Estate,REIT - Specialty,NASDAQ,640758,153.82,106.08,-9,-13,-7.52,32.7,78.7,-2.4,-3.4,-1.5,11.3,70,79,75,59,42.1,0,0,0,0,0,0,16342389902.3479,101549684.0,0.0919,0.065,879516,658075,0,63.8,22.9,2026-08-12
898,LYV,Communication Services,Entertainment,NYSE,2146781,183.33,106.02,0,-4,-2.48,47.5,97.9,1.7,2.5,4.7,17.9,70,70,66,55,27.4,0,0,0,0,0,0,42086465026.42319,232959505.0,0.16,0.094,2509985,2360729,0,54.6,24.7,2026-08-12
899,SPG,Real Estate,REIT - Retail,NYSE,1599489,219.53,106.01,-7,-15,-7.95,30.3,76.1,-1.8,-2.9,-0.3,11.0,70,77,69,66,41.4,0,0,0,0,0,0,72287465471.50513,324289912.0,0.0,0.193,1520487,2023783,0,63.3,20.8,2026-08-12
900,ET,Energy,Oil & Gas Midstream,NYSE,9331168,20.78,106.01,-2,-1,-0.14,29.2,100.0,2.4,2.9,6.2,13.2,70,72,73,59,29.5,0,0,0,0,0,0,69313618078.39798,3443299601.0,0.0109,0.784,10837956,9071165,0,58.4,23.7,2026-08-12
901,TOST,Technology,Software - Infrastructure,NYSE,12344882,34.88,106.0,39,21,-23.58,52.5,51.5,0.1,5.7,17.8,12.5,70,31,13,16,2.6,0,0,0,0,0,0,19929439735.4126,578000000.0,0.08,0.231,10580226,11985969,0,15.7,19.0,2026-08-12
902,IBKR,Financial Services,Capital Markets,NASDAQ,4805066,89.78,105.98,-15,-19,-8.24,52.4,84.6,3.0,1.6,0.6,19.2,70,85,81,76,46.8,0,0,0,0,0,0,39793856588.54091,453078171.0,0.024,0.263,5576650,4873092,0,72.2,21.3,2026-08-12
903,CCC,Technology,Software - Application,NASDAQ,10380239,6.87,105.98,43,27,-32.22,65.2,47.3,7.8,11.9,26.8,11.0,70,27,11,11,1.6,0,0,0,0,0,0,4075843396.6167297,588994704.0,0.0892,0.098,10419768,10355653,0,12.6,17.5,2026-08-12
904,PSO,Communication Services,Publishing,NYSE,835253,16.16,105.98,-3,-13,-8.96,33.7,72.8,-2.9,-3.2,-0.1,13.1,70,73,63,25,18.8,0,0,0,0,0,0,9903291544.72557,601658086.0,0.0061000003,0.033,850540,817708,0,44.9,37.7,2026-08-12
905,ZLAB,Healthcare,Biotechnology,NASDAQ,879699,26.0,105.97,49,53,-29.29,56.4,47.3,20.9,25.0,33.0,29.7,70,21,25,18,1.8,0,0,0,0,0,0,2618048402.699066,112266228.0,0.0574,-0.033,1098488,963649,0,16.4,9.8,2026-08-12
906,CVS,Healthcare,Healthcare Plans,NYSE,7912737,93.5,105.96,-18,-23,-15.52,44.6,64.8,-4.7,-8.6,-7.2,11.1,70,88,83,62,52.6,0,0,0,0,0,0,122397460410.19218,1278970369.0,0.0154,0.071,8946593,8247316,0,71.4,23.4,2026-08-12
907,MUR,Energy,Oil & Gas E&P,NYSE,1676520,35.72,105.95,2,20,-17.58,59.3,63.7,-3.1,-4.7,-2.6,1.5,70,68,86,81,59.5,0,0,0,0,0,0,4783575198.006134,143349576.0,0.096,0.356,1928082,1845506,0,73.6,-0.2,2026-08-12
908,OKE,Energy,Oil & Gas Midstream,NYSE,3673489,91.52,105.84,-5,-9,-4.74,43.8,91.0,3.7,2.2,3.6,11.9,70,75,71,66,33.2,0,0,0,0,0,0,54447437916.21539,630032852.0,0.0464,0.528,4059098,3700215,0,61.3,23.1,2026-08-12
909,VET,Energy,Oil & Gas E&P,NYSE,1518941,11.35,105.77,12,41,-23.41,59.8,57.6,0.4,4.0,8.3,8.1,70,58,87,80,58.8,0,0,0,0,0,0,1659407947.5402832,152800000.0,9.97,0.231,1551094,1476474,0,70.9,-7.7,2026-08-12
910,LAUR,Consumer Defensive,Education & Training Services,NASDAQ,1058937,36.68,105.76,-13,-29,-10.37,44.4,76.6,-2.3,-0.8,0.0,9.0,70,83,67,84,54.7,0,0,0,0,0,0,5281310483.418884,137749360.0,0.039300002,0.175,1020563,1237612,0,72.2,15.5,2026-08-12
911,GEN,Technology,Software - Infrastructure,NASDAQ,4823129,29.01,105.72,2,-38,-9.96,60.1,75.3,1.1,4.5,9.6,17.7,70,68,28,24,6.7,0,0,0,0,0,0,17460493031.717804,598577065.0,0.060399998,0.063,5672419,5858177,0,31.7,43.4,2026-08-12
912,DAN,Consumer Cyclical,Auto Parts,NYSE,1435280,30.4,105.67,5,28,-23.15,63.8,55.6,5.0,7.2,2.6,1.2,70,65,88,95,66.7,0,0,0,0,0,0,3059480808.212145,107576679.0,0.056599997,0.039,1462902,1731326,1,78.7,-9.1,2026-08-12
913,SNDX,Healthcare,Biotechnology,NASDAQ,1694704,20.29,105.63,-17,-22,-20.71,58.3,57.7,0.9,-4.5,-3.0,-3.5,70,87,82,86,61.4,0,0,0,0,0,0,1807644516.9979568,88610027.0,0.239,0.918,1600134,1970624,0,79.1,13.5,2026-08-12
914,PGNY,Healthcare,Healthcare Plans,NASDAQ,1196404,26.57,105.62,-22,-59,-19.64,56.0,56.8,-15.3,-17.4,-12.4,7.4,70,92,55,24,18.9,0,0,0,0,0,0,2201139626.881428,78332370.0,0.0828,0.053,1271094,1308840,1,47.5,53.9,2026-08-12
915,GPN,Industrials,Specialty Business Services,NYSE,3369711,85.86,105.61,25,9,-5.49,41.7,94.6,2.1,5.1,16.6,18.8,70,45,29,38,17.4,0,0,0,0,0,0,22788936473.596115,264618390.0,0.0875,0.686,3522585,3864075,0,32.4,16.8,2026-08-12
916,FSM,Basic Materials,Gold,NYSE,5301366,10.83,105.57,37,83,-21.81,56.4,58.1,11.9,20.0,22.2,11.0,70,33,79,91,63.0,0,0,0,0,0,0,3074997352.538905,295957387.0,3.62,0.382,6096209,5296169,1,66.5,-31.2,2026-08-12
917,HRB,Consumer Cyclical,Personal Services,NYSE,2061075,46.67,105.55,16,-8,-16.59,91.2,100.0,16.7,22.4,34.2,40.9,70,54,30,13,9.9,0,0,0,0,0,0,5855053787.251347,126760207.0,0.2252,0.053,2522587,2162485,0,26.7,32.6,2026-08-12
918,TTI,Industrials,Conglomerates,NYSE,1691880,8.82,105.53,-21,-17,-29.67,123.0,57.4,4.6,4.1,-6.7,-6.2,69,90,94,97,83.4,0,0,0,0,0,0,1260099383.1811695,148072779.0,0.0715,0.068,1918262,1854526,3,91.1,1.5,2026-08-12
919,BBT,Financial Services,Banks - Regional,NYSE,729678,31.73,105.52,6,-3,-3.35,38.6,95.0,1.3,3.5,5.6,11.1,69,63,54,73,39.3,0,0,0,0,0,0,2658332756.139555,84364733.0,0.045100003,1.445,773036,839241,0,57.3,10.8,2026-08-12
920,OMC,Communication Services,Advertising Agencies,NYSE,3408068,85.95,105.51,9,-5,-1.67,27.1,96.3,3.7,4.2,8.7,11.1,69,60,46,32,24.8,0,0,0,0,0,0,24293927538.20108,285006196.0,0.097600006,0.634,3434524,3967460,0,40.7,24.6,2026-08-12
921,EXEL,Healthcare,Biotechnology,NASDAQ,2634443,51.33,105.43,-11,-18,-10.84,45.9,70.2,-6.3,-7.9,-6.9,8.5,69,80,73,61,42.8,0,0,0,0,0,0,13397556010.823029,247781692.0,0.1672,0.106,3294611,2706468,0,64.2,23.1,2026-08-12
922,CECO,Industrials,Pollution & Treatment Controls,NASDAQ,919330,73.97,105.41,-24,-24,-26.94,70.0,56.7,8.5,4.0,-7.4,10.9,69,93,93,96,68.3,0,0,0,0,0,0,4141942851.580856,58403031.0,0.0353,0.165,1202942,953878,3,87.6,11.7,2026-08-12
923,FLR,Industrials,Engineering & Construction,NYSE,2450150,52.95,105.38,13,14,-8.15,31.3,71.4,1.0,2.0,2.1,10.1,69,56,57,76,32.4,0,0,0,0,0,0,7961184072.0,139669896.0,0.0947,0.088,3367860,2634924,0,55.4,7.7,2026-08-12
924,CMI,Industrials,Specialty Industrial Machinery,NYSE,953906,632.95,105.32,-18,-16,-14.21,62.7,73.2,-0.3,-1.0,-4.3,8.4,69,87,89,88,65.1,0,0,0,0,0,0,88691723738.99976,137664487.0,0.0196,0.094,1154289,1057701,0,82.3,10.5,2026-08-12
925,OMF,Financial Services,Credit Services,NYSE,1059731,63.67,105.32,11,-5,-11.48,31.2,69.6,0.6,3.7,8.4,8.6,69,58,42,51,23.3,0,0,0,0,0,0,7471943060.471298,115041469.0,0.0513,-0.027,1035324,1074436,0,43.6,20.4,2026-08-12
926,PBR,Energy,Oil & Gas Integrated,NYSE,15429998,17.93,105.31,-10,-2,-19.38,53.9,59.3,-4.1,-3.6,0.3,7.5,69,79,87,73,53.6,0,0,0,0,0,0,115740814302.76636,6444366381.0,2.75,0.004,15185165,15014681,0,73.2,13.1,2026-08-12
927,WDAY,Technology,Software - Application,NASDAQ,4303476,181.27,105.31,44,29,-27.45,55.8,46.4,2.1,10.7,22.6,7.5,69,25,10,11,3.0,0,0,0,0,0,0,44366315616.81935,246973479.0,0.15630001,0.135,4197568,4793099,0,12.2,15.3,2026-08-12
928,REYN,Consumer Cyclical,Packaging & Containers,NASDAQ,1207738,26.13,105.27,-4,-44,-4.36,27.6,85.6,1.1,1.2,4.4,11.7,69,73,33,48,22.2,0,0,0,0,0,0,5590176939.132454,210790982.0,0.1469,0.006,1282276,1207333,0,44.1,34.4,2026-08-12
929,RYTM,Healthcare,Biotechnology,NASDAQ,731498,112.85,105.26,-2,-10,-7.65,55.1,100.0,7.7,9.5,14.2,18.7,69,71,63,79,35.6,0,0,0,0,0,0,7961366052.552109,68852082.0,0.1407,0.469,828765,832699,0,62.2,16.9,2026-08-12
930,DNOW,Industrials,Industrial Distribution,NYSE,2526260,16.66,105.25,26,11,-3.48,51.4,99.5,12.7,16.1,22.3,24.8,69,43,28,65,20.0,0,0,0,0,0,0,2988646465.774391,180910798.0,0.1313,1.081,3048691,2858988,0,39.0,8.6,2026-08-12
931,VEEV,Healthcare,Health Information Services,NYSE,1780326,236.58,105.25,37,20,-23.81,59.5,58.2,9.9,16.9,28.9,20.0,69,32,15,15,4.6,0,0,0,0,0,0,37438305475.06503,162443291.0,0.0533,0.163,1923509,2277609,0,16.7,18.8,2026-08-12
932,EW,Healthcare,Medical Devices,NYSE,4704482,93.66,105.2,1,-13,-2.73,28.1,90.5,3.6,6.7,5.3,10.4,69,68,54,36,26.5,0,0,0,0,0,0,51660776702.88086,575800000.0,0.0224,0.136,3756628,4920105,0,46.1,28.6,2026-08-12
933,AMP,Financial Services,Asset Management,NYSE,580425,562.98,105.18,12,-7,-0.37,31.3,100.0,1.7,4.0,12.8,17.9,69,57,38,37,19.0,0,0,0,0,0,0,48758168498.36182,88333219.0,0.0496,0.116,425595,651587,0,37.8,24.9,2026-08-12
934,TNL,Consumer Cyclical,Travel Services,NYSE,800973,73.82,105.17,8,0,-8.86,28.6,80.3,-1.8,-1.1,-0.1,5.4,69,61,53,81,36.6,0,0,0,0,0,0,4700335732.481918,61282085.0,0.13229999,0.044,786969,833945,0,57.9,9.0,2026-08-12
935,RIVN,Consumer Cyclical,Auto Manufacturers,NASDAQ,35322270,16.36,105.16,-1,-39,-27.9,33.1,37.8,0.3,-2.7,-3.9,-1.6,69,70,32,61,41.5,0,0,0,0,0,0,23165770080.0,1447860630.0,0.123900004,0.272,22827842,34161946,0,51.1,19.9,2026-08-12
936,FDS,Financial Services,Financial Data & Stock Exchanges,NYSE,939583,282.95,105.15,37,21,-27.03,46.3,44.5,1.0,3.9,10.5,12.4,69,32,16,10,1.9,0,0,0,0,0,0,10156452374.999817,35565543.0,0.1625,0.064,801701,974564,0,15.0,21.1,2026-08-12
937,DVA,Healthcare,Medical Care Facilities,NYSE,943540,178.34,105.13,-25,-36,-27.94,74.7,56.6,-10.9,-17.5,-16.2,13.9,69,94,83,61,48.5,0,0,0,0,0,0,11724526272.583008,63800000.0,0.137,0.052,1424232,903284,1,71.6,30.5,2026-08-12
938,CARG,Consumer Cyclical,Auto & Truck Dealerships,NASDAQ,1147001,36.18,105.06,33,35,-12.23,36.8,82.2,-0.2,2.8,11.7,8.9,69,36,38,22,34.5,0,0,0,0,0,0,3472529594.1961365,89073478.0,0.17,0.072,1096275,1277525,0,32.6,3.3,2026-08-12
939,ALGM,Technology,Semiconductors,NASDAQ,2704040,42.52,105.05,-23,-32,-40.76,86.3,42.0,0.5,-4.7,-15.9,10.1,69,92,83,87,50.2,0,0,0,0,0,0,8158817638.748085,186402046.0,0.1278,0.275,2646882,2968490,1,78.0,22.8,2026-08-12
940,CVX,Energy,Oil & Gas Integrated,NYSE,8375353,196.66,105.02,4,11,-8.41,34.0,77.4,2.2,2.8,7.1,11.1,69,65,72,75,36.1,0,0,0,0,0,0,365956702008.3695,1961603274.0,0.010299999,0.535,8595230,8626286,0,62.0,11.8,2026-08-12
941,VNO,Real Estate,REIT - Office,NYSE,1719044,38.8,104.97,-5,-47,-10.54,58.8,79.5,-0.8,-1.2,1.4,17.9,69,74,32,23,17.1,0,0,0,0,0,0,7429861362.0,188097756.0,0.0001,0.05,1767474,1759038,0,36.5,42.9,2026-08-12
942,TK,Energy,Oil & Gas Midstream,NYSE,521780,11.3,104.96,-9,-1,-21.42,59.0,64.8,3.6,4.8,4.4,5.7,69,78,86,88,61.1,0,0,0,0,0,0,984973787.1660995,87011821.0,0.061300002,0.435,503250,564344,0,78.3,5.6,2026-08-12
943,HROW,Healthcare,Drug Manufacturers - Specialty & Generic,NASDAQ,598966,39.42,104.94,13,-21,-28.13,35.6,40.1,-0.6,-3.3,-2.4,-4.3,69,56,22,86,24.4,0,0,0,0,0,0,1507405275.8904305,37275107.0,0.2044,-0.076,535768,690455,0,47.1,13.2,2026-08-12
944,POET,Technology,Semiconductors,NASDAQ,13030947,8.59,104.94,-8,14,-58.72,112.7,28.7,8.5,14.4,-7.5,11.7,69,77,99,74,62.8,0,0,1,0,0,1,1537776873.664856,172590000.0,0.158,2.019,13680222,20128158,1,78.2,5.5,2026-08-12
945,DOC,Real Estate,REIT - Healthcare Facilities,NYSE,6286172,20.51,104.92,-12,-20,-10.63,30.9,69.3,-3.2,-5.6,-2.7,12.6,69,81,73,39,31.0,0,0,0,0,0,0,14762778531.38649,689527260.0,0.0452,0.111,6340497,6642441,0,56.0,34.2,2026-08-12
946,SHEL,Energy,Oil & Gas Integrated,NYSE,6628113,90.5,104.9,6,14,-4.64,28.1,82.9,0.1,1.7,6.5,10.3,68,62,70,64,33.9,0,0,0,0,0,0,244581573511.5,2763633599.0,0.0182,0.447,6953404,6624599,0,57.5,12.9,2026-08-12
947,EQH,Financial Services,Asset Management,NYSE,2947962,51.35,104.9,11,-17,-7.04,46.8,84.8,3.6,5.1,12.2,17.1,68,57,29,32,10.1,0,0,0,0,0,0,14066771413.625576,273035157.0,0.0001,-0.298,3784658,3452171,0,32.0,31.2,2026-08-12
948,FIBK,Financial Services,Banks - Regional,NASDAQ,1204742,38.02,104.88,-7,-21,-6.35,31.5,84.5,1.3,0.7,2.0,8.6,68,75,61,78,41.5,0,0,0,0,0,0,3576781784.3713684,95304607.0,0.1459,0.074,1124258,1137427,0,63.9,17.5,2026-08-12
949,LYB,Basic Materials,Specialty Chemicals,NYSE,4922564,63.98,104.82,15,47,-23.78,48.5,51.2,2.3,3.4,4.9,6.8,68,53,85,60,37.7,0,0,0,0,0,0,19249831608.97168,323037952.0,0.048600003,0.198,4652054,5142820,0,58.9,3.0,2026-08-12
950,SBCF,Financial Services,Banks - Regional,NASDAQ,1015244,35.37,104.81,11,3,-0.76,23.7,100.0,1.8,3.7,8.3,11.3,68,57,49,71,37.4,0,0,0,0,0,0,3345234576.1299133,96823000.0,0.0639,0.383,1063013,1052030,0,53.6,7.8,2026-08-12
951,ASND,Healthcare,Biotechnology,NASDAQ,527165,254.57,104.8,-9,-8,-9.77,34.6,75.2,2.4,1.0,3.8,12.2,68,77,78,73,41.2,0,0,0,0,0,0,16753064950.508118,65592830.0,0.0561,1.443,530025,695285,0,67.3,18.6,2026-08-12
952,Q,Technology,Semiconductor Equipment & Materials,NYSE,1933938,138.24,104.78,-16,-10,-22.02,93.2,67.1,5.8,5.2,-2.2,,68,84,90,79,,0,0,0,0,0,0,28870778934.0,209208543.0,0.0242,0.221,2156355,2033977,1,84.3,,2026-08-12
953,XYZ,Technology,Software - Infrastructure,NYSE,5112438,79.07,104.78,-1,6,-8.85,59.5,82.1,-3.6,-2.8,1.9,15.4,68,69,76,22,14.3,0,0,0,0,0,0,47462805000.0,600795000.0,0.0346,0.093,5630466,5574797,0,45.3,36.0,2026-08-12
954,AAL,Industrials,Airlines,NASDAQ,107076209,15.29,104.77,-9,-49,-18.63,46.7,59.6,-4.9,-2.4,-4.8,7.6,68,77,37,56,36.7,0,0,0,0,0,0,10551800741.166355,661969951.0,0.096599996,0.163,50364499,117921465,0,51.7,28.4,2026-08-12
955,ESI,Basic Materials,Specialty Chemicals,NYSE,6015345,37.65,104.72,-18,-14,-23.55,67.3,59.3,2.8,2.4,-6.1,12.2,68,86,90,83,63.2,0,0,0,0,0,0,9230828591.884804,243686070.0,0.0529,0.564,3615137,5011939,1,80.6,11.6,2026-08-12
956,LNG,Energy,Oil & Gas Midstream,NYSE,1813674,265.43,104.54,1,-4,-11.79,42.0,73.4,2.6,2.4,7.0,14.3,68,67,62,43,24.1,0,0,0,0,0,0,52901662255.52271,206534158.0,0.020299999,0.227,1603314,2029842,0,49.0,26.8,2026-08-12
957,TTC,Industrials,Tools & Accessories,NYSE,546086,98.81,104.5,5,3,-6.07,44.0,88.6,1.0,2.6,4.2,9.9,68,63,61,81,41.0,0,0,0,0,0,0,9488670709.636503,95229534.0,0.0596,0.081,501399,808703,0,61.5,7.6,2026-08-12
958,WTFC,Financial Services,Banks - Regional,NASDAQ,668478,162.1,104.48,-4,-14,-3.06,35.2,90.8,1.2,1.1,2.3,10.9,68,72,62,75,40.0,0,0,0,0,0,0,10710222261.25,67465967.0,0.038900003,0.102,610945,612869,0,62.2,16.4,2026-08-12
959,GRND,Technology,Software - Application,NYSE,1807105,16.23,104.47,1,-16,-12.27,61.1,74.4,-7.2,-2.2,8.7,19.9,68,67,50,13,11.0,0,0,0,0,0,0,2946696685.100584,177725977.0,0.1815,0.325,1933066,1822779,0,35.3,40.5,2026-08-12
960,CSWC,Financial Services,Asset Management,NASDAQ,670189,25.05,104.47,2,6,-0.75,29.0,99.5,2.3,3.9,5.8,10.3,68,66,70,64,18.4,0,0,0,0,0,0,1601632024.2224102,63733867.0,0.0866,-0.04,706677,683461,0,54.6,23.8,2026-08-12
961,CRBG,Financial Services,Asset Management,NYSE,4454802,33.39,104.45,11,-18,-5.18,51.5,90.5,3.2,5.0,12.2,17.4,68,57,28,43,11.3,0,0,0,0,0,0,15013618676.998978,445772522.0,0.078099996,0.259,5898456,4871347,0,34.8,28.6,2026-08-12
962,NATL,Technology,Software - Application,NYSE,609035,46.86,104.41,-5,-2,-3.38,37.5,91.4,0.2,-0.3,3.5,11.7,68,73,76,78,34.3,0,0,0,0,0,0,3442119321.0293274,73896934.0,0.0623,0.001,699147,662463,0,65.3,18.0,2026-08-12
963,AKAM,Technology,Software - Infrastructure,NASDAQ,3817909,116.67,104.39,-22,-20,-29.48,70.6,57.0,4.2,4.3,-1.0,14.9,68,90,92,78,69.8,0,0,0,0,0,0,15917760131.835938,144000000.0,0.159,0.054,4176958,3920587,2,82.4,12.3,2026-08-12
964,PCTY,Technology,Software - Application,NASDAQ,792809,145.05,104.39,31,12,-20.66,53.2,58.0,0.9,7.7,20.8,16.8,68,37,18,12,3.1,0,0,0,0,0,0,8328153618.621826,55366000.0,0.0691,0.11,1020488,800435,0,17.5,23.8,2026-08-12
965,SENS,Healthcare,Medical Devices,NASDAQ,637140,7.87,104.31,55,57,-32.04,63.2,47.7,35.8,46.2,34.0,23.0,68,13,15,31,2.8,0,0,0,0,0,0,366464813.30430746,52202965.0,0.1262,0.872,823902,730246,0,15.5,1.3,2026-08-12
966,SGHC,Consumer Cyclical,Gambling,NYSE,2679950,12.97,104.3,-15,-16,-18.22,50.4,60.7,-5.4,-9.7,-8.2,7.5,68,83,82,31,26.7,0,0,0,0,0,0,6630402180.307957,508076788.0,0.1228,0.181,2630492,3077858,0,55.7,38.7,2026-08-12
967,MPLX,Energy,Oil & Gas Midstream,NYSE,1512005,59.3,104.23,3,1,-2.71,25.4,95.5,1.3,2.6,4.6,7.5,68,65,63,63,26.5,0,0,0,0,0,0,59665556524.32508,1013858251.0,0.0194,0.169,1725675,1503213,0,54.4,19.8,2026-08-12
968,MCK,Healthcare,Medical Distribution,NYSE,1023845,901.77,104.2,27,20,-9.73,33.3,65.3,1.5,2.7,8.7,4.7,68,41,34,79,38.5,0,0,0,0,0,0,101384649850.05109,116590363.0,0.033099998,0.077,1092767,1051101,0,48.1,-5.6,2026-08-12
969,HAPN,Financial Services,Banks - Regional,NASDAQ,1856698,19.23,104.19,-13,-35,-11.26,46.3,74.7,-0.9,0.8,2.2,10.7,68,81,59,65,37.9,0,0,0,0,0,0,2235442674.533798,115407464.0,0.052600004,0.065,1409355,2053609,0,60.7,27.0,2026-08-12
970,SLDE,Financial Services,Insurance - Property & Casualty,NASDAQ,1228148,20.62,104.18,-4,-13,-10.35,64.5,87.4,0.5,1.5,8.6,16.0,68,72,63,37,29.9,0,0,0,0,0,0,2468231524.437704,116811719.0,0.11350001,0.479,1106065,1185359,0,50.5,28.9,2026-08-12
971,GMAB,Healthcare,Biotechnology,NASDAQ,2146268,30.85,104.11,23,35,-12.93,43.7,70.9,5.2,7.3,13.9,8.3,67,44,56,70,55.7,0,0,0,0,0,0,19485391250.0,623532520.0,0.0125,0.249,2254994,1942756,0,56.4,-12.3,2026-08-12
972,TWO,Real Estate,REIT - Mortgage,NYSE,3226859,11.99,104.1,-7,-4,-15.38,35.1,60.3,-0.1,-0.3,-1.2,6.5,67,74,77,61,31.2,0,0,0,0,0,0,1274233279.1682816,105134760.0,0.0506,6.202,5204387,2456065,0,60.8,23.7,2026-08-12
973,KO,Consumer Defensive,Beverages - Non-Alcoholic,NYSE,17123698,86.48,104.08,-4,-10,-4.88,32.0,89.9,-0.4,1.5,4.5,12.9,67,71,65,65,30.2,0,0,0,0,0,0,374536924733.4883,4302549243.0,0.0112,0.067,16446844,18479968,0,57.8,22.2,2026-08-12
974,IRM,Real Estate,REIT - Specialty,NYSE,2100648,122.39,104.05,-9,-5,-9.13,57.7,83.9,0.7,0.2,-0.3,15.4,67,76,80,67,47.0,0,0,0,0,0,0,36066696128.05844,297702812.0,0.0377,0.185,2206815,1880429,0,67.5,15.9,2026-08-12
975,PYPL,Financial Services,Credit Services,NASDAQ,16558538,59.0,104.05,44,45,-25.52,51.5,54.3,1.1,2.8,20.0,14.4,67,23,24,12,5.0,0,0,0,0,0,0,50532073566.11406,855460874.0,0.071100004,0.048,10399256,16924009,0,16.0,11.1,2026-08-12
976,ELV,Healthcare,Healthcare Plans,NYSE,1436814,390.37,104.05,-14,-22,-10.51,42.2,81.1,2.9,3.9,0.8,13.1,67,81,73,40,45.9,0,0,0,0,0,0,85489876765.3302,216869290.0,0.0311,0.014,992662,1585082,0,60.0,26.6,2026-08-12
977,OSW,Consumer Cyclical,Leisure,NASDAQ,900069,25.99,104.02,-6,-14,-11.14,37.3,77.7,1.4,0.9,1.2,15.4,67,73,65,56,32.1,0,0,0,0,0,0,2660281148.595154,101498712.0,0.0627,0.085,1185508,924141,0,56.5,24.6,2026-08-12
978,COLB,Financial Services,Banks - Regional,NASDAQ,2844673,31.71,104.02,-9,-25,-5.85,34.0,85.7,2.5,1.4,2.7,10.1,67,76,60,74,40.3,0,0,0,0,0,0,8837866787.56881,282902268.0,0.0342,0.351,2586229,2958503,0,62.6,19.9,2026-08-12
979,KEY,Financial Services,Banks - Regional,NYSE,10196131,22.69,103.98,-7,-13,-5.73,36.4,84.7,0.5,0.1,0.6,8.8,67,74,68,79,39.7,0,0,0,0,0,0,24367355059.26132,1072035000.0,0.0,0.101,8991595,11312023,0,65.2,16.8,2026-08-12
980,CLBT,Technology,Software - Infrastructure,NASDAQ,1441746,16.03,103.94,3,-37,-19.77,38.3,49.5,-1.3,0.7,4.4,0.5,67,64,24,21,20.1,0,0,0,0,0,0,3993531527.2622433,249439817.0,0.0502,0.193,996070,1716402,0,32.3,34.5,2026-08-12
981,PRKS,Consumer Cyclical,Leisure,NYSE,663801,44.14,103.87,1,-34,-22.49,48.9,57.0,-2.1,-2.5,-2.4,15.2,67,66,31,26,6.2,0,0,0,0,0,0,2122512768.3015137,47135528.0,0.2942,-0.014,815083,784582,0,32.3,41.4,2026-08-12
982,MRTN,Industrials,Trucking,NASDAQ,678235,14.51,103.83,-19,-26,-21.48,59.0,62.6,0.8,-5.1,-10.8,8.6,67,86,79,68,36.9,0,0,0,0,0,0,1220841935.9742727,81661669.0,0.0968,-0.028,770035,795389,0,67.5,28.8,2026-08-12
983,GOOGL,Communication Services,Internet Content & Information,NASDAQ,30077145,343.8,103.78,-18,-12,-15.86,72.4,70.9,-3.5,-1.0,-3.1,3.9,67,85,91,86,68.5,0,0,0,0,0,0,4333065761332.104,12229934831.0,0.0134000005,0.242,31822077,34305865,1,82.6,7.5,2026-08-12
984,DVN,Energy,Oil & Gas E&P,NYSE,11332605,45.4,103.69,-4,3,-13.87,41.3,64.5,1.6,1.7,2.9,6.1,67,71,78,80,45.0,0,0,0,0,0,0,47277999496.45996,1100000000.0,0.0286,0.642,10383456,12954719,0,68.5,10.5,2026-08-12
985,CLPT,Healthcare,Medical Devices,NASDAQ,621771,14.9,103.69,-8,-48,-50.5,75.3,31.1,6.0,4.4,-2.0,10.2,67,75,35,49,50.5,0,0,0,0,0,0,433465066.8336439,30504227.0,0.1275,0.181,815743,789606,0,52.4,21.5,2026-08-12
986,CP,Industrials,Railroads,NYSE,2711893,91.92,103.68,-4,-10,-2.16,34.6,95.9,2.2,1.5,3.4,14.0,67,71,65,61,32.0,0,0,0,0,0,0,80541240917.3432,879079224.0,0.0217,0.126,3315711,2707716,0,57.2,22.1,2026-08-12
987,GOOG,Communication Services,Internet Content & Information,NASDAQ,19935991,343.0,103.67,-17,-10,-15.2,71.0,71.5,-3.5,-1.1,-3.0,3.8,67,84,91,85,67.9,0,0,0,0,0,0,4322915079642.6895,12229934831.0,2.47,0.242,20667104,23073628,1,82.0,7.2,2026-08-12
988,DD,Basic Materials,Specialty Chemicals,NYSE,1580566,144.49,103.63,-4,7,-8.54,59.9,84.1,1.4,3.0,3.3,7.3,67,71,82,89,65.3,0,0,0,0,0,0,19239572813.09738,135042975.0,0.0354,0.04,2288350,1501490,0,76.8,-1.9,2026-08-12
989,HAFN,Industrials,Marine Shipping,NYSE,1258643,7.32,103.63,-14,-6,-23.23,43.8,53.6,-0.6,-0.3,1.6,6.4,67,81,89,77,44.2,0,0,0,0,0,0,3753357714.940863,499781305.0,0.026300002,0.225,951881,1556288,0,72.8,18.4,2026-08-12
990,RKLB,Industrials,Aerospace & Defense,NASDAQ,20535856,80.01,103.62,-9,13,-47.01,105.6,37.6,8.4,15.0,-6.8,3.7,67,76,98,96,73.1,0,0,1,0,0,1,51753736135.827255,624818725.0,0.0797,0.635,21115880,24338826,2,85.8,-4.7,2026-08-12
991,ENPH,Technology,Solar,NASDAQ,5190684,42.3,103.61,-14,-18,-42.64,56.1,31.7,1.8,3.6,-11.7,1.4,67,81,77,75,32.7,0,0,0,0,0,0,5518391330.624313,131798220.0,0.2087,-0.196,5374073,5985332,0,66.4,25.7,2026-08-12
992,RVLV,Consumer Cyclical,Internet Retail,NYSE,836141,23.79,103.61,20,-5,-24.91,35.8,45.0,-5.3,-5.8,3.1,-2.7,67,47,22,61,28.6,0,0,0,0,0,0,1725243175.9403229,71085420.0,0.1351,0.124,1119035,931089,0,39.6,8.9,2026-08-12
993,GPC,Consumer Cyclical,Auto Parts,NYSE,1830232,135.09,103.59,15,-21,-10.87,44.9,73.1,2.0,4.8,13.3,12.5,67,52,16,34,10.4,0,0,0,0,0,0,18697919650.68335,137859758.0,0.0758,0.06,1201448,1826923,0,28.1,28.0,2026-08-12
994,AA,Basic Materials,Aluminum,NYSE,6057743,54.08,103.57,15,53,-35.91,74.6,40.2,5.8,10.2,-5.4,-9.5,67,52,90,94,70.1,0,0,0,0,0,0,13240336372.417374,263909445.0,0.0341,0.314,5189431,5968726,2,76.5,-21.2,2026-08-12
995,SHLS,Technology,Solar,NASDAQ,5760587,8.73,103.52,-21,-30,-33.76,87.0,46.7,-4.4,-10.9,-16.3,-5.5,67,88,79,94,71.3,0,0,0,0,0,0,1502918604.8610687,168299950.0,0.114300005,0.474,6433811,5741046,1,83.1,8.1,2026-08-12
996,BC,Consumer Cyclical,Recreational Vehicles,NYSE,684325,81.41,103.5,4,12,-9.8,36.7,70.8,-0.8,-0.6,-0.9,3.4,67,63,71,87,49.4,0,0,0,0,0,0,5284230451.146057,64797428.0,0.0002,0.077,762325,679723,0,67.6,1.2,2026-08-12
997,AVGO,Technology,Semiconductors,NASDAQ,20326542,416.08,103.49,-2,15,-15.94,43.7,65.9,1.3,5.0,5.7,12.8,67,69,86,71,45.6,0,0,0,0,0,0,2035102551957.224,4757580198.0,0.0147,0.479,18443898,27140821,0,67.9,9.6,2026-08-12
998,AVPT,Technology,Software - Infrastructure,NASDAQ,2306940,13.13,103.48,11,-27,-21.71,44.8,52.9,-0.4,0.8,9.4,11.2,67,56,18,15,6.0,0,0,0,0,0,0,2705921790.4694195,211565426.0,0.0706,0.26,2160540,2460140,0,23.8,37.0,2026-08-12
999,NMAX,Communication Services,Broadcasting,NYSE,786949,8.73,103.47,19,-4,-45.23,71.7,35.4,5.6,8.2,7.3,16.5,66,47,24,6,2.4,0,0,0,0,0,0,1158571020.1396132,129160645.0,0.95989996,0.14,642977,1083251,0,19.8,32.8,2026-08-12
1000,CCEP,Consumer Defensive,Beverages - Non-Alcoholic,NASDAQ,2016655,106.51,103.46,-3,-33,-6.3,25.3,82.4,-0.9,-0.3,3.9,11.3,66,69,39,70,20.7,0,0,0,0,0,0,47879155720.59969,442138289.0,0.0444,0.044,2287376,2038007,0,49.7,26.9,2026-08-12
1001,GD,Industrials,Aerospace & Defense,NYSE,1121314,391.89,103.42,2,-3,-2.03,26.1,97.9,1.6,2.9,7.4,12.1,66,64,59,69,32.7,0,0,0,0,0,0,106071944997.04988,270557195.0,0.012,0.081,1080464,1239834,0,56.2,15.2,2026-08-12
1002,WELL,Real Estate,REIT - Healthcare Facilities,NYSE,3077744,226.01,103.39,-16,-22,-11.44,42.2,75.8,-1.4,-3.8,1.3,11.5,66,82,76,75,45.7,0,0,0,0,0,0,170717919526.71326,720572011.0,0.0301,0.391,3322172,3371944,0,69.7,20.1,2026-08-12
1003,ADP,Technology,Software - Application,NASDAQ,2436430,271.09,103.37,13,-16,-12.57,42.7,67.0,-0.2,2.8,10.7,14.4,66,53,24,20,5.4,0,0,0,0,0,0,107785328712.4792,397262737.0,0.0405,0.068,2630230,2696754,0,25.6,33.3,2026-08-12
1004,IMMR,Technology,Software - Application,NASDAQ,671973,7.48,103.36,9,-14,-7.08,36.1,86.4,-1.6,3.1,8.2,14.3,66,57,34,26,13.6,0,0,0,0,0,0,252258444.43457365,33191901.0,0.122600004,-0.052,636170,674188,0,32.6,30.2,2026-08-12
1005,TS,Energy,Oil & Gas Equipment & Services,NYSE,1262517,53.44,103.35,-17,-12,-17.28,57.8,64.2,-4.0,-5.1,-7.4,3.1,66,83,88,81,56.8,0,0,0,0,0,0,26775646791.2964,504819878.0,0.028199999,-0.039,1721463,1232428,0,77.2,13.0,2026-08-12
1006,SEI,Energy,Oil & Gas Equipment & Services,NYSE,3519535,58.79,103.35,-22,-15,-31.79,148.0,63.6,12.3,8.2,-7.7,4.7,66,88,95,91,79.8,0,0,0,0,0,0,3815595998.129425,65831540.0,0.26049998,0.469,3626216,2992365,2,88.4,2.8,2026-08-12
1007,STRL,Industrials,Engineering & Construction,NASDAQ,801330,532.76,103.34,-30,-28,-47.02,100.5,38.2,-1.3,-8.1,-24.3,7.3,66,96,98,94,75.4,0,0,1,0,0,1,16733754582.401,30588518.0,0.0484,0.901,918632,847470,3,90.8,10.5,2026-08-12
1008,STNG,Energy,Oil & Gas Midstream,NYSE,797306,74.19,103.32,-19,-17,-15.1,69.5,74.9,0.1,-1.5,-0.7,9.3,66,85,87,86,69.4,0,0,0,0,0,0,3810189351.8616943,50081352.0,0.0478,0.775,939038,804415,0,81.8,7.4,2026-08-12
1009,TARS,Healthcare,Biotechnology,NASDAQ,1234703,69.46,103.31,38,79,-18.52,41.8,62.3,11.4,15.6,13.7,2.4,66,28,69,60,53.2,0,0,0,0,0,0,2843179351.016083,43882996.0,0.1369,0.694,804690,1026848,0,52.5,-23.1,2026-08-12
1010,CLF,Basic Materials,Steel,NYSE,23921349,12.41,103.26,34,68,-25.69,56.6,53.0,1.3,8.4,7.6,7.4,66,32,66,51,33.7,0,0,0,0,0,0,6994821106.806253,570540047.0,0.1479,0.059,18948138,22265187,0,45.7,-8.1,2026-08-12
1011,BKD,Healthcare,Medical Care Facilities,NYSE,5217051,12.55,103.17,-19,-23,-26.57,80.5,60.4,-7.3,-10.6,-9.1,-1.0,66,85,81,96,72.7,0,0,0,0,0,0,3396002333.27148,238818725.0,0.1582,-0.067,5694815,5316209,1,83.7,4.3,2026-08-12
1012,WFRD,Energy,Oil & Gas Equipment & Services,NASDAQ,1362665,94.43,103.14,6,35,-16.54,72.4,67.5,5.2,8.0,4.0,2.4,66,60,89,92,66.9,0,0,0,0,0,0,6223730139.383339,71685443.0,0.0936,-0.082,868497,1346503,1,77.0,-12.7,2026-08-12
1013,EQIX,Real Estate,REIT - Specialty,NASDAQ,608997,1032.4,103.11,-7,-2,-8.53,47.3,88.0,2.3,3.0,1.8,13.7,66,73,78,64,46.4,0,0,0,0,0,0,102877072775.52466,98671686.0,0.0218,0.167,696633,610888,0,65.3,14.6,2026-08-12
1014,F,Consumer Cyclical,Auto Manufacturers,NYSE,52093510,13.98,103.1,-2,2,-21.37,23.4,42.1,-2.6,-3.4,-3.3,3.0,66,68,72,76,31.9,0,0,0,0,0,0,55746585599.28357,3987595667.0,0.0,-0.038,52215500,54238350,0,62.0,16.0,2026-08-12
1015,PLTR,Technology,Software - Infrastructure,NASDAQ,45765697,174.94,103.07,39,42,-15.7,59.4,63.8,11.0,21.1,27.8,12.4,66,27,30,30,6.9,0,0,0,0,0,0,413350075944.4055,2403058480.0,0.0364,0.928,61852861,44585880,0,23.5,9.2,2026-08-12
1016,AM,Energy,Oil & Gas Midstream,NYSE,2243191,22.1,103.04,-10,-17,-7.28,29.7,78.9,2.5,0.6,0.9,8.3,66,76,69,72,27.8,0,0,0,0,0,0,10096316197.288511,474674000.0,0.0301,0.083,2619234,2331264,0,61.2,25.6,2026-08-12
1017,GTES,Industrials,Specialty Industrial Machinery,NYSE,1989634,28.44,103.02,11,9,-6.26,32.3,77.2,-0.7,1.7,2.7,12.9,66,55,53,72,25.3,0,0,0,0,0,0,7151520552.5,253151170.0,0.0577,0.066,2350793,2035118,0,51.3,11.7,2026-08-12
1018,FNB,Financial Services,Banks - Regional,NYSE,5738448,19.11,102.99,-3,-12,-2.45,31.5,95.5,0.9,1.1,2.8,9.9,66,69,60,72,37.2,0,0,0,0,0,0,6752635868.108953,355963949.0,0.1154,0.068,3829816,5389641,0,59.6,16.2,2026-08-12
1019,URBN,Consumer Cyclical,Apparel Retail,NASDAQ,991101,79.43,102.97,18,19,-5.83,30.0,77.4,-0.1,2.7,5.4,9.4,66,48,49,61,10.0,0,0,0,0,0,0,6587050427.55748,85635083.0,0.113199994,0.114,823154,1079124,0,42.0,16.3,2026-08-12
1020,CUZ,Real Estate,REIT - Office,NYSE,1607866,29.34,102.96,-12,-29,-10.96,38.2,74.4,-3.1,-5.2,-1.8,12.7,66,78,61,28,18.6,0,0,0,0,0,0,4875513096.099545,164602058.0,0.0911,0.116,1981750,1727530,0,46.4,41.4,2026-08-12
1021,MEC,Industrials,Metal Fabrication,NYSE,624905,22.5,102.94,-30,-40,-41.95,86.1,43.3,-7.2,-16.0,-26.2,3.5,66,96,86,83,68.4,0,0,0,0,0,0,616598011.3620834,25500331.0,0.0675,0.232,821025,669639,1,83.3,17.4,2026-08-12
1022,EFOR,Technology,Information Technology Services,NYSE,1053215,32.83,102.93,62,62,-40.24,91.8,42.1,5.6,27.6,50.9,-7.4,66,4,4,24,0.7,0,0,0,0,0,0,1321020050.048828,41000000.0,0.123,-0.013,1188295,1052593,0,8.2,-2.4,2026-08-12
1023,DLO,Technology,Software - Infrastructure,NASDAQ,2272555,14.11,102.92,-2,-21,-15.91,30.2,68.1,-3.4,-2.7,4.0,6.7,66,68,49,35,42.1,0,0,0,0,0,0,4238946782.286664,294269133.0,0.1285,0.549,1539857,2444847,0,48.5,21.4,2026-08-12
1024,OSK,Industrials,Farm & Heavy Construction Machinery,NYSE,878700,155.78,102.87,11,-11,-13.69,31.3,62.5,2.5,3.7,7.8,8.6,66,55,33,87,23.0,0,0,0,0,0,0,9585713090.59343,61739749.0,0.0612,0.067,859910,792146,0,49.5,11.8,2026-08-12
1025,UCB,Financial Services,Banks - Regional,NYSE,918111,36.14,102.81,2,-8,-2.8,25.8,91.5,1.7,1.9,4.2,10.3,66,64,54,66,30.6,0,0,0,0,0,0,4252813295.750393,119763827.0,0.0456,0.244,852993,1036700,0,53.6,17.3,2026-08-12
1026,PII,Consumer Cyclical,Recreational Vehicles,NYSE,825501,70.09,102.71,-9,-10,-10.12,43.1,77.0,-2.5,-4.1,-1.5,5.2,66,75,74,81,39.1,0,0,0,0,0,0,4072585195.314423,56903524.0,0.1078,0.088,856783,842632,0,67.3,16.8,2026-08-12
1027,MIRM,Healthcare,Biotechnology,NASDAQ,739586,98.23,102.67,-26,-28,-24.44,54.4,54.1,-4.2,-9.7,-9.7,5.9,65,91,89,93,65.8,0,0,0,0,0,0,6137760590.599968,60981227.0,0.15640001,0.379,906558,860263,2,84.7,12.4,2026-08-12
1028,ITW,Industrials,Specialty Industrial Machinery,NYSE,1418985,293.15,102.61,9,-12,-3.3,21.3,87.9,0.1,2.1,7.3,10.9,65,56,35,70,21.3,0,0,0,0,0,0,84488769042.96875,284800000.0,0.033299997,0.061,1255195,1428223,0,45.6,16.6,2026-08-12
1029,MSI,Technology,Communication Equipment,NYSE,925266,466.86,102.6,27,21,-5.41,29.1,83.7,3.8,8.0,11.8,12.8,65,38,32,59,11.9,0,0,0,0,0,0,77376618559.21216,165493788.0,0.0242,0.133,1027210,1016418,0,35.2,9.5,2026-08-12
1030,TFX,Healthcare,Medical Instruments & Supplies,NYSE,515735,133.54,102.57,3,12,-7.9,35.9,90.4,0.1,1.0,3.3,12.2,65,62,71,31,25.1,0,0,0,0,0,0,5975592891.637253,44270211.0,0.0963,0.289,693077,517045,0,47.3,23.8,2026-08-12
1031,DASH,Consumer Cyclical,Internet Retail,NASDAQ,4155253,212.0,102.57,32,21,-25.74,44.9,48.8,2.8,8.7,16.3,12.5,65,33,22,21,3.5,0,0,0,0,0,0,94228528426.24556,435718722.0,0.045900002,0.356,4875261,4609928,0,19.9,18.2,2026-08-12
1032,FOXF,Consumer Cyclical,Auto Parts,NASDAQ,629033,21.54,102.57,39,33,-29.94,64.7,49.7,11.0,13.7,19.1,22.0,65,26,20,47,2.5,0,0,0,0,0,0,886110455.0957966,41936133.0,0.115100004,-0.045,807729,616655,0,23.9,8.2,2026-08-12
1033,SCHW,Financial Services,Capital Markets,NYSE,8303950,107.7,102.53,10,-9,-1.24,28.1,100.0,2.2,4.3,11.3,13.8,65,55,36,54,19.5,0,0,0,0,0,0,187130977899.4898,1739135507.0,0.0,0.209,7135191,9930878,0,41.1,19.9,2026-08-12
1034,PDM,Real Estate,REIT - Office,NYSE,789642,9.35,102.53,-11,-35,-7.7,48.7,87.1,-1.0,-1.7,1.5,14.1,65,76,52,51,34.2,0,0,0,0,0,0,1186259123.7187386,125132825.0,0.0387,0.027,916757,1077665,0,53.3,28.3,2026-08-12
1035,TROW,Financial Services,Asset Management,NASDAQ,2072605,113.75,102.52,-8,-23,-6.76,29.3,71.1,-2.4,-3.9,-1.4,8.3,65,73,58,34,13.8,0,0,0,0,0,0,24322272500.912857,213315850.0,0.1447,0.107,2304015,2176091,0,44.7,38.9,2026-08-12
1036,CB,Financial Services,Insurance - Property & Casualty,NYSE,1884067,347.07,102.49,-3,-10,-5.15,28.0,78.8,-1.7,-2.4,0.3,6.8,65,68,61,66,34.5,0,0,0,0,0,0,135149547664.3958,385799859.0,0.0108,0.061,1472732,1825570,0,57.4,17.9,2026-08-12
1037,EMBJ,Industrials,Aerospace & Defense,NYSE,1075895,71.39,102.47,15,-1,-11.59,37.4,77.3,3.5,7.5,15.2,13.7,65,50,34,81,36.0,0,0,0,0,0,0,12992731117.509804,177958235.0,0.012999999,0.184,1390215,1186577,0,50.3,2.4,2026-08-12
1038,HOMB,Financial Services,Banks - Regional,NYSE,1812105,31.01,102.42,11,-12,-2.18,21.2,93.8,0.2,0.5,6.4,10.8,65,54,31,52,19.8,0,0,0,0,0,0,6205547455.063627,201413423.0,0.0682,0.086,1386127,1891949,0,39.2,19.8,2026-08-12
1039,RNST,Financial Services,Banks - Regional,NYSE,631247,42.93,102.4,-2,-11,-3.61,29.8,91.3,-0.2,-0.3,1.6,11.8,65,67,58,64,29.2,0,0,0,0,0,0,3905712747.608357,91404465.0,0.052800003,0.453,556213,704744,0,54.5,20.4,2026-08-12
1040,MTG,Financial Services,Insurance - Specialty,NYSE,1792067,30.35,102.38,7,-14,-4.83,23.3,94.9,0.6,2.0,8.9,11.4,65,58,37,43,19.7,0,0,0,0,0,0,6252205029.3013,205124840.0,0.0656,-0.029,1737821,1862372,0,39.4,24.3,2026-08-12
1041,GFS,Technology,Semiconductors,NASDAQ,4115207,50.82,102.37,-26,-24,-45.09,67.9,36.9,4.3,0.4,-21.2,1.9,65,91,93,78,67.1,0,0,0,0,0,0,29594146019.72554,548751082.0,0.15630001,0.058,5359253,3939250,2,82.3,14.3,2026-08-12
1042,DB,Financial Services,Banks - Regional,NYSE,1931610,38.23,102.37,5,-22,-5.44,35.7,84.8,2.1,5.6,9.8,10.6,65,60,33,74,14.1,0,0,0,0,0,0,71514742580.41382,1879000000.0,0.0019,0.087,1790081,2359102,0,45.3,22.9,2026-08-12
1043,BILL,Technology,Software - Application,NYSE,2316675,49.48,102.36,31,22,-13.51,52.4,68.7,2.5,6.3,21.5,11.2,65,34,25,30,26.8,0,0,0,0,0,0,4779647095.899799,99596727.0,0.1673,0.135,2226667,2547965,0,28.9,5.3,2026-08-12
1044,BP,Energy,Oil & Gas Integrated,NYSE,8711583,43.16,102.36,-2,11,-10.59,31.0,68.4,-0.2,0.3,4.0,7.0,65,67,80,66,34.4,0,0,0,0,0,0,107211502200.20232,2575342288.0,0.0049,0.482,8793311,8814278,0,61.8,15.2,2026-08-12
1045,BUD,Consumer Defensive,Beverages - Brewers,NYSE,1897450,80.61,102.33,-6,-5,-6.92,36.7,74.5,-5.4,-4.3,-3.1,7.9,65,71,72,79,36.8,0,0,0,0,0,0,164933289775.6889,1969117545.0,0.0075,0.11,2016522,2030246,0,64.7,15.4,2026-08-12
1046,AFRM,Financial Services,Credit Services,NASDAQ,3400271,76.71,102.29,-19,-36,-23.29,72.6,62.2,-2.7,-1.6,-2.2,10.8,65,84,67,19,10.7,0,0,0,0,0,0,25201117016.25,334898565.0,0.0573,0.326,2875223,3952112,0,45.2,51.3,2026-08-12
1047,RJF,Financial Services,Asset Management,NYSE,1188680,180.02,102.23,10,-6,-1.48,28.6,100.0,1.6,3.9,10.5,14.0,65,55,39,47,17.6,0,0,0,0,0,0,33963383224.52692,192361711.0,0.056599997,0.151,884282,1342708,0,39.6,21.9,2026-08-12
1048,SIGI,Financial Services,Insurance - Property & Casualty,NASDAQ,549477,94.01,102.23,-6,-22,-6.36,27.3,76.1,-1.6,-2.0,-0.7,10.6,65,71,55,54,28.3,0,0,0,0,0,0,5732336521.339577,59569119.0,0.0378,0.045,476591,591174,0,52.1,26.3,2026-08-12
1049,DE,Industrials,Farm & Heavy Construction Machinery,NYSE,1079000,617.95,102.17,-1,-3,-8.34,41.1,80.9,1.4,1.6,3.1,11.9,65,66,64,72,29.7,0,0,0,0,0,0,167690708500.15125,270107282.0,0.0247,-0.111,990102,1226514,0,57.9,17.2,2026-08-12
1050,PNFP,Financial Services,Banks - Regional,NYSE,1218216,105.7,102.16,11,-1,-4.2,30.1,91.8,0.6,2.9,6.6,12.1,65,54,42,47,26.9,0,0,0,0,0,0,15818471201.315918,151112640.0,0.044299997,1.37,1040038,1324081,0,42.5,16.1,2026-08-12
1051,PTCT,Healthcare,Biotechnology,NASDAQ,1589007,73.7,102.14,-7,-4,-18.9,67.8,63.4,1.5,-2.7,-6.0,-0.8,65,72,75,72,62.1,0,0,0,0,0,0,6118511190.858276,83460802.0,0.1601,1.015,1423631,1896350,0,70.3,4.6,2026-08-12
1052,FRT,Real Estate,REIT - Retail,NYSE,885521,116.74,102.12,-11,-15,-8.95,26.3,71.1,-2.7,-4.8,-4.5,7.1,65,76,72,59,36.2,0,0,0,0,0,0,10253534002.841124,86389197.0,0.00029999999,0.072,1043054,942698,0,60.8,23.7,2026-08-12
1053,SKT,Real Estate,REIT - Retail,NYSE,915550,38.56,102.07,-8,-16,-9.33,21.7,65.4,-3.3,-5.6,-3.4,7.2,65,73,65,54,29.4,0,0,0,0,0,0,4515769860.567974,114875851.0,0.082200006,0.115,1029101,1069516,0,55.3,26.4,2026-08-12
1054,AMZN,Consumer Cyclical,Internet Retail,NASDAQ,47160390,272.27,102.01,12,36,-5.2,34.5,80.4,-1.2,4.8,7.9,12.6,65,53,77,29,28.2,0,0,0,0,0,0,2960627467744.54,10786313572.0,0.0109,0.196,61132882,53248186,0,46.8,14.8,2026-08-12
1055,VIA,Technology,Software - Application,NYSE,866813,24.86,101.94,44,30,-55.85,88.2,28.9,15.1,24.7,40.0,8.0,64,20,6,4,,0,0,0,0,0,0,1805581220.4814072,81295871.0,0.1725,0.267,908130,1079854,0,10.0,,2026-08-12
1056,FLOC,Energy,Oil & Gas Equipment & Services,NYSE,567646,23.26,101.89,5,31,-17.69,65.2,67.1,12.4,14.7,9.8,11.5,64,59,85,76,53.7,0,0,0,0,0,0,911348528.271164,41824162.0,0.0929,0.089,574578,696865,0,68.4,-3.3,2026-08-12
1057,NVS,Healthcare,Drug Manufacturers - General,NYSE,1664694,154.61,101.84,2,10,-9.3,27.7,66.9,-1.7,-1.7,-0.6,3.5,64,62,70,84,36.5,0,0,0,0,0,0,297138754417.5128,1900714840.0,0.003,0.008,1412834,1964910,0,63.1,7.5,2026-08-12
1058,NLY,Real Estate,REIT - Mortgage,NYSE,7518373,23.14,101.77,-4,-8,-5.63,14.3,69.2,1.0,1.2,2.8,3.1,64,68,64,69,20.5,0,0,0,0,0,0,17365581433.72618,753714442.0,0.0,4.794,7745430,7921258,0,55.4,23.9,2026-08-12
1059,MSFT,Technology,Software - Infrastructure,NASDAQ,37671617,503.81,101.77,38,43,-9.01,39.6,73.8,0.8,11.8,20.0,13.8,64,26,31,24,7.3,0,0,0,0,0,0,3712698417529.997,7425545491.0,0.0124,0.177,48830052,42060342,0,22.1,9.2,2026-08-12
1060,BNL,Real Estate,REIT - Diversified,NYSE,2160746,20.65,101.76,-13,-21,-10.61,26.9,71.6,-0.8,-3.7,-1.2,8.4,64,77,69,70,33.0,0,0,0,0,0,0,4016319941.5910873,191892971.0,0.0868,0.083,2827678,2069069,0,62.3,24.2,2026-08-12
1061,SJM,Consumer Defensive,Packaged Foods,NYSE,1419681,117.34,101.74,-1,-34,-8.08,32.7,79.5,-0.2,0.4,4.2,13.1,64,65,32,45,14.7,0,0,0,0,0,0,12842784101.808777,106880690.0,0.053400002,0.058,1122383,1576606,0,39.2,32.5,2026-08-12
1062,BEP,Utilities,Utilities - Renewable,NYSE,976881,34.23,101.72,0,13,-10.2,41.5,77.7,3.6,5.2,1.6,8.8,64,64,77,73,47.3,0,0,0,0,0,0,10068762269.3812,303275965.0,0.004,0.011,959273,912278,0,65.3,5.3,2026-08-12
1063,AJG,Financial Services,Insurance Brokers,NYSE,1519867,253.51,101.64,25,6,-19.15,33.1,53.6,1.6,1.3,7.3,9.3,64,39,20,17,5.1,0,0,0,0,0,0,63603327668.33496,256341000.0,0.0315,0.309,1415923,1680288,0,20.3,23.2,2026-08-12
1064,SHO,Real Estate,REIT - Hotel & Motel,NYSE,2519726,10.64,101.62,-14,-22,-11.85,23.7,64.9,-4.5,-6.3,-6.2,8.8,64,78,70,40,32.6,0,0,0,0,0,0,2060258852.0936031,185943941.0,0.00029999999,0.067,2590328,2772941,0,55.1,31.1,2026-08-12
1065,VRDN,Healthcare,Biotechnology,NASDAQ,2018106,22.97,101.61,16,-8,-33.01,72.0,46.8,7.9,13.9,23.1,-4.5,64,48,24,88,47.4,0,0,0,0,0,0,2672564642.9970284,113292269.0,0.1778,2.787,2126548,2104709,0,51.8,-5.3,2026-08-12
1066,EIX,Utilities,Utilities - Regulated Electric,NYSE,2881753,69.89,101.61,-19,-30,-14.37,33.2,61.1,-1.6,-7.1,-6.2,2.7,64,83,72,78,33.4,0,0,0,0,0,0,26405936295.90316,384813979.0,0.051999997,-0.041,4098481,2705404,0,66.6,26.9,2026-08-12
1067,COO,Healthcare,Medical Instruments & Supplies,NASDAQ,2229618,76.82,101.58,31,17,-14.48,30.1,70.0,2.8,5.1,9.3,4.9,64,33,19,57,15.7,0,0,0,0,0,0,14477124319.604874,195030630.0,0.0463,0.079,1941564,2882210,0,31.2,5.2,2026-08-12
1068,EPD,Energy,Oil & Gas Midstream,NYSE,3089078,37.86,101.57,-6,-2,-5.75,25.6,80.4,-0.1,-0.8,0.9,6.3,64,70,74,67,29.5,0,0,0,0,0,0,81672814730.25,2163518271.0,0.0234,0.608,3475614,2912746,0,60.1,20.5,2026-08-12
1069,ITT,Industrials,Specialty Industrial Machinery,NYSE,1003739,216.89,101.48,11,26,-5.83,31.3,90.9,4.7,8.0,10.7,12.3,64,53,68,75,38.7,0,0,0,0,0,0,19147562127.791016,89839824.0,0.0868,0.515,1188768,997693,0,58.7,1.2,2026-08-12
1070,FMX,Consumer Defensive,Beverages - Brewers,NYSE,526425,118.23,101.47,-18,-24,-16.43,40.4,68.3,-4.6,-6.6,-7.0,4.7,64,82,76,72,44.6,0,0,0,0,0,0,41719852259.3768,340681468.0,3.34,0.093,572546,540719,0,68.6,21.3,2026-08-12
1071,HMC,Consumer Cyclical,Auto Manufacturers,NYSE,1358817,31.7,101.47,19,-3,-9.14,33.3,68.8,1.5,4.9,11.0,11.1,64,45,23,51,8.0,0,0,0,0,0,0,41287302825.50624,1297526814.0,0.0016,0.135,1361502,1655816,0,31.7,19.5,2026-08-12
1072,CXM,Technology,Software - Application,NYSE,3062928,6.87,101.46,38,28,-22.33,39.3,48.6,2.0,8.4,18.4,8.2,64,26,16,16,3.6,0,0,0,0,0,0,1606809338.5929136,234228762.0,0.1296,0.068,2720095,3551175,0,15.4,14.2,2026-08-12
1073,SE,Consumer Cyclical,Internet Retail,NYSE,5140228,131.51,101.44,30,8,-34.01,63.9,42.2,11.5,16.7,26.9,17.8,64,34,12,18,4.8,0,0,0,0,0,0,69474119517.37544,612484522.0,0.059,0.466,5230675,4453619,0,17.2,20.0,2026-08-12
1074,AAPL,Technology,Consumer Electronics,NASDAQ,53867032,304.91,101.39,-17,-22,-11.51,34.4,67.2,-2.7,-5.9,-2.3,7.9,64,81,76,58,40.6,0,0,0,0,0,0,4572794223433.228,14594180000.0,0.01,0.164,61544726,59041617,0,63.9,25.3,2026-08-12
1075,HPP,Real Estate,REIT - Office,NYSE,782289,13.35,101.36,-29,-52,-38.48,159.7,55.1,1.9,-1.0,-3.1,28.3,64,93,70,5,3.7,0,0,0,0,0,0,778915446.017479,54242024.0,0.0116,-0.013,927488,929107,1,42.9,64.5,2026-08-12
1076,GWRE,Technology,Software - Application,NYSE,1257672,176.65,101.34,39,30,-35.2,68.5,44.2,5.8,11.4,24.7,7.8,64,25,16,11,3.3,0,0,0,0,0,0,14197707651.288696,83256364.0,0.0686,0.269,1181797,1708283,0,13.8,14.6,2026-08-12
1077,WK,Technology,Software - Application,NYSE,803092,69.05,101.32,43,33,-28.88,53.6,48.5,8.6,15.7,27.4,1.9,64,21,11,16,6.5,0,0,0,0,0,0,3544689995.1068115,54416488.0,0.116000004,0.186,837848,927479,0,13.6,9.3,2026-08-12
1078,LYFT,Technology,Software - Application,NASDAQ,11881796,17.54,101.28,25,9,-31.32,31.1,33.0,-0.2,4.6,9.9,1.6,64,39,23,20,30.9,0,0,0,0,0,0,6629256661.11026,379682532.0,0.23809999,0.161,12663969,12915519,0,28.2,9.5,2026-08-12
1079,CVI,Energy,Oil & Gas Refining & Marketing,NYSE,964762,34.05,101.28,-6,3,-18.29,69.1,74.2,4.6,3.3,10.5,15.0,64,70,79,24,43.6,0,0,0,0,0,0,3131528120.50062,100530599.0,0.17940001,0.555,1173567,1012833,0,54.2,21.5,2026-08-12
1080,DCI,Industrials,Specialty Industrial Machinery,NYSE,687368,96.91,101.27,6,-15,-14.12,31.2,61.5,-0.3,2.3,7.1,6.0,64,58,37,86,40.5,0,0,0,0,0,0,11429989302.906494,115911056.0,0.040900003,0.058,648846,818645,0,55.4,5.3,2026-08-12
1081,BDC,Technology,Communication Equipment,NYSE,544406,134.64,101.25,38,37,-15.84,38.7,74.9,7.1,19.1,21.0,15.9,64,26,25,78,24.5,0,0,0,0,0,0,5190365614.837219,39078191.0,0.123500004,0.116,558740,585228,0,38.4,-9.5,2026-08-12
1082,RGNX,Healthcare,Biotechnology,NASDAQ,1990863,10.65,101.17,-11,-70,-34.22,93.1,50.9,5.4,5.4,8.8,3.8,63,74,15,24,47.1,0,0,0,0,0,0,707661435.867424,66013192.0,0.17950001,4.057,1177671,2132146,0,40.0,29.3,2026-08-12
1083,IVT,Real Estate,REIT - Retail,NYSE,659581,32.77,101.15,-14,-28,-11.96,22.1,63.3,-2.6,-5.5,-4.8,6.3,63,77,63,58,30.9,0,0,0,0,0,0,2591223226.434307,77978431.0,0.089499995,0.126,714673,1091150,0,57.2,28.2,2026-08-12
1084,LAR,Basic Materials,Other Industrial Metals & Mining,NYSE,1773017,6.65,101.12,-25,-16,-44.81,125.5,43.2,4.7,8.7,-10.2,-5.4,63,88,97,97,74.6,0,0,0,0,0,0,1137007969.374657,163834000.0,0.0355,,2113903,1872642,2,89.2,4.0,2026-08-12
1085,PSA,Real Estate,REIT - Industrial,NYSE,1143369,325.1,101.11,0,-4,-3.11,25.2,90.4,-0.5,0.3,1.0,9.8,63,63,59,54,23.1,0,0,0,0,0,0,61327302503.39441,186745748.0,0.0499,0.033,1047169,1092069,0,49.8,22.1,2026-08-12
1086,PAAS,Basic Materials,Gold,NYSE,3879155,51.79,101.07,25,78,-26.0,71.0,57.1,9.3,14.7,13.1,2.6,63,38,91,95,66.1,0,0,0,0,0,0,21581547514.34326,421350000.0,0.99,0.493,3917155,4407257,2,72.5,-30.7,2026-08-12
1087,B,Basic Materials,Gold,NYSE,9313808,40.13,101.04,7,37,-26.62,75.4,60.1,3.5,8.3,7.4,-0.9,63,56,86,95,73.2,0,0,0,0,0,0,73362238261.35445,1679538410.0,1.7,0.667,12039986,10694143,1,77.5,-19.4,2026-08-12
1088,DRI,Consumer Cyclical,Restaurants,NYSE,1337766,218.9,101.02,22,20,-0.79,34.6,100.0,7.4,10.7,11.0,15.1,63,41,39,66,20.4,0,0,0,0,0,0,24483001612.12044,114535003.0,0.0678,0.137,1164790,1401262,0,41.6,5.5,2026-08-12
1089,SQM,Basic Materials,Specialty Chemicals,NYSE,958158,72.22,101.02,-17,-6,-26.31,74.8,55.9,1.5,2.9,-2.8,-3.3,63,80,91,91,59.1,0,0,0,0,0,0,20551639413.902588,285637808.0,2.25,0.698,1006195,1058993,2,80.3,7.1,2026-08-12
1090,HCSG,Healthcare,Medical Care Facilities,NASDAQ,748886,20.96,100.92,-25,-37,-18.6,40.2,56.9,-7.0,-10.1,-9.6,1.7,63,88,76,84,51.1,0,0,0,0,0,0,1525693819.0426712,68632202.0,0.0403,0.027,738480,760576,0,74.8,20.5,2026-08-12
1091,EHC,Healthcare,Medical Care Facilities,NYSE,976449,125.35,100.92,24,19,-2.06,33.0,93.0,5.6,8.1,15.3,16.8,63,39,34,34,14.0,0,0,0,0,0,0,12422701121.404724,99199080.0,0.044499997,0.096,1072468,1039477,0,30.3,14.0,2026-08-12
1092,AROC,Energy,Oil & Gas Equipment & Services,NYSE,1737080,32.99,100.9,-24,-28,-21.88,44.4,54.2,-2.6,-6.3,-9.2,2.5,63,87,83,82,49.6,0,0,0,0,0,0,5800187480.853806,175338185.0,0.0594,-0.031,1942291,1982044,0,75.4,20.1,2026-08-12
1093,ROK,Industrials,Specialty Industrial Machinery,NYSE,847154,447.0,100.88,-16,-17,-10.13,35.2,72.9,-0.7,-1.6,-2.6,8.7,63,79,78,70,45.5,0,0,0,0,0,0,48976909011.94226,111048676.0,0.0388,0.079,1128144,856216,0,68.1,18.7,2026-08-12
1094,GMED,Healthcare,Medical Devices,NYSE,1770849,85.15,100.87,17,28,-16.03,55.5,73.3,4.6,7.5,7.6,1.1,63,46,57,74,52.9,0,0,0,0,0,0,11178569743.97014,135744626.0,0.062800005,0.059,1699157,1780941,0,57.5,-10.1,2026-08-12
1095,AMCR,Consumer Cyclical,Packaging & Containers,NYSE,3551799,47.4,100.84,12,-14,-6.95,26.9,71.1,-0.3,2.3,8.2,10.1,63,51,25,61,8.4,0,0,0,0,0,0,22127865005.59341,462345690.0,0.069,0.774,3880018,3528675,0,36.4,21.9,2026-08-12
1096,HOG,Consumer Cyclical,Recreational Vehicles,NYSE,2438161,26.72,100.78,3,9,-14.5,51.1,63.4,0.8,-0.5,1.8,13.6,63,60,66,23,15.3,0,0,0,0,0,0,2706925930.8903065,104072507.0,0.22,-0.059,1840713,2682774,0,41.1,29.2,2026-08-12
1097,ECAT,Financial Services,Asset Management,NYSE,506147,15.84,100.75,-3,-6,-7.58,18.2,66.5,2.9,3.0,2.2,3.3,63,66,63,53,7.8,0,0,0,0,0,0,1563641812.6009035,99468307.0,0.0042,,556322,500240,0,47.5,32.0,2026-08-12
1098,AGNC,Real Estate,REIT - Mortgage,NASDAQ,19198638,10.89,100.74,-7,-11,-10.66,15.0,52.4,1.2,0.6,1.6,1.6,63,70,66,75,24.2,0,0,0,0,0,0,12850619066.370111,1185481447.0,0.0933,,19783824,17541436,0,58.8,22.3,2026-08-12
1099,WWD,Industrials,Aerospace & Defense,NASDAQ,661362,356.58,100.74,-18,-19,-20.92,52.8,63.0,-0.1,-5.4,-8.1,2.9,63,81,80,92,52.4,0,0,0,0,0,0,21427138484.729004,59045820.0,0.026600001,0.212,831967,787555,1,76.4,12.2,2026-08-12
1100,NSC,Industrials,Railroads,NYSE,1137502,334.6,100.72,-5,-6,-6.69,23.2,80.5,-0.5,-0.8,3.6,10.4,63,68,67,70,27.7,0,0,0,0,0,0,75100052306.11829,224608373.0,0.0368,0.114,1227796,1129615,0,58.2,19.8,2026-08-12
1101,BETA,Industrials,Aerospace & Defense,NYSE,1390692,24.59,100.67,45,39,-37.75,75.0,43.9,8.9,18.6,30.6,,63,18,12,10,,0,0,0,0,0,0,5425074059.505861,230756019.0,0.0464,0.056,1634527,1472493,0,13.3,,2026-08-12
1102,RH,Consumer Cyclical,Specialty Retail,NYSE,744628,182.85,100.66,6,-40,-28.85,59.7,48.8,-0.6,-0.4,8.5,10.2,63,57,11,58,3.8,0,0,0,0,0,0,3712378133.6335135,18926221.0,0.6239,-0.017,762565,885853,0,32.5,31.0,2026-08-12
1103,SOLV,Healthcare,Medical Instruments & Supplies,NYSE,1161089,84.1,100.63,11,5,-6.56,36.5,87.5,-0.9,2.8,7.0,12.6,63,52,46,39,23.6,0,0,0,0,0,0,14125165603.849754,170223729.0,0.0292,0.022,1418198,1391437,0,40.2,17.4,2026-08-12
1104,BIOA,Healthcare,Drug Manufacturers - Specialty & Generic,NASDAQ,1106952,10.67,100.61,-35,-36,-58.89,141.5,29.6,-21.8,-41.0,-46.4,-37.3,63,98,97,99,86.1,0,1,0,1,0,2,537911785.7357969,45896909.0,0.0623,0.016,2186976,921807,3,95.0,5.8,2026-08-12
1105,TRNO,Real Estate,REIT - Industrial,NYSE,875068,68.26,100.6,-10,-19,-13.53,28.1,70.2,-1.6,-4.1,0.2,6.9,63,73,64,60,37.3,0,0,0,0,0,0,7492798748.385696,108970310.0,0.1106,0.111,678325,937855,0,58.6,21.4,2026-08-12
1106,TFC,Financial Services,Banks - Regional,NYSE,7534184,52.31,100.55,-2,-14,-6.92,28.2,78.7,0.7,1.0,3.5,7.2,63,65,53,73,30.7,0,0,0,0,0,0,63952129077.74637,1221626188.0,0.024600001,0.082,6928492,9286298,0,55.4,16.7,2026-08-12
1107,ZVRA,Healthcare,Biotechnology,NASDAQ,1490171,11.34,100.54,-18,-18,-24.58,58.2,56.0,7.5,2.6,-6.5,13.2,63,81,81,36,7.8,0,0,0,0,0,0,686476533.2784262,59383781.0,0.13340001,0.533,1290554,1685702,0,51.4,45.6,2026-08-12
1108,BIP,Utilities,Utilities - Diversified,NYSE,1048260,39.38,100.52,-2,1,-10.58,32.3,75.3,-1.0,-1.7,2.1,6.9,62,64,67,68,39.0,0,0,0,0,0,0,17958697398.429543,460007607.0,1.74,0.194,1110391,915276,0,59.5,11.4,2026-08-12
1109,NBIX,Healthcare,Drug Manufacturers - Specialty & Generic,NASDAQ,1261480,161.94,100.51,-19,-23,-12.99,27.1,53.5,-5.3,-8.2,-7.0,6.6,62,81,77,37,33.9,0,0,0,0,0,0,16610493039.46042,101649181.0,0.0691,0.395,1582781,1253732,0,57.2,32.7,2026-08-12
1110,VRSN,Technology,Software - Infrastructure,NASDAQ,816999,287.63,100.48,15,42,-7.95,33.8,72.5,-3.1,-0.1,2.9,9.6,62,47,74,25,13.7,0,0,0,0,0,0,26628223779.296875,90400000.0,0.020399999,0.06,862278,843227,0,39.9,18.3,2026-08-12
1111,CEVA,Technology,Semiconductors,NASDAQ,763885,30.83,100.46,-34,-40,-40.25,76.9,40.3,-9.6,-13.4,-26.1,6.7,62,96,90,23,50.3,0,0,0,0,0,0,1077321748.2179718,27859369.0,0.0735,0.115,916155,869303,2,64.8,38.0,2026-08-12
1112,ASAN,Technology,Software - Application,NYSE,5359119,9.25,100.44,35,15,-41.12,64.7,36.3,2.3,10.4,17.3,-1.6,62,27,7,8,1.1,0,0,0,0,0,0,2197984360.488152,237363316.0,0.38810003,0.095,4965168,5742603,0,10.8,18.7,2026-08-12
1113,TOL,Consumer Cyclical,Residential Construction,NYSE,877659,152.91,100.44,-4,-33,-9.18,19.6,58.1,-1.8,-1.5,-1.4,3.5,62,66,37,80,26.8,0,0,0,0,0,0,14496417047.698977,93471000.0,0.0641,-0.076,723219,1012095,0,52.5,19.7,2026-08-12
1114,CBSH,Financial Services,Banks - Regional,NASDAQ,1157328,59.02,100.4,3,-24,-3.12,25.7,95.2,0.6,0.8,4.1,12.5,62,59,32,34,12.9,0,0,0,0,0,0,8501265109.39801,143894124.0,0.0484,0.142,984115,1261841,0,34.5,30.7,2026-08-12
1115,FNV,Basic Materials,Gold,NYSE,716853,240.74,100.38,27,65,-15.73,36.1,58.2,3.4,8.0,9.2,3.9,62,35,73,88,42.5,0,0,0,0,0,0,46024971057.40326,192855530.0,3.83,0.777,808321,870234,0,59.6,-18.2,2026-08-12
1116,UNIT,Real Estate,REIT - Specialty,NASDAQ,2376604,9.27,100.38,-23,-21,-28.35,77.4,56.2,-1.8,-7.8,-13.5,5.7,62,85,87,69,56.2,0,0,0,0,0,0,2315597778.640771,242725135.0,0.1514,2.025,2817564,2475466,0,74.3,17.4,2026-08-12
1117,RSKD,Technology,Software - Application,NYSE,726049,5.27,100.36,-5,-37,-3.92,66.8,100.0,17.8,20.1,23.8,33.8,62,67,35,30,33.6,0,0,0,0,0,0,715850686.3894687,133803869.0,0.0194,0.071,621769,899039,0,41.4,27.3,2026-08-12
1118,RRR,Consumer Cyclical,Resorts & Casinos,NASDAQ,706367,63.04,100.34,-3,-36,-8.62,23.6,74.3,-0.6,-1.6,0.3,5.9,62,65,32,75,19.5,0,0,0,0,0,0,3617853494.3680334,58465634.0,0.1142,-0.03,897301,756564,0,47.9,24.0,2026-08-12
1119,FR,Real Estate,REIT - Industrial,NYSE,1252347,62.98,100.34,-10,-12,-9.87,31.2,73.2,-1.3,-3.7,-1.1,4.7,62,72,70,65,40.8,0,0,0,0,0,0,8435456220.7204895,132570424.0,0.0452,0.084,953381,1189960,0,61.9,17.2,2026-08-12
1120,BALL,Consumer Cyclical,Packaging & Containers,NYSE,1961229,62.9,100.34,5,-4,-7.89,33.9,73.7,-2.4,-2.4,2.4,7.5,62,57,48,81,23.3,0,0,0,0,0,0,16795428203.602634,264703357.0,0.0336,0.197,2071168,2562503,0,52.3,12.9,2026-08-12
1121,RNW,Utilities,Utilities - Renewable,NASDAQ,1934344,6.85,100.32,6,-23,-16.87,51.3,62.6,7.6,9.1,9.4,14.5,62,56,27,18,6.0,0,0,0,0,0,0,2248364625.101719,364402690.0,0.0223,0.095,3233413,1752066,0,26.7,35.5,2026-08-12
1122,HESM,Energy,Oil & Gas Midstream,NYSE,962064,40.54,100.31,-8,-14,-3.98,26.3,80.2,-0.6,-0.4,2.7,8.1,62,70,64,54,8.2,0,0,0,0,0,0,5108364965.876049,128350881.0,0.0678,-0.037,1333524,1064226,0,49.1,34.7,2026-08-12
1123,SIG,Consumer Cyclical,Luxury Goods,NYSE,685039,94.72,100.28,26,22,-14.05,25.1,58.0,-2.6,-1.4,3.9,2.7,62,36,32,78,28.9,0,0,0,0,0,0,3811449414.559967,39329783.0,0.1958,0.008,589259,848267,0,43.7,-4.5,2026-08-12
1124,LINE,Real Estate,REIT - Industrial,NASDAQ,1052518,41.8,100.27,-11,-27,-8.63,30.5,72.9,-1.3,-2.4,-3.2,8.3,62,73,57,31,10.1,0,0,0,0,0,0,9644286240.361404,227674365.0,0.0983,0.008,1217695,1021685,0,42.8,41.5,2026-08-12
1125,TTWO,Communication Services,Electronic Gaming & Multimedia,NASDAQ,2107297,250.5,100.26,10,24,-5.81,28.1,73.4,-0.3,0.8,2.6,6.0,62,52,66,26,16.9,0,0,0,0,0,0,46090679199.5,186980443.0,0.045900002,0.02,2675271,2482104,0,40.2,21.3,2026-08-12
1126,HAS,Consumer Cyclical,Leisure,NASDAQ,2292919,97.04,100.24,25,59,-9.29,33.7,68.4,1.6,4.5,10.8,7.7,62,37,71,86,29.8,0,0,0,0,0,0,13190478080.36309,141044467.0,0.0584,0.162,1763379,2152521,0,56.0,-9.6,2026-08-12
1127,HMY,Basic Materials,Gold,NYSE,3084193,19.51,100.23,33,50,-25.13,57.5,54.0,10.1,19.1,23.1,10.5,62,29,46,84,36.4,0,0,0,0,0,0,12438287739.708632,631385140.0,0.0221,0.195,2996600,3574948,0,48.8,-16.4,2026-08-12
1128,KRP,Energy,Oil & Gas E&P,NYSE,692707,15.24,100.23,-7,-6,-3.54,33.8,90.4,2.3,2.1,2.0,8.6,62,69,70,56,13.6,0,0,0,0,0,0,1477810929.4805756,98652268.0,0.0252,0.457,995313,737306,0,52.2,30.2,2026-08-12
1129,DOCU,Technology,Software - Application,NASDAQ,3058723,59.34,100.22,36,29,-31.52,39.2,37.8,1.3,6.1,16.7,7.2,62,26,19,11,4.5,0,0,0,0,0,0,11506321757.585815,190944608.0,0.1159,0.087,3025290,3944136,0,15.1,14.5,2026-08-12
1130,JACK,Consumer Cyclical,Restaurants,NASDAQ,1016108,17.86,100.2,25,-5,-25.15,99.7,66.4,7.4,15.0,27.1,18.6,62,37,7,66,18.0,0,0,0,0,0,0,335833481.02254486,19103156.0,0.36830002,-0.043,798435,951799,0,32.0,6.7,2026-08-12
1131,BANC,Financial Services,Banks - Regional,NYSE,3376039,19.49,100.12,-11,-21,-11.13,29.1,66.3,2.1,-2.5,-2.6,2.8,62,73,63,79,43.3,0,0,0,0,0,0,2967441027.075348,158432520.0,0.0714,,4364988,3246087,0,64.6,14.6,2026-08-12
1132,GLNG,Energy,Oil & Gas Midstream,NASDAQ,1133220,50.84,100.1,-11,0,-12.03,44.6,71.4,2.1,2.9,1.8,10.4,62,73,84,65,34.9,0,0,0,0,0,0,5132753580.010719,101779765.0,0.0795,1.201,1045591,1194194,0,64.2,19.6,2026-08-12
1133,BLBD,Industrials,Farm & Heavy Construction Machinery,NASDAQ,511982,66.18,100.07,-26,-30,-20.64,38.1,50.8,-10.0,-13.9,-13.9,5.8,62,88,84,82,23.7,0,0,0,0,0,0,2176019527.244408,31646589.0,0.144,0.299,656806,479055,0,69.4,33.7,2026-08-12
1134,AER,Industrials,Rental & Leasing Services,NYSE,1051082,149.31,100.07,0,1,-5.98,33.3,88.3,-1.4,-0.6,2.3,5.7,62,62,63,80,44.5,0,0,0,0,0,0,23847966533.67508,157184065.0,0.0083,0.149,1183967,1128441,0,62.4,5.0,2026-08-12
1135,RES,Energy,Oil & Gas Equipment & Services,NYSE,1371405,6.33,100.06,4,29,-22.43,48.9,54.9,6.7,8.8,3.2,1.6,62,58,83,70,48.4,0,0,0,0,0,0,1301126635.073368,221657012.0,0.3039,0.095,1428756,1602447,0,64.8,-0.1,2026-08-12
1136,WYFI,Technology,Information Technology Services,NASDAQ,2463357,24.22,100.05,-31,-35,-48.33,165.1,52.4,12.4,13.0,-4.4,29.1,62,93,89,44,77.1,0,0,0,0,0,0,951068107.6736604,38614216.0,0.5159,0.306,1498423,2406652,1,75.8,18.1,2026-08-12
1137,MTN,Consumer Cyclical,Resorts & Casinos,NYSE,666351,147.66,100.05,3,-29,-10.78,24.7,65.2,-0.4,-0.5,3.6,7.3,62,59,27,36,10.4,0,0,0,0,0,0,5303337739.826935,35633526.0,0.3194,-0.07,492664,781100,0,33.1,32.1,2026-08-12
1138,EPR,Real Estate,REIT - Specialty,NYSE,676529,59.78,100.01,0,2,-7.99,26.1,81.4,-0.1,-1.2,2.3,10.6,62,62,64,66,23.9,0,0,0,0,0,0,4765075006.847969,76608922.0,0.14039999,0.106,762138,666829,0,54.0,18.1,2026-08-12
1139,OZK,Financial Services,Banks - Regional,NASDAQ,1284941,51.87,99.92,7,-5,-3.34,22.3,90.5,1.0,1.4,2.5,8.8,62,55,43,57,16.8,0,0,0,0,0,0,5605623924.74218,109037618.0,0.15609999,-0.021,930795,1209417,0,42.9,19.9,2026-08-12
1140,PVH,Consumer Cyclical,Apparel Manufacturing,NYSE,884985,84.86,99.88,19,37,-15.77,34.0,54.6,-5.8,-2.7,1.1,6.3,61,42,60,27,21.0,0,0,0,0,0,0,4038146781.786438,46108092.0,0.15720001,0.021,889647,1126059,0,37.5,11.7,2026-08-12
1141,TAK,Healthcare,Drug Manufacturers - Specialty & Generic,NYSE,3860140,17.48,99.82,12,22,-7.51,31.6,75.0,1.6,1.5,5.9,6.2,61,49,59,79,27.9,0,0,0,0,0,0,55726627657.54934,3193502878.0,0.0011999999,0.102,4374601,3535366,0,53.7,3.6,2026-08-12
1142,FLG,Financial Services,Banks - Regional,NYSE,4357006,14.19,99.81,-11,-21,-8.1,32.6,75.2,0.2,-1.0,-2.5,6.0,61,72,62,66,30.0,0,0,0,0,0,0,5817414579.859943,417018972.0,0.0,0.153,4193019,4968773,0,57.5,23.2,2026-08-12
1143,SBUX,Consumer Cyclical,Restaurants,NASDAQ,7501118,106.66,99.8,-11,-10,-2.35,38.3,100.0,2.7,3.3,5.4,13.3,61,72,73,56,25.7,0,0,0,0,0,0,120361202087.40234,1140000000.0,0.045700002,-0.014,9693964,7792082,0,56.7,26.3,2026-08-12
1144,COR,Healthcare,Medical Distribution,NYSE,1520448,333.87,99.79,26,12,-11.57,24.3,50.3,-1.0,0.3,5.9,-3.1,61,35,21,70,15.7,0,0,0,0,0,0,61152471665.29678,190827165.0,0.0343,0.051,1672514,1530166,0,35.4,4.1,2026-08-12
1145,AMBA,Technology,Semiconductor Equipment & Materials,NASDAQ,2144851,82.89,99.78,-7,-5,-14.27,71.7,74.4,1.1,11.2,14.9,18.5,61,68,70,27,37.5,0,0,0,0,0,0,3806881040.7499695,43868185.0,0.1089,0.169,2383005,1884455,0,50.6,23.2,2026-08-12
1146,DOW,Basic Materials,Chemicals,NYSE,10385670,31.26,99.78,3,31,-26.86,48.0,46.7,1.1,1.5,-0.3,-0.8,61,58,86,76,53.4,0,0,0,0,0,0,21193476570.960445,722340711.0,0.0529,0.197,9280530,11338060,0,68.3,-4.1,2026-08-12
1147,CHD,Consumer Defensive,Household & Personal Products,NYSE,1811070,102.78,99.75,9,3,-3.07,24.1,83.0,-0.5,1.4,3.2,8.1,61,52,46,63,17.9,0,0,0,0,0,0,24488930851.957787,237203907.0,0.0511,0.016,2207471,1952550,0,44.7,15.5,2026-08-12
1148,MTDR,Energy,Oil & Gas E&P,NYSE,2040039,52.62,99.74,1,21,-21.27,41.2,54.2,6.3,3.8,1.9,4.6,61,60,80,61,20.2,0,0,0,0,0,0,6092183987.152843,124178227.0,0.114700004,0.363,2402699,1959629,0,55.3,17.7,2026-08-12
1149,FTV,Technology,Scientific & Technical Instruments,NYSE,2790064,61.68,99.73,-3,-3,-4.46,31.7,85.3,1.8,0.8,0.7,7.5,61,64,64,60,38.6,0,0,0,0,0,0,18812973326.8014,304861021.0,0.060900003,0.079,3205313,2993740,0,56.6,13.5,2026-08-12
1150,FAF,Financial Services,Insurance - Specialty,NYSE,790923,71.69,99.72,-10,-23,-10.24,27.2,69.3,-2.6,-2.2,2.8,9.6,61,71,58,55,22.0,0,0,0,0,0,0,7577862124.633789,102100000.0,0.0747,0.15,626051,945748,0,51.5,29.0,2026-08-12
1151,FHN,Financial Services,Banks - Regional,NYSE,5842628,25.43,99.71,-3,-8,-4.25,29.8,94.4,0.8,0.9,2.2,7.9,61,64,59,72,29.0,0,0,0,0,0,0,12062366008.924055,473777158.0,0.0001,0.089,5915704,5445400,0,56.0,16.4,2026-08-12
1152,DRS,Industrials,Aerospace & Defense,NASDAQ,1029487,44.66,99.71,22,48,-11.72,38.8,73.6,-0.1,-1.4,-0.6,8.6,61,39,65,62,16.3,0,0,0,0,0,0,11956739668.377934,266891515.0,0.0108,0.101,895261,1012566,0,45.6,4.1,2026-08-12
1153,KIM,Real Estate,REIT - Retail,NYSE,4333666,23.97,99.67,-10,-17,-10.06,22.2,66.7,-2.3,-4.9,-3.9,6.2,61,71,64,60,23.8,0,0,0,0,0,0,16407507449.453987,670789373.0,0.0621,0.049,5229480,5049838,0,54.7,26.5,2026-08-12
1154,HUBB,Industrials,Electrical Equipment & Parts,NYSE,582416,519.62,99.67,10,17,-8.11,25.9,70.1,2.6,4.4,3.9,6.0,61,51,58,77,30.5,0,0,0,0,0,0,27155412652.346924,52832571.0,0.059699997,0.153,615050,616659,0,54.1,4.4,2026-08-12
1155,FPS,Industrials,Electrical Equipment & Parts,NYSE,10141443,37.72,99.61,-24,-19,-42.85,36.8,28.1,3.2,3.4,-19.3,,61,85,90,62,,0,0,0,0,0,0,10063483713.979286,259971169.0,0.23120001,1.034,8319159,8586517,1,79.0,,2026-08-12
1156,D,Utilities,Utilities - Regulated Electric,NYSE,4397247,68.1,99.61,-13,-31,-6.7,19.2,75.0,-0.3,-2.1,-1.2,7.1,61,74,56,62,18.3,0,0,0,0,0,0,59271253166.28996,879525949.0,0.0357,0.176,3744693,5474994,0,52.6,32.0,2026-08-12
1157,FTAI,Industrials,Aerospace & Defense,NASDAQ,1595980,225.6,99.6,1,28,-30.26,64.2,51.5,5.4,6.2,-3.0,-2.0,61,60,87,96,66.6,0,0,0,0,0,0,22209381922.0269,102707091.0,0.10569999,0.409,2136241,1362162,1,77.4,-13.2,2026-08-12
1158,KTB,Consumer Cyclical,Apparel Manufacturing,NYSE,710306,74.96,99.59,-17,-63,-15.74,42.0,78.6,-0.4,-2.4,0.9,13.4,61,78,32,31,28.0,0,0,0,0,0,0,4258735429.627853,55272359.0,0.1293,0.45,669670,801522,0,42.3,39.0,2026-08-12
1159,ALLE,Industrials,Security & Protection Services,NYSE,1330936,168.44,99.58,32,23,-8.01,32.2,74.8,1.4,7.4,16.6,9.5,61,29,20,56,11.3,0,0,0,0,0,0,14366114834.44934,85036786.0,0.054899998,0.127,1104319,1277867,0,29.1,4.3,2026-08-12
1160,TOWN,Financial Services,Banks - Regional,NASDAQ,675889,37.44,99.54,4,-11,-4.07,18.0,85.3,-0.3,0.8,4.4,8.3,61,57,42,53,14.9,0,0,0,0,0,0,3420025056.714134,91298055.0,3.48,1.207,630139,676133,0,41.7,23.3,2026-08-12
1161,KRG,Real Estate,REIT - Retail,NYSE,2935901,26.17,99.52,-18,-27,-12.53,23.9,59.0,-3.6,-7.1,-7.3,3.3,61,79,70,69,33.1,0,0,0,0,0,0,5432030239.25,203066551.0,0.0942,-0.08,3487414,2656842,0,62.8,25.8,2026-08-12
1162,CTAS,Industrials,Specialty Business Services,NASDAQ,2432341,205.28,99.48,23,8,-9.44,24.4,64.9,-0.1,-0.8,8.3,9.7,61,38,23,36,6.1,0,0,0,0,0,0,81254430582.27058,400169561.0,0.040700004,0.089,2235594,2364694,0,25.8,17.8,2026-08-12
1163,MCHP,Technology,Semiconductors,NASDAQ,11370379,81.02,99.47,-17,-8,-23.5,62.1,56.4,1.3,0.5,-8.1,4.5,61,78,87,85,38.2,0,0,0,0,0,0,45987407366.49481,543008691.0,0.0868,0.38,12492947,12233655,0,72.0,17.6,2026-08-12
1164,TRP,Energy,Oil & Gas Midstream,NYSE,2565030,63.64,99.41,-18,-20,-10.96,27.8,65.4,-1.9,-5.0,-6.2,3.3,61,79,77,73,35.0,0,0,0,0,0,0,65870920357.19696,1041766896.0,8.09,0.057,2531761,2512484,0,66.0,23.4,2026-08-12
1165,HAL,Energy,Oil & Gas Equipment & Services,NYSE,11596652,33.8,99.41,-18,-8,-22.46,58.8,56.0,2.4,1.3,-4.8,-2.3,61,79,89,87,64.2,0,0,0,0,0,0,26568526895.12758,833130367.0,0.0561,0.037,10375867,11998139,0,79.8,4.8,2026-08-12
1166,WPM,Basic Materials,Gold,NYSE,1764757,134.41,99.4,30,79,-18.91,48.2,58.7,9.2,16.3,16.4,7.8,61,31,80,92,46.6,0,0,0,0,0,0,60948266319.61377,454159968.0,1.5,0.847,2127733,2063660,1,62.4,-24.9,2026-08-12
1167,HIMS,Healthcare,Drug Manufacturers - Specialty & Generic,NYSE,14678806,30.51,99.39,-6,-43,-53.28,106.4,32.0,-1.1,-2.1,-5.5,1.7,61,67,30,4,0.5,0,0,0,0,0,0,7311748620.367641,231457695.0,0.3194,0.038,14919469,16405785,0,25.4,49.5,2026-08-12
1168,CMC,Industrials,Metal Fabrication,NYSE,1196036,72.04,99.36,3,16,-15.12,30.7,61.0,0.2,3.4,3.4,4.8,61,58,71,86,45.0,0,0,0,0,0,0,8311205984.711189,110624335.0,0.056500003,0.229,1078028,1308367,0,65.0,-0.4,2026-08-12
1169,TBPH,Healthcare,Biotechnology,NASDAQ,752292,16.92,99.31,-3,4,-19.54,48.4,59.1,0.2,0.2,0.9,-1.4,61,64,71,89,53.9,0,0,0,0,0,0,877452356.0367279,51828254.0,0.1328,0.15,683748,710613,0,69.5,-0.7,2026-08-12
1170,LPLA,Financial Services,Capital Markets,NASDAQ,760868,371.19,99.31,26,15,-7.24,41.7,87.0,4.4,9.0,19.5,13.8,61,35,24,29,11.5,0,0,0,0,0,0,28554317007.18384,78742290.0,0.060900003,0.364,814034,918628,0,24.9,14.1,2026-08-12
1171,J,Industrials,Engineering & Construction,NYSE,922742,147.62,99.29,25,11,-12.36,35.5,66.6,2.1,5.5,11.9,9.0,61,36,22,42,9.2,0,0,0,0,0,0,17129993981.380188,118080879.0,0.069699995,0.345,973837,1101999,0,27.3,13.6,2026-08-12
1172,HBAN,Financial Services,Banks - Regional,NASDAQ,25111905,17.77,99.28,0,-25,-8.68,18.9,66.8,2.2,1.4,2.3,6.0,60,60,35,64,19.1,0,0,0,0,0,0,35458278654.84582,2020414826.0,0.0295,0.476,25536315,24446065,0,44.5,22.2,2026-08-12
1173,LOAR,Industrials,Aerospace & Defense,NYSE,661922,72.89,99.27,21,10,-12.63,36.8,70.3,3.0,3.6,3.3,8.5,60,39,28,32,16.5,0,0,0,0,0,0,6639702197.093071,93688471.0,0.1365,0.394,633347,727317,0,28.9,13.8,2026-08-12
1174,KEX,Industrials,Marine Shipping,NYSE,638158,132.65,99.23,-19,-18,-15.88,70.0,77.1,2.8,-1.9,-2.4,5.2,60,79,80,71,47.4,0,0,0,0,0,0,6932111645.5078125,52800000.0,0.0377,0.078,653635,615607,0,69.4,17.3,2026-08-12
1175,BKU,Financial Services,Banks - Regional,NYSE,1000433,47.0,99.22,-8,-9,-9.81,34.2,77.6,1.2,0.8,-0.6,3.2,60,68,67,80,40.7,0,0,0,0,0,0,3357967517.6288605,72276530.0,0.060900003,0.042,612889,986179,0,63.9,11.3,2026-08-12
1176,GNW,Financial Services,Insurance - Life,NYSE,2813221,9.79,99.22,-10,-15,-4.02,26.2,95.0,2.1,1.0,6.1,13.1,60,70,65,62,27.6,0,0,0,0,0,0,3711359529.92292,383009256.0,0.0339,0.058,2648194,2981696,0,56.1,23.3,2026-08-12
1177,LINC,Consumer Defensive,Education & Training Services,NASDAQ,792056,30.38,99.22,-36,-36,-46.08,67.4,31.7,-22.5,-25.6,-35.0,-15.8,60,96,96,88,54.7,0,0,0,0,0,0,1300232693.9621887,31720728.0,0.11229999,0.225,1166460,686348,2,83.7,22.3,2026-08-12
1178,MAR,Consumer Cyclical,Lodging,NASDAQ,1677277,349.49,99.2,-10,-9,-14.96,36.9,66.6,-0.6,-2.8,-5.5,4.7,60,70,71,78,46.3,0,0,0,0,0,0,92287797941.03468,260766288.0,0.0214,0.111,2217512,1649830,0,66.3,10.1,2026-08-12
1179,YEXT,Technology,Software - Infrastructure,NYSE,998387,5.71,99.18,12,-29,-37.93,71.6,41.1,1.2,4.6,18.9,-1.9,60,48,7,17,1.5,0,0,0,0,0,0,574421706.5920811,100248116.0,0.08930001,-0.014,699963,1292976,0,18.4,33.6,2026-08-12
1180,ORI,Financial Services,Insurance - Property & Casualty,NYSE,1414436,42.43,99.18,6,0,-9.26,15.8,58.3,-1.4,-0.8,3.7,2.5,60,54,48,61,20.6,0,0,0,0,0,0,10388858338.942078,241432922.0,0.0508,0.134,1190528,1467397,0,45.9,15.9,2026-08-12
1181,EBAY,Consumer Cyclical,Internet Retail,NASDAQ,3829989,106.01,99.16,-18,-13,-11.15,28.8,57.9,-6.4,-7.8,-7.6,5.3,60,78,83,48,15.1,0,0,0,0,0,0,49831101493.83545,445000000.0,0.0317,0.148,4866907,3815427,0,56.0,36.9,2026-08-12
1182,NOW,Technology,Software - Application,NYSE,22913637,127.54,99.15,35,21,-34.5,50.5,38.4,4.7,12.3,16.2,2.0,60,25,11,11,1.3,0,0,0,0,0,0,129108683720.4132,1033862000.0,0.054,0.24,22374311,25620160,0,12.1,16.0,2026-08-12
1183,QTWO,Technology,Software - Application,NYSE,904471,63.36,99.09,34,21,-25.63,48.6,48.5,0.5,6.5,20.5,9.7,60,26,13,14,4.1,0,0,0,0,0,0,3916498478.5811424,62354695.0,0.0936,0.126,1067975,863751,0,14.3,14.6,2026-08-12
1184,AAUC,Basic Materials,Gold,NYSE,866405,22.19,99.04,7,46,-31.09,94.5,53.5,13.8,10.3,-1.7,-12.6,60,53,92,97,76.5,0,0,0,0,0,0,2756213196.4335423,126547893.0,0.028800001,0.454,1452386,728085,2,79.6,-24.5,2026-08-12
1185,WMB,Energy,Oil & Gas Midstream,NYSE,6799413,72.31,99.04,-14,-11,-9.7,30.4,75.1,2.9,1.9,0.8,7.0,60,74,77,76,34.7,0,0,0,0,0,0,86110991895.20544,1223167472.0,0.0189,0.078,6646170,7064048,0,65.4,19.0,2026-08-12
1186,IP,Consumer Cyclical,Packaging & Containers,NYSE,5269892,41.8,99.03,31,16,-16.82,40.0,57.9,-1.2,1.4,8.1,7.1,60,29,14,60,4.7,0,0,0,0,0,0,22019517203.77144,529569895.0,0.1785,-0.022,4759698,5745579,0,26.9,7.5,2026-08-12
1187,MAS,Industrials,Building Products & Equipment,NYSE,2659934,76.14,99.0,-13,-48,-8.97,27.4,66.4,-0.6,-2.7,-1.8,8.5,60,73,38,66,15.9,0,0,0,0,0,0,15283998120.537796,197187430.0,0.0508,-0.029,3328072,2558032,0,48.2,33.5,2026-08-12
1188,ESNT,Financial Services,Insurance - Specialty,NYSE,577548,67.62,98.99,-1,-21,-3.4,22.3,96.6,1.8,2.8,8.3,10.2,60,61,41,47,20.7,0,0,0,0,0,0,6332744651.691284,92152860.0,0.040799998,0.136,556875,790861,0,42.4,25.0,2026-08-12
1189,FN,Technology,Electronic Components,NYSE,777784,525.88,98.98,1,37,-29.78,106.4,62.8,11.8,15.3,6.3,6.9,60,59,95,92,69.1,0,0,0,0,0,0,20149929356.149902,35829740.0,0.0738,0.393,770743,939324,2,78.8,-15.2,2026-08-12
1190,MLYS,Healthcare,Biotechnology,NASDAQ,799037,27.33,98.98,5,28,-42.64,100.2,40.0,1.3,0.8,2.3,-12.4,60,55,78,90,79.6,0,0,0,0,0,0,2411134434.279791,88158479.0,0.12979999,,624351,1424292,1,75.7,-21.6,2026-08-12
1191,QRVO,Technology,Semiconductors,NASDAQ,1199983,96.68,98.98,19,36,-11.7,29.2,69.0,4.5,8.5,5.7,12.7,60,41,58,47,18.9,0,0,0,0,0,0,8740999559.178635,88221633.0,0.0896,-0.042,1438501,1298772,0,41.2,8.1,2026-08-12
1192,EMN,Basic Materials,Specialty Chemicals,NYSE,1266753,74.77,98.96,21,33,-10.42,28.7,64.7,-0.2,2.9,2.8,4.3,60,39,51,69,26.1,0,0,0,0,0,0,8419012447.940567,114326623.0,0.062800005,0.099,1255369,1224587,0,46.3,-0.7,2026-08-12
1193,RCL,Consumer Cyclical,Travel Services,NYSE,2251488,307.15,98.9,25,22,-16.19,24.8,51.4,-3.2,0.2,2.3,7.4,60,35,32,72,11.6,0,0,0,0,0,0,85584666880.0,267452084.0,0.0715,0.065,1787016,2448003,0,37.6,4.6,2026-08-12
1194,ALGN,Healthcare,Medical Instruments & Supplies,NASDAQ,973170,172.96,98.88,5,-13,-13.71,39.3,67.7,0.6,0.3,-0.4,3.4,60,55,37,74,36.8,0,0,0,0,0,0,12336780958.475708,71039852.0,0.0769,0.043,1062371,1004338,0,50.7,7.1,2026-08-12
1195,BTG,Basic Materials,Gold,NYSE ARCA,22470947,5.07,98.88,36,90,-19.4,42.7,60.9,18.7,27.4,27.6,13.4,60,24,78,90,51.8,0,0,0,0,0,0,6644986210.031676,1321070762.0,2.6,1.177,29113603,23413320,1,61.0,-32.5,2026-08-12
1196,FWONK,Communication Services,Entertainment,NASDAQ,2120188,102.38,98.85,5,-12,-6.39,27.3,82.5,3.7,4.2,8.9,12.7,60,55,38,29,15.5,0,0,0,0,0,0,25785367299.69921,250708485.0,0.0372,0.183,2560225,2082461,0,34.4,26.6,2026-08-12
1197,COLD,Real Estate,REIT - Industrial,NYSE,4186785,14.48,98.85,-17,-26,-14.22,44.3,73.1,1.2,-1.2,-2.5,11.2,60,77,68,27,10.5,0,0,0,0,0,0,4270789053.850219,285480551.0,0.0825,0.018,3734307,4393203,0,45.6,44.1,2026-08-12
1198,SYY,Consumer Defensive,Food Distribution,NYSE,3538608,84.26,98.82,-4,-36,-8.26,22.2,70.4,0.4,1.4,3.8,7.5,59,63,31,73,13.9,0,0,0,0,0,0,40353023022.579865,478740332.0,0.0387,0.047,4562374,3545248,0,45.2,25.8,2026-08-12
1199,LW,Consumer Defensive,Packaged Foods,NYSE,1828283,52.59,98.8,19,1,-21.59,38.0,52.1,0.4,4.5,12.9,11.0,59,40,22,27,12.4,0,0,0,0,0,0,7186244731.594795,137483158.0,0.056500003,0.056,1385199,1662039,0,25.3,18.2,2026-08-12
1200,EGP,Real Estate,REIT - Industrial,NYSE,504056,201.63,98.8,-14,-16,-11.06,26.3,68.0,-0.5,-3.2,-1.7,5.6,59,73,71,61,35.2,0,0,0,0,0,0,10902002583.965652,53773317.0,0.059299998,0.091,570459,449129,0,60.0,21.5,2026-08-12
1201,AHR,Real Estate,REIT - Healthcare Facilities,NYSE,2881460,52.69,98.79,-20,-27,-10.24,30.9,70.8,-5.0,-6.2,0.5,5.4,59,79,72,84,37.6,0,0,0,0,0,0,10935064079.397997,192722308.0,0.13149999,0.209,2876910,3399938,0,68.1,20.4,2026-08-12
1202,SYF,Financial Services,Credit Services,NYSE,3728629,78.47,98.78,16,25,-11.6,24.5,63.3,1.9,4.7,6.5,6.4,59,43,52,58,21.8,0,0,0,0,0,0,25570893124.0564,325370840.0,0.0793,0.006,2956788,3647617,0,43.7,6.7,2026-08-12
1203,CDW,Technology,Information Technology Services,NASDAQ,2009817,135.37,98.78,19,-7,-21.09,37.6,52.3,-4.7,-1.3,0.3,3.2,59,40,14,19,3.9,0,0,0,0,0,0,16978616319.841677,125017426.0,0.0884,0.1,2378973,2079060,0,19.2,24.9,2026-08-12
1204,CDE,Basic Materials,Gold,NYSE,31335212,18.58,98.77,24,75,-33.09,67.0,47.5,11.9,18.3,14.7,1.4,59,35,86,97,64.0,0,0,0,0,0,0,17875788987.818268,1027934998.0,0.0582,1.259,39488648,37938273,1,70.5,-32.0,2026-08-12
1205,BBDC,Financial Services,Asset Management,NYSE,652847,9.31,98.73,12,12,-6.15,15.5,64.9,4.6,7.3,8.9,5.8,59,47,47,52,8.1,0,0,0,0,0,0,965397498.4397544,104706884.0,0.0299,-0.124,844102,726138,0,38.5,18.5,2026-08-12
1206,CNR,Energy,Thermal Coal,NYSE,551105,93.73,98.66,20,32,-18.35,36.9,58.3,11.4,12.2,11.2,7.2,59,39,51,68,32.2,0,0,0,0,0,0,4447408551.461082,49636257.0,0.0573,0.035,608447,637529,0,47.6,-3.6,2026-08-12
1207,NN,Technology,Software - Infrastructure,NASDAQ,2748740,17.83,98.63,18,65,-26.99,69.1,64.3,26.3,36.1,15.0,16.2,59,41,88,76,40.9,0,0,0,0,0,0,2225286402.224813,136436939.0,0.1594,-0.353,3750580,2735576,0,61.5,-11.7,2026-08-12
1208,DNP,Financial Services,Asset Management,NYSE,667336,10.88,98.6,-9,-12,-2.51,11.6,86.4,1.0,0.1,0.6,4.8,59,68,65,59,19.2,0,0,0,0,0,0,4088510359.045887,376821218.0,0.0018000001,0.043,656769,663949,0,52.8,26.5,2026-08-12
1209,L,Financial Services,Insurance - Property & Casualty,NYSE,759076,113.15,98.55,-4,-11,-6.5,19.9,75.0,-1.8,-2.2,0.3,4.7,59,63,56,65,28.1,0,0,0,0,0,0,23617534242.054443,204427720.0,0.026500002,0.039,737599,844855,0,53.0,17.7,2026-08-12
1210,MTH,Consumer Cyclical,Residential Construction,NYSE,870089,73.82,98.54,1,-33,-13.54,24.0,53.5,0.1,0.0,-2.1,4.1,59,58,24,66,11.7,0,0,0,0,0,0,4861335358.195343,65174093.0,0.0758,-0.138,896838,964499,0,39.9,24.9,2026-08-12
1211,NXT,Technology,Solar,NASDAQ,3054123,104.88,98.54,-12,10,-35.71,92.7,48.6,6.2,3.1,-8.1,-5.2,59,71,93,94,74.1,0,0,0,0,0,0,15667590559.329224,151729520.0,0.0654,0.082,3327819,3271701,2,83.0,-8.4,2026-08-12
1212,FSS,Industrials,Farm & Heavy Construction Machinery,NYSE,525522,128.72,98.53,9,8,-4.3,20.6,74.0,-1.3,3.2,5.9,10.0,59,50,49,60,10.2,0,0,0,0,0,0,7826145356.135269,61041611.0,0.09729999,0.187,492856,564775,0,42.3,18.0,2026-08-12
1213,SPSC,Technology,Software - Application,NASDAQ,568232,74.91,98.51,36,22,-36.18,53.1,40.2,4.2,11.1,23.3,10.0,59,23,9,9,1.4,0,0,0,0,0,0,2641692669.242569,36000174.0,0.0967,0.056,682957,700003,0,10.6,15.0,2026-08-12
1214,PHM,Consumer Cyclical,Residential Construction,NYSE,1699868,132.42,98.44,10,-8,-8.36,17.3,58.7,-0.9,-0.0,1.4,3.7,59,49,31,76,15.2,0,0,0,0,0,0,25315635151.06357,190486353.0,0.0639,-0.096,1447516,1752523,0,42.8,13.3,2026-08-12
1215,V,Financial Services,Credit Services,NYSE,7551383,362.82,98.4,1,-19,-2.98,21.6,85.3,-1.6,-0.9,3.7,8.5,59,58,38,32,14.5,0,0,0,0,0,0,676804631387.5,1867047259.0,0.0139,0.144,6871629,8133985,0,35.6,29.0,2026-08-12
1216,HRL,Consumer Defensive,Packaged Foods,NYSE,3577905,24.3,98.38,-3,-43,-17.21,23.6,48.9,-2.3,-3.2,-1.8,4.4,59,62,22,35,4.3,0,0,0,0,0,0,13768111111.04012,550284207.0,0.0695,-0.029,3288705,3983297,0,30.8,38.3,2026-08-12
1217,KREF,Real Estate,REIT - Mortgage,NYSE,1149165,7.57,98.38,9,-15,-24.17,30.3,44.6,4.4,4.2,6.6,4.2,59,50,26,21,3.4,0,0,0,0,0,0,498971250.6371975,64300417.0,0.129,,928496,1125449,0,25.1,31.5,2026-08-12
1218,WRBY,Healthcare,Medical Instruments & Supplies,NYSE,2678053,25.04,98.35,-12,1,-19.23,53.5,63.8,-6.4,-3.3,-4.7,4.4,59,71,84,67,16.9,0,0,0,0,0,0,3265851847.000122,123426000.0,0.2082,0.098,3027170,3176418,0,59.7,26.6,2026-08-12
1219,GNL,Real Estate,REIT - Diversified,NYSE,2505066,9.06,98.33,-1,8,-9.72,21.3,62.0,1.3,0.3,-1.0,-0.2,59,60,69,80,24.8,0,0,0,0,0,0,1946884726.443863,210930100.0,0.0001,-0.1,2696320,2756514,0,58.4,12.7,2026-08-12
1220,MNTN,Technology,Software - Application,NYSE,1089953,11.41,98.3,36,20,-52.18,53.6,27.3,15.3,22.9,24.2,12.6,59,23,7,10,0.4,0,0,0,0,0,0,821296570.0801792,73924086.0,0.0876,0.206,1197740,1295770,0,10.1,15.5,2026-08-12
1221,IHS,Real Estate,Real Estate Services,NYSE,1184135,8.31,98.29,-8,-7,-7.15,33.5,83.9,0.9,1.2,1.1,5.9,59,67,68,85,32.8,0,0,0,0,0,0,2811202978.4297943,336671000.0,0.0104,0.059,1862287,1293289,0,63.2,13.4,2026-08-12
1222,UPS,Industrials,Integrated Freight & Logistics,NYSE,5100176,104.43,98.28,-14,-47,-14.69,25.8,57.0,-1.4,-4.9,-4.7,-0.2,59,73,40,74,27.7,0,0,0,0,0,0,88906675319.0,850781582.0,0.0327,0.076,5432169,5271059,0,53.7,25.8,2026-08-12
1223,ZBH,Healthcare,Medical Devices,NYSE,2560626,97.23,98.25,22,11,-10.21,23.0,65.1,1.3,3.9,7.8,7.6,59,37,26,48,9.1,0,0,0,0,0,0,18415724455.035236,190737689.0,0.08189999,0.048,3039389,2405237,0,30.0,12.9,2026-08-12
1224,H,Consumer Cyclical,Lodging,NYSE,826541,172.64,98.23,-16,-25,-16.54,31.7,64.4,1.8,-1.9,-5.6,6.8,59,75,66,68,39.7,0,0,0,0,0,0,16746810987.25293,94236736.0,0.26459998,-0.066,1108405,889013,0,62.2,19.9,2026-08-12
1225,MRSH,Financial Services,Insurance Brokers,NYSE,2506617,191.25,98.21,24,14,-10.55,20.0,58.5,-1.3,0.8,7.1,6.6,59,35,25,27,6.6,0,0,0,0,0,0,91457536599.53355,477211268.0,0.014199999,0.062,2417333,2625956,0,23.4,16.8,2026-08-12
1226,AR,Energy,Oil & Gas E&P,NYSE,4610727,37.83,98.18,20,38,-17.31,25.5,49.8,4.9,7.4,7.5,4.7,59,39,57,35,21.7,0,0,0,0,0,0,10671207408.531187,307439000.0,0.0401,0.126,4851201,4807538,0,38.2,7.6,2026-08-12
1227,SF,Financial Services,Capital Markets,NYSE,1169299,84.4,98.16,19,20,-6.04,24.9,81.4,1.5,3.8,11.3,8.2,58,39,40,59,22.1,0,0,0,0,0,0,12595529454.864502,151589000.0,0.0001,0.127,995628,1313653,0,40.0,4.4,2026-08-12
1228,VTR,Real Estate,REIT - Healthcare Facilities,NYSE,3633819,86.96,98.14,-21,-25,-14.41,32.6,65.5,-2.5,-5.8,-0.8,6.4,58,79,75,73,37.8,0,0,0,0,0,0,47888672389.31761,512946359.0,0.0553,0.217,3853198,3834669,0,66.2,22.2,2026-08-12
1229,VATE,Industrials,Engineering & Construction,NYSE,666633,7.49,98.09,-33,-28,-64.84,92.7,22.9,-5.0,-7.2,-40.3,-8.4,58,91,96,28,63.8,0,0,0,0,0,0,165202992.576437,13641866.0,0.077,0.742,1792680,446936,2,69.7,25.7,2026-08-12
1230,DHR,Healthcare,Diagnostics & Research,NYSE,5698083,207.44,98.08,21,4,-14.56,27.1,54.8,2.4,4.1,7.2,1.2,58,37,20,38,12.3,0,0,0,0,0,0,143943420555.42227,702986054.0,0.0161,0.055,4292729,5126025,0,26.8,13.8,2026-08-12
1231,WFC,Financial Services,Banks - Diversified,NYSE,15033838,87.45,98.06,7,-14,-10.55,21.1,67.5,1.5,2.1,4.3,4.7,58,51,30,61,21.9,0,0,0,0,0,0,263843942066.0,3023999336.0,0.0,0.095,12469136,15411357,0,41.0,14.6,2026-08-12
1232,COF,Financial Services,Credit Services,NYSE,4065378,219.15,98.05,19,9,-15.59,26.3,56.6,2.1,4.8,9.9,7.1,58,39,29,48,14.4,0,0,0,0,0,0,133595756629.94383,613500000.0,0.023599999,11.11,3284694,4514732,0,32.6,11.5,2026-08-12
1233,CSL,Industrials,Building Products & Equipment,NYSE,536300,389.96,98.03,24,21,-9.92,29.5,70.7,0.6,6.8,8.0,9.8,58,34,31,70,13.0,0,0,0,0,0,0,15388829008.33667,39714133.0,0.081199996,0.083,486991,484630,0,37.0,3.6,2026-08-12
1234,LTM,Industrials,Airlines,NYSE,730297,53.01,98.02,-3,-8,-24.72,26.1,40.4,-4.1,-1.8,-2.6,-0.5,58,61,56,89,27.5,0,0,0,0,0,0,16604436577.43344,292743939.0,0.0114,0.272,761101,763210,0,58.4,11.6,2026-08-12
1235,ALKT,Technology,Software - Application,NASDAQ,1566599,19.83,98.02,34,33,-26.26,38.5,47.1,5.5,10.2,17.0,9.0,58,24,23,15,8.9,0,0,0,0,0,0,2109965216.4458463,106941980.0,0.1038,0.159,1509219,1787047,0,17.7,9.4,2026-08-12
1236,VLRS,Industrials,Airlines,NYSE,577278,7.89,98.01,-7,-20,-26.94,39.5,44.8,-1.8,-0.5,-4.4,-1.7,58,65,52,92,48.8,0,0,0,0,0,0,939152701.6700937,114951370.0,0.0224,0.239,436004,609622,1,64.4,4.0,2026-08-12
1237,BX,Financial Services,Asset Management,NYSE,4934904,147.17,98.0,30,29,-22.58,43.4,51.2,6.9,10.6,17.2,11.6,58,28,27,29,4.4,0,0,0,0,0,0,109695032724.20056,799934579.0,0.031600002,0.286,5175734,5251524,0,22.1,11.7,2026-08-12
1238,PLD,Real Estate,REIT - Industrial,NYSE,4956124,139.5,97.99,-13,-10,-9.03,34.3,79.4,-0.4,-2.5,-1.8,3.5,58,71,74,72,43.2,0,0,0,0,0,0,133198728899.74477,950333372.0,0.0165,0.123,6136803,4629348,0,65.0,13.4,2026-08-12
1239,NVDA,Technology,Semiconductors,NASDAQ,129058421,217.5,97.96,-10,4,-8.05,35.7,83.5,4.9,7.5,8.6,15.2,58,68,82,67,30.8,0,0,0,0,0,0,5424535322616.577,24221000000.0,0.0139,0.852,126933275,142591645,0,61.9,17.4,2026-08-12
1240,NTSK,Technology,Software - Infrastructure,NASDAQ,4666139,15.39,97.94,6,-34,-45.02,93.9,40.2,6.8,13.2,28.5,9.7,58,52,12,9,,0,0,0,0,0,0,6006344614.404607,403923649.0,0.0866,0.278,4400678,6295219,0,24.3,,2026-08-12
1241,FHB,Financial Services,Banks - Regional,NASDAQ,2611067,27.47,97.9,-8,-14,-10.17,21.3,64.2,-0.3,-1.9,-3.0,4.3,58,66,60,59,23.2,0,0,0,0,0,0,3345000600.809513,121680634.0,0.1423,0.059,1806471,2192114,0,52.0,23.4,2026-08-12
1242,PECO,Real Estate,REIT - Retail,NASDAQ,866240,39.66,97.89,-16,-23,-10.63,20.7,64.0,-3.2,-5.3,-3.9,5.0,58,74,67,60,29.2,0,0,0,0,0,0,5244525000.0,128700000.0,0.0446,0.067,807621,1035376,0,57.6,25.9,2026-08-12
1243,EFC,Real Estate,REIT - Mortgage,NYSE,1205909,13.6,97.88,-4,-4,-3.68,20.5,85.3,1.6,1.4,0.9,3.1,58,62,62,41,12.6,0,0,0,0,0,0,1705353334.2338717,125393624.0,0.0625,0.28,1356279,1278723,0,44.4,28.9,2026-08-12
1244,ALLY,Financial Services,Credit Services,NYSE,3080432,43.95,97.84,-6,-7,-7.06,23.1,73.4,0.7,-0.3,-0.7,4.1,58,64,63,63,25.5,0,0,0,0,0,0,13299610949.297516,304199693.0,0.0433,0.11,2615517,3195073,0,53.9,19.5,2026-08-12
1245,CAI,Healthcare,Biotechnology,NASDAQ,4364164,23.14,97.84,42,35,-45.55,53.0,31.2,20.6,29.4,27.9,4.8,58,16,9,19,2.0,0,0,0,0,0,0,6428158939.599524,282680695.0,0.1018,0.454,6263402,3796412,0,11.5,7.1,2026-08-12
1246,LEVI,Consumer Cyclical,Apparel Manufacturing,NYSE,2846005,22.74,97.83,-5,-11,-11.52,25.3,59.4,-6.7,-7.9,-6.6,2.6,58,63,57,67,18.6,0,0,0,0,0,0,9394202159.696465,384850562.0,0.0752,0.08,1952356,2661503,0,51.4,22.0,2026-08-12
1247,LBRT,Energy,Oil & Gas Equipment & Services,NYSE,4991981,21.48,97.81,-31,-25,-37.7,115.5,48.4,10.9,4.6,-11.7,-11.8,58,89,95,95,77.3,0,0,0,0,0,0,3254036922.193619,163191416.0,0.1282,0.14,4932824,4603544,2,89.1,4.0,2026-08-12
1248,PPG,Basic Materials,Specialty Chemicals,NYSE,1929106,116.16,97.77,1,-23,-12.94,21.5,54.4,-0.9,-1.2,-2.2,4.1,58,57,33,72,15.4,0,0,0,0,0,0,26613756271.362305,222300000.0,0.0327,0.072,2027990,1955118,0,44.3,20.2,2026-08-12
1249,OLMA,Healthcare,Biotechnology,NASDAQ,1141859,10.43,97.77,-2,30,-71.23,128.4,18.8,-9.5,-9.7,-7.4,-40.5,58,60,92,99,84.0,0,0,0,1,0,1,1052537042.210208,87347471.0,0.2101,,965838,1501361,2,83.8,-23.0,2026-08-12
1250,DG,Consumer Defensive,Discount Stores,NYSE,2291811,120.07,97.75,9,-10,-24.12,24.7,39.2,-4.5,-3.7,1.3,-3.6,58,49,30,90,13.0,0,0,0,0,0,0,27924062835.91757,220586647.0,0.041500002,0.034,1790105,2889481,1,45.5,11.7,2026-08-12
1251,BEAM,Healthcare,Biotechnology,NASDAQ,2128787,26.85,97.75,-6,13,-29.82,66.8,48.8,-0.7,0.1,-11.6,-4.9,58,64,83,80,59.3,0,0,0,0,0,0,2838344986.918659,103287665.0,0.3496,-0.942,1466481,2240160,0,71.6,-2.7,2026-08-12
1252,SPNT,Financial Services,Insurance - Reinsurance,NYSE,703824,22.55,97.74,-17,-23,-14.84,31.0,61.4,-3.2,-5.8,-3.2,4.7,58,75,69,65,33.6,0,0,0,0,0,0,2675280398.2441864,116165016.0,0.040599998,-0.005,708382,785788,0,60.6,23.3,2026-08-12
1253,NWSA,Communication Services,Entertainment,NASDAQ,4246901,28.63,97.74,4,1,-9.43,28.0,72.7,0.5,2.0,6.2,10.9,58,54,51,24,10.6,0,0,0,0,0,0,15420627294.47062,540695198.0,0.0342,0.108,4612064,5133626,0,34.9,28.0,2026-08-12
1254,APAM,Financial Services,Asset Management,NYSE,924553,43.32,97.71,20,10,-10.61,23.0,54.3,0.3,3.3,10.7,5.2,58,38,28,50,5.9,0,0,0,0,0,0,3020898169.98402,70996433.0,0.0783,0.089,912731,876870,0,30.5,14.7,2026-08-12
1255,IMCR,Healthcare,Biotechnology,NASDAQ,566749,34.18,97.69,10,-8,-16.05,25.0,55.9,3.0,1.7,9.3,6.8,58,48,30,37,16.4,0,0,0,0,0,0,1729429516.0,50865574.0,0.19559999,0.183,455679,568967,0,32.9,19.8,2026-08-12
1256,SHW,Basic Materials,Specialty Chemicals,NYSE,2050116,364.42,97.68,21,10,-4.01,22.9,81.7,0.3,4.8,8.4,7.9,58,37,26,52,11.4,0,0,0,0,0,0,89754973836.2507,242758151.0,0.027999999,0.075,1934180,2386942,0,31.6,10.9,2026-08-12
1257,PB,Financial Services,Banks - Regional,NYSE,1323936,73.64,97.62,1,-19,-4.61,20.3,88.9,0.1,0.8,2.8,6.3,58,57,37,55,20.8,0,0,0,0,0,0,8887071848.6996,120176771.0,0.044,0.259,998690,1232780,0,42.5,20.5,2026-08-12
1258,FBIN,Industrials,Building Products & Equipment,NYSE,2650538,50.0,97.62,0,-44,-22.89,46.4,49.9,-3.0,-3.3,2.7,2.6,58,58,14,42,5.3,0,0,0,0,0,0,6057719569.638153,119293417.0,0.097399995,-0.041,2921275,2630975,0,29.8,34.0,2026-08-12
1259,ARR,Real Estate,REIT - Mortgage,NYSE,4094017,16.67,97.61,-2,5,-13.67,18.4,51.1,0.6,0.9,-1.1,-3.3,58,60,67,68,19.4,0,0,0,0,0,0,2361104850.4785614,141553046.0,0.0001,,3293223,3864582,0,53.6,18.0,2026-08-12
1260,APD,Basic Materials,Specialty Chemicals,NYSE,1244456,309.31,97.58,-2,3,-1.77,31.8,87.9,1.3,2.1,4.2,9.4,57,59,64,48,14.8,0,0,0,0,0,0,67571697766.865845,222685530.0,0.019199999,0.046,1047479,1320189,0,46.4,23.8,2026-08-12
1261,NNN,Real Estate,REIT - Retail,NYSE,1439598,45.37,97.54,-9,-15,-9.26,17.3,64.1,-2.2,-4.5,-2.3,4.9,57,66,60,57,17.8,0,0,0,0,0,0,8911224639.709568,190248177.0,0.0515,0.077,1459024,1674086,0,50.2,26.5,2026-08-12
1262,BXP,Real Estate,REIT - Office,NYSE,1381742,67.49,97.53,-5,-34,-14.92,33.2,60.7,-2.2,-2.1,1.0,6.5,57,62,33,30,17.4,0,0,0,0,0,0,11130006922.58548,159661556.0,0.0921,0.037,1529858,1470471,0,35.6,31.6,2026-08-12
1263,RGLD,Basic Materials,Gold,NASDAQ,719085,233.51,97.45,28,70,-23.75,39.7,48.1,7.2,12.8,13.2,1.1,57,29,71,91,45.1,0,0,0,0,0,0,19480628726.29866,84727857.0,0.0382,1.155,815025,744999,1,59.0,-24.7,2026-08-12
1264,RPM,Basic Materials,Specialty Chemicals,NYSE,1002557,116.66,97.44,23,15,-9.65,23.4,62.4,1.0,4.6,6.3,7.9,57,34,26,48,8.3,0,0,0,0,0,0,14980182557.907104,127643000.0,0.0376,0.072,904532,895896,0,29.1,10.9,2026-08-12
1265,CINF,Financial Services,Insurance - Property & Casualty,NASDAQ,849952,173.21,97.43,-10,-19,-11.09,15.1,53.7,-2.2,-3.4,-2.2,3.7,57,67,58,57,22.6,0,0,0,0,0,0,27144127132.375565,153478045.0,0.025999999,0.316,664937,870979,0,51.1,25.1,2026-08-12
1266,DTM,Energy,Oil & Gas Midstream,NYSE,805304,134.78,97.35,-23,-23,-11.84,35.0,70.2,0.9,-2.3,-4.2,3.1,57,80,80,77,38.1,0,0,0,0,0,0,13408890755.30078,102015296.0,0.0531,0.11,1033003,774482,0,68.8,21.5,2026-08-12
1267,VZ,Communication Services,Telecom Services,NYSE,30272421,47.27,97.32,5,16,-8.53,22.3,66.1,0.2,2.0,3.7,4.6,57,52,63,69,16.6,0,0,0,0,0,0,195523726711.83545,4154775202.0,0.020499999,-0.007,24655184,29260156,0,50.2,13.2,2026-08-12
1268,ENR,Industrials,Electrical Equipment & Parts,NYSE,1056677,22.38,97.31,11,-20,-26.11,40.3,48.7,4.7,7.3,9.5,13.0,57,46,15,30,2.7,0,0,0,0,0,0,1545675666.1904526,68483637.0,0.1017,0.012,1233503,1071562,0,23.4,28.0,2026-08-12
1269,FFIN,Financial Services,Banks - Regional,NASDAQ,774076,34.8,97.23,-1,-26,-8.71,22.2,67.7,-0.1,-0.1,1.9,8.7,57,58,33,38,12.5,0,0,0,0,0,0,4969164405.249496,143327507.0,0.0795,0.098,670610,942356,0,35.4,29.3,2026-08-12
1270,PPLI,Communication Services,Internet Content & Information,NASDAQ,963999,39.94,97.21,-13,-15,-17.34,28.8,56.3,-4.1,-5.6,-7.1,2.2,57,70,68,47,26.2,0,0,0,0,0,0,3096210137.847519,74463925.0,0.1616,-0.015,1245019,1015481,0,52.8,26.7,2026-08-12
1271,NWS,Communication Services,Entertainment,NASDAQ,1310578,32.67,97.16,7,8,-7.48,27.4,73.8,0.6,2.4,6.5,10.8,57,50,51,23,9.6,0,0,0,0,0,0,17545559587.6177,540695198.0,0.1342,0.108,1191715,1593953,0,33.4,25.5,2026-08-12
1272,ATHM,Communication Services,Internet Content & Information,NYSE,743966,23.02,97.15,17,-6,-23.06,40.2,48.7,-0.1,3.1,14.6,10.6,57,40,17,22,2.9,0,0,0,0,0,0,2616683018.838412,115170911.0,0.0507,-0.279,785410,818300,0,20.5,24.4,2026-08-12
1273,NJR,Utilities,Utilities - Regulated Gas,NYSE,650093,54.74,97.14,-18,-19,-10.06,25.4,70.5,-1.3,-3.9,-2.4,5.2,57,75,74,66,25.0,0,0,0,0,0,0,5552704992.65823,100921573.0,0.0517,0.168,787639,718787,0,60.0,26.9,2026-08-12
1274,GSBD,Financial Services,Asset Management,NYSE,988706,9.7,97.13,18,16,-16.52,12.0,35.0,5.4,7.2,5.5,2.5,57,39,37,32,4.2,0,0,0,0,0,0,1097548403.25,112569067.0,0.065,-0.187,1154138,972329,0,28.0,19.0,2026-08-12
1275,OCFC,Financial Services,Banks - Regional,NASDAQ,908591,19.08,97.1,0,-5,-7.42,11.9,62.0,-1.5,-2.4,0.6,2.1,57,57,52,65,24.0,0,0,0,0,0,0,1911242514.40856,98416195.0,0.052699998,0.322,973533,1102172,0,49.5,15.4,2026-08-12
1276,MTCH,Communication Services,Internet Content & Information,NASDAQ,3132505,36.8,97.08,-16,-22,-11.11,26.6,62.2,-4.4,-5.1,-2.0,7.6,57,73,67,31,12.1,0,0,0,0,0,0,8691510367.229881,233266526.0,0.0716,-0.012,3688437,3354533,0,45.8,39.5,2026-08-12
1277,CL,Consumer Defensive,Household & Personal Products,NYSE,4532524,92.31,97.07,-6,-19,-7.07,23.1,71.8,0.1,0.2,1.2,6.6,57,63,50,66,17.2,0,0,0,0,0,0,74352307084.77374,797172829.0,0.0233,0.049,5058714,5063764,0,49.1,23.6,2026-08-12
1278,AEO,Consumer Cyclical,Apparel Retail,NYSE,4207050,17.36,97.06,3,-17,-39.0,33.3,25.4,-7.7,-7.4,-6.3,-17.9,57,54,34,93,37.1,0,0,0,0,0,0,3011292678.946524,167573333.0,0.1328,0.097,3859141,4686738,1,54.5,2.7,2026-08-12
1279,KMI,Energy,Oil & Gas Midstream,NYSE,9609105,31.48,97.03,-11,-7,-9.57,22.8,69.5,0.9,-0.5,-0.7,3.6,57,68,72,73,25.4,0,0,0,0,0,0,68696845295.10758,2226802089.0,0.0233,0.108,9236717,9739787,0,59.6,19.9,2026-08-12
1280,RRC,Energy,Oil & Gas E&P,NYSE,3044522,40.67,97.0,20,48,-15.81,22.5,49.7,1.5,3.6,5.6,3.2,57,37,65,42,25.2,0,0,0,0,0,0,8945251548.946686,233679515.0,0.1148,0.086,2422826,3196057,0,42.3,2.1,2026-08-12
1281,PM,Consumer Defensive,Tobacco,NYSE,5097980,186.22,96.95,-3,6,-10.37,29.0,75.0,-1.1,-2.5,1.0,8.8,57,60,69,68,17.2,0,0,0,0,0,0,295466361046.8558,1558613439.0,0.0112,0.104,4678951,5062148,0,53.5,18.9,2026-08-12
1282,GSK,Healthcare,Drug Manufacturers - General,NYSE,4191501,50.9,96.84,-1,8,-17.5,31.6,52.6,-2.7,-2.7,-2.9,-3.1,57,58,67,88,41.2,0,0,0,0,0,0,106068583960.4567,2002805623.0,0.0069,0.053,3906283,4145344,0,63.5,1.5,2026-08-12
1283,GGN,Financial Services,Asset Management,NYSE ARCA,523952,5.35,96.81,18,47,-9.01,18.3,62.9,4.6,7.5,8.4,3.4,57,39,68,78,24.7,0,0,0,0,0,0,818617711.8829899,156224761.0,0.002,0.12,469697,593463,0,52.4,-3.5,2026-08-12
1284,AFL,Financial Services,Insurance - Life,NYSE,1987757,121.07,96.79,-10,-17,-7.03,16.6,66.1,-3.2,-3.5,-0.3,5.9,56,66,59,54,23.4,0,0,0,0,0,0,62586245076.55335,502257000.0,0.031600002,-0.01,2150142,2372398,0,50.6,24.4,2026-08-12
1285,GBCI,Financial Services,Banks - Regional,NYSE,1197058,49.11,96.71,-8,-25,-10.02,22.4,62.8,-0.4,-2.2,-1.8,4.4,56,64,47,68,19.9,0,0,0,0,0,0,6347832708.75,130211953.0,0.0705,0.415,1059775,1247663,0,49.7,22.9,2026-08-12
1286,SLM,Financial Services,Credit Services,NASDAQ,2947017,27.16,96.7,10,-16,-18.12,49.3,64.3,3.0,7.0,13.1,13.8,56,46,20,22,4.9,0,0,0,0,0,0,5145560157.775879,188000000.0,0.1169,0.081,2352922,2991344,0,23.2,27.9,2026-08-12
1287,NXE,Energy,Uranium,NYSE,4607100,10.56,96.67,19,68,-24.36,63.3,54.8,5.6,10.6,7.4,-1.1,56,37,86,93,58.5,0,0,0,0,0,0,6993378838.052223,670506101.0,8.03,,4484532,5391078,1,68.6,-26.8,2026-08-12
1288,TIC,Industrials,Specialty Business Services,NYSE,2320353,10.54,96.62,40,54,-29.47,55.8,45.9,19.4,31.0,27.7,11.6,56,16,30,31,16.6,0,0,0,0,0,0,2195296872.928905,218220356.0,0.10560001,0.861,2974589,2191461,0,23.4,-4.7,2026-08-12
1289,IR,Industrials,Specialty Industrial Machinery,NYSE,4264743,85.02,96.58,23,13,-15.79,23.7,53.7,-2.1,-0.1,6.0,3.5,56,33,23,73,19.2,0,0,0,0,0,0,33744310813.762115,387999429.0,0.040799998,0.085,4858480,4328952,0,37.0,-0.1,2026-08-12
1290,LASR,Technology,Semiconductors,NASDAQ,1330914,49.21,96.56,-41,-40,-43.4,104.3,45.9,-17.4,-20.0,-20.6,-5.6,56,97,98,98,78.6,0,0,1,1,0,2,3167630985.0367126,56408709.0,0.052199997,0.338,1725164,1321456,3,92.9,8.9,2026-08-12
1291,FSLR,Technology,Solar,NASDAQ,2307239,240.91,96.51,-5,-5,-24.94,25.9,33.8,-2.7,3.3,-5.3,-3.3,56,61,61,70,32.1,0,0,0,0,0,0,26872820817.371765,107469788.0,0.120299995,-0.037,3341798,2331077,0,56.0,12.7,2026-08-12
1292,DLR,Real Estate,REIT - Specialty,NYSE,3487949,190.81,96.49,16,45,-8.33,33.2,87.8,2.2,4.7,6.2,11.4,56,40,69,58,24.5,0,0,0,0,0,0,71713012038.06079,370036176.0,0.0001,0.299,2151398,3204701,0,47.9,1.2,2026-08-12
1293,XIFR,Utilities,Utilities - Renewable,NYSE,1087086,11.45,96.47,-21,-29,-13.58,30.0,65.4,-0.8,-4.0,-4.1,8.2,56,77,69,60,23.5,0,0,0,0,0,0,1078791960.4301453,94300000.0,0.048499998,0.061,1037229,1003367,0,57.4,31.0,2026-08-12
1294,PFE,Healthcare,Drug Manufacturers - General,NYSE,42491005,26.62,96.43,19,38,-7.41,11.5,54.7,1.5,3.5,4.8,1.6,56,37,56,65,14.6,0,0,0,0,0,0,152523266546.19174,5699673589.0,0.0287,0.026,44393955,44218797,0,43.2,3.7,2026-08-12
1295,ELAN,Healthcare,Drug Manufacturers - Specialty & Generic,NYSE,6758119,22.73,96.43,-22,-34,-18.76,29.4,51.6,-10.6,-11.7,-10.0,-6.1,56,78,66,89,40.1,0,0,0,0,0,0,11047825195.11477,499449583.0,0.11399999,0.102,11716087,6225143,0,68.3,17.9,2026-08-12
1296,OCSL,Financial Services,Asset Management,NASDAQ,530538,12.81,96.42,13,10,-10.48,18.2,57.3,3.2,4.9,6.2,3.0,56,43,40,29,7.5,0,0,0,0,0,0,1141588381.440196,88085523.0,0.0418,-0.078,647446,566265,0,29.9,20.9,2026-08-12
1297,ECL,Basic Materials,Specialty Chemicals,NYSE,1199488,284.63,96.42,15,4,-7.97,13.3,52.2,-1.3,0.5,2.0,2.7,56,41,30,65,11.8,0,0,0,0,0,0,79941311481.68802,280328603.0,0.0134000005,0.097,1225285,1485857,0,36.9,10.9,2026-08-12
1298,AON,Financial Services,Insurance Brokers,NYSE,1308481,356.46,96.38,2,-20,-6.77,14.3,60.4,-1.7,-2.7,1.7,4.6,56,54,32,27,7.9,0,0,0,0,0,0,76004540412.7782,212125434.0,0.0217,0.022,1462125,1541845,0,30.2,30.6,2026-08-12
1299,ALK,Industrials,Airlines,NYSE,2959246,48.4,96.35,13,-14,-26.53,38.5,44.4,-3.9,-0.8,-1.2,3.3,56,43,16,62,6.6,0,0,0,0,0,0,5573885719.057388,111566970.0,0.1105,0.097,2306888,3175651,0,31.9,17.1,2026-08-12
1300,BRX,Real Estate,REIT - Retail,NYSE,2251643,29.61,96.29,-15,-22,-9.89,20.5,63.1,-3.6,-5.7,-5.4,2.8,56,71,64,63,23.9,0,0,0,0,0,0,9319712494.457497,306872316.0,0.08270001,0.043,2251081,2369766,0,55.5,25.8,2026-08-12
1301,USA,Financial Services,Asset Management,NYSE,1580817,6.06,96.28,12,6,-8.87,12.0,53.3,1.7,3.5,4.1,1.9,56,44,38,40,7.0,0,0,0,0,0,0,1852398382.0758116,308219353.0,0.0001,-0.098,1400222,1585020,0,32.3,19.9,2026-08-12
1302,TT,Industrials,Building Products & Equipment,NYSE,1211806,483.96,96.25,-9,-10,-4.33,27.1,80.4,1.5,1.5,1.1,8.2,56,65,64,62,19.3,0,0,0,0,0,0,106119377961.70404,220023177.0,0.0191,0.106,1485418,1318853,0,52.6,23.5,2026-08-12
1303,PNW,Utilities,Utilities - Regulated Electric,NYSE,1206683,100.04,96.23,-14,-21,-10.0,16.9,61.8,-0.4,-2.9,-3.7,2.8,56,70,63,59,16.3,0,0,0,0,0,0,12244556403.074158,121197234.0,0.097799994,0.071,1313091,1267090,0,52.1,29.8,2026-08-12
1304,NDAQ,Financial Services,Financial Data & Stock Exchanges,NASDAQ,3912853,95.02,96.2,17,40,-6.65,24.5,78.0,1.0,2.1,7.9,6.9,56,39,62,35,9.4,0,0,0,0,0,0,52873667570.443726,558977372.0,0.023599999,0.149,3215709,4247013,0,36.3,13.3,2026-08-12
1305,NPKI,Industrials,Building Products & Equipment,NYSE,887012,13.85,96.19,-20,-14,-16.06,43.5,64.5,4.7,2.2,-2.4,0.6,56,76,82,90,54.5,0,0,0,0,0,0,1144585332.2513351,84909894.0,0.03,0.196,980617,1044017,1,75.6,7.3,2026-08-12
1306,KVUE,Consumer Defensive,Household & Personal Products,NYSE,19853971,19.05,96.16,-3,-31,-13.23,34.5,62.5,-1.3,-1.3,0.9,7.4,55,58,30,37,5.7,0,0,0,0,0,0,36921765806.72978,1920008668.0,0.0372,0.03,23429904,20882682,0,32.7,33.2,2026-08-12
1307,EXR,Real Estate,REIT - Industrial,NYSE,1175245,146.55,96.13,3,4,-7.76,15.8,76.7,-1.2,-1.1,-0.3,4.4,55,52,53,52,16.2,0,0,0,0,0,0,31593248284.884247,211269558.0,0.0297,0.038,1337976,1225021,0,43.3,17.8,2026-08-12
1308,TJX,Consumer Cyclical,Apparel Retail,NYSE,5080049,155.74,96.13,5,8,-8.39,15.1,55.9,-3.5,-2.9,-3.3,-1.6,55,50,53,67,22.8,0,0,0,0,0,0,178255110080.81808,1104704446.0,0.0163,0.092,5146499,5617875,0,48.2,9.9,2026-08-12
1309,TTEK,Industrials,Engineering & Construction,NASDAQ,2787487,35.38,96.12,23,8,-17.99,35.6,56.7,2.9,7.1,15.9,8.6,55,32,17,55,8.4,0,0,0,0,0,0,9074214176.696487,256044428.0,0.053400002,-0.039,3398403,3344344,0,28.1,8.7,2026-08-12
1310,AMH,Real Estate,REIT - Residential,NYSE,2117451,33.87,96.12,-5,-29,-5.52,23.6,76.4,-0.8,-0.0,1.4,7.2,55,60,36,31,9.2,0,0,0,0,0,0,12460394492.293903,359815019.0,0.0437,0.028,2496374,2351148,0,34.0,33.6,2026-08-12
1311,UE,Real Estate,REIT - Retail,NYSE,819251,21.63,96.12,-16,-20,-10.29,17.9,61.1,-1.8,-4.2,-4.5,4.4,55,71,67,58,20.4,0,0,0,0,0,0,2730667693.631428,126244466.0,0.0508,0.054,851523,955590,0,54.1,28.3,2026-08-12
1312,SSNC,Technology,Software - Application,NASDAQ,1944279,79.85,96.09,29,26,-12.32,29.2,64.3,1.1,6.2,14.3,6.1,55,26,23,26,6.9,0,0,0,0,0,0,18591716120.80124,234654996.0,0.044099998,0.103,2025258,2095799,0,20.5,9.8,2026-08-12
1313,AUPH,Healthcare,Biotechnology,NASDAQ,1344916,15.37,96.05,-23,-21,-20.16,39.8,58.1,1.2,0.4,-3.0,1.1,55,78,80,80,44.1,0,0,0,0,0,0,2108861063.554993,133051168.0,0.0837,0.189,1258908,1542615,0,70.5,16.4,2026-08-12
1314,BAM,Financial Services,Asset Management,NYSE,2421254,55.36,96.03,22,19,-12.64,27.1,58.8,6.5,10.4,14.5,10.6,55,33,30,34,5.5,0,0,0,0,0,0,83815322653.30301,1596786435.0,0.049099997,0.608,2969924,2748786,0,25.6,13.8,2026-08-12
1315,ZWS,Industrials,Pollution & Treatment Controls,NYSE,994595,51.82,95.99,0,7,-5.78,16.8,77.2,-0.9,2.5,4.2,6.0,55,55,62,75,23.0,0,0,0,0,0,0,8528731564.033768,165864097.0,0.0461,0.105,1053976,1014263,0,53.7,11.3,2026-08-12
1316,ACVA,Consumer Cyclical,Auto & Truck Dealerships,NYSE,3808103,7.26,95.97,2,-35,-47.77,87.0,39.2,0.8,0.7,10.7,15.9,55,53,16,15,0.4,0,0,0,0,0,0,1302403315.8998852,174584894.0,0.08930001,0.118,5453850,3540070,0,21.1,37.6,2026-08-12
1317,INMD,Healthcare,Medical Devices,NASDAQ,592892,15.14,95.96,6,-5,-9.56,19.4,64.0,0.1,-0.3,4.6,6.2,55,49,38,35,15.6,0,0,0,0,0,0,880030643.4398918,57480772.0,0.059,-0.0,501148,668995,0,34.4,20.6,2026-08-12
1318,INVH,Real Estate,REIT - Residential,NYSE,4043623,29.79,95.92,-8,-28,-5.06,22.1,78.1,-1.2,-0.7,0.1,7.3,55,63,43,29,9.8,0,0,0,0,0,0,18041054702.25985,594041956.0,0.0301,0.101,4631330,5139044,0,36.2,35.4,2026-08-12
1319,BKH,Utilities,Utilities - Regulated Gas,NYSE,775602,73.26,95.9,-13,-13,-6.9,25.4,80.2,0.8,-0.7,-0.4,1.4,55,68,68,69,28.8,0,0,0,0,0,0,5692297092.003059,76253141.0,0.1657,0.031,893747,960893,0,58.4,19.4,2026-08-12
1320,CUBE,Real Estate,REIT - Industrial,NYSE,2162442,40.84,95.86,1,2,-5.59,16.6,82.1,-0.7,-1.0,0.5,5.9,55,54,55,43,14.2,0,0,0,0,0,0,9420041261.61564,225521694.0,0.0539,0.015,2255207,2150717,0,41.6,22.0,2026-08-12
1321,RILY,Financial Services,Financial Conglomerates,NASDAQ,626366,7.27,95.79,-4,29,-35.32,103.0,55.0,3.0,6.4,-2.8,6.4,55,59,92,90,48.7,0,0,0,0,0,0,288634233.9992547,40199755.0,0.1681,0.104,695970,798334,2,72.4,-4.3,2026-08-12
1322,TRU,Financial Services,Financial Data & Stock Exchanges,NYSE,2310962,80.37,95.75,19,5,-15.85,23.3,51.3,-1.0,0.4,6.9,3.9,55,36,22,26,4.8,0,0,0,0,0,0,15331831356.811523,191600000.0,0.056700002,0.149,1926398,2497509,0,22.2,19.0,2026-08-12
1323,MRP,Real Estate,REIT - Residential,NYSE,1216832,29.73,95.72,17,12,-17.42,11.9,35.5,3.3,3.5,3.2,-0.0,55,38,33,68,7.7,0,0,0,0,0,0,4812068848.449291,166047927.0,0.0596,0.321,1173897,1544105,0,36.7,9.7,2026-08-12
1324,PCRX,Healthcare,Drug Manufacturers - Specialty & Generic,NASDAQ,611067,24.38,95.72,-3,-14,-11.86,23.7,53.7,-7.4,-8.0,-4.1,0.4,55,58,47,30,7.2,0,0,0,0,0,0,997344405.9673232,39861886.0,0.2558,0.062,832851,554096,0,35.5,32.1,2026-08-12
1325,KBH,Consumer Cyclical,Residential Construction,NYSE,1012025,57.73,95.66,12,-12,-15.98,23.9,46.9,-2.1,-1.7,-0.8,-2.2,55,43,19,61,7.6,0,0,0,0,0,0,3591567009.3536377,61300000.0,0.2016,-0.273,947556,1277693,0,32.7,16.5,2026-08-12
1326,ABT,Healthcare,Medical Devices,NYSE,11367042,109.72,95.6,36,31,-20.2,34.3,52.4,3.2,5.6,14.7,3.2,55,19,14,26,4.0,0,0,0,0,0,0,186552618917.1914,1730383296.0,0.0161,0.13,8128747,12511335,0,15.8,6.6,2026-08-12
1327,GDYN,Technology,Information Technology Services,NASDAQ,1978951,7.77,95.6,33,32,-23.9,49.5,53.2,7.0,19.0,23.9,7.9,55,22,21,15,11.2,0,0,0,0,0,0,614941751.7905102,81126881.0,0.0971,0.07,2658673,2347332,0,17.3,6.9,2026-08-12
1328,MIDD,Industrials,Specialty Industrial Machinery,NASDAQ,608500,119.99,95.59,-16,-40,-19.23,32.4,53.6,-9.5,-10.1,-10.5,-0.4,55,71,47,74,31.1,0,0,0,0,0,0,6081349712.0,45214496.0,0.0494,0.15,531103,732918,0,55.8,21.8,2026-08-12
1329,NOG,Energy,Oil & Gas E&P,NYSE,3040817,24.25,95.53,30,40,-22.2,38.7,50.0,11.2,12.7,18.1,2.3,55,25,35,62,10.7,0,0,0,0,0,0,2349737767.897861,108784154.0,0.21069999,0.16,2473062,3196168,0,33.2,-1.2,2026-08-12
1330,APG,Industrials,Engineering & Construction,NYSE,2855515,42.89,95.51,2,20,-14.2,29.5,62.9,6.4,7.9,5.5,5.1,55,53,71,83,34.2,0,0,0,0,0,0,18029728118.379425,432160297.0,0.0312,0.133,3093367,3007203,0,60.3,1.6,2026-08-12
1331,HLT,Consumer Cyclical,Lodging,NYSE,1992923,314.66,95.46,-6,-1,-12.11,25.6,70.4,1.2,0.3,-2.8,4.8,55,61,66,70,30.6,0,0,0,0,0,0,71480616789.6872,225064910.0,0.025999999,0.025,1979351,2155108,0,56.9,12.9,2026-08-12
1332,HR,Real Estate,REIT - Healthcare Facilities,NYSE,3849022,19.15,95.43,-24,-25,-13.11,17.8,52.2,-6.1,-8.0,-6.4,3.1,54,78,77,58,22.7,0,0,0,0,0,0,6920035674.722515,346521578.0,0.098500006,-0.043,4057846,4055705,0,58.9,31.8,2026-08-12
1333,EDU,Consumer Defensive,Education & Training Services,NYSE,849439,55.55,95.39,23,29,-14.5,20.0,46.7,-6.1,-0.4,7.8,-0.9,54,31,37,68,24.6,0,0,0,0,0,0,9407565716.066504,166712133.0,0.0297,0.23,1221128,692201,0,40.2,-4.8,2026-08-12
1334,ITRI,Technology,Scientific & Technical Instruments,NASDAQ,933928,103.33,95.37,34,34,-27.23,31.5,40.9,-0.0,7.3,16.8,9.8,54,20,20,33,3.2,0,0,0,0,0,0,4542875623.75,43786753.0,0.2,-0.072,978786,838697,0,19.1,5.8,2026-08-12
1335,AVY,Consumer Cyclical,Packaging & Containers,NYSE,791160,179.73,95.3,22,17,-9.93,18.3,63.1,3.1,7.5,10.9,4.8,54,32,27,61,13.4,0,0,0,0,0,0,13428142444.47107,75788142.0,0.0417,0.109,965870,789106,0,33.4,4.0,2026-08-12
1336,SMA,Real Estate,REIT - Industrial,NYSE,734495,34.03,95.3,9,-3,-14.43,13.8,43.6,-0.7,-1.4,1.9,3.9,54,45,33,45,9.7,0,0,0,0,0,0,1899583347.4826624,55365295.0,0.0834,0.114,695487,723399,0,33.2,18.9,2026-08-12
1337,EVRG,Utilities,Utilities - Regulated Electric,NASDAQ,2040105,82.03,95.29,-15,-17,-7.44,17.7,72.3,0.4,-1.3,-1.4,3.9,54,69,67,64,22.5,0,0,0,0,0,0,19224690168.08835,230567172.0,0.0938,0.044,2041346,2077015,0,55.6,24.4,2026-08-12
1338,FMS,Healthcare,Medical Care Facilities,NYSE,733563,23.87,95.28,9,-10,-13.64,17.5,48.9,-3.1,-3.1,0.3,1.9,54,45,26,37,9.3,0,0,0,0,0,0,12916964353.530691,532219370.0,4.51,0.014,976030,716212,0,29.3,21.3,2026-08-12
1339,PLAB,Technology,Semiconductor Equipment & Materials,NASDAQ,990977,32.99,95.27,11,62,-41.09,65.1,38.1,5.0,8.7,9.0,-4.1,54,43,94,93,67.5,0,0,0,0,0,0,1925164829.671463,58963698.0,0.100600004,-0.005,852103,1387128,2,74.4,-27.3,2026-08-12
1340,JFR,Financial Services,Asset Management,NYSE,513487,7.83,95.26,2,-4,-8.42,8.4,44.8,0.3,0.8,1.2,1.1,54,52,46,43,6.3,0,0,0,0,0,0,1252326600.2723098,160967425.0,0.0055,0.043,553571,562990,0,36.8,25.3,2026-08-12
1341,CELC,Healthcare,Biotechnology,NASDAQ,1476349,88.11,95.25,-44,-43,-41.66,103.6,47.0,1.8,4.1,-1.6,-12.3,54,98,99,99,78.0,0,1,1,1,0,3,4524536141.11084,48766288.0,0.3436,,792737,1676221,3,93.5,9.7,2026-08-12
1342,BG,Consumer Defensive,Farm Products,NYSE,1455731,111.6,95.24,-23,-21,-17.25,44.9,63.8,3.1,-1.6,-3.4,-0.7,54,77,79,88,44.1,0,0,0,0,0,0,20821870023.06907,192119123.0,0.0477,0.883,1740104,1614296,0,72.0,14.0,2026-08-12
1343,HLIT,Technology,Communication Equipment,NASDAQ,1469318,11.45,95.22,-33,-39,-35.24,37.0,38.8,2.1,2.6,-10.2,7.2,54,87,81,61,45.8,0,0,0,0,0,0,1284372468.072338,108477403.0,0.0642,0.434,1121095,2135163,0,68.7,26.4,2026-08-12
1344,DX,Real Estate,REIT - Mortgage,NYSE,5799256,12.93,95.18,-6,-6,-13.4,9.5,38.8,1.1,0.6,-0.0,-3.4,54,60,60,67,13.5,0,0,0,0,0,0,3204212638.2565584,247429551.0,0.0471,,5108328,5353679,0,50.1,21.9,2026-08-12
1345,TDOC,Healthcare,Health Information Services,NYSE,5391360,6.81,95.16,-33,-55,-31.12,50.1,42.7,-1.4,-16.2,-17.2,-1.5,54,87,65,11,9.5,0,0,0,0,0,0,1295407090.522086,181684021.0,0.1552,-0.04,7891080,4996026,0,43.1,56.1,2026-08-12
1346,PCG,Utilities,Utilities - Regulated Electric,NYSE,20893215,17.3,95.03,-9,-31,-9.71,20.4,63.0,0.2,-0.6,1.4,3.8,54,63,41,59,22.4,0,0,0,0,0,0,38453324162.43288,2202366906.0,0.0,0.001,28010395,20294575,0,46.3,23.3,2026-08-12
1347,TAL,Consumer Defensive,Education & Training Services,NYSE,4477059,12.16,95.02,22,31,-9.05,32.6,73.7,-3.0,4.9,15.1,7.9,54,32,41,33,14.8,0,0,0,0,0,0,6867201588.000521,554701254.0,0.0876,0.319,6977849,4090493,0,30.2,7.5,2026-08-12
1348,CARS,Communication Services,Internet Content & Information,NYSE,694868,11.86,94.99,5,-14,-15.1,59.6,72.8,0.1,0.9,10.5,12.0,54,49,30,31,8.7,0,0,0,0,0,0,659523020.1431122,53532714.0,0.1456,0.007,792406,741277,0,29.7,25.7,2026-08-12
1349,ARLO,Industrials,Building Products & Equipment,NYSE,1278049,14.73,94.99,25,30,-26.13,24.0,32.9,-7.1,-1.2,3.7,0.1,54,29,34,24,3.7,0,0,0,0,0,0,1654127463.1923714,108609817.0,0.1377,0.205,1575279,1271159,0,22.7,13.2,2026-08-12
1350,UMH,Real Estate,REIT - Residential,NYSE,525114,16.13,94.89,6,-4,-3.12,15.4,87.5,4.5,4.4,6.0,6.0,54,48,38,48,10.3,0,0,0,0,0,0,1354142468.011675,85166195.0,0.0002,0.077,657863,599202,0,36.1,19.9,2026-08-12
1351,MDT,Healthcare,Medical Devices,NYSE,7311528,90.68,94.88,26,21,-14.72,23.1,53.8,3.9,6.0,9.8,1.1,54,28,23,59,9.0,0,0,0,0,0,0,111568743448.06548,1280045190.0,0.0149,0.099,6522315,9069321,0,29.8,3.8,2026-08-12
1352,VALE,Basic Materials,Other Industrial Metals & Mining,NYSE,22236409,14.32,94.85,-14,2,-20.18,48.5,58.1,-2.2,-1.5,-3.6,-3.5,54,68,84,91,49.1,0,0,0,0,0,0,62602271053.31447,4255762807.0,0.0137,0.064,25251447,22796303,1,73.0,3.2,2026-08-12
1353,ASTS,Technology,Communication Equipment,NASDAQ,15405467,71.63,94.76,23,83,-46.49,101.3,38.9,10.3,18.7,-0.7,-9.3,53,30,90,96,63.8,0,0,0,0,0,0,21491815522.381287,298746383.0,0.1993,19.522,13657871,19228840,2,70.0,-36.1,2026-08-12
1354,BLK,Financial Services,Asset Management,NYSE,757999,1148.84,94.74,18,38,-5.83,25.8,85.1,2.9,5.9,11.0,10.2,53,35,55,55,12.2,0,0,0,0,0,0,175991879503.60266,154869259.0,0.0138,0.306,650168,806283,0,39.3,5.4,2026-08-12
1355,EYPT,Healthcare,Biotechnology,NASDAQ,1690660,13.05,94.73,4,37,-31.71,25.9,34.3,5.9,6.8,3.4,-4.3,53,49,82,91,39.5,0,0,0,0,0,0,1197486626.4185886,86212138.0,0.2065,1.617,1984361,1529824,1,65.4,-7.0,2026-08-12
1356,MA,Financial Services,Credit Services,NYSE,3124801,561.44,94.71,12,0,-6.7,18.7,69.2,-1.6,0.4,6.5,6.0,53,41,29,32,8.8,0,0,0,0,0,0,493149806416.4807,876009940.0,0.0104,0.141,3304914,3621274,0,27.7,19.1,2026-08-12
1357,BRO,Financial Services,Insurance Brokers,NYSE,2642351,71.44,94.68,27,15,-27.32,30.7,39.2,-0.2,1.3,8.2,1.3,53,26,14,18,2.1,0,0,0,0,0,0,23901217902.624977,334610357.0,0.0756,0.324,2414623,2919306,0,15.0,14.8,2026-08-12
1358,FTS,Utilities,Utilities - Regulated Electric,NYSE,764252,56.07,94.67,-11,-12,-5.61,15.1,73.8,-0.2,-2.0,-1.4,2.4,53,64,63,68,18.7,0,0,0,0,0,0,28661489220.428467,510900000.0,16.05,0.041,831128,768305,0,53.4,21.9,2026-08-12
1359,MAIN,Financial Services,Asset Management,NYSE,658285,59.03,94.66,18,12,-12.9,17.9,49.6,2.7,5.1,10.0,3.7,53,35,29,51,5.4,0,0,0,0,0,0,5480820924.017891,92989838.0,0.1104,0.039,721455,665431,0,30.1,12.2,2026-08-12
1360,FE,Utilities,Utilities - Regulated Electric,NYSE,4454303,46.84,94.62,-6,-25,-10.51,9.8,46.0,-1.4,-2.9,-1.5,-1.0,53,59,40,64,16.0,0,0,0,0,0,0,27458128583.342743,578431175.0,0.0655,0.088,5366511,4547508,0,44.8,22.4,2026-08-12
1361,JD,Consumer Cyclical,Internet Retail,NASDAQ,7555250,31.92,94.6,19,52,-13.4,25.5,58.5,-3.2,-0.0,8.1,7.4,53,34,67,25,11.1,0,0,0,0,0,0,44525986648.55957,1350500000.0,0.024,0.049,7588441,7967372,0,34.3,9.9,2026-08-12
1362,ETR,Utilities,Utilities - Regulated Electric,NYSE,2711443,106.57,94.58,-19,-16,-10.03,24.2,67.6,0.5,-2.2,-3.4,3.1,53,72,75,66,27.1,0,0,0,0,0,0,50013564098.04463,466631498.0,0.0555,0.059,2670909,3061587,0,60.0,23.4,2026-08-12
1363,CLX,Consumer Defensive,Household & Personal Products,NYSE,2545829,108.25,94.55,26,18,-16.02,,,,,,,53,27,19,53,,0,0,0,0,0,0,12714880242.16134,120921351.0,0.1112,-0.02,3051498,2568173,0,33.0,,2026-08-12
1364,MFA,Real Estate,REIT - Mortgage,NYSE,1559550,9.18,94.52,-4,-1,-13.15,,,,,,,53,57,60,64,,0,0,0,0,0,0,933041621.4656144,101087938.0,0.0342,0.202,1715330,1644064,0,60.3,,2026-08-12
1365,EXPO,Industrials,Engineering & Construction,NASDAQ,540326,68.35,94.5,23,12,-16.6,,,,,,,53,30,19,33,,0,0,0,0,0,0,3240091745.323723,48511629.0,0.0801,0.12,556478,596027,0,27.3,,2026-08-12
1366,WTRG,Utilities,Utilities - Regulated Water,NYSE,2069423,40.08,94.5,12,10,-5.4,,,,,,,53,41,39,46,,0,0,0,0,0,0,11356664898.993752,283632983.0,0.020399999,0.031,2100140,2090124,0,42.0,,2026-08-12
1367,ROP,Technology,Software - Application,NASDAQ,870422,399.5,94.5,30,26,-26.69,,,,,,,53,23,19,13,,0,0,0,0,0,0,39782876566.5,98900874.0,0.0686,0.085,827247,1054341,0,18.3,,2026-08-12
1368,BLKB,Technology,Software - Application,NASDAQ,707772,45.45,94.45,42,39,-35.72,,,,,,,53,11,8,21,,0,0,0,0,0,0,2082043700.908146,45390097.0,0.16520001,0.03,812077,854507,0,13.3,,2026-08-12
1369,ES,Utilities,Utilities - Regulated Electric,NYSE,2286158,71.13,94.42,-10,-23,-7.1,,,,,,,53,63,50,57,,0,0,0,0,0,0,27201868896.873093,376080025.0,0.0477,0.023,2762965,2602081,0,56.7,,2026-08-12
1370,ARCC,Financial Services,Asset Management,NASDAQ,4766567,19.97,94.41,12,8,-12.26,,,,,,,53,41,37,33,,0,0,0,0,0,0,14367637292.792389,718022845.0,0.0634,0.031,4820901,5021110,0,37.0,,2026-08-12
1371,HIG,Financial Services,Insurance - Diversified,NYSE,1648796,139.08,94.4,-1,-9,-4.79,,,,,,,53,54,46,61,,0,0,0,0,0,0,39277463554.96765,274130820.0,0.0002,0.081,1525620,1771196,0,53.7,,2026-08-12
1372,QGEN,Healthcare,Diagnostics & Research,NYSE,2925915,42.65,94.37,20,2,-26.24,,,,,,,53,33,15,61,,0,0,0,0,0,0,8724374842.643738,206250000.0,0.0435,0.003,2788965,2758089,0,36.3,,2026-08-12
1373,LTC,Real Estate,REIT - Healthcare Facilities,NYSE,565670,38.11,94.37,-12,-16,-11.37,,,,,,,53,65,61,63,,0,0,0,0,0,0,2148136603.2966385,53905563.0,0.0626,-0.19,530502,596148,0,63.0,,2026-08-12
1374,GILD,Healthcare,Drug Manufacturers - General,NASDAQ,7087862,135.77,94.35,-1,3,-13.68,,,,,,,53,54,58,82,,0,0,0,0,0,0,165174434522.4442,1239955155.0,0.020399999,0.102,7970136,8019813,0,64.7,,2026-08-12
1375,APO,Financial Services,Asset Management,NYSE,4433583,140.28,94.34,17,32,-8.49,,,,,,,53,36,51,30,,0,0,0,0,0,0,73401841481.06104,575971752.0,0.0552,0.638,4271700,4342824,0,39.0,,2026-08-12
1376,ACGL,Financial Services,Insurance - Diversified,NASDAQ,1794911,98.26,94.33,-6,-24,-8.25,,,,,,,53,59,41,54,,0,0,0,0,0,0,33604245473.96352,341229126.0,0.0304,-0.105,1814623,2039994,0,51.3,,2026-08-12
1377,AES,Utilities,Utilities - Diversified,NYSE,8103156,14.7,94.25,-8,-14,-16.71,,,,,,,53,61,55,82,,0,0,0,0,0,0,10504812786.032309,713157713.0,0.0323,0.199,7716988,8113043,0,66.0,,2026-08-12
1378,GNRC,Industrials,Specialty Industrial Machinery,NYSE,1113489,215.86,94.25,-28,-21,-27.18,,,,,,,53,81,88,89,,0,0,0,0,0,0,12522176780.608368,59005639.0,0.0332,0.106,1413349,1069779,0,86.0,,2026-08-12
1379,AHRT,Real Estate,REIT - Diversified,NYSE,687676,6.72,94.23,-17,-43,-12.84,,,,,,,53,70,44,30,,0,0,0,0,0,0,516929421.7552643,74592992.0,0.057800002,-0.476,766780,776416,0,48.0,,2026-08-12
1380,DUOT,Technology,Software - Application,NASDAQ,733849,8.77,94.22,2,14,-42.6,,,,,,,52,50,62,73,,0,0,0,0,0,0,290257923.85009,31413196.0,0.1901,-0.45,717219,747401,0,61.7,,2026-08-12
1381,SMG,Basic Materials,Agricultural Inputs,NYSE,1013992,62.03,94.2,-4,-24,-17.67,,,,,,,52,56,36,71,,0,0,0,0,0,0,3662637428.456291,58220274.0,0.1166,0.011,1173266,982567,0,54.3,,2026-08-12
1382,O,Real Estate,REIT - Retail,NYSE,5258315,61.89,94.16,-7,-6,-8.9,,,,,,,52,59,60,69,,0,0,0,0,0,0,59147085431.83136,946202000.0,0.048899997,0.096,5385185,5788557,0,62.7,,2026-08-12
1383,SCI,Consumer Cyclical,Personal Services,NYSE,1189535,83.35,94.16,14,18,-8.4,,,,,,,52,38,42,45,,0,0,0,0,0,0,11586148102.02024,136291587.0,0.0612,0.036,1251116,1535677,0,41.7,,2026-08-12
1384,CRF,Financial Services,Asset Management,NYSE ARCA,1120879,7.26,94.14,1,11,-12.0,,,,,,,52,51,61,36,,0,0,0,0,0,0,1167838277.06285,162199765.0,0.115600005,12.282,1039958,1126749,0,49.3,,2026-08-12
1385,OHI,Real Estate,REIT - Healthcare Facilities,NYSE,1861362,45.57,94.09,-19,-19,-13.02,,,,,,,52,71,71,71,,0,0,0,0,0,0,14494918786.1557,299111000.0,0.0444,0.112,1986047,2178947,0,71.0,,2026-08-12
1386,NTR,Basic Materials,Agricultural Inputs,NYSE,2578782,67.28,94.07,-6,5,-21.18,,,,,,,52,58,69,76,,0,0,0,0,0,0,30741872093.282257,477210074.0,0.0116,0.04,2753598,2825047,0,67.7,,2026-08-12
1387,AWI,Industrials,Building Products & Equipment,NYSE,546765,186.7,94.06,27,28,-9.4,,,,,,,52,25,26,64,,0,0,0,0,0,0,7840599660.086273,42262826.0,0.0519,0.112,482475,500901,0,38.3,,2026-08-12
1388,CLM,Financial Services,Asset Management,NYSE ARCA,1639309,7.55,94.04,0,10,-11.49,,,,,,,52,52,62,40,,0,0,0,0,0,0,2249311028.4741087,297921983.0,21.99,1.473,1601328,1620973,0,51.3,,2026-08-12
1389,LIN,Basic Materials,Specialty Chemicals,NASDAQ,2148776,490.53,94.01,-12,-10,-10.52,,,,,,,52,64,66,58,,0,0,0,0,0,0,225871065331.21933,460980163.0,0.014199999,0.093,2450879,2345483,0,62.7,,2026-08-12
1390,IT,Technology,Information Technology Services,NYSE,1425258,187.27,94.01,39,38,-29.56,,,,,,,52,13,12,9,,0,0,0,0,0,0,11720450331.030762,63148976.0,0.2374,-0.006,1784554,1471640,0,11.3,,2026-08-12
1391,FRNM,Healthcare,Diagnostics & Research,NASDAQ,548379,12.0,94.0,-3,-21,-17.07,,,,,,,52,55,37,81,,0,0,0,0,0,0,1183002348.8764937,106098869.0,,9.716,788917,397499,0,57.7,,2026-08-12
1392,SYK,Healthcare,Medical Devices,NYSE,2426118,348.15,94.0,25,21,-12.27,,,,,,,52,27,23,40,,0,0,0,0,0,0,130042769317.15118,383573046.0,0.0191,0.094,2393546,2511307,0,30.0,,2026-08-12
1393,UPBD,Technology,Software - Application,NASDAQ,1066362,19.1,93.97,-5,-36,-31.86,,,,,,,52,57,26,45,,0,0,0,0,0,0,1156077196.7021084,58299405.0,0.1276,0.005,1389338,1066039,0,42.7,,2026-08-12
1394,CPT,Real Estate,REIT - Residential,NYSE,963820,108.29,93.95,-9,-31,-9.62,,,,,,,52,61,39,42,,0,0,0,0,0,0,11253369476.182177,100539350.0,0.0608,-0.008,1047020,1099078,0,47.3,,2026-08-12
1395,REZI,Industrials,Industrial Distribution,NYSE,2293089,24.24,93.94,-4,-18,-23.09,,,,,,,52,56,42,85,,0,0,0,0,0,0,3949196849.247093,151426260.0,0.0469,0.08,1939680,2154354,0,61.0,,2026-08-12
1396,IDA,Utilities,Utilities - Regulated Electric,NYSE,530750,140.15,93.94,-17,-21,-9.53,,,,,,,52,69,65,69,,0,0,0,0,0,0,8204315167.296112,57842043.0,0.1042,0.042,454800,567956,0,67.7,,2026-08-12
1397,GAB,Financial Services,Asset Management,NYSE,830700,5.77,93.92,2,-8,-8.51,,,,,,,52,50,40,62,,0,0,0,0,0,0,1786268998.2527275,311196702.0,0.01,0.194,717361,993950,0,50.7,,2026-08-12
1398,LUNR,Industrials,Aerospace & Defense,NASDAQ,9773247,16.48,93.9,20,86,-64.75,,,,,,,52,32,98,92,,0,0,1,0,0,1,2631417806.3923016,160452309.0,0.288,1.987,9731652,11403564,2,74.0,,2026-08-12
1399,PCOR,Technology,Software - Application,NYSE,3480636,58.74,93.89,36,37,-28.64,,,,,,,52,16,17,17,,0,0,0,0,0,0,8670571794.9589,151955338.0,0.1099,0.158,4823228,3380493,0,16.7,,2026-08-12
1400,GEHC,Healthcare,Medical Devices,NASDAQ,5323452,72.75,93.86,30,30,-18.96,,,,,,,52,22,22,59,,0,0,0,0,0,0,32417520789.759247,451686252.0,0.0463,0.058,5139928,5177859,0,34.3,,2026-08-12
1401,USAS,Basic Materials,Other Industrial Metals & Mining,NYSE ARCA,4095449,5.14,93.81,17,78,-51.05,,,,,,,52,35,96,99,,0,0,0,1,0,1,1691089440.1274128,337542787.0,0.038399998,1.879,4942097,4156695,2,76.7,,2026-08-12
1402,RDN,Financial Services,Insurance - Specialty,NYSE,1252936,36.36,93.81,-9,-6,-11.43,,,,,,,52,61,64,34,,0,0,0,0,0,0,4929551939.620972,133556000.0,0.0543,,1161938,1344687,0,53.0,,2026-08-12
1403,KMB,Consumer Defensive,Household & Personal Products,NASDAQ,3881758,108.57,93.8,2,-23,-20.38,,,,,,,52,50,25,31,,0,0,0,0,0,0,36477268989.33507,332579038.0,0.1487,0.006,4303915,4415359,0,35.3,,2026-08-12
1404,AWK,Utilities,Utilities - Regulated Water,NYSE,2256653,136.06,93.79,14,11,-7.99,,,,,,,52,38,35,36,,0,0,0,0,0,0,26890019016.411804,198728989.0,0.0712,0.062,2455841,2304788,0,36.3,,2026-08-12
1405,FERG,Industrials,Industrial Distribution,NYSE,3287434,251.51,93.77,14,24,-7.41,,,,,,,52,38,48,75,,0,0,0,0,0,0,49781901029.42102,193937826.0,0.0173,0.036,7481734,2534070,0,53.7,,2026-08-12
1406,DEO,Consumer Defensive,Beverages - Wineries & Distilleries,NYSE,1223835,94.94,93.77,20,9,-18.44,,,,,,,52,32,21,32,,0,0,0,0,0,0,53560958948.864,555899946.0,0.0072000003,,1770296,1255719,0,28.3,,2026-08-12
1407,PFN,Financial Services,Asset Management,NYSE,562922,7.17,93.69,0,-9,-6.52,,,,,,,52,52,43,52,,0,0,0,0,0,0,703018759.9338865,98600105.0,1.34,-0.034,311497,481603,0,49.0,,2026-08-12
1408,AGIO,Healthcare,Biotechnology,NASDAQ,1177662,32.69,93.66,-17,-56,-28.93,,,,,,,52,69,30,18,,0,0,0,0,0,0,1926579759.4693527,59701882.0,0.112399995,2.593,1394257,1189515,0,39.0,,2026-08-12
1409,GRNT,Energy,Oil & Gas E&P,NYSE,796299,5.18,93.66,18,43,-15.7,,,,,,,52,34,59,36,,0,0,0,0,0,0,643652446.2942982,131895990.0,0.1043,0.373,750577,899803,0,43.0,,2026-08-12
1410,ZTO,Industrials,Integrated Freight & Logistics,NYSE,1694593,23.15,93.63,-15,-12,-11.64,,,,,,,51,66,69,80,,0,0,0,0,0,0,17948194174.114094,760516690.0,0.029000001,0.22,2173880,1594556,0,71.7,,2026-08-12
1411,VLTO,Industrials,Pollution & Treatment Controls,NYSE,1775957,97.97,93.61,17,10,-11.03,,,,,,,51,34,27,32,,0,0,0,0,0,0,23974636556.16211,243793344.0,0.0327,0.075,1623201,2099982,0,31.0,,2026-08-12
1412,DCH,Consumer Cyclical,Auto Parts,NYSE,3324742,6.89,93.58,23,61,-25.51,,,,,,,51,28,66,78,,0,0,0,0,0,0,1507278725.5629444,237366732.0,0.0988,0.924,3698196,3748377,0,57.3,,2026-08-12
1413,NTST,Real Estate,REIT - Retail,NYSE,1417492,19.89,93.57,-21,-24,-11.48,,,,,,,51,72,69,73,,0,0,0,0,0,0,2012322010.772768,97260607.0,0.3973,0.269,1111788,2000371,0,71.3,,2026-08-12
1414,WY,Real Estate,REIT - Specialty,NYSE,5412873,25.02,93.55,14,10,-9.84,,,,,,,51,37,33,56,,0,0,0,0,0,0,18436426825.012207,720736000.0,0.0454,-0.009,6557090,5628984,0,42.0,,2026-08-12
1415,VNOM,Energy,Oil & Gas Midstream,NASDAQ,1666082,42.88,93.51,-13,-3,-16.14,,,,,,,51,64,74,64,,0,0,0,0,0,0,14695411705.115135,360005189.0,0.044299997,1.152,1805968,1819369,0,67.3,,2026-08-12
1416,QSR,Consumer Cyclical,Restaurants,NYSE,2638180,73.33,93.5,-5,10,-10.53,,,,,,,51,56,71,49,,0,0,0,0,0,0,25769733209.98497,348758065.0,0.063,0.046,2457152,3084334,0,58.7,,2026-08-12
1417,ALH,Consumer Cyclical,"Furnishings, Fixtures & Appliances",NYSE,520992,26.31,93.48,-6,-19,-6.8,,,,,,,51,57,44,35,,0,0,0,0,0,0,5515362356.955826,198608652.0,0.0813,0.096,526757,606537,0,45.3,,2026-08-12
1418,EQR,Real Estate,REIT - Residential,NYSE,2794268,65.09,93.47,-15,-26,-8.97,,,,,,,51,66,55,41,,0,0,0,0,0,0,25145930966.303284,374920696.0,0.0308,0.021,2410124,2964274,0,54.0,,2026-08-12
1419,EMA,Utilities,Utilities - Regulated Electric,NYSE,550854,51.22,93.45,-12,-11,-7.7,,,,,,,51,63,64,63,,0,0,0,0,0,0,15609362906.26526,307150000.0,15.09,0.012,753642,522958,0,63.3,,2026-08-12
1420,IBN,Financial Services,Banks - Regional,NYSE,6958324,29.87,93.44,15,2,-10.54,,,,,,,51,36,23,37,,0,0,0,0,0,0,108388212433.0708,3586638481.0,0.0139999995,0.114,6024313,7181996,0,32.0,,2026-08-12
1421,POR,Utilities,Utilities - Regulated Electric,NYSE,1046840,48.39,93.43,-17,-31,-11.41,,,,,,,51,68,54,67,,0,0,0,0,0,0,5768659557.272415,117607740.0,0.0775,0.009,1122051,1182584,0,63.0,,2026-08-12
1422,TKO,Communication Services,Entertainment,NYSE,1218474,194.73,93.41,13,28,-14.19,,,,,,,51,38,53,72,,0,0,0,0,0,0,13639606264.386108,73111098.0,0.1216,0.182,1252662,1375756,0,54.3,,2026-08-12
1423,HLN,Healthcare,Drug Manufacturers - Specialty & Generic,NYSE,9828967,9.93,93.4,5,-15,-11.97,,,,,,,51,46,26,63,,0,0,0,0,0,0,44170747833.37163,4403863311.0,0.0029,0.022,11095132,10189420,0,45.0,,2026-08-12
1424,MTZ,Industrials,Engineering & Construction,NYSE,1392634,272.65,93.35,-39,-34,-38.23,,,,,,,51,90,95,90,,0,0,0,0,0,0,21879885445.880493,80304948.0,0.0681,0.234,1830184,1308352,3,91.7,,2026-08-12
1425,SWKS,Technology,Semiconductors,NASDAQ,5655915,68.33,93.32,19,34,-24.83,,,,,,,51,32,47,32,,0,0,0,0,0,0,10626388278.12584,150472782.0,0.3458,-0.031,6515527,5633725,0,37.0,,2026-08-12
1426,ALC,Healthcare,Medical Instruments & Supplies,NYSE,2313057,75.35,93.31,26,21,-16.66,,,,,,,51,25,20,36,,0,0,0,0,0,0,35021735809.32617,487700000.0,6.05,0.094,2414061,2109168,0,27.0,,2026-08-12
1427,CNX,Energy,Oil & Gas E&P,NYSE,1694591,36.13,93.3,21,44,-17.17,,,,,,,51,30,53,75,,0,0,0,0,0,0,5198739313.88237,147943637.0,0.1427,-0.181,1601393,1856266,0,52.7,,2026-08-12
1428,ED,Utilities,Utilities - Regulated Electric,NYSE,2193125,107.5,93.3,-9,-15,-7.51,,,,,,,51,60,54,62,,0,0,0,0,0,0,39934097032.83016,369828633.0,0.048299998,0.132,2363725,2311133,0,58.7,,2026-08-12
1429,SBRA,Real Estate,REIT - Healthcare Facilities,NASDAQ,3065220,19.85,93.3,-4,10,-12.82,,,,,,,51,55,69,65,,0,0,0,0,0,0,5374936620.123138,255462756.0,0.1365,0.253,2977571,3404436,0,63.0,,2026-08-12
1430,HLMN,Industrials,Tools & Accessories,NASDAQ,1327322,9.01,93.27,21,12,-16.96,,,,,,,51,30,21,41,,0,0,0,0,0,0,1793704942.7291193,194544999.0,0.024400001,0.098,1786848,1647669,0,30.7,,2026-08-12
1431,MUX,Basic Materials,Other Precious Metals & Mining,NYSE,862486,19.14,93.27,14,70,-35.56,,,,,,,51,37,93,97,,0,0,0,0,0,0,1177470914.3090096,61358566.0,0.2387,0.268,885979,1139331,2,75.7,,2026-08-12
1432,UGI,Utilities,Utilities - Regulated Gas,NYSE,1323268,35.16,93.26,0,-15,-14.95,,,,,,,51,51,36,62,,0,0,0,0,0,0,7331438037.518669,214494967.0,0.073699996,-0.045,1643345,1481759,0,49.7,,2026-08-12
1433,APLD,Technology,Information Technology Services,NASDAQ,19404828,29.69,93.26,-29,-11,-41.47,,,,,,,51,80,98,98,,0,0,1,1,0,2,8411958681.986017,287883603.0,0.2633,4.066,18971356,20032127,2,92.0,,2026-08-12
1434,RXST,Healthcare,Medical Devices,NASDAQ,1186847,7.04,93.25,39,37,-46.75,,,,,,,51,12,10,16,,0,0,0,0,0,0,260373792.0799408,41593256.0,0.098000005,0.003,953433,1240358,0,12.7,,2026-08-12
1435,AXP,Financial Services,Credit Services,NYSE,2941462,340.81,93.17,-9,-33,-12.05,,,,,,,50,59,35,57,,0,0,0,0,0,0,230219877641.08847,675309833.0,0.022,0.128,2409908,3030775,0,50.3,,2026-08-12
1436,FUL,Basic Materials,Specialty Chemicals,NYSE,745397,62.03,93.12,19,27,-9.62,,,,,,,50,31,39,67,,0,0,0,0,0,0,3284797173.355385,53787411.0,0.060599998,0.058,660672,796520,0,45.7,,2026-08-12
1437,INOD,Technology,Information Technology Services,NASDAQ,1308091,62.71,93.09,-32,-19,-49.89,,,,,,,50,82,95,32,,0,0,0,0,0,0,2035408523.9337463,32655358.0,0.1458,0.578,1994913,1434666,1,69.7,,2026-08-12
1438,DOV,Industrials,Specialty Industrial Machinery,NYSE,1209309,208.45,93.06,-12,-13,-12.25,,,,,,,50,62,61,76,,0,0,0,0,0,0,28435036561.868286,134680225.0,0.028399998,0.069,1053887,1138421,0,66.3,,2026-08-12
1439,NVMI,Technology,Semiconductor Equipment & Materials,NASDAQ,578804,395.95,93.04,-29,-15,-35.72,,,,,,,50,79,93,93,,0,0,0,0,0,0,12500457046.78708,31806161.0,0.041300002,0.159,624032,558346,2,88.3,,2026-08-12
1440,NTES,Communication Services,Electronic Gaming & Multimedia,NASDAQ,859837,127.89,93.03,5,-4,-19.84,,,,,,,50,45,36,35,,0,0,0,0,0,0,84653881696.67542,640250196.0,0.0073,0.061,607371,907506,0,38.7,,2026-08-12
1441,CRC,Energy,Oil & Gas E&P,NYSE,792548,54.13,92.99,7,39,-24.8,,,,,,,50,43,75,76,,0,0,0,0,0,0,4624438606.66832,88794901.0,0.0661,0.067,878155,821259,0,64.7,,2026-08-12
1442,MDLZ,Consumer Defensive,Confectioners,NASDAQ,9366313,61.78,92.98,9,15,-7.31,,,,,,,50,41,47,45,,0,0,0,0,0,0,80369312632.73764,1283649766.0,0.0295,0.041,9687689,9551555,0,44.3,,2026-08-12
1443,WWW,Consumer Cyclical,Footwear & Accessories,NYSE,778357,18.2,92.98,17,8,-44.51,,,,,,,50,33,24,52,,0,0,0,0,0,0,1552062036.1512222,81989541.0,0.1225,0.11,801821,882572,0,36.3,,2026-08-12
1444,CTRE,Real Estate,REIT - Healthcare Facilities,NYSE,2196134,38.68,92.94,-19,-12,-11.33,,,,,,,50,69,76,78,,0,0,0,0,0,0,9740005951.223846,236293199.0,0.1205,0.032,1926524,2759322,0,74.3,,2026-08-12
1445,KRC,Real Estate,REIT - Office,NYSE,1282897,36.44,92.93,-23,-42,-19.08,,,,,,,50,73,54,28,,0,0,0,0,0,0,4416252416.338745,116308988.0,0.1017,-0.06,1132481,1455402,0,51.7,,2026-08-12
1446,KHC,Consumer Defensive,Packaged Foods,NASDAQ,14206154,24.65,92.91,-10,-37,-12.28,,,,,,,50,60,33,31,,0,0,0,0,0,0,30025057190.67531,1185823758.0,0.1076,-0.014,16752904,14268922,0,41.3,,2026-08-12
1447,REG,Real Estate,REIT - Retail,NASDAQ,1398896,75.82,92.9,-14,-17,-9.37,,,,,,,50,64,61,57,,0,0,0,0,0,0,14122257087.595604,183120547.0,0.044899996,0.089,1625868,1508853,0,60.7,,2026-08-12
1448,AEM,Basic Materials,Gold,NYSE,2759908,181.75,92.9,26,79,-28.79,,,,,,,50,24,77,93,,0,0,0,0,0,0,90548168689.20705,506364864.0,0.0087,0.35,3241485,2910641,1,64.7,,2026-08-12
1449,BHC,Healthcare,Drug Manufacturers - Specialty & Generic,NYSE,4248442,6.24,92.84,31,42,-28.19,,,,,,,50,19,30,46,,0,0,0,0,0,0,2337441006.25,373990561.0,0.024600001,0.127,8814998,3739283,0,31.7,,2026-08-12
1450,ALV,Consumer Cyclical,Auto Parts,NYSE,711630,122.36,92.78,-6,-9,-7.42,,,,,,,50,56,53,64,,0,0,0,0,0,0,8997924525.32045,73237217.0,0.054,0.033,546362,725066,0,57.7,,2026-08-12
1451,WM,Industrials,Waste Management,NYSE,1861859,226.85,92.75,-5,-20,-8.58,,,,,,,50,55,40,54,,0,0,0,0,0,0,91007150165.51855,399715184.0,0.0156,0.04,2235407,2125733,0,49.7,,2026-08-12
1452,FND,Consumer Cyclical,Home Improvement Retail,NYSE,2522502,60.5,92.73,22,4,-34.53,,,,,,,50,28,10,35,,0,0,0,0,0,0,6675855759.608288,106489965.0,0.14899999,0.03,3047276,2619435,0,24.3,,2026-08-12
1453,MGY,Energy,Oil & Gas E&P,NYSE,5617757,26.01,92.7,-10,3,-20.6,,,,,,,50,60,73,69,,0,0,0,0,0,0,5943172269.280731,236968592.0,0.1555,0.501,4306363,4683912,0,67.3,,2026-08-12
1454,GVA,Industrials,Engineering & Construction,NYSE,985582,125.37,92.69,-7,15,-22.65,,,,,,,50,57,79,83,,0,0,0,0,0,0,5615862243.740845,43764510.0,0.14829999,0.293,1297848,976677,0,73.0,,2026-08-12
1455,ELS,Real Estate,REIT - Residential,NYSE,1560060,64.05,92.68,-1,-12,-7.17,,,,,,,50,51,40,57,,0,0,0,0,0,0,12647190864.88707,194064619.0,0.053400002,0.064,1373351,1569870,0,49.3,,2026-08-12
1456,OBDC,Financial Services,Asset Management,NYSE,4016220,11.68,92.66,14,14,-19.11,,,,,,,49,35,35,29,,0,0,0,0,0,0,5740179672.467065,493142569.0,0.04,-0.174,5266200,3906154,0,33.0,,2026-08-12
1457,CLS,Technology,Electronic Components,NYSE,2674609,310.38,92.6,-32,-20,-34.52,,,,,,,49,81,93,92,,0,0,0,0,0,0,36544754849.43109,114982086.0,0.026500002,0.624,3471488,2476917,2,88.7,,2026-08-12
1458,ARI,Real Estate,REIT - Mortgage,NYSE,5101117,6.72,92.59,-6,7,-40.21,,,,,,,49,55,68,62,,0,0,0,0,0,0,885203446.7314472,130947251.0,0.044099998,0.002,3011723,4477570,0,61.7,,2026-08-12
1459,ENB,Energy,Oil & Gas Midstream,NYSE,4130172,51.57,92.58,-22,-23,-11.77,,,,,,,49,71,70,63,,0,0,0,0,0,0,111999902235.4,2184085509.0,0.0105,0.971,5464558,3983839,0,68.0,,2026-08-12
1460,IREN,Financial Services,Capital Markets,NASDAQ,44529367,39.75,92.58,-6,37,-48.29,,,,,,,49,55,98,97,,0,0,1,0,0,1,14734722565.425026,357378674.0,0.2709,-0.0,46427251,44327454,2,83.3,,2026-08-12
1461,CGNT,Technology,Software - Infrastructure,NASDAQ,537961,9.37,92.58,9,42,-23.88,,,,,,,49,40,73,19,,0,0,0,0,0,0,679883491.1046209,73900381.0,0.0114,0.104,510293,719864,0,44.0,,2026-08-12
1462,DEC,Energy,Oil & Gas Integrated,NYSE,906754,14.65,92.58,12,49,-22.49,,,,,,,49,37,74,31,,0,0,0,0,0,0,956876984.0052052,69088589.0,0.0696,0.247,854172,1072076,0,47.3,,2026-08-12
1463,MCO,Financial Services,Financial Data & Stock Exchanges,NYSE,846055,476.48,92.55,-3,-22,-12.87,,,,,,,49,52,33,30,,0,0,0,0,0,0,82737215106.0,173180984.0,0.0215,0.151,732037,945795,0,38.3,,2026-08-12
1464,NAD,Financial Services,Asset Management,NYSE,588879,11.76,92.55,-5,-4,-4.47,,,,,,,49,54,55,56,,0,0,0,0,0,0,2779138562.877391,233737467.0,0.0023999999,-0.006,593579,581965,0,55.0,,2026-08-12
1465,HON,Industrials,Conglomerates,NASDAQ,3820753,230.12,92.55,9,17,-11.59,,,,,,,49,40,48,72,,0,0,0,0,0,0,78033801989.99313,316940010.0,0.030199999,0.043,3405490,4645125,0,53.3,,2026-08-12
1466,NMZ,Financial Services,Asset Management,NYSE,634349,10.28,92.54,-4,-7,-4.55,,,,,,,49,53,50,50,,0,0,0,0,0,0,2216133768.8443737,215367714.0,0.0008,-0.013,668999,656377,0,51.0,,2026-08-12
1467,EXLS,Technology,Information Technology Services,NASDAQ,2606766,34.9,92.48,31,30,-22.58,,,,,,,49,18,17,17,,0,0,0,0,0,0,5289759997.573074,151612499.0,0.0917,0.156,3279640,2747684,0,17.3,,2026-08-12
1468,SPXC,Industrials,Building Products & Equipment,NYSE,568943,216.79,92.47,-10,-23,-13.66,,,,,,,49,59,46,82,,0,0,0,0,0,0,10802517917.960203,50085860.0,0.0291,0.229,555080,764116,0,62.3,,2026-08-12
1469,HTGC,Financial Services,Asset Management,NYSE,1530793,16.67,92.42,4,-2,-15.25,,,,,,,49,45,39,28,,0,0,0,0,0,0,3228579000.0,187164000.0,0.0629,0.085,1840170,1461606,0,37.3,,2026-08-12
1470,SONO,Technology,Consumer Electronics,NASDAQ,2075670,15.07,92.41,-12,-18,-23.97,,,,,,,49,61,55,68,,0,0,0,0,0,0,1850117872.1730144,118293979.0,0.15640001,0.088,2170940,2106836,0,61.3,,2026-08-12
1471,MO,Consumer Defensive,Tobacco,NYSE,8323178,65.03,92.32,-20,-15,-15.61,,,,,,,49,69,74,69,,0,0,0,0,0,0,114126994794.27296,1669743926.0,0.0319,0.012,11251484,8459158,0,70.7,,2026-08-12
1472,AEE,Utilities,Utilities - Regulated Electric,NYSE,1571989,107.82,92.27,-13,-15,-8.87,,,,,,,48,61,59,56,,0,0,0,0,0,0,30131618425.00973,276843251.0,0.056599997,-0.062,1769329,1712473,0,58.7,,2026-08-12
1473,CORZ,Technology,Software - Infrastructure,NASDAQ,12946289,19.76,92.26,-33,-23,-35.13,,,,,,,48,81,91,79,,0,0,0,0,0,0,6714522943.147659,319587000.0,0.2243,1.088,16383049,12729075,1,83.7,,2026-08-12
1474,ARES,Financial Services,Asset Management,NYSE,2165659,143.11,92.24,19,15,-26.71,,,,,,,48,29,25,24,,0,0,0,0,0,0,30862185110.654663,225518332.0,0.1575,0.058,2610399,2392175,0,26.0,,2026-08-12
1475,BA,Industrials,Aerospace & Defense,NYSE,5798323,233.24,92.24,12,29,-8.3,,,,,,,48,36,53,71,,0,0,0,0,0,0,185278538641.18927,790370020.0,0.0002,0.08,6472000,5996718,0,53.3,,2026-08-12
1476,KYIV,Communication Services,Telecom Services,NASDAQ,591536,13.1,92.23,-32,-51,-20.85,,,,,,,48,80,61,55,,0,0,0,0,0,0,3089222915.542534,230883624.0,0.0559,0.194,527730,592404,0,65.3,,2026-08-12
1477,HUBG,Industrials,Integrated Freight & Logistics,NASDAQ,867034,38.0,92.19,-30,-62,-28.65,,,,,,,48,78,46,61,,0,0,0,0,0,0,2923137731.3435745,61153510.0,0.0913,-0.053,1160013,831532,0,61.7,,2026-08-12
1478,GBDC,Financial Services,Asset Management,NASDAQ,1121400,13.18,92.12,5,11,-11.72,,,,,,,48,43,49,28,,0,0,0,0,0,0,3419611446.939844,259651589.0,0.0513,-0.14,1239972,1148406,0,40.0,,2026-08-12
1479,IVR,Real Estate,REIT - Mortgage,NYSE,2683444,7.45,92.12,-15,-12,-21.58,,,,,,,48,63,66,75,,0,0,0,0,0,0,805150321.213078,107640417.0,0.0855,,2617294,2663844,0,68.0,,2026-08-12
1480,HAYW,Industrials,Electrical Equipment & Parts,NYSE,3099309,15.56,92.11,-6,-33,-12.24,,,,,,,48,54,27,59,,0,0,0,0,0,0,3355731722.506241,212119582.0,0.0584,0.063,3223308,2844981,0,46.7,,2026-08-12
1481,PGR,Financial Services,Insurance - Property & Casualty,NYSE,2804952,212.35,92.11,-8,-35,-16.7,,,,,,,48,56,29,26,,0,0,0,0,0,0,125186784298.6235,581371770.0,0.0166,0.073,2130297,3189959,0,37.0,,2026-08-12
1482,MMYT,Consumer Cyclical,Travel Services,NASDAQ,911192,61.41,92.08,20,1,-41.2,,,,,,,48,28,9,13,,0,0,0,0,0,0,5644460148.745659,94058662.0,0.122600004,0.062,874057,1051897,0,16.7,,2026-08-12
1483,NEA,Financial Services,Asset Management,NYSE,753265,11.35,92.05,-7,-5,-4.62,,,,,,,48,55,57,57,,0,0,0,0,0,0,3418049374.020355,299041932.0,0.0043,-0.014,721997,744013,0,56.3,,2026-08-12
1484,FER,Industrials,Engineering & Construction,NASDAQ,1538058,65.67,92.01,4,25,-12.19,,,,,,,48,44,65,82,,0,0,0,0,0,0,47947203869.06315,720902155.0,0.0077,0.052,1835596,1661799,0,63.7,,2026-08-12
1485,STE,Healthcare,Medical Devices,NYSE,756149,238.23,91.99,18,16,-11.58,,,,,,,48,30,28,44,,0,0,0,0,0,0,23143275388.56689,97457680.0,0.0251,0.073,853399,809269,0,34.0,,2026-08-12
1486,STRC,Technology,Software - Application,NASDAQ,1519086,95.32,91.99,12,36,-5.08,,,,,,,48,36,60,59,,0,0,0,0,0,0,,,0.96,0.069,1438619,2780651,0,51.7,,2026-08-12
1487,OGE,Utilities,Utilities - Regulated Electric,NYSE,1418093,46.32,91.95,-14,-17,-8.44,,,,,,,48,62,59,54,,0,0,0,0,0,0,9703720667.890669,206374321.0,0.059299998,-0.04,1514761,1424336,0,58.3,,2026-08-12
1488,ARCO,Consumer Cyclical,Restaurants,NYSE,1242892,7.91,91.9,-9,-5,-18.87,,,,,,,48,57,61,64,,0,0,0,0,0,0,1735863541.4630527,210663057.0,0.0322,0.129,952706,1246213,0,60.7,,2026-08-12
1489,CCL,Consumer Cyclical,Travel Services,NYSE,18433577,27.73,91.87,16,14,-18.51,,,,,,,47,31,29,77,,0,0,0,0,0,0,39706127646.3222,1369649119.0,0.026500002,0.053,18097282,21595762,0,45.7,,2026-08-12
1490,CTVA,Basic Materials,Agricultural Inputs,NYSE,4226901,76.22,91.86,-24,-23,-16.21,,,,,,,47,71,72,66,,0,0,0,0,0,0,51260669901.67236,667196000.0,0.0313,-0.012,5913774,4370018,0,69.7,,2026-08-12
1491,VKTX,Healthcare,Biotechnology,NASDAQ,2121556,33.8,91.82,-19,-45,-21.67,,,,,,,47,66,40,37,,0,0,0,0,0,0,3996529425.821919,116652937.0,0.20979999,,1885909,2374641,0,47.7,,2026-08-12
1492,PDO,Financial Services,Asset Management,NYSE,540181,13.09,91.81,-1,-10,-8.14,,,,,,,47,48,39,59,,0,0,0,0,0,0,1863711166.2492144,142485564.0,0.52,,569354,569060,0,48.7,,2026-08-12
1493,HD,Consumer Cyclical,Home Improvement Retail,NYSE,3736747,354.48,91.81,12,-2,-16.93,,,,,,,47,35,21,45,,0,0,0,0,0,0,354594629584.1062,997116682.0,0.0143,0.048,3746823,4382230,0,33.7,,2026-08-12
1494,BSBR,Financial Services,Banks - Regional,NYSE,2908423,5.75,91.73,11,9,-21.45,,,,,,,47,36,34,74,,0,0,0,0,0,0,21751266981.55012,3743763717.0,3.96,0.288,5387229,2468037,0,48.0,,2026-08-12
1495,NZF,Financial Services,Asset Management,NYSE,558109,12.31,91.68,-8,-7,-5.45,,,,,,,47,55,56,58,,0,0,0,0,0,0,2446981853.051569,196386986.0,0.003,-0.018,627127,536927,0,56.3,,2026-08-12
1496,BCO,Industrials,Security & Protection Services,NYSE,575937,113.91,91.68,0,-11,-16.47,,,,,,,47,47,36,79,,0,0,0,0,0,0,4620099631.859619,41181028.0,0.1832,0.071,536833,532614,0,54.0,,2026-08-12
1497,KMT,Industrials,Tools & Accessories,NYSE,1151317,30.24,91.68,-28,-24,-30.97,,,,,,,47,75,79,92,,0,0,0,0,0,0,2524840793.791172,76210103.0,0.12550001,0.426,1780592,1211158,1,82.0,,2026-08-12
1498,NOMD,Consumer Defensive,Packaged Foods,NYSE,1327819,11.37,91.66,-2,-35,-29.77,,,,,,,47,49,16,27,,0,0,0,0,0,0,1676096084.3143406,139791169.0,0.0235,-0.059,1188667,1285807,0,30.7,,2026-08-12
1499,WRB,Financial Services,Insurance - Property & Casualty,NYSE,1958389,70.09,91.62,-8,-30,-11.23,,,,,,,47,55,33,42,,0,0,0,0,0,0,26579890509.951744,371227529.0,0.0002,0.012,1823157,2066469,0,43.3,,2026-08-12
1500,ELVA,Industrials,Electrical Equipment & Parts,NASDAQ,1675439,7.33,91.6,-22,5,-42.64,,,,,,,47,69,96,96,,0,0,0,0,0,0,480717632.6885605,49507480.0,1.32,0.202,711209,1157939,2,87.0,,2026-08-12
1501,LEA,Consumer Cyclical,Auto Parts,NYSE,643678,121.93,91.58,-28,-26,-18.89,,,,,,,47,75,77,84,,0,0,0,0,0,0,8178043765.955933,66574764.0,0.0638,0.03,981275,679471,0,78.7,,2026-08-12
1502,HII,Industrials,Aerospace & Defense,NYSE,514470,327.85,91.56,22,61,-28.73,,,,,,,47,25,64,93,,0,0,0,0,0,0,12786004391.951843,39404598.0,0.0297,0.109,648111,529648,1,60.7,,2026-08-12
1503,AKR,Real Estate,REIT - Retail,NYSE,1392630,20.61,91.55,-13,-12,-10.51,,,,,,,47,60,61,43,,0,0,0,0,0,0,2835920656.911724,137332722.0,0.2848,0.134,1574412,1644060,0,54.7,,2026-08-12
1504,GGG,Industrials,Specialty Industrial Machinery,NYSE,1407915,83.53,91.54,19,19,-12.71,,,,,,,46,27,27,62,,0,0,0,0,0,0,13529622605.233154,161953824.0,0.051799998,0.033,1327456,1395497,0,38.7,,2026-08-12
1505,RITM,Real Estate,REIT - Mortgage,NYSE,6273080,10.25,91.5,16,13,-19.54,,,,,,,46,30,27,35,,0,0,0,0,0,0,5690167411.573085,558407031.0,0.0747,0.097,6696512,5818350,0,30.7,,2026-08-12
1506,NUV,Financial Services,Asset Management,NYSE,501779,9.06,91.5,-6,-2,-2.16,,,,,,,46,52,56,54,,0,0,0,0,0,0,1911491798.6292555,210054035.0,0.0013,0.062,531188,510079,0,54.0,,2026-08-12
1507,LSPD,Technology,Software - Application,NYSE,840918,10.47,91.44,7,-9,-23.66,,,,,,,46,39,23,20,,0,0,0,0,0,0,1352473737.252388,129299592.0,0.0456,0.058,1031276,1123311,0,27.3,,2026-08-12
1508,MDU,Utilities,Utilities - Regulated Gas,NYSE,1496596,20.5,91.43,-15,-2,-10.79,,,,,,,46,61,74,64,,0,0,0,0,0,0,4322681160.316101,210349456.0,0.079,0.068,1820558,1552291,0,66.3,,2026-08-12
1509,COLM,Consumer Cyclical,Apparel Manufacturing,NASDAQ,618216,56.32,91.42,-21,-48,-18.45,,,,,,,46,67,40,57,,0,0,0,0,0,0,2936441639.085846,51193194.0,0.1456,0.015,845490,584176,0,54.7,,2026-08-12
1510,BKV,Energy,Oil & Gas E&P,NYSE,848885,26.51,91.4,-8,3,-19.2,,,,,,,46,54,65,73,,0,0,0,0,0,0,2676849221.606674,109437830.0,0.1489,0.188,1079136,858075,0,64.0,,2026-08-12
1511,UDR,Real Estate,REIT - Residential,NYSE,3197810,37.3,91.38,-18,-35,-11.19,,,,,,,46,64,47,45,,0,0,0,0,0,0,12339758717.99897,321264222.0,0.047199998,-0.001,3643160,3812854,0,52.0,,2026-08-12
1512,CRSP,Healthcare,Biotechnology,NASDAQ,1607882,54.07,91.34,21,48,-31.1,,,,,,,46,25,52,54,,0,0,0,0,0,0,5174990832.822384,96692653.0,0.2297,10.414,1401307,1659073,0,43.7,,2026-08-12
1513,AIG,Financial Services,Insurance - Diversified,NYSE,3433495,77.31,91.33,-2,-13,-11.43,,,,,,,46,48,37,46,,0,0,0,0,0,0,41335865359.49707,524700000.0,0.020399999,0.006,3196837,3935423,0,43.7,,2026-08-12
1514,MWA,Industrials,Specialty Industrial Machinery,NYSE,1118170,26.22,91.33,14,19,-15.42,,,,,,,46,32,37,72,,0,0,0,0,0,0,4160749285.79278,156125679.0,0.0482,0.041,1166770,1223152,0,47.0,,2026-08-12
1515,IEP,Energy,Oil & Gas Refining & Marketing,NASDAQ,781155,7.58,91.32,-7,-3,-20.38,,,,,,,46,53,57,42,,0,0,0,0,0,0,5303426620.899259,710915093.0,0.1369,0.282,1138876,793663,0,50.7,,2026-08-12
1516,NTLA,Healthcare,Biotechnology,NASDAQ,4112058,12.02,91.31,14,61,-57.45,,,,,,,46,32,79,80,,0,0,0,0,0,0,1668283928.7501993,139722277.0,0.413,-0.462,3650716,5221233,0,63.7,,2026-08-12
1517,AEP,Utilities,Utilities - Regulated Electric,NASDAQ,4423241,123.58,91.3,-20,-21,-12.09,,,,,,,46,66,65,66,,0,0,0,0,0,0,68447080894.46576,544397352.0,0.060500003,0.07,4649385,4967717,0,65.7,,2026-08-12
1518,GIL,Consumer Cyclical,Apparel Manufacturing,NYSE,1382340,58.51,91.27,16,21,-20.61,,,,,,,46,30,35,81,,0,0,0,0,0,0,10648531260.0,185191848.0,0.0513,0.723,1736081,1787890,0,48.7,,2026-08-12
1519,MC,Financial Services,Capital Markets,NYSE,924279,66.6,91.22,3,5,-14.85,,,,,,,45,42,44,38,,0,0,0,0,0,0,4936009697.12075,74080893.0,0.0668,0.12,1122688,963083,0,41.3,,2026-08-12
1520,FSK,Financial Services,Asset Management,NYSE,2684645,12.25,91.2,18,9,-32.88,,,,,,,45,27,18,22,,0,0,0,0,0,0,3437672967.243004,276340280.0,0.0537,-0.271,3085525,2776487,0,22.3,,2026-08-12
1521,PPTA,Basic Materials,Other Precious Metals & Mining,NASDAQ,1190829,25.43,91.17,26,96,-31.95,,,,,,,45,19,89,95,,0,0,0,0,0,0,3092336028.264421,125094503.0,0.1278,,1453129,1593413,1,67.7,,2026-08-12
1522,FCPT,Real Estate,REIT - Retail,NYSE,743222,24.53,91.17,-7,-10,-8.67,,,,,,,45,52,49,38,,0,0,0,0,0,0,2754885832.468746,109756406.0,0.0427,0.069,780308,841941,0,46.3,,2026-08-12
1523,IRT,Real Estate,REIT - Residential,NYSE,2742511,16.65,91.17,-5,-17,-8.42,,,,,,,45,50,38,32,,0,0,0,0,0,0,4068435465.270809,235714682.0,0.059,0.03,3484585,3011647,0,40.0,,2026-08-12
1524,SAP,Technology,Software - Application,NYSE,3203129,209.68,91.17,28,25,-27.82,,,,,,,45,17,14,19,,0,0,0,0,0,0,237950748695.9421,1154204232.0,0.0083,0.094,3278677,3088653,0,16.7,,2026-08-12
1525,UA,Consumer Cyclical,Apparel Manufacturing,NYSE,2808629,5.2,91.14,-22,-62,-34.23,,,,,,,45,67,27,89,,0,0,0,0,0,0,2528106536.376482,426324892.0,7.04,-0.032,3255632,3222784,0,61.0,,2026-08-12
1526,MAA,Real Estate,REIT - Residential,NYSE,1084969,131.74,91.14,-3,-18,-10.02,,,,,,,45,48,33,34,,0,0,0,0,0,0,15658324095.67601,116021957.0,0.0394,0.01,1174618,1093115,0,38.3,,2026-08-12
1527,CVNA,Consumer Cyclical,Auto & Truck Dealerships,NYSE,10123875,72.0,91.13,11,33,-26.06,,,,,,,45,34,56,65,,0,0,0,0,0,0,77901344572.258,1099525000.0,0.1427,0.524,12587216,10818727,0,51.7,,2026-08-12
1528,MKTX,Financial Services,Capital Markets,NASDAQ,1114306,162.53,91.11,33,40,-17.06,,,,,,,45,12,19,33,,0,0,0,0,0,0,5719900531.269928,35192891.0,0.0766,-0.005,2310099,1015487,0,21.3,,2026-08-12
1529,WPC,Real Estate,REIT - Diversified,NYSE,1432386,70.0,91.09,-15,-8,-9.35,,,,,,,45,60,67,65,,0,0,0,0,0,0,16358838138.139954,227807251.0,0.0514,0.184,1317268,1549375,0,64.0,,2026-08-12
1530,AXS,Financial Services,Insurance - Specialty,NYSE,743532,100.72,91.05,-22,-50,-16.06,,,,,,,45,67,39,53,,0,0,0,0,0,0,7629617536.150177,73723236.0,0.0277,0.074,884417,738253,0,53.0,,2026-08-12
1531,VERA,Healthcare,Biotechnology,NASDAQ,2317619,30.29,91.0,-32,-25,-45.96,,,,,,,44,76,83,92,,0,0,0,0,0,0,2360939668.7471924,71782904.0,0.2393,,2147149,2062807,1,83.7,,2026-08-12
1532,WAL,Financial Services,Banks - Regional,NYSE,996082,81.5,90.95,0,-14,-16.18,,,,,,,44,44,30,72,,0,0,0,0,0,0,8873173468.889648,109100864.0,0.0001,0.136,841356,1014331,0,48.7,,2026-08-12
1533,WCN,Industrials,Waste Management,NYSE,1311721,166.85,90.9,0,-13,-12.64,,,,,,,44,44,31,29,,0,0,0,0,0,0,42019179171.94708,252049532.0,0.0139999995,0.064,1387783,1624196,0,34.7,,2026-08-12
1534,ORC,Real Estate,REIT - Mortgage,NYSE,5124711,6.57,90.89,-8,-3,-21.79,,,,,,,44,52,57,62,,0,0,0,0,0,0,1309398541.8585997,199603438.0,0.067600004,,5413395,5202641,0,57.0,,2026-08-12
1535,TPG,Financial Services,Asset Management,NASDAQ,2246407,50.6,90.89,17,13,-28.1,,,,,,,44,27,23,25,,0,0,0,0,0,0,7860936502.156811,160460017.0,0.0848,1.102,3237453,2411670,0,25.0,,2026-08-12
1536,MOD,Consumer Cyclical,Auto Parts,NYSE,1524053,198.32,90.88,-47,-44,-38.65,,,,,,,44,91,94,94,,0,0,0,0,0,0,10388846008.974243,53112708.0,0.0499,0.28,2067989,1600563,3,93.0,,2026-08-12
1537,DHI,Consumer Cyclical,Residential Construction,NYSE,2488123,150.79,90.87,-5,-22,-18.29,,,,,,,44,49,32,72,,0,0,0,0,0,0,42257267930.50832,279701267.0,0.056599997,0.0,2318831,2392328,0,51.0,,2026-08-12
1538,AVB,Real Estate,REIT - Residential,NYSE,759411,181.76,90.86,-15,-24,-8.49,,,,,,,44,59,50,32,,0,0,0,0,0,0,26781758396.4348,142797963.0,0.031,0.023,580575,960851,0,47.0,,2026-08-12
1539,RQI,Financial Services,Asset Management,NYSE,787230,12.31,90.81,-7,7,-9.29,,,,,,,44,51,65,64,,0,0,0,0,0,0,1692472917.6411972,135181538.0,0.0367,-0.052,508432,862120,0,60.0,,2026-08-12
1540,OTF,Financial Services,Asset Management,NYSE,2547516,11.73,90.8,20,21,-25.85,,,,,,,44,24,25,29,,0,0,0,0,0,0,5360768963.908072,458185389.0,0.012,0.058,3289890,2551992,0,26.0,,2026-08-12
1541,RYAN,Financial Services,Insurance - Specialty,NYSE,2225203,42.17,90.76,13,-7,-30.93,,,,,,,43,30,10,13,,0,0,0,0,0,0,10959105428.434238,255814785.0,0.14850001,0.074,2527689,2463683,0,17.7,,2026-08-12
1542,TXT,Industrials,Aerospace & Defense,NYSE,1637867,88.21,90.74,1,18,-13.15,,,,,,,43,42,59,79,,0,0,0,0,0,0,15380790039.796242,171986917.0,0.043899998,0.03,1714032,1645866,0,60.0,,2026-08-12
1543,GSIT,Technology,Semiconductors,NASDAQ,786850,6.59,90.71,-18,17,-63.69,,,,,,,43,61,96,92,,0,0,0,0,0,0,257860322.5092187,38372073.0,0.1365,0.005,690322,1041652,2,83.0,,2026-08-12
1544,LOGI,Technology,Computer Hardware,NASDAQ,1213157,103.66,90.7,-9,-3,-20.05,,,,,,,43,52,58,26,,0,0,0,0,0,0,15225215603.745668,143188332.0,0.096099995,0.069,1286143,1124416,0,45.3,,2026-08-12
1545,RSG,Industrials,Waste Management,NYSE,1357810,215.08,90.69,1,-8,-9.87,,,,,,,43,42,33,35,,0,0,0,0,0,0,65701055812.08972,306212978.0,0.0177,0.046,1525850,1518190,0,36.7,,2026-08-12
1546,ARDT,Healthcare,Medical Care Facilities,NYSE,538762,10.97,90.66,12,9,-29.13,,,,,,,43,31,28,27,,0,0,0,0,0,0,1655692885.3918486,143350031.0,0.1385,-0.014,532608,601011,0,28.7,,2026-08-12
1547,BGC,Financial Services,Capital Markets,NASDAQ,2544108,10.16,90.66,-17,-2,-21.18,,,,,,,43,60,75,48,,0,0,0,0,0,0,4892295343.365217,472685523.0,0.04,0.083,2658215,3217705,0,61.0,,2026-08-12
1548,SARO,Industrials,Aerospace & Defense,NYSE,3399553,28.2,90.62,8,4,-18.21,,,,,,,43,35,31,70,,0,0,0,0,0,0,9704857040.23919,332471972.0,0.0908,0.046,3248871,3851052,0,45.3,,2026-08-12
1549,ULTA,Consumer Cyclical,Specialty Retail,NASDAQ,570482,541.35,90.62,17,22,-24.28,,,,,,,43,26,31,88,,0,0,0,0,0,0,24295410161.19373,42989311.0,0.0572,0.111,558607,746459,0,48.3,,2026-08-12
1550,KDP,Consumer Defensive,Beverages - Non-Alcoholic,NASDAQ,13333307,29.18,90.61,-21,-47,-18.81,,,,,,,43,64,38,34,,0,0,0,0,0,0,40830390036.11735,1360559471.0,0.051599998,0.756,13953141,14687374,0,45.3,,2026-08-12
1551,EQX,Basic Materials,Gold,NYSE ARCA,14319454,11.66,90.6,19,80,-38.5,,,,,,,43,24,85,94,,0,0,0,0,0,0,13519184649.689884,1167459822.0,3.29,1.693,20057634,14829810,1,67.7,,2026-08-12
1552,KGC,Basic Materials,Gold,NYSE,7913869,27.24,90.59,10,60,-30.35,,,,,,,43,33,83,95,,0,0,0,0,0,0,32787694683.93608,1186240789.0,1.97,0.295,9075249,8637657,1,70.3,,2026-08-12
1553,AVO,Consumer Defensive,Food Distribution,NASDAQ,1051340,12.9,90.58,-5,-14,-16.93,,,,,,,42,47,38,76,,0,0,0,0,0,0,1166583590.3433208,88377546.0,0.0874,-0.235,910011,1432770,0,53.7,,2026-08-12
1554,HOOD,Financial Services,Capital Markets,NASDAQ,20772063,94.38,90.58,-27,-61,-38.66,,,,,,,42,69,35,27,,0,0,0,0,0,0,83875386071.30441,899082273.0,0.048699997,0.323,18424930,26337674,0,43.7,,2026-08-12
1555,ORA,Utilities,Utilities - Renewable,NYSE,893657,114.46,90.52,-1,39,-21.81,,,,,,,42,43,83,85,,0,0,0,0,0,0,6647204127.481476,61496941.0,0.097799994,0.106,1012122,909196,0,70.3,,2026-08-12
1556,UAA,Consumer Cyclical,Apparel Manufacturing,NYSE,8328076,5.34,90.52,-23,-62,-34.48,,,,,,,42,65,26,88,,0,0,0,0,0,0,2604845147.040514,426324892.0,0.3759,-0.032,9898279,8510641,0,59.7,,2026-08-12
1557,EXC,Utilities,Utilities - Regulated Electric,NASDAQ,8866148,44.87,90.51,-10,-23,-11.41,,,,,,,42,52,39,53,,0,0,0,0,0,0,46989884063.68712,1030253967.0,0.0399,0.099,8712586,8853917,0,48.0,,2026-08-12
1558,STAA,Healthcare,Medical Instruments & Supplies,NASDAQ,945178,24.94,90.51,-34,-20,-30.47,,,,,,,42,76,90,20,,0,0,0,0,0,0,1205374576.3674543,49788295.0,0.2151,1.196,1003194,816574,1,62.0,,2026-08-12
1559,NVO,Healthcare,Drug Manufacturers - General,NYSE,11607486,47.17,90.51,2,-7,-26.48,,,,,,,42,40,31,25,,0,0,0,0,0,0,208924662155.11703,4420750520.0,0.0098,0.021,17048749,12490693,0,32.0,,2026-08-12
1560,RCAT,Industrials,Aerospace & Defense,NASDAQ,9352527,10.66,90.51,25,68,-43.24,,,,,,,42,17,60,91,,0,0,0,0,0,0,1383977099.7023058,150268957.0,0.2358,8.491,10441393,11194768,1,56.0,,2026-08-12
1561,NGG,Utilities,Utilities - Regulated Electric,NYSE,794978,80.27,90.5,-16,-7,-15.18,,,,,,,42,58,67,79,,0,0,0,0,0,0,81313520266.45609,1005360077.0,0.0008,0.02,753775,964753,0,68.0,,2026-08-12
1562,NRDS,Communication Services,Internet Content & Information,NASDAQ,681249,9.78,90.5,17,6,-39.78,,,,,,,42,25,14,23,,0,0,0,0,0,0,652065929.4899025,65798783.0,0.1338,0.056,878437,748525,0,20.7,,2026-08-12
1563,AMX,Communication Services,Telecom Services,NYSE,1998839,23.43,90.49,-34,-31,-17.67,,,,,,,42,76,79,77,,0,0,0,0,0,0,71241687500.0,2999650000.0,0.0049,0.031,2757748,1673103,0,77.3,,2026-08-12
1564,TEM,Healthcare,Health Information Services,NASDAQ,5131585,55.69,90.48,5,-15,-46.62,,,,,,,42,37,17,21,,0,0,0,0,0,0,9391628912.139206,180434756.0,0.3045,0.216,5098606,6105743,0,25.0,,2026-08-12
1565,SHMD,Industrials,Specialty Industrial Machinery,NASDAQ,547956,5.0,90.48,-17,13,-53.05,,,,,,,42,59,89,97,,0,0,0,0,0,0,309989412.9406843,65675726.0,0.081499994,-0.375,402570,775798,1,81.7,,2026-08-12
1566,PRTA,Healthcare,Biotechnology,NASDAQ,533037,9.22,90.42,5,39,-21.86,,,,,,,41,36,70,32,,0,0,0,0,0,0,449711903.99010086,51336974.0,0.1878,17.064,515581,576926,0,46.0,,2026-08-12
1567,XEL,Utilities,Utilities - Regulated Electric,NASDAQ,5056743,77.66,90.41,-15,-13,-7.8,,,,,,,41,56,58,56,,0,0,0,0,0,0,48765200078.79674,624634306.0,0.0779,-0.051,5488040,5582954,0,56.7,,2026-08-12
1568,NFG,Energy,Oil & Gas Integrated,NYSE,701997,82.25,90.4,6,10,-15.26,,,,,,,41,35,39,58,,0,0,0,0,0,0,7654932360.476387,95045099.0,0.0618,0.011,820912,714678,0,44.0,,2026-08-12
1569,BXSL,Financial Services,Asset Management,NYSE,1686314,24.42,90.39,4,1,-20.43,,,,,,,41,37,34,27,,0,0,0,0,0,0,5717085559.310463,232970063.0,0.0543,-0.071,1703792,1704952,0,32.7,,2026-08-12
1570,CXT,Industrials,Specialty Industrial Machinery,NYSE,668650,51.18,90.36,2,-22,-25.83,,,,,,,41,39,15,31,,0,0,0,0,0,0,3069744447.7178955,57561304.0,0.198,0.22,659221,965672,0,28.3,,2026-08-12
1571,LNT,Utilities,Utilities - Regulated Electric,NASDAQ,2481790,68.58,90.29,-26,-29,-12.98,,,,,,,41,67,64,56,,0,0,0,0,0,0,17986580281.776695,259284699.0,0.124,0.01,2887061,2542588,0,62.3,,2026-08-12
1572,INSM,Healthcare,Biotechnology,NASDAQ,3022614,132.57,90.27,22,39,-37.69,,,,,,,41,19,36,82,,0,0,0,0,0,0,28629816376.19492,218381503.0,0.060500003,2.961,4402252,3852502,0,45.7,,2026-08-12
1573,JPC,Financial Services,Asset Management,NYSE,855610,7.75,90.25,-9,-7,-6.63,,,,,,,41,50,52,56,,0,0,0,0,0,0,2900500821.236877,375226496.0,0.0073,,941240,883612,0,52.7,,2026-08-12
1574,PINS,Communication Services,Internet Content & Information,NYSE,11454902,23.75,90.24,9,2,-38.42,,,,,,,41,32,25,9,,0,0,0,0,0,0,13410292652.18502,566313027.0,0.1593,0.182,13377928,15252131,0,22.0,,2026-08-12
1575,LEG,Consumer Cyclical,"Furnishings, Fixtures & Appliances",NYSE,2067976,9.53,90.22,-11,-28,-26.69,,,,,,,40,51,34,78,,0,0,0,0,0,0,1313986116.26863,136588995.0,0.19129999,-0.055,1843980,2419192,0,54.3,,2026-08-12
1576,MSCI,Financial Services,Financial Data & Stock Exchanges,NYSE,716802,561.71,90.22,-22,-30,-12.88,,,,,,,40,62,54,35,,0,0,0,0,0,0,40942457757.56836,72700000.0,0.020499999,0.122,656416,723773,0,50.3,,2026-08-12
1577,SO,Utilities,Utilities - Regulated Electric,NYSE,5219748,91.92,90.18,-12,-10,-8.85,,,,,,,40,52,54,47,,0,0,0,0,0,0,106627146127.04332,1150362966.0,0.0318,0.001,6418974,6040910,0,51.0,,2026-08-12
1578,SDOT,Consumer Defensive,Farm Products,NASDAQ,2175899,12.27,90.16,37,34,-95.29,,,,,,,40,3,0,3,,0,0,0,0,0,0,12680185.60003662,1048816.0,0.060700003,,164938,4136595,0,2.0,,2026-08-12
1579,YUMC,Consumer Cyclical,Restaurants,NYSE,1623360,47.59,90.16,8,9,-18.5,,,,,,,40,32,33,72,,0,0,0,0,0,0,16341982413.55664,342455616.0,0.014099999,0.126,1672572,1719602,0,45.7,,2026-08-12
1580,NEE,Utilities,Utilities - Regulated Electric,NYSE,10899459,85.74,90.15,-19,-6,-13.17,,,,,,,40,59,72,71,,0,0,0,0,0,0,176546496737.08124,2085605358.0,0.01,0.124,11501698,11278719,0,67.3,,2026-08-12
1581,GNTX,Consumer Cyclical,Auto Parts,NASDAQ,2613419,23.93,90.14,-9,-21,-18.55,,,,,,,40,49,37,49,,0,0,0,0,0,0,5073254594.406137,210683331.0,0.070199996,-0.01,2220379,2629609,0,45.0,,2026-08-12
1582,TEL,Technology,Electronic Components,NYSE,2540808,218.69,90.14,7,13,-13.41,,,,,,,40,33,39,74,,0,0,0,0,0,0,62722866104.65723,289940672.0,0.032899998,0.138,2230506,2540487,0,48.7,,2026-08-12
1583,CWST,Industrials,Waste Management,NASDAQ,674238,92.52,90.13,-13,-40,-14.3,,,,,,,40,53,26,45,,0,0,0,0,0,0,5687365057.756561,63609941.0,0.104899995,0.169,660966,710211,0,41.3,,2026-08-12
1584,PACK,Consumer Cyclical,Packaging & Containers,NYSE,542821,5.38,90.09,-53,-67,-31.11,,,,,,,40,93,79,73,,0,0,0,0,0,0,472528192.0185146,85758289.0,0.0583,0.14,707424,548336,1,81.7,,2026-08-12
1585,BHF,Financial Services,Insurance - Life,NASDAQ,651037,58.8,90.04,-32,-50,-11.98,,,,,,,40,72,54,56,,0,0,0,0,0,0,3496702986.52216,57511563.0,0.1062,0.886,883152,593640,0,60.7,,2026-08-12
1586,DUK,Utilities,Utilities - Regulated Electric,NYSE,4351360,123.19,90.03,-12,-13,-8.4,,,,,,,40,52,51,53,,0,0,0,0,0,0,97345817606.31888,779702193.0,0.0253,0.011,5751911,4101944,0,52.0,,2026-08-12
1587,BOOT,Consumer Cyclical,Apparel Retail,NYSE,685998,165.8,90.01,7,2,-21.14,,,,,,,39,32,27,73,,0,0,0,0,0,0,4954600663.244019,30284844.0,0.1084,0.177,866504,707474,0,44.0,,2026-08-12
1588,CARR,Industrials,Building Products & Equipment,NYSE,6613433,63.62,90.0,-26,-37,-17.12,,,,,,,39,65,54,50,,0,0,0,0,0,0,53165454650.54121,830580423.0,0.0232,0.039,7451459,6491067,0,56.3,,2026-08-12
1589,HLF,Consumer Defensive,Packaged Foods,NYSE,1538180,11.74,90.0,-1,38,-42.45,,,,,,,39,40,79,96,,0,0,0,0,0,0,1294321782.9793167,104803380.0,0.105100006,0.054,1696881,1652020,1,71.7,,2026-08-12
1590,JEF,Financial Services,Capital Markets,NYSE,1884695,55.0,89.96,-15,-34,-22.58,,,,,,,39,54,35,34,,0,0,0,0,0,0,13053869337.763609,230552271.0,0.028299998,0.35,2087215,2193797,0,41.0,,2026-08-12
1591,RELX,Industrials,Specialty Business Services,NYSE,2905357,35.37,89.94,17,18,-27.79,,,,,,,39,22,23,14,,0,0,0,0,0,0,61963193820.31008,1744459263.0,0.0026,0.027,2883712,2798888,0,19.7,,2026-08-12
1592,BYD,Consumer Cyclical,Resorts & Casinos,NYSE,963276,82.37,89.89,-5,-9,-9.89,,,,,,,39,44,40,57,,0,0,0,0,0,0,6060914502.843964,72655414.0,0.074200004,0.0,847789,1016935,0,47.0,,2026-08-12
1593,OWL,Financial Services,Asset Management,NYSE,19243150,12.32,89.85,18,10,-40.14,,,,,,,39,21,13,17,,0,0,0,0,0,0,18506424508.586056,1559092223.0,0.2207,0.071,26710992,22111038,0,17.0,,2026-08-12
1594,ITUB,Financial Services,Banks - Regional,NYSE,19726996,7.5,89.81,-34,-40,-21.88,,,,,,,39,73,67,89,,0,0,0,0,0,0,87513668614.1566,11021872542.0,0.005,0.175,19387300,21148574,0,76.3,,2026-08-12
1595,SFD,Consumer Defensive,Packaged Foods,NASDAQ,1320233,23.88,89.78,-10,2,-19.88,,,,,,,39,49,61,62,,0,0,0,0,0,0,9994322330.100336,393477263.0,0.126,0.008,1455449,1294479,0,57.3,,2026-08-12
1596,TRI,Industrials,Specialty Business Services,NASDAQ,2234674,104.84,89.76,18,10,-41.76,,,,,,,39,21,13,9,,0,0,0,0,0,0,44115259570.99789,433224578.0,6.52,0.095,2612823,2154072,0,14.3,,2026-08-12
1597,BLLN,Healthcare,Diagnostics & Research,NASDAQ,780086,97.94,89.75,-44,-98,-34.9,,,,,,,39,83,29,26,,0,0,0,0,0,0,4406797450.019318,47187038.0,0.096499994,0.644,1082699,808209,0,46.0,,2026-08-12
1598,CRM,Technology,Software - Application,NYSE,12201603,197.47,89.75,18,15,-26.62,,,,,,,39,21,18,17,,0,0,0,0,0,0,157854064498.90137,819000000.0,0.0656,0.133,11233161,14596280,0,18.7,,2026-08-12
1599,INSP,Healthcare,Medical Devices,NYSE,911702,59.13,89.66,26,20,-59.78,,,,,,,39,13,7,10,,0,0,0,0,0,0,1739248155.5886269,28910375.0,0.1976,-0.076,928716,990433,0,10.0,,2026-08-12
1600,TFPM,Basic Materials,Other Precious Metals & Mining,NYSE,589277,31.98,89.6,9,55,-23.31,,,,,,,38,29,75,89,,0,0,0,0,0,0,6719818651.185024,206003031.0,2.23,0.373,579351,656712,0,64.3,,2026-08-12
1601,CNP,Utilities,Utilities - Regulated Electric,NYSE,6803232,40.18,89.55,-26,-28,-11.22,,,,,,,38,64,62,62,,0,0,0,0,0,0,26796741516.86548,658720288.0,0.086899996,0.107,7354236,6592931,0,62.7,,2026-08-12
1602,WGO,Consumer Cyclical,Recreational Vehicles,NYSE,594359,32.79,89.54,10,2,-34.63,,,,,,,38,28,20,80,,0,0,0,0,0,0,909127594.5665092,28268893.0,0.1285,-0.099,453317,739513,0,42.7,,2026-08-12
1603,DTE,Utilities,Utilities - Regulated Electric,NYSE,1325297,137.64,89.51,-22,-27,-11.63,,,,,,,38,60,55,53,,0,0,0,0,0,0,29105277194.974976,208088069.0,0.0326,-0.015,1424643,1408540,0,56.0,,2026-08-12
1604,RYN,Real Estate,REIT - Specialty,NYSE,2511627,21.45,89.44,-3,-15,-21.54,,,,,,,38,41,29,51,,0,0,0,0,0,0,6553282264.512306,300747223.0,0.0428,2.722,3206041,2590582,0,40.3,,2026-08-12
1605,LADR,Real Estate,REIT - Mortgage,NYSE,1192778,9.92,89.42,1,4,-16.78,,,,,,,38,37,40,40,,0,0,0,0,0,0,1238205386.3171637,126865303.0,0.0379,0.022,1393526,1155437,0,39.0,,2026-08-12
1606,GFL,Industrials,Waste Management,NYSE,2763224,41.32,89.39,7,-2,-19.78,,,,,,,38,31,22,31,,0,0,0,0,0,0,14911988160.185013,360890326.0,0.105399996,0.163,2657813,3035842,0,28.0,,2026-08-12
1607,ADC,Real Estate,REIT - Retail,NYSE,1203659,73.39,89.35,-20,-25,-10.59,,,,,,,38,58,53,54,,0,0,0,0,0,0,9406806873.682022,124379310.0,0.0002,0.168,1436437,1216471,0,55.0,,2026-08-12
1608,ALB,Basic Materials,Specialty Chemicals,NYSE,2283506,129.36,89.33,-20,16,-41.47,,,,,,,38,58,94,95,,0,0,0,0,0,0,15471643095.29457,118005057.0,0.0007,0.311,2599389,2406305,2,82.3,,2026-08-12
1609,CWEN,Utilities,Utilities - Renewable,NYSE,1220318,34.5,89.33,-7,14,-17.35,,,,,,,38,45,66,80,,0,0,0,0,0,0,6702224231.024567,205274852.0,0.0752,0.227,1269715,1392757,0,63.7,,2026-08-12
1610,ROAD,Industrials,Engineering & Construction,NASDAQ,1220170,120.79,89.33,13,47,-20.01,,,,,,,38,25,59,80,,0,0,0,0,0,0,6769469886.308762,56534742.0,0.055999998,0.282,962421,997468,0,54.7,,2026-08-12
1611,KKR,Financial Services,Asset Management,NYSE,4287231,110.97,89.2,14,14,-27.04,,,,,,,38,24,24,23,,0,0,0,0,0,0,92285913947.31683,897635601.0,0.0221,0.022,5587453,4589594,0,23.7,,2026-08-12
1612,JKHY,Technology,Information Technology Services,NASDAQ,1092374,153.63,89.18,8,1,-20.56,,,,,,,38,30,23,33,,0,0,0,0,0,0,11080368924.170227,71050780.0,0.0789,0.087,868354,1374408,0,28.7,,2026-08-12
1613,RARE,Healthcare,Biotechnology,NASDAQ,2179982,26.96,89.13,-37,-72,-32.41,,,,,,,37,74,39,11,,0,0,0,0,0,0,2554437684.386532,98588873.0,0.14109999,0.281,2342648,2438823,0,41.3,,2026-08-12
1614,ERIC,Technology,Communication Equipment,NASDAQ,14714130,10.07,89.11,-21,4,-26.87,,,,,,,37,58,83,80,,0,0,0,0,0,0,33293850301.559708,3280182419.0,0.0212,-0.061,10997340,13018494,0,73.7,,2026-08-12
1615,TXNM,Utilities,Utilities - Regulated Electric,NYSE,1166668,57.31,89.1,-3,14,-3.73,,,,,,,37,40,57,56,,0,0,0,0,0,0,5935455836.364113,103046111.0,0.0623,0.092,874695,1519315,0,51.0,,2026-08-12
1616,PHG,Healthcare,Medical Devices,NYSE,1227114,27.05,89.1,-1,-6,-19.11,,,,,,,37,38,33,68,,0,0,0,0,0,0,26126635879.12921,977427472.0,1.87,0.005,1136963,1203440,0,46.3,,2026-08-12
1617,WSC,Industrials,Rental & Leasing Services,NASDAQ,2296748,22.89,89.09,-41,-48,-23.11,,,,,,,37,78,71,38,,0,0,0,0,0,0,4410840479.12678,180994679.0,0.16510001,0.039,2875316,2208173,0,62.3,,2026-08-12
1618,CGBD,Financial Services,Asset Management,NASDAQ,611346,11.17,89.07,6,10,-20.41,,,,,,,37,31,35,31,,0,0,0,0,0,0,758226514.1162376,68804581.0,0.060599998,0.168,575570,584426,0,32.3,,2026-08-12
1619,HTFL,Healthcare,Health Information Services,NASDAQ,1227053,29.54,89.04,13,64,-28.34,,,,,,,37,24,75,23,,0,0,0,0,0,0,2485460636.641388,86240828.0,0.098900005,0.413,762011,1497910,0,40.7,,2026-08-12
1620,REXR,Real Estate,REIT - Industrial,NYSE,2856581,36.19,88.99,-1,-3,-18.45,,,,,,,37,38,36,35,,0,0,0,0,0,0,8192584050.038162,222988124.0,0.0556,-0.016,2502504,2825438,0,36.3,,2026-08-12
1621,AAP,Consumer Cyclical,Auto Parts,NYSE,1519065,52.95,88.99,-20,-26,-18.8,,,,,,,37,57,51,75,,0,0,0,0,0,0,3487028176.372467,60329208.0,0.2895,0.012,1093646,1639501,0,61.0,,2026-08-12
1622,CAR,Industrials,Rental & Leasing Services,NASDAQ,531324,140.66,88.89,16,67,-83.41,,,,,,,37,21,72,43,,0,0,0,0,0,0,5022615444.98645,35325754.0,0.565,-0.013,506363,627652,0,45.3,,2026-08-12
1623,TSLX,Financial Services,Asset Management,NYSE,532591,18.76,88.88,10,12,-24.32,,,,,,,37,27,29,29,,0,0,0,0,0,0,1814874396.2471008,95019600.0,0.0733,-0.149,548074,641414,0,28.3,,2026-08-12
1624,CX,Basic Materials,Building Materials,NYSE,6847731,11.19,88.88,-43,-40,-18.14,,,,,,,37,80,83,89,,0,0,0,0,0,0,16348651182.401464,1442952453.0,2.07,0.122,8254933,5794678,0,84.0,,2026-08-12
1625,SBGI,Communication Services,Broadcasting,NASDAQ,578205,13.67,88.79,1,0,-23.55,,,,,,,37,36,35,45,,0,0,0,0,0,0,1026916438.2064248,72318060.0,0.31,0.071,657895,562745,0,38.7,,2026-08-12
1626,DSL,Financial Services,Asset Management,NYSE,550601,10.73,88.79,-5,-6,-15.31,,,,,,,37,42,41,47,,0,0,0,0,0,0,1241950687.2821617,114571095.0,0.0047,,456603,509166,0,43.3,,2026-08-12
1627,EPRT,Real Estate,REIT - Retail,NYSE,1556735,30.06,88.77,-12,-18,-13.45,,,,,,,37,49,43,52,,0,0,0,0,0,0,6624441931.016472,216273004.0,0.115600005,0.181,1216986,1908999,0,48.0,,2026-08-12
1628,RRX,Industrials,Specialty Industrial Machinery,NYSE,1273149,172.55,88.7,-44,-48,-30.37,,,,,,,37,81,77,91,,0,0,0,0,0,0,11853352326.0,66591867.0,0.047399998,0.042,1691268,1169317,1,83.0,,2026-08-12
1629,ADT,Industrials,Security & Protection Services,NYSE,8140474,7.45,88.7,9,7,-16.62,,,,,,,37,28,26,36,,0,0,0,0,0,0,5581472557.179817,730559248.0,0.0854,0.02,9010782,8775736,0,30.0,,2026-08-12
1630,VMC,Basic Materials,Building Materials,NYSE,1086776,287.79,88.69,-4,-13,-13.08,,,,,,,36,40,31,55,,0,0,0,0,0,0,36889771522.26434,129578739.0,0.0585,0.025,1234720,1172616,0,42.0,,2026-08-12
1631,NXPI,Technology,Semiconductors,NASDAQ,4330996,236.38,88.69,-47,-49,-30.47,,,,,,,36,83,81,65,,0,0,0,0,0,0,60446275842.53677,252164174.0,0.038599998,0.195,5122490,4416150,0,76.3,,2026-08-12
1632,FOXA,Communication Services,Entertainment,NASDAQ,5620235,62.14,88.67,8,47,-18.65,,,,,,,36,28,67,34,,0,0,0,0,0,0,26886238234.98596,419900652.0,0.28530002,0.281,5243267,6981805,0,43.0,,2026-08-12
1633,SLGN,Consumer Cyclical,Packaging & Containers,NYSE,1430354,41.17,88.67,-13,-39,-16.91,,,,,,,36,49,23,57,,0,0,0,0,0,0,4407902609.427292,105679758.0,0.1018,0.068,1557993,1242070,0,43.0,,2026-08-12
1634,CIM,Real Estate,REIT - Mortgage,NYSE,707815,11.9,88.66,-17,-12,-20.03,,,,,,,36,53,58,63,,0,0,0,0,0,0,1002030483.813467,83711818.0,0.0211,0.081,939946,756875,0,58.0,,2026-08-12
1635,EL,Consumer Defensive,Household & Personal Products,NYSE,2312607,87.78,88.62,2,-1,-27.84,,,,,,,36,34,31,86,,0,0,0,0,0,0,31964580188.19477,361794915.0,0.0363,0.046,2285592,2955662,0,50.3,,2026-08-12
1636,DPZ,Consumer Cyclical,Restaurants,NASDAQ,946948,357.34,88.59,16,13,-23.81,,,,,,,36,20,17,26,,0,0,0,0,0,0,11610035302.079773,33081735.0,0.1125,0.043,822566,954725,0,21.0,,2026-08-12
1637,UL,Consumer Defensive,Household & Personal Products,NYSE,4486004,62.37,88.55,-3,-20,-16.82,,,,,,,36,39,22,58,,0,0,0,0,0,0,135636447605.8944,2154327344.0,0.28,0.005,4986114,4437654,0,39.7,,2026-08-12
1638,OGS,Utilities,Utilities - Regulated Gas,NYSE,542387,79.6,88.55,-4,16,-12.32,,,,,,,36,40,60,60,,0,0,0,0,0,0,5042330056.128845,62856270.0,0.0713,-0.029,541543,652792,0,53.3,,2026-08-12
1639,DLB,Industrials,Specialty Business Services,NYSE,963078,61.36,88.53,18,21,-18.9,,,,,,,36,18,21,29,,0,0,0,0,0,0,5785921510.028172,93668795.0,0.1529,-0.033,1100186,938903,0,22.7,,2026-08-12
1640,EQT,Energy,Oil & Gas E&P,NYSE,7321025,54.37,88.52,6,18,-20.33,,,,,,,36,30,42,53,,0,0,0,0,0,0,32332921180.984497,625516000.0,0.0378,-0.039,5795896,7380177,0,41.7,,2026-08-12
1641,RCI,Communication Services,Telecom Services,NYSE,1458054,35.31,88.52,-1,20,-14.17,,,,,,,36,37,58,72,,0,0,0,0,0,0,18621565992.114685,540225278.0,12.67,0.077,1294094,1311974,0,55.7,,2026-08-12
1642,STAG,Real Estate,REIT - Industrial,NYSE,1765786,36.74,88.5,-22,-23,-13.78,,,,,,,36,58,57,53,,0,0,0,0,0,0,7191561973.102776,192803274.0,0.0533,0.081,1745728,1633385,0,56.0,,2026-08-12
1643,WMS,Industrials,Building Products & Equipment,NYSE,665045,143.65,88.48,-21,-44,-19.89,,,,,,,36,57,34,77,,0,0,0,0,0,0,10854598750.781158,75405342.0,0.038399998,0.206,773127,853517,0,56.0,,2026-08-12
1644,XRAY,Healthcare,Medical Instruments & Supplies,NASDAQ,5159521,11.61,88.46,-5,-25,-21.87,,,,,,,36,41,21,34,,0,0,0,0,0,0,2427959375.0344305,200326683.0,0.1666,-0.041,5214065,5509387,0,32.0,,2026-08-12
1645,NOC,Industrials,Aerospace & Defense,NYSE,896598,575.69,88.46,10,18,-25.62,,,,,,,36,26,34,85,,0,0,0,0,0,0,81200386828.91492,142063026.0,0.0164,0.051,654315,977583,0,48.3,,2026-08-12
1646,SRPT,Healthcare,Biotechnology,NASDAQ,3244457,18.22,88.42,11,17,-28.04,,,,,,,36,25,31,17,,0,0,0,0,0,0,1772421484.9083197,105627021.0,0.32349998,-0.343,3301963,3487270,0,24.3,,2026-08-12
1647,CTSH,Technology,Information Technology Services,NASDAQ,9822807,58.6,88.41,24,24,-32.67,,,,,,,36,12,12,27,,0,0,0,0,0,0,27277909133.911133,473000000.0,0.1265,0.045,10972211,11495440,0,17.0,,2026-08-12
1648,SUPN,Healthcare,Drug Manufacturers - Specialty & Generic,NASDAQ,1009393,46.88,88.38,-10,18,-21.45,,,,,,,36,46,74,75,,0,0,0,0,0,0,2771123532.1370697,58168001.0,0.1027,0.324,1492291,924156,0,65.0,,2026-08-12
1649,EXE,Energy,Oil & Gas E&P,NASDAQ,3893010,98.24,88.37,8,12,-22.41,,,,,,,36,28,32,31,,0,0,0,0,0,0,22210005465.07779,239228849.0,0.036199998,-0.106,3159470,3838392,0,30.3,,2026-08-12
1650,PPL,Utilities,Utilities - Regulated Electric,NYSE,7799973,35.28,88.3,-4,-2,-12.04,,,,,,,36,40,42,50,,0,0,0,0,0,0,26678343147.72267,752350362.0,0.0617,0.042,8418470,9291550,0,44.0,,2026-08-12
1651,GRRR,Technology,Software - Infrastructure,NASDAQ,1256949,14.0,88.3,-37,-70,-40.4,,,,,,,36,73,40,16,,0,0,0,0,0,0,365010772.511364,27757474.0,0.1424,0.546,933419,1579117,0,43.0,,2026-08-12
1652,PRVA,Healthcare,Health Information Services,NASDAQ,1271598,21.98,88.25,-40,-65,-23.73,,,,,,,36,76,51,31,,0,0,0,0,0,0,2867633044.603466,127734207.0,0.0436,0.214,1493174,1252474,0,52.7,,2026-08-12
1653,HTHT,Consumer Cyclical,Lodging,NASDAQ,1480028,41.6,88.19,-3,21,-26.55,,,,,,,36,39,63,85,,0,0,0,0,0,0,13029783882.559124,307523819.0,0.048299998,0.111,1378996,1914479,0,62.3,,2026-08-12
1654,PG,Consumer Defensive,Household & Personal Products,NYSE,8559125,145.21,88.18,-7,-18,-13.18,,,,,,,36,43,32,45,,0,0,0,0,0,0,339486429368.7157,2328598978.0,0.0099,0.015,8918985,8976563,0,40.0,,2026-08-12
1655,BN,Financial Services,Asset Management,NYSE,3892477,44.8,88.08,-2,18,-9.62,,,,,,,36,38,58,64,,0,0,0,0,0,0,98456900782.6358,2233595660.0,4.31,0.079,4759372,4060752,0,53.3,,2026-08-12
1656,AS,Consumer Cyclical,Leisure,NYSE,3947526,33.85,88.07,1,-1,-20.84,,,,,,,36,35,33,79,,0,0,0,0,0,0,21434323452.938995,581822024.0,0.0913,0.321,4409989,3982589,0,49.0,,2026-08-12
1657,DEI,Real Estate,REIT - Office,NYSE,2045032,11.49,88.04,-26,-43,-32.37,,,,,,,36,62,45,18,,0,0,0,0,0,0,1957902700.950385,167485267.0,0.2574,0.016,2045046,2197503,0,41.7,,2026-08-12
1658,CION,Financial Services,Asset Management,NYSE,592811,7.47,87.97,14,12,-31.66,,,,,,,36,22,20,29,,0,0,0,0,0,0,373916978.4958458,49789210.0,0.0385,-0.047,808785,594921,0,23.7,,2026-08-12
1659,BCE,Communication Services,Telecom Services,NYSE,4272395,23.37,87.94,4,27,-11.88,,,,,,,35,31,54,64,,0,0,0,0,0,0,21214962336.75,932525817.0,6.77,0.015,4810666,4236465,0,49.7,,2026-08-12
1660,TRTX,Real Estate,REIT - Mortgage,NYSE,772675,8.0,87.94,-24,-36,-18.78,,,,,,,35,59,47,48,,0,0,0,0,0,0,617990537.0925264,76769009.0,0.0481,-0.116,1059177,760025,0,51.3,,2026-08-12
1661,OPCH,Healthcare,Medical Care Facilities,NASDAQ,2495625,24.08,87.93,18,11,-34.57,,,,,,,35,17,10,70,,0,0,0,0,0,0,3735684463.9229736,157027504.0,0.1254,0.019,3210655,2689851,0,32.3,,2026-08-12
1662,TDC,Technology,Software - Infrastructure,NYSE,3223043,26.86,87.87,-46,-50,-35.71,,,,,,,35,81,77,83,,0,0,0,0,0,0,2547269943.2373047,93000000.0,0.2566,0.005,3869821,3300962,0,80.3,,2026-08-12
1663,WAY,Healthcare,Health Information Services,NASDAQ,3013426,24.3,87.85,15,6,-41.4,,,,,,,35,20,11,15,,0,0,0,0,0,0,4646064031.904541,191748416.0,0.08140001,0.181,3805050,2865832,0,15.3,,2026-08-12
1664,HYT,Financial Services,Asset Management,NYSE,790571,8.44,87.85,-5,-6,-14.57,,,,,,,35,40,39,37,,0,0,0,0,0,0,1371233486.920853,163047980.0,0.0007,0.041,893603,773912,0,38.7,,2026-08-12
1665,SOLS,Basic Materials,Specialty Chemicals,NASDAQ,4166463,61.11,87.83,-24,5,-32.7,,,,,,,35,59,88,93,,0,0,0,0,0,0,9683335468.81089,158847369.0,0.091400005,0.111,3037880,3230726,1,80.0,,2026-08-12
1666,GFI,Basic Materials,Gold,NYSE,3722295,40.27,87.82,9,63,-34.67,,,,,,,35,26,80,95,,0,0,0,0,0,0,36510164529.84512,894418540.0,0.0073,0.714,4066405,3898245,1,67.0,,2026-08-12
1667,AVA,Utilities,Utilities - Diversified,NYSE,587054,38.43,87.73,-25,-30,-11.66,,,,,,,35,60,55,60,,0,0,0,0,0,0,3243747067.560997,83752830.0,0.0674,0.005,747402,750434,0,58.3,,2026-08-12
1668,ASO,Consumer Cyclical,Specialty Retail,NASDAQ,1252696,49.56,87.69,9,24,-20.63,,,,,,,35,26,41,76,,0,0,0,0,0,0,2984944262.472767,62018371.0,0.19129999,0.067,991270,1518892,0,47.7,,2026-08-12
1669,SPOT,Communication Services,Internet Content & Information,NYSE,1856758,501.0,87.69,11,6,-33.05,,,,,,,35,24,19,17,,0,0,0,0,0,0,100371379588.5526,205620061.0,0.041500002,0.139,2469425,1861675,0,20.0,,2026-08-12
1670,BJ,Consumer Defensive,Discount Stores,NYSE,1593492,93.96,87.67,0,-1,-13.68,,,,,,,35,35,34,35,,0,0,0,0,0,0,12319916294.420237,127693987.0,0.0647,0.099,1335206,1884331,0,34.7,,2026-08-12
1671,AOS,Industrials,Specialty Industrial Machinery,NYSE,1733059,63.67,87.67,5,-4,-22.23,,,,,,,35,30,21,71,,0,0,0,0,0,0,8695430438.325993,135908573.0,0.1016,-0.007,1898307,1808347,0,40.7,,2026-08-12
1672,ADSK,Technology,Software - Application,NASDAQ,2130104,251.59,87.67,15,23,-23.55,,,,,,,35,20,28,20,,0,0,0,0,0,0,52592059505.6985,211145251.0,0.0461,0.184,1919843,2690318,0,22.7,,2026-08-12
1673,JANX,Healthcare,Biotechnology,NASDAQ,830810,16.52,87.63,7,-1,-53.25,,,,,,,35,28,20,7,,0,0,0,0,0,0,966602034.1636848,60984354.0,0.1356,,600750,1029502,0,18.3,,2026-08-12
1674,NCLH,Consumer Cyclical,Travel Services,NYSE,14584136,18.7,87.56,8,-1,-31.2,,,,,,,35,27,18,70,,0,0,0,0,0,0,8839366035.5,459187846.0,0.2017,0.049,17191750,16915418,0,38.3,,2026-08-12
1675,MIAX,Financial Services,Capital Markets,NYSE,1437706,42.32,87.56,-17,18,-25.94,,,,,,,35,52,87,60,,0,0,0,0,0,0,4280961502.8936768,96788640.0,0.0991,0.183,1378420,2074194,0,66.3,,2026-08-12
1676,HGV,Consumer Cyclical,Resorts & Casinos,NYSE,1151189,43.02,87.51,-21,-26,-22.35,,,,,,,35,56,51,70,,0,0,0,0,0,0,3548884448.8402367,77724145.0,0.1168,0.062,1447807,1304451,0,59.0,,2026-08-12
1677,BTI,Consumer Defensive,Tobacco,NYSE,4334441,56.81,87.49,-27,-10,-15.59,,,,,,,35,62,79,76,,0,0,0,0,0,0,127949278435.45688,2156569602.0,0.004,0.014,3805965,4281127,0,72.3,,2026-08-12
1678,EPAC,Industrials,Specialty Industrial Machinery,NYSE,551537,37.26,87.45,5,-3,-17.2,,,,,,,35,30,22,42,,0,0,0,0,0,0,1928912069.5438845,51137646.0,0.0446,0.056,363992,559456,0,31.3,,2026-08-12
1679,FOX,Communication Services,Entertainment,NASDAQ,1432659,55.34,87.41,7,43,-18.83,,,,,,,35,28,64,34,,0,0,0,0,0,0,23946933670.98596,419900652.0,0.0854,0.281,1153408,1918655,0,42.0,,2026-08-12
1680,TMDX,Healthcare,Medical Devices,NASDAQ,987775,89.36,87.37,23,17,-42.72,,,,,,,35,12,6,78,,0,0,0,0,0,0,2908897892.885971,34675145.0,0.3482,0.207,1283936,1066141,0,32.0,,2026-08-12
1681,OCUL,Healthcare,Biotechnology,NASDAQ,2065658,9.76,87.36,-1,12,-40.63,,,,,,,35,36,49,17,,0,0,0,0,0,0,2018269734.7655144,219615868.0,0.1458,0.001,2109276,2515749,0,34.0,,2026-08-12
1682,KBR,Industrials,Engineering & Construction,NYSE,1745749,37.56,87.29,8,-6,-28.09,,,,,,,35,27,13,29,,0,0,0,0,0,0,4795617515.618477,126067755.0,0.0797,0.016,1958349,1794843,0,23.0,,2026-08-12
1683,STWD,Real Estate,REIT - Mortgage,NYSE,4286079,16.66,87.27,0,3,-20.06,,,,,,,34,34,37,41,,0,0,0,0,0,0,6089279509.916496,370168950.0,0.0561,0.134,5821249,4009039,0,37.3,,2026-08-12
1684,VC,Consumer Cyclical,Auto Parts,NASDAQ,514206,106.19,87.25,-15,2,-17.75,,,,,,,34,49,66,58,,0,0,0,0,0,0,2779794948.4488144,26695429.0,0.1325,-0.009,447400,589484,0,57.7,,2026-08-12
1685,SONY,Technology,Consumer Electronics,NYSE,5236476,23.61,87.25,6,4,-22.18,,,,,,,34,28,26,23,,0,0,0,0,0,0,137767954785.8004,5872462070.0,0.0025,0.082,6137380,5506066,0,25.7,,2026-08-12
1686,RYAAY,Industrials,Airlines,NASDAQ,1579582,59.37,87.18,-18,-40,-20.03,,,,,,,34,52,30,69,,0,0,0,0,0,0,31262235547.042908,519392528.0,0.0055,0.011,813327,1333595,0,50.3,,2026-08-12
1687,SNY,Healthcare,Drug Manufacturers - General,NASDAQ,3352291,43.56,87.17,-1,-3,-17.31,,,,,,,34,35,33,28,,0,0,0,0,0,0,105529485203.75829,2428198054.0,0.0034999999,0.146,3711843,3611984,0,32.0,,2026-08-12
1688,PRDO,Consumer Defensive,Education & Training Services,NASDAQ,794554,31.24,87.17,-30,-27,-18.86,,,,,,,34,64,67,52,,0,0,0,0,0,0,2118233216.264992,62577055.0,0.0673,0.041,801584,738640,0,61.0,,2026-08-12
1689,HSY,Consumer Defensive,Confectioners,NYSE,1809064,181.98,87.13,2,19,-24.01,,,,,,,34,32,49,80,,0,0,0,0,0,0,36638794780.30289,200925657.0,0.0727,0.066,1616853,2013132,0,53.7,,2026-08-12
1690,VNT,Technology,Scientific & Technical Instruments,NYSE,1631469,34.08,87.13,15,11,-29.29,,,,,,,34,19,15,57,,0,0,0,0,0,0,4744168020.629883,135200000.0,0.1047,-0.022,1995308,1729031,0,30.3,,2026-08-12
1691,XYL,Industrials,Specialty Industrial Machinery,NYSE,1903059,123.18,87.13,3,-6,-20.15,,,,,,,34,31,22,33,,0,0,0,0,0,0,28093133148.58548,233486812.0,0.042600002,0.015,1699619,1934883,0,28.7,,2026-08-12
1692,ATO,Utilities,Utilities - Regulated Gas,NYSE,1043144,169.21,87.1,-17,-7,-12.1,,,,,,,34,51,61,58,,0,0,0,0,0,0,28760162247.63971,168988553.0,0.0238,0.048,1044592,1282664,0,56.7,,2026-08-12
1693,BTU,Energy,Thermal Coal,NYSE,2550261,24.41,87.08,-3,16,-40.67,,,,,,,34,37,56,93,,0,0,0,0,0,0,2902438934.8983765,121900000.0,0.144,0.127,2764453,2860234,1,62.0,,2026-08-12
1694,WYNN,Consumer Cyclical,Resorts & Casinos,NASDAQ,1498314,104.79,87.06,8,8,-22.22,,,,,,,34,26,26,59,,0,0,0,0,0,0,10558942877.415413,102973891.0,0.1031,0.069,1675462,1523678,0,37.0,,2026-08-12
1695,GBX,Industrials,Railroads,NYSE,530770,46.13,87.06,-2,4,-22.06,,,,,,,34,36,42,76,,0,0,0,0,0,0,1460972010.6881714,30939686.0,0.14130001,-0.316,361261,511268,0,51.3,,2026-08-12
1696,DECK,Consumer Cyclical,Footwear & Accessories,NYSE,2225539,93.84,87.06,-19,-44,-25.2,,,,,,,34,53,28,66,,0,0,0,0,0,0,13272283658.541786,136181857.0,0.0614,0.057,1980448,2183941,0,49.0,,2026-08-12
1697,CDNS,Technology,Software - Application,NASDAQ,2224659,327.53,87.05,-41,-50,-21.4,,,,,,,34,75,66,34,,0,0,0,0,0,0,93424318630.61523,275393000.0,0.0226,0.242,2104499,2461915,0,58.3,,2026-08-12
1698,CI,Healthcare,Healthcare Plans,NYSE,1850473,273.87,87.05,-24,-29,-13.19,,,,,,,34,58,53,41,,0,0,0,0,0,0,74645292309.6665,264240486.0,0.026099999,0.067,2357210,1757928,0,50.7,,2026-08-12
1699,CCJ,Energy,Uranium,NYSE,3631316,98.73,87.04,1,50,-27.0,,,,,,,34,33,82,94,,0,0,0,0,0,0,42416556558.981766,435532979.0,2.29,-0.072,3247410,3519928,1,69.7,,2026-08-12
1700,SFM,Consumer Defensive,Grocery Stores,NASDAQ,2093941,84.4,87.0,11,22,-44.56,,,,,,,34,23,34,10,,0,0,0,0,0,0,8006241139.413834,93247625.0,0.1513,0.047,2119135,2143931,0,22.3,,2026-08-12
1701,CAE,Industrials,Aerospace & Defense,NASDAQ,584007,27.17,87.0,8,14,-20.65,,,,,,,34,26,32,65,,0,0,0,0,0,0,8743751834.08208,321579686.0,6.78,0.04,548731,635812,0,41.0,,2026-08-12
1702,AQN,Utilities,Utilities - Diversified,NYSE,4427798,5.81,86.99,-3,-3,-18.28,,,,,,,34,37,37,71,,0,0,0,0,0,0,4419236701.083441,769901895.0,2.52,0.031,4136784,4318824,0,48.3,,2026-08-12
1703,RUM,Communication Services,Internet Content & Information,NASDAQ,2414649,6.92,86.99,0,38,-34.35,,,,,,,34,34,72,22,,0,0,0,0,0,0,1760625094.4727783,275743936.0,0.1557,0.074,2732247,3218469,0,42.7,,2026-08-12
1704,KRMN,Industrials,Aerospace & Defense,NYSE,3686743,61.94,86.93,23,77,-47.68,,,,,,,34,11,65,93,,0,0,0,0,0,0,7717006330.104275,132526299.0,0.089499995,0.582,3035619,3711093,1,56.3,,2026-08-12
1705,NCNO,Technology,Software - Application,NASDAQ,2312707,19.16,86.88,13,6,-43.51,,,,,,,34,21,14,12,,0,0,0,0,0,0,2100130059.8582268,109552950.0,0.1712,0.106,1888072,3119878,0,15.7,,2026-08-12
1706,PRGO,Healthcare,Drug Manufacturers - Specialty & Generic,NYSE,3155040,12.85,86.87,20,17,-47.79,,,,,,,34,14,11,20,,0,0,0,0,0,0,1781797126.9745064,138769245.0,0.2546,-0.032,3445641,3655664,0,15.0,,2026-08-12
1707,DKS,Consumer Cyclical,Specialty Retail,NYSE,1212498,205.03,86.86,-7,11,-16.1,,,,,,,34,41,59,35,,0,0,0,0,0,0,18691709499.31192,89502537.0,0.1458,0.627,1499576,1211087,0,45.0,,2026-08-12
1708,OMCL,Healthcare,Health Information Services,NASDAQ,765620,36.86,86.86,-50,-54,-32.98,,,,,,,34,84,80,67,,0,0,0,0,0,0,1674078702.7457771,45478909.0,0.0958,0.075,967721,776200,0,77.0,,2026-08-12
1709,MBC,Consumer Cyclical,"Furnishings, Fixtures & Appliances",NYSE,1979143,9.22,86.83,9,-6,-35.16,,,,,,,34,25,10,50,,0,0,0,0,0,0,1906705868.0123613,203490490.0,0.1593,0.115,2217969,2738719,0,28.3,,2026-08-12
1710,WLK,Basic Materials,Specialty Chemicals,NYSE,1198404,80.84,86.82,9,49,-34.93,,,,,,,34,25,65,82,,0,0,0,0,0,0,9900398729.561646,127796548.0,0.1604,0.108,1544532,1153834,0,57.3,,2026-08-12
1711,CBOE,Financial Services,Financial Data & Stock Exchanges,BATS,1151500,282.73,86.8,-17,17,-23.83,,,,,,,34,51,85,72,,0,0,0,0,0,0,29927840022.748016,104431019.0,0.0298,0.229,1088030,1565428,0,69.3,,2026-08-12
1712,ORLY,Consumer Cyclical,Auto Parts,NASDAQ,7948659,92.57,86.74,3,6,-14.85,,,,,,,33,30,33,35,,0,0,0,0,0,0,76335987493.59384,816165813.0,0.028299998,0.081,6124488,8210587,0,32.7,,2026-08-12
1713,CMCSA,Communication Services,Telecom Services,NASDAQ,34225947,25.65,86.74,10,12,-21.94,,,,,,,33,23,25,58,,0,0,0,0,0,0,89993425657.19588,3548636573.0,0.0271,-0.012,28080312,36630654,0,35.3,,2026-08-12
1714,IBM,Technology,Information Technology Services,NYSE,11598815,238.42,86.73,10,10,-28.29,,,,,,,33,23,23,35,,0,0,0,0,0,0,223549646909.1336,942134390.0,0.039,0.011,6856206,11222233,0,27.0,,2026-08-12
1715,YUM,Consumer Cyclical,Restaurants,NYSE,2689810,144.75,86.71,-20,-30,-14.92,,,,,,,33,53,43,59,,0,0,0,0,0,0,41142566075.50957,272901085.0,0.0355,0.122,2506322,2552046,0,51.7,,2026-08-12
1716,PTY,Financial Services,Asset Management,NYSE,1128738,11.85,86.68,-3,-5,-19.33,,,,,,,33,36,34,40,,0,0,0,0,0,0,2509865929.6258736,211981917.0,0.51,0.072,1332826,1101601,0,36.7,,2026-08-12
1717,AMPX,Industrials,Electrical Equipment & Parts,NYSE,6483536,12.08,86.65,-6,52,-50.13,,,,,,,33,39,97,95,,0,0,0,0,0,0,1731055379.0253334,146080618.0,0.201,1.259,6948639,6982221,2,77.0,,2026-08-12
1718,BZ,Communication Services,Internet Content & Information,NASDAQ,3035493,16.75,86.65,8,1,-33.69,,,,,,,33,25,18,30,,0,0,0,0,0,0,7360225700.897169,446886825.0,0.0502,0.076,2827380,3398144,0,24.3,,2026-08-12
1719,BEKE,Real Estate,Real Estate Services,NYSE,3262611,16.96,86.64,0,26,-19.16,,,,,,,33,33,59,34,,0,0,0,0,0,0,18810545294.89538,1103905181.0,0.0508,-0.19,2260823,3796730,0,42.0,,2026-08-12
1720,WEC,Utilities,Utilities - Regulated Electric,NYSE,2004018,106.68,86.62,-21,-23,-11.03,,,,,,,33,54,52,54,,0,0,0,0,0,0,35071168197.31794,325849383.0,0.0478,0.026,2327816,2159897,0,53.3,,2026-08-12
1721,UBER,Technology,Software - Application,NYSE,18972954,78.54,86.61,6,10,-22.99,,,,,,,33,27,31,21,,0,0,0,0,0,0,153232853420.6813,2042560121.0,0.026400002,0.122,22964844,20744212,0,26.3,,2026-08-12
1722,WMT,Consumer Defensive,Discount Stores,NASDAQ,22276316,113.26,86.58,-14,12,-16.2,,,,,,,33,47,73,75,,0,0,0,0,0,0,890111141343.6849,7958079155.0,0.0168,0.073,22805829,23155497,0,65.0,,2026-08-12
1723,CALM,Consumer Defensive,Farm Products,NASDAQ,946929,82.56,86.54,-15,-36,-29.71,,,,,,,33,48,27,29,,0,0,0,0,0,0,3991705252.3077393,46917080.0,0.153,-0.499,819789,887245,0,34.7,,2026-08-12
1724,CBRE,Real Estate,Real Estate Services,NYSE,1721784,147.46,86.49,4,6,-15.38,,,,,,,33,29,31,49,,0,0,0,0,0,0,42909265536.72717,289575298.0,0.0187,0.155,1879033,1955064,0,36.3,,2026-08-12
1725,NU,Financial Services,Banks - Regional,NYSE,88535265,13.65,86.48,0,-6,-28.08,,,,,,,33,33,27,72,,0,0,0,0,0,0,66853907185.87345,4830484570.0,0.041100003,0.437,50541046,77775327,0,44.0,,2026-08-12
1726,CMS,Utilities,Utilities - Regulated Electric,NYSE,3613464,69.62,86.47,-16,-18,-13.36,,,,,,,33,49,47,51,,0,0,0,0,0,0,21942558952.96088,308919602.0,0.0,-0.005,3932483,3721506,0,49.0,,2026-08-12
1727,CNH,Industrials,Farm & Heavy Construction Machinery,NYSE,12750517,10.63,86.43,0,-5,-20.14,,,,,,,33,33,28,60,,0,0,0,0,0,0,17545011651.65445,1608158744.0,0.0872,0.02,17404012,12238298,0,40.3,,2026-08-12
1728,DXC,Technology,Information Technology Services,NYSE,4267917,10.81,86.37,18,11,-31.06,,,,,,,33,15,8,32,,0,0,0,0,0,0,1732001013.1402931,159778689.0,0.2328,-0.051,4681801,5035122,0,18.3,,2026-08-12
1729,IDXX,Healthcare,Diagnostics & Research,NASDAQ,659283,586.64,86.36,3,-1,-23.81,,,,,,,33,30,26,59,,0,0,0,0,0,0,46218515977.36304,78781116.0,0.0304,0.097,753350,663168,0,38.3,,2026-08-12
1730,SRE,Utilities,Utilities - Diversified,NYSE,3427319,85.48,86.29,-25,-21,-15.4,,,,,,,33,58,62,57,,0,0,0,0,0,0,54849159394.249054,653900348.0,0.023699999,-0.001,4494998,3786699,0,59.0,,2026-08-12
1731,OEC,Basic Materials,Specialty Chemicals,NYSE,643524,6.67,86.29,8,21,-38.75,,,,,,,33,25,38,29,,0,0,0,0,0,0,409224327.8229809,56522699.0,0.025899999,0.074,452894,633418,0,30.7,,2026-08-12
1732,INVA,Healthcare,Biotechnology,NASDAQ,774517,20.75,86.24,-22,-16,-17.5,,,,,,,33,55,61,69,,0,0,0,0,0,0,1481754913.8856792,72245485.0,0.12810001,0.193,753153,845840,0,61.7,,2026-08-12
1733,LXU,Basic Materials,Chemicals,NYSE,834634,9.99,86.23,-26,6,-41.99,,,,,,,33,59,91,70,,0,0,0,0,0,0,692615980.2405396,71997504.0,0.059,0.111,1103142,866644,1,73.3,,2026-08-12
1734,LCII,Consumer Cyclical,Recreational Vehicles,NYSE,518954,107.32,86.22,-3,3,-32.78,,,,,,,33,36,42,89,,0,0,0,0,0,0,2645092035.7928314,24311507.0,0.1369,-0.125,280132,494044,0,55.7,,2026-08-12
1735,T,Communication Services,Telecom Services,NYSE,78263839,24.5,86.09,8,14,-17.76,,,,,,,33,25,31,54,,0,0,0,0,0,0,163018260887.04645,6852385650.0,0.015700001,0.023,51557697,69931133,0,36.7,,2026-08-12
1736,COST,Consumer Defensive,Discount Stores,NASDAQ,2193434,944.32,86.05,-3,20,-13.88,,,,,,,33,36,59,45,,0,0,0,0,0,0,420338083255.4158,443478804.0,0.015700001,0.215,1895903,2338032,0,46.7,,2026-08-12
1737,QCOM,Technology,Semiconductors,NASDAQ,13455438,162.68,86.05,-43,-38,-37.41,,,,,,,33,76,81,27,,0,0,0,0,0,0,176253000640.86914,1050000000.0,0.0383,-0.04,12969076,17069123,0,61.3,,2026-08-12
1738,CHH,Consumer Cyclical,Lodging,NYSE,607393,102.63,85.97,-3,-5,-17.53,,,,,,,33,36,34,35,,0,0,0,0,0,0,4800619787.346497,45008622.0,0.3157,0.071,595331,642878,0,35.0,,2026-08-12
1739,MH,Consumer Defensive,Education & Training Services,NYSE,687248,11.5,85.94,17,20,-36.11,,,,,,,33,16,19,25,,0,0,0,0,0,0,2218803621.7660675,191276168.0,0.083500005,-0.02,470514,805692,0,20.0,,2026-08-12
1740,GO,Consumer Defensive,Grocery Stores,NASDAQ,2212300,9.83,85.91,-15,-53,-48.88,,,,,,,33,48,10,19,,0,0,0,0,0,0,980323664.425598,98922672.0,0.33540002,0.036,2455442,2459648,0,25.7,,2026-08-12
1741,VIPS,Consumer Cyclical,Internet Retail,NYSE,2073767,14.99,85.86,6,4,-28.89,,,,,,,33,27,25,49,,0,0,0,0,0,0,7530642213.766937,480270540.0,0.0187,0.012,1834301,2285998,0,33.7,,2026-08-12
1742,TLN,Utilities,Utilities - Independent Power Producers,NASDAQ,752992,357.88,85.85,-36,-50,-20.7,,,,,,,32,68,54,75,,0,0,0,0,0,0,16660266587.4664,47914259.0,0.059,1.112,835218,840159,0,65.7,,2026-08-12
1743,SUI,Real Estate,REIT - Residential,NYSE,1612669,118.67,85.84,-5,-3,-13.91,,,,,,,32,37,39,53,,0,0,0,0,0,0,14669707558.445618,121800957.0,0.0375,0.002,1265877,1477019,0,43.0,,2026-08-12
1744,CWK,Real Estate,Real Estate Services,NYSE,2014855,13.75,85.79,1,8,-20.98,,,,,,,32,31,38,43,,0,0,0,0,0,0,3246090563.732765,234713708.0,0.069,0.112,1857087,2166693,0,37.3,,2026-08-12
1745,DIS,Communication Services,Entertainment,NYSE,11296252,103.53,85.7,3,9,-13.57,,,,,,,32,29,35,36,,0,0,0,0,0,0,181146729212.1363,1726686902.0,0.012999999,0.068,13074887,11166375,0,33.3,,2026-08-12
1746,TASK,Technology,Information Technology Services,NASDAQ,873641,6.9,85.68,15,11,-62.48,,,,,,,32,17,13,18,,0,0,0,0,0,0,669315270.7879114,91687021.0,0.1311,0.05,1044005,768185,0,16.0,,2026-08-12
1747,PDI,Financial Services,Asset Management,NYSE,2513396,16.14,85.66,-5,-3,-19.98,,,,,,,32,37,39,57,,0,0,0,0,0,0,7421955741.90543,461564414.0,0.19,,2529648,2694953,0,44.3,,2026-08-12
1748,ATMU,Consumer Cyclical,Auto Parts,NYSE,638266,49.46,85.66,-19,-9,-25.62,,,,,,,32,51,61,88,,0,0,0,0,0,0,4179177991.213318,81672428.0,0.040599998,0.146,742179,788333,0,66.7,,2026-08-12
1749,JBS,Consumer Defensive,Packaged Foods,NYSE,5396706,13.02,85.63,6,17,-30.19,,,,,,,32,26,37,63,,0,0,0,0,0,0,46803116770.504425,3289045557.0,0.1348,0.107,6400068,6656389,0,42.0,,2026-08-12
1750,VRSK,Industrials,Consulting Services,NASDAQ,1827070,180.97,85.56,2,-13,-34.48,,,,,,,32,30,15,17,,0,0,0,0,0,0,24966527175.131104,130156012.0,0.0556,0.044,1833132,2414850,0,20.7,,2026-08-12
1751,TRN,Industrials,Railroads,NYSE,778675,28.74,85.54,-45,-46,-24.98,,,,,,,32,77,76,77,,0,0,0,0,0,0,2382117601.008503,79669486.0,0.1089,-0.042,976147,788323,0,76.7,,2026-08-12
1752,EYE,Consumer Cyclical,Specialty Retail,NASDAQ,1823932,22.06,85.52,12,9,-26.52,,,,,,,32,20,17,84,,0,0,0,0,0,0,1806630734.6258357,80116665.0,0.2933,0.066,1863428,2095617,0,40.3,,2026-08-12
1753,TAC,Utilities,Utilities - Independent Power Producers,NYSE,1563140,12.48,85.51,-24,-23,-30.2,,,,,,,32,56,57,65,,0,0,0,0,0,0,3931609096.5271,316300000.0,0.0208,0.125,1802091,1790530,0,59.3,,2026-08-12
1754,VVV,Consumer Cyclical,Auto & Truck Dealerships,NYSE,2147717,33.02,85.51,-36,-75,-20.11,,,,,,,32,68,29,62,,0,0,0,0,0,0,4507125051.320461,127536079.0,0.1172,0.241,2556731,2167182,0,53.0,,2026-08-12
1755,VSNT,Communication Services,Entertainment,NASDAQ,1841794,36.76,85.5,6,55,-37.69,,,,,,,32,26,75,13,,0,0,0,0,0,0,5381706661.431976,139170078.0,0.032,-0.037,2086504,1997922,0,38.0,,2026-08-12
1756,SPGI,Financial Services,Financial Data & Stock Exchanges,NYSE,2154762,408.69,85.48,-6,-18,-25.4,,,,,,,32,38,26,22,,0,0,0,0,0,0,120334412719.72656,294800000.0,0.0172,0.104,2197719,2312962,0,28.7,,2026-08-12
1757,ADBE,Technology,Software - Application,NASDAQ,5472107,263.71,85.48,13,12,-28.89,,,,,,,32,19,18,16,,0,0,0,0,0,0,105420971603.39355,397500000.0,0.056999996,0.127,5289893,6844110,0,17.7,,2026-08-12
1758,PTON,Consumer Cyclical,Leisure,NASDAQ,8810142,5.6,85.33,-25,-52,-39.13,,,,,,,32,57,30,10,,0,0,0,0,0,0,2492791754.3426623,438871801.0,0.15,0.001,11394458,9328435,0,32.3,,2026-08-12
1759,GLPI,Real Estate,REIT - Specialty,NASDAQ,2548553,42.64,85.26,-7,12,-14.63,,,,,,,32,39,58,51,,0,0,0,0,0,0,12841210520.456495,290920043.0,0.0402,0.09,2349751,2477470,0,49.3,,2026-08-12
1760,RMD,Healthcare,Medical Instruments & Supplies,NYSE,1507072,224.84,85.25,12,12,-23.47,,,,,,,32,20,20,49,,0,0,0,0,0,0,30743250379.10156,145056384.0,0.1076,0.086,1671726,1544697,0,29.7,,2026-08-12
1761,SBS,Utilities,Utilities - Regulated Water,NYSE,5734125,5.03,85.17,-40,-38,-29.73,,,,,,,32,72,74,81,,0,0,0,0,0,0,18673707241.002483,3516705733.0,0.0062,0.183,6554425,6482605,0,75.7,,2026-08-12
1762,CLSK,Financial Services,Capital Markets,NASDAQ,22700655,11.52,85.17,-23,4,-51.21,,,,,,,32,55,82,30,,0,0,0,0,0,0,3156285902.7442074,256608606.0,0.42540002,-0.305,22027116,22493103,0,55.7,,2026-08-12
1763,CHDN,Consumer Cyclical,Gambling,NASDAQ,1015545,88.62,85.14,6,9,-25.12,,,,,,,32,26,29,26,,0,0,0,0,0,0,6123863392.521652,69700243.0,0.059499998,0.049,1455496,1034329,0,27.0,,2026-08-12
1764,LHX,Industrials,Aerospace & Defense,NYSE,1465787,286.02,85.1,0,29,-24.58,,,,,,,32,32,61,86,,0,0,0,0,0,0,53382146469.1604,186214616.0,0.019,1.9,1840501,1450792,0,59.7,,2026-08-12
1765,MLTX,Healthcare,Biotechnology,NASDAQ,1207985,16.59,85.02,-28,-56,-73.56,,,,,,,32,60,32,22,,0,0,0,0,0,0,1553226387.5690746,85061685.0,0.1027,,1343016,1243519,0,38.0,,2026-08-12
1766,ARVN,Healthcare,Biotechnology,NASDAQ,805822,8.99,85.02,9,47,-38.04,,,,,,,32,23,61,75,,0,0,0,0,0,0,564560482.5,64521198.0,0.0721,10.147,1232706,836591,0,53.0,,2026-08-12
1767,NICE,Technology,Software - Application,NASDAQ,598527,101.52,85.0,5,-6,-33.94,,,,,,,32,27,16,16,,0,0,0,0,0,0,5952418136.773079,58442987.0,0.044899996,0.076,707832,659880,0,19.7,,2026-08-12
1768,GAP,Consumer Cyclical,Apparel Retail,NYSE,6769760,20.96,85.0,4,1,-28.61,,,,,,,32,28,25,71,,0,0,0,0,0,0,7368768511.332083,359978933.0,0.1532,0.01,5068072,7277556,0,41.3,,2026-08-12
1769,GRFS,Healthcare,Drug Manufacturers - General,NASDAQ,758699,7.99,85.0,11,16,-26.29,,,,,,,32,21,26,67,,0,0,0,0,0,0,5403800530.523066,680579407.0,8.92,-0.009,621439,703811,0,38.0,,2026-08-12
1770,NI,Utilities,Utilities - Regulated Gas,NYSE,5470356,42.01,84.9,-28,-21,-14.63,,,,,,,31,59,66,59,,0,0,0,0,0,0,20434056153.700256,479560100.0,0.0309,0.046,7069870,4954450,0,61.3,,2026-08-12
1771,DUOL,Technology,Software - Application,NASDAQ,1184865,135.44,84.85,4,-14,-63.74,,,,,,,31,27,9,5,,0,0,0,0,0,0,6099038730.918182,46593117.0,0.21440001,0.183,1573727,1378587,0,13.7,,2026-08-12
1772,BR,Technology,Information Technology Services,NYSE,1151079,170.73,84.8,13,9,-35.9,,,,,,,31,18,14,19,,0,0,0,0,0,0,19257106450.5,115658297.0,0.0397,0.075,1483018,1389613,0,17.0,,2026-08-12
1773,HUN,Basic Materials,Chemicals,NYSE,4094756,10.44,84.79,-28,-7,-35.11,,,,,,,31,59,80,80,,0,0,0,0,0,0,1774831573.8495102,175378616.0,0.108500004,0.141,3902659,5702295,0,73.0,,2026-08-12
1774,RDY,Healthcare,Drug Manufacturers - Specialty & Generic,NYSE,2897391,12.45,84.78,-2,1,-20.55,,,,,,,31,33,36,47,,0,0,0,0,0,0,10179261114.495018,833000073.0,0.0306,-0.056,2540495,2671707,0,38.7,,2026-08-12
1775,EFX,Industrials,Consulting Services,NYSE,1683155,181.96,84.78,11,7,-33.06,,,,,,,31,20,16,23,,0,0,0,0,0,0,21448042326.93164,117484896.0,0.0654,0.106,1236745,1783105,0,19.7,,2026-08-12
1776,GGAL,Financial Services,Banks - Regional,NASDAQ,910065,44.53,84.73,-38,-83,-28.77,,,,,,,31,69,24,24,,0,0,0,0,0,0,7825360141.813087,169453445.0,0.2047,-0.147,721795,1054753,0,39.0,,2026-08-12
1777,BIPC,Utilities,Utilities - Regulated Gas,NYSE,1009278,39.98,84.7,-3,-4,-22.7,,,,,,,31,34,33,68,,0,0,0,0,0,0,4853211646.67868,122990668.0,9.39,0.085,1346764,1048476,0,45.0,,2026-08-12
1778,BSY,Technology,Software - Application,NASDAQ,2842810,36.25,84.7,12,12,-36.68,,,,,,,31,19,19,18,,0,0,0,0,0,0,10636690345.1157,302092889.0,0.08189999,0.128,3059240,3191820,0,18.7,,2026-08-12
1779,HLNE,Financial Services,Asset Management,NASDAQ,779413,104.84,84.67,16,11,-34.93,,,,,,,31,15,10,25,,0,0,0,0,0,0,5567827689.866272,55110638.0,0.1234,0.565,862710,915598,0,16.7,,2026-08-12
1780,ENOV,Healthcare,Medical Devices,NYSE,1274286,24.6,84.61,2,11,-28.24,,,,,,,31,29,38,15,,0,0,0,0,0,0,1534585270.5386658,57669494.0,0.1728,0.032,1483150,1222450,0,27.3,,2026-08-12
1781,CHRW,Industrials,Integrated Freight & Logistics,NASDAQ,2157712,145.1,84.6,-57,-74,-31.01,,,,,,,31,88,71,89,,0,0,0,0,0,0,17451736095.50348,116851258.0,0.0726,0.193,2866148,1866277,0,82.7,,2026-08-12
1782,GIS,Consumer Defensive,Packaged Foods,NYSE,10205161,37.93,84.58,0,-17,-26.11,,,,,,,31,31,14,30,,0,0,0,0,0,0,19688502402.690247,533708396.0,0.1328,0.022,8209003,10363168,0,25.0,,2026-08-12
1783,LPX,Industrials,Building Products & Equipment,NYSE,1237820,75.52,84.46,0,-9,-26.58,,,,,,,31,31,22,35,,0,0,0,0,0,0,5489687068.472519,69923410.0,0.100600004,-0.121,1448102,1183588,0,29.3,,2026-08-12
1784,SEDG,Technology,Solar,NASDAQ,3236663,33.31,84.42,-60,-59,-59.0,,,,,,,31,91,92,83,,0,0,0,0,0,0,1954057770.5621264,61525748.0,0.2011,0.196,5027441,3025416,2,88.7,,2026-08-12
1785,ICE,Financial Services,Financial Data & Stock Exchanges,NYSE,4413381,151.25,84.38,7,20,-19.16,,,,,,,31,24,37,33,,0,0,0,0,0,0,84377593109.34001,561394487.0,0.018099999,0.048,4602785,4796955,0,31.3,,2026-08-12
1786,YMM,Technology,Software - Application,NYSE,6449329,9.35,84.37,4,0,-33.55,,,,,,,31,27,23,24,,0,0,0,0,0,0,10071961207.913092,1045894194.0,0.0209,0.055,6099998,6706515,0,24.7,,2026-08-12
1787,AMT,Real Estate,REIT - Specialty,NYSE,3199090,169.55,84.32,-2,-6,-21.06,,,,,,,31,33,29,36,,0,0,0,0,0,0,80396743553.52612,465960048.0,0.0189,0.047,3163241,3324338,0,32.7,,2026-08-12
1788,INGR,Consumer Defensive,Packaged Foods,NYSE,712215,104.67,84.3,6,7,-19.78,,,,,,,31,25,26,37,,0,0,0,0,0,0,6578951949.594589,63059061.0,0.081,0.009,750427,878985,0,29.3,,2026-08-12
1789,ULS,Industrials,Specialty Business Services,NYSE,1066553,77.05,84.28,-30,-7,-28.35,,,,,,,31,61,84,38,,0,0,0,0,0,0,15764251039.613457,201563115.0,0.0637,0.052,1343059,1116697,0,61.0,,2026-08-12
1790,CAG,Consumer Defensive,Packaged Foods,NYSE,14890659,14.93,84.26,1,-13,-26.53,,,,,,,31,30,16,37,,0,0,0,0,0,0,7231126686.317526,478565642.0,0.13340001,0.036,12010718,18401335,0,27.7,,2026-08-12
1791,MCD,Consumer Cyclical,Restaurants,NYSE,4662714,274.15,84.25,1,-1,-19.78,,,,,,,31,30,28,55,,0,0,0,0,0,0,195019655984.1705,710505859.0,0.018,0.038,4924894,4723206,0,37.7,,2026-08-12
1792,NYT,Communication Services,Publishing,NYSE,2016280,63.73,84.22,-32,-21,-26.83,,,,,,,30,62,73,80,,0,0,0,0,0,0,10247959202.099531,161283586.0,0.0871,0.113,3107032,1967444,0,71.7,,2026-08-12
1793,FIZZ,Consumer Defensive,Beverages - Non-Alcoholic,NASDAQ,548161,30.83,84.22,-4,-7,-34.39,,,,,,,30,34,31,35,,0,0,0,0,0,0,3007756937.2485123,93612102.0,0.1583,-0.053,339543,509574,0,33.3,,2026-08-12
1794,CTRI,Utilities,Utilities - Regulated Gas,NYSE,2067356,24.4,84.2,-17,18,-43.24,,,,,,,30,47,82,89,,0,0,0,0,0,0,2407968852.564348,100963053.0,0.0378,0.329,3148140,1755558,0,72.7,,2026-08-12
1795,VFC,Consumer Cyclical,Apparel Manufacturing,NYSE,7696376,14.78,84.17,-25,-19,-33.63,,,,,,,30,55,61,82,,0,0,0,0,0,0,5893087114.318638,393134570.0,0.0796,-0.052,10674270,7499476,0,66.0,,2026-08-12
1796,NMFC,Financial Services,Asset Management,NASDAQ,617443,7.73,84.06,5,13,-27.82,,,,,,,30,25,33,26,,0,0,0,0,0,0,732006022.5,94452390.0,0.0416,-0.264,686470,662300,0,28.0,,2026-08-12
1797,AGRO,Consumer Defensive,Farm Products,NYSE,671732,9.41,84.02,-27,4,-40.78,,,,,,,30,57,88,43,,0,0,0,0,0,0,1363714976.1753445,144308466.0,0.0363,0.225,672346,799649,0,62.7,,2026-08-12
1798,TSN,Consumer Defensive,Farm Products,NYSE,3066287,56.43,83.97,-11,19,-18.78,,,,,,,30,41,71,69,,0,0,0,0,0,0,20418560078.563904,351801512.0,0.0346,-0.001,3418331,3479666,0,60.3,,2026-08-12
1799,KTOS,Industrials,Aerospace & Defense,NASDAQ,4221007,63.73,83.95,17,31,-52.44,,,,,,,30,13,27,96,,0,0,0,0,0,0,11395589513.519836,187519984.0,0.0636,0.305,4609372,4716174,1,45.3,,2026-08-12
1800,NB,Basic Materials,Other Industrial Metals & Mining,NASDAQ,3486097,5.36,83.93,2,55,-57.39,,,,,,,30,28,81,92,,0,0,0,0,0,0,780346596.717968,145587048.0,0.075500004,,4730772,3541404,1,67.0,,2026-08-12
1801,EEFT,Technology,Software - Infrastructure,NASDAQ,709978,70.47,83.89,-8,-21,-28.47,,,,,,,30,38,25,22,,0,0,0,0,0,0,2744452845.23758,38075094.0,0.1377,0.032,871805,733533,0,28.3,,2026-08-12
1802,HCA,Healthcare,Medical Care Facilities,NYSE,1603889,411.44,83.82,8,22,-26.07,,,,,,,30,22,36,81,,0,0,0,0,0,0,89493056868.59131,216501500.0,0.040999997,0.087,1197637,1670703,0,46.3,,2026-08-12
1803,TAP,Consumer Defensive,Beverages - Brewers,NYSE,3099795,41.98,83.75,4,-1,-23.42,,,,,,,30,26,21,42,,0,0,0,0,0,0,8086506875.055714,186453933.0,0.2583,-0.033,3277427,3244915,0,29.7,,2026-08-12
1804,GOF,Financial Services,Asset Management,NYSE,1254853,10.73,83.73,-1,1,-29.22,,,,,,,30,31,33,33,,0,0,0,0,0,0,2260379626.844788,212043120.0,0.3,,1027001,1351170,0,32.3,,2026-08-12
1805,ZS,Technology,Software - Infrastructure,NASDAQ,2434913,178.55,83.7,6,-5,-47.02,,,,,,,30,24,13,13,,0,0,0,0,0,0,27277161492.604065,161709525.0,0.0765,0.254,2416649,3476261,0,16.7,,2026-08-12
1806,NG,Basic Materials,Gold,NYSE ARCA,5118429,7.68,83.68,14,79,-46.67,,,,,,,30,16,81,96,,0,0,0,0,0,0,3330344927.2126083,438780614.0,0.0833,,5141177,4849459,1,64.3,,2026-08-12
1807,PEP,Consumer Defensive,Beverages - Non-Alcoholic,NASDAQ,8674413,138.41,83.59,-4,11,-19.29,,,,,,,30,34,49,67,,0,0,0,0,0,0,189747230224.60587,1364891558.0,0.026600001,0.064,7229671,9010830,0,50.0,,2026-08-12
1808,MKC,Consumer Defensive,Packaged Foods,NYSE,3341570,52.89,83.59,2,-13,-27.13,,,,,,,30,28,13,45,,0,0,0,0,0,0,14238377947.779053,268851552.0,0.0,0.167,2746321,4139682,0,28.7,,2026-08-12
1809,PAGS,Technology,Software - Infrastructure,NYSE,2749948,8.89,83.54,-7,-9,-27.84,,,,,,,30,37,35,72,,0,0,0,0,0,0,2554806854.425349,279519339.0,0.13340001,0.015,2487754,3024228,0,48.0,,2026-08-12
1810,AI,Technology,Software - Infrastructure,NYSE,4968624,10.63,83.54,13,7,-47.43,,,,,,,30,17,11,11,,0,0,0,0,0,0,1588691652.4494352,155449277.0,0.31059998,-0.525,4375453,6455288,0,13.0,,2026-08-12
1811,LOW,Consumer Cyclical,Home Improvement Retail,NYSE,2899117,221.25,83.53,4,6,-24.5,,,,,,,30,26,28,71,,0,0,0,0,0,0,125299353424.07228,561000000.0,0.022,0.103,2492893,3004804,0,41.7,,2026-08-12
1812,PEG,Utilities,Utilities - Regulated Electric,NYSE,3047223,75.21,83.49,-13,-22,-15.16,,,,,,,30,43,34,48,,0,0,0,0,0,0,37702999100.22748,498321402.0,0.0256,-0.089,3248401,2988298,0,41.7,,2026-08-12
1813,PBH,Healthcare,Drug Manufacturers - Specialty & Generic,NYSE,534377,53.6,83.46,12,7,-24.58,,,,,,,30,18,13,34,,0,0,0,0,0,0,2598363232.815811,47372166.0,0.078600004,0.065,617321,629298,0,21.7,,2026-08-12
1814,PUK,Financial Services,Insurance - Life,NYSE,981987,27.38,83.42,-11,19,-19.54,,,,,,,30,41,71,78,,0,0,0,0,0,0,35166568233.29309,1243513698.0,0.0007,0.188,1280052,1236722,0,63.3,,2026-08-12
1815,BIRK,Consumer Cyclical,Footwear & Accessories,NYSE,1470415,37.47,83.3,-28,-67,-30.0,,,,,,,30,58,19,28,,0,0,0,0,0,0,7071187993.509186,183906056.0,0.1672,0.077,1702027,1898317,0,35.0,,2026-08-12
1816,USAR,Basic Materials,Other Industrial Metals & Mining,NASDAQ,11247195,18.91,83.25,-25,11,-57.0,,,,,,,29,54,90,87,,0,0,0,0,0,0,4730439494.999338,244720099.0,0.1511,,13269496,13282631,1,77.0,,2026-08-12
1817,OR,Basic Materials,Gold,NYSE,1065817,33.69,83.17,8,59,-29.9,,,,,,,29,21,72,91,,0,0,0,0,0,0,6196005184.203232,187303653.0,1.96,0.62,1059092,1054118,1,61.3,,2026-08-12
1818,PIPR,Financial Services,Capital Markets,NYSE,606550,75.71,83.13,-1,25,-20.36,,,,,,,29,30,56,57,,0,0,0,0,0,0,5285431128.590584,70670291.0,0.0558,0.249,588990,610116,0,47.7,,2026-08-12
1819,CLB,Energy,Oil & Gas Equipment & Services,NYSE,1026835,12.43,83.05,6,17,-38.95,,,,,,,29,23,34,83,,0,0,0,0,0,0,520789569.2035637,45884542.0,0.21020001,-0.043,710157,929251,0,46.7,,2026-08-12
1820,FNF,Financial Services,Insurance - Specialty,NYSE,1541721,47.57,82.99,-15,-33,-19.66,,,,,,,29,44,26,45,,0,0,0,0,0,0,13506325439.340364,269157540.0,0.0279,0.108,1602643,1616902,0,38.3,,2026-08-12
1821,BAH,Industrials,Consulting Services,NYSE,2298544,78.57,82.97,13,18,-29.99,,,,,,,29,16,21,21,,0,0,0,0,0,0,9147672563.730606,120284973.0,0.0856,-0.042,1890172,2353990,0,19.3,,2026-08-12
1822,ECVT,Basic Materials,Specialty Chemicals,NYSE,1418754,10.12,82.94,-40,-19,-32.91,,,,,,,29,69,90,85,,0,0,0,0,0,0,1136281983.767664,109468398.0,0.0422,,1317494,1636218,1,81.3,,2026-08-12
1823,META,Communication Services,Internet Content & Information,NASDAQ,19154994,599.12,82.83,-9,-14,-24.76,,,,,,,29,38,33,36,,0,0,0,0,0,0,1508378373627.524,2547506225.0,0.0172,0.28,19800214,19075008,0,35.7,,2026-08-12
1824,G,Technology,Information Technology Services,NYSE,2204625,33.96,82.76,11,8,-30.18,,,,,,,29,18,15,25,,0,0,0,0,0,0,5761707877.2849655,168028805.0,0.1047,0.071,2461376,2480833,0,19.3,,2026-08-12
1825,RGTI,Technology,Computer Hardware,NASDAQ,21807199,18.09,82.76,5,51,-68.89,,,,,,,29,24,70,51,,0,0,0,0,0,0,5987811499.431742,333768747.0,0.18540001,1.989,21407987,30494435,0,48.3,,2026-08-12
1826,SNN,Healthcare,Medical Devices,NYSE,1815889,30.01,82.72,-1,-2,-22.63,,,,,,,29,30,29,69,,0,0,0,0,0,0,12616701699.5197,419020307.0,0.0107,0.046,1749869,1578089,0,42.7,,2026-08-12
1827,BEPC,Utilities,Utilities - Renewable,NYSE,1748232,34.79,82.63,-2,11,-23.0,,,,,,,29,31,44,77,,0,0,0,0,0,0,6262119343.922195,185599260.0,6.99,0.13,1983896,1677635,0,50.7,,2026-08-12
1828,KVYO,Technology,Software - Application,NYSE,5564584,18.36,82.61,8,-5,-49.32,,,,,,,29,21,8,10,,0,0,0,0,0,0,4974030743.225615,299279813.0,0.1733,0.264,8404804,5950860,0,13.0,,2026-08-12
1829,NVAX,Healthcare,Biotechnology,NASDAQ,3392137,7.95,82.56,-27,-9,-33.58,,,,,,,29,56,74,62,,0,0,0,0,0,0,1311318490.2390995,164945726.0,0.2682,-0.763,3447102,3881894,0,64.0,,2026-08-12
1830,WEN,Consumer Cyclical,Restaurants,NASDAQ,11176948,7.55,82.56,-6,-7,-30.35,,,,,,,29,35,34,22,,0,0,0,0,0,0,1464796132.4993896,190480640.0,0.42349997,0.017,8506196,18022667,0,30.3,,2026-08-12
1831,AMRC,Industrials,Engineering & Construction,NYSE,621003,25.89,82.53,-6,43,-42.38,,,,,,,29,35,84,88,,0,0,0,0,0,0,1361148291.906847,53066211.0,0.15609999,0.091,897470,631938,0,69.0,,2026-08-12
1832,DOLE,Consumer Defensive,Farm Products,NYSE,982112,12.96,82.49,-11,-12,-21.79,,,,,,,29,40,39,64,,0,0,0,0,0,0,1316048271.2399485,95158950.0,0.0512,0.116,1351266,1114965,0,47.7,,2026-08-12
1833,ACHR,Industrials,Aerospace & Defense,NYSE,37141196,6.79,82.46,18,25,-53.56,,,,,,,29,11,18,20,,0,0,0,0,0,0,4264414790.013943,762864879.0,0.1436,,44698559,40835429,0,16.3,,2026-08-12
1834,AMIX,Healthcare,Medical Devices,NASDAQ,7825965,9.12,82.46,24,25,-71.98,,,,,,,29,5,6,2,,0,0,0,0,0,0,5451719.979286194,543000.0,0.1173,,21129267,4702343,0,4.3,,2026-08-12
1835,NEXT,Energy,Oil & Gas Equipment & Services,NASDAQ,2642229,6.75,82.45,-43,-32,-40.11,,,,,,,29,72,83,18,,0,0,0,0,0,0,1783442350.3291578,266185433.0,0.1309,,2709809,2822013,0,57.7,,2026-08-12
1836,AGI,Basic Materials,Gold,NYSE,4706791,33.45,82.43,9,71,-39.63,,,,,,,29,20,82,91,,0,0,0,0,0,0,13876738653.489723,418604465.0,1.38,0.356,5993524,5037570,1,64.3,,2026-08-12
1837,CME,Financial Services,Financial Data & Stock Exchanges,NASDAQ,2708090,259.32,82.33,0,32,-21.22,,,,,,,29,29,61,63,,0,0,0,0,0,0,94806669799.3986,359579263.0,0.018099999,0.008,2067432,3462324,0,51.0,,2026-08-12
1838,YELP,Communication Services,Internet Content & Information,NYSE,1088482,23.61,82.32,2,-5,-31.55,,,,,,,29,27,20,15,,0,0,0,0,0,0,1405562364.8717957,54990704.0,0.26950002,0.014,1163436,1211223,0,20.7,,2026-08-12
1839,FSCO,Financial Services,Asset Management,NYSE,882682,5.04,82.32,4,4,-33.07,,,,,,,29,25,25,30,,0,0,0,0,0,0,1017416356.7878604,202269645.0,0.0069999998,,853387,1023149,0,26.7,,2026-08-12
1840,CMG,Consumer Cyclical,Restaurants,NYSE,18573595,32.0,82.32,-2,-10,-27.72,,,,,,,29,31,23,35,,0,0,0,0,0,0,41493057378.52478,1265418000.0,0.045300003,0.093,22686667,20697755,0,29.7,,2026-08-12
1841,GPK,Consumer Cyclical,Packaging & Containers,NYSE,4794136,11.96,82.31,9,0,-49.04,,,,,,,29,20,11,14,,0,0,0,0,0,0,3580237495.5720806,295887387.0,0.1086,-0.007,5366399,5620735,0,15.0,,2026-08-12
1842,PTC,Technology,Software - Application,NASDAQ,1626310,150.44,82.3,10,13,-30.88,,,,,,,29,19,22,26,,0,0,0,0,0,0,16027460540.806623,108506261.0,0.083100006,-0.068,1823241,1882250,0,22.3,,2026-08-12
1843,AMRZ,Basic Materials,Building Materials,NYSE,3166527,47.6,82.3,-3,0,-27.81,,,,,,,29,32,35,77,,0,0,0,0,0,0,25816947105.908066,553536609.0,0.0150999995,0.085,4308341,3235458,0,48.0,,2026-08-12
1844,STZ,Consumer Defensive,Beverages - Brewers,NYSE,2172913,133.98,82.29,4,11,-21.87,,,,,,,29,25,32,46,,0,0,0,0,0,0,23184879261.726044,170778434.0,0.0551,-0.033,1763790,2225074,0,34.3,,2026-08-12
1845,LUMN,Communication Services,Telecom Services,NYSE,12849137,6.38,82.28,-8,47,-46.61,,,,,,,28,36,91,87,,0,0,0,0,0,0,6429140840.980511,1030311070.0,0.073,-0.093,16650753,13780036,1,71.3,,2026-08-12
1846,RMBS,Technology,Semiconductors,NASDAQ,2827774,96.42,82.24,-39,-17,-44.62,,,,,,,28,67,89,86,,0,0,0,0,0,0,11011021572.4616,108461603.0,0.0573,0.204,2384324,3176656,0,80.7,,2026-08-12
1847,CPB,Consumer Defensive,Packaged Foods,NASDAQ,5872226,22.72,82.24,-5,-26,-33.51,,,,,,,28,33,12,24,,0,0,0,0,0,0,6873653673.636692,298206243.0,0.2758,-0.044,5071139,8713913,0,23.0,,2026-08-12
1848,RDDT,Communication Services,Internet Content & Information,NYSE,5426472,156.19,82.24,-43,-75,-44.8,,,,,,,28,71,39,26,,0,0,0,0,0,0,31110515079.852448,192396510.0,0.1174,0.611,8041536,5048735,0,45.3,,2026-08-12
1849,PDYN,Technology,Software - Infrastructure,NASDAQ,1167352,6.33,82.07,10,31,-41.0,,,,,,,28,18,39,42,,0,0,0,0,0,0,295537663.60731125,49338510.0,0.221,1.069,919466,1730191,0,33.0,,2026-08-12
1850,BULL,Technology,Software - Application,NASDAQ,8609045,7.57,82.04,-7,-18,-55.68,,,,,,,28,35,24,10,,0,0,0,0,0,0,3892912719.092724,531818665.0,0.060599998,0.363,7553526,10612321,0,23.0,,2026-08-12
1851,FG,Financial Services,Insurance - Life,NYSE,611761,26.81,82.02,-35,-64,-25.24,,,,,,,28,63,34,25,,0,0,0,0,0,0,3622977243.019564,130935209.0,0.1355,0.042,527863,644096,0,40.7,,2026-08-12
1852,OXLC,Financial Services,Asset Management,NASDAQ,849846,9.32,82.01,7,14,-51.08,,,,,,,28,21,28,12,,0,0,0,0,0,0,898376742.9748077,97649648.0,0.0461,-0.102,804910,981208,0,20.3,,2026-08-12
1853,UAMY,Basic Materials,Other Industrial Metals & Mining,NYSE,5456208,6.58,81.98,-8,50,-66.62,,,,,,,28,36,94,96,,0,0,0,0,0,0,1015071496.5679178,148185622.0,0.2167,-0.031,5299996,6804127,2,75.3,,2026-08-12
1854,TSSI,Technology,Information Technology Services,NASDAQ,661918,11.4,81.92,10,53,-47.63,,,,,,,28,18,61,17,,0,0,0,0,0,0,316112750.9856186,28073956.0,0.17629999,-0.441,612864,865598,0,32.0,,2026-08-12
1855,LIF,Technology,Software - Application,NASDAQ,752096,48.61,81.89,-8,-32,-56.81,,,,,,,28,36,12,21,,0,0,0,0,0,0,5120797688.01609,81031691.0,0.1302,0.381,1039279,769243,0,23.0,,2026-08-12
1856,BNTX,Healthcare,Biotechnology,NASDAQ,897392,92.8,81.89,0,-1,-25.16,,,,,,,28,28,27,42,,0,0,0,0,0,0,23530312503.25107,251204366.0,0.0332,-0.595,1184728,963357,0,32.3,,2026-08-12
1857,KLAR,Financial Services,Credit Services,NYSE,3769015,19.03,81.89,1,-17,-59.92,,,,,,,28,27,9,7,,0,0,0,0,0,0,7524458227.161152,378113486.0,0.1193,0.444,2882166,4259865,0,14.3,,2026-08-12
1858,ARE,Real Estate,REIT - Office,NYSE,1747546,48.12,81.88,1,-5,-45.47,,,,,,,28,27,21,24,,0,0,0,0,0,0,8560019366.836208,172095277.0,0.0622,-0.119,2142699,1916699,0,24.0,,2026-08-12
1859,SGRY,Healthcare,Medical Care Facilities,NASDAQ,1572213,15.0,81.88,-5,-16,-37.76,,,,,,,28,33,22,23,,0,0,0,0,0,0,2031140120.935793,130788162.0,0.2245,0.045,1918260,1507240,0,26.0,,2026-08-12
1860,AZN,Healthcare,Drug Manufacturers - General,NYSE,3630458,158.75,81.86,-5,25,-25.37,,,,,,,28,33,63,80,,0,0,0,0,0,0,250343989775.8832,1550885842.0,0.0016,0.064,5016634,2994570,0,58.7,,2026-08-12
1861,WH,Consumer Cyclical,Lodging,NYSE,1373732,72.47,81.74,-6,7,-20.75,,,,,,,28,34,47,36,,0,0,0,0,0,0,5477522733.640503,74211122.0,0.11310001,-0.055,1261478,1423473,0,39.0,,2026-08-12
1862,MNDY,Technology,Software - Application,NASDAQ,1538334,87.47,81.74,8,-3,-60.38,,,,,,,28,20,9,5,,0,0,0,0,0,0,3936988586.360664,42274119.0,0.19469999,0.245,1863564,1551792,0,11.3,,2026-08-12
1863,UUUU,Energy,Uranium,NYSE ARCA,7078621,14.78,81.71,-3,60,-47.03,,,,,,,28,31,94,98,,0,0,0,1,0,1,3534505185.818672,249965000.0,0.19790001,1.121,7882495,9102477,2,74.3,,2026-08-12
1864,ALMU,Technology,Semiconductors,NASDAQ,516815,18.19,81.67,-24,17,-42.78,,,,,,,28,52,93,85,,0,0,0,0,0,0,334987616.5341377,18305335.0,0.2681,-0.026,551155,715095,1,76.7,,2026-08-12
1865,CRTO,Communication Services,Advertising Agencies,NASDAQ,580681,17.26,81.57,-35,-81,-31.75,,,,,,,28,63,17,16,,0,0,0,0,0,0,923494364.0931149,50244527.0,,-0.113,823044,469458,0,32.0,,2026-08-12
1866,KT,Communication Services,Telecom Services,NYSE,1561120,18.54,81.56,4,15,-24.57,,,,,,,28,24,35,78,,0,0,0,0,0,0,8810876896.0,476263616.0,0.0126,-0.01,2015961,1761454,0,45.7,,2026-08-12
1867,PWP,Financial Services,Capital Markets,NASDAQ,1201539,17.76,81.48,9,19,-31.49,,,,,,,28,19,29,57,,0,0,0,0,0,0,1276416207.5,72938069.0,0.13319999,0.008,1578467,1382917,0,35.0,,2026-08-12
1868,THO,Consumer Cyclical,Recreational Vehicles,NYSE,639924,81.31,81.45,6,2,-33.8,,,,,,,28,22,18,72,,0,0,0,0,0,0,4141164181.016495,52057373.0,0.1377,-0.039,520572,762506,0,37.3,,2026-08-12
1869,ATAT,Consumer Cyclical,Lodging,NASDAQ,845248,34.02,81.41,1,29,-21.2,,,,,,,27,26,54,62,,0,0,0,0,0,0,4879346154.889526,138185952.0,0.0248,0.475,723664,858974,0,47.3,,2026-08-12
1870,BABA,Consumer Cyclical,Internet Retail,NYSE,11343730,127.85,81.36,3,19,-33.64,,,,,,,27,24,40,67,,0,0,0,0,0,0,307782549679.7633,2396873615.0,0.0179,0.029,9528962,12044012,0,43.7,,2026-08-12
1871,CEG,Utilities,Utilities - Independent Power Producers,NASDAQ,3149462,278.36,81.36,6,15,-32.55,,,,,,,27,21,30,30,,0,0,0,0,0,0,95624023708.3595,354307379.0,0.033299997,0.23,2928287,3655061,0,27.0,,2026-08-12
1872,PHR,Healthcare,Health Information Services,NYSE,762528,12.27,81.34,6,-9,-62.55,,,,,,,27,21,6,8,,0,0,0,0,0,0,772796382.0390129,61774290.0,0.070199996,0.129,777456,994013,0,11.7,,2026-08-12
1873,TW,Financial Services,Capital Markets,NASDAQ,1706960,104.42,81.32,2,8,-23.75,,,,,,,27,25,31,33,,0,0,0,0,0,0,21854895065.79725,212969153.0,0.0365,0.09,2245421,1762086,0,29.7,,2026-08-12
1874,SOFI,Financial Services,Credit Services,NASDAQ,78396722,17.98,81.31,0,-7,-45.07,,,,,,,27,27,20,36,,0,0,0,0,0,0,23739061471.191048,1291570324.0,0.1461,0.426,70882696,80685617,0,27.7,,2026-08-12
1875,HE,Utilities,Utilities - Regulated Electric,NYSE,1709534,11.85,81.31,-26,-22,-31.82,,,,,,,27,53,57,86,,0,0,0,0,0,0,2140681671.744736,172635624.0,0.1295,0.259,2120404,1789488,0,65.3,,2026-08-12
1876,CRNC,Technology,Software - Application,NASDAQ,716238,8.43,81.17,-37,-36,-38.64,,,,,,,27,64,65,25,,0,0,0,0,0,0,413630720.9697685,45230257.0,0.1369,0.118,725275,852567,0,51.3,,2026-08-12
1877,CG,Financial Services,Asset Management,NASDAQ,3341956,48.36,81.02,4,13,-30.77,,,,,,,27,23,32,51,,0,0,0,0,0,0,17194842329.40674,359800000.0,0.060300004,-0.329,4628048,3640531,0,35.3,,2026-08-12
1878,MLM,Basic Materials,Building Materials,NYSE,610708,553.67,80.96,-5,-5,-22.12,,,,,,,27,32,32,65,,0,0,0,0,0,0,32950317740.165344,60065839.0,0.0465,0.21,657064,600976,0,43.0,,2026-08-12
1879,MOS,Basic Materials,Agricultural Inputs,NYSE,7901598,23.1,80.95,2,-4,-37.55,,,,,,,27,25,19,53,,0,0,0,0,0,0,7330673426.985409,317895646.0,0.1238,-0.06,7983215,8763249,0,32.3,,2026-08-12
1880,CRUS,Technology,Semiconductors,NASDAQ,724188,121.99,80.77,-30,-7,-32.39,,,,,,,27,57,80,79,,0,0,0,0,0,0,6260685628.352005,50117561.0,0.0753,0.129,914725,669135,0,72.0,,2026-08-12
1881,BROS,Consumer Cyclical,Restaurants,NYSE,3466669,49.57,80.76,-43,-89,-33.6,,,,,,,27,70,24,25,,0,0,0,0,0,0,9259877471.96254,174681716.0,0.34669998,0.325,5131338,3557525,0,39.7,,2026-08-12
1882,LBTYA,Communication Services,Telecom Services,NASDAQ,2422515,10.19,80.74,-9,15,-24.63,,,,,,,27,36,60,72,,0,0,0,0,0,0,3598473886.3572903,341087566.0,0.0614,-0.077,2647687,2268199,0,56.0,,2026-08-12
1883,UHS,Healthcare,Medical Care Facilities,NYSE,944254,168.72,80.64,8,11,-31.51,,,,,,,27,19,22,68,,0,0,0,0,0,0,10505477946.10698,60536351.0,0.0792,0.083,887502,983174,0,36.3,,2026-08-12
1884,OTEX,Technology,Software - Application,NASDAQ,1653833,23.98,80.64,3,1,-39.9,,,,,,,27,24,22,23,,0,0,0,0,0,0,6051999387.995682,242662360.0,0.052600004,0.029,2209799,2042831,0,23.0,,2026-08-12
1885,RPC,Financial Services,Asset Management,NYSE,529879,8.85,80.61,-2,-7,-31.4,,,,,,,27,29,24,23,,0,0,0,0,0,0,990943959.150959,110227362.0,0.0591,0.113,592209,489553,0,25.3,,2026-08-12
1886,VICI,Real Estate,REIT - Diversified,NYSE,9629716,25.98,80.6,-4,-1,-23.4,,,,,,,27,31,34,37,,0,0,0,0,0,0,29442813755.863342,1101077562.0,0.028399998,0.057,11314209,10016015,0,34.0,,2026-08-12
1887,SBSW,Basic Materials,Other Precious Metals & Mining,NYSE,5085103,10.61,80.58,10,79,-50.16,,,,,,,27,17,86,97,,0,0,0,0,0,0,7696660591.469495,723370333.0,0.019199999,0.316,5308041,5335182,1,66.7,,2026-08-12
1888,INFY,Technology,Information Technology Services,NYSE,24900816,12.6,80.58,11,11,-58.0,,,,,,,27,16,16,25,,0,0,0,0,0,0,50748047350.84032,4050123578.0,0.0475,0.029,21625389,23604723,0,19.0,,2026-08-12
1889,GXO,Industrials,Integrated Freight & Logistics,NYSE,1563366,46.67,80.55,-3,-1,-30.19,,,,,,,27,30,32,85,,0,0,0,0,0,0,5548793394.804935,115048589.0,0.0738,0.043,2215260,1468052,0,49.0,,2026-08-12
1890,ICL,Basic Materials,Agricultural Inputs,NYSE,1208839,5.34,80.53,0,39,-23.39,,,,,,,27,27,66,31,,0,0,0,0,0,0,6853714423.054503,1290718361.0,0.0053,0.165,1227848,1366291,0,41.3,,2026-08-12
1891,SHOE,Consumer Cyclical,Apparel Retail,NASDAQ,700471,15.76,80.46,7,11,-40.68,,,,,,,27,20,24,52,,0,0,0,0,0,0,427633101.0,27151308.0,0.2367,-0.025,507315,675935,0,32.0,,2026-08-12
1892,MOMO,Communication Services,Internet Content & Information,NASDAQ,511475,5.83,80.45,-3,3,-32.16,,,,,,,26,29,35,30,,0,0,0,0,0,0,865799789.5864062,147747401.0,0.0247,-0.054,473966,716907,0,31.3,,2026-08-12
1893,TRIP,Consumer Cyclical,Travel Services,NASDAQ,3404252,10.95,80.36,-23,-55,-45.68,,,,,,,26,49,17,14,,0,0,0,0,0,0,1263408875.464399,117199342.0,0.33290002,-0.072,4853178,3936097,0,26.7,,2026-08-12
1894,KD,Technology,Information Technology Services,NYSE,4273132,13.36,80.32,16,14,-60.59,,,,,,,26,10,8,6,,0,0,0,0,0,0,3053812146.969288,217818263.0,0.1489,-0.033,4892476,4348823,0,8.0,,2026-08-12
1895,NAVI,Financial Services,Credit Services,NASDAQ,1006495,8.54,80.26,3,-3,-38.43,,,,,,,26,23,17,20,,0,0,0,0,0,0,853423899.1891766,93989417.0,0.24540001,0.042,1471017,1186257,0,20.0,,2026-08-12
1896,PAX,Financial Services,Asset Management,NASDAQ,990078,11.2,80.24,2,3,-37.08,,,,,,,26,24,25,50,,0,0,0,0,0,0,1860871012.813193,161393847.0,0.1278,0.349,1405734,974200,0,33.0,,2026-08-12
1897,IONQ,Technology,Computer Hardware,NYSE,19672997,43.44,80.22,-3,56,-48.68,,,,,,,26,29,88,24,,0,0,0,0,0,0,16584383903.552948,373269948.0,0.1267,2.868,22682792,23330204,0,47.0,,2026-08-12
1898,PMT,Real Estate,REIT - Mortgage,NYSE,1562603,9.45,80.22,-3,-3,-31.57,,,,,,,26,29,29,51,,0,0,0,0,0,0,841502760.0349388,87202362.0,0.106000006,0.061,1420790,1541634,0,36.3,,2026-08-12
1899,OTIS,Industrials,Specialty Industrial Machinery,NYSE,3612133,73.04,80.13,2,0,-22.76,,,,,,,26,24,22,44,,0,0,0,0,0,0,28165723579.41256,380669339.0,0.043,0.073,2904139,3704123,0,30.0,,2026-08-12
1900,HUBS,Technology,Software - Application,NYSE,1884882,220.51,80.13,11,3,-58.04,,,,,,,26,15,7,8,,0,0,0,0,0,0,10494341848.270432,49866201.0,0.1294,0.198,2690776,1916545,0,10.0,,2026-08-12
1901,EVLV,Industrials,Security & Protection Services,NASDAQ,1910620,6.03,80.1,-5,4,-32.32,,,,,,,26,31,40,36,,0,0,0,0,0,0,1102611763.8846493,179871410.0,0.0515,0.447,1863681,2212448,0,35.7,,2026-08-12
1902,SBAC,Real Estate,REIT - Specialty,NASDAQ,1136123,181.97,80.02,-5,2,-19.24,,,,,,,26,31,38,33,,0,0,0,0,0,0,19523394753.797916,106088110.0,0.0387,0.023,1484161,1089762,0,34.0,,2026-08-12
1903,SNAP,Communication Services,Internet Content & Information,NYSE,38193674,5.51,80.0,12,21,-40.62,,,,,,,26,14,23,10,,0,0,0,0,0,0,9014083675.931854,1691197712.0,0.083000004,0.189,47145633,42202256,0,15.7,,2026-08-12
1904,CC,Basic Materials,Specialty Chemicals,NYSE,2798527,14.8,80.0,-44,-23,-48.38,,,,,,,26,70,91,92,,0,0,0,0,0,0,2368448916.75,150377709.0,0.1089,-0.015,3695453,2719086,2,84.3,,2026-08-12
1905,POOL,Industrials,Industrial Distribution,NASDAQ,824242,201.5,80.0,1,-13,-40.06,,,,,,,26,25,11,28,,0,0,0,0,0,0,7497459424.847473,36340747.0,0.113400005,0.022,729508,1018539,0,21.3,,2026-08-12
1906,NMRK,Real Estate,Real Estate Services,NASDAQ,1312615,14.77,80.0,-10,-3,-25.54,,,,,,,26,36,43,52,,0,0,0,0,0,0,2629185563.2635946,177527717.0,0.0382,0.17,1668845,1400525,0,43.7,,2026-08-12
1907,AESI,Energy,Oil & Gas Equipment & Services,NYSE,3466147,11.98,79.97,-53,-40,-40.49,,,,,,,26,79,92,54,,0,0,0,0,0,0,1407685988.8572388,124905584.0,0.256,0.016,4116651,3160408,1,75.0,,2026-08-12
1908,FIG,Technology,Software - Application,NYSE,24330660,24.87,79.86,7,-5,-72.67,,,,,,,26,19,7,5,,0,0,0,0,0,0,12413800290.415108,533009867.0,0.3475,0.482,29471402,22249900,0,10.3,,2026-08-12
1909,CRH,Basic Materials,Building Materials,NYSE,4198512,101.29,79.84,-5,-1,-23.0,,,,,,,26,31,35,66,,0,0,0,0,0,0,66847789898.59592,665284511.0,0.0238,0.056,5095097,4445591,0,44.0,,2026-08-12
1910,AVAV,Industrials,Aerospace & Defense,NASDAQ,1827113,196.02,79.75,17,22,-53.09,,,,,,,26,9,14,77,,0,0,0,0,0,0,9450037225.679169,50608030.0,0.100600004,1.333,1237589,1694283,0,33.3,,2026-08-12
1911,MFIC,Financial Services,Asset Management,NASDAQ,545377,9.76,79.72,-2,9,-26.84,,,,,,,26,28,39,33,,0,0,0,0,0,0,803956868.1335983,82372628.0,0.0358,-0.16,761872,570510,0,33.3,,2026-08-12
1912,LAZ,Financial Services,Capital Markets,NYSE,1777733,43.51,79.71,-1,3,-25.94,,,,,,,26,27,31,54,,0,0,0,0,0,0,4307315356.748886,97450572.0,0.1268,0.001,1649291,2395596,0,37.3,,2026-08-12
1913,LAND,Real Estate,REIT - Specialty,NASDAQ,612556,8.21,79.69,-3,6,-36.85,,,,,,,26,29,38,68,,0,0,0,0,0,0,359759025.4021187,43136573.0,0.071,-0.018,702060,655054,0,45.0,,2026-08-12
1914,AORT,Healthcare,Medical Devices,NYSE,642269,28.39,79.62,15,13,-41.16,,,,,,,26,11,9,43,,0,0,0,0,0,0,1316495692.7392006,48543350.0,0.0619,0.113,812818,760353,0,21.0,,2026-08-12
1915,LDOS,Technology,Information Technology Services,NYSE,1599144,140.89,79.62,14,18,-31.53,,,,,,,26,12,16,48,,0,0,0,0,0,0,17304307478.90027,125785466.0,0.0584,0.072,1831572,1726712,0,25.3,,2026-08-12
1916,LBTYK,Communication Services,Telecom Services,NASDAQ,1347357,9.98,79.52,-8,13,-23.93,,,,,,,25,33,54,68,,0,0,0,0,0,0,3492736597.771252,341087566.0,0.0723,-0.077,1546602,1332480,0,51.7,,2026-08-12
1917,OFRM,Consumer Defensive,Packaged Foods,NYSE,545509,16.7,79.5,-9,-25,-38.15,,,,,,,25,34,18,71,,0,0,0,0,0,0,752892421.1045303,41990653.0,0.2653,0.423,543678,563815,0,41.0,,2026-08-12
1918,CAVA,Consumer Cyclical,Restaurants,NYSE,3335087,60.81,79.47,-4,38,-38.45,,,,,,,25,29,71,51,,0,0,0,0,0,0,7270297878.25,116473856.0,0.12189999,0.321,3308573,3220624,0,50.3,,2026-08-12
1919,RWAY,Financial Services,Asset Management,NASDAQ,672989,6.7,79.22,6,5,-39.86,,,,,,,25,19,18,26,,0,0,0,0,0,0,286663749.75494385,41909904.0,0.0951,0.053,733367,633281,0,21.0,,2026-08-12
1920,AMTM,Industrials,Specialty Business Services,NYSE,1978724,22.43,79.18,6,17,-41.14,,,,,,,25,19,30,84,,0,0,0,0,0,0,6046117932.615692,244090344.0,0.0875,-0.004,2232604,1965022,0,44.3,,2026-08-12
1921,ACDC,Energy,Oil & Gas Equipment & Services,NASDAQ,1714366,5.27,79.17,-28,8,-35.89,,,,,,,25,53,89,67,,0,0,0,0,0,0,786770363.1034441,182122762.0,0.054,-0.008,2329679,1642819,0,69.7,,2026-08-12
1922,ORN,Industrials,Engineering & Construction,NYSE,623675,9.77,79.17,-61,-58,-43.85,,,,,,,25,86,89,91,,0,0,0,0,0,0,417506456.8924999,40495290.0,0.0637,0.081,977207,562721,1,88.7,,2026-08-12
1923,GFUZ,Industrials,Specialty Industrial Machinery,NASDAQ,626259,9.19,79.13,-59,-98,-38.11,,,,,,,25,84,45,50,,0,0,0,0,0,0,976881920.0,,0.06,,239017,610715,0,59.7,,2026-08-12
1924,VIV,Communication Services,Telecom Services,NYSE,1259880,11.64,79.02,-38,-36,-32.56,,,,,,,25,63,65,85,,0,0,0,0,0,0,19189616509.468124,1597803176.0,0.0116,0.076,1380201,1184994,0,71.0,,2026-08-12
1925,ACN,Technology,Information Technology Services,NYSE,7847874,179.82,79.02,14,15,-38.23,,,,,,,25,11,12,21,,0,0,0,0,0,0,107530468140.47964,611942109.0,0.0612,0.056,6299873,9174958,0,14.7,,2026-08-12
1926,DKNG,Consumer Cyclical,Gambling,NASDAQ,12968081,25.34,78.99,0,2,-48.05,,,,,,,25,25,27,13,,0,0,0,0,0,0,11921975813.174623,496128817.0,0.081599995,-0.046,17248885,13144593,0,21.7,,2026-08-12
1927,CNM,Industrials,Industrial Distribution,NYSE,2021434,46.63,78.95,2,4,-30.59,,,,,,,25,23,25,59,,0,0,0,0,0,0,8713826140.233204,187192831.0,0.0555,-0.001,1805022,2434052,0,35.7,,2026-08-12
1928,BBWI,Consumer Cyclical,Specialty Retail,NYSE,5026098,18.88,78.81,-7,-25,-41.58,,,,,,,25,32,14,27,,0,0,0,0,0,0,4103798615.343567,201561812.0,0.0813,-0.032,4821906,5301083,0,24.3,,2026-08-12
1929,ARX,Financial Services,Insurance Brokers,NYSE,2106585,12.52,78.59,2,20,-58.92,,,,,,,25,23,41,10,,0,0,0,0,0,0,2718788704.723721,218201340.0,0.119899996,0.597,2451395,2097425,0,24.7,,2026-08-12
1930,SHAK,Consumer Cyclical,Restaurants,NYSE,2063479,71.77,78.4,15,16,-35.15,,,,,,,25,10,11,32,,0,0,0,0,0,0,2874231527.385704,40408149.0,0.1228,0.172,2509729,2216389,0,17.7,,2026-08-12
1931,GDDY,Technology,Software - Infrastructure,NYSE,1987249,90.74,78.37,-2,-14,-39.7,,,,,,,25,27,15,12,,0,0,0,0,0,0,11533806364.630188,126647704.0,0.0668,0.066,2676408,2368415,0,18.0,,2026-08-12
1932,JBTM,Industrials,Specialty Industrial Machinery,NYSE,540887,121.81,78.34,-18,-33,-28.43,,,,,,,25,43,28,75,,0,0,0,0,0,0,6387073851.523933,51876817.0,0.0828,0.049,682022,550664,0,48.7,,2026-08-12
1933,VST,Utilities,Utilities - Independent Power Producers,NYSE,4575812,144.92,78.21,-4,-11,-34.07,,,,,,,25,29,22,37,,0,0,0,0,0,0,47404481941.32092,337182468.0,0.0432,-0.055,5639466,4506033,0,29.3,,2026-08-12
1934,LMND,Financial Services,Insurance - Property & Casualty,NYSE,1587933,52.87,78.1,-54,-89,-47.08,,,,,,,25,79,44,83,,0,0,0,0,0,0,4097376691.811924,77396615.0,0.1435,0.794,2073319,1570149,0,68.7,,2026-08-12
1935,WB,Communication Services,Internet Content & Information,NASDAQ,819748,7.87,78.09,2,8,-39.27,,,,,,,24,22,28,45,,0,0,0,0,0,0,1950640235.737497,245672572.0,0.2018,0.062,757006,1064245,0,31.7,,2026-08-12
1936,SMCI,Technology,Computer Hardware,NASDAQ,43727920,31.6,78.08,2,10,-46.24,,,,,,,24,22,30,17,,0,0,0,0,0,0,20137156787.632557,646873027.0,0.19610001,1.227,40796451,56507728,0,23.0,,2026-08-12
1937,TMUS,Communication Services,Telecom Services,NASDAQ,5177752,178.58,78.08,-8,-16,-31.73,,,,,,,24,32,24,29,,0,0,0,0,0,0,190066685726.2972,1072671613.0,0.047,0.079,5327068,5574343,0,28.3,,2026-08-12
1938,MB,Consumer Cyclical,Restaurants,NASDAQ,1091348,6.35,78.07,15,88,-67.85,,,,,,,24,9,82,28,,0,0,0,0,0,0,153022601.30882263,17155000.0,0.001,-0.12,3267856,661719,0,39.7,,2026-08-12
1939,PFLT,Financial Services,Asset Management,NYSE,1266600,7.49,78.06,-1,15,-29.34,,,,,,,24,25,41,32,,0,0,0,0,0,0,746118576.0275688,99217896.0,0.0434,0.065,1127630,1211908,0,32.7,,2026-08-12
1940,AGCO,Industrials,Farm & Heavy Construction Machinery,NYSE,818958,101.43,78.04,-21,-26,-29.45,,,,,,,24,45,40,80,,0,0,0,0,0,0,7201362821.301926,70031729.0,0.0484,-0.01,1049676,800303,0,55.0,,2026-08-12
1941,FBRT,Real Estate,REIT - Mortgage,NYSE,1197637,7.95,78.02,-3,8,-32.85,,,,,,,24,27,38,24,,0,0,0,0,0,0,656889227.8882751,83045416.0,0.0968,0.142,1482072,1261776,0,29.7,,2026-08-12
1942,RKT,Financial Services,Mortgage Finance,NYSE,30287234,14.32,78.01,-3,-6,-41.22,,,,,,,24,27,24,74,,0,0,0,0,0,0,38850134772.2501,2831642421.0,0.1409,0.919,31250542,31548444,0,41.7,,2026-08-12
1943,MAT,Consumer Cyclical,Leisure,NASDAQ,4846015,15.03,77.98,3,6,-33.14,,,,,,,24,21,24,28,,0,0,0,0,0,0,4225502989.10141,285700000.0,0.14479999,0.105,4153017,4660479,0,24.3,,2026-08-12
1944,HDSN,Basic Materials,Specialty Chemicals,NASDAQ,549846,5.53,77.79,-3,-20,-47.43,,,,,,,24,27,10,44,,0,0,0,0,0,0,235585208.7880077,42068788.0,0.05,0.075,578069,516173,0,27.0,,2026-08-12
1945,TKC,Communication Services,Telecom Services,NYSE,2548833,5.42,77.77,-14,-12,-24.51,,,,,,,24,38,40,67,,0,0,0,0,0,0,4788173621.0,870577022.0,0.0033000002,0.089,2817570,2450924,0,48.3,,2026-08-12
1946,ARCT,Healthcare,Biotechnology,NASDAQ,568377,7.52,77.54,12,25,-68.89,,,,,,,24,12,25,18,,0,0,0,0,0,0,210614936.95298383,28423069.0,0.3065,-0.93,569621,505984,0,18.3,,2026-08-12
1947,UNCY,Healthcare,Biotechnology,NASDAQ,1822829,5.0,77.52,-9,47,-42.79,,,,,,,24,33,89,68,,0,0,0,0,0,0,138882651.59232473,27393027.0,0.1846,,739358,1701905,0,63.3,,2026-08-12
1948,BWXT,Industrials,Aerospace & Defense,NYSE,871688,169.71,77.46,-9,37,-29.82,,,,,,,24,33,79,87,,0,0,0,0,0,0,15566573842.783812,91621980.0,0.041300002,0.18,942064,980846,0,66.3,,2026-08-12
1949,LRN,Consumer Defensive,Education & Training Services,NYSE,1008225,79.09,77.4,-3,1,-53.79,,,,,,,24,27,31,26,,0,0,0,0,0,0,3429102899.731407,41559845.0,0.2251,-0.027,1662227,1001963,0,28.0,,2026-08-12
1950,TRMB,Technology,Scientific & Technical Instruments,NASDAQ,2591612,57.98,77.39,8,10,-31.5,,,,,,,24,16,18,27,,0,0,0,0,0,0,13872466104.420055,233111519.0,0.061300002,0.118,2370568,2928517,0,20.3,,2026-08-12
1951,ADNT,Consumer Cyclical,Auto Parts,NYSE,982661,19.14,77.32,-6,13,-29.94,,,,,,,24,30,49,83,,0,0,0,0,0,0,1497222425.322029,77096932.0,0.0951,0.05,1087875,1047013,0,54.0,,2026-08-12
1952,VYX,Technology,Information Technology Services,NYSE,2110746,8.05,77.28,-3,-18,-41.75,,,,,,,24,27,12,26,,0,0,0,0,0,0,1139076658.5,138069898.0,0.3545,-0.208,2318710,2377498,0,21.7,,2026-08-12
1953,BRSL,Consumer Cyclical,Gambling,NYSE,1780265,11.25,77.26,3,2,-39.42,,,,,,,24,21,20,30,,0,0,0,0,0,0,2029751860.435696,183687948.0,0.041199997,-0.074,2369516,1704317,0,23.7,,2026-08-12
1954,IQMX,Technology,Computer Hardware,NASDAQ,568111,9.16,77.25,-52,-62,-39.34,,,,,,,24,76,66,41,,0,0,0,0,0,0,4432164608.177439,474028281.0,0.77,0.277,266875,623285,0,61.0,,2026-08-12
1955,STEP,Financial Services,Asset Management,NASDAQ,1506430,49.51,77.22,6,21,-36.36,,,,,,,24,18,33,33,,0,0,0,0,0,0,3819028161.313709,82288907.0,0.099300005,0.04,1809731,1578356,0,28.0,,2026-08-12
1956,IRTC,Healthcare,Medical Devices,NASDAQ,634340,121.87,77.16,3,-1,-42.51,,,,,,,24,21,17,51,,0,0,0,0,0,0,4201130118.374268,32862408.0,0.105399996,0.201,870400,625748,0,29.7,,2026-08-12
1957,KC,Technology,Software - Application,NASDAQ,1536526,11.75,77.16,10,74,-36.56,,,,,,,24,14,78,37,,0,0,0,0,0,0,3691227946.609907,299369665.0,0.0401,0.372,1906258,1518431,0,43.0,,2026-08-12
1958,CE,Basic Materials,Chemicals,NYSE,2054387,44.84,77.1,-7,33,-36.58,,,,,,,24,31,71,71,,0,0,0,0,0,0,4816880295.154572,109748926.0,0.1125,0.087,2521593,1888100,0,57.7,,2026-08-12
1959,FLY,Industrials,Aerospace & Defense,NASDAQ,3533823,26.36,77.09,13,93,-57.6,,,,,,,24,11,91,15,,0,0,0,0,0,0,4386722495.708168,164235217.0,0.121700004,0.448,3288420,5375180,1,39.0,,2026-08-12
1960,LKQ,Consumer Cyclical,Auto Parts,NASDAQ,3206743,24.7,77.03,3,1,-33.48,,,,,,,24,21,19,38,,0,0,0,0,0,0,6289632012.3802185,253002086.0,0.0656,-0.03,4536910,3061664,0,26.0,,2026-08-12
1961,CNXC,Technology,Information Technology Services,NASDAQ,1645539,25.69,77.03,11,9,-55.61,,,,,,,24,13,11,21,,0,0,0,0,0,0,1569391920.102024,61018350.0,0.21059999,0.019,1085897,1818309,0,15.0,,2026-08-12
1962,MQ,Technology,Software - Infrastructure,NASDAQ,1186051,15.57,76.93,-4,-8,-40.57,,,,,,,23,27,23,25,,0,0,0,0,0,0,1661417394.6110554,104098834.0,0.0539,0.17,1375830,1268395,0,25.0,,2026-08-12
1963,BIDU,Communication Services,Internet Content & Information,NASDAQ,2184467,105.94,76.93,-12,31,-35.91,,,,,,,23,35,78,85,,0,0,0,0,0,0,37212154005.47546,339186531.0,0.0368,-0.012,2023202,2247924,0,66.0,,2026-08-12
1964,UEC,Energy,Uranium,NYSE ARCA,7803723,11.46,76.88,-4,54,-43.66,,,,,,,23,27,85,95,,0,0,0,0,0,0,5519886128.782633,490220783.0,0.14140001,,8402101,10102326,1,69.0,,2026-08-12
1965,MDLN,Healthcare,Medical Instruments & Supplies,NASDAQ,7509571,35.04,76.86,-5,-2,-31.13,,,,,,,23,28,31,67,,0,0,0,0,0,0,30909083008.520485,877351218.0,0.0756,0.116,9049614,8811660,0,42.0,,2026-08-12
1966,BPRE,Financial Services,Asset Management,NYSE,940777,12.92,76.79,-5,27,-29.26,,,,,,,23,28,60,68,,0,0,0,0,0,0,,,0.23,,955672,861862,0,52.0,,2026-08-12
1967,CRMD,Healthcare,Biotechnology,NASDAQ,921368,7.3,76.78,-16,-32,-51.2,,,,,,,23,39,23,13,,0,0,0,0,0,0,583682073.5290532,78451891.0,0.1983,2.261,877175,1183723,0,25.0,,2026-08-12
1968,CHKP,Technology,Software - Infrastructure,NASDAQ,1290211,129.12,76.73,1,-10,-38.71,,,,,,,23,22,11,22,,0,0,0,0,0,0,13050503006.72136,102100634.0,0.069699995,0.013,1318195,1308281,0,18.3,,2026-08-12
1969,CSIQ,Technology,Solar,NASDAQ,2135681,15.88,76.71,-32,-18,-54.09,,,,,,,23,55,69,81,,0,0,0,0,0,0,1080237266.2297783,67896749.0,0.3064,-0.099,1760335,2407665,0,68.3,,2026-08-12
1970,SVC,Real Estate,REIT - Hotel & Motel,NASDAQ,1950159,8.13,76.62,-13,-29,-45.98,,,,,,,23,36,20,53,,0,0,0,0,0,0,1066031840.7058716,129530000.0,0.0347,-0.164,1859533,1843559,0,36.3,,2026-08-12
1971,XP,Financial Services,Capital Markets,NASDAQ,4774631,15.51,76.59,-10,-10,-32.94,,,,,,,23,33,33,71,,0,0,0,0,0,0,8390841344.941921,516677430.0,0.047199998,0.097,3507264,5220462,0,45.7,,2026-08-12
1972,GT,Consumer Cyclical,Auto Parts,NASDAQ,10570436,6.09,76.56,-2,-16,-42.66,,,,,,,23,25,11,46,,0,0,0,0,0,0,1854067882.7536976,287898737.0,0.173,-0.048,9423049,10178975,0,27.3,,2026-08-12
1973,BV,Industrials,Specialty Business Services,NYSE,1198594,11.3,76.51,-39,-71,-26.81,,,,,,,23,62,30,42,,0,0,0,0,0,0,1067139982.2235107,93200000.0,0.3418,0.013,1798423,1007156,0,44.7,,2026-08-12
1974,DRVN,Consumer Cyclical,Auto & Truck Dealerships,NASDAQ,802100,12.34,76.51,-31,-66,-37.49,,,,,,,23,54,19,58,,0,0,0,0,0,0,2198862987.5348587,164955964.0,0.1342,0.068,732061,909850,0,43.7,,2026-08-12
1975,QDEL,Healthcare,Medical Devices,NASDAQ,1405906,13.99,76.39,4,-10,-60.68,,,,,,,23,19,5,29,,0,0,0,0,0,0,838067252.2087202,68190989.0,0.2364,0.028,1885678,1633611,0,17.7,,2026-08-12
1976,MP,Basic Materials,Other Industrial Metals & Mining,NYSE,6113636,55.24,76.36,-2,55,-44.9,,,,,,,23,25,82,91,,0,0,0,0,0,0,9098714648.436129,178022198.0,0.1736,1.197,8369440,5961986,1,66.0,,2026-08-12
1977,TLK,Communication Services,Telecom Services,NYSE,802806,14.63,76.34,0,4,-37.8,,,,,,,23,23,27,64,,0,0,0,0,0,0,14885722436.856443,985809408.0,0.0064999997,0.064,789308,1031435,0,38.0,,2026-08-12
1978,DXYZ,Financial Services,Asset Management,NYSE,1019563,29.62,76.3,-2,61,-59.35,,,,,,,23,25,88,38,,0,0,0,0,0,0,788756022.3652344,30465664.0,0.028800001,,1053880,2704404,0,50.3,,2026-08-12
1979,LEN,Consumer Cyclical,Residential Construction,NYSE,2356505,87.55,76.23,1,-6,-39.3,,,,,,,23,22,15,47,,0,0,0,0,0,0,21242133695.075363,240895142.0,0.0027,-0.052,2269906,2656169,0,28.0,,2026-08-12
1980,MWH,Utilities,Utilities - Renewable,NASDAQ,2076408,30.28,76.13,-7,48,-37.44,,,,,,,23,30,85,38,,0,0,0,0,0,0,6119189022.416946,210788456.0,0.14770001,0.659,1808684,2096390,0,51.0,,2026-08-12
1981,SUZ,Basic Materials,Paper & Paper Products,NYSE,2742204,7.84,76.09,-4,-7,-32.03,,,,,,,23,27,24,65,,0,0,0,0,0,0,10147481184.48352,1234486722.0,0.0077,-0.051,2663942,2987392,0,38.7,,2026-08-12
1982,GPGI,Industrials,Metal Fabrication,NYSE,1306351,14.17,76.05,-2,-16,-47.09,,,,,,,23,25,11,87,,0,0,0,0,0,0,4345452262.829426,289890082.0,0.2206,,1203335,1599005,0,41.0,,2026-08-12
1983,TSCO,Consumer Cyclical,Specialty Retail,NASDAQ,10942255,35.29,76.02,12,9,-43.89,,,,,,,23,11,8,33,,0,0,0,0,0,0,18007147850.25974,521040137.0,0.0654,0.023,12828526,12420747,0,17.3,,2026-08-12
1984,OLED,Technology,Electronic Components,NASDAQ,739439,94.04,76.01,9,9,-38.69,,,,,,,23,14,14,31,,0,0,0,0,0,0,4191715795.8737183,45966835.0,0.0919,-0.114,874048,758245,0,19.7,,2026-08-12
1985,SNPS,Technology,Software - Infrastructure,NASDAQ,1801079,410.91,75.99,-8,23,-34.66,,,,,,,23,31,62,32,,0,0,0,0,0,0,79653482536.83472,191479325.0,0.0294,0.419,1573707,1968653,0,41.7,,2026-08-12
1986,ADMA,Healthcare,Biotechnology,NASDAQ,2735791,9.9,75.96,9,2,-51.61,,,,,,,22,13,6,33,,0,0,0,0,0,0,2217448246.5566254,223984680.0,0.1268,0.159,2761634,3155998,0,17.3,,2026-08-12
1987,SGI,Consumer Cyclical,"Furnishings, Fixtures & Appliances",NYSE,2446566,65.24,75.89,-7,-17,-33.81,,,,,,,22,29,19,69,,0,0,0,0,0,0,13726348287.75,210365491.0,0.0857,-0.03,3390508,2700307,0,39.0,,2026-08-12
1988,BFAM,Consumer Cyclical,Personal Services,NYSE,817504,71.52,75.88,3,4,-42.44,,,,,,,22,19,20,12,,0,0,0,0,0,0,3860277667.011452,52606675.0,0.0571,0.065,750424,956390,0,17.0,,2026-08-12
1989,KNF,Basic Materials,Building Materials,NYSE,632581,68.15,75.77,-19,-24,-29.22,,,,,,,22,41,36,58,,0,0,0,0,0,0,3791157687.199021,56753855.0,0.0747,0.126,1095353,651146,0,45.0,,2026-08-12
1990,KR,Consumer Defensive,Grocery Stores,NYSE,7288956,56.25,75.74,-7,3,-26.55,,,,,,,22,29,39,48,,0,0,0,0,0,0,34755480027.41233,612647282.0,0.0481,0.022,6341388,8173503,0,38.7,,2026-08-12
1991,ISRG,Healthcare,Medical Instruments & Supplies,NASDAQ,3730559,401.23,75.69,2,5,-33.56,,,,,,,22,20,23,30,,0,0,0,0,0,0,135719302700.07776,358278038.0,0.019,0.185,3101908,3288573,0,24.3,,2026-08-12
1992,TYL,Technology,Software - Application,NYSE,780567,322.93,75.61,5,4,-46.0,,,,,,,22,17,16,11,,0,0,0,0,0,0,12795538511.205688,40952274.0,0.1003,0.082,943302,862998,0,14.7,,2026-08-12
1993,IONS,Healthcare,Biotechnology,NASDAQ,3894308,55.42,75.59,-2,58,-36.11,,,,,,,22,24,84,94,,0,0,0,0,0,0,9399385480.539436,166184322.0,0.1604,-0.407,2599325,3140795,1,67.3,,2026-08-12
1994,MBLY,Consumer Cyclical,Auto Parts,NASDAQ,7789140,8.87,75.52,-15,-23,-43.9,,,,,,,22,37,29,13,,0,0,0,0,0,0,2203622844.041485,252419583.0,0.1884,0.004,4997820,6965866,0,26.3,,2026-08-12
1995,WLTH,Technology,Software - Application,NASDAQ,1078741,9.6,75.41,4,44,-34.92,,,,,,,22,18,58,14,,0,0,0,0,0,0,1448803766.711609,149361216.0,0.074499995,0.071,890125,1701045,0,30.0,,2026-08-12
1996,PDD,Consumer Cyclical,Internet Retail,NASDAQ,6348342,90.5,75.35,3,9,-35.08,,,,,,,22,19,25,23,,0,0,0,0,0,0,130610862393.82288,1423396462.0,0.038,0.11,5663188,7369677,0,22.3,,2026-08-12
1997,FCUV,Technology,Scientific & Technical Instruments,NASDAQ,4000241,6.0,75.29,21,20,-97.14,,,,,,,22,1,0,1,,0,0,0,0,0,0,3654617.06594944,702811.0,0.044699997,-0.748,11901903,4585029,0,0.7,,2026-08-12
1998,MF,Communication Services,Advertising Agencies,NASDAQ,686202,9.83,75.27,22,22,-91.26,,,,,,,22,0,0,14,,0,0,0,0,0,0,17834894.682876587,1818032.0,0.0423,-0.326,238917,1507303,0,4.7,,2026-08-12
1999,PSKY,Communication Services,Entertainment,NASDAQ,11149087,9.38,75.22,5,12,-55.03,,,,,,,22,17,24,24,,0,0,0,0,0,0,10285199933.396296,1119173058.0,0.1548,0.009,13375123,10181542,0,21.7,,2026-08-12
2000,HSAI,Consumer Cyclical,Auto Parts,NASDAQ,1785312,18.95,75.18,9,53,-38.57,,,,,,,22,13,57,85,,0,0,0,0,0,0,24162185500.152054,1257137688.0,0.0721,0.296,1718236,1802195,0,51.7,,2026-08-12
2001,OLN,Basic Materials,Chemicals,NYSE,3394156,19.08,75.05,-8,39,-37.36,,,,,,,22,30,77,70,,0,0,0,0,0,0,2118934506.492348,113982490.0,0.1454,-0.009,3982808,3323039,0,59.0,,2026-08-12
2002,CRK,Energy,Oil & Gas E&P,NYSE,2447841,14.39,75.02,7,9,-48.79,,,,,,,22,15,17,28,,0,0,0,0,0,0,3937451503.87706,293620548.0,0.3066,-0.252,2357144,2544080,0,20.0,,2026-08-12
2003,MLCO,Consumer Cyclical,Resorts & Casinos,NASDAQ,2635812,5.55,74.87,3,6,-45.32,,,,,,,22,19,22,17,,0,0,0,0,0,0,2143369354.1139264,388291551.0,0.0305,0.109,1548728,2526185,0,19.3,,2026-08-12
2004,LVS,Consumer Cyclical,Resorts & Casinos,NYSE,5170735,45.72,74.81,-2,8,-35.1,,,,,,,22,24,34,64,,0,0,0,0,0,0,29645283488.174072,647701184.0,0.1393,-0.007,5633066,4933235,0,40.7,,2026-08-12
2005,RTO,Industrials,Specialty Business Services,NYSE,1355365,24.56,74.79,-24,5,-29.16,,,,,,,22,46,75,75,,0,0,0,0,0,0,12183633062.432716,503247977.0,0.005,0.067,2421615,1180885,0,65.3,,2026-08-12
2006,UTI,Consumer Defensive,Education & Training Services,NYSE,1291758,25.49,74.78,-67,-72,-50.35,,,,,,,22,89,84,55,,0,0,0,0,0,0,1594027021.9585,55061381.0,0.0925,0.072,1932245,1261119,0,76.0,,2026-08-12
2007,FIS,Technology,Information Technology Services,NYSE,6298517,42.76,74.76,6,5,-41.35,,,,,,,22,16,15,16,,0,0,0,0,0,0,22056742306.161434,515705917.0,0.04,0.291,8256731,6451078,0,15.7,,2026-08-12
2008,WU,Financial Services,Credit Services,NYSE,11187388,7.05,74.76,-14,-14,-31.88,,,,,,,22,36,36,58,,0,0,0,0,0,0,2208103161.685522,311878981.0,0.20799999,-0.013,17857016,10356143,0,43.3,,2026-08-12
2009,PATK,Consumer Cyclical,Recreational Vehicles,NASDAQ,792508,87.42,74.71,0,3,-41.13,,,,,,,21,21,24,86,,0,0,0,0,0,0,2853386456.1394043,32118264.0,0.1545,-0.006,529894,660222,0,43.7,,2026-08-12
2010,ATEC,Healthcare,Medical Devices,NASDAQ,2504916,9.37,74.7,5,-5,-59.77,,,,,,,21,16,6,28,,0,0,0,0,0,0,1431778494.0825603,153789305.0,0.103199996,0.151,2957940,2786100,0,16.7,,2026-08-12
2011,IE,Basic Materials,Copper,NYSE ARCA,2143872,11.12,74.59,7,70,-48.4,,,,,,,21,14,77,93,,0,0,0,0,0,0,1744373427.3201408,158291593.0,0.0855,-0.322,2225237,2329707,1,61.3,,2026-08-12
2012,CHA,Consumer Cyclical,Restaurants,NASDAQ,529327,10.24,74.44,-5,-17,-57.15,,,,,,,21,26,14,10,,0,0,0,0,0,0,1941970716.896347,190763326.0,0.0507,0.045,478351,660834,0,16.7,,2026-08-12
2013,AAON,Industrials,Building Products & Equipment,NASDAQ,1160773,85.78,74.39,-60,-56,-42.99,,,,,,,21,81,85,54,,0,0,0,0,0,0,7767687609.284821,81911710.0,0.0584,0.543,1446820,1089914,0,73.3,,2026-08-12
2014,UPST,Financial Services,Credit Services,NASDAQ,4174115,29.89,74.34,1,-2,-61.16,,,,,,,21,20,17,13,,0,0,0,0,0,0,2975672694.8144264,95711569.0,0.3136,0.423,5424635,4402033,0,16.7,,2026-08-12
2015,BXMT,Real Estate,REIT - Mortgage,NYSE,2159202,14.64,74.3,-12,2,-29.17,,,,,,,21,33,47,55,,0,0,0,0,0,0,2384891748.3557224,168543591.0,0.075100005,-0.731,3567366,1924671,0,45.0,,2026-08-12
2016,GME,Consumer Cyclical,Specialty Retail,NYSE,5445299,18.82,74.27,-16,-23,-33.02,,,,,,,21,37,30,45,,0,0,0,0,0,0,8596924415.655148,448691257.0,0.1354,0.141,9441917,5724189,0,37.3,,2026-08-12
2017,LBRDK,Communication Services,Telecom Services,NASDAQ,1607700,37.1,74.26,13,13,-43.55,,,,,,,21,8,8,31,,0,0,0,0,0,0,5148698705.672112,143497730.0,0.0319,,1466621,1894012,0,15.7,,2026-08-12
2018,STNE,Technology,Software - Infrastructure,NASDAQ,3549038,9.96,74.25,-9,-23,-50.08,,,,,,,21,30,16,71,,0,0,0,0,0,0,2578219288.384205,243228226.0,0.1035,0.043,3169434,3923538,0,39.0,,2026-08-12
2019,RBA,Industrials,Specialty Business Services,NYSE,1355906,89.63,74.25,-29,-42,-25.05,,,,,,,21,50,37,50,,0,0,0,0,0,0,17646336227.416992,186300000.0,0.095,0.111,2085899,1285009,0,45.7,,2026-08-12
2020,DFH,Consumer Cyclical,Residential Construction,NYSE,678431,14.14,74.25,-5,-22,-55.1,,,,,,,21,26,9,36,,0,0,0,0,0,0,1363579877.144111,90723879.0,0.4113,-0.076,855024,681008,0,23.7,,2026-08-12
2021,SG,Consumer Cyclical,Restaurants,NYSE,6267219,5.39,74.12,-12,8,-49.29,,,,,,,21,33,53,14,,0,0,0,0,0,0,641669359.1322885,118827657.0,0.2275,0.038,7566087,5948375,0,33.3,,2026-08-12
2022,CPNG,Consumer Cyclical,Internet Retail,NYSE,19829690,16.5,74.11,4,4,-51.58,,,,,,,21,17,17,14,,0,0,0,0,0,0,29173614100.624443,1797511702.0,0.0629,0.039,23339900,23067378,0,16.0,,2026-08-12
2023,CRWV,Technology,Software - Infrastructure,NASDAQ,26791789,90.32,74.0,6,71,-41.04,,,,,,,21,15,80,85,,0,0,0,0,0,0,49466862272.85086,545570346.0,0.21440001,1.116,29239548,28707169,0,60.0,,2026-08-12
2024,QXO,Industrials,Industrial Distribution,NYSE,26681905,15.55,73.89,8,18,-43.68,,,,,,,21,13,23,90,,0,0,0,0,0,0,17440040610.365555,1079210444.0,0.115200005,127.163,18461216,23689905,1,42.0,,2026-08-12
2025,LULU,Consumer Cyclical,Apparel Retail,NASDAQ,2509236,125.61,73.86,8,5,-44.42,,,,,,,21,13,10,24,,0,0,0,0,0,0,14600762984.363434,113553918.0,0.0923,0.043,2267059,3475849,0,15.7,,2026-08-12
2026,COUR,Consumer Defensive,Education & Training Services,NYSE,6644599,5.69,73.72,0,-9,-53.81,,,,,,,21,21,12,14,,0,0,0,0,0,0,1663743635.5344276,286358632.0,0.082200006,0.596,9083477,7253565,0,15.7,,2026-08-12
2027,LII,Industrials,Building Products & Equipment,NYSE,552149,430.83,73.59,-32,-53,-30.12,,,,,,,21,53,32,46,,0,0,0,0,0,0,15198747665.055084,34560675.0,0.09020001,0.03,796667,486141,0,43.7,,2026-08-12
2028,CCI,Real Estate,REIT - Specialty,NYSE,4369705,73.64,73.57,-8,-3,-29.63,,,,,,,21,29,34,33,,0,0,0,0,0,0,32160175075.94565,425455439.0,0.0328,-0.049,4644565,4546235,0,32.0,,2026-08-12
2029,FWRG,Consumer Cyclical,Restaurants,NASDAQ,1097446,11.78,73.51,-6,-21,-39.68,,,,,,,21,27,12,29,,0,0,0,0,0,0,766468447.4082851,61712435.0,0.0967,0.152,1500518,1193617,0,22.7,,2026-08-12
2030,GDS,Technology,Information Technology Services,NASDAQ,1843020,32.63,73.5,-2,54,-32.87,,,,,,,21,23,79,87,,0,0,0,0,0,0,6408075972.014408,200377613.0,0.1192,0.236,1780972,2142100,0,63.0,,2026-08-12
2031,ESAB,Industrials,Metal Fabrication,NYSE,638937,87.96,73.43,2,0,-35.99,,,,,,,21,19,17,64,,0,0,0,0,0,0,5707809966.544785,62135967.0,0.093,0.129,614823,729812,0,33.3,,2026-08-12
2032,FUN,Consumer Cyclical,Leisure,NYSE,2445931,15.91,73.25,-13,1,-41.87,,,,,,,20,33,47,18,,0,0,0,0,0,0,1674918113.3072662,102316312.0,0.2195,-0.07,2937865,2377957,0,32.7,,2026-08-12
2033,NAMS,Healthcare,Biotechnology,NASDAQ,1034616,27.62,73.21,-37,-14,-34.56,,,,,,,20,57,80,84,,0,0,0,0,0,0,3268635145.8112106,116903979.0,0.0922,-0.807,1207429,1146137,0,73.7,,2026-08-12
2034,WEAV,Healthcare,Health Information Services,NYSE,1178299,5.03,73.19,-56,-114,-37.98,,,,,,,20,76,18,16,,0,0,0,0,0,0,423195336.4582758,79999119.0,0.075500004,0.155,1312748,1121967,0,36.7,,2026-08-12
2035,CHTR,Communication Services,Telecom Services,NASDAQ,2896214,157.69,73.16,12,12,-44.83,,,,,,,20,8,8,28,,0,0,0,0,0,0,18198167980.62445,119277493.0,0.45470002,-0.017,2537652,3395464,0,14.7,,2026-08-12
2036,LEU,Energy,Uranium,NYSE,775944,189.19,73.1,6,59,-59.25,,,,,,,20,14,67,84,,0,0,0,0,0,0,3818378338.033936,19952858.0,0.26549998,0.14,646314,853142,0,55.0,,2026-08-12
2037,DNA,Healthcare,Biotechnology,NYSE,1016594,7.51,73.01,-17,-30,-57.28,,,,,,,20,37,24,34,,0,0,0,0,0,0,520636179.5643764,65324491.0,0.1009,-0.485,1142772,1171260,0,31.7,,2026-08-12
2038,CHWY,Consumer Cyclical,Internet Retail,NYSE,7885772,22.47,72.97,8,10,-48.34,,,,,,,20,12,14,12,,0,0,0,0,0,0,9633751871.839293,409424207.0,0.118,0.077,6797847,9283025,0,12.7,,2026-08-12
2039,INFQ,Technology,Software - Infrastructure,NYSE,9470816,11.82,72.9,5,19,-44.45,,,,,,,20,15,29,32,,0,0,0,0,0,0,2598724938.5157967,218196891.0,1.79,0.139,7525120,13713652,0,25.3,,2026-08-12
2040,NXTC,Healthcare,Biotechnology,NASDAQ,4362680,6.73,72.89,1,63,-57.24,,,,,,,20,19,81,94,,0,0,0,0,0,0,26731777.258449554,4577359.0,0.3254,,491302,2689418,1,64.7,,2026-08-12
2041,TSLA,Consumer Cyclical,Auto Manufacturers,NASDAQ,39706702,332.81,72.82,-34,-19,-33.28,,,,,,,20,54,69,62,,0,0,0,0,0,0,1297742229687.0466,3949547394.0,0.02,0.255,32722336,43002347,0,61.7,,2026-08-12
2042,CPRI,Consumer Cyclical,Luxury Goods,NYSE,3567585,15.57,72.79,-2,1,-44.92,,,,,,,20,22,25,46,,0,0,0,0,0,0,1757528431.030363,114796106.0,0.0887,-0.035,4259417,3385201,0,31.0,,2026-08-12
2043,ONON,Consumer Cyclical,Footwear & Accessories,NYSE,5575625,30.91,72.71,-10,-19,-40.79,,,,,,,20,30,21,40,,0,0,0,0,0,0,12516531370.039593,333329737.0,0.0849,0.145,8342105,5376027,0,30.3,,2026-08-12
2044,DOX,Technology,Software - Infrastructure,NASDAQ,1370304,57.49,72.42,4,9,-36.33,,,,,,,20,16,21,25,,0,0,0,0,0,0,6215902119.003296,106164000.0,0.1142,0.027,1376323,1513524,0,20.7,,2026-08-12
2045,LEGN,Healthcare,Biotechnology,NASDAQ,2479942,21.83,72.42,-35,-17,-43.08,,,,,,,20,55,73,10,,0,0,0,0,0,0,4013875684.0,193439792.0,0.1734,0.565,2595858,2924161,0,46.0,,2026-08-12
2046,ONT,Industrials,Waste Management,NYSE,668866,16.41,72.29,-7,-21,-47.44,,,,,,,20,27,13,40,,0,0,0,0,0,0,579788678.2777405,35117424.0,0.121300004,-0.204,1035840,718598,0,26.7,,2026-08-12
2047,TDS,Communication Services,Telecom Services,NYSE,1192617,33.33,72.23,-2,28,-32.15,,,,,,,20,22,52,71,,0,0,0,0,0,0,3754772947.883606,113850000.0,0.00059999997,,1476153,1152656,0,48.3,,2026-08-12
2048,KEP,Utilities,Utilities - Regulated Electric,NYSE,1095028,12.3,72.16,0,9,-47.46,,,,,,,20,20,29,94,,0,0,0,0,0,0,16036262349.592169,1283928154.0,0.0038,0.007,900284,1173316,1,47.7,,2026-08-12
2049,DJT,Communication Services,Internet Content & Information,NASDAQ,4612003,8.91,72.02,4,-1,-53.03,,,,,,,20,16,11,14,,0,0,0,0,0,0,2827698594.44495,276953828.0,0.102299996,0.061,4967420,4886462,0,13.7,,2026-08-12
2050,GILT,Technology,Communication Equipment,NASDAQ,580503,11.21,71.98,-9,51,-46.44,,,,,,,20,29,89,93,,0,0,0,0,0,0,847538711.4921417,75470948.0,0.0279,0.169,640201,711584,1,70.3,,2026-08-12
2051,NRG,Utilities,Utilities - Independent Power Producers,NYSE,2910113,119.79,71.85,-7,-11,-36.94,,,,,,,20,27,23,69,,0,0,0,0,0,0,24832163779.429665,210210483.0,0.048499998,0.11,4157690,2857062,0,39.7,,2026-08-12
2052,TCOM,Consumer Cyclical,Travel Services,NASDAQ,2957509,46.2,71.74,4,11,-41.51,,,,,,,19,15,22,23,,0,0,0,0,0,0,29054598558.738438,629705222.0,0.0218,0.172,2889638,3307781,0,20.0,,2026-08-12
2053,MARA,Financial Services,Capital Markets,NASDAQ,46266273,9.68,71.73,-16,22,-58.72,,,,,,,19,35,73,9,,0,0,0,0,0,0,3897759965.674595,386299297.0,0.33150002,-0.267,38422649,44654307,0,39.0,,2026-08-12
2054,OLLI,Consumer Defensive,Discount Stores,NASDAQ,1969733,78.71,71.67,8,9,-43.99,,,,,,,19,11,12,29,,0,0,0,0,0,0,4935406721.982239,60453292.0,0.13159999,0.142,1318121,2149746,0,17.3,,2026-08-12
2055,VNET,Technology,Information Technology Services,NASDAQ,4163851,7.51,71.52,-7,35,-48.14,,,,,,,19,26,68,88,,0,0,0,0,0,0,2086789721.4697516,284691643.0,0.2682,0.198,4317203,4864538,0,60.7,,2026-08-12
2056,JBI,Industrials,Building Products & Equipment,NYSE,1226463,5.06,71.43,0,-7,-53.15,,,,,,,19,19,12,33,,0,0,0,0,0,0,756978173.464797,136392459.0,0.0416,0.058,1555430,1649040,0,21.3,,2026-08-12
2057,GLOB,Technology,Information Technology Services,NYSE,1824773,38.98,71.39,11,9,-51.07,,,,,,,19,8,6,12,,0,0,0,0,0,0,1614915460.2867737,43179556.0,0.2226,-0.007,1601230,1958076,0,8.7,,2026-08-12
2058,FLNC,Utilities,Utilities - Renewable,NASDAQ,8666598,13.11,71.26,-53,-30,-60.88,,,,,,,19,72,95,95,,0,0,0,0,0,0,1752447570.0191498,132811490.0,0.4044,0.079,10074275,10704001,2,87.3,,2026-08-12
2059,WMG,Communication Services,Entertainment,NASDAQ,2242741,25.08,71.16,-13,21,-29.19,,,,,,,19,32,66,34,,0,0,0,0,0,0,13804866484.629135,523109769.0,0.0979,0.104,2756515,2220869,0,44.0,,2026-08-12
2060,ETOR,Financial Services,Capital Markets,NASDAQ,833699,29.33,70.91,-25,-5,-50.14,,,,,,,19,44,64,15,,0,0,0,0,0,0,2802534785.08358,79527090.0,0.0583,-0.356,1176168,788575,0,41.0,,2026-08-12
2061,TIMB,Communication Services,Telecom Services,NYSE,526158,18.04,70.83,-30,-27,-36.07,,,,,,,19,49,52,82,,0,0,0,0,0,0,8804631573.312744,477733664.0,0.0136,0.055,544956,435459,0,61.0,,2026-08-12
2062,YXT,Technology,Software - Application,NASDAQ,2216912,5.17,70.75,5,2,-83.91,,,,,,,19,14,11,10,,0,0,0,0,0,0,356423907.9368305,59602660.0,1.01,0.047,6640386,1359676,0,11.7,,2026-08-12
2063,SMMT,Healthcare,Biotechnology,NASDAQ,3768681,15.11,70.64,1,21,-49.72,,,,,,,19,18,38,20,,0,0,0,0,0,0,11136584474.351732,797749602.0,0.2458,,3524344,5222234,0,25.3,,2026-08-12
2064,CALX,Technology,Software - Infrastructure,NYSE,1296758,39.62,70.49,1,1,-44.37,,,,,,,19,18,18,50,,0,0,0,0,0,0,2391372273.397373,62963989.0,0.1272,0.213,981775,1293407,0,28.7,,2026-08-12
2065,WRD,Technology,Software - Application,NASDAQ,2004569,6.33,70.48,4,20,-49.56,,,,,,,19,15,31,20,,0,0,0,0,0,0,2074028550.0919905,329210871.0,0.041300002,0.576,1761778,2465421,0,22.0,,2026-08-12
2066,PEGA,Technology,Software - Application,NASDAQ,3146577,33.07,70.48,7,8,-51.44,,,,,,,19,12,13,27,,0,0,0,0,0,0,5382618175.248241,164404945.0,0.1843,0.094,2009071,2803904,0,17.3,,2026-08-12
2067,PFSI,Financial Services,Mortgage Finance,NYSE,637223,76.59,70.45,-1,5,-52.24,,,,,,,19,20,26,26,,0,0,0,0,0,0,4021571378.772339,51951572.0,0.081999995,0.018,973860,618754,0,24.0,,2026-08-12
2068,HNRG,Utilities,Utilities - Independent Power Producers,NASDAQ,832317,15.64,70.4,-29,-35,-36.68,,,,,,,18,47,41,66,,0,0,0,0,0,0,695644596.7072906,47130392.0,0.084300004,-0.135,1087531,830440,0,51.3,,2026-08-12
2069,BLDR,Industrials,Building Products & Equipment,NYSE,2277644,75.1,70.02,3,-2,-50.27,,,,,,,18,15,10,35,,0,0,0,0,0,0,8036379636.016663,107596457.0,0.0799,-0.088,2774234,2347632,0,20.0,,2026-08-12
2070,SRAD,Technology,Software - Application,NASDAQ,2638243,13.27,69.86,1,-7,-58.81,,,,,,,18,17,9,17,,0,0,0,0,0,0,3853290774.71592,295951662.0,0.1042,0.189,4191479,2738975,0,14.3,,2026-08-12
2071,NFLX,Communication Services,Entertainment,NASDAQ,44769490,74.79,69.83,4,19,-40.98,,,,,,,18,14,29,15,,0,0,0,0,0,0,308714485037.1729,4163939676.0,0.0241,0.134,34698012,45956098,0,19.3,,2026-08-12
2072,HDB,Financial Services,Banks - Regional,NYSE,8827790,23.29,69.73,-6,-15,-38.48,,,,,,,18,24,15,33,,0,0,0,0,0,0,121340222513.82022,5135007483.0,0.0041,0.166,7018250,9068314,0,24.0,,2026-08-12
2073,NKE,Consumer Cyclical,Footwear & Accessories,NYSE,23465104,41.32,69.68,-2,-10,-48.46,,,,,,,18,20,12,36,,0,0,0,0,0,0,61861897046.91969,1483498703.0,0.067,-0.011,21119724,23439864,0,22.7,,2026-08-12
2074,BL,Technology,Software - Application,NASDAQ,1040221,28.12,69.52,2,-6,-52.8,,,,,,,18,16,8,16,,0,0,0,0,0,0,1717601684.1539383,58125270.0,0.16950001,0.092,1252864,1153814,0,13.3,,2026-08-12
2075,VEEE,Consumer Cyclical,Recreational Vehicles,NASDAQ,4618750,12.78,69.26,-79,-176,-90.02,,,,,,,18,97,0,6,,0,0,0,0,0,0,4854868.5,571161.0,0.45630002,0.098,213481,2792420,1,34.3,,2026-08-12
2076,SITE,Industrials,Industrial Distribution,NYSE,864879,98.97,69.25,-3,3,-41.29,,,,,,,18,21,27,65,,0,0,0,0,0,0,4534048832.045136,43655390.0,0.0798,0.047,1169548,879323,0,37.7,,2026-08-12
2077,GLIBK,Communication Services,Telecom Services,NASDAQ,549087,24.93,69.23,7,14,-39.45,,,,,,,18,11,18,71,,0,0,0,0,0,0,957719856.0,39904994.0,0.0876,0.0,481591,795994,0,33.3,,2026-08-12
2078,FRMI,Real Estate,REIT - Specialty,NASDAQ,18794011,7.12,69.19,1,-11,-80.75,,,,,,,18,17,5,4,,0,0,0,0,0,0,3943355049.085732,638083359.0,0.0875,,19770975,19798999,0,8.7,,2026-08-12
2079,EPAM,Technology,Information Technology Services,NYSE,1723360,99.9,68.79,8,5,-55.11,,,,,,,17,9,6,27,,0,0,0,0,0,0,5026119574.573097,51586981.0,0.2566,0.045,2101140,2027764,0,14.0,,2026-08-12
2080,CPRT,Industrials,Specialty Business Services,NASDAQ,11875370,29.4,68.67,1,3,-41.33,,,,,,,17,16,18,19,,0,0,0,0,0,0,28571726641.090805,963308388.0,0.0511,0.021,9540681,12245124,0,17.7,,2026-08-12
2081,DOCS,Healthcare,Health Information Services,NYSE,6064137,26.11,68.55,5,-2,-65.87,,,,,,,17,12,5,7,,0,0,0,0,0,0,4883939784.004555,178245980.0,0.1611,0.073,12319261,5102470,0,8.0,,2026-08-12
2082,GOOS,Consumer Cyclical,Apparel Manufacturing,NYSE,719632,8.77,68.33,-1,7,-43.04,,,,,,,17,18,26,59,,0,0,0,0,0,0,856483585.635479,97660609.0,0.0917,0.103,1000398,686515,0,34.3,,2026-08-12
2083,PAR,Technology,Software - Application,NYSE,939061,17.43,68.24,0,-12,-68.09,,,,,,,17,17,5,6,,0,0,0,0,0,0,734594782.1621532,41246199.0,0.2873,0.187,1004015,1140395,0,9.3,,2026-08-12
2084,STUB,Communication Services,Internet Content & Information,NYSE,5358802,8.19,68.22,-23,-53,-70.63,,,,,,,17,40,10,8,,0,0,0,0,0,0,3360163772.3410177,375437301.0,0.1094,0.122,4387047,6696997,0,19.3,,2026-08-12
2085,FOUR,Technology,Software - Infrastructure,NYSE,1398303,41.04,68.16,-5,-18,-55.77,,,,,,,17,22,9,16,,0,0,0,0,0,0,3257894418.6680603,78960120.0,0.2005,0.34,2021289,1647963,0,15.7,,2026-08-12
2086,QFIN,Financial Services,Credit Services,NASDAQ,1191328,12.8,68.08,3,-1,-63.38,,,,,,,17,14,10,9,,0,0,0,0,0,0,1611994916.2932053,121751884.0,0.024500001,-0.167,1008436,1345785,0,11.0,,2026-08-12
2087,WHR,Consumer Cyclical,"Furnishings, Fixtures & Appliances",NYSE,2471163,43.59,68.03,8,6,-54.86,,,,,,,17,9,7,59,,0,0,0,0,0,0,2821829000.2509155,65199378.0,0.002,-0.068,2778031,2504646,0,25.0,,2026-08-12
2088,PSIX,Industrials,Specialty Industrial Machinery,NASDAQ,516063,42.15,67.95,12,17,-64.79,,,,,,,17,5,10,94,,0,0,0,0,0,0,941531661.9609832,23065450.0,0.1417,-0.205,693360,498900,1,36.3,,2026-08-12
2089,KMPR,Financial Services,Insurance - Property & Casualty,NYSE,881245,26.18,67.92,0,1,-52.31,,,,,,,17,17,18,15,,0,0,0,0,0,0,1678504367.7952423,58874232.0,0.098400004,-0.091,874546,1146801,0,16.7,,2026-08-12
2090,MMS,Industrials,Specialty Business Services,NYSE,669886,54.19,67.79,-2,-2,-45.81,,,,,,,17,19,19,37,,0,0,0,0,0,0,3099055920.0675545,52357763.0,0.1062,-0.051,763719,710191,0,25.0,,2026-08-12
2091,HLI,Financial Services,Capital Markets,NYSE,1010833,125.45,67.77,-3,3,-40.76,,,,,,,17,20,26,31,,0,0,0,0,0,0,9015358500.0,69886500.0,0.032899998,-0.155,1241590,882710,0,25.7,,2026-08-12
2092,ALHC,Healthcare,Healthcare Plans,NASDAQ,5575756,13.2,67.69,-52,-83,-47.45,,,,,,,17,69,38,81,,0,0,0,0,0,0,2980843067.390931,207435149.0,0.123100005,0.316,7608368,6139461,0,62.7,,2026-08-12
2093,PPC,Consumer Defensive,Packaged Foods,NASDAQ,1556601,26.86,67.63,-1,-7,-46.73,,,,,,,17,18,12,50,,0,0,0,0,0,0,6536079165.462387,238108524.0,0.0326,-0.028,1622173,1596904,0,26.7,,2026-08-12
2094,FIGR,Financial Services,Capital Markets,NASDAQ,3156318,27.84,67.59,-4,54,-64.31,,,,,,,17,21,79,45,,0,0,0,0,0,0,6327906483.935217,221100849.0,0.067600004,1.192,3347946,3646827,0,48.3,,2026-08-12
2095,PNR,Industrials,Specialty Industrial Machinery,NYSE,3347048,67.19,67.42,-2,-5,-41.04,,,,,,,17,19,16,41,,0,0,0,0,0,0,11133005620.853806,161605541.0,0.045100003,-0.17,3219225,2913493,0,25.3,,2026-08-12
2096,BRBR,Consumer Defensive,Packaged Foods,NYSE,4462637,11.55,67.28,9,4,-73.15,,,,,,,17,8,3,7,,0,0,0,0,0,0,1344175971.432272,116278194.0,0.1451,0.042,4963292,5561820,0,6.0,,2026-08-12
2097,CRML,Basic Materials,Other Industrial Metals & Mining,NASDAQ,5834132,6.77,67.26,-46,-11,-78.94,,,,,,,17,63,98,98,,0,0,1,1,0,2,1064943459.25,146888753.0,0.2368,0.578,6423497,5936687,2,86.3,,2026-08-12
2098,ABR,Real Estate,REIT - Mortgage,NYSE,4157793,5.35,67.23,6,8,-57.47,,,,,,,17,11,13,19,,0,0,0,0,0,0,998085512.2584386,186558043.0,0.0002,-0.248,4897270,4066318,0,14.3,,2026-08-12
2099,QUBT,Technology,Computer Hardware,NASDAQ,9259754,8.95,67.16,0,55,-65.36,,,,,,,17,17,72,19,,0,0,0,0,0,0,2070411249.487816,225534987.0,0.3243,93.641,9008472,12985586,0,36.0,,2026-08-12
2100,PLAY,Communication Services,Entertainment,NASDAQ,1448501,10.03,67.16,8,7,-62.46,,,,,,,17,9,8,25,,0,0,0,0,0,0,357279903.3050003,34788694.0,0.4179,-0.015,1582444,1741268,0,14.0,,2026-08-12
2101,VERX,Technology,Software - Application,NASDAQ,2360728,12.23,66.94,0,-4,-54.07,,,,,,,17,17,13,6,,0,0,0,0,0,0,1936882613.130627,162217980.0,0.09060001,0.105,3337934,2142416,0,12.0,,2026-08-12
2102,SOUN,Technology,Software - Application,NASDAQ,35645526,7.41,66.6,1,9,-66.58,,,,,,,16,15,23,13,,0,0,0,0,0,0,3494107123.0358124,435674180.0,0.42349997,0.45,40589760,32121636,0,17.0,,2026-08-12
2103,QBTS,Technology,Computer Hardware,NASDAQ,18821160,16.21,66.59,-17,28,-65.33,,,,,,,16,33,78,88,,0,0,0,0,0,0,7731853094.324736,372439933.0,0.2002,-0.006,18635622,24752620,0,66.3,,2026-08-12
2104,APTV,Consumer Cyclical,Auto Parts,NYSE,3496453,49.62,66.57,-8,-16,-44.2,,,,,,,16,24,16,66,,0,0,0,0,0,0,10288231392.63834,207633331.0,0.075,0.023,5825351,3622610,0,35.3,,2026-08-12
2105,ZTS,Healthcare,Drug Manufacturers - Specialty & Generic,NYSE,6534258,75.35,66.46,6,4,-53.05,,,,,,,16,10,8,31,,0,0,0,0,0,0,30024828434.590027,413223602.0,0.0506,-0.002,8152515,6863563,0,16.3,,2026-08-12
2106,POST,Consumer Defensive,Packaged Foods,NYSE,1005796,78.49,66.37,-7,3,-33.07,,,,,,,16,23,33,38,,0,0,0,0,0,0,3566434402.9908447,45322586.0,0.1595,-0.018,1277480,954996,0,31.3,,2026-08-12
2107,WIX,Technology,Software - Infrastructure,NASDAQ,1434758,66.71,66.34,5,0,-65.06,,,,,,,16,11,6,7,,0,0,0,0,0,0,3510511994.890167,58314152.0,0.25959998,0.149,1853345,1553191,0,8.0,,2026-08-12
2108,PCT,Industrials,Pollution & Treatment Controls,NASDAQ,4342667,7.65,66.23,0,65,-50.61,,,,,,,16,16,81,31,,0,0,0,0,0,0,1448523687.7639103,200904810.0,0.38799998,1.612,4890412,5594574,0,42.7,,2026-08-12
2109,SYM,Industrials,Specialty Industrial Machinery,NASDAQ,1744648,41.69,66.13,-2,40,-52.56,,,,,,,16,18,60,83,,0,0,0,0,0,0,5218312488.2142105,129873381.0,0.29790002,0.231,2023274,1970018,0,53.7,,2026-08-12
2110,CELH,Consumer Defensive,Beverages - Non-Alcoholic,NASDAQ,10616815,28.09,66.12,1,-3,-57.91,,,,,,,16,15,11,70,,0,0,0,0,0,0,7026783371.020252,253035047.0,0.15890001,0.106,15826686,10202577,0,32.0,,2026-08-12
2111,VITL,Consumer Defensive,Farm Products,NASDAQ,1631239,11.56,66.1,4,-6,-78.24,,,,,,,16,12,2,20,,0,0,0,0,0,0,525481819.4537544,42931522.0,0.2685,-0.101,1754909,2054767,0,11.3,,2026-08-12
2112,PSN,Technology,Information Technology Services,NYSE,1659433,48.25,66.03,-6,-12,-46.09,,,,,,,16,22,16,23,,0,0,0,0,0,0,5078596403.213951,106805394.0,0.1532,-0.005,3079759,1464529,0,20.3,,2026-08-12
2113,BILI,Communication Services,Internet Content & Information,NASDAQ,2073011,17.99,65.85,2,9,-50.58,,,,,,,16,14,21,83,,0,0,0,0,0,0,7842797940.311632,418505765.0,0.0701,0.067,2099115,2337187,0,39.3,,2026-08-12
2114,ORCL,Technology,Software - Infrastructure,NYSE,36961201,145.48,65.68,4,51,-57.92,,,,,,,16,12,59,21,,0,0,0,0,0,0,423486858726.6998,2880471000.0,0.0291,0.206,31411754,34606388,0,30.7,,2026-08-12
2115,PRCT,Healthcare,Medical Devices,NASDAQ,1794081,22.89,65.54,5,13,-46.4,,,,,,,16,11,19,16,,0,0,0,0,0,0,1161713597.3548737,56918844.0,0.1402,0.193,2295094,1762978,0,15.3,,2026-08-12
2116,ACM,Industrials,Engineering & Construction,NYSE,1707695,67.05,65.49,0,-2,-50.52,,,,,,,15,15,13,22,,0,0,0,0,0,0,9747177782.13501,128522920.0,0.085,0.008,1998697,1844883,0,16.7,,2026-08-12
2117,ADTN,Technology,Communication Equipment,NASDAQ,2274722,7.76,65.44,-55,-34,-61.16,,,,,,,15,70,91,71,,0,0,0,0,0,0,615999432.2575965,81481407.0,0.1785,0.061,3198636,2352809,1,77.3,,2026-08-12
2118,PONY,Technology,Information Technology Services,NASDAQ,3505070,8.47,65.4,7,8,-66.01,,,,,,,15,8,9,31,,0,0,0,0,0,0,3540470796.534357,434413615.0,0.076799996,1.45,3489252,3917804,0,16.0,,2026-08-12
2119,UPWK,Communication Services,Internet Content & Information,NASDAQ,3666924,8.36,65.31,2,-4,-63.4,,,,,,,15,13,7,26,,0,0,0,0,0,0,1194420394.213686,123518137.0,0.3194,0.014,4972933,3594980,0,15.3,,2026-08-12
2120,ACI,Consumer Defensive,Grocery Stores,NYSE,9508054,12.25,65.25,-10,-7,-38.75,,,,,,,15,25,28,32,,0,0,0,0,0,0,5882238972.331385,489778423.0,0.1531,0.002,8786783,9061278,0,28.3,,2026-08-12
2121,AMSC,Industrials,Specialty Industrial Machinery,NASDAQ,775937,32.13,64.86,-14,47,-54.42,,,,,,,15,29,90,54,,0,0,0,0,0,0,1587449048.2850533,48442143.0,0.0728,0.3,823692,980924,1,57.7,,2026-08-12
2122,TU,Communication Services,Telecom Services,NYSE,8615228,9.64,64.2,-6,0,-42.34,,,,,,,15,21,27,29,,0,0,0,0,0,0,15309000420.570374,1575000000.0,11.09,-0.022,13366245,7766995,0,25.7,,2026-08-12
2123,BSX,Healthcare,Medical Devices,NYSE,19882089,51.19,64.19,7,8,-53.25,,,,,,,15,8,9,18,,0,0,0,0,0,0,71461509917.2739,1449229526.0,0.019,0.075,21790118,20284999,0,11.7,,2026-08-12
2124,GLXY,Financial Services,Capital Markets,NASDAQ,6742311,20.13,63.93,-20,26,-56.16,,,,,,,14,34,80,29,,0,0,0,0,0,0,3929094816.191981,194798949.0,0.1616,-0.038,7751374,7497092,0,47.7,,2026-08-12
2125,MNSO,Consumer Cyclical,Specialty Retail,NYSE,628836,12.04,63.59,1,6,-54.97,,,,,,,14,13,18,32,,0,0,0,0,0,0,3746182549.284471,298500597.0,0.0286,0.285,519880,668322,0,21.0,,2026-08-12
2126,FLO,Consumer Defensive,Packaged Foods,NYSE,5432851,7.16,63.58,-9,-23,-57.51,,,,,,,14,23,9,18,,0,0,0,0,0,0,1568749922.21725,211993230.0,0.22219999,0.068,5610915,6517707,0,16.7,,2026-08-12
2127,INTU,Technology,Software - Application,NASDAQ,4095804,336.44,63.49,5,11,-55.17,,,,,,,14,9,15,12,,0,0,0,0,0,0,88967909250.0,273537000.0,0.066300005,0.104,3628233,4927810,0,12.0,,2026-08-12
2128,MNRO,Consumer Cyclical,Auto Parts,NASDAQ,945152,11.66,63.27,-40,-60,-51.23,,,,,,,14,54,34,86,,0,0,0,0,0,0,397991469.4884491,31264060.0,0.3695,-0.046,1379658,1136725,0,58.0,,2026-08-12
2129,LCID,Consumer Cyclical,Auto Manufacturers,NASDAQ,21456693,6.7,63.2,10,10,-73.44,,,,,,,14,4,4,8,,0,0,0,0,0,0,2747407913.432884,390256808.0,0.403,0.562,11359729,19124893,0,5.3,,2026-08-12
2130,MIR,Industrials,Specialty Industrial Machinery,NYSE,4115842,15.27,63.17,-4,5,-49.57,,,,,,,14,18,27,55,,0,0,0,0,0,0,3912381443.870032,249037647.0,0.20549999,0.197,5241288,4182571,0,33.3,,2026-08-12
2131,JKS,Technology,Solar,NYSE,664130,16.67,63.04,-1,41,-47.71,,,,,,,14,15,57,63,,0,0,0,0,0,0,890816909.8665848,52370188.0,0.088599995,-0.115,684040,734978,0,45.0,,2026-08-12
2132,FLUT,Consumer Cyclical,Gambling,NYSE,3024032,99.02,62.7,0,-8,-68.0,,,,,,,14,14,6,9,,0,0,0,0,0,0,16441094152.760485,173539102.0,0.1007,0.033,4891388,3082471,0,9.7,,2026-08-12
2133,LZ,Industrials,Specialty Business Services,NASDAQ,3012460,5.44,62.6,-23,-46,-56.13,,,,,,,14,37,14,17,,0,0,0,0,0,0,988197961.973383,171264812.0,0.1195,0.066,3936741,2870352,0,22.7,,2026-08-12
2134,SMPL,Consumer Defensive,Packaged Foods,NASDAQ,2521874,10.86,62.48,-3,-13,-64.23,,,,,,,14,17,7,12,,0,0,0,0,0,0,981697431.437643,88441207.0,0.1246,-0.063,2047332,2406422,0,12.0,,2026-08-12
2135,PHAT,Healthcare,Biotechnology,NASDAQ,1532862,8.51,62.41,-19,39,-53.52,,,,,,,14,33,91,88,,0,0,0,0,0,0,691703001.1306286,80900934.0,0.1594,0.88,2473726,1356523,1,70.7,,2026-08-12
2136,JOBY,Industrials,Airports & Air Services,NYSE,46554696,8.42,62.31,-1,23,-57.86,,,,,,,14,15,39,35,,0,0,0,0,0,0,8546033747.268857,989124237.0,0.1673,2574.933,35495928,43173729,0,29.7,,2026-08-12
2137,JBGS,Real Estate,REIT - Diversified,NYSE,717695,11.39,62.17,-14,-14,-53.13,,,,,,,14,28,28,32,,0,0,0,0,0,0,708391674.3108559,58255895.0,0.2451,0.059,1131355,660993,0,29.3,,2026-08-12
2138,SBET,Financial Services,Capital Markets,NASDAQ,8387112,6.23,62.09,4,51,-77.95,,,,,,,14,10,57,39,,0,0,0,0,0,0,1351988462.616033,210262597.0,0.18620001,15.533,6553578,9234073,0,35.3,,2026-08-12
2139,CRCL,Financial Services,Capital Markets,NYSE,13975020,71.16,62.07,4,84,-62.53,,,,,,,13,9,89,17,,0,0,0,0,0,0,16925904521.409378,253875881.0,0.120299995,0.066,12393830,13394786,0,38.3,,2026-08-12
2140,TOYO,Technology,Solar,NASDAQ,742002,5.52,61.78,-18,47,-68.33,,,,,,,13,31,96,94,,0,0,0,0,0,0,247769906.5479927,42718948.0,0.051999997,1.77,690858,880223,2,73.7,,2026-08-12
2141,FUTU,Financial Services,Capital Markets,NASDAQ,1411120,105.16,61.76,2,28,-48.08,,,,,,,13,11,37,54,,0,0,0,0,0,0,15284002611.136414,140194488.0,0.092,0.288,1112181,1822362,0,34.0,,2026-08-12
2142,JMIA,Consumer Cyclical,Internet Retail,NYSE,1594400,5.81,61.73,-18,14,-60.53,,,,,,,13,31,63,92,,0,0,0,0,0,0,766647693.9369035,123852615.0,0.0496,0.394,1600972,1764702,1,62.0,,2026-08-12
2143,INTR,Financial Services,Banks - Regional,NASDAQ,5388474,5.2,61.24,-3,-3,-49.81,,,,,,,13,16,16,71,,0,0,0,0,0,0,2326775989.018799,441513472.0,0.0433,0.253,7004364,5345336,0,34.3,,2026-08-12
2144,ASST,Financial Services,Asset Management,NASDAQ,2926799,12.62,61.1,2,50,-94.99,,,,,,,13,11,59,3,,0,0,0,0,0,0,1049567624.5420876,84099973.0,0.3038,0.94,2705239,3902793,0,24.3,,2026-08-12
2145,BKKT,Technology,Software - Infrastructure,NYSE,964164,7.37,60.94,3,8,-85.2,,,,,,,13,10,15,20,,0,0,0,0,0,0,336643147.09988594,44706924.0,0.2726,-0.771,960353,1304486,0,15.0,,2026-08-12
2146,OPFI,Financial Services,Credit Services,NYSE,867227,6.59,60.83,-23,-30,-47.07,,,,,,,13,36,29,28,,0,0,0,0,0,0,802696498.625061,85393248.0,0.0306,-0.022,1362913,860034,0,31.0,,2026-08-12
2147,ARRY,Technology,Solar,NASDAQ,7176174,5.35,60.28,-6,20,-56.26,,,,,,,13,19,45,89,,0,0,0,0,0,0,853736427.2400532,153826378.0,0.2546,-0.056,8219653,6875148,0,51.0,,2026-08-12
2148,ERII,Industrials,Pollution & Treatment Controls,NASDAQ,823195,7.72,60.25,-1,-6,-57.86,,,,,,,13,14,9,58,,0,0,0,0,0,0,443069530.5776596,51044875.0,0.059499998,-0.572,1134287,960545,0,27.0,,2026-08-12
2149,EQPT,Industrials,Rental & Leasing Services,NASDAQ,3246761,19.57,60.19,0,4,-44.87,,,,,,,13,13,17,38,,0,0,0,0,0,0,5163594253.563698,252375097.0,0.1596,0.381,2327005,2859231,0,22.7,,2026-08-12
2150,PRIM,Industrials,Engineering & Construction,NYSE,1371809,82.16,60.02,-3,20,-60.02,,,,,,,12,15,38,92,,0,0,0,0,0,0,4483085130.03437,54254935.0,0.0753,-0.107,1399729,2012843,1,48.3,,2026-08-12
2151,RUN,Technology,Solar,NASDAQ,10305592,10.03,60.01,-21,-17,-55.3,,,,,,,12,33,37,88,,0,0,0,0,0,0,2433202681.9003344,238549287.0,0.33169997,0.528,10391086,10700881,0,52.7,,2026-08-12
2152,PLNT,Consumer Cyclical,Leisure,NYSE,1953519,47.92,59.95,2,-1,-58.06,,,,,,,12,10,7,30,,0,0,0,0,0,0,3777409854.1502113,75533093.0,0.1507,0.045,2412857,1959157,0,15.7,,2026-08-12
2153,PZZA,Consumer Cyclical,Restaurants,NASDAQ,1369836,24.32,59.82,-16,-15,-56.37,,,,,,,12,28,29,20,,0,0,0,0,0,0,805112259.9879799,32902014.0,0.2364,-0.088,2425860,1223874,0,25.7,,2026-08-12
2154,COLL,Healthcare,Drug Manufacturers - Specialty & Generic,NASDAQ,501128,25.98,59.77,-25,-34,-48.85,,,,,,,12,37,28,75,,0,0,0,0,0,0,955823444.8594912,32433779.0,0.1929,0.063,729845,486199,0,46.7,,2026-08-12
2155,BMNR,Financial Services,Capital Markets,NYSE,34072550,18.09,59.56,3,65,-74.78,,,,,,,12,9,71,82,,0,0,0,0,0,0,11352720550.989914,603226394.0,0.081499994,21.678,28595000,37288204,0,54.0,,2026-08-12
2156,PODD,Healthcare,Medical Devices,NASDAQ,1581557,144.7,59.47,0,-6,-59.23,,,,,,,12,12,6,22,,0,0,0,0,0,0,9790732145.838669,69354199.0,0.0757,0.235,2158523,1595730,0,13.3,,2026-08-12
2157,CWH,Consumer Cyclical,Auto & Truck Dealerships,NYSE,2338561,6.34,59.3,1,-4,-65.43,,,,,,,12,11,6,27,,0,0,0,0,0,0,652823886.8517475,103294916.0,0.18040001,-0.021,2305445,2329239,0,14.7,,2026-08-12
2158,STLA,Consumer Cyclical,Auto Manufacturers,NYSE,20930742,5.45,59.27,1,15,-55.4,,,,,,,12,11,25,18,,0,0,0,0,0,0,20795627690.544,3767323870.0,0.0379,0.131,25530677,19872119,0,18.0,,2026-08-12
2159,FMC,Basic Materials,Agricultural Inputs,NYSE,4077140,10.41,59.26,4,12,-74.51,,,,,,,12,8,16,15,,0,0,0,0,0,0,1326152244.1180992,125226839.0,0.287,-0.175,4669081,4288184,0,13.0,,2026-08-12
2160,QS,Consumer Cyclical,Auto Parts,NASDAQ,25090117,6.34,58.88,-4,49,-66.75,,,,,,,12,16,69,44,,0,0,0,0,0,0,3740082015.148155,615145076.0,0.2067,,18066482,24498004,0,43.0,,2026-08-12
2161,CSGP,Real Estate,Real Estate Services,NASDAQ,7369180,31.12,58.84,4,3,-67.22,,,,,,,12,8,7,14,,0,0,0,0,0,0,12253174968.377632,405197588.0,0.040599998,0.184,8056532,7518308,0,9.7,,2026-08-12
2162,COIN,Financial Services,Financial Data & Stock Exchanges,NASDAQ,7527780,148.58,58.81,-1,20,-63.05,,,,,,,12,13,34,12,,0,0,0,0,0,0,40525352983.13278,263836923.0,0.113900006,-0.173,8593370,8027790,0,19.7,,2026-08-12
2163,ZG,Communication Services,Internet Content & Information,NASDAQ,1300366,34.26,58.68,2,4,-62.03,,,,,,,12,10,12,12,,0,0,0,0,0,0,7634504859.865974,224874954.0,0.1667,0.179,1774288,1371379,0,11.3,,2026-08-12
2164,TME,Communication Services,Internet Content & Information,NYSE,7135516,8.72,58.41,0,-6,-67.34,,,,,,,12,12,6,25,,0,0,0,0,0,0,15603219429.540712,1637273858.0,0.0525,0.073,9703618,8881379,0,14.3,,2026-08-12
2165,ROL,Consumer Cyclical,Personal Services,NYSE,5817523,37.01,58.32,-9,3,-44.04,,,,,,,12,21,33,56,,0,0,0,0,0,0,18158428354.546585,481145404.0,0.044699997,0.079,5854439,5518537,0,36.7,,2026-08-12
2166,Z,Communication Services,Internet Content & Information,NASDAQ,3870127,34.14,57.98,1,2,-63.63,,,,,,,11,10,11,12,,0,0,0,0,0,0,7558047341.19278,224874954.0,0.0758,0.179,4633262,4293758,0,11.0,,2026-08-12
2167,DQ,Technology,Semiconductor Equipment & Materials,NYSE,910253,14.54,57.69,3,19,-60.26,,,,,,,11,8,24,52,,0,0,0,0,0,0,996045554.708808,67666137.0,0.1107,-0.784,1109750,986676,0,28.0,,2026-08-12
2168,XPEV,Consumer Cyclical,Auto Manufacturers,NYSE,6780779,11.88,57.59,-4,2,-57.92,,,,,,,11,15,21,26,,0,0,0,0,0,0,11603480707.94345,956593619.0,0.0594,-0.176,6738038,7089311,0,20.7,,2026-08-12
2169,EVMN,Healthcare,Biotechnology,NYSE,773960,14.21,57.48,3,32,-57.2,,,,,,,11,8,37,89,,0,0,0,0,0,0,510992948.2711315,36292113.0,0.1657,,533591,891140,0,44.7,,2026-08-12
2170,NNE,Industrials,Specialty Industrial Machinery,NASDAQ,2097399,19.38,57.34,0,25,-68.16,,,,,,,11,11,36,24,,0,0,0,0,0,0,1012210072.5842172,53698146.0,0.3342,,1967428,2659129,0,23.7,,2026-08-12
2171,ALNY,Healthcare,Biotechnology,NASDAQ,2092739,221.2,57.33,-9,-4,-55.36,,,,,,,11,20,25,31,,0,0,0,0,0,0,29330958257.24698,133809118.0,0.0575,0.669,3157387,1761151,0,25.3,,2026-08-12
2172,IMSR,Utilities,Utilities - Regulated Electric,NASDAQ,1981243,5.67,57.07,2,20,-82.0,,,,,,,11,9,27,12,,0,0,0,0,0,0,616543266.3049936,105935266.0,0.1174,,2256380,2356832,0,16.0,,2026-08-12
2173,LI,Consumer Cyclical,Auto Manufacturers,NASDAQ,3702561,12.68,56.93,0,19,-53.21,,,,,,,11,11,30,22,,0,0,0,0,0,0,12717323225.892128,982032696.0,0.0506,-0.114,3201333,3919232,0,21.0,,2026-08-12
2174,OI,Consumer Cyclical,Packaging & Containers,NYSE,3540868,7.15,56.69,-3,-6,-57.72,,,,,,,11,14,11,69,,0,0,0,0,0,0,1080228053.649098,153659747.0,0.098900005,-0.022,3992445,3437917,0,31.3,,2026-08-12
2175,APP,Communication Services,Advertising Agencies,NASDAQ,6693898,318.68,56.67,-25,8,-57.26,,,,,,,11,36,69,26,,0,0,0,0,0,0,116503821781.97575,335939521.0,0.043,0.528,8830544,6125228,0,43.7,,2026-08-12
2176,LTBR,Industrials,Electrical Equipment & Parts,NASDAQ,891479,9.06,56.25,2,23,-71.09,,,,,,,11,9,30,33,,0,0,0,0,0,0,311037300.66042423,32844487.0,0.1359,,1196887,994689,0,24.0,,2026-08-12
2177,BTDR,Technology,Software - Application,NASDAQ,11166548,8.69,56.14,-22,20,-68.74,,,,,,,11,33,75,19,,0,0,0,0,0,0,2647252572.485038,243313653.0,0.3678,1.694,16490846,11231903,0,42.3,,2026-08-12
2178,WVE,Healthcare,Biotechnology,NASDAQ,2673092,5.05,55.78,-7,-4,-76.76,,,,,,,10,17,20,92,,0,0,0,0,0,0,1201993848.7080216,197048175.0,0.108,-0.739,3136508,3010941,1,43.0,,2026-08-12
2179,WING,Consumer Cyclical,Restaurants,NASDAQ,1283528,111.36,54.43,-1,-7,-67.8,,,,,,,10,11,5,42,,0,0,0,0,0,0,3182338077.500122,27242546.0,0.1696,0.064,1551986,1215747,0,19.3,,2026-08-12
2180,OKLO,Utilities,Utilities - Independent Power Producers,NYSE,9328868,47.01,54.06,-1,49,-75.75,,,,,,,10,11,61,58,,0,0,0,0,0,0,8424643271.952988,173990987.0,0.1839,,10610806,10746857,0,43.3,,2026-08-12
2181,SPRY,Healthcare,Biotechnology,NASDAQ,2096624,5.95,53.87,-7,-5,-66.07,,,,,,,10,17,19,33,,0,0,0,0,0,0,611708078.7675247,99303262.0,0.32939997,1.845,2286652,2043940,0,23.0,,2026-08-12
2182,FVRR,Communication Services,Internet Content & Information,NYSE,816934,8.75,53.4,-7,-17,-68.75,,,,,,,10,17,7,8,,0,0,0,0,0,0,338655860.5028229,35950728.0,0.1026,-0.1,1313573,852996,0,10.7,,2026-08-12
2183,FUBO,Communication Services,Broadcasting,NYSE,1498152,9.7,52.52,3,1,-82.87,,,,,,,9,6,4,4,,0,0,0,0,0,0,272649205.8191414,29443758.0,0.22659999,0.38,1812937,1527675,0,4.7,,2026-08-12
2184,ODD,Consumer Defensive,Household & Personal Products,NASDAQ,859991,12.48,52.14,-4,-14,-80.57,,,,,,,9,13,3,13,,0,0,0,0,0,0,651278697.2014637,46124554.0,0.3341,-0.262,818265,1455553,0,9.7,,2026-08-12
2185,MPLT,Healthcare,Biotechnology,NASDAQ,1185362,11.98,51.48,-86,-89,-70.37,,,,,,,9,95,92,55,,0,0,0,0,0,0,551856880.3796005,45345676.0,0.16299999,,1193977,896807,2,80.7,,2026-08-12
2186,RBLX,Communication Services,Electronic Gaming & Multimedia,NYSE,12517292,36.22,51.17,-6,-14,-74.49,,,,,,,9,15,7,16,,0,0,0,0,0,0,26996267464.420708,714375941.0,0.045300003,0.359,22957046,12303159,0,12.7,,2026-08-12
2187,SMR,Industrials,Specialty Industrial Machinery,NYSE,28802714,9.89,50.46,1,3,-82.78,,,,,,,8,7,9,11,,0,0,0,0,0,0,4030024980.799057,410389522.0,0.2315,-0.991,30199553,32690576,0,9.0,,2026-08-12
2188,BLSH,Technology,Software - Infrastructure,NYSE,1339498,24.52,50.31,0,21,-79.22,,,,,,,8,8,29,13,,0,0,0,0,0,0,3581934059.788357,151648346.0,0.19639999,0.655,1232366,1586813,0,16.7,,2026-08-12
2189,ALIT,Technology,Software - Application,NYSE,794235,13.51,49.71,-27,-58,-83.7,,,,,,,8,35,4,5,,0,0,0,0,0,0,407319083.0770655,26939093.0,0.0418,-0.032,716074,1174640,0,14.7,,2026-08-12
2190,AHCO,Healthcare,Medical Devices,NASDAQ,2808623,5.65,48.89,-29,0,-57.93,,,,,,,8,37,66,63,,0,0,0,0,0,0,759098133.7237334,133409161.0,0.0779,0.127,6240859,2350741,0,55.3,,2026-08-12
2191,METC,Basic Materials,Coking Coal,NASDAQ,1878001,10.21,48.18,-8,10,-82.34,,,,,,,8,16,34,67,,0,0,0,0,0,0,649095552.8515835,63388239.0,0.56,-0.053,2731074,1771598,0,39.0,,2026-08-12
2192,UPB,Healthcare,Biotechnology,NASDAQ,550982,7.09,46.02,-1,10,-78.95,,,,,,,7,8,19,12,,0,0,0,0,0,0,394544905.75,54419987.0,0.1025,0.827,690587,624525,0,13.0,,2026-08-12
2193,CCOI,Communication Services,Telecom Services,NASDAQ,1454934,10.82,45.8,2,5,-76.32,,,,,,,7,5,8,32,,0,0,0,0,0,0,508060105.02745056,51215736.0,0.19370002,-0.042,1908014,1376642,0,15.0,,2026-08-12
2194,MSTR,Technology,Software - Application,NASDAQ,17833925,96.09,42.92,-1,23,-76.81,,,,,,,6,7,31,7,,0,0,0,0,0,0,38426418178.30476,384225751.0,0.1176,0.069,15590356,21612009,0,15.0,,2026-08-12
2195,TTD,Communication Services,Advertising Agencies,NASDAQ,23247828,13.56,41.73,-4,-7,-76.11,,,,,,,6,10,7,7,,0,0,0,0,0,0,6487495471.466054,470108361.0,0.2025,0.03,41985466,22792423,0,8.0,,2026-08-12
2196,EH,Industrials,Aerospace & Defense,NASDAQ,896282,5.77,41.51,1,10,-71.44,,,,,,,5,4,13,16,,0,0,0,0,0,0,435352360.5203743,75845362.0,0.1689,-0.017,527017,1197431,0,11.0,,2026-08-12
2197,LENZ,Healthcare,Biotechnology,NASDAQ,970225,5.21,36.81,2,3,-89.66,,,,,,,5,3,4,7,,0,0,0,0,0,0,168059556.02626324,31354394.0,0.62310004,,681676,864729,0,4.7,,2026-08-12
2198,YSS,Industrials,Aerospace & Defense,NYSE,1764082,10.6,30.03,-9,15,-76.2,,,,,,,3,12,36,23,,0,0,0,0,0,0,1499251559.300251,131398035.0,0.1195,0.095,3175766,1805491,0,23.7,,2026-08-12
2199,SSTK,Communication Services,Internet Content & Information,NYSE,1456012,5.41,27.89,-2,20,-81.66,,,,,,,3,5,27,17,,0,0,0,0,0,0,218958564.841444,36738014.0,0.056700002,-0.169,1316358,1165241,0,16.3,,2026-08-12
2200,ABTC,Financial Services,Capital Markets,NASDAQ,1756717,6.92,24.39,1,8,-96.82,,,,,,,2,1,8,2,,0,0,0,0,0,0,471143527.8318162,72819713.0,0.102299996,1.213,1444791,1397754,0,3.7,,2026-08-12
2201,SION,Healthcare,Biotechnology,NASDAQ,2329350,5.1,14.02,-83,-74,-90.72,,,,,,,1,84,93,91,,0,0,0,0,0,0,2304472884.5363617,45150330.0,0.1891,,5819431,1574536,2,89.3,,2026-08-12
2202,PAVS,Consumer Defensive,Packaged Foods,NASDAQ,2156677,7.01,2.29,0,0,-100.0,,,,,,,0,0,0,0,,0,0,0,0,0,0,5307284.032299519,862973.0,0.0174,180.334,3676113,1608224,0,0.0,,2026-08-12
