rank,ticker,sector,industry,exchange,avg_vol_30d,price,rs_score,rs_delta,rs_delta_momentum,pct_from_52w_high,pct_from_52w_low,range_position,price_vs_sma10,price_vs_sma20,price_vs_sma50,price_vs_sma200,percentile,pct_1m,pct_3m,pct_6m,pct_12m,elite_rs,elite_1m,elite_3m,elite_6m,elite_12m,elite_count,market_cap,float_shares,short_float_pct,revenue_growth,avg_vol_10d,avg_vol_50d,tf_count_10,avg_pct,shape_score,date
1,BIAF,Healthcare,Diagnostics & Research,NASDAQ,9257053,9.75,509.57,96,116,-27.78,3886.9,100.0,103.7,285.2,661.6,735.4,99,3,23,4,86.2,1,0,0,0,0,1,2884632.4222135544,592327.0,0.024400001,0.19,9727840,5710720,0,29.0,-43.8,2026-09-04
2,XHLD,Communication Services,Broadcasting,NASDAQ,6858686,9.24,477.07,95,98,-31.4,1059.3,97.9,4.4,24.3,128.6,307.9,99,4,7,5,84.2,1,0,0,0,0,1,111390222.18451595,11977443.0,0.100600004,-0.345,2802720,4333592,0,25.0,-40.6,2026-09-04
3,AXTI,Technology,Semiconductor Equipment & Materials,NASDAQ,11319683,56.95,471.37,0,0,-60.22,1927.6,42.5,0.2,-11.7,-2.0,12.9,99,99,99,99,100.0,1,1,1,1,1,5,3844557489.599746,65573212.0,0.1712,1.648,7218760,10374602,4,99.2,-0.5,2026-09-04
4,SLS,Healthcare,Biotechnology,NASDAQ,6893240,14.16,436.41,0,0,-10.83,897.1,88.6,-0.2,4.0,8.3,103.8,99,99,99,98,99.7,1,1,1,1,1,5,2597516310.0409374,196632574.0,0.28030002,,8622620,8688632,4,98.9,-0.2,2026-09-04
5,MRNA,Healthcare,Biotechnology,NASDAQ,23475513,150.81,385.96,6,0,-14.63,550.9,81.0,-0.9,23.4,70.2,165.5,99,93,87,95,99.3,1,0,0,0,1,2,55090562516.17824,399235889.0,0.1616,0.021,40141780,17352830,3,93.6,-3.0,2026-09-04
6,ERAS,Healthcare,Biotechnology,NASDAQ,3498416,16.37,375.86,0,0,-32.58,944.5,70.0,-7.7,-9.0,-11.5,26.1,99,99,99,99,99.9,1,1,1,1,1,5,6306209731.21253,349762035.0,0.097600006,,4131500,4507128,4,99.2,-0.4,2026-09-04
7,CLYM,Healthcare,Biotechnology,NASDAQ,1230526,15.05,366.89,0,0,-17.89,846.3,85.7,1.0,-0.8,10.6,78.2,99,99,99,99,99.6,1,1,1,1,1,5,836846217.821846,57436255.0,0.1856,,1365180,1368656,4,99.2,-0.3,2026-09-04
8,NUAI,Technology,Software - Infrastructure,NASDAQ,5690320,5.14,318.8,0,0,-45.58,1544.4,65.7,8.1,5.4,8.2,13.0,99,99,99,99,99.9,1,1,1,1,1,5,496566503.4803352,106559339.0,0.2574,-0.825,5504060,7296170,4,99.2,-0.5,2026-09-04
9,MU,Technology,Semiconductors,NASDAQ,35232276,956.08,298.6,0,0,-23.82,673.8,81.8,7.3,7.8,8.3,67.6,99,99,99,98,99.8,1,1,1,1,1,5,1053565678298.015,1129393151.0,0.026600001,3.457,23843390,41303274,4,98.9,-0.2,2026-09-04
10,TWST,Healthcare,Diagnostics & Research,NASDAQ,1688836,131.0,285.73,0,-4,-15.72,416.2,78.0,-10.4,-6.7,12.4,92.6,99,99,95,85,99.0,1,1,0,0,1,3,8865575911.308594,62707424.0,0.2881,0.232,1698390,1691568,3,94.5,3.2,2026-09-04
11,ETON,Healthcare,Drug Manufacturers - Specialty & Generic,NASDAQ,638750,61.96,281.7,1,-4,-6.64,307.3,88.1,-4.8,1.6,22.4,106.7,99,98,93,77,95.9,1,1,0,0,0,2,1708699775.4084778,28583135.0,0.0691,0.986,595210,598740,3,91.0,5.7,2026-09-04
12,ORKA,Healthcare,Biotechnology,NASDAQ,796153,91.63,272.01,0,-1,-20.68,520.9,79.0,-2.7,-9.1,-3.0,59.0,99,99,98,95,99.4,1,1,1,0,1,4,6035014164.877983,66209699.0,0.1826,,830640,1119332,4,97.9,0.7,2026-09-04
13,IMMX,Healthcare,Biotechnology,NASDAQ,1577413,13.96,268.79,3,2,-7.55,609.7,95.5,-0.7,7.8,26.2,63.5,99,96,95,99,99.6,1,0,0,1,1,3,992387887.0675076,71189951.0,0.1759,,1646550,1826766,4,97.4,-2.3,2026-09-04
14,TXG,Healthcare,Health Information Services,NASDAQ,2992840,61.65,265.73,0,-4,-7.9,452.5,95.4,-0.4,2.5,23.1,116.5,99,99,95,88,98.7,1,1,0,0,1,3,8018118598.005127,130291168.0,0.17930001,-0.127,2833960,3119458,3,95.2,2.7,2026-09-04
15,IOVA,Healthcare,Biotechnology,NASDAQ,17136843,8.62,250.42,7,1,-7.91,385.6,97.2,5.4,12.7,49.0,123.8,99,92,86,92,97.7,1,0,0,0,0,1,3628301273.996933,452971432.0,0.24299999,0.657,15575320,17132224,3,91.9,-2.3,2026-09-04
16,CDNA,Healthcare,Diagnostics & Research,NASDAQ,1177590,49.6,249.14,0,-17,-7.59,281.7,96.2,1.6,4.9,25.0,103.0,99,99,82,36,97.6,1,1,0,0,0,2,2575847010.534096,51734223.0,0.11399999,0.522,1207650,1170486,2,78.6,15.0,2026-09-04
17,QMCO,Technology,Computer Hardware,NASDAQ,1958070,22.78,245.27,12,18,-18.06,473.8,93.7,6.0,9.9,59.3,155.3,99,87,93,11,96.5,1,0,0,0,0,1,877266631.2802334,39410001.0,0.051,0.257,1024880,1544888,2,71.9,9.8,2026-09-04
18,DELL,Technology,Computer Hardware,NYSE,6905940,492.2,243.82,0,-1,-4.24,371.9,100.0,11.7,12.4,19.3,106.8,99,99,98,82,98.1,1,1,1,0,1,4,294796015040.7353,646142428.0,0.0464,0.875,8896600,7135940,3,94.3,4.0,2026-09-04
19,AMLX,Healthcare,Drug Manufacturers - Specialty & Generic,NASDAQ,3341733,34.49,241.92,4,-11,-16.16,234.3,81.1,-3.9,6.2,40.8,102.2,99,95,80,95,96.4,1,0,0,0,0,1,3870836874.5398874,111423048.0,0.1558,,3169710,2711404,3,91.6,0.8,2026-09-04
20,SWVL,Industrials,Railroads,NASDAQ,2876450,5.08,240.43,87,85,26.68,273.5,86.0,46.8,105.8,172.6,170.7,99,12,10,8,60.6,1,0,0,0,0,1,31088752.13967133,9964344.0,0.0074,,8605370,1731524,0,22.6,-23.3,2026-09-04
21,AEHL,Industrials,Building Products & Equipment,NASDAQ,5763858,5.43,237.91,95,94,-89.25,2623.3,30.6,38.2,43.2,131.8,73.3,98,3,2,0,0.4,1,0,0,0,0,1,4016225.5367212296,1134527.0,0.0105,-0.386,5474210,3785980,0,1.3,2.0,2026-09-04
22,DFTX,Healthcare,Biotechnology,NASDAQ,2027676,38.9,234.99,-1,-5,-21.73,321.3,73.7,-7.1,-10.7,-12.9,52.8,98,99,95,96,97.9,1,1,0,0,0,2,5506357549.491692,134366950.0,0.0672,,1652270,2693658,4,97.0,1.5,2026-09-04
23,PRLD,Healthcare,Biotechnology,NASDAQ,520366,5.43,234.82,1,1,-20.5,454.3,79.3,-6.9,-5.7,8.2,50.9,98,97,97,98,98.9,1,0,0,1,1,3,435659812.5797496,79645307.0,0.1508,,706980,517508,4,97.7,-1.1,2026-09-04
24,ABCL,Healthcare,Biotechnology,NASDAQ,8561480,11.36,234.29,14,21,-9.7,311.2,89.0,-1.7,1.5,35.8,122.5,98,84,91,56,92.9,1,0,0,0,0,1,3677937693.664259,324047363.0,0.1626,-0.763,5609360,8263798,2,81.0,0.5,2026-09-04
25,RVMD,Healthcare,Biotechnology,NASDAQ,1830363,209.23,233.66,-1,-3,-6.72,419.2,93.8,-0.6,0.0,6.7,56.7,98,99,97,95,99.3,1,1,0,0,1,3,44556255620.40454,214336418.0,0.0479,,2097960,2261280,4,97.6,0.9,2026-09-04
26,BFLY,Healthcare,Medical Devices,NYSE,5959883,7.6,233.0,-1,-6,-24.38,390.7,71.5,-10.4,-15.5,-9.0,42.8,98,99,94,90,99.0,1,1,0,0,1,3,2244784173.9537888,266285183.0,0.1504,0.395,4734340,7281628,4,95.5,2.3,2026-09-04
27,RCEL,Healthcare,Medical Devices,NASDAQ,577903,10.76,231.06,49,31,-0.09,242.5,100.0,6.9,16.2,67.5,135.2,98,49,31,44,91.9,1,0,0,0,0,1,320092878.24765587,30926847.0,0.089700006,0.178,300240,513800,1,54.0,-18.7,2026-09-04
28,SYRE,Healthcare,Biotechnology,NASDAQ,1011786,87.05,229.65,-1,-2,-20.99,500.4,78.8,-4.6,-10.4,-9.3,43.5,98,99,98,95,99.2,1,1,1,0,1,4,7967381188.136993,88173762.0,0.1426,,1352940,1261010,4,97.8,0.8,2026-09-04
29,OABI,Healthcare,Biotechnology,NASDAQ,1835313,5.04,229.03,17,17,2.23,218.4,80.7,-6.3,3.4,44.6,100.2,98,81,81,39,92.5,1,0,0,0,0,1,649895048.5558805,145390398.0,0.0471,2.442,1895040,1348590,1,73.4,2.7,2026-09-04
30,DRTS,Healthcare,Biotechnology,NASDAQ,589316,14.33,228.8,-1,-4,-5.1,333.1,100.0,3.0,4.2,13.0,71.1,98,99,96,95,98.2,1,1,0,0,1,3,1353880206.3098545,92478154.0,0.0476,,728910,706442,4,97.1,1.5,2026-09-04
31,LITE,Technology,Communication Equipment,NASDAQ,4799223,870.58,228.55,-1,-1,-19.81,489.9,81.0,-0.9,-0.3,7.9,28.6,98,99,99,99,99.5,1,1,1,1,1,5,80281500000.0,89700000.0,0.0884,1.093,3698560,4672512,4,99.1,-0.2,2026-09-04
32,MXL,Technology,Semiconductors,NASDAQ,3042300,60.1,227.92,-1,-1,-53.16,380.8,43.2,1.7,-6.8,-18.2,32.2,98,99,99,64,97.8,1,1,1,0,0,3,5598490638.913952,90693191.0,0.0664,0.552,1994960,3393474,3,89.9,7.6,2026-09-04
33,STTK,Healthcare,Biotechnology,NASDAQ,857356,6.91,226.23,-1,-9,-17.05,338.1,80.5,-7.1,-7.6,-5.0,23.8,98,99,91,99,98.4,1,1,0,1,1,4,706557297.2914457,100363253.0,0.062,,754190,1344556,4,96.8,1.1,2026-09-04
34,ABSI,Healthcare,Biotechnology,NASDAQ,2768446,8.8,225.84,0,-1,-27.0,283.5,70.0,-2.1,-3.9,-4.6,67.2,98,98,97,18,97.3,1,1,0,0,0,2,1494758033.646555,171614010.0,0.2653,-0.464,2960640,4545228,3,77.6,16.4,2026-09-04
35,SLN,Healthcare,Biotechnology,NASDAQ,1493016,14.79,224.54,2,-40,-15.85,239.3,92.5,4.4,4.3,21.0,90.0,98,96,54,85,93.3,1,0,0,0,0,1,834107838.8619804,62154086.0,0.0481,,606680,1167968,2,82.1,7.7,2026-09-04
36,QURE,Healthcare,Biotechnology,NASDAQ,1344430,46.23,220.97,1,-8,-35.34,392.8,57.6,-7.3,-6.6,0.2,57.0,98,97,88,48,90.8,1,0,0,0,0,1,3379531677.315796,69366412.0,0.1574,0.11,1238300,1509826,2,80.9,13.8,2026-09-04
37,TJGC,Communication Services,Advertising Agencies,NASDAQ,1453100,10.04,220.31,44,83,-1.47,595.4,100.0,19.4,62.1,92.8,165.2,98,54,93,8,87.3,1,0,0,0,0,1,99990223.847147,10100023.0,0.0846,-0.251,1633640,895980,1,60.6,-11.3,2026-09-04
38,OMER,Healthcare,Biotechnology,NASDAQ,2179950,18.86,215.56,6,3,-4.02,370.2,97.6,0.2,6.6,40.3,56.1,98,92,89,95,98.5,1,0,0,0,1,2,1347146604.9423218,72388316.0,0.20969999,,1600170,2060112,3,93.6,-3.6,2026-09-04
39,XNCR,Healthcare,Biotechnology,NASDAQ,1249856,26.9,214.99,3,-42,-12.12,220.2,87.2,-3.9,2.1,26.3,75.7,98,95,50,42,95.6,1,0,0,0,0,1,1937649486.111002,74353397.0,0.2707,0.175,1504710,1195574,2,70.6,14.8,2026-09-04
40,PAYS,Technology,Software - Infrastructure,NASDAQ,748140,12.53,213.13,3,-3,-13.17,323.0,93.7,2.8,2.2,26.0,103.1,98,95,89,28,91.6,1,0,0,0,0,1,727797210.2247429,56462156.0,0.0332,0.481,745930,692856,2,75.9,15.7,2026-09-04
41,HELP,Healthcare,Biotechnology,NASDAQ,1725653,11.95,212.61,4,-79,-16.72,215.8,82.6,-2.5,1.6,30.9,81.0,98,94,11,23,84.7,1,0,0,0,0,1,889872917.2561951,73060172.0,1.58,,1745070,1915408,1,53.2,27.2,2026-09-04
42,STX,Technology,Computer Hardware,NASDAQ,4640536,808.54,211.73,-1,-1,-29.39,351.4,73.0,3.1,-0.5,-0.5,43.1,98,99,99,97,98.7,1,1,1,0,1,4,188355522216.79688,227000000.0,0.041199997,0.485,3021020,4820580,4,98.4,0.6,2026-09-04
43,EVC,Communication Services,Advertising Agencies,NYSE,1668810,8.4,208.73,-1,-1,-38.86,325.3,56.0,3.1,-1.7,-18.8,40.9,98,99,99,82,96.2,1,1,1,0,0,3,744766593.1858444,92288305.0,0.1393,1.262,1185650,1759288,3,94.0,4.8,2026-09-04
44,RLAY,Healthcare,Biotechnology,NASDAQ,2279870,18.51,208.42,-1,-3,-12.98,377.2,89.8,-0.5,-2.9,-1.6,46.9,98,99,97,97,98.8,1,1,0,0,1,3,4113288514.1850777,219141631.0,0.2198,-0.483,2672290,2943774,4,98.0,0.7,2026-09-04
45,LIFE,Financial Services,Insurance Brokers,NASDAQ,1503006,36.8,207.45,6,-20,-10.18,304.6,100.0,5.4,11.3,49.2,,98,92,66,21,,1,0,0,0,0,1,2463665263.6443176,63759454.0,0.0497,1.134,1412950,1093306,1,59.7,,2026-09-04
46,AGEN,Healthcare,Biotechnology,NASDAQ,1420976,8.09,207.1,1,-76,-8.59,197.5,97.9,3.1,7.4,31.2,94.9,98,97,20,30,81.9,1,0,0,0,0,1,344774065.3320694,45009670.0,0.1318,0.344,940700,5127728,1,57.2,28.7,2026-09-04
47,WDC,Technology,Computer Hardware,NASDAQ,7541640,448.9,206.54,-1,-1,-43.88,407.9,57.4,3.1,0.7,-7.8,25.4,98,99,99,99,99.1,1,1,1,1,1,5,165650541121.93457,360540944.0,0.0631,0.438,5470620,8074622,4,99.0,-0.1,2026-09-04
48,DNTH,Healthcare,Biotechnology,NASDAQ,692493,106.24,203.06,-1,-4,-9.87,307.9,91.2,-0.3,-2.1,2.7,42.3,98,99,96,98,98.3,1,1,0,1,1,4,5785873900.526276,54666233.0,0.1727,2.943,546450,949736,4,97.8,0.9,2026-09-04
49,CADL,Healthcare,Biotechnology,NASDAQ,1219473,13.2,202.96,4,1,-5.71,189.1,89.6,-2.8,2.3,16.5,72.9,98,94,91,30,92.0,1,0,0,0,0,1,957642001.3696976,73270239.0,0.2094,,1121090,1395368,3,76.8,14.1,2026-09-04
50,FCUV,Technology,Scientific & Technical Instruments,NASDAQ,4097776,15.16,202.84,41,-16,-92.78,849.7,7.9,38.1,77.0,167.5,-37.1,98,57,0,1,0.1,1,0,0,0,0,1,7336657.505116463,702745.0,0.0463,18.11,248890,3078042,0,14.5,45.3,2026-09-04
51,BLZE,Technology,Software - Infrastructure,NASDAQ,3110756,13.2,202.41,-1,-10,-44.98,306.5,59.3,-5.9,-17.8,-13.7,72.4,98,99,90,15,68.4,1,1,0,0,0,2,887026995.2774048,61900000.0,0.03,0.177,2859730,3443216,2,68.1,33.0,2026-09-04
52,ELVN,Healthcare,Biotechnology,NASDAQ,969803,59.01,200.87,0,-11,-5.31,291.8,96.0,-0.3,0.0,6.6,57.6,98,98,87,89,94.4,1,1,0,0,0,2,4239446276.180924,73270761.0,0.16239999,,836010,1154812,2,92.1,4.7,2026-09-04
53,TVTX,Healthcare,Biotechnology,NASDAQ,1566553,67.23,196.37,1,-1,-0.91,207.9,95.2,-1.6,0.9,8.3,53.9,98,97,95,79,95.1,1,0,0,0,0,1,6190125082.342804,94261082.0,0.165,0.482,1222090,1595688,3,91.5,4.7,2026-09-04
54,BAND,Technology,Software - Infrastructure,NASDAQ,1041993,47.55,194.65,-1,0,-39.87,241.4,47.2,-8.5,-12.1,-21.6,30.1,97,98,99,49,93.4,0,1,1,0,0,2,1576858612.0,32180788.0,0.15020001,0.222,709600,1109066,3,84.9,12.0,2026-09-04
55,NESR,Energy,Oil & Gas Equipment & Services,NASDAQ,2023086,34.74,191.72,0,-1,-5.96,264.6,94.2,1.1,0.3,13.5,48.3,97,97,96,96,97.0,0,0,0,0,0,0,3473334269.2611923,100851754.0,0.054,0.591,1697320,2220102,4,96.5,0.3,2026-09-04
56,PURR,Financial Services,Capital Markets,NASDAQ,17364670,11.32,191.55,11,21,-19.94,292.9,93.3,2.9,24.2,48.0,,97,86,96,88,,0,0,0,0,0,0,2296894433.2478514,197837597.0,3.11,,32344530,14999996,1,90.0,,2026-09-04
57,AAOI,Technology,Communication Equipment,NASDAQ,11018956,103.13,190.91,-2,-2,-55.87,441.5,42.3,-1.8,-12.9,-10.3,4.0,97,99,99,99,98.4,0,1,1,1,1,4,9019595365.494774,84906289.0,0.1277,0.864,7146440,10492186,4,98.9,0.3,2026-09-04
58,CLMT,Basic Materials,Specialty Chemicals,NASDAQ,1235766,53.07,190.81,2,1,3.05,207.6,99.0,7.0,8.7,21.5,67.9,97,95,94,94,95.3,0,0,0,0,0,0,4197140673.5,87898234.0,0.0512,0.408,1117620,1183344,4,94.6,0.2,2026-09-04
59,APGE,Healthcare,Biotechnology,NASDAQ,1335693,135.07,188.9,-1,-10,0.06,269.8,100.0,0.1,0.2,0.7,46.3,97,98,89,90,96.9,0,1,0,0,0,1,10215573685.342257,75687735.0,0.0728,,1543670,1808236,3,93.5,3.1,2026-09-04
60,MRVI,Healthcare,Biotechnology,NASDAQ,3790120,7.38,186.46,0,-5,-21.66,200.0,74.4,-7.8,1.6,7.9,62.5,97,97,92,72,95.2,0,0,0,0,0,0,1144239680.0242496,148989545.0,0.0746,0.085,6115290,3675738,3,89.0,6.4,2026-09-04
61,IBRX,Healthcare,Biotechnology,NASDAQ,8619443,7.95,186.29,1,0,-36.04,308.1,63.7,0.4,2.3,2.5,22.5,97,96,95,98,96.3,0,0,0,1,0,1,8531682199.797727,1059836273.0,0.318,0.939,8323780,10122122,4,96.3,-0.5,2026-09-04
62,PBF,Energy,Oil & Gas Refining & Marketing,NYSE,3130253,75.48,186.17,1,-7,-0.26,185.7,97.7,3.4,3.4,16.3,67.9,97,96,88,93,92.2,0,0,0,0,0,0,8449306452.021698,118536849.0,0.123,0.562,2727760,3108116,3,92.3,3.3,2026-09-04
63,AEHR,Technology,Semiconductor Equipment & Materials,NASDAQ,2432063,80.24,185.87,-2,-2,-45.56,344.6,53.0,1.1,-15.7,-5.0,37.5,97,99,99,97,96.0,0,1,1,0,0,2,2636058484.860229,32620450.0,0.14029999,0.337,2123470,2706962,4,97.8,1.9,2026-09-04
64,ARCT,Healthcare,Biotechnology,NASDAQ,1167790,16.74,184.45,83,88,-30.74,186.1,58.4,1.4,28.9,80.5,103.9,97,14,19,15,11.9,0,0,0,0,0,0,431746406.1832056,28423069.0,0.2856,-0.895,1938190,943268,0,15.0,0.3,2026-09-04
65,RNG,Technology,Software - Application,NYSE,2211740,72.58,182.78,0,-20,3.05,195.7,94.2,4.9,8.7,33.8,84.2,97,97,77,84,90.1,0,0,0,0,0,0,5793657290.203476,83506162.0,0.16360001,0.059,1477900,1974514,2,87.0,8.1,2026-09-04
66,ACHV,Healthcare,Biotechnology,NASDAQ,1272090,8.48,181.47,3,-4,-1.51,220.4,99.3,3.4,8.4,22.6,65.0,97,94,87,75,94.9,0,0,0,0,0,0,833510208.2541847,102902490.0,0.1604,,1181150,1726180,2,87.7,4.1,2026-09-04
67,ECO,Industrials,Marine Shipping,NYSE,534260,69.02,181.05,3,-2,1.78,154.4,100.0,6.6,10.2,19.8,45.5,97,94,89,93,91.8,0,0,0,0,0,0,2610525657.130966,39044655.0,0.0464,2.394,485810,504914,3,91.9,1.8,2026-09-04
68,MEI,Technology,Electronic Components,NYSE,608473,18.1,180.71,-1,-6,-11.19,210.7,74.0,-7.0,-4.8,-2.9,53.1,97,98,93,19,87.9,0,1,0,0,0,1,646362861.32341,35494942.0,0.0911,0.159,724240,770284,2,74.5,21.4,2026-09-04
69,ACRS,Healthcare,Biotechnology,NASDAQ,1873713,6.18,180.23,-1,-6,-6.36,240.9,92.3,0.2,0.9,7.2,46.4,97,98,93,93,94.5,0,1,0,0,0,1,884665380.6211529,147198893.0,0.113400005,-0.083,1738480,1980666,4,94.6,3.2,2026-09-04
70,ANDG,Consumer Cyclical,Personal Services,NYSE,529210,56.12,180.11,1,-5,-1.77,206.8,97.0,2.5,8.8,20.8,,97,96,90,60,,0,0,0,0,0,0,6295716739.085358,112988453.0,0.4809,0.237,763690,489624,2,82.0,,2026-09-04
71,PSNL,Healthcare,Diagnostics & Research,NASDAQ,3493830,16.73,178.99,0,-9,-11.43,241.3,91.2,1.3,7.5,18.3,74.0,97,97,88,64,96.2,0,0,0,0,0,0,1822237506.0922165,106750881.0,0.1228,0.3,4867590,4467752,2,86.3,7.9,2026-09-04
72,NEWP,Basic Materials,Silver,NYSE ARCA,588246,6.68,178.94,0,-6,-11.52,203.9,77.0,-9.7,-8.4,15.0,36.9,97,97,91,97,95.4,0,0,0,0,0,0,1304742513.0492735,185069855.0,0.038900003,,647030,611694,4,95.1,1.4,2026-09-04
73,REPL,Healthcare,Biotechnology,NASDAQ,6189910,15.98,178.83,-1,-39,-1.05,784.7,93.4,-2.8,-0.2,22.8,75.0,97,98,60,29,91.7,0,1,0,0,0,1,1460404327.0,94219634.0,0.43080002,,2438070,5033514,2,69.7,20.7,2026-09-04
74,KOD,Healthcare,Biotechnology,NASDAQ,569216,37.5,177.91,-1,-1,-21.61,283.9,70.2,-6.1,-10.1,-12.2,6.7,97,98,98,99,98.0,0,1,1,1,1,4,2370681594.7605286,62849457.0,0.2594,,557570,677330,4,98.3,-0.2,2026-09-04
75,ASX,Technology,Semiconductors,NYSE,7603913,37.08,177.19,0,0,-18.54,258.3,78.0,0.4,-0.4,-2.6,33.5,97,97,97,94,97.2,0,0,0,0,0,0,98366475218.11752,2603665389.0,0.0043,0.267,5239560,9074958,4,96.3,0.5,2026-09-04
76,UMC,Technology,Semiconductors,NYSE,13365673,19.97,176.83,0,0,-31.04,207.2,65.9,5.2,7.7,-0.7,45.6,97,97,97,83,94.7,0,0,0,0,0,0,49631513094.25888,2507908580.0,0.0127,0.17,11412470,14772188,3,92.9,3.9,2026-09-04
77,VSXY,Consumer Cyclical,Apparel Retail,NYSE,1545916,84.81,175.66,-1,-3,-17.23,195.8,67.2,-10.7,-13.3,-11.7,20.2,97,98,96,92,94.1,0,1,0,0,0,1,6983347480.705261,79491720.0,0.1758,0.153,1429070,1693208,4,95.0,3.4,2026-09-04
78,LFST,Healthcare,Medical Care Facilities,NASDAQ,3863713,12.89,175.3,1,-23,-0.58,164.7,98.0,2.2,2.8,11.0,54.6,97,96,72,55,89.0,0,0,0,0,0,0,4703104707.106914,382055609.0,0.0619,0.261,3354420,3997316,1,78.0,14.1,2026-09-04
79,MAN,Industrials,Staffing & Employment Services,NYSE,1006620,60.27,175.24,2,-35,-5.65,140.7,97.4,0.3,3.1,19.2,75.4,97,95,58,20,65.5,0,0,0,0,0,0,2901593038.994171,46507342.0,0.14310001,0.075,737820,1345732,1,59.6,33.5,2026-09-04
80,CGEM,Healthcare,Biotechnology,NASDAQ,647613,22.33,175.03,3,-10,-3.71,284.2,95.0,-0.7,3.5,15.5,51.1,97,94,81,90,95.7,0,0,0,0,0,0,1333639645.088768,61458046.0,0.2291,,658080,724132,3,90.2,1.2,2026-09-04
81,URGN,Healthcare,Biotechnology,NASDAQ,865070,44.42,174.86,0,-3,-12.58,168.5,81.7,-1.5,-5.0,3.4,56.0,97,97,94,87,89.2,0,0,0,0,0,0,2132170149.469925,48880564.0,0.1069,1.992,686470,852660,2,91.8,6.2,2026-09-04
82,MRVL,Technology,Semiconductors,NASDAQ,24237163,206.48,174.56,0,2,-37.41,253.0,63.3,0.1,-0.5,1.3,47.3,97,97,99,74,96.6,0,0,1,0,0,1,194677388879.85388,898704613.0,0.0379,0.365,26315290,26221604,3,91.6,4.6,2026-09-04
83,SIMO,Technology,Semiconductors,NASDAQ,1186053,242.51,172.47,0,1,-31.69,219.6,68.6,3.8,3.4,-4.5,39.0,97,97,98,92,95.5,0,0,1,0,0,1,8334863944.717407,33907750.0,0.0495,1.27,692120,1008742,4,95.6,1.7,2026-09-04
84,CMPS,Healthcare,Medical Care Facilities,NASDAQ,2600016,13.23,172.46,0,-2,-14.09,170.8,82.3,-4.3,-3.5,1.1,44.8,97,97,95,83,91.9,0,0,0,0,0,0,1901286702.6703413,138476822.0,0.1031,,2080410,3546286,3,91.7,5.6,2026-09-04
85,ALM,Basic Materials,Other Industrial Metals & Mining,NASDAQ,6840243,17.69,171.73,5,10,-27.53,324.4,69.7,-2.9,4.7,15.2,17.5,96,91,96,99,98.2,0,0,0,1,1,2,5204192994.112015,288480750.0,3.66,4.977,6175000,6662464,4,96.0,-5.7,2026-09-04
86,INTC,Technology,Semiconductors,NASDAQ,108417633,90.05,171.14,-2,-1,-36.74,297.8,61.4,6.4,2.0,-4.8,29.2,96,98,99,93,97.6,0,1,1,0,0,2,472947844243.9052,5286105262.0,0.0257,0.254,81926900,107291646,4,96.9,1.1,2026-09-04
87,NRIX,Healthcare,Biotechnology,NASDAQ,1115420,25.82,170.96,1,-26,-8.54,217.2,91.6,-0.3,-1.4,5.0,38.3,96,95,68,71,93.8,0,0,0,0,0,0,2710266264.0591507,103405813.0,0.1752,-0.795,1193890,1422724,2,81.9,8.1,2026-09-04
88,NXTT,Technology,Software - Application,NASDAQ,5959668,5.43,170.7,96,98,-94.78,8666.7,5.7,-15.0,-17.6,-42.3,2.4,96,0,2,1,0.1,0,0,0,0,0,0,8867231.21190548,1472962.0,0.0143,,586530,3626162,0,0.8,-0.4,2026-09-04
89,ADVB,Healthcare,Diagnostics & Research,NASDAQ,787916,9.77,169.88,28,-32,-59.68,151.6,36.8,-0.8,5.8,14.7,49.3,96,68,8,7,26.7,0,0,0,0,0,0,16025689.784880638,1652133.0,0.0429,,288720,2218424,0,27.4,38.8,2026-09-04
90,SOPH,Healthcare,Health Information Services,NASDAQ,506480,8.28,169.5,9,6,-7.8,159.3,85.7,-3.9,-0.5,18.9,50.5,96,87,84,82,89.4,0,0,0,0,0,0,682907494.0431538,83895266.0,0.0116,0.272,611080,452434,0,85.6,0.1,2026-09-04
91,CAKE,Consumer Cyclical,Restaurants,NASDAQ,1900733,108.57,168.25,0,-23,-8.35,149.4,86.9,-2.8,-2.8,10.8,56.8,96,96,73,69,78.3,0,0,0,0,0,0,5576674237.19426,49760634.0,0.35419998,0.077,1653980,1706050,1,79.1,16.6,2026-09-04
92,KNSA,Healthcare,Drug Manufacturers - Specialty & Generic,NASDAQ,612506,79.89,168.08,1,-16,-3.68,120.0,93.4,-1.7,-1.2,8.4,47.3,96,95,78,88,87.2,0,0,0,0,0,0,6092115077.906235,78024013.0,0.1071,0.554,424600,778684,1,87.1,7.0,2026-09-04
93,PGEN,Healthcare,Biotechnology,NASDAQ,5529300,7.01,167.64,-1,-19,-9.2,129.0,92.2,-0.1,1.8,14.4,52.9,96,97,79,85,68.9,0,0,0,0,0,0,2488344898.360196,358035247.0,0.2164,63.227,4608740,5191268,1,82.5,18.3,2026-09-04
94,AYA,Basic Materials,Silver,NASDAQ,964630,28.35,167.37,0,-13,-6.25,212.5,95.6,3.0,5.2,24.7,58.0,96,96,83,91,92.8,0,0,0,0,0,0,4028691520.058212,144036168.0,10.15,1.507,1250540,783236,3,90.7,3.9,2026-09-04
95,MANE,Healthcare,Biotechnology,NYSE,740530,98.46,167.35,-2,-4,-24.98,166.0,66.3,-0.9,-5.5,-10.7,,96,98,96,87,,0,1,0,0,0,1,4091386830.659843,41778687.0,0.14739999,,587630,782256,2,93.7,,2026-09-04
96,KYMR,Healthcare,Biotechnology,NASDAQ,653580,118.63,167.34,3,-13,-8.78,171.4,88.2,-2.4,-1.3,2.9,31.8,96,93,77,89,93.2,0,0,0,0,0,0,9718734147.715118,82257588.0,0.16059999,4.664,626230,836348,2,88.0,2.3,2026-09-04
97,HZO,Consumer Cyclical,Specialty Retail,NYSE,806936,52.11,166.22,14,15,-0.67,143.4,99.0,0.0,-0.0,24.4,63.1,96,82,83,58,83.9,0,0,0,0,0,0,1152485839.0403366,22086735.0,0.1597,-0.07,543100,591128,0,76.7,3.7,2026-09-04
98,ICHR,Technology,Semiconductor Equipment & Materials,NASDAQ,854393,52.63,166.01,-2,-2,-53.66,295.6,43.0,1.9,-7.2,-26.1,3.8,96,98,98,97,96.4,0,1,1,0,0,2,2076649715.4748764,37454229.0,0.0653,0.227,616290,1015064,4,97.3,1.0,2026-09-04
99,CORT,Healthcare,Biotechnology,NASDAQ,1080930,110.43,165.93,-1,-10,-12.62,247.2,86.9,-3.7,-3.8,7.2,67.1,96,97,88,7,71.7,0,0,0,0,0,0,12310245153.458883,108098397.0,0.115600005,0.317,868690,1101426,1,65.9,31.5,2026-09-04
100,HPE,Technology,Communication Equipment,NYSE,17491140,51.83,165.64,-2,-3,-19.33,160.0,80.4,-1.7,-4.4,4.0,56.4,96,98,97,61,88.0,0,1,0,0,0,1,69269088002.0268,1324203521.0,0.0512,0.4,19046720,18416244,2,86.0,12.5,2026-09-04
101,VOR,Healthcare,Biotechnology,NASDAQ,764153,24.76,165.15,20,27,-50.43,265.2,43.5,6.3,7.1,18.2,60.2,96,76,83,88,1.6,0,0,0,0,0,0,1340025936.531376,59162294.0,0.1462,,682740,1174452,0,62.1,34.1,2026-09-04
102,BE,Industrials,Electrical Equipment & Parts,NYSE,15244950,217.28,165.07,-2,-1,-38.15,373.2,68.2,15.3,15.7,11.7,32.2,96,98,99,99,98.6,0,1,1,1,1,4,62077529974.77658,294527346.0,0.0706,1.655,11411910,15503416,4,98.6,-0.6,2026-09-04
103,SMWB,Technology,Software - Application,NYSE,916640,8.76,164.97,2,-61,-15.36,279.4,83.8,-1.6,2.2,17.7,66.6,96,94,31,3,9.2,0,0,0,0,0,0,801298225.5871582,88248704.0,0.0075,0.088,817400,982574,1,34.3,66.9,2026-09-04
104,HNST,Consumer Defensive,Household & Personal Products,NASDAQ,2800070,5.72,164.37,25,1,-4.03,183.3,100.0,4.9,11.7,32.4,79.9,96,71,47,20,65.2,0,0,0,0,0,0,608302437.1151485,107284379.0,0.0991,-0.109,2442720,2210686,0,50.8,15.5,2026-09-04
105,DINO,Energy,Oil & Gas Refining & Marketing,NYSE,2768633,106.06,164.36,6,6,5.92,129.8,98.8,4.9,9.5,19.4,60.6,96,90,90,87,84.8,0,0,0,0,0,0,17726827421.024025,177783849.0,0.053200003,0.532,2344410,2710870,2,87.9,3.2,2026-09-04
106,AMD,Technology,Semiconductors,NASDAQ,23589650,457.06,163.61,0,2,-21.83,216.0,76.0,2.0,0.5,-4.3,40.1,96,96,98,85,94.3,0,0,1,0,0,1,760047708133.9187,1632475042.0,0.024600001,0.501,15190480,25425698,3,93.3,2.8,2026-09-04
107,TH,Industrials,Specialty Business Services,NASDAQ,1229863,18.39,163.5,2,4,-11.8,213.8,93.0,6.9,10.5,12.9,52.3,96,94,96,83,88.1,0,0,0,0,0,0,1848014420.64336,99623423.0,0.12560001,0.387,1366780,1237360,2,90.3,5.0,2026-09-04
108,VLO,Energy,Oil & Gas Refining & Marketing,NYSE,2492810,366.09,162.96,3,0,3.71,137.0,100.0,4.1,6.7,17.7,54.7,96,93,90,92,89.7,0,0,0,0,0,0,101454115940.27258,287927461.0,0.038900003,0.517,2301800,2759296,3,91.2,2.1,2026-09-04
109,NBIS,Communication Services,Internet Content & Information,NASDAQ,24039093,204.09,162.68,-2,-2,-31.94,253.4,72.9,6.7,1.3,6.2,46.3,96,98,98,95,96.7,0,1,1,0,0,2,56866672510.11292,271855218.0,0.2344,4.54,15113080,21653056,4,96.9,1.3,2026-09-04
110,MPC,Energy,Oil & Gas Refining & Marketing,NYSE,2415820,387.0,162.64,6,3,4.84,139.1,100.0,4.2,7.2,20.8,60.9,96,90,87,86,87.1,0,0,0,0,0,0,107674985167.0024,291936635.0,0.027,0.537,2493180,2353426,1,87.5,2.6,2026-09-04
111,INSW,Energy,Oil & Gas Midstream,NYSE,523460,101.19,162.33,2,0,-1.14,141.4,100.0,4.8,6.8,13.5,41.1,96,94,92,92,88.5,0,0,0,0,0,0,4894188718.983948,49531311.0,0.0775,1.401,529790,559730,3,91.6,3.4,2026-09-04
112,LQDA,Healthcare,Drug Manufacturers - Specialty & Generic,NASDAQ,1466146,69.68,162.03,-3,-6,-25.56,215.0,67.7,-0.8,-6.2,-12.5,33.7,96,99,96,94,89.6,0,1,0,0,0,1,6019543238.419617,88928099.0,0.16430001,18.427,1157270,1546500,3,94.7,6.0,2026-09-04
113,XMAX,Consumer Cyclical,"Furnishings, Fixtures & Appliances",NASDAQ,564680,8.78,161.95,1,4,-6.6,96.1,85.6,-3.3,-3.3,-2.0,17.9,96,95,98,99,95.8,0,0,1,1,0,2,576194213.8709869,64523426.0,0.16379999,0.071,506520,939986,4,96.9,-1.5,2026-09-04
114,TNGX,Healthcare,Biotechnology,NASDAQ,2226960,22.32,161.89,-2,-1,-35.1,254.1,60.9,-4.6,-8.1,-16.9,14.9,96,98,99,99,96.1,0,1,1,1,0,3,3935365991.5079,168610367.0,0.259,,2144620,2820440,4,98.0,0.7,2026-09-04
115,PUBM,Technology,Software - Application,NASDAQ,724676,17.38,161.63,5,-9,-5.75,162.7,88.9,-0.6,-2.3,11.8,58.5,96,91,77,29,83.8,0,0,0,0,0,0,766152012.1192245,45550061.0,0.0563,0.105,615570,660986,1,70.2,17.4,2026-09-04
116,ATAI,Healthcare,Biotechnology,NASDAQ,8054866,7.35,161.55,1,-42,-1.34,120.6,98.8,0.4,0.9,9.8,58.4,96,95,52,87,72.3,0,0,0,0,0,0,2703603422.862636,370864669.0,0.053600002,1.37,6645360,13797868,1,76.6,17.3,2026-09-04
117,AVAH,Healthcare,Medical Care Facilities,NASDAQ,3153330,13.2,160.88,6,-52,-5.71,118.3,96.8,0.3,8.2,27.1,61.3,96,90,32,70,74.9,0,0,0,0,0,0,2907631830.9429703,218290683.0,0.0596,0.137,3638630,2863052,1,66.7,17.4,2026-09-04
118,BVS,Healthcare,Medical Devices,NASDAQ,754150,14.37,160.75,0,-24,-9.58,116.1,86.4,0.6,0.0,9.3,45.0,96,96,72,71,83.7,0,0,0,0,0,0,945343189.5425376,68305143.0,0.0498,0.038,581240,749094,1,80.7,13.6,2026-09-04
119,PACS,Healthcare,Medical Care Facilities,NYSE,796226,43.09,160.27,-3,-6,-12.93,451.2,85.4,-1.8,-3.5,-4.7,12.6,95,98,95,97,97.4,0,1,0,0,0,1,6768847413.0,158335612.0,0.074099995,0.091,610940,886322,4,96.9,0.8,2026-09-04
120,FCEL,Industrials,Electrical Equipment & Parts,NASDAQ,8330390,14.4,160.09,-4,-6,-61.99,269.1,34.1,-13.3,-20.9,-29.8,11.4,95,99,97,41,97.5,0,1,0,0,0,1,1419986539.2600632,79954196.0,0.21059999,-0.049,7452000,11061726,3,83.6,12.6,2026-09-04
121,DK,Energy,Oil & Gas Refining & Marketing,NYSE,1500263,71.45,159.97,0,-4,-2.64,169.3,94.8,0.9,4.5,13.3,59.8,95,95,91,94,88.2,0,0,0,0,0,0,4428024909.5,61287542.0,0.11350001,0.478,1868220,1401120,3,92.1,4.0,2026-09-04
122,APPS,Technology,Software - Application,NASDAQ,3677240,9.78,159.84,-4,-7,-36.25,279.8,68.2,0.0,-6.5,-0.2,67.4,95,99,96,28,91.1,0,1,0,0,0,1,1342070230.9656143,121016250.0,0.0888,0.268,2505510,3918336,3,78.5,18.5,2026-09-04
123,AXGN,Healthcare,Medical Devices,NASDAQ,966380,48.3,159.83,0,1,-8.71,209.7,90.5,-3.1,-2.1,6.8,28.6,95,95,96,94,95.3,0,0,0,0,0,0,2767105139.736847,53761513.0,0.072399996,0.231,888950,1187870,4,95.1,-0.1,2026-09-04
124,HTFL,Healthcare,Health Information Services,NASDAQ,1866530,50.0,159.74,67,98,-2.32,138.7,94.9,-1.1,10.5,44.2,63.4,95,28,59,18,60.9,0,0,0,0,0,0,4154644191.915436,86953627.0,0.112799995,0.476,1913660,1943744,0,41.5,-17.5,2026-09-04
125,DSGN,Healthcare,Biotechnology,NASDAQ,521643,15.53,159.73,0,-6,-9.97,173.8,92.3,-0.9,0.1,7.6,30.1,95,95,89,93,90.5,0,0,0,0,0,0,945608725.1242952,62581651.0,0.1254,,619310,687936,3,91.9,3.2,2026-09-04
126,PRCH,Financial Services,Insurance - Property & Casualty,NASDAQ,1619703,17.74,159.41,5,-46,-8.73,180.3,91.3,2.7,5.2,17.0,70.6,95,90,39,20,17.2,0,0,0,0,0,0,1975245103.0956192,113519836.0,0.23,0.117,976900,1796912,1,41.5,55.5,2026-09-04
127,DOCN,Technology,Software - Infrastructure,NYSE,2817376,104.87,159.09,-2,0,-44.07,243.3,53.7,0.6,-5.2,-9.8,15.8,95,97,99,93,96.7,0,0,1,0,0,1,13001349249.12744,116908096.0,0.0874,0.286,2101610,3314906,4,96.4,0.7,2026-09-04
128,MGTX,Healthcare,Biotechnology,NASDAQ,619486,14.06,158.16,6,-6,-8.4,98.7,86.5,-2.3,-0.4,5.4,42.9,95,89,77,58,79.3,0,0,0,0,0,0,1327314175.4100037,96042996.0,0.0543,86.086,776820,836592,0,75.8,12.3,2026-09-04
129,JBIO,Healthcare,Biotechnology,NASDAQ,745800,21.4,157.6,2,-3,-23.57,186.3,65.1,-5.3,-9.2,-6.9,10.5,95,93,88,78,91.3,0,0,0,0,0,0,1325369554.7841911,63597387.0,0.1857,,562380,885082,2,87.6,4.3,2026-09-04
130,STLN,Healthcare,Medical Care Facilities,NASDAQ,1494000,6.09,157.56,7,13,-13.62,148.6,82.9,-3.3,-5.2,3.1,44.6,95,88,94,89,79.7,0,0,0,0,0,0,628822437.3255825,101916115.0,0.076799996,0.346,1185680,1792452,1,87.7,3.4,2026-09-04
131,NAT,Energy,Oil & Gas Midstream,NYSE,3364733,7.07,157.35,3,-2,-1.81,135.4,100.0,4.9,6.6,12.9,38.0,95,92,87,93,87.9,0,0,0,0,0,0,1433551984.4711766,211750663.0,0.0779,1.34,4214560,3701204,2,90.0,2.3,2026-09-04
132,GTE,Energy,Oil & Gas E&P,NYSE ARCA,1401906,10.19,157.08,0,-8,-11.55,194.5,96.5,0.5,3.4,25.8,43.7,95,95,87,94,90.6,0,0,0,0,0,0,349204830.1810312,35380429.0,0.0392,0.253,567360,952996,3,91.7,3.2,2026-09-04
133,AUGO,Basic Materials,Gold,NASDAQ,919366,84.6,156.79,5,3,-23.31,181.3,69.3,-1.4,2.6,24.1,23.9,95,90,88,98,93.3,0,0,0,1,0,1,7086728236.450104,83836843.0,0.1573,0.764,1064170,1009946,3,92.3,-3.0,2026-09-04
134,IRDM,Communication Services,Telecom Services,NASDAQ,1081743,46.97,156.74,-1,-1,-17.86,198.0,78.7,0.3,-2.1,-2.9,38.5,95,96,96,75,81.8,0,0,0,0,0,0,4938740161.484985,105981552.0,0.0317,0.038,831410,1804654,2,87.2,11.3,2026-09-04
135,ATRC,Healthcare,Medical Instruments & Supplies,NASDAQ,838013,52.59,156.55,19,-35,5.22,99.2,96.0,3.5,8.7,28.6,49.2,95,76,22,26,62.0,0,0,0,0,0,0,2469049957.329483,50866294.0,0.080299996,0.128,720310,915218,0,46.5,22.4,2026-09-04
136,MRX,Financial Services,Capital Markets,NASDAQ,649200,71.67,156.39,2,0,-4.95,177.2,100.0,7.5,10.3,16.9,55.0,95,93,91,41,87.4,0,0,0,0,0,0,5239444307.381287,71930870.0,0.0434,0.321,574170,771566,2,78.1,13.4,2026-09-04
137,HYMC,Basic Materials,Gold,NASDAQ,1784150,23.21,156.13,-3,-3,-60.48,312.5,34.2,-6.0,-10.8,-1.8,-24.1,95,98,98,99,97.9,0,1,1,1,0,3,2220053620.9169807,93181681.0,0.23040001,,2065400,1935866,4,98.2,-0.1,2026-09-04
138,NEO,Healthcare,Diagnostics & Research,NASDAQ,2223543,17.4,155.73,-1,-17,-11.94,141.7,89.0,-0.6,2.5,11.3,49.0,95,96,80,27,86.8,0,0,0,0,0,0,2350322529.656296,130211780.0,0.1459,0.112,1904700,2677866,1,72.4,20.0,2026-09-04
139,UTZ,Consumer Defensive,Packaged Foods,NYSE,2800443,14.2,155.47,5,-70,-0.49,109.0,99.5,-0.0,0.3,17.5,48.8,95,90,15,14,21.5,0,0,0,0,0,0,2044263397.141387,143962213.0,0.092,0.014,2619940,4067462,1,35.1,56.9,2026-09-04
140,FRO,Energy,Oil & Gas Midstream,NYSE,2095986,45.42,155.14,5,3,0.29,124.1,100.0,4.4,7.6,15.8,37.3,95,90,88,92,85.9,0,0,0,0,0,0,9837705203.373983,222622890.0,0.0653,0.669,2540480,2316180,2,89.0,1.9,2026-09-04
141,PARR,Energy,Oil & Gas Refining & Marketing,NYSE,1028296,80.16,155.07,2,0,-7.89,147.8,91.1,3.8,4.1,9.5,45.2,95,93,91,96,89.6,0,0,0,0,0,0,3950355512.504036,50099627.0,0.1325,0.568,848200,997916,3,92.4,1.3,2026-09-04
142,OKTA,Technology,Software - Infrastructure,NASDAQ,3378230,163.15,154.84,0,-12,-6.69,171.1,97.8,8.1,12.7,16.9,67.5,95,95,83,27,81.4,0,0,0,0,0,0,29060482114.52441,174820928.0,0.0435,0.106,5098990,3303952,1,71.6,21.6,2026-09-04
143,FDMT,Healthcare,Biotechnology,NASDAQ,937060,14.94,154.81,28,35,-11.75,126.8,82.4,0.3,4.8,19.7,48.2,95,67,74,85,88.3,0,0,0,0,0,0,810432579.5847988,55244211.0,0.255,251.067,1062820,958622,0,78.6,-15.0,2026-09-04
144,HNGE,Healthcare,Health Information Services,NYSE,1794926,91.85,154.7,0,-11,-3.89,196.3,99.2,1.7,3.2,8.2,62.7,95,95,84,47,73.5,0,0,0,0,0,0,7048657201.820091,80694417.0,0.0912,0.53,2062650,1985652,1,74.9,21.4,2026-09-04
145,SLDB,Healthcare,Biotechnology,NASDAQ,906540,10.28,154.47,10,-16,-10.22,160.8,87.5,3.4,7.8,10.2,40.2,95,85,59,88,80.3,0,0,0,0,0,0,1047590624.3438188,107225238.0,0.1762,,883090,1289060,0,78.1,4.4,2026-09-04
146,PTEN,Energy,Oil & Gas Drilling,NASDAQ,8665153,13.15,153.63,17,32,0.54,139.8,90.8,0.7,3.7,17.1,31.1,95,78,93,91,86.3,0,0,0,0,0,0,4718647542.640114,379617653.0,0.0915,0.007,8674190,9172826,2,87.1,-8.3,2026-09-04
147,SGMT,Healthcare,Biotechnology,NASDAQ,1192453,10.99,153.62,33,34,-1.43,140.4,99.2,2.9,5.9,26.2,60.2,95,62,63,42,66.2,0,0,0,0,0,0,655773801.0058222,62158653.0,0.19229999,,1007870,1300514,0,58.3,1.8,2026-09-04
148,EWTX,Healthcare,Biotechnology,NASDAQ,1234880,41.98,153.55,-2,-7,-13.26,214.4,84.8,-0.1,-1.3,2.0,30.6,95,97,92,91,94.2,0,0,0,0,0,0,4643912373.751575,108604129.0,0.12550001,,1045870,1210774,4,93.5,3.1,2026-09-04
149,TGTX,Healthcare,Biotechnology,NASDAQ,2266843,56.9,153.34,5,-4,-4.05,107.8,90.4,0.7,5.9,4.5,43.5,95,90,81,25,78.0,0,0,0,0,0,0,8255014075.002968,153069053.0,0.2843,0.703,2322160,2289586,1,68.5,19.9,2026-09-04
150,TSEM,Technology,Semiconductors,NASDAQ,1799676,206.81,152.95,-2,0,-35.36,251.7,62.7,5.3,-2.7,-3.6,19.4,95,97,99,95,96.8,0,0,1,0,0,1,23511627611.50085,113031240.0,0.0225,0.237,1240630,1797398,4,97.0,0.3,2026-09-04
151,CHEF,Consumer Defensive,Food Distribution,NASDAQ,719016,113.43,152.8,3,-8,-3.32,109.5,98.1,0.9,2.6,9.2,47.6,95,92,81,62,77.8,0,0,0,0,0,0,4691549545.0,40796083.0,0.1784,0.129,696310,646154,1,78.2,14.2,2026-09-04
152,OII,Energy,Oil & Gas Equipment & Services,NYSE,1060160,51.63,152.27,0,-7,-4.83,131.5,91.5,0.8,-0.3,8.6,40.7,94,94,87,90,85.6,0,0,0,0,0,0,5035204755.737019,99529645.0,0.0864,0.1,822940,1106448,2,89.1,5.7,2026-09-04
153,IMNM,Healthcare,Biotechnology,NASDAQ,1090743,27.33,152.06,6,1,-9.08,197.7,85.3,-3.8,-3.3,7.5,19.9,94,88,83,94,92.7,0,0,0,0,0,0,3122313328.0187225,113250394.0,0.17909999,,1011550,1314886,2,89.4,-3.0,2026-09-04
154,ZURA,Healthcare,Biotechnology,NASDAQ,1178970,5.67,151.87,0,-14,-23.79,227.9,84.2,5.3,7.2,11.8,18.9,94,94,80,99,94.7,0,0,0,1,0,1,548142643.5342469,95829137.0,0.1595,,2087330,1336312,3,91.9,0.1,2026-09-04
155,LPG,Energy,Oil & Gas Midstream,NYSE,586446,52.13,151.74,6,9,0.06,130.7,100.0,8.1,12.2,23.4,52.4,94,88,91,83,79.2,0,0,0,0,0,0,2129721807.955048,42782681.0,0.0634,1.24,540830,631042,1,85.3,5.1,2026-09-04
156,VREX,Healthcare,Medical Devices,NASDAQ,1156476,18.47,151.31,26,-5,-0.86,98.6,99.2,0.1,0.1,32.3,50.2,94,68,37,44,70.3,0,0,0,0,0,0,779742736.0,42148256.0,0.040999997,0.037,696230,885892,0,54.8,6.8,2026-09-04
157,SB,Industrials,Marine Shipping,NYSE,767863,9.09,151.29,5,-2,3.77,121.5,100.0,5.1,10.5,20.4,43.1,94,89,82,87,85.5,0,0,0,0,0,0,867621236.5756645,101833473.0,0.0495,0.33,835030,863726,0,85.9,2.8,2026-09-04
158,CGON,Healthcare,Biotechnology,NASDAQ,771983,74.59,151.19,1,-9,-7.88,125.8,87.4,-2.2,-2.7,1.4,22.2,94,93,83,95,90.2,0,0,0,0,0,0,6589525152.889252,88640375.0,0.1292,,709850,964084,3,90.3,2.0,2026-09-04
159,GH,Healthcare,Diagnostics & Research,NASDAQ,2111973,163.06,150.98,-3,-7,-7.66,194.6,91.8,-1.5,-1.5,1.2,37.5,94,97,93,86,92.2,0,0,0,0,0,0,21672681455.0,134196170.0,0.086899996,0.443,1926330,2664440,3,92.0,5.0,2026-09-04
160,PSX,Energy,Oil & Gas Refining & Marketing,NYSE,2734400,256.09,150.74,7,4,3.7,101.2,99.2,3.3,6.1,19.0,48.0,94,87,84,86,82.4,0,0,0,0,0,0,97365091521.27264,399020916.0,0.0143,0.531,2704760,2717316,0,84.8,2.8,2026-09-04
161,UGP,Energy,Oil & Gas Refining & Marketing,NYSE,3079503,7.13,150.72,6,-9,4.85,100.6,100.0,7.3,11.5,17.5,38.8,94,88,73,89,84.1,0,0,0,0,0,0,6873248964.44911,1065620026.0,0.0038,0.219,2852560,3650232,0,83.5,3.3,2026-09-04
162,TEAM,Technology,Software - Application,NASDAQ,5208050,186.44,150.05,58,46,-4.37,231.7,96.3,3.4,9.4,50.6,73.5,94,36,24,5,31.7,0,0,0,0,0,0,48201425758.684616,253138815.0,0.074099995,0.276,4219230,4582834,0,24.2,9.6,2026-09-04
163,CGAU,Basic Materials,Gold,NYSE,1686883,22.26,150.03,3,-4,-9.22,165.3,91.5,-1.2,1.3,20.2,31.6,94,91,84,97,93.0,0,0,0,0,0,0,4585040865.505697,195607541.0,2.75,0.535,1644030,1561674,3,91.2,-1.5,2026-09-04
164,UMAC,Technology,Computer Hardware,NYSE ARCA,4523313,23.55,149.9,-3,-4,-32.57,206.2,60.8,-1.5,-9.5,3.9,37.2,94,97,96,98,91.5,0,0,0,1,0,1,1197956967.0317268,49956505.0,0.1751,6.873,3654180,4358532,4,95.6,2.7,2026-09-04
165,CRL,Healthcare,Diagnostics & Research,NYSE,933993,291.76,149.68,5,-16,-3.81,98.2,93.4,-1.3,-0.0,13.3,44.1,94,89,68,33,78.8,0,0,0,0,0,0,13915881188.0,47738872.0,0.0571,-0.027,880700,930674,0,67.2,18.4,2026-09-04
166,ATI,Industrials,Metal Fabrication,NYSE,1830386,201.69,149.67,-1,-3,-17.19,181.3,86.5,1.0,-2.5,4.1,32.9,94,95,93,95,92.6,0,0,0,0,0,0,28699269173.073746,136170383.0,0.0385,0.106,2340020,1736168,4,93.9,1.4,2026-09-04
167,DCTH,Healthcare,Medical Devices,NASDAQ,631256,16.58,149.4,19,-9,-4.82,101.2,90.4,-0.2,-1.7,14.0,46.3,94,75,47,27,64.3,0,0,0,0,0,0,566978315.5946159,34698795.0,0.0739,0.206,428820,546622,0,53.3,17.8,2026-09-04
168,OSCR,Healthcare,Healthcare Plans,NYSE,5452340,30.33,149.26,-2,-5,-9.59,197.2,97.7,4.3,4.6,6.1,57.4,94,96,93,28,77.9,0,0,0,0,0,0,9404412938.070295,308645000.0,0.065,0.704,4727210,5444804,2,73.7,23.0,2026-09-04
169,FIRY,Communication Services,Electronic Gaming & Multimedia,NYSE,918830,9.95,149.14,-1,-2,-50.25,344.3,77.2,3.1,2.3,7.2,62.3,94,95,94,11,55.9,0,0,0,0,0,0,153578363.2615242,15607557.0,0.2139,0.229,145920,595500,2,64.0,36.4,2026-09-04
170,ARWR,Healthcare,Biotechnology,NASDAQ,1333580,85.37,148.61,-4,-6,-10.6,217.8,94.8,0.2,-0.7,2.8,21.4,94,98,96,96,95.0,0,1,0,0,0,1,11993917310.259308,141254467.0,0.0907,1.71,1152470,2104310,4,96.3,2.1,2026-09-04
171,LILA,Communication Services,Telecom Services,NASDAQ,526210,8.75,148.4,1,-33,-1.69,83.4,93.9,-0.7,-0.1,5.6,40.2,94,93,59,65,69.3,0,0,0,0,0,0,1676904082.2029114,195900000.0,0.0325,0.015,383490,647502,1,71.6,20.8,2026-09-04
172,GKOS,Healthcare,Medical Devices,NYSE,819356,179.53,148.37,1,-15,-6.31,137.7,89.5,-1.6,-2.9,6.5,37.2,94,93,77,42,83.1,0,0,0,0,0,0,10609440460.182495,58983937.0,0.081099994,0.495,572700,809254,1,73.8,16.8,2026-09-04
173,PENG,Technology,Information Technology Services,NASDAQ,1965440,47.59,148.23,-4,-3,-47.04,218.7,54.5,3.6,-3.6,-12.1,41.4,94,98,99,28,85.7,0,1,1,0,0,2,2537025941.480831,51242699.0,0.1762,0.476,1534140,3209056,2,77.7,20.1,2026-09-04
174,CMBT,Energy,Oil & Gas Midstream,NYSE,961920,18.75,147.91,5,1,-0.53,116.3,100.0,5.9,9.5,19.3,42.5,94,89,85,83,86.7,0,0,0,0,0,0,5324615371.840982,290169769.0,0.0095999995,0.815,1200860,993892,0,85.9,2.8,2026-09-04
175,CBRL,Consumer Cyclical,Restaurants,NASDAQ,787973,54.8,147.88,-1,-53,-9.06,118.6,87.2,-2.1,-3.4,-0.3,47.8,94,95,43,20,22.4,0,0,0,0,0,0,1244082260.189438,22351460.0,0.3784,-0.029,750550,901634,1,45.1,56.5,2026-09-04
176,VSTS,Industrials,Rental & Leasing Services,NYSE,1278113,12.17,147.43,-3,-5,-27.99,226.6,74.0,4.8,1.9,-6.1,32.6,94,97,95,74,94.0,0,0,0,0,0,0,1649358049.901905,132160105.0,0.089099996,-0.018,1021770,1352320,3,90.0,6.3,2026-09-04
177,ILMN,Healthcare,Diagnostics & Research,NASDAQ,1975410,213.25,147.41,1,-4,-8.01,139.8,93.1,-0.4,4.7,10.1,43.7,94,93,88,70,87.8,0,0,0,0,0,0,32554089447.021484,151000000.0,0.1026,0.094,2010240,1946010,1,84.7,7.7,2026-09-04
178,WNC,Industrials,Farm & Heavy Construction Machinery,NYSE,944386,14.22,146.72,4,-63,-0.7,111.4,100.0,7.9,12.0,10.8,41.0,94,90,23,25,46.7,0,0,0,0,0,0,543026512.9820004,40737173.0,0.0963,-0.091,648950,1145016,1,46.2,41.4,2026-09-04
179,IMVT,Healthcare,Biotechnology,NASDAQ,1108000,39.49,146.71,0,-5,-13.06,165.6,81.1,-5.3,-6.9,-2.9,28.4,94,94,89,83,90.3,0,0,0,0,0,0,8509970655.98719,206552682.0,0.18280001,,1144870,1185062,2,89.1,4.5,2026-09-04
180,EAT,Consumer Cyclical,Restaurants,NYSE,1042240,231.0,146.32,1,-52,-9.41,125.1,84.4,-2.4,-2.5,9.7,40.6,94,93,40,37,61.3,0,0,0,0,0,0,9872340484.80652,42887790.0,0.19510001,0.051,800560,1058588,1,57.8,32.3,2026-09-04
181,CHYM,Technology,Software - Application,NASDAQ,8467646,33.41,146.2,25,-29,-2.2,105.4,100.0,2.0,3.8,27.5,48.2,94,69,15,21,56.1,0,0,0,0,0,0,12569025974.037518,378585111.0,0.0654,0.268,6209860,7561928,0,40.3,21.5,2026-09-04
182,CXW,Industrials,Security & Protection Services,NYSE,1515593,32.61,145.93,1,-9,-6.45,115.2,100.0,3.5,4.2,8.8,50.5,93,92,82,32,77.7,0,0,0,0,0,0,3343588998.89954,98893489.0,0.1906,0.273,1667690,1419848,1,70.9,20.2,2026-09-04
183,UCTT,Technology,Semiconductor Equipment & Materials,NASDAQ,1191610,66.07,145.61,-4,-3,-54.19,234.5,42.0,3.3,-5.5,-19.1,7.9,93,97,98,97,94.8,0,0,1,0,0,1,3145848126.91198,45277029.0,0.0936,0.243,801250,1373510,4,96.7,1.0,2026-09-04
184,CIEN,Technology,Communication Equipment,NYSE,2032576,354.16,145.54,-3,-1,-44.45,175.1,40.0,-12.7,-17.6,-20.7,-14.9,93,96,98,98,92.8,0,0,1,1,0,2,53569288147.26819,141552922.0,0.0325,0.395,1632690,2214576,4,96.2,1.0,2026-09-04
185,BJRI,Consumer Cyclical,Restaurants,NASDAQ,510916,60.71,144.9,-2,-24,-18.62,108.7,68.5,-5.4,-7.9,-7.7,27.7,93,95,73,35,78.4,0,0,0,0,0,0,1385347635.2301407,21273765.0,0.096499994,0.064,476690,509450,1,70.4,22.5,2026-09-04
186,HP,Energy,Oil & Gas Drilling,NYSE,1354553,47.64,144.87,17,32,5.87,121.6,88.1,1.3,1.7,17.8,26.1,93,76,91,89,86.4,0,0,0,0,0,0,4252402033.502636,99938945.0,0.1179,-0.006,1448170,1325022,1,85.6,-9.3,2026-09-04
187,LILAK,Communication Services,Telecom Services,NASDAQ,1382813,8.63,144.5,1,-33,-2.36,79.7,94.2,-0.6,0.0,5.8,38.3,93,92,58,66,67.2,0,0,0,0,0,0,1661231910.324097,195900000.0,0.0308,0.015,1477950,1560144,1,70.8,21.0,2026-09-04
188,VIR,Healthcare,Biotechnology,NASDAQ,1743260,11.5,144.04,12,9,-1.37,137.7,96.4,2.8,11.9,16.9,32.6,93,81,78,91,87.6,0,0,0,0,0,0,1832608812.229847,169215958.0,0.1173,195.825,2218310,1824642,1,84.4,-5.0,2026-09-04
189,VSAT,Technology,Communication Equipment,NASDAQ,1892026,69.92,144.02,-4,-3,-24.84,165.1,76.4,6.6,-0.4,-0.5,31.7,93,97,98,98,90.7,0,0,1,1,0,2,9280609298.057632,137755810.0,0.0956,-0.012,1508750,2316678,4,95.9,2.9,2026-09-04
190,ANF,Consumer Cyclical,Apparel Retail,NYSE,1848263,136.6,144.0,11,-42,-11.63,128.1,100.0,8.7,21.2,39.3,54.2,93,82,29,37,71.3,0,0,0,0,0,0,6594554316.843109,44431710.0,0.1241,0.048,3549780,1548540,0,54.8,19.6,2026-09-04
191,NAVN,Technology,Software - Application,NASDAQ,2346943,26.9,143.95,-1,-3,-12.89,226.4,87.3,-2.8,-3.5,2.9,54.7,93,94,92,9,,0,0,0,0,0,0,7248440967.0,254331262.0,0.32700002,0.399,2307330,3406118,2,65.0,,2026-09-04
192,XMTR,Industrials,Industrial Distribution,NASDAQ,639380,92.23,143.92,-2,-3,-13.06,156.3,82.1,1.4,2.5,1.0,34.6,93,95,94,31,80.9,0,0,0,0,0,0,5394721490.017532,57323573.0,0.0747,0.411,515280,734158,2,75.2,19.9,2026-09-04
193,NTRA,Healthcare,Diagnostics & Research,NASDAQ,1324560,325.17,143.77,3,-21,-5.25,104.8,94.1,-0.3,1.5,12.3,39.3,93,90,66,58,83.1,0,0,0,0,0,0,47028478311.85791,144144170.0,0.0307,0.377,1213180,1404832,1,74.3,12.2,2026-09-04
194,HUT,Financial Services,Capital Markets,NASDAQ,4888806,80.68,143.74,-4,-2,-42.7,268.6,63.3,12.0,10.8,-2.4,24.5,93,97,99,96,97.3,0,0,1,0,0,1,9789266722.865171,123259468.0,0.1196,0.814,4702990,4701750,4,97.3,-0.1,2026-09-04
195,ROIV,Healthcare,Biotechnology,NASDAQ,6805593,34.18,143.55,-2,-6,-9.98,170.6,89.3,-1.5,-2.8,-1.0,22.6,93,95,91,96,93.1,0,0,0,0,0,0,25071831189.34353,722323015.0,0.0558,-0.335,9042650,6399396,4,93.8,1.1,2026-09-04
196,LRCX,Technology,Semiconductor Equipment & Materials,NASDAQ,9380326,288.32,143.08,-2,0,-34.25,198.8,62.0,1.3,-1.6,-4.4,17.9,93,95,97,95,95.0,0,0,0,0,0,0,377773802262.5427,1251321000.0,0.0254,0.3,6513630,10705094,4,95.5,-0.2,2026-09-04
197,WT,Financial Services,Asset Management,NYSE,2462933,23.74,143.08,3,-3,-8.3,132.0,99.0,1.9,5.6,17.9,46.7,93,90,84,87,79.6,0,0,0,0,0,0,3701440917.967827,151512111.0,0.1579,0.573,2572440,2680358,1,85.1,6.4,2026-09-04
198,MGNI,Communication Services,Advertising Agencies,NASDAQ,2690193,24.88,142.95,6,-48,-5.0,115.5,87.9,1.5,0.7,11.7,51.3,93,87,33,21,14.3,0,0,0,0,0,0,3399152630.323948,143424157.0,0.088,0.112,2189510,2683182,0,38.8,55.0,2026-09-04
199,SPHR,Communication Services,Entertainment,NYSE,791153,140.63,142.79,-4,-6,-22.57,191.2,73.4,-2.4,-8.5,-6.4,15.3,93,97,95,97,93.9,0,0,0,0,0,0,5088239576.720886,35913607.0,0.32509997,0.11,697330,739252,4,95.7,1.7,2026-09-04
200,WTTR,Energy,Oil & Gas Equipment & Services,NYSE,1647226,19.77,142.33,-2,-4,-12.33,139.1,84.1,2.5,-0.4,1.5,28.3,93,95,93,87,88.7,0,0,0,0,0,0,2486019046.2980576,128942892.0,0.0396,0.087,1319910,1811390,2,90.9,5.0,2026-09-04
201,PANW,Technology,Software - Infrastructure,NASDAQ,6111590,328.48,142.28,-4,-13,-17.65,135.2,75.3,-5.4,-8.4,-4.6,43.0,93,97,88,32,77.1,0,0,0,0,0,0,302845847015.38086,815000000.0,0.0277,0.311,6909640,6620344,1,73.5,23.9,2026-09-04
202,ZBIO,Healthcare,Biotechnology,NASDAQ,691146,33.13,142.27,2,-64,-25.72,116.3,63.2,1.0,3.1,7.5,26.5,93,91,25,90,82.2,0,0,0,0,0,0,2038076158.045536,65176723.0,0.2626,,656360,888214,2,72.1,11.2,2026-09-04
203,HALO,Healthcare,Biotechnology,NASDAQ,2143373,109.66,142.18,15,-1,-0.0,78.8,98.8,1.8,4.0,21.5,48.5,93,78,62,53,65.6,0,0,0,0,0,0,11957014126.815796,113498000.0,0.169,0.477,1512690,2019780,0,64.7,12.8,2026-09-04
204,FTNT,Technology,Software - Infrastructure,NASDAQ,5178840,154.54,141.67,-3,-7,-11.13,107.7,83.1,-2.4,-1.9,-1.6,42.0,93,96,92,41,84.8,0,0,0,0,0,0,121796466398.0,733713653.0,0.0234,0.256,4834530,5200202,2,78.5,17.0,2026-09-04
205,VICR,Technology,Electronic Components,NASDAQ,831930,181.59,141.58,-4,-2,-52.54,289.1,42.3,-0.0,-8.3,-18.9,-6.8,93,97,99,98,97.1,0,0,1,1,0,2,8656538933.0,46106732.0,0.069699995,0.493,743880,902204,4,97.8,-0.5,2026-09-04
206,FROG,Technology,Software - Application,NASDAQ,2222586,91.73,141.55,-2,-3,-13.27,152.1,76.3,-6.5,-5.2,-1.7,33.4,93,95,94,30,79.4,0,0,0,0,0,0,12174771184.739985,123301311.0,0.0776,0.287,2076770,2785718,2,74.6,20.9,2026-09-04
207,GEO,Industrials,Security & Protection Services,NYSE,1969226,30.56,141.53,0,-3,-7.81,139.6,94.9,0.1,0.8,3.1,47.3,93,93,90,16,65.8,0,0,0,0,0,0,4248680010.8515625,131619584.0,0.111499995,0.151,2406070,1963760,2,66.2,29.3,2026-09-04
208,BTSG,Healthcare,Health Information Services,NASDAQ,2694970,60.25,141.33,-3,-5,-18.31,151.7,75.0,1.5,1.5,-6.7,21.2,93,96,94,90,91.0,0,0,0,0,0,0,11699712781.67181,197864241.0,0.0692,0.23,2060240,3598942,4,92.7,3.9,2026-09-04
209,FORM,Technology,Semiconductor Equipment & Materials,NASDAQ,1265680,96.58,141.32,-3,-1,-39.74,253.9,57.1,1.0,-8.1,-8.9,1.8,93,96,98,97,97.0,0,0,1,0,0,1,7928000074.500916,77954772.0,0.0493,0.319,1049560,1576622,4,97.0,-0.9,2026-09-04
210,HAE,Healthcare,Medical Devices,NYSE,815433,102.92,141.27,4,-16,-6.07,115.9,90.4,-1.6,2.3,17.3,41.6,93,89,69,29,81.6,0,0,0,0,0,0,4729873380.306206,45497051.0,0.071,0.056,643600,753652,0,67.1,17.7,2026-09-04
211,NEOG,Healthcare,Medical Devices,NASDAQ,2092976,11.81,141.26,1,-7,-8.09,124.5,95.3,1.3,1.1,10.4,26.3,93,92,84,87,85.0,0,0,0,0,0,0,2543115985.019665,218106005.0,0.0608,-0.001,1502030,1967576,1,87.0,5.3,2026-09-04
212,ELF,Consumer Defensive,Household & Personal Products,NYSE,2270326,107.36,141.12,36,-12,-28.9,121.2,61.9,2.7,8.6,25.0,44.2,92,56,8,26,5.4,0,0,0,0,0,0,6142732293.560944,59007996.0,0.0836,0.355,1617720,2552582,0,23.8,36.1,2026-09-04
213,TRLV,Healthcare,Drug Manufacturers - Specialty & Generic,NYSE,1072260,11.69,141.08,29,63,-11.97,154.4,89.2,4.6,13.6,26.8,49.7,92,63,97,79,74.5,0,0,0,0,0,0,2276120794.35376,192565216.0,0.008,-0.103,1461970,1087172,1,78.4,-12.3,2026-09-04
214,PAYC,Technology,Software - Application,NYSE,881450,236.25,141.0,21,-28,-2.58,104.0,93.0,-1.6,2.0,27.2,55.2,92,71,22,15,20.2,0,0,0,0,0,0,10750933225.050934,45071619.0,0.0681,0.098,620950,861792,0,32.0,41.5,2026-09-04
215,TGT,Consumer Defensive,Discount Stores,NYSE,4427736,163.36,140.9,6,-3,-4.33,96.5,93.7,0.1,2.9,11.8,34.2,92,86,77,80,78.6,0,0,0,0,0,0,74114902329.56494,454191112.0,0.030299999,0.053,5004970,4437344,0,80.4,5.8,2026-09-04
216,ACMR,Technology,Semiconductor Equipment & Materials,NASDAQ,972660,69.9,140.79,-3,-1,-45.04,176.0,47.5,-0.4,-4.3,-13.3,17.7,92,95,97,89,93.0,0,0,0,0,0,0,5183293038.788513,69649196.0,0.060700003,0.36,801270,1191016,3,93.5,2.0,2026-09-04
217,CRWD,Technology,Software - Infrastructure,NASDAQ,9223430,203.42,140.57,-3,-10,-11.2,143.4,87.5,2.0,1.2,6.1,49.6,92,95,88,44,85.2,0,0,0,0,0,0,223627363243.1977,1023934842.0,0.0241,0.258,12843710,9642334,1,78.1,15.8,2026-09-04
218,RELY,Technology,Software - Infrastructure,NASDAQ,3273840,26.82,140.44,6,-22,-1.22,114.5,94.9,-0.7,1.7,6.9,39.9,92,86,58,33,52.4,0,0,0,0,0,0,5620211472.197884,211684054.0,0.072,0.202,3616850,3294142,0,57.3,30.2,2026-09-04
219,SHAZ,Technology,Information Technology Services,NASDAQ,2090216,54.29,140.44,1,7,-44.31,219.3,51.1,-0.7,-8.3,-12.1,,92,91,97,13,,0,0,0,0,0,0,1875029518.6077309,35803505.0,0.0975,4.123,1474940,2042080,2,67.0,,2026-09-04
220,NEXA,Basic Materials,Other Industrial Metals & Mining,NYSE,718273,13.34,140.18,-2,-2,-21.02,187.5,75.5,-2.5,-3.3,1.6,13.2,92,94,94,96,93.7,0,0,0,0,0,0,1768055507.3713207,132438611.0,0.0046,0.282,992040,716118,4,94.4,-0.3,2026-09-04
221,CNC,Healthcare,Healthcare Plans,NYSE,4749333,67.34,139.89,-3,-5,-2.91,132.5,95.8,1.9,2.1,2.3,33.2,92,95,93,26,89.1,0,0,0,0,0,0,31986176250.0,493995000.0,0.0308,0.046,4220780,4617818,2,75.8,16.9,2026-09-04
222,EQNR,Energy,Oil & Gas Integrated,NYSE,3022566,43.58,139.24,7,10,0.28,87.8,90.2,-0.5,0.4,8.7,25.9,92,85,88,90,77.7,0,0,0,0,0,0,98233622465.16228,2373366125.0,0.028199999,0.374,2539860,3308032,1,85.2,2.3,2026-09-04
223,CRSR,Technology,Computer Hardware,NASDAQ,1970830,12.1,139.16,-1,-14,-19.21,177.7,83.3,6.1,4.6,17.0,67.5,92,93,80,14,59.6,0,0,0,0,0,0,1298123508.0,108176959.0,0.2134,-0.018,1341710,1826362,1,61.7,33.8,2026-09-04
224,TWLO,Technology,Software - Infrastructure,NYSE,2290593,226.75,138.91,7,15,-12.23,132.8,85.3,0.5,-0.6,8.1,42.7,92,85,93,65,87.4,0,0,0,0,0,0,36517115624.13025,153575220.0,0.0354,0.22,1630130,2114848,1,82.6,2.0,2026-09-04
225,LIND,Consumer Cyclical,Travel Services,NASDAQ,854906,25.39,138.65,-5,-12,-27.46,125.9,62.6,-8.9,-15.4,-11.9,24.1,92,97,90,87,79.1,0,0,0,0,0,0,1941686607.52277,65619689.0,0.1144,0.186,918780,948182,2,88.3,11.7,2026-09-04
226,VCTR,Financial Services,Asset Management,NASDAQ,593736,111.37,138.5,4,-1,-9.86,87.2,87.7,-2.0,-2.0,9.7,41.5,92,88,83,64,69.4,0,0,0,0,0,0,7277197313.150146,61509572.0,0.056700002,0.24,631440,558946,0,76.1,14.6,2026-09-04
227,CRVS,Healthcare,Biotechnology,NASDAQ,761860,14.2,138.41,1,-2,-47.31,150.7,43.7,0.1,-1.2,-0.2,4.3,92,91,88,98,90.8,0,0,0,1,0,1,1191152554.2041626,84120944.0,0.2585,,622130,1001138,3,92.0,-1.0,2026-09-04
228,APA,Energy,Oil & Gas E&P,NASDAQ,5614150,44.7,138.3,8,14,-2.1,97.5,91.6,-0.4,1.0,13.1,27.4,92,84,90,91,80.0,0,0,0,0,0,0,14903953556.156387,350351510.0,0.09819999,0.092,4923590,5450772,2,86.2,0.0,2026-09-04
229,SN,Consumer Cyclical,"Furnishings, Fixtures & Appliances",NYSE,1708563,175.25,138.25,-2,-30,-9.92,105.0,82.0,-5.3,-5.6,3.9,35.3,92,94,66,44,60.4,0,0,0,0,0,0,27062941471.52971,141520379.0,0.1038,0.222,1474630,1662218,1,66.1,29.6,2026-09-04
230,TDW,Energy,Oil & Gas Equipment & Services,NYSE,646176,100.61,138.17,24,34,3.19,99.3,88.1,0.4,0.8,15.1,28.4,92,68,78,90,73.4,0,0,0,0,0,0,4608422251.87957,49756231.0,0.16280001,-0.431,613220,698906,1,77.4,-8.1,2026-09-04
231,AMPL,Technology,Software - Application,NASDAQ,2162570,13.29,138.15,24,-27,-9.96,132.1,85.3,-4.0,-1.2,21.4,46.8,92,68,17,14,40.0,0,0,0,0,0,0,1896455243.0951135,132619246.0,0.0904,0.212,1700480,2234112,0,34.8,29.9,2026-09-04
232,EC,Energy,Oil & Gas Integrated,NYSE,1947603,17.51,138.12,0,-2,-3.74,100.3,93.1,1.6,0.4,5.4,26.0,92,92,90,90,81.7,0,0,0,0,0,0,33921273127.5,2055834735.0,0.0323,0.355,1752550,2216712,3,88.4,5.8,2026-09-04
233,FSLY,Technology,Software - Application,NASDAQ,5786713,20.43,138.1,-6,-11,-41.33,179.8,50.6,-7.5,-16.7,-7.2,10.4,92,98,93,98,93.6,0,1,0,1,0,2,3670272145.843506,159300000.0,0.15640001,0.233,4048820,5506880,4,95.7,2.7,2026-09-04
234,ZETA,Technology,Software - Infrastructure,NYSE,8946696,30.44,138.1,-1,-15,-1.28,115.5,92.7,3.7,6.4,26.1,56.1,92,93,79,65,74.8,0,0,0,0,0,0,7665955726.509819,251013605.0,0.1031,0.435,7816550,8763568,1,77.9,16.1,2026-09-04
235,TIGO,Communication Services,Telecom Services,NASDAQ,1265960,95.25,138.09,-2,-3,-11.09,107.0,83.8,0.5,1.3,0.3,24.2,92,94,93,95,83.5,0,0,0,0,0,0,15660759339.370728,167710000.0,0.0432,0.594,868830,1405978,3,91.4,5.1,2026-09-04
236,FIVN,Technology,Software - Infrastructure,NASDAQ,2980043,33.59,137.76,6,-16,-4.49,144.5,93.8,-0.8,0.4,16.5,56.5,92,86,64,15,46.8,0,0,0,0,0,0,2544336173.54047,74723531.0,0.153,0.103,1498760,2669334,0,53.0,36.0,2026-09-04
237,SLDE,Financial Services,Insurance - Property & Casualty,NASDAQ,953056,24.18,137.76,21,-12,1.81,93.6,99.5,4.0,8.6,15.1,32.1,92,71,38,42,78.8,0,0,0,0,0,0,2742739108.6478386,116811719.0,0.1007,0.479,975520,1183596,0,57.5,5.2,2026-09-04
238,ATRO,Industrials,Aerospace & Defense,NASDAQ,639050,73.46,137.66,-2,-3,-22.23,149.6,72.7,1.5,-4.1,1.3,23.1,92,94,93,94,90.4,0,0,0,0,0,0,3256216196.064026,43009064.0,0.092700005,0.27,571310,675770,4,92.8,1.9,2026-09-04
239,PATH,Technology,Software - Infrastructure,NYSE,63757290,17.99,137.57,21,-23,-9.32,61.9,58.6,-13.0,-8.9,9.3,17.8,92,71,27,26,57.8,0,0,0,0,0,0,9403882630.252804,518120266.0,0.2934,0.173,61499660,73467452,0,45.5,20.0,2026-09-04
240,CVE,Energy,Oil & Gas Integrated,NYSE,7196236,32.81,137.4,5,10,-1.77,104.2,95.6,0.9,2.0,11.0,31.6,91,86,91,90,82.8,0,0,0,0,0,0,58241256959.29527,1844245000.0,5.43,0.415,6474490,7201542,2,87.4,0.3,2026-09-04
241,LTH,Consumer Cyclical,Leisure,NYSE,2974433,43.49,137.01,-1,-18,-7.93,75.8,88.2,-1.0,-1.9,0.0,33.4,91,92,75,39,65.3,0,0,0,0,0,0,9722828982.40654,223461948.0,0.0557,0.137,2520130,3016536,1,67.8,25.6,2026-09-04
242,STGW,Communication Services,Advertising Agencies,NASDAQ,1433940,8.81,136.97,-2,-24,-7.75,99.3,88.3,0.1,-1.0,6.4,34.6,91,93,71,70,70.4,0,0,0,0,0,0,2136715385.78401,244475451.0,0.096099995,0.112,1016320,1417270,1,76.1,18.1,2026-09-04
243,ADPT,Healthcare,Diagnostics & Research,NASDAQ,2280163,24.66,136.88,-3,-16,-8.22,95.6,84.6,-3.8,-3.6,3.5,37.3,91,94,81,63,80.5,0,0,0,0,0,0,4020219345.213375,159595842.0,0.105500005,0.215,1701920,2635596,1,79.6,14.2,2026-09-04
244,HUM,Healthcare,Healthcare Plans,NYSE,1287533,400.97,136.84,0,1,-6.51,145.3,96.8,2.1,3.5,3.4,43.5,91,91,92,15,49.3,0,0,0,0,0,0,46295762972.39685,120080308.0,0.0318,0.262,1064160,1317636,2,61.8,35.9,2026-09-04
245,BB,Technology,Software - Infrastructure,NYSE,11224093,7.61,136.78,-5,-4,-44.0,144.4,47.1,-2.6,-6.9,-16.6,28.6,91,96,97,26,84.5,0,0,0,0,0,0,4782579427.528172,586100431.0,0.0631,0.256,9146190,19556708,2,75.9,19.7,2026-09-04
246,DYN,Healthcare,Biotechnology,NASDAQ,2080193,25.14,136.76,-1,-53,-7.93,96.3,82.7,-4.7,-6.0,-1.9,21.9,91,92,40,77,80.1,0,0,0,0,0,0,4681732968.179512,186746431.0,0.147,,1580810,2266818,1,72.3,14.1,2026-09-04
247,RCUS,Healthcare,Biotechnology,NYSE,1179600,29.85,136.63,-1,-5,-5.94,162.0,90.6,-1.4,-0.3,1.6,20.5,91,92,88,93,91.6,0,0,0,0,0,0,3673833946.871231,125773162.0,0.1775,-0.744,1099980,1240072,3,91.1,0.4,2026-09-04
248,AMAT,Technology,Semiconductor Equipment & Materials,NASDAQ,7482113,438.46,136.59,-5,-5,-40.72,180.6,52.2,-1.5,-7.1,-14.8,11.7,91,96,96,94,93.9,0,0,0,0,0,0,366380142166.0256,793597443.0,0.015,0.248,6441950,9022734,4,95.0,1.5,2026-09-04
249,COHU,Technology,Semiconductor Equipment & Materials,NASDAQ,1058990,45.75,136.54,-4,-3,-38.67,170.7,58.0,4.5,-3.1,-5.1,25.8,91,95,96,84,91.2,0,0,0,0,0,0,2272244784.0,47338433.0,0.2281,0.384,877050,1146704,3,91.5,4.0,2026-09-04
250,DHT,Energy,Oil & Gas Midstream,NYSE,3062743,20.07,136.44,10,6,-2.67,86.3,100.0,6.1,7.5,12.9,25.2,91,81,77,90,75.4,0,0,0,0,0,0,3169891340.577404,161235573.0,0.097200006,0.955,3201400,3239036,1,80.8,1.4,2026-09-04
251,MT,Basic Materials,Steel,NYSE,1443060,75.13,136.19,-2,-3,-1.05,133.2,100.0,5.3,6.4,13.3,32.7,91,93,92,90,89.3,0,0,0,0,0,0,56093161453.98947,754041698.0,0.0033000002,0.052,1385750,1545804,3,91.1,2.5,2026-09-04
252,GCT,Technology,Software - Infrastructure,NASDAQ,654980,50.5,135.98,3,-34,-10.25,103.3,94.6,1.8,1.5,19.1,27.0,91,88,51,93,83.6,0,0,0,0,0,0,1890857076.3947487,35710237.0,0.1717,0.276,514620,652614,1,78.9,4.9,2026-09-04
253,TER,Technology,Semiconductor Equipment & Materials,NASDAQ,3144150,341.62,135.91,-5,-4,-29.98,218.1,65.9,0.7,-4.9,-4.0,12.9,91,96,97,97,94.6,0,0,0,0,0,0,55496276218.34564,156340750.0,0.0506,1.039,2161560,3611036,4,96.2,0.4,2026-09-04
254,RHI,Industrials,Staffing & Employment Services,NYSE,2254080,42.9,135.75,1,-22,-8.14,94.8,88.2,-3.7,-2.6,7.1,40.5,91,90,67,16,33.1,0,0,0,0,0,0,4638014567.252579,102361828.0,0.2613,-0.024,2182420,2260986,1,51.5,45.5,2026-09-04
255,TBBB,Consumer Defensive,Discount Stores,NYSE,746070,49.35,135.71,8,7,-4.4,106.3,95.7,0.2,3.2,13.3,31.7,91,83,82,68,81.7,0,0,0,0,0,0,5906370549.610615,120562775.0,0.0458,0.387,853530,686742,0,78.7,3.7,2026-09-04
256,DAR,Consumer Defensive,Packaged Foods,NYSE,2622996,67.62,135.62,7,12,-3.37,118.0,91.8,1.0,0.0,5.2,21.8,91,84,89,94,85.1,0,0,0,0,0,0,10149883508.962372,157802916.0,0.0396,0.164,3392120,2546642,1,88.0,-3.1,2026-09-04
257,OBE,Energy,Oil & Gas E&P,NYSE ARCA,796883,12.08,135.59,23,48,-17.2,114.1,70.5,1.7,3.8,17.0,29.7,91,68,93,89,82.5,0,0,0,0,0,0,759336994.2361355,66725570.0,8.64,0.417,601260,778384,1,83.1,-14.0,2026-09-04
258,AMRX,Healthcare,Drug Manufacturers - Specialty & Generic,NASDAQ,1753670,18.06,135.38,-2,-15,-6.23,81.7,82.5,-1.9,-2.1,-1.8,21.3,91,93,80,80,80.0,0,0,0,0,0,0,6109112632.454536,348296027.0,0.0388,0.099,1471620,1952008,1,83.3,10.4,2026-09-04
259,QNST,Communication Services,Advertising Agencies,NASDAQ,1008406,19.21,135.37,24,-16,-13.82,77.4,71.3,-3.2,-6.7,5.7,32.7,91,67,27,24,38.6,0,0,0,0,0,0,1094917342.0413897,57086409.0,0.1076,0.427,946700,899466,0,39.2,26.8,2026-09-04
260,TRVI,Healthcare,Biotechnology,NASDAQ,1570570,17.05,135.04,-3,-11,-15.68,146.2,82.1,-0.4,-2.9,-3.9,23.0,91,94,86,82,89.8,0,0,0,0,0,0,2392169500.8305283,142475841.0,0.0986,,1433300,2249082,1,87.9,5.3,2026-09-04
261,CYRX,Industrials,Integrated Freight & Logistics,NASDAQ,550540,15.78,134.99,-2,-1,-8.26,104.8,86.0,-2.0,-0.2,0.6,33.6,91,93,94,35,79.0,0,0,0,0,0,0,814944026.7284393,50649100.0,0.0598,0.077,525290,658470,2,75.2,18.5,2026-09-04
262,FTI,Energy,Oil & Gas Equipment & Services,NYSE,3064340,79.67,134.81,6,10,-1.09,124.5,99.5,3.0,3.3,8.9,24.0,91,85,89,93,84.3,0,0,0,0,0,0,29741745749.77112,392164388.0,0.0335,0.09,2269730,3618084,1,87.8,-1.7,2026-09-04
263,VELO,Technology,Computer Hardware,NASDAQ,1517150,11.62,134.66,-2,2,-63.4,290.9,31.3,-3.7,-12.2,-9.4,-16.0,91,93,97,98,95.6,0,0,0,1,0,1,381610026.9808254,32149118.0,0.3043,0.523,875310,2006430,4,95.9,-2.7,2026-09-04
264,VIRT,Financial Services,Capital Markets,NYSE,1358440,62.69,134.58,3,0,-8.83,99.0,90.2,-1.3,3.3,5.8,35.2,91,88,85,67,70.7,0,0,0,0,0,0,5862281958.525543,88300678.0,0.0591,0.291,1662280,1324158,0,77.7,13.1,2026-09-04
265,OGN,Healthcare,Drug Manufacturers - General,NYSE,3007263,13.77,134.39,1,4,-0.0,141.8,100.0,0.1,0.4,1.3,34.0,91,90,93,17,60.1,0,0,0,0,0,0,3613505858.186529,262609433.0,0.0655,-0.023,3512800,2727252,2,65.0,29.3,2026-09-04
266,VIAV,Technology,Communication Equipment,NASDAQ,4645000,34.5,134.33,-5,-3,-42.91,200.3,53.2,-3.8,-9.6,-12.4,0.1,91,96,98,97,94.5,0,0,1,0,0,1,9016238941.026217,246749828.0,0.0497,0.525,3110460,5365904,4,96.4,0.4,2026-09-04
267,MTA,Basic Materials,Other Precious Metals & Mining,NYSE ARCA,507026,10.66,134.33,7,-4,-8.1,88.5,82.3,-3.5,0.2,19.7,32.4,91,84,73,93,81.4,0,0,0,0,0,0,985446508.3934156,93495874.0,4.64,0.938,529990,485562,1,82.9,0.6,2026-09-04
268,SSRM,Basic Materials,Gold,NASDAQ,2980576,37.75,134.32,9,7,-4.26,90.7,89.6,-2.1,4.1,20.1,32.1,91,82,80,95,79.7,0,0,0,0,0,0,7737342227.553749,207491071.0,0.0461,0.095,2805850,3187088,1,84.2,-1.3,2026-09-04
269,GTLB,Technology,Software - Infrastructure,NASDAQ,5184000,49.59,134.28,27,-1,-5.33,156.6,96.2,9.5,14.2,33.7,57.8,91,64,36,9,33.7,0,0,0,0,0,0,7578542819.595337,168900000.0,0.0925,0.231,6962460,4918462,0,35.7,28.9,2026-09-04
270,SBLK,Industrials,Marine Shipping,NASDAQ,1506073,31.82,134.21,9,10,1.82,93.1,100.0,4.5,7.5,15.3,32.3,91,82,83,81,75.1,0,0,0,0,0,0,3403743794.1608963,111671386.0,0.0223,0.445,1572600,1402370,0,80.3,3.5,2026-09-04
271,GSAT,Communication Services,Telecom Services,NASDAQ,906430,81.46,134.2,-3,-2,-4.0,175.0,96.2,0.6,-0.0,1.3,14.1,91,94,95,94,92.3,0,0,0,0,0,0,10593103043.17726,129563390.0,0.076799996,-0.035,673510,1047998,4,93.8,0.7,2026-09-04
272,FNKO,Consumer Cyclical,Leisure,NASDAQ,1299433,5.99,134.19,1,-6,-18.5,102.1,66.9,-11.4,-9.3,-4.6,24.2,91,90,83,62,75.7,0,0,0,0,0,0,397569933.2598276,55995766.0,0.111999996,0.074,1181280,1040290,1,77.7,13.5,2026-09-04
273,TGB,Basic Materials,Copper,NYSE ARCA,6237136,8.32,134.14,0,-3,-15.27,153.8,80.6,-5.7,-4.1,8.1,19.6,91,91,88,96,90.9,0,0,0,0,0,0,3360094170.941452,366023318.0,1.35,1.848,5703290,5753896,3,91.5,-0.7,2026-09-04
274,AMN,Healthcare,Medical Care Facilities,NYSE,684946,33.38,133.55,-3,-6,-10.32,123.8,87.0,-0.8,-1.4,0.0,39.7,91,94,91,54,74.6,0,0,0,0,0,0,1340832247.0519066,38729991.0,0.09689999,0.023,539400,777042,2,78.4,18.0,2026-09-04
275,NKTR,Healthcare,Biotechnology,NASDAQ,593550,72.74,133.54,-2,0,-33.27,111.2,59.9,0.8,0.1,3.5,14.3,91,93,95,99,85.1,0,0,0,1,0,1,2476049810.2642365,34142994.0,0.1992,-0.093,464610,852114,3,93.0,2.6,2026-09-04
276,ROKU,Communication Services,Entertainment,NASDAQ,2475130,157.7,133.44,3,-3,-1.37,87.6,94.6,-1.2,-0.5,4.8,31.9,91,88,82,62,71.4,0,0,0,0,0,0,23401961390.01375,148418969.0,0.0908,0.219,2071870,2964918,0,75.8,14.1,2026-09-04
277,WHD,Energy,Oil & Gas Equipment & Services,NYSE,796560,72.14,133.44,6,3,-2.61,110.1,91.1,1.0,-0.8,13.4,28.4,91,85,82,54,72.2,0,0,0,0,0,0,4856915257.60437,69733168.0,0.056399997,0.643,729760,825076,0,73.3,12.9,2026-09-04
278,NUVB,Healthcare,Biotechnology,NYSE,5491266,6.93,133.43,0,-18,-28.92,126.2,58.2,-0.3,1.3,7.3,14.3,91,91,73,82,83.9,0,0,0,0,0,0,2338480678.2028465,351123233.0,0.2496,5.556,4218620,7268744,1,82.5,7.2,2026-09-04
279,CON,Healthcare,Medical Care Facilities,NYSE,871040,34.03,133.33,1,-15,-5.21,84.2,93.7,0.1,-0.3,5.5,36.8,90,89,73,63,63.2,0,0,0,0,0,0,4368757421.325714,127517736.0,0.0313,0.1,650990,959294,0,72.1,19.7,2026-09-04
280,NWL,Consumer Defensive,Household & Personal Products,NASDAQ,9092810,5.98,133.12,0,-56,-16.13,96.5,91.5,1.2,1.0,6.8,36.4,90,90,34,30,14.0,0,0,0,0,0,0,2627803032.493592,425900000.0,0.16440001,0.03,6952340,10882060,1,42.0,55.6,2026-09-04
281,AMCX,Communication Services,Entertainment,NASDAQ,729710,12.65,132.96,-3,-18,-2.17,91.4,94.2,-0.8,1.3,11.6,36.2,90,93,78,35,75.1,0,0,0,0,0,0,522224626.56575394,41249971.0,0.24,-0.088,513880,635012,1,70.3,22.1,2026-09-04
282,GRAL,Healthcare,Diagnostics & Research,NASDAQ,698723,80.56,132.77,14,18,-32.21,126.8,55.7,0.2,5.0,10.9,9.8,90,76,80,34,89.9,0,0,0,0,0,0,3573298720.0,44666234.0,0.1855,0.257,626360,638542,0,70.0,1.1,2026-09-04
283,BLFS,Healthcare,Medical Instruments & Supplies,NASDAQ,1001340,35.92,132.75,-1,-19,-5.72,94.2,89.7,-3.2,-2.1,8.8,38.5,90,91,73,19,55.3,0,0,0,0,0,0,1779225943.7579956,48906704.0,0.1285,0.215,960670,1214532,1,59.6,34.0,2026-09-04
284,AVR,Healthcare,Medical Devices,NASDAQ,817903,8.59,132.75,-3,-3,-22.3,167.5,78.7,3.0,0.4,1.2,31.2,90,93,93,78,88.4,0,0,0,0,0,0,850770831.9401379,97342203.0,0.1016,0.633,641170,1082368,2,88.1,5.3,2026-09-04
285,MRAM,Technology,Semiconductors,NASDAQ,1238450,15.9,132.74,0,9,-69.13,151.5,26.3,-1.2,-3.9,-4.0,5.5,90,90,99,83,91.3,0,0,1,0,0,1,402992630.3724175,24350009.0,0.1537,0.419,970440,1321144,3,90.8,-0.1,2026-09-04
286,ALAB,Technology,Semiconductors,NASDAQ,4115463,274.13,132.72,-6,-4,-45.12,209.6,54.9,7.5,4.0,-6.1,37.9,90,96,98,47,73.7,0,0,1,0,0,1,50218733266.65381,173485104.0,0.066199996,1.045,2705850,4401466,2,78.7,20.7,2026-09-04
287,CLBK,Financial Services,Banks - Regional,NASDAQ,5001366,11.65,132.64,2,-5,-2.92,87.5,97.8,0.4,0.7,7.9,33.0,90,88,81,69,76.3,0,0,0,0,0,0,1202913240.264573,104058235.0,0.6718,0.131,2881760,5867972,0,78.6,10.3,2026-09-04
288,ONTO,Technology,Semiconductor Equipment & Materials,NYSE,1112220,254.55,132.58,-4,-3,-34.13,158.6,59.8,-1.8,-9.2,-8.8,11.2,90,94,95,88,92.1,0,0,0,0,0,0,16551615756.734983,61123436.0,0.066300005,0.353,793360,1220156,3,92.3,2.1,2026-09-04
289,SVM,Basic Materials,Silver,NYSE ARCA,2583993,12.78,132.47,5,10,-18.96,155.2,70.1,-2.1,0.1,15.0,15.1,90,85,90,97,91.1,0,0,0,0,0,0,2824804667.190212,221206309.0,0.1292,0.705,2449880,2721078,3,90.8,-6.0,2026-09-04
290,SMTC,Technology,Semiconductors,NASDAQ,2836150,133.85,132.36,-2,3,-24.53,147.2,76.6,9.9,10.1,11.3,37.6,90,92,97,91,90.5,0,0,0,0,0,0,12241522191.535675,93325626.0,0.09,0.327,3904200,3140094,4,92.6,0.5,2026-09-04
291,SENS,Healthcare,Medical Devices,NASDAQ,713936,9.94,132.36,70,92,-14.16,98.1,74.1,1.3,8.0,43.0,44.6,90,20,42,14,25.6,0,0,0,0,0,0,493314910.4560299,52874053.0,0.11359999,1.178,647370,768828,0,25.4,-3.8,2026-09-04
292,KURA,Healthcare,Biotechnology,NASDAQ,1958920,13.11,132.31,30,9,-5.68,79.1,94.5,2.0,10.3,19.3,35.1,90,60,39,53,72.7,0,0,0,0,0,0,1126241422.9656868,88960619.0,0.1515,0.365,2447230,1846518,0,56.2,-2.9,2026-09-04
293,MRK,Healthcare,Drug Manufacturers - General,NYSE,10311016,151.64,132.31,6,1,-3.36,93.7,92.2,-0.4,3.7,11.7,27.0,90,84,79,84,79.1,0,0,0,0,0,0,366004927555.72064,2467171638.0,0.0099,0.051,11639470,10185946,0,81.5,2.9,2026-09-04
294,MITK,Technology,Software - Application,NASDAQ,753793,17.96,132.12,-2,-9,-14.68,114.7,86.3,1.3,0.4,0.9,29.6,90,92,85,90,82.0,0,0,0,0,0,0,850556767.1128197,45122374.0,0.082200006,0.182,724660,851456,2,87.3,6.1,2026-09-04
295,MMED,Healthcare,Medical Instruments & Supplies,NASDAQ,1506290,23.76,131.79,13,-42,13.79,115.6,95.7,10.1,13.2,28.0,,90,77,22,33,,0,0,0,0,0,0,5655133720.426481,281349931.0,0.2066,0.156,2148580,1418020,0,44.0,,2026-09-04
296,STT,Financial Services,Asset Management,NYSE,1469576,190.04,131.78,0,-3,-3.01,75.8,100.0,1.1,2.0,5.3,30.4,90,90,87,75,75.4,0,0,0,0,0,0,53108092730.443954,274701765.0,0.0001,-0.028,1261340,1964026,1,81.9,10.6,2026-09-04
297,BLMN,Consumer Cyclical,Restaurants,NASDAQ,2110630,9.93,131.7,-2,-33,-21.38,86.1,68.7,-6.0,-8.1,2.6,31.2,90,92,61,19,54.7,0,0,0,0,0,0,905869295.3276424,85620917.0,0.1065,0.013,1906890,2109402,1,56.7,36.3,2026-09-04
298,ASST,Financial Services,Asset Management,NASDAQ,6095196,24.32,131.69,77,94,-90.35,278.8,11.7,16.0,46.1,84.6,84.5,90,13,30,4,0.2,0,0,0,0,0,0,1949717595.4930933,89683423.0,0.24239999,0.946,12330840,5160444,0,11.8,6.5,2026-09-04
299,SM,Energy,Oil & Gas E&P,NYSE,3706716,38.29,131.69,13,21,0.1,107.4,91.1,-1.1,2.2,13.6,36.1,90,77,85,65,49.9,0,0,0,0,0,0,8710215716.104446,237854068.0,0.0718,1.761,3582390,3742360,0,69.2,15.1,2026-09-04
300,QLYS,Technology,Software - Infrastructure,NASDAQ,731423,170.83,131.34,-4,-64,-15.24,125.3,79.8,-3.9,-6.0,5.0,37.7,90,94,34,17,48.2,0,0,0,0,0,0,6587341266.823776,35217007.0,0.1617,0.11,603400,779792,1,48.3,44.3,2026-09-04
301,EPC,Consumer Defensive,Household & Personal Products,NYSE,564056,28.4,131.18,1,-50,-5.18,81.5,94.3,0.9,1.4,3.2,31.6,90,89,38,32,43.0,0,0,0,0,0,0,1338882945.5869484,46088915.0,0.108,0.017,473790,699310,0,50.5,39.5,2026-09-04
302,AVTR,Healthcare,Medical Instruments & Supplies,NYSE,9708613,14.65,131.13,6,-43,-8.04,102.0,92.3,2.6,5.3,18.7,44.4,90,84,35,13,32.5,0,0,0,0,0,0,9861311835.597916,676358840.0,0.0937,0.005,6114010,9444364,0,41.1,44.8,2026-09-04
303,ERO,Basic Materials,Copper,NYSE,1481716,34.76,130.99,4,-1,-14.87,133.1,78.4,-6.6,-4.2,14.5,20.6,90,86,81,91,89.5,0,0,0,0,0,0,4050071430.373825,104302633.0,5.0,0.739,1942740,1300974,1,86.9,-2.2,2026-09-04
304,FRNM,Healthcare,Diagnostics & Research,NASDAQ,910756,15.95,130.86,56,63,5.7,63.3,91.5,8.9,18.4,32.8,35.4,90,34,41,46,68.1,0,0,0,0,0,0,1589138374.961229,107446814.0,0.55,1.065,881080,665122,0,47.3,-20.2,2026-09-04
305,SSL,Basic Materials,Specialty Chemicals,NYSE,1214643,12.68,130.8,2,9,-11.76,130.2,77.5,2.0,3.1,8.9,20.1,90,88,95,95,78.6,0,0,0,0,0,0,7577065205.610825,641037682.0,0.0112,0.002,1432660,1276060,2,89.2,2.6,2026-09-04
306,SXC,Basic Materials,Coking Coal,NYSE,1667063,10.57,130.78,7,11,1.63,82.2,95.1,2.0,5.8,14.3,33.8,89,82,86,27,54.7,0,0,0,0,0,0,862328463.0491257,84874850.0,0.0471,0.095,1147610,1492350,0,62.4,24.3,2026-09-04
307,PBR,Energy,Oil & Gas Integrated,NYSE,18183943,20.86,130.66,14,21,-6.21,74.4,81.8,4.7,7.3,10.7,17.8,89,75,82,91,72.3,0,0,0,0,0,0,119414113464.92525,6444366381.0,2.53,0.423,24038490,16796810,1,80.1,-2.6,2026-09-04
308,PR,Energy,Oil & Gas E&P,NYSE,9428333,23.82,130.65,11,14,-1.12,93.2,95.7,-0.0,2.6,11.1,25.5,89,78,81,87,72.8,0,0,0,0,0,0,19012545197.3053,837557029.0,0.0227,0.551,10449320,9529898,0,79.7,0.5,2026-09-04
309,BTE,Energy,Oil & Gas E&P,NYSE,14871573,5.07,130.57,7,19,-5.41,122.9,85.4,0.6,3.7,11.4,19.7,89,82,94,92,86.6,0,0,0,0,0,0,3314207839.9658203,699200000.0,1.33,0.513,14169030,16198460,2,88.7,-5.5,2026-09-04
310,GPCR,Healthcare,Biotechnology,NASDAQ,653940,47.8,130.46,-3,-21,-49.63,134.4,36.9,-1.5,-6.3,-6.6,-12.9,89,92,74,94,89.9,0,0,0,0,0,0,3377947849.9228554,71309857.0,0.1168,,844000,684322,2,87.5,2.4,2026-09-04
311,ZYME,Healthcare,Biotechnology,NASDAQ,610933,31.05,130.41,19,28,1.4,94.0,88.4,-0.0,6.1,14.5,16.9,89,70,79,87,85.3,0,0,0,0,0,0,2021566275.8043327,71509241.0,0.0962,-0.906,862410,601416,0,80.3,-11.9,2026-09-04
312,ITGR,Healthcare,Medical Devices,NYSE,1359693,125.31,130.19,-1,-39,-0.66,99.8,100.0,0.9,1.0,14.0,39.3,89,90,52,34,38.5,0,0,0,0,0,0,4260223438.081299,33992048.0,0.0998,-0.026,730680,1015312,1,53.6,40.7,2026-09-04
313,AVT,Technology,Electronics & Computer Distribution,NASDAQ,1211280,89.99,130.14,-3,-4,-10.01,107.5,87.9,2.7,0.4,3.1,28.3,89,92,91,79,76.7,0,0,0,0,0,0,7274127903.349831,82072979.0,0.112799995,0.477,1059150,1184224,2,84.7,10.3,2026-09-04
314,IMAX,Communication Services,Entertainment,NYSE,1474773,51.68,130.06,-3,-25,-7.0,73.4,87.4,-0.9,-1.0,11.3,29.9,89,92,70,81,78.5,0,0,0,0,0,0,2762945761.897697,54842114.0,0.1998,0.122,934100,1359906,1,80.4,11.2,2026-09-04
315,FTRE,Healthcare,Biotechnology,NASDAQ,1512693,18.36,130.01,-5,-4,-14.17,110.7,75.6,-3.6,-3.3,-3.2,21.1,89,94,95,38,74.9,0,0,0,0,0,0,1788830949.2111206,95100000.0,0.142,-0.045,1069450,1438912,2,75.5,20.6,2026-09-04
316,CLDX,Healthcare,Biotechnology,NASDAQ,830790,39.48,129.98,-2,-33,-12.54,75.7,76.7,-0.6,-3.4,1.7,25.7,89,91,60,81,77.4,0,0,0,0,0,0,3072075207.9614105,78529532.0,0.1144,-0.97,593940,1012690,1,77.4,11.9,2026-09-04
317,FIGS,Consumer Cyclical,Apparel Manufacturing,NYSE,3013186,15.0,129.87,22,36,-14.19,119.5,74.4,-4.4,-2.4,18.5,15.2,89,67,81,97,85.8,0,0,0,0,0,0,2561882544.3154945,166140242.0,0.19530001,0.288,2229660,3074326,1,82.7,-16.8,2026-09-04
318,CBZ,Industrials,Specialty Business Services,NYSE,1771416,54.46,129.85,1,-61,-15.24,118.2,85.6,0.4,0.4,15.0,38.6,89,88,26,6,10.0,0,0,0,0,0,0,2958497725.4522133,54274405.0,0.051,-0.002,925600,1392636,0,32.5,61.6,2026-09-04
319,VSTM,Healthcare,Biotechnology,NASDAQ,1989463,8.02,129.77,62,41,-28.71,137.7,64.9,9.4,13.4,32.9,31.2,89,27,6,18,3.8,0,0,0,0,0,0,653868025.0190339,90563441.0,0.21,17.754,1837280,2463372,0,13.7,15.5,2026-09-04
320,ALKS,Healthcare,Drug Manufacturers - Specialty & Generic,NASDAQ,1554893,47.72,129.72,-3,-7,-14.28,73.8,68.2,-3.6,-5.1,-8.8,22.2,89,92,88,37,70.8,0,0,0,0,0,0,7953656699.921356,167763272.0,0.12189999,0.27,1356680,1826080,1,71.9,22.0,2026-09-04
321,CF,Basic Materials,Agricultural Inputs,NYSE,2452156,139.27,129.65,18,21,-1.89,75.3,90.6,1.8,6.0,10.0,23.4,89,71,74,93,70.2,0,0,0,0,0,0,19036823511.2542,151338130.0,0.073,0.176,2866060,2505400,1,77.0,-4.3,2026-09-04
322,CODI,Industrials,Conglomerates,NYSE,694150,11.56,129.41,3,8,-12.75,151.0,87.1,1.6,-0.3,7.3,33.5,89,86,91,31,71.1,0,0,0,0,0,0,861451796.3498783,75235966.0,0.0735,-0.114,572750,736336,1,69.8,18.0,2026-09-04
323,ABNB,Consumer Cyclical,Travel Services,NASDAQ,5084663,183.26,129.4,20,3,-5.27,63.1,89.2,-2.1,-1.6,11.6,30.5,89,69,52,46,62.5,0,0,0,0,0,0,111685211423.0055,589585682.0,0.0311,0.165,4825170,4451208,0,57.4,9.6,2026-09-04
324,NP,Financial Services,Insurance Brokers,NYSE,584033,33.28,129.26,6,-15,-5.32,93.9,89.5,-1.0,1.6,3.4,23.0,89,83,62,18,,0,0,0,0,0,0,4648084611.719246,137233090.0,0.085200004,0.328,385760,771196,0,54.3,,2026-09-04
325,RSKD,Technology,Software - Application,NYSE,1631986,6.65,129.13,26,15,0.61,71.8,86.6,3.6,5.8,16.9,34.3,89,63,52,29,60.1,0,0,0,0,0,0,833158093.9847403,132037734.0,0.0114,0.218,1813800,1362698,0,51.0,9.3,2026-09-04
326,VRNS,Technology,Software - Infrastructure,NASDAQ,1754893,46.76,129.0,1,-39,-26.82,128.3,60.1,5.4,6.4,5.2,41.4,89,88,48,12,5.7,0,0,0,0,0,0,5044672290.884171,114860485.0,0.074,0.183,1715600,1967724,0,38.4,60.4,2026-09-04
327,PBI,Industrials,Integrated Freight & Logistics,NYSE,1638630,17.4,128.85,-3,-4,-8.76,92.9,88.3,1.3,3.6,-0.3,28.4,89,92,91,53,59.9,0,0,0,0,0,0,2359322423.0101624,137090212.0,0.00029999999,-0.023,1493820,1927200,2,74.0,23.9,2026-09-04
328,RPRX,Healthcare,Biotechnology,NASDAQ,2665526,63.11,128.79,4,5,1.05,83.3,100.0,2.7,5.1,8.5,29.9,89,85,86,83,77.1,0,0,0,0,0,0,27095125702.960693,445277344.0,0.026400002,0.165,2447030,2845812,0,82.8,4.2,2026-09-04
329,VSH,Technology,Semiconductors,NYSE,4576460,30.61,128.65,-3,4,-55.94,169.0,37.6,3.4,-0.7,-14.6,10.2,89,92,99,67,85.4,0,0,1,0,0,1,4687267261.606688,153379167.0,0.1099,0.166,4068270,5660800,2,85.8,7.6,2026-09-04
330,NUE,Basic Materials,Steel,NYSE,1515806,263.97,128.55,-3,-3,-5.76,98.1,90.4,2.9,1.1,5.0,26.7,89,92,92,76,79.4,0,0,0,0,0,0,56832356838.0,226875676.0,0.020599999,0.23,1419560,1470978,2,84.8,9.5,2026-09-04
331,BBVA,Financial Services,Banks - Diversified,NYSE,1613450,29.16,128.04,2,-11,-0.55,63.6,98.9,1.5,2.2,8.4,23.5,89,87,74,77,70.9,0,0,0,0,0,0,160030853613.0,5518305297.0,0.00029999999,0.202,1212880,1443182,0,77.2,11.3,2026-09-04
332,SEZL,Financial Services,Credit Services,NASDAQ,717033,121.5,127.87,-10,-19,-37.92,136.6,50.6,-0.8,-1.2,-19.7,22.8,88,98,89,39,59.7,0,1,0,0,0,1,4179742830.171189,33675014.0,0.239,0.517,428100,685948,1,71.4,31.9,2026-09-04
333,BHVN,Healthcare,Biotechnology,NYSE,2632430,15.69,127.87,19,-15,-15.49,101.4,76.6,1.4,5.6,5.6,33.9,88,69,35,18,14.6,0,0,0,0,0,0,2327584642.162548,151043781.0,0.1509,,4305900,2794896,0,34.1,40.8,2026-09-04
334,TX,Basic Materials,Steel,NYSE,674460,56.87,127.81,1,-1,-2.35,72.7,100.0,3.7,5.1,16.5,31.7,88,87,85,73,76.4,0,0,0,0,0,0,10765513091.474174,196307678.0,0.0089,0.1,590400,626334,0,80.4,8.3,2026-09-04
335,TRGP,Energy,Oil & Gas Midstream,NYSE,1271980,293.46,127.72,3,5,-4.7,98.3,92.2,-0.6,1.1,4.4,21.9,88,85,87,86,77.3,0,0,0,0,0,0,61717538034.759705,214431021.0,0.0271,0.042,1349150,1275250,0,83.8,3.5,2026-09-04
336,COHR,Technology,Scientific & Technical Instruments,NYSE,6842013,268.64,127.47,-8,-6,-38.95,188.1,55.9,0.8,-5.8,-8.2,2.0,88,96,98,97,94.2,0,0,1,0,0,1,54676365473.73035,195832246.0,0.06,0.337,5300300,5984598,4,96.3,0.5,2026-09-04
337,APPN,Technology,Software - Infrastructure,NASDAQ,870120,39.89,127.44,18,-30,-13.39,105.0,73.0,-4.9,0.1,24.5,35.2,88,70,22,20,48.7,0,0,0,0,0,0,3044889028.2454567,71627597.0,0.105399996,0.191,856550,833752,0,40.2,25.5,2026-09-04
338,AVTX,Healthcare,Biotechnology,NASDAQ,774773,19.34,127.39,6,5,-20.31,97.0,72.2,-1.4,-2.1,0.7,13.7,88,82,81,94,81.1,0,0,0,0,0,0,1050611492.6932868,53629989.0,0.24450001,,798700,1116594,1,84.5,-1.9,2026-09-04
339,HAFN,Industrials,Marine Shipping,NYSE,1201046,8.88,127.39,22,34,-6.87,77.0,94.4,8.6,13.7,20.7,28.0,88,66,78,87,67.1,0,0,0,0,0,0,4233147786.8060064,499781305.0,0.0153,0.225,1566530,1381732,0,74.5,-5.9,2026-09-04
340,ASML,Technology,Semiconductor Equipment & Materials,NASDAQ,1394933,1682.3,127.03,-3,-1,-15.88,119.4,77.3,0.5,-2.2,-2.1,15.8,88,91,93,91,88.6,0,0,0,0,0,0,651495069128.418,384100000.0,0.0034999999,0.213,1005680,1678516,3,90.9,1.0,2026-09-04
341,NTAP,Technology,Software - Infrastructure,NASDAQ,2393176,180.77,127.01,-7,-11,-13.53,97.2,81.0,-0.5,-4.0,3.9,42.1,88,95,91,33,69.2,0,0,0,0,0,0,36640945584.60024,195919927.0,0.0547,0.125,2254760,2561450,2,72.0,25.7,2026-09-04
342,HL,Basic Materials,Other Precious Metals & Mining,NYSE,36632170,20.77,126.95,5,-2,-39.22,129.3,51.2,0.6,5.0,21.1,9.0,88,83,76,97,89.1,0,0,0,0,0,0,13690640060.009497,671768431.0,0.0,0.524,29975860,38591134,1,86.3,-5.1,2026-09-04
343,FTK,Energy,Oil & Gas Equipment & Services,NYSE,675603,23.37,126.89,-10,-17,-41.09,113.2,45.0,-0.7,-14.6,-11.2,18.3,88,98,91,88,82.8,0,1,0,0,0,1,866754877.0235977,36220429.0,0.1997,0.703,548360,529702,2,90.0,10.3,2026-09-04
344,EOLS,Healthcare,Drug Manufacturers - Specialty & Generic,NASDAQ,1027990,9.06,126.85,50,58,-0.66,136.0,100.0,3.5,8.5,28.0,53.6,88,38,46,11,44.8,0,0,0,0,0,0,586527914.758873,66050440.0,0.089700006,0.212,1052160,934710,0,35.0,1.2,2026-09-04
345,VAC,Consumer Cyclical,Resorts & Casinos,NYSE,538563,100.02,126.59,-3,-8,-23.85,134.4,77.1,-1.0,-4.8,1.4,38.9,88,91,86,64,54.1,0,0,0,0,0,0,3786580652.840576,34395320.0,0.1033,0.097,592560,491446,1,73.8,24.3,2026-09-04
346,FA,Industrials,Specialty Business Services,NASDAQ,2179270,20.07,126.58,-4,-27,-20.2,138.9,81.9,3.2,1.5,3.3,40.1,88,92,69,21,53.0,0,0,0,0,0,0,3613697815.885201,171753691.0,0.1385,0.149,1290790,2096802,1,58.7,36.0,2026-09-04
347,ETSY,Consumer Cyclical,Internet Retail,NYSE,2996263,81.72,126.56,-1,-13,-7.11,73.7,75.5,-7.0,-5.8,-5.9,19.7,88,89,77,41,63.3,0,0,0,0,0,0,7672035979.2052,91781748.0,0.123900004,0.062,2785270,2918166,0,67.6,23.6,2026-09-04
348,TRMD,Energy,Oil & Gas Midstream,NASDAQ,584476,33.85,126.27,13,22,-4.19,81.4,100.0,7.6,12.1,17.6,28.6,88,75,84,86,68.0,0,0,0,0,0,0,3339215279.820122,102367118.0,0.0165,1.103,857300,635042,0,78.3,0.4,2026-09-04
349,STM,Technology,Semiconductors,NYSE,9786556,50.71,126.26,-5,0,-37.72,146.4,52.9,3.9,1.1,-9.9,15.3,88,93,98,82,83.3,0,0,1,0,0,1,44069353795.64316,892453480.0,0.0209,0.261,6877850,10192298,2,89.1,6.6,2026-09-04
350,ZBRA,Technology,Communication Equipment,NASDAQ,781326,351.11,126.12,-2,-60,-9.09,82.0,88.9,1.6,-0.4,15.2,41.0,88,90,32,19,35.8,0,0,0,0,0,0,16978923159.862305,47633392.0,0.0469,0.204,569390,757684,1,44.2,47.1,2026-09-04
351,BCAX,Healthcare,Biotechnology,NASDAQ,609980,23.56,126.04,-4,-14,-23.98,121.9,63.8,-2.5,-4.6,-12.4,10.3,88,92,82,86,82.0,0,0,0,0,0,0,1539441600.4312286,65703866.0,0.2202,,487950,741724,1,85.5,7.2,2026-09-04
352,EGY,Energy,Oil & Gas E&P,NYSE,1255066,6.14,125.97,24,45,-8.63,78.0,79.7,2.0,2.4,9.0,16.5,88,64,85,91,67.2,0,0,0,0,0,0,606956557.0536261,105191778.0,0.0794,0.395,1325180,1300776,1,76.8,-9.1,2026-09-04
353,IQV,Healthcare,Diagnostics & Research,NYSE,1455676,263.84,125.7,10,-16,-0.53,70.9,96.7,1.9,5.4,16.4,32.6,88,78,52,29,62.6,0,0,0,0,0,0,43084050000.0,164600000.0,0.03,0.087,1312820,1382924,0,55.4,20.1,2026-09-04
354,EZPW,Financial Services,Credit Services,NASDAQ,1108646,32.59,125.68,2,7,-12.23,99.2,88.0,-0.5,6.7,5.3,21.4,88,86,91,91,83.2,0,0,0,0,0,0,2030687274.0,61535978.0,0.2811,0.347,1192400,1088166,2,87.8,-0.1,2026-09-04
355,ARW,Technology,Electronics & Computer Distribution,NYSE,578113,208.13,125.59,-6,-6,-12.3,112.0,85.8,4.3,3.6,3.1,27.5,87,93,93,78,75.5,0,0,0,0,0,0,10380633764.949389,50905423.0,0.028399998,0.318,476340,592720,2,84.9,11.7,2026-09-04
356,ZD,Communication Services,Advertising Agencies,NASDAQ,590450,56.69,125.51,-3,-14,-2.36,110.1,96.7,-0.1,0.6,3.6,29.4,87,90,79,65,64.8,0,0,0,0,0,0,1913911940.0963745,34287208.0,0.2075,-0.027,477210,622690,1,74.7,18.7,2026-09-04
357,KRNY,Financial Services,Banks - Regional,NASDAQ,680540,10.04,125.48,0,-9,-0.4,61.8,100.0,2.1,3.6,5.6,22.7,87,87,78,67,66.4,0,0,0,0,0,0,637606511.4251251,64929382.0,0.0348,0.149,736760,683702,0,74.6,15.2,2026-09-04
358,OVV,Energy,Oil & Gas E&P,NYSE,3440726,66.91,125.47,8,12,-0.79,80.0,93.1,-1.0,-0.2,7.0,22.9,87,79,83,86,67.0,0,0,0,0,0,0,17865592987.060547,276600000.0,0.0484,0.297,2818080,3245118,0,78.8,4.2,2026-09-04
359,EGO,Basic Materials,Gold,NYSE,2919456,43.15,125.44,10,-27,-15.66,72.6,73.0,-5.0,0.3,19.2,19.6,87,77,40,92,75.8,0,0,0,0,0,0,11861653779.970505,260810332.0,5.71,0.079,3393280,2668756,1,71.2,1.3,2026-09-04
360,MFG,Financial Services,Banks - Regional,NYSE,3194770,11.07,125.35,0,-3,0.09,84.4,98.3,4.8,5.6,7.8,26.2,87,87,84,80,76.6,0,0,0,0,0,0,129618536372.424,12182192875.0,0.0008,0.35,2638640,3500162,0,81.9,6.9,2026-09-04
361,PCVX,Healthcare,Biotechnology,NASDAQ,984886,61.58,125.31,15,0,-5.26,98.0,93.4,0.2,0.9,5.1,13.1,87,72,57,85,81.5,0,0,0,0,0,0,8903763672.8947,148805278.0,0.1,,1022190,1281058,0,73.9,-5.9,2026-09-04
362,TALO,Energy,Oil & Gas E&P,NYSE,1953410,17.23,125.28,8,15,-6.56,88.6,89.7,-0.6,1.3,11.3,21.9,87,79,86,86,77.2,0,0,0,0,0,0,2783314364.2984543,166965468.0,0.0865,0.566,1876940,2004948,0,82.1,-1.2,2026-09-04
363,ARIS,Basic Materials,Gold,NYSE,1561836,19.69,125.0,13,23,-15.46,120.6,80.6,-1.4,3.6,20.9,14.9,87,74,84,97,88.2,0,0,0,0,0,0,4184350241.606472,206430693.0,3.49,0.623,1435020,1529632,1,85.8,-12.7,2026-09-04
364,THC,Healthcare,Medical Care Facilities,NYSE,1075650,258.53,124.99,-1,-68,-8.66,64.2,86.8,-1.0,-1.0,11.5,27.3,87,88,21,85,56.5,0,0,0,0,0,0,21482468217.10205,80519000.0,0.0368,0.068,808940,1126204,0,62.6,23.0,2026-09-04
365,ATKR,Industrials,Electrical Equipment & Parts,NYSE,1182360,93.55,124.96,0,-5,-0.63,69.5,99.7,0.1,0.1,12.5,29.3,87,87,82,33,72.0,0,0,0,0,0,0,3161110628.4671783,33772550.0,0.040799998,0.081,626400,835834,0,68.5,18.8,2026-09-04
366,HBM,Basic Materials,Copper,NYSE,4756680,27.32,124.95,-4,-3,-15.02,115.6,76.8,-4.8,-2.8,10.0,16.6,87,91,92,95,87.5,0,0,0,0,0,0,13009000427.026672,444144760.0,1.59,0.177,4057320,4841062,3,91.4,0.8,2026-09-04
367,GTX,Consumer Cyclical,Auto Parts,NASDAQ,2555870,27.01,124.9,-7,-5,-25.49,123.9,65.2,3.9,1.5,-7.2,17.3,87,94,96,89,85.9,0,0,0,0,0,0,4971914388.783363,186493414.0,0.0222,0.069,3098880,2667538,2,91.2,4.8,2026-09-04
368,PAY,Technology,Software - Infrastructure,NYSE,1300466,36.28,124.8,-2,-79,-19.93,79.1,65.5,-2.3,-6.2,6.6,26.1,87,89,12,20,14.6,0,0,0,0,0,0,4532568106.915516,125939647.0,0.075500004,0.288,1276260,1371112,0,33.9,58.7,2026-09-04
369,ASC,Industrials,Marine Shipping,NYSE,624966,18.07,124.69,13,23,-9.79,73.9,83.6,2.3,3.0,9.1,20.0,87,74,84,84,68.6,0,0,0,0,0,0,708333403.9439392,40802614.0,0.056799997,0.613,725440,644364,0,77.7,-0.3,2026-09-04
370,VG,Energy,Oil & Gas Midstream,NYSE,14022770,14.73,124.68,20,27,-16.4,143.6,73.2,-0.4,1.6,8.1,26.7,87,67,74,89,30.6,0,0,0,0,0,0,35451317390.14779,2500092851.0,0.78800005,0.476,12755120,14120550,0,65.2,13.1,2026-09-04
371,ZIM,Industrials,Marine Shipping,NYSE,1757863,28.02,124.64,2,0,-6.51,129.7,95.9,2.8,4.3,10.0,16.0,87,85,83,92,86.5,0,0,0,0,0,0,3307059699.4044456,120519666.0,0.026500002,0.089,1307530,1498342,1,86.6,-1.9,2026-09-04
372,VIST,Energy,Oil & Gas E&P,NYSE,1036270,77.03,124.54,20,42,-5.42,118.8,87.9,2.4,4.9,9.6,17.4,87,67,89,85,81.2,0,0,0,0,0,0,7758704649.044495,110617404.0,0.030299999,1.023,1153810,977596,0,80.6,-12.9,2026-09-04
373,LNTH,Healthcare,Drug Manufacturers - Specialty & Generic,NASDAQ,1804193,100.81,124.45,-2,-4,-9.88,101.5,83.6,0.1,0.2,-2.1,19.9,87,89,87,76,80.8,0,0,0,0,0,0,6577496405.014992,65272369.0,0.104399994,0.027,1219400,1459674,0,83.2,6.9,2026-09-04
374,SCCO,Basic Materials,Copper,NYSE,1116228,204.26,124.44,0,-3,-7.86,104.2,82.9,-4.8,-1.5,5.8,12.4,87,87,84,94,84.4,0,0,0,0,0,0,177143307899.53244,844343686.0,0.11310001,0.406,1168940,1176156,1,87.3,0.2,2026-09-04
375,ING,Financial Services,Banks - Diversified,NYSE,2060080,36.37,124.31,3,-7,0.36,57.1,100.0,4.0,4.7,9.1,24.7,87,84,74,71,67.5,0,0,0,0,0,0,100534041774.55508,2852838734.0,0.0007,0.111,1516210,2452622,0,74.1,11.9,2026-09-04
376,SNX,Technology,Electronics & Computer Distribution,NYSE,612213,253.06,124.29,-4,-1,-14.64,84.4,81.4,3.1,3.0,3.9,28.3,87,91,94,66,78.2,0,0,0,0,0,0,20307124343.0459,79958752.0,0.025,0.31,431310,759164,2,82.3,11.1,2026-09-04
377,KYTX,Healthcare,Biotechnology,NASDAQ,748223,8.61,124.29,14,26,-37.02,113.2,59.3,-2.6,-1.7,0.7,-2.1,87,73,85,96,88.5,0,0,0,0,0,0,517629619.2025795,61843444.0,0.16139999,,719790,1058648,1,85.6,-13.6,2026-09-04
378,BWIN,Financial Services,Insurance Brokers,NASDAQ,1115813,31.01,124.23,8,-54,-4.85,87.2,90.6,0.4,0.4,7.8,29.5,87,79,17,19,16.0,0,0,0,0,0,0,2971007418.512787,96838572.0,0.1466,0.301,895290,1283108,0,32.7,49.7,2026-09-04
379,BZH,Consumer Cyclical,Residential Construction,NYSE,762283,33.2,124.22,-6,-29,-3.88,84.5,95.0,0.2,0.3,3.1,31.7,87,93,70,35,48.3,0,0,0,0,0,0,886297108.6278992,26679623.0,0.08270001,-0.053,533670,635426,1,61.6,36.3,2026-09-04
380,VOYA,Financial Services,Financial Conglomerates,NYSE,950930,102.39,124.17,1,-3,-1.41,58.9,98.0,2.2,3.4,5.3,27.6,87,86,82,39,53.1,0,0,0,0,0,0,9290655866.428116,90596349.0,0.0002,-0.043,866160,985882,0,65.0,26.2,2026-09-04
381,FLEX,Technology,Electronic Components,NASDAQ,3988833,105.95,124.16,-6,-1,-36.5,100.9,51.1,0.2,-4.5,-11.0,15.5,87,93,98,80,83.7,0,0,1,0,0,1,40819029069.0,369402978.0,0.028499998,0.206,2695490,4342900,2,88.7,6.7,2026-09-04
382,FLYW,Technology,Software - Infrastructure,NASDAQ,1901543,18.83,124.07,-1,-25,-4.56,74.3,88.9,-1.4,-0.0,3.5,25.8,87,88,64,52,59.8,0,0,0,0,0,0,2286135705.8500824,121667674.0,0.096,0.272,1393860,2141868,0,65.9,23.7,2026-09-04
383,TECK,Basic Materials,Copper,NYSE,3069806,67.07,124.06,0,0,-6.76,101.4,93.2,-0.2,2.4,10.1,22.0,87,87,87,81,85.7,0,0,0,0,0,0,34018202203.36914,490600000.0,3.95,0.782,3212900,3192366,0,85.2,1.8,2026-09-04
384,FF,Basic Materials,Specialty Chemicals,NYSE,508553,5.38,123.91,9,3,-23.03,69.7,66.1,-1.5,-4.6,4.2,26.3,86,77,71,79,53.3,0,0,0,0,0,0,234230124.8130112,43863318.0,0.0361,1.207,387840,438700,0,70.1,12.1,2026-09-04
385,PAGP,Energy,Oil & Gas Midstream,NASDAQ,1676436,28.35,123.81,6,7,0.25,65.5,95.0,-0.1,3.7,7.4,21.1,86,80,81,82,64.6,0,0,0,0,0,0,5535378212.390022,197904124.0,0.0759,0.663,1697170,1462446,0,76.9,7.2,2026-09-04
386,MLKN,Consumer Cyclical,"Furnishings, Fixtures & Appliances",NASDAQ,578206,22.36,123.75,-2,-67,-9.51,65.1,85.2,0.3,-1.1,2.6,22.4,86,88,23,63,26.3,0,0,0,0,0,0,1575690437.7687037,68123238.0,0.0796,0.044,536070,739642,0,50.1,42.4,2026-09-04
387,KSPI,Technology,Software - Infrastructure,NASDAQ,586930,106.81,123.75,17,2,-2.85,56.2,96.9,0.9,4.4,13.9,29.5,86,69,54,30,37.5,0,0,0,0,0,0,20197998277.11516,190027266.0,0.0107,0.136,624000,475836,0,47.6,25.0,2026-09-04
388,CVI,Energy,Oil & Gas Refining & Marketing,NYSE,1013430,42.92,123.72,32,54,1.71,114.8,100.0,7.7,15.5,28.0,45.2,86,54,76,67,61.1,0,0,0,0,0,0,4198157645.502728,100530599.0,0.2013,0.555,1073500,990810,0,64.5,-8.3,2026-09-04
389,GNK,Industrials,Marine Shipping,NYSE,517136,27.0,123.62,3,5,-2.74,77.6,100.0,4.0,5.4,7.9,21.1,86,83,85,81,70.3,0,0,0,0,0,0,1128021300.8206654,43586605.0,0.0239,0.685,784580,426568,0,79.8,6.5,2026-09-04
390,TK,Energy,Oil & Gas Midstream,NYSE,540913,13.36,123.54,22,40,-7.09,72.5,91.7,3.7,6.6,16.7,19.2,86,64,82,89,73.8,0,0,0,0,0,0,1144372395.2258017,87691370.0,0.0596,0.435,582340,570360,0,77.2,-11.7,2026-09-04
391,VEEV,Healthcare,Health Information Services,NYSE,1916833,280.72,123.51,36,2,-9.59,81.7,79.9,1.7,7.0,25.0,38.5,86,50,16,19,18.9,0,0,0,0,0,0,44798560101.78528,161908850.0,0.039300002,0.176,2264440,1987048,0,26.0,25.1,2026-09-04
392,PEB,Real Estate,REIT - Hotel & Motel,NYSE,2102830,18.19,123.51,-7,-11,-8.73,76.8,82.0,-0.7,-0.8,-3.1,23.8,86,93,89,66,67.4,0,0,0,0,0,0,2086461793.012352,112842716.0,0.18959999,-0.001,1838050,2188128,1,78.8,18.6,2026-09-04
393,BRKR,Healthcare,Medical Devices,NASDAQ,2292346,59.02,123.5,1,5,-9.62,91.9,82.7,1.2,0.9,-0.4,21.8,86,85,89,30,82.7,0,0,0,0,0,0,8696670036.25824,152359316.0,0.1491,0.052,2009270,2207790,0,71.7,11.8,2026-09-04
394,HCC,Basic Materials,Coking Coal,NYSE,651260,108.53,123.37,20,43,-2.4,80.5,88.9,-1.8,1.5,16.3,17.3,86,66,89,89,81.3,0,0,0,0,0,0,5653519438.976082,52802087.0,0.112399995,0.713,564860,673358,0,81.3,-14.5,2026-09-04
395,YPF,Energy,Oil & Gas Integrated,NYSE,1033763,53.91,123.36,9,23,-6.23,123.2,88.6,2.1,3.3,5.7,21.6,86,77,91,72,75.7,0,0,0,0,0,0,19682168110.32953,392075056.0,4.08,0.722,877540,1206198,1,78.9,0.2,2026-09-04
396,BRZE,Technology,Software - Application,NASDAQ,2387403,32.94,123.33,21,-9,-11.75,102.4,79.3,-2.2,3.2,17.8,29.2,86,65,35,10,34.8,0,0,0,0,0,0,3889171393.0801697,112631669.0,0.1372,0.302,2902480,2400110,0,36.2,29.1,2026-09-04
397,INTA,Technology,Software - Application,NASDAQ,738796,41.49,123.32,3,-67,-13.44,117.9,79.1,-0.9,1.7,22.6,35.0,86,83,13,9,10.7,0,0,0,0,0,0,3325939696.957397,76511148.0,0.0683,0.13,616320,748874,0,28.9,58.0,2026-09-04
398,RVTY,Healthcare,Diagnostics & Research,NYSE,1625563,130.94,123.31,13,3,0.67,58.3,98.5,1.8,5.8,11.9,27.2,86,73,63,30,66.9,0,0,0,0,0,0,14372328789.334673,111586401.0,0.0862,0.013,1862990,1575142,0,58.2,12.7,2026-09-04
399,JXN,Financial Services,Insurance - Life,NYSE,568063,137.1,123.3,4,-13,-0.64,55.2,100.0,4.3,5.5,12.8,24.9,86,82,65,73,60.5,0,0,0,0,0,0,9086488543.070068,67728744.0,0.050300002,,500950,604760,0,70.1,14.2,2026-09-04
400,CRGY,Energy,Oil & Gas E&P,NYSE,5461000,14.27,123.28,29,48,-0.14,77.7,92.3,0.1,3.8,18.9,24.3,86,57,76,81,64.7,0,0,0,0,0,0,4473666031.236099,330403696.0,0.1154,0.553,4872340,5804638,0,69.7,-10.6,2026-09-04
401,FIVE,Consumer Cyclical,Specialty Retail,NASDAQ,1014730,243.08,123.26,9,-5,-7.88,82.1,91.5,1.1,3.0,15.6,21.0,86,77,63,93,73.7,0,0,0,0,0,0,13375392419.640396,55295351.0,0.031600002,0.325,1291160,1093620,1,76.7,-0.1,2026-09-04
402,BHP,Basic Materials,Other Industrial Metals & Mining,NYSE,2648573,93.43,123.19,0,0,-5.35,73.4,82.2,-4.5,-2.4,3.8,18.2,86,86,86,85,72.6,0,0,0,0,0,0,241821531008.136,2541476901.0,0.0073,0.183,2606360,2558192,0,82.4,6.9,2026-09-04
403,ADEA,Technology,Software - Application,NASDAQ,1029455,25.47,123.15,-7,-6,-25.83,125.7,67.4,2.7,-1.6,-4.1,11.3,86,93,94,92,76.8,0,0,0,0,0,0,2837508209.0177536,110280150.0,0.120900005,0.121,807345,1239942,3,88.9,8.2,2026-09-04
404,HSBC,Financial Services,Banks - Diversified,NYSE,1198223,104.94,123.11,1,-1,-2.76,63.3,98.2,2.6,3.1,5.1,20.0,86,85,83,82,73.4,0,0,0,0,0,0,354721676013.71216,3426269489.0,4.18,0.254,1086200,1245316,0,80.8,6.6,2026-09-04
405,IAG,Basic Materials,Gold,NYSE,5871880,20.2,123.08,11,12,-18.78,106.7,72.1,-2.0,2.8,19.8,14.9,86,75,76,97,87.0,0,0,0,0,0,0,11756890087.127686,571000000.0,1.03,0.475,5387990,5453112,1,83.7,-10.5,2026-09-04
406,TEVA,Healthcare,Drug Manufacturers - Specialty & Generic,NYSE,5593556,37.49,122.99,0,-1,-2.29,98.3,91.2,-1.7,-1.3,5.0,11.6,86,86,85,87,83.0,0,0,0,0,0,0,42463387700.66936,1165296084.0,0.0308,-0.008,4709100,5374764,0,85.2,1.4,2026-09-04
407,MOVE,Technology,Software - Infrastructure,NASDAQ,597743,14.48,122.93,-9,-7,-45.81,319.6,53.6,25.5,33.0,10.4,19.9,86,95,97,85,80.4,0,0,0,0,0,0,317667528.1220341,27647305.0,0.0043,35.903,884460,378914,2,89.3,9.1,2026-09-04
408,SNOW,Technology,Software - Application,NYSE,4806990,305.84,122.78,-10,-31,-10.56,178.4,91.8,3.3,2.7,13.4,54.0,86,96,75,33,66.9,0,0,0,0,0,0,113684800000.0,346600000.0,0.0556,0.335,4504950,5199974,1,67.7,29.2,2026-09-04
409,AMGN,Healthcare,Drug Manufacturers - General,NASDAQ,2606760,442.84,122.73,5,-15,-0.94,61.2,96.0,-0.4,1.3,10.1,22.0,86,81,61,80,69.0,0,0,0,0,0,0,233780098861.56296,540632005.0,0.0223,0.095,2236620,2465262,0,72.8,8.2,2026-09-04
410,PD,Technology,Software - Application,NYSE,1434070,13.77,122.61,12,-38,-20.36,137.7,69.0,2.4,8.0,21.7,41.7,86,74,24,8,5.5,0,0,0,0,0,0,1087727737.589491,78649873.0,0.13350001,0.008,1865030,1564880,0,27.9,52.4,2026-09-04
411,MUFG,Financial Services,Banks - Diversified,NYSE,2902823,23.42,122.44,1,-6,0.73,64.8,99.6,5.1,6.3,8.8,27.7,86,85,78,71,69.2,0,0,0,0,0,0,257757008664.4665,11255764758.0,0.00059999997,0.288,2233990,3027650,0,75.8,11.4,2026-09-04
412,JAZZ,Healthcare,Biotechnology,NASDAQ,1018023,245.57,122.42,-7,-10,-7.81,97.1,89.1,-1.0,-1.2,-0.8,20.1,86,93,90,84,82.1,0,0,0,0,0,0,15874210223.752151,64914577.0,0.0573,0.155,1469240,913184,2,87.3,7.5,2026-09-04
413,ESTC,Technology,Software - Application,NYSE,2671743,89.58,122.41,21,-11,-17.06,112.0,85.7,2.7,6.5,27.8,43.8,86,65,33,12,26.4,0,0,0,0,0,0,10502597832.493073,105120583.0,0.069699995,0.151,3571170,2323976,0,34.1,33.1,2026-09-04
414,IDYA,Healthcare,Biotechnology,NASDAQ,758553,40.17,122.37,8,-7,-5.88,70.4,86.3,-1.8,2.0,6.1,18.2,86,78,63,84,68.0,0,0,0,0,0,0,3870193262.1325073,96489484.0,0.1252,,860760,950374,0,73.2,5.3,2026-09-04
415,MKSI,Technology,Scientific & Technical Instruments,NASDAQ,1478600,251.38,122.06,-10,-10,-43.84,149.1,45.8,0.0,-6.6,-17.7,-0.8,86,96,96,95,91.4,0,0,0,0,0,0,17293866262.64566,67617558.0,0.0922,0.283,1269250,1479680,4,94.6,2.5,2026-09-04
416,BNY,Financial Services,Banks - Diversified,NYSE,2615930,162.04,122.0,0,-2,-2.2,59.0,100.0,1.3,1.8,4.7,24.0,86,86,84,77,69.1,0,0,0,0,0,0,110256923075.0,678504142.0,0.01,0.131,2757700,3445694,0,79.0,10.5,2026-09-04
417,MATV,Basic Materials,Specialty Chemicals,NYSE,615120,12.48,121.97,32,4,-19.38,75.3,69.5,3.1,2.9,27.3,21.8,86,54,26,58,22.6,0,0,0,0,0,0,669455895.0560055,55190098.0,0.0202,0.012,608510,581690,0,40.1,17.7,2026-09-04
418,SCZM,Basic Materials,Other Industrial Metals & Mining,NASDAQ,505813,10.18,121.94,13,-8,-42.31,102.0,44.7,1.8,5.6,28.3,12.4,86,73,52,98,77.0,0,0,0,1,0,1,885267546.2475739,92990284.0,6.47,0.548,508840,486366,1,75.0,-4.9,2026-09-04
419,ORIC,Healthcare,Biotechnology,NASDAQ,1501400,13.13,121.94,7,-59,-12.06,72.0,75.1,-3.2,-5.3,5.6,20.6,86,79,13,80,39.6,0,0,0,0,0,0,1372361141.7157898,103652656.0,0.17930001,,1072730,1553354,0,52.9,26.1,2026-09-04
420,WKC,Energy,Oil & Gas Refining & Marketing,NYSE,1221966,35.13,121.94,-4,-17,-14.73,56.7,72.5,-0.3,-1.6,-2.3,24.3,86,90,77,35,51.8,0,0,0,0,0,0,1813324968.025589,51151620.0,0.22780001,0.503,886710,1174134,1,63.4,31.4,2026-09-04
421,VET,Energy,Oil & Gas E&P,NYSE,1531220,13.17,121.91,21,38,-11.13,78.1,78.1,0.9,4.3,16.6,18.5,86,65,82,89,76.2,0,0,0,0,0,0,1903888005.8288572,152800000.0,6.59,0.231,1320630,1416828,0,78.0,-12.1,2026-09-04
422,KLIC,Technology,Semiconductor Equipment & Materials,NASDAQ,927750,78.95,121.85,-9,-8,-41.86,131.3,47.0,0.0,-5.9,-16.4,3.3,86,95,96,91,86.8,0,0,0,0,0,0,4240228124.571686,52329115.0,0.0481,1.226,665610,1035388,3,92.2,4.8,2026-09-04
423,SRRK,Healthcare,Biotechnology,NASDAQ,1077550,56.1,121.83,11,3,-9.16,98.2,85.3,-3.5,-0.5,3.5,15.9,85,74,66,71,75.6,0,0,0,0,0,0,7039189206.685204,121785282.0,0.1867,,1164820,1295872,0,71.6,0.6,2026-09-04
424,PK,Real Estate,REIT - Hotel & Motel,NYSE,4143590,15.56,121.81,-4,-8,-3.95,55.1,85.6,-2.1,-0.8,2.1,24.3,85,89,85,43,46.5,0,0,0,0,0,0,3187185748.5391045,201338330.0,0.22940001,0.01,3982800,4685872,0,65.9,30.8,2026-09-04
425,KMX,Consumer Cyclical,Auto & Truck Dealerships,NYSE,2020423,61.43,121.8,3,-37,-5.9,105.0,97.2,1.2,3.8,9.5,36.8,85,82,42,23,21.2,0,0,0,0,0,0,8814098259.17566,141911096.0,0.101,0.055,1628610,2387366,0,42.0,46.2,2026-09-04
426,FGI,Consumer Cyclical,"Furnishings, Fixtures & Appliances",NASDAQ,3611883,6.74,121.8,67,131,-66.18,119.4,48.3,2.2,-2.5,30.5,29.5,85,18,82,26,79.8,0,0,0,0,0,0,14233467.048983574,1931271.0,0.72309995,0.029,54310,2179306,0,51.5,-38.9,2026-09-04
427,KNTK,Energy,Oil & Gas Midstream,NYSE,1053360,54.12,121.71,15,12,-3.53,71.8,97.1,-0.1,1.3,6.3,20.6,85,70,67,68,47.8,0,0,0,0,0,0,4328598282.500637,80442263.0,0.0964,0.363,1008780,1025148,0,63.2,11.8,2026-09-04
428,VTRS,Healthcare,Drug Manufacturers - Specialty & Generic,NASDAQ,9597156,17.09,121.69,-5,-7,-7.07,77.9,88.3,0.8,2.5,0.7,14.7,85,90,88,87,72.9,0,0,0,0,0,0,18767974893.021057,1148590864.0,0.0323,0.049,7223330,9610906,1,84.5,9.3,2026-09-04
429,AMBP,Consumer Cyclical,Packaging & Containers,NYSE,2536593,5.08,121.62,0,-39,-7.13,50.9,82.8,-2.7,-2.9,2.0,14.5,85,85,46,78,58.9,0,0,0,0,0,0,3072210374.157597,597706314.0,0.0672,0.177,1507470,2531796,0,67.0,18.3,2026-09-04
430,HNI,Consumer Cyclical,"Furnishings, Fixtures & Appliances",NYSE,577170,48.35,121.61,5,-58,-8.41,69.8,87.6,1.3,1.6,10.4,21.3,85,80,17,37,25.5,0,0,0,0,0,0,3546291911.09848,72181800.0,0.054899998,1.207,558080,634776,0,39.9,42.1,2026-09-04
431,ARX,Financial Services,Insurance Brokers,NYSE,5778600,19.7,121.49,58,68,-9.13,112.4,96.9,0.8,6.8,30.3,40.9,85,27,37,10,13.8,0,0,0,0,0,0,4285130031.538971,217188552.0,0.0939,0.572,2500310,4366154,0,22.0,9.0,2026-09-04
432,RLJ,Real Estate,REIT - Hotel & Motel,NYSE,1797883,11.08,121.42,-8,-13,-14.04,65.6,73.6,-2.7,-2.2,-5.9,19.7,85,93,88,53,58.2,0,0,0,0,0,0,1746227498.9326782,152375872.0,0.1009,0.056,1718090,1925926,1,73.1,25.9,2026-09-04
433,SMFG,Financial Services,Banks - Diversified,NYSE,1483293,26.72,121.36,0,-4,0.19,79.6,97.9,4.8,5.9,6.9,23.5,85,85,81,74,73.2,0,0,0,0,0,0,164138832180.73267,6332516655.0,0.0019,0.248,1228390,1609798,0,78.3,8.5,2026-09-04
434,FOSL,Consumer Cyclical,Footwear & Accessories,NASDAQ,982576,5.04,121.36,-13,-23,-19.36,187.7,78.1,-1.6,-4.2,6.3,20.4,85,98,88,97,65.8,0,1,0,0,0,1,316388572.56015587,59138052.0,0.121400006,-0.049,699400,995676,2,87.2,17.3,2026-09-04
435,FCX,Basic Materials,Copper,NYSE,14292413,73.93,121.36,-2,-8,-7.86,105.8,83.9,-4.2,0.1,9.5,19.4,85,87,81,87,69.7,0,0,0,0,0,0,109783535250.9723,1436017523.0,0.0182,-0.073,17367350,14876656,0,81.2,9.2,2026-09-04
436,HPQ,Technology,Computer Hardware,NYSE,15510170,31.99,121.31,3,-10,-0.62,79.3,100.0,6.4,8.0,20.0,42.8,85,82,69,21,31.7,0,0,0,0,0,0,27522660786.687145,901790969.0,0.1035,0.125,17550730,15136624,0,50.9,38.6,2026-09-04
437,PAA,Energy,Oil & Gas Midstream,NASDAQ,2625490,25.72,121.28,6,7,-0.12,62.1,98.4,0.9,4.3,7.2,20.2,85,79,80,81,63.6,0,0,0,0,0,0,17977833077.817307,705566460.0,0.0197,0.663,2486220,2295324,0,75.9,7.2,2026-09-04
438,WBD,Communication Services,Entertainment,NASDAQ,20744636,28.39,121.25,9,23,-5.37,133.3,90.3,-1.2,0.0,4.2,3.5,85,76,90,94,90.0,0,0,0,0,0,0,72130324064.2161,2507136702.0,0.0225,-0.112,17618710,21358166,3,87.5,-12.0,2026-09-04
439,XENE,Healthcare,Biotechnology,NASDAQ,641010,60.16,121.2,-4,-22,-17.2,67.6,68.2,-1.6,-3.2,-6.0,13.2,85,89,71,91,68.2,0,0,0,0,0,0,5809457678.22345,96840432.0,0.0586,,673680,1133388,1,79.8,11.8,2026-09-04
440,RGEN,Healthcare,Medical Instruments & Supplies,NASDAQ,1154830,172.94,121.19,10,-28,-8.37,62.9,81.8,-4.9,-3.2,7.7,18.0,85,75,37,25,57.5,0,0,0,0,0,0,9947907154.788986,56435621.0,0.1082,0.119,1045380,1155806,0,48.6,22.5,2026-09-04
441,ASH,Basic Materials,Specialty Chemicals,NYSE,745606,74.22,121.18,0,-25,-5.15,53.6,87.8,-1.4,-1.2,3.4,19.1,85,85,60,35,53.6,0,0,0,0,0,0,3405653052.675247,45793370.0,0.104899995,0.073,543070,819674,0,58.4,28.2,2026-09-04
442,JHX,Basic Materials,Building Materials,NYSE,7044406,28.46,121.17,6,-16,-9.25,82.1,95.2,2.3,1.0,9.5,31.0,85,79,57,30,68.7,0,0,0,0,0,0,17375038243.001404,580522488.0,0.020599999,0.639,6040690,6868656,0,58.7,17.1,2026-09-04
443,TTMI,Technology,Electronic Components,NASDAQ,2945290,115.6,121.16,-7,-1,-48.35,168.5,45.1,6.9,2.1,-6.4,4.5,85,92,98,97,92.5,0,0,1,0,0,1,12499642874.34961,105348864.0,0.0388,0.374,2158020,3011888,4,94.9,-1.9,2026-09-04
444,ARM,Technology,Semiconductors,NASDAQ,4738080,234.86,121.12,-10,-7,-48.12,141.1,44.1,3.7,-0.5,-7.9,24.9,85,95,98,29,80.5,0,0,1,0,0,1,255305061178.72296,1067998569.0,0.1257,0.224,3367040,5427086,2,75.6,20.2,2026-09-04
445,PHVS,Healthcare,Biotechnology,NASDAQ,559863,35.17,121.11,2,5,-7.76,68.2,87.4,-1.9,-1.4,1.3,19.4,85,83,86,84,71.4,0,0,0,0,0,0,2479623130.495285,70204506.0,0.0307,,566050,563830,0,81.1,5.3,2026-09-04
446,HRB,Consumer Cyclical,Personal Services,NYSE,2300290,50.96,121.09,5,-37,-13.14,73.1,80.2,-5.3,-5.0,7.4,26.7,85,80,38,15,12.6,0,0,0,0,0,0,6468995530.133339,123265922.0,0.2367,0.03,1356380,2125628,0,36.4,50.9,2026-09-04
447,U,Technology,Software - Application,NYSE,11587950,40.76,120.97,11,-9,-21.84,143.2,75.9,-3.1,-6.0,14.0,29.9,85,74,54,12,20.9,0,0,0,0,0,0,19060252292.600178,440088933.0,0.0709,0.239,9534230,9659862,0,40.2,41.0,2026-09-04
448,SFL,Industrials,Marine Shipping,NYSE,1321690,12.47,120.93,4,1,-3.63,88.0,100.0,3.7,4.5,9.3,23.0,85,81,78,80,70.1,0,0,0,0,0,0,1715351372.4704456,138670282.0,0.0278,0.027,1313760,1416978,0,77.3,5.9,2026-09-04
449,SAN,Financial Services,Banks - Diversified,NYSE,16847173,14.75,120.92,0,-9,-1.67,56.7,97.8,1.6,2.1,5.3,19.5,85,85,76,80,68.9,0,0,0,0,0,0,213207993940.5261,14533605510.0,0.0093,0.102,15039500,13671064,0,77.5,9.9,2026-09-04
450,SKM,Communication Services,Telecom Services,NYSE,2308746,37.07,120.91,5,17,-21.43,96.6,72.3,-0.1,1.8,11.3,24.4,85,80,92,86,78.9,0,0,0,0,0,0,15102159014.09668,383888128.0,0.009,0.005,1843320,2294168,1,84.2,-1.9,2026-09-04
451,XERS,Healthcare,Drug Manufacturers - Specialty & Generic,NASDAQ,1583916,8.58,120.8,11,-6,-14.88,61.2,70.3,-0.6,-0.3,1.6,21.1,85,74,57,40,26.0,0,0,0,0,0,0,1546076111.4203873,182320306.0,0.0494,0.287,1314240,1871590,0,49.2,32.5,2026-09-04
452,DIOD,Technology,Semiconductors,NASDAQ,659716,90.03,120.79,6,21,-28.54,116.7,61.5,1.8,-3.3,-1.8,15.0,85,79,94,78,76.5,0,0,0,0,0,0,4052550040.0,46051705.0,0.0671,0.217,619010,645674,1,81.9,-0.0,2026-09-04
453,CNQ,Energy,Oil & Gas E&P,NYSE,6336896,51.81,120.78,10,16,0.64,68.7,93.8,0.1,1.7,9.8,18.7,85,75,81,91,71.8,0,0,0,0,0,0,100992888460.1593,2061500000.0,8.29,0.695,5895710,7026132,1,79.7,-2.2,2026-09-04
454,ZLAB,Healthcare,Biotechnology,NASDAQ,1092236,26.48,120.75,64,58,-23.73,60.9,54.7,0.4,1.2,19.0,32.3,85,21,15,20,7.3,0,0,0,0,0,0,2927903217.6747665,112266228.0,0.0679,-0.033,958950,996790,0,15.8,7.6,2026-09-04
455,MANH,Technology,Software - Application,NASDAQ,933576,216.77,120.67,9,-41,-4.52,76.8,90.3,-2.0,2.0,17.2,35.2,85,76,26,23,19.0,0,0,0,0,0,0,13018334076.986938,58304972.0,0.048499998,0.093,724030,844118,0,36.0,44.1,2026-09-04
456,AU,Basic Materials,Gold,NYSE,2928243,107.83,120.65,17,24,-16.5,82.5,72.0,-4.5,0.6,18.3,14.6,85,68,75,96,80.8,0,0,0,0,0,0,57248023321.42822,505769256.0,0.0139,0.27,3543140,3050128,1,80.0,-12.7,2026-09-04
457,INCY,Healthcare,Biotechnology,NASDAQ,1652606,128.83,120.6,6,-4,-2.84,55.2,93.4,-0.2,1.2,4.9,21.0,85,79,69,73,64.2,0,0,0,0,0,0,25209519226.745987,202697746.0,0.079,0.377,1225090,1696030,0,71.3,9.6,2026-09-04
458,UBS,Financial Services,Banks - Diversified,NYSE,1745490,54.9,120.37,3,1,-0.45,52.1,98.2,1.1,2.3,4.7,20.5,85,82,80,53,56.0,0,0,0,0,0,0,179951508505.13376,3277805164.0,0.0018000001,0.146,1678880,1727368,0,67.7,19.0,2026-09-04
459,INVX,Energy,Oil & Gas Equipment & Services,NYSE,727323,31.15,120.29,-1,-1,-7.59,84.5,89.8,0.8,0.4,8.3,15.6,85,86,86,82,77.5,0,0,0,0,0,0,2102291955.4049835,69820389.0,0.0525,0.092,637750,600250,0,82.9,5.0,2026-09-04
460,FTDR,Consumer Cyclical,Personal Services,NASDAQ,508120,81.06,120.14,8,-13,-13.24,68.2,80.3,0.4,-0.5,4.7,27.5,85,77,56,79,50.4,0,0,0,0,0,0,5710566921.190857,68893316.0,0.0653,0.045,431680,569558,0,65.6,15.0,2026-09-04
461,SLB,Energy,Oil & Gas Equipment & Services,NYSE,12626113,58.13,120.1,17,37,-1.17,81.3,90.9,2.1,4.9,13.2,17.2,84,67,87,77,70.9,0,0,0,0,0,0,85085934150.77742,1484143231.0,0.0428,0.05,14961640,12835364,0,75.5,-5.9,2026-09-04
462,EXPE,Consumer Cyclical,Travel Services,NASDAQ,1560253,308.06,119.87,-5,-42,-9.92,58.1,72.7,-6.6,-7.2,1.1,15.2,84,89,52,66,56.4,0,0,0,0,0,0,39540073339.90265,120022077.0,0.0598,0.14,1388670,1558552,0,65.9,24.6,2026-09-04
463,EXEL,Healthcare,Biotechnology,NASDAQ,2510933,58.53,119.84,0,-5,1.67,70.8,99.5,4.4,8.3,7.2,23.8,84,84,79,57,69.7,0,0,0,0,0,0,13491713318.442429,247781692.0,0.1546,0.106,2065080,2556366,0,72.4,13.1,2026-09-04
464,SRPT,Healthcare,Biotechnology,NASDAQ,3051316,23.21,119.77,66,65,-8.33,51.4,79.7,7.1,14.1,23.6,17.3,84,18,17,13,42.2,0,0,0,0,0,0,2203379722.5296173,105627021.0,0.3069,-0.343,3169230,3462416,0,22.6,-11.0,2026-09-04
465,COP,Energy,Oil & Gas E&P,NYSE,6790990,137.2,119.75,19,31,0.97,56.7,94.3,0.8,2.6,11.7,19.1,84,65,77,83,58.3,0,0,0,0,0,0,158804631248.3265,1218294007.0,0.014099999,0.355,6866470,6788918,0,70.8,-1.4,2026-09-04
466,SU,Energy,Oil & Gas Integrated,NYSE,4154533,68.39,119.69,3,8,-2.7,76.4,92.4,0.5,1.3,6.6,15.9,84,81,86,90,74.7,0,0,0,0,0,0,77256158076.60483,1180745189.0,5.09,0.459,3227130,4211068,1,82.9,0.8,2026-09-04
467,CHRD,Energy,Oil & Gas E&P,NASDAQ,729603,149.58,119.58,12,24,-2.24,72.2,93.9,0.3,1.7,9.6,21.0,84,72,84,80,55.3,0,0,0,0,0,0,7985889312.0,54697872.0,0.077800006,0.841,655750,778248,0,72.8,5.6,2026-09-04
468,DE,Industrials,Farm & Heavy Construction Machinery,NYSE,1256140,698.37,119.56,17,13,3.59,57.9,98.1,5.3,9.3,12.1,22.1,84,67,63,80,62.9,0,0,0,0,0,0,169952990553.81616,269625412.0,0.0188,-0.111,1642170,1225798,0,68.2,-0.2,2026-09-04
469,COGT,Healthcare,Biotechnology,NASDAQ,1763193,34.57,119.52,-13,-15,-20.95,190.4,73.8,-2.2,-5.3,-9.7,-5.9,84,97,95,98,92.4,0,0,0,1,0,1,6016110808.206268,173524982.0,0.1067,,1605020,2280114,4,95.6,2.3,2026-09-04
470,ACA,Industrials,Engineering & Construction,NYSE,579346,145.45,119.31,1,-6,-1.0,63.2,99.9,0.1,0.1,0.2,17.9,84,83,76,70,64.1,0,0,0,0,0,0,7134237151.575165,49106809.0,0.0212,0.017,497270,751042,0,73.3,12.8,2026-09-04
471,KEYS,Technology,Scientific & Technical Instruments,NYSE,1353133,321.58,119.26,-6,-5,-14.24,105.2,78.4,1.9,-1.0,0.3,13.4,84,90,91,92,82.6,0,0,0,0,0,0,54490891207.88574,170300000.0,0.0198,0.365,1342790,1447090,3,88.9,3.2,2026-09-04
472,KGS,Energy,Oil & Gas Equipment & Services,NYSE,1768980,61.43,119.21,2,12,-20.92,90.0,68.4,4.2,2.3,-1.1,11.9,84,82,92,91,76.1,0,0,0,0,0,0,5830669282.64299,101104031.0,0.108500004,0.211,1747270,1827856,2,85.3,0.1,2026-09-04
473,SDGR,Healthcare,Health Information Services,NASDAQ,1088503,20.88,119.17,26,-3,-9.3,81.5,78.8,0.3,3.9,15.8,33.0,84,58,29,12,24.0,0,0,0,0,0,0,1473670928.672165,74805628.0,0.2723,0.075,986050,1192940,0,30.7,29.1,2026-09-04
474,CRCT,Technology,Computer Hardware,NASDAQ,853753,5.76,119.13,0,-56,-16.88,48.1,58.1,-4.0,-3.3,8.6,20.0,84,84,28,22,12.1,0,0,0,0,0,0,1214777652.748352,209444416.0,0.089099996,-0.092,793190,727562,0,36.5,54.0,2026-09-04
475,MD,Healthcare,Medical Care Facilities,NYSE,780166,26.86,119.12,-2,-10,-3.87,71.1,96.9,1.1,1.8,2.8,17.6,84,86,78,73,70.5,0,0,0,0,0,0,2162149590.903061,81253271.0,0.0868,0.04,701620,801306,0,76.9,11.2,2026-09-04
476,ARMK,Industrials,Specialty Business Services,NYSE,2572560,56.72,119.1,-3,-6,-9.47,57.5,78.7,-1.9,-3.8,-1.6,21.9,84,87,84,65,62.4,0,0,0,0,0,0,15298638433.76706,262953564.0,0.033099998,0.093,2110980,2597268,0,74.6,17.0,2026-09-04
477,TECH,Healthcare,Biotechnology,NASDAQ,3097603,72.3,119.06,1,-42,-0.44,67.3,99.8,0.1,0.2,0.8,18.7,84,83,40,34,55.8,0,0,0,0,0,0,11345799280.01436,156818238.0,0.047199998,0.013,2285830,5230146,0,53.2,27.7,2026-09-04
478,PAYO,Technology,Software - Infrastructure,NASDAQ,4306130,7.12,119.05,3,-46,-0.84,67.9,99.7,0.6,0.7,0.8,22.9,84,81,32,17,25.3,0,0,0,0,0,0,2409229489.2014675,338850836.0,0.0515,0.052,1717580,4037552,0,38.8,45.6,2026-09-04
479,PL,Industrials,Aerospace & Defense,NYSE,5839700,19.99,119.02,-6,2,-61.38,177.5,25.8,-9.8,-17.0,-23.1,-32.8,84,90,98,99,93.5,0,0,1,1,0,2,7120922306.331871,356402526.0,0.0941,0.421,5441030,8032342,4,95.1,-4.3,2026-09-04
480,AG,Basic Materials,Silver,NYSE,10646530,21.2,119.01,11,18,-33.83,129.4,51.7,0.1,3.4,16.1,6.4,84,73,80,98,88.8,0,0,0,1,0,1,10232736623.897318,492906383.0,1.99,0.573,10134490,10424542,1,84.9,-13.6,2026-09-04
481,SPT,Technology,Software - Application,NASDAQ,1303576,11.34,119.0,35,5,-27.79,127.7,60.6,2.2,8.2,23.6,39.4,84,49,19,5,3.4,0,0,0,0,0,0,696204502.0115433,60592212.0,0.081099994,0.108,1385160,1272998,0,19.1,34.6,2026-09-04
482,NE,Energy,Oil & Gas Drilling,NYSE,1391073,48.08,118.93,19,40,-12.55,70.8,68.3,-1.3,-0.1,7.3,9.0,84,65,86,92,69.9,0,0,0,0,0,0,7305227627.725838,159642218.0,0.0,-0.163,1088020,1552824,1,78.2,-9.9,2026-09-04
483,RIG,Energy,Oil & Gas Drilling,NYSE,43046556,6.22,118.93,18,41,-18.8,90.6,61.6,0.0,0.3,7.9,5.3,84,66,89,94,81.1,0,0,0,0,0,0,6477904706.02797,1116880085.0,0.2644,-0.022,35351770,41508074,1,82.5,-15.4,2026-09-04
484,VAL,Energy,Oil & Gas Drilling,NYSE,1060880,92.52,118.9,13,31,-18.93,85.5,60.0,-0.3,-0.1,7.5,8.7,84,71,89,95,76.8,0,0,0,0,0,0,5991615849.60038,69435807.0,0.111,-0.124,864270,1005846,1,83.0,-9.5,2026-09-04
485,STLD,Basic Materials,Steel,NASDAQ,1182373,247.64,118.9,-7,-5,-14.23,85.8,73.3,2.2,-0.5,0.0,15.1,84,91,93,80,80.3,0,0,0,0,0,0,33634802148.518436,143328088.0,0.0343,0.334,1308400,1201126,2,86.1,7.3,2026-09-04
486,JNJ,Healthcare,Drug Manufacturers - General,NYSE,6883423,275.21,118.9,4,-3,-0.46,58.0,96.9,1.3,2.6,5.1,16.7,84,80,73,87,67.8,0,0,0,0,0,0,645949240532.2753,2409898597.0,0.01,0.066,6491600,7583384,0,76.9,5.4,2026-09-04
487,OMDA,Healthcare,Health Information Services,NASDAQ,1438653,23.31,118.9,18,-2,-13.39,108.1,74.7,-3.4,-4.4,0.5,34.1,84,66,46,25,13.1,0,0,0,0,0,0,1450223726.7632463,61216703.0,0.098000005,0.431,945530,1358346,0,37.5,36.7,2026-09-04
488,FBP,Financial Services,Banks - Regional,NYSE,1320350,28.42,118.87,0,-8,-4.89,48.1,88.6,1.4,-0.2,1.7,20.1,84,84,76,60,48.0,0,0,0,0,0,0,4276238221.6229935,152668268.0,0.0637,0.094,1119390,1407904,0,67.0,23.6,2026-09-04
489,SDRL,Energy,Oil & Gas Drilling,NYSE,650473,50.49,118.86,23,47,-8.98,72.8,78.3,1.4,2.9,11.2,16.5,83,60,84,88,65.2,0,0,0,0,0,0,2976972591.369332,62541443.0,0.075500004,0.191,507380,787936,0,74.3,-10.6,2026-09-04
490,TD,Financial Services,Banks - Diversified,NYSE,2141640,121.47,118.84,-2,-2,-3.19,63.3,93.7,1.0,0.7,0.7,16.3,83,85,85,82,72.6,0,0,0,0,0,0,198669458750.0,1638511000.0,3.04,0.115,2114650,2575964,0,81.2,6.8,2026-09-04
491,GRND,Technology,Software - Application,NYSE,1582856,15.67,118.75,-1,-66,-15.3,54.8,66.7,-2.0,-3.0,-3.8,14.1,83,84,19,22,18.0,0,0,0,0,0,0,2709863601.452923,173820627.0,0.1774,0.325,1091610,1650932,0,35.8,51.9,2026-09-04
492,DHC,Real Estate,REIT - Healthcare Facilities,NASDAQ,1623223,7.65,118.62,-11,-13,-20.81,85.4,61.9,-3.3,-6.0,-13.3,4.1,83,94,92,96,82.2,0,0,0,0,0,0,1852286781.29122,242128988.0,0.0608,-0.045,1134470,1621006,3,91.0,5.7,2026-09-04
493,NTNX,Technology,Software - Infrastructure,NASDAQ,2788890,66.85,118.54,8,-15,-18.89,97.8,72.0,0.7,2.0,13.2,39.3,83,75,52,14,16.1,0,0,0,0,0,0,18695367392.38327,270320509.0,0.059,0.159,3483020,3141694,0,39.3,43.9,2026-09-04
494,TSHA,Healthcare,Biotechnology,NASDAQ,2523963,5.64,118.5,-6,-9,-22.74,97.9,66.7,-3.6,-7.1,-7.6,3.0,83,89,86,90,76.6,0,0,0,0,0,0,1880059548.4352183,325833545.0,0.1457,,2186040,3186652,1,85.4,6.3,2026-09-04
495,SWK,Industrials,Tools & Accessories,NYSE,1963536,96.89,118.5,-5,-29,-7.44,56.7,84.1,-0.2,-1.9,2.3,18.8,83,88,64,41,50.4,0,0,0,0,0,0,14769427950.666214,151016641.0,0.0505,0.004,1439710,1785944,0,60.8,30.6,2026-09-04
496,REGN,Healthcare,Biotechnology,NASDAQ,783470,852.03,118.44,17,-13,0.59,49.0,91.8,0.6,1.2,12.2,13.0,83,66,36,77,62.8,0,0,0,0,0,0,81765822171.07495,102954988.0,0.024600001,0.167,672650,774608,0,60.4,2.4,2026-09-04
497,BAX,Healthcare,Medical Instruments & Supplies,NYSE,6790546,25.7,118.41,-7,-63,-14.33,63.5,79.9,-0.6,-2.0,4.5,27.0,83,90,34,22,28.0,0,0,0,0,0,0,13509105019.98969,516995999.0,0.073,0.053,4318840,6454404,1,43.5,50.2,2026-09-04
498,BMY,Healthcare,Drug Manufacturers - General,NYSE,10900320,67.66,118.38,4,-14,-1.43,56.9,95.0,-0.7,0.9,6.2,14.9,83,79,61,76,60.4,0,0,0,0,0,0,136003945536.80225,2042714656.0,0.0225,0.057,7621450,11243858,0,69.1,11.7,2026-09-04
499,CNO,Financial Services,Insurance - Life,NYSE,762716,55.32,118.22,-2,-11,-3.94,47.4,100.0,2.8,3.6,5.4,23.2,83,85,76,53,58.4,0,0,0,0,0,0,5122908213.446514,92521371.0,0.0001,0.116,952610,814378,0,68.1,20.6,2026-09-04
500,ZVRA,Healthcare,Biotechnology,NASDAQ,1248053,12.3,118.15,43,83,-18.19,71.5,68.7,3.4,5.2,3.0,20.5,83,40,80,79,57.3,0,0,0,0,0,0,686773402.3465738,59383781.0,0.1102,0.533,823260,1294786,0,64.1,-20.5,2026-09-04
501,CCXI,Financial Services,Shell Companies,NASDAQ,2658596,13.26,118.13,-9,-56,-32.66,32.8,36.7,-3.4,-9.7,-11.5,,83,92,45,45,,0,0,0,0,0,0,778129014.8735046,55700000.0,0.0808,,1418310,3756424,1,60.7,,2026-09-04
502,TPC,Industrials,Engineering & Construction,NYSE,824500,87.78,118.09,13,18,-14.19,50.1,73.0,-0.1,-3.5,2.8,12.3,83,70,75,90,62.1,0,0,0,0,0,0,4674290021.839203,52614703.0,0.0476,0.192,462010,770586,1,74.3,-0.5,2026-09-04
503,CRS,Industrials,Metal Fabrication,NYSE,799090,460.97,118.06,-11,-13,-26.36,104.5,62.8,-0.3,-5.3,-13.0,10.0,83,94,92,91,83.4,0,0,0,0,0,0,23611187236.40222,49558566.0,0.0311,0.126,1016140,789716,3,90.1,6.1,2026-09-04
504,PDFS,Technology,Software - Application,NASDAQ,592906,42.05,117.99,-9,-5,-41.34,136.2,51.1,3.4,-1.6,-9.4,10.9,83,92,96,85,88.8,0,0,0,0,0,0,1892201606.9502563,42227216.0,0.0739,0.189,714570,638414,2,90.5,2.6,2026-09-04
505,FSM,Basic Materials,Gold,NYSE,5985453,12.26,117.95,24,1,-11.48,60.5,77.5,-0.1,5.4,25.1,22.2,83,59,36,89,72.0,0,0,0,0,0,0,3628437632.35927,295957387.0,3.06,0.382,5919650,5388710,0,64.0,-10.2,2026-09-04
506,SKE,Basic Materials,Other Industrial Metals & Mining,NYSE,568000,31.75,117.86,-3,-11,-18.11,112.9,77.7,-0.9,-0.7,11.3,13.9,83,86,78,96,83.4,0,0,0,0,0,0,4170380524.7849846,125462705.0,11.78,,660940,639130,1,85.8,0.1,2026-09-04
507,GO,Consumer Defensive,Grocery Stores,NASDAQ,2781346,12.01,117.71,46,44,-36.08,113.8,52.6,2.3,8.0,19.1,33.8,83,37,35,7,1.8,0,0,0,0,0,0,1205858275.1995468,99084492.0,0.38189998,0.011,2512200,2501548,0,20.2,23.8,2026-09-04
508,CBC,Financial Services,Banks - Regional,NASDAQ,711450,32.3,117.7,-1,-11,-4.49,42.8,91.8,0.8,0.5,1.7,,83,84,74,58,,0,0,0,0,0,0,7807866970.34417,239505133.0,0.0618,0.137,699130,694310,0,72.0,,2026-09-04
509,NMR,Financial Services,Capital Markets,NYSE,744023,10.25,117.68,2,-8,-1.06,58.2,100.0,4.4,6.8,9.6,22.6,83,81,71,62,64.5,0,0,0,0,0,0,30102708993.040382,2922593052.0,0.00059999997,0.312,606950,896276,0,69.6,13.1,2026-09-04
510,MEOH,Basic Materials,Chemicals,NASDAQ,769210,60.57,117.65,17,38,-9.26,73.3,78.0,0.1,2.1,8.5,12.7,83,66,87,91,70.0,0,0,0,0,0,0,4461596905.551804,77364263.0,2.25,0.752,586520,878788,1,78.5,-9.1,2026-09-04
511,NEM,Basic Materials,Gold,NYSE,7882890,125.16,117.64,20,32,-7.49,69.1,88.1,-0.8,2.6,19.5,18.1,83,63,75,94,76.0,0,0,0,0,0,0,134851540379.75496,1053692271.0,0.020599999,0.151,9048320,7937344,1,77.0,-13.9,2026-09-04
512,SEIC,Financial Services,Asset Management,NASDAQ,661186,109.12,117.6,8,-7,-2.7,46.8,96.6,-0.3,1.7,8.1,24.5,83,75,60,43,44.5,0,0,0,0,0,0,13397740957.017471,120019182.0,0.015700001,0.147,693630,702806,0,55.6,23.1,2026-09-04
513,CLRO,Technology,Communication Equipment,NASDAQ,2961513,5.1,117.45,57,44,-69.09,87.1,21.3,-7.5,-10.0,-16.1,3.6,82,25,12,21,43.3,0,0,0,0,0,0,14340208.67720604,2675412.0,0.060100004,,36630,5637072,0,25.3,-7.0,2026-09-04
514,EXPD,Industrials,Integrated Freight & Logistics,NYSE,971990,186.16,117.32,-1,-6,-3.18,66.9,97.2,-0.0,1.0,5.9,19.0,82,83,78,69,68.6,0,0,0,0,0,0,24824309242.01996,129990622.0,0.0377,0.321,762310,1094848,0,74.6,10.5,2026-09-04
515,BNS,Financial Services,Banks - Diversified,NYSE,2130560,93.31,117.29,1,-2,-1.74,48.2,96.5,1.6,3.3,5.6,19.7,82,81,78,75,63.9,0,0,0,0,0,0,112632046242.6844,1219093484.0,3.27,0.117,2312690,2525208,0,74.5,10.0,2026-09-04
516,CNH,Industrials,Farm & Heavy Construction Machinery,NYSE,21327923,13.65,117.29,47,51,2.55,56.2,100.0,15.9,25.0,30.4,34.0,82,35,39,42,47.2,0,0,0,0,0,0,18783294620.6911,1608158744.0,0.0657,0.02,31919990,16659214,0,40.8,-7.9,2026-09-04
517,HRMY,Healthcare,Biotechnology,NASDAQ,722986,42.86,117.25,14,-15,4.87,63.1,96.4,4.6,6.7,12.5,23.4,82,68,39,23,35.5,0,0,0,0,0,0,2283448916.21299,58236393.0,0.0949,0.303,639360,815098,0,41.4,28.1,2026-09-04
518,PTRN,Technology,Software - Application,NASDAQ,1664660,20.4,117.23,-11,-15,-31.54,110.6,53.6,-3.3,-4.3,-15.1,21.8,82,93,89,28,,0,0,0,0,0,0,3755538727.664477,177399089.0,0.13239999,0.466,1365750,1990166,1,70.0,,2026-09-04
519,CAH,Healthcare,Medical Distribution,NYSE,1826403,245.49,117.19,0,-15,-4.96,67.6,98.6,3.3,4.4,5.5,14.6,82,82,67,87,74.0,0,0,0,0,0,0,54550637712.1648,232575728.0,0.0318,0.058,1436860,2051654,0,77.5,4.5,2026-09-04
520,VIA,Technology,Software - Application,NYSE,733736,27.47,117.1,57,39,-51.22,111.3,36.5,1.1,5.3,26.8,33.1,82,25,7,6,,0,0,0,0,0,0,2322623009.660469,81295871.0,0.1565,0.267,524260,921154,0,12.7,,2026-09-04
521,VRTX,Healthcare,Biotechnology,NASDAQ,1240733,556.75,116.91,14,-16,0.19,45.0,93.5,-0.5,1.4,7.3,17.2,82,68,38,65,56.4,0,0,0,0,0,0,137297248540.36108,253460924.0,0.0185,0.125,991220,1511784,0,56.8,9.4,2026-09-04
522,AVNT,Basic Materials,Specialty Chemicals,NYSE,840866,43.59,116.88,25,10,-6.54,57.9,84.4,-1.2,-2.4,7.9,18.5,82,57,42,50,35.4,0,0,0,0,0,0,4097112130.556488,91719550.0,0.056599997,0.058,715120,898682,0,46.1,13.7,2026-09-04
523,IVZ,Financial Services,Asset Management,NYSE,4459190,31.72,116.86,0,1,-5.76,50.4,97.9,1.3,2.3,8.7,21.4,82,82,83,76,65.9,0,0,0,0,0,0,14507683040.27008,441499780.0,0.036199998,0.205,3454730,4659914,0,76.7,9.1,2026-09-04
524,USFD,Consumer Defensive,Food Distribution,NYSE,2111713,104.79,116.69,10,-4,-5.95,48.5,83.1,-2.4,-3.5,0.7,15.1,82,72,58,81,52.5,0,0,0,0,0,0,23205795930.00213,216330723.0,0.056700002,0.045,1690980,2417060,0,65.9,9.3,2026-09-04
525,SQM,Basic Materials,Specialty Chemicals,NYSE,930873,81.14,116.66,10,24,-17.2,87.5,65.4,-4.0,-1.0,4.4,0.4,82,72,86,92,76.9,0,0,0,0,0,0,22459700058.51233,285637808.0,2.5,1.367,993530,944618,1,81.7,-7.9,2026-09-04
526,LXP,Real Estate,REIT - Industrial,NYSE,687083,60.73,116.59,0,-12,-1.43,38.0,97.8,-0.1,-0.0,2.6,16.4,82,82,70,58,52.7,0,0,0,0,0,0,3578116271.194519,58957264.0,0.0,0.004,544900,741994,0,65.7,20.7,2026-09-04
527,ANET,Technology,Computer Hardware,NYSE,7035950,186.1,116.48,-7,-18,-13.4,66.9,82.3,0.2,-0.4,5.9,27.5,82,89,78,78,56.2,0,0,0,0,0,0,246418077884.56348,1261224648.0,0.0123000005,0.377,5119740,7532650,0,75.3,19.7,2026-09-04
528,SJM,Consumer Defensive,Packaged Foods,NYSE,1330606,131.44,116.43,10,-25,-3.27,40.8,85.4,-2.6,1.0,5.5,18.0,82,72,37,61,31.0,0,0,0,0,0,0,14136979647.02182,106823183.0,0.040900003,0.05,1590970,1423472,0,50.2,26.2,2026-09-04
529,HIMX,Technology,Semiconductors,NASDAQ,1258776,13.5,116.31,-6,3,-46.19,97.4,39.1,0.2,-3.1,-1.2,16.2,82,88,97,73,73.3,0,0,0,0,0,0,2379169526.844385,174425914.0,0.0482,0.059,753510,1613270,1,82.8,9.5,2026-09-04
530,JANX,Healthcare,Biotechnology,NASDAQ,756283,19.7,116.05,52,40,-44.26,66.2,35.7,6.6,13.4,22.1,29.9,82,30,18,16,6.4,0,0,0,0,0,0,1102296059.1692903,61136773.0,0.1388,,912590,1018846,0,17.6,15.8,2026-09-04
531,RIO,Basic Materials,Other Industrial Metals & Mining,NYSE,2410613,102.75,116.01,3,11,-8.73,66.9,82.5,-0.5,1.4,6.6,10.7,82,79,87,89,73.9,0,0,0,0,0,0,168002917657.55463,1626359271.0,0.0084,0.155,2204140,2586506,0,82.2,-0.2,2026-09-04
532,FRSH,Technology,Software - Application,NASDAQ,7512516,13.19,116.0,15,-24,-5.72,85.0,83.1,-4.4,-1.4,9.5,24.9,82,67,28,11,14.9,0,0,0,0,0,0,3616361810.339962,260920772.0,0.106800005,0.16,3881260,14705282,0,30.2,41.1,2026-09-04
533,GLW,Technology,Electronic Components,NYSE,11932426,144.13,115.89,-10,-4,-46.97,116.7,45.0,3.8,0.1,-6.6,7.3,81,91,97,96,87.6,0,0,0,0,0,0,128068839495.73096,859637825.0,0.0221,0.166,8290830,13514756,3,92.9,0.1,2026-09-04
534,TENB,Technology,Software - Infrastructure,NASDAQ,3856026,34.24,115.88,-11,-41,-21.59,113.5,68.4,-2.8,-4.5,-5.3,31.4,81,92,62,16,31.6,0,0,0,0,0,0,4153945020.995987,110271973.0,0.1118,0.086,5332250,3907146,1,50.4,48.4,2026-09-04
535,DGX,Healthcare,Diagnostics & Research,NYSE,991406,240.8,115.81,-1,-25,-2.59,36.7,89.0,-1.8,-1.1,4.2,17.9,81,82,58,73,51.3,0,0,0,0,0,0,26794236267.301025,110373360.0,0.030199999,0.102,955570,960568,0,66.1,19.5,2026-09-04
536,GMAB,Healthcare,Biotechnology,NASDAQ,2517080,34.22,115.76,24,-1,-3.42,40.9,84.9,-0.3,1.8,10.5,14.5,81,57,32,55,43.3,0,0,0,0,0,0,20719985354.169464,623532520.0,0.0125,0.249,2599950,2345408,0,46.8,9.7,2026-09-04
537,CNK,Communication Services,Entertainment,NYSE,2546283,35.19,115.7,-8,-23,-9.72,59.8,79.6,-3.0,-4.4,2.1,21.5,81,89,74,42,56.7,0,0,0,0,0,0,4171667856.0042,115911855.0,0.113000005,0.155,2400090,2529864,0,65.4,27.1,2026-09-04
538,NOV,Energy,Oil & Gas Equipment & Services,NYSE,3506740,21.71,115.66,9,23,0.18,73.8,96.6,2.4,2.5,7.4,12.8,81,72,86,84,71.2,0,0,0,0,0,0,7482475762.158632,356478125.0,0.1331,-0.025,3420660,3466098,0,78.3,-3.4,2026-09-04
539,NVCR,Healthcare,Medical Devices,NASDAQ,1639800,17.83,115.56,6,11,-16.88,78.9,79.4,1.6,2.1,6.8,25.0,81,75,80,26,65.1,0,0,0,0,0,0,2075064833.2635496,116445840.0,0.1065,0.156,1079860,1568220,0,61.5,14.3,2026-09-04
540,DDOG,Technology,Software - Application,NASDAQ,4794663,209.23,115.54,-16,-20,-28.52,107.5,59.5,-5.5,-9.5,-14.6,20.7,81,97,93,44,72.1,0,0,0,0,0,0,85093597653.38599,359075024.0,0.0318,0.356,3680130,4616148,2,76.5,23.4,2026-09-04
541,TRV,Financial Services,Insurance - Property & Casualty,NYSE,1782146,366.18,115.48,-5,-36,-8.16,41.2,79.5,0.1,0.2,1.7,18.2,81,86,55,72,51.7,0,0,0,0,0,0,77151899364.7591,208575022.0,0.031400003,0.003,1434870,1845064,0,66.2,23.0,2026-09-04
542,DRH,Real Estate,REIT - Hotel & Motel,NASDAQ,2561950,12.29,115.38,-9,-14,-10.88,61.1,77.9,-2.9,-2.8,-3.2,14.3,81,90,85,74,58.5,0,0,0,0,0,0,2598492109.6745634,204605681.0,0.098500006,0.041,2539190,2643040,1,76.9,19.4,2026-09-04
543,KLAC,Technology,Semiconductor Equipment & Materials,NASDAQ,10655930,172.26,115.34,-9,-4,-43.96,105.1,45.0,4.0,-1.2,-9.8,8.2,81,90,95,90,86.1,0,0,0,0,0,0,229351213515.83844,1306546783.0,0.0216,0.152,8203650,11907236,3,90.3,1.5,2026-09-04
544,CPAY,Technology,Software - Infrastructure,NYSE,524866,416.4,115.33,-3,-26,-2.24,63.3,94.8,1.4,1.3,8.3,23.6,81,84,61,46,50.3,0,0,0,0,0,0,26781237560.72351,65659599.0,0.0398,0.215,421020,576062,0,60.3,26.8,2026-09-04
545,DLO,Technology,Software - Infrastructure,NASDAQ,2367446,15.57,115.25,8,-28,-7.21,41.0,93.6,1.6,4.9,5.8,15.6,81,73,37,50,41.1,0,0,0,0,0,0,4422864990.411664,294269133.0,0.14829999,0.558,2380680,2726060,0,50.3,24.1,2026-09-04
546,TARS,Healthcare,Biotechnology,NASDAQ,742983,82.76,115.19,28,11,-2.92,83.9,100.0,18.9,23.7,37.6,32.1,81,53,36,80,69.8,0,0,0,0,0,0,3149043886.704193,43882996.0,0.1412,0.694,742920,1058778,0,59.7,-12.1,2026-09-04
547,LNG,Energy,Oil & Gas Midstream,NYSE,1659693,295.86,115.18,21,10,-1.67,54.6,95.5,1.7,4.7,9.8,21.5,81,60,49,78,44.2,0,0,0,0,0,0,58310786054.85419,206534158.0,0.0215,0.227,1742630,1853990,0,57.8,5.4,2026-09-04
548,NTRS,Financial Services,Asset Management,NASDAQ,1027110,183.98,115.05,-1,1,-6.03,52.1,93.0,0.3,-0.3,1.5,17.8,81,82,84,75,61.6,0,0,0,0,0,0,34174285195.530045,182955653.0,0.0227,0.364,951530,1031452,0,75.7,11.4,2026-09-04
549,AXSM,Healthcare,Biotechnology,NASDAQ,649390,209.92,114.98,-3,5,-19.32,81.1,65.6,0.8,-1.4,-7.6,6.1,81,84,92,79,74.4,0,0,0,0,0,0,10424830622.155,52380818.0,0.0949,0.455,555460,878434,1,82.4,5.0,2026-09-04
550,ADAM,Real Estate,REIT - Mortgage,NASDAQ,860273,9.61,114.97,-2,-5,-7.24,48.2,86.8,-0.0,-1.6,3.3,16.0,81,83,80,78,52.0,0,0,0,0,0,0,880821919.9432087,89879786.0,0.0388,1.298,745870,865664,0,73.2,16.8,2026-09-04
551,STNG,Energy,Oil & Gas Midstream,NYSE,741070,81.42,114.91,14,30,-6.83,66.3,88.5,4.5,5.0,6.8,15.8,81,67,83,89,71.2,0,0,0,0,0,0,3907847835.425537,50081352.0,0.056399997,0.775,587530,792908,0,77.5,-8.1,2026-09-04
552,TSM,Technology,Semiconductors,NYSE,11124033,415.5,114.79,0,9,-13.26,76.2,79.2,2.6,2.1,2.0,15.0,81,81,90,88,79.9,0,0,0,0,0,0,2165456572927.4543,5186474013.0,0.0062,0.36,8715630,12701844,1,84.7,-1.7,2026-09-04
553,EXK,Basic Materials,Silver,NYSE,8697396,11.13,114.78,20,21,-26.53,89.1,63.6,1.6,3.8,21.6,13.1,81,61,62,93,79.5,0,0,0,0,0,0,3186514661.822092,296144479.0,3.2,1.394,9824750,7444598,1,73.9,-15.8,2026-09-04
554,MICC,Consumer Defensive,Packaged Foods,NYSE,756100,19.85,114.69,6,-2,-3.12,47.9,85.1,-3.4,-2.2,2.1,,81,75,67,56,,0,0,0,0,0,0,12329337715.792686,610968163.0,11.1,0.042,713600,967166,0,66.0,,2026-09-04
555,CART,Consumer Cyclical,Internet Retail,NASDAQ,3951403,51.53,114.52,16,-2,-1.0,55.1,96.2,0.1,1.5,6.7,20.6,81,65,47,32,33.9,0,0,0,0,0,0,11700013598.12464,231500067.0,0.1079,0.141,2970650,4084700,0,44.5,23.9,2026-09-04
556,BBY,Consumer Cyclical,Specialty Retail,NYSE,3852696,87.0,114.5,-2,-24,-4.68,62.6,100.0,5.7,5.7,7.4,26.3,81,83,61,31,36.2,0,0,0,0,0,0,17375642382.00818,210767126.0,0.0752,0.036,5106000,3754596,0,52.8,36.0,2026-09-04
557,SIRI,Communication Services,Entertainment,NASDAQ,4110646,29.7,114.49,-5,-12,-9.06,45.5,71.6,1.0,1.2,-2.4,15.8,81,86,79,50,43.9,0,0,0,0,0,0,9619889377.733955,337066891.0,0.1742,0.01,3343610,4018158,0,64.7,29.0,2026-09-04
558,WBI,Energy,Oil & Gas Equipment & Services,NYSE,549630,32.26,114.46,-4,-8,-12.55,71.7,77.1,0.6,0.8,-2.4,18.1,80,84,80,72,,0,0,0,0,0,0,1743446059.53516,55453118.0,0.104399994,1.28,474860,775756,0,78.7,,2026-09-04
559,MFC,Financial Services,Insurance - Life,NYSE,2660266,43.29,114.45,1,-4,-4.5,44.6,97.0,2.7,2.1,3.1,15.3,80,79,74,59,60.8,0,0,0,0,0,0,71062911978.35326,1661901655.0,10.38,0.107,3082700,2210848,0,68.2,13.6,2026-09-04
560,NOK,Technology,Communication Equipment,NYSE,78723166,9.84,114.29,-3,11,-43.61,122.4,44.7,-0.9,-1.2,-4.8,4.4,80,83,97,90,87.1,0,0,0,0,0,0,57162161559.151344,5598644598.0,0.0077,0.084,53923110,82532978,2,89.3,-4.9,2026-09-04
561,APH,Technology,Electronic Components,NYSE,12809041,82.07,114.28,-4,-7,-54.03,0.0,0.0,-45.0,-48.2,-48.1,-42.8,80,84,81,85,2.6,0,0,0,0,0,0,194490817280.1604,1232983457.0,0.0136,0.55,11394763,13390067,0,63.1,40.8,2026-09-04
562,EFXT,Energy,Oil & Gas Equipment & Services,NYSE,761053,21.32,114.21,-10,-5,-26.86,122.4,66.6,7.8,6.4,0.3,6.3,80,90,95,96,86.9,0,0,0,0,0,0,2442057660.0,122102883.0,1.9,-0.054,637600,605362,3,92.0,-0.2,2026-09-04
563,DXCM,Healthcare,Medical Devices,NASDAQ,4881696,89.69,114.18,0,-22,-3.13,60.3,88.2,-2.1,-2.2,8.2,24.0,80,80,58,34,26.8,0,0,0,0,0,0,34271904562.138638,377360765.0,0.0506,0.131,3366710,4712770,0,49.7,38.0,2026-09-04
564,WPM,Basic Materials,Gold,NYSE,2242370,150.91,114.12,27,16,-8.96,64.2,84.9,0.0,5.3,22.9,19.8,80,53,42,91,66.1,0,0,0,0,0,0,69636348725.03174,454159968.0,2.84,0.847,2464720,2082264,1,63.0,-13.1,2026-09-04
565,MTCH,Communication Services,Internet Content & Information,NASDAQ,3185703,42.44,114.09,15,6,-0.12,44.8,95.7,0.1,4.6,6.7,20.7,80,65,56,35,30.3,0,0,0,0,0,0,9699222578.203766,233266526.0,0.067,-0.012,3178020,3325636,0,46.6,24.2,2026-09-04
566,SLF,Financial Services,Insurance - Diversified,NYSE,982016,79.46,114.06,1,-2,-5.83,40.6,88.3,2.1,1.4,0.6,16.1,80,79,76,65,57.9,0,0,0,0,0,0,43846839934.870605,556714560.0,10.27,0.075,1413780,814774,0,69.5,13.6,2026-09-04
567,BIIB,Healthcare,Drug Manufacturers - General,NASDAQ,886610,222.67,114.02,2,-3,-0.08,62.8,95.9,0.3,2.3,5.4,15.6,80,78,73,79,69.6,0,0,0,0,0,0,32284248563.0,147753998.0,0.0392,0.034,722270,1142772,0,74.9,4.5,2026-09-04
568,LIVN,Healthcare,Medical Devices,NASDAQ,673950,82.4,114.02,-7,-12,-3.92,65.3,90.5,2.0,2.2,1.5,17.4,80,87,82,72,58.9,0,0,0,0,0,0,4412261755.395615,54933538.0,0.098400004,0.108,600430,675144,0,75.0,17.6,2026-09-04
569,TRIN,Financial Services,Asset Management,NYSE,998033,18.43,114.02,11,18,-2.46,28.5,88.8,-1.7,-0.9,1.6,11.9,80,69,76,61,31.2,0,0,0,0,0,0,1757512682.8681755,94693574.0,0.0626,0.193,802120,1035224,0,59.3,19.8,2026-09-04
570,ALL,Financial Services,Insurance - Property & Casualty,NYSE,1624916,259.34,114.02,-1,-24,-6.45,36.6,81.7,0.0,-0.0,1.1,17.1,80,81,58,58,45.3,0,0,0,0,0,0,65889721215.69061,252857950.0,0.01,0.118,1478490,1691266,0,60.6,24.8,2026-09-04
571,CFFN,Financial Services,Banks - Regional,NASDAQ,840650,8.69,114.02,-5,-12,-6.16,47.3,89.9,2.5,2.3,2.4,15.9,80,85,78,71,54.4,0,0,0,0,0,0,1068379383.5353163,123369446.0,0.0708,0.183,752950,824480,0,72.1,18.8,2026-09-04
572,NTR,Basic Materials,Agricultural Inputs,NYSE,2637500,80.29,114.01,29,34,-5.94,48.2,85.2,4.4,9.3,15.2,15.6,80,51,56,90,57.6,0,0,0,0,0,0,35079713559.1707,477210074.0,0.0095,0.04,2609150,2676940,1,63.7,-11.6,2026-09-04
573,WEX,Technology,Software - Infrastructure,NYSE,740880,192.84,113.96,2,-41,-5.47,52.9,87.8,-1.0,-0.3,9.6,22.6,80,78,35,58,30.0,0,0,0,0,0,0,6724983732.141174,34081611.0,0.1037,0.142,553210,691748,0,50.3,32.3,2026-09-04
574,FRPT,Consumer Defensive,Packaged Foods,NASDAQ,1343276,70.76,113.94,7,-50,-17.72,48.2,60.0,-2.6,-2.9,9.5,10.8,80,73,16,75,51.6,0,0,0,0,0,0,3403472786.01384,48058074.0,0.17930001,0.155,1138900,1360952,0,53.9,16.0,2026-09-04
575,VPG,Technology,Scientific & Technical Instruments,NYSE,634736,61.35,113.84,-14,-9,-59.58,115.2,28.0,-0.4,-3.9,-29.8,-7.8,80,94,99,87,86.5,0,0,1,0,0,1,833192886.3373184,13320430.0,0.1165,0.117,469590,602570,2,91.6,4.6,2026-09-04
576,PGY,Technology,Software - Infrastructure,NASDAQ,2756970,22.0,113.83,15,-18,-51.1,116.0,37.2,3.4,6.4,17.6,32.8,80,65,32,11,1.1,0,0,0,0,0,0,1833699990.95068,83425843.0,0.161,0.186,2165770,3160188,0,27.3,46.0,2026-09-04
577,FDX,Industrials,Integrated Freight & Logistics,NYSE,1471356,316.54,113.79,-1,7,-8.35,78.2,89.4,-1.7,-1.8,1.0,10.6,80,81,89,89,78.7,0,0,0,0,0,0,78309514688.41736,236670435.0,0.021300001,0.125,1396450,1737860,0,84.4,-1.2,2026-09-04
578,KN,Technology,Electronic Components,NYSE,978963,34.47,113.76,-11,-9,-19.71,71.7,67.0,3.4,-0.4,-3.3,16.8,80,91,93,81,73.1,0,0,0,0,0,0,2923595419.882256,85410326.0,0.090299994,0.143,878120,1006818,2,84.5,10.8,2026-09-04
579,BCRX,Healthcare,Drug Manufacturers - Specialty & Generic,NASDAQ,3088846,10.17,113.76,9,-25,-9.36,59.6,76.4,0.7,0.6,2.2,16.2,80,71,37,54,40.7,0,0,0,0,0,0,2509354653.1168747,255535105.0,0.1299,0.336,2544320,4252212,0,50.7,22.0,2026-09-04
580,CVX,Energy,Oil & Gas Integrated,NYSE,7986840,211.78,113.76,16,27,-1.36,42.1,95.1,1.6,2.6,9.1,15.2,80,64,75,85,51.9,0,0,0,0,0,0,395969238086.9076,1961603274.0,0.0081,0.535,7808100,8315836,0,69.0,0.7,2026-09-04
581,MAX,Communication Services,Internet Content & Information,NYSE,712943,12.53,113.75,1,-53,-14.76,68.1,68.7,-4.0,-6.2,-8.2,10.1,80,79,25,28,17.5,0,0,0,0,0,0,680737906.55863,52975711.0,0.0949,0.259,575940,877916,0,37.4,46.3,2026-09-04
582,ENTG,Technology,Semiconductor Equipment & Materials,NASDAQ,2552563,131.31,113.7,-5,-2,-29.76,101.7,60.7,1.6,-4.1,-2.2,10.0,80,85,88,81,77.4,0,0,0,0,0,0,20548315721.13037,152300000.0,0.066700004,0.115,1986300,2819162,0,82.8,4.3,2026-09-04
583,XOM,Energy,Oil & Gas Integrated,NYSE,14114413,164.15,113.62,8,15,-6.95,46.0,80.7,-0.8,-1.2,4.3,10.2,80,72,79,87,59.5,0,0,0,0,0,0,644377750858.4308,4111911960.0,0.01,0.441,13799680,14662950,0,74.4,2.6,2026-09-04
584,LH,Healthcare,Diagnostics & Research,NYSE,714326,331.66,113.58,5,-29,-2.97,32.5,86.6,-2.0,-0.8,6.6,18.6,80,75,41,54,38.8,0,0,0,0,0,0,27177419812.01172,81100000.0,0.024,0.058,658600,694580,0,52.2,25.7,2026-09-04
585,RY,Financial Services,Banks - Diversified,NYSE,1381863,207.86,113.57,-5,-8,-4.9,46.6,90.2,2.0,0.8,0.5,15.7,80,85,82,76,61.9,0,0,0,0,0,0,282742091934.8478,1384429799.0,2.37,0.089,1424690,1481038,0,76.2,13.6,2026-09-04
586,BEN,Financial Services,Asset Management,NYSE,3943280,33.01,113.56,-3,-2,-9.01,64.0,92.9,1.4,2.0,3.0,21.7,80,83,84,67,53.9,0,0,0,0,0,0,17604865706.76384,508076910.0,0.0395,0.143,3107060,4081844,0,72.0,17.6,2026-09-04
587,AIP,Technology,Semiconductors,NASDAQ,699023,20.84,113.52,-15,-12,-58.54,148.8,32.0,-2.8,-11.8,-28.6,-10.5,80,95,98,86,90.2,0,0,1,0,0,1,1081837776.270023,49152102.0,0.0617,0.462,775600,812554,3,92.3,3.9,2026-09-04
588,CSX,Industrials,Railroads,NASDAQ,11494433,48.65,113.49,-1,0,-9.24,54.2,82.0,-1.9,-2.0,-1.5,14.5,80,81,82,76,66.5,0,0,0,0,0,0,94994911482.43808,1852474917.0,0.0186,0.101,9602590,11792028,0,76.4,8.2,2026-09-04
589,ADM,Consumer Defensive,Farm Products,NYSE,3919290,85.38,113.48,9,22,-3.48,51.1,91.3,3.4,4.1,4.5,17.3,80,71,84,87,55.5,0,0,0,0,0,0,39298735652.82438,481956527.0,0.033299997,0.072,3687160,3686004,0,74.4,3.3,2026-09-04
590,ASND,Healthcare,Biotechnology,NASDAQ,501950,267.31,113.45,12,-16,-5.26,42.6,92.4,4.7,5.9,5.0,16.4,79,67,39,82,55.4,0,0,0,0,0,0,16261118725.508118,65592830.0,0.066599995,1.147,435730,652506,0,60.8,5.6,2026-09-04
591,ACAD,Healthcare,Biotechnology,NASDAQ,1617513,28.93,113.27,-2,-52,-6.56,39.7,75.7,-3.8,-4.1,2.7,14.5,79,81,31,38,28.5,0,0,0,0,0,0,5015813734.146942,172305518.0,0.086899996,0.164,1259360,1695380,0,44.6,39.9,2026-09-04
592,GPN,Industrials,Specialty Business Services,NYSE,3010733,92.81,113.25,4,-47,-3.2,48.1,92.9,0.2,1.1,9.3,22.3,79,75,24,29,24.1,0,0,0,0,0,0,24297260489.04488,264618390.0,0.066700004,0.686,2670580,3208692,0,38.0,39.7,2026-09-04
593,BULL,Technology,Software - Application,NASDAQ,13921740,9.0,113.18,54,45,-43.89,110.4,46.8,5.3,12.3,23.7,35.8,79,25,16,7,2.5,0,0,0,0,0,0,4963892470.4432745,529764411.0,0.0624,0.533,21906120,12462926,0,12.6,15.7,2026-09-04
594,BBNX,Healthcare,Medical Devices,NASDAQ,1235986,19.42,113.16,39,26,-40.63,119.2,45.7,-0.6,2.9,13.1,16.0,79,40,27,7,13.6,0,0,0,0,0,0,887196616.4680328,44989688.0,0.1674,0.378,769120,1161228,0,21.9,21.1,2026-09-04
595,BDX,Healthcare,Medical Instruments & Supplies,NYSE,1813640,187.52,113.1,7,-24,-2.87,33.2,86.4,-1.9,-0.8,8.7,15.6,79,72,41,61,43.7,0,0,0,0,0,0,51622747499.76196,272386800.0,0.0392,0.054,1684980,2036120,0,54.4,19.4,2026-09-04
596,JBHT,Industrials,Integrated Freight & Logistics,NASDAQ,828950,260.22,113.07,-9,-5,-13.19,109.5,85.3,4.0,1.7,-0.9,15.3,79,88,92,81,81.0,0,0,0,0,0,0,24510716885.375977,93900000.0,0.0444,0.194,720240,929390,1,85.5,4.5,2026-09-04
597,IMO,Energy,Oil & Gas Integrated,NYSE ARCA,506076,133.44,113.07,4,11,-4.3,53.6,82.2,-2.8,-3.3,1.7,10.2,79,75,82,90,63.4,0,0,0,0,0,0,64894524602.78026,497237969.0,0.221,0.426,519470,510306,1,77.6,2.1,2026-09-04
598,CALY,Consumer Cyclical,Leisure,NYSE,1818783,15.72,113.05,-14,-17,-22.49,89.5,66.6,1.5,-0.8,-9.5,6.2,79,93,90,90,77.6,0,0,0,0,0,0,2820396088.0407248,179757563.0,0.0452,0.02,1515210,1916634,3,87.6,8.6,2026-09-04
599,WST,Healthcare,Medical Instruments & Supplies,NYSE,641140,342.63,113.01,-3,-3,-11.24,47.2,80.9,-1.2,-2.1,-2.9,15.7,79,82,82,38,56.3,0,0,0,0,0,0,23749708488.047916,70375762.0,0.0353,0.138,468100,695008,0,64.6,21.7,2026-09-04
600,DNLI,Healthcare,Biotechnology,NASDAQ,1280756,22.85,112.98,-7,-32,-16.3,74.7,65.9,-6.1,-8.3,-8.8,6.9,79,86,61,83,66.1,0,0,0,0,0,0,3836337672.0,159847403.0,0.1185,,1056430,1577804,0,74.0,13.1,2026-09-04
601,ACHC,Healthcare,Medical Care Facilities,NASDAQ,2225700,27.75,112.92,-14,-34,-22.55,140.8,68.7,-2.3,-3.5,-8.1,22.6,79,93,73,84,39.2,0,0,0,0,0,0,2658012780.220127,93100275.0,0.3457,-0.004,1495700,2772908,1,72.3,30.7,2026-09-04
602,IFF,Basic Materials,Specialty Chemicals,NYSE,1638316,86.94,112.92,4,-17,-2.66,45.0,94.0,-0.4,1.4,6.0,15.7,79,75,54,50,51.5,0,0,0,0,0,0,22453939671.22563,255303473.0,0.082600005,0.018,1411340,1753552,0,57.6,18.9,2026-09-04
603,FFIV,Technology,Software - Infrastructure,NASDAQ,648316,391.08,112.9,-7,-7,-10.1,74.3,80.3,-1.0,-1.7,-3.5,19.3,79,86,86,52,45.0,0,0,0,0,0,0,22324699678.680176,56627182.0,0.029000001,0.109,465940,611904,0,67.2,27.3,2026-09-04
604,GLUE,Healthcare,Biotechnology,NASDAQ,1387140,14.22,112.89,-8,0,-44.82,188.3,44.1,-1.9,-6.2,-27.2,-25.3,79,87,95,97,93.6,0,0,0,0,0,0,1141493315.143344,85313401.0,0.2078,-0.613,1148780,1477558,3,93.1,-6.1,2026-09-04
605,DBX,Technology,Software - Infrastructure,NASDAQ,4114136,34.5,112.88,-6,-54,-5.13,57.9,92.1,-0.6,0.5,8.4,25.9,79,85,37,38,37.9,0,0,0,0,0,0,7762701664.195553,217442619.0,0.2967,0.009,3228140,3841786,0,49.5,37.8,2026-09-04
606,EVER,Communication Services,Internet Content & Information,NASDAQ,632700,25.5,112.8,14,-17,-11.24,74.6,78.2,-2.7,-1.1,-1.1,16.5,79,65,34,13,22.3,0,0,0,0,0,0,907678308.082466,35373278.0,0.2529,0.246,508740,684056,0,33.6,34.9,2026-09-04
607,WELL,Real Estate,REIT - Healthcare Facilities,NYSE,3022643,238.59,112.75,1,-16,-6.51,43.0,81.7,-1.3,-0.3,-0.4,12.0,79,78,61,81,58.8,0,0,0,0,0,0,171546583936.39703,720572011.0,0.027999999,0.391,2701670,3042486,0,69.7,10.7,2026-09-04
608,MET,Financial Services,Insurance - Life,NYSE,3577590,96.42,112.7,0,-11,-4.47,44.2,92.8,1.2,1.4,3.5,19.1,79,79,68,32,39.7,0,0,0,0,0,0,61329879582.29517,635476927.0,0.0178,0.105,2993090,3515712,0,54.7,30.1,2026-09-04
609,CFR,Financial Services,Banks - Regional,NYSE,557140,161.66,112.68,-1,-18,-5.35,35.7,85.1,0.4,-1.1,0.2,13.4,79,80,63,62,45.4,0,0,0,0,0,0,10048837198.380432,62148785.0,0.0004,0.061,449450,565640,0,62.6,22.6,2026-09-04
610,WDS,Energy,Oil & Gas E&P,NYSE,599720,23.83,112.65,7,13,-5.4,59.5,80.9,-2.5,-2.7,2.9,11.1,79,72,78,89,55.2,0,0,0,0,0,0,43839368282.28299,1901100143.0,5.35,0.13,542170,654698,0,73.5,4.4,2026-09-04
611,GEV,Industrials,Specialty Industrial Machinery,NYSE,2344300,921.94,112.65,-3,3,-22.91,71.9,62.8,1.4,-3.1,-7.2,6.3,79,82,88,92,69.5,0,0,0,0,0,0,242877580570.6446,266333581.0,0.0298,0.219,2258200,2569530,1,82.9,3.7,2026-09-04
612,DBRG,Financial Services,Asset Management,NYSE,3897973,15.97,112.6,8,11,-0.06,73.7,99.3,-0.1,-0.0,0.4,5.4,79,71,74,83,59.0,0,0,0,0,0,0,2986799883.549019,187495281.0,0.0733,,4826430,3606154,0,71.8,3.3,2026-09-04
613,RUM,Communication Services,Internet Content & Information,NASDAQ,3759270,8.8,112.55,53,103,-16.94,84.2,70.7,-5.8,1.7,22.1,29.8,79,26,76,18,40.8,0,0,0,0,0,0,2476180419.054444,275743936.0,0.1545,0.609,4624880,3413804,0,40.2,-10.8,2026-09-04
614,NEXN,Communication Services,Advertising Agencies,NASDAQ,522900,9.85,112.51,-7,-38,-12.83,67.7,73.5,-3.4,-5.8,-4.6,23.4,79,86,55,38,15.2,0,0,0,0,0,0,582613113.0597038,56951431.0,0.0428,0.105,562220,511752,0,48.5,48.1,2026-09-04
615,DB,Financial Services,Banks - Regional,NYSE,1856046,40.5,112.49,10,-15,-0.47,45.7,98.3,3.0,5.6,11.4,17.8,79,69,44,38,36.2,0,0,0,0,0,0,75836441146.85059,1879000000.0,0.0023999999,0.087,1909720,1929586,0,46.8,25.1,2026-09-04
616,NWG,Financial Services,Banks - Regional,NYSE,3345600,18.59,112.48,0,-18,-4.27,39.1,91.7,1.7,1.0,3.1,12.2,79,79,61,65,53.7,0,0,0,0,0,0,72994887143.34299,3971430385.0,0.0004,0.145,2335720,3775438,0,64.7,17.3,2026-09-04
617,IBKR,Financial Services,Capital Markets,NASDAQ,4474083,89.12,112.33,7,22,-9.75,54.0,85.4,-1.8,-0.3,0.7,17.4,78,71,86,77,61.5,0,0,0,0,0,0,43423010249.41818,453078171.0,0.0207,0.263,4226830,4440380,0,73.9,2.1,2026-09-04
618,CSCO,Technology,Communication Equipment,NASDAQ,20086183,109.46,112.33,-14,-13,-16.04,64.1,67.2,-1.0,-3.0,-4.4,15.2,78,92,93,72,71.6,0,0,0,0,0,0,433281913926.2804,3941434665.0,0.015,0.176,13877260,21660608,2,82.1,14.1,2026-09-04
619,WES,Energy,Oil & Gas Midstream,NYSE,847220,48.96,112.31,3,2,-2.22,33.0,97.9,2.0,2.0,5.7,15.4,78,75,74,68,49.4,0,0,0,0,0,0,19956332526.6728,413174593.0,0.0269,0.3,669500,793396,0,66.6,14.3,2026-09-04
620,XPRO,Energy,Oil & Gas Equipment & Services,NYSE,896636,18.45,112.3,11,25,-4.06,51.3,85.9,0.4,-1.1,8.3,12.3,78,67,81,84,60.7,0,0,0,0,0,0,1996904932.351471,113396074.0,0.0846,-0.07,838560,1092376,0,73.2,-1.6,2026-09-04
621,TFSL,Financial Services,Banks - Regional,NASDAQ,946743,17.47,112.26,-7,-13,-10.36,38.7,82.5,-0.3,0.2,-1.4,13.8,78,85,79,63,49.7,0,0,0,0,0,0,4916161687.714758,280442755.0,0.1489,0.152,801520,894282,0,69.2,22.6,2026-09-04
622,SNEX,Financial Services,Capital Markets,NASDAQ,928736,66.86,112.2,-12,-8,-29.37,86.7,58.2,1.3,2.5,-4.6,12.3,78,90,94,77,65.0,0,0,0,0,0,0,8302895853.210083,120962936.0,0.05,0.152,755400,1162306,2,81.5,14.7,2026-09-04
623,ASM,Basic Materials,Other Precious Metals & Mining,NYSE ARCA,4065983,7.5,112.2,10,9,-37.45,79.7,45.4,-1.6,-0.2,12.6,5.8,78,68,67,97,75.3,0,0,0,0,0,0,1268818838.732946,169855271.0,0.043,0.228,4106230,3738126,1,76.8,-9.3,2026-09-04
624,HOPE,Financial Services,Banks - Regional,NASDAQ,982970,13.96,112.18,-1,-5,-4.32,43.6,92.1,1.6,0.5,1.9,14.7,78,79,75,50,46.0,0,0,0,0,0,0,1778166366.8659286,127741836.0,0.0638,0.71,813170,1081084,0,62.5,22.7,2026-09-04
625,CM,Financial Services,Banks - Diversified,NYSE,1023650,115.66,112.15,-4,-4,-7.37,50.5,86.3,1.5,-0.4,-0.1,12.7,78,82,82,84,64.3,0,0,0,0,0,0,103804260174.68944,907935437.0,15.2,0.166,1206040,1309130,0,78.1,8.4,2026-09-04
626,PFG,Financial Services,Asset Management,NASDAQ,1276240,111.31,112.14,-4,-6,-4.55,48.8,95.4,3.7,3.5,4.0,18.0,78,82,80,61,60.9,0,0,0,0,0,0,23853398837.884613,214104641.0,0.0477,0.064,998250,1392838,0,71.0,14.9,2026-09-04
627,MMSI,Healthcare,Medical Instruments & Supplies,NASDAQ,986480,90.13,112.11,5,-45,-4.88,48.6,89.1,-0.6,-0.8,9.5,16.9,78,73,23,22,14.3,0,0,0,0,0,0,5403195778.2447815,59710420.0,0.078200005,0.095,609570,911848,0,33.1,44.5,2026-09-04
628,HAL,Energy,Oil & Gas Equipment & Services,NYSE,11054390,37.63,112.04,26,64,-13.67,70.4,72.2,2.9,5.4,8.7,6.5,78,52,90,88,73.6,0,0,0,0,0,0,30142656932.31121,833130367.0,0.0504,0.037,12170810,11570578,1,75.9,-21.8,2026-09-04
629,CTVA,Basic Materials,Agricultural Inputs,NYSE,4977570,89.97,111.9,21,21,-1.1,44.0,91.0,2.9,7.9,5.4,13.6,78,57,57,79,41.2,0,0,0,0,0,0,55977745418.0603,667196000.0,0.0247,-0.012,5304800,4401024,0,58.5,3.5,2026-09-04
630,GPC,Consumer Cyclical,Auto Parts,NYSE,1169473,137.15,111.89,16,-23,-9.51,49.3,80.3,0.7,1.9,6.8,15.2,78,62,23,29,14.7,0,0,0,0,0,0,18957094565.29373,137859758.0,0.061100002,0.06,1159490,1589382,0,32.2,34.1,2026-09-04
631,BMO,Financial Services,Banks - Diversified,NYSE,878383,172.82,111.86,-8,-12,-7.69,46.3,84.2,1.6,-0.7,-1.4,15.4,78,86,82,78,58.1,0,0,0,0,0,0,119811580385.7844,697146398.0,7.39,0.12,1048670,831822,0,76.0,16.0,2026-09-04
632,WSBC,Financial Services,Banks - Regional,NASDAQ,772813,40.46,111.8,-5,-23,-5.95,38.6,89.4,2.0,0.3,1.5,14.3,78,83,65,60,45.7,0,0,0,0,0,0,3876515857.771072,95905889.0,0.0669,0.035,619700,973128,0,63.4,25.0,2026-09-04
633,SGML,Basic Materials,Other Industrial Metals & Mining,NASDAQ,1651856,12.85,111.79,8,30,-47.51,164.7,40.6,-0.5,3.5,9.0,-8.0,78,70,92,90,84.9,0,0,0,0,0,0,1380087543.144842,112568313.0,0.0466,2.239,1380110,1626284,2,84.2,-13.7,2026-09-04
634,AQST,Healthcare,Drug Manufacturers - Specialty & Generic,NASDAQ,3330933,5.38,111.69,54,57,-28.74,81.0,52.6,2.9,11.7,24.1,19.6,78,24,27,38,23.4,0,0,0,0,0,0,629844277.3669071,125466988.0,0.17469999,0.381,2643430,2882544,0,28.1,-2.8,2026-09-04
635,NVT,Industrials,Electrical Equipment & Parts,NYSE,2527593,148.17,111.67,-5,5,-19.75,70.6,69.5,2.8,-1.4,-0.8,15.2,78,83,93,85,75.2,0,0,0,0,0,0,24032666091.18828,161857939.0,0.0214,0.528,2999880,2307158,1,84.1,2.5,2026-09-04
636,NET,Technology,Software - Infrastructure,NYSE,3681543,272.74,111.66,-7,-15,-17.9,74.1,69.6,-3.1,-5.9,-0.5,25.4,78,85,77,76,52.3,0,0,0,0,0,0,106766940441.59714,356079715.0,0.026099999,0.359,2995630,3496612,0,72.6,19.0,2026-09-04
637,BOX,Technology,Software - Infrastructure,NYSE,3113226,34.59,111.57,5,-38,-4.34,64.7,94.7,1.6,4.3,12.1,28.5,78,73,30,23,25.7,0,0,0,0,0,0,4799282976.73447,137200773.0,0.1408,0.136,3834440,2930440,0,37.9,38.0,2026-09-04
638,CRM,Technology,Software - Application,NYSE,15228710,256.93,111.56,47,37,-4.53,72.7,94.0,6.9,17.3,35.3,29.1,78,31,21,22,24.4,0,0,0,0,0,0,210688000000.0,823000000.0,0.0374,0.108,19836150,14215812,0,24.6,6.1,2026-09-04
639,TKR,Industrials,Tools & Accessories,NYSE,969863,120.23,111.48,-10,-7,-17.86,74.0,70.3,0.9,-1.8,-7.5,10.8,78,88,91,82,70.6,0,0,0,0,0,0,8396326676.991959,69494510.0,0.0535,0.075,821480,920194,1,82.9,9.6,2026-09-04
640,TTE,Energy,Oil & Gas Integrated,NYSE,1440590,90.22,111.47,6,18,-4.19,54.4,86.2,0.1,-0.0,4.7,10.0,78,72,84,85,61.2,0,0,0,0,0,0,191063839652.58725,2212667551.0,0.0019,0.278,1605830,1612578,0,75.6,1.6,2026-09-04
641,FLR,Industrials,Engineering & Construction,NYSE,2761316,56.6,111.46,25,40,-2.3,41.7,92.5,3.4,4.8,8.2,17.3,78,53,68,57,54.4,0,0,0,0,0,0,7124386700.311802,133741067.0,0.100600004,0.088,2444720,2456430,0,58.1,-3.0,2026-09-04
642,USB,Financial Services,Banks - Regional,NYSE,6574880,62.77,111.37,-3,-14,-5.01,40.0,89.8,1.4,0.2,0.5,11.7,77,80,69,68,49.6,0,0,0,0,0,0,97331475733.53828,1558051446.0,0.01,0.104,6636590,7579196,0,66.7,18.7,2026-09-04
643,BVN,Basic Materials,Other Precious Metals & Mining,NYSE,1041406,34.21,111.36,-2,-3,-23.42,73.0,59.4,-3.0,-2.0,5.3,2.4,77,79,78,95,75.9,0,0,0,0,0,0,8920018497.752758,253986867.0,0.0232,0.432,1609130,1027318,1,82.0,-1.5,2026-09-04
644,ET,Energy,Oil & Gas Midstream,NYSE,9154543,21.54,111.33,9,10,-0.46,32.6,99.2,0.6,1.5,5.1,13.8,77,68,69,70,42.1,0,0,0,0,0,0,73376712658.38962,3443299601.0,0.0093,0.784,7510190,8735464,0,62.3,12.5,2026-09-04
645,BGC,Financial Services,Capital Markets,NASDAQ,2718423,11.85,111.31,15,24,-8.07,46.5,88.9,1.4,6.2,7.8,18.4,77,62,71,49,42.2,0,0,0,0,0,0,5762654192.227175,475466522.0,0.0382,0.083,2821330,3016344,0,56.0,11.6,2026-09-04
646,CAT,Industrials,Farm & Heavy Construction Machinery,NYSE,2865470,792.28,111.27,-8,0,-26.19,94.7,61.2,1.2,-1.2,-6.7,5.3,77,85,93,92,82.3,0,0,0,0,0,0,367854829922.25,459674889.0,0.015700001,0.24,2359140,3162506,2,88.1,-0.9,2026-09-04
647,SIBN,Healthcare,Medical Devices,NASDAQ,538816,19.16,111.21,-1,-46,-12.47,59.3,70.4,-3.2,-3.3,2.1,12.8,77,78,33,25,32.0,0,0,0,0,0,0,851949685.8270187,44349283.0,0.1388,0.152,630720,585772,0,42.0,38.1,2026-09-04
648,HSIC,Healthcare,Medical Distribution,NASDAQ,1179076,90.39,111.2,-4,-25,-1.94,44.8,96.4,-0.1,0.3,2.7,13.6,77,81,60,58,52.1,0,0,0,0,0,0,10197827704.229012,113916757.0,0.0752,0.067,812220,1243062,0,62.8,21.1,2026-09-04
649,CCK,Consumer Cyclical,Packaging & Containers,NYSE,864626,117.0,111.18,3,-38,-4.81,27.7,78.1,-2.1,-2.4,-1.1,8.4,77,74,33,68,45.3,0,0,0,0,0,0,12881595188.368591,108760511.0,0.0295,0.165,694150,981404,0,55.1,19.6,2026-09-04
650,BUSE,Financial Services,Banks - Regional,NASDAQ,737396,30.46,111.12,-5,-15,-3.91,38.3,90.2,1.3,0.4,1.4,14.3,77,82,72,65,44.7,0,0,0,0,0,0,2501256072.841461,82576956.0,0.0448,-0.009,573120,817482,0,65.9,23.1,2026-09-04
651,CDE,Basic Materials,Gold,NYSE,38441593,21.42,111.06,12,9,-22.87,53.7,55.7,-0.1,4.6,20.9,12.1,77,65,62,96,66.0,0,0,0,0,0,0,21720265645.06262,1027934998.0,0.048600003,1.259,37548530,36925110,1,72.2,-6.4,2026-09-04
652,GENB,Healthcare,Biotechnology,NASDAQ,1096453,16.28,111.06,21,16,-28.19,46.2,56.5,-0.9,2.1,7.5,,77,56,51,61,,0,0,0,0,0,0,1967642834.0874865,128352436.0,0.097399995,-0.377,2152240,1022438,0,56.0,,2026-09-04
653,LNC,Financial Services,Insurance - Life,NYSE,2069436,44.12,110.98,0,-37,-7.45,39.5,89.4,4.4,3.6,7.3,15.3,77,77,40,29,23.1,0,0,0,0,0,0,8287755350.715271,191447336.0,0.0007,0.126,1765790,1987326,0,42.3,40.3,2026-09-04
654,VALE,Basic Materials,Other Industrial Metals & Mining,NYSE,25461606,15.73,110.96,12,27,-12.32,47.5,65.9,0.2,4.0,4.1,0.7,77,65,80,90,64.6,0,0,0,0,0,0,63964113852.79873,4255762807.0,0.0109,0.064,30044280,23697660,1,74.9,-6.3,2026-09-04
655,NWBI,Financial Services,Banks - Regional,NASDAQ,951836,15.43,110.95,-4,-11,-4.52,38.2,91.7,1.7,1.0,1.3,14.7,77,81,74,53,41.6,0,0,0,0,0,0,2246682953.8278885,146459122.0,0.0633,0.232,816120,1063260,0,62.4,26.0,2026-09-04
656,NVST,Healthcare,Medical Instruments & Supplies,NYSE,2808536,27.39,110.8,0,-18,-9.96,44.0,73.7,-0.2,-1.2,0.2,7.8,77,77,59,82,51.0,0,0,0,0,0,0,4357558310.374254,160617709.0,0.0673,0.071,1786060,2708120,0,67.3,13.8,2026-09-04
657,CFG,Financial Services,Banks - Regional,NYSE,3258593,69.78,110.77,-5,-8,-7.37,46.3,85.0,1.3,-0.7,-1.0,10.6,77,82,79,77,53.8,0,0,0,0,0,0,29360233505.88113,421176788.0,0.0001,0.147,3040160,4047740,0,72.9,15.4,2026-09-04
658,VRT,Industrials,Electrical Equipment & Parts,NYSE,5628343,256.7,110.74,-6,4,-32.44,130.3,62.4,7.0,4.0,-0.8,9.0,77,83,93,96,87.7,0,0,0,0,0,0,98972754345.32108,384988173.0,0.034,0.241,4008040,5721564,2,89.9,-6.0,2026-09-04
659,EQH,Financial Services,Asset Management,NYSE,2756103,51.52,110.69,11,-23,-6.58,49.9,92.4,4.7,4.1,8.1,18.6,77,66,32,21,15.1,0,0,0,0,0,0,13692842715.50378,272765787.0,0.0001,-0.298,2176840,2849876,0,33.5,37.9,2026-09-04
660,APLE,Real Estate,REIT - Hotel & Motel,NYSE,2846566,15.75,110.69,-10,-13,-8.85,39.7,75.1,-3.3,-3.0,-5.0,13.4,77,87,84,52,40.1,0,0,0,0,0,0,3907168471.783196,236082698.0,0.1204,0.047,2197190,2892810,0,65.8,30.8,2026-09-04
661,RBRK,Technology,Software - Infrastructure,NYSE,3432576,87.18,110.66,-7,-52,-19.21,113.8,78.9,-0.5,-3.4,8.2,35.9,77,84,39,17,26.2,0,0,0,0,0,0,19152348694.43893,205828566.0,0.094399996,0.39,4278550,3283368,0,41.5,46.8,2026-09-04
662,AGRO,Consumer Defensive,Farm Products,NYSE,877146,11.78,110.66,46,95,-25.87,65.1,57.1,3.8,11.4,15.2,12.0,77,31,80,80,59.8,0,0,0,0,0,0,1549867521.8105278,144307966.0,0.0383,0.39,905660,806318,0,62.7,-29.1,2026-09-04
663,ALSN,Consumer Cyclical,Auto Parts,NYSE,845596,126.71,110.65,9,10,-7.93,65.6,91.6,2.4,3.2,8.6,14.3,77,68,69,76,63.5,0,0,0,0,0,0,10431257734.959185,82578038.0,0.052600004,0.924,825590,1126860,0,69.1,0.6,2026-09-04
664,WK,Technology,Software - Application,NYSE,805970,75.75,110.63,43,22,-21.98,72.8,65.8,-0.3,3.3,21.8,16.7,77,34,13,22,17.7,0,0,0,0,0,0,4307065108.232971,54416488.0,0.098400004,0.186,813060,845650,0,21.7,12.7,2026-09-04
665,BAC,Financial Services,Banks - Diversified,NYSE,28941463,62.6,110.52,0,-12,-4.03,34.2,88.2,0.7,-0.4,1.7,14.2,77,77,65,46,44.7,0,0,0,0,0,0,435788075972.7825,6992748365.0,0.0,0.168,32158750,31553948,0,58.2,23.5,2026-09-04
666,S,Technology,Software - Infrastructure,NYSE,7415716,19.68,110.51,-8,-49,-17.83,66.5,66.7,-4.4,-7.5,0.3,24.1,77,85,44,26,28.0,0,0,0,0,0,0,7355524703.556198,341482098.0,0.051,0.206,8680910,7356264,0,45.7,44.4,2026-09-04
667,OKE,Energy,Oil & Gas Midstream,NYSE,3740963,96.01,110.51,8,8,-1.93,48.4,95.0,0.7,1.2,4.1,12.4,77,69,69,70,48.8,0,0,0,0,0,0,59701914401.415375,630032852.0,0.0448,0.528,3360060,3643318,0,64.2,9.9,2026-09-04
668,WAB,Industrials,Railroads,NYSE,959463,279.81,110.5,-5,-13,-8.75,52.4,80.9,-2.3,-3.4,-0.2,11.3,77,82,74,79,62.9,0,0,0,0,0,0,49360819843.44003,168910851.0,0.0214,0.175,776140,962076,0,74.5,11.0,2026-09-04
669,CRBG,Financial Services,Asset Management,NYSE,4285983,33.54,110.48,11,-17,-3.65,54.6,97.8,4.8,4.1,8.0,18.9,76,65,37,19,19.7,0,0,0,0,0,0,14536642214.497955,445772522.0,0.0521,0.259,2913480,4174936,0,35.2,34.6,2026-09-04
670,MIRM,Healthcare,Biotechnology,NASDAQ,662530,99.83,110.42,-6,-5,-23.21,57.4,57.1,2.1,1.9,-7.5,5.0,76,82,83,91,55.1,0,0,0,0,0,0,5943230327.590019,60981227.0,0.1396,0.379,463750,748188,1,77.8,11.5,2026-09-04
671,EMBJ,Industrials,Aerospace & Defense,NYSE,1342970,72.21,110.41,12,-16,-10.58,37.1,76.7,0.1,-0.8,5.9,12.0,76,64,36,49,45.8,0,0,0,0,0,0,12909090529.82563,177958235.0,0.0154,0.104,1225680,1161688,0,48.7,14.9,2026-09-04
672,LYG,Financial Services,Banks - Regional,NYSE,13061236,5.98,110.38,-1,-11,-5.68,39.8,89.6,1.4,0.6,0.8,9.8,76,77,67,77,57.2,0,0,0,0,0,0,85739505055.68707,14483024316.0,0.0002,0.123,10526920,15037956,0,69.6,10.9,2026-09-04
673,OXY,Energy,Oil & Gas E&P,NYSE,7877353,60.91,110.33,8,18,-9.7,54.3,77.3,0.4,0.7,7.0,14.6,76,68,78,86,49.6,0,0,0,0,0,0,59078567100.77442,999637371.0,0.0001,0.534,6734500,8511046,0,70.4,4.6,2026-09-04
674,DLTR,Consumer Defensive,Discount Stores,NASDAQ,2275120,131.91,110.31,0,-35,-7.37,54.5,82.6,0.2,0.8,3.2,12.2,76,76,41,77,50.7,0,0,0,0,0,0,24065461119.055984,187630299.0,0.050300002,0.07,2811700,2878634,0,61.2,15.9,2026-09-04
675,KO,Consumer Defensive,Beverages - Non-Alcoholic,NYSE,15757376,88.24,110.27,3,-5,-4.6,34.1,85.1,-1.5,-0.9,2.3,12.3,76,73,65,71,49.8,0,0,0,0,0,0,385766580883.7859,4302549243.0,0.0092,0.067,15480700,16926692,0,64.7,12.8,2026-09-04
676,AEG,Financial Services,Insurance - Diversified,NYSE,4713673,9.25,110.27,-3,-15,-3.75,34.6,85.8,-0.5,-1.2,0.4,12.5,76,79,67,44,41.4,0,0,0,0,0,0,13646180897.953424,1484894616.0,0.0027,-0.082,4585770,4814554,0,57.9,27.0,2026-09-04
677,GRMN,Technology,Scientific & Technical Instruments,NYSE,1002446,276.04,110.25,-10,-39,-12.17,48.1,71.3,-2.2,-5.7,1.7,16.2,76,86,57,68,35.9,0,0,0,0,0,0,54999615212.67139,192852536.0,0.020499999,0.114,917110,947652,0,61.7,31.6,2026-09-04
678,ABX,Financial Services,Insurance - Life,NYSE,534343,9.57,110.21,-16,-38,-23.07,91.4,65.8,-0.5,2.5,-5.8,6.9,76,92,70,88,63.7,0,0,0,0,0,0,952496482.8771304,97792249.0,0.18969999,0.299,427560,636236,1,78.4,17.2,2026-09-04
679,LSCC,Technology,Semiconductors,NASDAQ,1738313,113.88,110.14,-16,-13,-27.47,87.8,57.9,0.4,-3.7,-9.1,7.3,76,92,95,85,78.0,0,0,0,0,0,0,16216109725.892128,141749209.0,0.0695,0.622,1186010,1796598,2,87.5,8.1,2026-09-04
680,RAL,Technology,Electronic Components,NYSE,1525713,61.65,110.06,-12,-17,-18.25,65.3,71.1,1.7,-3.6,-6.1,15.6,76,88,83,34,64.1,0,0,0,0,0,0,6827594792.386047,110640008.0,0.051799998,0.128,1128440,1568662,0,67.3,23.2,2026-09-04
681,AZTA,Healthcare,Medical Instruments & Supplies,NASDAQ,754466,31.73,110.05,-10,-71,-23.96,95.6,61.3,-3.5,-6.2,5.4,10.7,76,86,25,13,24.3,0,0,0,0,0,0,1443486582.7731514,43808393.0,0.19459999,0.12,871350,702690,0,37.1,51.6,2026-09-04
682,UNM,Financial Services,Insurance - Life,NYSE,1480320,92.8,110.03,3,2,-1.85,35.6,97.2,3.5,4.8,6.8,18.3,76,73,72,42,50.8,0,0,0,0,0,0,14730448037.014008,158306798.0,0.028199999,0.003,1286890,1413032,0,59.5,17.4,2026-09-04
683,VOD,Communication Services,Telecom Services,NASDAQ,3780020,16.07,110.02,7,15,-3.25,51.3,100.0,4.6,4.8,9.8,15.1,76,69,77,85,61.2,0,0,0,0,0,0,37068483883.94608,2311002604.0,0.0042,,2661650,4150338,0,73.0,-0.1,2026-09-04
684,GL,Financial Services,Insurance - Life,NYSE,606853,173.34,109.99,-5,-15,-9.51,33.7,78.9,0.2,-0.8,-2.4,13.2,76,81,71,64,44.2,0,0,0,0,0,0,13416237731.893389,77644761.0,0.00059999997,0.08,443990,615984,0,65.0,22.8,2026-09-04
685,EDU,Consumer Defensive,Education & Training Services,NYSE,907800,59.15,109.97,25,4,-8.96,33.9,79.0,2.3,5.4,12.0,10.6,76,51,30,60,42.5,0,0,0,0,0,0,9807675089.649033,166712133.0,0.023599999,0.23,845150,793972,0,45.9,4.5,2026-09-04
686,DVN,Energy,Oil & Gas E&P,NYSE,10354743,49.03,109.97,16,32,-6.98,51.4,80.3,0.2,1.4,7.2,10.5,76,60,76,84,54.1,0,0,0,0,0,0,52084998321.5332,1100000000.0,0.0233,0.642,8725090,11048706,0,68.5,-3.4,2026-09-04
687,GBTG,Consumer Cyclical,Travel Services,NYSE,1626850,9.48,109.91,-3,5,-0.63,90.7,99.3,0.1,0.2,0.5,21.9,76,79,87,20,35.7,0,0,0,0,0,0,4952100000.516415,522373443.0,0.0319,0.379,2421110,1769698,0,55.4,32.7,2026-09-04
688,RUSHA,Consumer Cyclical,Auto & Truck Dealerships,NASDAQ,677911,49.33,109.87,-8,-21,-41.0,63.7,82.4,0.4,-2.3,-1.1,11.9,76,84,71,70,50.5,0,0,0,0,0,0,8267037951.016113,108391744.0,0.0664,-0.016,517925,742066,0,68.9,20.8,2026-09-04
689,RGLD,Basic Materials,Gold,NASDAQ,736413,258.38,109.86,23,6,-15.63,55.0,68.8,-0.4,4.5,18.9,10.8,76,53,36,89,62.6,0,0,0,0,0,0,22270717729.5878,84727857.0,0.0357,1.155,714950,715186,0,60.1,-10.3,2026-09-04
690,RDNT,Healthcare,Diagnostics & Research,NASDAQ,705790,75.7,109.84,19,-14,-11.81,42.1,67.0,-2.2,-2.8,7.1,11.5,76,57,24,38,19.1,0,0,0,0,0,0,5871639697.803299,78697757.0,0.1456,0.25,564520,789730,0,34.5,26.1,2026-09-04
691,P,Technology,Computer Hardware,NYSE,3208026,92.43,109.83,6,5,-22.39,74.6,69.5,1.4,-5.2,13.4,32.0,76,70,69,40,46.7,0,0,0,0,0,0,31046621156.009678,332404932.0,0.0373,,3639170,2978654,0,56.4,17.7,2026-09-04
692,CENX,Basic Materials,Aluminum,NASDAQ,2006250,47.28,109.79,-2,16,-32.87,115.3,53.2,2.0,0.9,2.5,-5.5,76,78,96,97,86.0,0,0,0,0,0,0,4612097629.155178,98993295.0,0.1336,0.197,1614350,2109284,2,89.3,-9.6,2026-09-04
693,PCTY,Technology,Software - Application,NASDAQ,749263,154.6,109.77,4,-47,-13.59,60.1,72.1,-1.8,0.3,11.6,21.5,76,72,21,16,7.1,0,0,0,0,0,0,8743951974.487305,55366000.0,0.0714,0.11,516670,743404,0,29.0,48.7,2026-09-04
694,NCNO,Technology,Software - Application,NASDAQ,2512806,22.96,109.77,45,29,-28.08,65.0,54.2,3.1,8.8,20.9,20.9,76,31,15,10,3.2,0,0,0,0,0,0,2430874616.0589104,105736174.0,0.1693,0.082,3236750,2914028,0,14.8,19.7,2026-09-04
695,AHR,Real Estate,REIT - Healthcare Facilities,NYSE,2791796,56.21,109.75,0,-29,-4.24,36.2,82.9,-2.4,-1.0,-1.0,7.9,76,76,47,86,48.4,0,0,0,0,0,0,12105471709.638214,217998775.0,0.1537,0.247,2529170,3422274,0,64.3,14.7,2026-09-04
696,RHP,Real Estate,REIT - Hotel & Motel,NYSE,840666,122.64,109.71,-7,-9,-10.78,43.7,75.0,-2.9,-2.1,-3.3,14.5,76,83,81,43,42.8,0,0,0,0,0,0,8921738093.354004,68984288.0,0.045,0.136,555780,777760,0,62.5,28.3,2026-09-04
697,UNH,Healthcare,Healthcare Plans,NYSE,4183440,399.66,109.66,-9,-9,-13.42,53.3,77.9,0.1,0.1,-3.5,13.0,76,85,85,25,48.2,0,0,0,0,0,0,352709906085.61835,897594847.0,0.019199999,0.004,3912590,4997616,0,60.8,30.4,2026-09-04
698,SPSC,Technology,Software - Application,NASDAQ,556740,82.82,109.65,35,7,-27.9,66.3,52.4,0.0,3.1,17.1,20.6,76,41,13,11,3.1,0,0,0,0,0,0,3057134710.1617126,36000174.0,0.1042,0.056,401980,587798,0,17.0,27.7,2026-09-04
699,MSM,Industrials,Industrial Distribution,NYSE,592516,116.47,109.64,-10,-12,-10.72,49.7,87.3,1.7,0.9,-0.5,19.2,76,86,84,69,50.7,0,0,0,0,0,0,6656878551.170624,55846298.0,0.0424,0.078,531160,724314,0,72.4,21.3,2026-09-04
700,BALL,Consumer Cyclical,Packaging & Containers,NYSE,1812163,63.3,109.63,9,-21,-7.31,35.0,76.2,-1.2,-0.3,-0.4,6.0,76,67,37,80,45.0,0,0,0,0,0,0,16880133197.06158,264703357.0,0.0294,0.197,1556870,1977892,0,57.3,11.4,2026-09-04
701,NVAX,Healthcare,Biotechnology,NASDAQ,4440600,10.32,109.6,44,64,-13.78,64.3,80.5,6.2,14.6,19.2,19.5,76,32,52,88,50.9,0,0,0,0,0,0,1527397460.5130806,164945726.0,0.2898,-0.763,6318780,4181428,0,55.7,-22.6,2026-09-04
702,UNIT,Real Estate,REIT - Specialty,NASDAQ,2149203,9.85,109.56,5,25,-23.87,89.7,65.1,1.6,2.6,-1.8,8.9,75,70,90,67,72.4,0,0,0,0,0,0,2432105963.810749,242725135.0,0.1736,2.025,1626850,2281892,1,74.9,-2.6,2026-09-04
703,CLPT,Healthcare,Medical Devices,NASDAQ,621446,14.31,109.56,22,34,-52.46,61.2,25.3,-8.4,-8.5,-10.6,4.0,75,53,65,35,46.4,0,0,0,0,0,0,474340735.6682196,30504227.0,0.1525,0.181,590210,610928,0,49.9,5.7,2026-09-04
704,TMO,Healthcare,Diagnostics & Research,NYSE,1955806,608.54,109.56,7,-24,-5.94,40.0,87.2,-1.0,0.3,7.5,14.5,75,68,37,39,45.9,0,0,0,0,0,0,230049363695.37,369747286.0,0.0128,0.105,1632610,2029410,0,47.5,19.9,2026-09-04
705,DASH,Consumer Cyclical,Internet Retail,NASDAQ,4281373,226.24,109.51,23,-11,-20.76,44.4,48.2,-7.4,-4.8,4.0,12.3,75,52,18,21,6.7,0,0,0,0,0,0,102578955985.55666,433297937.0,0.0398,0.356,3932870,4230710,0,24.4,32.3,2026-09-04
706,XYZ,Technology,Software - Infrastructure,NYSE,4822526,82.46,109.48,-1,-20,-5.13,68.6,94.2,0.4,1.6,3.0,20.3,75,76,57,39,27.3,0,0,0,0,0,0,50208437966.65192,600795000.0,0.0293,0.093,4634700,5076178,0,49.8,33.7,2026-09-04
707,CTOS,Industrials,Rental & Leasing Services,NYSE,1106746,8.97,109.46,-16,-13,-26.66,72.1,58.1,-1.2,-6.1,-10.4,12.0,75,91,94,69,64.9,0,0,0,0,0,0,2093050878.606763,227505535.0,0.059499998,0.102,883040,1092606,2,79.7,17.1,2026-09-04
708,VTR,Real Estate,REIT - Healthcare Facilities,NYSE,3276350,92.06,109.46,1,-14,-9.39,34.5,69.3,-2.2,-1.5,-2.8,6.0,75,74,59,81,52.4,0,0,0,0,0,0,47093603967.47955,512946359.0,0.053000003,0.217,2592290,3447276,0,66.6,10.9,2026-09-04
709,C,Financial Services,Banks - Diversified,NYSE,9142163,134.34,109.45,-4,2,-9.21,46.6,84.6,2.9,2.2,1.8,11.8,75,79,85,77,59.4,0,0,0,0,0,0,222931338222.4384,1677436783.0,0.0004,0.155,8556820,11050632,0,75.1,9.6,2026-09-04
710,MOH,Healthcare,Healthcare Plans,NYSE,783790,202.62,109.41,9,16,-17.26,63.7,65.0,0.0,-0.4,-4.7,13.2,75,66,73,20,36.8,0,0,0,0,0,0,10440000000.0,52200000.0,0.062,-0.057,635380,1113228,0,48.9,23.1,2026-09-04
711,CNR,Energy,Thermal Coal,NYSE,557406,102.66,109.39,37,71,-10.57,38.0,66.8,-0.1,2.7,12.8,10.8,75,38,72,84,58.7,0,0,0,0,0,0,5011276461.276649,49636257.0,0.0552,0.035,464070,566564,0,63.2,-23.0,2026-09-04
712,VECO,Technology,Semiconductor Equipment & Materials,NASDAQ,746543,43.02,109.36,-18,-15,-50.34,82.3,34.4,-0.4,-6.4,-14.7,1.9,75,93,96,80,80.6,0,0,0,0,0,0,2708043005.361786,61129640.0,0.15810001,0.165,469090,1017396,2,87.4,8.5,2026-09-04
713,IART,Healthcare,Medical Devices,NASDAQ,766966,16.81,109.35,-13,-14,-17.96,87.9,71.4,-0.2,-2.2,-6.1,21.3,75,88,87,13,25.0,0,0,0,0,0,0,1313577578.8714294,77772506.0,0.1195,0.008,554260,838778,0,53.2,46.6,2026-09-04
714,SHC,Healthcare,Diagnostics & Research,NASDAQ,2832643,18.96,109.31,2,-7,-4.48,43.9,89.6,-1.3,-0.9,3.0,12.4,75,73,64,38,42.4,0,0,0,0,0,0,5499172430.284214,285374795.0,0.049000002,0.092,1941610,2860438,0,54.3,23.2,2026-09-04
715,MS,Financial Services,Capital Markets,NYSE,4471490,211.82,109.31,-6,-1,-8.8,47.0,86.5,1.5,1.2,1.0,14.0,75,81,86,63,62.1,0,0,0,0,0,0,337310529243.02313,1570566292.0,0.0,0.28,3929290,5118406,0,73.0,12.5,2026-09-04
716,RAMP,Technology,Software - Infrastructure,NYSE,888683,37.8,109.29,-11,-17,-1.12,68.4,98.3,0.0,0.1,0.0,19.9,75,86,80,44,55.0,0,0,0,0,0,0,2294402722.7223587,60794982.0,0.0959,0.098,953580,996340,0,66.2,24.5,2026-09-04
717,KODK,Industrials,Specialty Business Services,NYSE,945493,9.19,109.2,6,23,-38.2,61.6,40.4,0.2,-3.2,4.0,2.5,75,69,86,42,71.5,0,0,0,0,0,0,885015996.2654114,97900000.0,0.0958,0.183,985440,896278,0,67.1,2.4,2026-09-04
718,BWA,Consumer Cyclical,Auto Parts,NYSE,2129406,65.18,109.18,-12,-6,-17.31,64.9,73.7,4.0,1.5,3.5,17.2,75,87,93,88,67.9,0,0,0,0,0,0,13052975882.011536,203666354.0,0.0377,0.003,1789430,2257684,1,84.0,8.8,2026-09-04
719,COMP,Real Estate,Real Estate Services,NYSE,10938166,10.59,109.16,-13,-72,-24.11,66.5,64.3,0.7,-5.7,-6.2,9.7,75,88,29,35,39.1,0,0,0,0,0,0,8421061796.083231,767644630.0,0.0587,1.09,10240080,12659990,0,47.8,40.9,2026-09-04
720,SLG,Real Estate,REIT - Office,NYSE,944913,55.17,109.11,2,-11,-16.77,57.3,66.7,-2.3,-2.2,2.9,20.8,75,73,60,19,10.9,0,0,0,0,0,0,4076703713.645027,70849907.0,0.2468,0.273,740010,997842,0,40.7,43.1,2026-09-04
721,CROX,Consumer Cyclical,Footwear & Accessories,NASDAQ,1029476,115.79,109.09,-14,-18,-18.04,60.1,65.1,-2.2,-5.8,-8.7,13.8,75,89,85,31,51.6,0,0,0,0,0,0,5860326678.198433,47945075.0,0.1223,0.026,941050,1025764,0,64.2,30.7,2026-09-04
722,SBH,Consumer Cyclical,Specialty Retail,NYSE,1355806,16.33,109.04,9,-20,-8.87,41.3,94.2,1.2,1.2,7.1,12.9,75,66,37,77,37.7,0,0,0,0,0,0,1549448861.1718595,93622292.0,0.308,0.002,1003110,1379608,0,54.4,14.8,2026-09-04
723,SOBO,Energy,Oil & Gas Midstream,NYSE,508520,37.39,109.01,-1,2,-3.98,46.7,87.9,-1.0,-0.4,0.5,12.3,75,76,79,81,53.6,0,0,0,0,0,0,7807453657.266045,208588127.0,21.78,0.042,541570,653574,0,72.4,9.9,2026-09-04
724,YEXT,Technology,Software - Infrastructure,NYSE,917686,6.55,108.95,17,-33,-28.69,94.9,56.1,-1.5,3.3,14.8,15.3,75,58,8,16,2.2,0,0,0,0,0,0,692714466.2633514,100248116.0,0.094399996,-0.014,1181570,1077606,0,21.1,41.3,2026-09-04
725,CSTM,Basic Materials,Aluminum,NYSE,1557953,26.6,108.93,-13,-6,-28.09,97.7,59.8,1.0,-2.1,-5.4,2.0,75,88,95,92,82.5,0,0,0,0,0,0,3656538039.4003296,135527728.0,0.0502,0.307,1510570,1706816,2,89.4,1.3,2026-09-04
726,FFBC,Financial Services,Banks - Regional,NASDAQ,756786,32.67,108.92,-6,-12,-9.88,41.8,75.2,0.8,-0.7,-2.6,10.8,75,81,75,65,44.4,0,0,0,0,0,0,3445080578.7660217,104968940.0,0.059,0.165,653710,998010,0,66.3,22.1,2026-09-04
727,BTG,Basic Materials,Gold,NYSE ARCA,27814006,5.41,108.91,42,40,-13.99,53.7,76.6,-0.2,3.8,24.8,19.6,75,33,31,85,57.4,0,0,0,0,0,0,7477260311.340599,1321070762.0,3.28,0.14,34812420,25405100,0,51.6,-22.4,2026-09-04
728,CGNX,Technology,Scientific & Technical Instruments,NASDAQ,2147956,59.94,108.88,-15,-16,-17.76,78.9,73.0,2.5,0.9,-2.6,16.3,75,90,89,87,58.7,0,0,0,0,0,0,10170813333.306473,168223842.0,0.0504,0.169,1479520,2234478,1,81.2,16.4,2026-09-04
729,OUST,Technology,Electronic Components,NASDAQ,2790883,34.83,108.84,-20,-20,-45.4,119.1,43.1,3.0,-7.6,-11.7,21.5,75,95,95,85,49.3,0,0,0,0,0,0,2496528891.4357185,72112333.0,0.0892,0.559,2070530,3725968,2,81.1,24.9,2026-09-04
730,BBIO,Healthcare,Biotechnology,NASDAQ,2067056,76.5,108.84,-7,-20,-18.11,52.7,62.8,-3.6,-6.5,-7.1,1.4,75,82,69,88,61.8,0,0,0,0,0,0,14974763271.90136,195492997.0,0.13319999,1.204,1615080,3225048,0,75.2,10.2,2026-09-04
731,LTC,Real Estate,REIT - Healthcare Facilities,NYSE,501216,41.57,108.81,15,-2,-3.33,21.3,81.9,0.7,2.2,2.5,8.5,75,60,43,73,32.1,0,0,0,0,0,0,2189643911.482647,53905563.0,0.051799998,-0.19,396580,557030,0,52.0,13.0,2026-09-04
732,WEAV,Healthcare,Health Information Services,NYSE,4164750,7.31,108.79,21,-4,-8.63,67.7,81.8,0.3,9.5,9.8,21.4,75,54,29,12,13.9,0,0,0,0,0,0,583193574.4582758,79999119.0,0.0767,0.155,4384680,2976242,0,27.2,30.9,2026-09-04
733,ALVO,Healthcare,Drug Manufacturers - Specialty & Generic,NASDAQ,1047723,5.34,108.78,54,52,-42.27,77.3,38.8,3.3,16.0,35.3,28.2,75,21,19,7,1.7,0,0,0,0,0,0,1766244270.042551,356817038.0,0.0321,-0.389,1430120,893344,0,12.2,12.6,2026-09-04
734,CVS,Healthcare,Healthcare Plans,NYSE,7558490,97.23,108.71,-9,-7,-12.15,38.0,65.8,1.8,2.1,-4.0,11.8,74,83,85,65,51.0,0,0,0,0,0,0,119020979416.65376,1278970369.0,0.013200001,0.071,6453360,7616540,0,71.0,19.4,2026-09-04
735,XHR,Real Estate,REIT - Hotel & Motel,NYSE,715066,18.44,108.66,-15,-20,-16.41,46.1,59.6,-4.9,-5.5,-10.0,7.2,74,89,84,66,43.4,0,0,0,0,0,0,1795103864.6464157,92245835.0,0.062800005,0.028,714270,734878,0,70.6,27.9,2026-09-04
736,GILD,Healthcare,Drug Manufacturers - General,NASDAQ,6263573,149.61,108.64,24,23,-4.88,36.6,89.4,1.6,4.6,10.5,12.4,74,50,49,82,53.0,0,0,0,0,0,0,180636657898.6972,1239955155.0,0.0187,0.102,5397110,6771576,0,58.5,-7.8,2026-09-04
737,SON,Consumer Cyclical,Packaging & Containers,NYSE,1001210,54.74,108.64,-5,-32,-9.77,32.3,59.6,-6.3,-8.4,-8.1,1.4,74,79,52,80,33.2,0,0,0,0,0,0,5583471540.107025,98875003.0,0.1392,-0.013,894360,1071954,0,61.1,25.4,2026-09-04
738,EOG,Energy,Oil & Gas E&P,NYSE,2881813,148.96,108.62,8,16,-3.07,42.7,84.7,-0.8,-0.7,2.6,12.8,74,66,74,74,39.6,0,0,0,0,0,0,76352303026.40656,532628530.0,0.0311,0.587,2941740,3096874,0,63.4,10.8,2026-09-04
739,FCF,Financial Services,Banks - Regional,NYSE,795313,20.99,108.58,-5,-13,-6.04,39.6,90.8,2.2,0.9,1.6,14.2,74,79,71,57,38.1,0,0,0,0,0,0,2107016074.799776,101055925.0,0.0417,0.096,609330,773550,0,61.3,25.7,2026-09-04
740,BCAT,Financial Services,Asset Management,NYSE,602041,16.05,108.53,1,0,-0.93,15.6,91.9,0.6,0.5,1.1,5.9,74,73,72,71,24.8,0,0,0,0,0,0,1676404336.0,104775271.0,1.54,,514914,687674,0,60.2,24.6,2026-09-04
741,ELV,Healthcare,Healthcare Plans,NYSE,955906,405.84,108.49,1,12,-6.97,45.2,86.8,1.3,2.0,2.8,13.4,74,73,84,27,51.8,0,0,0,0,0,0,85539752466.30188,216869290.0,0.0279,0.014,831100,1297580,0,59.0,18.7,2026-09-04
742,FANG,Energy,Oil & Gas E&P,NASDAQ,1909326,203.42,108.48,8,23,-6.21,48.1,81.7,-1.0,-1.9,2.1,10.1,74,66,81,77,57.7,0,0,0,0,0,0,55351511771.90845,280019792.0,0.0392,0.525,2049900,2001426,0,70.4,0.5,2026-09-04
743,ABBV,Healthcare,Drug Manufacturers - General,NYSE,4951240,261.72,108.48,-1,-18,-2.15,29.9,86.1,-1.4,-0.4,0.8,12.3,74,75,58,64,40.5,0,0,0,0,0,0,451463116421.8604,1767117285.0,0.0115,0.102,4163840,6573038,0,59.4,21.1,2026-09-04
744,WAT,Healthcare,Diagnostics & Research,NYSE,824120,412.2,108.41,2,-5,-3.29,44.5,91.4,-0.9,-0.6,4.5,13.5,74,72,65,24,55.5,0,0,0,0,0,0,40716692449.66156,98185855.0,0.037100002,1.134,670390,845636,0,54.1,18.5,2026-09-04
745,AURA,Healthcare,Biotechnology,NASDAQ,681040,7.5,108.4,20,24,-21.34,52.1,65.9,0.0,-1.6,3.1,14.6,74,54,58,32,37.1,0,0,0,0,0,0,767415596.4900613,103704809.0,0.0598,,619200,668232,0,45.3,12.5,2026-09-04
746,ABUS,Healthcare,Biotechnology,NASDAQ,3170933,5.1,108.4,9,-13,-6.42,40.3,95.5,0.3,4.1,8.4,14.7,74,65,43,64,49.0,0,0,0,0,0,0,1004396151.0171046,198105743.0,0.1387,-0.906,6847950,3008918,0,55.3,10.4,2026-09-04
747,CECO,Industrials,Pollution & Treatment Controls,NASDAQ,934596,71.11,108.37,14,48,-29.76,64.2,53.1,3.6,0.7,-2.6,5.5,74,60,94,89,66.8,0,0,0,0,0,0,4080559948.855438,58569830.0,0.0313,0.537,609130,872802,1,77.4,-12.6,2026-09-04
748,UBSI,Financial Services,Banks - Regional,NASDAQ,847473,47.3,108.37,-4,-11,-4.68,39.4,89.8,0.9,-0.2,0.6,10.7,74,78,71,65,44.6,0,0,0,0,0,0,6483718171.756111,136212571.0,0.041300002,0.062,824200,963666,0,64.7,20.0,2026-09-04
749,MAC,Real Estate,REIT - Retail,NYSE,3382723,23.42,108.35,-10,-12,-12.22,43.5,68.3,-2.1,-3.8,-6.7,9.3,74,84,82,66,46.1,0,0,0,0,0,0,6734535156.25,283559375.0,0.1366,0.012,2345990,3349878,0,69.5,22.8,2026-09-04
750,LLY,Healthcare,Drug Manufacturers - General,NYSE,2699870,1160.08,108.29,-5,-2,-10.26,60.8,76.8,-2.7,-4.4,-3.5,8.1,74,79,82,72,68.3,0,0,0,0,0,0,1047448359839.0416,891741406.0,0.0074,0.477,2512730,2778200,0,75.3,6.5,2026-09-04
751,GNW,Financial Services,Insurance - Life,NYSE,2704970,10.13,108.22,11,5,-1.46,30.4,98.8,3.1,3.5,5.2,15.2,74,63,57,58,39.9,0,0,0,0,0,0,3770953176.293522,377851037.0,0.0339,0.053,2664670,2871028,0,54.5,13.1,2026-09-04
752,TTC,Industrials,Tools & Accessories,NYSE,607153,99.15,108.18,4,-1,-5.74,37.3,75.0,-4.6,-4.6,-3.0,2.3,74,70,65,84,35.1,0,0,0,0,0,0,9430580635.77301,95229534.0,0.048800003,0.081,775600,626752,0,63.5,15.2,2026-09-04
753,UNP,Industrials,Railroads,NYSE,2823440,289.73,108.17,-2,-7,-8.31,34.8,78.1,-3.6,-3.3,-1.3,11.3,74,76,71,65,50.1,0,0,0,0,0,0,182624751015.74945,594075498.0,0.048600003,0.115,2621010,2819146,0,65.5,15.7,2026-09-04
754,FULT,Financial Services,Banks - Regional,NASDAQ,1576850,23.69,108.16,-6,-13,-6.1,43.5,87.0,1.8,0.8,-0.4,11.4,74,80,73,64,42.8,0,0,0,0,0,0,4520856910.102501,190914563.0,0.0512,0.137,1370560,1786170,0,64.9,22.5,2026-09-04
755,W,Consumer Cyclical,Internet Retail,NYSE,3363226,94.54,108.13,-13,-65,-21.2,73.2,68.2,-1.0,-2.2,3.4,12.8,74,87,35,80,40.2,0,0,0,0,0,0,13695957018.214945,131996499.0,0.1171,0.075,2064050,3170692,0,60.6,30.0,2026-09-04
756,SCHW,Financial Services,Capital Markets,NYSE,7426863,108.24,108.12,7,-23,-5.49,28.0,84.6,-0.6,-0.7,4.0,12.2,74,67,37,58,30.3,0,0,0,0,0,0,190503628587.25653,1729335714.0,0.01,0.209,8526640,8452732,0,48.1,23.2,2026-09-04
757,PRGO,Healthcare,Drug Manufacturers - Specialty & Generic,NYSE,2891050,14.49,108.05,48,48,-39.5,61.3,42.3,2.8,7.8,24.9,22.3,74,26,26,9,1.4,0,0,0,0,0,0,2009378604.0764809,138769245.0,0.2451,-0.032,2703280,3353382,0,15.6,15.7,2026-09-04
758,GEN,Technology,Software - Infrastructure,NASDAQ,5305853,30.65,108.02,-3,-29,-2.05,71.3,94.9,1.1,4.3,10.5,24.6,74,77,51,22,21.1,0,0,0,0,0,0,18568170006.6514,598587032.0,0.0543,0.063,6225640,5171596,0,42.8,41.6,2026-09-04
759,HIW,Real Estate,REIT - Office,NYSE,1210710,30.86,108.02,-5,-16,-12.92,51.6,76.8,0.0,-0.0,-2.1,16.3,74,79,68,24,16.9,0,0,0,0,0,0,3434994469.4843044,110272697.0,0.1732,0.075,945350,1623562,0,47.0,43.1,2026-09-04
760,TAK,Healthcare,Drug Manufacturers - Specialty & Generic,NYSE,3116000,18.43,108.02,17,0,-2.49,39.5,93.7,1.0,2.4,6.7,10.1,74,57,40,78,40.8,0,0,0,0,0,0,57578859083.14441,3193502878.0,0.00090000004,0.102,1844960,3278004,0,54.0,5.6,2026-09-04
761,MTDR,Energy,Oil & Gas E&P,NYSE,2231376,59.58,107.98,38,71,-10.86,59.0,77.7,2.5,4.9,11.7,14.2,74,36,69,78,37.8,0,0,0,0,0,0,6978500164.706421,123754216.0,0.118999995,0.268,1738540,1996888,0,55.2,-12.6,2026-09-04
762,HOG,Consumer Cyclical,Recreational Vehicles,NYSE,2123813,27.81,107.97,9,11,-11.01,64.6,80.3,1.8,2.9,7.3,23.0,74,65,67,21,11.6,0,0,0,0,0,0,2924437486.400511,104072507.0,0.2442,-0.059,1686680,2494352,0,41.2,35.3,2026-09-04
763,GLNG,Energy,Oil & Gas Midstream,NASDAQ,1336076,53.13,107.95,10,23,-8.06,47.5,76.2,0.7,0.7,3.0,10.1,73,63,76,77,38.9,0,0,0,0,0,0,5134458223.472595,102097000.0,0.089700006,0.724,1318620,1266206,0,63.7,7.9,2026-09-04
764,CARS,Communication Services,Internet Content & Information,NYSE,612890,11.99,107.94,21,4,-14.17,54.7,66.8,-1.6,-2.6,-0.5,7.7,73,52,35,14,6.9,0,0,0,0,0,0,639180582.6967793,53532714.0,0.1469,0.007,472380,657542,0,27.0,31.9,2026-09-04
765,PAYX,Technology,Software - Application,NASDAQ,2625960,124.0,107.85,3,-39,-10.83,42.2,72.4,-2.9,-1.5,4.6,17.0,73,70,28,19,8.1,0,0,0,0,0,0,45185950860.03738,355682860.0,0.060599998,0.125,2071380,2965204,0,31.3,45.3,2026-09-04
766,ROST,Consumer Cyclical,Apparel Retail,NASDAQ,2614783,230.85,107.8,-14,-19,-10.18,59.5,77.8,-0.9,-2.8,-1.6,8.5,73,87,82,87,66.3,0,0,0,0,0,0,73314515898.74615,320781076.0,0.0339,0.133,3255670,2796334,0,80.6,10.8,2026-09-04
767,DOC,Real Estate,REIT - Healthcare Facilities,NYSE,5324656,21.03,107.79,-6,-13,-8.37,30.9,69.2,-2.3,-1.5,-4.1,10.9,73,79,72,45,33.8,0,0,0,0,0,0,14452490738.31894,689527260.0,0.0423,0.111,4535090,5796928,0,57.5,30.1,2026-09-04
768,PRU,Financial Services,Insurance - Life,NYSE,1829240,119.84,107.76,-2,-22,-6.17,32.6,90.6,1.4,0.3,2.5,13.0,73,75,55,31,30.8,0,0,0,0,0,0,41327550315.85693,345000000.0,0.042,0.141,1692370,1793040,0,48.0,32.9,2026-09-04
769,NTCT,Technology,Software - Infrastructure,NASDAQ,591416,37.49,107.71,-16,-16,-17.2,50.1,62.0,-2.5,-3.5,-7.6,9.4,73,89,89,78,64.4,0,0,0,0,0,0,2839947706.5682983,72707312.0,0.059899997,0.127,592200,611154,0,80.1,14.5,2026-09-04
770,JPM,Financial Services,Banks - Diversified,NYSE,6158056,356.22,107.71,2,-7,-2.8,26.8,92.1,0.5,0.1,2.5,12.7,73,71,62,54,37.4,0,0,0,0,0,0,950620534076.4752,2658186195.0,0.0095,0.304,5690840,7841070,0,56.1,21.1,2026-09-04
771,OUT,Real Estate,REIT - Specialty,NYSE,1756243,29.55,107.65,-15,-16,-15.47,69.6,70.6,-3.0,-3.2,-8.1,1.7,73,88,87,89,68.8,0,0,0,0,0,0,5213603496.790266,176135251.0,0.0779,0.135,1321870,1770726,0,83.2,9.5,2026-09-04
772,TAL,Consumer Defensive,Education & Training Services,NYSE,5624386,12.13,107.64,19,-8,-9.27,38.5,87.1,4.3,4.5,11.3,12.8,73,54,27,40,41.3,0,0,0,0,0,0,6623132739.998091,554701254.0,0.0955,0.319,6051040,4572744,0,40.6,11.9,2026-09-04
773,UMBF,Financial Services,Banks - Regional,NASDAQ,562013,141.91,107.6,-2,-8,-7.44,38.2,82.8,0.6,-1.3,-0.8,12.4,73,75,69,51,35.4,0,0,0,0,0,0,10981614559.562683,75950030.0,0.053000003,0.122,444410,629902,0,57.6,25.2,2026-09-04
774,SPNT,Financial Services,Insurance - Reinsurance,NYSE,630943,24.32,107.58,6,0,-8.16,40.0,79.3,1.0,3.0,1.3,9.8,73,67,61,64,50.2,0,0,0,0,0,0,2808870122.330749,116165016.0,0.0495,-0.005,521410,709464,0,60.6,9.6,2026-09-04
775,IEX,Industrials,Specialty Industrial Machinery,NYSE,659040,224.61,107.57,-5,-8,-7.87,40.5,79.3,-2.1,-3.8,-2.2,8.7,73,78,75,65,54.5,0,0,0,0,0,0,16976217560.889893,73719896.0,0.0271,0.064,579940,657984,0,68.1,14.6,2026-09-04
776,SBUX,Consumer Cyclical,Restaurants,NASDAQ,7121770,106.72,107.55,8,-1,-3.43,33.2,86.4,-2.0,-2.0,-0.9,7.0,73,65,56,74,40.2,0,0,0,0,0,0,122948998260.49805,1140000000.0,0.0364,-0.014,6004290,7071566,0,58.8,11.5,2026-09-04
777,MCK,Healthcare,Medical Distribution,NYSE,995246,924.78,107.53,5,-27,-7.43,32.1,71.6,0.8,2.8,7.2,7.7,73,68,36,83,51.1,0,0,0,0,0,0,104160666108.43665,116590363.0,0.0208,0.077,942090,1028514,0,59.5,8.6,2026-09-04
778,TS,Energy,Oil & Gas Equipment & Services,NYSE,1513190,55.98,107.52,-4,9,-13.34,67.6,75.0,2.4,4.2,2.2,7.0,73,77,90,88,69.5,0,0,0,0,0,0,27245129431.895203,504819878.0,0.0223,-0.039,1378200,1312598,1,81.1,0.2,2026-09-04
779,MTG,Financial Services,Insurance - Specialty,NYSE,1625470,31.04,107.5,4,-30,-2.67,24.7,93.0,-0.1,0.3,3.8,11.6,73,69,35,44,27.1,0,0,0,0,0,0,6356818744.65065,205124840.0,0.0553,-0.029,1555310,1745522,0,43.8,29.3,2026-09-04
780,MGA,Consumer Cyclical,Auto Parts,NYSE,1313233,65.78,107.48,-14,-15,-10.16,58.2,85.8,4.0,0.6,2.4,14.3,73,87,86,84,66.7,0,0,0,0,0,0,17618857220.841156,267519846.0,0.040700004,0.033,1337890,1294098,0,80.9,10.8,2026-09-04
781,MTSI,Technology,Semiconductors,NASDAQ,1390840,257.56,107.42,-10,3,-38.52,120.1,51.1,1.4,-4.0,-6.8,2.0,73,83,96,91,84.6,0,0,0,0,0,0,20258916027.333893,76370931.0,0.0357,0.358,1048230,1555702,2,88.7,-3.7,2026-09-04
782,ACIW,Technology,Software - Infrastructure,NASDAQ,968833,52.46,107.4,-11,-61,-14.11,37.6,66.7,0.1,0.5,-3.0,14.4,73,84,34,28,24.9,0,0,0,0,0,0,5434420807.884567,100955241.0,0.0863,0.073,720120,1047872,0,42.7,45.7,2026-09-04
783,GPRE,Basic Materials,Chemicals,NASDAQ,1487386,15.22,107.37,-15,-10,-22.54,75.8,63.8,4.4,1.1,-3.7,7.8,73,88,93,97,57.1,0,0,0,0,0,0,1027597497.7843018,70095328.0,0.2066,-0.193,1850300,1448412,2,83.8,13.1,2026-09-04
784,SNDR,Industrials,Trucking,NYSE,707050,33.58,107.37,-13,-9,-14.49,73.0,79.9,1.5,-0.1,-2.5,13.9,73,86,90,40,59.2,0,0,0,0,0,0,6037362720.82085,175300899.0,0.104399994,0.104,609900,816264,1,68.8,22.2,2026-09-04
785,PFE,Healthcare,Drug Manufacturers - General,NYSE,38602973,29.02,107.35,20,22,0.94,20.6,89.5,0.1,2.4,9.5,8.7,73,53,55,69,35.2,0,0,0,0,0,0,159362868330.23297,5699673589.0,0.026199998,0.026,34328970,41662170,0,53.1,5.5,2026-09-04
786,SOLV,Healthcare,Medical Instruments & Supplies,NYSE,1179583,91.9,107.28,-3,-19,-0.87,46.7,97.5,0.3,2.8,9.1,18.5,73,76,60,30,47.1,0,0,0,0,0,0,15510786654.013435,170223729.0,0.024,0.022,917370,1150154,0,53.3,25.2,2026-09-04
787,EBC,Financial Services,Banks - Regional,NASDAQ,2394723,22.01,107.27,-7,-15,-7.42,32.9,79.6,0.2,-2.1,-2.1,8.2,73,80,72,69,48.6,0,0,0,0,0,0,5093522703.288574,228511552.0,0.0691,0.276,1695500,2463620,0,67.4,18.7,2026-09-04
788,DVA,Healthcare,Medical Care Facilities,NYSE,878386,179.39,107.26,-6,2,-27.52,77.1,58.4,2.7,2.9,-11.7,12.1,72,78,86,77,54.6,0,0,0,0,0,0,11527383532.714844,63800000.0,0.1233,0.052,604350,840560,0,73.9,11.1,2026-09-04
789,WDAY,Technology,Software - Application,NASDAQ,5024036,200.87,107.19,18,-17,-19.6,74.0,61.6,-1.2,0.3,18.1,22.2,72,54,19,11,6.6,0,0,0,0,0,0,49337520294.18945,241000000.0,0.1149,0.128,4422670,4745264,0,22.6,35.8,2026-09-04
790,RSI,Consumer Cyclical,Gambling,NYSE,2527693,26.17,107.12,-6,3,-24.21,67.9,57.9,1.6,3.8,-7.4,13.2,72,78,87,85,44.9,0,0,0,0,0,0,3053691806.62682,115626347.0,0.065799996,0.463,1917720,2536610,0,73.7,14.3,2026-09-04
791,FNV,Basic Materials,Gold,NYSE,808453,259.71,107.12,13,2,-9.09,44.7,84.9,0.0,4.6,16.3,14.4,72,59,48,89,58.0,0,0,0,0,0,0,51330428571.058044,192855530.0,4.41,0.582,873920,776252,0,63.5,-4.4,2026-09-04
792,ZION,Financial Services,Banks - Regional,NASDAQ,1350813,68.02,107.09,-6,-11,-7.25,47.8,85.1,2.1,0.3,-0.6,11.2,72,78,73,55,39.5,0,0,0,0,0,0,9892718223.734283,145953355.0,0.044099998,0.352,1260080,1527434,0,61.4,24.4,2026-09-04
793,WTW,Financial Services,Insurance Brokers,NASDAQ,544440,337.73,107.09,2,-43,-4.27,38.3,85.3,-1.9,-1.2,5.9,11.5,72,70,25,35,18.5,0,0,0,0,0,0,31924728343.75,92871937.0,0.0355,0.091,434310,555194,0,37.1,37.3,2026-09-04
794,SHEL,Energy,Oil & Gas Integrated,NYSE,6440278,92.33,107.08,0,-3,-2.71,32.2,95.0,0.9,1.3,6.1,11.8,72,72,69,83,49.2,0,0,0,0,0,0,250225282762.0247,2752450475.0,0.015700001,0.447,6796210,6350553,0,68.3,9.5,2026-09-04
795,DFDV,Financial Services,Asset Management,NASDAQ,1230490,5.22,107.02,65,63,-72.51,137.7,21.2,14.8,41.1,72.2,34.2,72,7,5,92,0.3,0,0,0,0,0,0,154368994.79123592,30997790.0,0.2208,0.669,2298780,1070516,1,26.1,-13.4,2026-09-04
796,DUOL,Technology,Software - Application,NASDAQ,1297746,157.85,106.93,41,27,-55.28,71.6,25.0,2.8,6.7,14.3,17.6,72,31,17,4,1.0,0,0,0,0,0,0,6848256137.592728,46593117.0,0.202,0.183,992400,1256786,0,13.2,21.8,2026-09-04
797,CCEP,Consumer Defensive,Beverages - Non-Alcoholic,NASDAQ,1835980,107.78,106.91,1,-21,-5.18,23.8,77.4,-2.4,-1.8,-1.0,8.2,72,71,49,74,41.3,0,0,0,0,0,0,48154404586.509705,441378600.0,0.0722,0.044,1318850,1861284,0,58.8,16.4,2026-09-04
798,NMAX,Communication Services,Broadcasting,NYSE,1123790,11.0,106.9,8,-18,-22.97,106.0,67.1,-0.5,2.3,16.7,37.6,72,64,38,9,4.4,0,0,0,0,0,0,1383310512.8770876,129160645.0,0.9423,0.165,920630,1080670,0,28.8,43.4,2026-09-04
799,DG,Consumer Defensive,Discount Stores,NYSE,2358303,130.89,106.89,10,-27,-17.28,38.8,61.8,4.7,7.1,8.5,5.6,72,62,25,84,43.6,0,0,0,0,0,0,27111597188.4462,220616790.0,0.0334,0.052,3137540,2475568,0,53.7,8.5,2026-09-04
800,PRG,Industrials,Rental & Leasing Services,NYSE,549600,38.75,106.8,-16,-32,-18.81,50.1,61.4,0.8,-2.0,-8.4,11.9,72,88,72,38,29.0,0,0,0,0,0,0,1557416789.5217514,39831633.0,0.0868,0.223,505180,579354,0,56.7,41.1,2026-09-04
801,AMCR,Consumer Cyclical,Packaging & Containers,NYSE,3850270,46.68,106.8,4,-32,-8.36,23.1,60.9,-2.9,-3.3,-0.4,5.6,72,68,32,39,26.1,0,0,0,0,0,0,21577672505.71976,462345690.0,0.0498,0.259,3522760,3611678,0,41.3,30.3,2026-09-04
802,BG,Consumer Defensive,Farm Products,NYSE,1463740,122.86,106.8,24,60,-8.9,53.9,76.6,2.2,3.4,4.5,4.0,72,48,84,91,63.1,0,0,0,0,0,0,22185916968.971134,192119123.0,0.047399998,0.883,1672970,1463032,1,71.5,-19.7,2026-09-04
803,ASB,Financial Services,Banks - Regional,NYSE,1653313,30.58,106.78,-1,-8,-5.79,28.9,84.7,1.1,-0.3,0.2,10.8,72,73,66,51,35.6,0,0,0,0,0,0,5839231470.688086,188849659.0,0.0001,0.235,1655240,1903958,0,56.4,23.8,2026-09-04
804,HASI,Financial Services,Asset Management,NYSE,1029480,39.83,106.77,2,10,-9.74,38.8,68.3,-3.3,-5.3,-2.2,2.5,72,70,78,81,55.8,0,0,0,0,0,0,5139831600.0,128495790.0,0.1356,8.044,1220480,986218,0,71.2,4.1,2026-09-04
805,LYV,Communication Services,Entertainment,NYSE,1965920,179.59,106.76,0,-21,-5.1,38.1,76.2,-3.8,-4.8,-4.4,8.1,72,72,51,72,24.6,0,0,0,0,0,0,42317092661.37802,232959505.0,0.1559,0.094,1635230,2063924,0,54.9,25.8,2026-09-04
806,BMRN,Healthcare,Biotechnology,NASDAQ,2168690,66.97,106.67,16,0,-5.65,33.9,82.0,1.3,-0.6,6.3,15.0,72,56,40,56,36.3,0,0,0,0,0,0,12518414640.08586,193573759.0,0.052800003,0.199,1732290,1959426,0,47.1,11.4,2026-09-04
807,OIS,Energy,Oil & Gas Equipment & Services,NYSE,606616,8.96,106.58,4,8,-38.21,59.0,36.6,1.3,0.1,3.9,-3.4,72,68,72,96,67.3,0,0,0,0,0,0,519377728.8798723,60322619.0,0.040799998,-0.053,525830,647024,1,75.8,-5.7,2026-09-04
808,ESNT,Financial Services,Insurance - Specialty,NYSE,550700,68.97,106.56,11,-14,-1.99,23.9,96.7,0.5,0.6,3.5,10.4,72,61,36,41,26.6,0,0,0,0,0,0,6192490504.840645,89876493.0,0.0401,0.136,545750,659152,0,41.1,23.7,2026-09-04
809,AAPL,Technology,Consumer Electronics,NASDAQ,48084806,324.96,106.51,-3,0,-5.69,41.1,82.2,0.5,2.2,1.5,12.7,71,74,77,66,52.6,0,0,0,0,0,0,4665759524151.611,14594180000.0,0.008,0.164,38165900,54832250,0,67.4,12.0,2026-09-04
810,WFRD,Energy,Oil & Gas Equipment & Services,NASDAQ,971083,97.71,106.49,19,56,-13.65,56.2,68.9,2.8,3.1,9.4,3.8,71,52,89,86,67.6,0,0,0,0,0,0,6723377764.599983,71685443.0,0.0633,-0.082,1061810,1260560,0,73.7,-18.3,2026-09-04
811,IMMR,Technology,Software - Application,NASDAQ,596396,7.54,106.46,0,-26,-6.34,41.2,96.6,1.3,1.7,6.8,17.2,71,71,45,31,27.5,0,0,0,0,0,0,253918045.81542635,33191901.0,0.08979999,-0.052,374330,603842,0,43.6,32.3,2026-09-04
812,SGHC,Consumer Cyclical,Gambling,NYSE,2272076,13.79,106.35,-3,-3,-13.05,64.2,77.4,1.0,4.0,-0.3,15.8,71,74,74,69,36.5,0,0,0,0,0,0,7021621055.107269,508076788.0,0.1699,0.181,2477950,2613806,0,63.4,19.8,2026-09-04
813,NVDA,Technology,Semiconductors,NASDAQ,129331793,224.41,106.26,5,16,-5.13,39.5,92.4,4.8,4.7,9.4,17.1,71,66,77,76,53.3,0,0,0,0,0,0,5253179923690.796,24147000000.0,0.0123000005,1.059,151431240,131961338,0,68.1,3.2,2026-09-04
814,NWSA,Communication Services,Entertainment,NASDAQ,3865310,30.65,106.21,9,2,-3.19,35.7,90.9,-1.4,1.4,6.8,16.0,71,62,55,31,20.9,0,0,0,0,0,0,16635842632.291548,537159929.0,0.0335,0.108,3702710,4115910,0,42.2,27.4,2026-09-04
815,NOG,Energy,Oil & Gas E&P,NYSE,2360596,26.6,106.14,47,48,-14.66,49.2,63.6,-1.0,0.9,16.4,8.4,71,24,25,65,16.8,0,0,0,0,0,0,2741509014.66568,106549128.0,0.22729999,0.16,2226060,2933618,0,32.7,-4.7,2026-09-04
816,PRM,Basic Materials,Specialty Chemicals,NYSE,1472746,30.91,106.13,-20,-22,-19.02,53.5,64.8,2.0,-0.7,-4.6,7.9,71,91,89,86,60.2,0,0,0,0,0,0,5012093719.631533,163686923.0,0.0478,0.315,907520,1619196,1,81.6,16.6,2026-09-04
817,PNC,Financial Services,Banks - Regional,NYSE,1467533,242.46,106.13,-7,-13,-6.37,37.7,85.5,1.1,-0.6,-1.5,9.3,71,78,72,65,38.2,0,0,0,0,0,0,96645780487.06056,399000000.0,0.0152,0.236,1706420,1784654,0,63.3,23.1,2026-09-04
818,MUR,Energy,Oil & Gas E&P,NYSE,1680160,37.69,106.13,-2,13,-13.04,46.3,64.7,0.6,1.1,1.8,2.9,71,73,88,83,59.3,0,0,0,0,0,0,5107545545.993866,143349576.0,0.1071,0.356,1418420,1717216,0,75.8,3.3,2026-09-04
819,DV,Communication Services,Advertising Agencies,NYSE,4289216,13.35,106.13,19,-8,-18.0,55.2,69.5,0.1,0.3,9.7,23.4,71,52,25,25,7.5,0,0,0,0,0,0,2073733998.6969223,154987592.0,0.0657,0.025,2050200,3890302,0,27.4,30.3,2026-09-04
820,PSO,Communication Services,Publishing,NYSE,652860,16.12,106.11,-2,-5,-9.18,32.5,70.3,-2.8,-2.0,-3.2,10.4,71,73,70,34,30.1,0,0,0,0,0,0,10065739503.362783,601658086.0,0.0081,0.033,426660,716496,0,51.8,29.5,2026-09-04
821,CMG,Consumer Cyclical,Restaurants,NYSE,17625520,38.52,106.08,35,18,-10.04,31.2,61.9,-1.9,3.6,6.0,6.1,71,36,19,26,8.4,0,0,0,0,0,0,48123844995.30029,1265418000.0,0.0343,0.093,14096980,18351128,0,22.4,17.5,2026-09-04
822,BCS,Financial Services,Banks - Diversified,NYSE,3643953,26.2,106.08,-8,-16,-8.68,39.5,83.0,0.8,-0.6,-1.6,8.4,71,79,71,65,53.4,0,0,0,0,0,0,90221789513.96924,3358964537.0,1.23,0.156,2501340,4137392,0,67.1,16.4,2026-09-04
823,BKR,Energy,Oil & Gas Equipment & Services,NASDAQ,7611663,64.63,106.07,7,27,-8.21,42.8,75.5,0.9,0.0,5.9,8.5,71,64,84,82,56.1,0,0,0,0,0,0,61952788619.63995,992674071.0,0.0274,-0.024,6394210,8466638,0,71.5,-1.7,2026-09-04
824,BILL,Technology,Software - Application,NYSE,2370783,48.76,106.02,-4,-61,-14.77,53.8,70.6,0.6,0.5,8.3,12.3,71,75,18,25,23.2,0,0,0,0,0,0,5010711472.14529,99596727.0,0.1377,0.138,2187230,2400666,0,35.3,41.6,2026-09-04
825,TYRA,Healthcare,Biotechnology,NASDAQ,557970,25.13,105.98,-8,2,-38.18,142.4,60.6,10.6,10.9,-1.4,-5.5,71,79,89,98,89.3,0,0,0,1,0,1,1483191333.90061,59470381.0,0.29930001,,363050,649800,1,88.8,-9.9,2026-09-04
826,HWC,Financial Services,Banks - Regional,NASDAQ,694686,74.84,105.98,-5,-11,-6.6,39.1,84.4,1.3,-0.7,-0.6,9.8,71,76,70,63,39.4,0,0,0,0,0,0,6022344939.577866,80223058.0,0.0861,0.076,599520,837084,0,62.1,21.5,2026-09-04
827,PRGS,Technology,Software - Infrastructure,NASDAQ,501110,43.33,105.98,-3,-61,-8.53,75.6,87.1,-0.7,0.2,7.4,19.1,71,74,16,20,17.0,0,0,0,0,0,0,1835739215.0811384,41012942.0,0.1529,0.068,507770,696412,0,31.8,45.1,2026-09-04
828,ADP,Technology,Software - Application,NASDAQ,2264466,281.16,105.96,2,-37,-7.11,47.1,81.0,-1.9,-0.3,6.0,17.1,71,69,30,21,10.6,0,0,0,0,0,0,114205095997.21878,397262737.0,0.0313,0.068,1892190,2424214,0,32.6,42.7,2026-09-04
829,VZ,Communication Services,Telecom Services,NYSE,21761253,50.22,105.93,12,6,-2.83,30.6,90.4,0.0,1.9,8.0,9.7,71,59,53,81,32.5,0,0,0,0,0,0,208154231280.51617,4154775202.0,0.0184,-0.007,18162660,26439440,0,56.4,9.5,2026-09-04
830,QTWO,Technology,Software - Application,NYSE,840153,64.01,105.87,9,-40,-24.86,47.6,47.5,-3.4,-3.1,5.5,9.3,71,62,13,13,4.7,0,0,0,0,0,0,4061161114.087715,62354695.0,0.103999995,0.126,582840,848380,0,23.2,43.3,2026-09-04
831,LYB,Basic Materials,Specialty Chemicals,NYSE,4153803,66.57,105.83,18,39,-20.69,50.2,53.0,-1.1,-1.5,4.7,5.0,71,53,74,89,36.1,0,0,0,0,0,0,20567825812.339844,323037952.0,0.048899997,0.198,3164240,4619050,0,63.0,-0.8,2026-09-04
832,BLKB,Technology,Software - Application,NASDAQ,596126,47.47,105.83,31,-3,-32.87,77.5,47.1,-1.6,0.9,19.6,7.1,71,40,6,18,2.1,0,0,0,0,0,0,2206866467.658146,45390097.0,0.1233,0.03,369420,625574,0,16.5,26.8,2026-09-04
833,B,Basic Materials,Gold,NYSE,11125953,44.13,105.76,-3,0,-19.31,57.5,66.5,-2.6,0.8,11.6,5.2,71,74,77,93,73.2,0,0,0,0,0,0,75134626238.77032,1645884419.0,2.2,0.438,11869240,10230672,1,79.3,-3.7,2026-09-04
834,GM,Consumer Cyclical,Auto Manufacturers,NYSE,5954826,84.87,105.76,-9,-6,-7.6,58.6,92.7,1.6,1.6,5.3,9.9,71,80,83,80,66.3,0,0,0,0,0,0,78027031405.88623,904451541.0,0.025,0.019,5963010,6566124,0,77.3,6.6,2026-09-04
835,WCC,Industrials,Industrial Distribution,NYSE,598603,332.86,105.74,-12,-5,-13.63,69.2,86.2,3.2,0.7,3.0,13.4,71,83,90,79,71.9,0,0,0,0,0,0,16394707397.05182,48732854.0,0.0328,0.13,477650,665680,1,81.0,5.7,2026-09-04
836,NVS,Healthcare,Drug Manufacturers - General,NYSE,1680043,162.46,105.66,2,-4,-4.69,31.4,81.6,1.1,2.2,2.8,6.9,71,69,63,83,45.2,0,0,0,0,0,0,292348944899.9829,1900714840.0,0.0026,0.008,1833030,1935730,0,65.0,9.7,2026-09-04
837,GGN,Financial Services,Asset Management,NYSE ARCA,528901,5.64,105.64,14,2,-4.08,21.1,81.7,-0.2,1.8,9.2,7.2,71,57,45,75,35.9,0,0,0,0,0,0,881107631.1817441,156224761.0,0.00029999999,0.12,594654,541998,0,53.2,8.1,2026-09-04
838,VCEL,Healthcare,Biotechnology,NASDAQ,501013,40.89,105.63,-6,-38,-17.09,37.0,57.2,-2.5,-5.4,-10.1,5.3,71,77,45,27,39.3,0,0,0,0,0,0,2096910882.367546,51206614.0,0.1188,0.225,551400,555436,0,47.1,32.0,2026-09-04
839,V,Financial Services,Credit Services,NYSE,6899666,378.4,105.62,6,-22,-1.86,26.9,89.8,-1.2,0.9,3.3,12.3,71,65,37,35,25.1,0,0,0,0,0,0,712465245429.9521,1867047259.0,0.013099999,0.144,6363540,7642636,0,40.5,28.8,2026-09-04
840,CSWC,Financial Services,Asset Management,NASDAQ,622960,24.74,105.59,4,5,-3.89,26.2,83.8,-2.1,-1.7,1.1,6.3,71,67,68,61,25.1,0,0,0,0,0,0,1623301548.7274263,63733867.0,0.0784,-0.04,587170,672558,0,55.3,22.0,2026-09-04
841,DT,Technology,Software - Application,NYSE,6667963,50.87,105.57,-6,-47,-6.85,60.4,87.9,-0.3,2.2,10.2,25.0,71,77,36,24,21.7,0,0,0,0,0,0,15510743680.5813,289002128.0,0.036,0.162,6291920,6028534,0,39.7,42.3,2026-09-04
842,DNOW,Industrials,Industrial Distribution,NYSE,2455463,15.8,105.55,34,49,-8.46,45.0,87.0,1.3,0.5,10.0,17.9,70,36,51,22,17.8,0,0,0,0,0,0,2879919298.8014755,180785891.0,0.0975,1.081,1867640,2517288,0,31.7,10.4,2026-09-04
843,KNX,Industrials,Trucking,NYSE,3501813,67.42,105.53,-15,-8,-18.63,84.9,76.0,4.7,3.1,-0.3,13.7,70,85,92,70,72.9,0,0,0,0,0,0,10943713092.315674,162756000.0,0.071100004,0.126,2704830,3500492,1,80.0,8.4,2026-09-04
844,BBT,Financial Services,Banks - Regional,NYSE,790633,31.27,105.52,-3,-11,-4.75,37.9,92.4,1.7,0.6,2.7,8.4,70,73,65,71,40.5,0,0,0,0,0,0,2630986888.382721,83816086.0,0.0462,1.445,671480,833612,0,62.4,17.5,2026-09-04
845,DC,Basic Materials,Gold,NYSE ARCA,1316370,6.06,105.51,11,-6,-16.41,53.0,66.2,-2.4,-3.0,14.4,8.2,70,59,42,87,55.7,0,0,0,0,0,0,810404860.5217066,134172991.0,0.0591,,1324180,1479794,0,60.9,-2.2,2026-09-04
846,CERT,Healthcare,Health Information Services,NASDAQ,3402470,8.28,105.5,22,-16,-40.35,77.2,37.9,-3.0,-3.0,4.3,10.0,70,48,10,14,3.0,0,0,0,0,0,0,1273698871.1889267,152538780.0,0.2591,0.01,1994350,3738004,0,18.7,33.1,2026-09-04
847,TXN,Technology,Semiconductors,NASDAQ,6752263,254.8,105.49,-12,-4,-23.72,68.6,58.7,-0.1,-3.0,-7.7,8.0,70,82,90,60,56.8,0,0,0,0,0,0,236202394884.69165,913247686.0,0.024,0.228,5377240,7700768,1,72.2,16.2,2026-09-04
848,AXTA,Basic Materials,Specialty Chemicals,NYSE,1649283,35.79,105.45,-12,-36,-7.3,40.6,81.1,-1.1,-1.7,2.0,12.4,70,82,58,34,33.5,0,0,0,0,0,0,7923020386.91058,214019997.0,0.0559,0.031,1410670,1577260,0,51.9,36.2,2026-09-04
849,PWR,Industrials,Engineering & Construction,NYSE,1191553,610.78,105.44,-12,-4,-22.56,67.6,61.0,1.8,-3.2,-4.3,6.2,70,82,90,91,74.3,0,0,0,0,0,0,90611964796.3465,150343393.0,0.021,0.411,1148330,1230740,2,84.3,1.2,2026-09-04
850,CDP,Real Estate,REIT - Office,NYSE,786000,35.46,105.43,-10,-25,-8.84,28.7,71.1,-3.3,-4.0,-5.0,7.6,70,80,65,71,34.8,0,0,0,0,0,0,4149688675.525063,113410458.0,0.0849,0.039,745840,938112,0,62.7,25.9,2026-09-04
851,XP,Financial Services,Capital Markets,NASDAQ,4546856,19.99,105.41,39,29,-13.58,32.9,61.4,7.5,15.3,17.8,10.1,70,31,21,57,29.1,0,0,0,0,0,0,8961442931.710346,507442979.0,0.045500003,0.106,5552910,5038962,0,34.5,-3.3,2026-09-04
852,CMCO,Industrials,Farm & Heavy Construction Machinery,NASDAQ,640006,17.54,105.37,-13,-76,-28.11,55.4,60.3,4.9,3.1,11.9,12.0,70,83,20,36,46.9,0,0,0,0,0,0,519556392.0,28864244.0,0.3051,1.253,383290,610318,0,46.5,33.8,2026-09-04
853,CAI,Healthcare,Biotechnology,NASDAQ,5345266,24.8,105.37,55,53,-35.88,72.3,51.8,-3.0,2.9,25.5,19.7,70,15,13,13,1.8,0,0,0,0,0,0,7245105975.61492,282680695.0,0.1299,0.454,5919400,4623592,0,10.7,7.2,2026-09-04
854,EPD,Energy,Oil & Gas Midstream,NYSE,3072923,39.36,105.34,3,6,-2.02,29.0,91.1,-0.0,0.9,2.1,7.3,70,67,70,76,43.1,0,0,0,0,0,0,84262800122.9102,2159477169.0,0.026099999,0.608,2420230,2985046,0,64.0,9.8,2026-09-04
855,HST,Real Estate,REIT - Hotel & Motel,NASDAQ,9476620,22.11,105.32,-19,-21,-14.0,39.4,64.1,-1.1,-2.3,-6.2,5.4,70,89,87,74,45.9,0,0,0,0,0,0,15264572080.15759,685124399.0,0.089899994,0.036,7843660,9487408,0,74.0,24.8,2026-09-04
856,HWM,Industrials,Aerospace & Defense,NYSE,2597010,252.96,105.23,-15,-25,-18.4,45.5,70.8,-0.3,-4.5,-5.8,5.6,70,85,75,89,61.8,0,0,0,0,0,0,105622552959.24055,398801399.0,0.0187,0.241,3339290,2804202,0,77.7,11.8,2026-09-04
857,MCHB,Financial Services,Banks - Regional,NASDAQ,584680,15.75,105.12,-10,-19,-9.38,22.9,68.6,-0.5,-3.2,-2.8,4.3,70,80,71,75,41.0,0,0,0,0,0,0,3518467304.030759,221426509.0,0.088,0.357,430880,585052,0,66.7,21.4,2026-09-04
858,VIK,Consumer Cyclical,Travel Services,NYSE,3234563,85.76,105.07,-21,-26,-22.1,50.3,56.1,-2.6,-8.1,-12.8,4.1,70,91,86,80,55.0,0,0,0,0,0,0,39527473974.0,446638124.0,0.0319,0.165,4574900,2817466,1,78.0,20.7,2026-09-04
859,VISN,Technology,Communication Equipment,NASDAQ,9499856,6.47,105.03,-15,-5,-68.52,5.6,2.3,-22.3,-34.9,-42.8,-58.3,70,85,95,95,0.4,0,0,0,0,0,0,1397596043.5234509,230626412.0,0.1043,-0.014,11711110,8165514,2,68.9,39.3,2026-09-04
860,CCC,Technology,Software - Application,NASDAQ,9362320,7.18,105.0,33,8,-27.55,78.0,58.3,1.5,3.6,16.6,21.1,70,37,12,17,3.9,0,0,0,0,0,0,4411570198.149811,588994704.0,0.0879,0.098,6895650,9932848,0,17.5,23.0,2026-09-04
861,BUD,Consumer Defensive,Beverages - Brewers,NYSE,2103010,79.02,104.99,-6,-8,-8.75,38.7,78.5,1.3,1.3,-0.7,7.4,70,76,74,73,54.8,0,0,0,0,0,0,157786090459.4729,1969126368.0,0.0063,0.11,2450650,2148412,0,69.5,11.4,2026-09-04
862,NWS,Communication Services,Entertainment,NASDAQ,1138120,34.41,104.99,9,4,-3.78,32.2,85.3,-2.4,-0.2,5.1,13.5,70,61,56,31,19.4,0,0,0,0,0,0,18720022706.008995,537159929.0,0.108500004,0.108,1158860,1292280,0,41.8,27.3,2026-09-04
863,MHK,Consumer Cyclical,"Furnishings, Fixtures & Appliances",NYSE,982470,129.22,104.97,-5,-48,-9.72,41.7,85.9,2.2,0.1,7.9,17.4,69,74,31,33,15.9,0,0,0,0,0,0,8798507612.705917,67738145.0,0.0923,0.068,812630,888954,0,38.5,41.5,2026-09-04
864,FITB,Financial Services,Banks - Regional,NYSE,5226430,54.4,104.92,-9,-13,-8.57,36.0,76.3,0.6,-1.4,-3.1,7.8,69,78,74,56,38.4,0,0,0,0,0,0,49444492249.99237,906573000.0,0.0,0.518,4846610,5937778,0,61.6,24.6,2026-09-04
865,SBRA,Real Estate,REIT - Healthcare Facilities,NASDAQ,2361716,20.86,104.91,1,-30,-8.39,20.6,68.8,0.1,1.2,0.9,4.7,69,68,37,76,27.0,0,0,0,0,0,0,5265087557.082092,255462756.0,0.1325,0.253,1623890,2886932,0,52.0,22.0,2026-09-04
866,QSR,Consumer Cyclical,Restaurants,NYSE,2360556,78.87,104.89,13,12,-3.77,29.6,92.4,1.0,2.7,6.0,9.2,69,56,55,67,49.9,0,0,0,0,0,0,27293806911.927605,348758065.0,0.060300004,0.046,2590090,2644328,0,57.0,1.0,2026-09-04
867,HXL,Industrials,Aerospace & Defense,NYSE,891090,91.75,104.88,-15,-21,-17.89,50.6,62.8,-1.2,-4.8,-8.4,3.8,69,84,78,83,60.7,0,0,0,0,0,0,7174397098.946014,75623452.0,0.0683,0.08,750810,970696,0,76.4,12.4,2026-09-04
868,BP,Energy,Oil & Gas Integrated,NYSE,9022303,43.93,104.88,9,29,-8.99,33.6,74.3,1.4,1.1,4.5,7.4,69,60,80,83,48.1,0,0,0,0,0,0,108550681368.86047,2575342288.0,0.0028,0.482,10766760,9335924,0,67.8,-0.6,2026-09-04
869,DRI,Consumer Cyclical,Restaurants,NYSE,1086856,220.03,104.86,10,-8,-4.23,28.2,81.5,-0.3,-1.3,3.5,7.8,69,59,41,58,20.1,0,0,0,0,0,0,24483009400.683105,113541756.0,0.077,0.137,906010,1321770,0,44.5,21.4,2026-09-04
870,PUMP,Energy,Oil & Gas Equipment & Services,NYSE,3766130,11.23,104.83,8,42,-39.3,153.8,50.8,3.5,0.1,-4.5,-9.8,69,61,95,96,88.9,0,0,0,0,0,0,1348606552.4356728,122823917.0,0.145,-0.062,2980650,3969378,2,85.2,-24.4,2026-09-04
871,BATRK,Communication Services,Entertainment,NASDAQ,564066,51.27,104.75,7,18,-5.86,32.6,79.8,-1.2,-2.5,-1.9,10.0,69,62,73,63,36.5,0,0,0,0,0,0,3243687144.39378,64167897.0,0.0687,-0.023,527200,574236,0,58.6,11.4,2026-09-04
872,CURB,Real Estate,REIT - Retail,NYSE,1367893,29.44,104.74,-7,-7,-8.43,33.3,76.4,-1.0,-1.2,-2.9,8.0,69,76,76,76,50.0,0,0,0,0,0,0,3449990343.4198856,115038025.0,0.3139,0.529,1238820,1506962,0,69.5,13.0,2026-09-04
873,DAL,Industrials,Airlines,NYSE,5110936,78.14,104.74,-21,-28,-18.33,44.1,64.5,-0.0,-4.1,-7.4,8.1,69,90,83,55,52.1,0,0,0,0,0,0,52655875811.40938,657623030.0,0.0345,0.187,5283750,6129744,1,70.0,26.7,2026-09-04
874,EQIX,Real Estate,REIT - Specialty,NASDAQ,602256,1019.24,104.72,-4,2,-9.7,42.7,79.5,-1.3,-2.4,-0.9,7.8,69,73,79,80,53.8,0,0,0,0,0,0,103053698947.8274,98671686.0,0.019199999,0.167,550810,596868,0,71.5,7.6,2026-09-04
875,TXRH,Consumer Cyclical,Restaurants,NASDAQ,785826,190.88,104.72,-9,-49,-11.75,21.6,57.7,-3.7,-5.9,-4.6,5.4,69,78,38,45,30.2,0,0,0,0,0,0,13061888225.316376,65640926.0,0.030299999,0.111,642070,876496,0,47.8,34.5,2026-09-04
876,BEAM,Healthcare,Biotechnology,NASDAQ,1663863,29.29,104.67,16,45,-23.44,49.2,54.2,0.1,3.9,1.1,4.0,69,53,82,66,71.0,0,0,0,0,0,0,3028394306.279106,103287665.0,0.3648,-0.942,1577230,2062190,0,68.0,-14.5,2026-09-04
877,VLY,Financial Services,Banks - Regional,NASDAQ,6584536,13.81,104.67,-11,-10,-9.14,44.3,78.7,1.0,-1.9,-3.2,6.7,69,80,81,77,51.4,0,0,0,0,0,0,7692264788.080433,552605226.0,0.1024,0.15,6519290,6657144,0,72.4,14.8,2026-09-04
878,LAUR,Consumer Defensive,Education & Training Services,NASDAQ,961790,36.19,104.63,-11,-19,-11.57,33.4,71.3,-2.2,-2.1,-2.6,6.3,69,80,72,85,52.2,0,0,0,0,0,0,5344675062.905579,137749360.0,0.0323,0.175,977450,1081634,0,72.3,13.7,2026-09-04
879,BHC,Healthcare,Drug Manufacturers - Specialty & Generic,NYSE,4702293,6.83,104.6,13,-15,-14.62,48.1,61.4,0.1,0.3,15.2,12.0,69,56,28,23,9.6,0,0,0,0,0,0,2363620409.7197347,373990561.0,0.028099999,0.127,3133640,3949112,0,29.2,32.6,2026-09-04
880,AM,Energy,Oil & Gas Midstream,NYSE,2377903,22.51,104.59,4,3,-5.56,31.8,84.5,0.9,1.2,1.3,7.8,69,65,64,84,45.5,0,0,0,0,0,0,10580483894.577026,474674000.0,0.0318,0.083,1994140,2306572,0,64.6,6.1,2026-09-04
881,FDS,Financial Services,Financial Data & Stock Exchanges,NYSE,875070,306.07,104.51,3,-34,-18.83,58.9,60.4,-1.0,1.9,10.7,20.9,69,66,29,12,5.3,0,0,0,0,0,0,10989041866.874723,35565543.0,0.1162,0.064,912600,921862,0,28.1,44.9,2026-09-04
882,POWL,Industrials,Electrical Equipment & Parts,NASDAQ,661643,170.51,104.49,-16,-3,-48.02,102.6,39.4,-0.7,-6.7,-16.7,-9.6,69,85,98,96,84.2,0,0,1,0,0,1,6656594013.043396,36432564.0,0.1016,0.089,502900,751854,2,90.8,-3.1,2026-09-04
883,TNDM,Healthcare,Medical Devices,NASDAQ,1915846,20.56,104.48,-2,-33,-30.66,68.8,49.2,-6.2,-10.0,3.9,0.6,69,71,40,72,71.7,0,0,0,0,0,0,1491071712.2437365,69578707.0,0.2038,0.058,1249070,1848730,0,63.7,2.6,2026-09-04
884,DOCU,Technology,Software - Application,NASDAQ,3039270,65.39,104.46,15,-21,-24.54,63.9,61.6,6.7,9.4,22.8,27.5,69,54,18,13,8.7,0,0,0,0,0,0,12220454912.0,190944608.0,0.1067,0.087,3032650,3241026,0,23.4,34.5,2026-09-04
885,PM,Consumer Defensive,Tobacco,NYSE,4673653,187.94,104.44,-1,-11,-9.54,26.5,68.4,-3.6,-3.2,-2.9,4.7,69,70,60,68,32.2,0,0,0,0,0,0,299082331858.40784,1558613439.0,0.0083,0.104,4032220,4889512,0,57.5,20.3,2026-09-04
886,LAR,Basic Materials,Other Industrial Metals & Mining,NYSE,1985643,6.86,104.39,-4,19,-43.07,124.8,43.0,0.1,1.6,0.6,-8.4,69,73,96,97,84.5,0,0,0,0,0,0,1127366981.2202454,164100000.0,0.0306,,1875820,1828124,2,87.6,-12.9,2026-09-04
887,WMB,Energy,Oil & Gas Midstream,NYSE,6994283,75.16,104.39,6,10,-6.14,31.2,77.1,0.5,1.0,1.1,5.7,69,63,67,82,49.5,0,0,0,0,0,0,90184141816.65198,1223167472.0,0.0222,0.078,8334560,7212916,0,65.4,2.6,2026-09-04
888,RTX,Industrials,Aerospace & Defense,NYSE,4931490,200.78,104.36,-12,-36,-11.5,32.3,66.5,-3.1,-6.1,-3.3,4.0,69,81,57,86,47.0,0,0,0,0,0,0,285333885714.9092,1347758144.0,0.0095999995,0.145,4014840,4703170,0,67.8,18.4,2026-09-04
889,EWBC,Financial Services,Banks - Regional,NASDAQ,652250,128.97,104.32,-5,-3,-6.18,38.7,86.2,1.2,-0.4,-0.4,9.0,69,74,76,61,40.6,0,0,0,0,0,0,17734814975.1416,137011856.0,0.0286,0.163,713200,789758,0,62.9,19.1,2026-09-04
890,PGNY,Healthcare,Healthcare Plans,NASDAQ,1106126,26.29,104.31,-23,-36,-20.49,59.1,60.0,-0.1,-0.2,-10.3,7.5,69,92,79,23,28.7,0,0,0,0,0,0,1994896748.0,76726798.0,0.0842,0.053,1025420,1136260,1,55.7,46.8,2026-09-04
891,PBA,Energy,Oil & Gas Midstream,NYSE,842570,48.59,104.3,-1,4,-5.8,32.6,80.1,-0.2,-0.5,-0.8,8.7,69,70,75,74,48.4,0,0,0,0,0,0,27920454573.87924,581555000.0,15.33,0.201,802310,884918,0,66.9,9.5,2026-09-04
892,CNI,Industrials,Railroads,NYSE,1417666,121.45,104.29,-11,-17,-7.68,35.7,81.8,-1.1,-2.0,-1.9,11.2,69,80,74,64,47.9,0,0,0,0,0,0,76223450292.20581,604900000.0,3.0,0.113,1146310,1441438,0,66.5,19.8,2026-09-04
893,A,Healthcare,Diagnostics & Research,NYSE,2116133,151.39,104.23,3,-2,-7.55,36.8,83.3,-1.4,-0.8,6.0,14.6,69,66,61,31,36.6,0,0,0,0,0,0,43377619639.33035,281965813.0,0.0208,0.081,2991480,2200280,0,48.7,22.2,2026-09-04
894,PDM,Real Estate,REIT - Office,NYSE,984466,9.7,104.22,-2,-2,-4.24,51.5,92.2,-0.2,0.8,0.8,14.6,69,71,71,28,31.3,0,0,0,0,0,0,1193767145.7265615,125132825.0,0.0583,0.027,1137190,1025170,0,50.3,28.5,2026-09-04
895,MTB,Financial Services,Banks - Regional,NYSE,980113,235.48,104.21,-9,-17,-8.0,34.3,81.1,0.7,-1.6,-2.0,8.7,69,78,70,61,38.2,0,0,0,0,0,0,34391150596.93909,144933000.0,0.045,0.062,1017630,1058670,0,61.8,24.1,2026-09-04
896,WSM,Consumer Cyclical,Specialty Retail,NYSE,1031150,221.72,104.2,-12,-26,-13.01,34.9,70.7,-1.4,-3.9,-2.3,11.3,68,80,66,49,30.8,0,0,0,0,0,0,27686078688.720703,117768000.0,0.045500003,0.067,1360930,1047614,0,56.4,32.2,2026-09-04
897,KSS,Consumer Cyclical,Department Stores,NYSE,4208933,19.21,104.18,-18,-32,-23.83,65.9,59.4,6.1,4.9,6.3,12.7,68,86,72,53,38.0,0,0,0,0,0,0,1984499877.5,113399993.0,0.3109,-0.009,6079720,4159766,0,62.3,32.0,2026-09-04
898,CYTK,Healthcare,Biotechnology,NASDAQ,1894446,71.93,104.16,-18,-22,-18.55,52.9,63.4,-2.3,-3.4,-8.2,4.2,68,86,82,82,63.0,0,0,0,0,0,0,10022197694.501038,139023418.0,0.1792,-0.571,1893610,2036270,0,78.3,12.7,2026-09-04
899,RYAM,Basic Materials,Chemicals,NYSE,929553,8.59,104.16,-21,-33,-27.51,54.0,47.8,0.1,-0.2,2.4,0.9,68,89,77,96,65.7,0,0,0,0,0,0,581740214.6042175,67644208.0,0.066199996,0.106,732480,924822,1,81.9,11.5,2026-09-04
900,GS,Financial Services,Capital Markets,NYSE,1911160,1004.42,104.07,-12,-7,-12.96,40.7,72.6,0.6,0.5,-0.5,9.5,68,80,85,70,57.2,0,0,0,0,0,0,301068321314.4492,291171408.0,0.0214,0.425,1863720,1974216,0,73.0,12.9,2026-09-04
901,BNL,Real Estate,REIT - Diversified,NYSE,2197240,21.02,104.04,-3,0,-9.0,20.6,63.6,-1.2,-1.1,-3.1,5.7,68,71,74,74,31.4,0,0,0,0,0,0,4315026769.579575,204600604.0,0.1402,0.083,1567160,2157376,0,62.6,18.9,2026-09-04
902,AUB,Financial Services,Banks - Regional,NYSE,845090,40.6,104.03,-7,-14,-6.92,30.7,79.5,0.8,-0.9,-2.4,6.5,68,75,68,57,32.6,0,0,0,0,0,0,5806853649.568176,142814896.0,0.0657,0.358,833340,1092794,0,58.2,25.5,2026-09-04
903,KDP,Consumer Defensive,Beverages - Non-Alcoholic,NASDAQ,11595496,32.59,104.0,10,13,-3.64,28.8,88.9,1.1,3.6,4.2,11.9,68,58,61,34,29.7,0,0,0,0,0,0,43791382318.13115,1360826038.0,0.055,0.756,8481610,13306522,0,45.7,18.6,2026-09-04
904,AGIO,Healthcare,Biotechnology,NASDAQ,1086373,34.13,104.0,18,-2,-25.8,48.2,46.5,-1.6,-1.6,-7.1,8.5,68,50,30,32,10.1,0,0,0,0,0,0,1989266690.0204315,59701882.0,0.1291,2.593,779410,1137840,0,30.5,25.6,2026-09-04
905,PFS,Financial Services,Banks - Regional,NYSE,903926,23.39,103.99,-10,-14,-8.24,33.5,79.2,1.1,-0.8,-1.1,7.3,68,78,74,70,37.3,0,0,0,0,0,0,3066235779.0313683,130422618.0,0.0637,0.038,739860,964082,0,64.8,22.4,2026-09-04
906,ULCC,Industrials,Airlines,NASDAQ,3286623,5.7,103.98,-28,-37,-32.18,92.3,57.7,2.6,-2.5,-9.9,13.5,68,96,87,15,34.2,0,0,0,0,0,0,1344460137.768139,230215771.0,0.39540002,0.377,2510150,3583386,1,58.1,48.0,2026-09-04
907,CVBF,Financial Services,Banks - Regional,NASDAQ,1176350,22.29,103.97,-3,-12,-4.78,25.3,87.0,1.4,0.1,0.0,9.7,68,71,62,44,28.9,0,0,0,0,0,0,3905383176.642771,175997435.0,0.064,0.42,863980,1381734,0,51.5,27.3,2026-09-04
908,HBNC,Financial Services,Banks - Regional,NASDAQ,564490,19.65,103.96,-8,-10,-6.61,32.4,84.5,1.7,0.2,-0.7,9.1,68,76,74,44,37.9,0,0,0,0,0,0,1004298764.2190684,51344519.0,0.0359,0.169,447450,670702,0,58.0,25.6,2026-09-04
909,HCSG,Healthcare,Medical Care Facilities,NASDAQ,721143,21.77,103.87,-9,-15,-15.46,43.7,65.5,-2.2,-1.2,-5.7,4.8,68,77,71,82,57.0,0,0,0,0,0,0,1540106649.5335505,68632202.0,0.046,0.027,538150,738336,0,71.8,9.6,2026-09-04
910,TFX,Healthcare,Medical Instruments & Supplies,NYSE,602666,140.97,103.87,-3,-9,-2.78,37.9,91.2,-0.9,0.7,2.4,12.4,68,71,65,28,25.4,0,0,0,0,0,0,5918152611.403824,42372397.0,0.17899999,0.289,524640,529498,0,47.4,32.0,2026-09-04
911,RLI,Financial Services,Insurance - Property & Casualty,NYSE,748633,63.35,103.85,-4,-51,-7.23,30.6,71.5,-2.7,-2.6,-0.0,5.3,68,72,25,39,10.4,0,0,0,0,0,0,5901921405.944824,91773000.0,0.0964,0.152,545940,807136,0,36.6,42.1,2026-09-04
912,FAF,Financial Services,Insurance - Specialty,NYSE,696030,74.05,103.8,-1,-14,-7.29,28.0,71.3,-1.6,-0.7,0.1,8.8,68,69,56,56,28.4,0,0,0,0,0,0,7603387124.633789,102100000.0,0.0633,0.15,662030,793538,0,52.4,24.2,2026-09-04
913,RJF,Financial Services,Asset Management,NYSE,1107410,175.95,103.72,4,-21,-3.71,26.5,92.8,0.7,0.2,3.5,11.2,68,64,39,36,21.6,0,0,0,0,0,0,34501996602.36827,192361711.0,0.0484,0.151,1262820,1251272,0,40.1,29.3,2026-09-04
914,SBSW,Basic Materials,Other Precious Metals & Mining,NYSE,5257726,12.56,103.57,45,58,-41.01,59.9,36.5,3.6,9.2,28.8,0.7,68,23,36,94,70.0,0,0,0,0,0,0,8745547436.347553,723370333.0,0.016900001,0.316,5873930,5315066,1,55.7,-39.0,2026-09-04
915,JBL,Technology,Electronic Components,NYSE,1000520,299.39,103.43,-12,0,-30.2,61.3,61.1,1.5,-4.6,-5.1,6.1,68,80,92,85,64.9,0,0,0,0,0,0,31588069258.18927,104787089.0,0.035,0.118,862430,1151514,1,80.5,5.4,2026-09-04
916,CELC,Healthcare,Biotechnology,NASDAQ,927410,96.2,103.41,4,36,-36.3,111.6,50.6,3.0,3.9,1.4,-9.9,68,64,96,99,78.1,0,0,0,1,0,1,4327538062.982666,48931908.0,0.32299998,,754390,1270014,2,84.3,-17.3,2026-09-04
917,COLD,Real Estate,REIT - Industrial,NYSE,3735056,14.59,103.41,9,22,-13.57,40.5,66.9,-4.3,-4.2,-5.7,6.4,68,59,72,24,19.2,0,0,0,0,0,0,4285063135.8513126,285480551.0,0.083100006,0.018,3303400,4041698,0,43.6,25.6,2026-09-04
918,SFNC,Financial Services,Banks - Regional,NASDAQ,1155860,22.67,103.4,-9,-17,-6.78,37.3,93.7,3.9,2.2,2.3,12.9,68,77,69,43,30.4,0,0,0,0,0,0,3279017949.58869,144513789.0,0.0544,0.143,936570,1398542,0,54.8,30.9,2026-09-04
919,ENS,Industrials,Electrical Equipment & Parts,NYSE,533026,180.08,103.37,-13,1,-26.29,75.3,56.0,-2.1,-4.1,-7.0,-2.3,67,80,94,88,78.3,0,0,0,0,0,0,6688656685.177124,36065224.0,0.0704,0.048,544840,556114,1,85.1,-2.2,2026-09-04
920,WERN,Industrials,Trucking,NASDAQ,1154880,37.88,103.33,-6,11,-20.24,73.0,70.0,4.1,4.6,-1.3,13.4,67,73,90,42,57.5,0,0,0,0,0,0,2304322223.6985474,59977156.0,0.0928,0.24,769820,1137614,1,65.6,12.3,2026-09-04
921,MSI,Technology,Communication Equipment,NYSE,981993,478.92,103.31,14,-5,-2.97,28.6,81.8,-2.9,-1.6,5.3,10.7,67,53,34,73,14.8,0,0,0,0,0,0,80429980968.0,165493788.0,0.0217,0.133,1013060,971894,0,43.7,17.0,2026-09-04
922,RPD,Technology,Software - Infrastructure,NASDAQ,2167573,11.07,103.31,9,-36,-47.16,117.8,37.8,-9.8,-10.9,-1.6,11.7,67,58,13,4,0.8,0,0,0,0,0,0,895754503.0288696,67400640.0,0.1339,-0.015,1718620,2503376,0,19.0,43.9,2026-09-04
923,HTGC,Financial Services,Asset Management,NYSE,1675163,17.71,103.21,19,7,-9.73,26.9,66.3,0.1,2.4,6.4,7.0,67,48,36,25,9.7,0,0,0,0,0,0,3271626634.32312,187164000.0,0.0585,0.085,1717980,1565098,0,29.7,25.0,2026-09-04
924,WIX,Technology,Software - Infrastructure,NASDAQ,1782583,86.69,103.2,52,42,-54.6,88.5,24.9,-10.0,-4.3,19.6,1.3,67,15,5,14,0.7,0,0,0,0,0,0,5109486158.404602,58314152.0,0.1707,0.149,1498320,1547670,0,8.7,8.3,2026-09-04
925,SNDX,Healthcare,Biotechnology,NASDAQ,1331453,20.78,103.17,-5,-42,-18.8,56.8,61.9,2.4,2.8,-1.8,-2.0,67,72,35,91,47.4,0,0,0,0,0,0,1731440008.7049026,88610027.0,0.2609,0.918,1253950,1652694,1,61.4,12.2,2026-09-04
926,OPLN,Consumer Cyclical,Auto & Truck Dealerships,NYSE,1381566,34.63,103.14,-14,-11,-19.28,44.8,59.6,1.5,1.4,-6.7,8.5,67,81,84,65,41.9,0,0,0,0,0,0,4283431581.476383,122069865.0,0.0239,0.151,1253190,1281938,0,68.0,22.5,2026-09-04
927,HOOD,Financial Services,Capital Markets,NASDAQ,19336910,106.99,103.13,27,21,-30.46,87.4,65.2,11.0,18.2,19.2,28.4,67,40,34,40,38.5,0,0,0,0,0,0,93738319703.62695,899082273.0,0.0424,0.323,22177540,21180700,0,38.1,1.4,2026-09-04
928,OMF,Financial Services,Credit Services,NYSE,947760,63.14,103.12,-3,-33,-12.22,31.2,69.5,2.3,1.5,3.9,7.8,67,70,40,40,20.3,0,0,0,0,0,0,7229205929.513935,115041469.0,0.040900003,-0.027,859810,1042480,0,42.6,33.9,2026-09-04
929,GFI,Basic Materials,Gold,NYSE,3810336,44.92,103.05,36,42,-27.13,51.7,53.4,1.0,6.4,24.5,8.5,67,31,37,93,59.5,0,0,0,0,0,0,41107475279.53537,894418540.0,0.0088,0.789,4204350,3806132,1,55.1,-27.3,2026-09-04
930,APD,Basic Materials,Specialty Chemicals,NYSE,1031243,309.45,103.02,11,4,-1.72,30.6,84.5,-1.5,-1.4,0.4,6.6,67,56,49,69,21.2,0,0,0,0,0,0,68607184122.20123,222685530.0,0.0178,0.046,1108520,1182872,0,48.8,15.5,2026-09-04
931,AEIS,Industrials,Electrical Equipment & Parts,NASDAQ,648956,268.19,103.02,-22,-20,-32.52,82.7,54.0,1.8,-5.3,-7.4,-6.1,67,89,91,96,80.7,0,0,0,0,0,0,10926561879.778198,40050442.0,0.0592,0.3,522770,772422,2,89.2,2.6,2026-09-04
932,SSB,Financial Services,Banks - Regional,NYSE,856396,106.29,102.99,0,-17,-5.27,26.6,86.3,1.7,0.3,2.9,9.7,67,67,50,43,21.7,0,0,0,0,0,0,10277361438.85707,96974534.0,0.0344,-0.001,717540,861766,0,45.4,29.2,2026-09-04
933,EL,Consumer Defensive,Household & Personal Products,NYSE,3303730,101.15,102.98,36,42,-16.84,54.5,69.9,0.7,7.5,17.4,12.6,67,31,37,52,38.8,0,0,0,0,0,0,37405976041.02791,361794915.0,0.0346,0.063,3987030,3031128,0,39.7,-8.7,2026-09-04
934,RGNX,Healthcare,Biotechnology,NASDAQ,1276576,9.6,102.95,16,-26,-40.7,58.2,31.8,-2.8,-11.3,-18.4,-13.4,67,51,9,36,12.2,0,0,0,0,0,0,637687424.6471863,66013192.0,0.1314,4.057,1624130,1842082,0,27.1,26.6,2026-09-04
935,TTEK,Industrials,Engineering & Construction,NASDAQ,2940480,35.91,102.94,22,-1,-16.76,37.2,59.2,-1.2,-0.8,7.2,8.9,67,45,22,47,17.8,0,0,0,0,0,0,9355863633.535675,256044428.0,0.0471,-0.039,2580030,2833136,0,33.0,15.5,2026-09-04
936,MA,Financial Services,Credit Services,NYSE,2986336,588.14,102.93,8,-22,-2.24,22.8,83.9,-2.0,-0.1,3.9,9.2,67,59,29,34,14.4,0,0,0,0,0,0,521488706588.5193,876009940.0,0.0083,0.141,2824870,3230304,0,34.1,30.3,2026-09-04
937,FHI,Financial Services,Asset Management,NYSE,545416,60.73,102.91,-10,-18,-9.63,31.9,83.5,-1.8,-1.8,2.4,10.8,67,77,69,80,35.7,0,0,0,0,0,0,4808868972.624115,74660281.0,0.0616,0.183,510550,568094,0,65.4,20.8,2026-09-04
938,AJG,Financial Services,Insurance Brokers,NYSE,1385580,264.46,102.87,6,-29,-15.66,36.8,59.7,-0.9,1.1,3.5,12.3,67,61,26,20,7.5,0,0,0,0,0,0,68586597334.16748,256341000.0,0.0231,0.309,1470350,1522522,0,28.6,38.5,2026-09-04
939,ONB,Financial Services,Banks - Regional,NASDAQ,3635436,25.65,102.84,-6,-17,-6.25,32.9,83.7,1.2,-0.5,-1.1,8.0,67,73,62,46,31.1,0,0,0,0,0,0,9889434645.938871,382570000.0,0.0594,0.288,3209090,4272730,0,53.0,27.5,2026-09-04
940,OSK,Industrials,Farm & Heavy Construction Machinery,NYSE,763546,152.89,102.76,13,-2,-15.29,32.5,64.9,1.5,2.0,4.5,7.8,67,54,39,82,31.8,0,0,0,0,0,0,9505452170.552477,61739749.0,0.0422,0.067,507990,739062,0,51.7,7.0,2026-09-04
941,RYTM,Healthcare,Biotechnology,NASDAQ,627256,105.42,102.66,5,-21,-13.73,35.5,64.4,-4.9,-7.6,-6.2,3.2,67,62,36,76,15.3,0,0,0,0,0,0,7378877501.868072,68852082.0,0.1486,0.469,451890,702168,0,47.3,23.1,2026-09-04
942,USAS,Basic Materials,Other Industrial Metals & Mining,NYSE ARCA,4889966,5.43,102.66,13,38,-48.29,97.8,36.2,-1.7,0.8,14.2,-8.5,67,54,79,99,84.0,0,0,0,1,0,1,1839577439.509534,338157614.0,0.0612,0.721,5119090,4399220,1,79.0,-26.5,2026-09-04
943,INGM,Technology,Information Technology Services,NYSE,980856,27.69,102.54,-13,-6,-12.62,47.8,76.9,1.3,2.5,1.6,14.1,66,79,86,55,63.2,0,0,0,0,0,0,6619996820.781067,230661904.0,0.17729999,0.136,1150680,1090312,0,70.8,12.0,2026-09-04
944,ETD,Consumer Cyclical,"Furnishings, Fixtures & Appliances",NYSE,580063,24.71,102.54,8,-22,-19.77,20.4,32.7,-4.0,-3.0,-1.6,-0.4,66,58,28,30,2.7,0,0,0,0,0,0,597225558.8573856,25446339.0,0.13069999,-0.085,800240,546972,0,29.7,36.2,2026-09-04
945,BBDC,Financial Services,Asset Management,NYSE,791003,9.11,102.51,29,43,-8.07,12.9,70.1,-2.8,-3.2,2.3,3.0,66,37,51,39,12.9,0,0,0,0,0,0,979009405.3425064,104706884.0,0.0298,-0.124,839070,718132,0,35.0,10.2,2026-09-04
946,KRP,Energy,Oil & Gas E&P,NYSE,947246,14.94,102.48,7,25,-5.44,31.0,82.8,-1.1,-1.4,-0.1,5.3,66,59,77,72,26.3,0,0,0,0,0,0,1504359106.0444946,100895984.0,0.038900003,0.378,943520,792262,0,58.6,11.9,2026-09-04
947,FWDI,Consumer Cyclical,Footwear & Accessories,NASDAQ,1489040,6.26,102.47,54,51,-86.39,78.2,7.8,1.7,17.6,34.8,17.1,66,12,9,15,0.5,0,0,0,0,0,0,434958131.0103774,73846883.0,0.0933,3.321,2623660,1573210,0,9.1,5.4,2026-09-04
948,TOST,Technology,Software - Infrastructure,NYSE,9778613,34.04,102.43,8,-36,-23.45,52.0,60.7,-3.1,-3.2,4.9,12.7,66,58,14,20,5.6,0,0,0,0,0,0,20316700881.958008,578000000.0,0.0617,0.231,8861770,11623560,0,24.4,38.2,2026-09-04
949,FLS,Industrials,Specialty Industrial Machinery,NYSE,1723600,77.74,102.42,-1,4,-15.87,56.1,64.1,-3.4,-3.7,1.8,0.8,66,67,72,85,58.6,0,0,0,0,0,0,10210969850.150452,127112780.0,0.0608,-0.016,1595330,1850476,0,70.6,0.1,2026-09-04
950,AEM,Basic Materials,Gold,NYSE,3325156,196.66,102.41,31,33,-22.95,50.2,59.0,-1.7,2.1,20.6,9.8,66,35,37,92,56.7,0,0,0,0,0,0,104437753200.0,506364864.0,0.0121,0.35,3847890,3067262,1,55.2,-22.5,2026-09-04
951,CZR,Consumer Cyclical,Resorts & Casinos,NASDAQ,3559410,29.69,102.37,-12,-20,-3.85,63.6,94.1,0.0,-0.1,-0.6,12.1,66,78,70,70,34.5,0,0,0,0,0,0,6058300730.328129,203777357.0,0.118999995,0.03,2585560,3948526,0,63.1,24.2,2026-09-04
952,EHC,Healthcare,Medical Care Facilities,NYSE,904933,121.18,102.37,13,-11,-5.32,29.8,83.8,0.6,-0.2,5.7,13.6,66,53,29,36,14.9,0,0,0,0,0,0,11922261305.866882,98653384.0,0.0374,0.096,850130,1014282,0,33.2,24.9,2026-09-04
953,HAS,Consumer Cyclical,Leisure,NASDAQ,1672273,93.5,102.35,11,11,-12.6,30.4,61.7,-1.9,-2.2,3.7,3.3,66,55,55,84,34.3,0,0,0,0,0,0,13290620598.88691,141044467.0,0.0531,0.162,1373640,1975718,0,57.1,4.5,2026-09-04
954,SHOO,Consumer Cyclical,Footwear & Accessories,NASDAQ,990263,41.99,102.34,-24,-27,-15.51,44.3,71.3,-0.3,-4.0,-1.5,6.2,66,90,87,59,62.4,0,0,0,0,0,0,3237354805.625324,73177095.0,0.0767,0.191,754390,1058740,1,74.6,20.3,2026-09-04
955,ATEN,Technology,Software - Infrastructure,NYSE,1443426,24.76,102.32,-25,-24,-35.67,48.6,37.3,-3.0,-5.8,-20.6,-0.9,66,91,92,74,56.9,0,0,0,0,0,0,1866051895.0962868,72609021.0,0.14729999,0.155,1502190,1343558,2,78.5,20.4,2026-09-04
956,KHC,Consumer Defensive,Packaged Foods,NASDAQ,15415666,26.26,102.31,5,-18,-6.51,17.2,56.8,-2.4,-1.8,-2.3,3.4,66,61,38,32,10.5,0,0,0,0,0,0,30475671485.31173,1185823758.0,0.1001,-0.014,15949760,14352512,0,35.4,33.3,2026-09-04
957,SBCF,Financial Services,Banks - Regional,NASDAQ,920666,34.14,102.3,-1,-20,-5.87,20.1,79.1,1.3,-0.5,1.5,7.1,66,67,48,60,27.4,0,0,0,0,0,0,3327806406.5818787,96823000.0,0.059499998,0.383,770120,1047666,0,50.6,23.1,2026-09-04
958,EBAY,Consumer Cyclical,Internet Retail,NASDAQ,4424690,106.7,102.3,-7,-1,-10.57,30.2,60.7,-1.5,-0.9,-5.4,4.8,66,73,79,74,29.3,0,0,0,0,0,0,47000901222.22901,445000000.0,0.0356,0.148,4061770,3910332,0,63.8,21.1,2026-09-04
959,EPR,Real Estate,REIT - Specialty,NYSE,741403,59.61,102.24,-3,-11,-8.25,23.2,72.3,0.3,-0.5,-1.3,6.5,66,69,61,67,31.4,0,0,0,0,0,0,4562061246.652031,76608922.0,0.1288,0.106,684190,694630,0,57.1,20.0,2026-09-04
960,RES,Energy,Oil & Gas Equipment & Services,NYSE,1429613,6.57,102.19,25,67,-19.49,53.7,60.2,1.7,2.1,8.9,3.3,66,41,83,82,54.3,0,0,0,0,0,0,1418604897.93886,221657012.0,0.3053,0.095,1398700,1501608,0,65.1,-19.0,2026-09-04
961,OC,Industrials,Building Products & Equipment,NYSE,846210,134.25,102.18,-8,-40,-16.05,41.1,66.6,-1.3,-5.5,-4.5,11.1,66,74,42,25,9.8,0,0,0,0,0,0,11314238383.769896,79048683.0,0.0298,0.003,872110,1069276,0,37.7,45.1,2026-09-04
962,SANM,Technology,Electronic Components,NASDAQ,777800,187.67,102.17,-11,8,-34.99,75.4,50.3,2.4,0.3,-2.8,8.2,66,77,96,73,74.0,0,0,0,0,0,0,10398422743.14093,53597356.0,0.0507,0.697,668130,899892,1,80.0,0.4,2026-09-04
963,J,Industrials,Engineering & Construction,NYSE,896520,147.08,102.16,12,-13,-12.68,36.3,68.1,-2.0,-1.0,5.6,10.2,66,54,29,44,18.8,0,0,0,0,0,0,17945931485.924057,118080879.0,0.0387,0.345,878200,921660,0,36.4,22.1,2026-09-04
964,HMY,Basic Materials,Gold,NYSE,3495846,19.45,102.12,13,-8,-25.36,52.2,54.6,-2.9,-1.8,14.4,10.7,66,53,32,54,62.2,0,0,0,0,0,0,12643293082.348038,624977428.0,0.021300001,0.492,4983900,3446194,0,50.3,-2.7,2026-09-04
965,TOWN,Financial Services,Banks - Regional,NASDAQ,596070,37.27,102.01,0,-14,-4.51,17.4,82.7,0.6,0.3,1.3,6.6,66,66,52,41,20.0,0,0,0,0,0,0,3459927231.4596176,92437275.0,3.7,1.178,560180,656682,0,44.8,29.4,2026-09-04
966,XIFR,Utilities,Utilities - Renewable,NYSE,943563,11.9,102.01,0,9,-10.19,37.5,81.7,2.9,4.3,1.9,12.5,66,66,75,75,37.6,0,0,0,0,0,0,1105196025.180817,94300000.0,0.0544,0.061,829200,955554,0,63.4,11.5,2026-09-04
967,LAMR,Real Estate,REIT - Specialty,NASDAQ,645836,151.5,102.0,-13,-18,-8.92,29.8,71.9,-0.3,-1.0,-3.6,6.9,65,78,73,69,37.2,0,0,0,0,0,0,15271041975.768066,101549684.0,0.0783,0.065,469940,641720,0,64.3,22.7,2026-09-04
968,BTU,Energy,Thermal Coal,NYSE,2406183,29.43,101.99,35,86,-28.46,57.0,49.6,1.0,6.6,17.5,-0.5,65,30,81,96,74.3,0,0,0,0,0,0,3525348009.300232,121900000.0,0.1305,0.127,2049500,2432752,1,70.3,-40.4,2026-09-04
969,ZGN,Consumer Cyclical,Apparel Manufacturing,NYSE,948433,12.56,101.99,-26,-28,-21.25,44.5,59.0,-5.6,-7.6,-9.3,4.9,65,91,89,71,61.4,0,0,0,0,0,0,3683924323.676491,268312050.0,0.0614,0.003,805340,1113284,1,78.1,19.0,2026-09-04
970,CWT,Utilities,Utilities - Regulated Water,NYSE,522560,50.14,101.98,-1,-17,-6.84,18.4,76.4,-0.5,-0.1,-0.2,8.6,65,66,50,49,25.4,0,0,0,0,0,0,3121637790.172306,61839101.0,0.0322,0.165,568550,531462,0,47.6,25.3,2026-09-04
971,RF,Financial Services,Banks - Regional,NYSE,7619826,29.93,101.93,-9,-14,-7.82,30.3,78.1,0.5,-1.2,-1.5,6.9,65,74,69,61,29.4,0,0,0,0,0,0,25839021851.982937,851929506.0,0.0769,0.034,7290890,8893542,0,58.3,25.4,2026-09-04
972,M,Consumer Cyclical,Department Stores,NYSE,5114900,22.42,101.93,-25,-31,-15.68,39.6,67.4,2.5,0.1,-2.7,6.9,65,90,84,60,52.8,0,0,0,0,0,0,5789465427.74461,263037954.0,0.1286,0.021,5772620,5102554,1,71.7,25.2,2026-09-04
973,SA,Basic Materials,Gold,NYSE,762860,31.11,101.91,-7,-4,-22.34,83.0,65.8,-2.3,-1.7,10.7,5.6,65,72,75,95,80.2,0,0,0,0,0,0,3493948620.400635,107871216.0,0.048499998,,999820,688196,1,80.5,-9.0,2026-09-04
974,OGC,Basic Materials,Gold,NYSE,526506,29.09,101.85,1,3,-32.86,59.7,48.8,1.1,2.9,14.9,1.2,65,64,66,97,72.5,0,0,0,0,0,0,6688996948.724403,222447523.0,3.88,0.497,438510,466434,1,74.9,-11.0,2026-09-04
975,SVRA,Healthcare,Biotechnology,NASDAQ,1596076,5.46,101.85,-16,-23,-22.06,59.3,56.0,-1.4,-1.9,-4.9,-3.8,65,81,74,90,65.4,0,0,0,0,0,0,1077917182.0241165,204927212.0,0.219,,1718750,1774704,1,77.6,6.7,2026-09-04
976,PCRX,Healthcare,Drug Manufacturers - Specialty & Generic,NASDAQ,640933,26.58,101.83,3,-24,-3.9,37.5,85.0,1.4,5.7,3.6,10.6,65,62,35,41,15.7,0,0,0,0,0,0,1026842192.4836617,39861886.0,0.26319999,0.062,471800,584360,0,38.4,30.1,2026-09-04
977,MPLX,Energy,Oil & Gas Midstream,NYSE,1425056,58.99,101.8,-4,-12,-3.22,24.8,93.4,0.9,1.0,2.5,5.8,65,69,61,74,36.7,0,0,0,0,0,0,60071101371.75,1013858251.0,0.020399999,0.106,1073800,1373464,0,60.2,16.0,2026-09-04
978,PLTR,Technology,Software - Infrastructure,NASDAQ,41584753,169.46,101.8,14,-7,-18.34,62.5,67.1,-2.7,-1.5,16.3,15.2,65,51,30,69,30.0,0,0,0,0,0,0,447665748105.3845,2403058480.0,0.0318,0.928,31187470,41709664,0,45.0,9.0,2026-09-04
979,JKHY,Technology,Information Technology Services,NASDAQ,939186,167.03,101.72,22,-4,-13.63,34.2,61.0,-2.2,1.6,6.8,3.6,65,43,17,40,19.5,0,0,0,0,0,0,12059448585.838318,71050780.0,0.0695,0.047,939940,1110690,0,29.9,14.9,2026-09-04
980,OCSL,Financial Services,Asset Management,NASDAQ,549450,13.17,101.71,25,27,-7.97,21.2,66.7,-0.4,0.3,5.1,6.1,65,40,42,28,12.0,0,0,0,0,0,0,1146873549.7823524,88085523.0,0.0344,-0.078,483750,528158,0,30.5,16.2,2026-09-04
981,NSC,Industrials,Railroads,NYSE,1272443,330.06,101.66,-3,-6,-7.96,21.0,70.8,-3.6,-3.3,-1.7,6.6,65,68,65,69,37.1,0,0,0,0,0,0,78316445852.55914,224608373.0,0.0325,0.114,1117920,1142206,0,59.8,15.5,2026-09-04
982,LYFT,Technology,Software - Application,NASDAQ,11633493,17.35,101.64,11,-14,-32.07,32.2,34.1,-3.2,-3.1,3.2,4.8,65,54,29,24,16.7,0,0,0,0,0,0,6700162696.103291,378540249.0,0.1698,0.161,9690360,11563432,0,30.9,27.1,2026-09-04
983,CB,Financial Services,Insurance - Property & Casualty,NYSE,1675143,339.42,101.63,-6,-18,-7.24,27.4,77.0,-0.0,-0.3,-1.8,4.7,65,71,59,73,42.7,0,0,0,0,0,0,131141093251.69804,385799859.0,0.0099,0.061,1650750,1813304,0,61.4,15.0,2026-09-04
984,TTAN,Technology,Software - Application,NASDAQ,1181326,92.17,101.6,-4,-54,-23.19,59.0,50.7,-7.2,-5.5,4.8,12.1,65,69,19,20,7.7,0,0,0,0,0,0,9527356476.747276,95397579.0,0.1534,0.246,998690,1468334,0,28.9,45.5,2026-09-04
985,FIBK,Financial Services,Banks - Regional,NASDAQ,1086023,37.16,101.59,-5,-7,-8.47,29.1,78.3,1.9,0.4,-1.0,5.2,65,70,68,67,34.5,0,0,0,0,0,0,3530082730.5339737,95304607.0,0.145,0.074,859990,1099226,0,59.9,18.5,2026-09-04
986,TPG,Financial Services,Asset Management,NASDAQ,3004010,52.32,101.53,31,22,-25.66,38.8,46.4,-0.9,0.2,12.0,7.1,65,34,25,17,8.4,0,0,0,0,0,0,8997609886.879547,166715021.0,0.0673,1.102,2316600,2620794,0,21.1,17.1,2026-09-04
987,HMC,Consumer Cyclical,Auto Manufacturers,NYSE,1078943,32.44,101.51,6,-22,-7.02,39.1,80.8,1.7,2.0,8.6,15.4,65,59,31,30,12.7,0,0,0,0,0,0,41339205085.98752,1297526814.0,0.002,0.135,859350,1204162,0,33.2,31.7,2026-09-04
988,ITUB,Financial Services,Banks - Regional,NYSE,20657130,8.08,101.48,1,-5,-15.83,24.2,52.8,5.1,7.4,1.7,0.8,65,64,58,86,40.3,0,0,0,0,0,0,82664044065.0,11021872542.0,0.0025,0.175,20375490,20450770,0,62.1,8.0,2026-09-04
989,RILY,Financial Services,Financial Conglomerates,NASDAQ,562886,6.97,101.46,3,35,-37.99,89.0,47.6,0.0,-1.6,-2.7,-3.1,65,62,94,93,57.0,0,0,0,0,0,0,283408280.4174948,40199755.0,0.1658,0.104,499330,696298,2,76.5,-6.9,2026-09-04
990,CXM,Technology,Software - Application,NYSE,3428380,6.95,101.45,10,-25,-20.02,22.1,31.8,-19.5,-17.4,-7.3,-4.6,65,55,20,18,3.0,0,0,0,0,0,0,1911306662.1795275,234228762.0,0.082399994,0.068,4912680,3477052,0,24.0,36.9,2026-09-04
991,HTLD,Industrials,Trucking,NASDAQ,757853,12.1,101.45,-13,2,-27.28,75.7,58.6,1.2,0.4,-7.9,4.8,65,78,93,61,62.3,0,0,0,0,0,0,941911225.58004,77332611.0,0.064,-0.125,640260,702630,1,73.6,9.8,2026-09-04
992,NLY,Real Estate,REIT - Mortgage,NYSE,6884040,22.71,101.39,2,-6,-7.38,12.9,62.1,-0.5,-1.3,-0.4,1.1,65,63,55,69,22.2,0,0,0,0,0,0,17365581433.72618,753714442.0,0.0,4.794,5816000,7215160,0,52.3,20.0,2026-09-04
993,WTRG,Utilities,Utilities - Regulated Water,NYSE,2043723,41.55,101.38,8,-11,-1.94,15.0,96.0,1.2,2.4,4.7,6.9,65,57,38,69,25.2,0,0,0,0,0,0,11657315168.510414,283632983.0,0.021,0.031,2169450,2121980,0,47.3,15.4,2026-09-04
994,VERA,Healthcare,Biotechnology,NASDAQ,2155990,35.66,101.37,25,26,-36.38,51.0,38.0,2.7,8.5,0.0,-9.0,65,40,41,87,73.0,0,0,0,0,0,0,2463845324.686069,72063335.0,0.2656,,2152960,2356214,0,60.3,-26.0,2026-09-04
995,LPLA,Financial Services,Capital Markets,NASDAQ,675906,355.1,101.31,20,0,-11.26,35.2,73.4,-0.8,-1.5,5.6,8.6,64,44,24,25,17.1,0,0,0,0,0,0,29188979672.34192,78742290.0,0.031400003,0.364,649050,800796,0,27.5,19.3,2026-09-04
996,PH,Industrials,Specialty Industrial Machinery,NYSE,664243,949.38,101.28,-9,-22,-13.69,34.3,68.8,-2.6,-5.2,-2.9,2.8,64,73,60,79,47.5,0,0,0,0,0,0,125419755066.24464,126047469.0,0.0098,0.098,647660,624110,0,64.9,12.9,2026-09-04
997,GSBD,Financial Services,Asset Management,NYSE,939886,9.93,101.26,31,34,-13.88,16.7,49.5,-0.7,0.5,6.6,6.6,64,33,36,34,7.2,0,0,0,0,0,0,1140324661.5925074,112569067.0,0.055,-0.08,858300,951852,0,27.6,12.4,2026-09-04
998,VVX,Industrials,Aerospace & Defense,NYSE,744410,74.99,101.19,-9,6,-20.21,42.2,57.0,-3.4,-6.2,-6.3,5.1,64,73,88,86,52.9,0,0,0,0,0,0,2435220939.546753,31345358.0,0.0809,0.165,459930,676632,0,75.0,6.0,2026-09-04
999,SW,Consumer Cyclical,Packaging & Containers,NYSE,5070683,45.36,101.17,-8,-40,-13.85,39.8,68.5,-3.2,-4.6,-1.9,8.1,64,72,40,43,16.3,0,0,0,0,0,0,25329211707.535065,524522908.0,0.0456,0.011,4847240,5294018,0,42.8,36.8,2026-09-04
1000,FRT,Real Estate,REIT - Retail,NYSE,815853,117.94,101.17,-10,-7,-8.01,23.4,68.9,-0.1,-0.2,-3.1,5.3,64,74,77,68,35.3,0,0,0,0,0,0,10085938749.75,86389197.0,0.0002,0.072,631270,811292,0,63.6,20.3,2026-09-04
1001,CUZ,Real Estate,REIT - Office,NYSE,1570560,28.84,101.14,-10,-16,-12.47,36.4,70.9,-0.8,-1.0,-4.2,10.0,64,74,68,29,16.9,0,0,0,0,0,0,4845884675.426983,164602058.0,0.088,0.116,1251580,1519964,0,47.0,38.2,2026-09-04
1002,MSFT,Technology,Software - Infrastructure,NASDAQ,32335746,496.82,101.13,5,-22,-10.28,41.6,77.6,-0.2,0.8,12.5,15.9,64,59,32,32,15.5,0,0,0,0,0,0,3813240593538.508,7425545491.0,0.0092,0.177,22152830,36836118,0,34.6,29.8,2026-09-04
1003,HQY,Healthcare,Health Information Services,NASDAQ,834930,98.54,101.12,-11,-47,-8.44,31.2,68.1,-3.1,-5.8,-3.2,7.5,64,75,39,25,15.5,0,0,0,0,0,0,7971273302.704346,82715296.0,0.0652,0.072,1127590,862708,0,38.6,43.4,2026-09-04
1004,VKTX,Healthcare,Biotechnology,NASDAQ,1923286,33.5,101.11,16,1,-22.36,51.0,61.9,3.6,3.1,-1.6,4.1,64,48,33,73,51.3,0,0,0,0,0,0,3751558436.1201744,116652937.0,0.2019,,1776520,2195528,0,51.3,-5.1,2026-09-04
1005,ELAN,Healthcare,Drug Manufacturers - Specialty & Generic,NYSE,7318533,24.68,101.09,-11,-11,-11.79,33.7,72.5,0.2,2.7,-0.6,3.2,64,75,75,88,58.4,0,0,0,0,0,0,12041729750.969831,499449583.0,0.0945,0.102,4741470,6103374,0,74.1,5.7,2026-09-04
1006,SPG,Real Estate,REIT - Retail,NYSE,1280540,210.2,101.08,-12,-16,-11.87,20.8,57.0,-2.2,-3.6,-5.9,3.8,64,76,72,69,34.6,0,0,0,0,0,0,69422928748.45978,323559515.0,0.0,0.195,1172070,1646730,0,62.9,22.5,2026-09-04
1007,PCAR,Industrials,Farm & Heavy Construction Machinery,NASDAQ,3265056,122.13,101.07,-12,-21,-12.29,34.1,70.1,-0.9,-2.6,-2.4,4.1,64,76,67,73,47.3,0,0,0,0,0,0,65974581281.41397,526364953.0,0.0228,0.005,2326900,3215928,0,65.8,15.8,2026-09-04
1008,MNTN,Technology,Software - Application,NYSE,1089516,13.13,101.07,33,15,-39.49,66.5,41.1,-0.5,2.3,17.9,24.6,64,31,13,11,1.3,0,0,0,0,0,0,989645812.2478294,74803163.0,0.098900005,0.206,846030,1246084,0,14.1,20.7,2026-09-04
1009,KEY,Financial Services,Banks - Regional,NYSE,9330300,21.8,101.06,-6,-2,-9.43,32.2,74.9,1.4,-0.3,-2.4,3.6,64,70,74,67,34.9,0,0,0,0,0,0,23380786455.309105,1067128554.0,0.0,0.101,9644320,10154340,0,61.5,17.7,2026-09-04
1010,ATHM,Communication Services,Internet Content & Information,NYSE,838106,21.93,101.05,5,-36,-26.7,34.5,41.7,-0.2,-1.4,2.1,7.5,64,59,18,18,3.6,0,0,0,0,0,0,2629351889.343157,115170911.0,0.052399997,-0.319,1030550,825182,0,24.7,40.0,2026-09-04
1011,MKTX,Financial Services,Capital Markets,NASDAQ,1396060,162.83,101.04,22,-9,-16.91,49.8,64.2,0.4,0.5,15.9,4.0,64,42,11,40,9.5,0,0,0,0,0,0,5726587266.480072,35192891.0,0.049200002,-0.005,957480,1070050,0,25.6,19.8,2026-09-04
1012,COR,Healthcare,Medical Distribution,NYSE,1355723,336.36,101.04,2,-34,-10.91,30.9,64.1,0.8,2.5,6.0,2.8,64,62,26,76,32.0,0,0,0,0,0,0,61452071712.00668,190827165.0,0.0277,0.051,1080600,1448738,0,49.0,15.8,2026-09-04
1013,SHO,Real Estate,REIT - Hotel & Motel,NYSE,2390450,11.0,101.01,-16,-15,-8.86,26.7,73.0,-0.9,-0.1,-2.5,9.7,64,80,81,47,34.4,0,0,0,0,0,0,2106744837.3436031,185943941.0,0.0002,0.062,2080550,2707956,0,60.6,29.3,2026-09-04
1014,KGC,Basic Materials,Gold,NYSE,8338800,30.26,101.0,25,47,-22.63,39.6,54.9,-2.1,2.8,17.1,4.8,64,39,61,94,61.0,0,0,0,0,0,0,37093750015.04794,1186240789.0,2.11,0.295,9253900,8328198,1,63.8,-24.2,2026-09-04
1015,URBN,Consumer Cyclical,Apparel Retail,NASDAQ,1172013,78.75,100.98,3,-6,-7.82,35.9,91.5,1.9,4.0,8.1,12.5,64,61,52,37,32.4,0,0,0,0,0,0,6945389811.438904,85650390.0,0.1197,0.104,1700220,1181552,0,45.6,20.0,2026-09-04
1016,VNOM,Energy,Oil & Gas Midstream,NASDAQ,1554840,45.12,100.97,19,45,-11.75,23.9,56.6,-0.6,1.1,2.5,2.4,64,45,71,70,32.8,0,0,0,0,0,0,15905029359.884865,360005189.0,0.052399997,1.152,1334880,1633946,0,54.7,-1.5,2026-09-04
1017,AFRM,Financial Services,Credit Services,NASDAQ,4535193,74.09,100.96,-5,-11,-20.5,70.1,60.1,-3.7,-4.3,-6.1,8.8,64,69,63,18,4.8,0,0,0,0,0,0,26237877587.369568,337421256.0,0.0496,0.33,7645190,4396812,0,38.7,42.9,2026-09-04
1018,ADI,Technology,Semiconductors,NASDAQ,3877700,355.71,100.95,-17,-9,-20.23,60.9,62.2,-0.6,-2.8,-4.0,4.0,64,81,89,82,63.5,0,0,0,0,0,0,175306093336.18942,484565465.0,0.0194,0.396,3653780,4171674,0,78.9,7.7,2026-09-04
1019,TEX,Industrials,Farm & Heavy Construction Machinery,NYSE,1226493,61.81,100.94,-7,-7,-17.24,51.3,65.4,-0.5,-2.6,-4.3,3.3,64,71,71,81,43.2,0,0,0,0,0,0,7284338947.677612,114300000.0,0.060500003,0.505,973020,1326608,0,66.5,11.9,2026-09-04
1020,OSS,Technology,Computer Hardware,NASDAQ,935820,9.84,100.92,-30,-26,-52.87,129.7,36.1,-5.0,-13.8,-22.6,-10.2,64,94,98,97,76.0,0,0,1,0,0,1,259626749.49443817,24940130.0,0.1887,0.623,759000,1076280,3,91.3,8.0,2026-09-04
1021,TASK,Technology,Information Technology Services,NASDAQ,816993,8.06,100.89,41,31,-56.17,73.1,24.5,-1.4,2.5,20.9,-6.1,64,23,13,20,0.6,0,0,0,0,0,0,769254137.6682405,91687021.0,0.1494,0.05,391970,745180,0,14.1,12.8,2026-09-04
1022,AR,Energy,Oil & Gas E&P,NYSE,4018686,39.59,100.87,27,29,-13.46,31.2,62.0,1.5,3.6,9.5,8.6,64,37,39,70,41.6,0,0,0,0,0,0,11821029784.557344,307439000.0,0.0444,0.126,3316110,4285860,0,46.9,-9.1,2026-09-04
1023,ECAT,Financial Services,Asset Management,NYSE,500410,15.29,100.87,0,1,-9.2,14.1,55.0,-0.6,-1.1,-1.3,0.2,64,64,65,44,10.9,0,0,0,0,0,0,1530817278.879733,99468307.0,0.0043,,433782,495118,0,46.0,30.5,2026-09-04
1024,NTST,Real Estate,REIT - Retail,NYSE,1655206,20.41,100.82,1,4,-9.17,17.2,57.6,-1.9,-1.8,-4.9,1.6,64,63,66,79,31.1,0,0,0,0,0,0,1990924558.506441,97260607.0,0.35599998,0.269,883730,2205566,0,59.8,12.4,2026-09-04
1025,AME,Industrials,Specialty Industrial Machinery,NYSE,1342783,233.19,100.8,-8,-14,-10.71,32.6,73.8,-0.2,-2.7,-1.5,5.2,64,72,66,73,47.0,0,0,0,0,0,0,54162968895.0,229261244.0,0.0145000005,0.15,1400470,1208564,0,64.5,12.9,2026-09-04
1026,MDB,Technology,Software - Infrastructure,NASDAQ,1691680,375.4,100.75,-20,-27,-20.65,63.2,58.0,-10.4,-13.3,-1.3,7.7,64,84,77,36,33.4,0,0,0,0,0,0,35922506844.00598,80431927.0,0.0363,0.252,2152050,1639982,0,57.6,35.6,2026-09-04
1027,VCYT,Healthcare,Diagnostics & Research,NASDAQ,1371773,44.88,100.73,-21,-18,-26.32,41.7,41.1,-2.7,-1.9,-16.1,-0.3,63,84,87,34,54.0,0,0,0,0,0,0,3484134293.806652,80390731.0,0.0998,0.155,1321680,1325674,0,64.7,24.7,2026-09-04
1028,CBSH,Financial Services,Banks - Regional,NASDAQ,952910,57.96,100.73,-3,-22,-4.86,22.9,84.7,0.5,-0.6,-0.7,8.6,63,66,47,30,16.6,0,0,0,0,0,0,8324803742.436081,143432178.0,0.0448,0.142,840510,1090548,0,39.9,33.8,2026-09-04
1029,AGCO,Industrials,Farm & Heavy Construction Machinery,NYSE,1074403,126.69,100.73,35,62,-11.89,35.5,83.1,12.7,21.5,19.1,15.9,63,28,55,74,41.8,0,0,0,0,0,0,7940897708.566025,70031729.0,0.0627,-0.01,1400350,926842,0,49.7,-18.8,2026-09-04
1030,GWRE,Technology,Software - Application,NYSE,1131693,192.76,100.66,17,-18,-29.29,58.2,37.5,-16.4,-12.8,1.0,3.4,63,46,11,21,2.9,0,0,0,0,0,0,17138323037.55652,83256364.0,0.0626,0.269,1244370,1287658,0,20.2,30.1,2026-09-04
1031,LW,Consumer Defensive,Packaged Foods,NYSE,1671463,52.41,100.63,2,-34,-21.86,29.6,40.5,-6.8,-6.3,-1.2,5.9,63,61,25,20,8.5,0,0,0,0,0,0,7558823963.905205,137483158.0,0.048800003,0.056,1376980,1645124,0,28.6,38.0,2026-09-04
1032,UMH,Real Estate,REIT - Residential,NYSE,696783,16.06,100.6,23,31,-4.23,13.0,72.0,-2.4,-2.3,1.0,2.8,63,40,48,38,23.9,0,0,0,0,0,0,1403538854.61401,85166195.0,0.0002,0.077,815900,666124,0,37.5,7.7,2026-09-04
1033,INN,Real Estate,REIT - Hotel & Motel,NYSE,912440,5.78,100.59,-25,-28,-19.39,43.7,57.9,-2.1,-3.5,-10.4,8.3,63,88,85,27,19.3,0,0,0,0,0,0,653591979.6085753,107853463.0,0.0001,0.032,731420,1157444,0,54.8,46.8,2026-09-04
1034,WEN,Consumer Cyclical,Restaurants,NASDAQ,9267160,8.24,100.56,7,-26,-21.15,30.1,44.7,-4.2,-4.6,0.6,4.5,63,56,23,21,4.2,0,0,0,0,0,0,1576584617.2676086,190639000.0,0.3754,0.017,7539430,18585944,0,26.1,36.2,2026-09-04
1035,AGNC,Real Estate,REIT - Mortgage,NASDAQ,17455303,10.62,100.55,2,0,-12.88,9.9,38.7,-1.2,-1.8,-2.2,-1.1,63,61,59,70,22.0,0,0,0,0,0,0,12921747320.074717,1185481447.0,0.0892,,14766460,17798092,0,53.0,17.9,2026-09-04
1036,KVUE,Consumer Defensive,Household & Personal Products,NYSE,20954143,19.13,100.54,-1,-27,-8.12,32.8,80.9,-1.8,-1.6,-2.3,4.4,63,64,38,36,9.9,0,0,0,0,0,0,36821227508.93339,1920773467.0,0.0319,0.03,18834360,20826076,0,37.0,35.2,2026-09-04
1037,AUR,Consumer Cyclical,Auto Parts,NASDAQ,28865140,5.85,100.53,-8,2,-31.7,68.2,55.5,8.7,1.7,0.0,18.5,63,71,81,26,32.3,0,0,0,0,0,0,11684225059.535088,2004155268.0,0.1586,1.0,28927890,26496700,0,52.6,27.3,2026-09-04
1038,GLBE,Consumer Cyclical,Internet Retail,NASDAQ,1407436,38.8,100.5,-17,-67,-11.8,39.3,73.1,-1.0,-4.1,-1.1,7.8,63,80,30,37,27.7,0,0,0,0,0,0,6710297398.598949,167967391.0,0.0323,0.391,1082740,1478930,0,43.7,39.7,2026-09-04
1039,GFR,Energy,Oil & Gas E&P,NYSE,588240,6.17,100.49,1,1,-13.83,42.3,66.1,-0.5,-3.5,-0.4,6.7,63,62,62,84,36.4,0,0,0,0,0,0,890871228.8881087,147008455.0,0.0095999995,0.219,1038110,424346,0,61.1,8.4,2026-09-04
1040,TBPH,Healthcare,Biotechnology,NASDAQ,525606,17.07,100.4,3,14,-18.83,25.9,49.0,0.2,0.5,0.7,-1.2,63,60,71,65,41.7,0,0,0,0,0,0,884737316.1104965,51890754.0,0.052699998,-0.209,459780,694420,0,59.4,7.0,2026-09-04
1041,HESM,Energy,Oil & Gas Midstream,NYSE,1280896,40.03,100.39,-1,-5,-3.84,25.7,89.9,0.3,0.1,0.7,6.0,63,64,60,66,13.8,0,0,0,0,0,0,5077561028.623112,128350881.0,0.0681,-0.037,1478750,1072886,0,50.9,25.1,2026-09-04
1042,DAN,Consumer Cyclical,Auto Parts,NYSE,1419033,30.67,100.39,-1,26,-22.47,76.7,66.9,5.3,5.0,12.8,6.2,63,64,91,93,68.5,0,0,0,0,0,0,3264952248.6872463,107576679.0,0.0653,0.039,1275670,1562514,2,79.1,-10.7,2026-09-04
1043,AVPT,Technology,Software - Infrastructure,NASDAQ,1893463,13.35,100.34,-1,-44,-20.39,49.4,58.3,-1.0,0.1,4.2,14.9,63,64,21,17,6.1,0,0,0,0,0,0,2961915964.0,211565426.0,0.060599998,0.22,1544910,2169324,0,27.0,42.6,2026-09-04
1044,AMKR,Technology,Semiconductor Equipment & Materials,NASDAQ,5667073,47.17,100.34,-19,-5,-51.21,93.9,33.6,-0.4,-7.0,-18.8,-14.9,63,82,96,91,82.9,0,0,0,0,0,0,11895904624.73587,248452472.0,0.1565,0.256,4398070,5270410,2,88.0,-3.7,2026-09-04
1045,IMTX,Healthcare,Biotechnology,NASDAQ,569440,9.5,100.3,10,28,-23.45,67.7,62.6,2.1,2.3,1.6,-4.5,63,53,71,88,74.6,0,0,0,0,0,0,1438526948.6153708,152225077.0,0.052199997,0.93,719410,489610,0,71.7,-19.6,2026-09-04
1046,FOXF,Consumer Cyclical,Auto Parts,NASDAQ,540130,20.41,100.27,30,27,-31.9,63.2,50.8,3.1,2.1,11.3,20.2,63,33,30,20,3.3,0,0,0,0,0,0,864157358.1130238,42031001.0,0.113400005,-0.045,335060,568126,0,21.6,17.8,2026-09-04
1047,PAAS,Basic Materials,Gold,NYSE,4803086,51.54,100.26,-1,1,-26.36,54.6,51.1,-2.3,0.0,8.9,-1.9,63,64,66,93,67.5,0,0,0,0,0,0,21920853217.1402,414618000.0,1.64,0.384,5973730,4602740,1,72.6,-7.8,2026-09-04
1048,SLM,Financial Services,Credit Services,NASDAQ,2337863,26.51,100.25,6,-22,-17.21,44.5,67.4,2.3,1.1,3.7,10.4,63,57,29,19,6.8,0,0,0,0,0,0,4965079971.313477,188000000.0,0.1088,0.081,1716230,2603908,0,28.0,35.5,2026-09-04
1049,RRC,Energy,Oil & Gas E&P,NYSE,2515583,42.48,100.15,21,29,-12.07,25.6,60.3,0.6,2.4,7.5,7.0,63,42,50,74,40.4,0,0,0,0,0,0,9688352477.960014,233679515.0,0.105,0.086,2156970,2870748,0,51.6,-6.4,2026-09-04
1050,CXT,Industrials,Specialty Industrial Machinery,NYSE,535500,50.07,100.14,19,-10,-27.43,38.6,42.5,0.4,-0.2,-2.1,4.4,63,44,15,22,5.0,0,0,0,0,0,0,2885548231.0021057,57561304.0,0.1742,0.22,434230,778262,0,21.5,26.8,2026-09-04
1051,PKG,Consumer Cyclical,Packaging & Containers,NYSE,619593,233.54,100.14,-13,-31,-10.17,23.8,69.3,-0.9,-3.8,-2.1,6.3,63,76,58,65,27.8,0,0,0,0,0,0,21418340042.228718,89098299.0,0.0383,0.147,551320,615348,0,56.7,28.1,2026-09-04
1052,CARG,Consumer Cyclical,Auto & Truck Dealerships,NASDAQ,880496,34.63,100.13,5,-30,-15.99,25.1,56.2,-5.2,-6.9,-5.3,-0.7,63,58,23,33,11.1,0,0,0,0,0,0,3256526478.003807,89073478.0,0.1319,0.131,714090,1057486,0,31.3,32.0,2026-09-04
1053,BRUN,Technology,Software - Infrastructure,NASDAQ,2368220,16.55,100.08,-27,-19,-60.6,71.6,25.4,-0.9,-7.7,-22.6,-1.0,63,90,98,51,76.3,0,0,1,0,0,1,1355260808.4058952,79487441.0,2.64,2.697,2267720,1987142,2,78.8,13.9,2026-09-04
1054,FLOC,Energy,Oil & Gas Equipment & Services,NYSE,535380,21.76,100.08,14,46,-23.0,48.1,49.5,-1.1,-4.8,0.0,-2.4,63,49,81,79,51.2,0,0,0,0,0,0,930462092.5303,43972689.0,0.092700005,0.221,455960,641456,0,65.0,-10.3,2026-09-04
1055,DOW,Basic Materials,Chemicals,NYSE,9166570,31.28,100.08,11,38,-26.81,42.6,41.4,-3.4,-4.8,-1.9,-6.5,63,52,79,88,44.1,0,0,0,0,0,0,22038615257.940662,722340711.0,0.0586,0.197,8808110,10062628,0,65.8,-5.9,2026-09-04
1056,TROW,Financial Services,Asset Management,NASDAQ,1682080,109.38,100.05,-6,-8,-10.34,27.4,66.5,-1.2,-1.5,-4.1,5.9,62,68,66,34,15.6,0,0,0,0,0,0,23729254698.30818,213315850.0,0.1358,0.107,1258080,1889790,0,45.9,33.2,2026-09-04
1057,ST,Technology,Scientific & Technical Instruments,NYSE,1588793,42.04,100.02,-21,-13,-21.99,51.0,58.2,2.7,-0.5,-4.0,7.0,62,83,91,68,52.7,0,0,0,0,0,0,5971336240.203918,145535862.0,0.0533,0.05,1257820,1615390,1,73.7,17.3,2026-09-04
1058,NATL,Technology,Software - Application,NYSE,670540,45.79,100.02,-13,-15,-5.59,35.0,85.4,-0.1,-0.6,-0.2,7.5,62,75,73,86,35.1,0,0,0,0,0,0,3418472042.80645,73896934.0,0.079,0.001,593990,698742,0,67.3,17.9,2026-09-04
1059,UCB,Financial Services,Banks - Regional,NYSE,803516,34.97,99.99,-3,-5,-5.94,23.2,82.2,1.5,0.0,0.1,6.4,62,65,63,46,24.3,0,0,0,0,0,0,4213291470.40902,119763827.0,0.049000002,0.244,634430,918244,0,49.6,24.3,2026-09-04
1060,NU,Financial Services,Banks - Regional,NYSE,70805076,15.4,99.98,24,7,-18.86,32.5,52.7,2.7,5.1,8.1,2.7,62,38,21,45,20.4,0,0,0,0,0,0,69078848745.08073,4830688659.0,0.0344,0.521,68078460,80701448,0,31.1,9.1,2026-09-04
1061,CP,Industrials,Railroads,NYSE,2549436,89.54,99.93,-8,-10,-7.6,33.0,81.7,-1.1,-1.6,0.3,10.1,62,70,68,64,39.3,0,0,0,0,0,0,82738938977.3432,879079224.0,0.021300001,0.126,1894140,2573112,0,60.3,16.8,2026-09-04
1062,GTY,Real Estate,REIT - Retail,NYSE,518353,32.49,99.92,-6,-7,-11.78,27.0,62.9,-1.0,-1.1,-3.9,1.6,62,68,67,76,32.7,0,0,0,0,0,0,2035727749.9787407,61932699.0,0.2047,0.054,481000,529554,0,60.9,16.2,2026-09-04
1063,WFC,Financial Services,Banks - Diversified,NYSE,12757466,89.27,99.9,4,-4,-8.68,22.5,72.1,3.6,3.6,3.8,5.9,62,58,50,40,28.6,0,0,0,0,0,0,262150509820.65088,3023999336.0,0.0,0.095,13578280,14386444,0,44.1,19.1,2026-09-04
1064,COLB,Financial Services,Banks - Regional,NASDAQ,3005593,30.08,99.85,-5,-2,-10.69,28.0,70.5,1.7,-0.7,-2.4,3.8,62,67,70,59,34.2,0,0,0,0,0,0,8506871112.425079,282902268.0,0.0349,0.351,2707280,2928076,0,57.5,17.7,2026-09-04
1065,KMI,Energy,Oil & Gas Midstream,NYSE,10915940,31.97,99.83,3,6,-8.16,21.5,65.6,-0.7,-1.2,-1.8,1.0,62,59,62,82,36.8,0,0,0,0,0,0,70277872739.59938,2226802089.0,0.023699999,0.108,11400370,10255012,0,60.0,6.2,2026-09-04
1066,CBOE,Financial Services,Financial Data & Stock Exchanges,BATS,1029516,294.12,99.81,21,45,-20.76,28.9,49.5,-2.2,0.1,5.0,4.6,62,41,65,82,47.7,0,0,0,0,0,0,32420611123.342712,104431019.0,0.0298,0.229,1136010,1168650,0,58.9,-14.0,2026-09-04
1067,GNL,Real Estate,REIT - Diversified,NYSE,2427076,9.15,99.77,2,14,-8.82,20.8,65.1,-0.5,0.5,1.3,-0.0,62,60,72,81,34.1,0,0,0,0,0,0,2118871534.823696,231317857.0,0.0,-0.1,1649200,2579922,0,61.8,7.6,2026-09-04
1068,AUPH,Healthcare,Biotechnology,NASDAQ,1117820,16.29,99.77,5,27,-15.38,45.5,66.4,-1.5,0.2,1.5,3.8,62,57,79,84,49.0,0,0,0,0,0,0,2167403648.5319824,133051168.0,0.0798,0.189,1006520,1426070,0,67.2,-3.6,2026-09-04
1069,AROC,Energy,Oil & Gas Equipment & Services,NYSE,1835443,32.3,99.74,-9,-2,-23.51,41.9,51.0,3.1,0.6,-7.4,-1.2,62,71,78,88,49.1,0,0,0,0,0,0,5477564859.268274,175338185.0,0.0555,-0.031,2085640,2003794,0,71.5,6.8,2026-09-04
1070,ARQT,Healthcare,Biotechnology,NASDAQ,1643313,23.85,99.73,-15,-38,-24.93,42.9,49.6,-1.5,-4.8,-9.4,-6.7,62,77,54,78,63.8,0,0,0,0,0,0,2988954918.8858204,125691961.0,0.1249,0.593,1798920,1617840,0,68.2,8.7,2026-09-04
1071,JACK,Consumer Cyclical,Restaurants,NASDAQ,820306,15.86,99.69,-3,-54,-33.53,71.7,47.7,-0.6,-4.3,-0.6,1.6,62,65,14,12,6.0,0,0,0,0,0,0,308801853.2264099,19073616.0,0.32259998,-0.018,554930,1022226,0,24.2,45.2,2026-09-04
1072,STOK,Healthcare,Biotechnology,NASDAQ,887553,30.5,99.67,-21,-24,-24.17,44.1,51.7,-5.5,-6.4,-4.3,-6.7,62,83,80,97,66.6,0,0,0,0,0,0,2040319826.1925771,64526242.0,0.20889999,-0.325,937390,913876,1,81.7,5.7,2026-09-04
1073,UGI,Utilities,Utilities - Regulated Gas,NYSE,2160320,37.9,99.66,18,15,-8.32,19.5,69.7,-0.6,2.0,4.1,3.4,62,44,41,63,28.8,0,0,0,0,0,0,8152953335.64732,214494967.0,0.0648,-0.045,2019150,1807174,0,44.2,4.1,2026-09-04
1074,EMR,Industrials,Specialty Industrial Machinery,NYSE,2851733,148.98,99.66,-2,-11,-10.44,23.9,71.9,-0.5,-2.6,2.3,7.1,62,64,55,58,33.9,0,0,0,0,0,0,86559399914.55078,557800000.0,0.0215,0.07,2191900,2722608,0,52.7,17.2,2026-09-04
1075,GOOGL,Communication Services,Internet Content & Information,NASDAQ,27693143,337.12,99.64,-13,-1,-17.5,44.6,61.9,-0.9,-1.5,-2.9,0.7,62,75,87,86,62.7,0,0,0,0,0,0,4238773068288.931,12229934831.0,0.0124,0.242,23498560,29881740,0,77.7,2.7,2026-09-04
1076,COF,Financial Services,Credit Services,NYSE,3403850,216.6,99.62,5,-22,-16.58,24.7,53.2,1.5,0.5,3.7,5.8,62,57,30,29,14.2,0,0,0,0,0,0,132313543876.64796,613500000.0,0.0197,11.11,3266190,3802456,0,32.6,29.7,2026-09-04
1077,ITT,Industrials,Specialty Industrial Machinery,NYSE,827986,201.0,99.58,6,12,-12.73,20.6,66.7,0.4,-2.3,1.8,5.0,62,56,62,76,39.0,0,0,0,0,0,0,18236586367.264893,89839824.0,0.082600005,0.515,607960,906098,0,58.2,3.9,2026-09-04
1078,CTRE,Real Estate,REIT - Healthcare Facilities,NYSE,2179533,39.57,99.57,-6,-16,-9.28,18.6,58.2,-1.2,-1.1,-4.2,0.1,62,68,58,83,33.4,0,0,0,0,0,0,9222523268.526154,236293199.0,0.1251,0.032,1929600,2437666,0,60.6,15.3,2026-09-04
1079,SEI,Energy,Oil & Gas Equipment & Services,NYSE,3065553,52.77,99.49,2,36,-38.77,120.7,51.9,5.3,-1.7,-8.1,-7.6,62,60,94,91,85.4,0,0,0,0,0,0,3284335490.4196167,65831540.0,0.2376,0.469,2429520,3051588,2,82.6,-22.3,2026-09-04
1080,BKD,Healthcare,Medical Care Facilities,NYSE,5142286,11.92,99.48,-19,-24,-30.25,59.9,46.9,-1.6,-3.6,-15.1,-11.7,62,81,76,94,67.7,0,0,0,0,0,0,2798938257.2110863,238817252.0,0.16790001,-0.089,4632710,5363912,1,79.7,4.6,2026-09-04
1081,IRM,Real Estate,REIT - Specialty,NYSE,1721900,111.84,99.47,-12,-5,-16.96,48.2,70.1,-0.7,-3.6,-4.6,6.7,62,74,81,78,48.9,0,0,0,0,0,0,34950310583.05844,297702812.0,0.0324,0.185,1596000,1889014,0,70.5,11.1,2026-09-04
1082,JCI,Industrials,Building Products & Equipment,NYSE,3312293,139.25,99.47,-15,-15,-11.34,37.3,80.0,2.4,-0.5,0.3,7.6,62,77,77,83,54.2,0,0,0,0,0,0,84555449579.00848,605741470.0,0.021,0.093,2595130,3735122,0,72.8,10.2,2026-09-04
1083,CVLT,Technology,Software - Application,NASDAQ,632110,131.56,99.44,-11,-23,-33.62,81.4,50.9,1.4,-0.9,-2.2,20.2,61,72,60,10,3.6,0,0,0,0,0,0,5653038276.642456,41444564.0,0.0907,0.114,502060,672624,0,36.4,47.8,2026-09-04
1084,SKT,Real Estate,REIT - Retail,NYSE,903063,37.7,99.4,-14,-22,-11.36,18.0,54.4,-1.4,-2.2,-5.7,2.9,61,75,67,69,26.8,0,0,0,0,0,0,4334265805.644009,114875851.0,0.097200006,0.115,781850,942002,0,59.4,26.1,2026-09-04
1085,VRDN,Healthcare,Biotechnology,NASDAQ,1584136,22.78,99.4,9,-29,-33.57,72.3,47.0,-2.2,-2.0,8.7,-3.6,61,52,14,85,43.9,0,0,0,0,0,0,2614785559.876486,113292269.0,0.174,2.787,987810,1943070,0,48.7,1.2,2026-09-04
1086,AWK,Utilities,Utilities - Regulated Water,NYSE,2356650,139.49,99.37,6,-17,-4.22,16.2,80.5,1.5,2.4,4.1,7.0,61,55,32,58,16.5,0,0,0,0,0,0,27484219785.172745,198728989.0,0.0688,0.062,2005240,2260214,0,40.4,21.0,2026-09-04
1087,ORI,Financial Services,Insurance - Property & Casualty,NYSE,1139263,42.09,99.35,-9,-40,-9.99,13.0,47.9,-1.4,-1.8,-1.8,-0.3,61,70,39,65,18.0,0,0,0,0,0,0,10157082954.86052,241432922.0,0.0515,0.134,1021750,1275724,0,48.0,30.1,2026-09-04
1088,FNB,Financial Services,Banks - Regional,NYSE,3856270,18.28,99.29,-7,-8,-6.69,27.4,83.1,1.6,-0.2,-1.2,5.0,61,68,67,61,29.4,0,0,0,0,0,0,6553296246.774212,355963949.0,0.082200006,0.068,3069450,4844558,0,56.4,20.8,2026-09-04
1089,QRVO,Technology,Semiconductors,NASDAQ,1157703,100.63,99.29,1,16,-8.09,35.3,83.3,5.8,6.0,11.5,17.1,61,60,75,40,29.9,0,0,0,0,0,0,8357235590.2441635,88221633.0,0.0645,-0.042,872510,1152432,0,51.2,17.6,2026-09-04
1090,XPO,Industrials,Trucking,NYSE,951543,185.98,99.28,-15,-2,-19.85,56.2,66.3,1.7,-2.0,-4.7,2.2,61,76,89,88,63.8,0,0,0,0,0,0,22077823554.544373,117086465.0,0.0519,0.132,850020,1009556,0,79.2,2.4,2026-09-04
1091,TFPM,Basic Materials,Other Precious Metals & Mining,NYSE,577226,34.1,99.28,8,-14,-18.23,26.3,48.7,-1.2,2.1,10.1,2.1,61,53,31,88,46.3,0,0,0,0,0,0,7004103054.0,206003031.0,3.24,0.373,659440,626972,0,54.6,-1.5,2026-09-04
1092,BNTX,Healthcare,Biotechnology,NASDAQ,1512803,103.81,99.27,33,36,-16.28,23.7,56.1,-2.7,1.0,7.5,6.2,61,28,31,34,17.4,0,0,0,0,0,0,25641684892.835117,251204366.0,0.0376,-0.595,1846460,1232600,0,27.6,3.8,2026-09-04
1093,SCI,Consumer Cyclical,Personal Services,NYSE,969796,81.09,99.24,3,-23,-10.88,19.5,70.9,-1.0,-1.1,0.9,3.0,61,58,32,51,22.0,0,0,0,0,0,0,11361266775.505783,136291587.0,0.0432,0.036,639620,1085072,0,40.8,22.0,2026-09-04
1094,OHI,Real Estate,REIT - Healthcare Facilities,NYSE,1804156,46.99,99.22,-9,-28,-10.31,17.7,56.6,-0.4,-0.3,-3.9,0.0,61,70,51,80,26.6,0,0,0,0,0,0,13756115392.047882,299111000.0,0.0403,0.112,1629980,1820194,0,56.9,21.6,2026-09-04
1095,ALKT,Technology,Software - Application,NASDAQ,1271076,19.88,99.2,14,-17,-26.07,35.0,42.7,-2.0,-2.2,4.5,6.6,61,47,16,21,4.1,0,0,0,0,0,0,2162366762.16877,106941980.0,0.0904,0.159,1092910,1568186,0,22.0,29.7,2026-09-04
1096,HOMB,Financial Services,Banks - Regional,NYSE,1412023,29.69,99.2,-6,-33,-6.34,17.4,77.1,1.4,-0.5,0.1,6.4,61,67,40,38,17.3,0,0,0,0,0,0,5925470208.488331,200049630.0,0.059,0.086,1319110,1779934,0,40.6,33.3,2026-09-04
1097,SRTA,Healthcare,Medical Care Facilities,NASDAQ,1049093,5.39,99.19,-13,-2,-17.08,33.3,53.6,-7.5,-9.1,-3.2,4.4,61,74,85,76,47.6,0,0,0,0,0,0,528146813.25892544,88466806.0,0.060100004,0.607,911390,1083498,0,70.6,11.7,2026-09-04
1098,IHS,Real Estate,Real Estate Services,NYSE,1321833,8.43,99.19,0,9,-5.81,35.7,89.6,1.0,1.3,2.4,5.6,61,61,70,87,36.9,0,0,0,0,0,0,2828530643.839836,338341000.0,0.0152,0.104,1474920,1179492,0,63.7,5.9,2026-09-04
1099,DEC,Energy,Oil & Gas Integrated,NYSE,848710,15.25,99.16,26,31,-19.31,24.0,51.0,2.3,4.5,10.6,6.6,61,35,40,61,16.4,0,0,0,0,0,0,1019056687.75,69088589.0,0.066199996,0.247,704570,940520,0,38.1,3.6,2026-09-04
1100,FWONK,Communication Services,Entertainment,NASDAQ,1932623,97.4,99.14,9,-9,-10.94,17.3,52.3,-5.0,-6.3,-4.2,3.6,61,52,34,35,12.8,0,0,0,0,0,0,25522124538.101578,250708485.0,0.040799998,0.183,1703600,2061350,0,33.4,24.8,2026-09-04
1101,ENR,Industrials,Electrical Equipment & Parts,NYSE,1067820,20.92,99.13,8,-2,-30.93,30.8,37.2,-1.3,-2.7,-0.7,6.4,61,53,43,20,2.7,0,0,0,0,0,0,1525130627.3393211,68483637.0,0.1019,0.012,965250,1031190,0,29.7,32.8,2026-09-04
1102,SWIM,Industrials,Building Products & Equipment,NASDAQ,879126,6.87,99.12,-6,-51,-23.38,49.2,67.2,1.2,-0.8,9.3,14.2,61,67,22,32,8.3,0,0,0,0,0,0,832934279.904316,117646086.0,0.0623,0.144,745980,843676,0,32.3,40.9,2026-09-04
1103,F,Consumer Cyclical,Auto Manufacturers,NYSE,48399293,14.14,99.07,-10,1,-20.47,30.4,54.7,4.0,3.9,3.6,8.3,61,71,82,64,45.6,0,0,0,0,0,0,55347828314.30411,3987595667.0,0.0,-0.038,43099160,48710598,0,65.7,13.0,2026-09-04
1104,MMM,Industrials,Conglomerates,NYSE,3002246,168.75,99.05,-13,-44,-8.73,19.4,64.3,-3.1,-5.1,-1.8,4.8,61,74,43,41,26.5,0,0,0,0,0,0,89911044291.1481,515722417.0,0.0187,0.025,2577470,3277768,0,46.1,33.5,2026-09-04
1105,SYF,Financial Services,Credit Services,NYSE,3336686,78.39,98.96,2,-2,-11.69,25.3,65.4,1.1,0.9,4.0,6.4,61,59,55,37,21.3,0,0,0,0,0,0,25395195054.953003,325370840.0,0.0733,0.006,3749140,3603544,0,43.1,23.6,2026-09-04
1106,ABEO,Healthcare,Biotechnology,NASDAQ,1393786,5.95,98.92,-15,-55,-22.22,43.9,55.6,0.1,-3.9,-6.6,9.2,61,76,36,29,7.4,0,0,0,0,0,0,338529385.00279427,57184017.0,0.26790002,27.45,918820,1466852,0,37.1,47.7,2026-09-04
1107,MO,Consumer Defensive,Tobacco,NYSE,9568193,69.56,98.9,0,11,-9.73,25.9,70.1,0.1,2.7,-1.4,3.8,61,61,72,76,20.5,0,0,0,0,0,0,114627923067.72704,1669743926.0,0.024300002,0.012,8369990,8626562,0,57.4,16.2,2026-09-04
1108,ESI,Basic Materials,Specialty Chemicals,NYSE,4683136,34.43,98.88,-15,-2,-30.09,56.6,49.9,1.9,-1.1,-5.9,2.5,61,76,89,77,58.1,0,0,0,0,0,0,8511954499.467087,243686070.0,0.0367,0.564,5765420,5524564,0,75.0,7.4,2026-09-04
1109,SVV,Consumer Cyclical,Specialty Retail,NYSE,1812843,10.25,98.87,-7,-40,-26.21,47.2,50.7,-0.5,-2.8,1.4,11.3,61,68,35,26,5.5,0,0,0,0,0,0,1619689199.586525,153234555.0,0.17790002,0.074,1202230,1391196,0,33.6,43.0,2026-09-04
1110,GOOG,Communication Services,Internet Content & Information,NASDAQ,18797470,333.78,98.85,-14,-2,-17.48,43.2,61.3,-0.9,-1.6,-3.2,0.2,61,75,87,85,61.5,0,0,0,0,0,0,4193400114569.759,12229934831.0,2.1,0.242,16449890,20083598,0,77.1,3.5,2026-09-04
1111,SSNC,Technology,Software - Application,NASDAQ,1769263,82.55,98.84,8,-19,-8.54,34.8,77.0,0.5,1.8,11.1,11.0,61,53,26,29,11.8,0,0,0,0,0,0,19574919336.65387,234654996.0,0.0341,0.103,1477730,1787960,0,30.0,28.1,2026-09-04
1112,VRSN,Technology,Software - Infrastructure,NASDAQ,800193,289.96,98.84,-5,-6,-7.21,38.1,81.8,0.2,1.9,4.7,11.6,61,66,65,37,23.3,0,0,0,0,0,0,26390471337.890625,90400000.0,0.0166,0.06,653810,779330,0,47.8,27.3,2026-09-04
1113,KIM,Real Estate,REIT - Retail,NYSE,4596186,24.08,98.82,-9,-10,-9.64,19.3,57.9,-1.4,-2.0,-5.3,2.4,60,69,68,72,20.6,0,0,0,0,0,0,15951371750.53451,670789373.0,0.052399997,0.049,4785110,4322988,0,57.4,23.7,2026-09-04
1114,TFC,Financial Services,Banks - Regional,NYSE,6194123,50.81,98.82,-4,-4,-9.59,25.7,71.7,2.2,0.8,0.2,4.0,60,64,64,55,28.3,0,0,0,0,0,0,61606609033.65073,1221626188.0,0.020299999,0.082,5731510,7066616,0,52.8,19.6,2026-09-04
1115,SYNA,Technology,Semiconductors,NASDAQ,716713,95.99,98.82,-15,4,-35.62,69.2,45.4,3.0,-1.6,-9.8,2.9,60,75,94,59,60.0,0,0,0,0,0,0,3718292300.48703,39106986.0,0.1183,0.089,880700,1012478,1,72.0,8.8,2026-09-04
1116,WWW,Consumer Cyclical,Footwear & Accessories,NYSE,823436,19.28,98.8,13,-3,-41.22,41.7,35.5,3.7,4.2,9.4,17.3,60,47,31,32,1.5,0,0,0,0,0,0,1669229347.7823296,82066339.0,0.112399995,0.068,654660,831902,0,27.9,27.4,2026-09-04
1117,DNP,Financial Services,Asset Management,NYSE,575477,10.75,98.8,-1,4,-3.67,9.7,72.0,-1.2,-1.4,-1.6,2.3,60,61,66,67,27.9,0,0,0,0,0,0,4118656027.7367096,376821218.0,0.0027,0.043,638832,624540,0,55.5,14.9,2026-09-04
1118,EXLS,Technology,Information Technology Services,NASDAQ,2433913,36.91,98.75,24,8,-18.12,45.2,57.7,-2.5,0.1,13.6,9.4,60,36,20,17,5.8,0,0,0,0,0,0,5821920192.942314,151612499.0,0.0808,0.156,1943620,2600618,0,19.7,20.5,2026-09-04
1119,RXO,Industrials,Trucking,NYSE,1858173,19.79,98.74,-12,11,-33.81,97.1,54.1,-2.1,-5.2,-14.0,9.2,60,72,95,21,46.6,0,0,0,0,0,0,3613531439.31427,164926128.0,0.2524,0.25,1418650,1793060,1,58.6,20.6,2026-09-04
1120,OMC,Communication Services,Advertising Agencies,NYSE,2728016,81.76,98.73,-6,-30,-8.72,22.8,70.8,-4.4,-4.5,-0.1,5.9,60,66,42,58,22.9,0,0,0,0,0,0,25160346634.97205,285006196.0,0.0933,0.634,2162330,3127038,0,47.2,25.6,2026-09-04
1121,APAM,Financial Services,Asset Management,NYSE,840903,41.17,98.7,2,-25,-13.33,22.4,57.6,-2.3,-1.9,3.8,5.0,60,58,31,33,8.0,0,0,0,0,0,0,3086215029.175568,70996433.0,0.0638,0.089,687260,885442,0,32.5,32.7,2026-09-04
1122,INDV,Healthcare,Drug Manufacturers - Specialty & Generic,NASDAQ,2341520,35.05,98.68,-15,-1,-18.13,55.2,64.3,-0.9,-5.2,-10.0,-1.9,60,75,89,93,59.1,0,0,0,0,0,0,4115135814.577824,118013649.0,0.10520001,0.136,2032940,2141882,1,79.0,3.0,2026-09-04
1123,AER,Industrials,Rental & Leasing Services,NYSE,1102410,144.92,98.68,-9,-24,-8.75,21.3,72.2,-0.9,-1.7,-2.6,1.3,60,69,54,68,38.3,0,0,0,0,0,0,23183078610.287857,157184065.0,0.0172,0.149,1150500,1078882,0,57.3,17.0,2026-09-04
1124,IBN,Financial Services,Banks - Regional,NYSE,5371796,30.58,98.66,7,-21,-7.42,20.2,65.9,0.4,1.2,1.8,4.9,60,53,25,31,12.3,0,0,0,0,0,0,107218787187.56796,3588312925.0,0.0147,0.114,5761090,6311748,0,30.3,27.6,2026-09-04
1125,SKY,Consumer Cyclical,Residential Construction,NYSE,672843,86.06,98.63,-18,-56,-13.22,36.6,70.8,-1.3,-3.5,1.3,5.7,60,78,40,41,29.6,0,0,0,0,0,0,4897153755.739929,54280134.0,0.0655,0.013,573670,697400,0,47.1,35.4,2026-09-04
1126,SHOP,Technology,Software - Application,NASDAQ,9844496,141.87,98.62,-13,-62,-22.13,52.1,59.4,-2.0,-3.0,8.2,10.5,60,73,24,41,17.2,0,0,0,0,0,0,196727849196.84863,1286643931.0,0.0128,0.337,6254610,9138444,0,38.8,39.2,2026-09-04
1127,SF,Financial Services,Capital Markets,NYSE,1055776,80.01,98.61,3,-16,-10.93,19.9,64.8,1.0,-0.8,2.3,3.6,60,57,38,42,23.7,0,0,0,0,0,0,12274931095.106216,151001734.0,0.0,0.127,1069690,1204500,0,40.2,21.6,2026-09-04
1128,ETR,Utilities,Utilities - Regulated Electric,NYSE,2332160,106.75,98.6,4,20,-9.88,23.5,65.8,0.6,0.3,-2.8,1.7,60,56,72,79,41.9,0,0,0,0,0,0,49346280913.5,466631498.0,0.050300002,0.059,2029090,2547676,0,62.2,0.8,2026-09-04
1129,KRG,Real Estate,REIT - Retail,NYSE,2496053,26.26,98.49,-10,-5,-12.23,21.7,54.5,-0.6,-1.1,-6.2,0.6,60,70,75,75,31.5,0,0,0,0,0,0,5279730326.0,203066551.0,0.092700005,-0.08,2005720,2583218,0,62.9,17.7,2026-09-04
1130,GD,Industrials,Aerospace & Defense,NYSE,1024580,364.07,98.48,-7,-17,-8.98,15.0,56.2,-3.7,-6.0,-4.9,1.4,60,67,57,76,29.8,0,0,0,0,0,0,102627757189.02008,270557195.0,0.0112,0.081,963350,1069586,0,57.5,17.8,2026-09-04
1131,CINF,Financial Services,Insurance - Property & Casualty,NASDAQ,585920,171.69,98.41,-6,-19,-11.87,13.0,48.5,-0.4,-0.2,-3.5,2.3,60,66,53,66,28.6,0,0,0,0,0,0,26393619586.00113,153478045.0,0.026500002,0.316,464140,726208,0,53.4,20.0,2026-09-04
1132,AVO,Consumer Defensive,Food Distribution,NASDAQ,648360,12.77,98.39,28,18,-17.77,25.4,49.1,-0.9,-1.9,-1.5,-1.1,60,32,22,72,18.9,0,0,0,0,0,0,1128581302.87603,88377546.0,0.080699995,-0.235,503630,916144,0,36.2,-0.4,2026-09-04
1133,IVT,Real Estate,REIT - Retail,NYSE,599483,32.78,98.35,-7,-1,-11.93,19.8,56.8,0.0,-0.9,-5.3,2.9,60,67,73,67,27.6,0,0,0,0,0,0,2538197869.5571785,77978431.0,0.0805,0.126,568670,682720,0,58.6,19.1,2026-09-04
1134,ABVX,Healthcare,Biotechnology,NASDAQ,896750,111.08,98.33,-17,6,-25.36,58.3,58.1,0.4,-2.6,-8.3,-3.9,59,76,99,99,53.2,0,0,1,1,0,2,9890217756.811272,87253797.0,0.0696,0.352,975210,1438264,2,81.8,4.5,2026-09-04
1135,ROP,Technology,Software - Application,NASDAQ,780090,415.79,98.32,20,0,-21.55,29.1,44.1,-2.6,-0.5,6.0,8.3,59,39,19,17,3.8,0,0,0,0,0,0,42151553706.08606,98900874.0,0.0596,0.085,645990,862940,0,19.7,24.0,2026-09-04
1136,CHD,Consumer Defensive,Household & Personal Products,NYSE,1841310,99.32,98.3,-5,-25,-6.34,20.8,71.6,-2.2,-1.9,-0.7,3.8,59,64,44,65,20.6,0,0,0,0,0,0,24019268129.542213,237203907.0,0.052399997,0.016,1720290,1799170,0,48.4,23.5,2026-09-04
1137,ZBH,Healthcare,Medical Devices,NYSE,2147076,99.5,98.27,-4,-34,-6.9,23.2,70.7,-1.8,-1.4,3.3,7.3,59,63,33,41,11.4,0,0,0,0,0,0,19247340895.49228,190737689.0,0.0608,0.048,1325030,2212002,0,37.1,33.2,2026-09-04
1138,RDN,Financial Services,Insurance - Specialty,NYSE,989973,36.49,98.25,-10,-34,-11.11,15.8,62.1,0.5,0.2,-2.5,3.5,59,69,45,44,20.8,0,0,0,0,0,0,4817090968.192421,132301318.0,0.0496,0.935,926300,1181808,0,44.7,31.5,2026-09-04
1139,MLI,Industrials,Metal Fabrication,NYSE,1194790,62.07,98.21,-17,-10,-12.72,33.6,70.6,1.5,-0.8,1.4,3.1,59,76,83,77,50.6,0,0,0,0,0,0,13890190997.651993,221181388.0,0.0208,0.255,1317550,1462756,0,71.6,11.8,2026-09-04
1140,NDAQ,Financial Services,Financial Data & Stock Exchanges,NASDAQ,3093906,95.72,98.18,4,-12,-5.96,26.1,83.0,-1.5,-0.6,4.4,7.2,59,55,39,42,20.0,0,0,0,0,0,0,55512041448.62915,558977372.0,0.024400001,0.149,3036550,3768830,0,39.0,21.7,2026-09-04
1141,AMZN,Consumer Cyclical,Internet Retail,NASDAQ,43481110,254.98,98.18,-2,2,-11.22,30.0,70.1,-0.3,-1.4,1.8,8.1,59,61,65,40,28.2,0,0,0,0,0,0,2873797445986.64,10786313572.0,0.0097,0.196,32652420,48397208,0,48.5,20.2,2026-09-04
1142,ARCO,Consumer Cyclical,Restaurants,NYSE,1076403,8.21,98.17,1,8,-15.79,23.0,53.5,1.1,2.2,0.2,0.0,59,58,65,62,37.6,0,0,0,0,0,0,1685304456.0,210663057.0,0.0278,0.143,1050710,1235086,0,55.6,8.7,2026-09-04
1143,FOXA,Communication Services,Entertainment,NASDAQ,4986353,67.52,98.15,26,60,-11.61,34.1,60.9,-3.6,-2.7,7.8,3.1,59,33,67,41,25.7,0,0,0,0,0,0,28766331338.07599,420437476.0,0.2687,0.281,5035960,5756808,0,41.7,-1.4,2026-09-04
1144,GRPN,Communication Services,Internet Content & Information,NASDAQ,1320226,18.83,98.12,-32,-83,-37.02,95.7,48.7,-1.5,-6.1,-20.8,8.9,59,91,40,9,4.9,0,0,0,0,0,0,794193258.8026428,40665296.0,0.5071,-0.008,991650,1546382,1,36.2,64.6,2026-09-04
1145,EMN,Basic Materials,Specialty Chemicals,NYSE,1023376,72.16,98.12,-2,-4,-13.55,26.3,59.3,-1.1,-2.4,0.8,0.8,59,61,59,47,21.0,0,0,0,0,0,0,8349273138.131134,114326623.0,0.065799996,0.099,878780,1160792,0,47.0,23.0,2026-09-04
1146,CAG,Consumer Defensive,Packaged Foods,NYSE,11130523,16.18,98.11,26,9,-20.37,23.1,39.0,-3.6,-2.1,3.1,-2.5,59,33,16,28,5.3,0,0,0,0,0,0,7724288095.142506,480067621.0,0.109,0.036,9413300,16406106,0,20.6,16.5,2026-09-04
1147,DD,Basic Materials,Specialty Chemicals,NYSE,1529106,132.93,98.1,-17,-13,-15.86,42.2,63.0,-2.4,-4.9,-4.9,-3.7,59,76,80,85,54.9,0,0,0,0,0,0,18498186138.534164,135042975.0,0.0322,0.04,1086190,1492564,0,74.0,8.4,2026-09-04
1148,FR,Real Estate,REIT - Industrial,NYSE,880046,61.65,98.08,-9,-12,-11.78,23.1,62.3,-0.8,-1.3,-3.6,1.3,59,68,65,70,39.1,0,0,0,0,0,0,8211411880.502228,132570424.0,0.0385,0.084,717430,1080786,0,60.5,14.4,2026-09-04
1149,MPWR,Technology,Semiconductors,NASDAQ,752193,1219.36,98.07,-12,10,-28.86,46.7,45.5,-3.0,-6.8,-7.9,-2.1,59,71,93,84,61.7,0,0,0,0,0,0,61736385659.91211,49143000.0,0.0504,0.476,549560,887456,1,77.4,-0.1,2026-09-04
1150,NNN,Real Estate,REIT - Retail,NYSE,1291356,45.07,98.05,-8,-14,-9.86,14.3,52.9,-1.8,-2.3,-5.0,1.3,59,67,61,71,23.2,0,0,0,0,0,0,8688633895.235184,190248177.0,0.0432,0.077,1140280,1452900,0,55.6,21.7,2026-09-04
1151,CL,Consumer Defensive,Household & Personal Products,NYSE,4394446,90.1,97.99,-4,-24,-9.29,18.4,57.1,-2.0,-2.6,-3.3,1.2,59,63,43,62,24.2,0,0,0,0,0,0,72343434231.75,797172829.0,0.024600001,0.049,4068000,4447040,0,48.0,21.6,2026-09-04
1152,TRNO,Real Estate,REIT - Industrial,NYSE,651820,65.74,97.95,-9,-19,-16.72,17.4,50.7,-1.8,-2.9,-5.3,1.1,59,68,58,55,32.2,0,0,0,0,0,0,7256332543.838806,108970310.0,0.1024,0.111,607780,848976,0,53.3,21.5,2026-09-04
1153,PYPL,Financial Services,Credit Services,NASDAQ,12408680,54.67,97.92,-6,-54,-30.99,40.6,42.9,-4.0,-6.7,-0.1,7.7,59,65,17,16,4.7,0,0,0,0,0,0,45904030368.30703,855460874.0,0.044099998,0.048,14444280,15546454,0,25.7,44.8,2026-09-04
1154,AES,Utilities,Utilities - Diversified,NYSE,7168793,14.8,97.88,2,16,-16.15,18.2,47.8,0.2,0.3,0.3,1.4,59,57,71,74,34.7,0,0,0,0,0,0,10504812786.032309,713157713.0,0.024300002,0.199,8616050,7767624,0,59.2,6.4,2026-09-04
1155,PTCT,Healthcare,Biotechnology,NASDAQ,1068823,71.79,97.88,1,9,-21.0,21.7,37.9,-2.6,-3.5,-8.6,-5.5,59,58,66,58,39.9,0,0,0,0,0,0,5849767306.537415,83460802.0,0.16600001,1.015,740670,1481312,0,55.5,8.3,2026-09-04
1156,KMB,Consumer Defensive,Household & Personal Products,NASDAQ,3387470,109.29,97.85,0,-30,-16.91,12.8,31.4,-3.7,-3.7,-4.3,1.7,59,59,29,28,5.0,0,0,0,0,0,0,36434034627.85068,332579038.0,0.1528,0.006,3181420,3867764,0,30.3,36.2,2026-09-04
1157,HTHT,Consumer Cyclical,Lodging,NASDAQ,1582396,46.74,97.85,7,9,-17.48,24.3,46.5,-3.8,-0.9,4.9,-4.0,59,52,54,83,46.2,0,0,0,0,0,0,14705788930.731178,307523819.0,0.0405,0.108,1564630,1622082,0,58.8,-3.5,2026-09-04
1158,BLK,Financial Services,Asset Management,NYSE,618976,1107.08,97.83,4,-10,-9.25,21.6,71.3,-2.4,-2.6,2.8,6.0,59,55,41,34,18.3,0,0,0,0,0,0,180342151695.5298,154869259.0,0.0119,0.306,638280,740310,0,37.1,23.9,2026-09-04
1159,NOMD,Consumer Defensive,Packaged Foods,NYSE,1737420,11.59,97.79,8,-19,-25.61,28.1,45.4,-1.4,-0.7,-0.5,4.0,59,51,24,16,4.0,0,0,0,0,0,0,1660719103.7178297,139791169.0,0.026199998,-0.031,1419370,1645546,0,23.7,33.2,2026-09-04
1160,GE,Industrials,Aerospace & Defense,NYSE,3533200,329.5,97.78,-23,-39,-15.26,23.4,59.2,-0.8,-4.0,-5.6,4.9,58,81,65,79,39.8,0,0,0,0,0,0,355448151771.42615,1037562513.0,0.0128999995,0.211,3626080,4030626,0,66.2,22.6,2026-09-04
1161,DLR,Real Estate,REIT - Specialty,NYSE,2515383,183.76,97.77,-2,-2,-11.71,27.4,72.3,0.2,-1.6,0.9,5.3,58,60,60,71,35.0,0,0,0,0,0,0,68809134349.5693,370998727.0,0.0001,0.299,2175440,3025262,0,56.5,10.3,2026-09-04
1162,BSBR,Financial Services,Banks - Regional,NYSE,4314520,5.89,97.76,8,-9,-19.54,18.3,42.6,2.3,3.4,7.8,0.6,58,50,33,69,32.9,0,0,0,0,0,0,43502533968.91024,7487527435.0,2.97,0.288,3567770,3301896,0,46.2,6.4,2026-09-04
1163,NTLA,Healthcare,Biotechnology,NASDAQ,3407060,12.76,97.74,34,88,-54.83,58.5,23.6,-1.1,1.5,-1.4,1.5,58,24,78,86,28.1,0,0,0,0,0,0,1803430522.8737729,140126693.0,0.4035,-0.462,3218600,3931820,0,54.0,-19.9,2026-09-04
1164,BOBS,Consumer Cyclical,Specialty Retail,NYSE,991176,16.54,97.73,-31,-106,-29.59,79.1,61.4,3.5,-0.5,4.4,,58,89,14,42,,0,0,0,0,0,0,2262193215.765572,130687076.0,0.2214,0.088,607080,1040294,0,48.3,,2026-09-04
1165,NJR,Utilities,Utilities - Regulated Gas,NYSE,620623,53.64,97.7,-7,-3,-11.86,21.0,58.2,-0.7,-1.7,-5.4,0.1,58,65,69,79,33.1,0,0,0,0,0,0,5409396158.805901,100921573.0,0.048600003,0.168,524370,655108,0,61.5,12.8,2026-09-04
1166,WGS,Healthcare,Diagnostics & Research,NASDAQ,709143,86.72,97.67,-16,-83,-49.25,149.2,38.7,-1.0,3.0,17.7,1.4,58,74,7,18,1.6,0,0,0,0,0,0,2574729049.9316483,29822541.0,0.4037,0.114,476040,745246,0,25.2,54.1,2026-09-04
1167,BEKE,Real Estate,Real Estate Services,NYSE,3810153,17.94,97.67,25,25,-14.49,25.7,60.0,0.5,2.3,7.4,6.7,58,33,33,31,13.5,0,0,0,0,0,0,20209803330.383743,1103155222.0,0.056700002,-0.057,5723540,3832454,0,27.6,10.1,2026-09-04
1168,STRC,Technology,Software - Application,NASDAQ,1443280,97.07,97.66,10,18,-3.33,31.1,90.9,0.4,1.6,7.3,1.3,58,48,56,66,17.5,0,0,0,0,0,0,,,2.41,0.069,1640380,1956666,0,46.9,10.9,2026-09-04
1169,VNO,Real Estate,REIT - Office,NYSE,1470890,36.57,97.66,-16,-23,-15.68,48.1,65.1,-3.3,-4.3,-6.3,9.5,58,74,67,18,10.2,0,0,0,0,0,0,7185334422.707199,188097756.0,0.0001,0.05,1076930,1514630,0,42.3,43.8,2026-09-04
1170,TRU,Financial Services,Financial Data & Stock Exchanges,NYSE,2047353,82.39,97.63,3,-27,-13.73,24.0,52.8,-5.0,-3.3,0.3,4.3,58,55,25,26,8.7,0,0,0,0,0,0,16414371649.169922,191600000.0,0.045,0.149,1727890,2212944,0,28.7,31.9,2026-09-04
1171,EFC,Real Estate,REIT - Mortgage,NYSE,1110166,13.33,97.59,2,12,-5.59,19.2,80.1,0.1,-0.5,-0.2,2.0,58,56,66,40,15.2,0,0,0,0,0,0,1749001788.6866913,128887386.0,0.0657,0.338,996110,1206746,0,44.3,22.6,2026-09-04
1172,AVY,Consumer Cyclical,Packaging & Containers,NYSE,1043910,174.42,97.57,9,-11,-12.59,14.4,49.6,-1.2,-2.0,2.9,1.1,58,49,29,44,22.3,0,0,0,0,0,0,13471342240.5,75788142.0,0.041500002,0.109,1357640,908668,0,36.1,16.3,2026-09-04
1173,OCFC,Financial Services,Banks - Regional,NASDAQ,965876,19.09,97.57,-2,-14,-7.38,13.0,69.7,2.4,1.5,0.4,3.2,58,60,48,45,21.4,0,0,0,0,0,0,1824661653.6121044,96645219.0,0.0436,0.322,948480,1029526,0,43.6,23.5,2026-09-04
1174,MDLZ,Consumer Defensive,Confectioners,NASDAQ,8284873,62.45,97.56,3,7,-6.3,19.0,72.5,-1.8,-2.3,-0.4,3.7,58,55,59,37,17.6,0,0,0,0,0,0,80048400191.23764,1283649766.0,0.0239,0.041,7157260,8710452,0,42.2,21.9,2026-09-04
1175,BKNG,Consumer Cyclical,Travel Services,NASDAQ,5610776,199.6,97.56,-6,-47,-11.72,25.4,56.8,-4.6,-6.5,-0.5,4.0,58,64,23,27,7.0,0,0,0,0,0,0,159338256578.2661,774878436.0,0.028299998,0.081,4701870,6236652,0,30.2,40.0,2026-09-04
1176,CVNA,Consumer Cyclical,Auto & Truck Dealerships,NYSE,9829600,74.16,97.53,26,37,-23.84,32.6,46.5,1.1,2.7,8.5,2.1,58,32,43,35,17.9,0,0,0,0,0,0,53302612025.70316,719916415.0,0.1221,0.524,7563530,10107418,0,32.0,5.4,2026-09-04
1177,HR,Real Estate,REIT - Healthcare Facilities,NYSE,3533516,19.3,97.5,-11,-9,-12.43,17.0,50.3,-0.5,-0.7,-5.4,2.1,58,69,71,71,27.4,0,0,0,0,0,0,6580444686.907505,346521578.0,0.090900004,-0.043,3148700,3608158,0,59.6,20.2,2026-09-04
1178,ACGL,Financial Services,Insurance - Diversified,NASDAQ,1920640,98.21,97.49,1,-21,-8.29,15.8,61.5,-1.2,-0.8,-2.0,2.1,58,57,35,58,24.6,0,0,0,0,0,0,33727085564.22162,341229126.0,0.0251,-0.105,2223240,1865330,0,43.6,18.2,2026-09-04
1179,BX,Financial Services,Asset Management,NYSE,4424270,136.82,97.48,14,-2,-28.02,33.3,39.3,-3.2,-4.3,2.7,4.1,58,44,28,16,4.5,0,0,0,0,0,0,106881509524.3148,750625114.0,0.0293,0.286,3012380,4537720,0,23.1,26.9,2026-09-04
1180,FHN,Financial Services,Banks - Regional,NYSE,4706476,24.57,97.48,-6,-5,-7.49,25.1,79.5,1.6,-0.3,-1.8,2.7,58,64,65,59,27.7,0,0,0,0,0,0,11678606763.968355,473777158.0,0.0,0.09,4034520,5140940,0,53.9,19.1,2026-09-04
1181,ED,Utilities,Utilities - Regulated Electric,NYSE,2330953,107.67,97.46,3,1,-7.36,12.5,59.3,-0.2,-0.4,-2.2,0.0,58,55,53,75,28.3,0,0,0,0,0,0,39752878971.130806,369828633.0,0.0341,0.132,2104710,2211532,0,52.8,9.6,2026-09-04
1182,EW,Healthcare,Medical Devices,NYSE,3729100,90.82,97.46,-2,-9,-5.68,23.7,76.6,-0.6,-1.3,0.3,5.8,58,60,53,67,29.2,0,0,0,0,0,0,51942917472.83936,575800000.0,0.0202,0.136,2763270,4251800,0,52.3,14.7,2026-09-04
1183,HROW,Healthcare,Drug Manufacturers - Specialty & Generic,NASDAQ,528910,39.05,97.44,14,0,-28.81,32.8,36.9,-0.2,-2.2,-5.6,-6.7,58,44,30,49,24.7,0,0,0,0,0,0,1397172186.660576,37487850.0,0.1887,0.109,443860,592332,0,36.9,10.0,2026-09-04
1184,ROK,Industrials,Specialty Industrial Machinery,NYSE,819623,425.36,97.41,-6,9,-14.48,30.0,62.0,1.3,-0.2,-4.4,3.2,58,64,79,62,47.3,0,0,0,0,0,0,47846430914.67041,111048676.0,0.037100002,0.079,675010,850380,0,63.1,7.3,2026-09-04
1185,D,Utilities,Utilities - Regulated Electric,NYSE,3699776,66.05,97.38,-10,-11,-9.51,15.3,60.0,-0.8,-2.0,-4.2,2.7,58,68,67,72,30.5,0,0,0,0,0,0,57652928641.050186,879525949.0,0.025899999,0.176,4247440,4223012,0,59.4,18.1,2026-09-04
1186,LEA,Consumer Cyclical,Auto Parts,NYSE,703023,129.6,97.34,2,31,-13.79,39.2,73.0,6.5,7.6,2.3,6.0,58,56,85,72,42.6,0,0,0,0,0,0,8256602007.792938,66574764.0,0.060900003,0.03,598480,625142,0,63.9,0.6,2026-09-04
1187,OCUL,Healthcare,Biotechnology,NASDAQ,2501500,10.9,97.34,34,29,-33.7,54.7,40.7,-0.4,0.5,9.0,7.0,58,24,19,24,6.2,0,0,0,0,0,0,2275220317.0808754,219615868.0,0.1532,0.001,2006870,2484420,0,18.3,9.4,2026-09-04
1188,ZM,Technology,Software - Application,NASDAQ,3329420,95.86,97.34,-6,9,-16.45,39.3,73.1,2.9,-1.2,5.7,12.1,58,64,79,35,42.9,0,0,0,0,0,0,28720270762.77532,291783711.0,0.0274,0.049,3940550,3286450,0,55.2,14.9,2026-09-04
1189,MRSH,Financial Services,Insurance Brokers,NYSE,2279070,187.84,97.34,-1,-33,-9.62,18.1,57.2,-2.4,-2.1,0.4,4.4,58,59,27,30,9.0,0,0,0,0,0,0,91929978376.25336,477211268.0,0.0155,0.062,2305500,2408760,0,31.3,34.0,2026-09-04
1190,BKH,Utilities,Utilities - Regulated Gas,NYSE,764566,72.59,97.34,1,12,-7.75,25.5,80.4,0.5,0.2,-0.5,0.8,58,57,68,73,43.8,0,0,0,0,0,0,5551228897.506119,76253141.0,0.1657,0.031,715250,782184,0,60.4,2.3,2026-09-04
1191,BXP,Real Estate,REIT - Office,NYSE,1393086,67.1,97.32,-7,-18,-15.42,32.7,59.7,-1.9,-0.9,-1.4,6.5,58,65,54,22,8.9,0,0,0,0,0,0,11067739013.19516,159661556.0,0.0871,0.037,1219990,1337768,0,37.5,37.8,2026-09-04
1192,WTFC,Financial Services,Banks - Regional,NASDAQ,536500,152.22,97.32,-9,-7,-8.97,28.2,72.6,1.3,-0.8,-2.9,3.6,58,67,69,57,28.8,0,0,0,0,0,0,10318919446.760208,67465967.0,0.0376,0.102,412290,605908,0,55.5,20.9,2026-09-04
1193,PNFP,Financial Services,Banks - Regional,NYSE,1121076,100.09,97.31,-9,-23,-9.28,23.0,70.2,0.5,-1.7,-1.3,4.6,58,67,53,28,18.6,0,0,0,0,0,0,15275976224.208984,151112640.0,0.0359,1.37,966530,1162598,0,41.7,33.4,2026-09-04
1194,SYY,Consumer Defensive,Food Distribution,NYSE,3121936,81.76,97.28,-6,-31,-10.99,15.5,49.2,-2.5,-3.2,-3.7,0.8,58,64,39,73,14.1,0,0,0,0,0,0,39257128720.70801,479096016.0,0.030299999,0.047,2197920,3201830,0,47.5,25.6,2026-09-04
1195,ALB,Basic Materials,Specialty Chemicals,NYSE,2157173,137.75,97.24,19,70,-37.67,74.0,37.5,-6.4,-5.9,-1.3,-19.3,57,38,89,95,70.6,0,0,0,0,0,0,16209174701.54457,118005057.0,0.0007,0.311,1939110,2242144,1,73.2,-32.8,2026-09-04
1196,IOT,Technology,Software - Infrastructure,NYSE,5088386,36.79,97.24,-22,-73,-22.5,65.8,76.1,1.0,1.1,6.8,19.5,57,79,28,23,30.9,0,0,0,0,0,0,23984346886.205498,582710082.0,0.0908,0.305,5073990,5345894,0,40.2,40.3,2026-09-04
1197,UPS,Industrials,Integrated Freight & Logistics,NYSE,5030066,103.01,97.23,-9,-3,-15.85,23.9,52.7,-1.7,-1.4,-5.0,-2.5,57,66,72,55,41.5,0,0,0,0,0,0,89612825589.8876,850781582.0,0.0348,0.076,4047080,4813630,0,58.6,13.9,2026-09-04
1198,AAUC,Basic Materials,Gold,NYSE,860750,23.75,97.19,26,72,-26.24,61.1,51.6,0.1,2.3,6.8,-10.4,57,31,77,96,74.2,0,0,0,0,0,0,3255166865.531204,139347893.0,0.0321,0.454,507790,741266,1,69.5,-39.2,2026-09-04
1199,RNST,Financial Services,Banks - Regional,NYSE,573380,40.65,97.19,-14,-18,-8.73,24.0,73.4,1.0,-1.1,-3.0,5.1,57,71,67,50,21.4,0,0,0,0,0,0,3755809480.797215,91404465.0,0.0546,0.453,560250,660840,0,52.4,29.4,2026-09-04
1200,FOX,Communication Services,Entertainment,NASDAQ,1098433,60.27,97.14,25,58,-11.6,31.6,60.0,-3.7,-2.5,7.6,2.6,57,32,65,41,23.6,0,0,0,0,0,0,25781225900.012665,420437476.0,0.0808,0.281,1100620,1391712,0,40.4,-0.9,2026-09-04
1201,PECO,Real Estate,REIT - Retail,NASDAQ,841810,39.21,97.14,-11,-12,-11.64,17.2,53.1,-0.7,-1.5,-5.6,0.7,57,68,67,70,26.0,0,0,0,0,0,0,5028308960.723877,128700000.0,0.0493,0.067,848900,938864,0,57.8,20.7,2026-09-04
1202,MRP,Real Estate,REIT - Residential,NYSE,1017186,30.86,97.13,5,-2,-12.95,20.4,63.0,3.7,5.1,8.5,7.9,57,52,45,60,11.3,0,0,0,0,0,0,5082727146.817612,166047927.0,0.050300002,0.321,891430,1196662,0,42.1,19.4,2026-09-04
1203,CNX,Energy,Oil & Gas E&P,NYSE,1453000,37.58,97.06,19,15,-13.85,29.2,62.3,2.0,3.3,7.6,1.2,57,38,34,79,47.9,0,0,0,0,0,0,5355559772.2720375,147943637.0,0.1396,-0.181,1293090,1650652,0,49.7,-12.7,2026-09-04
1204,CDW,Technology,Information Technology Services,NASDAQ,1844116,148.67,97.04,-1,-23,-13.34,53.5,74.3,3.7,7.4,8.9,15.6,57,58,36,19,10.1,0,0,0,0,0,0,18463823951.158325,125017426.0,0.0766,0.1,1807550,1899484,0,30.8,33.9,2026-09-04
1205,AFL,Financial Services,Insurance - Life,NYSE,2092436,117.24,97.02,-13,-22,-9.97,10.9,48.3,0.2,-1.0,-3.5,2.3,57,70,61,61,25.9,0,0,0,0,0,0,58416519399.98384,501343298.0,0.028399998,-0.01,2268300,2060976,0,54.5,24.8,2026-09-04
1206,PB,Financial Services,Banks - Regional,NYSE,913630,72.09,97.01,-4,-11,-6.62,17.6,77.2,0.7,-0.3,-0.5,3.1,57,61,54,39,23.8,0,0,0,0,0,0,8688780910.0504,120176771.0,0.036,0.259,833550,1163052,0,44.5,23.7,2026-09-04
1207,RDW,Industrials,Aerospace & Defense,NYSE,15429270,10.33,96.97,-4,30,-61.22,108.1,26.2,-2.9,-11.5,-2.2,-0.5,57,61,95,53,48.7,0,0,0,0,0,0,2717419631.2206163,249992609.0,0.1849,0.896,10321110,17122584,1,64.4,4.3,2026-09-04
1208,NVO,Healthcare,Drug Manufacturers - General,NYSE,12993710,46.77,96.96,22,16,-27.1,32.0,39.4,0.0,0.2,-2.7,0.6,57,35,29,15,5.9,0,0,0,0,0,0,201643186654.02264,4421030124.0,0.0107,0.021,10673680,11785126,0,21.2,19.1,2026-09-04
1209,LMT,Industrials,Aerospace & Defense,NYSE,1167626,531.55,96.94,-13,-38,-23.19,19.6,36.2,-4.7,-8.3,-5.3,-5.7,57,70,45,88,34.0,0,0,0,0,0,0,130131360444.51012,230790753.0,0.0124,0.105,1053680,1165630,0,59.3,16.9,2026-09-04
1210,USA,Financial Services,Asset Management,NYSE,1234008,6.02,96.93,2,-13,-9.34,10.4,47.5,-0.2,-0.6,1.1,0.8,57,55,40,38,9.2,0,0,0,0,0,0,1849316118.0,308219353.0,0.0004,-0.098,1021674,1446256,0,35.6,27.8,2026-09-04
1211,GIS,Consumer Defensive,Packaged Foods,NYSE,8614203,40.58,96.93,30,19,-20.94,19.0,32.3,-5.0,-3.1,1.3,-4.0,57,27,16,25,3.7,0,0,0,0,0,0,22213854153.710083,534629472.0,0.1088,0.022,8203060,9658042,0,17.9,13.2,2026-09-04
1212,DXYZ,Financial Services,Asset Management,NYSE,1283996,32.7,96.92,42,113,-55.13,57.1,23.6,-1.8,0.1,16.6,4.6,57,15,86,27,44.5,0,0,0,0,0,0,1058377218.4956056,30465664.0,0.0070999996,,1164310,1230438,0,43.1,-24.2,2026-09-04
1213,DCI,Industrials,Specialty Industrial Machinery,NYSE,644746,89.91,96.9,-9,-29,-20.32,14.0,36.3,-0.8,-2.4,-1.4,-0.4,57,66,46,69,31.9,0,0,0,0,0,0,10651066865.093506,115911056.0,0.0306,0.08,691250,690444,0,53.2,18.5,2026-09-04
1214,ETN,Industrials,Specialty Industrial Machinery,NYSE,2156593,390.85,96.88,-12,-10,-18.23,30.1,65.9,1.5,-2.9,-1.1,7.8,57,69,71,60,37.4,0,0,0,0,0,0,156399473526.00098,388300000.0,0.0165,0.214,1758540,2193696,0,59.3,17.4,2026-09-04
1215,ARCC,Financial Services,Asset Management,NASDAQ,4159093,20.02,96.86,12,5,-11.06,14.8,51.4,0.3,0.6,3.9,3.9,57,45,38,31,8.6,0,0,0,0,0,0,14324556305.557957,718022845.0,0.0556,0.031,3664070,4443854,0,30.6,21.7,2026-09-04
1216,GSK,Healthcare,Drug Manufacturers - General,NYSE,3690146,50.44,96.8,-5,-4,-18.25,26.2,47.9,-1.9,-2.2,-3.4,-4.6,57,62,63,83,46.4,0,0,0,0,0,0,101782581149.65222,2002805623.0,0.0074,0.053,2780780,3784826,0,63.6,3.5,2026-09-04
1217,MAIN,Financial Services,Asset Management,NYSE,536713,57.87,96.74,20,13,-14.06,16.2,45.9,-1.2,-1.3,3.6,2.2,57,37,30,38,7.0,0,0,0,0,0,0,5474920320.208706,93508461.0,0.1043,0.039,403230,587298,0,28.0,15.5,2026-09-04
1218,NTSK,Technology,Software - Infrastructure,NASDAQ,4424896,13.75,96.72,19,-10,-50.88,80.3,34.4,-2.6,-5.6,4.0,7.1,57,38,9,6,,0,0,0,0,0,0,6095207925.043858,403923649.0,0.077,0.278,4758620,4635210,0,17.7,,2026-09-04
1219,PGR,Financial Services,Insurance - Property & Casualty,NYSE,2286326,221.38,96.64,4,-18,-11.39,15.0,48.9,-0.8,1.2,0.7,4.0,57,53,31,33,7.8,0,0,0,0,0,0,127051703645.3247,581100000.0,0.010299999,0.073,1855580,2807726,0,31.2,28.8,2026-09-04
1220,TDAY,Communication Services,Publishing,NYSE,2696613,6.3,96.61,-35,-35,-31.6,81.4,51.3,-0.5,-4.0,-18.4,-6.8,56,91,91,90,67.8,0,0,0,0,0,0,930825768.34264,146817941.0,0.148,-0.083,2544120,2210024,3,85.0,11.8,2026-09-04
1221,ALLE,Industrials,Security & Protection Services,NYSE,1477696,155.07,96.54,-6,-43,-15.31,25.0,58.1,-0.3,-2.3,2.9,4.0,56,62,25,43,10.4,0,0,0,0,0,0,13391592695.963654,85036786.0,0.046,0.127,1725440,1417960,0,35.1,33.3,2026-09-04
1222,ICLR,Healthcare,Diagnostics & Research,NASDAQ,738140,159.84,96.51,-8,-5,-21.61,105.9,69.0,-1.0,-1.6,-1.9,11.8,56,64,67,10,11.2,0,0,0,0,0,0,13117758943.818344,77154209.0,0.0325,0.012,508350,796036,0,38.0,36.9,2026-09-04
1223,NBIX,Healthcare,Drug Manufacturers - Specialty & Generic,NASDAQ,1333930,157.79,96.49,-13,-7,-15.22,26.4,52.1,0.1,0.0,-6.2,5.5,56,69,75,39,29.1,0,0,0,0,0,0,15660072576.693054,101649181.0,0.0581,0.395,1066740,1257404,0,53.0,25.4,2026-09-04
1224,EXTR,Technology,Communication Equipment,NASDAQ,1650943,22.01,96.49,-30,-22,-34.75,57.9,39.9,-2.9,-5.7,-20.7,3.5,56,86,94,26,13.7,0,0,0,0,0,0,2946478934.7843533,130490653.0,0.0829,0.103,1320410,1855346,1,54.9,47.4,2026-09-04
1225,APO,Financial Services,Asset Management,NYSE,3404700,132.29,96.48,18,36,-13.7,33.3,63.7,-0.0,-0.9,5.3,4.6,56,38,56,19,16.3,0,0,0,0,0,0,79746944226.53166,590543159.0,0.0383,0.638,2508890,4145428,0,32.3,12.9,2026-09-04
1226,TREX,Industrials,Building Products & Equipment,NYSE,1882903,43.73,96.43,-2,-21,-33.8,51.4,45.0,0.4,-3.0,-1.6,10.9,56,58,39,26,2.4,0,0,0,0,0,0,4755444873.891064,103898729.0,0.1003,0.078,1296530,1949050,0,31.4,36.1,2026-09-04
1227,MGY,Energy,Oil & Gas E&P,NYSE,4117020,27.38,96.42,25,61,-16.42,26.2,50.0,-0.3,-0.2,2.9,1.1,56,31,67,82,27.1,0,0,0,0,0,0,6220425540.0,236968592.0,0.114300005,0.501,3086360,4789930,0,51.8,-11.8,2026-09-04
1228,RYAN,Financial Services,Insurance - Specialty,NYSE,1908753,42.34,96.41,-10,-63,-28.46,42.6,43.2,-2.5,-1.8,-0.8,0.5,56,66,13,14,3.3,0,0,0,0,0,0,11222594344.710333,255814785.0,0.1258,0.074,1306860,2029190,0,24.1,47.0,2026-09-04
1229,O,Real Estate,REIT - Retail,NYSE,5245163,61.5,96.38,1,-3,-9.48,9.5,45.7,-1.1,-1.6,-3.2,-1.0,56,55,51,75,22.7,0,0,0,0,0,0,58646593252.19576,946218033.0,0.0454,0.096,4662000,5379272,0,50.9,12.5,2026-09-04
1230,DHR,Healthcare,Diagnostics & Research,NYSE,4246920,209.91,96.35,6,-12,-13.55,28.3,57.1,-2.4,-1.2,3.0,2.4,56,50,32,32,21.8,0,0,0,0,0,0,151894201836.60364,702986054.0,0.0139999995,0.055,3308070,4873352,0,34.0,19.5,2026-09-04
1231,DEO,Consumer Defensive,Beverages - Wineries & Distilleries,NYSE,1206520,91.14,96.35,20,14,-18.03,23.1,44.3,-3.3,-4.3,1.2,4.0,56,36,30,25,5.1,0,0,0,0,0,0,51693134791.0096,555899946.0,0.0069,-0.017,863700,1094898,0,24.0,18.2,2026-09-04
1232,HIMS,Healthcare,Drug Manufacturers - Specialty & Generic,NYSE,14494600,28.68,96.34,19,4,-56.08,90.8,27.3,-6.2,-7.2,-12.3,-2.4,56,37,22,11,1.0,0,0,0,0,0,0,6728758866.520802,233313413.0,0.3023,0.382,11658090,13981914,0,17.8,24.7,2026-09-04
1233,FSCO,Financial Services,Asset Management,NYSE,864089,5.26,96.31,27,24,-29.87,16.5,25.8,2.4,3.1,5.8,-1.6,56,29,26,22,2.1,0,0,0,0,0,0,1047756726.3781142,202269645.0,0.0068,,818127,873789,0,19.8,15.1,2026-09-04
1234,NVTS,Technology,Semiconductors,NASDAQ,14277470,11.21,96.29,-14,15,-67.19,110.7,23.7,0.0,-6.8,-8.6,-8.6,56,70,99,95,86.2,0,0,1,0,0,1,2999964117.360443,261093488.0,0.1733,-0.273,12153050,15285158,2,87.6,-16.0,2026-09-04
1235,ARHS,Consumer Cyclical,Specialty Retail,NASDAQ,1473276,8.43,96.29,23,7,-30.22,51.8,48.7,-0.3,-5.3,2.7,2.4,56,33,17,18,3.5,0,0,0,0,0,0,1271029709.9281006,141540064.0,0.105900005,0.074,1026980,1369288,0,17.9,19.4,2026-09-04
1236,MUX,Basic Materials,Other Precious Metals & Mining,NYSE,1035060,20.12,96.23,-4,5,-32.26,48.7,42.3,-2.4,0.6,7.5,-5.0,56,60,69,96,65.5,0,0,0,0,0,0,1252941922.401287,61358566.0,0.22799999,0.268,1016930,1160394,1,72.6,-10.9,2026-09-04
1237,ITW,Industrials,Specialty Industrial Machinery,NYSE,1216723,269.09,96.19,-13,-43,-11.24,12.1,49.6,-2.4,-4.4,-3.6,1.2,56,69,39,62,18.7,0,0,0,0,0,0,79772481738.28125,284800000.0,0.0309,0.061,1000950,1305282,0,47.2,29.5,2026-09-04
1238,VOYG,Industrials,Aerospace & Defense,NYSE,1502880,33.27,96.15,-20,-10,-36.51,88.7,47.2,-0.2,-10.4,3.0,10.0,56,76,86,21,43.5,0,0,0,0,0,0,2092686523.2737727,61029060.0,0.20030001,0.155,1091500,1648156,0,56.6,26.3,2026-09-04
1239,COCO,Consumer Defensive,Beverages - Non-Alcoholic,NASDAQ,1010203,57.69,96.14,-28,-21,-32.79,43.6,36.7,-7.8,-11.6,-17.1,-9.7,56,84,91,88,64.0,0,0,0,0,0,0,3570796828.6537857,57864153.0,0.1182,0.281,807050,1107754,1,81.7,8.5,2026-09-04
1240,EQX,Basic Materials,Gold,NYSE ARCA,15260196,12.63,96.12,24,28,-33.39,48.6,41.3,-2.5,1.9,19.0,-3.5,56,32,36,93,60.3,0,0,0,0,0,0,15165302820.569653,1167459822.0,2.93,1.693,13089350,13763908,1,55.3,-26.7,2026-09-04
1241,ULTA,Consumer Cyclical,Specialty Retail,NASDAQ,659950,551.74,96.1,19,5,-22.83,25.2,44.3,3.8,5.9,11.6,1.4,56,37,23,84,24.9,0,0,0,0,0,0,22126991242.5,42757471.0,0.0466,0.089,829970,663638,0,42.2,-1.9,2026-09-04
1242,PLD,Real Estate,REIT - Industrial,NYSE,4435186,136.59,96.09,-7,3,-10.93,23.8,67.5,-2.2,-2.2,-3.3,0.0,56,63,73,72,42.5,0,0,0,0,0,0,133711902540.2127,950333372.0,0.0189,0.123,3117200,4324904,0,62.6,7.5,2026-09-04
1243,SPIR,Industrials,Specialty Business Services,NYSE,573276,11.91,96.07,9,55,-54.07,70.7,26.9,-7.4,-11.3,-12.7,-10.9,56,47,93,64,55.6,0,0,0,0,0,0,534996629.16924095,40622371.0,0.1031,-0.059,585130,764136,1,64.9,-12.3,2026-09-04
1244,CGBD,Financial Services,Asset Management,NASDAQ,611713,11.56,96.05,29,34,-17.31,17.0,44.2,0.8,2.3,7.8,1.7,56,27,32,27,6.5,0,0,0,0,0,0,810517945.8071947,68804581.0,0.058000002,-0.077,571950,596224,0,23.1,9.7,2026-09-04
1245,CDNL,Industrials,Engineering & Construction,NASDAQ,728580,35.44,96.04,-42,-42,-63.24,65.4,19.9,-5.5,-9.7,-37.9,,55,97,97,83,,0,0,0,0,0,0,777104343.102951,20428610.0,0.1378,1.139,529030,834350,2,92.3,,2026-09-04
1246,HLN,Healthcare,Drug Manufacturers - Specialty & Generic,NYSE,9976080,9.91,96.04,1,-24,-12.15,10.3,35.0,-4.1,-3.2,-2.7,-2.5,55,54,29,53,14.5,0,0,0,0,0,0,44459906188.328026,4397616983.0,0.003,0.022,8915530,9236874,0,37.6,22.5,2026-09-04
1247,ICL,Basic Materials,Agricultural Inputs,NYSE,1124896,5.84,96.03,26,46,-16.21,22.3,52.5,2.3,4.7,10.7,8.0,55,29,49,42,13.4,0,0,0,0,0,0,7228022698.507505,1290718361.0,0.005,0.165,1146240,1186962,0,33.3,3.2,2026-09-04
1248,EVRG,Utilities,Utilities - Regulated Electric,NASDAQ,1952206,80.77,96.0,-5,2,-8.86,15.2,62.0,0.2,-0.8,-3.1,1.1,55,60,67,77,33.0,0,0,0,0,0,0,18595242773.617584,230567172.0,0.088999994,0.044,2134500,2050132,0,59.2,9.4,2026-09-04
1249,DX,Real Estate,REIT - Mortgage,NYSE,4978380,12.75,95.92,1,3,-14.6,8.9,36.3,0.1,-0.6,-0.7,-3.6,55,54,56,68,18.2,0,0,0,0,0,0,3194315465.6552467,247429551.0,0.0574,,4441760,5464638,0,49.0,14.9,2026-09-04
1250,ECL,Basic Materials,Specialty Chemicals,NYSE,1422110,279.9,95.91,-2,-24,-9.5,13.7,53.6,-1.7,-1.1,0.2,2.4,55,57,35,62,18.6,0,0,0,0,0,0,80384226910.25,280328603.0,0.014199999,0.097,1554280,1376116,0,43.1,20.4,2026-09-04
1251,FCPT,Real Estate,REIT - Retail,NYSE,751946,24.73,95.86,2,-10,-7.93,8.9,56.7,-0.6,-0.5,-1.5,0.8,55,53,41,62,12.9,0,0,0,0,0,0,2769154073.1375046,109756406.0,0.0434,0.069,836920,809294,0,42.2,19.5,2026-09-04
1252,GRNT,Energy,Oil & Gas E&P,NYSE,1002450,5.16,95.86,25,31,-16.03,20.7,45.8,0.4,-0.5,5.5,0.7,55,30,36,42,11.5,0,0,0,0,0,0,667415216.9726076,131900242.0,0.0859,0.373,1466620,992548,0,29.9,6.2,2026-09-04
1253,PAGS,Technology,Software - Infrastructure,NYSE,2670920,9.84,95.85,19,14,-20.13,15.3,36.2,5.4,8.6,6.3,-0.9,55,36,31,60,22.6,0,0,0,0,0,0,2484927019.675349,279519339.0,0.126,-0.002,2506180,2850538,0,37.4,2.4,2026-09-04
1254,FAST,Industrials,Industrial Distribution,NASDAQ,7125793,47.93,95.83,-11,-22,-9.43,26.7,79.0,-0.5,-2.1,1.9,9.3,55,66,55,68,15.8,0,0,0,0,0,0,57122427783.18613,1147497573.0,0.031,0.147,5534500,7927634,0,51.2,25.8,2026-09-04
1255,UAL,Industrials,Airlines,NASDAQ,3369810,108.35,95.8,-31,-52,-21.92,30.7,51.4,0.4,-3.9,-8.4,2.9,55,86,65,38,22.5,0,0,0,0,0,0,35897411421.5459,324569728.0,0.0641,0.16,3409900,4081036,0,52.9,43.5,2026-09-04
1256,Q,Technology,Semiconductor Equipment & Materials,NYSE,1914030,117.69,95.72,-20,-7,-33.61,63.8,46.0,-1.0,-6.6,-11.2,-0.9,55,75,88,76,,0,0,0,0,0,0,25159419828.097664,209208543.0,0.0228,0.221,2001810,1908038,0,79.7,,2026-09-04
1257,UL,Consumer Defensive,Household & Personal Products,NYSE,4571573,64.57,95.69,11,-9,-13.88,16.6,46.8,-0.8,0.9,2.1,1.8,55,44,24,43,7.8,0,0,0,0,0,0,140112918991.40582,2153264479.0,0.53,0.005,4159990,4250314,0,29.7,20.3,2026-09-04
1258,MAS,Industrials,Building Products & Equipment,NYSE,2508136,70.94,95.68,-9,-15,-15.18,24.1,58.3,0.5,-0.9,-4.5,4.5,55,64,58,35,15.4,0,0,0,0,0,0,14443979247.5,197187430.0,0.0434,-0.029,1663180,2385652,0,43.1,30.7,2026-09-04
1259,AESI,Energy,Oil & Gas Equipment & Services,NYSE,3616816,13.03,95.65,37,108,-35.27,66.2,46.0,5.8,7.2,3.5,3.3,55,18,89,70,40.9,0,0,0,0,0,0,1605036802.047699,124905584.0,0.2662,0.016,2954110,3309948,0,54.5,-29.0,2026-09-04
1260,MC,Financial Services,Capital Markets,NYSE,869686,67.52,95.6,-1,13,-13.67,34.3,66.9,1.3,2.0,2.5,4.4,55,56,70,25,13.2,0,0,0,0,0,0,5067133194.238472,74080893.0,0.075100005,0.12,648720,866936,0,41.1,26.2,2026-09-04
1261,PRMB,Consumer Defensive,Beverages - Non-Alcoholic,NYSE,4324536,22.05,95.56,-20,-35,-15.87,52.1,69.0,-2.9,-5.3,-7.1,6.2,55,75,60,45,7.6,0,0,0,0,0,0,8324705215.0,361943705.0,0.295,0.038,4049760,3725650,0,46.9,41.2,2026-09-04
1262,ES,Utilities,Utilities - Regulated Electric,NYSE,2175870,70.44,95.51,-4,-10,-8.01,13.0,61.3,0.2,-0.4,-2.4,1.2,54,58,52,75,30.5,0,0,0,0,0,0,26683638193.93585,376674754.0,0.0355,0.023,1892060,2202408,0,53.9,10.9,2026-09-04
1263,ARR,Real Estate,REIT - Mortgage,NYSE,3315946,16.15,95.48,-2,3,-16.36,16.4,45.4,0.5,-0.3,-1.6,-4.9,54,56,61,73,22.1,0,0,0,0,0,0,2310145667.5214386,141553046.0,0.0001,,2800650,3799390,0,53.0,13.0,2026-09-04
1264,ALLY,Financial Services,Credit Services,NYSE,2950460,42.66,95.48,-7,-3,-9.79,21.6,68.8,2.5,1.3,-1.2,2.1,54,61,65,38,22.9,0,0,0,0,0,0,12831143143.57438,304199693.0,0.042600002,0.11,3147910,3044028,0,46.7,23.2,2026-09-04
1265,FSK,Financial Services,Asset Management,NYSE,2194390,12.25,95.47,27,23,-32.73,25.5,30.8,1.6,2.0,9.3,2.5,54,27,23,12,1.9,0,0,0,0,0,0,3387931896.0492706,276340280.0,0.044299997,-0.271,1377970,2320124,0,16.0,15.9,2026-09-04
1266,RYZ,Industrials,Metal Fabrication,NYSE,510666,26.29,95.46,-9,4,-17.84,32.5,57.7,3.7,-0.3,-3.1,0.7,54,63,76,42,33.7,0,0,0,0,0,0,1314073878.121788,51898653.0,0.037,0.716,434640,490120,0,53.7,17.6,2026-09-04
1267,MCO,Financial Services,Financial Data & Stock Exchanges,NYSE,758080,490.0,95.46,4,-12,-10.4,19.7,63.8,-2.3,-0.5,0.9,4.3,54,50,34,33,16.1,0,0,0,0,0,0,89179549824.82568,173180984.0,0.0173,0.151,708100,854550,0,33.3,22.0,2026-09-04
1268,QGEN,Healthcare,Diagnostics & Research,NYSE,2958013,44.2,95.46,11,-10,-23.56,33.2,47.1,0.2,0.2,3.8,1.7,54,43,22,37,10.8,0,0,0,0,0,0,8901999576.034546,206495000.0,0.0556,0.003,3139500,3047290,0,28.2,19.4,2026-09-04
1269,WWD,Industrials,Aerospace & Defense,NASDAQ,640423,335.52,95.44,-17,-12,-25.59,45.9,54.7,1.6,-1.0,-8.6,-3.8,54,71,76,91,59.2,0,0,0,0,0,0,20182451590.04517,59045820.0,0.0198,0.212,577250,660988,1,74.3,1.4,2026-09-04
1270,CTAS,Industrials,Specialty Business Services,NASDAQ,2006803,198.09,95.41,-6,-39,-9.62,22.6,69.7,-1.2,-0.9,1.6,7.3,54,60,27,44,14.1,0,0,0,0,0,0,81706618034.0506,400169561.0,0.0346,0.089,1758460,2164552,0,36.3,29.5,2026-09-04
1271,BRX,Real Estate,REIT - Retail,NYSE,2332983,29.4,95.39,-11,-6,-10.53,18.2,55.9,-0.4,-1.1,-5.2,-0.0,54,65,70,75,20.7,0,0,0,0,0,0,8951465481.1325,306872316.0,0.078200005,0.043,2181470,2275980,0,57.7,19.6,2026-09-04
1272,MDT,Healthcare,Medical Devices,NYSE,7557770,92.18,95.38,10,-5,-13.31,27.7,64.6,2.4,2.7,8.6,5.0,54,44,29,38,18.4,0,0,0,0,0,0,116772658245.84076,1279980861.0,0.0112,0.099,8756520,7798404,0,32.4,15.5,2026-09-04
1273,TRP,Energy,Oil & Gas Midstream,NYSE,2041890,62.49,95.36,-13,-3,-12.56,25.7,60.7,0.3,-0.4,-4.8,0.2,54,67,77,81,42.0,0,0,0,0,0,0,64443700822.40405,1041766896.0,9.13,0.057,1523230,2337820,0,66.8,8.7,2026-09-04
1274,VYX,Technology,Information Technology Services,NYSE,2341133,8.98,95.35,0,-35,-33.48,48.6,41.8,4.9,9.9,10.3,9.6,54,54,19,13,2.3,0,0,0,0,0,0,1212253667.5713596,138069898.0,0.36810002,-0.208,2745950,2336522,0,22.1,37.6,2026-09-04
1275,HIG,Financial Services,Insurance - Diversified,NYSE,1498593,137.21,95.35,-8,-32,-6.07,13.1,68.7,0.0,0.1,-0.5,1.6,54,62,38,65,19.9,0,0,0,0,0,0,37529316703.73575,270872002.0,0.0002,0.081,1327330,1538892,0,46.2,22.9,2026-09-04
1276,LXU,Basic Materials,Chemicals,NYSE,859256,11.54,95.3,21,68,-32.98,45.6,38.8,4.5,7.0,4.7,-1.6,54,33,80,95,56.6,0,0,0,0,0,0,748054091.2783813,71997504.0,0.0624,0.111,675220,821928,1,66.1,-28.9,2026-09-04
1277,DIS,Communication Services,Entertainment,NYSE,10153390,107.98,95.29,23,24,-9.85,13.9,48.8,-2.5,-1.2,4.1,1.3,54,31,32,35,8.2,0,0,0,0,0,0,186654851471.4849,1726686902.0,0.011,0.068,8022550,10273020,0,26.6,10.5,2026-09-04
1278,PFGC,Consumer Defensive,Food Distribution,NYSE,1644276,99.32,95.26,-19,-33,-15.45,21.7,49.4,-2.5,-5.2,-9.8,1.6,54,73,59,41,11.5,0,0,0,0,0,0,15840757250.476448,157072459.0,0.0365,0.073,1382710,1688034,0,46.1,38.6,2026-09-04
1279,JFR,Financial Services,Asset Management,NYSE,568698,7.6,95.25,0,0,-10.06,6.4,36.2,0.3,-0.2,-0.6,-0.4,54,54,54,42,9.3,0,0,0,0,0,0,1233010450.9383202,160967425.0,0.0042,0.043,589415,540511,0,39.8,24.7,2026-09-04
1280,HLIT,Technology,Communication Equipment,NASDAQ,1583016,11.79,95.22,-13,8,-33.31,33.1,35.5,-1.8,-4.1,-6.7,3.5,54,67,88,37,38.7,0,0,0,0,0,0,1310978718.8266563,109066445.0,0.0756,0.535,1224150,1716964,0,57.7,18.1,2026-09-04
1281,SLGN,Consumer Cyclical,Packaging & Containers,NYSE,1286653,41.33,95.13,9,-11,-16.59,13.6,39.1,-1.7,-1.3,-5.4,-1.7,54,45,25,37,10.3,0,0,0,0,0,0,4449212880.742035,105682020.0,0.0942,0.068,827820,1225276,0,29.3,21.0,2026-09-04
1282,FTS,Utilities,Utilities - Regulated Electric,NYSE,775023,55.05,95.12,-3,0,-7.32,13.1,64.2,0.2,-0.6,-2.7,-0.1,54,57,60,80,29.5,0,0,0,0,0,0,27925793922.042847,510900000.0,19.51,0.041,786660,752876,0,56.6,8.8,2026-09-04
1283,NAVI,Financial Services,Credit Services,NASDAQ,1179823,9.56,95.12,24,13,-31.07,29.4,34.8,1.8,4.2,8.7,0.3,54,30,19,14,2.0,0,0,0,0,0,0,889139888.4054117,93989417.0,0.2613,0.042,1028410,1064198,0,16.2,18.3,2026-09-04
1284,L,Financial Services,Insurance - Property & Casualty,NYSE,695173,108.94,95.1,-12,-21,-9.97,14.0,57.0,-0.5,-1.6,-3.9,0.4,54,66,57,74,30.7,0,0,0,0,0,0,22429809687.94556,204427720.0,0.0249,0.039,696610,750826,0,56.9,17.0,2026-09-04
1285,BEP,Utilities,Utilities - Renewable,NYSE,896556,31.03,95.07,-4,22,-18.6,26.2,52.5,-1.3,-4.2,-4.5,-1.3,54,58,84,78,46.2,0,0,0,0,0,0,9622946230.62128,303275965.0,0.0067000003,0.011,600120,874758,0,66.6,-0.7,2026-09-04
1286,T,Communication Services,Telecom Services,NYSE,44132396,25.95,95.02,25,21,-12.89,25.4,56.9,-0.6,1.5,9.1,2.1,54,29,25,63,7.2,0,0,0,0,0,0,178230552324.8866,6852385650.0,0.0172,0.023,28984590,62218758,0,31.0,4.5,2026-09-04
1287,ITRI,Technology,Scientific & Technical Instruments,NASDAQ,936563,96.12,95.0,-6,-44,-32.31,24.3,31.6,-0.4,-2.1,3.5,5.0,53,59,21,29,4.4,0,0,0,0,0,0,4270521966.639374,43786753.0,0.195,-0.072,398080,804046,0,28.4,37.1,2026-09-04
1288,LAND,Real Estate,REIT - Specialty,NASDAQ,736236,9.7,95.0,27,33,-25.38,22.0,39.9,6.4,11.8,13.9,2.1,53,26,32,83,26.9,0,0,0,0,0,0,386935071.3287077,43136573.0,0.0746,0.042,862850,713782,0,42.0,-12.5,2026-09-04
1289,DCH,Consumer Cyclical,Auto Parts,NYSE,2895626,6.56,95.0,11,37,-29.08,37.3,48.6,8.4,6.4,18.1,9.9,53,42,68,44,36.0,0,0,0,0,0,0,1501661125.4275331,237604602.0,0.0832,0.924,2407640,3349162,0,47.5,-0.0,2026-09-04
1290,ARVN,Healthcare,Biotechnology,NASDAQ,798693,9.59,94.97,29,19,-33.91,34.5,35.2,0.5,1.6,8.3,-10.9,53,24,14,84,44.3,0,0,0,0,0,0,592304617.330307,64521198.0,0.0722,10.147,594350,778518,0,41.6,-21.2,2026-09-04
1291,SMG,Basic Materials,Agricultural Inputs,NYSE,967486,59.97,94.96,-10,-37,-20.4,13.5,33.6,-1.4,-2.1,-8.3,-4.9,53,63,36,56,12.1,0,0,0,0,0,0,3518251175.5874176,58220274.0,0.0942,0.011,771510,969306,0,41.8,29.5,2026-09-04
1292,VLTO,Industrials,Pollution & Treatment Controls,NYSE,1591623,97.21,94.93,1,-24,-11.51,17.1,52.4,-1.8,-1.7,1.2,3.1,53,52,27,34,9.1,0,0,0,0,0,0,24028271389.441406,243793344.0,0.0295,0.075,1604250,1785410,0,30.5,27.6,2026-09-04
1293,RNW,Utilities,Utilities - Renewable,NASDAQ,2909190,6.81,94.92,12,4,-17.35,52.7,64.2,0.8,1.3,7.0,16.7,53,41,33,19,8.9,0,0,0,0,0,0,2486307146.50107,364561156.0,0.020299999,0.143,2686960,2244868,0,25.5,21.2,2026-09-04
1294,HPP,Real Estate,REIT - Office,NYSE,742816,13.08,94.89,-28,-22,-39.72,128.9,44.4,-6.2,-8.5,-13.3,14.9,53,81,87,5,1.2,0,0,0,0,0,0,713091275.3716936,54268741.0,0.0097,-0.013,580330,756218,0,43.5,54.5,2026-09-04
1295,BANC,Financial Services,Banks - Regional,NYSE,3073320,18.85,94.87,-9,1,-14.04,21.6,53.6,1.3,-0.2,-4.4,-1.6,53,62,72,58,29.7,0,0,0,0,0,0,2946844932.43721,158432520.0,0.069299996,,1964370,3049366,0,55.4,16.0,2026-09-04
1296,INSP,Healthcare,Medical Devices,NYSE,673270,63.07,94.86,13,-20,-57.1,57.5,22.2,1.8,4.1,14.7,-4.7,53,40,7,7,2.4,0,0,0,0,0,0,1776253400.2976418,28910375.0,0.198,-0.076,437730,852550,0,14.1,28.7,2026-09-04
1297,AMH,Real Estate,REIT - Residential,NYSE,2028653,32.99,94.83,-6,-9,-7.36,18.6,68.1,-3.2,-3.9,-3.9,2.4,53,59,56,31,11.7,0,0,0,0,0,0,12068196066.680489,359815019.0,0.0397,0.028,1634350,2076564,0,39.4,29.6,2026-09-04
1298,ADT,Industrials,Security & Protection Services,NYSE,7399006,7.49,94.82,8,-8,-16.17,18.4,45.5,0.1,0.6,3.7,1.8,53,45,29,25,6.4,0,0,0,0,0,0,5508416702.051376,730559248.0,0.061300002,0.02,5909400,7709812,0,26.4,24.9,2026-09-04
1299,ON,Technology,Semiconductors,NASDAQ,8845620,72.34,94.82,-17,9,-46.38,65.7,33.1,1.6,-2.7,-11.0,-5.1,53,70,96,73,68.3,0,0,0,0,0,0,28268424727.551224,389318613.0,0.1029,0.092,6316110,10399360,1,76.8,-2.4,2026-09-04
1300,ABT,Healthcare,Medical Devices,NYSE,8429730,110.47,94.82,3,-29,-19.65,31.2,47.7,-3.1,-3.2,3.8,1.9,53,50,18,30,5.2,0,0,0,0,0,0,194616211413.4043,1730383296.0,0.013200001,0.13,7836910,10493864,0,25.8,29.6,2026-09-04
1301,GDYN,Technology,Information Technology Services,NASDAQ,1727143,7.85,94.81,15,0,-23.11,54.6,58.7,1.6,2.5,17.5,12.4,53,38,23,12,19.6,0,0,0,0,0,0,646581224.548903,81126881.0,0.106300004,0.07,967430,2051868,0,23.2,15.9,2026-09-04
1302,PNW,Utilities,Utilities - Regulated Electric,NYSE,1164346,97.38,94.73,-7,-2,-12.4,13.6,49.6,-0.3,-1.3,-5.2,-1.0,53,60,65,76,27.2,0,0,0,0,0,0,11833697853.78708,121197234.0,0.0884,0.071,982900,1170610,0,57.1,12.7,2026-09-04
1303,MRTN,Industrials,Trucking,NASDAQ,643170,13.99,94.68,-18,0,-24.3,53.0,56.3,0.5,-1.5,-8.8,1.6,53,71,89,38,43.0,0,0,0,0,0,0,1172661538.803691,81661669.0,0.0936,-0.028,462020,679818,0,60.3,18.8,2026-09-04
1304,GMED,Healthcare,Medical Devices,NYSE,1296210,80.66,94.68,-10,-15,-20.45,42.1,55.6,-3.9,-6.6,-3.3,-8.9,53,63,58,77,50.1,0,0,0,0,0,0,11139711168.473938,134261914.0,0.061300002,0.059,971310,1560812,0,62.0,4.1,2026-09-04
1305,PSA,Real Estate,REIT - Industrial,NYSE,953443,301.33,94.67,-14,-21,-10.2,16.9,60.5,-2.8,-5.0,-5.8,1.4,53,67,60,63,20.3,0,0,0,0,0,0,58546661279.16895,186745748.0,0.0372,0.033,807410,1026124,0,52.6,24.8,2026-09-04
1306,FFIN,Financial Services,Banks - Regional,NASDAQ,654686,33.22,94.65,-7,-21,-12.19,17.0,59.5,0.2,-1.7,-3.2,3.2,53,60,46,32,8.8,0,0,0,0,0,0,4785705371.249832,143327507.0,0.0777,0.098,624460,825898,0,36.7,32.6,2026-09-04
1307,ECG,Industrials,Engineering & Construction,NYSE,569510,112.71,94.58,-33,-26,-34.31,58.1,45.3,0.2,-6.5,-11.2,-3.1,53,86,93,93,66.6,0,0,0,0,0,0,5907045233.723282,51041606.0,0.043,0.337,489830,611736,2,84.6,7.6,2026-09-04
1308,CME,Financial Services,Financial Data & Stock Exchanges,NASDAQ,2030080,277.77,94.53,18,15,-15.61,28.7,58.1,-0.2,2.4,8.8,0.9,52,34,31,79,22.8,0,0,0,0,0,0,102767748976.0047,359579263.0,0.0161,0.008,2029080,2678680,0,41.7,-3.1,2026-09-04
1309,TEM,Healthcare,Health Information Services,NASDAQ,6956963,61.94,94.49,32,32,-40.62,55.5,37.4,-1.3,5.2,16.0,14.6,52,20,20,20,5.8,0,0,0,0,0,0,11555041939.432953,180434756.0,0.2991,0.216,9671210,6474792,0,16.4,7.1,2026-09-04
1310,PPG,Basic Materials,Specialty Chemicals,NYSE,1689393,111.31,94.46,-10,-13,-16.58,19.3,48.9,-0.0,-0.7,-2.8,1.0,52,62,59,40,19.8,0,0,0,0,0,0,25391106271.362305,222300000.0,0.0271,0.072,1249520,1748530,0,45.2,25.8,2026-09-04
1311,UE,Real Estate,REIT - Retail,NYSE,777743,21.31,94.45,-8,4,-11.61,13.4,45.8,-1.7,-2.6,-6.1,-0.5,52,60,72,67,16.6,0,0,0,0,0,0,2700369050.686493,126244466.0,0.0529,0.076,763150,890370,0,53.9,19.1,2026-09-04
1312,BKU,Financial Services,Banks - Regional,NYSE,683376,45.44,94.43,-9,2,-12.8,31.2,70.8,0.8,-0.5,-1.9,-0.3,52,61,72,71,37.0,0,0,0,0,0,0,3304463987.633285,71232249.0,0.0548,0.042,625430,927984,0,60.2,8.9,2026-09-04
1313,OZK,Financial Services,Banks - Regional,NASDAQ,1018780,49.32,94.42,-8,-6,-8.09,18.3,74.3,2.0,0.4,-0.7,4.3,52,60,62,39,12.6,0,0,0,0,0,0,5386458495.578201,109037618.0,0.156,-0.021,970850,1181882,0,43.4,27.7,2026-09-04
1314,CMCSA,Communication Services,Telecom Services,NASDAQ,26252860,26.81,94.41,22,14,-18.41,20.8,43.3,-1.0,0.3,6.6,-1.6,52,30,22,60,6.1,0,0,0,0,0,0,96026103770.2036,3548636573.0,0.024,-0.012,19522940,31979270,0,29.5,6.8,2026-09-04
1315,NTWO,Financial Services,Shell Companies,NASDAQ,505730,10.89,94.4,4,6,-10.3,6.3,48.1,-1.0,-0.8,1.0,3.3,52,48,50,55,23.4,0,0,0,0,0,0,266968263.8902664,24116375.0,0.96,,281070,304016,0,44.1,10.7,2026-09-04
1316,FIGR,Financial Services,Capital Markets,NASDAQ,4214050,33.19,94.38,34,36,-57.45,44.4,22.6,-1.9,2.7,13.5,-2.5,52,18,20,62,,0,0,0,0,0,0,8088822114.413269,224377872.0,0.066599995,1.208,4084630,3997812,0,33.3,,2026-09-04
1317,BRO,Financial Services,Insurance Brokers,NYSE,2118116,72.04,94.35,1,-34,-25.85,31.3,41.0,-1.6,-0.6,2.0,2.8,52,51,16,21,2.8,0,0,0,0,0,0,24530284454.750183,334610357.0,0.056199998,0.324,1529460,2419308,0,22.7,33.6,2026-09-04
1318,REG,Real Estate,REIT - Retail,NASDAQ,1288170,75.81,94.34,-6,-4,-9.38,12.1,52.2,-0.8,-1.1,-4.4,-0.9,52,58,60,71,19.5,0,0,0,0,0,0,13829263094.716484,183120547.0,0.042600002,0.089,1025720,1318790,0,52.1,16.5,2026-09-04
1319,RITM,Real Estate,REIT - Mortgage,NYSE,5220043,10.02,94.28,12,0,-21.35,14.9,34.0,0.1,-0.8,3.5,-0.3,52,40,28,31,4.6,0,0,0,0,0,0,5628742829.8769245,558407031.0,0.0579,0.097,3996800,5433896,0,25.9,20.7,2026-09-04
1320,BW,Industrials,Specialty Industrial Machinery,NYSE,5079700,7.03,94.28,-46,-45,-68.09,253.2,25.7,-3.4,-14.4,-27.1,-38.6,52,98,99,99,95.9,0,1,1,1,0,3,1066589849.8297348,148965066.0,0.1568,1.303,4876700,4890124,4,98.0,0.8,2026-09-04
1321,BXSL,Financial Services,Asset Management,NYSE,1551763,24.68,94.26,18,16,-17.54,7.6,27.7,-0.3,0.2,3.1,-0.1,52,34,32,29,6.3,0,0,0,0,0,0,5766009059.25,232970063.0,0.0509,-0.071,1281420,1585970,0,25.3,15.1,2026-09-04
1322,LIN,Basic Materials,Specialty Chemicals,NASDAQ,2078320,487.45,94.25,-2,8,-11.08,22.6,56.1,-1.9,-1.5,-4.8,-0.6,52,54,64,73,18.3,0,0,0,0,0,0,225654404091.8894,460980163.0,0.0107,0.093,1771820,2113046,0,52.3,13.1,2026-09-04
1323,GAB,Financial Services,Asset Management,NYSE,644437,5.69,94.2,1,-7,-9.78,6.2,34.5,-0.1,-0.7,-0.1,-2.2,51,50,42,50,11.0,0,0,0,0,0,0,1761373285.8351517,311196702.0,0.01,0.194,586422,784738,0,38.3,20.3,2026-09-04
1324,CRSP,Healthcare,Biotechnology,NASDAQ,1480080,56.92,94.17,18,31,-27.47,25.8,35.3,-3.4,-1.4,3.8,4.8,51,33,46,43,23.7,0,0,0,0,0,0,5581100049.193024,96692653.0,0.222,10.414,1527900,1617066,0,36.4,1.3,2026-09-04
1325,CMC,Industrials,Metal Fabrication,NYSE,1074966,69.15,94.15,-19,-13,-18.52,27.0,53.6,3.5,1.6,3.6,0.7,51,70,76,69,41.1,0,0,0,0,0,0,7481523472.211189,110624335.0,0.0586,0.229,1095680,1287288,0,64.0,14.1,2026-09-04
1326,KREF,Real Estate,REIT - Mortgage,NYSE,873570,7.59,94.14,8,-3,-23.97,30.1,44.4,1.0,1.1,3.6,4.9,51,43,32,21,4.1,0,0,0,0,0,0,488040174.841465,64300417.0,0.1234,,571950,1011364,0,25.0,25.0,2026-09-04
1327,LTM,Industrials,Airlines,NYSE,804846,51.23,94.07,-17,-44,-27.25,26.2,40.5,1.6,1.2,-2.0,-1.6,51,68,41,68,19.2,0,0,0,0,0,0,14792350880.31656,292743939.0,0.019,0.272,950590,772592,0,49.0,27.1,2026-09-04
1328,CMI,Industrials,Specialty Industrial Machinery,NYSE,988496,550.9,94.06,-26,-14,-25.33,42.0,49.9,-0.5,-5.4,-11.4,-6.6,51,77,89,86,57.8,0,0,0,0,0,0,77759782121.00061,137664487.0,0.0185,0.094,1008570,996396,0,77.4,6.6,2026-09-04
1329,ARI,Real Estate,REIT - Mortgage,NYSE,3172736,6.86,94.03,4,20,-38.97,5.8,8.1,0.2,0.4,-11.3,-30.0,51,47,63,64,1.3,0,0,0,0,0,0,878252824.822742,128212093.0,0.0586,5.249,2339800,4927874,0,43.8,17.8,2026-09-04
1330,RIOT,Financial Services,Capital Markets,NASDAQ,20805483,18.64,94.02,-28,-12,-38.52,84.3,59.1,8.9,9.7,3.5,16.8,51,79,95,78,74.1,0,0,0,0,0,0,7126167089.760046,375258935.0,0.14479999,0.139,16356660,19475168,1,81.5,1.0,2026-09-04
1331,CRDO,Technology,Semiconductors,NASDAQ,5710606,165.22,94.0,-41,-38,-46.47,94.2,38.5,-18.0,-25.7,-25.9,-2.7,51,92,95,78,47.6,0,0,0,0,0,0,43741793511.5,187934666.0,0.0369,1.57,6681300,6774552,2,78.2,24.7,2026-09-04
1332,INVH,Real Estate,REIT - Residential,NYSE,3914296,28.84,93.95,-10,-12,-7.45,16.4,64.2,-3.1,-4.3,-5.0,1.8,51,61,59,31,11.2,0,0,0,0,0,0,17369786657.474586,594041956.0,0.0296,0.101,3765550,4196362,0,40.6,31.1,2026-09-04
1333,WPC,Real Estate,REIT - Diversified,NYSE,1209003,70.58,93.9,-5,6,-8.6,9.8,49.8,-0.4,-0.8,-2.7,-0.8,51,56,67,73,23.0,0,0,0,0,0,0,16062689754.65879,227807251.0,0.0513,0.184,1099260,1342070,0,54.8,12.0,2026-09-04
1334,MOS,Basic Materials,Agricultural Inputs,NYSE,7933276,25.78,93.89,24,16,-30.31,30.4,37.4,5.2,9.8,13.7,5.4,51,27,19,75,4.3,0,0,0,0,0,0,7502337366.867565,317895646.0,0.12109999,-0.06,8553320,8076594,0,31.3,2.6,2026-09-04
1335,VATE,Industrials,Engineering & Construction,NYSE,709290,7.38,93.86,-2,44,-65.35,86.9,21.5,-0.9,-1.9,-21.0,-13.1,51,53,99,26,53.5,0,0,1,0,0,1,103541765.02158356,13641866.0,0.0832,0.742,116100,478506,1,57.9,0.6,2026-09-04
1336,QNRX,Healthcare,Biotechnology,NASDAQ,1093070,6.74,93.84,41,38,-83.88,123.4,21.0,18.0,26.6,46.4,-8.7,51,10,7,28,12.4,0,0,0,0,0,0,12291517.9301548,2008418.0,0.0556,,3240330,858984,0,14.3,-4.5,2026-09-04
1337,SWKS,Technology,Semiconductors,NASDAQ,6024403,71.67,93.84,0,24,-21.16,41.0,69.6,8.2,8.1,14.1,15.9,51,51,75,25,16.2,0,0,0,0,0,0,9899604465.541946,150472782.0,0.3136,-0.031,6436200,5706104,0,41.8,20.2,2026-09-04
1338,GFL,Industrials,Waste Management,NYSE,2100503,42.59,93.83,11,-10,-14.84,30.4,69.8,3.9,4.9,8.1,6.7,51,40,19,37,9.4,0,0,0,0,0,0,15456933323.389923,360890326.0,0.1364,0.163,1830010,2848890,0,26.3,18.0,2026-09-04
1339,AXP,Financial Services,Credit Services,NYSE,2677040,329.98,93.82,-5,-21,-14.84,11.6,36.6,-1.7,-2.8,-4.5,-3.2,51,56,40,39,15.8,0,0,0,0,0,0,225013244599.12823,675309833.0,0.0208,0.128,2390390,2822748,0,37.7,25.1,2026-09-04
1340,ORC,Real Estate,REIT - Mortgage,NYSE,4745220,6.52,93.77,12,14,-22.38,2.7,8.6,-1.2,-1.3,-2.0,-7.6,50,38,40,70,9.5,0,0,0,0,0,0,1330020948.7258458,198807315.0,0.0838,,4356650,4877382,0,39.4,7.6,2026-09-04
1341,SBET,Financial Services,Capital Markets,NASDAQ,8427816,8.1,93.77,37,30,-58.55,90.4,28.1,2.6,14.9,33.1,15.6,50,13,6,18,0.9,0,0,0,0,0,0,1779263084.2137184,216983308.0,0.18010001,15.539,10116660,9483710,0,9.5,5.8,2026-09-04
1342,AMPY,Energy,Oil & Gas E&P,NYSE,851753,5.0,93.76,29,63,-26.36,33.5,41.6,1.6,3.1,14.5,-2.5,50,21,55,88,43.6,0,0,0,0,0,0,197332711.4886284,41456450.0,0.094799995,-0.229,637900,876938,0,51.9,-28.1,2026-09-04
1343,RARE,Healthcare,Biotechnology,NASDAQ,2243586,26.53,93.74,21,10,-33.49,3.0,2.1,-35.8,-38.9,-44.8,-41.1,50,29,18,12,0.7,0,0,0,0,0,0,2524861097.7038727,98588873.0,0.1667,0.281,2697470,2542248,0,14.9,18.7,2026-09-04
1344,SONY,Technology,Consumer Electronics,NYSE,5060020,24.65,93.74,13,5,-18.75,27.1,47.9,0.3,1.9,9.0,7.8,50,37,29,26,7.9,0,0,0,0,0,0,145467078226.7997,5853805875.0,0.0018000001,0.082,3896370,4907550,0,25.0,17.5,2026-09-04
1345,CWST,Industrials,Waste Management,NASDAQ,509893,93.4,93.73,13,5,-13.49,24.8,57.3,-0.1,1.2,0.4,1.5,50,37,29,33,15.0,0,0,0,0,0,0,5961799528.701401,63640046.0,0.1027,0.169,397830,632182,0,28.5,12.6,2026-09-04
1346,FE,Utilities,Utilities - Regulated Electric,NYSE,4322293,46.29,93.65,-8,-15,-11.56,8.6,42.0,0.8,0.1,-2.1,-1.6,50,58,51,81,25.8,0,0,0,0,0,0,26538422926.83115,578431175.0,0.0589,0.088,3860930,4158074,0,54.0,12.2,2026-09-04
1347,MLYS,Healthcare,Biotechnology,NASDAQ,801403,29.04,93.63,-7,-39,-39.06,25.4,23.0,6.1,6.4,4.5,-4.7,50,57,25,78,6.7,0,0,0,0,0,0,2263216289.7245502,88406885.0,0.1306,,878400,961548,0,41.7,24.1,2026-09-04
1348,BC,Consumer Cyclical,Recreational Vehicles,NYSE,718656,74.45,93.62,-18,-9,-17.51,26.7,51.5,-2.9,-5.8,-6.8,-5.5,50,68,77,65,32.8,0,0,0,0,0,0,4966074842.370789,64797428.0,0.0001,0.077,662290,700428,0,60.7,17.3,2026-09-04
1349,ICE,Financial Services,Financial Data & Stock Exchanges,NYSE,3819480,157.85,93.61,17,9,-10.82,31.2,72.0,-0.1,1.9,9.0,3.9,50,33,25,40,10.7,0,0,0,0,0,0,91131168102.654,561394487.0,0.0153,0.048,3208010,4113618,0,27.2,10.5,2026-09-04
1350,OGE,Utilities,Utilities - Regulated Electric,NYSE,1411106,46.46,93.59,-4,-1,-8.16,11.3,61.1,1.5,0.9,-1.6,0.9,50,54,57,71,24.0,0,0,0,0,0,0,9439561788.932446,206374321.0,0.0627,-0.04,1432820,1405328,0,51.5,11.3,2026-09-04
1351,RSG,Industrials,Waste Management,NYSE,1456096,222.52,93.57,12,4,-5.38,12.6,72.3,0.2,1.5,2.4,3.6,50,38,30,52,12.4,0,0,0,0,0,0,68012964730.47757,306212978.0,0.0215,0.046,1534590,1406912,0,33.1,10.8,2026-09-04
1352,STRL,Industrials,Engineering & Construction,NASDAQ,740203,457.6,93.55,-21,6,-54.5,71.6,28.6,1.6,-5.1,-18.9,-6.9,50,71,98,95,75.0,0,0,1,0,0,1,14392509153.304504,30588518.0,0.040999997,0.901,517150,801056,2,84.8,-9.5,2026-09-04
1353,HBAN,Financial Services,Banks - Regional,NASDAQ,24736066,16.88,93.54,-8,-17,-13.26,13.4,47.3,0.8,-1.2,-2.8,0.3,50,58,49,40,12.5,0,0,0,0,0,0,34185419010.06542,2020414826.0,0.0252,0.476,21331050,23291990,0,39.9,27.2,2026-09-04
1354,CUBE,Real Estate,REIT - Industrial,NYSE,2157026,39.46,93.52,-12,-21,-8.78,11.7,58.0,-1.3,-2.7,-3.5,1.0,50,62,53,47,13.5,0,0,0,0,0,0,9025378297.11564,225521694.0,0.047399998,0.015,1983330,2087880,0,43.9,28.2,2026-09-04
1355,SMA,Real Estate,REIT - Industrial,NYSE,690640,32.46,93.51,-3,-21,-18.38,10.0,31.5,-1.7,-3.2,-3.3,0.7,50,53,35,38,8.1,0,0,0,0,0,0,1829388605.8117447,55368903.0,0.0836,0.114,782780,741918,0,33.5,27.3,2026-09-04
1356,GBCI,Financial Services,Banks - Regional,NYSE,1056470,46.4,93.49,-8,-6,-14.99,16.6,46.4,0.3,-1.9,-5.9,-1.6,50,58,60,47,11.8,0,0,0,0,0,0,6104336495.721371,130211953.0,0.0717,0.415,968140,1197716,0,44.2,25.1,2026-09-04
1357,BIP,Utilities,Utilities - Diversified,NYSE,945166,36.29,93.44,-19,-21,-17.6,21.7,54.7,-1.9,-3.5,-4.3,-0.2,50,69,67,77,42.3,0,0,0,0,0,0,17526289124.784096,460007607.0,1.21,0.194,743160,902066,0,63.8,11.9,2026-09-04
1358,ELS,Real Estate,REIT - Residential,NYSE,1479910,63.12,93.42,-4,-19,-8.52,5.3,34.4,-2.2,-3.0,-3.7,-2.2,50,54,39,70,19.7,0,0,0,0,0,0,12369679140.79102,194064619.0,0.0584,0.064,1328560,1501238,0,45.7,15.5,2026-09-04
1359,HAPN,Financial Services,Banks - Regional,NASDAQ,1365370,17.36,93.39,-27,-31,-19.89,33.3,53.6,-0.4,-3.6,-7.1,0.6,49,76,72,43,24.5,0,0,0,0,0,0,2064639460.520874,115407464.0,0.0484,0.065,1006300,1691826,0,53.9,32.8,2026-09-04
1360,NPKI,Industrials,Building Products & Equipment,NYSE,870393,13.25,93.33,-6,21,-19.7,26.7,47.1,-0.1,-2.7,-4.8,-5.5,49,55,82,88,45.1,0,0,0,0,0,0,1117414192.0837784,84909894.0,0.0379,0.196,899500,959616,0,67.5,-4.4,2026-09-04
1361,PRDO,Consumer Defensive,Education & Training Services,NASDAQ,674830,33.09,93.27,-4,1,-14.05,21.1,54.9,-0.3,1.6,0.9,1.3,49,53,58,79,18.1,0,0,0,0,0,0,2100711717.2529984,62577055.0,0.075,0.018,566730,724812,0,52.0,11.7,2026-09-04
1362,POR,Utilities,Utilities - Regulated Electric,NYSE,1112010,48.69,93.24,-7,1,-10.86,16.6,56.0,-1.2,-1.6,-4.0,-3.7,49,56,64,79,33.3,0,0,0,0,0,0,5833343724.54483,117607740.0,0.0756,0.009,1047050,1138298,0,58.1,6.0,2026-09-04
1363,AEP,Utilities,Utilities - Regulated Electric,NASDAQ,3665306,123.57,93.2,-4,7,-12.1,17.0,56.0,1.1,0.4,-3.7,-1.9,49,53,64,81,33.6,0,0,0,0,0,0,66585238794.0249,544397352.0,0.0429,0.07,3474510,4168732,0,57.9,3.0,2026-09-04
1364,SHW,Basic Materials,Specialty Chemicals,NYSE,1887876,331.25,93.17,-10,-41,-12.31,13.9,49.5,-1.9,-4.0,-2.7,-0.1,49,59,28,37,9.8,0,0,0,0,0,0,83717572397.8324,242758151.0,0.026400002,0.075,1600160,2099582,0,33.5,32.1,2026-09-04
1365,NFG,Energy,Oil & Gas Integrated,NYSE,579563,83.21,93.14,14,9,-14.27,9.8,36.4,0.3,0.7,2.4,-0.4,49,35,30,76,13.0,0,0,0,0,0,0,7885891980.051849,95045099.0,0.0636,0.011,409150,637596,0,38.5,3.3,2026-09-04
1366,SUZ,Basic Materials,Paper & Paper Products,NYSE,3450940,9.14,93.12,18,11,-20.76,19.6,39.6,2.0,7.0,10.1,0.7,48,30,23,64,13.3,0,0,0,0,0,0,10960889955.996868,1231560722.0,0.011,-0.128,4194410,3248288,0,32.6,2.2,2026-09-04
1367,AEE,Utilities,Utilities - Regulated Electric,NYSE,1431436,105.89,93.12,-6,-3,-10.51,9.5,43.8,-0.1,-1.0,-3.4,-1.3,48,54,57,73,23.5,0,0,0,0,0,0,29378606556.4927,276843251.0,0.0514,-0.062,1238230,1596084,0,51.9,11.1,2026-09-04
1368,WRBY,Healthcare,Medical Instruments & Supplies,NYSE,2447923,23.91,93.11,-33,-67,-22.87,47.7,56.8,-1.9,-4.8,-8.7,-2.0,48,81,47,37,13.2,0,0,0,0,0,0,3090201350.0,123608054.0,0.2084,0.098,1953570,2581792,0,44.5,46.1,2026-09-04
1369,DTM,Energy,Oil & Gas Midstream,NYSE,1001310,128.89,93.07,-12,2,-15.69,23.9,53.6,0.1,-1.5,-6.2,-3.2,48,60,74,83,44.0,0,0,0,0,0,0,13214041166.34961,102015296.0,0.0586,0.11,1106500,883700,0,65.3,2.0,2026-09-04
1370,FLG,Financial Services,Banks - Regional,NYSE,4535510,13.49,93.06,-15,-10,-12.63,26.1,60.3,0.7,-1.2,-5.0,-0.6,48,63,68,45,21.9,0,0,0,0,0,0,5582998565.027325,415092836.0,0.0001,0.153,4013430,4513588,0,49.5,23.7,2026-09-04
1371,UTHR,Healthcare,Drug Manufacturers - Specialty & Generic,NASDAQ,527050,492.02,93.01,-19,-8,-19.25,23.6,46.0,-4.1,-4.7,-7.2,-6.8,48,67,78,89,48.5,0,0,0,0,0,0,22108437040.74243,42890692.0,0.0575,-0.019,539060,486404,0,70.6,3.7,2026-09-04
1372,MGM,Consumer Cyclical,Resorts & Casinos,NYSE,2275250,41.44,92.99,-30,-23,-19.67,,,,,,,48,78,85,60,,0,0,0,0,0,0,10817389903.481598,255851235.0,0.1453,0.01,1858500,2482952,0,74.3,,2026-09-04
1373,MAR,Consumer Cyclical,Lodging,NASDAQ,1656530,333.14,92.98,-24,-12,-18.94,29.9,54.0,-2.8,-4.0,-7.0,-2.4,48,72,84,76,45.6,0,0,0,0,0,0,91549824889.53957,260766288.0,0.024,0.111,1413720,1581052,0,69.4,11.2,2026-09-04
1374,VMRK,Real Estate,REIT - Residential,NYSE,4783867,64.96,92.94,-11,-6,-9.15,,,,,,,48,59,64,39,,0,0,0,0,0,0,26139627324.084084,398834711.0,0.105900005,0.035,5308762,3973918,0,54.0,,2026-09-04
1375,HLT,Consumer Cyclical,Lodging,NYSE,1967353,311.51,92.94,-15,-1,-12.99,,,,,,,48,63,77,72,,0,0,0,0,0,0,72437142657.1872,225064910.0,0.0255,0.025,1521760,2245796,0,70.7,,2026-09-04
1376,GBDC,Financial Services,Asset Management,NASDAQ,1089526,12.95,92.9,9,19,-13.09,,,,,,,47,38,48,31,,0,0,0,0,0,0,3383260135.335545,259651589.0,0.0495,-0.14,1017590,1109448,0,39.0,,2026-09-04
1377,CTSH,Technology,Information Technology Services,NASDAQ,8397606,63.4,92.87,18,7,-27.15,,,,,,,47,29,18,24,,0,0,0,0,0,0,30290920433.044437,473000000.0,0.0791,0.045,5827860,9154834,0,23.7,,2026-09-04
1378,VSNT,Communication Services,Entertainment,NASDAQ,1684536,41.53,92.85,17,32,-29.61,,,,,,,47,30,45,27,,0,0,0,0,0,0,5708756663.267006,139170078.0,0.0425,-0.037,1420180,1822684,0,34.0,,2026-09-04
1379,YUM,Consumer Cyclical,Restaurants,NYSE,2379023,151.27,92.85,-3,-13,-11.09,,,,,,,47,50,40,67,,0,0,0,0,0,0,41988561104.6656,272901085.0,0.036199998,0.122,2339670,2561738,0,52.3,,2026-09-04
1380,FTV,Technology,Scientific & Technical Instruments,NYSE,2628410,56.6,92.85,-16,-10,-12.33,,,,,,,47,63,69,56,,0,0,0,0,0,0,18197153924.8271,304861021.0,0.0622,0.079,2312430,2576024,0,62.7,,2026-09-04
1381,OR,Basic Materials,Gold,NYSE,1056410,36.81,92.83,17,24,-23.41,,,,,,,47,30,37,90,,0,0,0,0,0,0,7005156908.002693,187303653.0,2.72,0.62,1178870,1074158,1,52.3,,2026-09-04
1382,BLBD,Industrials,Farm & Heavy Construction Machinery,NASDAQ,593733,61.71,92.8,-42,-45,-26.0,,,,,,,47,89,86,76,,0,0,0,0,0,0,1874427451.9833407,31646589.0,0.1397,0.299,545800,544972,0,83.7,,2026-09-04
1383,NEE,Utilities,Utilities - Regulated Electric,NYSE,10923766,83.1,92.75,0,11,-15.85,,,,,,,47,47,58,80,,0,0,0,0,0,0,170685934861.00507,2085605358.0,0.0,0.124,10867420,10981022,0,61.7,,2026-09-04
1384,KT,Communication Services,Telecom Services,NYSE,1539276,19.65,92.73,19,22,-20.06,,,,,,,46,27,30,74,,0,0,0,0,0,0,9349054382.383669,476263616.0,0.0097,-0.101,1134530,1502780,0,43.7,,2026-09-04
1385,MCHP,Technology,Semiconductors,NASDAQ,10130780,72.76,92.72,7,55,-31.3,,,,,,,46,39,87,48,,0,0,0,0,0,0,39601624000.3431,543008691.0,0.081199996,0.38,7727850,10773524,0,58.0,,2026-09-04
1386,LSPD,Technology,Software - Application,NYSE,784356,10.41,92.71,9,1,-24.1,,,,,,,46,37,29,21,,0,0,0,0,0,0,1370575724.52388,129299592.0,0.043899998,0.058,628220,817916,0,29.0,,2026-09-04
1387,ASAN,Technology,Software - Application,NYSE,4866783,9.8,92.69,11,-6,-37.62,,,,,,,46,35,18,8,,0,0,0,0,0,0,2418732090.438389,237363316.0,0.2856,0.095,4157450,5110806,0,20.3,,2026-09-04
1388,HLF,Consumer Defensive,Packaged Foods,NYSE,1674320,12.16,92.68,-5,-16,-40.39,,,,,,,46,51,40,90,,0,0,0,0,0,0,1302706045.3834534,104803380.0,0.103599995,0.054,1991370,1694186,1,60.3,,2026-09-04
1389,RMD,Healthcare,Medical Instruments & Supplies,NYSE,1444196,230.87,92.67,14,0,-18.96,,,,,,,46,32,18,39,,0,0,0,0,0,0,34668156965.11386,144252306.0,0.102299996,0.086,1426810,1490226,0,29.7,,2026-09-04
1390,YOU,Technology,Software - Application,NYSE,1720086,44.03,92.6,-44,-44,-36.25,,,,,,,46,90,90,89,,0,0,0,0,0,0,4469426889.47596,102911049.0,0.15619999,0.266,1652100,1580654,2,89.7,,2026-09-04
1391,BAM,Financial Services,Asset Management,NYSE,2368860,49.67,92.59,-4,-22,-20.62,,,,,,,46,50,32,26,,0,0,0,0,0,0,83248753405.9112,1597251633.0,0.051999997,0.608,1541750,2436776,0,36.0,,2026-09-04
1392,PG,Consumer Defensive,Household & Personal Products,NYSE,9148613,147.64,92.57,8,5,-11.72,,,,,,,46,38,35,48,,0,0,0,0,0,0,334805958214.31195,2328598978.0,0.0106,0.015,9173480,9113996,0,40.3,,2026-09-04
1393,AXS,Financial Services,Insurance - Specialty,NYSE,666413,99.67,92.57,-10,-30,-16.93,,,,,,,46,56,36,55,,0,0,0,0,0,0,7336936199.235992,73723236.0,0.027999999,0.074,495300,683104,0,49.0,,2026-09-04
1394,LUV,Industrials,Airlines,NYSE,4904183,38.61,92.51,-37,-54,-29.94,,,,,,,46,83,66,72,,0,0,0,0,0,0,19392212789.05101,489208201.0,0.0678,0.164,4483300,5310166,0,73.7,,2026-09-04
1395,MDU,Utilities,Utilities - Regulated Gas,NYSE,1436436,19.81,92.48,6,37,-13.79,,,,,,,45,39,70,78,,0,0,0,0,0,0,4162815926.820679,210349456.0,0.088999994,0.069,1310880,1481866,0,62.3,,2026-09-04
1396,DLB,Industrials,Specialty Business Services,NYSE,983240,61.79,92.48,9,-6,-16.25,,,,,,,45,36,21,31,,0,0,0,0,0,0,5760630892.5,93668795.0,0.13319999,-0.033,1107550,966926,0,29.3,,2026-09-04
1397,PRKS,Consumer Cyclical,Leisure,NYSE,652676,40.86,92.47,-23,-27,-28.25,,,,,,,45,68,64,21,,0,0,0,0,0,0,1926552295.5138817,45341309.0,0.3438,-0.014,531680,640446,0,51.0,,2026-09-04
1398,COO,Healthcare,Medical Instruments & Supplies,NASDAQ,1727676,69.73,92.47,-17,-49,-22.38,,,,,,,45,62,30,39,,0,0,0,0,0,0,13880329579.98825,195030630.0,0.044699997,0.079,1440500,2098380,0,43.7,,2026-09-04
1399,STAG,Real Estate,REIT - Industrial,NYSE,1666160,37.43,92.43,4,6,-12.16,,,,,,,45,41,43,58,,0,0,0,0,0,0,7168425786.15889,192803274.0,0.0504,0.081,1722780,1682064,0,47.3,,2026-09-04
1400,SE,Consumer Cyclical,Internet Retail,NYSE,4558886,112.81,92.41,-3,-37,-43.4,,,,,,,45,48,14,12,,0,0,0,0,0,0,73106152919.75089,612484522.0,0.0339,0.481,3401150,4589040,0,24.7,,2026-09-04
1401,EMA,Utilities,Utilities - Regulated Electric,NYSE,532450,49.95,92.37,-9,-4,-9.98,,,,,,,45,54,59,77,,0,0,0,0,0,0,15326785468.673706,307150000.0,8.79,0.012,330210,474038,0,63.3,,2026-09-04
1402,BBAR,Financial Services,Banks - Regional,NYSE,749580,15.26,92.37,-14,6,-32.09,,,,,,,45,59,79,40,,0,0,0,0,0,0,2955305002.247081,204236693.0,0.0217,0.008,1060920,666554,0,59.3,,2026-09-04
1403,NEXT,Energy,Oil & Gas Equipment & Services,NASDAQ,2791336,7.44,92.29,13,61,-33.98,,,,,,,44,31,79,29,,0,0,0,0,0,0,1956462907.164579,266185433.0,0.13239999,,2432070,2635848,0,46.3,,2026-09-04
1404,HUBB,Industrials,Electrical Equipment & Parts,NYSE,566147,460.15,92.26,-15,-10,-18.63,,,,,,,44,59,64,73,,0,0,0,0,0,0,24285019779.338654,52832571.0,0.0583,0.153,446060,543897,0,65.3,,2026-09-04
1405,TT,Industrials,Building Products & Equipment,NYSE,1109700,439.02,92.24,-11,-3,-13.21,,,,,,,44,55,63,65,,0,0,0,0,0,0,98781603665.83914,220023177.0,0.0126,0.106,1006180,1169490,0,61.0,,2026-09-04
1406,JBS,Consumer Defensive,Packaged Foods,NYSE,5990533,13.54,92.22,8,-3,-27.4,,,,,,,44,36,25,62,,0,0,0,0,0,0,44702453103.37707,3289363694.0,0.1586,0.138,5054180,5863186,0,41.0,,2026-09-04
1407,HLNE,Financial Services,Asset Management,NASDAQ,677546,103.16,92.21,15,-2,-33.73,,,,,,,44,29,12,16,,0,0,0,0,0,0,4596745708.367348,43349167.0,0.1019,0.565,541480,763014,0,19.0,,2026-09-04
1408,NCI,Consumer Cyclical,Apparel Manufacturing,NASDAQ,807536,13.48,92.2,-26,-88,-87.8,,,,,,,44,70,8,99,,0,0,0,1,0,1,32421573.9528656,2579282.0,0.061,-0.508,1112230,564010,1,59.0,,2026-09-04
1409,KRC,Real Estate,REIT - Office,NYSE,1213666,36.47,92.18,-16,-7,-19.01,,,,,,,44,60,69,25,,0,0,0,0,0,0,4211548348.995941,116308988.0,0.0983,-0.06,1003380,1237908,0,51.3,,2026-09-04
1410,LUNR,Industrials,Aerospace & Defense,NASDAQ,9349433,14.86,92.15,19,91,-68.21,,,,,,,44,25,97,94,,0,0,0,0,0,0,2466151970.9676905,160452309.0,0.2709,3.098,5927410,9883440,2,72.0,,2026-09-04
1411,LBRT,Energy,Oil & Gas Equipment & Services,NYSE,5109940,20.11,92.13,11,71,-41.67,,,,,,,44,33,93,96,,0,0,0,0,0,0,3103900807.023102,163191416.0,0.1365,0.14,3497980,4590110,2,74.0,,2026-09-04
1412,GGAL,Financial Services,Banks - Regional,NASDAQ,843610,45.01,92.13,2,30,-28.01,,,,,,,44,42,70,38,,0,0,0,0,0,0,7157713801.221981,169453445.0,0.1711,0.147,1078760,919580,0,50.0,,2026-09-04
1413,FHB,Financial Services,Banks - Regional,NASDAQ,1965716,25.75,92.11,-16,-6,-15.79,,,,,,,43,59,69,42,,0,0,0,0,0,0,3138143662.261948,121680634.0,0.1382,0.059,1810840,2280758,0,56.7,,2026-09-04
1414,ALGN,Healthcare,Medical Instruments & Supplies,NASDAQ,915473,159.15,92.08,-21,-26,-20.6,,,,,,,43,64,59,57,,0,0,0,0,0,0,11194460008.237854,71039852.0,0.0551,0.043,844620,948342,0,60.0,,2026-09-04
1415,AVGO,Technology,Semiconductors,NASDAQ,20137816,367.24,92.08,-29,-24,-25.81,,,,,,,43,72,77,72,,0,0,0,0,0,0,1754548041873.571,4757580198.0,0.012,0.479,21273290,21431602,0,73.7,,2026-09-04
1416,AHRT,Real Estate,REIT - Diversified,NYSE,625873,6.47,92.07,-18,-15,-16.08,,,,,,,43,61,64,26,,0,0,0,0,0,0,487838164.8345032,74592992.0,0.044299997,0.039,543350,678814,0,50.3,,2026-09-04
1417,NGG,Utilities,Utilities - Regulated Electric,NYSE,758003,78.05,92.07,-3,9,-17.53,,,,,,,43,46,58,84,,0,0,0,0,0,0,79775320575.89227,1005360077.0,0.0011999999,0.02,684320,850018,0,62.7,,2026-09-04
1418,PII,Consumer Cyclical,Recreational Vehicles,NYSE,852610,61.72,92.05,-28,-17,-20.85,,,,,,,43,71,82,42,,0,0,0,0,0,0,3629306691.2576895,56903524.0,0.1148,0.088,827210,843068,0,65.0,,2026-09-04
1419,MIAX,Financial Services,Capital Markets,NYSE,1309840,40.62,92.04,-20,-35,-28.91,,,,,,,43,63,48,62,,0,0,0,0,0,0,4266928614.0,99230898.0,0.0937,0.183,1331920,1637828,0,57.7,,2026-09-04
1420,AA,Basic Materials,Aluminum,NYSE,4728950,51.05,92.04,-10,31,-39.5,,,,,,,43,53,94,95,,0,0,0,0,0,0,13279923191.861229,263909445.0,0.041500002,0.314,4032410,5624968,2,80.7,,2026-09-04
1421,SPOT,Communication Services,Internet Content & Information,NYSE,1900730,559.36,92.02,8,-2,-24.92,,,,,,,43,35,25,27,,0,0,0,0,0,0,112579041606.1184,205620061.0,0.0312,0.139,1516810,1785354,0,29.0,,2026-09-04
1422,TXNM,Utilities,Utilities - Regulated Electric,NYSE,957840,58.07,92.0,2,11,-2.45,,,,,,,43,41,50,63,,0,0,0,0,0,0,5939577775.145645,103046111.0,0.0686,0.092,1336250,1227904,0,51.3,,2026-09-04
1423,BZ,Communication Services,Internet Content & Information,NASDAQ,5757590,17.3,91.99,11,-3,-31.51,,,,,,,43,32,18,17,,0,0,0,0,0,0,7954585144.05241,446886825.0,0.0631,0.141,9888060,4744216,0,22.3,,2026-09-04
1424,NAD,Financial Services,Asset Management,NYSE,606867,11.46,91.98,-8,-4,-6.9,,,,,,,43,51,55,63,,0,0,0,0,0,0,2734728319.318116,233737467.0,0.0034,-0.006,655451,593208,0,56.3,,2026-09-04
1425,REYN,Consumer Cyclical,Packaging & Containers,NASDAQ,1312630,22.53,91.98,-31,-54,-17.53,,,,,,,43,74,51,38,,0,0,0,0,0,0,5069522956.279243,210790982.0,0.14840001,0.006,1403010,1302118,0,54.3,,2026-09-04
1426,REAL,Consumer Cyclical,Luxury Goods,NASDAQ,3212796,10.1,91.97,-34,-61,-41.93,,,,,,,43,77,50,77,,0,0,0,0,0,0,1329865324.0810776,121671115.0,0.1393,0.166,2866730,3187464,0,68.0,,2026-09-04
1427,FMS,Healthcare,Medical Care Facilities,NYSE,762980,22.65,91.96,-15,-39,-18.05,,,,,,,42,57,33,37,,0,0,0,0,0,0,12294267650.025578,532219370.0,3.63,0.014,690110,700810,0,42.3,,2026-09-04
1428,REXR,Real Estate,REIT - Industrial,NYSE,2583506,36.63,91.93,3,-4,-17.46,,,,,,,42,39,32,33,,0,0,0,0,0,0,8279549282.297012,222988124.0,0.0469,-0.016,2039100,2636466,0,34.7,,2026-09-04
1429,RXST,Healthcare,Medical Devices,NASDAQ,884833,7.03,91.91,19,3,-46.82,,,,,,,42,23,7,11,,0,0,0,0,0,0,293232462.733284,41593256.0,0.108100004,0.003,907590,1164878,0,13.7,,2026-09-04
1430,ARES,Financial Services,Asset Management,NYSE,2242570,138.06,91.88,1,-7,-26.11,,,,,,,42,41,33,11,,0,0,0,0,0,0,32143127584.669067,225518332.0,0.1356,0.058,1773430,2207462,0,28.3,,2026-09-04
1431,NXE,Energy,Uranium,NYSE,5138416,10.22,91.87,3,31,-26.79,,,,,,,42,39,67,94,,0,0,0,0,0,0,6973263194.622221,670506101.0,8.43,,4624500,4940852,1,66.7,,2026-09-04
1432,STEP,Financial Services,Asset Management,NASDAQ,1251883,50.5,91.87,15,10,-35.09,,,,,,,42,27,22,20,,0,0,0,0,0,0,4140777775.1274185,82288907.0,0.08979999,0.04,898310,1404348,0,23.0,,2026-09-04
1433,ALV,Consumer Cyclical,Auto Parts,NYSE,540193,121.17,91.8,-10,8,-8.32,,,,,,,42,52,70,38,,0,0,0,0,0,0,8940067056.839775,73237217.0,0.066300005,0.033,543020,649408,0,53.3,,2026-09-04
1434,ACVA,Consumer Cyclical,Auto & Truck Dealerships,NYSE,4173386,6.77,91.79,-14,-53,-43.16,,,,,,,42,56,17,7,,0,0,0,0,0,0,1215825110.8893583,169807980.0,0.0935,0.104,2749300,3842554,0,26.7,,2026-09-04
1435,CI,Healthcare,Healthcare Plans,NYSE,1701000,282.84,91.78,1,16,-10.34,,,,,,,42,41,56,38,,0,0,0,0,0,0,73691388025.91675,264240486.0,0.0221,0.067,1504130,1725776,0,45.0,,2026-09-04
1436,KMT,Industrials,Tools & Accessories,NYSE,1547350,29.45,91.76,-18,-2,-32.78,,,,,,,42,60,76,92,,0,0,0,0,0,0,2251246512.392433,76210103.0,0.1149,0.426,1353470,1320030,1,76.0,,2026-09-04
1437,PUK,Financial Services,Insurance - Life,NYSE,1098273,27.29,91.72,9,11,-19.81,,,,,,,41,32,34,74,,0,0,0,0,0,0,34277156448.79954,1239680178.0,0.0005,-0.018,898160,996542,0,46.7,,2026-09-04
1438,CLF,Basic Materials,Steel,NYSE,21697980,12.42,91.69,-21,-1,-25.63,,,,,,,41,62,82,30,,0,0,0,0,0,0,6629675280.846873,570540047.0,0.1435,0.059,15077550,20889372,0,58.0,,2026-09-04
1439,ODFL,Industrials,Trucking,NASDAQ,1663236,187.61,91.68,-37,-27,-25.56,,,,,,,41,78,88,71,,0,0,0,0,0,0,41187246840.34351,207356622.0,0.0434,0.104,1490260,1624036,0,79.0,,2026-09-04
1440,TRUP,Financial Services,Insurance - Property & Casualty,NASDAQ,542830,28.26,91.66,22,15,-39.85,,,,,,,41,19,12,13,,0,0,0,0,0,0,1292038417.247757,43620472.0,0.1091,0.111,448040,470146,0,14.7,,2026-09-04
1441,TIC,Industrials,Specialty Business Services,NYSE,2121036,9.36,91.64,22,31,-37.37,,,,,,,41,19,28,19,,0,0,0,0,0,0,2086186694.9289052,218220356.0,0.0947,0.861,1460730,2087870,0,22.0,,2026-09-04
1442,ZTO,Industrials,Integrated Freight & Logistics,NYSE,1938823,20.96,91.64,-17,-12,-20.0,,,,,,,41,58,63,79,,0,0,0,0,0,0,16318808288.5,759014339.0,0.024400001,0.23,1792290,1732938,0,66.7,,2026-09-04
1443,ALOY,Basic Materials,Other Industrial Metals & Mining,NASDAQ,3003053,10.21,91.59,-9,32,-62.04,,,,,,,41,50,91,97,,0,0,0,0,0,0,717471450.4833031,68987642.0,2.82,0.827,2078110,2855252,2,79.3,,2026-09-04
1444,FPI,Real Estate,REIT - Specialty,NYSE,505096,10.45,91.56,8,7,-20.98,,,,,,,41,33,32,75,,0,0,0,0,0,0,447214900.5,43630722.0,0.088999994,-0.055,650230,491392,0,46.7,,2026-09-04
1445,EXR,Real Estate,REIT - Industrial,NYSE,1118110,139.93,91.54,-21,-29,-11.93,,,,,,,41,62,54,54,,0,0,0,0,0,0,30192533307.47223,211269558.0,0.031600002,0.038,945720,1098240,0,56.7,,2026-09-04
1446,PLAB,Technology,Semiconductor Equipment & Materials,NASDAQ,1367563,27.87,91.54,-6,21,-50.23,,,,,,,41,47,74,84,,0,0,0,0,0,0,1635063318.548561,58963698.0,0.10609999,0.027,2426750,1337654,0,68.3,,2026-09-04
1447,IEP,Energy,Oil & Gas Refining & Marketing,NASDAQ,1260850,6.8,91.54,-11,-3,-27.04,,,,,,,41,52,60,63,,0,0,0,0,0,0,4820004479.695923,710915093.0,0.1107,0.257,1091160,1042974,0,58.3,,2026-09-04
1448,POET,Technology,Semiconductors,NASDAQ,10844046,7.29,91.47,-28,-1,-64.97,,,,,,,41,69,96,89,,0,0,0,0,0,0,1297935660.0,173058088.0,0.1577,1.123,6966400,12510626,1,84.7,,2026-09-04
1449,BJ,Consumer Defensive,Discount Stores,NYSE,1784796,92.75,91.45,-2,-12,-12.32,,,,,,,41,43,33,50,,0,0,0,0,0,0,11444110902.459076,126314692.0,0.073699996,0.157,2436130,1841070,0,42.0,,2026-09-04
1450,KKR,Financial Services,Asset Management,NYSE,4526573,106.43,91.43,8,0,-30.03,,,,,,,41,33,25,14,,0,0,0,0,0,0,97555037390.61664,897635601.0,0.018099999,0.078,3100560,4484376,0,24.0,,2026-09-04
1451,MMYT,Consumer Cyclical,Travel Services,NASDAQ,584493,57.68,91.39,0,-29,-44.13,,,,,,,40,40,11,9,,0,0,0,0,0,0,5551342274.296639,94058662.0,0.123500004,0.062,371090,821910,0,20.0,,2026-09-04
1452,AIG,Financial Services,Insurance - Diversified,NYSE,3060780,76.13,91.36,-12,-30,-12.78,,,,,,,40,52,34,40,,0,0,0,0,0,0,40226171650.74433,522893169.0,0.0175,0.005,3180190,3524462,0,42.0,,2026-09-04
1453,OXLC,Financial Services,Asset Management,NASDAQ,921127,9.66,91.34,13,14,-48.06,,,,,,,40,27,28,10,,0,0,0,0,0,0,948178085.8050385,97649648.0,0.059899997,-0.102,728003,892488,0,21.7,,2026-09-04
1454,ADC,Real Estate,REIT - Retail,NYSE,1485830,72.63,91.32,-12,-24,-11.51,,,,,,,40,52,40,70,,0,0,0,0,0,0,9104565112.424467,124379310.0,0.0001,0.168,1076140,1324126,0,54.0,,2026-09-04
1455,RQI,Financial Services,Asset Management,NYSE,529285,12.17,91.24,-13,-3,-10.32,,,,,,,40,53,63,68,,0,0,0,0,0,0,1662732943.1838322,135181538.0,0.00059999997,-0.052,516775,690517,0,61.3,,2026-09-04
1456,OWL,Financial Services,Asset Management,NYSE,20325726,11.6,91.24,9,-5,-39.86,,,,,,,40,31,17,8,,0,0,0,0,0,0,8220581636.98851,683908596.0,0.18280001,0.071,17432400,19466402,0,18.7,,2026-09-04
1457,PCOR,Technology,Software - Application,NYSE,3474490,59.49,91.22,7,-10,-27.73,,,,,,,40,33,16,25,,0,0,0,0,0,0,9682594322.852356,151955338.0,0.1232,0.158,2961100,3469858,0,24.7,,2026-09-04
1458,MTN,Consumer Cyclical,Resorts & Casinos,NYSE,575573,136.3,91.2,-28,-55,-16.55,,,,,,,40,68,41,39,,0,0,0,0,0,0,5057466084.192261,35633526.0,0.2773,-0.07,526890,636556,0,49.3,,2026-09-04
1459,SONO,Technology,Consumer Electronics,NASDAQ,1698643,15.98,91.17,-24,-28,-19.37,,,,,,,40,64,60,44,,0,0,0,0,0,0,1809897901.262786,118293979.0,0.1101,0.088,1256670,1948186,0,56.0,,2026-09-04
1460,ZWS,Industrials,Pollution & Treatment Controls,NYSE,891106,46.9,91.1,-19,-19,-14.73,,,,,,,40,59,59,71,,0,0,0,0,0,0,7969769734.305737,165864097.0,0.0375,0.105,770210,993464,0,63.0,,2026-09-04
1461,LNT,Utilities,Utilities - Regulated Electric,NASDAQ,2435610,67.74,91.09,-12,0,-14.05,,,,,,,40,52,64,74,,0,0,0,0,0,0,17639137756.460358,259284699.0,0.1041,0.01,1968660,2425196,0,63.3,,2026-09-04
1462,BTI,Consumer Defensive,Tobacco,NYSE,4241486,55.68,91.08,-15,-5,-17.27,,,,,,,40,55,65,77,,0,0,0,0,0,0,120915325984.85532,2154201384.0,0.0022,0.014,4545320,4346108,0,65.7,,2026-09-04
1463,NOW,Technology,Software - Application,NYSE,21937433,136.72,91.07,1,-20,-29.79,,,,,,,40,39,18,14,,0,0,0,0,0,0,149610176961.21216,1033862000.0,0.028299998,0.24,17851600,21405412,0,23.7,,2026-09-04
1464,GDDY,Technology,Software - Infrastructure,NYSE,2064736,101.87,91.07,13,-1,-32.3,,,,,,,40,27,13,10,,0,0,0,0,0,0,12373480294.30188,126647704.0,0.0584,0.066,1703760,2010434,0,16.7,,2026-09-04
1465,NEA,Financial Services,Asset Management,NYSE,897353,11.0,91.06,-9,-1,-7.56,,,,,,,40,49,57,63,,0,0,0,0,0,0,3392891742.847004,302127505.0,0.0054,-0.014,930250,830760,0,56.3,,2026-09-04
1466,ALMS,Healthcare,Biotechnology,NASDAQ,2119576,10.35,91.04,-59,-61,-66.99,,,,,,,40,99,97,99,,0,1,0,1,0,2,2896760540.1936245,129435239.0,0.0754,-0.377,4527140,1970894,3,98.3,,2026-09-04
1467,XRAY,Healthcare,Medical Instruments & Supplies,NASDAQ,4429686,11.29,91.03,-27,-73,-24.02,,,,,,,40,67,21,34,,0,0,0,0,0,0,2216815078.3057594,199353876.0,0.1101,-0.041,3482430,5210100,0,40.7,,2026-09-04
1468,STE,Healthcare,Medical Devices,NYSE,691863,230.35,91.02,-8,-26,-14.51,,,,,,,39,47,29,31,,0,0,0,0,0,0,22793575596.78131,97500110.0,0.0238,0.073,557990,720858,0,35.7,,2026-09-04
1469,AMX,Communication Services,Telecom Services,NYSE,2807606,22.88,90.97,-17,1,-19.61,,,,,,,39,56,74,82,,0,0,0,0,0,0,69438820214.19525,2995635000.0,0.0037,0.031,3403740,2216672,0,70.7,,2026-09-04
1470,SAIL,Technology,Software - Infrastructure,NASDAQ,3179020,18.31,90.96,-35,-70,-23.71,,,,,,,39,74,39,21,,0,0,0,0,0,0,11247238787.237371,567182997.0,0.2597,0.216,3363360,3737468,0,44.7,,2026-09-04
1471,UPBD,Technology,Software - Application,NASDAQ,995540,18.8,90.95,-15,-37,-32.93,,,,,,,39,54,32,28,,0,0,0,0,0,0,1120514524.0689754,58299405.0,0.1462,0.005,788240,1030058,0,38.0,,2026-09-04
1472,WRB,Financial Services,Insurance - Property & Casualty,NYSE,1637983,68.12,90.9,-17,-35,-13.73,,,,,,,39,56,38,56,,0,0,0,0,0,0,25406812991.07721,371227529.0,0.0002,0.012,1618920,1833724,0,50.0,,2026-09-04
1473,DUK,Utilities,Utilities - Regulated Electric,NYSE,4279190,120.56,90.89,-5,1,-10.36,,,,,,,39,44,50,74,,0,0,0,0,0,0,93759188708.25,779702193.0,0.0255,0.011,3422950,4082848,0,56.0,,2026-09-04
1474,GTES,Industrials,Specialty Industrial Machinery,NYSE,1948506,24.91,90.89,-33,-39,-17.9,,,,,,,39,72,66,60,,0,0,0,0,0,0,6549020980.352917,253151170.0,0.046,0.066,1774550,1966756,0,66.0,,2026-09-04
1475,NMZ,Financial Services,Asset Management,NYSE,697671,9.88,90.88,-11,-9,-8.26,,,,,,,39,50,52,56,,0,0,0,0,0,0,2147216166.089384,215367714.0,0.0004,-0.013,787463,659204,0,52.7,,2026-09-04
1476,IVR,Real Estate,REIT - Mortgage,NYSE,2570980,7.14,90.87,-11,0,-24.84,,,,,,,39,50,61,75,,0,0,0,0,0,0,792233483.4915462,107640417.0,0.0947,,2530410,2650404,0,62.0,,2026-09-04
1477,EQT,Energy,Oil & Gas E&P,NYSE,6359280,55.75,90.86,8,9,-18.3,,,,,,,39,31,32,79,,0,0,0,0,0,0,34134407929.107662,625516000.0,0.035099998,-0.039,6325680,7129314,0,47.3,,2026-09-04
1478,DXC,Technology,Information Technology Services,NYSE,3412330,11.63,90.85,12,-3,-25.83,,,,,,,39,27,12,23,,0,0,0,0,0,0,1791119109.7850733,159778689.0,0.2047,-0.051,2281750,4181074,0,20.7,,2026-09-04
1479,EXE,Energy,Oil & Gas E&P,NASDAQ,2948746,99.32,90.84,11,9,-21.56,,,,,,,39,28,26,53,,0,0,0,0,0,0,23482704693.92221,239228849.0,0.0364,-0.106,2670680,3440516,0,35.7,,2026-09-04
1480,GEHC,Healthcare,Medical Devices,NASDAQ,3960493,70.56,90.83,-6,-25,-21.4,,,,,,,39,45,26,31,,0,0,0,0,0,0,32397195735.48148,451686252.0,0.0437,0.058,2449750,4371882,0,34.0,,2026-09-04
1481,KTB,Consumer Cyclical,Apparel Manufacturing,NYSE,694843,72.49,90.82,-39,-66,-18.51,,,,,,,39,78,51,44,,0,0,0,0,0,0,4207782087.047272,54653620.0,0.1374,0.186,622740,760414,0,57.7,,2026-09-04
1482,NVG,Financial Services,Asset Management,NYSE,522241,11.95,90.8,-11,-4,-12.07,,,,,,,39,50,57,64,,0,0,0,0,0,0,2633021441.4353285,215821433.0,0.0034,-0.02,583514,502030,0,57.0,,2026-09-04
1483,TOL,Consumer Cyclical,Residential Construction,NYSE,856203,140.7,90.78,-26,-42,-16.43,,,,,,,39,65,49,69,,0,0,0,0,0,0,13506049072.753906,92368000.0,0.0495,-0.097,779140,929406,0,61.0,,2026-09-04
1484,SPGI,Financial Services,Financial Data & Stock Exchanges,NYSE,2056590,431.71,90.76,8,4,-17.37,,,,,,,39,31,27,28,,0,0,0,0,0,0,130563976318.35938,294800000.0,0.025799999,0.104,1916290,2207291,0,28.7,,2026-09-04
1485,SAP,Technology,Software - Application,NYSE,3000013,209.69,90.72,6,-7,-25.48,,,,,,,39,33,20,20,,0,0,0,0,0,0,255702397808.10608,1154204232.0,0.0069999998,0.094,2258020,2861308,0,24.3,,2026-09-04
1486,AKR,Real Estate,REIT - Retail,NYSE,1426680,20.39,90.71,-17,-5,-11.46,,,,,,,39,56,68,57,,0,0,0,0,0,0,2845533905.5411034,137332722.0,0.27879998,0.134,1262180,1526978,0,60.3,,2026-09-04
1487,AAL,Industrials,Airlines,NASDAQ,61503000,13.11,90.71,-42,-57,-30.23,,,,,,,39,81,66,27,,0,0,0,0,0,0,9029270358.909348,661969951.0,0.098400004,0.163,64000320,97473800,0,58.0,,2026-09-04
1488,PHM,Consumer Cyclical,Residential Construction,NYSE,1447303,123.7,90.61,-21,-43,-14.39,,,,,,,39,60,38,54,,0,0,0,0,0,0,24487021259.468216,190486353.0,0.0592,-0.096,1184650,1643090,0,50.7,,2026-09-04
1489,ZS,Technology,Software - Infrastructure,NASDAQ,2243190,172.73,90.6,15,1,-48.74,,,,,,,39,24,10,13,,0,0,0,0,0,0,29791745099.85237,161709525.0,0.0592,0.254,2281740,2408040,0,15.7,,2026-09-04
1490,PPTA,Basic Materials,Other Precious Metals & Mining,NASDAQ,1226716,24.47,90.57,5,10,-34.52,,,,,,,38,33,38,95,,0,0,0,0,0,0,3141155689.682419,125095803.0,0.121300004,,1214960,1218268,1,55.3,,2026-09-04
1491,H,Consumer Cyclical,Lodging,NYSE,823723,165.02,90.54,-33,-21,-20.23,,,,,,,38,71,83,52,,0,0,0,0,0,0,16232277776.0,94236736.0,0.294,-0.066,631990,792070,0,68.7,,2026-09-04
1492,NZF,Financial Services,Asset Management,NYSE,571098,11.92,90.52,-13,-6,-8.45,,,,,,,38,51,58,62,,0,0,0,0,0,0,2393957276.932741,196386986.0,0.0029,-0.018,611786,551351,0,57.0,,2026-09-04
1493,WCN,Industrials,Waste Management,NYSE,1197570,164.09,90.51,-2,-13,-11.36,,,,,,,38,40,29,40,,0,0,0,0,0,0,41742882814.37183,251569244.0,0.0168,0.064,956180,1282222,0,36.3,,2026-09-04
1494,EFOR,Technology,Information Technology Services,NYSE,881050,30.88,90.51,-2,-37,-43.79,,,,,,,38,40,5,18,,0,0,0,0,0,0,1309950031.2805176,41000000.0,0.1234,-0.013,578180,951198,0,21.0,,2026-09-04
1495,DSL,Financial Services,Asset Management,NYSE,527946,10.54,90.5,0,2,-16.81,,,,,,,38,38,40,42,,0,0,0,0,0,0,1223619329.5643234,114571095.0,0.0007,,555459,560003,0,40.0,,2026-09-04
1496,OBDC,Financial Services,Asset Management,NYSE,4015653,11.36,90.48,5,3,-21.33,,,,,,,38,33,31,28,,0,0,0,0,0,0,5572511123.75948,493142569.0,0.0367,-0.174,3054410,3822626,0,30.7,,2026-09-04
1497,ATO,Utilities,Utilities - Regulated Gas,NYSE,986770,167.68,90.45,-3,-1,-12.9,,,,,,,38,41,43,77,,0,0,0,0,0,0,28161941326.025726,168988553.0,0.0234,0.048,885630,1068202,0,53.7,,2026-09-04
1498,OSW,Consumer Cyclical,Leisure,NASDAQ,958170,21.9,90.39,-31,-27,-25.12,,,,,,,38,69,73,61,,0,0,0,0,0,0,2563857488.3512115,101498712.0,0.0799,0.085,1003160,961370,0,67.7,,2026-09-04
1499,AEO,Consumer Cyclical,Apparel Retail,NYSE,4368510,16.66,90.37,-23,-25,-41.46,,,,,,,38,61,59,74,,0,0,0,0,0,0,2826962268.3431377,167573333.0,0.1283,0.097,4728850,4495356,0,64.7,,2026-09-04
1500,CBRE,Real Estate,Real Estate Services,NYSE,1630060,142.06,90.35,0,-6,-18.48,,,,,,,38,38,32,34,,0,0,0,0,0,0,43673748565.27283,289575298.0,0.015,0.155,1479910,1669088,0,34.7,,2026-09-04
1501,MFA,Real Estate,REIT - Mortgage,NYSE,1461160,8.82,90.34,-14,-24,-16.56,,,,,,,38,52,42,67,,0,0,0,0,0,0,892606484.8276024,101087938.0,0.0404,0.202,1443230,1541592,0,53.7,,2026-09-04
1502,DAKT,Technology,Electronic Components,NASDAQ,518106,19.13,90.27,-24,-25,-32.33,,,,,,,38,62,61,80,,0,0,0,0,0,0,932302404.9455796,48305826.0,0.0509,0.209,747740,586926,0,67.7,,2026-09-04
1503,CION,Financial Services,Asset Management,NYSE,541026,7.45,90.18,18,23,-28.64,,,,,,,38,20,25,20,,0,0,0,0,0,0,363115961.1508026,49202704.0,0.0419,-0.047,377370,535038,0,21.7,,2026-09-04
1504,LGN,Industrials,Engineering & Construction,NASDAQ,1173106,51.35,90.18,-44,-30,-52.12,,,,,,,38,82,96,89,,0,0,0,0,0,0,4140914604.247376,76904346.0,0.0561,1.107,814120,1458074,1,89.0,,2026-09-04
1505,JEF,Financial Services,Capital Markets,NYSE,1831970,52.9,90.15,-15,8,-25.53,,,,,,,38,53,76,13,,0,0,0,0,0,0,12240020102.569485,230552271.0,0.0324,0.35,1455430,2081684,0,47.3,,2026-09-04
1506,DTE,Utilities,Utilities - Regulated Electric,NYSE,1315360,136.05,90.15,-10,-2,-12.65,,,,,,,38,48,56,72,,0,0,0,0,0,0,28270845181.34688,208088069.0,0.023699999,-0.015,1179090,1286228,0,58.7,,2026-09-04
1507,BMNR,Financial Services,Capital Markets,NYSE,38749546,23.06,90.14,23,43,-64.85,,,,,,,38,15,35,90,,0,0,0,0,0,0,14356787716.974785,603226394.0,0.08,21.678,50584820,38424298,1,46.7,,2026-09-04
1508,TYL,Technology,Software - Application,NYSE,985543,374.88,90.11,18,12,-33.83,,,,,,,38,20,14,16,,0,0,0,0,0,0,15477502535.541138,40952274.0,0.106400006,0.082,1222930,886622,0,16.7,,2026-09-04
1509,LOAR,Industrials,Aerospace & Defense,NYSE,618526,67.74,90.09,-26,-64,-18.81,,,,,,,38,64,26,32,,0,0,0,0,0,0,6716526714.721619,93688471.0,0.1306,0.394,682590,704866,0,40.7,,2026-09-04
1510,TNL,Consumer Cyclical,Travel Services,NYSE,708116,67.22,90.08,-39,-47,-17.01,,,,,,,38,77,69,79,,0,0,0,0,0,0,4363897216.744576,61282085.0,0.1399,0.044,559520,720006,0,75.0,,2026-09-04
1511,IRT,Real Estate,REIT - Residential,NYSE,2629370,16.32,90.04,-17,-28,-10.23,,,,,,,38,55,44,36,,0,0,0,0,0,0,3844506337.5347786,235714682.0,0.0805,0.03,1990740,2697764,0,45.0,,2026-09-04
1512,NRDS,Communication Services,Internet Content & Information,NASDAQ,687976,9.98,90.04,17,10,-38.55,,,,,,,38,21,14,33,,0,0,0,0,0,0,632839398.2152443,63923174.0,0.1594,0.056,576630,673180,0,22.7,,2026-09-04
1513,APG,Industrials,Engineering & Construction,NYSE,2798043,39.36,90.04,-12,4,-21.26,,,,,,,38,50,66,80,,0,0,0,0,0,0,17152441594.448149,432160297.0,0.0297,0.133,2581250,2796050,0,65.3,,2026-09-04
1514,CNP,Utilities,Utilities - Regulated Electric,NYSE,6166456,39.51,90.03,-8,6,-12.7,,,,,,,38,46,60,78,,0,0,0,0,0,0,25848185206.76013,658720288.0,0.08180001,0.107,6171660,6516954,0,61.3,,2026-09-04
1515,PPLI,Communication Services,Internet Content & Information,NASDAQ,1025286,38.91,90.0,-35,-39,-19.47,,,,,,,38,73,69,50,,0,0,0,0,0,0,2914517979.050827,74463925.0,0.15439999,-0.015,971270,954118,0,64.0,,2026-09-04
1516,EPRT,Real Estate,REIT - Retail,NYSE,1522730,29.97,89.99,-8,-18,-13.71,,,,,,,38,46,36,67,,0,0,0,0,0,0,6568211312.983528,216273004.0,0.1216,0.181,1247500,1740828,0,49.7,,2026-09-04
1517,PTY,Financial Services,Asset Management,NYSE,1201933,11.75,89.98,4,5,-20.01,,,,,,,38,34,35,38,,0,0,0,0,0,0,2501386661.032342,211981917.0,0.44,0.072,1039581,1141612,0,35.7,,2026-09-04
1518,XEL,Utilities,Utilities - Regulated Electric,NASDAQ,4982643,75.51,89.96,-3,12,-10.35,,,,,,,37,40,55,74,,0,0,0,0,0,0,47753290787.46738,624634306.0,0.0738,-0.051,5493040,5055840,0,56.3,,2026-09-04
1519,BCE,Communication Services,Telecom Services,NYSE,3398526,23.4,89.95,5,23,-11.76,,,,,,,37,32,50,72,,0,0,0,0,0,0,21877054813.06712,932525817.0,7.53,0.015,2432440,3682006,0,51.3,,2026-09-04
1520,YUMC,Consumer Cyclical,Restaurants,NYSE,1606120,44.75,89.92,-7,-21,-23.36,,,,,,,37,44,30,72,,0,0,0,0,0,0,15346666491.54501,340885525.0,0.0167,0.126,1710980,1587096,0,48.7,,2026-09-04
1521,IMRX,Healthcare,Biotechnology,NASDAQ,619800,5.02,89.88,8,10,-50.2,,,,,,,37,29,31,93,,0,0,0,0,0,0,322840021.17193985,64697402.0,0.29389998,,542290,943062,1,51.0,,2026-09-04
1522,WAY,Healthcare,Health Information Services,NASDAQ,2811250,25.72,89.87,6,-15,-37.98,,,,,,,37,31,10,18,,0,0,0,0,0,0,5031478391.952271,191748416.0,0.08180001,0.181,2530440,2818124,0,19.7,,2026-09-04
1523,PHG,Healthcare,Medical Devices,NYSE,1113440,26.37,89.85,-5,-6,-21.14,,,,,,,37,42,41,65,,0,0,0,0,0,0,26116861380.693817,977427472.0,1.86,0.005,636350,1028282,0,49.3,,2026-09-04
1524,ALGM,Technology,Semiconductors,NASDAQ,2249300,35.47,89.84,-24,5,-50.58,,,,,,,37,61,90,67,,0,0,0,0,0,0,6667601270.748085,186402046.0,0.100600004,0.275,2074710,2762180,1,72.7,,2026-09-04
1525,WM,Industrials,Waste Management,NYSE,2047600,219.04,89.83,-14,-29,-11.72,,,,,,,37,51,36,68,,0,0,0,0,0,0,87801438781.24072,399715184.0,0.0153,0.04,2145150,2064710,0,51.7,,2026-09-04
1526,PDO,Financial Services,Asset Management,NYSE,757234,12.52,89.82,-9,-8,-12.14,,,,,,,37,46,47,53,,0,0,0,0,0,0,1788193855.3769646,142485564.0,0.44,,890323,663082,0,48.7,,2026-09-04
1527,SNY,Healthcare,Drug Manufacturers - General,NASDAQ,2761130,44.47,89.8,4,12,-15.58,,,,,,,37,33,41,32,,0,0,0,0,0,0,108831836039.25276,2428198054.0,0.0034,0.146,1922600,3149030,0,35.3,,2026-09-04
1528,INVA,Healthcare,Biotechnology,NASDAQ,659933,21.35,89.78,-4,9,-15.11,,,,,,,37,41,54,70,,0,0,0,0,0,0,1514987770.8429625,72245485.0,0.129,0.193,620360,758796,0,55.0,,2026-09-04
1529,FWRD,Industrials,Integrated Freight & Logistics,NASDAQ,597686,15.98,89.78,22,13,-48.95,,,,,,,37,15,6,19,,0,0,0,0,0,0,573936837.6481743,33780862.0,0.0926,0.088,479030,691240,0,13.3,,2026-09-04
1530,IT,Technology,Information Technology Services,NYSE,1444053,186.75,89.78,-14,-48,-29.75,,,,,,,37,51,17,10,,0,0,0,0,0,0,12528125310.096924,63148976.0,0.16420001,-0.006,1064280,1391112,0,26.0,,2026-09-04
1531,AKAM,Technology,Software - Infrastructure,NASDAQ,3326713,105.09,89.76,-47,-40,-36.48,,,,,,,37,84,91,83,,0,0,0,0,0,0,15445224144.665314,143716609.0,0.1612,0.054,2714480,3565216,1,86.0,,2026-09-04
1532,ENB,Energy,Oil & Gas Midstream,NYSE,5076093,50.31,89.76,-18,-5,-13.93,,,,,,,37,55,68,77,,0,0,0,0,0,0,109641094218.125,2184085509.0,0.032,0.971,4619100,4518860,0,66.7,,2026-09-04
1533,TRI,Industrials,Specialty Business Services,NASDAQ,2083200,105.87,89.76,10,-5,-41.18,,,,,,,37,27,12,14,,0,0,0,0,0,0,46021448375.24614,433224578.0,5.5,0.095,1434160,2013238,0,17.7,,2026-09-04
1534,LINE,Real Estate,REIT - Industrial,NASDAQ,936853,38.78,89.75,-21,-14,-15.23,,,,,,,37,58,65,33,,0,0,0,0,0,0,8952155962.319298,227674365.0,0.082100004,0.008,701070,951764,0,52.0,,2026-09-04
1535,CSL,Industrials,Building Products & Equipment,NYSE,564156,341.93,89.7,-19,-40,-21.02,,,,,,,37,56,35,45,,0,0,0,0,0,0,14159279790.010834,39714133.0,0.0728,0.083,752380,576420,0,45.3,,2026-09-04
1536,DOLE,Consumer Defensive,Farm Products,NYSE,1149570,14.06,89.69,3,6,-15.15,,,,,,,37,34,37,50,,0,0,0,0,0,0,1301642335.2367773,94458807.0,0.0525,0.029,1080250,1078264,0,40.3,,2026-09-04
1537,CIFR,Technology,Information Technology Services,NASDAQ,33967066,15.18,89.67,-54,-47,-49.64,,,,,,,37,91,98,96,,0,0,1,0,0,1,6296016084.404331,415030722.0,0.192,-0.43,30679820,30771908,3,95.0,,2026-09-04
1538,CPT,Real Estate,REIT - Residential,NYSE,908316,105.54,89.67,-22,-21,-11.91,,,,,,,37,59,60,39,,0,0,0,0,0,0,12308159493.7061,115732578.0,0.047399998,-0.008,888160,923794,0,52.7,,2026-09-04
1539,UDR,Real Estate,REIT - Residential,NYSE,3199060,36.59,89.66,-19,-18,-12.88,,,,,,,37,56,57,41,,0,0,0,0,0,0,11925327577.49279,321264222.0,0.0341,-0.001,2612590,3126960,0,51.3,,2026-09-04
1540,JD,Consumer Cyclical,Internet Retail,NASDAQ,8344200,27.83,89.65,-23,-43,-24.5,,,,,,,37,60,40,29,,0,0,0,0,0,0,38813369690.89508,1350500000.0,0.017,-0.029,5678460,8349704,0,43.0,,2026-09-04
1541,RVLV,Consumer Cyclical,Internet Retail,NYSE,906240,21.84,89.64,-34,-82,-31.06,,,,,,,37,71,23,35,,0,0,0,0,0,0,1628566961.3532257,71085420.0,0.1294,0.124,779830,845216,0,43.0,,2026-09-04
1542,ACDC,Energy,Oil & Gas Equipment & Services,NASDAQ,1872620,5.05,89.64,21,90,-38.56,,,,,,,37,16,85,84,,0,0,0,0,0,0,908792540.695408,182122762.0,0.051799998,-0.008,1614420,1681768,0,61.7,,2026-09-04
1543,TSN,Consumer Defensive,Farm Products,NYSE,3067656,55.81,89.62,1,10,-19.67,,,,,,,37,36,45,66,,0,0,0,0,0,0,19489804301.606503,351801512.0,0.026700001,-0.001,2565220,2980448,0,49.0,,2026-09-04
1544,TPR,Consumer Cyclical,Luxury Goods,NYSE,3151196,123.14,89.58,-43,-44,-25.28,,,,,,,37,80,79,90,,0,0,0,0,0,0,25021661246.273422,199391678.0,0.090900004,0.089,3601120,2944172,1,83.0,,2026-09-04
1545,EXC,Utilities,Utilities - Regulated Electric,NASDAQ,7079020,43.97,89.55,-15,-21,-13.19,,,,,,,37,52,46,76,,0,0,0,0,0,0,45259057084.71856,1030253967.0,0.0355,0.099,6592130,8064792,0,58.0,,2026-09-04
1546,MIDD,Industrials,Specialty Industrial Machinery,NASDAQ,576070,112.44,89.47,-36,-45,-24.31,,,,,,,37,73,64,51,,0,0,0,0,0,0,5098819849.75,45222349.0,0.045900002,0.099,474400,654029,0,62.7,,2026-09-04
1547,RKLB,Industrials,Aerospace & Defense,NASDAQ,17458886,63.1,89.42,-29,2,-58.21,,,,,,,37,66,97,96,,0,0,0,0,0,0,41171673191.4445,639410989.0,0.0746,0.62,14635840,19846834,2,86.3,,2026-09-04
1548,RRR,Consumer Cyclical,Resorts & Casinos,NASDAQ,767773,56.84,89.38,-26,-32,-17.61,,,,,,,36,62,56,71,,0,0,0,0,0,0,3368658105.6306458,59130385.0,0.114700004,-0.03,798830,747498,0,63.0,,2026-09-04
1549,G,Technology,Information Technology Services,NYSE,2457956,37.49,89.37,2,-13,-22.92,,,,,,,36,34,19,28,,0,0,0,0,0,0,6388668231.060047,168034407.0,0.067,0.071,2693890,2404356,0,27.0,,2026-09-04
1550,GENI,Communication Services,Internet Content & Information,NYSE,6557696,7.42,89.29,-42,-94,-45.96,,,,,,,36,78,26,8,,0,0,0,0,0,0,2146368317.6498983,267626957.0,0.1285,0.647,4830500,5920122,0,37.3,,2026-09-04
1551,HYT,Financial Services,Asset Management,NYSE,836466,8.27,89.25,-1,2,-13.94,,,,,,,36,37,40,40,,0,0,0,0,0,0,1351667747.9802132,163047980.0,0.0025,0.041,794818,808679,0,39.0,,2026-09-04
1552,PPL,Utilities,Utilities - Regulated Electric,NYSE,8189093,34.54,89.12,-1,5,-13.89,,,,,,,36,37,43,73,,0,0,0,0,0,0,25737034136.34615,752544841.0,0.0558,0.042,7088850,8353974,0,51.0,,2026-09-04
1553,CRMD,Healthcare,Biotechnology,NASDAQ,1279643,8.61,89.11,15,27,-42.06,,,,,,,36,21,33,9,,0,0,0,0,0,0,646937904.0667,77944324.0,0.22299999,1.565,1005860,1275710,0,21.0,,2026-09-04
1554,AON,Financial Services,Insurance Brokers,NYSE,1198056,330.88,89.09,-23,-47,-13.46,,,,,,,36,59,35,32,,0,0,0,0,0,0,75389377948.8891,212125434.0,0.016,0.022,1172080,1325908,0,42.0,,2026-09-04
1555,BLLN,Healthcare,Diagnostics & Research,NASDAQ,735166,96.15,89.08,-58,-95,-36.09,,,,,,,36,94,57,12,,0,0,0,0,0,0,4399719322.317612,47187038.0,0.0746,0.644,561460,719432,1,54.3,,2026-09-04
1556,WY,Real Estate,REIT - Specialty,NYSE,5173986,23.19,89.06,-21,-34,-16.43,,,,,,,36,57,44,36,,0,0,0,0,0,0,17038198600.097656,720736000.0,0.04,-0.009,4410300,5304628,0,45.7,,2026-09-04
1557,ALC,Healthcare,Medical Instruments & Supplies,NYSE,1812780,72.24,89.05,1,-12,-17.57,,,,,,,36,35,22,39,,0,0,0,0,0,0,34809635032.65381,483400000.0,5.15,0.087,1097940,1946266,0,32.0,,2026-09-04
1558,RCI,Communication Services,Telecom Services,NYSE,1173303,36.65,89.02,3,32,-10.91,,,,,,,36,33,62,80,,0,0,0,0,0,0,19766843004.45184,540225278.0,11.88,0.077,945230,1277052,0,58.3,,2026-09-04
1559,YETI,Consumer Cyclical,Leisure,NYSE,1714896,41.45,89.02,-47,-49,-23.23,,,,,,,36,83,81,42,,0,0,0,0,0,0,3034144227.445587,72988796.0,0.1415,0.085,1592760,1450566,0,68.7,,2026-09-04
1560,NICE,Technology,Software - Application,NASDAQ,574326,106.86,88.98,11,1,-30.47,,,,,,,36,25,15,34,,0,0,0,0,0,0,6360934491.055389,58442987.0,0.0257,0.076,371970,551474,0,24.7,,2026-09-04
1561,MSCI,Financial Services,Financial Data & Stock Exchanges,NYSE,635883,560.63,88.94,-5,17,-13.05,,,,,,,36,41,63,44,,0,0,0,0,0,0,41494252709.96094,72700000.0,0.0176,0.122,415060,702686,0,49.3,,2026-09-04
1562,TDC,Technology,Software - Infrastructure,NYSE,2836250,28.26,88.91,-16,15,-32.36,,,,,,,36,52,83,64,,0,0,0,0,0,0,2675610042.572021,93000000.0,0.2824,0.005,1856450,3160086,0,66.3,,2026-09-04
1563,POWI,Technology,Semiconductors,NASDAQ,748846,50.3,88.91,-31,-5,-44.83,,,,,,,36,67,93,57,,0,0,0,0,0,0,2878033486.1985245,55873298.0,0.1402,0.027,949450,801758,1,72.3,,2026-09-04
1564,SUPV,Financial Services,Banks - Regional,NYSE,620986,8.86,88.9,10,39,-34.61,,,,,,,36,26,55,34,,0,0,0,0,0,0,781017026.5077581,93985197.0,0.045500003,0.023,746940,546104,0,38.3,,2026-09-04
1565,SO,Utilities,Utilities - Regulated Electric,NYSE,5640070,88.31,88.87,-11,-10,-12.43,,,,,,,36,47,48,72,,0,0,0,0,0,0,101519531749.5,1150362966.0,0.028399998,0.001,6162920,5407490,0,55.7,,2026-09-04
1566,CCJ,Energy,Uranium,NYSE,3025403,96.38,88.86,7,53,-28.73,,,,,,,36,29,75,93,,0,0,0,0,0,0,43557654160.18882,435532979.0,2.26,-0.072,3020650,3289378,1,65.7,,2026-09-04
1567,SUI,Real Estate,REIT - Residential,NYSE,2169710,121.24,88.84,0,-1,-12.05,,,,,,,36,36,35,68,,0,0,0,0,0,0,14971773411.415789,121800957.0,0.0466,0.002,1390880,1860714,0,46.3,,2026-09-04
1568,SBS,Utilities,Utilities - Regulated Water,NYSE,10292516,5.09,88.82,-13,-1,-28.89,,,,,,,36,49,61,83,,0,0,0,0,0,0,17126356517.254969,3516705733.0,0.0077,0.139,13482500,8508414,0,64.3,,2026-09-04
1569,GVA,Industrials,Engineering & Construction,NYSE,784600,119.03,88.82,-18,8,-26.56,,,,,,,36,54,80,83,,0,0,0,0,0,0,5443182781.22187,44426893.0,0.1361,0.293,417280,835412,0,72.3,,2026-09-04
1570,PIPR,Financial Services,Capital Markets,NYSE,540196,75.19,88.75,3,23,-20.91,,,,,,,36,33,53,36,,0,0,0,0,0,0,5343380745.643723,70670291.0,0.0471,0.249,547290,607498,0,40.7,,2026-09-04
1571,WEC,Utilities,Utilities - Regulated Electric,NYSE,2348833,105.73,88.73,-2,15,-11.83,,,,,,,35,37,54,70,,0,0,0,0,0,0,34611721860.02536,325849383.0,0.066,0.026,2043070,2179024,0,53.7,,2026-09-04
1572,CRI,Consumer Cyclical,Apparel Retail,NYSE,1197626,32.41,88.67,-42,-41,-27.07,,,,,,,35,77,78,58,,0,0,0,0,0,0,1231660228.7415886,36711185.0,0.104499996,0.052,1395600,1070078,0,71.0,,2026-09-04
1573,CRC,Energy,Oil & Gas E&P,NYSE,817290,53.57,88.67,0,37,-25.58,,,,,,,35,35,72,85,,0,0,0,0,0,0,4639062970.73148,88819893.0,0.059,0.33,748780,813706,0,64.0,,2026-09-04
1574,AMBA,Technology,Semiconductor Equipment & Materials,NASDAQ,1534980,67.14,88.64,-34,-37,-30.56,,,,,,,35,69,66,24,,0,0,0,0,0,0,3098409786.062432,43868185.0,0.11229999,0.169,979840,1704996,0,53.0,,2026-09-04
1575,NYT,Communication Services,Publishing,NYSE,2152120,67.68,88.6,-2,28,-22.3,,,,,,,35,37,67,86,,0,0,0,0,0,0,10993089812.398132,161283586.0,0.073,0.113,1733010,1926526,0,63.3,,2026-09-04
1576,USAR,Basic Materials,Other Industrial Metals & Mining,NASDAQ,12329730,17.85,88.49,12,75,-59.41,,,,,,,35,23,86,88,,0,0,0,0,0,0,4402514524.998014,244720099.0,0.1166,,13079160,11745856,0,65.7,,2026-09-04
1577,LWLG,Basic Materials,Specialty Chemicals,NASDAQ,2882536,5.05,88.45,-59,-54,-73.01,,,,,,,35,94,99,99,,0,0,1,1,0,2,846378194.6639156,154167255.0,0.1495,0.279,2317180,3659992,3,97.3,,2026-09-04
1578,COST,Consumer Defensive,Discount Stores,NASDAQ,1839616,928.48,88.45,-1,7,-15.32,,,,,,,35,36,44,67,,0,0,0,0,0,0,419295891825.3369,443478804.0,0.0166,0.215,1935980,2181416,0,49.0,,2026-09-04
1579,IP,Consumer Cyclical,Packaging & Containers,NYSE,4671750,36.3,88.43,-31,-75,-27.76,,,,,,,35,66,22,27,,0,0,0,0,0,0,20817393299.70358,529569895.0,0.1595,-0.022,4059300,4850422,0,38.3,,2026-09-04
1580,DSGX,Technology,Software - Application,NASDAQ,552453,78.49,88.39,-1,-9,-27.99,,,,,,,35,36,28,20,,0,0,0,0,0,0,7012936967.870819,85690827.0,5.7,0.147,700070,541762,0,28.0,,2026-09-04
1581,OTF,Financial Services,Asset Management,NYSE,2755216,11.41,88.39,9,12,-27.88,,,,,,,35,26,29,24,,0,0,0,0,0,0,5214149779.2551565,458185389.0,0.0121,0.058,2666600,2563768,0,26.3,,2026-09-04
1582,CNXC,Technology,Information Technology Services,NASDAQ,1229863,32.37,88.32,12,4,-44.07,,,,,,,35,23,15,18,,0,0,0,0,0,0,1792719071.7913628,61018350.0,0.2037,0.019,1275860,1683770,0,18.7,,2026-09-04
1583,LADR,Real Estate,REIT - Mortgage,NYSE,1141546,9.81,88.28,3,12,-17.7,,,,,,,35,32,41,38,,0,0,0,0,0,0,1245817236.743782,126865303.0,0.0471,0.022,792610,1141320,0,37.0,,2026-09-04
1584,PEP,Consumer Defensive,Beverages - Non-Alcoholic,NASDAQ,6984910,140.52,88.27,3,10,-18.05,,,,,,,35,32,39,71,,0,0,0,0,0,0,192545262083.82437,1364891558.0,0.019199999,0.064,6759170,7986156,0,47.3,,2026-09-04
1585,CEVA,Technology,Semiconductors,NASDAQ,915890,26.25,88.27,-46,-31,-49.13,,,,,,,35,81,96,22,,0,0,0,0,0,0,763538456.2678375,28154072.0,0.0992,0.131,791960,821794,1,66.3,,2026-09-04
1586,WAL,Financial Services,Banks - Regional,NYSE,988413,79.12,88.26,-11,-3,-18.63,,,,,,,35,46,54,28,,0,0,0,0,0,0,8567690716.740234,109100864.0,0.0,0.136,1100580,1024860,0,42.7,,2026-09-04
1587,JPC,Financial Services,Asset Management,NYSE,1070042,7.37,88.25,-7,-2,-11.2,,,,,,,35,42,47,60,,0,0,0,0,0,0,2769171583.4212646,375226496.0,0.0055,,1251017,991701,0,49.7,,2026-09-04
1588,LPTH,Technology,Electronic Components,NASDAQ,3078480,9.54,88.15,-58,-54,-49.63,,,,,,,35,93,97,98,,0,0,0,1,0,1,705125011.8672905,62789407.0,0.1727,1.089,3851020,3141452,3,96.0,,2026-09-04
1589,RPM,Basic Materials,Specialty Chemicals,NYSE,1400273,103.23,88.15,-23,-44,-19.67,,,,,,,35,58,37,33,,0,0,0,0,0,0,13613126144.76776,127643000.0,0.0372,0.072,2236650,1220980,0,42.7,,2026-09-04
1590,GGG,Industrials,Specialty Industrial Machinery,NYSE,2195596,77.66,88.15,-4,-16,-18.84,,,,,,,35,39,27,60,,0,0,0,0,0,0,12841318853.233154,161953824.0,0.053000003,0.033,3667210,1865008,0,42.0,,2026-09-04
1591,UA,Consumer Cyclical,Apparel Manufacturing,NYSE,2643100,5.1,88.15,-26,-34,-35.5,,,,,,,35,61,53,81,,0,0,0,0,0,0,2121954997.118793,429545541.0,9.02,-0.032,2282086,3116092,0,65.0,,2026-09-04
1592,EMBC,Healthcare,Medical Instruments & Supplies,NASDAQ,1605073,5.69,88.14,25,18,-63.41,,,,,,,35,10,3,21,,0,0,0,0,0,0,286130985.75696087,56659599.0,0.1155,-0.081,1443020,1679794,0,11.3,,2026-09-04
1593,ECVT,Basic Materials,Specialty Chemicals,NYSE,1279100,10.37,88.12,-21,8,-31.26,,,,,,,35,56,85,87,,0,0,0,0,0,0,1106725466.197008,109468398.0,0.0422,0.42,1288920,1575824,0,76.0,,2026-09-04
1594,UHS,Healthcare,Medical Care Facilities,NYSE,848403,167.49,88.1,3,-12,-32.01,,,,,,,35,32,17,46,,0,0,0,0,0,0,10117042380.731964,58936515.0,0.0621,0.083,603970,844202,0,31.7,,2026-09-04
1595,RL,Consumer Cyclical,Apparel Manufacturing,NYSE,614463,336.5,88.07,-30,-25,-20.19,,,,,,,35,65,70,73,,0,0,0,0,0,0,21094496404.685577,59582239.0,0.0877,0.14,644630,617026,0,69.3,,2026-09-04
1596,EEFT,Technology,Software - Infrastructure,NASDAQ,700753,72.97,88.02,-4,-21,-21.16,,,,,,,35,39,22,26,,0,0,0,0,0,0,2663352709.1040344,38075094.0,0.1228,0.032,598350,666276,0,29.0,,2026-09-04
1597,IR,Industrials,Specialty Industrial Machinery,NYSE,3901983,75.0,88.0,-29,-64,-25.71,,,,,,,34,63,28,47,,0,0,0,0,0,0,30488995841.268173,387999429.0,0.0464,0.085,3355100,4040920,0,46.0,,2026-09-04
1598,LMND,Financial Services,Insurance - Property & Casualty,NYSE,1331220,53.14,87.96,4,14,-46.81,,,,,,,34,30,40,57,,0,0,0,0,0,0,4098924659.541282,77396615.0,0.14109999,0.794,879980,1399804,0,42.3,,2026-09-04
1599,ADBE,Technology,Software - Application,NASDAQ,4783386,279.79,87.95,5,-6,-24.56,,,,,,,34,29,18,19,,0,0,0,0,0,0,115879195632.93456,397500000.0,0.0506,0.127,4101840,5252944,0,22.0,,2026-09-04
1600,UBER,Technology,Software - Application,NYSE,18828696,76.45,87.92,12,16,-25.04,,,,,,,34,22,26,31,,0,0,0,0,0,0,160994588113.88013,2042560121.0,0.023599999,0.122,13896990,18928012,0,26.3,,2026-09-04
1601,SOLS,Basic Materials,Specialty Chemicals,NASDAQ,3275720,60.99,87.88,-18,18,-32.83,,,,,,,34,52,88,90,,0,0,0,0,0,0,10091573158.66452,158847369.0,0.077800006,0.111,4225350,3779282,1,76.7,,2026-09-04
1602,PENN,Consumer Cyclical,Resorts & Casinos,NASDAQ,2570203,16.89,87.87,-43,-41,-24.46,,,,,,,34,77,79,36,,0,0,0,0,0,0,2329113352.8481293,134165511.0,0.1407,0.052,2379710,3059746,0,64.0,,2026-09-04
1603,AVA,Utilities,Utilities - Diversified,NYSE,681160,37.25,87.85,-6,22,-14.37,,,,,,,34,40,68,62,,0,0,0,0,0,0,3154131565.0203323,83752830.0,0.073699996,0.005,736930,661572,0,56.7,,2026-09-04
1604,MTH,Consumer Cyclical,Residential Construction,NYSE,709800,67.37,87.81,-29,-51,-21.09,,,,,,,34,63,41,32,,0,0,0,0,0,0,4631270889.463562,65174093.0,0.1016,-0.138,549900,812642,0,45.3,,2026-09-04
1605,BIOA,Healthcare,Drug Manufacturers - Specialty & Generic,NASDAQ,1119053,9.73,87.79,-32,-4,-62.51,,,,,,,34,66,94,99,,0,0,0,1,0,1,442905154.3417187,45896909.0,0.0543,0.016,599720,965034,2,86.3,,2026-09-04
1606,CEG,Utilities,Utilities - Independent Power Producers,NASDAQ,2634230,290.04,87.79,11,9,-29.72,,,,,,,34,23,21,52,,0,0,0,0,0,0,98054567138.25,354307379.0,0.0297,0.23,2274680,2922154,0,32.0,,2026-09-04
1607,MRCY,Industrials,Aerospace & Defense,NASDAQ,724250,82.57,87.75,-55,-54,-35.72,,,,,,,34,89,90,86,,0,0,0,0,0,0,5324453270.876274,60136133.0,0.096,0.061,824700,746778,1,88.3,,2026-09-04
1608,CRF,Financial Services,Asset Management,NYSE ARCA,1633974,6.49,87.67,-18,-14,-21.33,,,,,,,34,52,56,56,,0,0,0,0,0,0,1096498057.4225657,170263672.0,0.1073,12.282,1709494,1440414,0,54.7,,2026-09-04
1609,CPB,Consumer Defensive,Packaged Foods,NASDAQ,5516723,23.78,87.65,3,-9,-30.41,,,,,,,34,31,19,18,,0,0,0,0,0,0,6975043841.759354,298206243.0,0.2705,-0.044,5752600,6084448,0,22.7,,2026-09-04
1610,ATAT,Consumer Cyclical,Lodging,NASDAQ,985203,35.05,87.63,0,-2,-18.82,,,,,,,34,34,32,42,,0,0,0,0,0,0,4905601296.0,138185952.0,0.0218,0.414,1269640,945242,0,36.0,,2026-09-04
1611,WMG,Communication Services,Entertainment,NASDAQ,2131256,28.35,87.59,7,40,-19.96,,,,,,,34,27,60,36,,0,0,0,0,0,0,14662767184.260971,523109769.0,0.0849,0.104,1323240,2082036,0,41.0,,2026-09-04
1612,INGR,Consumer Defensive,Packaged Foods,NYSE,634000,102.6,87.58,4,0,-21.35,,,,,,,34,30,26,37,,0,0,0,0,0,0,6597753656.190392,63063979.0,0.0734,0.009,538620,679870,0,31.0,,2026-09-04
1613,CLM,Financial Services,Asset Management,NYSE ARCA,2340362,6.75,87.56,-18,-12,-20.87,,,,,,,34,52,58,55,,0,0,0,0,0,0,1972243493.3655348,297921983.0,18.63,1.473,2432198,2051263,0,55.0,,2026-09-04
1614,MKC,Consumer Defensive,Packaged Foods,NYSE,2742523,53.8,87.55,4,-10,-25.7,,,,,,,34,30,16,27,,0,0,0,0,0,0,14875556864.441896,268851552.0,0.0,0.167,2423720,3417426,0,24.3,,2026-09-04
1615,CGNT,Technology,Software - Infrastructure,NASDAQ,524456,8.42,87.54,-3,0,-31.6,,,,,,,34,37,40,38,,0,0,0,0,0,0,650323366.8953791,73900381.0,0.0097,0.104,670520,569976,0,38.3,,2026-09-04
1616,MAA,Real Estate,REIT - Residential,NYSE,957793,128.61,87.53,-18,-18,-12.16,,,,,,,34,52,52,35,,0,0,0,0,0,0,15037605917.584185,116021957.0,0.037100002,0.01,792790,989920,0,46.3,,2026-09-04
1617,COLM,Consumer Cyclical,Apparel Manufacturing,NASDAQ,721103,56.86,87.52,-4,28,-17.67,,,,,,,34,38,70,36,,0,0,0,0,0,0,2969717098.013924,51193194.0,0.1373,0.015,679890,638224,0,48.0,,2026-09-04
1618,TKO,Communication Services,Entertainment,NYSE,1066293,189.79,87.52,-4,14,-16.37,,,,,,,34,38,56,72,,0,0,0,0,0,0,13499233090.096527,73111098.0,0.1159,0.182,960440,1155712,0,55.3,,2026-09-04
1619,WULF,Financial Services,Capital Markets,NASDAQ,31507670,14.82,87.39,-56,-48,-50.34,,,,,,,34,90,98,97,,0,0,1,0,0,1,7659169382.291445,498968677.0,0.2526,-0.06,28374980,34209508,3,95.0,,2026-09-04
1620,CRTO,Communication Services,Advertising Agencies,NASDAQ,507180,18.3,87.37,5,-2,-27.64,,,,,,,34,29,22,22,,0,0,0,0,0,0,855497335.281395,48997559.0,0.0456,-0.113,254800,496542,0,24.3,,2026-09-04
1621,TAP,Consumer Defensive,Beverages - Brewers,NYSE,2790360,40.54,87.34,2,-4,-26.05,,,,,,,34,32,26,32,,0,0,0,0,0,0,7730379891.476326,186453933.0,0.2498,-0.033,2512420,2945306,0,30.0,,2026-09-04
1622,BR,Technology,Information Technology Services,NYSE,1249830,178.06,87.32,7,-6,-30.63,,,,,,,34,27,14,22,,0,0,0,0,0,0,21239489590.487778,115658297.0,0.0334,0.075,1093210,1292586,0,21.0,,2026-09-04
1623,TTWO,Communication Services,Electronic Gaming & Multimedia,NASDAQ,2500393,216.14,87.31,-20,-40,-18.73,,,,,,,33,53,33,33,,0,0,0,0,0,0,44013326363.646194,186980443.0,0.035099998,0.02,3059940,2439220,0,39.7,,2026-09-04
1624,VNT,Technology,Scientific & Technical Instruments,NYSE,1517176,32.48,87.31,5,-6,-32.61,,,,,,,33,28,17,44,,0,0,0,0,0,0,4429151773.071289,135200000.0,0.1108,-0.022,1172640,1524624,0,29.7,,2026-09-04
1625,CE,Basic Materials,Chemicals,NYSE,1775736,46.66,87.28,9,34,-34.0,,,,,,,33,24,49,81,,0,0,0,0,0,0,4938701670.0,109748926.0,0.09819999,0.087,1323060,1829864,0,51.3,,2026-09-04
1626,INSM,Healthcare,Biotechnology,NASDAQ,2669750,126.63,87.28,18,20,-40.48,,,,,,,33,15,17,74,,0,0,0,0,0,0,25886943565.55424,218381503.0,0.056199998,2.961,1742090,2716178,0,35.3,,2026-09-04
1627,ERIC,Technology,Communication Equipment,NASDAQ,10802480,10.04,87.25,-7,37,-27.09,,,,,,,33,40,84,85,,0,0,0,0,0,0,32543295813.216717,3270683059.0,0.020499999,-0.061,9257730,12354424,0,69.7,,2026-09-04
1628,CHH,Consumer Cyclical,Lodging,NYSE,505626,100.4,87.19,-22,-23,-18.91,,,,,,,33,55,54,35,,0,0,0,0,0,0,4899638618.391083,45008622.0,0.2988,0.071,467820,557078,0,48.0,,2026-09-04
1629,CMS,Utilities,Utilities - Regulated Electric,NYSE,3644756,68.06,87.19,-6,-4,-15.31,,,,,,,33,39,41,69,,0,0,0,0,0,0,21071405769.595657,308919602.0,0.0,-0.005,2987140,3538460,0,49.7,,2026-09-04
1630,NTES,Communication Services,Electronic Gaming & Multimedia,NASDAQ,764790,119.47,87.13,-18,-35,-25.12,,,,,,,33,51,34,34,,0,0,0,0,0,0,78597115428.68198,640250196.0,0.0095,0.079,770580,880322,0,39.7,,2026-09-04
1631,HCA,Healthcare,Medical Care Facilities,NYSE,1366200,402.06,87.12,0,-13,-27.75,,,,,,,33,33,20,86,,0,0,0,0,0,0,90458658315.70436,216501500.0,0.0435,0.087,1262800,1476960,0,46.3,,2026-09-04
1632,RELX,Industrials,Specialty Business Services,NYSE,2355376,35.15,87.08,-4,-15,-27.38,,,,,,,33,37,26,23,,0,0,0,0,0,0,63640497843.10336,1741666564.0,0.0034,0.027,1644300,2542278,0,28.7,,2026-09-04
1633,PBH,Healthcare,Drug Manufacturers - Specialty & Generic,NYSE,513480,52.83,87.03,8,-2,-25.66,,,,,,,33,25,15,33,,0,0,0,0,0,0,2485741227.170227,47374522.0,0.1088,0.065,414670,546316,0,24.3,,2026-09-04
1634,BA,Industrials,Aerospace & Defense,NYSE,5721070,208.87,87.03,-24,-38,-17.88,,,,,,,33,57,43,60,,0,0,0,0,0,0,165835443385.24292,790370020.0,0.0001,0.08,5612730,5634750,0,53.3,,2026-09-04
1635,HSLV,Basic Materials,Silver,NYSE ARCA,510570,5.63,87.03,15,11,-19.23,,,,,,,33,18,14,40,,0,0,0,0,0,0,1113273053.7590876,203523418.0,6.93,,686430,521900,0,24.0,,2026-09-04
1636,GRFS,Healthcare,Drug Manufacturers - General,NASDAQ,579996,7.83,87.03,7,5,-23.46,,,,,,,33,26,24,34,,0,0,0,0,0,0,5233655678.773066,680579407.0,5.29,-0.009,361710,623314,0,28.0,,2026-09-04
1637,DEI,Real Estate,REIT - Office,NYSE,1623076,11.33,86.98,-4,14,-33.31,,,,,,,33,37,55,20,,0,0,0,0,0,0,1969626778.2543356,167485267.0,0.2591,0.016,1243060,1875674,0,37.3,,2026-09-04
1638,SMCI,Technology,Computer Hardware,NASDAQ,50241326,37.0,86.93,15,75,-37.05,,,,,,,33,18,78,24,,0,0,0,0,0,0,23986053025.61989,646873027.0,0.1841,0.932,36335760,48797674,0,40.0,,2026-09-04
1639,EFX,Industrials,Consulting Services,NYSE,1218050,185.48,86.84,2,-10,-31.77,,,,,,,33,31,19,23,,0,0,0,0,0,0,22833190254.6709,117484896.0,0.0633,0.106,952680,1479070,0,24.3,,2026-09-04
1640,ARE,Real Estate,REIT - Office,NYSE,2058690,52.72,86.84,0,-3,-40.25,,,,,,,33,33,30,26,,0,0,0,0,0,0,8874953382.37069,172095277.0,0.055,-0.119,2160810,1907154,0,29.7,,2026-09-04
1641,SG,Consumer Cyclical,Restaurants,NYSE,5876633,6.73,86.81,10,42,-36.69,,,,,,,33,23,55,10,,0,0,0,0,0,0,829717940.5741382,119041315.0,0.255,0.038,4547350,5841600,0,29.3,,2026-09-04
1642,VNDA,Healthcare,Biotechnology,NASDAQ,931113,5.53,86.79,7,21,-44.37,,,,,,,33,26,40,94,,0,0,0,0,0,0,319847611.92353153,60462687.0,0.1331,-0.039,720540,906040,1,53.3,,2026-09-04
1643,SRE,Utilities,Utilities - Diversified,NYSE,4132526,83.79,86.75,-1,22,-17.07,,,,,,,33,34,57,76,,0,0,0,0,0,0,55130336743.4436,653900348.0,0.019299999,-0.001,4900780,3787138,0,55.7,,2026-09-04
1644,DOV,Industrials,Specialty Industrial Machinery,NYSE,1209493,188.9,86.75,-19,-4,-20.48,,,,,,,33,52,67,69,,0,0,0,0,0,0,26758266116.57257,134680225.0,0.0321,0.069,1122380,1143790,0,62.7,,2026-09-04
1645,CG,Financial Services,Asset Management,NASDAQ,3955376,47.14,86.75,1,-5,-32.51,,,,,,,33,32,26,30,,0,0,0,0,0,0,17492377108.19207,356332798.0,0.0752,-0.329,3375080,3764086,0,29.3,,2026-09-04
1646,OPCH,Healthcare,Medical Care Facilities,NASDAQ,2310686,23.85,86.74,0,-20,-35.19,,,,,,,33,33,13,36,,0,0,0,0,0,0,3752957285.698761,157027504.0,0.111999996,0.019,1577680,2339584,0,27.3,,2026-09-04
1647,DRVN,Consumer Cyclical,Auto & Truck Dealerships,NASDAQ,828003,12.88,86.74,-4,0,-34.75,,,,,,,33,37,41,14,,0,0,0,0,0,0,2057298349.574364,164979816.0,0.1358,0.068,922280,871992,0,30.7,,2026-09-04
1648,QCOM,Technology,Semiconductors,NASDAQ,10999440,169.96,86.72,1,57,-34.61,,,,,,,33,32,88,25,,0,0,0,0,0,0,175364853968.09955,1068060487.0,0.0348,-0.04,10142100,13470734,0,48.3,,2026-09-04
1649,ALGT,Industrials,Airlines,NASDAQ,528350,74.78,86.71,-58,-80,-39.51,,,,,,,33,91,69,76,,0,0,0,0,0,0,2158042446.442566,27337755.0,0.07,0.369,561310,567604,1,78.7,,2026-09-04
1650,HRL,Consumer Defensive,Packaged Foods,NYSE,4729620,22.05,86.71,-32,-60,-17.11,,,,,,,33,65,37,32,,0,0,0,0,0,0,11871066588.046265,550350800.0,0.0587,-0.029,7127800,4503658,0,44.7,,2026-09-04
1651,UAA,Consumer Cyclical,Apparel Manufacturing,NYSE,8424453,5.15,86.7,-31,-56,-36.81,,,,,,,33,64,39,80,,0,0,0,0,0,0,2182091315.508276,429545541.0,0.3549,-0.032,6694940,8811680,0,61.0,,2026-09-04
1652,SUPN,Healthcare,Drug Manufacturers - Specialty & Generic,NASDAQ,871873,44.03,86.69,-3,2,-26.22,,,,,,,33,36,41,83,,0,0,0,0,0,0,2543686657.1028023,58168001.0,0.0876,0.324,557920,904784,0,53.3,,2026-09-04
1653,AEVA,Technology,Software - Infrastructure,NASDAQ,1802760,15.17,86.65,-50,-45,-51.53,,,,,,,33,83,88,95,,0,0,0,0,0,0,1089501005.517191,69705758.0,0.092700005,0.113,1505560,1872866,1,88.7,,2026-09-04
1654,SBAC,Real Estate,REIT - Specialty,NASDAQ,1008616,186.42,86.6,6,31,-16.95,,,,,,,33,27,52,36,,0,0,0,0,0,0,20257524280.74478,106088110.0,0.0414,0.023,749010,996154,0,38.3,,2026-09-04
1655,PWP,Financial Services,Capital Markets,NASDAQ,1109493,16.39,86.54,8,9,-36.78,,,,,,,33,25,26,28,,0,0,0,0,0,0,1238488378.2316017,72938069.0,0.122,0.008,787990,1165132,0,26.3,,2026-09-04
1656,TRTX,Real Estate,REIT - Mortgage,NYSE,866256,7.8,86.52,-2,17,-20.81,,,,,,,32,34,53,44,,0,0,0,0,0,0,593424441.0342526,76769009.0,0.0602,-0.116,803800,807964,0,43.7,,2026-09-04
1657,RYN,Real Estate,REIT - Specialty,NYSE,3137486,20.23,86.52,-19,-32,-25.24,,,,,,,32,51,38,31,,0,0,0,0,0,0,6064421140.851591,297567291.0,0.0395,2.721,3656200,2844256,0,40.0,,2026-09-04
1658,CHDN,Consumer Cyclical,Gambling,NASDAQ,1077226,89.18,86.5,4,8,-24.65,,,,,,,32,28,32,24,,0,0,0,0,0,0,6266051952.054131,69700243.0,0.0551,0.049,927370,1026620,0,28.0,,2026-09-04
1659,RWAY,Financial Services,Asset Management,NASDAQ,580916,6.67,86.4,14,14,-38.92,,,,,,,32,18,18,24,,0,0,0,0,0,0,276186273.75494385,41909904.0,0.105500005,0.053,455460,614862,0,20.0,,2026-09-04
1660,ATMU,Consumer Cyclical,Auto Parts,NYSE,657886,47.29,86.4,-29,-55,-28.89,,,,,,,32,61,35,84,,0,0,0,0,0,0,3894554466.358532,81595527.0,0.0419,0.164,519400,701058,0,60.0,,2026-09-04
1661,MEC,Industrials,Metal Fabrication,NYSE,628506,19.23,86.36,-49,-35,-50.39,,,,,,,32,81,95,65,,0,0,0,0,0,0,492666387.13791656,25500331.0,0.100600004,0.232,520970,598770,1,80.3,,2026-09-04
1662,ALH,Consumer Cyclical,"Furnishings, Fixtures & Appliances",NYSE,1536483,22.44,86.36,-31,-27,-20.51,,,,,,,32,63,67,25,,0,0,0,0,0,0,4617870609.0815735,198789096.0,0.073699996,0.066,2048830,1173030,0,51.7,,2026-09-04
1663,SFD,Consumer Defensive,Packaged Foods,NASDAQ,1439293,22.4,86.34,-21,-3,-24.84,,,,,,,32,53,71,65,,0,0,0,0,0,0,8639257646.434496,393767431.0,0.0801,-0.023,1326470,1398220,0,63.0,,2026-09-04
1664,RIVN,Consumer Cyclical,Auto Manufacturers,NASDAQ,23020820,15.61,86.3,-35,-42,-31.2,,,,,,,32,67,60,63,,0,0,0,0,0,0,23267119882.248,1447860630.0,0.1361,0.272,21886340,30889586,0,63.3,,2026-09-04
1665,AQN,Utilities,Utilities - Diversified,NYSE,3710476,5.63,86.28,-2,9,-20.82,,,,,,,32,34,45,73,,0,0,0,0,0,0,4357644608.222294,769901895.0,4.29,0.031,3295310,3978152,0,50.7,,2026-09-04
1666,GAP,Consumer Cyclical,Apparel Retail,NYSE,7351506,22.06,86.28,5,10,-24.86,,,,,,,32,27,32,44,,0,0,0,0,0,0,8452305182.054722,359978933.0,0.1517,-0.02,11551280,7727734,0,34.3,,2026-09-04
1667,AGI,Basic Materials,Gold,NYSE,4700550,36.13,86.27,4,14,-34.8,,,,,,,32,28,38,91,,0,0,0,0,0,0,15383714088.75,418604465.0,1.46,0.356,4088120,4598904,1,52.3,,2026-09-04
1668,HSY,Consumer Defensive,Confectioners,NYSE,1392726,177.43,86.25,-5,-8,-25.91,,,,,,,32,37,34,81,,0,0,0,0,0,0,35975739499.02644,200925657.0,0.0828,0.066,1090690,1596614,0,50.7,,2026-09-04
1669,WMS,Industrials,Building Products & Equipment,NYSE,672303,132.64,86.24,-24,-47,-26.03,,,,,,,32,56,33,62,,0,0,0,0,0,0,10329778214.793917,75405342.0,0.0324,0.206,572100,695340,0,50.3,,2026-09-04
1670,BKV,Energy,Oil & Gas E&P,NYSE,953020,25.12,86.21,5,22,-23.44,,,,,,,32,27,44,76,,0,0,0,0,0,0,2651678570.803337,109437830.0,0.1392,0.188,944480,904392,0,49.0,,2026-09-04
1671,IMXI,Technology,Software - Infrastructure,NASDAQ,685130,14.39,86.21,3,30,-9.78,,,,,,,32,29,56,74,,0,0,0,0,0,0,437162250.7573748,30211627.0,0.0617,-0.186,346040,558092,0,53.0,,2026-09-04
1672,GLPI,Real Estate,REIT - Specialty,NASDAQ,3380986,42.34,86.17,-4,14,-15.24,,,,,,,32,36,54,67,,0,0,0,0,0,0,12381557429.59788,290920043.0,0.0368,0.09,5234590,3142222,0,52.3,,2026-09-04
1673,FERG,Industrials,Industrial Distribution,NYSE,3426583,221.23,86.16,-20,-32,-18.56,,,,,,,32,52,40,65,,0,0,0,0,0,0,44202012369.99751,193452717.0,0.028800001,0.046,1369040,2543830,0,52.3,,2026-09-04
1674,LEVI,Consumer Cyclical,Apparel Manufacturing,NYSE,2077090,20.46,86.1,-40,-39,-20.39,,,,,,,32,72,73,39,,0,0,0,0,0,0,8193468817.321213,384850562.0,0.0712,0.08,1961840,2630396,0,61.3,,2026-09-04
1675,CX,Basic Materials,Building Materials,NYSE,7017003,10.58,86.08,-20,9,-22.6,,,,,,,32,52,81,81,,0,0,0,0,0,0,15684892998.977196,1442952453.0,1.29,0.122,5218780,6264448,0,71.3,,2026-09-04
1676,DPZ,Consumer Cyclical,Restaurants,NASDAQ,849760,346.68,86.08,-6,-27,-26.08,,,,,,,32,38,17,36,,0,0,0,0,0,0,11578607250.0,33081735.0,0.099700004,0.043,1001120,928390,0,30.3,,2026-09-04
1677,TRN,Industrials,Railroads,NYSE,694546,28.0,86.05,-28,-14,-26.91,,,,,,,32,60,74,65,,0,0,0,0,0,0,2331925891.6897964,79669486.0,0.0883,-0.042,460380,717210,0,66.3,,2026-09-04
1678,TDOC,Healthcare,Health Information Services,NYSE,5148156,6.46,86.03,-23,-19,-34.66,,,,,,,32,55,59,17,,0,0,0,0,0,0,1180946136.5,181684021.0,0.131,-0.04,3464370,4844590,0,43.7,,2026-09-04
1679,GNTX,Consumer Cyclical,Auto Parts,NASDAQ,2632433,22.86,86.0,-9,12,-22.19,,,,,,,32,41,62,32,,0,0,0,0,0,0,4776191129.843863,210683331.0,0.0752,-0.01,2656440,2594828,0,45.0,,2026-09-04
1680,CALM,Consumer Defensive,Farm Products,NASDAQ,887786,78.82,85.92,-12,-31,-32.39,,,,,,,32,44,25,51,,0,0,0,0,0,0,3746287655.769386,46705993.0,0.13,-0.499,1010850,940464,0,40.0,,2026-09-04
1681,CC,Basic Materials,Specialty Chemicals,NYSE,2569863,15.68,85.9,5,66,-45.31,,,,,,,32,27,88,85,,0,0,0,0,0,0,2348899797.370637,150377709.0,0.1261,-0.015,1634860,2701742,0,66.7,,2026-09-04
1682,NG,Basic Materials,Gold,NYSE ARCA,5168666,8.17,85.87,7,16,-43.26,,,,,,,32,25,34,96,,0,0,0,0,0,0,3839330372.5,438780614.0,0.094,,5614300,5382790,1,51.7,,2026-09-04
1683,FBIN,Industrials,Building Products & Equipment,NYSE,2469023,42.89,85.87,-29,-69,-33.85,,,,,,,32,61,21,25,,0,0,0,0,0,0,5427850473.5,119293417.0,0.0616,-0.041,2130350,2638950,0,35.7,,2026-09-04
1684,MQ,Technology,Software - Infrastructure,NASDAQ,980636,16.82,85.71,-1,-13,-33.15,,,,,,,32,33,21,26,,0,0,0,0,0,0,1714507724.5010033,104098834.0,0.0622,0.17,705010,1082826,0,26.7,,2026-09-04
1685,MDLN,Healthcare,Medical Instruments & Supplies,NASDAQ,7311156,36.3,85.66,5,1,-28.65,,,,,,,31,26,22,49,,0,0,0,0,0,0,30952949900.054623,877351218.0,0.0859,0.116,7305550,7341328,0,32.3,,2026-09-04
1686,CLX,Consumer Defensive,Household & Personal Products,NYSE,2870370,94.27,85.66,-18,-43,-26.87,,,,,,,31,49,24,38,,0,0,0,0,0,0,12399055795.029144,120931005.0,0.1142,-0.02,3194460,2630982,0,37.0,,2026-09-04
1687,HII,Industrials,Aerospace & Defense,NYSE,510850,288.72,85.66,-8,-11,-37.23,,,,,,,31,39,36,92,,0,0,0,0,0,0,11593226440.870789,39404598.0,0.0297,0.109,391210,485490,1,55.7,,2026-09-04
1688,FBRT,Real Estate,REIT - Mortgage,NYSE,1572686,8.51,85.66,10,17,-28.13,,,,,,,31,21,28,30,,0,0,0,0,0,0,702564222.5279312,83045416.0,0.090100005,0.142,1795220,1388208,0,26.3,,2026-09-04
1689,ECHO,Communication Services,Telecom Services,NASDAQ,3964660,86.69,85.62,-53,-40,-41.13,,,,,,,31,84,97,98,,0,0,0,1,0,1,25226212018.91125,290490708.0,0.2599,-0.04,2386910,5050582,2,93.0,,2026-09-04
1690,WMT,Consumer Defensive,Discount Stores,NASDAQ,26277466,106.09,85.61,-4,21,-21.51,,,,,,,31,35,60,81,,0,0,0,0,0,0,820398350945.5938,7958079155.0,0.014199999,0.059,34982800,24854874,0,58.7,,2026-09-04
1691,NVMI,Technology,Semiconductor Equipment & Materials,NASDAQ,522986,349.6,85.58,-19,23,-43.25,,,,,,,31,50,92,91,,0,0,0,0,0,0,11102258481.00824,31806161.0,0.056999996,0.159,432130,534590,2,77.7,,2026-09-04
1692,RPC,Financial Services,Asset Management,NYSE,552866,8.31,85.58,0,-1,-33.76,,,,,,,31,31,30,16,,0,0,0,0,0,0,954664873.578949,110238440.0,0.047199998,0.113,483990,546184,0,25.7,,2026-09-04
1693,NI,Utilities,Utilities - Regulated Gas,NYSE,5705750,41.15,85.56,-4,23,-16.38,,,,,,,31,35,62,76,,0,0,0,0,0,0,19455753110.64987,479560100.0,0.0358,0.046,5302730,5486202,0,57.7,,2026-09-04
1694,SHAK,Consumer Cyclical,Restaurants,NYSE,1606206,67.9,85.5,13,3,-36.81,,,,,,,31,18,8,40,,0,0,0,0,0,0,2824125508.946823,40408149.0,0.1183,0.172,865260,1701842,0,22.0,,2026-09-04
1695,AOS,Industrials,Specialty Industrial Machinery,NYSE,1516233,59.26,85.49,-3,-12,-27.62,,,,,,,31,34,25,45,,0,0,0,0,0,0,8206159782.906017,135908573.0,0.1125,-0.007,1294180,1599842,0,34.7,,2026-09-04
1696,TW,Financial Services,Capital Markets,NASDAQ,1475313,103.47,85.45,1,-7,-18.97,,,,,,,31,30,22,58,,0,0,0,0,0,0,23185952272.04725,212969153.0,0.0325,0.09,1170100,1560788,0,36.7,,2026-09-04
1697,NMRK,Real Estate,Real Estate Services,NASDAQ,1416793,14.5,85.44,-2,10,-26.9,,,,,,,31,33,45,37,,0,0,0,0,0,0,2868849151.583353,181228627.0,0.0394,0.17,1356940,1408844,0,38.3,,2026-09-04
1698,TEL,Technology,Electronic Components,NYSE,2222530,202.21,85.43,-10,2,-19.94,,,,,,,31,41,53,57,,0,0,0,0,0,0,58759377649.31445,289940672.0,0.033800002,0.138,2153020,2398290,0,50.3,,2026-09-04
1699,CRCL,Financial Services,Capital Markets,NYSE,13358566,88.64,85.42,19,26,-44.42,,,,,,,31,12,19,74,,0,0,0,0,0,0,22122744115.38646,253875881.0,0.1062,0.066,17008290,14125874,0,35.0,,2026-09-04
1700,GLXY,Financial Services,Capital Markets,NASDAQ,6442586,24.06,85.39,17,87,-47.6,,,,,,,31,14,84,27,,0,0,0,0,0,0,4509526240.440002,194292392.0,0.1596,-0.038,5696760,6715762,0,41.7,,2026-09-04
1701,HD,Consumer Cyclical,Home Improvement Retail,NYSE,3845686,318.51,85.05,-10,-25,-25.36,,,,,,,31,41,26,38,,0,0,0,0,0,0,329427140044.7057,997689626.0,0.0115,0.057,3493840,4011882,0,35.0,,2026-09-04
1702,AMT,Real Estate,REIT - Specialty,NYSE,2604946,172.92,85.03,0,16,-15.74,,,,,,,31,31,47,39,,0,0,0,0,0,0,82116137268.2439,465960048.0,0.0174,0.047,2027850,2929770,0,39.0,,2026-09-04
1703,TROX,Basic Materials,Chemicals,NYSE,2704536,5.12,85.01,-33,-11,-51.65,,,,,,,31,64,86,85,,0,0,0,0,0,0,862380171.8301816,159700029.0,0.1616,0.187,2119500,2662882,0,78.3,,2026-09-04
1704,HON,Industrials,Conglomerates,NASDAQ,3191956,206.07,85.01,-33,-56,-20.83,,,,,,,31,64,41,77,,0,0,0,0,0,0,68912264052.96204,316940010.0,0.0166,0.043,2876880,3870203,0,60.7,,2026-09-04
1705,CARR,Industrials,Building Products & Equipment,NYSE,6427883,57.58,84.97,-17,0,-24.99,,,,,,,31,48,65,39,,0,0,0,0,0,0,48829823828.58909,830580423.0,0.0218,0.039,5546000,6117106,0,50.7,,2026-09-04
1706,PDI,Financial Services,Asset Management,NYSE,3513857,15.29,84.9,-3,1,-24.19,,,,,,,31,34,38,51,,0,0,0,0,0,0,7075782431.40543,461564414.0,0.27,,3192492,3059608,0,41.0,,2026-09-04
1707,PVH,Consumer Cyclical,Apparel Manufacturing,NYSE,898600,72.29,84.82,-31,-29,-28.25,,,,,,,31,62,64,29,,0,0,0,0,0,0,3494532334.893219,46108092.0,0.1377,0.021,956960,937254,0,51.7,,2026-09-04
1708,WOLF,Technology,Semiconductors,NYSE,4437113,26.65,84.8,-4,59,-67.03,,,,,,,31,35,98,24,,0,0,1,0,0,1,1343478830.6757832,51972101.0,5.68,-0.241,3610880,4261132,1,52.3,,2026-09-04
1709,HLMN,Industrials,Tools & Accessories,NASDAQ,1376923,7.58,84.75,-19,-40,-30.14,,,,,,,30,49,28,35,,0,0,0,0,0,0,1511614638.5193486,194544999.0,0.0209,0.098,1054360,1387072,0,37.3,,2026-09-04
1710,STZ,Consumer Defensive,Beverages - Brewers,NYSE,1811350,129.35,84.71,5,14,-23.28,,,,,,,30,25,34,41,,0,0,0,0,0,0,22319033956.399536,170778434.0,0.0494,-0.033,1829080,2078554,0,33.3,,2026-09-04
1711,MH,Consumer Defensive,Education & Training Services,NYSE,648076,12.85,84.71,-5,-20,-28.61,,,,,,,30,35,20,28,,0,0,0,0,0,0,2529102572.1649647,191308814.0,0.081,0.026,537760,775430,0,27.7,,2026-09-04
1712,KVYO,Technology,Software - Application,NYSE,6422243,19.31,84.7,-3,-27,-46.69,,,,,,,30,33,9,12,,0,0,0,0,0,0,6030488117.783812,299279813.0,0.20729999,0.264,5665200,5867320,0,18.0,,2026-09-04
1713,TMUS,Communication Services,Telecom Services,NASDAQ,4696883,187.3,84.7,5,1,-27.59,,,,,,,30,25,21,44,,0,0,0,0,0,0,194550445212.15564,1072671613.0,0.0355,0.079,3957710,4854710,0,30.0,,2026-09-04
1714,FNF,Financial Services,Insurance - Specialty,NYSE,1636460,46.18,84.66,-6,-10,-22.01,,,,,,,30,36,32,29,,0,0,0,0,0,0,12752568719.235111,268192827.0,0.0279,0.105,1549080,1638640,0,32.3,,2026-09-04
1715,PTON,Consumer Cyclical,Leisure,NASDAQ,8182706,5.33,84.65,-29,-27,-42.07,,,,,,,30,59,61,10,,0,0,0,0,0,0,2391851231.741847,438871801.0,0.1458,0.001,6106090,8285346,0,43.3,,2026-09-04
1716,STWD,Real Estate,REIT - Mortgage,NYSE,4352663,15.82,84.65,-1,3,-24.09,,,,,,,30,31,35,41,,0,0,0,0,0,0,5852371254.829073,370168950.0,0.049099997,0.134,3687560,4138682,0,35.7,,2026-09-04
1717,DHI,Consumer Cyclical,Residential Construction,NYSE,2135916,142.26,84.63,-13,-17,-22.92,,,,,,,30,43,39,41,,0,0,0,0,0,0,41225169572.413895,279701267.0,0.0458,0.0,1745020,2290416,0,41.0,,2026-09-04
1718,PEG,Utilities,Utilities - Regulated Electric,NYSE,2835790,73.32,84.62,-2,4,-16.33,,,,,,,30,32,38,61,,0,0,0,0,0,0,36472144628.984985,498321402.0,0.0222,-0.089,2769450,2907624,0,43.7,,2026-09-04
1719,MWA,Industrials,Specialty Industrial Machinery,NYSE,1030063,23.82,84.46,-10,-12,-23.16,,,,,,,30,40,38,69,,0,0,0,0,0,0,3806343922.994116,156125679.0,0.0448,0.041,953750,1133880,0,49.0,,2026-09-04
1720,APLD,Technology,Information Technology Services,NASDAQ,18036463,24.91,84.44,-22,21,-50.89,,,,,,,30,52,95,96,,0,0,0,0,0,0,7294970543.947552,287883603.0,0.21290001,4.066,15025180,18630772,2,81.0,,2026-09-04
1721,IREN,Financial Services,Capital Markets,NASDAQ,46253326,39.6,84.41,-15,37,-48.48,,,,,,,30,45,97,98,,0,0,0,1,0,1,12669074265.95829,357378674.0,0.2724,-0.24,45427450,45212694,2,80.0,,2026-09-04
1722,VMC,Basic Materials,Building Materials,NYSE,1015676,263.93,84.37,-6,-5,-20.28,,,,,,,30,36,37,42,,0,0,0,0,0,0,35570660908.30737,129578739.0,0.056799997,0.025,962660,1052998,0,38.3,,2026-09-04
1723,TWI,Industrials,Farm & Heavy Construction Machinery,NYSE,572813,7.61,84.36,5,8,-34.96,,,,,,,30,25,28,38,,0,0,0,0,0,0,453087309.80895233,64542352.0,0.0435,0.052,601920,557684,0,30.3,,2026-09-04
1724,OLMA,Healthcare,Biotechnology,NASDAQ,944806,10.83,84.32,-31,-38,-70.13,,,,,,,30,61,54,95,,0,0,0,0,0,0,898600463.9432259,87497607.0,0.2195,,748000,1216954,1,70.0,,2026-09-04
1725,WLK,Basic Materials,Specialty Chemicals,NYSE,1034820,76.27,84.26,1,20,-38.61,,,,,,,30,29,48,88,,0,0,0,0,0,0,9675476532.078766,127796548.0,0.1516,0.108,662670,1083318,0,55.0,,2026-09-04
1726,DOX,Technology,Software - Infrastructure,NASDAQ,1209720,62.46,84.26,11,11,-27.49,,,,,,,30,19,19,26,,0,0,0,0,0,0,6678777223.800659,106164000.0,0.1189,0.027,1119820,1346726,0,21.3,,2026-09-04
1727,FWRG,Consumer Cyclical,Restaurants,NASDAQ,1099000,12.11,84.24,3,-10,-36.53,,,,,,,30,27,14,18,,0,0,0,0,0,0,772022575.9748554,61712435.0,0.1297,0.152,797630,1100362,0,19.7,,2026-09-04
1728,FUTU,Financial Services,Capital Markets,NASDAQ,1401846,118.08,84.19,17,15,-41.7,,,,,,,30,13,11,45,,0,0,0,0,0,0,17420567378.367737,140194488.0,0.0916,0.356,1960380,1475820,0,23.0,,2026-09-04
1729,SIG,Consumer Cyclical,Luxury Goods,NYSE,656763,81.73,84.19,-32,-55,-25.83,,,,,,,30,62,39,68,,0,0,0,0,0,0,3252572934.0750275,39329783.0,0.1847,0.008,684350,708388,0,56.3,,2026-09-04
1730,BBWI,Consumer Cyclical,Specialty Retail,NYSE,6135023,18.53,84.14,-3,-12,-42.67,,,,,,,30,33,24,26,,0,0,0,0,0,0,3875622777.401152,201645313.0,0.0698,-0.023,7800730,5811320,0,27.7,,2026-09-04
1731,BHF,Financial Services,Insurance - Life,NASDAQ,961523,53.62,84.13,-29,-24,-19.73,,,,,,,30,59,64,61,,0,0,0,0,0,0,3050413354.1734085,57511563.0,0.1193,0.867,889240,784066,0,61.3,,2026-09-04
1732,IRTC,Healthcare,Medical Devices,NASDAQ,627683,122.49,84.05,4,-5,-42.22,,,,,,,30,26,17,23,,0,0,0,0,0,0,3963801110.75,32963003.0,0.0858,0.201,456830,614158,0,22.0,,2026-09-04
1733,NXPI,Technology,Semiconductors,NASDAQ,3914333,228.5,84.0,-4,49,-32.78,,,,,,,30,34,87,31,,0,0,0,0,0,0,56378866484.64639,252164174.0,0.041300002,0.195,2592000,3906972,0,50.7,,2026-09-04
1734,CAVA,Consumer Cyclical,Restaurants,NYSE,3287030,61.79,83.98,2,31,-37.45,,,,,,,30,28,57,82,,0,0,0,0,0,0,7819007179.291382,116806198.0,0.1157,0.313,2156940,3239616,0,55.7,,2026-09-04
1735,PTC,Technology,Software - Application,NASDAQ,1365306,149.13,83.88,5,0,-30.79,,,,,,,30,25,20,33,,0,0,0,0,0,0,17051758253.88034,108506261.0,0.090100005,-0.068,1092520,1489270,0,26.0,,2026-09-04
1736,FER,Industrials,Engineering & Construction,NASDAQ,1458513,57.84,83.81,-24,-13,-22.66,,,,,,,30,54,65,76,,0,0,0,0,0,0,42329775318.92584,720752182.0,0.0086,0.052,1177540,1433284,0,65.0,,2026-09-04
1737,BETA,Industrials,Aerospace & Defense,NYSE,1901080,20.42,83.8,-7,-31,-48.3,,,,,,,30,37,13,8,,0,0,0,0,0,0,4716251733.903427,233941060.0,0.0583,1.457,2047670,1700744,0,19.3,,2026-09-04
1738,ORLY,Consumer Cyclical,Auto Parts,NASDAQ,5882493,86.97,83.76,-7,-11,-20.01,,,,,,,29,36,32,45,,0,0,0,0,0,0,71593030092.0,808960792.0,0.030299999,0.081,5271800,7187672,0,37.7,,2026-09-04
1739,CWK,Real Estate,Real Estate Services,NYSE,1736000,13.04,83.75,-5,9,-25.06,,,,,,,29,34,48,33,,0,0,0,0,0,0,3314157530.099148,234713708.0,0.0686,0.112,1525640,2032788,0,38.3,,2026-09-04
1740,PAYP,Technology,Software - Infrastructure,NASDAQ,782820,15.73,83.74,7,9,-36.8,,,,,,,29,22,24,48,,0,0,0,0,0,0,10346746921.983276,677143135.0,0.0186,0.27,539000,868238,0,31.3,,2026-09-04
1741,BKSY,Industrials,Specialty Business Services,NYSE,942080,21.76,83.74,-11,43,-58.85,,,,,,,29,40,94,93,,0,0,0,0,0,0,969918881.4231796,40924846.0,0.18020001,0.501,730880,1161814,2,75.7,,2026-09-04
1742,WU,Financial Services,Credit Services,NYSE,11311106,7.3,83.72,4,3,-29.47,,,,,,,29,25,24,67,,0,0,0,0,0,0,2258003751.056566,311878981.0,0.1607,-0.013,7690710,9934544,0,38.7,,2026-09-04
1743,SYK,Healthcare,Medical Devices,NYSE,2333630,312.19,83.71,-18,-42,-21.33,,,,,,,29,47,23,36,,0,0,0,0,0,0,126843771518.19765,383573046.0,0.0189,0.094,2180680,2454372,0,35.3,,2026-09-04
1744,PAX,Financial Services,Asset Management,NASDAQ,1222360,11.33,83.66,4,8,-36.35,,,,,,,29,25,29,29,,0,0,0,0,0,0,1830206249.606747,161393847.0,0.1073,0.349,1081470,1049572,0,27.7,,2026-09-04
1745,CIM,Real Estate,REIT - Mortgage,NYSE,758183,11.48,83.63,-6,11,-22.85,,,,,,,29,35,52,59,,0,0,0,0,0,0,962685907.0,83711818.0,0.024600001,0.081,732780,745518,0,48.7,,2026-09-04
1746,KBR,Industrials,Engineering & Construction,NYSE,1481886,36.93,83.6,-1,-9,-29.29,,,,,,,29,30,22,23,,0,0,0,0,0,0,4794356568.7586975,126067755.0,0.0804,0.016,1054160,1593606,0,25.0,,2026-09-04
1747,NMFC,Financial Services,Asset Management,NASDAQ,500713,7.45,83.59,2,6,-30.37,,,,,,,29,27,31,27,,0,0,0,0,0,0,712171016.9969273,94452390.0,0.0374,-0.264,366840,574052,0,28.3,,2026-09-04
1748,RRX,Industrials,Specialty Industrial Machinery,NYSE,1331060,160.77,83.53,-24,5,-35.12,,,,,,,29,53,82,85,,0,0,0,0,0,0,10483557134.0766,66591867.0,0.049000002,0.042,1177110,1269994,0,73.3,,2026-09-04
1749,LOGI,Technology,Computer Hardware,NASDAQ,1023650,99.14,83.47,-22,-1,-23.54,,,,,,,29,51,72,34,,0,0,0,0,0,0,14026728871.627169,143188332.0,0.0832,0.069,753630,1050312,0,52.3,,2026-09-04
1750,CRK,Energy,Oil & Gas E&P,NYSE,2533183,15.54,83.45,11,4,-44.7,,,,,,,29,18,11,55,,0,0,0,0,0,0,4195837619.719265,293620548.0,0.313,-0.252,3276060,2554790,0,28.0,,2026-09-04
1751,ARLO,Industrials,Building Products & Equipment,NYSE,1318630,13.04,83.44,-25,-55,-34.6,,,,,,,29,54,24,39,,0,0,0,0,0,0,1387135525.506096,107613304.0,0.1297,0.205,1137180,1280204,0,39.0,,2026-09-04
1752,DUOT,Technology,Software - Application,NASDAQ,1176203,8.61,83.44,-23,15,-43.65,,,,,,,29,52,90,35,,0,0,0,0,0,0,293953145.46232224,31472499.0,0.2171,0.295,904190,1056618,1,59.0,,2026-09-04
1753,CLS,Technology,Electronic Components,NYSE,2937080,277.77,83.34,-44,-24,-41.4,,,,,,,29,73,93,91,,0,0,0,0,0,0,37669392187.34235,126111117.0,0.0301,0.624,1786660,2494026,2,85.7,,2026-09-04
1754,VIV,Communication Services,Telecom Services,NYSE,1638126,11.82,83.33,-3,17,-31.52,,,,,,,29,32,52,88,,0,0,0,0,0,0,18198978723.202187,1597803176.0,0.0095999995,0.076,1200700,1435234,0,57.3,,2026-09-04
1755,VVV,Consumer Cyclical,Auto & Truck Dealerships,NYSE,2076146,31.83,83.3,-29,-35,-22.99,,,,,,,29,58,52,46,,0,0,0,0,0,0,4095183574.531845,127536079.0,0.1012,0.241,1755350,2063224,0,52.0,,2026-09-04
1756,BFAM,Consumer Cyclical,Personal Services,NYSE,702683,71.95,83.28,1,-17,-38.66,,,,,,,29,28,10,18,,0,0,0,0,0,0,3638407123.12146,48635306.0,0.0466,0.065,596490,802980,0,18.7,,2026-09-04
1757,TAC,Utilities,Utilities - Independent Power Producers,NYSE,1850953,11.84,83.24,-4,12,-33.78,,,,,,,29,33,49,64,,0,0,0,0,0,0,3855696867.275238,316300000.0,0.0279,0.125,2010690,1691044,0,48.7,,2026-09-04
1758,CHTR,Communication Services,Telecom Services,NASDAQ,3126383,158.97,83.2,9,-4,-44.38,,,,,,,29,20,7,25,,0,0,0,0,0,0,18323407892.250366,119277493.0,0.5157,-0.017,2491830,3028508,0,17.3,,2026-09-04
1759,VICI,Real Estate,REIT - Diversified,NYSE,9424593,25.61,83.19,-1,3,-24.3,,,,,,,29,30,34,43,,0,0,0,0,0,0,28484877453.001064,1101077562.0,0.0278,0.057,8301740,9642190,0,35.7,,2026-09-04
1760,PRVA,Healthcare,Health Information Services,NASDAQ,1148636,20.72,83.17,-26,-48,-28.11,,,,,,,29,55,33,36,,0,0,0,0,0,0,2655594280.4741592,127734207.0,0.061300002,0.214,922530,1222228,0,41.3,,2026-09-04
1761,CHWY,Consumer Cyclical,Internet Retail,NYSE,6724370,24.17,83.14,5,-9,-44.44,,,,,,,29,24,10,17,,0,0,0,0,0,0,9523207148.529764,409424207.0,0.0889,0.077,6937090,7862186,0,17.0,,2026-09-04
1762,KBH,Consumer Cyclical,Residential Construction,NYSE,886653,52.08,83.08,-28,-56,-24.2,,,,,,,29,57,29,31,,0,0,0,0,0,0,3363451715.5004883,61309728.0,0.2032,-0.273,796250,1080514,0,39.0,,2026-09-04
1763,LUMN,Communication Services,Telecom Services,NYSE,13297793,6.81,83.08,4,69,-43.01,,,,,,,29,25,90,65,,0,0,0,0,0,0,6223078823.496752,1030311070.0,0.0725,-0.093,11896600,13374182,1,60.0,,2026-09-04
1764,LRN,Consumer Defensive,Education & Training Services,NYSE,1001773,85.1,83.01,0,19,-49.02,,,,,,,29,29,48,33,,0,0,0,0,0,0,3609056787.603302,41559845.0,0.2597,-0.027,529880,884664,0,36.7,,2026-09-04
1765,HGV,Consumer Cyclical,Resorts & Casinos,NYSE,1095673,42.17,83.0,-20,-1,-23.88,,,,,,,29,49,68,52,,0,0,0,0,0,0,3405094899.18787,77724145.0,0.1262,0.062,929480,1126514,0,56.3,,2026-09-04
1766,CORZ,Technology,Software - Infrastructure,NASDAQ,13277690,16.81,82.99,-35,-5,-44.81,,,,,,,29,64,94,79,,0,0,0,0,0,0,5276381443.147659,319587000.0,0.2232,1.088,11307440,12495538,1,79.0,,2026-09-04
1767,KMPR,Financial Services,Insurance - Property & Casualty,NYSE,884350,28.19,82.95,10,3,-48.41,,,,,,,28,18,11,12,,0,0,0,0,0,0,1644357317.7269895,58874232.0,0.0995,-0.091,953820,1061412,0,13.7,,2026-09-04
1768,SARO,Industrials,Aerospace & Defense,NYSE,3373573,24.07,82.93,-36,-72,-30.19,,,,,,,28,64,28,39,,0,0,0,0,0,0,8276295045.051447,330919431.0,0.087799996,0.046,3109460,3478146,0,43.7,,2026-09-04
1769,ORA,Utilities,Utilities - Renewable,NYSE,810050,104.69,82.85,-1,56,-28.49,,,,,,,28,29,86,79,,0,0,0,0,0,0,6336644856.942131,61496941.0,0.1047,0.106,624250,829242,0,64.7,,2026-09-04
1770,UUUU,Energy,Uranium,NYSE ARCA,6854216,14.29,82.83,12,78,-48.78,,,,,,,28,16,82,98,,0,0,0,1,0,1,3666986569.070816,249965000.0,0.2142,4.961,6627920,7225220,1,65.3,,2026-09-04
1771,CRWV,Technology,Software - Infrastructure,NASDAQ,27957706,80.93,82.79,8,57,-47.17,,,,,,,28,20,69,51,,0,0,0,0,0,0,46455929837.93175,551536602.0,0.1889,1.125,16956460,27442642,0,46.7,,2026-09-04
1772,VRSK,Industrials,Consulting Services,NASDAQ,1464400,188.16,82.74,-6,-22,-31.29,,,,,,,28,34,18,24,,0,0,0,0,0,0,24960018977.32648,130156012.0,0.0294,0.044,1091940,1696632,0,25.3,,2026-09-04
1773,WH,Consumer Cyclical,Lodging,NYSE,1276760,71.28,82.74,-6,13,-21.11,,,,,,,28,34,53,36,,0,0,0,0,0,0,5641529245.318192,74211122.0,0.103199996,-0.055,1038880,1326936,0,41.0,,2026-09-04
1774,FUL,Basic Materials,Specialty Chemicals,NYSE,629263,53.91,82.69,-11,3,-21.45,,,,,,,28,39,53,40,,0,0,0,0,0,0,3030920527.776924,53787411.0,0.0739,0.058,544460,769638,0,44.0,,2026-09-04
1775,ALK,Industrials,Airlines,NYSE,2491340,41.59,82.67,-40,-81,-36.87,,,,,,,28,68,27,19,,0,0,0,0,0,0,4721514136.352463,111566970.0,0.109,0.097,2344390,2831316,0,38.0,,2026-09-04
1776,VLRS,Industrials,Airlines,NYSE,505670,6.6,82.64,-39,-38,-38.89,,,,,,,28,67,68,75,,0,0,0,0,0,0,774772207.4897194,114951370.0,0.0109,0.239,428480,574994,0,70.0,,2026-09-04
1777,MFIC,Financial Services,Asset Management,NASDAQ,580306,9.67,82.63,4,16,-26.8,,,,,,,28,24,36,33,,0,0,0,0,0,0,792424671.9332008,82372628.0,0.0311,-0.16,498420,539552,0,31.0,,2026-09-04
1778,RCL,Consumer Cyclical,Travel Services,NYSE,1964393,265.6,82.63,-35,-62,-26.79,,,,,,,28,63,36,56,,0,0,0,0,0,0,74728787769.87878,267452084.0,0.0585,0.065,1640710,2119312,0,51.7,,2026-09-04
1779,PFLT,Financial Services,Asset Management,NYSE,991780,7.43,82.56,7,20,-27.86,,,,,,,28,21,34,29,,0,0,0,0,0,0,733220238.1929817,99217896.0,0.040900003,0.041,712780,1086552,0,28.0,,2026-09-04
1780,BYD,Consumer Cyclical,Resorts & Casinos,NYSE,902940,76.7,82.55,-17,0,-16.09,,,,,,,28,45,62,61,,0,0,0,0,0,0,5773925839.270691,72655414.0,0.072399996,0.0,867600,902908,0,56.0,,2026-09-04
1781,NOC,Industrials,Aerospace & Defense,NYSE,686810,523.82,82.52,-5,-7,-32.32,,,,,,,28,33,31,88,,0,0,0,0,0,0,77505326135.32068,142063026.0,0.0173,0.051,694930,846546,0,50.7,,2026-09-04
1782,STAA,Healthcare,Medical Instruments & Supplies,NASDAQ,885266,23.11,82.52,-4,53,-35.57,,,,,,,28,32,89,30,,0,0,0,0,0,0,1108683516.845459,50143984.0,0.1826,1.11,603090,907886,0,50.3,,2026-09-04
1783,MOD,Consumer Cyclical,Auto Parts,NYSE,1535770,179.51,82.5,-15,36,-44.47,,,,,,,28,43,94,92,,0,0,0,0,0,0,9434410581.379396,53112708.0,0.059699997,0.28,1332640,1610794,2,76.3,,2026-09-04
1784,CWEN,Utilities,Utilities - Renewable,NYSE,1181173,31.42,82.48,-1,45,-24.72,,,,,,,28,29,75,82,,0,0,0,0,0,0,6519529346.503685,205274852.0,0.0732,0.227,1158390,1202750,0,62.0,,2026-09-04
1785,ADSK,Technology,Software - Application,NASDAQ,2039866,241.73,82.43,-1,-9,-26.55,,,,,,,28,29,21,30,,0,0,0,0,0,0,55037121898.897,211145251.0,0.0392,0.161,2078200,2202914,0,26.7,,2026-09-04
1786,TXT,Industrials,Aerospace & Defense,NYSE,1684080,79.24,82.33,-20,-8,-21.98,,,,,,,28,48,60,73,,0,0,0,0,0,0,14281793745.138723,171986917.0,0.0495,0.03,1487380,1599948,0,60.3,,2026-09-04
1787,FTAI,Industrials,Aerospace & Defense,NASDAQ,1520883,185.61,82.33,-28,-6,-42.63,,,,,,,28,56,78,93,,0,0,0,0,0,0,20025828164.36797,102707091.0,0.1039,0.409,1199680,1446920,1,75.7,,2026-09-04
1788,HAYW,Industrials,Electrical Equipment & Parts,NYSE,2415086,13.63,82.31,-23,-40,-23.12,,,,,,,28,51,34,39,,0,0,0,0,0,0,3001492004.382801,212119582.0,0.0467,0.063,1742860,2684144,0,41.3,,2026-09-04
1789,CHA,Consumer Cyclical,Restaurants,NASDAQ,740926,11.61,82.31,3,-1,-38.89,,,,,,,28,25,21,12,,0,0,0,0,0,0,2060243957.185217,190763326.0,0.048699997,0.045,1226950,682744,0,19.3,,2026-09-04
1790,META,Communication Services,Internet Content & Information,NASDAQ,16845740,592.85,82.26,0,-2,-25.03,,,,,,,28,28,26,40,,0,0,0,0,0,0,1472509597930.481,2547506225.0,0.0127,0.28,15889340,17932566,0,31.3,,2026-09-04
1791,CLSK,Financial Services,Capital Markets,NASDAQ,20099326,11.33,82.26,-24,16,-52.01,,,,,,,28,52,92,32,,0,0,0,0,0,0,2994487031.992825,256817073.0,0.4014,-0.305,18044960,21309486,1,58.7,,2026-09-04
1792,INOD,Technology,Information Technology Services,NASDAQ,1390440,54.29,82.25,-60,-52,-56.62,,,,,,,28,88,96,28,,0,0,0,0,0,0,1945714225.336376,34382651.0,0.13939999,0.578,1034890,1289524,1,70.7,,2026-09-04
1793,LZ,Industrials,Specialty Business Services,NASDAQ,2934953,6.52,82.23,-31,-75,-47.42,,,,,,,28,59,15,14,,0,0,0,0,0,0,1053278610.1330853,171264812.0,0.1067,0.066,2232540,2858930,0,29.3,,2026-09-04
1794,MNDY,Technology,Software - Application,NASDAQ,1573656,94.44,82.19,5,-5,-57.23,,,,,,,28,23,13,5,,0,0,0,0,0,0,4257426485.786888,42274119.0,0.1546,0.219,1125050,1395176,0,13.7,,2026-09-04
1795,BSY,Technology,Software - Application,NASDAQ,2582573,35.12,82.18,-4,-18,-38.66,,,,,,,28,32,18,31,,0,0,0,0,0,0,11268064529.221416,302092889.0,0.0849,0.128,1959870,2768294,0,27.0,,2026-09-04
1796,RH,Consumer Cyclical,Specialty Retail,NYSE,690746,147.68,82.14,-46,-91,-42.54,,,,,,,27,73,28,18,,0,0,0,0,0,0,2829280881.254837,18926221.0,0.5306,-0.017,735310,769094,0,39.7,,2026-09-04
1797,FMC,Basic Materials,Agricultural Inputs,NYSE,3447276,13.33,82.13,15,13,-65.67,,,,,,,27,12,10,14,,0,0,0,0,0,0,1418820076.3159504,125226839.0,0.3136,-0.175,2980740,4060726,0,12.0,,2026-09-04
1798,RYAAY,Industrials,Airlines,NASDAQ,1147036,54.42,82.13,-9,-13,-26.7,,,,,,,27,36,32,63,,0,0,0,0,0,0,29119641605.66671,518789258.0,0.0058999998,0.011,1155650,1400348,0,43.7,,2026-09-04
1799,ACN,Technology,Information Technology Services,NYSE,6072550,187.68,82.09,5,-1,-35.53,,,,,,,27,22,16,17,,0,0,0,0,0,0,116030343660.98982,611942109.0,0.042600002,0.056,4526620,7705690,0,18.3,,2026-09-04
1800,AXON,Industrials,Aerospace & Defense,NASDAQ,895483,506.98,82.08,-49,-106,-36.0,,,,,,,27,76,19,25,,0,0,0,0,0,0,48801750726.28174,81237415.0,0.0505,0.353,770500,964568,0,40.0,,2026-09-04
1801,LBTYA,Communication Services,Telecom Services,NASDAQ,2585363,10.68,82.06,-3,20,-21.01,,,,,,,27,30,53,71,,0,0,0,0,0,0,3639404355.242916,341087566.0,0.0738,-0.077,1991010,2316516,0,51.3,,2026-09-04
1802,OTIS,Industrials,Specialty Industrial Machinery,NYSE,3361276,70.83,82.0,0,-6,-25.1,,,,,,,27,27,21,35,,0,0,0,0,0,0,27309217566.66256,380669339.0,0.045100003,0.073,3406950,3539840,0,27.7,,2026-09-04
1803,MAT,Consumer Cyclical,Leisure,NASDAQ,3537776,14.64,81.95,3,0,-34.88,,,,,,,27,24,21,27,,0,0,0,0,0,0,4325498098.087311,285700000.0,0.14,0.105,3090210,4269004,0,24.0,,2026-09-04
1804,AZN,Healthcare,Drug Manufacturers - General,NYSE,3877390,161.63,81.91,-5,20,-24.01,,,,,,,27,32,57,77,,0,0,0,0,0,0,252329121760.472,1550885842.0,0.0011999999,0.064,3153050,3422932,0,55.3,,2026-09-04
1805,EPAM,Technology,Information Technology Services,NYSE,1574720,117.2,81.85,5,-8,-47.33,,,,,,,27,22,9,20,,0,0,0,0,0,0,5922185576.230972,51586981.0,0.19780001,0.045,1144210,1597170,0,17.0,,2026-09-04
1806,PMT,Real Estate,REIT - Mortgage,NYSE,1279786,9.51,81.85,1,2,-31.14,,,,,,,27,26,27,43,,0,0,0,0,0,0,814470074.3860245,87202362.0,0.1168,0.061,1189310,1503114,0,32.0,,2026-09-04
1807,BLSH,Technology,Software - Infrastructure,NYSE,1673086,32.64,81.84,18,19,-56.47,,,,,,,27,9,10,15,,0,0,0,0,0,0,4987714007.381195,151648346.0,0.16600001,0.688,1602620,1557010,0,11.3,,2026-09-04
1808,ODD,Consumer Defensive,Household & Personal Products,NASDAQ,769136,14.49,81.84,15,7,-77.44,,,,,,,27,12,4,2,,0,0,0,0,0,0,661887367.495121,46124554.0,0.32259998,-0.262,779420,987524,0,6.0,,2026-09-04
1809,SGRY,Healthcare,Medical Care Facilities,NASDAQ,2433170,13.98,81.79,-3,-9,-40.36,,,,,,,27,30,24,14,,0,0,0,0,0,0,1792270924.464512,130918260.0,0.1915,0.027,3150240,1981964,0,22.7,,2026-09-04
1810,JMIA,Consumer Cyclical,Internet Retail,NYSE,1894466,7.17,81.74,8,36,-51.29,,,,,,,27,19,47,89,,0,0,0,0,0,0,864501045.7478309,124567873.0,0.056500003,0.139,1809570,1779746,0,51.7,,2026-09-04
1811,SFM,Consumer Defensive,Grocery Stores,NASDAQ,1804270,78.76,81.73,-12,-22,-44.24,,,,,,,27,39,29,19,,0,0,0,0,0,0,7595951447.12925,93247625.0,0.13939999,0.047,1615490,1981340,0,29.0,,2026-09-04
1812,TSLA,Consumer Cyclical,Auto Manufacturers,NASDAQ,39088873,357.01,81.73,4,45,-28.43,,,,,,,27,23,64,71,,0,0,0,0,0,0,1377404653657.5,3949547394.0,0.0196,0.255,38255710,39037116,0,52.7,,2026-09-04
1813,PAR,Technology,Software - Application,NYSE,903550,18.75,81.65,5,-11,-63.36,,,,,,,27,22,6,4,,0,0,0,0,0,0,792095842.4213791,41362708.0,0.2725,0.187,793050,982874,0,10.7,,2026-09-04
1814,BN,Financial Services,Asset Management,NYSE,4271050,39.71,81.64,-9,10,-19.89,,,,,,,27,36,55,37,,0,0,0,0,0,0,92263089557.3876,2232351451.0,4.56,0.085,3573910,3953552,0,42.7,,2026-09-04
1815,GSIT,Technology,Semiconductors,NASDAQ,527033,5.34,81.61,-13,39,-70.58,,,,,,,27,40,92,97,,0,0,0,0,0,0,218720808.7811079,38372073.0,0.1269,0.005,363370,782424,2,76.3,,2026-09-04
1816,DPRO,Technology,Computer Hardware,NASDAQ,1123480,5.69,81.6,12,78,-60.49,,,,,,,27,15,81,93,,0,0,0,0,0,0,165868160.86341476,37148523.0,0.108500004,0.26,1849420,1066520,1,63.0,,2026-09-04
1817,COUR,Consumer Defensive,Education & Training Services,NYSE,6001686,6.11,81.55,5,-3,-50.41,,,,,,,27,22,14,18,,0,0,0,0,0,0,1852740288.959568,286358632.0,0.096499994,0.596,4343790,6322536,0,18.0,,2026-09-04
1818,LKQ,Consumer Cyclical,Auto Parts,NASDAQ,3550646,24.73,81.55,5,4,-33.4,,,,,,,27,22,21,32,,0,0,0,0,0,0,6459143429.302746,253002086.0,0.077199996,-0.03,3074580,3155426,0,25.0,,2026-09-04
1819,EVR,Financial Services,Capital Markets,NYSE,550550,288.69,81.51,-11,23,-25.73,,,,,,,27,38,72,41,,0,0,0,0,0,0,11156985412.233644,38457778.0,0.0294,0.188,492080,498774,0,50.3,,2026-09-04
1820,GPGI,Industrials,Metal Fabrication,NYSE,1418223,14.25,81.5,3,-9,-46.79,,,,,,,27,24,12,69,,0,0,0,0,0,0,3841043586.5,289890082.0,0.2005,,1645160,1495756,0,35.0,,2026-09-04
1821,GIL,Consumer Cyclical,Apparel Manufacturing,NYSE,1376236,51.46,81.48,-9,2,-30.18,,,,,,,27,36,47,71,,0,0,0,0,0,0,9837390767.953766,185191848.0,0.073,0.723,916810,1291804,0,51.3,,2026-09-04
1822,AI,Technology,Software - Infrastructure,NYSE,4859320,10.52,81.46,7,11,-47.97,,,,,,,27,20,24,8,,0,0,0,0,0,0,1636880845.3005648,155449277.0,0.3367,-0.525,5256420,5116736,0,17.3,,2026-09-04
1823,GXO,Industrials,Integrated Freight & Logistics,NYSE,1484216,46.37,81.4,-2,6,-30.64,,,,,,,27,29,37,70,,0,0,0,0,0,0,5458985785.40522,114684579.0,0.0657,0.043,1144870,1429706,0,45.3,,2026-09-04
1824,MTZ,Industrials,Engineering & Construction,NYSE,1581780,235.33,81.4,-24,17,-46.69,,,,,,,27,51,92,93,,0,0,0,0,0,0,19353492468.0,80304948.0,0.0828,0.234,1484020,1470894,2,78.7,,2026-09-04
1825,UEC,Energy,Uranium,NYSE ARCA,8214706,11.62,81.37,7,57,-42.87,,,,,,,27,20,70,93,,0,0,0,0,0,0,6136417149.621174,494872366.0,0.1455,,9943680,8250328,1,61.0,,2026-09-04
1826,MCD,Consumer Cyclical,Restaurants,NYSE,4512536,260.95,81.35,-5,-8,-23.64,,,,,,,27,32,29,64,,0,0,0,0,0,0,187525005715.0,707641531.0,0.0174,0.037,4271280,4597994,0,41.7,,2026-09-04
1827,CLB,Energy,Oil & Gas Equipment & Services,NYSE,600260,12.49,81.33,8,24,-38.65,,,,,,,27,19,35,68,,0,0,0,0,0,0,567132923.3667927,45884542.0,0.2223,-0.043,446870,876226,0,40.7,,2026-09-04
1828,DOCS,Healthcare,Health Information Services,NYSE,6187246,26.32,81.32,16,12,-65.6,,,,,,,27,11,7,7,,0,0,0,0,0,0,4764514963.805466,178245980.0,0.1479,0.073,2367920,5070466,0,8.3,,2026-09-04
1829,KR,Consumer Defensive,Grocery Stores,NYSE,6186460,58.22,81.31,1,10,-23.97,,,,,,,26,25,34,77,,0,0,0,0,0,0,35362001864.90045,612647282.0,0.0454,0.022,5960200,6844996,0,45.3,,2026-09-04
1830,LBTYK,Communication Services,Telecom Services,NASDAQ,1486210,10.42,81.29,-2,11,-20.58,,,,,,,26,28,41,65,,0,0,0,0,0,0,3557543417.4716644,341087566.0,0.080299996,-0.077,1207140,1280502,0,44.7,,2026-09-04
1831,GFS,Technology,Semiconductors,NASDAQ,4276646,43.97,81.28,-35,-1,-52.49,,,,,,,26,61,95,70,,0,0,0,0,0,0,24562097509.25953,548751082.0,0.1193,0.058,3741800,3913662,1,75.3,,2026-09-04
1832,ONDS,Technology,Communication Equipment,NASDAQ,72363400,7.61,81.11,-63,-56,-50.2,,,,,,,26,89,96,99,,0,0,0,1,0,1,4507363548.312111,570552341.0,0.4065,12.354,60786070,87932004,2,94.7,,2026-09-04
1833,PSKY,Communication Services,Entertainment,NASDAQ,11668413,10.97,81.09,8,18,-47.41,,,,,,,26,18,28,19,,0,0,0,0,0,0,12176602999.119192,1119173058.0,0.145,0.009,9750580,10562888,0,21.7,,2026-09-04
1834,GT,Consumer Cyclical,Auto Parts,NASDAQ,8405173,6.21,80.95,1,-9,-41.53,,,,,,,26,25,15,22,,0,0,0,0,0,0,1828156952.4938369,287898737.0,0.18120001,-0.048,6996690,9932404,0,20.7,,2026-09-04
1835,RDY,Healthcare,Drug Manufacturers - Specialty & Generic,NYSE,2703210,12.17,80.94,-2,1,-22.34,,,,,,,26,28,31,54,,0,0,0,0,0,0,10145797139.20784,832988250.0,0.0328,-0.056,2141510,2840938,0,37.7,,2026-09-04
1836,ULS,Industrials,Specialty Business Services,NYSE,850033,74.12,80.84,-9,38,-31.08,,,,,,,26,35,82,81,,0,0,0,0,0,0,15002342710.96218,201563115.0,0.077,0.052,474860,1006666,0,66.0,,2026-09-04
1837,CHRW,Industrials,Integrated Freight & Logistics,NASDAQ,1989916,145.2,80.78,-13,33,-30.97,,,,,,,26,39,85,89,,0,0,0,0,0,0,17573260619.299652,116851258.0,0.044899996,0.193,1231210,1852116,0,71.0,,2026-09-04
1838,TRMB,Technology,Scientific & Technical Instruments,NASDAQ,3592900,59.11,80.74,3,-4,-29.98,,,,,,,26,23,16,30,,0,0,0,0,0,0,14222133382.920055,233111519.0,0.0517,0.11,5069470,3259976,0,23.0,,2026-09-04
1839,CPRT,Industrials,Specialty Business Services,NASDAQ,10924646,32.16,80.7,8,8,-35.82,,,,,,,26,18,18,21,,0,0,0,0,0,0,31779545337.001144,963308388.0,0.060599998,0.021,8203340,11775982,0,19.0,,2026-09-04
1840,CAE,Industrials,Aerospace & Defense,NASDAQ,713986,23.72,80.69,-7,-9,-30.72,,,,,,,26,33,31,52,,0,0,0,0,0,0,7814495907.676226,321849081.0,8.95,0.068,851780,681832,0,38.7,,2026-09-04
1841,ROAD,Industrials,Engineering & Construction,NASDAQ,722706,101.13,80.68,-2,2,-33.03,,,,,,,26,28,32,76,,0,0,0,0,0,0,6248786518.897896,56755555.0,0.0725,0.282,563080,981352,0,45.3,,2026-09-04
1842,PPC,Consumer Defensive,Packaged Foods,NASDAQ,1579136,31.12,80.65,11,11,-31.51,,,,,,,26,15,15,32,,0,0,0,0,0,0,7545659252.723671,238108524.0,0.0323,-0.028,1305790,1600022,0,20.7,,2026-09-04
1843,LTRX,Technology,Communication Equipment,NASDAQ,941853,5.26,80.58,-44,-24,-39.89,,,,,,,26,70,90,92,,0,0,0,0,0,0,250807520.0950012,46705312.0,0.0544,0.08,1478480,1100436,2,84.0,,2026-09-04
1844,HUBG,Industrials,Integrated Freight & Logistics,NASDAQ,1196856,35.93,80.53,-45,-41,-32.54,,,,,,,26,71,75,35,,0,0,0,0,0,0,2422290568.4251404,61153510.0,0.0851,-0.053,1024640,1033620,0,60.3,,2026-09-04
1845,OTEX,Technology,Software - Application,NASDAQ,1723186,23.58,80.52,-14,-32,-40.9,,,,,,,26,40,22,23,,0,0,0,0,0,0,6090825328.568344,242662360.0,0.059899997,0.029,1315290,1596932,0,28.3,,2026-09-04
1846,LAZ,Financial Services,Capital Markets,NYSE,1493936,42.95,80.52,-3,7,-26.89,,,,,,,26,29,39,29,,0,0,0,0,0,0,4252742902.600891,97450572.0,0.1084,0.001,1091930,1649586,0,32.3,,2026-09-04
1847,DRS,Industrials,Aerospace & Defense,NASDAQ,859170,37.02,80.46,-39,-38,-26.82,,,,,,,26,65,66,82,,0,0,0,0,0,0,10285999232.44648,266891515.0,0.0117999995,0.101,945660,1002406,0,71.0,,2026-09-04
1848,RDAC,Financial Services,Shell Companies,NASDAQ,1430560,6.57,80.43,10,50,-72.61,,,,,,,26,16,56,8,,0,0,0,0,0,0,28475677.641944885,5951030.0,0.0005,,2627730,865738,0,26.7,,2026-09-04
1849,GRRR,Technology,Software - Infrastructure,NASDAQ,1041286,13.72,80.39,4,53,-41.59,,,,,,,26,22,71,13,,0,0,0,0,0,0,396412308.692379,27509529.0,0.2019,1.38,1269160,1260194,0,35.3,,2026-09-04
1850,SMMT,Healthcare,Biotechnology,NASDAQ,5151396,14.6,80.37,9,12,-50.05,,,,,,,26,17,20,27,,0,0,0,0,0,0,10953101670.279213,797749602.0,0.2392,,5863810,4668468,0,21.3,,2026-09-04
1851,AORT,Healthcare,Medical Devices,NYSE,702230,26.34,80.37,11,4,-45.41,,,,,,,26,15,8,62,,0,0,0,0,0,0,1305204058.4888268,48756221.0,0.0677,0.113,648590,720424,0,28.3,,2026-09-04
1852,BAH,Industrials,Consulting Services,NYSE,1988293,73.17,80.33,0,6,-33.81,,,,,,,25,25,31,24,,0,0,0,0,0,0,9050241111.563576,120284973.0,0.073,-0.042,1415820,2173986,0,26.7,,2026-09-04
1853,SUNB,Industrials,Rental & Leasing Services,NYSE,3993183,67.11,80.33,-33,-26,-22.58,,,,,,,25,58,65,39,,0,0,0,0,0,0,30008159848.139343,409947556.0,7.24,0.089,7948360,3893234,0,54.0,,2026-09-04
1854,AZ,Technology,Software - Application,NASDAQ,532026,5.9,80.33,3,18,-39.92,,,,,,,25,22,37,21,,0,0,0,0,0,0,279568061.2513089,44026467.0,0.1,4.09,534850,416420,0,26.7,,2026-09-04
1855,HNRG,Utilities,Utilities - Independent Power Producers,NASDAQ,771843,16.35,80.28,6,19,-33.81,,,,,,,25,19,32,79,,0,0,0,0,0,0,765608106.8897419,47143357.0,0.0866,-0.013,578240,768636,0,43.3,,2026-09-04
1856,JLHL,Industrials,Building Products & Equipment,NASDAQ,1711966,6.33,80.27,-66,-58,-89.08,,,,,,,25,91,99,89,,0,0,1,0,0,1,134697413.46010208,21448632.0,0.0482,0.216,1283210,3621824,2,93.0,,2026-09-04
1857,EIX,Utilities,Utilities - Regulated Electric,NYSE,5214580,55.19,80.24,-42,-33,-32.38,,,,,,,25,67,76,85,,0,0,0,0,0,0,27002396201.81456,384813979.0,0.045,-0.041,8713520,4031408,0,76.0,,2026-09-04
1858,PHR,Healthcare,Health Information Services,NYSE,776196,11.85,80.23,1,-15,-62.77,,,,,,,25,24,8,9,,0,0,0,0,0,0,750557599.9349785,61774290.0,0.0539,0.129,668940,840438,0,13.7,,2026-09-04
1859,LDOS,Technology,Information Technology Services,NYSE,1424086,133.78,80.21,5,1,-34.99,,,,,,,25,20,16,63,,0,0,0,0,0,0,17692984108.200134,125785466.0,0.0383,0.072,1052010,1504656,0,33.0,,2026-09-04
1860,PINS,Communication Services,Internet Content & Information,NYSE,11218140,21.22,80.17,-7,-12,-44.98,,,,,,,25,32,27,11,,0,0,0,0,0,0,13132799398.573786,566313027.0,0.1181,0.182,10490790,11337502,0,23.3,,2026-09-04
1861,TDS,Communication Services,Telecom Services,NYSE,1124190,35.87,80.13,2,19,-26.97,,,,,,,25,23,40,77,,0,0,0,0,0,0,3873653575.653076,115116000.0,0.0004,0.036,1037210,1136570,0,46.7,,2026-09-04
1862,LZB,Consumer Cyclical,"Furnishings, Fixtures & Appliances",NYSE,631420,31.93,80.08,-48,-72,-28.89,,,,,,,25,73,49,31,,0,0,0,0,0,0,1304518739.2468643,40052771.0,0.0458,-0.034,854000,597910,0,51.0,,2026-09-04
1863,ELVA,Industrials,Electrical Equipment & Parts,NASDAQ,621463,6.47,80.08,-52,-35,-49.37,,,,,,,25,77,94,97,,0,0,0,0,0,0,329224746.7214012,49507480.0,1.8,0.034,552330,1218166,2,89.3,,2026-09-04
1864,YMM,Technology,Software - Application,NYSE,7312876,8.63,80.07,-8,-21,-38.66,,,,,,,25,33,20,20,,0,0,0,0,0,0,9214328288.01467,1045894194.0,0.0221,0.044,9086840,7066854,0,24.3,,2026-09-04
1865,SNAP,Communication Services,Internet Content & Information,NYSE,40452826,5.59,80.03,6,17,-39.76,,,,,,,25,19,30,11,,0,0,0,0,0,0,9183203285.846672,1691197712.0,0.0879,0.189,38196560,38955356,0,20.0,,2026-09-04
1866,TLK,Communication Services,Telecom Services,NYSE,652726,14.73,79.93,-1,-9,-37.37,,,,,,,25,26,18,45,,0,0,0,0,0,0,14373101093.42871,985809408.0,0.0057,0.064,525920,751352,0,29.7,,2026-09-04
1867,SNN,Healthcare,Medical Devices,NYSE,1723260,28.66,79.7,-4,0,-26.11,,,,,,,25,29,33,55,,0,0,0,0,0,0,12124128845.95449,418506356.0,0.0117,0.046,2038790,1733972,0,39.0,,2026-09-04
1868,OMCL,Healthcare,Health Information Services,NASDAQ,784903,34.71,79.67,-10,26,-36.89,,,,,,,25,35,71,43,,0,0,0,0,0,0,1504442392.9943695,45478909.0,0.0896,0.075,661870,770924,0,49.7,,2026-09-04
1869,TTI,Industrials,Conglomerates,NYSE,1955936,6.63,79.66,-43,-18,-47.13,,,,,,,25,68,93,93,,0,0,0,0,0,0,1008375616.5172076,148072779.0,0.0691,0.068,1987770,1899430,2,84.7,,2026-09-04
1870,ADNT,Consumer Cyclical,Auto Parts,NYSE,947900,19.24,79.64,-3,35,-29.58,,,,,,,25,28,66,66,,0,0,0,0,0,0,1469467482.7457962,77096932.0,0.097200006,0.05,838380,1003832,0,53.3,,2026-09-04
1871,LPX,Industrials,Building Products & Equipment,NYSE,1155876,68.31,79.62,-7,-16,-32.55,,,,,,,25,32,23,28,,0,0,0,0,0,0,4982742345.972519,69923410.0,0.100200005,-0.121,1002820,1192018,0,27.7,,2026-09-04
1872,GOF,Financial Services,Asset Management,NYSE,2705552,9.45,79.61,-6,-2,-37.66,,,,,,,25,31,35,32,,0,0,0,0,0,0,2037734310.400772,212043120.0,0.75,,3996896,2181817,0,32.7,,2026-09-04
1873,MOMO,Communication Services,Internet Content & Information,NASDAQ,509450,5.49,79.52,-1,-3,-36.12,,,,,,,25,26,24,30,,0,0,0,0,0,0,845115102.7213616,147747401.0,0.0189,-0.054,569740,542510,0,26.7,,2026-09-04
1874,IDXX,Healthcare,Diagnostics & Research,NASDAQ,581293,538.99,79.52,-6,-5,-30.0,,,,,,,25,31,32,47,,0,0,0,0,0,0,43722730799.49317,78781116.0,0.028099999,0.097,471400,624280,0,36.7,,2026-09-04
1875,BIPC,Utilities,Utilities - Regulated Gas,NYSE,1122883,36.61,79.5,-10,-11,-29.22,,,,,,,25,35,34,73,,0,0,0,0,0,0,4751129636.208206,122990668.0,8.41,0.085,1076530,1039814,0,47.3,,2026-09-04
1876,RKT,Financial Services,Mortgage Finance,NYSE,26437056,13.56,79.44,2,-2,-44.33,,,,,,,25,23,19,31,,0,0,0,0,0,0,38991717433.39304,2831642421.0,0.0542,0.919,22610570,29323062,0,24.3,,2026-09-04
1877,CDNS,Technology,Software - Application,NASDAQ,2313156,306.67,79.42,-21,12,-26.4,,,,,,,25,46,79,38,,0,0,0,0,0,0,93741027304.07716,275393000.0,0.0164,0.242,2203400,2243624,0,54.3,,2026-09-04
1878,LHX,Industrials,Aerospace & Defense,NYSE,1705373,261.31,79.39,-9,9,-31.09,,,,,,,25,34,52,88,,0,0,0,0,0,0,48940926740.99658,186214616.0,0.0215,1.9,1705790,1564108,0,58.0,,2026-09-04
1879,BRSL,Consumer Cyclical,Gambling,NYSE,1963513,11.17,79.37,2,5,-39.85,,,,,,,25,23,26,33,,0,0,0,0,0,0,2114328991.581459,182742355.0,0.047199998,-0.074,1590060,1778680,0,27.3,,2026-09-04
1880,TSCO,Consumer Cyclical,Specialty Retail,NASDAQ,11156196,34.86,79.28,5,-6,-44.01,,,,,,,25,20,9,34,,0,0,0,0,0,0,18090514192.675323,521040137.0,0.0775,0.023,7957190,10971106,0,21.0,,2026-09-04
1881,PICS,Technology,Software - Infrastructure,NASDAQ,519226,11.18,79.25,1,-15,-43.96,,,,,,,25,24,8,23,,0,0,0,0,0,0,1302354831.8668623,129587543.0,0.038900003,0.67,770000,415306,0,18.3,,2026-09-04
1882,LOW,Consumer Cyclical,Home Improvement Retail,NYSE,3040696,199.84,79.2,-6,-11,-31.81,,,,,,,24,30,25,48,,0,0,0,0,0,0,116727290365.151,561054019.0,0.0182,0.083,3365090,3014238,0,34.3,,2026-09-04
1883,TMDX,Healthcare,Medical Devices,NASDAQ,879696,84.29,79.18,4,-8,-45.97,,,,,,,24,20,8,69,,0,0,0,0,0,0,3066323082.9320145,34675145.0,0.3552,0.207,654690,937234,0,32.3,,2026-09-04
1884,XYL,Industrials,Specialty Industrial Machinery,NYSE,1822216,106.74,79.17,-7,-12,-30.81,,,,,,,24,31,26,35,,0,0,0,0,0,0,25989416473.68384,233486812.0,0.0436,0.015,1768830,1861550,0,30.7,,2026-09-04
1885,BV,Industrials,Specialty Business Services,NYSE,1159040,11.24,79.16,4,17,-25.07,,,,,,,24,20,33,30,,0,0,0,0,0,0,1038972024.7268676,92600000.0,0.3231,0.013,760730,1100992,0,27.7,,2026-09-04
1886,SOFI,Financial Services,Credit Services,NASDAQ,57516306,17.84,79.06,-5,-9,-45.49,,,,,,,24,29,25,37,,0,0,0,0,0,0,23325759361.66703,1291570324.0,0.1354,0.426,42062380,68565904,0,30.3,,2026-09-04
1887,TKC,Communication Services,Telecom Services,NYSE,2627453,5.08,78.97,-2,9,-29.25,,,,,,,24,26,37,52,,0,0,0,0,0,0,4701116001.824695,870577022.0,0.004,0.025,2419160,2444830,0,38.3,,2026-09-04
1888,MP,Basic Materials,Other Industrial Metals & Mining,NYSE,6700246,54.7,78.96,8,66,-45.44,,,,,,,24,16,74,91,,0,0,0,0,0,0,9996842324.67302,178101588.0,0.1784,1.197,5446750,5912718,1,60.3,,2026-09-04
1889,GPK,Consumer Cyclical,Packaging & Containers,NYSE,4714846,10.98,78.9,-2,-11,-50.47,,,,,,,24,26,17,9,,0,0,0,0,0,0,3420458317.8792887,295887387.0,0.0758,-0.007,4106810,4551006,0,17.3,,2026-09-04
1890,VST,Utilities,Utilities - Independent Power Producers,NYSE,4472423,143.46,78.88,1,5,-34.74,,,,,,,24,23,27,48,,0,0,0,0,0,0,46012227653.417206,335635195.0,0.0332,-0.055,4073260,4305664,0,32.7,,2026-09-04
1891,STNE,Technology,Software - Infrastructure,NASDAQ,5453313,10.37,78.76,-5,-6,-48.02,,,,,,,24,29,28,54,,0,0,0,0,0,0,2239083595.5165253,230595632.0,0.1003,0.016,7610520,4939506,0,37.0,,2026-09-04
1892,SGI,Consumer Cyclical,"Furnishings, Fixtures & Appliances",NYSE,3486376,67.82,78.76,-2,-1,-31.19,,,,,,,24,26,27,55,,0,0,0,0,0,0,13541227233.456078,210365491.0,0.0791,-0.03,4482810,3090396,0,36.0,,2026-09-04
1893,GDS,Technology,Information Technology Services,NASDAQ,1722830,30.82,78.75,2,22,-36.6,,,,,,,24,22,42,82,,0,0,0,0,0,0,6694616019.754803,200377613.0,0.1113,0.065,1210560,1854972,0,48.7,,2026-09-04
1894,BURL,Consumer Cyclical,Apparel Retail,NYSE,1180610,257.07,78.73,-54,-67,-32.05,,,,,,,24,78,65,72,,0,0,0,0,0,0,17145408242.037048,62815195.0,0.0636,0.109,2077740,972108,0,71.7,,2026-09-04
1895,GNRC,Industrials,Specialty Industrial Machinery,NYSE,1183340,180.76,78.73,-31,4,-39.02,,,,,,,24,55,90,85,,0,0,0,0,0,0,10845236628.27092,59005639.0,0.039300002,0.106,1108470,1082530,1,76.7,,2026-09-04
1896,TJX,Consumer Cyclical,Apparel Retail,NYSE,6503886,131.31,78.66,-38,-37,-22.76,,,,,,,24,62,63,74,,0,0,0,0,0,0,149267659349.45532,1104704446.0,0.0179,0.054,8584280,6257102,0,66.3,,2026-09-04
1897,POST,Consumer Defensive,Packaged Foods,NYSE,1021443,84.32,78.6,-1,1,-28.1,,,,,,,24,25,27,38,,0,0,0,0,0,0,3868282645.943222,45322586.0,0.1666,-0.018,891910,963780,0,30.0,,2026-09-04
1898,MLM,Basic Materials,Building Materials,NYSE,636163,517.07,78.47,-3,2,-27.27,,,,,,,24,27,32,57,,0,0,0,0,0,0,37714841944.164185,71019382.0,0.043,0.21,644500,631332,0,38.7,,2026-09-04
1899,RTO,Industrials,Specialty Business Services,NYSE,1682326,24.13,78.44,1,39,-30.4,,,,,,,24,23,61,84,,0,0,0,0,0,0,11841425244.362965,503247977.0,0.0053,0.067,1313830,1300460,0,56.0,,2026-09-04
1900,ASTS,Technology,Communication Equipment,NASDAQ,11235446,62.4,78.42,-11,47,-53.38,,,,,,,24,35,93,96,,0,0,0,0,0,0,17402768926.52891,299789305.0,0.19229999,26.266,10097480,14352700,2,74.7,,2026-09-04
1901,WSC,Industrials,Rental & Leasing Services,NASDAQ,2918630,19.58,78.37,-46,-38,-34.23,,,,,,,24,70,78,23,,0,0,0,0,0,0,3786890953.081135,181190958.0,0.1046,0.039,2931720,2525288,0,57.0,,2026-09-04
1902,CCL,Consumer Cyclical,Travel Services,NYSE,19118983,23.74,78.35,-27,-27,-30.24,,,,,,,24,51,51,41,,0,0,0,0,0,0,33912512499.927803,1369649119.0,0.028900001,0.053,21382820,19237162,0,47.7,,2026-09-04
1903,THO,Consumer Cyclical,Recreational Vehicles,NYSE,539013,75.71,78.34,-2,-3,-38.36,,,,,,,24,26,25,31,,0,0,0,0,0,0,4009458693.706856,52057373.0,0.1306,-0.039,481130,610528,0,27.3,,2026-09-04
1904,BWXT,Industrials,Aerospace & Defense,NYSE,1024236,155.67,78.23,1,44,-35.63,,,,,,,24,23,66,87,,0,0,0,0,0,0,14004420202.216188,91621980.0,0.038,0.18,1283400,1007198,0,58.7,,2026-09-04
1905,NFLX,Communication Services,Entertainment,NASDAQ,31963650,82.73,78.22,3,2,-34.71,,,,,,,23,20,19,37,,0,0,0,0,0,0,340277155405.6542,4163939676.0,0.0219,0.134,25456500,39920176,0,25.3,,2026-09-04
1906,WYFI,Technology,Information Technology Services,NASDAQ,2615440,17.31,78.17,-59,-54,-63.07,,,,,,,23,82,87,37,,0,0,0,0,0,0,689554094.5,38848118.0,0.524,0.557,2694280,2834852,0,68.7,,2026-09-04
1907,FG,Financial Services,Insurance - Life,NYSE,585630,23.97,78.17,-24,-26,-32.67,,,,,,,23,47,45,12,,0,0,0,0,0,0,3141135633.941309,130935209.0,0.0915,0.042,509730,604508,0,34.7,,2026-09-04
1908,YELP,Communication Services,Internet Content & Information,NYSE,1045473,22.42,78.14,-4,-9,-35.0,,,,,,,23,27,22,21,,0,0,0,0,0,0,1257830751.339943,54263621.0,0.2631,0.014,909840,1123334,0,23.3,,2026-09-04
1909,NN,Technology,Software - Infrastructure,NASDAQ,2768460,15.35,78.14,-9,45,-37.14,,,,,,,23,32,86,78,,0,0,0,0,0,0,2095671336.1980944,136436939.0,0.117,-0.043,2199760,2628786,0,65.3,,2026-09-04
1910,DJT,Communication Services,Internet Content & Information,NASDAQ,4389666,9.14,78.03,-2,-16,-49.14,,,,,,,23,25,11,16,,0,0,0,0,0,0,2677964238.605709,277941274.0,0.099300005,0.89,3861440,4829380,0,17.3,,2026-09-04
1911,AOSL,Technology,Semiconductors,NASDAQ,600543,24.62,77.97,-28,16,-54.69,,,,,,,23,51,95,30,,0,0,0,0,0,0,745285425.2554226,30259255.0,0.14220001,-0.035,610510,636656,1,58.7,,2026-09-04
1912,FOUR,Technology,Software - Infrastructure,NYSE,1814213,44.23,77.96,-11,-36,-50.61,,,,,,,23,34,9,10,,0,0,0,0,0,0,3471086802.909851,78960120.0,0.1808,0.341,1977780,1643524,0,17.7,,2026-09-04
1913,PEGA,Technology,Software - Application,NASDAQ,2384983,37.32,77.87,7,5,-45.2,,,,,,,23,16,14,27,,0,0,0,0,0,0,5946526559.615555,164404945.0,0.13270001,0.094,2134890,2696590,0,19.0,,2026-09-04
1914,JBTM,Industrials,Specialty Industrial Machinery,NYSE,614786,116.03,77.78,-3,2,-31.82,,,,,,,23,26,31,45,,0,0,0,0,0,0,6136508730.424644,51876817.0,0.0924,0.049,466650,601278,0,34.0,,2026-09-04
1915,REZI,Industrials,Industrial Distribution,NYSE,2581068,19.39,77.75,-29,-43,-38.48,,,,,,,23,52,38,82,,0,0,0,0,0,0,2980763902.704609,151847378.0,0.0679,0.02,2293330,2616717,0,57.3,,2026-09-04
1916,BL,Technology,Software - Application,NASDAQ,1093906,32.18,77.71,4,-5,-45.98,,,,,,,23,19,10,14,,0,0,0,0,0,0,1916971377.992363,58125270.0,0.1277,0.092,944110,1070192,0,14.3,,2026-09-04
1917,UNCY,Healthcare,Biotechnology,NASDAQ,743036,5.19,77.46,-6,26,-40.62,,,,,,,23,29,61,80,,0,0,0,0,0,0,146657924.38592196,27855257.0,0.1525,,670320,1583974,0,56.7,,2026-09-04
1918,SNPS,Technology,Software - Infrastructure,NASDAQ,1783956,415.97,77.44,1,20,-32.45,,,,,,,23,22,41,34,,0,0,0,0,0,0,84820293078.88257,191636646.0,0.0228,0.424,2055850,1868382,0,32.3,,2026-09-04
1919,CELH,Consumer Defensive,Beverages - Non-Alcoholic,NASDAQ,11336676,31.29,77.41,8,3,-53.12,,,,,,,23,15,10,64,,0,0,0,0,0,0,8345095734.229748,253035047.0,0.12060001,0.106,7848990,9997120,0,29.7,,2026-09-04
1920,MATW,Industrials,Conglomerates,NASDAQ,682716,20.83,77.39,-36,-38,-32.65,,,,,,,23,59,57,57,,0,0,0,0,0,0,653291720.4155045,31213173.0,0.1586,-0.296,745980,548714,0,57.7,,2026-09-04
1921,HUBS,Technology,Software - Application,NYSE,1912423,245.51,77.37,0,-15,-53.28,,,,,,,23,23,8,10,,0,0,0,0,0,0,12999120911.449036,49866201.0,0.103199996,0.198,1142460,1749602,0,13.7,,2026-09-04
1922,POOL,Industrials,Industrial Distribution,NASDAQ,730740,182.99,77.34,-5,-16,-45.56,,,,,,,23,28,17,20,,0,0,0,0,0,0,6834604554.457581,36340747.0,0.114300005,0.022,559440,752776,0,21.7,,2026-09-04
1923,INFQ,Technology,Software - Infrastructure,NYSE,9219723,12.65,77.31,6,47,-40.55,,,,,,,23,17,58,17,,0,0,0,0,0,0,2884570308.5834465,225357052.0,2.2,1.565,8539820,10630878,0,30.7,,2026-09-04
1924,INFY,Technology,Information Technology Services,NYSE,20223966,11.97,77.3,-3,-10,-60.1,,,,,,,23,26,19,22,,0,0,0,0,0,0,48803989887.399765,4050123578.0,0.037100002,0.029,13323740,21321936,0,22.3,,2026-09-04
1925,MARA,Financial Services,Capital Markets,NASDAQ,46805043,10.47,77.24,-4,46,-55.35,,,,,,,23,27,77,15,,0,0,0,0,0,0,4121813528.4622974,386299297.0,0.3266,-0.267,52210790,47866718,0,39.7,,2026-09-04
1926,ASO,Consumer Cyclical,Specialty Retail,NASDAQ,1510443,43.6,77.14,-6,7,-30.18,,,,,,,23,29,42,72,,0,0,0,0,0,0,2697799138.5,62018371.0,0.1878,0.067,2054040,1523616,0,47.7,,2026-09-04
1927,RDDT,Communication Services,Internet Content & Information,NYSE,7380366,158.1,77.11,-4,31,-44.12,,,,,,,23,27,62,22,,0,0,0,0,0,0,29436666030.0,192396510.0,0.1164,0.611,4314600,6113142,0,37.0,,2026-09-04
1928,HLI,Financial Services,Capital Markets,NYSE,888630,133.21,77.1,3,7,-37.1,,,,,,,23,20,24,24,,0,0,0,0,0,0,9296302528.58734,69886500.0,0.0429,-0.155,635610,898098,0,22.7,,2026-09-04
1929,CRML,Basic Materials,Other Industrial Metals & Mining,NASDAQ,7314096,7.3,77.0,5,85,-77.29,,,,,,,22,17,97,98,,0,0,0,1,0,1,1045847904.5499164,146888753.0,0.3089,0.578,10104970,6571612,2,70.7,,2026-09-04
1930,BEPC,Utilities,Utilities - Renewable,NYSE,1859053,31.38,76.99,-5,29,-30.54,,,,,,,22,27,61,79,,0,0,0,0,0,0,5993000275.3211975,185599260.0,6.13,0.13,1447750,1695254,0,55.7,,2026-09-04
1931,COIN,Financial Services,Financial Data & Stock Exchanges,NASDAQ,9101496,174.96,76.98,8,8,-56.49,,,,,,,22,14,14,22,,0,0,0,0,0,0,47131827763.68672,263836923.0,0.1042,-0.173,11400290,8509810,0,16.7,,2026-09-04
1932,LASR,Technology,Semiconductors,NASDAQ,1412553,39.39,76.96,-75,-77,-54.7,,,,,,,22,97,95,98,,0,0,0,1,0,1,2477216979.954571,57690197.0,0.0648,0.338,1440750,1399090,3,96.7,,2026-09-04
1933,FIG,Technology,Software - Application,NYSE,19690480,25.73,76.95,-26,-67,-64.0,,,,,,,22,48,7,7,,0,0,0,0,0,0,15361344204.278296,533009867.0,0.2117,0.482,14241270,21120820,0,20.7,,2026-09-04
1934,ORN,Industrials,Engineering & Construction,NYSE,600483,9.08,76.9,-7,51,-47.82,,,,,,,22,29,87,82,,0,0,0,0,0,0,375391356.83727264,40495290.0,0.073,0.081,350340,561596,0,66.0,,2026-09-04
1935,IBM,Technology,Information Technology Services,NYSE,6478953,231.7,76.88,-10,18,-30.31,,,,,,,22,32,60,33,,0,0,0,0,0,0,221957437489.9008,942134390.0,0.025999999,0.011,4404030,9182312,0,41.7,,2026-09-04
1936,CAPR,Healthcare,Biotechnology,NASDAQ,11173053,9.89,76.88,19,108,-75.5,,,,,,,22,3,92,98,,0,0,0,1,0,1,557552913.3813057,58138989.0,0.33720002,,9948270,7411772,2,64.3,,2026-09-04
1937,CRH,Basic Materials,Building Materials,NYSE,4607293,92.67,76.82,-5,4,-29.56,,,,,,,22,27,36,36,,0,0,0,0,0,0,63774173630.51744,665284511.0,0.022,0.056,4421990,4345054,0,33.0,,2026-09-04
1938,IONS,Healthcare,Biotechnology,NASDAQ,2402626,61.33,76.81,1,57,-29.29,,,,,,,22,21,77,89,,0,0,0,0,0,0,10145552731.311424,166184322.0,0.1666,-0.407,2085040,3246004,0,62.3,,2026-09-04
1939,LEU,Energy,Uranium,NYSE,614090,171.49,76.81,4,11,-63.06,,,,,,,22,18,25,87,,0,0,0,0,0,0,3507313354.883484,19952858.0,0.2916,0.14,615550,714032,0,43.3,,2026-09-04
1940,MBC,Consumer Cyclical,"Furnishings, Fixtures & Appliances",NYSE,1856300,8.16,76.76,-8,-13,-42.62,,,,,,,22,30,25,16,,0,0,0,0,0,0,1756122951.9876385,203490490.0,0.088999994,0.115,1743480,2047154,0,23.7,,2026-09-04
1941,WSO,Industrials,Industrial Distribution,NYSE,562780,308.92,76.71,-1,14,-32.7,,,,,,,22,23,38,36,,0,0,0,0,0,0,12819532210.293455,41252194.0,0.0,0.021,565620,483896,0,32.3,,2026-09-04
1942,VIPS,Consumer Cyclical,Internet Retail,NYSE,2515066,13.02,76.46,-21,-39,-38.24,,,,,,,22,43,25,33,,0,0,0,0,0,0,6419250000.0,475500000.0,0.0253,-0.043,4204440,2532038,0,33.7,,2026-09-04
1943,HE,Utilities,Utilities - Regulated Electric,NYSE,2022176,10.95,76.45,-9,22,-37.0,,,,,,,22,31,62,83,,0,0,0,0,0,0,1969099179.7094955,172728004.0,0.1368,0.259,2233280,1915210,0,58.7,,2026-09-04
1944,CHKP,Technology,Software - Infrastructure,NASDAQ,1129820,133.89,76.34,-2,-11,-36.44,,,,,,,22,24,15,22,,0,0,0,0,0,0,14122560442.687378,102100634.0,0.0714,0.013,874590,1158246,0,20.3,,2026-09-04
1945,BABA,Consumer Cyclical,Internet Retail,NYSE,11765326,111.81,76.23,-7,-8,-41.97,,,,,,,22,29,28,38,,0,0,0,0,0,0,295540651616.2606,2485623615.0,0.0178,0.086,16334320,12836970,0,31.7,,2026-09-04
1946,CCI,Real Estate,REIT - Specialty,NYSE,3562053,75.38,76.18,-1,28,-25.0,,,,,,,22,23,52,38,,0,0,0,0,0,0,32394176865.782608,425455439.0,0.0275,-0.049,2471550,3836842,0,37.7,,2026-09-04
1947,VERX,Technology,Software - Application,NASDAQ,2282326,13.48,76.04,7,4,-49.21,,,,,,,22,15,12,10,,0,0,0,0,0,0,2307550827.3812485,162217980.0,0.0671,0.105,1173480,2105614,0,12.3,,2026-09-04
1948,METC,Basic Materials,Coking Coal,NASDAQ,2327920,14.41,75.89,15,58,-75.07,,,,,,,22,7,50,73,,0,0,0,0,0,0,843063590.7903471,63388239.0,0.6668,-0.053,2188610,1969456,0,43.3,,2026-09-04
1949,IE,Basic Materials,Copper,NYSE ARCA,1866023,10.09,75.86,1,28,-53.18,,,,,,,22,21,48,87,,0,0,0,0,0,0,1785814931.2432623,159590259.0,0.087,-0.322,1913020,2119166,0,52.0,,2026-09-04
1950,FIS,Technology,Information Technology Services,NYSE,6208213,41.87,75.84,1,-8,-40.42,,,,,,,22,21,12,19,,0,0,0,0,0,0,21370852492.265697,515705917.0,0.036199998,0.291,5535100,5917242,0,17.3,,2026-09-04
1951,GME,Consumer Cyclical,Specialty Retail,NYSE,6811760,18.97,75.76,1,11,-32.49,,,,,,,21,20,30,57,,0,0,0,0,0,0,8018113139.146688,448691257.0,0.132,0.141,6474910,5522106,0,35.7,,2026-09-04
1952,BOOT,Consumer Cyclical,Apparel Retail,NYSE,706106,148.66,75.69,-8,-6,-29.29,,,,,,,21,29,31,60,,0,0,0,0,0,0,4689608278.244019,30284844.0,0.103199996,0.177,579650,671204,0,40.0,,2026-09-04
1953,PHAT,Healthcare,Biotechnology,NASDAQ,1494146,9.26,75.56,6,19,-49.43,,,,,,,21,15,28,66,,0,0,0,0,0,0,742670598.8090057,80900934.0,0.1532,0.88,989730,1376328,0,36.3,,2026-09-04
1954,TIMB,Communication Services,Telecom Services,NYSE,578916,18.4,75.43,0,17,-34.8,,,,,,,21,21,38,86,,0,0,0,0,0,0,8384686292.48164,475053058.0,0.0212,0.055,613180,522348,0,48.3,,2026-09-04
1955,BTDR,Technology,Software - Application,NASDAQ,14505343,10.74,75.42,4,81,-61.37,,,,,,,21,17,94,12,,0,0,0,0,0,0,2804792685.458641,271782245.0,0.31,0.471,13926860,12367494,1,41.0,,2026-09-04
1956,KC,Technology,Software - Application,NASDAQ,1571296,10.25,75.36,-6,-6,-44.65,,,,,,,21,27,27,44,,0,0,0,0,0,0,3185293338.380418,299369665.0,0.0394,0.308,1451770,1517804,0,32.7,,2026-09-04
1957,CRNC,Technology,Software - Application,NASDAQ,712733,8.51,75.34,-9,40,-38.06,,,,,,,21,30,79,16,,0,0,0,0,0,0,384457184.5,45230257.0,0.1424,0.118,659110,729708,0,41.7,,2026-09-04
1958,FSLR,Technology,Solar,NASDAQ,2337036,202.6,75.05,-35,-6,-36.87,,,,,,,21,56,85,54,,0,0,0,0,0,0,21973273576.017883,107469788.0,0.118599996,-0.037,1684730,2107554,0,65.0,,2026-09-04
1959,TLN,Utilities,Utilities - Independent Power Producers,NASDAQ,837343,302.03,75.05,-4,37,-33.07,,,,,,,21,25,66,59,,0,0,0,0,0,0,14187652187.596771,47914259.0,0.0505,1.112,772460,828192,0,50.0,,2026-09-04
1960,BPRE,Financial Services,Asset Management,NYSE,889593,11.91,74.9,-4,9,-34.79,,,,,,,21,25,38,77,,0,0,0,0,0,0,,,0.22,,983839,921089,0,46.7,,2026-09-04
1961,NAMS,Healthcare,Biotechnology,NASDAQ,1086216,25.59,74.9,-9,28,-39.37,,,,,,,21,30,67,69,,0,0,0,0,0,0,3027813011.504671,116903979.0,0.123900004,-0.807,1007240,1071862,0,55.3,,2026-09-04
1962,INTR,Financial Services,Banks - Regional,NASDAQ,4965873,5.88,74.82,5,3,-43.24,,,,,,,21,16,14,68,,0,0,0,0,0,0,2375342529.887207,441513472.0,0.028299998,0.238,3782430,4997730,0,32.7,,2026-09-04
1963,MDA,Industrials,Aerospace & Defense,NYSE,1200016,28.02,74.56,-38,-18,-43.24,,,,,,,21,59,79,48,,0,0,0,0,0,0,4680391029.270977,162063406.0,1.47,0.002,1256470,1546680,0,62.0,,2026-09-04
1964,BROS,Consumer Cyclical,Restaurants,NYSE,4115150,48.13,74.54,-48,-82,-34.98,,,,,,,21,69,35,21,,0,0,0,0,0,0,6884625207.131905,137940798.0,0.3458,0.325,3725390,3659490,0,41.7,,2026-09-04
1965,EYE,Consumer Cyclical,Specialty Retail,NASDAQ,2149700,16.82,74.49,-11,-32,-43.97,,,,,,,21,32,11,81,,0,0,0,0,0,0,1374224593.5823915,79069313.0,0.253,0.025,2201170,2044958,0,41.3,,2026-09-04
1966,DKNG,Consumer Cyclical,Gambling,NASDAQ,12050023,24.21,74.46,3,5,-50.37,,,,,,,21,18,20,16,,0,0,0,0,0,0,12540429366.109314,496454048.0,0.08,-0.046,9763580,11784986,0,18.0,,2026-09-04
1967,NXT,Technology,Solar,NASDAQ,2564770,82.55,74.42,-31,6,-49.4,,,,,,,21,52,89,94,,0,0,0,0,0,0,12963770559.233398,151729520.0,0.0804,0.082,2060820,3190492,1,78.3,,2026-09-04
1968,INTU,Technology,Software - Application,NASDAQ,4004376,342.94,74.41,7,1,-51.36,,,,,,,20,13,7,15,,0,0,0,0,0,0,97942657552.18506,273537000.0,0.038399998,0.137,4627790,4338502,0,11.7,,2026-09-04
1969,PDD,Consumer Cyclical,Internet Retail,NASDAQ,6359006,82.25,74.41,-3,-8,-41.0,,,,,,,20,23,18,32,,0,0,0,0,0,0,121970846303.86902,1423396462.0,0.0349,0.081,7532050,6929908,0,24.3,,2026-09-04
1970,PCG,Utilities,Utilities - Regulated Electric,NYSE,40453946,13.33,74.4,-39,-48,-30.43,,,,,,,20,59,50,77,,0,0,0,0,0,0,36559291479.7363,2202366906.0,0.0,0.001,69004490,30534392,0,62.0,,2026-09-04
1971,FND,Consumer Cyclical,Home Improvement Retail,NYSE,2476796,47.95,74.35,-30,-66,-48.11,,,,,,,20,50,14,22,,0,0,0,0,0,0,5643968145.0,106489965.0,0.1361,0.03,2254060,2468154,0,28.7,,2026-09-04
1972,ALHC,Healthcare,Healthcare Plans,NASDAQ,5266700,13.59,74.32,-1,7,-45.9,,,,,,,20,21,29,51,,0,0,0,0,0,0,2825266705.640931,207435149.0,0.1166,0.316,3895910,5089548,0,33.7,,2026-09-04
1973,ENPH,Technology,Solar,NASDAQ,4508560,35.52,74.31,-40,-12,-51.83,,,,,,,20,60,88,66,,0,0,0,0,0,0,4909483695.0,131798220.0,0.19629999,-0.196,4105110,4857278,0,71.3,,2026-09-04
1974,CNM,Industrials,Industrial Distribution,NYSE,1870606,43.77,74.3,-5,7,-34.85,,,,,,,20,25,37,34,,0,0,0,0,0,0,8053035675.310078,187192831.0,0.0577,-0.001,1951050,2109758,0,32.0,,2026-09-04
1975,WYNN,Consumer Cyclical,Resorts & Casinos,NASDAQ,1642223,91.52,74.19,-9,6,-32.07,,,,,,,20,29,44,39,,0,0,0,0,0,0,9809293076.635963,102973891.0,0.0964,0.069,1640920,1551364,0,37.3,,2026-09-04
1976,LINC,Consumer Defensive,Education & Training Services,NASDAQ,1030843,24.76,74.17,-72,-70,-56.05,,,,,,,20,92,94,95,,0,0,0,0,0,0,806677220.6506271,31721479.0,0.075500004,0.224,1014030,880702,3,93.7,,2026-09-04
1977,LVS,Consumer Cyclical,Resorts & Casinos,NYSE,5283996,44.54,74.11,-4,11,-36.78,,,,,,,20,24,39,59,,0,0,0,0,0,0,29172461920.348145,647701184.0,0.129,-0.007,5033150,4921474,0,40.7,,2026-09-04
1978,SITE,Industrials,Industrial Distribution,NYSE,870043,98.29,74.07,0,-2,-41.69,,,,,,,20,20,18,50,,0,0,0,0,0,0,4207943015.454865,43655390.0,0.0748,0.047,632030,815866,0,29.3,,2026-09-04
1979,ATEC,Healthcare,Medical Devices,NASDAQ,1997073,9.19,74.03,-9,-30,-60.54,,,,,,,20,29,8,31,,0,0,0,0,0,0,1451770974.6674397,153789305.0,0.1018,0.151,1432670,2363962,0,22.7,,2026-09-04
1980,ACHR,Industrials,Aerospace & Defense,NYSE,35732853,5.65,73.92,6,9,-61.35,,,,,,,20,14,17,18,,0,0,0,0,0,0,4427654100.0,770026800.0,0.1374,,25636180,35786902,0,16.3,,2026-09-04
1981,CRUS,Technology,Semiconductors,NASDAQ,839586,113.06,73.91,-13,39,-37.34,,,,,,,20,33,85,76,,0,0,0,0,0,0,5436753185.521324,50117561.0,0.0862,0.129,842240,756976,0,64.7,,2026-09-04
1982,SHLS,Technology,Solar,NASDAQ,5258360,6.72,73.8,-45,-18,-49.01,,,,,,,20,65,92,70,,0,0,0,0,0,0,1201661620.5295324,168299950.0,0.1166,0.474,5361940,5594540,1,75.7,,2026-09-04
1983,DY,Industrials,Engineering & Construction,NYSE,601280,296.98,73.76,-51,-33,-47.57,,,,,,,20,71,89,89,,0,0,0,0,0,0,8877575972.927277,30160957.0,0.0558,0.456,971890,620100,0,83.0,,2026-09-04
1984,HUN,Basic Materials,Chemicals,NYSE,2991466,9.71,73.73,-8,46,-39.65,,,,,,,20,28,82,70,,0,0,0,0,0,0,1660835540.351143,175378616.0,0.0864,0.141,2167990,4182830,0,60.0,,2026-09-04
1985,ADMA,Healthcare,Biotechnology,NASDAQ,2212780,9.51,73.7,5,-5,-53.51,,,,,,,20,15,5,24,,0,0,0,0,0,0,2092016945.3773496,223984680.0,0.1248,0.159,1731410,2566634,0,14.7,,2026-09-04
1986,KD,Technology,Information Technology Services,NYSE,4269070,13.09,73.68,3,-5,-61.39,,,,,,,20,17,9,5,,0,0,0,0,0,0,2875201030.0544634,217818263.0,0.1364,-0.033,3528660,4160978,0,10.3,,2026-09-04
1987,EVLV,Industrials,Security & Protection Services,NASDAQ,1953016,5.1,73.65,-7,4,-42.11,,,,,,,20,27,38,38,,0,0,0,0,0,0,942526147.2307014,179871410.0,0.0547,0.344,1668500,2035034,0,34.3,,2026-09-04
1988,CSIQ,Technology,Solar,NASDAQ,1941030,13.36,73.62,-9,32,-61.38,,,,,,,20,29,70,86,,0,0,0,0,0,0,892163305.1704988,67896749.0,0.295,-0.287,2336340,2219554,0,61.7,,2026-09-04
1989,XPOF,Consumer Cyclical,Leisure,NYSE,965173,5.07,73.48,-8,-16,-45.19,,,,,,,20,28,20,16,,0,0,0,0,0,0,229249162.75262836,42219000.0,0.41189998,-0.134,548600,840746,0,21.3,,2026-09-04
1990,KEP,Utilities,Utilities - Regulated Electric,NYSE,985316,11.6,73.43,1,6,-50.45,,,,,,,20,19,24,85,,0,0,0,0,0,0,14996281230.543776,1283928154.0,0.0036000002,-0.001,826180,1083318,0,42.7,,2026-09-04
1991,SSYS,Technology,Computer Hardware,NASDAQ,696943,7.57,73.36,-9,2,-40.91,,,,,,,19,28,39,29,,0,0,0,0,0,0,677923359.9529266,87587000.0,0.0353,-0.003,896520,631384,0,32.0,,2026-09-04
1992,FUN,Consumer Cyclical,Leisure,NYSE,2188960,15.47,73.33,-7,37,-43.48,,,,,,,19,26,70,21,,0,0,0,0,0,0,1659570510.384964,102316312.0,0.218,-0.07,1774930,2295944,0,39.0,,2026-09-04
1993,OLED,Technology,Electronic Components,NASDAQ,770750,83.56,73.31,1,1,-45.52,,,,,,,19,18,18,18,,0,0,0,0,0,0,3814328122.6076126,45966835.0,0.0858,-0.114,737610,743692,0,18.0,,2026-09-04
1994,ISRG,Healthcare,Medical Instruments & Supplies,NASDAQ,2771276,371.88,73.27,-1,2,-38.42,,,,,,,19,20,23,38,,0,0,0,0,0,0,133494399145.5556,358278038.0,0.0201,0.185,2034550,3149946,0,27.0,,2026-09-04
1995,ETOR,Financial Services,Capital Markets,NASDAQ,1270930,31.85,73.27,-16,-13,-33.23,,,,,,,19,35,38,14,,0,0,0,0,0,0,2467725657.306919,79527090.0,0.074,-0.246,1249570,1070078,0,29.0,,2026-09-04
1996,DNA,Healthcare,Biotechnology,NYSE,1165486,7.03,73.23,-7,22,-60.01,,,,,,,19,26,55,18,,0,0,0,0,0,0,468688330.4888277,67340277.0,0.1043,-0.485,1254520,1151434,0,33.0,,2026-09-04
1997,VFC,Consumer Cyclical,Apparel Manufacturing,NYSE,7691703,13.22,73.06,-13,12,-40.64,,,,,,,19,32,57,43,,0,0,0,0,0,0,5374149601.893787,393134570.0,0.0834,-0.052,5731900,6994536,0,44.0,,2026-09-04
1998,CALX,Technology,Software - Infrastructure,NYSE,903253,37.58,73.05,1,-2,-47.23,,,,,,,19,18,15,56,,0,0,0,0,0,0,2360520053.292965,62963989.0,0.0881,0.213,771710,1157292,0,29.7,,2026-09-04
1999,UAMY,Basic Materials,Other Industrial Metals & Mining,NYSE,7038036,5.29,73.02,-10,45,-73.16,,,,,,,19,29,84,98,,0,0,0,1,0,1,718700252.5679178,148185622.0,0.2318,-0.247,7507050,6745350,1,70.3,,2026-09-04
2000,SVC,Real Estate,REIT - Hotel & Motel,NASDAQ,1541623,7.66,72.93,-3,-10,-49.1,,,,,,,19,22,15,35,,0,0,0,0,0,0,1019239655.7388152,129509488.0,0.0397,-0.164,1421880,1854169,0,24.0,,2026-09-04
2001,MBLY,Consumer Cyclical,Auto Parts,NASDAQ,5816426,8.5,72.89,-2,7,-46.24,,,,,,,19,21,30,10,,0,0,0,0,0,0,7294609525.975834,850187598.0,0.20989999,0.004,3294610,6219048,0,20.3,,2026-09-04
2002,HDB,Financial Services,Banks - Regional,NYSE,9528450,23.21,72.87,0,-5,-38.02,,,,,,,19,19,14,27,,0,0,0,0,0,0,118561963924.038,5137000187.0,0.0053,0.166,12367960,9168802,0,20.0,,2026-09-04
2003,MMS,Industrials,Specialty Business Services,NYSE,586356,57.59,72.74,-6,-11,-42.41,,,,,,,19,25,20,38,,0,0,0,0,0,0,3128376339.25,52357763.0,0.105100006,-0.051,442490,657154,0,27.7,,2026-09-04
2004,AS,Consumer Cyclical,Leisure,NYSE,6394540,28.56,72.65,-29,-42,-33.21,,,,,,,19,48,35,35,,0,0,0,0,0,0,18065573401.305023,581822024.0,0.0729,0.321,8629500,5431232,0,39.3,,2026-09-04
2005,BTGO,Financial Services,Capital Markets,NYSE,1511266,7.07,72.47,15,15,-71.14,,,,,,,19,4,4,12,,0,0,0,0,0,0,806362982.6140337,117545622.0,0.026400002,0.796,1731100,1303034,0,6.7,,2026-09-04
2006,AMRZ,Basic Materials,Building Materials,NYSE,3726450,42.97,72.44,-20,-27,-34.83,,,,,,,19,39,32,60,,0,0,0,0,0,0,24431167516.02924,546925644.0,0.0137,0.086,3901720,3343412,0,43.7,,2026-09-04
2007,BIDU,Communication Services,Internet Content & Information,NASDAQ,2792063,94.34,72.34,-11,18,-42.93,,,,,,,19,30,59,75,,0,0,0,0,0,0,32941796822.32363,339186531.0,0.041100003,-0.042,2549240,2638840,0,54.7,,2026-09-04
2008,OPFI,Financial Services,Credit Services,NYSE,951710,7.24,72.25,-23,-47,-41.85,,,,,,,19,42,18,23,,0,0,0,0,0,0,602422320.916965,85208247.0,0.0416,-0.139,674070,850044,0,27.7,,2026-09-04
2009,SEDG,Technology,Solar,NASDAQ,3518500,33.98,72.08,-19,39,-58.18,,,,,,,19,38,96,89,,0,0,0,0,0,0,1932523735.291916,61525748.0,0.2321,0.196,2792670,3008026,1,74.3,,2026-09-04
2010,KNF,Basic Materials,Building Materials,NYSE,837040,61.24,72.02,-5,0,-36.39,,,,,,,19,24,29,42,,0,0,0,0,0,0,3645867523.9606857,56753855.0,0.082399994,0.126,919920,711508,0,31.7,,2026-09-04
2011,RMBS,Technology,Semiconductors,NASDAQ,2310796,84.72,72.0,-14,49,-51.34,,,,,,,18,32,95,76,,0,0,0,0,0,0,9301667304.97898,108461603.0,0.0679,0.204,1754250,2860210,1,67.7,,2026-09-04
2012,AAP,Consumer Cyclical,Auto Parts,NYSE,2098020,42.8,71.85,-43,-40,-34.37,,,,,,,18,61,64,68,,0,0,0,0,0,0,2588123115.255066,60329208.0,0.2688,-0.005,3573130,2011850,0,64.3,,2026-09-04
2013,ENOV,Healthcare,Medical Devices,NYSE,1192900,20.2,71.85,-53,-96,-41.07,,,,,,,18,71,28,22,,0,0,0,0,0,0,1435970378.600834,57669494.0,0.18010001,0.032,1129230,1213656,0,40.3,,2026-09-04
2014,RBA,Industrials,Specialty Business Services,NYSE,1994710,82.9,71.83,-10,4,-30.67,,,,,,,18,28,42,37,,0,0,0,0,0,0,16032977545.166016,186300000.0,0.097600006,0.111,1823480,1625098,0,35.7,,2026-09-04
2015,LEGN,Healthcare,Biotechnology,NASDAQ,2459036,21.89,71.81,3,65,-41.63,,,,,,,18,15,77,14,,0,0,0,0,0,0,3866429487.218828,194488413.0,0.2186,0.519,1588040,2286850,0,35.3,,2026-09-04
2016,LEN,Consumer Cyclical,Residential Construction,NYSE,2387890,83.58,71.6,-6,-7,-42.05,,,,,,,18,24,23,23,,0,0,0,0,0,0,20796478049.95218,240895142.0,0.0029,-0.052,2413340,2417144,0,23.3,,2026-09-04
2017,ONT,Industrials,Waste Management,NYSE,769463,17.33,71.43,-18,-42,-44.37,,,,,,,18,36,12,67,,0,0,0,0,0,0,598400937.1109619,35117424.0,0.1022,-0.204,659440,722992,0,38.3,,2026-09-04
2018,CPNG,Consumer Cyclical,Internet Retail,NYSE,16591243,15.97,71.38,2,-3,-53.13,,,,,,,18,16,11,18,,0,0,0,0,0,0,29694894139.87556,1797511702.0,0.0537,0.039,12667470,17512170,0,15.0,,2026-09-04
2019,IONQ,Technology,Computer Hardware,NYSE,19969780,37.64,71.26,-7,59,-55.53,,,,,,,18,25,91,31,,0,0,0,0,0,0,15881318024.293976,405135656.0,0.105100006,2.868,18068970,20385976,1,49.0,,2026-09-04
2020,DECK,Consumer Cyclical,Footwear & Accessories,NYSE,2638156,83.76,71.15,-20,-7,-33.23,,,,,,,18,38,51,37,,0,0,0,0,0,0,11951320061.235832,136181857.0,0.0648,0.057,2848320,2447440,0,42.0,,2026-09-04
2021,SYM,Industrials,Specialty Industrial Machinery,NASDAQ,1716616,39.87,71.11,1,24,-54.63,,,,,,,18,17,40,87,,0,0,0,0,0,0,5178701067.375,129873381.0,0.28370002,0.217,1547260,1730658,0,48.0,,2026-09-04
2022,GLOB,Technology,Information Technology Services,NYSE,1784056,38.88,71.08,2,-3,-46.07,,,,,,,18,16,11,11,,0,0,0,0,0,0,1749635628.886032,43179556.0,0.1831,0.0,1001640,2011742,0,12.7,,2026-09-04
2023,MLTX,Healthcare,Biotechnology,NASDAQ,1193433,15.06,71.05,-34,-67,-76.0,,,,,,,18,52,19,17,,0,0,0,0,0,0,1275749188.6706257,85106685.0,0.1104,,1034270,1305428,0,29.3,,2026-09-04
2024,FN,Technology,Electronic Components,NYSE,964366,395.35,71.02,-44,-15,-47.21,,,,,,,18,62,91,92,,0,0,0,0,0,0,14848533722.115234,35834864.0,0.0434,0.446,961100,1026128,2,81.7,,2026-09-04
2025,BXMT,Real Estate,REIT - Mortgage,NYSE,2437706,14.02,70.94,-1,19,-32.17,,,,,,,18,19,39,44,,0,0,0,0,0,0,2314103427.276867,168543591.0,0.0955,-0.731,1780110,2179168,0,34.0,,2026-09-04
2026,BIRK,Consumer Cyclical,Footwear & Accessories,NYSE,2716190,33.79,70.86,-12,0,-35.01,,,,,,,18,30,42,23,,0,0,0,0,0,0,5886749424.562592,165126204.0,0.11229999,0.133,2662820,2258506,0,31.7,,2026-09-04
2027,TCOM,Consumer Cyclical,Travel Services,NASDAQ,2591190,43.63,70.85,-1,-1,-44.77,,,,,,,18,19,19,23,,0,0,0,0,0,0,28557130856.846085,629705222.0,0.0176,0.172,1964500,3026868,0,20.3,,2026-09-04
2028,WLTH,Technology,Software - Application,NASDAQ,1011803,9.01,70.75,-5,-11,-38.92,,,,,,,18,23,17,11,,0,0,0,0,0,0,1381591248.0,149361216.0,0.062800005,0.071,1184540,1163686,0,17.0,,2026-09-04
2029,QBTS,Technology,Computer Hardware,NASDAQ,17413636,16.49,70.67,-14,38,-64.73,,,,,,,18,32,84,84,,0,0,0,0,0,0,6327754376.425264,372439933.0,0.2047,-0.006,16232960,18160714,0,66.7,,2026-09-04
2030,LULU,Consumer Cyclical,Apparel Retail,NASDAQ,3198683,120.07,70.65,-2,-11,-46.87,,,,,,,18,20,11,22,,0,0,0,0,0,0,13718448556.348757,113553918.0,0.0998,0.043,4472810,3062546,0,17.7,,2026-09-04
2031,HDSN,Basic Materials,Specialty Chemicals,NASDAQ,641400,5.12,70.48,-3,-5,-51.33,,,,,,,18,21,19,24,,0,0,0,0,0,0,228540802.98502207,42088547.0,0.0539,0.075,610570,607820,0,21.3,,2026-09-04
2032,HSAI,Consumer Cyclical,Auto Parts,NASDAQ,1711690,16.59,70.25,-3,0,-46.22,,,,,,,17,20,23,68,,0,0,0,0,0,0,21899338620.871998,1257137688.0,0.072,0.219,1753330,1796282,0,37.0,,2026-09-04
2033,AMTM,Industrials,Specialty Business Services,NYSE,2324200,19.9,70.2,-11,-12,-47.78,,,,,,,17,28,27,75,,0,0,0,0,0,0,4962135941.779125,244319846.0,0.0692,-0.02,2128560,2180180,0,43.3,,2026-09-04
2034,OLLI,Consumer Defensive,Discount Stores,NASDAQ,1542120,73.87,70.16,-1,-6,-46.94,,,,,,,17,18,13,37,,0,0,0,0,0,0,4378027295.946716,60453292.0,0.1361,0.142,1932640,1928562,0,22.7,,2026-09-04
2035,CTRI,Utilities,Utilities - Regulated Gas,NYSE,1953213,20.52,70.12,-4,47,-52.26,,,,,,,17,21,72,84,,0,0,0,0,0,0,2051569206.1485212,100963053.0,0.043899998,0.329,1403580,1860394,0,59.0,,2026-09-04
2036,RCAT,Industrials,Aerospace & Defense,NASDAQ,8444243,8.32,70.07,-4,53,-55.7,,,,,,,17,21,78,96,,0,0,0,0,0,0,1296544898.4264565,152714362.0,0.2186,5.272,6077000,8924604,1,65.0,,2026-09-04
2037,LIF,Technology,Software - Application,NASDAQ,898020,43.17,70.02,-41,-81,-61.64,,,,,,,17,58,18,15,,0,0,0,0,0,0,3543581384.572094,81480369.0,0.1288,0.378,607380,813072,0,30.3,,2026-09-04
2038,MSTR,Technology,Software - Application,NASDAQ,22497990,123.19,69.91,10,15,-66.27,,,,,,,17,7,12,10,,0,0,0,0,0,0,50577927164.67407,397281660.0,0.0853,0.069,32069880,23371834,0,9.7,,2026-09-04
2039,NCLH,Consumer Cyclical,Travel Services,NYSE,15463566,15.57,69.79,-20,-27,-42.72,,,,,,,17,37,30,41,,0,0,0,0,0,0,7645477460.733738,459187846.0,0.17860001,0.049,14918730,15118834,0,36.0,,2026-09-04
2040,UPST,Financial Services,Credit Services,NASDAQ,4521646,28.17,69.72,-3,-3,-61.33,,,,,,,17,20,20,8,,0,0,0,0,0,0,2783292419.217787,95711569.0,0.2913,0.423,4145240,4254222,0,16.0,,2026-09-04
2041,CWH,Consumer Cyclical,Auto & Truck Dealerships,NYSE,1926416,6.79,69.59,6,8,-62.98,,,,,,,17,11,13,7,,0,0,0,0,0,0,416796539.95163727,63827952.0,0.1757,-0.021,1450920,2127774,0,10.3,,2026-09-04
2042,MIR,Industrials,Specialty Industrial Machinery,NYSE,3973976,15.57,69.58,3,9,-48.57,,,,,,,17,14,20,43,,0,0,0,0,0,0,3503204431.996773,243278092.0,0.1928,0.197,3417770,3975052,0,25.7,,2026-09-04
2043,PRCT,Healthcare,Medical Devices,NASDAQ,1473873,21.97,69.56,5,20,-48.22,,,,,,,17,12,27,12,,0,0,0,0,0,0,1185619516.1774368,56918844.0,0.1384,0.193,931880,1521800,0,17.0,,2026-09-04
2044,NRG,Utilities,Utilities - Independent Power Producers,NYSE,3039713,111.09,69.54,-2,3,-41.52,,,,,,,17,19,24,68,,0,0,0,0,0,0,23358589448.32033,210210483.0,0.038900003,0.11,2711360,2839430,0,37.0,,2026-09-04
2045,MNRO,Consumer Cyclical,Auto Parts,NASDAQ,1180136,12.41,69.52,-4,2,-48.1,,,,,,,17,21,27,33,,0,0,0,0,0,0,405182218.7926293,31264060.0,0.39189997,-0.046,1085760,1026894,0,27.0,,2026-09-04
2046,DFH,Consumer Cyclical,Residential Construction,NYSE,636403,13.38,69.46,-6,-12,-57.52,,,,,,,17,23,17,15,,0,0,0,0,0,0,1336298362.401844,90535118.0,0.4398,-0.076,466780,643726,0,18.3,,2026-09-04
2047,FPS,Industrials,Electrical Equipment & Parts,NYSE,6502130,29.42,69.35,-52,-26,-55.42,,,,,,,17,69,95,69,,0,0,0,0,0,0,7903123438.428869,259971169.0,0.1916,1.034,4787860,8191856,1,77.7,,2026-09-04
2048,OLN,Basic Materials,Chemicals,NYSE,3127583,17.66,69.26,-4,40,-42.02,,,,,,,17,21,65,74,,0,0,0,0,0,0,1954799660.0191307,113982490.0,0.1129,-0.009,2905660,3212962,0,53.3,,2026-09-04
2049,PFSI,Financial Services,Mortgage Finance,NYSE,627006,72.18,69.23,-3,-3,-54.99,,,,,,,17,20,20,21,,0,0,0,0,0,0,3812206210.670746,51951572.0,0.0962,0.018,463980,585352,0,20.3,,2026-09-04
2050,GILT,Technology,Communication Equipment,NASDAQ,593260,10.12,69.15,-6,55,-51.65,,,,,,,17,23,84,95,,0,0,0,0,0,0,765674758.2570696,77029657.0,0.0292,0.169,565290,597002,1,67.3,,2026-09-04
2051,WB,Communication Services,Internet Content & Information,NASDAQ,1103390,6.77,69.05,-9,-14,-47.76,,,,,,,17,26,21,39,,0,0,0,0,0,0,1717251222.0500107,245672572.0,0.187,0.02,1721910,1053888,0,28.7,,2026-09-04
2052,WRD,Technology,Software - Application,NASDAQ,2315020,5.77,68.93,1,9,-54.02,,,,,,,16,15,23,16,,0,0,0,0,0,0,1991725832.3419905,329210871.0,0.0461,0.822,2006140,2327908,0,18.0,,2026-09-04
2053,MWH,Utilities,Utilities - Renewable,NASDAQ,1951750,24.22,68.8,-5,40,-49.96,,,,,,,16,21,66,37,,0,0,0,0,0,0,5320747106.670578,202386722.0,0.17889999,0.775,2019820,2149150,0,41.3,,2026-09-04
2054,ALNY,Healthcare,Biotechnology,NASDAQ,2162990,267.4,68.64,4,14,-46.04,,,,,,,16,12,22,37,,0,0,0,0,0,0,31726142694.50604,133809118.0,0.0475,0.669,1843500,1924902,0,23.7,,2026-09-04
2055,BKKT,Technology,Software - Infrastructure,NYSE,1320210,7.43,68.6,3,9,-85.08,,,,,,,16,13,19,23,,0,0,0,0,0,0,346584134.5988951,45069458.0,0.2608,-0.701,1720380,1260924,0,18.3,,2026-09-04
2056,FLO,Consumer Defensive,Packaged Foods,NYSE,6341213,6.68,68.57,1,0,-55.7,,,,,,,16,15,14,16,,0,0,0,0,0,0,1505151912.78275,211993230.0,0.2345,0.068,8443800,6604750,0,15.0,,2026-09-04
2057,MLCO,Consumer Cyclical,Resorts & Casinos,NASDAQ,1522563,5.18,68.41,-9,-5,-48.97,,,,,,,16,25,29,21,,0,0,0,0,0,0,2022898480.4332197,380244063.0,0.032,-0.057,1540370,2273182,0,25.0,,2026-09-04
2058,ACM,Industrials,Engineering & Construction,NYSE,2394176,66.46,68.37,-2,-6,-50.96,,,,,,,16,18,14,30,,0,0,0,0,0,0,8901931481.599808,128696425.0,0.0502,-0.142,2874580,2111812,0,20.7,,2026-09-04
2059,FLUT,Consumer Cyclical,Gambling,NYSE,3307583,101.98,68.3,4,4,-66.11,,,,,,,16,12,12,6,,0,0,0,0,0,0,17662809589.720276,173539102.0,0.088199995,0.033,2518470,2954416,0,10.0,,2026-09-04
2060,CLBT,Technology,Software - Infrastructure,NASDAQ,3651886,11.62,68.26,-48,-88,-41.84,,,,,,,16,64,24,27,,0,0,0,0,0,0,3006923279.269655,250785933.0,0.0544,0.158,2595860,2958508,0,38.3,,2026-09-04
2061,IPGP,Technology,Semiconductor Equipment & Materials,NASDAQ,556230,76.48,68.03,-25,12,-50.92,,,,,,,16,41,78,89,,0,0,0,0,0,0,3248209880.6689453,42443616.0,0.2233,0.111,686420,486592,0,69.3,,2026-09-04
2062,UPWK,Communication Services,Internet Content & Information,NASDAQ,3663143,9.03,68.01,-3,-12,-60.46,,,,,,,16,19,10,19,,0,0,0,0,0,0,1126628409.476223,124903365.0,0.2351,-0.017,2377500,3471864,0,16.0,,2026-09-04
2063,ACI,Consumer Defensive,Grocery Stores,NYSE,9343426,12.48,67.99,1,17,-37.6,,,,,,,16,15,31,35,,0,0,0,0,0,0,6136923509.405051,489778423.0,0.1578,0.002,6231130,8281636,0,27.0,,2026-09-04
2064,SHOE,Consumer Cyclical,Apparel Retail,NASDAQ,656796,13.49,67.86,-8,-5,-49.23,,,,,,,16,24,27,36,,0,0,0,0,0,0,371701395.12685776,27151308.0,0.37080002,-0.025,943120,718282,0,29.0,,2026-09-04
2065,TRIP,Consumer Cyclical,Travel Services,NASDAQ,3385263,9.61,67.77,-42,-67,-52.33,,,,,,,16,58,33,13,,0,0,0,0,0,0,1156757492.1275997,117199342.0,0.28350002,-0.072,2724710,3272396,0,34.7,,2026-09-04
2066,RGTI,Technology,Computer Hardware,NASDAQ,18418760,14.87,67.74,-6,56,-74.43,,,,,,,16,22,84,61,,0,0,0,0,0,0,5203454816.659069,333768747.0,0.1774,1.853,15870490,20718832,0,55.7,,2026-09-04
2067,EBS,Healthcare,Drug Manufacturers - Specialty & Generic,NYSE,1279986,6.46,67.7,-9,3,-54.05,,,,,,,16,25,37,45,,0,0,0,0,0,0,303025407.9363098,51273336.0,0.2306,0.663,1200500,1090516,0,35.7,,2026-09-04
2068,ABR,Real Estate,REIT - Mortgage,NYSE,3951340,5.16,67.67,5,4,-58.98,,,,,,,16,11,10,26,,0,0,0,0,0,0,943983686.9050632,186558043.0,0.0001,-0.248,3323470,3938048,0,15.7,,2026-09-04
2069,FLY,Industrials,Aerospace & Defense,NASDAQ,2968026,21.07,67.49,-1,69,-66.11,,,,,,,15,16,86,18,,0,0,0,0,0,0,3559022791.0158825,167404645.0,0.109799996,6.569,2375350,3666926,0,40.0,,2026-09-04
2070,AMPX,Industrials,Electrical Equipment & Parts,NYSE,5584180,9.52,67.46,-10,62,-60.7,,,,,,,15,25,97,99,,0,0,0,1,0,1,1444737362.1728,146080618.0,0.1538,1.259,4179630,6227092,2,73.7,,2026-09-04
2071,TU,Communication Services,Telecom Services,NYSE,8070323,9.57,67.45,-1,9,-42.52,,,,,,,15,16,26,37,,0,0,0,0,0,0,15230250120.162964,1575000000.0,7.86,-0.022,5237510,7356812,0,26.3,,2026-09-04
2072,JBGS,Real Estate,REIT - Diversified,NYSE,861516,11.93,67.44,-1,12,-50.91,,,,,,,15,16,29,28,,0,0,0,0,0,0,707594101.211031,58575671.0,0.2766,0.01,817030,749396,0,24.3,,2026-09-04
2073,BRBR,Consumer Defensive,Packaged Foods,NYSE,3745473,10.72,67.44,-1,-15,-75.08,,,,,,,15,16,2,5,,0,0,0,0,0,0,1243013845.067728,116278194.0,0.1146,0.042,2805180,4489318,0,7.7,,2026-09-04
2074,PDYN,Technology,Software - Infrastructure,NASDAQ,861750,5.45,67.31,-8,10,-49.2,,,,,,,15,23,41,70,,0,0,0,0,0,0,284189828.89268875,49338510.0,0.1808,4.698,720080,1136836,0,44.7,,2026-09-04
2075,ZTS,Healthcare,Drug Manufacturers - Specialty & Generic,NYSE,6093553,76.17,67.22,5,4,-50.98,,,,,,,15,10,9,28,,0,0,0,0,0,0,31958711865.409973,413223602.0,0.046,-0.002,4444680,6177858,0,15.7,,2026-09-04
2076,BOXL,Technology,Consumer Electronics,NASDAQ,2660610,6.11,67.19,12,11,-98.33,,,,,,,15,3,2,1,,0,0,0,0,0,0,4371363.709870338,734683.0,0.3395,-0.16,61420,2163880,0,2.0,,2026-09-04
2077,QUBT,Technology,Computer Hardware,NASDAQ,8074826,7.84,66.82,-3,22,-69.66,,,,,,,15,18,43,17,,0,0,0,0,0,0,1844726830.8055248,226346861.0,0.32,90.0,7354630,9294530,0,26.0,,2026-09-04
2078,ZG,Communication Services,Internet Content & Information,NASDAQ,1250373,35.44,66.8,2,-2,-60.72,,,,,,,15,13,9,10,,0,0,0,0,0,0,8232672203.19278,224874954.0,0.18370001,0.179,780840,1205992,0,10.7,,2026-09-04
2079,AMSC,Industrials,Specialty Industrial Machinery,NASDAQ,759440,28.49,66.72,0,67,-59.58,,,,,,,15,15,82,41,,0,0,0,0,0,0,1380116642.9824734,48442143.0,0.0744,0.3,676970,763400,0,46.0,,2026-09-04
2080,ESAB,Industrials,Metal Fabrication,NYSE,709696,73.97,66.69,-7,-9,-46.17,,,,,,,15,22,20,33,,0,0,0,0,0,0,4749051976.772392,62135967.0,0.1005,0.129,758210,714128,0,25.0,,2026-09-04
2081,SOUN,Technology,Software - Application,NASDAQ,31982256,6.78,66.47,4,10,-69.42,,,,,,,15,11,17,15,,0,0,0,0,0,0,3157621050.1350613,444109844.0,0.3986,0.45,23805090,31446194,0,14.3,,2026-09-04
2082,PLNT,Consumer Cyclical,Leisure,NYSE,2073626,51.68,66.35,0,-7,-54.77,,,,,,,15,15,8,20,,0,0,0,0,0,0,4028179987.995224,75533093.0,0.1155,0.045,1600590,1902382,0,14.3,,2026-09-04
2083,LII,Industrials,Building Products & Equipment,NYSE,576876,374.0,66.04,-9,6,-36.32,,,,,,,14,23,38,34,,0,0,0,0,0,0,13595824444.509888,34560675.0,0.0636,0.03,459070,525932,0,31.7,,2026-09-04
2084,BILI,Communication Services,Internet Content & Information,NASDAQ,2560093,15.45,65.8,-3,-2,-57.55,,,,,,,14,17,18,64,,0,0,0,0,0,0,6947195858.64728,418505765.0,0.075,0.082,3503290,2435116,0,33.0,,2026-09-04
2085,AMRC,Industrials,Engineering & Construction,NYSE,775030,21.82,65.76,-9,40,-51.44,,,,,,,14,23,72,86,,0,0,0,0,0,0,1166925967.7441082,53066211.0,0.16620001,0.091,877880,664502,0,60.3,,2026-09-04
2086,SMPL,Consumer Defensive,Packaged Foods,NASDAQ,2129226,11.28,65.68,1,-2,-61.04,,,,,,,14,13,10,11,,0,0,0,0,0,0,966662419.5001144,88441207.0,0.1197,-0.063,1906300,2386858,0,11.3,,2026-09-04
2087,AAON,Industrials,Building Products & Equipment,NASDAQ,1197926,74.62,65.64,-25,25,-50.41,,,,,,,14,39,89,65,,0,0,0,0,0,0,6255757817.395683,82453639.0,0.0619,1.012,1030840,1130800,0,64.3,,2026-09-04
2088,ERII,Industrials,Pollution & Treatment Controls,NASDAQ,1020406,7.58,65.54,1,-1,-58.62,,,,,,,14,13,11,19,,0,0,0,0,0,0,396618677.7763963,51044875.0,0.0764,-0.572,1033690,911008,0,14.3,,2026-09-04
2089,BSX,Healthcare,Medical Devices,NYSE,20562046,48.37,65.24,1,-4,-55.83,,,,,,,14,13,8,18,,0,0,0,0,0,0,67881911218.97488,1449229526.0,0.0191,0.075,21369180,20078868,0,13.0,,2026-09-04
2090,NKE,Consumer Cyclical,Footwear & Accessories,NYSE,25210970,38.24,65.16,-6,-11,-50.32,,,,,,,14,20,15,26,,0,0,0,0,0,0,58643124247.14571,1480887033.0,0.0722,-0.011,26222310,25791266,0,20.3,,2026-09-04
2091,ORCL,Technology,Software - Infrastructure,NYSE,27216590,145.75,65.16,-2,56,-57.84,,,,,,,14,16,74,24,,0,0,0,0,0,0,434519067930.99976,2880471000.0,0.0278,0.206,19225380,32206394,0,38.0,,2026-09-04
2092,KLAR,Financial Services,Credit Services,NYSE,6396560,14.55,64.96,-20,-40,-69.36,,,,,,,14,34,14,5,,0,0,0,0,0,0,5369211429.080576,378113486.0,0.1153,0.266,7818210,5709652,0,17.7,,2026-09-04
2093,GOOS,Consumer Cyclical,Apparel Manufacturing,NYSE,843916,8.15,64.88,-1,6,-47.07,,,,,,,14,15,22,34,,0,0,0,0,0,0,804723395.8072605,97660609.0,0.1066,0.103,825830,714422,0,23.7,,2026-09-04
2094,Z,Communication Services,Internet Content & Information,NASDAQ,3718860,34.58,64.85,2,-1,-63.17,,,,,,,14,12,9,10,,0,0,0,0,0,0,8019040825.326805,224874954.0,0.0771,0.179,2940710,3699698,0,10.3,,2026-09-04
2095,FUBO,Communication Services,Broadcasting,NYSE,1497810,11.27,64.76,3,-4,-80.1,,,,,,,14,11,4,4,,0,0,0,0,0,0,311104058.86100864,30204277.0,0.2374,0.38,1124810,1511268,0,6.3,,2026-09-04
2096,PODD,Healthcare,Medical Devices,NASDAQ,1778303,148.14,64.65,2,-3,-58.26,,,,,,,14,12,7,26,,0,0,0,0,0,0,10065375239.51355,69354199.0,0.0602,0.235,1845240,1645270,0,15.0,,2026-09-04
2097,FLNC,Utilities,Utilities - Renewable,NASDAQ,7234546,10.56,64.51,-23,37,-68.49,,,,,,,14,37,97,96,,0,0,0,0,0,0,1557619853.8237724,143163588.0,0.3335,0.079,5626690,7691674,2,76.7,,2026-09-04
2098,QXO,Industrials,Industrial Distribution,NYSE,16707943,13.22,64.4,-7,-11,-52.12,,,,,,,14,21,17,60,,0,0,0,0,0,0,14026874860.605556,1037490709.0,0.0881,0.703,12263040,23138728,0,32.7,,2026-09-04
2099,WHR,Consumer Cyclical,"Furnishings, Fixtures & Appliances",NYSE,2320446,38.92,64.19,0,-6,-59.7,,,,,,,14,14,8,17,,0,0,0,0,0,0,2682954504.186356,65199378.0,0.0,-0.068,2233950,2349954,0,13.0,,2026-09-04
2100,LI,Consumer Cyclical,Auto Manufacturers,NASDAQ,2949520,12.01,64.15,0,2,-55.68,,,,,,,13,13,15,25,,0,0,0,0,0,0,11977158647.490055,979326173.0,0.0561,-0.151,2892260,3364346,0,17.7,,2026-09-04
2101,ZSTK,Financial Services,Asset Management,NASDAQ,947463,5.08,64.13,11,14,-89.19,,,,,,,13,2,5,7,,0,0,0,0,0,0,62406631.25983429,11535422.0,0.0015,0.407,373920,581430,0,4.7,,2026-09-04
2102,FVRR,Communication Services,Internet Content & Information,NYSE,828140,9.43,64.01,1,-1,-66.32,,,,,,,13,12,10,6,,0,0,0,0,0,0,340453403.75988007,35950728.0,0.0938,-0.1,462320,728396,0,9.3,,2026-09-04
2103,QDEL,Healthcare,Medical Devices,NASDAQ,1457750,13.95,63.87,-37,-77,-60.79,,,,,,,13,50,10,11,,0,0,0,0,0,0,1010801778.2843304,68575427.0,0.2975,0.028,1285530,1527664,0,23.7,,2026-09-04
2104,SRAD,Technology,Software - Application,NASDAQ,2558883,12.92,63.72,-2,-3,-59.18,,,,,,,13,15,14,26,,0,0,0,0,0,0,3829614382.093741,295951662.0,0.1337,0.189,1858890,2349930,0,18.3,,2026-09-04
2105,KTOS,Industrials,Aerospace & Defense,NASDAQ,3633706,47.78,63.39,-7,1,-64.34,,,,,,,13,20,28,94,,0,0,0,0,0,0,9751039168.0,187519984.0,0.051,0.305,2949850,4389156,1,47.3,,2026-09-04
2106,BBW,Consumer Cyclical,Specialty Retail,NYSE,671460,30.12,63.09,-6,-13,-60.29,,,,,,,13,19,12,28,,0,0,0,0,0,0,374242678.33265495,12537443.0,0.2759,-0.072,1406530,553722,0,19.7,,2026-09-04
2107,OI,Consumer Cyclical,Packaging & Containers,NYSE,3211140,7.07,62.84,0,-2,-58.19,,,,,,,13,13,11,26,,0,0,0,0,0,0,1135545509.8142104,153659747.0,0.12640001,-0.022,2878720,3334818,0,16.7,,2026-09-04
2108,EQPT,Industrials,Rental & Leasing Services,NASDAQ,2717266,17.81,62.68,-4,-9,-49.83,,,,,,,13,17,12,25,,0,0,0,0,0,0,4487288072.757378,253375963.0,0.1159,0.263,2241250,3039086,0,18.0,,2026-09-04
2109,XXI,Consumer Defensive,Education & Training Services,NYSE,1519373,5.74,62.51,8,10,-77.6,,,,,,,13,5,7,7,,0,0,0,0,0,0,3379857182.9367867,562372222.0,0.1457,,1609940,1476874,0,6.3,,2026-09-04
2110,PNR,Industrials,Specialty Industrial Machinery,NYSE,3699053,59.84,62.29,-5,-6,-47.49,,,,,,,13,18,17,32,,0,0,0,0,0,0,9966213417.561417,161605541.0,0.0541,-0.17,5246790,3567308,0,22.3,,2026-09-04
2111,TSSI,Technology,Information Technology Services,NASDAQ,880933,7.82,62.17,-2,49,-64.08,,,,,,,13,15,66,74,,0,0,0,0,0,0,229985409.73527908,28219070.0,0.15630001,-0.201,773900,864626,0,51.7,,2026-09-04
2112,XPON,Industrials,Electrical Equipment & Parts,NASDAQ,5240860,6.08,62.07,10,14,-75.28,,,,,,,13,3,7,12,,0,0,0,0,0,0,7096507.15862608,953191.0,0.0216,-0.321,14270820,3150988,0,7.3,,2026-09-04
2113,ROL,Consumer Cyclical,Personal Services,NYSE,5602753,35.71,61.91,-1,8,-46.01,,,,,,,12,13,22,45,,0,0,0,0,0,0,17504070311.438736,481145404.0,0.045100003,0.079,4095630,5346138,0,26.7,,2026-09-04
2114,BLDR,Industrials,Building Products & Equipment,NYSE,2178013,63.09,61.37,-6,-11,-58.23,,,,,,,12,18,13,19,,0,0,0,0,0,0,7286432199.383331,107596457.0,0.0806,-0.088,2078430,2211928,0,16.7,,2026-09-04
2115,ONON,Consumer Cyclical,Footwear & Accessories,NYSE,8036353,27.8,61.22,-23,-36,-45.58,,,,,,,12,35,22,24,,0,0,0,0,0,0,9642094309.042791,334214703.0,0.0689,0.135,6911940,6537834,0,27.0,,2026-09-04
2116,ADTN,Technology,Communication Equipment,NASDAQ,2249763,7.52,61.09,-4,73,-62.36,,,,,,,12,16,93,71,,0,0,0,0,0,0,629036444.9445205,81481407.0,0.16450001,0.061,1491150,2109224,1,60.0,,2026-09-04
2117,VNET,Technology,Information Technology Services,NASDAQ,4979196,6.07,60.49,-8,28,-58.08,,,,,,,12,20,56,81,,0,0,0,0,0,0,1864730315.9506216,284691643.0,0.24159999,0.142,5153740,4650616,0,52.3,,2026-09-04
2118,MPLT,Healthcare,Biotechnology,NASDAQ,1209916,13.06,60.48,0,79,-67.7,,,,,,,12,12,91,48,,0,0,0,0,0,0,584360700.8917389,46377832.0,0.14050001,,624330,964544,1,50.3,,2026-09-04
2119,PSN,Technology,Information Technology Services,NYSE,1711453,45.37,60.36,-6,5,-49.31,,,,,,,12,18,29,29,,0,0,0,0,0,0,5233464306.0,106805394.0,0.144,-0.005,1026290,1445070,0,25.3,,2026-09-04
2120,CSGP,Real Estate,Real Estate Services,NASDAQ,7591763,31.26,60.31,1,-2,-65.98,,,,,,,12,11,8,11,,0,0,0,0,0,0,13055466779.985962,405197588.0,0.041500002,0.184,8065280,7243444,0,10.0,,2026-09-04
2121,AIRO,Industrials,Aerospace & Defense,NASDAQ,505096,6.88,60.26,-4,-9,-69.42,,,,,,,12,16,11,17,,0,0,0,0,0,0,244873923.14257625,31555917.0,0.1201,0.759,387980,493130,0,14.7,,2026-09-04
2122,KRMN,Industrials,Aerospace & Defense,NYSE,2515440,40.42,60.01,-9,-14,-65.86,,,,,,,12,21,16,96,,0,0,0,0,0,0,6039561033.113922,132533708.0,0.0967,0.582,2445280,3153064,1,44.3,,2026-09-04
2123,DKS,Consumer Cyclical,Specialty Retail,NYSE,3823580,137.34,59.98,-20,7,-43.8,,,,,,,11,31,58,41,,0,0,0,0,0,0,12090897395.56192,89502537.0,0.1254,0.532,8698870,2756096,0,43.3,,2026-09-04
2124,RBLX,Communication Services,Electronic Gaming & Multimedia,NYSE,14089140,41.21,59.63,2,0,-70.98,,,,,,,11,9,7,14,,0,0,0,0,0,0,27524904134.689056,714375941.0,0.0215,0.359,10401960,11776636,0,10.0,,2026-09-04
2125,COLL,Healthcare,Drug Manufacturers - Specialty & Generic,NASDAQ,749773,24.3,59.45,-24,-29,-52.15,,,,,,,11,35,30,38,,0,0,0,0,0,0,785829554.3752537,30999193.0,0.2394,0.063,819400,637952,0,34.3,,2026-09-04
2126,TME,Communication Services,Internet Content & Information,NYSE,10547143,8.39,59.29,-3,-9,-68.58,,,,,,,11,14,8,24,,0,0,0,0,0,0,14026039782.205448,1638555969.0,0.0558,0.058,11655510,8668254,0,15.3,,2026-09-04
2127,AVAV,Industrials,Aerospace & Defense,NASDAQ,1191316,145.39,59.03,-6,0,-65.21,,,,,,,11,17,23,67,,0,0,0,0,0,0,7518697787.17865,50822615.0,0.0955,1.333,1219900,1700576,0,35.7,,2026-09-04
2128,PLAY,Communication Services,Entertainment,NASDAQ,1426236,9.34,58.52,-5,-10,-63.01,,,,,,,11,16,11,12,,0,0,0,0,0,0,327013710.3291664,34788694.0,0.3101,-0.015,1566190,1459378,0,13.0,,2026-09-04
2129,STLA,Consumer Cyclical,Auto Manufacturers,NYSE,22322816,5.27,58.45,-1,11,-56.87,,,,,,,11,12,24,13,,0,0,0,0,0,0,20418895662.824,3767323870.0,0.045100003,0.131,21468410,20585524,0,16.3,,2026-09-04
2130,PCT,Industrials,Pollution & Treatment Controls,NASDAQ,3928336,6.33,58.29,-5,68,-59.13,,,,,,,11,16,89,11,,0,0,0,0,0,0,1305881265.0,200904810.0,0.3814,1.735,3021270,4197468,0,38.7,,2026-09-04
2131,PZZA,Consumer Cyclical,Restaurants,NASDAQ,1572516,22.63,57.94,-11,-10,-59.4,,,,,,,11,22,23,27,,0,0,0,0,0,0,780435749.4879799,32902014.0,0.22790001,-0.088,1007170,1253060,0,24.0,,2026-09-04
2132,AHCO,Healthcare,Medical Devices,NASDAQ,3633650,6.04,57.85,-1,38,-55.03,,,,,,,11,12,51,51,,0,0,0,0,0,0,772439037.1008444,133409161.0,0.0758,0.127,2536040,2760084,0,38.0,,2026-09-04
2133,UPB,Healthcare,Biotechnology,NASDAQ,595920,6.48,57.78,3,4,-80.76,,,,,,,10,7,8,12,,0,0,0,0,0,0,366418267.4240241,54771041.0,0.11270001,-0.175,522030,569088,0,9.0,,2026-09-04
2134,ALIT,Technology,Software - Application,NYSE,531076,14.16,57.51,3,1,-82.92,,,,,,,10,7,5,3,,0,0,0,0,0,0,373873357.0672493,26667143.0,0.035,-0.032,429650,800659,0,5.0,,2026-09-04
2135,UTI,Consumer Defensive,Education & Training Services,NYSE,1688733,20.92,57.26,-74,-72,-59.25,,,,,,,10,84,86,84,,0,0,0,0,0,0,1174079343.1859722,55095231.0,0.1018,0.072,1828760,1411604,0,84.7,,2026-09-04
2136,CPRI,Consumer Cyclical,Luxury Goods,NYSE,4073906,12.71,57.14,-12,5,-55.04,,,,,,,10,22,39,28,,0,0,0,0,0,0,1549747431.0,114796106.0,0.084,-0.035,3802770,3758622,0,29.7,,2026-09-04
2137,QS,Consumer Cyclical,Auto Parts,NASDAQ,21054150,5.45,57.13,-1,52,-71.42,,,,,,,10,11,64,46,,0,0,0,0,0,0,3450963958.4907284,615145076.0,0.1927,,17217470,22354606,0,40.3,,2026-09-04
2138,SMR,Industrials,Specialty Industrial Machinery,NYSE,32700496,9.56,56.84,3,5,-83.35,,,,,,,10,7,9,8,,0,0,0,0,0,0,3812518643.724882,410389522.0,0.184,-0.991,36671020,30872242,0,8.0,,2026-09-04
2139,NNE,Industrials,Specialty Industrial Machinery,NASDAQ,1851503,17.59,56.78,1,23,-71.1,,,,,,,10,9,31,19,,0,0,0,0,0,0,964955646.7484092,53698146.0,0.3402,,1538220,2085280,0,19.7,,2026-09-04
2140,XPEV,Consumer Cyclical,Auto Manufacturers,NYSE,7322103,11.08,56.6,-3,6,-60.76,,,,,,,10,13,22,41,,0,0,0,0,0,0,11029524171.631948,956593619.0,0.059699997,0.08,9216050,7275748,0,25.3,,2026-09-04
2141,SPRY,Healthcare,Biotechnology,NASDAQ,2043413,5.82,56.47,2,22,-55.74,,,,,,,10,8,28,20,,0,0,0,0,0,0,585744836.9923472,99447343.0,0.3328,1.142,1511630,2169254,0,18.7,,2026-09-04
2142,VITL,Consumer Defensive,Farm Products,NASDAQ,1437793,10.12,56.43,-2,-10,-80.83,,,,,,,10,12,4,8,,0,0,0,0,0,0,463231120.7422924,42931522.0,0.28100002,-0.101,1329060,1607382,0,8.0,,2026-09-04
2143,RUN,Technology,Solar,NASDAQ,8862983,8.96,54.75,-9,33,-60.07,,,,,,,9,18,60,61,,0,0,0,0,0,0,2094462676.160468,238549287.0,0.3234,0.528,6652320,10405732,0,46.3,,2026-09-04
2144,APTV,Consumer Cyclical,Auto Parts,NYSE,4918556,45.03,54.74,-6,13,-49.36,,,,,,,9,15,34,39,,0,0,0,0,0,0,9499224893.25,207633331.0,0.0616,0.023,5952500,3930878,0,29.3,,2026-09-04
2145,LTBR,Industrials,Electrical Equipment & Parts,NASDAQ,811190,7.57,54.55,-1,2,-75.85,,,,,,,9,10,13,33,,0,0,0,0,0,0,282808594.19456387,37458091.0,0.1346,,598010,817428,0,18.7,,2026-09-04
2146,PONY,Technology,Information Technology Services,NASDAQ,3980670,7.03,54.32,-2,-1,-71.79,,,,,,,9,11,12,31,,0,0,0,0,0,0,3292855168.5568714,434413615.0,0.062,0.688,4366500,3769692,0,18.0,,2026-09-04
2147,DQ,Technology,Semiconductor Equipment & Materials,NYSE,1096490,12.88,54.11,-1,3,-64.8,,,,,,,9,10,14,56,,0,0,0,0,0,0,925672774.8100662,67666137.0,0.099,-0.167,1197420,962748,0,26.7,,2026-09-04
2148,JOBY,Industrials,Airports & Air Services,NYSE,30652760,6.82,53.74,-2,18,-65.87,,,,,,,9,11,31,35,,0,0,0,0,0,0,6904087193.126047,989124237.0,0.15439999,2574.933,22615350,39624424,0,25.7,,2026-09-04
2149,PRIM,Industrials,Engineering & Construction,NYSE,1189493,74.24,53.67,-6,43,-63.87,,,,,,,9,15,64,87,,0,0,0,0,0,0,3967120996.2156296,54254935.0,0.115,-0.107,1031970,1501842,0,55.3,,2026-09-04
2150,SDOT,Consumer Defensive,Farm Products,NASDAQ,1982980,13.22,53.5,-8,-23,-94.92,,,,,,,9,17,2,5,,0,0,0,0,0,0,21109554.612983704,1454828.0,0.0507,,5543240,3572446,0,8.0,,2026-09-04
2151,MNSO,Consumer Cyclical,Specialty Retail,NYSE,868606,9.62,53.38,-6,-6,-62.89,,,,,,,9,15,15,27,,0,0,0,0,0,0,3083511144.236212,298500597.0,0.024500001,0.285,1205740,785876,0,19.0,,2026-09-04
2152,IMSR,Utilities,Utilities - Regulated Electric,NASDAQ,1530580,5.09,53.08,0,16,-83.84,,,,,,,9,9,25,14,,0,0,0,0,0,0,540269846.4972258,105935266.0,0.1289,,1044530,1682274,0,16.0,,2026-09-04
2153,APP,Communication Services,Advertising Agencies,NASDAQ,6421346,319.05,53.05,-22,12,-57.21,,,,,,,9,31,65,43,,0,0,0,0,0,0,106748145473.61938,335939521.0,0.039100002,0.528,4560930,6049604,0,46.3,,2026-09-04
2154,JKS,Technology,Solar,NYSE,696593,12.46,52.52,-7,4,-60.92,,,,,,,8,15,26,74,,0,0,0,0,0,0,709092343.5222359,52370188.0,0.067600004,-0.313,955280,702830,0,38.3,,2026-09-04
2155,MNST,Consumer Defensive,Beverages - Non-Alcoholic,NASDAQ,8425930,44.42,52.03,-75,-77,-55.73,,,,,,,8,83,81,78,,0,0,0,0,0,0,91801166856.7503,1959051764.0,0.0274,0.202,8922450,7682886,0,80.7,,2026-09-04
2156,STUB,Communication Services,Internet Content & Information,NYSE,6306056,6.18,51.84,-15,-13,-77.84,,,,,,,8,23,25,6,,0,0,0,0,0,0,2502689350.1778774,382089966.0,0.1107,0.332,5761930,7145914,0,18.0,,2026-09-04
2157,OKLO,Utilities,Utilities - Independent Power Producers,NYSE,9529733,39.52,51.43,0,22,-79.61,,,,,,,8,8,30,53,,0,0,0,0,0,0,7466748357.463837,186017650.0,0.1586,,9498430,9510326,0,30.3,,2026-09-04
2158,WING,Consumer Cyclical,Restaurants,NASDAQ,1285120,113.15,51.38,-3,-6,-65.76,,,,,,,8,11,8,20,,0,0,0,0,0,0,3094208424.562592,27242546.0,0.15720001,0.064,1072950,1238638,0,13.0,,2026-09-04
2159,QFIN,Financial Services,Credit Services,NASDAQ,2321780,8.55,45.82,-12,-13,-73.85,,,,,,,7,19,18,9,,0,0,0,0,0,0,1069929032.7900867,121582842.0,0.0321,-0.316,4633050,1921340,0,15.3,,2026-09-04
2160,TTD,Communication Services,Advertising Agencies,NASDAQ,26285166,14.55,45.66,-3,-6,-74.2,,,,,,,7,10,7,10,,0,0,0,0,0,0,6376274089.183945,469880194.0,0.2301,0.03,16265380,21355690,0,9.0,,2026-09-04
2161,LENZ,Healthcare,Biotechnology,NASDAQ,766223,5.8,44.67,2,1,-88.49,,,,,,,6,4,3,6,,0,0,0,0,0,0,160557956.92506838,31420343.0,0.5861,0.097,605730,914202,0,4.3,,2026-09-04
2162,CCOI,Communication Services,Telecom Services,NASDAQ,1698900,10.22,44.32,-2,1,-77.63,,,,,,,6,8,11,11,,0,0,0,0,0,0,485525153.83529663,51215736.0,0.1826,-0.042,1652320,1589230,0,10.0,,2026-09-04
2163,BETR,Financial Services,Mortgage Finance,NASDAQ,758463,12.3,37.95,-5,37,-86.92,,,,,,,5,10,52,94,,0,0,0,0,0,0,263130326.39738277,18998579.0,0.26549998,0.282,710110,574660,1,52.0,,2026-09-04
2164,WSHP,Communication Services,Internet Content & Information,NASDAQ,520670,5.19,37.2,2,1,-97.92,,,,,,,5,3,2,5,,0,0,0,0,0,0,61685271.835178375,11660732.0,0.2485,-0.807,1429560,598842,0,3.3,,2026-09-04
2165,ABTC,Financial Services,Capital Markets,NASDAQ,1553200,7.87,34.63,2,5,-96.39,,,,,,,4,2,5,8,,0,0,0,0,0,0,559983597.1367774,72819713.0,0.1496,1.213,1961090,1660836,0,5.0,,2026-09-04
2166,SSTK,Communication Services,Internet Content & Information,NYSE,1244770,5.75,33.12,0,16,-80.51,,,,,,,4,4,20,31,,0,0,0,0,0,0,220577665.7280674,36947684.0,0.101,-0.169,970430,1212142,0,18.3,,2026-09-04
2167,YSS,Industrials,Aerospace & Defense,NYSE,3076956,8.67,26.97,-2,49,-80.53,,,,,,,3,5,56,12,,0,0,0,0,0,0,1232097753.5284376,137357605.0,0.0784,0.104,2770310,2299722,0,24.3,,2026-09-04
2168,SION,Healthcare,Biotechnology,NASDAQ,3319853,7.31,19.74,-88,-102,-86.7,,,,,,,2,90,76,91,,0,0,0,0,0,0,265032431.9329548,45150330.0,0.1524,,1429270,2229066,2,85.7,,2026-09-04
2169,DFNS,Industrials,Aerospace & Defense,NASDAQ,6453123,9.26,8.81,-5,-10,-89.82,,,,,,,0,5,0,1,,0,0,0,0,0,0,12317933.625979424,1010495.0,0.1851,,2143360,4423868,0,2.0,,2026-09-04
